0.155322,-1.391322,-0.051353,5.360425,2.545632,3.210645
0.174157,-1.309628,-0.066990,6.121193,10.131058,3.632213
0.136238,-1.242565,-0.051405,4.411991,1.239882,2.326626
0.112510,-1.184508,-0.032115,4.540259,0.481441,0.101840
0.081868,-1.104456,-0.037206,3.750491,0.176106,-1.245573
0.030087,-1.024227,-0.048694,3.543402,-0.247102,-3.557564
-0.002458,-0.906761,-0.033300,3.042630,-1.775521,-3.845459
-0.020485,-0.804300,-0.047811,1.668647,-1.981671,-4.564945
-0.015299,-0.750757,-0.020042,2.465206,-1.920611,-5.010195
-0.021086,-0.689047,-0.026114,1.360049,-2.241548,-5.770717
-0.041447,-0.626589,-0.031481,1.415151,-1.004660,-7.840198
-0.040413,-0.540763,-0.029196,1.704248,-1.380158,-8.810284
-0.047020,-0.474851,-0.041279,1.193041,-0.850517,-9.868786
-0.049246,-0.431063,-0.025537,2.320483,0.221945,-9.821641
-0.065402,-0.404318,-0.018292,2.011832,-0.735040,-9.061275
-0.066311,-0.383612,-0.029535,1.847458,0.536842,-9.944044
-0.073241,-0.368559,0.006191,3.809932,0.368876,-10.805695
-0.062582,-0.336569,-0.022819,3.047399,0.505232,-10.253021
-0.073825,-0.329705,-0.010355,3.566874,0.379502,-10.767406
-0.066781,-0.334074,0.006887,4.462238,0.886615,-9.966527
-0.058755,-0.371868,-0.010247,4.242157,1.133428,-9.406306
-0.039067,-0.401128,0.019538,5.242585,0.303342,-8.560023
-0.022182,-0.423350,-0.003088,4.131910,-0.507489,-6.987547
-0.015063,-0.453509,0.003864,4.425432,-0.817823,-5.947801
-0.006538,-0.483044,0.013922,4.189559,-1.704856,-4.457245
0.016505,-0.523563,-0.009259,3.339441,0.115794,-3.118889
0.044760,-0.556147,0.024389,3.053471,-0.990486,-2.110700
0.078037,-0.584298,0.019692,1.298647,-0.984115,-1.463733
0.092208,-0.628220,0.023277,1.488280,-0.518583,-0.472492
0.104175,-0.644196,0.016886,0.453823,-1.141728,1.497845
0.111876,-0.675638,0.010859,-0.506224,-0.257600,3.199400
0.114207,-0.720286,0.023743,0.420336,-0.054312,3.931863
0.130615,-0.749614,0.013124,-0.406677,0.077357,5.491879
0.101523,-0.791223,0.013344,-0.406021,-0.052349,5.684923
0.082459,-0.787034,0.019242,-0.044007,-0.515681,7.667946
0.038468,-0.804789,0.017995,-0.126393,-0.863538,7.742374
0.025052,-0.825134,0.050514,1.091198,-0.482575,8.356161
0.009310,-0.826916,0.026103,1.194657,-1.131119,9.139758
-0.019172,-0.846469,0.034447,1.863270,-0.761053,8.487284
-0.038765,-0.839245,0.030422,2.968141,-0.490643,9.606132
-0.072407,-0.817715,0.014421,2.852711,0.075108,9.794533
-0.078755,-0.777404,0.044616,3.742560,-0.655086,10.139914
-0.096493,-0.740883,0.023753,2.906848,-0.078034,9.888938
-0.114967,-0.702393,0.041176,3.065433,-0.411772,8.726488
-0.132731,-0.639610,0.033790,2.007070,0.260829,8.689497
-0.162746,-0.576019,0.037565,2.050818,-0.278558,7.404056
-0.163160,-0.476591,0.041008,1.029054,-1.633142,7.417986
-0.167197,-0.400632,0.002108,-0.015326,0.571465,6.169729
-0.161925,-0.320636,0.038418,-0.068488,-0.570314,5.702129
-0.155630,-0.225809,0.018711,-1.730029,-0.638583,4.862782
-0.159552,-0.133215,0.033606,-1.476011,-0.158263,3.831976
-0.149262,-0.021307,0.002039,-2.366165,-0.607997,3.998382
-0.132013,0.081283,0.008145,-3.075871,-0.760588,2.848257
-0.115679,0.176089,0.027078,-2.196962,-1.504766,1.273759
-0.103295,0.271979,-0.003866,-2.895140,-0.191758,0.044005
-0.104923,0.356542,0.036721,-2.414204,-0.927073,-1.914499
-0.079572,0.469940,0.003191,-2.571275,-1.151710,-2.284129
-0.053697,0.563014,-0.006219,-1.228184,0.092977,-3.745550
-0.037341,0.650290,0.011811,-0.797942,-0.970319,-4.101351
-0.042898,0.717685,-0.027532,-0.453496,-0.025952,-5.104665
-0.031094,0.774262,-0.008048,0.727850,-0.474894,-4.962730
-0.035972,0.808218,-0.034681,0.662175,-0.729126,-5.834697
-0.048711,0.846265,-0.028389,1.588827,0.037737,-5.885385
-0.047280,0.881722,-0.020262,1.786978,-0.722348,-5.664363
-0.060804,0.913768,-0.017770,0.781925,-0.461322,-5.538981
-0.073221,0.929557,0.002768,1.564501,-0.356894,-5.701396
-0.071025,0.933502,-0.017291,0.090795,-0.610666,-5.737365
-0.070300,0.917199,-0.003948,0.477387,0.865922,-6.142887
-0.070136,0.932367,-0.030995,-0.916717,-0.035717,-4.983018
-0.076549,0.915525,-0.036031,-1.721150,0.412959,-5.101422
-0.095351,0.891556,-0.015194,-2.301666,-0.063726,-4.210749
-0.095272,0.866423,-0.022330,-3.468707,0.537308,-4.232846
-0.093753,0.831576,0.005437,-3.824455,-0.771991,-3.766207
-0.088337,0.800813,-0.032794,-4.620639,-0.349535,-3.443346
-0.079678,0.734757,-0.024230,-3.675123,0.053230,-4.207533
-0.075122,0.679136,-0.034596,-3.874735,-0.809250,-3.003120
-0.089147,0.603424,-0.023186,-3.932325,-0.470680,-3.022387
-0.067949,0.535178,-0.002960,-3.328878,-1.144512,-1.753993
-0.066741,0.458668,-0.038066,-2.980011,-0.334609,-0.710117
-0.078476,0.376082,-0.021404,-1.040546,-0.933969,-0.359683
-0.091806,0.302092,-0.037829,-0.663155,-1.046570,-0.786997
-0.108041,0.221321,-0.008849,0.495326,-1.132908,-1.449835
-0.107837,0.156779,-0.007664,0.756244,-1.298862,-1.716664
-0.104440,0.073270,-0.018433,1.812030,-0.208951,-1.988741
-0.104936,-0.007008,0.004869,2.400847,-0.504948,-0.518680
-0.100117,-0.091695,-0.014258,1.956234,0.294060,0.124104
-0.107365,-0.172926,0.005410,2.987136,-0.339103,0.531850
-0.076625,-0.225143,-0.008639,1.878861,-0.458019,2.056058
-0.074163,-0.297813,-0.007161,1.954101,0.579553,1.387544
-0.068602,-0.348812,0.004993,2.187200,0.186248,1.823725
-0.059664,-0.412915,-0.000551,0.665488,0.113637,1.426220
-0.027135,-0.448116,0.002525,0.914231,0.385952,2.231570
-0.001910,-0.482171,-0.022047,-0.696917,0.006830,2.495840
0.007573,-0.538744,0.020473,-0.133293,-0.941292,2.360103
0.026516,-0.555284,-0.035358,-1.464801,-0.433364,2.819110
0.042377,-0.595983,-0.008576,-0.921741,-1.028346,2.863811
0.072070,-0.625479,-0.017005,-1.480839,-0.793999,3.152318
0.105607,-0.651443,-0.025294,-0.460385,-0.305320,2.737101
0.137285,-0.680102,-0.014878,0.133008,-0.552333,3.078813
0.161050,-0.694082,-0.029777,-0.030549,0.197162,3.495392
0.167448,-0.731725,-0.010473,1.562181,0.392103,3.279194
0.196235,-0.732359,-0.027227,1.620034,-0.716038,4.322712
0.208193,-0.745777,-0.020859,2.574177,0.958406,3.428491
0.214180,-0.757171,0.008453,3.768190,0.173384,3.473841
0.217311,-0.763949,0.008325,3.552159,0.328263,3.518587
0.215191,-0.761349,0.016817,4.659411,0.750102,3.133150
0.218476,-0.733498,-0.011996,4.133683,1.256021,4.367370
0.203295,-0.720985,0.013836,4.299459,0.199112,3.207037
0.203266,-0.694594,0.007606,4.106901,0.618329,2.897460
0.196313,-0.667901,-0.011599,2.711176,1.135835,2.038724
0.167983,-0.648016,0.013127,3.169719,0.042875,0.896428
0.149850,-0.595314,-0.016756,1.743559,0.969582,1.011624
0.112395,-0.569947,0.005509,1.250750,-0.469488,0.178327
0.104638,-0.517776,0.017309,0.019869,-0.472803,0.416933
0.082439,-0.482309,0.032835,0.023798,-0.198762,-0.070533
0.060453,-0.430844,0.034424,-1.092875,-1.008828,0.343507
0.025315,-0.405720,0.000533,-1.282928,0.436065,-0.964169
0.018435,-0.350447,0.025765,-1.238815,-0.404105,-1.201973
-0.001936,-0.319293,-0.008376,-1.487374,0.190171,-1.498919
-0.022865,-0.291330,0.018087,-0.168589,-0.452183,-2.285090
-0.029371,-0.256969,0.015996,-0.550852,-0.239382,-1.619005
-0.058440,-0.238125,0.032934,0.200209,-0.118319,-3.235476
-0.057836,-0.198555,0.046867,0.537374,-0.528867,-3.558055
-0.050060,-0.168685,0.028765,1.478101,1.668896,-4.187135
-0.068973,-0.166656,0.036469,3.078372,-0.021905,-5.250419
-0.075676,-0.144316,0.030386,3.152936,-0.084409,-5.951574
-0.076782,-0.145905,0.031532,3.502571,-0.200138,-6.806738
-0.051527,-0.135716,0.051361,3.737735,-0.505884,-6.094370
-0.028038,-0.126079,0.029510,3.334340,0.066734,-5.698681
0.006972,-0.138329,0.053137,4.138632,-0.895781,-5.463592
0.049841,-0.137420,0.015944,2.889211,0.530060,-4.510630
0.087185,-0.148603,0.021150,3.276936,0.826622,-4.424978
0.133455,-0.142655,0.017726,1.770091,0.560055,-2.740560
0.163601,-0.153609,0.016964,1.644452,1.751984,-2.637527
0.194876,-0.157223,0.040175,0.354710,-0.036160,-1.587596
0.205566,-0.179530,0.009461,-0.426077,0.556481,-1.001867
0.217695,-0.204792,0.021386,-0.362207,0.122165,-1.396130
0.226965,-0.202281,0.021954,-2.023098,-0.844831,-0.599616
0.222097,-0.218424,0.043460,-1.617608,-0.753406,-0.550245
0.231780,-0.216760,0.038336,-2.649745,-1.628878,1.778481
0.227362,-0.240984,0.018717,-2.445246,-0.405067,1.915799
0.238493,-0.242159,0.036610,-1.557241,-0.326695,3.016893
0.226292,-0.257672,0.008158,-1.435578,-0.142557,3.485291
0.183965,-0.267723,0.000657,-0.171846,-0.194653,3.756692
0.152742,-0.267972,0.026572,-0.483024,-0.496581,4.716906
0.101477,-0.261266,0.031063,-0.078083,-0.242753,4.036768
0.064093,-0.258926,0.041957,1.391097,0.310124,3.845581
0.023250,-0.242615,0.017618,1.552065,0.610228,3.796419
-0.045681,-0.238309,0.051486,2.180136,0.041765,3.020058
-0.087092,-0.205077,0.050665,2.008983,-1.525760,3.606075
-0.110975,-0.185245,0.024721,2.479580,0.628786,3.279005
-0.132439,-0.149466,0.054565,2.190535,-0.925310,3.384889
-0.147296,-0.123935,0.012382,1.536325,1.189397,3.140632
-0.167256,-0.102389,0.027583,2.272451,0.797274,2.339562
-0.172459,-0.052276,0.035228,0.310420,-0.512691,2.705163
-0.192531,-0.014748,0.021859,-0.102186,0.621920,2.498333
-0.183110,0.036838,0.038711,-1.007013,-0.232089,2.665871
-0.176355,0.098282,0.017897,-2.185231,-0.575192,2.448156
-0.162057,0.154534,0.027173,-2.219595,0.002921,1.678007
-0.138440,0.223202,0.014339,-3.536220,-0.173655,2.491914
-0.117537,0.279811,0.011772,-3.872089,-0.482565,1.274949
-0.080478,0.337940,0.012957,-3.798789,-0.683089,0.819799
-0.041618,0.390548,0.002988,-3.992771,0.226290,0.092345
-0.002767,0.450912,0.020102,-3.455889,-1.410021,-0.046426
0.026437,0.508358,0.008414,-3.999523,0.033792,-0.380395
0.066210,0.553659,0.023037,-2.414175,0.166438,-0.844548
0.117997,0.612040,0.019410,-2.389327,-0.486849,-0.411683
0.148777,0.651534,-0.015775,-1.426870,1.211780,-1.604206
0.188672,0.707303,-0.006085,-0.574969,0.482770,-1.303647
0.199438,0.744099,-0.026124,-0.511230,0.423890,-1.989545
0.209902,0.782428,0.012776,0.353045,0.349598,-1.836574
0.232705,0.830122,-0.027788,-0.362884,0.768752,-2.304138
0.241296,0.863764,0.005020,0.349707,0.177562,-2.632523
0.211583,0.904134,-0.008891,-0.397678,-0.366538,-2.902324
0.189587,0.946714,0.007639,-0.767605,-0.296271,-3.446347
0.181660,0.986652,0.009136,-1.255766,0.750302,-3.203940
0.157068,1.025752,-0.036789,-2.398055,0.036309,-3.667529
0.133290,1.037395,0.004875,-2.666863,-0.446426,-4.576745
0.099186,1.057772,-0.029114,-3.662246,0.050581,-3.842872
0.056882,1.043868,-0.026938,-3.370704,-0.251397,-4.344980
0.020309,1.049110,-0.008195,-4.394581,-1.075443,-3.306591
-0.026752,1.037736,-0.037324,-5.009064,0.536070,-3.160602
-0.068288,0.998262,-0.005826,-4.257855,0.053092,-2.565509
-0.091018,0.985601,-0.016644,-4.645717,0.820336,-2.052976
-0.141634,0.931631,-0.004995,-3.024091,1.205359,-1.967896
-0.178505,0.910562,-0.016149,-3.515114,0.287810,-0.517632
-0.210273,0.857137,-0.032843,-3.077395,0.342633,-0.176304
-0.230473,0.806387,0.004964,-1.425829,0.347297,0.185168
-0.243140,0.768823,-0.020843,-1.916698,-0.041547,0.580879
-0.266606,0.710924,0.017916,-1.260086,-0.002768,0.164653
-0.258321,0.677151,0.007747,-0.720181,-0.142600,0.625173
-0.248221,0.635634,0.010646,-0.954957,-0.521554,-0.127381
-0.229307,0.584989,0.023306,-0.333145,-0.489422,-0.107840
-0.192331,0.553232,0.001642,-0.680775,-0.189303,-0.117719
-0.172925,0.508663,0.001386,-0.938335,0.186067,-0.177508
-0.149436,0.477972,0.021708,-1.017645,-1.819614,0.337731
-0.107906,0.449339,-0.021095,-2.011108,-0.151998,0.554045
-0.078762,0.415973,-0.015715,-1.029600,-0.136111,-0.047534
-0.037255,0.394299,-0.002944,-2.591505,-0.636581,0.837659
-0.022524,0.335531,-0.009121,-2.617462,-0.032005,0.753817
0.007340,0.301374,-0.002651,-2.160892,-0.517293,1.853297
0.039744,0.268090,-0.007477,-3.150918,-0.397809,2.734938
0.064402,0.231136,0.023267,-2.209816,-0.608184,3.241567
0.092352,0.225959,-0.012298,-2.867988,0.564477,4.466616
0.084162,0.199523,0.011043,-2.749439,-0.347102,4.193137
0.099577,0.189669,0.009796,-1.906972,-0.157574,3.943383
0.092644,0.177911,0.007567,-2.420145,-0.717946,3.410709
0.091367,0.166446,0.031010,-1.636046,-0.383587,2.647453
0.085869,0.182644,0.004311,-1.562067,-0.001813,2.855172
0.071292,0.167105,-0.011110,-0.769939,0.698184,2.686662
0.037184,0.157603,0.031657,0.014485,-1.725057,3.280271
0.008233,0.161141,-0.004562,-0.366770,-0.323446,3.365085
-0.042724,0.157754,0.005043,1.056882,-0.780804,3.320210
-0.092354,0.162960,-0.001736,0.625130,-1.729567,4.056631
-0.156578,0.176723,0.012172,-0.247621,-1.340916,3.182303
-0.211608,0.189758,0.026139,0.245808,-1.852199,2.650550
-0.251966,0.217707,0.018337,-0.783170,-0.610305,1.995233
-0.314634,0.244814,0.023349,-0.833782,-1.415441,1.063951
-0.364888,0.282749,0.026523,-1.638856,-0.915978,0.740991
-0.410347,0.319558,0.027117,-2.438931,-0.092700,-0.277528
-0.427649,0.365325,0.052520,-2.264774,-0.642568,-0.726245
-0.450491,0.398951,0.014933,-3.414274,-0.092221,-1.647593
-0.459974,0.431276,0.040434,-2.820242,0.240175,-2.614827
-0.448180,0.462325,0.018533,-3.398791,0.229829,-2.188418
-0.447373,0.482200,0.009563,-3.114004,0.963043,-2.710619
-0.412861,0.508604,0.034732,-2.669594,0.042191,-2.017128
-0.388814,0.520053,0.016055,-2.546995,-0.372154,-2.589739
-0.353682,0.533196,0.051975,-1.542976,0.182059,-3.182482
-0.292251,0.571893,0.029359,-1.807977,-0.540241,-2.410557
-0.243176,0.576954,0.047882,-1.384825,-0.655488,-3.056225
-0.189370,0.602140,0.013623,-0.652612,-0.831219,-3.160491
-0.127279,0.625679,0.012527,-0.340324,-0.964608,-3.661466
-0.086738,0.617177,0.062393,0.120918,-1.243874,-4.082362
-0.034921,0.627254,-0.002057,-0.388123,0.189058,-4.331423
-0.010064,0.610274,0.024041,-0.004803,-1.512210,-5.057150
0.028229,0.616012,0.026434,-0.812696,-1.600206,-4.681553
0.050327,0.610084,0.040785,-0.235000,-1.141039,-5.115773
0.092749,0.618690,0.036367,-1.224508,-1.602957,-4.137672
0.102317,0.606700,0.017434,-1.880772,-0.254013,-4.432749
0.092647,0.580712,0.042348,-1.301090,-0.586586,-4.412953
0.082895,0.579107,0.024018,-2.321255,-0.651677,-3.597635
0.067386,0.551059,0.054529,-1.933892,0.071267,-2.820911
0.055204,0.547379,0.022591,-2.948135,-0.336087,-1.373812
0.025482,0.512244,0.027337,-2.988805,-0.152707,-1.449994
-0.007323,0.475773,0.024967,-2.255475,-0.457737,-0.945188
-0.031826,0.453203,0.004035,-2.981603,1.503185,-0.237206
-0.063393,0.407948,0.055563,-2.320891,-0.248337,0.626122
-0.097317,0.377244,0.022781,-2.308418,0.161623,1.846234
-0.128107,0.345385,0.026769,-1.633269,0.214969,1.438023
-0.152695,0.317595,0.036032,-1.261474,-0.699981,3.084057
-0.180159,0.300077,0.038097,-1.784852,-0.508172,3.541954
-0.185359,0.286442,0.033075,-0.437182,0.572486,3.499151
-0.181486,0.294750,0.026523,-1.355421,-0.486632,4.905164
-0.179276,0.296230,0.014814,-0.952380,0.630674,4.679769
-0.176207,0.309484,0.011834,-0.924466,0.472319,4.705454
-0.163317,0.326645,0.013137,-1.442766,2.334935,3.735831
-0.175157,0.320257,0.016886,-0.923462,-0.567091,3.336677
-0.165812,0.347127,-0.010949,-2.079576,-0.108853,3.620723
-0.141299,0.367495,0.018537,-1.471297,0.059789,3.573761
-0.120435,0.385050,0.031991,-2.313929,0.056536,3.794613
-0.103406,0.388867,0.024645,-2.354362,0.447681,3.335338
-0.085953,0.417624,0.022361,-2.252524,-0.293907,3.198473
-0.078545,0.448207,0.000917,-3.003274,-0.513808,3.242087
-0.056024,0.492169,0.020043,-2.200146,-0.595635,2.897769
-0.030510,0.542630,0.010790,-3.106549,0.309983,2.826402
-0.020666,0.573028,0.030262,-3.156859,-0.609770,1.168409
0.003362,0.640883,0.026631,-3.592028,-0.668030,2.179278
0.029549,0.692312,0.001567,-3.512856,-0.201983,1.195432
0.060771,0.742130,0.017552,-2.540381,1.719731,1.189494
0.062816,0.795883,-0.022366,-3.052707,1.225619,1.399537
0.061569,0.834343,-0.002448,-2.798003,0.123537,0.707201
0.074991,0.873588,0.004892,-2.877704,0.042500,0.950666
0.075920,0.928132,0.015002,-3.130445,0.682700,0.135058
0.058858,0.962861,0.032231,-2.765921,-1.487120,-0.297545
0.051850,0.998902,-0.014632,-3.024997,0.416511,-0.901114
0.040046,1.036853,0.002646,-2.196671,0.168775,-1.403463
0.036705,1.092855,0.011335,-2.782047,0.208161,-1.468945
0.025259,1.149149,0.004777,-2.950804,0.200808,-1.578408
0.004366,1.181169,0.012261,-2.774183,-0.555492,-1.521551
-0.026912,1.205748,-0.020222,-3.772802,0.107433,-2.648291
-0.064848,1.232884,0.029730,-3.280919,-0.548529,-2.933450
-0.070854,1.272523,0.013662,-4.030395,-0.706461,-2.869772
-0.100885,1.265741,0.005371,-3.709688,-0.299402,-3.636461
-0.132019,1.293583,0.001383,-4.366507,-0.076305,-3.749676
-0.136004,1.319248,0.007219,-4.274401,0.968124,-3.153399
-0.147893,1.320955,0.006119,-4.049390,0.976531,-2.432500
-0.166449,1.320955,-0.039539,-5.017805,0.443781,-3.533177
-0.158164,1.320253,0.009595,-4.262463,0.915819,-3.036764
-0.164929,1.292549,-0.033585,-4.070789,1.922076,-2.733637
-0.191395,1.261802,0.008752,-3.550923,0.280969,-2.597416
-0.199782,1.256655,-0.014012,-4.181528,-0.093344,-1.136629
-0.195777,1.224409,-0.004128,-3.538177,-0.241428,-0.679910
-0.189528,1.210422,-0.000567,-2.983737,-1.075046,0.283292
-0.179497,1.195454,-0.039106,-3.841307,0.339327,0.891768
-0.170329,1.187383,0.006960,-3.420538,-0.773980,1.613021
-0.162773,1.165732,-0.022579,-4.275173,-0.432380,2.235776
-0.171878,1.153025,-0.001608,-3.585283,-0.486140,1.340596
-0.164082,1.168840,0.002367,-4.880632,-1.250252,2.420735
-0.145947,1.170170,0.011266,-5.071312,-1.226166,1.443796
-0.103085,1.196472,-0.014166,-4.952747,-0.016578,1.804539
-0.097590,1.177489,-0.022221,-5.664310,0.321399,0.190837
-0.079553,1.178812,0.012300,-5.548102,-0.064422,0.641487
-0.059973,1.175612,-0.039976,-5.489865,2.068923,-0.194442
-0.060859,1.192782,0.016557,-5.463862,0.276252,0.000692
-0.038985,1.200355,0.001219,-5.921296,0.040750,-0.487150
-0.010963,1.220086,0.001458,-5.121641,0.625356,-0.506828
-0.005065,1.212444,-0.002661,-4.830230,-0.755832,-0.721562
0.009076,1.217824,-0.020258,-4.639340,0.585559,-1.098724
-0.005905,1.199022,0.004517,-3.338578,-0.073856,-1.907425
0.004707,1.215589,-0.000311,-4.084240,-0.502792,-0.139346
0.009828,1.183395,0.000920,-2.549575,-0.166562,-0.916748
0.008965,1.186779,-0.004815,-2.494417,-0.575088,-1.161717
0.007189,1.173862,-0.005054,-2.263488,0.948522,-1.502309
0.021372,1.169060,0.011693,-1.562553,0.282932,-1.091712
0.010717,1.156488,-0.024174,-2.040929,0.225023,-0.697911
0.019186,1.138212,0.011850,-1.897184,-0.281539,-0.781741
0.017082,1.118589,-0.004906,-2.862260,-0.209982,-1.162405
0.007133,1.089215,0.002377,-2.449569,0.733653,-0.789283
-0.019826,1.064793,-0.003108,-2.717987,0.139361,0.143934
-0.052236,1.052386,0.009290,-3.912421,-0.144205,0.933849
-0.062176,1.030124,0.015543,-3.403620,0.165726,0.877808
-0.080702,1.011598,-0.006249,-4.255317,0.291699,1.066049
-0.105310,0.977021,-0.014905,-4.279958,-0.000979,0.193436
-0.139198,0.933949,-0.005074,-4.369592,0.185135,0.877989
-0.150260,0.916916,-0.037117,-4.961189,0.702152,1.625702
-0.184036,0.864476,0.006205,-4.078108,-0.550614,0.991007
-0.195685,0.854327,-0.007306,-5.152854,-1.250613,1.477819
-0.201742,0.836973,0.009366,-3.739643,-0.537904,1.720890
-0.204948,0.807102,-0.017747,-3.660277,-0.727173,2.503932
-0.241219,0.752807,-0.003561,-3.828452,-0.388510,1.576131
-0.236473,0.740085,-0.002041,-2.705255,-0.790924,3.196612
-0.256834,0.734954,0.006490,-3.408803,-0.201622,2.403654
-0.238620,0.731895,0.046579,-2.521487,-0.632996,3.209188
-0.236335,0.727664,-0.002001,-3.008936,0.307491,3.173353
-0.230135,0.728678,-0.003206,-1.669590,0.119283,3.398207
-0.209117,0.765579,0.006618,-3.233747,-1.157382,4.640334
-0.202280,0.754797,-0.000025,-2.953151,0.993265,3.414357
-0.198761,0.780702,0.022889,-3.214630,-0.509596,3.923440
-0.178591,0.810306,-0.003150,-3.558200,-0.119853,3.014939
-0.156004,0.840117,0.013515,-3.157837,-0.174817,3.094364
-0.130230,0.885930,-0.019415,-4.167312,0.509670,2.871697
-0.126475,0.907906,0.003283,-3.785118,-0.647344,1.230260
-0.103780,0.970177,0.005926,-4.919817,-1.161045,1.504554
-0.104352,0.989914,-0.009042,-4.653152,-0.435676,0.448997
-0.105494,1.037388,0.021130,-4.621332,-2.423839,-0.101163
-0.122812,1.065890,-0.024598,-4.970222,-0.513073,-1.267172
-0.136198,1.122134,0.013081,-4.670966,-1.851628,-1.446922
-0.142234,1.162082,-0.008488,-4.719296,-1.315258,-1.827265
-0.167086,1.171296,-0.002487,-3.650180,-1.840727,-3.180756
-0.181932,1.207494,-0.012837,-4.237405,-1.248444,-2.789431
-0.226445,1.219987,0.015651,-3.233961,-1.058588,-3.908829
-0.255521,1.250090,0.018264,-3.347487,0.119082,-3.904349
-0.287636,1.249759,0.006983,-2.731482,0.222144,-4.905093
-0.289941,1.282695,0.013997,-2.386842,-0.026510,-3.973193
-0.310420,1.291781,0.018606,-2.765875,0.332831,-4.436312
-0.332242,1.287661,0.045390,-2.021438,0.153269,-4.447598
-0.366960,1.287153,0.034900,-2.596892,0.053785,-3.905543
-0.414270,1.272697,0.066526,-2.718007,-0.874597,-4.421736
-0.420631,1.293872,0.061711,-3.236350,-0.897161,-3.616416
-0.453170,1.283023,0.057952,-3.370582,-0.304198,-4.511278
-0.462892,1.287428,0.060893,-3.686832,-2.493912,-3.544587
-0.459489,1.276672,0.061950,-5.087967,-1.249642,-3.845366
-0.488692,1.226769,0.087648,-3.979343,-4.140472,-4.636434
-0.450258,1.229014,0.063710,-5.423521,-1.420791,-2.777047
-0.445479,1.200893,0.095228,-5.301604,-1.511912,-2.058645
-0.383182,1.201668,0.088824,-5.122839,-0.468113,-0.457507
-0.345178,1.193787,0.094305,-5.790034,-0.595521,0.094360
-0.328995,1.159226,0.124500,-5.303380,-2.110789,-0.502351
-0.308427,1.160132,0.113340,-6.274076,-0.070767,0.341315
-0.299210,1.129096,0.126723,-4.763980,0.206792,-0.321321
-0.275209,1.152139,0.147409,-5.265445,-0.672107,1.656986
-0.270289,1.124609,0.135776,-4.956324,-0.330887,0.655642
-0.208182,1.132868,0.158168,-4.544293,-0.641357,2.202600
-0.171491,1.125949,0.138119,-4.768191,0.176095,2.276541
-0.127601,1.118199,0.153839,-3.090600,3.454703,3.647317
-0.107920,1.141356,0.126621,-3.865321,0.669643,5.109135
-0.093431,1.155507,0.156649,-3.479995,-0.568109,4.572335
-0.088658,1.174099,0.173563,-4.206635,-0.515121,3.805521
-0.101020,1.190498,0.175217,-3.733068,-0.806844,2.453727
-0.099116,1.217778,0.191465,-3.926922,-1.097228,3.175469
-0.105176,1.227172,0.177318,-4.248864,0.217625,2.343082
-0.091915,1.258283,0.210353,-4.211257,-0.855779,3.424704
-0.079530,1.265160,0.193668,-4.738545,-0.864349,3.000630
-0.089476,1.285692,0.218431,-4.577278,-0.658281,3.156890
-0.102983,1.320948,0.175621,-5.364443,1.871937,3.135255
-0.130457,1.354367,0.217416,-5.221893,-0.113862,2.814701
-0.150765,1.380423,0.190431,-5.927729,0.019933,1.825935
-0.192656,1.413175,0.207684,-5.427344,-0.304785,0.489817
-0.199487,1.446183,0.182577,-5.981246,-0.630403,-0.011471
-0.212518,1.462904,0.174860,-6.258077,0.443709,-0.204203
-0.192810,1.488320,0.181677,-4.930672,2.920180,0.685577
-0.192039,1.519858,0.186072,-5.769233,-0.032616,1.252874
-0.216447,1.543101,0.177147,-5.708377,0.537314,0.217127
-0.234806,1.578370,0.183981,-4.936991,0.002214,-0.790048
-0.221420,1.617139,0.164973,-5.547685,0.219016,-1.766071
-0.211431,1.642027,0.172893,-4.933650,-0.443006,-2.587613
-0.187877,1.672770,0.144067,-5.834744,-0.042696,-2.700454
-0.201420,1.673246,0.156425,-4.878560,-0.321579,-3.010441
-0.197438,1.705874,0.136468,-5.323163,-0.385018,-1.114633
-0.196240,1.718908,0.118553,-5.085505,0.538483,-0.278977
-0.166337,1.755816,0.134394,-4.924872,-0.148866,-0.111041
-0.124050,1.797611,0.102705,-5.742560,-0.051726,-0.786448
-0.121998,1.809671,0.127977,-5.255466,-0.825574,-1.600848
-0.123932,1.828597,0.078950,-6.158465,-0.029553,-0.954362
-0.146141,1.843916,0.083499,-5.795040,0.053309,-0.681480
-0.126607,1.882117,0.094315,-6.771887,-2.060023,0.912708
-0.106981,1.888981,0.055648,-6.834316,0.327356,0.181240
-0.094124,1.908252,0.057302,-6.582599,-0.008910,-0.098798
-0.085484,1.914246,0.007084,-7.301262,0.443679,-0.598175
-0.096415,1.921330,0.041471,-6.783770,-0.819403,-0.193083
-0.087093,1.958168,0.011053,-7.741792,0.228456,0.737816
-0.078253,1.978309,0.003103,-7.000781,0.266047,0.829212
-0.065094,1.996783,-0.008786,-7.415862,0.960404,1.256339
-0.056212,1.993750,-0.040298,-7.059925,1.620781,-0.664317
-0.049371,2.008537,-0.008964,-6.618906,0.113029,-0.473545
-0.063653,2.011505,-0.032732,-7.097394,-0.014920,-0.260692
-0.087487,2.010297,-0.018420,-6.003114,-0.654484,-0.445665
-0.104122,2.032647,-0.028474,-6.566334,-1.032522,0.234542
-0.089824,2.032755,-0.030992,-7.014437,-0.310028,-0.349427
-0.062340,2.030398,-0.013526,-6.004841,-0.699693,-1.258997
-0.066742,2.022954,-0.042530,-5.970007,0.387284,-1.006679
-0.120301,2.010481,-0.032161,-5.393920,-0.618137,-0.782217
-0.158440,2.003144,-0.066518,-6.256866,0.353632,-1.182861
-0.152174,1.992128,-0.013099,-5.474047,-1.057518,-3.031823
-0.110342,1.994410,-0.009190,-6.138347,-1.440752,-3.505468
-0.094613,1.972470,-0.039694,-5.966919,0.450996,-3.936590
-0.153582,1.933836,-0.040797,-5.575334,-0.318519,-1.787807
-0.224210,1.905147,-0.055689,-6.041903,-0.205876,-0.315874
-0.194986,1.890222,-0.024450,-5.276740,0.561689,-0.027649
-0.091626,1.888892,-0.065796,-6.387383,0.031119,-2.039917
-0.111593,1.847714,-0.016815,-6.425971,0.217575,-3.904781
-0.198430,1.794841,-0.008665,-6.300139,0.116318,-2.603564
-0.230394,1.744587,-0.048802,-6.657796,1.074383,-0.979807
-0.177140,1.734352,-0.004463,-6.304928,-0.472909,0.848219
-0.102596,1.732691,-0.004339,-6.956682,0.428994,-0.616174
-0.099435,1.688513,0.062475,-7.023440,-8.002235,-3.796708
-0.113070,1.664909,-0.029311,-7.218509,0.075393,-1.778133
-0.152023,1.636230,-0.017570,-5.664255,3.353643,0.284551
-0.084936,1.634956,-0.011002,-5.945537,0.781068,1.866329
0.015638,1.605969,0.007882,-6.127200,0.325498,-0.088486
0.017965,1.553158,0.024419,-5.627669,-1.199870,-1.361796
-0.058696,1.481913,-0.008202,-5.455203,0.532784,-0.805311
-0.055155,1.442510,0.023296,-4.087992,0.187692,3.012595
0.020214,1.444933,0.043171,-4.664664,-0.826408,5.453756
0.046253,1.446708,0.063404,-4.168809,-0.366679,4.607396
0.050002,1.427359,0.044563,-4.280776,0.575866,2.769329
0.034466,1.394793,0.035425,-4.708005,0.448958,2.050472
0.029710,1.374085,0.055202,-4.076900,0.587545,3.735141
0.064343,1.383394,0.058527,-4.991781,0.314118,5.223064
0.106601,1.364598,0.066703,-4.712577,0.650660,4.132514
0.093550,1.337505,0.071614,-4.644733,1.403005,3.831012
0.092503,1.314669,0.041166,-5.810927,2.641501,4.244180
0.122967,1.303634,0.084737,-5.383294,0.678456,4.810398
0.094685,1.343459,0.076255,-5.911291,0.970012,5.081727
0.046765,1.365291,0.087950,-5.270976,2.150925,1.847746
0.055894,1.366564,0.098799,-5.919943,-0.587272,-0.835286
0.057056,1.330280,0.092891,-5.934196,-0.358982,-3.158658
-0.008386,1.311886,0.112076,-4.279673,-0.284608,-3.850859
-0.043456,1.296091,0.111423,-4.616408,-1.671258,-3.451318
-0.040656,1.251072,0.117453,-2.953322,-0.312900,-3.706580
-0.039064,1.224018,0.124116,-2.914688,-0.721849,-2.725560
-0.036136,1.137221,0.126440,-1.881238,0.211854,-4.443141
-0.019632,1.072816,0.144904,-0.718093,-0.388934,-5.154861
-0.105130,1.012412,0.116839,-0.505454,1.151787,-3.664901
-0.113349,0.937290,0.126719,0.869153,0.855616,-1.712509
-0.043850,0.899483,0.120102,0.484664,1.307164,-0.571922
-0.051426,0.836510,0.124898,0.672712,1.118631,-2.340713
-0.101118,0.755128,0.147799,-0.082085,-0.404545,-2.439586
-0.110345,0.683515,0.104330,-0.607951,0.892684,-1.995947
-0.096851,0.643834,0.126647,-1.074723,0.436767,-1.430737
-0.076093,0.610002,0.117355,-1.942301,0.261915,-2.047483
-0.038466,0.524681,0.112126,-2.758325,0.620265,-3.519629
-0.033247,0.446707,0.109739,-3.654861,-0.622896,-2.308733
-0.084033,0.370328,0.097758,-3.570249,0.092337,-1.169520
-0.062044,0.309140,0.107159,-2.969786,-0.766532,0.349207
-0.017423,0.248034,0.084487,-3.440498,-0.569612,-0.978939
-0.035614,0.161020,0.089454,-2.976285,-0.616252,-2.677052
-0.021457,0.043397,0.103453,-2.279548,-0.816553,-3.456026
0.003680,-0.048518,0.078172,-0.578911,-0.367516,-2.632893
0.011745,-0.137479,0.091889,0.517351,-0.607652,0.964713
0.047655,-0.243003,0.083112,1.325711,0.019248,2.092240
0.079081,-0.355603,0.087625,3.765865,0.172662,2.377210
0.064809,-0.467433,0.049333,3.886833,-0.599604,5.164323
0.016974,-0.576952,0.047478,4.633069,-0.317025,6.330692
0.022741,-0.655330,0.035832,5.724214,-0.460746,7.239256
-0.004677,-0.707317,0.019866,4.402150,-1.265413,7.420148
-0.036605,-0.763585,0.037880,4.791329,-0.909173,5.992225
-0.057944,-0.847795,0.024005,4.261911,-1.179236,5.133070
-0.082392,-0.897584,-0.004135,3.321644,-0.388933,4.053545
-0.121075,-0.922540,0.027097,2.615565,-1.733991,4.331259
-0.126449,-0.946889,-0.005711,0.899779,-0.488641,3.662718
-0.141207,-1.003833,0.007642,1.187166,-0.966675,2.406719
-0.185277,-1.050749,-0.033372,0.410755,-1.120999,1.664090
-0.230249,-1.123389,0.004504,0.493088,-0.238798,1.623394
-0.196772,-1.177231,-0.017767,0.252850,-0.852315,3.397918
-0.218025,-1.199867,-0.014337,0.428848,-0.644484,3.495163
-0.290045,-1.225036,0.022938,1.592180,-0.837672,4.332634
-0.245663,-1.265443,-0.020485,1.277515,0.325598,4.670326
-0.232937,-1.274148,-0.011484,2.524274,-0.959480,4.302506
-0.259571,-1.281133,-0.031136,2.750148,0.261180,3.978955
-0.216942,-1.279210,-0.027660,3.643546,0.106948,2.902917
-0.171155,-1.231388,-0.034048,3.937682,-1.849621,3.684328
-0.199348,-1.196286,-0.041798,3.428238,-0.102993,2.697373
-0.178518,-1.147952,-0.020662,4.329411,-0.851862,2.059950
-0.155902,-1.086678,-0.031566,3.096455,-1.591359,0.328466
-0.173246,-1.008793,-0.024036,3.767290,-1.629816,-1.815020
-0.139066,-0.935279,-0.038909,3.197370,-1.654412,-3.158966
-0.114983,-0.868432,-0.056444,2.734504,-0.312361,-4.827929
-0.178055,-0.800551,-0.004391,3.094351,-3.052294,-4.390424
-0.186688,-0.725994,-0.022369,1.365002,-1.689455,-3.040539
-0.141220,-0.637037,-0.015758,1.411914,-2.391802,-2.352306
-0.143156,-0.532038,-0.013730,0.779244,-3.406141,-1.280578
-0.153490,-0.462030,-0.034977,0.707283,-0.271659,-2.691847
-0.148993,-0.368999,-0.027969,0.256007,-0.724090,-3.093855
-0.163432,-0.291524,-0.042224,-0.236520,-0.486005,-3.488678
-0.176237,-0.201112,-0.005481,0.490045,-0.327604,-2.612829
-0.154829,-0.137259,-0.016943,-0.602810,0.178393,-2.793288
-0.135528,-0.072657,-0.008383,-0.321801,-0.070271,-3.567977
-0.181111,0.009824,-0.034813,-0.452061,0.890866,-3.639300
-0.213151,0.050684,0.008745,0.628504,-1.145887,-5.381291
-0.175682,0.118355,-0.023127,0.219884,-1.197490,-5.709499
-0.213027,0.194199,-0.012555,0.722855,-0.922744,-6.817442
-0.254116,0.214205,0.010478,1.714358,-0.932039,-7.811339
-0.221587,0.231619,-0.003305,0.862201,-2.008252,-8.225799
-0.256614,0.260218,0.019098,1.993220,-1.911627,-6.416464
-0.284472,0.276414,0.019502,1.640020,-1.765362,-5.074269
-0.211198,0.285181,-0.003597,1.911806,-0.487089,-5.378576
-0.209652,0.289728,0.021301,1.880108,-1.255366,-4.736180
-0.252432,0.275991,0.010800,1.463954,-0.130258,-4.080395
-0.222838,0.272639,0.027229,1.098123,-0.729355,-2.353582
-0.188411,0.284761,0.012248,0.199985,-0.401240,-0.859944
-0.213795,0.295002,0.038806,0.164039,0.295097,-0.277174
-0.197120,0.301922,0.031584,-1.452053,0.598834,-0.270484
-0.198200,0.280248,0.042364,-2.666095,0.071556,-1.555539
-0.236791,0.280107,0.074207,-2.167155,-0.138205,-1.516465
-0.189160,0.293417,0.036991,-3.754676,1.019472,0.046547
-0.186114,0.289143,0.078067,-4.120950,-0.983104,-0.549071
-0.199861,0.330988,0.073511,-4.064893,-1.096417,1.724251
-0.193027,0.325342,0.053662,-3.897754,-0.751594,1.248038
-0.138489,0.347131,0.061300,-3.463491,-0.981785,2.493468
-0.144079,0.361764,0.054752,-3.570246,-1.222263,3.052756
-0.168874,0.369146,0.083394,-2.082464,-2.043565,3.296388
-0.137507,0.370548,0.057768,-2.204233,-1.307271,4.594596
-0.116923,0.373548,0.050265,-1.645749,-0.934662,5.104425
-0.111921,0.413610,0.096695,-0.403012,-0.960560,6.615324
-0.095528,0.452609,0.061067,-0.736983,0.612896,7.664057
-0.087713,0.462272,0.066345,0.107286,0.100205,7.712492
-0.096766,0.529178,0.035671,-0.528489,0.383736,8.137967
-0.088113,0.578723,0.072425,-0.216766,0.645399,7.105423
-0.071199,0.622793,0.083729,-0.890874,0.314453,6.905499
-0.071892,0.677183,0.048456,-2.027103,1.988093,6.865889
-0.088760,0.742796,0.072083,-1.467664,0.537177,7.686032
-0.106449,0.803790,0.051440,-2.876900,0.626108,7.519043
-0.091888,0.843711,0.046628,-2.973679,0.464933,5.864491
-0.081854,0.911592,0.065154,-4.145021,-1.707122,5.595895
-0.124194,0.962043,0.046707,-4.479879,-0.268380,4.834285
-0.124555,1.010203,0.069671,-4.307905,-1.367376,4.833264
-0.091829,1.061695,0.047252,-5.258053,-0.871410,4.598317
-0.117291,1.101186,0.044412,-4.779834,-0.864261,3.733177
-0.104792,1.144937,0.048138,-4.296709,-0.984660,3.500254
-0.082471,1.170284,0.024373,-4.777071,-0.252421,2.698243
-0.103623,1.187051,0.065439,-4.077189,-1.888644,1.539437
-0.091964,1.230882,0.031978,-4.244167,0.092107,1.371536
-0.083390,1.258254,0.033820,-3.794076,0.360660,0.039217
-0.064660,1.295956,0.046703,-3.502802,0.539943,-0.794349
-0.080380,1.336087,0.030357,-3.550161,0.482386,-2.387418
-0.074078,1.357466,0.036715,-2.798850,0.191562,-3.332984
-0.053136,1.397436,0.009402,-3.328964,0.540524,-3.544058
-0.050425,1.404332,0.007567,-2.312977,1.037203,-4.729603
-0.049371,1.425977,0.028430,-3.135136,-0.052481,-5.671367
-0.031639,1.404769,-0.008245,-3.433608,0.297033,-5.997024
-0.020748,1.397584,0.020162,-2.045922,-0.133941,-5.447554
-0.023502,1.410342,0.020034,-3.546852,-0.530109,-5.117567
-0.013697,1.396635,0.012993,-3.003894,-0.137181,-5.901216
0.044851,1.380971,-0.002573,-3.534373,-0.070012,-6.302319
0.052874,1.360154,-0.032587,-3.420712,1.543726,-5.632124
0.025895,1.313458,0.002968,-3.397242,-0.730071,-5.855867
0.062317,1.283233,-0.024069,-4.786701,0.353606,-5.663260
0.061392,1.238920,-0.016812,-3.501663,0.792031,-5.727329
0.044579,1.181596,0.008338,-3.782748,-0.796416,-5.368213
0.084037,1.100103,-0.032843,-3.485635,0.997903,-6.019960
0.070208,1.023408,-0.026968,-2.255791,0.319613,-6.118393
0.015832,0.941715,0.001232,-2.493757,-0.206874,-5.151547
0.035799,0.817261,-0.016881,-1.499159,0.719243,-4.756087
0.086929,0.704247,-0.013920,-0.282195,0.649797,-3.452894
0.058805,0.592244,-0.041965,-0.094246,0.745976,-2.250743
0.065170,0.445292,-0.020590,0.550940,-0.619220,-1.742563
0.060492,0.336528,-0.040199,0.419429,0.041387,-0.483717
0.006063,0.218981,-0.013766,1.365681,0.017770,-0.411250
0.042357,0.119687,-0.005238,1.465943,-0.133813,0.197631
0.079974,-0.002255,-0.071615,1.209962,1.110136,-0.112836
0.024931,-0.131265,-0.014261,1.665660,-0.374343,0.006681
-0.001007,-0.273867,-0.035853,0.975478,0.121410,0.891484
0.004905,-0.405437,-0.002599,1.208666,-0.726430,1.509463
0.016183,-0.491730,-0.024906,0.918124,-0.640007,4.729495
0.018750,-0.611955,-0.031143,0.405854,0.250709,3.709944
0.039236,-0.749857,-0.014924,0.654909,-1.002897,3.814673
0.017375,-0.826443,-0.033943,0.251796,0.149836,4.569772
-0.032689,-0.912844,0.015405,0.380448,-0.520451,5.001491
0.021941,-0.962930,-0.037744,-0.630093,0.744949,6.410841
0.000851,-1.009577,-0.039254,0.002928,0.256916,5.669450
-0.046836,-1.072800,0.016219,0.209430,-1.098924,5.858200
-0.031878,-1.126130,-0.026915,-0.188139,-0.132456,5.827293
-0.041601,-1.151277,0.015287,0.895190,-0.425168,4.760780
-0.053657,-1.103603,0.005742,1.047115,-0.203941,5.111150
-0.074717,-1.120491,-0.001982,1.831318,-0.101657,3.455595
-0.044617,-1.118666,0.027596,1.608526,-1.510362,2.629505
-0.054544,-1.095676,0.007570,2.377684,1.401515,2.262954
-0.095515,-1.095311,0.049152,3.790665,-0.568131,0.481317
-0.063892,-1.073345,0.047665,3.424354,-1.571937,0.172529
-0.070060,-1.041351,0.036465,4.331515,-0.792174,-0.404400
-0.109590,-1.025113,0.051696,5.341781,-1.631924,-0.271688
-0.085779,-1.020366,0.009910,5.124198,0.517243,-0.064504
-0.067286,-0.996185,0.091043,5.423001,-1.192671,1.177887
-0.098669,-0.950943,0.062226,5.273476,-0.816139,2.422688
-0.091908,-0.916802,0.057214,5.292807,-0.380684,2.730745
-0.090493,-0.842622,0.050849,4.043133,-1.188302,2.576240
-0.154034,-0.785524,0.056446,3.313063,-0.280918,0.925945
-0.134097,-0.742170,0.087527,2.722339,-1.325511,0.141577
-0.111550,-0.706316,0.067012,1.402445,-1.176755,-1.052072
-0.164515,-0.640989,0.102777,1.153715,-1.194893,-1.224973
-0.172826,-0.585913,0.076219,0.262772,-0.606726,-0.286610
-0.136726,-0.538242,0.072802,-0.390095,-0.421495,-1.261891
-0.131871,-0.480750,0.090199,-0.490189,-1.856892,-2.419562
-0.152564,-0.433437,0.062049,-0.930144,0.149531,-4.056056
-0.134750,-0.426563,0.099446,-0.185809,-0.620736,-4.998828
-0.129551,-0.404233,0.098425,-0.413876,-0.473965,-5.735689
-0.156093,-0.389836,0.065643,0.928733,0.702878,-5.867326
-0.104906,-0.395485,0.077388,2.418490,-0.512041,-4.926581
-0.100094,-0.404948,0.075727,2.762414,0.290328,-3.937316
-0.136900,-0.420290,0.087123,4.730561,0.319633,-3.291674
-0.124844,-0.420051,0.075661,4.263969,-0.770586,-1.840386
-0.108635,-0.406471,0.088843,4.289339,-1.226605,-1.544287
-0.099575,-0.399135,0.102685,4.876593,-1.285499,-0.866575
-0.089613,-0.385008,0.066506,4.222722,-0.920032,-0.872733
-0.095732,-0.401387,0.037424,4.225019,-0.783384,-1.464615
-0.108372,-0.372295,0.072996,2.800806,-2.438833,-0.853055
-0.100271,-0.349104,0.046973,1.908951,0.273692,-0.966165
-0.099733,-0.309702,0.062761,0.710726,-1.104397,-0.912061
-0.124299,-0.267319,0.039466,-0.912767,-0.903774,-1.744783
-0.193509,-0.231022,0.087645,-1.351905,-3.023392,-2.093672
-0.176903,-0.189505,0.058077,-3.283423,-1.341724,-0.666143
-0.175735,-0.175782,0.053935,-4.080123,-2.017880,-1.771701
-0.184863,-0.134807,0.058254,-3.112687,-0.219570,-0.048671
-0.188579,-0.114341,0.033475,-3.651601,-0.754200,1.685034
-0.167821,-0.133494,0.056567,-2.749607,-1.957489,2.917683
-0.162188,-0.090862,0.021557,-2.080229,-0.243988,4.747435
-0.181311,-0.071226,0.015261,-0.622636,0.535473,4.689768
-0.139103,-0.043325,0.044609,-0.105527,-0.764559,4.857387
-0.138341,0.018634,0.002988,-0.530068,-0.538150,5.453451
-0.171858,0.075259,0.027934,1.379464,0.345555,5.522485
-0.140448,0.124936,0.013758,1.208042,-0.782445,4.631681
-0.137038,0.180045,-0.013890,0.680905,-0.144681,3.074360
-0.154540,0.246977,0.044770,1.462198,-1.441513,2.207197
-0.114823,0.308772,0.010711,1.065577,-0.552662,1.753518
-0.104243,0.362539,0.001478,0.672046,-0.784392,0.715535
-0.119323,0.417388,0.002860,0.273341,-2.291336,2.048667
-0.118098,0.475596,-0.017518,-0.827736,-0.613709,3.395366
-0.107296,0.533921,-0.009492,-1.049475,-0.601432,3.927711
-0.136519,0.616310,0.004806,-2.013530,-2.076928,4.783678
-0.150693,0.695132,-0.007930,-3.997613,-0.943636,3.215068
-0.150417,0.767608,-0.001076,-4.498126,-0.631444,1.763094
-0.177120,0.867217,0.036423,-5.897170,-5.617267,1.144710
-0.151734,0.955006,-0.019865,-6.263582,0.406814,0.066783
-0.120242,1.022571,-0.012699,-6.154191,0.659007,-1.180121
-0.120406,1.091926,-0.016772,-6.840414,0.391968,-1.288317
-0.140498,1.132126,-0.013946,-5.389081,2.111591,-2.835811
-0.107267,1.180004,-0.027450,-5.271304,0.840808,-3.105004
-0.097590,1.220335,-0.058797,-4.962801,0.927974,-3.457325
-0.125313,1.252093,-0.019277,-3.078885,0.403988,-3.820019
-0.116635,1.274604,-0.045284,-2.956808,-0.079975,-4.462569
-0.134278,1.279462,-0.046387,-1.618190,-0.884641,-6.459050
-0.160396,1.308259,-0.023094,-0.517018,-1.329806,-5.731341
-0.158177,1.329539,-0.034983,-0.657017,-1.860317,-6.025208
-0.145930,1.345078,-0.026649,0.145372,-2.550210,-6.107975
-0.159937,1.352388,-0.039175,-0.227605,-1.801561,-5.203693
-0.192331,1.337975,-0.068303,0.022750,-0.863138,-5.032776
-0.163475,1.328039,-0.016096,-0.558846,-0.798369,-3.849483
-0.134944,1.319281,-0.059861,-1.743435,1.309603,-3.317127
-0.165399,1.299301,-0.032164,-1.870912,0.123684,-2.538684
-0.181263,1.266621,-0.017495,-3.337879,0.264350,-1.834390
-0.162257,1.245672,-0.028491,-4.428358,1.447426,-1.985244
-0.186278,1.225436,0.001590,-4.938590,0.491143,-1.580017
-0.183554,1.178028,-0.055449,-6.128578,1.108147,-1.386041
-0.165861,1.117500,-0.024388,-5.847638,0.416507,-0.567488
-0.195315,1.079427,-0.020541,-6.514724,0.763002,0.946024
-0.203169,1.013919,-0.001375,-5.314908,0.874680,1.721977
-0.165352,0.942549,-0.003518,-5.603710,-0.884103,3.003351
-0.158942,0.894441,-0.014340,-5.609835,-1.252540,2.939702
-0.174921,0.828228,0.013213,-3.513644,-1.333055,1.882964
-0.133102,0.771878,-0.001972,-3.485825,-1.766189,1.875373
-0.123311,0.680755,-0.018049,-1.969683,-0.943932,0.837401
-0.122674,0.606670,0.003290,-0.320485,-1.049200,0.850847
-0.112869,0.512927,-0.017140,0.070362,-0.878966,0.301880
-0.122142,0.405923,0.011227,1.821759,-0.873671,0.999948
-0.120403,0.321511,0.029946,2.376760,-0.440747,2.283714
-0.080409,0.248549,0.027629,2.703878,-0.167963,2.486767
-0.071228,0.157573,0.038445,3.182513,-0.420619,3.322602
-0.065333,0.087316,-0.011921,2.246100,0.948568,3.634097
-0.062671,0.028908,0.043007,2.240753,-0.686342,4.387686
-0.041867,-0.008138,0.035228,0.750322,-0.159064,6.058987
-0.043823,-0.048384,0.029510,-0.437188,0.657567,4.558565
-0.079983,-0.079951,0.043047,-0.934944,0.223189,3.434920
-0.098345,-0.120164,0.038080,-2.812042,-1.654294,2.438471
-0.099795,-0.162767,0.020890,-2.951588,-0.596082,1.438594
-0.122930,-0.192486,0.040536,-2.790401,-0.745452,1.430966
-0.102704,-0.242973,0.024255,-3.495619,-0.524413,2.168839
-0.097553,-0.297311,0.058697,-3.291064,-2.031167,2.078360
-0.093542,-0.338968,0.046812,-2.715991,-0.712972,2.917371
-0.087421,-0.364522,0.053196,-1.606471,1.188288,2.036135
-0.095006,-0.405139,0.117515,-1.584029,-6.127010,1.710154
-0.037160,-0.402395,0.030816,-0.684195,1.780840,1.162646
-0.054022,-0.421393,0.061967,1.676627,2.427937,-0.348093
-0.077491,-0.416043,0.089158,1.736735,-0.862927,0.521573
-0.082494,-0.422125,0.050537,2.021962,0.509329,1.349948
-0.088674,-0.418721,0.077673,3.494664,0.117202,0.789721
-0.074790,-0.389376,0.069323,3.266439,-0.661586,0.655381
-0.078578,-0.391966,0.064035,3.575330,-0.001389,-0.815434
-0.066383,-0.385152,0.059465,4.443420,0.403322,-0.913316
-0.038434,-0.382588,0.051387,3.877970,-0.140328,-1.256777
-0.024670,-0.375387,0.056931,3.911100,-0.000132,-1.755875
-0.017186,-0.363521,0.040903,3.280544,-0.453808,-2.650225
-0.019543,-0.355013,0.038957,2.170617,0.024929,-3.304487
-0.045967,-0.364368,0.064501,2.199923,-1.093322,-3.316596
-0.059471,-0.344443,0.032526,0.622508,-1.414456,-3.318488
-0.064844,-0.339661,0.062016,-0.158397,-1.455224,-3.797192
-0.071649,-0.324003,0.074834,-0.295961,-1.804426,-3.622366
-0.076930,-0.331317,0.056725,-0.813625,-0.987063,-3.562203
-0.087581,-0.362145,0.057571,-0.120062,-0.831971,-4.057020
-0.081847,-0.380084,0.045486,-1.075376,0.182779,-3.093838
-0.080590,-0.424206,0.050216,0.443434,-0.492609,-2.589274
-0.091015,-0.453043,0.063375,0.339007,-0.728679,-2.221965
-0.093582,-0.495590,0.032549,0.949567,0.693362,-3.132235
-0.102523,-0.548598,0.029648,2.905240,-0.546139,-3.302533
-0.084338,-0.565345,0.041586,2.524385,-0.043092,-2.044479
-0.102562,-0.587226,0.051890,2.881724,0.211346,-2.876404
-0.086997,-0.586306,0.057637,3.359500,-0.630764,-3.062452
-0.077091,-0.595048,0.026992,3.573003,0.184751,-4.711280
-0.086111,-0.614375,0.020214,4.122473,-0.748469,-4.686494
-0.093982,-0.610935,0.034168,2.986723,-0.633367,-4.320358
-0.114432,-0.632310,0.032474,3.650560,-1.890892,-4.770416
-0.116713,-0.634023,0.041579,3.073944,-2.873237,-3.964568
-0.138909,-0.672392,0.019321,2.365614,-2.037600,-4.323857
-0.143780,-0.710360,0.030800,3.154817,-2.327922,-3.393216
-0.143104,-0.729746,0.029622,2.215616,-2.064477,-1.189081
-0.145152,-0.759065,0.032494,2.389920,-1.527818,1.134085
-0.119539,-0.765222,0.010626,2.044601,-0.968632,3.696650
-0.121909,-0.789696,0.007800,1.420134,-0.122770,3.244957
-0.138364,-0.788124,0.019745,1.516473,-0.500605,3.489603
-0.142927,-0.775579,-0.015371,0.502413,1.648726,4.146356
-0.166544,-0.755467,0.022801,0.070678,0.157822,4.376671
-0.166189,-0.695841,0.014256,-0.384902,0.758541,5.682707
-0.169288,-0.643355,-0.003925,-0.970026,1.189857,5.094057
-0.174852,-0.612231,0.002601,-0.419305,0.150480,4.967722
-0.185162,-0.561068,-0.010286,-1.372712,0.195022,4.718781
-0.184456,-0.516965,0.019521,-0.328592,-0.870959,4.044545
-0.150811,-0.456575,-0.002441,-0.796356,-1.363066,4.381641
-0.122786,-0.411310,-0.004539,0.718361,-0.482788,2.979226
-0.097960,-0.368284,-0.012338,1.329095,-0.736878,3.184099
-0.102569,-0.330165,-0.030976,1.335998,-1.319137,1.988359
-0.097908,-0.281653,-0.017593,2.812166,-0.779278,3.462229
-0.068812,-0.209171,-0.028320,1.936884,-0.017598,4.395121
-0.067614,-0.155201,-0.003347,2.313245,-1.699634,3.431688
-0.053480,-0.095162,-0.004851,2.883077,-0.828321,3.654936
-0.041808,-0.027067,-0.029190,2.010631,-0.395630,3.252719
-0.028265,0.041792,-0.004972,1.812552,-1.693325,4.248935
-0.026607,0.123111,-0.037636,0.313807,0.669708,4.292420
-0.001772,0.209380,-0.013838,0.372192,0.947678,3.431356
0.003962,0.301833,-0.026380,-1.339649,1.473390,2.362308
-0.004516,0.362476,-0.039763,-2.210099,1.930398,0.929470
-0.021565,0.459348,-0.014800,-3.206201,0.428137,0.527567
-0.035729,0.541097,-0.026154,-4.524989,-0.007137,-0.418312
-0.005360,0.644297,-0.002133,-3.912043,1.408283,-0.956482
-0.007139,0.741772,-0.024601,-5.502256,-0.010653,-2.023115
-0.013825,0.798489,-0.002691,-5.459542,-0.766733,-4.220541
-0.011295,0.887286,-0.014458,-4.869517,-1.124548,-4.124547
-0.007441,0.966235,-0.028540,-5.310293,-0.889988,-4.016086
0.012093,1.028001,-0.002691,-3.981440,-1.030654,-4.039858
0.028735,1.079775,-0.015958,-3.766497,-0.789388,-4.327098
0.036691,1.138642,-0.024772,-2.482689,1.038930,-4.503740
0.028623,1.179298,0.003405,-1.798311,-0.561833,-3.579206
0.029004,1.212011,-0.016274,-1.640511,0.493431,-2.836305
0.059192,1.238523,0.011502,-0.257246,0.210948,-2.564956
0.082642,1.276412,-0.004966,-0.886646,1.022875,-3.063115
0.079809,1.288262,0.012530,0.372300,1.640318,-3.685410
0.092224,1.315946,-0.017327,-0.756980,1.774616,-2.386306
0.095391,1.325790,0.002873,-1.358773,1.069699,-3.354403
0.114160,1.363617,0.035093,-1.366198,0.926198,-2.850319
0.114068,1.392801,0.013567,-3.007364,0.793948,-4.089295
0.090490,1.390224,0.033892,-3.437698,-0.608792,-4.380792
0.053481,1.397954,-0.018236,-4.932514,-0.214515,-4.394339
0.040397,1.388403,0.017769,-4.497049,-0.723188,-3.629144
0.021293,1.370569,0.022088,-5.917800,-2.414540,-2.332157
0.007110,1.317889,0.024593,-5.626116,-0.936231,-2.435393
-0.004293,1.264743,0.026769,-5.792211,-1.492043,-1.853813
-0.019261,1.200952,0.010692,-5.623286,-0.941490,-1.093327
-0.020348,1.115028,0.037693,-4.132426,-0.244123,0.992348
-0.016786,1.042017,-0.001201,-4.152803,1.260544,2.051365
-0.002225,0.973092,0.035303,-2.942503,1.297914,2.626328
-0.009712,0.895554,0.022643,-3.303482,1.523306,2.619948
-0.030651,0.817045,0.043782,-1.864110,1.144408,2.350789
-0.025734,0.782898,0.047537,-2.107267,1.298180,3.203321
-0.035896,0.757820,0.037388,-1.942748,1.915853,2.410871
-0.041263,0.732712,0.045482,-1.413533,0.110863,2.070223
-0.052417,0.666696,0.025105,-1.840493,0.895878,-0.125163
-0.068708,0.600676,0.037637,-0.816093,-0.157975,-1.236793
-0.091304,0.551811,-0.010349,-0.829414,-0.231341,-0.872832
-0.092614,0.496196,0.022423,-0.410420,-1.389280,-0.144793
-0.078722,0.423900,0.035169,-0.790697,-2.128524,1.037017
-0.083016,0.333305,0.024688,-0.699412,-0.815565,0.870523
-0.083823,0.265480,0.047320,-0.229262,-1.767144,1.954083
-0.069462,0.206353,0.023132,-1.114601,-1.160586,3.660220
-0.066393,0.168753,0.031017,-0.837636,-0.024015,4.465403
-0.059198,0.153621,0.035438,-1.359041,-0.614782,4.827942
-0.067795,0.136444,0.008817,-2.395911,1.353161,3.846923
-0.089564,0.100672,0.043917,-1.961037,0.735603,2.248434
-0.099986,0.100941,0.028978,-2.935255,0.615581,2.842664
-0.134343,0.061188,0.041898,-2.437670,0.556481,2.260297
-0.135065,0.071307,0.028968,-2.539557,0.747151,2.538700
-0.151431,0.035693,0.038747,-2.036655,0.262089,1.688256
-0.160596,0.007520,0.048932,-1.048930,-0.062377,1.700031
-0.149446,-0.020900,-0.002786,-0.789381,0.733309,0.786761
-0.132774,-0.044533,0.032979,0.452884,-0.834495,0.008253
-0.112679,-0.056682,0.026126,0.882693,-1.562386,0.369456
-0.111665,-0.076012,-0.001598,1.322182,-0.265458,-0.872143
-0.135288,-0.118345,0.023546,2.817907,-0.621951,-1.707996
-0.147936,-0.157265,-0.023922,2.967816,-1.747581,-1.871307
-0.142618,-0.190910,-0.006223,3.916490,-1.177648,-1.412425
-0.135065,-0.211649,0.023329,3.542193,-1.758629,0.150795
-0.140222,-0.250519,0.010498,3.278673,-0.374432,0.415255
-0.152511,-0.286610,0.013442,3.707707,-0.677112,1.001971
-0.140255,-0.325956,0.012454,2.819003,0.516934,1.799447
-0.126075,-0.362428,0.008844,2.741768,1.029250,0.764770
-0.118246,-0.392738,0.026352,1.877308,0.331837,0.489020
-0.132833,-0.420034,0.009763,0.651754,0.540896,-1.094698
-0.150703,-0.451385,0.045213,0.636993,-0.187106,-1.444334
-0.135653,-0.443537,-0.000876,-0.905910,0.734744,-0.767262
-0.142710,-0.465933,0.030081,-0.599892,-0.349931,-1.661161
-0.127430,-0.479847,0.002180,-1.140204,-0.289669,-2.400127
-0.139877,-0.511358,0.001639,-0.528929,-0.281292,-3.043701
-0.124368,-0.525617,0.039334,-1.268127,-3.029103,-1.768266
-0.103521,-0.555383,0.005217,-1.328130,-0.471779,-1.913898
-0.053080,-0.583681,0.019331,0.506684,-0.560113,-1.435425
-0.024887,-0.602975,0.013337,0.624090,-0.806893,-0.522781
-0.027086,-0.624301,0.017992,1.150186,0.088625,-1.267728
-0.014255,-0.629677,0.037700,2.274332,-1.456084,-0.488968
-0.008668,-0.622446,0.011604,2.205378,-0.572540,-0.838604
-0.004431,-0.614112,0.026618,3.806194,-0.838450,-1.427172
-0.010142,-0.595954,0.033495,3.321046,-1.626580,-1.734904
-0.018926,-0.585325,-0.008304,3.516945,-0.308034,-2.729808
-0.010986,-0.578708,0.032441,4.379002,-0.543096,-2.344942
-0.000534,-0.576344,0.028102,2.988551,-1.208703,-2.237061
-0.008570,-0.579682,0.022978,3.487282,-0.682620,-2.017729
-0.015893,-0.558422,0.015688,2.941701,0.464002,-0.819678
-0.029617,-0.535219,0.009169,2.390777,2.005960,-0.078025
-0.051307,-0.519361,0.049191,1.798238,-1.642057,0.565864
-0.051330,-0.485959,0.031611,0.434877,-0.696055,0.518154
-0.055558,-0.449852,0.036144,0.532392,0.730391,-0.021877
-0.066679,-0.418679,0.052730,-0.245563,-1.789176,0.491673
-0.058148,-0.392603,0.017257,-1.108926,-0.143082,1.311019
-0.046446,-0.372439,0.021635,-0.583604,-0.084717,0.643368
-0.026561,-0.344959,0.048450,-1.357091,-0.053836,-0.354619
-0.026899,-0.324627,-0.001128,-1.192319,1.431129,-0.908691
-0.045655,-0.306620,0.040020,-0.097154,-0.529753,-0.652392
-0.045661,-0.278867,0.033196,-0.767044,-0.863167,-0.930149
-0.034856,-0.247463,0.050659,0.330423,-0.633987,-2.272739
-0.019175,-0.232459,0.046260,0.810654,-0.881693,-2.052757
-0.031212,-0.232748,0.028056,1.241434,-0.683523,-2.452607
-0.037547,-0.219481,0.036252,2.796305,-0.472632,-1.425762
-0.000613,-0.200584,0.034013,2.674048,0.503256,-1.447688
0.018799,-0.210113,0.035356,3.918377,0.270649,-1.775472
0.035773,-0.199248,0.025732,3.636908,-0.143374,-0.295227
0.033455,-0.207657,0.011870,3.284863,0.464264,-0.082695
0.027120,-0.183400,0.021537,3.774196,0.101190,0.655009
0.045974,-0.146565,0.005988,2.263343,1.042446,2.531859
0.044816,-0.137190,0.057880,1.958683,0.168615,1.789660
0.027333,-0.108130,0.016485,0.307709,-0.255598,0.597251
-0.000114,-0.093451,0.022118,-0.260544,-0.207782,-1.157611
-0.017567,-0.075280,0.036987,-0.714978,-0.672208,-1.220345
0.005646,-0.047908,0.015110,-2.301705,0.054123,-0.474385
-0.016369,-0.018270,0.032444,-2.173634,-0.761638,0.894526
-0.044657,0.018046,0.031900,-3.373450,-1.025254,1.751245
-0.064555,0.017236,0.024081,-2.885083,-0.361295,1.516596
-0.082011,0.053385,0.036449,-2.641759,-0.627757,2.929515
-0.070405,0.091658,0.018560,-3.268120,-0.608430,2.513498
-0.060922,0.126472,0.043716,-2.085481,-0.804533,2.461599
-0.072663,0.148136,0.027527,-1.709261,-0.510666,3.820893
-0.083869,0.144818,0.003546,-1.329368,0.653126,4.068970
-0.066154,0.189472,0.023414,0.080475,0.466857,6.760618
-0.026518,0.248543,-0.018154,0.063223,1.860856,7.545594
-0.033713,0.297920,0.033820,0.099119,-0.556000,7.303306
-0.036950,0.370882,0.004173,-0.437868,0.833840,5.611106
-0.044821,0.432139,0.008834,0.158229,0.623091,4.071652
-0.040951,0.519758,0.013495,-0.300294,0.085044,2.895110
-0.027638,0.588541,0.010262,-1.480429,-0.520113,1.897543
-0.029092,0.649493,0.017243,-1.014858,-0.863286,1.548212
-0.016431,0.701913,-0.005947,-1.929926,-0.454103,1.594402
-0.010992,0.747680,-0.024066,-1.830222,0.401303,1.821018
0.006079,0.797728,-0.015899,-2.151547,-1.155153,2.146363
0.035651,0.873624,-0.011714,-3.904877,-0.391977,2.199541
0.038891,0.928516,0.017237,-3.552518,0.317588,0.711874
0.048538,0.988884,-0.028704,-4.187591,0.405265,1.673670
0.038100,1.029921,-0.004273,-4.963126,0.288696,0.366671
0.039527,1.079384,0.013065,-4.486588,0.211723,-1.441533
0.069821,1.144816,-0.013332,-5.506927,1.942611,-1.971181
0.072785,1.189096,0.016787,-4.885007,0.224586,-3.049354
0.069483,1.223368,-0.004322,-5.047268,0.590086,-4.192582
0.054705,1.262990,-0.004266,-4.278948,0.862728,-5.874002
0.069210,1.294502,-0.005002,-3.535246,0.902833,-5.502305
0.085399,1.331387,-0.019523,-4.091333,0.780103,-5.734742
0.078247,1.329624,-0.004962,-2.099809,0.233738,-7.115010
0.088199,1.320098,-0.027578,-1.959144,-0.029576,-7.369278
0.066161,1.287445,-0.031018,-1.508206,0.702985,-8.235500
0.082114,1.260630,0.005427,-0.375653,-0.234807,-7.941209
0.111170,1.242377,-0.015312,-1.222381,0.718209,-6.590275
0.110096,1.202068,0.009861,-0.287099,0.667118,-6.347883
0.101375,1.176134,-0.005130,-0.364466,0.586702,-4.811843
0.090960,1.127485,-0.005290,-1.269270,1.282756,-3.864563
0.079173,1.079325,0.037749,-1.180503,0.148697,-3.472183
0.099816,1.055721,0.003730,-2.481865,0.288847,-2.419350
0.106729,0.993496,0.016974,-2.537716,0.781629,-3.742018
0.111183,0.944180,0.023119,-2.966215,1.064474,-4.358823
0.090963,0.867722,-0.026022,-3.869897,1.601953,-4.608104
0.083427,0.796927,0.014680,-3.438052,0.493356,-3.725968
0.090543,0.720919,0.008131,-4.258334,0.364468,-2.587144
0.059193,0.618444,0.019426,-3.324286,0.638276,-2.309607
0.053803,0.523536,0.042226,-3.083434,-0.636233,-0.277556
0.040890,0.417716,0.013117,-3.099603,-0.850563,0.603465
0.054528,0.314848,0.020034,-1.385389,-0.099318,2.175938
0.051131,0.227778,0.008978,-0.954527,-0.710383,3.490510
0.038041,0.116221,-0.006528,-0.570590,-0.047983,3.836484
0.027022,0.016497,0.019699,1.138710,0.073933,4.627986
0.038343,-0.055845,0.004137,0.577016,1.019370,5.567595
0.030094,-0.160689,0.025847,1.719584,0.493993,6.177634
0.012569,-0.231501,0.036715,1.940393,0.160429,7.001838
-0.010697,-0.304722,0.020999,1.574326,0.591245,6.931880
-0.024907,-0.375104,0.049832,2.055400,-0.221677,7.064432
-0.009535,-0.416059,0.016728,1.120729,0.997854,7.032042
-0.001322,-0.482644,0.019164,1.270346,0.425387,5.511338
-0.003459,-0.515852,0.022623,1.570512,0.239988,4.966362
-0.025386,-0.551847,-0.013280,0.566270,0.757511,4.601854
-0.050257,-0.593869,0.012664,0.644274,-0.817593,4.704601
-0.047946,-0.612540,0.014319,-0.549247,-1.173075,4.438297
-0.064217,-0.628473,0.030839,-0.302811,-0.424400,3.968209
-0.082950,-0.626451,0.029684,-0.863918,-1.917624,5.579095
-0.111707,-0.644747,0.013078,-1.292125,-0.947755,5.030330
-0.118006,-0.641225,0.041376,-0.175298,-1.348964,4.139866
-0.082966,-0.622472,0.017716,-0.796631,-0.709729,4.025421
-0.063449,-0.625784,0.032172,-0.214609,0.105129,2.164666
-0.053831,-0.616564,0.035389,0.629621,-0.327617,1.942409
-0.061141,-0.600730,0.008624,0.821381,0.683058,1.074978
-0.064010,-0.562647,0.050554,1.820404,0.123531,0.479014
-0.047651,-0.521580,0.012015,1.725732,2.323683,-0.859814
-0.047322,-0.500264,0.062403,2.643918,-1.063025,-2.263871
-0.036776,-0.470653,0.042016,2.377811,-0.550459,-3.087967
-0.038686,-0.458025,0.032300,3.806811,0.495835,-3.749112
-0.032896,-0.425454,0.025371,3.819363,-0.683591,-2.324488
-0.009610,-0.402739,0.017352,3.515937,-0.338817,-2.695515
0.012149,-0.383064,0.019741,4.192786,-1.607624,-3.486031
0.027747,-0.357415,-0.014107,3.308835,-0.720594,-3.626405
0.004192,-0.353522,0.023506,3.106483,-1.159752,-3.649737
0.010862,-0.335925,0.028007,2.446700,-0.873608,-3.270189
0.038999,-0.321463,0.007262,2.052430,0.771563,-4.061913
0.045817,-0.331862,0.042351,1.805889,-2.387046,-4.215658
0.043240,-0.343012,0.011525,0.714951,-0.291652,-3.664796
0.014223,-0.354579,0.029457,1.583980,0.369448,-2.933919
-0.001306,-0.345651,0.024901,-0.077338,-0.610052,-1.901034
0.002187,-0.340169,0.045098,-0.260524,-0.564596,-2.436735
0.024881,-0.323846,0.042003,-0.813552,-0.302031,-2.019500
0.023930,-0.336805,0.039334,-0.970866,0.531571,-2.727050
0.016964,-0.346570,0.046904,-0.553547,-0.126227,-1.768305
0.017365,-0.329909,-0.005737,-0.869794,0.850994,-0.551656
0.018576,-0.344532,0.022879,0.085612,0.878002,-0.790729
0.040975,-0.335522,0.027869,0.056602,-0.145170,-0.312205
0.014486,-0.349675,0.022656,0.239542,-0.155897,-1.396684
-0.001601,-0.344696,0.020683,1.009550,-0.914081,-0.476794
-0.019645,-0.349354,0.000854,1.103030,-0.506353,-0.312623
-0.021778,-0.339024,0.032116,2.196410,-0.847533,-0.292282
-0.014590,-0.314281,0.025971,1.435492,-0.801204,-0.737755
-0.002481,-0.301410,0.014700,2.031113,-0.281877,-1.631497
-0.008997,-0.290578,0.038697,2.026367,-0.818592,-0.693353
-0.023695,-0.264204,0.015228,0.677895,-0.435534,-1.058069
-0.011373,-0.228422,0.042778,1.456880,-0.312863,-1.392012
0.004228,-0.178509,0.027613,0.329008,-1.512680,-0.717477
0.001950,-0.148800,0.014158,0.398573,1.253136,-0.508393
-0.002973,-0.104989,0.009687,-0.266130,0.542852,-0.014396
-0.014583,-0.069358,0.004133,-0.939605,0.738344,-0.722081
-0.007611,-0.038950,0.028423,-0.708111,0.129925,0.153109
0.018408,-0.010009,-0.005028,-1.541033,0.671540,0.242378
0.019042,0.003200,0.023103,-0.875262,0.401218,-0.196110
0.037151,0.043531,0.001465,-1.390388,0.136427,-0.175965
0.040223,0.061575,-0.002481,-0.779432,1.336539,-0.359290
0.025777,0.084539,0.019019,-0.673793,-2.693021,-0.048968
0.029736,0.128392,-0.014508,-1.229549,-0.538908,0.235192
0.045889,0.155180,0.029694,-0.376739,-0.833284,0.416382
0.071548,0.172528,0.023382,-0.180321,-0.947332,0.491862
0.051042,0.177022,-0.013592,-0.024500,-0.036397,-0.223434
0.041638,0.196267,0.008410,1.190881,-0.087921,-0.991043
0.066598,0.231431,-0.004069,0.641716,1.530853,-1.691962
0.074830,0.232124,0.039853,1.281069,0.224439,-1.661071
0.099169,0.224407,0.000047,1.313592,0.418267,-0.377341
0.082071,0.203468,-0.005153,1.276769,0.686081,-1.003854
0.095841,0.168543,-0.012765,2.654553,6.513564,0.312503
0.068374,0.162198,-0.009919,1.395032,1.874921,2.546091
0.059875,0.148615,0.015008,1.513023,-0.026766,4.444378
0.038651,0.152846,-0.028304,0.393255,0.388850,4.997107
0.006099,0.161702,-0.012778,0.380011,-0.287112,3.791989
-0.007943,0.180353,0.004288,-0.835364,-1.937926,4.317005
-0.015955,0.211257,-0.013372,-2.348184,0.416987,4.013359
-0.016044,0.246084,0.020605,-2.890985,-0.483727,4.506414
-0.025284,0.268392,-0.023725,-4.273836,0.250091,4.756551
-0.053195,0.258938,0.001393,-3.674585,-0.130694,4.804110
-0.051616,0.289721,-0.014209,-4.595512,0.109928,5.788395
-0.055696,0.320625,0.001524,-4.679162,0.157015,5.854257
-0.046318,0.367288,0.040125,-4.054048,-0.107986,6.110270
-0.052542,0.403031,-0.006676,-4.389821,0.837674,5.853960
-0.050191,0.441964,0.003641,-3.178011,0.894168,5.350325
-0.006367,0.492966,-0.021978,-3.710245,3.183439,4.624893
0.014538,0.555247,-0.001936,-2.507212,1.457428,4.116233
0.026506,0.623785,0.003168,-1.741596,0.510467,4.867770
0.015165,0.688028,-0.010234,-2.187460,0.950216,3.938156
-0.000420,0.765281,0.026487,-1.240050,0.303004,1.776912
0.018888,0.838679,-0.008602,-1.589981,-0.085991,0.500416
0.041773,0.903229,-0.003840,-1.112130,-0.277656,-1.347029
0.020755,0.950827,0.034906,-1.040084,-2.281795,-3.015946
-0.007789,1.028706,-0.012085,-1.615180,-1.253774,-3.323788
0.004573,1.066894,-0.001739,-0.999227,-0.857843,-3.035994
0.036819,1.096778,0.008873,-1.168362,-1.051878,-3.045457
0.047576,1.129080,-0.020853,-1.856430,0.619109,-4.588469
0.016045,1.152536,-0.007056,-1.406237,-0.018931,-5.524523
-0.000167,1.172060,0.032494,-2.486884,-0.704751,-5.024103
0.015956,1.191466,-0.013539,-3.396507,2.644902,-4.299363
0.023975,1.195162,0.023195,-3.105542,1.211087,-4.813419
0.037423,1.196436,0.013899,-3.699157,1.536160,-5.649844
0.029818,1.171190,-0.010473,-3.658911,2.378076,-6.129831
0.018513,1.136682,0.019676,-3.473388,1.380559,-6.104632
0.020328,1.109271,0.004629,-4.014209,1.345116,-5.282446
0.013327,1.063192,0.017201,-3.185909,0.752265,-7.310641
0.037574,1.014379,0.038950,-3.051506,-0.490772,-8.234762
0.038080,0.949376,-0.014675,-2.536025,1.549513,-8.035372
0.031791,0.862730,0.022200,-1.275451,-0.919967,-7.824970
0.069821,0.790556,0.013715,-1.591862,-0.402139,-6.150219
0.076754,0.689043,-0.011717,0.049200,-0.325655,-6.719114
0.077633,0.602340,0.036351,-0.170339,-0.900341,-5.924812
0.073028,0.513065,0.000861,-0.114029,-0.209562,-4.520022
0.077696,0.407551,0.010226,1.253234,-0.238664,-3.619038
0.086296,0.323149,0.032523,0.546220,-0.272778,-2.047237
0.055684,0.230066,0.016528,0.240034,0.354479,-1.264713
0.045400,0.139736,0.030363,0.500653,-0.088873,0.295497
0.044455,0.048176,0.027790,-0.251035,0.011366,2.475425
0.055270,-0.034702,0.019239,0.023545,1.294934,3.916406
0.053485,-0.109578,0.017306,-0.446602,0.482101,5.257550
0.036009,-0.178030,0.011857,-1.323220,0.725149,4.636293
0.013429,-0.255387,0.002371,-0.679530,1.298253,3.269784
0.008614,-0.322858,0.008207,-1.070331,-0.108390,4.635575
0.002446,-0.369803,0.020244,-1.920909,0.013411,4.861293
-0.016861,-0.447797,0.058599,-1.142216,-1.303033,4.400029
-0.010963,-0.492576,0.003411,-1.099239,0.982650,5.350292
-0.020308,-0.572806,0.026657,-0.460618,-0.243226,5.461026
-0.008754,-0.608200,0.029369,0.363307,-0.679987,6.433318
-0.009706,-0.646444,0.000828,0.915075,0.419879,5.987957
-0.034373,-0.680256,0.042351,1.596171,-1.010942,5.626757
-0.021243,-0.706775,0.033239,2.027940,-0.685804,6.167599
0.001967,-0.757919,0.017913,3.134833,0.570409,5.401344
0.023972,-0.783594,0.051492,3.730392,-0.588197,5.370414
0.028725,-0.800965,0.018471,3.544311,-0.065423,5.693879
0.000703,-0.794170,0.011168,4.064006,1.017030,5.126427
-0.020528,-0.782974,0.032444,4.069104,-0.452471,5.606096
-0.008058,-0.747097,0.002026,3.437599,0.701148,4.536775
0.021737,-0.748114,0.037870,3.340724,0.332773,3.367985
0.030042,-0.736324,0.046073,2.038818,-1.604427,2.446956
0.011804,-0.728574,0.022128,1.662404,0.676901,0.761665
0.005272,-0.684908,0.027380,1.593716,-0.226679,0.513923
0.022449,-0.659498,0.025171,1.113974,-0.562249,-0.600964
0.035819,-0.648571,0.038048,1.029012,-0.740876,-1.353020
0.043841,-0.630941,0.028913,0.550675,-0.445011,-1.115503
0.027435,-0.626809,0.025279,-0.014971,-0.333352,-0.957615
0.021583,-0.600966,0.056784,1.011112,-1.072412,-0.828320
0.046680,-0.547117,0.030816,0.706295,-0.972580,-0.968749
0.055592,-0.504236,0.027051,0.392186,-0.590301,-3.013039
0.043595,-0.479112,0.040568,1.678281,-0.162951,-4.292243
0.034151,-0.462611,0.005230,1.776068,-0.305392,-3.697810
0.035871,-0.463970,0.001603,1.665946,0.671914,-2.551359
0.047803,-0.434435,0.055323,2.013720,-1.339780,-2.546310
0.094732,-0.364207,0.054860,1.203788,0.723619,-1.425180
0.114416,-0.333959,0.026572,2.221075,3.253559,-1.161496
0.076042,-0.317557,0.045184,2.784728,1.128331,0.062919
0.059285,-0.277051,0.021222,1.700785,0.979256,-0.212452
0.074906,-0.225100,0.043122,1.247051,0.582993,-0.485499
0.081966,-0.169112,0.061908,1.410755,-1.497925,-1.533579
0.082258,-0.115949,0.021419,0.512707,1.854189,-1.502131
0.044074,-0.098037,0.065863,0.599081,-1.028766,-1.385588
0.040778,-0.076005,0.047156,-0.092135,-0.711614,-1.148613
0.043841,-0.049893,0.041967,0.069023,-0.547397,-1.904569
0.071354,-0.003083,0.057778,-0.663624,-1.317706,-0.958438
0.072152,0.054199,0.029654,-1.467621,-0.041737,-1.016972
0.044025,0.098962,0.033669,-0.996637,-0.705482,-0.425330
0.040302,0.139162,0.014109,-1.937811,0.131943,-0.251364
0.040486,0.160882,0.051371,-1.166159,0.364117,-1.632438
0.045400,0.212140,0.044524,-2.103071,0.241554,-2.499287
0.042167,0.222408,0.038317,-1.897486,0.818629,-3.650239
0.050622,0.235672,0.053370,-0.762740,0.585241,-3.325356
0.050284,0.256394,0.023418,-1.154641,2.532919,-2.099054
0.031751,0.274303,0.052858,-0.708679,0.481808,-2.121033
0.051742,0.303789,0.050058,-0.525575,-0.059925,-1.692833
0.075723,0.323937,0.035563,0.262608,1.087451,-2.101529
0.083906,0.329232,0.052635,0.317418,-0.713173,-2.355849
0.084366,0.343015,-0.003508,0.276076,0.755528,-3.793899
0.066713,0.341111,0.029950,0.673933,0.128388,-5.331961
0.067773,0.343733,0.040198,0.549926,-1.722851,-4.133467
0.069608,0.342654,-0.008215,0.471870,1.080358,-3.501053
0.061208,0.353200,0.047727,0.360300,-1.345761,-2.904099
0.050606,0.357877,0.028483,-0.797574,-1.469644,-2.824864
0.039908,0.354227,0.037381,0.005944,-1.770420,-2.988586
0.043138,0.348355,0.009848,-1.344487,-1.369598,-1.886024
0.045909,0.339427,0.005437,-1.361936,0.695078,-2.002922
0.091114,0.343031,0.024685,-0.870313,0.411377,-1.302088
0.104306,0.326839,-0.004266,-1.769707,1.345497,-0.768458
0.089818,0.287003,0.020726,-1.831181,1.317159,-0.643781
0.087034,0.270804,0.011575,-2.257641,1.550291,-0.169921
0.099878,0.261544,0.014851,-1.768604,2.477065,0.730862
0.137538,0.246481,0.023099,-1.312040,1.176182,2.080655
0.153500,0.211116,-0.005323,-1.125493,1.688978,1.892933
0.146857,0.172945,0.020385,-0.243341,0.886740,2.780527
0.107596,0.150713,0.046756,-0.673301,-1.306940,5.427440
0.073123,0.131662,0.011276,-0.245806,0.042989,7.281492
0.082836,0.150191,0.026247,0.468020,-1.608474,8.751115
0.094312,0.149337,0.021744,-0.414648,-1.630191,6.796830
0.107120,0.130043,0.037532,0.775719,-1.173259,5.577316
0.063020,0.122001,0.004468,-0.155102,-0.623566,6.635163
0.011292,0.111386,0.027110,-0.654899,-0.781254,8.018186
0.030951,0.154422,0.050790,-1.251541,-0.193553,11.188608
0.096084,0.180340,0.024307,-1.536116,1.888264,11.242430
0.105626,0.189167,0.060211,-1.414078,2.227823,9.853844
0.069486,0.222191,0.030350,-3.109030,2.269979,8.046397
0.062025,0.278584,0.029146,-3.042449,3.174695,7.758412
0.103023,0.345916,0.050554,-3.232647,3.366379,7.951731
0.154101,0.435448,0.020280,-4.298599,2.832635,6.224590
0.165642,0.486779,0.048003,-4.055226,2.455076,3.021297
0.143774,0.526362,0.046588,-3.865662,1.367962,1.419745
0.109778,0.569933,0.011112,-4.128854,0.469617,1.860635
0.098979,0.608006,0.034624,-2.843124,-0.758599,2.492287
0.116149,0.694751,0.063841,-2.879161,-4.413124,1.015566
0.150231,0.765908,0.032950,-2.524996,-1.977214,-1.996630
0.161808,0.795807,0.049749,-1.348374,-2.356444,-3.410360
0.164405,0.860481,0.043201,-1.856623,-2.336194,-2.647440
0.174482,0.916217,0.019617,-1.147790,-0.294347,-2.929409
0.200649,0.989018,0.041822,-0.787444,-0.191686,-4.580830
0.231744,1.028644,0.033002,-1.204150,1.029729,-6.918662
0.232912,1.044459,0.044123,-0.420196,2.581216,-8.172924
0.217202,1.077231,0.019380,-0.915007,3.080485,-6.922031
0.215702,1.103251,0.004485,-1.295563,3.484481,-7.142283
0.241374,1.128506,0.017933,-0.944204,3.606312,-6.894846
0.260196,1.150045,0.015602,-2.067507,3.292619,-8.418852
0.243534,1.132425,0.048758,-1.690519,2.745653,-10.859910
0.216795,1.093692,0.041133,-2.325060,1.635467,-10.709869
0.203219,1.044731,0.026280,-1.776161,2.708814,-10.120767
0.200971,0.990266,0.048804,-2.009345,-1.021903,-8.556221
0.217550,0.934179,0.019069,-1.944179,-0.553515,-8.443635
0.211836,0.859966,0.025374,-1.253055,-1.535339,-7.248059
0.185153,0.770497,0.029126,-1.632528,-1.067292,-5.646087
0.159937,0.689187,0.027655,-1.454833,-2.249289,-5.741550
0.158545,0.647228,0.032083,-1.247117,-1.634780,-4.532578
0.171265,0.553629,0.025538,-1.498036,-0.795776,-4.913950
0.151738,0.444455,0.045879,-0.700108,-0.998712,-4.028895
0.135027,0.357812,-0.010825,-1.078606,2.035196,-1.500238
0.103325,0.236099,0.009825,-0.541143,1.419919,0.887556
0.101900,0.151970,0.024570,-0.743440,1.750740,1.958555
0.092802,0.047218,0.021452,-0.254363,2.838294,2.143091
0.084083,-0.057653,0.052218,-0.296805,1.161608,3.663620
0.051827,-0.169643,0.005548,-0.429392,2.426328,3.650737
0.031561,-0.258282,0.040519,1.011211,1.675458,5.165682
0.011696,-0.347082,0.031276,0.144046,1.505969,6.382151
0.012536,-0.422391,0.017867,0.402207,0.887827,6.810320
0.023326,-0.483369,0.041632,0.708934,-1.116400,6.217011
0.023854,-0.528260,0.014063,-0.107181,-0.914225,5.485799
0.002705,-0.584823,0.042134,0.780597,-1.679092,5.056331
-0.017587,-0.606093,0.020066,-0.234153,-2.470025,4.952104
-0.021368,-0.630882,0.014900,-0.193395,-2.417382,3.463827
-0.020948,-0.666375,0.044790,0.707487,-2.652686,3.741508
-0.022799,-0.698481,0.019233,0.379644,-2.283212,4.313359
-0.030368,-0.735395,0.007048,0.703272,-1.520209,4.042354
-0.043275,-0.749001,0.030941,1.402116,-3.037579,3.758683
-0.007339,-0.762468,-0.027641,1.685240,2.434485,4.535705
-0.000971,-0.771482,0.003546,2.077452,0.697386,3.620023
0.012228,-0.757794,0.010702,2.131202,0.900973,3.943524
0.017178,-0.735497,-0.012847,2.206517,2.733614,3.390837
0.006884,-0.728725,0.017647,2.684985,0.314989,3.127073
0.016012,-0.713777,-0.011327,2.080724,1.662318,2.504919
0.014427,-0.696157,0.005719,3.377622,1.189506,1.302204
-0.005281,-0.681878,0.007153,2.818751,-2.334812,-0.058246
-0.003370,-0.688075,-0.029810,2.755196,-0.010918,-1.235224
0.028899,-0.680063,-0.018273,3.937544,-1.155481,-1.052920
0.071164,-0.670672,-0.034773,3.460018,-1.180237,-1.204154
0.060539,-0.658215,-0.047959,3.313598,-1.596867,-1.642882
0.022367,-0.651729,-0.023538,3.408526,-2.773887,-0.902302
-0.005796,-0.632842,-0.052889,2.497489,-2.514880,-0.235839
0.003198,-0.617772,-0.040554,2.590277,-1.779830,-0.569230
0.055710,-0.578307,-0.049754,2.166885,-1.564178,-0.363411
0.055343,-0.564406,-0.068619,0.863137,-0.624087,-0.753339
0.003208,-0.563530,-0.044502,1.351498,-0.279536,-0.028761
-0.008166,-0.505470,-0.080547,-0.039678,1.167947,2.561804
0.012126,-0.452078,-0.075830,-0.278774,1.653347,2.438214
0.050747,-0.395570,-0.063111,-0.238879,1.750074,2.560846
0.024704,-0.386357,-0.088418,-1.375785,1.155687,1.048392
-0.015404,-0.363091,-0.080196,-0.585833,1.146457,1.643255
-0.028412,-0.302415,-0.087256,-0.697912,0.591452,3.354090
0.014781,-0.220049,-0.111609,-1.226887,0.861518,4.028894
0.032608,-0.162806,-0.089613,-0.500024,-1.098915,2.158872
0.048906,-0.102143,-0.131796,-0.766801,-0.193953,-0.356389
0.007609,-0.063263,-0.122086,0.058644,-0.827339,-2.105484
-0.001972,0.000797,-0.105382,-0.322602,-2.258476,-0.596167
0.015418,0.076418,-0.142276,-0.530925,-1.090233,0.162191
0.045324,0.150831,-0.107460,0.925749,-1.261872,-2.313254
0.043233,0.206245,-0.107309,0.333627,-1.219364,-2.723816
0.018845,0.242894,-0.101256,-0.078142,-2.049073,-3.223227
0.016885,0.301630,-0.099605,0.621250,-0.074332,-2.420192
0.037919,0.390597,-0.112163,-0.200768,0.683977,-2.688040
0.072040,0.454358,-0.114356,-0.169538,2.055091,-3.328254
0.089998,0.483871,-0.095991,0.163750,2.867025,-4.228138
0.073724,0.513636,-0.109977,-0.903758,2.218753,-4.264426
0.044573,0.556718,-0.123892,-1.326995,2.246601,-3.526626
0.050901,0.631370,-0.099470,-1.375720,1.356565,-3.106465
0.079980,0.691439,-0.084122,-2.763374,0.507569,-3.922808
0.082954,0.721306,-0.070903,-2.609647,0.950993,-6.545798
0.053333,0.741808,-0.074803,-2.797278,-0.184254,-7.510202
0.040095,0.758099,-0.098220,-3.162630,0.454699,-8.519014
0.015585,0.752522,-0.054849,-1.921064,-1.448384,-8.009413
0.025062,0.775922,-0.076877,-2.288136,-1.320900,-7.348966
0.019593,0.760882,-0.052663,-1.232884,-1.207118,-7.775611
0.018182,0.729269,-0.035223,-1.109635,-1.927396,-6.797963
0.003483,0.667405,-0.044827,-1.023960,-0.640326,-7.193634
0.035175,0.625944,-0.020045,0.684506,0.119834,-6.265432
0.079409,0.595431,-0.006912,0.319650,1.294382,-4.724871
0.085915,0.524711,0.008512,1.276116,1.556495,-4.223480
0.080207,0.462003,0.011903,1.242087,1.466448,-1.549707
0.063286,0.403556,0.000697,0.899131,1.478672,-0.339695
0.051006,0.346983,0.039052,1.340025,0.722277,1.295798
0.034660,0.317126,0.014834,-0.100994,0.976951,3.158132
0.000634,0.272321,0.049152,0.008688,-0.652001,3.302976
-0.034872,0.227978,0.036521,-0.863081,-0.440790,3.357058
-0.051938,0.181256,0.012264,-1.755481,-0.107438,4.144371
-0.054412,0.134609,0.050711,-1.631635,-1.243930,6.661247
-0.026879,0.098850,0.039059,-2.821994,-1.243677,7.605176
-0.010874,0.064624,0.072451,-2.386960,-0.730212,8.826375
-0.022553,0.053553,0.069940,-3.528158,-1.850495,10.310024
-0.036254,0.002317,0.056423,-3.940180,-0.310601,9.211067
-0.034160,0.007516,0.074506,-3.093163,0.443339,9.518326
-0.021010,0.025711,0.051102,-3.613121,0.307958,9.260556
-0.012959,0.036077,0.066020,-3.317488,0.672673,9.036789
-0.014239,0.033595,0.073275,-2.859568,0.877855,10.082538
-0.017186,0.032374,0.063181,-2.204853,3.077567,10.228580
-0.002360,0.059697,0.109395,-1.061596,0.707388,9.821765
0.020207,0.106009,0.078897,-1.262134,1.069477,8.981654
0.015828,0.146863,0.091719,0.062704,0.287991,8.376539
-0.004342,0.196358,0.061812,-0.064362,-0.078897,7.513082
-0.002898,0.250174,0.070468,0.972117,0.224259,5.675234
0.039784,0.337999,0.068646,-0.001612,0.104361,4.769264
0.068915,0.388598,0.093649,0.025025,-0.483622,3.775768
0.054673,0.471158,0.084566,-0.066946,-0.466751,3.030109
0.036442,0.536281,0.071719,-0.984876,0.759716,0.722044
0.031098,0.607172,0.104927,-1.091053,-1.048898,-0.246214
0.078904,0.693005,0.057243,-2.263255,0.384028,-0.975733
0.113701,0.760488,0.073074,-2.613671,0.340818,-4.240985
0.108803,0.837018,0.093875,-2.927174,0.215176,-5.307388
0.104004,0.868215,0.050107,-3.744563,1.258548,-6.073401
0.133661,0.896372,0.071676,-2.801578,1.027281,-5.547036
0.168297,0.924266,0.061576,-3.475682,1.048413,-6.894805
0.180137,0.928766,0.072749,-2.910017,-1.707873,-8.904828
0.165606,0.948841,0.032737,-2.594623,0.197428,-8.285679
0.137262,0.937261,0.030189,-1.888663,0.218317,-8.620409
0.149013,0.944374,0.043135,-1.176115,-0.894318,-8.492709
0.171997,0.965450,-0.007562,-1.819683,0.263549,-9.172903
0.176464,0.924020,0.025075,-0.533742,-0.486459,-9.888214
0.167884,0.885759,0.010757,-0.518623,-0.815402,-9.338540
0.178949,0.837422,-0.023666,-0.461790,1.679905,-9.418615
0.181408,0.800423,0.014621,0.265243,0.430540,-8.129105
0.224749,0.755729,-0.012397,-0.326255,1.047018,-7.846443
0.213891,0.665790,-0.000771,0.502275,1.063039,-7.144154
0.195430,0.592565,-0.007191,0.297086,0.647388,-4.724159
0.157649,0.526299,-0.025648,-0.644455,0.874969,-3.082011
0.136937,0.456708,-0.013746,0.247515,1.327683,-1.830266
0.131997,0.383599,-0.040531,-1.276212,0.615177,-0.313200
0.121395,0.301610,-0.032403,-1.280663,0.547352,-1.155575
0.108439,0.222972,-0.048461,-1.012688,0.283100,-0.947871
0.086772,0.138853,-0.081072,-1.746920,0.452076,0.247262
0.045462,0.080807,-0.048356,-1.784961,-1.759017,1.736968
0.062423,0.023351,-0.066928,-2.624477,0.504864,1.736794
0.067412,-0.046408,-0.041565,-1.868157,0.315235,1.688107
0.051633,-0.144566,-0.060219,-2.340851,-0.377937,1.862701
0.005456,-0.232377,-0.068221,-1.630538,-0.087176,2.402534
0.006460,-0.283206,-0.079267,-0.635195,0.074560,3.699574
0.023112,-0.320160,-0.075846,-0.367902,1.047928,3.586259
0.043598,-0.376483,-0.026909,0.610908,0.243983,4.142203
0.020450,-0.443524,-0.065520,0.012618,-0.086434,3.068938
0.006221,-0.509291,-0.054511,1.727626,0.185395,1.719387
0.013229,-0.540733,-0.066836,1.915716,1.422254,3.108223
0.019886,-0.581041,-0.049617,2.618201,-0.210638,3.070019
0.027458,-0.599508,-0.053769,3.197741,-0.372465,3.424802
0.015165,-0.634621,-0.075718,2.912599,-0.087281,2.197059
0.007278,-0.676626,-0.053089,4.011523,-0.360544,2.210438
0.026910,-0.705459,-0.091799,3.952640,-0.527311,2.184455
0.034755,-0.734722,-0.062172,3.739495,-0.989643,0.272041
0.023024,-0.761070,-0.077015,3.320711,-1.050824,-0.185784
-0.002458,-0.798736,-0.065963,3.968363,-0.323061,-0.551664
0.003224,-0.829319,-0.059103,3.186338,-1.274000,1.811748
0.018848,-0.851587,-0.057928,2.460755,-0.146220,1.307461
0.035185,-0.838949,-0.030930,2.464218,-0.359185,1.652728
0.039081,-0.829105,-0.042973,1.073121,-0.417497,2.055152
0.022236,-0.843233,-0.041190,1.796961,0.295885,0.886311
0.030580,-0.825491,-0.042267,0.677476,-0.009188,1.182443
0.043677,-0.827589,-0.029594,1.234857,1.085748,0.347817
0.051345,-0.823903,-0.024962,0.941518,0.076116,1.325334
0.017033,-0.816251,-0.049974,0.296148,-0.011994,1.213452
0.005003,-0.789588,-0.009177,1.273245,-0.245031,3.063161
0.008056,-0.759573,-0.028455,0.787257,-1.023852,2.905463
-0.003800,-0.775618,-0.000226,1.693499,-2.104933,1.809926
-0.018893,-0.745935,-0.017140,1.894295,-1.043813,2.251623
-0.037547,-0.732204,-0.015679,3.129549,-0.897744,2.218825
-0.018939,-0.669799,0.004419,2.893896,-1.395516,4.468395
-0.039533,-0.635143,-0.001650,2.093516,-0.482204,5.030308
-0.026991,-0.596128,0.025371,3.007993,-0.111817,5.774302
-0.005612,-0.547009,0.015858,2.222253,0.469365,5.003250
-0.017918,-0.495678,0.008752,2.226471,1.002679,5.047145
-0.005524,-0.409829,0.021957,1.619279,1.312561,5.977046
-0.009906,-0.314386,0.033291,0.447780,1.395013,5.946620
0.009497,-0.206942,0.054227,-0.245671,-0.108564,4.600041
0.053235,-0.114777,0.027271,-1.492580,0.752318,2.540721
0.066959,-0.030731,0.022443,-1.547676,1.216596,0.714525
0.046811,0.054409,0.023536,-1.832983,2.416612,0.302529
0.028239,0.151698,-0.007027,-3.063874,0.562218,-2.266782
0.063020,0.271448,0.035868,-2.157560,-0.079295,-2.803613
0.091472,0.347942,0.040024,-2.654787,-1.424559,-2.847089
0.080876,0.398488,0.029392,-2.201098,-2.026752,-5.025234
0.081644,0.474145,0.031791,-2.186052,-0.876665,-4.918070
0.073008,0.540929,0.019147,-0.830287,0.568297,-4.970242
0.108117,0.606900,0.048863,-0.984161,-1.883464,-5.028837
0.138795,0.658119,0.045640,-0.525082,0.052876,-6.020012
0.123981,0.691876,0.054568,0.507819,0.418057,-7.105328
0.104300,0.727145,0.025013,0.296669,1.426071,-5.780973
0.086965,0.770943,0.050032,0.867699,1.100036,-5.221007
0.109338,0.828602,0.039009,0.310298,1.440096,-5.899605
0.109296,0.862011,0.058829,1.067212,1.433407,-8.150604
0.084018,0.881824,0.066598,-0.230070,0.436898,-9.196317
0.031170,0.885441,0.065118,-0.122167,0.921993,-10.253936
0.023880,0.908297,0.053048,-1.068277,0.146648,-9.856426
0.045206,0.931612,0.058724,-2.022111,-0.320430,-9.832727
0.057489,0.942549,0.055819,-1.631799,-0.104225,-10.507790
0.055234,0.922267,0.008135,-2.944751,1.480037,-10.025009
0.028393,0.859136,0.033170,-2.418491,-0.474415,-10.510281
0.007872,0.827913,0.026290,-2.848418,-0.403968,-8.755259
0.031745,0.776110,0.033534,-2.369770,-0.794502,-6.486670
0.051000,0.690549,0.029658,-2.305618,-0.724547,-3.887522
0.049874,0.596104,0.002502,-1.740362,0.393337,-1.917450
0.057305,0.498093,0.019804,-0.967775,0.287465,0.509383
0.065324,0.433351,0.015445,-0.874993,0.269569,3.026305
0.054909,0.368480,0.043949,-0.415442,-0.093009,4.366309
0.062357,0.311126,0.020181,-1.140342,1.257600,4.973472
0.068114,0.254152,0.035658,-0.046460,1.263242,5.004193
0.075181,0.189409,0.024947,-0.596951,1.212026,6.003943
0.058494,0.120915,-0.003564,-0.713819,0.990711,6.877145
0.036813,0.090743,0.010807,-1.424536,-0.549937,8.703162
0.014309,0.059192,-0.001532,-1.639992,0.340785,8.878346
0.002544,0.010477,0.029343,-0.880517,-0.582263,9.611650
-0.020758,-0.050008,0.003106,-1.825764,-1.053171,8.617127
-0.044473,-0.083000,0.031148,-1.507434,-2.259195,8.005750
-0.049938,-0.086148,-0.024562,-2.076795,-0.457645,8.914116
-0.051507,-0.098162,0.016938,-1.521784,-0.700453,10.803547
-0.038026,-0.094351,0.015438,-1.965603,-0.247155,11.565197
-0.052220,-0.096891,-0.007897,-1.037661,0.317657,10.284196
-0.070578,-0.070652,-0.010148,-1.655488,-0.352141,10.293967
-0.083370,-0.064428,-0.023334,-2.021506,0.357483,8.717733
-0.062802,-0.024425,0.008273,-1.505681,0.474676,9.160373
-0.061394,0.032453,0.005213,-2.276975,1.372098,8.109916
-0.065057,0.070234,0.003293,-1.176206,0.667030,6.530807
-0.073497,0.126118,-0.028192,-1.678869,0.877283,5.386666
-0.051947,0.192968,-0.055991,-1.401555,2.643077,3.369219
-0.028100,0.265664,-0.026518,-0.638792,0.305850,1.293746
-0.024969,0.331782,-0.039323,-1.463866,0.228339,-1.087106
-0.025954,0.367731,-0.021847,-0.266479,-0.284798,-2.733919
-0.034370,0.395586,-0.054406,-0.399204,-0.599161,-3.590114
-0.019005,0.442023,-0.069055,-0.254675,-0.811965,-3.078025
-0.001027,0.490117,-0.018328,0.733795,-0.980833,-2.105366
0.018920,0.550281,-0.055801,-0.063089,-0.872719,-1.928473
0.019002,0.595063,-0.032564,0.031452,-1.140556,-4.105915
0.033862,0.645143,-0.025819,-0.618970,-0.483268,-5.441973
0.050875,0.676409,-0.061128,-0.733130,0.901635,-6.679869
0.067573,0.695660,-0.034727,-1.121702,-1.034307,-6.292463
0.095368,0.719438,-0.048934,-1.664879,1.598231,-7.541933
0.089824,0.739015,-0.024667,-1.094572,1.272856,-6.832664
0.098493,0.740449,-0.053887,-2.206777,1.152745,-5.294743
0.099035,0.713356,-0.057796,-1.640176,1.726338,-6.493318
0.117279,0.717771,-0.065750,-2.152719,1.058014,-7.181770
0.112325,0.689410,-0.063495,-2.384104,0.494108,-8.013582
0.079567,0.655483,-0.060225,-1.107804,0.261458,-5.881104
0.065561,0.602560,-0.053933,-1.733427,-0.563215,-4.538605
0.071518,0.569917,-0.074172,-1.806609,-0.511773,-4.877911
0.104175,0.518228,-0.066337,-0.993115,-0.840975,-4.126625
0.101694,0.454286,-0.051409,-0.403228,-0.572603,-3.526200
0.055851,0.388053,-0.037938,-0.155788,-2.227204,-2.199455
0.024077,0.338491,-0.069272,-0.674200,-0.617408,-1.464094
0.042433,0.290066,-0.024315,-0.011479,-0.491113,-0.278180
0.060581,0.234576,-0.030818,-0.936007,0.014895,0.963095
0.036524,0.165576,-0.020629,-0.459194,1.413266,0.228308
0.008788,0.112013,-0.016914,-0.688584,0.618959,0.017119
-0.018073,0.073776,-0.027782,-1.220355,1.430039,0.142879
-0.011088,0.038348,-0.010194,-0.524376,0.720514,0.665562
0.033793,-0.010182,-0.012909,-1.356366,1.490075,-1.531294
0.016974,-0.070143,0.006772,-0.956046,1.668692,-3.076817
-0.012876,-0.116317,0.001826,-0.726043,0.857566,-0.833988
-0.048022,-0.170041,0.008771,-1.021794,0.727844,0.667839
-0.026036,-0.194613,0.031246,-0.055723,-0.012346,1.784650
-0.008357,-0.207562,0.010488,-0.879086,-1.207232,0.331259
-0.011767,-0.263905,0.039997,0.318442,-1.453825,-2.054952
-0.008586,-0.309479,0.044708,0.194770,-1.311463,-2.207017
-0.020127,-0.364965,0.027938,0.775807,-2.031498,-2.433538
0.007636,-0.400822,0.055829,2.037570,-1.515568,-1.033298
0.045584,-0.441613,0.045784,2.686656,-0.469898,-1.943402
0.067146,-0.494536,0.053567,3.355426,-0.845268,-1.163667
0.054269,-0.546179,0.042643,3.073590,0.055568,-1.755061
0.074272,-0.597221,0.061786,4.187866,-1.268505,-1.990440
0.111604,-0.631791,0.039925,3.625335,0.345611,-0.557566
0.118628,-0.691102,0.046142,3.729234,0.463486,0.140955
0.108679,-0.731581,0.037982,3.966406,1.062817,0.434113
0.102048,-0.776475,0.024251,3.293142,1.797243,1.156749
0.085462,-0.819711,0.059154,3.654315,-0.941371,3.281928
0.100033,-0.852933,0.027879,2.447868,-0.137085,4.446042
0.087080,-0.861789,0.046864,3.095969,-0.098710,3.499003
0.072812,-0.882934,0.057437,2.046111,-1.126901,3.623506
0.034893,-0.916100,0.036364,1.422507,-0.093471,4.464952
0.050196,-0.916737,0.056954,1.181199,-0.851593,5.651564
0.071276,-0.906584,0.041189,0.200055,-0.394300,5.260386
0.064254,-0.908307,0.041442,0.725245,0.095230,5.057597
0.064363,-0.914180,0.052549,0.016777,-0.496065,6.224475
0.057736,-0.915565,0.030160,-0.675148,-0.302887,6.127741
0.044025,-0.892030,0.069231,0.823252,0.015178,6.316668
0.071384,-0.835923,0.041320,0.240491,0.262293,7.862920
0.070350,-0.800578,0.051483,0.624258,0.461704,7.678968
0.031420,-0.744694,0.067035,1.353937,-0.538639,7.722196
0.053649,-0.681848,0.006136,0.751436,1.940695,7.740482
0.070048,-0.614319,0.035957,1.709290,0.277402,7.127621
0.062052,-0.529445,0.035625,2.006216,0.399830,7.118462
0.033137,-0.472055,0.022676,2.150936,0.731937,5.533380
0.067740,-0.376903,0.015057,1.980928,-0.220367,5.585587
0.075556,-0.265205,0.011653,0.883422,-0.035201,5.289388
0.086076,-0.160820,0.021087,1.606770,0.103737,5.046730
0.110596,-0.047638,-0.011951,0.183964,0.606390,3.040994
0.106818,0.082560,0.018071,0.187860,1.102393,0.123239
0.110464,0.196634,-0.016618,-1.515046,0.421940,-0.954147
0.111905,0.293486,-0.002504,-1.184396,0.154146,-2.624279
0.124336,0.418514,-0.006065,-1.935438,-0.083007,-3.892559
0.101759,0.540378,-0.011281,-2.729728,0.887153,-6.229188
0.126768,0.655506,-0.002806,-2.748340,0.476419,-6.406319
0.138227,0.717889,-0.013877,-3.321142,0.304274,-7.902560
0.125189,0.779740,0.010190,-1.964510,0.355507,-9.197976
0.141903,0.840294,-0.025113,-1.993045,1.662531,-10.357987
0.164815,0.864102,0.005371,-1.051372,0.685277,-9.280250
0.163906,0.910315,-0.025372,-0.888872,0.981188,-8.447601
0.164477,0.935068,-0.004099,0.197727,1.356896,-9.382624
0.173201,0.989662,0.007393,-0.713360,-1.006682,-9.050501
0.186764,1.008050,-0.013172,0.113910,1.343087,-10.006232
0.213332,1.025637,-0.011222,-0.078438,0.744859,-10.173896
0.221338,1.019292,-0.017173,-0.288136,1.139980,-12.237847
0.216697,1.021767,-0.023147,-0.238631,0.559047,-10.877663
0.206193,0.998137,-0.035745,-0.336034,1.109207,-9.223836
0.199313,0.958725,-0.016661,-0.437976,0.456583,-7.160406
0.201992,0.921676,-0.056510,-1.285663,1.523949,-7.926563
0.190549,0.879805,-0.005734,-1.411062,-0.177962,-6.967329
0.174629,0.809988,-0.040856,-2.241151,-0.033800,-5.974959
0.162044,0.713366,-0.022080,-1.473123,0.361779,-5.333825
0.121828,0.661733,-0.038272,-2.872899,0.579930,-2.047323
0.116323,0.576475,0.008512,-2.108754,0.438149,0.635166
0.163906,0.500956,-0.038407,-3.144960,1.114843,2.960480
0.173891,0.414188,-0.038912,-2.581188,1.403740,2.505486
0.165458,0.375419,-0.028917,-2.420073,1.845284,4.514106
0.121828,0.302007,-0.037455,-3.418804,2.158563,4.123341
0.127845,0.259634,-0.005271,-2.948998,1.292462,5.359735
0.100121,0.213814,-0.050417,-3.073025,1.288947,6.398729
0.096819,0.158111,-0.031996,-1.417984,1.942766,5.968188
0.120922,0.094465,-0.055518,-2.072226,1.366075,7.042709
0.072040,0.027136,-0.013684,-0.898873,-0.129966,7.662207
0.054486,-0.008335,-0.017324,-0.954986,-0.507456,8.640594
0.063778,-0.037706,-0.015062,0.003075,-1.173138,8.833448
0.061878,-0.056836,-0.028350,0.148044,-1.567283,9.138698
0.014207,-0.093813,-0.044181,0.543919,0.101870,8.410817
0.009454,-0.119022,-0.047365,1.010429,-0.770044,8.025190
0.010012,-0.105140,-0.031264,0.358386,-0.521633,8.154331
-0.009430,-0.096297,0.017391,0.527307,-3.485658,9.893994
0.022909,-0.088672,-0.037298,-0.651873,1.793789,9.431340
0.013468,-0.064005,0.000562,-0.501196,0.606154,7.523688
0.017132,-0.030740,-0.008228,-1.540136,1.916356,5.995381
0.020631,0.007644,0.023014,-1.574497,-0.308172,4.524658
0.055310,0.060498,-0.017216,-2.246015,1.382303,5.030777
0.046266,0.095952,-0.006738,-1.754664,1.992157,1.503320
0.038428,0.135925,-0.022586,-1.827757,1.772483,-0.228391
0.054555,0.129433,-0.000052,-1.379409,0.622409,-1.680863
0.061838,0.153408,-0.005432,-1.463584,-0.634102,-1.201627
0.039002,0.172718,0.011013,-0.173408,-0.056803,-2.368216
0.064881,0.201138,0.003395,-0.303655,-1.723951,-1.050215
0.059757,0.218459,0.007964,0.185027,-1.661207,-1.423767
0.040246,0.249547,0.011653,0.964019,-2.138687,-2.026997
0.046440,0.264400,0.006054,0.960490,-1.262509,-4.293118
0.075474,0.284538,0.040802,1.002597,-1.749071,-3.266036
0.032477,0.299036,0.019679,1.083138,-0.016446,-2.654758
0.016327,0.315895,0.053432,1.455295,-0.086477,-1.983241
0.045873,0.308726,0.021488,-0.083102,0.769173,-2.460024
0.056343,0.335954,0.056055,0.722819,0.944406,-1.503860
0.035868,0.359703,0.047068,-0.177515,2.933031,-0.573985
0.029976,0.349100,0.055983,0.100157,2.098705,-2.069067
0.065249,0.370676,0.021616,-1.619398,1.653954,-2.357186
0.034587,0.379617,0.045312,-1.371715,1.808540,-2.672678
0.043555,0.390892,0.015655,-2.410416,1.408897,-2.658340
0.050327,0.366743,0.027859,-2.128681,0.796588,-3.441618
0.016120,0.385670,0.022893,-2.320556,-0.581941,-1.892968
-0.018644,0.363408,0.020628,-2.312425,-0.645295,-2.434666
-0.004099,0.328857,0.022791,-1.996698,-2.285809,-1.709111
-0.007283,0.318130,0.031056,-2.773752,-2.300764,-2.656187
-0.042471,0.305595,0.068778,-1.562602,-4.482581,-2.074762
0.004061,0.281863,0.006651,-1.755882,-0.121376,-0.081487
-0.002455,0.241315,0.045403,-1.054093,-1.356862,0.743406
-0.014721,0.236637,0.023221,-0.654994,-0.006451,0.730746
0.025101,0.218715,0.019807,-0.263436,0.990498,-0.787992
0.024530,0.209948,0.040352,-0.072900,0.234631,-0.549542
0.007937,0.192777,0.012898,-0.357061,2.379635,-1.763858
-0.004316,0.205727,0.052743,0.128773,1.857590,-2.816359
-0.000062,0.207397,0.036567,-1.064045,1.547967,-3.124202
0.003447,0.197977,0.040762,-0.119635,1.812026,-2.746032
-0.008885,0.195528,0.035733,-0.217711,1.378722,-2.306248
0.007008,0.154071,0.019883,-0.636564,0.573779,-5.270096
0.016340,0.146334,0.023644,0.347242,-0.103634,-5.252361
-0.009561,0.108090,0.012123,0.452411,-0.234528,-5.697062
0.025177,0.046715,0.023260,1.051673,-1.129970,-6.270424
0.047067,0.013317,-0.017550,0.733162,-2.044966,-6.603745
0.033944,-0.029779,0.015812,1.568270,-1.806271,-6.384422
0.071837,-0.082642,0.015271,1.135004,-0.973651,-4.818005
0.095116,-0.167260,0.011141,1.930428,-0.689651,-5.499533
0.100410,-0.201073,0.012110,1.998289,-0.501574,-4.494285
0.086151,-0.248891,0.016912,1.472049,0.565829,-4.498014
0.109250,-0.341194,0.041977,2.073414,0.224315,-3.835994
0.154554,-0.402201,0.005601,1.463619,1.326781,-2.615411
0.126207,-0.450771,0.033426,2.757809,1.820771,-1.669612
0.158503,-0.534634,0.004655,2.063665,1.961522,0.527234
0.174584,-0.617644,-0.001299,2.592207,1.764563,2.238181
0.147930,-0.653114,-0.003820,2.715870,1.768574,4.335744
0.174836,-0.731358,-0.007500,2.030267,1.308100,4.296659
0.212296,-0.765708,0.009093,1.746694,-0.570839,5.713695
0.138155,-0.817331,-0.007214,1.578807,-0.040614,6.742266
0.115825,-0.860164,0.010114,2.020498,-0.366977,6.724991
0.156314,-0.875243,-0.022605,0.451647,-0.876937,6.129847
0.113268,-0.869007,0.010853,1.289089,-1.285173,6.547398
0.107123,-0.884611,0.011082,0.512697,-0.542873,7.614385
0.137138,-0.908984,-0.000390,0.197321,-0.803249,7.206562
0.105475,-0.855562,-0.007989,0.729903,-0.010186,9.503296
0.103194,-0.844165,-0.012085,-0.040965,0.522186,10.989086
0.159954,-0.841211,0.017142,0.139675,0.979817,11.525181
0.134161,-0.789237,-0.030217,0.028784,2.586272,10.863890
0.097916,-0.733425,0.009356,0.927929,2.008235,10.327807
0.151557,-0.668230,-0.017790,0.051127,1.562814,10.388329
0.170277,-0.599118,-0.009055,0.457881,2.272697,9.912779
0.140771,-0.475147,-0.002861,0.101060,0.927285,9.171838
0.133881,-0.383613,-0.043137,0.105100,1.765048,6.595457
0.174918,-0.284575,-0.042257,0.644589,0.543118,6.136614
0.141139,-0.169210,-0.043012,0.523985,0.905558,4.070402
0.144782,-0.075024,0.001918,1.058399,1.212768,0.223737
0.222438,0.027162,-0.048881,-0.006634,-0.310247,-1.404388
0.192148,0.113398,-0.028185,0.439653,-0.617812,-1.076231
0.182392,0.205182,-0.015013,0.466838,-0.967995,-0.767913
0.232036,0.287682,-0.034786,0.628051,-0.070882,-3.267310
0.244729,0.414670,-0.034324,0.339033,-0.189578,-2.907376
0.221506,0.513889,-0.024247,-0.619351,0.395713,-4.001414
0.257009,0.573196,-0.018424,-0.460231,0.334712,-7.570278
0.278036,0.714498,-0.031399,-1.269894,1.191501,-8.352721
0.187615,0.792397,-0.034182,-0.881109,2.487952,-8.241351
0.234626,0.840879,-0.028067,-1.562884,1.579902,-7.915027
0.253414,0.889876,-0.034898,-2.312436,2.322363,-9.930221
0.195529,0.931093,-0.006262,-1.559645,2.465087,-11.303008
0.216687,0.957687,-0.028166,-2.025058,1.546474,-10.237354
0.227378,0.967827,-0.021342,-1.920230,1.327735,-10.783417
0.213730,0.989773,-0.015148,-2.003834,1.658237,-9.979292
0.226351,0.988713,-0.021972,-1.419058,2.049839,-10.050620
0.224864,0.967042,0.010160,-1.175832,-0.590144,-7.930102
0.204053,0.947604,-0.015089,-1.803418,0.133102,-7.200015
0.219507,0.940038,0.004964,-1.086245,-0.704363,-7.151944
0.238962,0.922319,-0.006111,-1.508570,-0.586901,-5.793824
0.216562,0.895712,0.004987,-1.173909,0.610920,-5.455799
0.165468,0.869403,0.016032,-1.799246,-1.324278,-3.483608
0.166013,0.811323,-0.024447,-2.049742,0.371804,-3.329077
0.198279,0.792827,-0.012722,-1.499408,0.966844,-1.312812
0.208048,0.739838,-0.021804,-2.515234,1.939641,-0.251271
0.217747,0.678158,0.034637,-2.464563,2.121120,0.705246
0.230355,0.622258,-0.029728,-3.049871,4.061163,0.973432
0.232315,0.571968,0.023710,-2.543230,3.086246,2.624447
0.282005,0.524533,0.006093,-3.650058,3.232833,3.927596
0.309072,0.473505,0.013584,-2.730621,2.220207,3.292242
0.253697,0.453324,-0.001788,-3.134817,1.828567,4.008968
0.202517,0.386671,0.003378,-2.756566,1.350463,3.090585
0.237537,0.336226,0.016085,-2.035614,-0.070258,4.088438
0.204362,0.312396,0.008955,-1.850567,-0.697352,3.841240
0.157774,0.229239,0.041254,-0.827464,-1.832278,2.814490
0.193133,0.170742,0.005945,-1.151578,-1.551416,3.324783
0.140518,0.117225,0.015340,0.153956,-1.619431,5.034471
0.128912,0.087785,0.033974,0.572326,-1.355477,6.808741
0.185406,0.044230,0.007268,0.293916,0.754080,4.759194
0.186039,0.021263,0.038054,0.875167,0.222210,5.012785
0.129296,-0.013544,0.030327,0.419049,1.642512,4.686921
0.131892,-0.044264,0.035760,0.575277,2.156683,4.013322
0.153235,-0.039600,0.034805,-0.317304,1.008565,4.372224
0.118562,-0.024195,0.036160,-0.444199,2.904826,3.749003
0.122061,-0.045173,0.046234,-0.249180,3.048521,2.814037
0.167329,-0.047481,-0.004388,-1.412154,3.125218,1.720565
0.113606,-0.026952,0.035179,-0.908858,1.608791,1.132686
0.121782,-0.031909,0.038533,-0.942050,1.225199,1.393568
0.170868,-0.029716,0.006743,-1.499257,0.226514,1.032051
0.131039,-0.033714,0.043339,-0.628311,-0.939727,0.271604
0.115070,-0.049529,0.024530,-0.693330,-0.469636,0.305722
0.144671,-0.076334,0.026549,0.216270,-1.617993,-0.344499
0.130835,-0.078799,0.029487,0.014295,-4.703426,0.788698
0.128413,-0.075687,0.015231,0.857297,-0.619469,-0.097240
0.166181,-0.070816,0.029937,1.150005,-1.604929,1.036102
0.165406,-0.073419,0.012362,0.631262,-0.359917,1.795150
0.126030,-0.058582,0.026979,1.712894,1.090586,3.254639
0.158293,-0.056183,0.010948,0.746636,1.279681,2.427760
0.188751,-0.025676,0.030383,1.125348,1.625994,2.823619
0.158365,0.013553,0.014033,0.325578,2.795734,3.617939
0.149463,0.010077,0.017611,0.558139,3.750687,2.686192
0.192571,0.038788,0.008594,-0.874310,1.569241,2.791477
0.134019,0.078000,-0.006183,-1.119640,2.064315,2.907165
0.113629,0.105008,0.018481,-0.384282,2.185020,3.989755
0.161798,0.118443,-0.014878,-1.716768,-0.210356,2.527367
0.121365,0.154202,-0.013792,-1.370940,-0.999303,1.070357
0.046756,0.183760,-0.016881,-1.563783,-0.877469,0.257233
0.074010,0.155220,-0.012203,-1.512807,-2.320829,-0.685121
0.048400,0.180271,-0.027394,-1.549607,-2.195131,-1.353959
-0.026837,0.205717,-0.010716,-0.311990,-1.130430,-2.292485
0.034512,0.203872,-0.035978,-0.962986,-2.311543,-1.219678
0.028239,0.205713,-0.040783,-0.739199,-1.382797,-0.435261
-0.039848,0.237435,-0.033638,-0.047077,0.714432,-0.737555
-0.003338,0.261761,-0.024404,-0.806784,2.195619,-1.282144
0.029385,0.276138,0.006766,-0.289827,0.649768,-1.540688
-0.007950,0.319752,-0.036346,-1.083960,2.415506,-1.532769
-0.016349,0.336479,-0.016182,-0.822616,2.580983,-4.520488
-0.007746,0.362168,-0.010565,-1.291184,0.548764,-5.425880
-0.045360,0.385631,-0.048944,-1.204688,2.907468,-5.985658
-0.046472,0.407757,-0.014120,-0.833851,1.088872,-6.967311
-0.000436,0.409717,-0.033536,-1.192881,0.546873,-9.580962
-0.025763,0.400172,-0.044630,0.110191,-0.399638,-11.016425
-0.047267,0.371027,-0.063511,-0.055618,-0.676400,-10.027433
-0.022701,0.326343,-0.053063,0.584264,-1.775633,-9.816735
0.001258,0.310660,-0.051648,0.481162,-2.901332,-8.950709
-0.011633,0.262306,-0.041023,1.217167,-1.839909,-8.449271
0.021727,0.197376,-0.040160,1.242635,-1.756434,-7.289193
0.027662,0.146049,-0.047286,1.004120,-1.153965,-8.008457
0.009506,0.112233,-0.022369,2.073818,-0.309696,-7.188326
0.040223,0.059701,-0.046649,1.392830,1.088584,-5.418611
0.083095,-0.019987,-0.001023,1.660211,0.337266,-3.981059
0.070396,-0.073222,-0.029777,0.876969,1.912302,-2.373579
0.034696,-0.157078,-0.005501,1.362120,2.288384,-2.581397
0.093461,-0.253943,0.005354,0.906573,0.556852,-1.395108
0.105183,-0.305067,-0.040951,0.629877,2.510785,0.499599
0.043739,-0.378505,0.001878,1.472649,1.424390,2.342694
0.081021,-0.476345,-0.009512,0.145527,0.357063,2.464616
0.079898,-0.533177,0.001288,1.140805,-1.591425,3.667742
0.016912,-0.576364,-0.018936,0.583411,-1.409378,5.414213
0.035267,-0.656039,0.003552,0.734216,-2.457844,6.260266
0.066473,-0.691663,-0.024496,0.037476,-3.719131,6.684040
-0.001230,-0.731962,-0.024430,1.179846,-1.938044,8.322097
-0.003055,-0.797774,-0.000508,0.815748,-3.250921,9.484377
0.032280,-0.835319,-0.033621,0.170884,-1.917105,9.165460
-0.008576,-0.818519,-0.003410,1.400574,-0.430975,10.310846
0.015126,-0.829250,-0.005697,0.603578,0.842684,12.048537
0.080371,-0.845491,0.004449,0.658858,0.080600,11.559980
0.061153,-0.804185,-0.038627,0.766630,2.131700,11.172129
0.031345,-0.778697,-0.024207,0.743302,2.569824,10.963703
0.057092,-0.735553,0.027261,-0.037597,-2.116198,11.312785
0.061110,-0.658166,-0.019585,-0.424734,2.862811,10.072189
0.035618,-0.575593,0.013698,0.042055,1.317019,7.841573
0.066247,-0.497375,-0.013372,-0.914060,1.290923,6.369392
0.023073,-0.434891,0.004232,0.088255,-0.031128,5.394510
-0.017652,-0.326524,0.013564,-0.498235,-1.502789,3.806641
0.006247,-0.232784,0.005916,-0.201637,-1.803451,1.703605
0.072716,-0.133576,0.003556,0.071111,-2.205261,1.816304
0.050704,-0.063548,-0.003354,0.938925,-0.474238,0.759846
0.027662,-0.001740,0.028732,0.977618,-1.447392,-0.542584
0.062524,0.079211,-0.007247,0.341892,-0.681035,-1.243483
0.056022,0.203422,0.022374,1.341548,-0.678783,0.096026
0.059770,0.295964,0.024402,-0.041681,0.352658,-1.022040
0.090829,0.368453,0.055559,0.622865,0.723681,-4.290361
0.076458,0.499482,0.020037,-0.761349,0.927728,-5.600480
0.035273,0.588374,0.037985,-0.912128,2.637819,-6.182799
0.062455,0.676556,0.067265,-1.500324,0.131680,-5.414266
0.070665,0.777623,0.014381,-2.197780,2.432522,-7.290900
0.018717,0.833723,0.044051,-1.429276,1.741011,-9.297344
0.035040,0.860002,0.044905,-2.100515,0.640133,-9.617395
0.045685,0.865280,0.028151,-1.578492,0.028733,-10.019651
0.015470,0.889629,0.044675,-1.100993,-0.523251,-8.559686
0.022114,0.898485,0.017723,-1.804137,-0.477435,-7.584867
0.038526,0.899359,0.040509,-0.432255,-1.607598,-5.535765
0.030130,0.888198,0.027163,-1.115275,-0.203575,-4.000694
0.003936,0.866144,0.052763,-0.598274,-1.461540,-6.274416
0.031873,0.874878,0.031814,-1.055958,-1.867679,-5.387228
0.003424,0.872006,0.010833,-2.115535,-0.781432,-3.879457
-0.008934,0.868225,0.038415,-1.566459,0.144495,-2.104409
0.020059,0.861210,0.019725,-3.207228,0.023035,-2.209266
0.027471,0.835853,0.022968,-3.207287,1.031988,-2.561416
-0.003614,0.797353,0.024163,-3.287037,1.456981,-0.480517
0.036271,0.756697,-0.009502,-4.149170,3.326924,-0.578579
0.078887,0.735535,0.020710,-3.920495,1.165100,0.233809
0.053544,0.731734,-0.026935,-3.749273,2.866102,1.388397
0.047743,0.689072,0.001110,-2.967686,2.219521,1.339253
0.080496,0.652962,-0.018010,-4.447757,1.036741,0.376147
0.062702,0.628357,0.019663,-3.095294,0.677885,-1.367353
0.049641,0.607333,0.000165,-2.694764,-0.138694,-0.971681
0.079225,0.540824,-0.003876,-2.030080,-0.961713,-1.989984
0.072703,0.484777,0.014516,-1.538331,-2.432908,-1.088541
0.013567,0.446244,0.002807,-0.479863,-1.377269,0.389547
0.047031,0.392629,0.009924,0.048668,-3.536424,2.128644
0.083082,0.358232,-0.021315,-0.161720,-1.437397,3.211390
0.030885,0.325454,0.021156,1.181231,-0.438850,2.090446
0.046769,0.284499,0.008197,0.455851,-0.305534,0.654410
0.066316,0.241584,-0.009696,0.664897,0.661296,0.072487
0.018080,0.202726,0.000487,0.631121,1.523192,1.784521
0.008781,0.149699,0.003362,0.645987,2.247573,-0.009207
0.063322,0.127568,0.003881,0.224174,1.299989,-0.652901
0.023713,0.097547,-0.023885,-0.422588,2.229152,0.293114
-0.033484,0.042409,0.010905,0.490619,2.432726,0.237643
0.003742,0.000121,0.013278,-0.832771,0.253646,-0.113445
-0.006469,-0.030796,-0.004004,-0.729581,0.958652,0.639117
0.000710,-0.084704,0.009638,-0.142507,0.234369,2.369698
0.056357,-0.128672,-0.014514,-0.774235,-1.124357,2.881471
0.042685,-0.189236,-0.007362,0.041644,-0.208347,3.748968
0.029808,-0.208376,-0.024693,-0.451089,-1.059319,4.144896
0.078083,-0.239254,-0.020596,0.394119,-1.580718,3.637501
0.104162,-0.265711,-0.029436,0.316962,-1.095439,3.854087
0.065843,-0.297839,-0.046843,0.677193,-0.344483,2.572616
0.057683,-0.311878,-0.022927,0.944390,-1.229950,3.937319
0.057355,-0.334465,-0.047660,0.140278,-1.429864,4.972575
0.044346,-0.325277,-0.020239,1.371576,0.025241,5.491127
0.061747,-0.321263,-0.036812,0.643542,1.028361,5.302013
0.077863,-0.342871,-0.033903,0.633593,0.569046,5.083479
0.058881,-0.344844,-0.029889,0.421485,1.258020,5.698072
0.039088,-0.328202,-0.026548,0.656967,2.478152,5.606895
0.067576,-0.296388,-0.008606,0.571095,0.098811,6.117387
0.076757,-0.253480,-0.062339,-0.423461,1.495816,6.887867
-0.015575,-0.230201,-0.010329,0.735256,1.028312,6.539651
-0.032400,-0.212423,-0.027270,-0.514634,-0.475711,5.145215
-0.009509,-0.178562,-0.011740,-0.327413,-1.188457,4.878257
-0.042116,-0.116602,-0.011205,-0.489031,-0.836858,5.710620
-0.051163,-0.085698,-0.025382,-0.770182,-1.240739,2.931395
-0.032302,-0.046014,-0.006649,-0.697482,-3.713436,1.209293
-0.043479,0.032332,-0.055033,-1.431708,0.629289,0.885768
-0.020840,0.085363,-0.006531,-0.724845,-0.646274,0.515200
0.015421,0.156040,-0.021184,-1.985150,-0.534674,-1.431211
-0.032499,0.200908,-0.006548,-1.257676,-0.128567,-3.727919
-0.050579,0.277448,-0.044430,-1.707663,2.083198,-3.962326
-0.039681,0.324587,-0.003252,-1.194805,-0.052307,-4.288393
-0.038289,0.376758,0.000730,-1.743192,0.009859,-3.953490
-0.067303,0.415885,0.007856,-1.001269,0.508353,-6.295941
-0.042376,0.472684,0.013984,-0.771373,-0.321690,-7.874125
-0.056582,0.494686,-0.003669,-0.860938,0.366444,-8.396850
-0.076976,0.506986,0.020555,0.779001,0.502809,-9.189461
-0.065087,0.521586,0.005331,0.283238,-0.342110,-10.775752
-0.054603,0.513327,0.012441,1.637834,-0.495971,-11.583646
-0.050228,0.497161,0.003602,1.358085,-0.412410,-10.292816
-0.052985,0.455999,-0.003167,1.639928,-0.639587,-9.543494
-0.047881,0.431667,0.025223,1.344335,-3.564414,-9.263899
-0.049144,0.396587,0.006329,2.041669,0.062224,-9.310985
-0.063804,0.383018,0.022784,1.095142,-1.907469,-8.611458
-0.034462,0.334428,-0.003781,0.473448,0.027913,-9.743580
-0.008747,0.300904,0.017719,0.682103,-0.383862,-8.983360
-0.032072,0.238922,-0.021479,0.030480,1.107979,-7.478736
-0.013349,0.150618,0.010455,0.024959,0.756299,-4.442052
0.033974,0.070766,-0.012003,-1.253833,0.724528,-2.952535
0.030757,0.000456,0.020539,-0.143239,1.508030,-1.369693
0.059675,-0.088062,0.015366,-0.809239,0.106314,-0.097014
0.102396,-0.188015,-0.013083,-1.176107,0.911641,0.951189
0.072713,-0.235108,0.014306,-0.534407,1.111069,2.630360
0.063670,-0.280642,0.011949,-1.058938,1.227372,3.299741
0.107573,-0.346646,0.031742,-0.180616,-0.161332,4.102802
0.088882,-0.390187,-0.006823,-0.885201,-0.841962,4.092971
0.044898,-0.462430,0.020828,0.379515,-0.802379,2.593832
0.062817,-0.533453,0.026290,0.504796,-1.545471,3.708398
0.079928,-0.589973,0.012861,0.894596,-0.815571,5.788602
0.053596,-0.620894,0.054309,1.413349,-2.053878,8.455236
0.085344,-0.648144,0.016196,1.471333,0.105284,9.035277
0.121100,-0.675904,0.043825,2.079119,-0.332311,10.219877
0.066270,-0.692365,0.038054,1.772618,0.158702,10.891234
0.082685,-0.695956,0.054020,2.516557,0.906058,10.340726
0.126568,-0.662597,0.007091,1.553719,1.897380,10.141522
0.091699,-0.627829,0.062219,1.871971,0.972941,9.964958
0.085436,-0.595579,0.036275,0.607366,0.995307,9.632460
0.090524,-0.584078,0.041586,0.819435,1.380393,8.124708
0.054407,-0.519932,0.036245,-0.379007,0.162418,7.149218
0.056248,-0.429209,0.035779,-0.697400,1.266013,5.836799
0.112135,-0.352052,0.015691,-0.960527,-0.269699,5.525595
0.110386,-0.293644,0.009300,-1.417436,-0.384059,2.994472
0.084868,-0.229466,0.043857,-1.018426,-0.432784,1.113227
0.095526,-0.180663,-0.005655,-1.533407,0.184092,0.540322
0.116320,-0.139950,0.030478,-0.267772,-1.146589,0.009959
0.119777,-0.072805,0.032336,-0.527980,-1.484690,-0.943022
0.115175,-0.003155,0.045312,0.914809,-0.103581,-2.337873
0.121986,0.054787,0.007137,0.539344,-0.781402,-0.717580
0.084372,0.105668,0.014959,1.356818,-0.225645,-0.419312
0.067894,0.190227,0.001373,1.369278,0.573155,-2.061715
0.116389,0.249905,0.041914,1.548188,0.537958,-3.217918
0.120463,0.307548,0.033567,1.260964,-1.364858,-2.070982
0.066171,0.332553,0.019416,1.546750,1.682603,-2.546372
0.052063,0.390633,0.028066,0.912087,1.231274,-2.986692
0.071827,0.477322,0.005614,-0.528749,0.632285,-1.933027
0.046936,0.540565,0.029585,-0.244332,0.888634,-1.906359
0.072703,0.599849,-0.026810,-1.342209,2.275162,-4.085347
0.083479,0.645560,0.008995,-2.267345,0.086229,-6.135604
0.016905,0.669315,-0.005983,-2.669571,0.279256,-4.249615
-0.010201,0.694262,-0.004867,-2.939522,0.690118,-3.621691
0.076987,0.746124,0.000687,-3.389512,-1.586095,-3.434920
0.049680,0.769847,-0.014018,-3.493076,-0.136140,-4.129901
0.011834,0.762225,-0.011941,-2.360829,-0.009212,-4.481205
0.023562,0.752827,-0.008149,-3.526622,-1.483522,-3.787268
-0.030132,0.733100,0.011020,-2.864637,-1.435861,-2.580053
-0.028714,0.779868,-0.013214,-2.971716,0.008628,-1.124213
0.024126,0.790080,0.004068,-1.936432,0.066097,-0.274363
0.016852,0.771297,0.001918,-2.696382,-0.657985,0.845871
-0.015847,0.754715,0.001819,-2.070628,0.560669,0.265880
-0.010671,0.781919,0.004055,-2.251999,0.675203,-0.210655
0.026237,0.798312,-0.020665,-2.015404,1.083591,-0.601796
0.038024,0.797662,0.016610,-1.454817,-0.228600,-1.002454
0.025508,0.784769,-0.028986,-1.588461,1.867256,-2.895371
0.005003,0.748130,-0.030884,-1.232527,1.069342,-4.572887
0.000700,0.748481,-0.038673,-1.686435,0.902397,-1.753548
0.002882,0.747257,0.003339,-1.524362,0.626216,-1.163231
0.044642,0.726902,-0.019457,-1.551094,-0.136153,-2.378576
0.033773,0.678418,-0.019700,-2.309015,-0.968793,-4.705992
-0.039999,0.620243,0.030675,-1.277246,-4.124119,-4.436500
-0.044841,0.578510,-0.033145,-1.688799,-0.553771,-3.775647
-0.004986,0.544638,-0.016713,-0.750963,-1.373774,-3.674222
0.022528,0.523093,-0.005399,-1.933983,-0.898496,-3.833485
-0.007326,0.447160,0.015070,-0.295834,-0.270205,-3.662128
-0.015194,0.360435,-0.024000,-0.718057,-0.303049,-2.342646
-0.053359,0.284341,0.006631,-0.828688,-0.620549,-2.407464
-0.041007,0.268149,0.008417,-1.015895,0.685497,-1.865260
0.047812,0.228228,-0.007293,-0.023444,2.014546,-1.510122
0.066618,0.151510,-0.007076,-0.319431,0.447389,-1.032384
0.005613,0.064201,-0.010185,-0.519170,1.659931,-3.002429
0.001504,0.001720,-0.015184,0.762819,0.685674,-1.539698
0.021898,-0.063745,-0.018630,0.165428,1.354556,2.522072
0.004704,-0.132542,0.023306,1.437146,0.516957,3.086711
0.014808,-0.189679,-0.002770,0.639970,-0.410141,2.001223
-0.007191,-0.281437,0.010002,1.332844,-1.204157,2.709469
-0.042264,-0.350933,0.022758,1.117762,-1.460275,6.575529
-0.035706,-0.402477,0.026818,1.600934,-1.093000,6.674774
0.023270,-0.404226,0.013538,0.575621,-2.318502,7.067890
0.004120,-0.431441,0.014499,0.424613,-1.603829,7.531535
-0.030700,-0.472757,0.024429,0.381800,-1.082860,8.300013
-0.000029,-0.472928,0.002174,-0.399066,-0.596544,6.395046
0.009687,-0.444243,0.026136,-0.561901,-0.377284,7.393577
-0.023426,-0.429429,0.007928,-1.660559,1.113908,8.444567
-0.017514,-0.441475,0.010144,-0.360320,1.156727,8.129109
-0.027598,-0.430299,-0.012338,-1.302741,0.131645,7.398644
-0.045622,-0.427476,0.009746,-1.016643,1.402077,8.093625
-0.000219,-0.388467,0.007987,-1.151453,0.517151,9.131579
-0.001161,-0.368937,0.016045,-0.437168,0.546046,7.563167
-0.074521,-0.333802,0.040982,-0.081546,-1.869917,7.358127
-0.067348,-0.281801,-0.001466,-0.040390,1.670583,6.594024
-0.063413,-0.232325,0.037736,0.517634,-2.176300,6.355617
-0.093693,-0.161713,0.022975,0.312708,-1.921336,3.811965
-0.129075,-0.094873,0.001291,1.151124,-0.822980,0.610213
-0.107972,-0.040433,0.043480,0.436075,-3.128056,-0.279095
-0.126298,0.009424,0.011916,0.401176,-1.483413,-0.424898
-0.171021,0.034984,0.038363,1.846072,-0.802987,-2.447180
-0.134813,0.105560,0.028729,0.602727,-0.728361,-4.578393
-0.129452,0.158299,0.020250,0.502508,-0.584265,-6.352765
-0.144437,0.221331,0.026457,0.560121,0.236528,-4.832471
-0.144955,0.261003,0.017654,0.197307,0.691622,-5.940988
-0.155623,0.303855,0.037716,0.014790,-1.243691,-6.752611
-0.166544,0.350774,0.004150,-0.831281,1.324880,-7.988545
-0.133303,0.365956,0.015205,0.106442,0.327993,-9.232027
-0.126433,0.382946,0.005850,-0.715464,0.334053,-9.501168
-0.187535,0.396929,0.020726,-0.105426,0.656135,-10.030525
-0.169561,0.428184,0.007623,-0.584731,-1.676605,-8.012484
-0.131455,0.421639,-0.004411,-1.351554,-0.594844,-7.559520
-0.136437,0.395504,0.038300,-0.346386,-1.246628,-9.058410
-0.142293,0.373384,0.028535,-0.796579,-2.177052,-10.151852
-0.127194,0.347571,0.016712,-0.295916,-1.766064,-9.050646
-0.142004,0.307147,0.005709,-0.024343,-2.019071,-7.396825
-0.142031,0.272852,0.016682,0.311631,-0.508487,-7.809887
-0.127595,0.224935,0.057148,0.808303,-2.264240,-7.842175
-0.116359,0.188454,-0.001296,0.149206,-1.098958,-5.673431
-0.147785,0.127966,0.016784,1.153842,-0.266778,-3.609457
-0.098709,0.083643,0.014611,0.525872,0.205240,-2.385923
-0.040177,0.055391,-0.024834,0.642058,1.566392,-1.265346
-0.044408,0.010723,0.023976,0.421695,1.509888,1.093500
-0.022169,-0.069831,0.000277,0.002442,2.292832,1.429239
-0.000334,-0.128941,0.009503,0.921026,1.199432,2.325149
-0.035771,-0.161139,0.007892,0.051226,1.774643,3.779200
-0.058781,-0.217498,0.041130,0.158417,-1.097474,4.654171
-0.022996,-0.258236,0.007288,-0.820393,-0.953391,4.344707
-0.028563,-0.293506,0.015963,-0.268484,-2.110188,3.284506
-0.032417,-0.328779,0.036659,-0.277094,-1.756978,3.939642
0.016058,-0.361207,-0.014833,-0.434752,-1.318064,4.618084
0.020365,-0.394431,0.004882,0.123026,-1.811079,5.065973
0.014407,-0.413099,0.000903,-0.467836,-0.846541,4.826690
0.070429,-0.441843,-0.013027,1.169126,2.611215,5.269587
0.087698,-0.443875,-0.006672,0.438596,-0.450837,6.482223
0.059564,-0.459361,0.009651,-0.268054,-0.007832,6.233689
0.071292,-0.451464,0.021665,0.712913,1.333654,4.925145
0.088052,-0.433670,-0.003029,0.243524,0.875600,5.468943
0.063778,-0.440359,0.012487,0.583128,1.146837,5.203706
0.044071,-0.416486,0.022134,1.189733,1.259970,3.953654
0.061257,-0.376073,0.014568,0.475527,0.223793,2.931400
0.041185,-0.347430,0.024471,1.259465,0.488853,3.062110
0.076672,-0.313148,0.007882,1.063943,1.136658,2.673361
0.111577,-0.284161,-0.008021,1.258582,0.892287,0.445990
0.112595,-0.257780,0.021557,1.195772,-1.446492,-0.543091
0.113104,-0.203879,-0.039329,0.332501,1.824667,0.426803
0.130937,-0.167864,0.009169,1.493995,-0.077696,1.039556
0.147822,-0.090468,0.009658,0.369569,-1.880949,1.044820
0.130123,-0.039698,0.013643,0.462046,-0.659948,-1.530720
0.137902,-0.015149,0.010593,1.014109,-0.749457,-2.302031
0.127264,0.011075,-0.023797,0.311684,-0.227526,-3.021126
0.096681,0.032696,0.009704,0.569788,-1.320568,-3.141221
0.130835,0.082481,-0.004165,-0.070182,0.292369,-1.096734
0.165445,0.105770,0.019610,-0.093520,0.525416,0.812707
0.149804,0.130135,0.028292,-0.561245,1.074049,2.151002
0.151938,0.177222,-0.005881,-0.880353,2.748650,1.513782
0.170983,0.228421,0.016413,-0.434520,1.288061,1.394370
0.170346,0.279670,-0.001283,-1.260174,1.389783,1.769309
0.148711,0.294572,0.005269,-1.245597,2.060340,0.005463
0.140968,0.337146,-0.005267,-1.722939,1.311730,-0.375356
0.133468,0.354155,0.002010,-1.605877,0.784456,0.066680
0.129151,0.400241,0.022111,-1.259183,0.818908,2.901354
0.122366,0.444662,0.002774,-2.244837,0.340155,2.124252
0.152420,0.484662,0.011132,-1.505005,-0.512196,0.361143
0.115805,0.500821,0.028272,-2.181204,-2.398902,-0.215773
0.090244,0.532763,0.000966,-2.101197,0.766540,-0.473678
0.107664,0.549831,0.024255,-1.528606,-0.768863,0.058008
0.105386,0.579833,0.004419,-2.399016,0.010086,0.163486
0.108170,0.605209,0.022810,-0.921466,0.237542,-0.113897
0.150973,0.634338,0.014647,-1.655521,-0.224707,0.971412
0.112325,0.623620,-0.005008,-2.386097,0.811086,0.316401
0.079416,0.666578,0.022410,-1.910754,1.170927,-0.397642
0.099898,0.740899,-0.005553,-2.631955,1.799537,-0.845141
0.105344,0.780285,0.031804,-2.879966,0.156299,-0.789652
0.100515,0.837455,-0.005684,-4.056999,1.807900,-3.069914
0.097508,0.860403,0.023687,-3.131653,1.291212,-6.518457
0.091800,0.862687,0.010541,-3.555761,1.572490,-5.882721
0.060240,0.838220,0.020982,-2.607330,0.934788,-5.879068
0.080322,0.854668,0.011834,-2.323409,-0.143293,-6.221528
0.105541,0.861765,0.001914,-2.498205,-0.270829,-7.694272
0.083968,0.831921,0.003792,-0.804520,-0.048092,-7.084221
0.074403,0.799215,-0.037183,-1.023422,0.107279,-6.484979
0.079035,0.771091,0.015349,-0.513361,-0.652888,-7.719064
0.091610,0.748311,0.009179,-0.430998,-0.677070,-7.309989
0.114308,0.705813,0.011742,0.040580,0.490073,-6.917002
0.134459,0.634462,0.031154,0.663984,0.490323,-7.629310
0.125751,0.566834,-0.009673,0.499839,2.215412,-8.466314
0.104398,0.485256,0.049011,1.097181,0.557288,-6.663677
0.134101,0.421636,0.036909,0.728389,0.493999,-2.449140
0.136238,0.335389,0.002151,0.757813,1.662823,-1.837423
0.132591,0.283826,0.024875,0.320966,-0.232230,-0.435503
0.152782,0.209836,-0.004726,-0.344725,1.802077,0.755410
0.196195,0.133316,0.016321,0.447409,1.382621,1.282978
0.208409,0.043466,-0.004713,-0.438977,1.042360,1.536886
0.186975,-0.056501,0.014769,-0.638818,0.968877,1.028008
0.213050,-0.141500,0.007777,-1.208952,0.311860,3.383674
0.214078,-0.215023,-0.001171,-0.872098,1.253740,5.487427
0.184986,-0.291251,0.028758,-0.624297,-0.596285,7.372679
0.185124,-0.341932,-0.004798,-1.478666,-0.996247,6.861897
0.165173,-0.398374,0.010111,-0.942943,-1.063271,8.069070
0.115707,-0.448378,0.011791,-0.665882,-0.836707,10.085797
0.118543,-0.500225,0.009018,-0.844926,0.136467,8.901923
0.179189,-0.514172,0.022751,-0.407810,0.080065,8.440240
0.185481,-0.541340,0.027370,-0.680925,0.537663,8.481993
0.182501,-0.569208,0.026004,0.692135,1.543215,10.502790
0.161086,-0.558366,-0.006216,0.174048,2.948876,10.873965
0.124911,-0.540940,0.015231,0.807733,1.920685,10.096452
0.153392,-0.496867,-0.023649,0.814744,1.594464,9.211769
0.147786,-0.468300,-0.007877,0.673113,1.591460,7.607237
0.076902,-0.454970,0.037161,0.361721,-1.212727,7.029645
0.033915,-0.410496,-0.017728,-0.105471,0.588252,5.567176
0.031295,-0.332469,0.011365,1.397728,-0.029168,5.862076
0.052198,-0.258883,0.004281,0.107109,-1.078649,4.731163
0.046818,-0.219474,0.014923,0.388785,-0.767967,-0.269863
0.013672,-0.161129,0.009996,0.399564,-1.710506,-3.101237
-0.047555,-0.129785,-0.001496,0.049381,-1.377305,-2.129997
-0.059983,-0.071991,0.012106,0.448922,-2.448726,-0.349538
-0.013805,0.046797,-0.019691,-0.331395,0.166957,-1.233893
0.005144,0.104614,0.012202,0.589978,-0.258736,-3.431736
-0.031678,0.130989,-0.003974,-0.235663,0.293991,-5.372659
-0.087739,0.140373,-0.004260,0.436488,0.675620,-7.181350
-0.096237,0.193621,0.001622,0.296305,0.449568,-8.406091
-0.066387,0.262043,-0.000016,0.248444,1.305865,-8.694066
-0.023482,0.303487,0.021343,0.620846,1.580578,-7.565609
-0.038700,0.288730,0.006349,-0.294465,0.686216,-9.035226
-0.079481,0.268241,0.007544,0.861991,-0.012369,-9.160278
-0.098259,0.293611,0.002420,0.819611,-0.321296,-6.190915
-0.084299,0.292130,-0.004283,0.766990,-0.412919,-4.712698
-0.046564,0.303422,0.022269,1.457405,-0.589136,-6.532111
-0.059399,0.282391,-0.002300,0.690674,-1.602786,-8.665624
-0.087989,0.213778,0.007531,1.394553,-2.094912,-7.884544
-0.107716,0.175341,-0.025189,0.830955,-2.122626,-5.398776
-0.093001,0.178036,-0.010910,0.022015,-0.675848,-3.866740
-0.029157,0.185366,0.038379,-0.033928,-1.031192,-2.780351
-0.019924,0.163455,0.006933,-1.174667,-0.395243,-3.076475
-0.055250,0.095785,0.014897,-0.460671,0.375103,-3.542348
-0.088868,0.058440,0.012888,-1.581479,0.030890,-2.313400
-0.070424,0.042113,0.008880,-1.618275,1.110540,-1.443399
-0.017029,0.042478,0.034027,-1.587656,1.134682,0.617405
-0.002557,-0.013084,0.015287,-1.691664,1.624576,1.125288
-0.014006,-0.077528,0.035917,-1.016466,1.234836,0.208087
-0.027188,-0.117886,0.010528,-1.345179,0.905565,1.243470
-0.024989,-0.151620,0.002404,0.334569,0.252205,2.959809
0.009392,-0.157512,-0.006679,-0.536754,-0.904467,5.900501
0.014187,-0.189489,0.020792,-0.217160,-0.581724,4.989920
0.022173,-0.196576,0.008696,0.441806,-0.763046,3.882333
0.011634,-0.239907,-0.000518,1.119426,-1.142726,2.303264
-0.007634,-0.234298,0.026356,0.741201,-2.134518,3.580542
-0.008314,-0.238132,0.009349,0.738059,-0.463839,2.718039
0.006844,-0.215378,0.033859,1.221349,-1.799535,2.395165
0.005275,-0.230007,0.022883,0.339841,-1.264537,2.288427
0.007563,-0.246026,0.036360,1.288426,-0.452731,1.394730
0.017269,-0.229853,-0.001788,0.415543,0.637567,0.830660
0.010222,-0.219294,0.006674,0.538654,0.802552,0.146668
0.035471,-0.193733,0.019216,0.796638,1.153714,2.054100
0.045699,-0.205369,-0.000350,0.188770,2.438470,1.324568
0.029257,-0.215739,0.029336,0.840130,1.230963,-0.634795
0.045026,-0.196271,-0.018689,0.103814,2.865998,-1.104827
0.060374,-0.196934,-0.011261,1.624659,6.744031,-0.081550
0.067931,-0.170966,0.004744,0.330692,-0.484567,1.189312
0.074522,-0.159819,-0.005146,0.544425,0.233610,-0.677739
0.069788,-0.145593,0.017001,0.665819,-0.570817,-0.593328
0.058618,-0.156980,0.001330,0.443602,-0.072300,-0.919051
0.060312,-0.169673,0.025390,1.080316,-1.368252,-0.659843
0.091236,-0.139140,-0.019543,0.464176,0.204466,-0.139652
0.080781,-0.154098,0.030757,1.331419,-1.183382,-0.743489
0.084225,-0.157144,0.008292,1.075848,-1.160119,1.017969
0.072739,-0.186207,0.021507,1.116150,-0.194827,0.945185
0.091328,-0.134669,0.033741,0.612440,-0.804592,2.530753
0.098057,-0.094390,0.028525,0.025941,0.480574,3.633718
0.093238,-0.056212,0.031082,0.197268,0.939581,4.546672
0.094781,-0.035982,0.011010,-0.693071,2.464730,3.814592
0.079961,-0.003207,0.038609,-0.793034,-0.081054,3.386303
0.091531,0.042760,0.004386,-1.721055,1.882435,4.521094
0.094597,0.084900,0.027563,-1.398243,1.800994,4.394624
0.096439,0.133027,0.046710,-2.469106,-0.599955,3.222744
0.098950,0.180202,0.000743,-2.201072,2.561998,3.126141
0.073635,0.215505,-0.002651,-1.699089,0.073401,4.166788
0.054440,0.248687,-0.010221,-2.818761,-0.530193,3.460643
0.056777,0.311795,0.027662,-1.720192,-0.646303,2.300934
0.060305,0.377040,0.006966,-2.224210,-0.723614,1.850579
0.035960,0.387400,0.026654,-1.126950,-1.622080,1.393207
0.016866,0.407823,0.030498,-1.547745,-1.791818,1.321134
0.002347,0.428456,0.021369,-0.457897,-0.269085,1.109826
0.006654,0.501130,0.029910,-0.595881,-1.096864,1.626337
0.019922,0.568837,0.018310,-1.374905,0.473619,1.046591
-0.004930,0.604422,0.047363,-0.272548,0.536428,-0.179653
-0.043659,0.654196,0.028512,-1.517813,0.216896,-2.180327
-0.076110,0.702740,0.026346,-1.331282,0.877273,-3.438818
-0.048429,0.764703,0.021501,-2.089394,1.849180,-2.740503
-0.036418,0.794606,0.030524,-2.034915,2.065466,-4.075490
-0.037114,0.831005,0.040211,-2.424928,1.204119,-5.440010
-0.061755,0.838259,0.012116,-2.910414,1.436105,-6.897332
-0.074675,0.852498,0.027517,-2.295787,0.016119,-5.246269
-0.051278,0.887086,-0.003547,-3.317275,-0.088108,-5.593770
-0.015240,0.923816,0.026674,-2.312718,-1.544664,-8.640398
-0.011426,0.936414,-0.008077,-2.818282,-0.768948,-10.345858
-0.022494,0.891215,-0.006443,-1.794690,-1.629443,-10.746588
-0.023646,0.860383,-0.022635,-2.153697,-1.170939,-10.410899
0.004103,0.830624,0.010196,-1.380978,-0.923627,-11.272026
0.053580,0.803987,0.029622,-1.017786,-0.679883,-9.117200
0.054243,0.713067,-0.001319,-0.383160,0.030158,-8.964378
0.047241,0.619248,0.007298,0.949418,0.008212,-8.525226
0.059124,0.534135,0.005837,0.769606,0.687489,-7.092148
0.072102,0.447879,0.020011,1.995364,0.888755,-3.523099
0.097249,0.364675,0.013869,1.497080,0.565123,-0.327555
0.100991,0.282076,0.015665,1.360524,1.373486,0.226991
0.112611,0.207880,0.007843,1.403823,1.730015,0.684403
0.140525,0.134734,-0.015899,0.519590,2.403670,1.768306
0.153793,0.057032,0.012500,0.292396,1.846095,3.279903
0.163390,-0.003129,-0.009233,-1.073810,1.666142,3.358298
0.158782,-0.073737,-0.014829,-0.895262,1.154013,3.417826
0.170799,-0.130838,-0.009111,-1.647551,0.036848,5.777343
0.176471,-0.217748,-0.028524,-2.625875,-0.015188,6.476008
0.175952,-0.288832,0.006520,-1.621167,-0.407778,6.342299
0.181592,-0.339999,-0.000426,-2.128631,-1.354594,7.452955
0.174075,-0.419092,-0.002110,-1.606714,-0.731636,8.217144
0.169657,-0.473732,0.000273,-1.180850,-1.374275,9.154186
0.180984,-0.504272,-0.005973,-1.316776,-0.104530,8.880838
0.189972,-0.526221,0.028463,-0.313007,-0.128830,9.463777
0.187428,-0.535032,-0.001726,-0.600594,0.839555,11.074319
0.187382,-0.538261,0.025496,0.459361,1.134423,11.048171
0.182307,-0.518166,0.024317,0.171672,-0.397756,10.270485
0.161145,-0.498209,0.004087,0.970994,2.010197,8.618515
0.137266,-0.459033,0.010728,1.284267,1.404332,8.735415
0.112946,-0.430568,0.010557,0.902992,1.576952,7.056213
0.099298,-0.373696,0.038425,1.732507,1.149476,3.831193
0.101461,-0.312062,0.000405,0.952531,1.744047,2.893481
0.080804,-0.282546,0.022213,0.966248,0.149285,2.074686
0.072536,-0.229026,0.016039,1.057283,-0.237026,1.685999
0.055260,-0.172630,0.020956,0.879969,-0.946052,-1.344494
0.076639,-0.103965,0.020972,1.310818,-0.752362,-1.966858
0.061251,-0.066421,-0.019970,0.672447,0.498240,-2.610926
0.018366,-0.019173,0.008886,0.863396,-1.680182,-3.149109
-0.002520,0.045790,-0.010628,0.072292,-1.639372,-5.340818
-0.036684,0.104230,-0.002330,0.514069,-0.734466,-5.851708
-0.030513,0.151143,0.012520,-0.046673,-1.864908,-5.196044
-0.018542,0.174803,0.003241,-0.633987,-0.120312,-7.823296
-0.011357,0.200882,0.000464,0.450540,0.643012,-9.387818
-0.016320,0.211717,-0.003738,-0.313138,0.888493,-7.944661
-0.034852,0.211944,0.033508,0.298751,0.425249,-5.187649
-0.025898,0.236775,0.006871,-0.607678,1.353168,-4.756022
-0.009378,0.244479,0.027288,0.144968,1.323353,-6.256349
-0.010631,0.232715,0.029195,0.371368,0.768730,-5.673758
-0.031849,0.203833,-0.001411,0.393055,0.974657,-6.811655
-0.059300,0.179615,0.031099,1.121520,-1.314089,-6.407357
-0.044142,0.176949,-0.001279,0.851375,0.488081,-6.099799
-0.018017,0.154954,0.024596,1.980317,-0.532711,-4.093001
-0.015128,0.114340,0.025761,0.697304,-2.244161,-1.899097
-0.034705,0.057314,0.017349,0.747148,-1.541421,-2.404937
-0.023718,0.052240,0.042082,0.810509,-1.646406,-1.096904
-0.003659,0.048186,0.026539,-0.242034,-1.551114,0.744581
0.015142,0.019310,0.039118,-0.218571,-0.938542,1.956034
0.018343,0.025291,0.030058,-1.297794,-0.668981,2.212229
0.001274,0.012197,-0.004312,-1.562513,1.234006,1.107845
-0.021493,-0.016954,0.025571,-1.578475,0.182460,1.390237
-0.013080,-0.022639,0.023119,-3.165295,0.969238,2.785979
0.011699,-0.013435,0.023795,-2.388975,0.579130,1.378250
0.008108,-0.014722,0.033380,-2.556337,-0.202941,0.842822
-0.011593,-0.036055,0.017335,-2.678056,1.012901,1.696026
-0.032738,-0.050018,0.028115,-1.485563,0.611091,3.520825
-0.027940,-0.052424,0.026556,-1.450710,0.268880,2.776831
-0.017767,-0.052034,0.015061,0.161079,0.546525,0.831694
-0.002579,-0.054282,-0.004109,0.467810,1.973998,2.833654
-0.041732,-0.096852,0.019131,0.831054,-0.626349,0.970666
-0.058893,-0.097761,0.009714,2.121761,-0.980022,-0.433414
-0.023810,-0.082160,-0.024194,2.715561,1.862185,-0.173717
-0.011288,-0.083535,0.017667,3.000506,-1.059270,1.344261
-0.009620,-0.073097,0.012664,1.856763,-0.832338,0.366996
-0.018919,-0.069723,0.029343,2.274542,-0.853340,-2.060302
-0.020282,-0.062570,-0.007628,1.076646,0.150775,-2.023693
-0.021211,-0.059993,0.006018,1.526721,0.907587,-2.257389
-0.008764,-0.045945,0.029933,0.645442,-0.800062,-3.202528
0.015274,-0.037233,-0.020997,0.135482,1.019127,-4.135663
-0.002156,-0.065249,0.010649,0.901200,1.078533,-3.348829
0.002837,-0.103423,0.000775,-0.006385,1.289009,-1.697624
0.008640,-0.133901,0.025151,0.481625,0.799145,-0.580794
0.037916,-0.115188,0.006316,-0.612398,0.210121,0.948216
0.038930,-0.107399,0.039229,-0.694216,-0.206368,0.934955
0.047422,-0.100811,0.032517,-0.583759,-0.625236,1.748406
0.025036,-0.133842,0.004964,-0.632431,0.424750,-0.429617
0.037880,-0.137997,0.034138,-0.020394,-1.379252,-1.163833
0.066966,-0.140354,-0.000899,-0.352045,-0.655861,-0.465979
0.063545,-0.173668,0.000162,0.840698,-0.146519,1.603454
0.051725,-0.181654,0.022541,0.573603,-1.723757,4.604897
0.026976,-0.179990,-0.004243,0.148025,-0.467486,4.461463
0.035930,-0.172949,0.020976,0.898587,-0.927119,5.123374
0.057095,-0.149404,0.021960,0.330167,-1.349509,5.890467
0.064097,-0.130343,0.004432,0.155541,0.948936,4.450077
0.029168,-0.101690,0.016978,0.236979,0.536770,5.207528
-0.018742,-0.084264,0.016170,-0.594578,0.674521,6.166065
-0.039126,-0.066805,0.035385,0.388946,0.384054,7.507725
-0.027641,-0.010058,0.020572,-0.826663,0.311263,7.855722
-0.044503,0.040567,0.032087,-1.392184,0.431387,5.969179
-0.099001,0.087122,0.043178,-1.238950,-0.283072,6.613451
-0.117294,0.137596,0.000487,-2.252114,1.431983,6.118064
-0.120179,0.199529,0.033183,-1.704570,-0.813162,4.970625
-0.108241,0.285555,0.028121,-3.007022,-0.789299,3.623268
-0.149534,0.321308,0.023995,-1.793203,-1.110420,2.301862
-0.194435,0.374864,0.017253,-2.834054,-1.603377,2.612603
-0.222788,0.429287,0.026477,-2.704306,-1.001056,-0.354913
-0.211684,0.521136,0.026529,-2.216096,-1.320654,-2.243518
-0.192574,0.592562,0.022472,-2.563036,-0.135086,-3.788507
-0.214733,0.637420,0.050481,-1.829011,-0.507371,-4.252339
-0.236795,0.695516,0.020972,-1.953104,-0.880706,-5.247257
-0.219312,0.731150,0.026054,-1.128900,-0.231551,-4.848119
-0.202782,0.761201,0.024787,-0.862996,0.343129,-4.128363
-0.204240,0.773388,0.015684,-0.027419,1.697489,-5.999406
-0.231628,0.800298,0.040867,-0.207736,-1.856739,-6.461314
-0.228979,0.805530,0.000831,0.321399,-0.002486,-7.294217
-0.223091,0.825540,0.029523,0.416380,-0.202853,-6.821231
-0.215272,0.831675,0.022902,-0.473046,0.176781,-7.584437
-0.222457,0.840997,0.042328,-0.045069,-0.448064,-9.359869
-0.221423,0.861837,0.015924,-1.179525,-1.401990,-8.742577
-0.224118,0.833900,0.020729,-1.730367,-1.189826,-9.281074
-0.217376,0.814232,0.039091,-1.897201,-1.932822,-9.285810
-0.205405,0.771908,0.028033,-1.935901,-0.726766,-11.316441
-0.196463,0.736106,0.039557,-1.663888,-1.191644,-9.852532
-0.196903,0.657262,0.013071,-2.181489,-1.101121,-7.667057
-0.178682,0.580877,0.030012,-1.163782,-0.325222,-6.857504
-0.130700,0.532441,-0.002861,-1.921326,1.797009,-4.939315
-0.113805,0.437368,0.031502,-0.668128,0.023721,-2.768286
-0.113290,0.342020,0.030633,-0.807185,-0.399628,0.570783
-0.103262,0.254307,0.018218,-0.563536,0.562517,1.235567
-0.081453,0.183570,0.041839,0.498697,-1.554301,1.360747
-0.031892,0.122822,0.004997,-0.175217,1.807346,3.203500
-0.025468,0.018559,0.058166,0.158679,0.038332,5.017873
-0.031678,-0.056150,0.031703,-0.128540,0.214881,5.509681
-0.024303,-0.111249,0.026050,0.154507,0.312130,5.059341
-0.009962,-0.159931,0.052205,0.115220,-1.639569,7.028392
-0.004569,-0.241365,0.013735,-0.508932,-0.538442,8.324215
-0.018653,-0.295197,0.048735,0.444265,-1.050328,7.505716
0.001051,-0.323216,0.034338,-0.715135,-1.548002,7.225065
0.027458,-0.367601,0.038684,-0.116139,-0.943180,8.310175
0.049864,-0.382730,0.017257,-0.498560,-0.434490,10.526632
0.028873,-0.401374,0.022696,-0.379735,0.336029,8.329505
0.006913,-0.388835,0.019961,-0.804168,-2.023834,6.834439
0.008679,-0.392078,-0.010775,-1.148322,0.135791,6.693350
0.016669,-0.397803,0.021845,-0.414880,-0.318200,7.084391
0.002072,-0.386652,0.028112,-1.235168,-0.018592,5.982003
-0.021811,-0.389879,0.044281,0.267978,-0.792312,4.206331
-0.029794,-0.380668,0.008817,-0.383619,0.455789,6.536469
-0.023682,-0.370709,0.048318,0.351933,0.068576,6.457424
-0.013310,-0.313339,0.035793,0.090123,-0.238033,4.679389
-0.016487,-0.279060,0.013607,1.224487,0.933059,1.444410
-0.037616,-0.251488,0.034726,1.318542,0.035565,1.701900
-0.062385,-0.223528,-0.024325,1.212089,0.191329,0.362658
-0.070670,-0.152338,0.013042,1.681908,-1.059244,-1.606127
-0.080459,-0.106236,0.005542,1.068115,-0.853392,-3.752222
-0.111606,-0.083378,0.041169,1.515419,-3.603025,-4.095409
-0.077557,-0.034433,0.013055,0.554594,-0.352249,-4.507335
-0.048356,0.016606,0.023953,1.144884,-1.065874,-5.180396
-0.044854,0.067539,0.014174,0.363878,-0.266679,-4.410743
-0.054452,0.082071,0.004813,0.692194,-0.156380,-4.171529
-0.020745,0.139471,0.021094,0.024759,-1.681082,-4.116598
0.003680,0.173680,0.008220,-0.971444,0.426598,-5.897885
-0.015946,0.192715,0.039551,0.076237,0.107624,-5.758776
-0.052568,0.189403,0.000240,-0.647271,1.697312,-4.468007
-0.073766,0.172554,0.016915,0.102425,-0.086621,-4.695756
-0.031412,0.205497,0.022354,-0.578202,-0.467486,-3.927340
-0.026666,0.213273,0.009868,-0.368201,-0.624908,-4.400356
-0.050424,0.195160,0.024964,0.537653,-0.824799,-3.467024
-0.069131,0.188346,-0.005720,-0.311080,-0.415531,-3.493048
-0.044083,0.189587,0.016702,0.266300,-0.410453,-3.076003
-0.006909,0.199657,0.023149,-0.279690,-0.803233,-1.361326
-0.016218,0.160212,-0.005412,0.501694,0.022011,-1.375795
-0.043689,0.122067,0.019938,0.367728,-1.621785,-0.813595
-0.058808,0.101023,0.029290,-0.222428,0.055820,-0.620807
-0.047257,0.086840,0.042472,0.227046,-0.692858,1.443571
-0.044936,0.069584,0.027770,-0.804857,0.175649,3.086800
-0.060849,0.045606,0.040440,0.102750,0.424494,2.434425
-0.097169,0.040630,0.009129,-0.850493,-0.118320,1.931716
-0.114409,0.033888,0.042725,-0.670317,-0.480313,2.852453
-0.113250,0.043449,0.028679,-1.768607,-0.178634,3.837417
-0.100147,0.065386,0.028105,-1.758386,0.496704,1.752133
-0.083603,0.110208,0.044632,-2.497292,-0.854311,1.076617
-0.085720,0.109341,0.007012,-2.817143,0.752547,0.579649
-0.079979,0.114245,0.024609,-2.227374,0.753355,0.429760
-0.049213,0.141453,0.002683,-2.556997,1.192571,-1.307130
-0.023469,0.159825,0.031118,-1.708874,0.270351,-2.499153
-0.012437,0.172233,0.020043,-1.936590,0.405965,-1.108663
-0.040259,0.135702,0.018570,-0.835811,0.089167,-2.183494
-0.028941,0.139707,0.020188,0.000630,-0.190858,-3.463501
-0.004083,0.144703,0.014063,1.087717,-0.246968,-5.018963
-0.006148,0.116802,0.045522,1.902668,-1.951430,-4.660819
-0.007162,0.099320,0.010252,2.007732,-0.714017,-3.892590
-0.002373,0.079901,0.026996,3.341863,-0.970362,-4.588237
0.029372,0.080452,0.007797,2.912766,-0.347001,-4.751761
0.068065,0.046013,0.029894,3.299145,0.312727,-3.065115
0.085242,0.016642,0.044655,2.735042,-0.584206,-1.211423
0.090606,-0.021671,0.023076,2.150561,0.787476,-2.136817
0.092033,-0.021543,0.029054,2.573841,1.018937,-1.154570
0.120108,-0.033626,0.027646,0.948280,2.154697,0.226126
0.119314,-0.061543,0.053265,1.135841,1.226659,-0.265006
0.116127,-0.073291,0.038773,-0.585883,0.320116,-1.072131
0.099347,-0.111974,0.041583,-1.097608,-0.085846,-1.746064
0.095972,-0.157177,0.047153,-1.224947,-0.243174,0.804082
0.116314,-0.188567,-0.003419,-1.882206,1.643066,2.964053
0.139009,-0.198506,0.041599,-1.522460,-0.241920,2.943906
0.152526,-0.224201,0.017841,-1.905308,0.033326,4.274299
0.131226,-0.272781,0.028847,-1.202360,-0.395200,6.385862
0.128127,-0.292016,0.021737,-1.412466,-0.744773,7.458412
0.118461,-0.286718,0.019052,-0.521550,0.376764,5.186551
0.127852,-0.268931,0.029943,-0.321663,-0.281896,6.256573
0.108515,-0.273162,0.012832,-0.678628,-0.114374,7.898042
0.084093,-0.260108,0.040339,0.368605,-0.162678,8.238883
0.079235,-0.224316,0.021714,-0.429031,0.114048,8.314855
0.067520,-0.198486,0.054795,0.143964,0.420536,8.696293
0.076774,-0.168465,0.050734,0.379466,0.399308,9.263810
0.064011,-0.132890,0.028693,0.348683,1.554877,7.516357
0.043949,-0.075086,0.054315,0.752945,0.588668,6.250644
0.031154,-0.015090,0.030806,-0.197022,0.942840,6.746420
0.011824,0.046111,0.044363,-0.040407,-0.203768,7.984469
0.003434,0.120541,0.019426,-1.278392,0.108238,6.355292
-0.025278,0.219267,0.030396,-1.215632,0.228322,2.829984
-0.041217,0.325322,0.025433,-2.203750,-0.782393,2.132871
-0.093743,0.405414,0.013144,-2.904564,-0.532701,0.493649
-0.122645,0.512300,0.036981,-3.102308,-1.763412,-1.828022
-0.143137,0.611285,0.030258,-3.829706,0.229960,-5.024778
-0.182933,0.668144,0.060900,-3.150143,-1.746133,-6.394718
-0.195623,0.732227,0.026503,-3.974961,-1.256085,-5.668072
-0.186061,0.793664,0.027734,-3.342911,-0.936661,-7.367952
-0.174254,0.864479,0.039768,-2.462994,-1.581854,-9.302225
-0.173861,0.886606,0.011929,-1.711293,1.195942,-9.759627
-0.186045,0.886029,0.016452,-0.846804,0.003974,-8.556361
-0.184529,0.914523,-0.005645,-0.682065,1.049608,-9.741991
-0.172013,0.935012,0.026008,1.151255,0.708808,-10.342989
-0.173086,0.935541,0.010770,0.820126,0.104971,-9.476891
-0.189941,0.899158,0.039492,1.421196,-0.786634,-9.495670
-0.170030,0.891244,0.008712,1.029043,-0.131630,-10.766695
-0.177215,0.870952,0.006290,2.007748,-0.611011,-10.930082
-0.192935,0.807618,0.017746,1.567143,-1.052518,-9.201969
-0.188326,0.766138,-0.012115,0.569469,-0.621166,-8.326135
-0.172111,0.723863,0.018727,0.437171,-1.807495,-8.095875
-0.156664,0.668436,-0.006127,-1.044725,-1.723252,-7.612433
-0.151353,0.582432,0.000431,-0.896638,-0.596587,-4.900081
-0.145467,0.523194,0.007331,-2.621582,-1.279499,-3.078536
-0.130411,0.452838,-0.001571,-3.502631,-0.184592,-3.815873
-0.098798,0.386917,0.024018,-2.997185,-0.064370,-2.611611
-0.089492,0.288808,0.002532,-3.753393,-0.228567,-0.291939
-0.102320,0.187532,0.016180,-3.407443,0.622665,1.442781
-0.101899,0.117567,0.016685,-3.176603,0.383483,3.477392
-0.068422,0.057945,0.014742,-3.041553,1.384545,5.631064
-0.167942,-0.054184,0.184014,-4.133115,-24.523936,5.672920
-0.048474,-0.109463,0.010784,-2.123380,0.044125,6.626542
-0.049095,-0.164106,0.012835,-0.651374,0.137990,6.568968
-0.038391,-0.224559,0.031758,-0.016708,-1.375687,7.719805
-0.017629,-0.285862,0.010997,0.774705,0.108806,7.832706
-0.004224,-0.322487,0.013265,1.647482,-0.580815,8.198725
0.008509,-0.361377,-0.002967,1.509248,-0.940462,7.144823
0.017407,-0.392744,-0.004713,2.835701,-0.230086,7.089183
0.032992,-0.405959,0.017444,2.123652,-1.526597,8.631904
0.035320,-0.416378,0.010258,1.471015,-0.551470,7.354221
0.027156,-0.407689,0.041104,2.152593,-0.262632,6.044432
0.023204,-0.389439,0.007245,0.648994,-0.585729,6.105072
0.013160,-0.390837,0.031236,1.140243,-0.410512,5.824154
-0.007674,-0.378902,0.019269,0.225970,-0.594627,4.809752
-0.007854,-0.363261,0.017785,0.328001,0.366891,2.435386
0.009336,-0.356004,0.034283,-0.177462,0.598046,2.636915
0.006759,-0.367601,0.013390,-0.994989,1.735631,3.038984
0.019262,-0.343531,0.033823,-0.367302,0.777136,3.108956
0.033754,-0.295358,0.025253,-1.217121,0.844449,2.184664
0.035736,-0.259047,0.012136,-0.266255,0.878531,1.483295
-0.000341,-0.231399,0.021035,-0.372193,-1.106255,0.433662
-0.043968,-0.205819,0.008637,-0.538999,0.032472,-2.163500
-0.067217,-0.175962,0.036131,0.385328,-0.882281,-5.686979
-0.033398,-0.132926,0.011739,0.291887,-0.208885,-5.751423
-0.025905,-0.137013,0.046654,1.893510,-1.073414,-5.690501
-0.023679,-0.102324,0.014883,1.266821,-1.405521,-3.582083
-0.032364,-0.098122,0.014542,2.002156,-0.854433,-3.160559
-0.037557,-0.092769,0.021084,2.624952,-1.071110,-0.875847
-0.018667,-0.084159,0.011237,1.922373,0.556057,-1.151214
-0.013874,-0.053196,0.034204,2.918589,-0.411307,-2.379755
-0.033648,-0.025521,0.008922,1.720769,-0.538101,-3.389309
-0.088169,-0.032926,0.016298,2.191641,0.377729,-1.617204
-0.115522,-0.026234,0.038842,0.974280,-0.824080,0.445720
-0.076037,0.021605,0.020024,-0.210641,-0.182875,-0.237533
-0.040373,0.051340,0.035632,0.059087,0.863126,-1.001914
-0.035168,0.092427,0.017214,-1.696384,0.587799,0.701071
-0.064752,0.113385,-0.016477,-2.014790,1.003864,0.417983
-0.056503,0.165326,0.008348,-2.998806,0.379534,0.800383
-0.033434,0.214727,0.012802,-3.699301,0.118430,0.337073
-0.011941,0.241817,0.020913,-3.534477,-0.477605,0.251090
-0.048383,0.236447,-0.009679,-3.894173,0.171070,-1.302568
-0.099979,0.232813,0.019689,-2.782789,-2.821283,-1.900790
-0.116319,0.244282,-0.008386,-2.974628,-1.324022,-1.815929
-0.092650,0.254392,0.020529,-1.183231,-1.885506,-0.667046
-0.080016,0.274487,0.001839,-1.456973,-2.135467,-0.420256
-0.095643,0.280832,0.023654,0.372212,-1.350934,-0.748241
-0.127841,0.304390,-0.013598,0.503759,-0.606097,-0.298180
-0.141243,0.295902,-0.010073,0.980956,-0.538061,-0.460704
-0.100777,0.311283,-0.009239,1.381151,0.239610,-0.472615
-0.083498,0.333066,-0.008008,1.153159,0.941537,-2.650116
-0.103104,0.328539,0.035343,1.239435,-0.742600,-3.330116
-0.146045,0.312875,-0.022474,0.606614,1.385191,-2.206515
-0.147253,0.321524,-0.010257,0.862112,1.911287,-1.573274
-0.089892,0.383911,-0.005359,-0.209873,2.503830,-3.040251
-0.062346,0.409116,-0.004348,-0.489396,1.737013,-6.042494
-0.045084,0.411030,-0.009016,-1.944271,0.859893,-6.009860
-0.070231,0.380802,-0.010618,-2.254464,0.473809,-7.784921
-0.052725,0.390423,0.007078,-2.152879,-0.721957,-8.493888
-0.023935,0.373518,-0.018968,-2.495700,-1.135728,-9.181486
0.007333,0.330344,0.004458,-1.833994,-2.553068,-7.958865
0.017302,0.278226,-0.020183,-1.926004,-1.954499,-7.991501
0.023151,0.215019,-0.028248,0.598155,4.762170,-7.624675
0.004763,0.151369,-0.018689,0.064723,-2.205402,-4.409933
0.045731,0.088025,0.011896,0.784555,-1.553710,-1.432644
0.099179,0.042806,0.005729,0.994601,-0.374209,-1.407896
0.129959,-0.026821,0.006027,2.103954,0.780195,-2.182547
0.132204,-0.112637,0.000441,2.583246,1.324640,0.882221
0.138749,-0.185383,-0.001420,2.307541,3.198706,2.826407
0.175631,-0.229948,0.029142,2.896055,2.616959,3.875679
0.208944,-0.277892,0.015681,2.154796,2.696266,4.213519
0.204910,-0.331812,0.035441,2.829905,3.069250,5.427247
0.192178,-0.366994,0.008945,1.082935,1.264181,7.731254
0.177643,-0.394189,0.022991,0.806866,1.268997,7.535473
0.218119,-0.383448,0.020260,0.098939,0.704555,8.096475
0.258072,-0.395078,0.015816,-0.348152,0.938478,8.375704
0.255273,-0.439027,0.028371,-0.887548,-1.744360,8.577105
0.250920,-0.449064,-0.000557,-2.400887,-0.976690,8.953515
0.236382,-0.450174,0.030892,-2.016815,-1.599336,9.150540
0.233198,-0.420346,0.027393,-2.547520,-1.487411,11.404249
0.208403,-0.407719,0.006346,-2.419288,-0.422230,12.021606
0.171974,-0.370880,0.051702,-2.233824,-1.496333,11.028191
0.184116,-0.323869,0.035402,-2.926523,-1.060553,9.516749
0.163873,-0.295433,0.057384,-1.311725,-0.881503,10.050499
0.145498,-0.234505,-0.005166,-1.828436,1.973923,10.868646
0.129174,-0.163948,0.048676,-1.149395,1.708981,7.948433
0.158962,-0.067652,0.026621,-0.543897,3.620890,6.998080
0.155549,0.002543,0.016636,-0.086722,4.630049,6.551011
0.123896,0.072354,0.060762,0.279309,2.350343,6.035975
0.076307,0.178335,0.034798,-0.307752,1.788761,3.324177
0.048466,0.301813,0.047961,0.448814,1.067727,1.024393
0.025410,0.416338,0.029533,-0.369409,0.195130,0.608027
-0.001237,0.510767,0.031657,0.276489,-1.034471,-2.147103
-0.024611,0.618976,-0.004106,-0.748593,-1.434558,-6.878467
-0.056231,0.702202,0.032907,-0.746887,-1.725864,-10.452115
-0.065199,0.784276,0.018215,-1.340010,-2.802294,-9.610736
-0.059277,0.852229,-0.000587,-1.261232,-1.217763,-9.878879
-0.061303,0.931247,0.031496,-1.357932,-2.831754,-11.166840
-0.079251,0.973857,0.006402,-2.297553,-0.798970,-13.448375
-0.082954,0.974018,0.013226,-1.366962,0.276206,-12.389428
-0.068708,0.983668,0.006034,-1.945338,1.566086,-11.699334
-0.062110,1.013584,0.021799,-1.299055,1.926298,-13.458823
-0.052821,1.021698,0.022413,-1.690259,1.345523,-10.919896
-0.057459,0.988661,-0.005921,-1.732783,2.456244,-9.004327
-0.069614,0.950620,0.012645,-0.776609,1.655050,-9.765534
-0.071491,0.923104,-0.018486,-1.201918,2.509656,-10.913669
-0.090204,0.862149,0.013945,-0.367243,0.350708,-10.684853
-0.091478,0.810217,-0.031356,-0.784691,-0.151144,-7.722248
-0.088790,0.749220,-0.020564,0.102073,-0.054201,-8.132486
-0.079366,0.680026,-0.019920,-0.053688,-1.933761,-7.096794
-0.062271,0.589037,-0.031596,-0.720020,-0.116039,-5.138877
-0.056497,0.467245,-0.011891,0.015154,-1.697274,-3.210101
-0.045084,0.382213,-0.031540,-0.652254,-1.360972,-2.459337
-0.027254,0.313722,0.018100,-0.256487,-2.855243,-1.966360
0.002603,0.235502,-0.014294,-1.481765,-0.350313,0.267568
-0.008839,0.121542,0.003415,-0.986944,-0.110104,1.970255
0.006191,0.056874,-0.007611,-1.771112,0.109734,5.028918
0.034328,-0.010550,-0.001568,-1.848003,1.806496,6.381826
0.071889,-0.073816,0.018658,-1.441627,1.534582,7.570914
0.093048,-0.142521,-0.021575,-2.533540,3.063768,8.733716
0.087048,-0.215581,-0.008813,-1.416648,1.148469,8.500916
0.086808,-0.254294,-0.023436,-2.035975,1.395177,8.515970
0.077857,-0.282884,-0.001266,-1.319714,0.584008,8.801438
0.061034,-0.325684,0.008643,-1.819268,-1.460324,9.436626
0.056419,-0.365146,-0.033477,-0.949737,0.016704,6.742043
0.052388,-0.390381,-0.008783,0.010290,-0.965753,5.426044
0.052191,-0.420064,-0.029459,-0.201817,-1.051727,5.501134
0.058894,-0.440320,-0.006548,1.292640,-0.956086,6.093467
0.080965,-0.429110,-0.015903,1.079719,0.357894,4.582639
0.080522,-0.416562,0.006681,1.804215,-0.816264,2.208598
0.093655,-0.413594,0.006602,2.037856,-0.263820,3.559857
0.092972,-0.428497,0.001649,2.080117,0.118988,2.637994
0.056189,-0.423458,0.021471,2.929435,-0.262307,1.621232
0.042344,-0.414566,0.007376,2.634993,0.499977,0.837493
0.028581,-0.429140,0.048410,2.975586,-0.815224,1.666243
0.041317,-0.432255,0.017605,2.451502,1.149217,1.930605
0.027806,-0.415032,0.040624,2.825493,0.569043,1.131727
0.022584,-0.370598,0.042397,2.029512,-0.551001,1.029220
0.007455,-0.358009,0.049920,1.484538,0.646820,0.060978
0.027619,-0.334432,0.028765,0.931592,-0.515038,-1.077273
0.031423,-0.304841,0.038126,0.306136,-0.265021,-4.982555
0.016432,-0.281929,0.057841,0.659678,-1.509860,-4.296348
-0.033024,-0.284552,0.019430,-0.417927,0.437745,-2.287356
-0.062707,-0.281453,0.052871,0.215997,-0.924690,-1.816891
-0.054186,-0.251478,0.041107,-0.541386,-1.506942,-1.023827
-0.068658,-0.265484,0.056429,0.398905,-1.407038,-2.846073
-0.069988,-0.265281,0.051020,0.306061,-1.782703,-1.755263
-0.086022,-0.262924,0.040184,0.301617,-0.341725,-0.887958
-0.066485,-0.247260,0.050281,1.055822,0.035059,0.044373
0.000283,-0.213185,0.040844,1.307858,3.937405,2.180138
-0.003771,-0.217167,0.083122,1.607741,1.023756,4.199160
-0.017876,-0.220564,0.056081,0.807398,2.165148,5.098853
-0.056520,-0.213100,0.075766,1.268061,0.819536,4.863197
-0.068973,-0.161523,0.090645,0.589998,-0.080591,6.118502
-0.056218,-0.106220,0.083887,0.669476,0.696336,5.380183
-0.076635,-0.050727,0.103417,-0.365838,-2.394362,4.328298
-0.125783,0.015516,0.068988,-1.490457,-1.009991,2.461452
-0.172150,0.071734,0.094450,-1.189142,-2.010819,1.950283
-0.169846,0.142950,0.070294,-2.515273,-2.483868,1.579692
-0.168911,0.206987,0.085049,-2.225162,-1.599067,-0.995947
-0.164210,0.285277,0.090186,-2.707989,-2.967896,-2.366511
-0.196959,0.319204,0.074758,-3.046402,-1.475332,-2.335696
-0.241987,0.356837,0.089884,-2.264318,-1.637688,-0.790443
-0.249842,0.408099,0.085272,-2.589841,-0.848938,-1.080447
-0.240294,0.475169,0.110691,-1.836436,-0.950769,-2.729194
-0.252885,0.527137,0.099019,-2.161204,-0.286305,-4.386754
-0.298590,0.542511,0.116275,-1.414708,0.102857,-5.272052
-0.325998,0.566007,0.118221,-0.667754,-0.471891,-5.724753
-0.307265,0.605249,0.106601,-0.357626,0.401464,-7.568266
-0.301226,0.617821,0.115201,0.858012,-0.570768,-6.429693
-0.290745,0.637850,0.082567,0.424110,0.061994,-6.349392
-0.311920,0.641382,0.081438,1.463212,-0.248964,-7.311889
-0.327036,0.653228,0.094673,0.991735,-1.082989,-8.793835
-0.334756,0.652910,0.097466,0.638643,-0.936386,-9.721009
-0.300428,0.663873,0.105085,0.118548,-2.329912,-9.730626
-0.280405,0.643151,0.087379,-0.418594,-1.670230,-12.272142
-0.283556,0.614315,0.102659,0.212160,-1.984494,-13.101880
-0.282381,0.550632,0.079544,-0.415646,-0.037523,-11.744952
-0.262332,0.471296,0.091679,0.322693,-1.243697,-10.139224
-0.193946,0.433794,0.088430,-0.490042,-1.171854,-9.290762
-0.158994,0.364997,0.085413,-1.046672,-0.550226,-8.759846
-0.142792,0.260268,0.112080,-0.042183,-0.107980,-4.991096
-0.134832,0.169410,0.060795,-0.863442,0.398881,-1.376040
-0.089695,0.091120,0.076281,0.341482,1.697253,-0.165327
-0.054659,0.030503,0.050596,-0.364065,1.011903,1.606177
-0.032381,-0.066014,0.056790,0.765379,0.627592,3.129667
-0.047857,-0.192716,0.058635,0.780527,-0.740292,4.273533
-0.051471,-0.286485,0.008250,0.600850,0.979190,4.558321
-0.016320,-0.334891,0.070455,0.598050,-0.532901,6.544497
0.020214,-0.379894,0.046598,-0.047169,-0.846075,9.763334
0.032631,-0.447374,0.057000,0.667087,-0.419975,11.143187
0.048705,-0.479962,0.044005,-0.336364,-1.647391,10.636274
0.027744,-0.535665,0.025870,-0.016146,-0.728462,10.105225
0.047324,-0.554697,0.022751,0.114849,-0.445414,11.806602
0.079560,-0.578265,0.004885,-0.571778,-0.050826,11.921101
0.085223,-0.588624,0.043716,0.263823,-1.345784,11.264682
0.104215,-0.584718,-0.006239,-0.839014,0.198604,13.369941
0.071043,-0.597798,0.016764,-0.198758,0.202126,14.873071
0.063112,-0.551759,0.008430,-1.146312,0.689384,15.158596
0.086214,-0.479476,0.021465,-0.655660,1.065988,13.149746
0.094131,-0.420986,0.020467,-0.982949,-0.215092,13.622098
0.051873,-0.398259,-0.012669,-1.266181,0.618411,12.676551
0.022068,-0.330325,0.003710,-0.456229,0.534433,10.145304
-0.000859,-0.235145,-0.022576,-1.522503,-0.228872,8.187262
-0.007513,-0.143285,0.000309,-0.372265,-0.247247,7.442777
-0.024224,-0.055293,-0.015995,-1.219646,-1.561118,6.285122
-0.055509,0.044418,-0.019352,-1.333320,-0.556952,1.178344
-0.076677,0.159388,-0.028287,-0.659403,-0.970608,-1.288702
-0.098007,0.269373,-0.043853,-1.283834,0.332261,-1.111692
-0.115912,0.372189,-0.006308,-0.617913,-0.929699,-1.048185
-0.116520,0.491299,-0.058610,-1.122693,1.134646,-5.113474
-0.127201,0.590100,-0.011754,-0.573062,-0.673498,-8.338694
-0.146715,0.635158,-0.045970,-0.876533,0.103471,-9.884727
-0.173634,0.692201,-0.021729,0.287974,-0.279507,-10.229690
-0.180540,0.776162,-0.039165,-0.351858,0.935405,-10.504815
-0.179618,0.840593,-0.030444,0.715095,-0.097253,-12.030404
-0.175403,0.897734,-0.043505,-0.137988,-0.321434,-10.138443
-0.188379,0.894156,-0.047293,-0.083463,-0.315667,-10.757836
-0.176214,0.930102,-0.034951,0.225427,-0.495636,-11.702857
-0.203819,0.944489,-0.069774,0.015023,-0.537573,-12.268448
-0.174051,0.930946,-0.024732,-0.017001,-0.359261,-8.833274
-0.167480,0.917537,-0.052558,-1.385219,0.643419,-8.306062
-0.169584,0.900048,-0.015545,-1.036621,-0.473073,-11.352417
-0.136868,0.890210,-0.045543,-2.561950,-0.142206,-11.253579
-0.136428,0.855341,-0.036067,-1.533917,1.020998,-8.172984
-0.138935,0.825018,-0.022934,-2.442223,-0.491218,-5.544068
-0.115594,0.789722,-0.029695,-3.007899,0.663485,-6.187058
-0.104522,0.738480,-0.013408,-2.697528,-0.252394,-6.390982
-0.113342,0.626266,-0.008593,-2.828307,-0.356434,-5.343128
-0.123961,0.528351,-0.004135,-2.161493,-0.641806,-2.518926
-0.123642,0.479062,-0.011895,-2.016524,-1.132157,-1.976529
-0.119017,0.400283,0.022538,-0.965556,-1.657718,0.439803
-0.110687,0.324580,-0.008579,-1.854847,-0.793156,3.142170
-0.107769,0.229317,0.026503,-1.068171,-1.119929,3.851205
-0.106272,0.177255,0.020191,-1.395844,-0.460186,3.231927
-0.102970,0.125540,0.029073,-0.313135,-0.511004,2.669121
-0.082031,0.053520,0.027691,-0.239211,-0.166351,5.120064
-0.094685,-0.026559,0.049782,-0.845251,-3.185449,5.132377
-0.078253,-0.061865,0.044819,-0.174974,-0.652461,3.285110
-0.083416,-0.109864,0.034476,-0.191665,0.202647,3.145403
-0.071455,-0.171501,0.056833,0.715437,0.938051,5.276560
-0.061585,-0.204326,0.033344,-0.008574,0.377627,4.888911
-0.045766,-0.242326,0.062229,0.332327,-0.045774,1.662708
-0.036572,-0.286223,0.049172,-0.078398,-0.370680,2.408804
-0.024995,-0.346629,0.047173,0.398504,-0.001730,3.059492
0.014499,-0.363777,0.058454,0.411276,-0.392275,3.179151
0.035907,-0.360511,0.035271,0.265310,0.662553,1.394657
0.035595,-0.393637,0.072136,1.218037,-0.685393,1.704638
0.021501,-0.447121,0.047179,0.787335,-0.493125,1.059734
0.008016,-0.491674,0.048374,2.331982,-0.284683,-1.401504
0.055963,-0.483684,0.046598,2.683954,2.386007,-0.888196
0.057775,-0.524872,0.078937,2.394424,-0.880922,0.634204
0.076993,-0.557759,0.087258,2.063452,-0.475196,2.812946
0.070402,-0.602492,0.078625,2.480949,-0.278949,1.146186
0.063542,-0.590728,0.095612,2.649892,-0.137718,1.547773
0.070205,-0.604521,0.083188,2.466165,0.251854,2.475515
0.090675,-0.620683,0.099065,3.084569,0.333364,1.406182
0.082052,-0.627101,0.085436,2.084644,0.287121,-0.099230
0.057105,-0.646907,0.097722,3.112680,0.391660,0.408321
0.029392,-0.653262,0.089559,2.040820,-0.608594,3.979827
0.008427,-0.648604,0.102272,1.711988,-0.723017,5.444940
0.022935,-0.599371,0.106746,0.921321,-1.001315,5.689061
0.008778,-0.570984,0.102203,0.559137,-1.400003,4.669151
-0.008002,-0.558425,0.090983,0.444652,-0.445260,3.807471
-0.063954,-0.561143,0.089611,0.065271,-0.524485,2.495059
-0.059100,-0.493223,0.100401,-0.357924,-1.905239,3.964662
-0.025468,-0.431277,0.098497,-0.339847,0.341442,5.097192
-0.019727,-0.388969,0.122511,-0.251484,-0.903393,6.016120
-0.057514,-0.391622,0.088492,-0.657187,-0.347086,5.025506
-0.107332,-0.363133,0.097726,0.374595,0.151126,4.206145
-0.113969,-0.292216,0.089874,-0.132676,-0.954980,5.091553
-0.085835,-0.243042,0.117463,0.529467,0.045271,6.071531
-0.066157,-0.169670,0.095425,0.102914,0.081752,7.952198
-0.104233,-0.111045,0.077729,-0.415094,-0.206633,5.506218
-0.143005,-0.035625,0.096170,0.169259,-1.377958,4.858972
-0.114324,0.074130,0.049444,-0.989120,1.544117,5.387755
-0.088205,0.185018,0.076439,-0.741625,-0.367194,2.782115
-0.085586,0.322729,0.067878,-2.152046,-0.964736,-1.168229
-0.162031,0.389487,0.057348,-2.051406,-0.499207,-5.590543
-0.238649,0.439807,0.058057,-1.812796,-2.579055,-4.916164
-0.253348,0.509454,0.041947,-2.150096,-1.390875,-5.554596
-0.223445,0.623388,0.059465,-1.644302,-1.372937,-6.762893
-0.203652,0.700853,0.044481,-1.600613,0.636562,-7.986511
-0.280100,0.701030,0.074716,-1.265676,-3.567703,-8.640039
-0.330695,0.722084,0.030275,-1.684446,-1.743806,-9.666370
-0.315540,0.793257,0.041264,-1.078088,-1.501336,-11.762421
-0.252114,0.867519,0.041153,-1.097822,-0.904503,-10.807829
-0.257481,0.885359,0.023995,-0.789201,0.063150,-10.833573
-0.326921,0.885303,0.041277,-0.438653,-1.572273,-11.567888
-0.390866,0.873030,-0.008392,-0.777906,-0.222642,-13.291613
-0.399699,0.860806,0.002650,0.566200,-0.243269,-12.076086
-0.338140,0.866623,0.019538,-0.705233,-2.034227,-10.406873
-0.320316,0.839553,0.018376,-0.742209,-0.645204,-12.010784
-0.340861,0.802454,0.004655,-0.615491,-0.763125,-12.385300
-0.354309,0.730704,-0.008451,-0.841638,-0.299304,-10.308133
-0.313955,0.672398,0.003795,-0.490082,-0.648142,-8.321160
-0.247430,0.652306,-0.043488,-1.652721,0.253081,-7.451040
-0.225851,0.594942,0.004199,-0.480986,-0.813458,-7.737527
-0.250643,0.487642,-0.029741,-1.407106,-0.791955,-6.545906
-0.279690,0.362381,-0.025484,-0.681855,-0.884287,-5.431927
-0.260169,0.286058,0.034995,-1.172806,-8.690450,-4.368973
-0.152541,0.222244,-0.044178,-0.493374,-0.821467,-1.666119
-0.115410,0.108021,-0.007985,0.394404,-1.344924,2.571065
-0.108707,-0.011594,-0.032180,-0.291533,-1.323138,5.838147
-0.093831,-0.132959,-0.022231,0.708183,-0.248846,6.430074
-0.051031,-0.192213,-0.029525,0.365608,-0.260991,7.921392
-0.009489,-0.289732,-0.033749,0.337353,0.758010,10.194444
-0.006065,-0.367693,-0.007086,0.522942,-1.152730,13.687295
-0.025747,-0.424394,-0.034527,-0.048639,0.435454,12.650790
-0.025497,-0.464528,-0.004742,-0.492487,-1.121770,11.837267
-0.022034,-0.501157,-0.014465,-1.557185,-1.995142,12.006747
-0.007244,-0.526668,-0.017419,-0.425381,-0.724005,12.328446
0.025676,-0.511956,-0.040531,-1.481443,0.832196,10.131776
0.016026,-0.530692,-0.017895,-0.206908,-0.176011,10.066705
0.009126,-0.556719,-0.041433,-1.058511,-0.558343,13.072139
0.001589,-0.584285,-0.038853,-0.189439,-0.914980,12.270246
-0.005986,-0.536814,-0.025560,-0.291533,-1.559930,10.540869
-0.047024,-0.514165,-0.024384,0.064411,-1.059762,9.963399
-0.076437,-0.512681,0.012993,0.066440,-3.012113,12.061491
-0.091570,-0.481488,-0.024023,-0.272666,-0.766401,9.623517
-0.090358,-0.404269,0.010770,1.099407,-0.403173,6.928896
-0.096592,-0.326134,0.024274,0.112998,-1.734100,7.445496
-0.120603,-0.252193,0.015737,0.355987,0.443270,7.542933
-0.139181,-0.156136,0.025000,0.135276,-0.018812,6.114959
-0.133696,-0.040959,0.008880,-0.750185,0.891463,1.669594
-0.120508,0.051048,0.032671,-0.044484,-0.429721,-0.467843
-0.115302,0.160137,0.000552,-1.396543,1.030235,-0.068109
-0.139086,0.251615,0.063066,-1.246854,0.582517,-2.601766
-0.167995,0.350932,0.024813,-1.355569,-0.024238,-5.066784
-0.183619,0.415632,0.029415,-0.310628,0.507290,-6.561263
-0.165169,0.487714,0.062206,-0.726401,-1.137766,-6.878284
-0.162247,0.540506,0.050879,-0.861388,-1.275770,-8.803813
-0.180301,0.620158,0.056429,-0.378440,-1.971834,-8.723154
-0.199047,0.671291,0.043237,-0.736212,-1.600895,-8.028444
-0.179487,0.700449,0.073071,0.331384,-1.999443,-7.489434
-0.120872,0.758575,0.042436,-0.581819,-0.548119,-8.469052
-0.114481,0.786416,0.081484,0.489201,-0.531979,-9.139506
-0.154957,0.794577,0.031867,-0.416102,-0.339937,-7.628844
-0.180245,0.786702,0.061228,0.366431,0.281022,-6.374913
-0.160314,0.810667,0.100512,-1.049810,-1.492076,-6.404832
-0.103859,0.816986,0.099121,-0.404758,0.926421,-6.327468
-0.101791,0.776641,0.089851,-1.296876,-0.199478,-3.724287
-0.150792,0.728005,0.077404,-1.979104,0.872737,-3.958988
-0.168169,0.711143,0.093616,-1.659673,-0.038809,-3.747901
-0.165805,0.716297,0.080407,-2.824837,0.069350,-3.753681
-0.161351,0.690123,0.116419,-2.733306,-2.298909,-3.121483
-0.183573,0.653166,0.088193,-3.856688,-1.169987,-4.458683
-0.207144,0.617535,0.090396,-2.925040,-1.244826,-6.440659
-0.229557,0.591298,0.095198,-3.365442,-2.597033,-2.947185
-0.237244,0.531036,0.094968,-2.306606,-1.205680,-1.529920
-0.215492,0.486884,0.087343,-2.910903,-1.763008,-1.704712
-0.205070,0.437276,0.087698,-2.513626,-1.267928,-2.812098
-0.185264,0.400388,0.055615,-2.404363,-0.322881,-0.211283
-0.169396,0.326100,0.084826,-1.386007,-0.016827,1.696255
-0.180045,0.290542,0.107346,-1.664393,-2.361108,1.356139
-0.167522,0.259083,0.095648,-0.648715,1.309429,-0.350089
-0.127867,0.237858,0.098940,-0.819842,0.166928,0.325783
-0.099861,0.181968,0.069234,-0.917071,1.323849,-0.211144
-0.110749,0.132587,0.087776,0.555112,1.145028,-1.943379
-0.117777,0.105556,0.065239,0.408456,1.064770,-3.365321
-0.126577,0.056730,0.081970,1.025095,-1.849284,-1.613650
-0.082257,0.018309,0.060542,0.521287,0.254375,-1.022636
-0.051350,-0.027550,0.091190,1.445559,-1.154602,-3.793404
-0.044670,-0.069670,0.076862,1.037591,-2.926117,-5.302068
-0.039907,-0.135207,0.060693,1.441052,-1.671067,-3.518072
-0.005534,-0.184148,0.048903,1.780519,-1.317542,-1.336975
0.055671,-0.233195,0.050908,1.647695,-0.941673,-2.097203
0.083125,-0.286548,0.071883,2.186524,-2.883390,-1.560506
0.081638,-0.361742,0.022551,1.496457,1.063303,1.336575
0.065226,-0.445086,0.034161,1.904326,-0.653836,2.222962
0.081316,-0.465916,0.050934,0.958360,0.574488,2.270778
0.096370,-0.500034,0.047255,2.359055,1.139918,0.880393
0.096888,-0.557651,0.043050,1.400272,0.262476,2.843588
0.062797,-0.652028,0.033367,1.655179,1.130819,2.743966
0.038395,-0.709093,0.041806,2.006968,0.328237,2.659542
0.056436,-0.733521,0.012563,1.733485,1.180857,3.517658
0.068023,-0.796839,0.069352,2.413189,-3.036305,6.724829
0.085472,-0.871600,0.012362,1.935283,1.136475,9.293010
0.049664,-0.888557,0.043198,2.019333,-1.068936,9.057101
0.049037,-0.887854,0.002039,1.103060,0.331736,9.096473
0.057906,-0.867589,0.047045,1.977124,-0.492655,10.296724
0.102452,-0.818615,0.024530,0.506897,-0.670763,10.728315
0.105406,-0.792168,0.017857,0.638773,-0.904450,7.191746
0.061464,-0.771397,0.007426,0.169325,-0.705626,8.309626
0.033124,-0.755086,0.005594,0.322188,-0.512195,10.435290
0.063861,-0.702318,0.003887,0.009267,-0.385835,11.366058
0.096101,-0.627987,-0.012607,-0.031190,0.495218,8.739286
0.095461,-0.538028,0.019984,-0.222877,-0.706942,9.377398
0.052431,-0.517431,-0.003902,-1.083195,0.262486,9.885551
0.028138,-0.438876,0.012162,-0.406871,0.380976,8.508533
0.073721,-0.288028,-0.004657,-1.508362,0.269251,7.651537
0.104632,-0.147576,0.013377,-0.983714,0.537065,6.952586
0.076895,-0.024871,-0.012581,-1.645217,0.524536,6.452153
0.009769,0.066203,-0.025632,-1.501407,0.716693,0.405442
-0.027283,0.212945,0.014700,-1.866404,-0.339274,-3.126274
-0.027011,0.350137,-0.014071,-1.945679,0.250810,-4.224225
-0.026955,0.484179,0.016462,-1.153183,-1.262528,-3.650342
-0.053027,0.588548,-0.007450,-1.592557,-0.866653,-7.179050
-0.086922,0.673458,0.008108,-0.150064,-1.027040,-9.015084
-0.107017,0.744848,-0.046731,-0.569973,0.164551,-7.623384
-0.088970,0.811599,0.012425,-0.066713,-0.481013,-7.707874
-0.049056,0.898919,-0.009827,-0.025318,0.116588,-10.438804
-0.061798,0.963921,-0.002395,1.225015,0.447654,-13.171599
-0.120055,0.984390,0.007393,0.252898,-2.156130,-13.201507
-0.164693,0.990243,-0.008944,0.164531,0.312237,-12.881562
-0.155187,1.066514,-0.003314,-0.206742,-0.377373,-13.985752
-0.146144,1.129395,0.016882,-1.028083,-0.621298,-13.776595
-0.154872,1.120086,0.020503,-0.436184,0.505524,-12.601660
-0.190289,1.079473,-0.028622,-2.278387,0.886543,-13.405936
-0.205855,1.039949,0.016843,-1.522806,-0.417813,-14.600382
-0.166968,1.028605,-0.014101,-2.618050,0.979816,-13.427724
-0.114084,0.973502,0.010603,-1.640291,0.202131,-9.644085
-0.076871,0.916578,-0.019073,-2.635608,1.194320,-8.042497
-0.107122,0.839946,0.013577,-2.478511,0.023934,-9.788537
-0.099618,0.780823,0.009448,-2.676202,0.050975,-8.209046
-0.091619,0.697390,0.011214,-2.425338,0.179716,-5.934667
-0.085766,0.616504,0.022768,-2.087316,-0.667071,-4.339515
-0.064024,0.524218,-0.000409,-2.125701,-0.656016,-5.057291
-0.077124,0.412392,0.025105,-0.425083,-0.531654,-2.910152
-0.076205,0.273791,0.044386,-0.676015,-2.266423,1.076536
-0.021565,0.170089,0.037224,-0.312538,-0.094962,2.881489
0.037263,0.112797,0.059918,-0.242881,0.185178,4.986076
0.074551,0.029696,0.034732,-0.113477,1.221818,7.035481
0.082153,-0.083463,0.069493,0.580571,0.185355,8.794030
0.073760,-0.166981,0.041166,-0.318718,0.699789,8.630483
0.074072,-0.214784,0.039318,0.331451,0.782119,8.376692
0.096380,-0.259595,0.057247,0.196204,0.422111,10.942362
0.100479,-0.323948,0.044478,-0.426901,0.344291,11.799191
0.066007,-0.393677,0.074033,-0.441297,-0.602059,10.876705
0.063279,-0.415826,0.046451,-1.323348,0.081099,9.959090
0.056505,-0.439457,0.065305,-0.397799,-0.846535,10.824265
0.068938,-0.433749,0.037046,-1.798113,-0.681254,11.595878
0.088413,-0.434766,0.072431,-1.600953,-0.673875,8.695017
0.089355,-0.422834,0.057988,-1.422352,-0.215890,8.642970
0.046487,-0.456640,0.049090,-1.302104,0.079536,8.481126
0.012917,-0.478839,0.075861,-0.264541,-2.149594,9.005534
0.015586,-0.440675,0.031686,-0.668012,0.695427,7.673999
0.000815,-0.405598,0.091692,0.394723,-0.612224,6.749861
-0.016221,-0.387144,0.047718,0.019931,0.461707,6.483684
-0.031796,-0.378016,0.072641,1.449725,0.205503,4.766886
-0.010684,-0.299083,0.035622,1.029556,1.433864,3.253786
-0.021444,-0.240465,0.073101,1.813133,-0.004711,3.055368
-0.010011,-0.196829,0.045272,1.275588,0.378665,4.604259
-0.013123,-0.181267,0.049109,1.737148,0.282479,1.402755
-0.028701,-0.125987,0.062797,1.301762,-0.164375,-0.718191
-0.042149,-0.066821,0.053882,1.520481,-0.038071,-2.133025
-0.029899,-0.006283,0.058395,0.893410,-1.645277,-0.252824
-0.087421,0.037567,0.055671,0.548502,-1.455027,-1.364437
-0.123862,0.100679,0.049316,0.393570,-3.175464,-3.315887
-0.110536,0.145185,0.034102,-0.233638,-2.140942,-4.484472
-0.119290,0.165819,0.065098,0.090053,-2.057617,-4.331396
-0.132942,0.205566,0.036485,-1.030604,-1.312950,-4.213137
-0.114478,0.244367,0.045449,-0.700259,-1.027545,-3.205859
-0.108310,0.278324,0.042282,-1.361986,-0.301975,-0.782336
-0.123321,0.309370,0.023680,-1.198796,0.332868,-0.707050
-0.110362,0.359401,0.052027,-1.809631,0.044693,-0.648285
-0.107119,0.413938,0.046185,-3.211928,-0.146473,-1.688862
-0.155334,0.471443,0.062426,-2.197688,0.170125,0.373447
-0.169695,0.509359,0.027432,-3.139012,-0.123929,1.773840
-0.157580,0.557637,0.054177,-3.176540,-1.140034,-0.696819
-0.175449,0.609831,0.031059,-3.395866,-0.674828,-2.976979
-0.185809,0.625646,0.024675,-2.715184,-0.876471,-3.760173
-0.197396,0.632664,0.030829,-2.441898,-1.196305,-3.423172
-0.216660,0.652280,0.016114,-1.928098,-1.182293,-4.910567
-0.217277,0.686975,0.032277,-1.431666,-2.251695,-4.993399
-0.246396,0.700459,0.015333,-1.518109,-1.981435,-5.082331
-0.258062,0.680239,0.020411,-0.093078,-1.834743,-3.426065
-0.274530,0.680810,-0.004916,-0.379057,-1.704233,-3.696328
-0.282870,0.684431,-0.005563,0.560170,-0.989788,-4.427534
-0.223842,0.671094,0.013485,0.156946,-0.780319,-3.224195
-0.241899,0.643358,0.005049,-0.479335,0.685516,-3.482847
-0.221942,0.654827,0.017897,-0.227674,3.587415,-4.629929
-0.210440,0.660453,0.014604,-1.768838,0.597698,-4.431695
-0.209140,0.643135,0.015888,-1.311105,0.638893,-3.024671
-0.222985,0.610655,0.020493,-2.629883,0.590004,-4.685578
-0.206255,0.585377,0.038471,-1.970934,0.411584,-8.151544
-0.195216,0.544015,-0.003183,-2.685875,-0.779856,-8.061998
-0.231474,0.468509,0.009247,-1.819187,-0.318020,-7.748017
-0.205313,0.402607,-0.014350,-1.567601,-0.884227,-8.205495
-0.174757,0.340520,-0.021420,-1.454436,-1.125405,-10.096747
-0.196936,0.277691,0.003168,-0.631181,-2.409261,-9.184376
-0.177648,0.179884,-0.036881,-0.081631,-0.020214,-6.752235
-0.139671,0.100101,0.004084,0.961993,-2.336729,-6.613419
-0.134576,0.024037,-0.013956,0.820622,-1.471265,-6.149981
-0.135528,-0.079137,0.016413,2.419120,-1.148162,-3.757522
-0.122398,-0.199435,-0.026574,2.047801,0.151563,-0.206640
-0.117012,-0.325077,0.014857,3.205583,-0.264815,-0.054005
-0.095689,-0.395712,0.004366,3.220026,0.294267,1.106493
-0.071228,-0.478485,0.010981,3.652004,0.842490,4.314438
-0.049252,-0.570984,0.014900,3.116524,-0.345388,7.281722
-0.073516,-0.649146,-0.001768,2.387573,1.775648,5.165576
-0.034596,-0.711916,-0.000869,2.653346,1.316595,4.067074
-0.009935,-0.767185,-0.004335,1.662939,0.218997,6.075176
-0.048094,-0.851541,0.021763,1.901822,0.561316,9.028150
-0.046951,-0.899120,0.002581,0.520546,-0.093041,8.832987
-0.039494,-0.934288,0.021153,0.641947,-1.947143,9.032156
-0.045553,-0.962343,0.030518,0.413853,-1.089517,12.589628
-0.027303,-0.992630,0.011519,-0.441960,-1.049937,12.931436
-0.005103,-0.995335,0.039669,-0.800688,-3.471500,12.533720
-0.028560,-0.978660,0.020726,-1.138323,-1.617950,12.302468
-0.053726,-0.966649,0.042613,0.188731,-1.607292,15.351712
-0.009814,-0.959484,0.022479,-0.451302,0.293273,16.113278
-0.007362,-0.906971,0.056058,-0.084847,-1.626475,14.613143
-0.031248,-0.834705,0.038799,0.120508,0.456173,14.376156
-0.035473,-0.800791,0.052159,0.672989,0.418990,14.665116
-0.033001,-0.744261,0.040001,0.495639,0.230108,12.786578
-0.055715,-0.622308,0.061947,1.411009,0.885844,8.229517
-0.031734,-0.491575,0.067888,1.113160,0.261741,7.540617
-0.023718,-0.409262,0.056931,1.256264,0.704184,8.150786
-0.067519,-0.304457,0.049881,1.067669,-0.283758,7.347663
-0.128579,-0.165209,0.062879,0.863314,-0.095257,1.412941
-0.107614,-0.040552,0.072441,1.010278,-1.427973,-0.781035
-0.105697,0.068258,0.045059,0.252869,-1.052981,-0.716123
-0.143157,0.206518,0.066726,0.290279,-2.186387,-2.218018
-0.167079,0.344354,0.037535,-0.730402,-1.787807,-6.409216
-0.186678,0.457542,0.068965,-0.475967,-2.048974,-6.586761
-0.182086,0.564950,0.067757,-1.709373,-2.337796,-5.277903
-0.140928,0.678290,0.076715,-1.578125,-1.573878,-8.234393
-0.136513,0.805244,0.052375,-2.567586,-1.203054,-11.765865
-0.183692,0.886633,0.068305,-2.342106,-0.622476,-13.056003
-0.203449,0.933873,0.081537,-2.076786,-0.539155,-12.163725
-0.196073,0.998971,0.050938,-2.637912,0.507976,-13.492372
-0.197094,1.080631,0.081021,-1.529945,-0.378887,-15.841331
-0.199332,1.105634,0.054368,-2.231652,0.672501,-14.486916
-0.198512,1.085043,0.061245,-1.109064,0.112576,-13.737633
-0.176057,1.101449,0.039643,-1.248686,0.704147,-14.294463
-0.195413,1.114316,0.079561,-0.177561,-0.396441,-14.282968
-0.167355,1.106773,0.055671,-0.896484,-2.668935,-10.561112
-0.146748,1.042972,0.053331,0.136128,-0.506619,-9.102313
-0.171770,1.013660,0.058642,-0.118533,-1.839247,-9.449920
-0.184703,0.968638,0.032185,-0.735937,-1.493711,-10.436004
-0.169058,0.903796,0.042932,-0.054729,-1.571915,-7.410898
-0.174153,0.848697,0.043706,-1.494849,-1.417666,-4.924056
-0.169961,0.788606,0.069881,-0.565594,-1.337329,-5.734893
-0.115991,0.738568,0.036367,-1.853823,-1.153063,-4.568388
-0.130703,0.632559,0.049621,-1.793223,-0.205688,-2.629848
-0.153240,0.527678,0.061487,-2.720022,-1.843051,-0.803442
-0.069948,0.460152,0.007600,-3.346462,2.373589,-0.554579
-0.032565,0.383405,0.033954,-2.200855,0.838619,3.030663
-0.082126,0.276857,0.042387,-2.812685,1.137738,5.662658
-0.105320,0.170778,0.063109,-2.095975,0.449309,4.668424
-0.061673,0.121519,0.021780,-3.117827,0.956784,4.312790
-0.086488,0.050720,0.049379,-2.308165,-0.264513,5.073423
-0.071790,-0.024287,0.048092,-1.699840,-0.855325,7.372793
-0.075075,-0.106479,0.025889,-1.415450,-0.824336,5.988553
-0.088816,-0.185173,0.054026,-0.611873,-2.985073,6.824302
-0.048021,-0.235742,0.009809,-0.713796,-0.637424,8.683454
0.009730,-0.289167,0.046283,0.915199,-1.123888,9.086664
-0.004913,-0.328743,0.035743,0.146331,-2.386711,6.818364
-0.031002,-0.357392,0.036945,0.940015,-1.049737,5.670689
-0.009285,-0.378128,0.014818,1.109366,-0.348064,7.853833
0.009342,-0.418866,-0.004887,0.825090,-0.202855,6.502539
-0.015794,-0.430404,0.025584,1.980830,-1.543324,3.591094
-0.002983,-0.429672,-0.022487,1.253767,1.716367,2.908314
-0.016156,-0.457067,0.007698,1.986630,-0.146630,4.149598
-0.035417,-0.488158,-0.011228,1.510250,0.530038,4.685634
-0.030516,-0.474621,0.014023,1.876796,0.130325,3.078699
0.028400,-0.444564,0.008194,0.962998,-0.147011,3.500871
0.001639,-0.442513,-0.006459,1.012504,0.157514,4.324093
-0.047319,-0.427351,0.008236,1.299182,0.082934,4.280393
-0.032164,-0.414116,-0.032321,0.678953,0.783166,1.906950
-0.039399,-0.403353,0.016774,0.957100,-3.109418,1.289188
-0.071983,-0.399542,-0.018942,0.497112,-0.604192,2.975169
-0.049426,-0.411047,-0.013434,1.351879,-0.854876,3.117559
-0.019162,-0.368819,-0.015640,0.380277,-1.229270,3.643846
-0.083899,-0.316598,0.010291,1.332105,-0.314796,3.755125
-0.059408,-0.280052,-0.019234,0.181840,-0.100975,3.322536
-0.024427,-0.257124,0.008995,0.168300,-1.634231,1.704520
-0.080340,-0.203915,0.003349,-0.083134,-0.883482,0.923131
-0.119851,-0.170622,0.001990,1.014716,-0.200285,1.682906
-0.098308,-0.150080,-0.015289,0.200855,-0.399798,4.115252
-0.127237,-0.119931,-0.010818,0.146049,0.776716,4.508386
-0.112764,-0.060949,0.001865,0.305211,0.217454,3.975744
-0.079884,0.007835,-0.032410,0.057193,1.060788,4.182343
-0.115735,0.034426,0.020690,-0.212069,0.569663,5.170980
-0.148307,0.105031,-0.006449,-1.494041,0.813837,4.147186
-0.111970,0.201797,-0.000968,-1.088805,0.183973,2.531435
-0.102750,0.304239,0.000710,-2.160337,0.478428,3.555154
-0.187785,0.350042,0.013544,-1.360702,-0.235936,1.572297
-0.209862,0.413029,-0.004558,-2.765720,-1.700317,-1.772936
-0.226416,0.466021,-0.006669,-2.295541,-2.234938,-5.854003
-0.242749,0.534703,0.028118,-2.306681,-2.244322,-5.457837
-0.229242,0.559564,0.007790,-1.934368,-0.818434,-5.389323
-0.214418,0.623926,0.033321,-2.248819,-3.054244,-4.460206
-0.239092,0.683692,0.007170,-2.515632,-0.766063,-4.511597
-0.227489,0.728409,0.032310,-1.225049,-1.029672,-2.936240
-0.209212,0.753352,0.010967,-1.638827,0.815133,-3.614953
-0.216358,0.778460,0.048893,-0.916789,-0.652563,-7.396868
-0.229708,0.832453,0.027954,-1.533129,0.013995,-9.423801
-0.241735,0.843452,0.031703,-0.819166,0.188017,-9.066245
-0.245024,0.859533,0.011965,-1.822128,-0.254331,-7.913577
-0.277730,0.879989,0.034227,-0.892529,-0.398840,-10.276517
-0.259204,0.903153,0.015530,-1.169993,-0.809089,-11.254214
-0.257244,0.885398,0.025712,-1.295303,-1.718811,-12.048111
-0.313650,0.846124,0.035930,-1.340627,-1.694330,-12.746345
-0.316161,0.798463,0.008177,-0.844756,-0.402530,-16.577795
-0.236362,0.749423,0.012221,-0.433542,-1.352359,-15.265628
-0.249951,0.647783,0.009766,-0.344141,-1.214487,-12.606625
-0.259998,0.544639,0.034486,0.641276,-1.218560,-11.284330
-0.235652,0.462827,0.014142,0.487858,-1.300257,-11.346922
-0.232833,0.386274,0.032766,1.260557,-0.522352,-7.690882
-0.230417,0.265053,0.021527,1.022226,0.162982,-5.501415
-0.181272,0.152676,0.044734,1.849348,-0.500990,-4.310872
-0.174402,0.040318,0.029073,1.143870,-0.861913,-3.499563
-0.231638,-0.099209,0.065764,1.538012,-1.842653,0.724050
-0.201889,-0.225120,0.021731,1.039190,-0.435298,3.610514
-0.144988,-0.329134,0.022049,1.460274,-0.393998,4.085327
-0.152485,-0.424440,0.034273,1.626021,-0.023450,3.832587
-0.160895,-0.543126,0.007971,1.054585,0.716031,5.166460
-0.166281,-0.662709,0.024357,0.790168,-1.782617,6.423481
-0.182467,-0.724707,0.021084,-0.105235,-0.719360,7.406825
-0.131881,-0.795575,0.057470,0.428447,-0.822937,9.093643
-0.077622,-0.858122,0.015468,-0.388266,0.617476,12.617179
-0.128562,-0.954672,0.061524,-0.236821,-1.419228,14.158051
-0.150404,-1.000111,0.041520,-0.591213,-0.675818,13.668321
-0.116148,-1.007181,0.037365,0.147704,-0.205944,12.614882
-0.093174,-1.003341,0.045407,-0.081893,-0.757337,15.876291
-0.140307,-1.028950,0.046733,0.522686,-0.458977,15.350444
-0.136316,-1.038830,0.042567,0.768495,-0.201220,14.054852
-0.130361,-1.011954,0.031204,0.779074,-0.389379,15.441423
-0.163957,-0.976809,0.058507,2.268749,0.172180,17.848730
-0.129032,-0.929062,0.033193,1.515788,-0.204178,16.030922
-0.112301,-0.857498,0.057092,1.592324,-1.013575,11.074130
-0.174881,-0.774607,0.052080,1.475449,-0.866262,9.192039
-0.184417,-0.719311,0.044340,2.160383,0.369720,8.988199
-0.136250,-0.602889,0.044094,1.171804,-1.213977,7.549144
-0.143823,-0.459375,0.027058,0.913040,-0.513384,3.889581
-0.161367,-0.339684,0.062128,1.292187,-1.538053,4.222028
-0.131523,-0.240117,-0.002172,0.045084,0.317300,4.224377
-0.175685,-0.140627,0.022059,0.636051,-1.739089,1.134885
-0.198961,0.002980,-0.000649,-0.217219,-1.134671,-2.442027
-0.160311,0.125904,0.009658,0.398327,-1.294696,-4.212424
-0.150821,0.227417,0.012920,-0.330982,-3.330691,-3.331041
-0.193063,0.312147,-0.011465,-0.357435,-0.385057,-6.220626
-0.181312,0.415455,0.000083,0.141696,-1.505048,-7.381997
-0.190713,0.503913,-0.001309,-0.641222,-0.927612,-6.334969
-0.197205,0.565515,0.031716,0.014767,-1.004161,-6.829558
-0.158134,0.672069,-0.008136,-0.884175,0.460873,-9.197224
-0.163580,0.748468,0.018402,-0.275949,-0.601794,-11.697258
-0.193411,0.798420,0.005007,-0.874889,0.190531,-10.615115
-0.204738,0.833454,0.036610,-0.347545,-0.124058,-10.641959
-0.152393,0.895512,0.015957,-1.254079,-0.471176,-11.152411
-0.177868,0.932620,0.039239,-0.958890,-0.984654,-11.759295
-0.233955,0.957290,0.031299,-1.376609,-1.043524,-8.920004
-0.237028,0.951448,0.028696,-1.598978,-1.102352,-8.940368
-0.202208,0.969609,0.023992,-1.683590,-0.829936,-9.841069
-0.195210,0.984643,0.042955,-1.593808,-0.570354,-9.297169
-0.174931,0.967384,0.047816,-1.777795,-1.292323,-5.804243
-0.183019,0.917510,-0.006528,-2.645787,-0.595183,-5.213295
-0.175873,0.911448,0.023375,-2.280783,-0.475902,-5.946641
-0.138220,0.883009,0.015822,-2.888740,-0.691985,-6.206885
-0.102120,0.826633,0.039049,-2.504087,-3.194332,-3.560707
-0.164591,0.792958,0.014063,-2.868484,-0.868016,-1.979944
-0.228001,0.762435,0.041524,-2.911261,-2.023680,-2.643814
-0.151474,0.743761,-0.001296,-3.526885,-0.388766,-2.902446
-0.121719,0.696304,0.023579,-2.781279,-0.211269,-0.325957
-0.130772,0.644809,0.046887,-2.573452,0.300985,-1.795856
-0.107086,0.589089,0.024760,-2.011951,0.634905,-5.276825
-0.113017,0.538234,0.007104,-2.324991,-0.612484,-1.811262
-0.128310,0.436669,0.014588,-1.738324,0.725126,0.992404
-0.055197,0.360008,0.023963,-0.525387,0.004210,-0.632749
-0.025836,0.301968,0.016571,0.288956,1.317031,-1.618251
-0.110004,0.212669,0.031578,0.400693,-2.240150,1.793900
-0.111284,0.104161,-0.011333,0.724860,-0.375164,3.462703
-0.053631,0.064388,-0.007483,1.155746,0.154681,2.163758
-0.054252,0.020325,-0.001834,1.163660,-0.265898,-0.415674
-0.043521,-0.057857,0.024645,1.494832,-0.940764,1.656528
-0.047322,-0.138765,-0.020360,1.074036,-0.405625,2.032444
-0.059185,-0.182918,0.004202,0.869488,-0.270982,0.655497
-0.045921,-0.216917,-0.010267,-0.078112,0.198216,-0.129931
0.009874,-0.273444,0.020949,1.078287,-0.006011,1.736282
-0.004552,-0.346317,0.001045,0.117334,-0.199835,2.231107
-0.043170,-0.420412,0.022174,0.498583,0.361836,0.941417
-0.001982,-0.463757,0.012802,0.269964,0.429126,1.799014
0.033393,-0.508657,0.015080,0.279175,0.164131,4.538182
0.014601,-0.567636,0.051959,0.675930,0.403812,5.336028
0.025443,-0.604938,0.010741,0.260330,0.165812,3.240608
0.024553,-0.647613,0.012284,1.281904,-0.378961,4.296189
-0.007877,-0.677893,0.034998,1.203319,-2.474109,6.784842
0.023076,-0.694660,0.000326,0.977500,1.026910,6.513834
0.064130,-0.681405,0.020930,1.798300,-1.238622,6.336045
0.065817,-0.653380,0.018087,0.930053,-0.366517,8.761820
0.025361,-0.683687,0.039104,2.170588,-0.019035,9.330577
0.063929,-0.670183,0.024718,0.829147,-0.770556,9.301922
0.083122,-0.630708,0.023871,1.400285,0.139664,7.982014
0.075037,-0.593196,0.043539,1.566750,0.520755,8.858477
0.106549,-0.572684,0.021074,0.790923,1.257807,8.959058
0.102429,-0.527121,0.045876,1.072320,0.517309,8.703802
0.066378,-0.455879,0.050541,0.028682,0.681982,8.378990
0.084697,-0.380061,0.065154,0.365145,0.935764,8.513513
0.102406,-0.296339,0.042630,-0.709082,0.748271,9.238577
0.060227,-0.217784,0.064419,-0.991730,-0.623982,5.488865
0.069743,-0.123217,0.066943,-1.273448,-0.876655,4.263086
0.087760,-0.033537,0.046434,-1.531087,-0.480441,4.853127
0.048482,0.063406,0.064235,-1.539821,-1.807600,5.720782
0.075401,0.161381,0.029858,-2.424914,-0.293254,2.706839
0.091229,0.269045,0.044498,-1.654159,-0.562585,0.200801
0.055198,0.361695,0.030488,-2.250597,0.305200,-0.807474
0.035073,0.430787,0.061199,-1.557619,0.033549,-2.471399
0.054394,0.540880,0.009333,-2.237359,0.509666,-5.440905
0.051085,0.633655,0.053009,-0.990450,0.036355,-6.385050
0.041133,0.702488,0.025722,-1.046278,0.640449,-4.976911
0.045052,0.750618,0.022765,-1.380528,1.035234,-7.069493
0.046762,0.842858,0.052874,-1.512883,-0.433857,-9.259894
0.018477,0.923422,0.031043,-1.173302,1.429711,-10.681070
0.031650,0.965319,0.049155,-0.230490,0.855192,-11.293377
0.045652,1.001915,0.004491,-1.199627,0.454324,-12.655316
-0.011885,1.038291,0.045620,-0.359428,0.262026,-14.916826
-0.029840,1.062657,0.037457,-1.106498,-0.210609,-14.245269
-0.023902,1.055626,0.059196,-0.755034,-0.833380,-13.196944
-0.024241,1.064344,0.063148,-1.517964,-1.056352,-13.046454
-0.027516,1.055222,0.063257,-1.449266,-0.807383,-15.751810
0.000072,1.019463,0.055996,-1.146635,-0.909466,-14.612527
-0.016760,0.944059,0.037693,-1.351505,0.903477,-13.251326
-0.032706,0.889925,0.059331,-0.668125,0.620603,-13.767016
0.035611,0.838991,0.028010,-1.301409,1.060128,-13.769575
0.056639,0.769344,0.066785,-0.919454,-0.213255,-10.840338
0.015086,0.664306,0.040631,-1.062545,0.877319,-8.085384
-0.000646,0.539262,0.040608,-0.065515,0.192842,-7.960213
-0.008495,0.461291,0.030068,-0.770796,1.142274,-6.839851
-0.028678,0.332731,0.063204,0.385958,-0.277613,-3.812972
0.015136,0.203590,0.042728,-0.044435,-0.442736,-0.456712
-0.004923,0.075164,0.043726,0.644332,-0.136777,0.239853
-0.049403,-0.032782,0.069697,0.270912,-1.672180,2.783747
-0.053930,-0.153740,0.045561,0.673556,-0.308612,5.928032
-0.016323,-0.233362,0.052776,0.256447,-0.914957,8.401897
-0.017052,-0.339907,0.033945,-0.381176,-0.267290,6.727162
-0.044644,-0.414983,0.051804,0.263576,-0.473798,6.790543
-0.064837,-0.516033,0.018497,-0.061434,0.286760,8.608138
-0.098308,-0.585499,0.044809,-0.424061,-1.135836,10.855119
-0.077297,-0.630866,0.008007,-1.088220,0.387475,10.326349
-0.055843,-0.677962,0.029346,-0.015749,0.122366,10.814553
-0.079562,-0.745974,0.010741,-0.774370,-0.428349,12.327784
-0.148063,-0.799278,-0.001535,1.013591,0.167824,11.711404
-0.160327,-0.814807,0.022988,-0.089476,-0.713064,9.848462
-0.122667,-0.841700,0.035280,0.691764,-0.970266,11.131776
-0.129642,-0.870257,0.014870,0.787099,-0.590255,13.415799
-0.161889,-0.898161,0.008473,2.214746,0.125953,12.350785
-0.151641,-0.882501,-0.007070,1.434541,-1.101029,10.882294
-0.149718,-0.845731,0.024570,1.946604,-1.808893,10.672395
-0.169691,-0.779120,-0.000065,1.731237,-1.139752,12.086596
-0.185867,-0.740092,0.012294,2.208198,-0.948884,8.046628
-0.189081,-0.670731,-0.004985,1.604180,-0.620614,5.094592
-0.226977,-0.605712,-0.009000,2.176959,-0.533229,5.712595
-0.204620,-0.531930,-0.017442,1.034634,-0.878059,6.364011
-0.184673,-0.453581,-0.019796,1.099686,-1.564828,2.631139
-0.240750,-0.321082,-0.015696,0.171849,-1.173046,1.510981
-0.269714,-0.237994,-0.011790,0.593711,-0.906597,1.833538
-0.221971,-0.164293,0.003854,-0.433410,-1.214106,0.826286
-0.227213,-0.054184,-0.007388,-0.785107,0.312179,-3.188240
-0.246314,0.057613,-0.012814,-0.560181,-1.100691,-3.957320
-0.270518,0.119080,-0.042152,-0.953677,-0.885636,-2.963737
-0.302969,0.189032,-0.011425,0.073480,-0.883942,-2.444286
-0.287489,0.273663,-0.031314,-0.308185,-0.684800,-5.129030
-0.267364,0.362598,-0.002907,0.289855,-1.357837,-5.272794
-0.287177,0.427367,-0.038102,-0.522079,-0.564383,-3.388994
-0.302844,0.490606,0.011667,0.541106,-0.737381,-4.077086
-0.273614,0.576524,-0.004956,-0.542515,0.166277,-6.068677
-0.267105,0.621841,0.003316,-0.104668,-1.310643,-6.134122
-0.279998,0.668291,-0.009545,-0.183318,-0.935496,-4.132653
-0.311001,0.680213,0.000391,-0.344391,-1.012623,-5.155655
-0.320087,0.722307,0.008371,-0.797591,-4.028538,-5.205972
-0.341242,0.774199,-0.019349,-0.767070,-0.469121,-3.813031
-0.342758,0.801906,0.017047,-1.295956,-1.136811,-2.931811
-0.299916,0.828629,-0.002107,-2.484117,-1.335107,-5.578254
-0.300589,0.863075,0.007308,-1.913708,-0.496775,-6.744640
-0.335727,0.894757,-0.007342,-3.400580,-0.369715,-4.044641
-0.315550,0.878564,-0.014422,-3.443895,-0.922425,-2.611449
-0.309721,0.897944,-0.014810,-3.788466,-0.975968,-3.183210
-0.337405,0.919306,-0.010519,-3.706730,0.078922,-5.054293
-0.302407,0.901922,-0.006252,-4.549020,-1.915868,-3.400088
-0.341061,0.875906,-0.016139,-4.388240,-0.855142,-1.851158
-0.373525,0.885828,0.012185,-4.126977,-0.049861,-1.806064
-0.282552,0.887959,-0.000705,-4.215377,0.428180,-2.812052
-0.188280,0.885566,0.008637,-3.969039,-1.320437,-0.896291
-0.176907,0.872511,-0.027089,-4.076749,1.790749,-0.440537
-0.167749,0.887506,-0.003226,-3.741648,0.136762,-2.992692
-0.176693,0.920668,-0.028412,-3.842344,0.089035,-5.733647
-0.214504,0.922549,0.007971,-2.838988,-1.351502,-6.573795
-0.209242,0.897875,-0.029626,-2.540066,-0.408947,-9.034963
-0.229980,0.852137,0.003818,-1.077195,-2.689231,-11.348971
-0.308063,0.796241,-0.019802,-0.793094,-2.193628,-11.962997
-0.329842,0.720275,0.018058,1.245629,-2.626431,-9.441231
-0.264938,0.628991,-0.009528,1.392708,-0.787648,-8.164347
-0.212767,0.541806,0.034969,3.206577,-0.795454,-8.575136
-0.192219,0.431716,0.024649,3.002196,-0.713669,-7.596160
-0.215643,0.289071,0.043247,3.980648,0.182194,-4.753646
-0.187368,0.175236,0.025978,2.985882,0.509844,-1.861195
-0.141417,0.114324,0.042938,3.333735,0.724732,-0.088329
-0.129886,0.057859,0.045187,2.718659,0.865283,2.550415
-0.155380,-0.085705,0.046191,2.019989,0.630411,1.973114
-0.193804,-0.217380,0.033981,1.185426,-0.475327,1.622173
-0.224367,-0.328530,0.024698,0.727815,0.060045,0.155180
-0.176033,-0.416283,0.033232,0.353075,-1.053522,1.288825
-0.146012,-0.519808,0.019991,-0.750621,-1.582080,3.874404
-0.170259,-0.632500,0.045532,-0.445538,-2.155670,5.647581
-0.167499,-0.751984,0.027445,-1.694450,-2.341321,6.283519
-0.144958,-0.880567,0.067051,-0.875862,-4.359745,8.280039
-0.138997,-0.948770,0.009874,-1.162357,-1.708414,11.499357
-0.150584,-1.033250,0.050419,0.130806,-1.526967,11.334514
-0.094307,-1.083708,0.024097,-0.366654,-1.484312,11.717868
-0.129130,-1.116785,0.051276,1.174595,-0.103466,14.203682
-0.155672,-1.168700,0.047997,1.151174,0.681240,17.383263
-0.085599,-1.186432,0.034095,1.108326,0.749525,16.690003
-0.050519,-1.125346,0.054863,1.809664,0.776333,17.220081
-0.071622,-1.102109,0.058684,1.924868,1.977334,19.053195
-0.042448,-1.071162,0.054171,1.864609,1.049619,18.557927
-0.055535,-0.995075,0.042607,1.704065,1.266650,15.440768
-0.054077,-0.894344,0.072746,2.107132,-0.142855,16.062474
-0.008343,-0.832178,0.059505,1.379586,-0.529060,16.533688
-0.003190,-0.729365,0.039361,1.138931,-1.668559,14.153327
-0.049676,-0.564738,0.009809,0.056074,-1.020396,8.519444
-0.057101,-0.367453,0.038281,-0.715283,-3.570407,6.527333
-0.016700,-0.202678,0.003835,-2.296824,-2.231737,6.622201
-0.012082,-0.022925,0.026493,-2.047188,-1.922712,4.396584
0.006165,0.134800,0.015176,-3.273077,-0.774387,-1.212486
0.011069,0.266425,0.041405,-2.912915,-0.777066,-3.843014
0.008295,0.409287,0.040024,-3.551457,-0.800171,-2.929667
0.002216,0.543069,0.047947,-2.537706,0.578739,-5.232284
0.036068,0.707129,0.034250,-2.621050,1.409859,-8.390890
0.031380,0.793769,0.042380,-0.434083,2.480980,-10.738403
0.035874,0.872889,-0.000019,-0.568506,2.968153,-10.316532
0.048492,0.917803,0.052369,0.989828,1.845218,-12.888106
0.077945,1.019568,0.039702,0.586492,1.814918,-16.698148
0.105343,1.100178,0.048020,1.976069,1.089279,-17.275867
0.069867,1.134979,0.047583,2.354147,0.570030,-16.127816
0.096425,1.137253,0.032533,2.278385,0.588070,-17.354962
0.139248,1.187366,0.019771,1.812811,-1.176562,-18.117905
0.080627,1.202285,0.025509,2.057822,-0.832943,-18.162042
0.120003,1.169487,0.020759,0.289592,-2.032014,-17.967658
0.111288,1.142850,0.012829,-0.134358,-1.942965,-19.329440
0.067014,1.122427,0.041425,-0.542509,-1.669607,-18.553606
0.090697,1.036039,0.012159,-1.765529,-0.198746,-16.579875
0.170933,0.937999,0.029818,-2.434352,-1.115075,-14.798417
0.165895,0.854077,0.028486,-3.324871,0.655928,-15.125134
0.127303,0.744575,0.056547,-2.540677,-3.109343,-15.098408
0.161523,0.616265,0.002571,-3.570138,1.853913,-10.276845
0.149932,0.491785,0.017509,-3.054755,2.770508,-6.086489
0.163738,0.376469,0.035622,-2.780527,2.587141,-3.762275
0.199619,0.256027,0.019318,-2.714389,2.869178,-1.228062
0.154932,0.094993,0.035300,-1.957157,0.075994,2.646530
0.103880,-0.029480,-0.003492,-1.615905,1.674512,4.198917
0.142439,-0.131666,0.009224,-0.339519,1.039026,6.277097
0.173218,-0.195086,-0.002129,-0.703187,0.597534,8.607640
0.150665,-0.299976,0.023132,0.330820,-1.582060,10.763419
0.149860,-0.403997,-0.015745,-0.023450,-0.924765,9.733279
0.118060,-0.489389,-0.010825,0.705918,-1.414505,7.637429
0.098208,-0.536121,0.019965,1.356573,-2.403513,8.749923
0.081294,-0.603585,0.002876,0.989169,-1.492220,10.378608
0.105790,-0.668673,0.009625,1.547295,-1.528661,9.057244
0.112920,-0.686414,-0.027060,0.991756,-0.332446,8.773191
0.057955,-0.749125,0.016728,2.289845,0.711498,10.698555
0.066293,-0.786194,-0.041545,0.841023,0.331349,13.488087
0.072543,-0.778155,-0.024000,1.526830,0.889071,11.949565
0.060407,-0.739377,-0.005346,1.229021,2.113496,10.818360
0.089959,-0.783565,-0.005612,1.115090,2.701328,10.610629
0.085666,-0.821914,-0.007532,1.266365,0.421754,12.499805
0.048138,-0.801772,-0.027020,1.104944,1.898171,10.809160
0.038254,-0.770812,0.016918,1.657228,-1.586436,9.768066
0.088338,-0.729785,-0.042113,0.657633,1.533850,9.691040
0.035661,-0.710747,-0.004683,1.801602,-0.726450,7.220577
-0.002113,-0.668174,-0.013017,1.200302,-1.491655,3.353603
0.000523,-0.641199,-0.018591,1.519283,-1.810636,0.957009
0.006835,-0.572356,-0.014836,1.482342,-3.017372,1.990543
0.002187,-0.493203,-0.014691,1.122535,-1.682342,0.700330
0.039193,-0.446002,0.004839,1.940009,-2.556501,-1.817793
0.049674,-0.373768,-0.028376,0.945503,-0.540576,-2.155146
-0.011603,-0.336756,0.007176,1.904175,-1.119585,-1.665454
-0.004976,-0.275650,-0.000646,0.910949,-0.345586,-0.854856
0.001471,-0.201949,0.000398,1.126336,0.403486,-0.713856
-0.019422,-0.119550,0.016177,1.586061,0.857418,1.194575
-0.031186,-0.074728,-0.008793,1.001406,1.895476,2.441579
-0.023114,-0.029253,0.025496,0.900888,1.036491,1.573876
-0.013710,0.047493,0.008384,0.079231,1.828491,0.016030
-0.005071,0.126564,0.051463,0.169613,-2.196612,-0.336465
-0.004030,0.196667,0.012474,-0.734991,1.167162,-0.186941
-0.017380,0.260002,0.029310,-0.635382,0.418599,-0.782413
-0.041815,0.356400,-0.003232,-1.801668,-0.481354,-1.545831
-0.062159,0.429911,0.009996,-1.541479,-0.340314,-0.200761
-0.079090,0.499108,0.010101,-2.442725,-2.084756,1.442607
-0.101049,0.562908,0.009218,-3.122600,-1.711632,0.255588
-0.100347,0.640948,0.015130,-2.923133,-2.554683,-0.477503
-0.080718,0.720525,-0.002596,-4.111858,-0.978525,0.594032
-0.103886,0.770418,0.032241,-3.007341,-1.557548,0.189510
-0.085740,0.853746,0.015753,-4.260651,-0.181359,-0.233506
-0.057826,0.919099,0.004741,-3.814565,0.389509,-2.065625
-0.062422,0.978561,0.018891,-3.136160,0.797628,-0.039751
-0.100455,0.999401,0.016380,-3.582483,1.624569,0.173688
-0.095315,1.036909,0.043500,-2.846377,1.168330,-1.445158
-0.090162,1.094010,0.034089,-3.010062,1.521524,-3.045915
-0.121552,1.118002,0.040545,-1.703872,2.213970,-3.910448
-0.110536,1.151115,0.018225,-2.439364,0.692875,-4.465797
-0.091934,1.188056,0.006142,-2.549467,0.371528,-8.607897
-0.124624,1.223112,0.031571,-1.672321,-0.959681,-10.668419
-0.121575,1.228561,-0.009400,-1.919525,0.996744,-10.137885
-0.143045,1.183831,0.024061,-1.422685,-2.010656,-10.984790
-0.173749,1.177450,0.011808,-1.907468,-2.371573,-13.092733
-0.178062,1.124646,0.015868,-0.395331,-1.687897,-14.351866
-0.137665,1.061340,0.023004,-1.023104,-2.861733,-12.887355
-0.159139,0.988480,0.016541,-0.847878,-2.125157,-13.418483
-0.174356,0.928431,0.033400,-0.118907,-1.531288,-13.265800
-0.128593,0.838161,-0.020849,-0.180548,-0.576630,-12.704928
-0.151113,0.736415,0.036396,-0.344749,-2.408057,-9.322588
-0.191438,0.624070,0.036190,-1.101843,0.657100,-9.449490
-0.174891,0.511791,0.061826,-0.205557,0.511291,-10.830177
-0.184745,0.413170,0.037706,-0.812470,0.085973,-7.855236
-0.206153,0.266852,0.035448,-0.268225,0.961478,-3.850305
-0.170814,0.145878,0.028926,-0.657194,0.819883,-1.748390
-0.160718,0.032867,0.040857,-0.181759,0.528770,-1.976465
-0.180901,-0.066155,0.029257,-0.299634,-0.162760,0.022981
-0.203327,-0.184480,0.001452,-0.389626,0.130850,1.880760
-0.199815,-0.302723,0.029195,0.382906,-0.925668,2.601020
-0.187571,-0.390440,0.029188,-0.240977,-2.091272,2.156327
-0.213095,-0.541304,0.037348,1.107334,-2.344590,4.709659
-0.242516,-0.689716,0.014844,0.899785,-3.240981,9.618656
-0.269435,-0.786932,0.023516,1.656837,-1.689563,11.083281
-0.268700,-0.838939,0.062288,1.648030,-4.185178,11.598227
-0.232084,-0.899231,0.028184,1.187235,-2.136657,14.234136
-0.238088,-0.965166,0.055261,2.494436,-1.587745,16.327909
-0.262893,-1.019293,0.031338,1.557031,-0.975373,15.649810
-0.272947,-1.059818,0.050764,1.724626,-0.630586,15.989963
-0.262131,-1.062763,0.023083,1.999028,0.361350,19.199975
-0.288292,-1.072623,0.017893,2.086810,0.787483,21.277325
-0.276138,-1.098679,0.053413,1.895300,-0.115132,18.863259
-0.262450,-1.100872,0.023467,1.280411,0.438724,17.547930
-0.294775,-1.073073,0.031909,2.064477,1.526974,18.936083
-0.288959,-1.023347,0.026352,0.570731,-0.717341,19.774162
-0.232376,-0.921030,0.017457,-0.384393,-0.850076,15.983456
-0.224882,-0.806466,0.057401,-0.348417,-1.622789,12.554258
-0.220536,-0.697322,0.011220,-1.199202,-0.031508,12.497844
-0.226376,-0.614558,0.021458,-1.469567,-2.479512,10.448610
-0.237047,-0.457136,-0.002960,-2.558050,-2.357507,5.788362
-0.251812,-0.297120,0.014512,-1.452830,-2.466303,0.801321
-0.222332,-0.162842,0.010889,-1.925577,-3.261750,-0.693247
-0.211310,-0.065721,-0.014984,-1.773639,-2.414690,-3.748890
-0.214658,0.073434,0.007399,-0.545200,-1.749426,-6.647377
-0.179293,0.201564,-0.021857,-0.861503,0.881560,-6.855268
-0.135784,0.284006,0.013593,0.914457,-0.142091,-5.687853
-0.094071,0.378708,0.004396,1.140870,1.094725,-7.228656
-0.059622,0.470025,0.007376,2.949733,2.166031,-11.856557
-0.057075,0.550911,0.022315,2.635282,0.612302,-13.202410
-0.118092,0.616202,0.010961,2.320181,1.171767,-12.775675
-0.130437,0.709243,0.014995,3.014062,-0.144665,-12.837836
-0.108218,0.797281,0.007879,1.734590,-0.601446,-15.182328
-0.096480,0.862763,0.032979,2.145565,-1.658880,-15.194385
-0.109886,0.897566,0.002735,0.775419,-1.523476,-14.564285
-0.092102,0.946018,0.023730,-0.113888,-2.330647,-14.756138
-0.066387,0.978741,-0.011468,-1.491853,-1.830725,-15.127677
-0.060213,0.955715,0.009011,-1.243628,-1.760639,-14.281451
-0.057666,0.936988,0.008955,-3.134956,-2.292817,-11.912688
-0.076602,0.895659,0.021468,-2.904732,-1.522619,-13.594846
-0.080938,0.885487,0.009520,-3.977265,-0.768742,-13.026393
-0.081775,0.832925,0.023628,-4.184423,-0.951974,-10.674329
-0.075676,0.775634,0.012287,-4.096779,0.186825,-7.949106
-0.074767,0.704218,0.021153,-3.566668,1.095499,-8.495182
-0.034265,0.617962,0.050288,-2.788185,0.935445,-6.567696
-0.019573,0.492428,0.005716,-2.203255,2.584374,-2.295210
-0.018470,0.377372,0.046769,-1.024948,0.323083,1.767309
0.019285,0.308739,0.025551,-0.936772,1.768002,3.034328
0.033389,0.208494,0.039859,0.927121,1.417664,2.899234
0.036268,0.110162,0.010104,0.906067,0.928811,5.320251
0.029520,0.027828,0.028561,1.423012,0.446545,6.271847
0.040112,-0.012076,0.006126,0.804808,-0.674519,5.477570
0.018612,-0.071226,0.015189,1.934964,-1.217546,4.219740
-0.001650,-0.153668,-0.005645,0.569112,-2.205172,4.649438
-0.029735,-0.256218,0.011755,0.686873,-2.297556,3.423911
-0.023298,-0.305359,0.027363,0.386491,-2.648515,2.636192
-0.023689,-0.362566,0.020615,0.165359,-1.884596,2.983005
-0.014091,-0.406747,0.029093,-0.343609,-1.074090,7.293741
-0.041660,-0.456187,-0.002280,-1.269299,0.317996,6.563480
-0.035725,-0.466297,0.039534,-0.675913,1.042899,4.294071
-0.019510,-0.474743,0.019351,-1.544311,3.048396,4.274370
-0.021933,-0.522814,0.021366,-0.579239,2.378930,5.631436
-0.032331,-0.531230,-0.005661,-1.193567,1.424847,6.245859
-0.037774,-0.531624,0.027081,-0.393906,1.749729,4.238366
-0.031836,-0.551345,0.027787,0.053770,1.823637,4.269844
-0.037787,-0.598258,0.032369,0.805878,1.864713,4.204426
-0.003794,-0.571132,0.013561,1.155205,0.402101,3.484853
-0.004240,-0.562515,0.009526,1.897236,-0.357845,1.821855
-0.019123,-0.537306,0.009188,2.664056,-1.746868,2.272107
-0.058476,-0.531198,-0.001739,3.176737,-1.570066,2.236941
-0.036064,-0.493594,0.006608,3.611591,-2.764523,0.963030
0.004051,-0.460687,0.000247,3.354113,-2.405614,-1.279427
0.012618,-0.433683,0.019105,4.304753,-2.266537,-1.440602
0.006218,-0.440904,-0.012426,3.484492,-1.342065,-0.546997
-0.006239,-0.432980,0.008003,3.992252,-0.663916,0.361408
0.038638,-0.384207,-0.002888,2.946375,-0.295673,2.098960
0.063447,-0.360169,0.015497,2.892547,1.437028,5.553366
0.071515,-0.347171,0.019883,1.964345,0.843724,8.371002
0.055881,-0.322572,0.006559,0.872620,2.147045,7.340844
0.045233,-0.289843,0.026923,0.790368,1.174574,7.053148
0.066601,-0.263951,-0.005737,-0.195111,2.505583,7.818986
0.086417,-0.226492,0.022078,-0.716428,1.430154,7.792665
0.098352,-0.169036,0.006060,-2.476852,1.746788,6.342309
0.081074,-0.124185,0.032878,-2.291913,0.241009,6.689728
0.052516,-0.039725,0.004695,-3.653078,-0.501541,8.778050
0.028627,0.029404,0.020516,-3.821093,-0.973490,8.341340
0.065607,0.158459,0.005450,-4.568721,-0.986764,6.770869
0.081727,0.255767,0.005460,-3.960984,-0.007314,3.907764
0.046371,0.308615,0.012156,-4.140760,-3.238582,2.293135
0.028902,0.358350,-0.008964,-3.728226,-0.465822,0.671642
0.063187,0.435747,-0.002047,-2.282355,-0.815293,-1.159562
0.104973,0.540489,0.003904,-2.279847,1.063076,-0.450642
0.108144,0.588029,0.052303,-0.991231,-2.110944,1.326332
0.101615,0.664644,-0.001762,-1.396806,2.494018,1.962050
0.072473,0.749978,0.021429,-0.221404,0.747374,-0.317729
0.074541,0.841112,-0.014422,-0.558123,2.858540,-1.516957
0.090395,0.904236,0.028775,0.742001,2.376336,-2.785193
0.102537,0.999972,0.023336,-0.665971,2.748506,-6.048292
0.072680,1.089635,0.051181,-0.696055,-0.159889,-9.819149
0.066772,1.182361,-0.007532,-1.847042,1.084841,-10.386668
0.066634,1.240207,0.003418,-1.640698,0.759716,-11.475506
0.090484,1.320683,0.008299,-3.207977,0.057425,-13.583731
0.097626,1.352473,-0.013871,-2.731085,-0.455732,-17.528434
0.066131,1.369650,-0.021880,-3.583573,-1.183957,-17.823083
0.038513,1.308685,0.029257,-3.372305,-1.366392,-17.297220
0.058260,1.274758,-0.010739,-3.317394,-0.971216,-16.729433
0.094039,1.235352,0.014371,-1.964350,-0.759308,-17.424363
0.142632,1.167823,0.016351,-1.938517,-0.357505,-14.069506
0.108918,1.029176,0.008279,-0.947385,0.349303,-13.650633
0.125977,0.932055,-0.002458,-0.859944,1.471608,-13.291802
0.141303,0.853437,-0.010450,0.454036,1.724657,-11.686938
0.153238,0.752978,0.023152,0.482252,1.747654,-7.119154
0.118493,0.599094,0.006520,1.363468,2.163195,-4.358586
0.071544,0.473488,0.017719,1.212171,0.387514,-2.348984
0.033869,0.334287,0.007022,1.080197,0.268132,-2.681901
0.026772,0.194008,0.018192,1.774124,-0.344227,-0.530583
0.023010,0.063216,0.004839,0.932511,-0.725958,0.515785
0.013111,-0.050455,0.015629,1.023927,-2.159688,0.319280
-0.018161,-0.179950,-0.018250,-0.140787,-0.989895,2.063369
-0.044020,-0.333680,0.005890,0.411680,-1.097093,5.961877
-0.043308,-0.454300,-0.015699,-0.604687,-0.830116,8.900288
-0.058315,-0.556331,-0.006787,-0.108494,-0.475452,9.504058
-0.100288,-0.635809,-0.007910,-1.697966,-1.350441,10.768884
-0.161846,-0.748945,0.012664,-1.843906,-1.223634,13.343846
-0.187728,-0.830441,-0.009787,-2.257720,-0.707067,14.885243
-0.180395,-0.887950,-0.002789,-1.435548,0.589345,13.879380
-0.152212,-0.913027,0.000917,-1.483117,-0.151856,16.124392
-0.167525,-0.966370,-0.011173,-1.309853,0.784982,17.812607
-0.198301,-0.991271,0.001445,-0.151750,0.682832,17.775489
-0.209077,-0.984785,-0.009223,0.125636,0.918354,15.622707
-0.158380,-0.972837,0.020181,0.962214,0.112702,15.686968
-0.154198,-0.953697,-0.027828,0.714938,0.324633,16.087514
-0.169324,-0.938187,-0.001096,2.265070,-0.808140,13.542156
-0.181049,-0.870129,-0.020311,2.010946,-1.381070,10.954149
-0.184374,-0.783171,0.007275,3.099334,-1.556464,10.553539
-0.143209,-0.689582,-0.014816,2.003160,-1.537803,11.084011
-0.121220,-0.587971,-0.000068,2.225844,-2.270542,7.259653
-0.127647,-0.473630,-0.003744,1.727577,-1.852494,3.112772
-0.133362,-0.384230,-0.026088,1.782813,-0.824067,0.738196
-0.135666,-0.284562,0.004311,1.601009,-1.857634,0.958525
-0.130358,-0.182409,0.004816,0.413065,-1.661633,-1.859063
-0.106981,-0.069220,0.014913,1.395656,0.080895,-4.928413
-0.123114,0.024369,0.000533,0.667769,-0.520550,-3.993028
-0.142500,0.072030,0.002761,0.369257,0.050001,-4.235361
-0.132948,0.150693,0.017299,0.866501,0.145667,-6.756193
-0.104962,0.235958,0.018625,0.300021,0.730949,-9.811202
-0.097179,0.274655,0.038770,0.740150,-0.374406,-8.714224
-0.108550,0.302910,0.003746,0.055013,1.098178,-7.886968
-0.125822,0.333896,0.014690,1.158549,0.511915,-9.803499
-0.111182,0.397349,0.030665,0.628478,-0.261034,-9.458936
-0.117547,0.429622,0.015261,0.110759,-0.137739,-8.874990
-0.123738,0.456843,0.026566,0.361557,-1.431998,-7.533812
-0.158404,0.481133,0.005571,-0.463107,-1.957388,-8.797936
-0.172226,0.498835,0.037677,0.416721,-2.023437,-9.392984
-0.170325,0.504662,-0.002340,-0.193523,-1.247219,-6.769212
-0.161778,0.463142,0.013945,-0.222806,-1.963926,-5.018339
-0.151730,0.471473,0.021090,-1.412706,-1.246464,-4.797621
-0.172689,0.463795,0.022843,-1.042782,-0.547499,-5.006427
-0.188549,0.450836,0.039833,-2.029762,-1.598086,-2.976420
-0.187876,0.454043,0.023618,-2.504596,0.810262,-1.711246
-0.154488,0.488414,0.050462,-2.756004,0.204610,-2.469657
-0.155311,0.476370,0.033675,-3.701796,0.871411,-3.377278
-0.184752,0.454785,0.047590,-3.081025,0.692039,-0.916355
-0.181459,0.441645,0.000608,-3.399356,1.548991,0.656209
-0.134383,0.443191,0.031010,-3.223827,-0.264165,-0.071884
-0.093618,0.445486,-0.014471,-2.876132,1.010376,-0.372919
-0.095738,0.384964,0.012664,-1.410169,0.220861,-0.101608
-0.108182,0.344754,0.002850,-1.535279,-0.181727,-0.696731
-0.117777,0.322795,0.027839,-0.526632,-1.168782,-1.529137
-0.122077,0.303885,0.022262,-0.161624,-2.143174,0.101730
-0.125927,0.254343,0.022003,0.952970,-2.625958,0.548611
-0.131566,0.220908,0.005315,1.001281,-2.846111,-0.669495
-0.152643,0.178509,0.008785,1.530298,-2.001533,-2.514482
-0.182556,0.134750,0.022446,1.913467,-2.282467,-1.895430
-0.194267,0.105734,-0.004860,1.044376,-0.799688,-0.623652
-0.166872,0.083846,0.028220,1.367293,-0.951416,-1.585866
-0.140432,0.076448,0.011644,0.424800,0.025825,-2.824152
-0.175085,0.011390,0.036725,0.814625,0.977591,-2.310572
-0.200261,-0.033458,0.016534,-0.310178,0.769042,-0.440235
-0.202125,-0.064382,0.005991,0.064624,1.560848,-2.257593
-0.177487,-0.089076,0.016672,0.352589,1.138322,-3.257321
-0.181115,-0.157259,-0.001916,-0.058152,1.732539,-2.650913
-0.198968,-0.252220,0.024271,0.619852,0.259909,-1.574243
-0.236548,-0.311822,0.005174,-0.308891,-0.482194,-3.142365
-0.220100,-0.351779,0.030091,1.184300,-1.516182,-2.517881
-0.199952,-0.368993,0.025184,0.168277,-3.421903,1.502849
-0.216959,-0.431536,0.018819,1.046011,-3.128673,2.142856
-0.215249,-0.469498,-0.000501,0.958895,-3.081819,1.181128
-0.234224,-0.519453,0.000595,1.618357,-3.617924,-0.402685
-0.217605,-0.551224,0.016423,2.090742,-3.030174,3.309968
-0.218259,-0.598409,-0.018154,1.554572,-2.123643,6.003072
-0.202897,-0.599190,-0.017373,2.789741,-1.484559,6.567710
-0.193847,-0.595281,-0.001417,1.277413,-1.081232,6.921813
-0.177090,-0.636853,0.006999,2.167328,0.808553,8.748793
-0.174976,-0.666447,-0.011626,1.632324,0.378501,11.036877
-0.162368,-0.639364,-0.009935,1.164872,1.596453,10.437290
-0.154057,-0.589487,0.017939,1.245997,1.528739,11.055376
-0.147112,-0.578301,0.003700,0.263504,2.938491,12.940609
-0.143806,-0.544593,0.029618,-0.151002,1.337869,13.964277
-0.107118,-0.465683,-0.009213,-0.992754,1.004918,12.594416
-0.074031,-0.396316,0.012917,-0.954805,-0.291924,11.608493
-0.067365,-0.318128,-0.011527,-2.146849,-0.873067,12.598449
-0.065133,-0.229686,-0.009961,-1.867422,-1.033926,12.090917
-0.037761,-0.080141,-0.011632,-3.002374,-3.040238,9.794883
-0.028967,0.034098,-0.036969,-3.116393,-2.226830,6.650837
-0.044703,0.129974,-0.011796,-2.379971,-2.581182,4.903035
-0.037764,0.217750,-0.040911,-2.747447,-2.864145,2.954385
-0.047562,0.299335,-0.019087,-1.586478,-3.371459,-0.701958
-0.030910,0.419614,-0.041712,-1.774890,-1.355316,-3.082564
-0.014948,0.498057,0.009648,-0.980242,-0.105948,-2.557257
0.015553,0.588433,-0.006971,-1.029580,1.258391,-1.172003
0.062068,0.678575,0.015530,0.452582,1.679472,-2.237860
0.075812,0.763764,-0.004782,0.300421,2.132550,-3.482795
0.051065,0.815509,-0.014846,0.728746,3.510547,-5.650581
0.052575,0.886744,0.000267,0.646062,2.788433,-7.260214
0.061713,0.976575,0.001215,0.321012,2.399215,-10.423987
0.052024,1.039230,0.028148,0.436577,0.506955,-10.602572
0.032076,1.075645,-0.003738,-0.572790,0.741886,-10.085917
0.021888,1.125345,0.017828,-0.915581,-0.474662,-11.903564
0.063417,1.179032,0.011348,-1.839889,-1.248470,-14.965744
0.108032,1.211105,-0.003278,-2.758191,-1.773083,-16.624275
0.104579,1.190475,0.031614,-2.983934,-3.056096,-16.332499
0.118769,1.193833,-0.010368,-3.925436,-1.500092,-15.649170
0.131803,1.168768,0.001823,-3.281651,-0.575252,-17.197214
0.165127,1.141534,0.009172,-3.930730,-1.419370,-14.883639
0.175200,1.079131,0.014837,-4.525915,0.358917,-14.176417
0.177321,1.022470,0.017559,-2.893066,1.300241,-14.040897
0.185616,0.970220,0.015067,-2.913637,1.669401,-13.258498
0.163965,0.850926,0.046913,-1.798494,0.433852,-9.824035
0.185399,0.739021,0.006198,-1.244901,2.352965,-4.580611
0.207231,0.625741,0.028896,0.266077,2.552882,-2.710719
0.219783,0.506428,0.038438,0.915232,-0.591355,-2.200471
0.219415,0.359643,0.001196,2.106327,2.939564,0.664876
0.205061,0.232560,0.010846,2.335060,0.444431,4.687789
0.180407,0.134714,-0.004831,2.527749,0.789751,4.171462
0.176107,0.068731,0.010718,1.851019,-0.216038,4.493651
0.151229,-0.040965,0.007271,0.916365,-0.570767,5.895178
0.100561,-0.149841,0.047494,0.686791,-4.710024,7.522424
0.091377,-0.212952,0.005430,-0.504609,-0.167021,6.521757
0.060181,-0.290457,0.030373,-0.553311,-2.050346,7.254529
0.045095,-0.373857,0.023355,-2.264042,-1.916826,9.960536
0.056249,-0.464879,0.034069,-1.282616,1.369814,12.198097
0.050176,-0.514067,0.017198,-2.701075,0.154819,10.329287
0.057253,-0.546625,0.049677,-2.486401,1.122941,9.190347
0.045843,-0.613584,0.021872,-2.711773,1.366725,12.375958
0.026099,-0.679488,-0.001269,-1.465001,2.236305,14.677496
0.025446,-0.680864,0.016639,-1.123677,1.263630,12.593315
0.044278,-0.698612,-0.000689,-1.162071,2.626488,10.708332
0.050327,-0.728485,0.020582,0.632060,1.566041,11.423494
0.050147,-0.712907,0.004780,0.661858,2.133430,10.437567
0.032868,-0.687957,-0.006423,2.345574,0.479101,6.044659
0.036551,-0.635428,-0.004151,2.061378,-0.213260,5.650638
0.041317,-0.611256,0.002594,2.942437,-0.880117,6.034850
0.057689,-0.564363,0.026172,3.356513,-2.940763,4.833015
0.077958,-0.494677,-0.013569,3.177981,-0.961312,0.076527
0.065452,-0.454920,-0.013890,4.338677,-1.769150,-2.485237
0.064760,-0.427427,0.001455,3.171695,-3.523350,-0.394172
0.074791,-0.376929,-0.012000,3.134275,-1.261389,-1.341695
0.106269,-0.271875,0.009543,2.703009,-1.209999,-2.224829
0.087760,-0.219927,-0.006882,2.176305,0.396459,-3.276701
0.072772,-0.175732,0.039633,1.203630,-1.453953,-2.200039
0.077476,-0.125363,0.000523,0.125862,1.054092,-3.424284
0.074006,-0.066384,0.025617,0.481090,1.267431,-4.987645
0.070330,-0.000640,0.005857,-0.712851,2.044984,-2.523476
0.049900,0.034436,0.032487,-0.528716,0.514315,-0.510971
0.085853,0.095410,0.025863,-1.521571,0.650743,-1.546203
0.135165,0.143390,0.004012,-2.018604,2.131135,-3.142334
0.126932,0.155151,0.023050,-1.128174,1.158828,-2.293933
0.093353,0.168189,-0.028970,-1.484624,0.625484,-1.935005
0.073458,0.214976,0.006815,-1.369716,-1.532877,-2.717566
0.092257,0.285493,0.001452,-1.704840,-1.322325,-1.657486
0.081697,0.311529,-0.001978,-0.872620,-2.097906,-1.267559
0.072444,0.328303,-0.007716,-1.235963,-2.414349,-0.766637
0.055254,0.365939,-0.011951,-0.445893,-1.725168,-1.865033
0.064261,0.416676,-0.011796,-0.153080,-2.286193,-1.836939
0.070310,0.406979,-0.030798,-0.377310,-0.262731,-2.265399
0.077998,0.403710,-0.005819,0.441353,0.359370,-2.341919
0.104517,0.418967,-0.033651,-0.633695,2.060484,-2.397665
0.096921,0.406822,0.001271,0.528846,1.785954,0.157287
0.083499,0.407035,-0.015965,-0.341180,1.816497,3.514450
0.062820,0.420076,-0.001276,-0.677860,2.622001,3.776250
0.090041,0.462357,-0.005855,-1.634871,1.306469,1.289321
0.087011,0.490642,-0.012315,-1.679040,2.359993,-2.698357
0.070967,0.496416,-0.014275,-2.069144,0.982833,-2.936761
0.036557,0.498773,-0.042123,-3.013318,1.072175,-3.872408
0.021973,0.543014,0.005036,-3.294206,-0.169736,-5.578909
0.025587,0.566854,-0.039169,-3.634237,0.902456,-6.178108
0.011358,0.543148,-0.006587,-2.860232,-1.894825,-4.915761
-0.003449,0.522774,-0.034360,-3.673387,-2.048981,-6.823278
-0.008790,0.533156,-0.009938,-2.224361,-2.005689,-9.340006
-0.002192,0.509247,-0.024506,-1.822666,-1.626909,-8.778525
-0.013513,0.453416,-0.015630,-1.058623,-0.934180,-7.988983
-0.002570,0.425630,0.002620,-0.690570,-3.265571,-8.138740
0.021156,0.397300,-0.006754,0.055066,0.574275,-9.222506
0.009779,0.340484,0.014568,1.382592,-0.865078,-7.592377
-0.007628,0.273712,-0.026538,1.521771,1.205406,-5.566581
-0.020269,0.220770,-0.000656,3.286760,1.240134,-5.476169
-0.023942,0.181246,-0.025747,2.820247,1.838194,-6.118968
-0.036336,0.110953,0.015514,3.586339,1.272938,-4.423312
-0.037610,0.038591,-0.023088,2.412178,0.816565,-1.820892
-0.034675,-0.042820,-0.005986,3.022948,0.522691,-1.357926
-0.053378,-0.106030,0.002486,2.164951,-3.083865,-2.221164
-0.085553,-0.191147,-0.015958,1.949226,0.003813,-1.541023
-0.132006,-0.271527,0.014683,1.328373,-2.130077,2.302310
-0.143967,-0.335988,-0.003469,0.069830,-2.332931,3.538162
-0.146843,-0.391635,0.019846,0.532960,-2.198876,3.829840
-0.128996,-0.438561,-0.001703,-1.121205,-2.333867,6.122746
-0.142877,-0.500398,0.028499,-1.244100,-1.829149,8.569184
-0.136424,-0.528949,-0.017957,-2.386073,-0.270270,9.499037
-0.142405,-0.555645,0.014293,-1.599880,-0.198201,9.093945
-0.143288,-0.581429,-0.006413,-1.850297,-0.102294,10.826600
-0.146941,-0.640483,-0.000104,-1.896185,1.087146,11.179355
-0.140612,-0.663381,0.013318,-1.064403,0.609939,11.280205
-0.167134,-0.692096,0.010990,-0.489917,0.531390,12.167422
-0.203655,-0.685564,0.041113,0.280560,-0.584498,15.160681
-0.205811,-0.657099,-0.007641,0.472110,1.722781,17.310908
-0.166068,-0.611201,0.021222,1.428540,-0.069424,15.455286
-0.130762,-0.568631,0.002059,1.086523,0.217950,12.207086
-0.149692,-0.545204,0.012655,2.365765,-1.160333,10.666853
-0.166297,-0.460175,0.004947,1.087807,-1.230685,12.264793
-0.162972,-0.340544,0.038064,0.738066,-2.168297,10.974402
-0.105425,-0.201916,-0.003846,0.243508,-1.135360,8.583604
-0.102868,-0.110802,0.029924,0.281259,-1.409194,5.838224
-0.122454,-0.024336,0.024370,-1.350766,-1.226261,3.168992
-0.138856,0.100035,0.008433,-1.738465,-0.706601,-0.327539
-0.112407,0.246439,0.026874,-1.886667,-0.883558,-1.353099
-0.074836,0.371660,0.007941,-2.972557,-0.270930,-1.820493
-0.051675,0.467790,0.029244,-2.288162,0.251237,-2.729746
-0.045987,0.570918,-0.003419,-3.040415,0.464001,-5.928414
-0.043472,0.641490,0.031745,-2.351368,0.630733,-8.803592
-0.037623,0.704700,0.015051,-2.297349,0.542720,-8.569709
-0.028255,0.817478,0.011076,-1.756919,0.937470,-7.831953
-0.008649,0.914084,0.040427,-1.347012,-0.348662,-10.408720
-0.000302,0.968116,0.011506,-1.332900,0.202788,-13.079969
-0.017853,0.974090,0.016410,0.386854,-0.879363,-11.832994
-0.016074,1.001718,-0.022835,0.409017,1.796510,-11.034105
-0.026689,1.035373,0.027225,0.496904,-2.032057,-12.415930
-0.000522,1.075731,0.008476,0.443086,-0.904024,-11.664819
0.012585,1.074631,0.000375,0.590359,-0.239032,-9.717910
0.014863,1.034195,0.018799,0.214044,-0.850058,-10.852773
0.022206,1.030128,-0.019297,-0.648292,0.393343,-13.025596
0.034433,1.010794,0.017309,-0.225990,0.529252,-12.021744
0.036974,0.991362,-0.002326,-1.519622,1.795016,-9.732410
0.005607,0.957080,0.026129,-1.715803,0.061039,-9.866639
0.026385,0.915997,0.007304,-2.021214,0.819473,-9.363703
0.026667,0.817514,0.001261,-2.388129,1.802573,-9.054434
0.016015,0.675296,0.019052,-1.743832,0.211375,-6.489689
0.029480,0.599114,-0.013303,-2.246048,0.544391,-2.677851
0.025577,0.507284,0.007419,-2.286987,0.584916,-0.693182
0.017447,0.380234,0.017893,-1.689891,-1.755469,2.606891
0.032195,0.278807,-0.016467,-2.026620,2.156722,5.413952
0.043220,0.220616,0.019003,-1.831023,-0.680851,6.591893
0.070770,0.166117,0.001803,-2.682888,-0.742524,5.422286
0.062541,0.095804,0.008706,-1.703431,-0.180660,4.966057
0.029713,0.038706,-0.005353,-1.910826,-0.923817,4.825897
0.012451,-0.024110,-0.025451,-1.884642,0.080002,3.331387
0.028873,-0.073392,-0.006823,-1.030998,-0.532412,3.810561
0.045223,-0.149151,-0.023948,-1.056443,0.159792,4.763018
0.014949,-0.232407,0.007370,-0.302936,-2.243485,5.923177
-0.014298,-0.262212,-0.026794,-0.631000,-0.161621,5.451867
-0.031416,-0.278909,0.006815,0.625255,-0.237544,5.813966
-0.036897,-0.314799,-0.012085,0.009489,0.204308,6.843415
-0.050775,-0.344381,0.000585,0.688619,0.057531,6.387957
-0.059274,-0.366202,0.005335,1.619942,-0.137246,5.532143
-0.081292,-0.385040,-0.012413,1.402517,0.457460,4.205270
-0.101502,-0.402710,0.024235,1.471313,-0.397839,5.745810
-0.073227,-0.396601,-0.010641,0.835689,1.152677,5.750074
-0.026551,-0.384079,0.014585,1.676134,1.049897,3.299327
0.038238,-0.357415,0.001475,1.208758,1.031486,2.445070
0.029247,-0.382247,-0.023387,1.200571,1.917468,1.599337
0.019616,-0.356985,-0.008527,1.455144,0.872957,2.486967
0.068705,-0.307020,-0.013769,0.331277,2.273928,0.996891
0.087277,-0.293037,0.027856,1.187409,-0.664215,-1.555100
0.095411,-0.304273,-0.006380,0.341767,-0.832949,-2.363377
0.072713,-0.328924,-0.008120,1.638941,-1.155852,-3.875705
0.050957,-0.309420,0.013918,1.121212,-2.698024,-4.240598
0.058602,-0.296828,0.005154,1.538413,-1.850495,-3.989646
0.116120,-0.280980,0.008867,1.616673,-2.192886,-0.174571
0.123798,-0.287568,0.013170,1.546097,-1.203241,0.635302
0.112936,-0.300347,0.034155,2.225624,-1.476586,1.379565
0.084415,-0.309236,-0.009164,2.028957,-0.058074,2.565792
0.073501,-0.316641,0.012415,2.242391,0.288713,4.868610
0.109237,-0.296310,0.018120,0.971605,1.213911,5.055890
0.155884,-0.276881,0.029467,1.767350,2.594908,3.672076
0.158198,-0.276648,0.025335,0.916161,1.657752,3.666647
0.139160,-0.279320,-0.002008,-0.146220,3.319805,4.737743
0.150146,-0.222176,0.030130,-0.324065,2.597150,6.119222
0.176911,-0.121080,0.016613,-1.727935,1.954114,5.550454
0.179908,-0.037591,0.056964,-2.363717,-0.061382,5.169362
0.158916,0.020843,0.007488,-3.496821,0.397683,4.050341
0.128675,0.076625,0.038225,-2.908093,-0.789667,1.740816
0.118887,0.139677,0.028725,-3.385228,-1.906572,-0.304568
0.121822,0.189436,0.010636,-2.985319,-1.695026,-0.933799
0.123899,0.249488,0.025814,-2.936614,-2.643319,0.146159
0.124943,0.301383,0.042640,-3.126700,-1.922968,0.253744
0.100926,0.349228,0.070636,-1.516011,-4.032480,-0.545085
0.149115,0.400789,0.027481,-1.361375,1.602400,0.884788
0.164651,0.425666,0.055678,-0.237580,0.950511,0.960557
0.184861,0.503086,0.046772,-0.500493,2.227288,-0.587935
0.199287,0.548548,0.052507,0.737153,2.954413,-3.125634
0.224050,0.600131,0.056800,0.357733,3.600486,-2.916986
0.238384,0.642298,0.039948,0.196782,4.134154,-4.288209
0.275229,0.709811,0.026953,0.855596,4.258362,-4.765903
0.300475,0.764519,0.017513,0.144801,4.994826,-8.511470
0.254012,0.802198,0.068745,-0.441603,0.306454,-9.084316
0.219428,0.805953,0.005131,-1.254742,0.701223,-9.213149
0.212561,0.828953,0.031102,-0.582246,-0.546754,-11.146795
0.229407,0.843994,0.022449,-1.667584,-0.146903,-13.027792
0.230670,0.797987,0.053807,-1.024453,-2.710041,-12.933238
0.204106,0.754741,-0.005661,-1.886900,-2.493788,-12.576693
0.205451,0.717357,0.006342,-1.161419,-2.092326,-13.299164
0.232577,0.678887,0.023848,-1.479484,-1.746724,-13.058225
0.255351,0.602189,0.022676,-0.764339,0.012341,-11.333552
0.265920,0.519006,-0.006968,-0.198746,1.119553,-8.951708
0.250037,0.426697,-0.016116,-0.440385,2.316878,-8.103299
0.224365,0.343740,0.026792,0.392865,2.267195,-5.701387
0.206597,0.235200,0.005965,0.482561,3.576176,-2.619836
0.206614,0.121240,0.018094,1.624094,3.635165,-0.015111
0.212604,0.029775,0.001123,1.409659,2.905617,0.174077
0.174140,-0.102747,0.030678,2.256420,2.579690,-0.974907
0.125019,-0.195887,0.014677,1.660040,1.113701,2.504242
0.071279,-0.288655,0.004990,1.237824,-0.264943,5.371650
0.090419,-0.332111,0.030416,1.663129,-0.839215,6.398703
0.102265,-0.379473,-0.001677,0.783492,-1.356892,7.207855
0.074771,-0.491992,0.007866,0.795509,-1.957292,8.382742
0.029484,-0.566014,0.010462,0.005820,-2.856001,11.134263
0.002499,-0.608427,-0.012141,-0.515136,-1.601354,10.368155
0.013025,-0.606832,0.007787,-0.768271,-2.149807,11.399166
0.028043,-0.626956,-0.007408,-1.794620,-1.050193,12.313126
0.018766,-0.647386,0.022955,-1.513929,0.285276,13.226264
0.000995,-0.651420,0.009507,-2.483515,0.655860,13.641647
-0.020462,-0.652635,0.015038,-2.231404,1.780447,14.521881
-0.017173,-0.627340,0.024570,-1.722124,1.498866,15.803542
0.006841,-0.567528,0.005046,-2.119099,3.947831,15.302382
0.032887,-0.506632,0.054493,-1.029793,2.253321,12.611035
0.038714,-0.477398,0.019072,-1.135356,2.060954,10.230272
0.006303,-0.446737,0.047504,0.482614,1.186617,9.890046
0.010964,-0.358056,0.017250,0.464196,0.383250,9.771329
0.011945,-0.245369,-0.002989,1.349673,-0.191242,5.627918
0.044189,-0.143138,0.042801,1.485086,-1.516930,3.830654
0.035257,-0.075362,0.005611,1.544357,-1.415713,3.084817
0.010314,-0.004304,0.036446,1.991819,-3.619864,2.917300
-0.013503,0.096881,0.009842,1.430483,-2.722616,-0.793019
0.024258,0.197685,0.041212,2.049642,-2.317025,-2.698797
0.059252,0.288867,0.036101,0.859910,-2.526425,-3.189227
0.085314,0.370413,0.018002,0.847535,-0.673262,-5.169329
0.118431,0.467783,0.007327,0.323326,2.661196,-7.169609
0.095841,0.528984,0.004606,-0.527426,2.263709,-7.792732
0.079439,0.591807,0.034936,-1.082211,0.367337,-6.522452
0.116714,0.671350,0.020001,-2.416334,2.705286,-7.501322
0.120502,0.725701,0.038963,-1.672301,3.147798,-10.549624
0.116353,0.752483,0.032149,-2.566903,1.958603,-10.492839
0.085997,0.746167,0.030803,-2.427734,2.161799,-10.726982
0.083781,0.779349,0.010866,-2.170303,0.843992,-9.820655
0.072549,0.798036,0.020145,-2.132095,0.136752,-11.420667
0.059028,0.801906,0.040949,-1.680763,-1.428046,-9.654820
0.033271,0.789804,0.023191,-2.026145,-1.973370,-8.449128
0.036767,0.778414,0.026250,-0.531713,-2.277094,-8.324875
0.054088,0.753756,0.002912,-1.136978,-1.729669,-8.885810
0.049194,0.702878,0.031798,-0.222668,-2.676317,-6.638448
0.075221,0.667149,-0.015016,-0.150937,3.951815,-3.049689
0.045859,0.634246,0.017703,-0.166624,-0.063700,-2.403222
0.029529,0.604474,0.031342,-0.062764,-0.050121,-2.659216
0.015280,0.558668,-0.016402,-0.905166,1.454457,-2.132871
-0.001450,0.508200,0.044511,-0.635146,0.681617,-0.895795
0.040630,0.489149,0.014437,-1.599132,2.451941,-0.173368
0.033596,0.422502,0.026457,-1.632636,2.341651,-0.303273
0.006326,0.353072,0.035911,-0.990085,1.961965,2.865567
-0.046837,0.280297,0.011575,-2.256256,1.977813,4.212923
-0.046541,0.237231,0.028246,-1.461466,1.087455,3.805642
-0.027615,0.207066,0.030229,-2.069738,-0.746001,4.192219
-0.049515,0.163163,0.002774,-2.385722,-0.455915,4.913978
-0.084900,0.114117,0.013574,-1.375686,-1.629278,4.861069
-0.092774,0.096172,-0.005061,-2.314667,-2.363685,3.558288
-0.084805,0.074360,0.013410,-1.565736,-2.599094,3.131513
-0.078348,0.028475,0.010606,-1.623149,-2.307417,3.492024
-0.101253,-0.016278,-0.011212,-1.764813,-1.350363,2.175076
-0.108878,-0.033416,0.004363,-0.582784,-1.366371,0.823667
-0.112610,-0.079524,-0.009846,-0.711570,-0.792572,-0.195907
-0.109131,-0.129384,0.015681,0.936788,-0.181510,0.123602
-0.096917,-0.150159,-0.022034,0.640220,1.283252,0.130220
-0.127795,-0.189624,0.009828,1.692697,0.767663,-1.635821
-0.139378,-0.219484,0.009691,1.908987,0.858222,-0.804474
-0.152081,-0.279677,-0.006328,2.583518,1.856510,-0.318259
-0.138285,-0.304053,-0.006131,3.375685,1.135959,0.844562
-0.122759,-0.315715,-0.013792,2.956991,0.907941,-0.115091
-0.124072,-0.347965,0.013193,3.748724,0.288634,-0.033099
-0.118738,-0.369777,-0.014901,2.147509,-0.416302,1.799225
-0.114950,-0.392810,-0.002537,2.924751,-0.132030,-0.404421
-0.085655,-0.375623,-0.012660,2.344882,-0.603982,-1.169770
-0.068215,-0.397025,-0.045189,0.784857,-1.278235,-0.672244
-0.083688,-0.430029,-0.021263,1.458098,-2.152184,0.731570
-0.084253,-0.425979,-0.037110,0.123397,-2.053829,1.333254
-0.094327,-0.441584,-0.023800,-0.411585,-1.926132,0.853286
-0.075249,-0.434346,-0.020941,-0.439033,-1.707404,0.902641
-0.051550,-0.453709,-0.035689,-0.983034,0.009164,2.580621
-0.049794,-0.458990,-0.019842,-0.484465,-0.660102,3.665300
-0.049837,-0.453272,-0.050601,-0.809105,-0.193376,3.285650
-0.071192,-0.468976,-0.027664,0.344446,-0.870822,4.476213
-0.059011,-0.455337,-0.054130,0.024116,0.227843,7.805007
-0.047526,-0.432974,-0.055594,-0.019560,1.109240,8.245737
-0.052955,-0.403632,-0.036874,1.096859,0.271936,8.323195
-0.064329,-0.390755,-0.089620,0.817911,1.411054,8.515421
-0.067388,-0.385999,-0.058922,1.793609,0.182995,8.546775
-0.027037,-0.338663,-0.081857,1.268518,0.368909,8.147719
0.026516,-0.279750,-0.084752,1.575337,0.550330,6.949071
0.036544,-0.218755,-0.105585,1.710724,-0.562338,8.368220
0.009759,-0.157049,-0.130978,0.548692,0.051543,8.339313
0.001012,-0.075119,-0.071484,-0.008085,-2.926196,6.259444
0.016541,0.008439,-0.128159,-1.123106,-0.654503,2.514020
-0.000082,0.075430,-0.108149,-0.612536,-1.331509,-0.280981
-0.004516,0.156556,-0.133716,-2.305605,-0.867392,-0.295550
-0.030923,0.226534,-0.100839,-2.167772,-1.365531,-1.729140
-0.035535,0.314487,-0.105569,-2.881794,-1.430727,-2.339012
-0.019904,0.382991,-0.117126,-3.042158,0.834319,-2.063773
-0.011547,0.446014,-0.073959,-2.846219,-2.033570,-2.227085
0.047067,0.531768,-0.118748,-3.278756,1.535317,-4.135538
0.081927,0.583742,-0.104013,-1.793308,2.463229,-6.267049
0.109854,0.619590,-0.111136,-1.975654,2.859925,-5.620027
0.110251,0.644520,-0.144239,-1.404667,3.141046,-7.327434
0.154409,0.700935,-0.111422,-0.439102,2.573151,-8.357004
0.188740,0.748773,-0.121387,-0.642807,2.123034,-8.934493
0.196799,0.755890,-0.089948,0.101210,0.266763,-10.117969
0.201401,0.790411,-0.117724,-0.213717,0.670200,-10.953331
0.192752,0.788750,-0.101377,0.951598,-0.259636,-13.416328
0.198814,0.816612,-0.094894,0.676070,-1.497968,-13.546792
0.207444,0.784998,-0.103682,0.447553,-1.753283,-13.800990
0.210529,0.778076,-0.073171,0.846678,-1.758909,-12.586087
0.222445,0.745816,-0.069587,0.465528,-1.274490,-13.220835
0.220987,0.673714,-0.043347,0.824768,-1.767420,-13.023717
0.222822,0.584454,-0.067850,0.334897,-0.531753,-10.714192
0.231616,0.504176,-0.052915,1.306157,0.283103,-8.079755
0.259914,0.424869,-0.062497,0.312195,1.119520,-5.145897
0.231087,0.305171,-0.056339,0.298613,2.096587,-2.472990
0.213290,0.215439,-0.040757,-0.198693,2.474449,2.805619
0.206656,0.129492,-0.027631,-1.033916,3.035191,5.618187
0.232702,0.062711,-0.011823,-0.686690,3.407524,4.837001
0.225333,-0.022781,-0.023853,-1.909220,2.731040,4.145734
0.199425,-0.108324,0.002732,-1.491327,2.556077,4.933930
0.161270,-0.166807,0.020821,-2.497463,-0.923183,4.508113
0.158739,-0.223292,-0.005697,-2.154405,0.397023,4.497547
0.159593,-0.296818,0.015290,-1.605779,-0.589438,7.286049
0.140916,-0.378462,0.007127,-1.623546,-0.933076,9.734401
0.098792,-0.476368,0.025499,-0.377969,-3.235477,9.523282
0.075188,-0.506310,0.025601,-0.436167,-2.560775,9.743018
0.051558,-0.561127,0.024064,0.621050,-2.135082,10.938469
0.049431,-0.602187,0.045738,0.960202,-2.086988,13.075915
0.052168,-0.599328,0.041858,1.122561,-0.012428,11.955041
0.051916,-0.588388,0.081661,1.399799,0.124795,12.189496
0.034913,-0.590826,0.065833,0.520664,0.962470,12.396319
0.045590,-0.559725,0.094683,1.091982,2.419875,12.409031
0.076101,-0.490617,0.066782,0.396335,3.778056,11.012642
0.091233,-0.423616,0.078888,0.293818,3.317284,8.920851
0.091548,-0.373923,0.085498,-0.075427,3.242812,9.913755
0.079885,-0.331970,0.079823,-0.324308,3.281131,9.137517
0.110451,-0.248763,0.086358,-0.975170,1.109306,7.230124
0.156484,-0.175565,0.055812,-1.198467,1.820417,2.508772
0.154406,-0.095605,0.088331,-0.514204,-0.798109,-0.155492
0.144057,0.005668,0.071075,-1.366624,-1.490559,-1.416738
0.130579,0.098391,0.085019,-1.259094,-2.572356,-4.298061
0.158989,0.177714,0.072103,-0.787086,-3.119555,-5.053294
0.190296,0.246865,0.042453,-0.725035,-1.647361,-4.707359
0.203367,0.285493,0.063047,0.238869,-2.773372,-5.286883
0.215945,0.360382,0.059682,-0.197193,-1.817645,-7.863362
0.202707,0.409221,0.088433,0.851362,-0.922655,-7.747965
0.235315,0.440542,0.062692,0.483929,0.110105,-4.117720
0.263564,0.457542,0.062994,1.183230,2.423817,-3.834977
0.298696,0.492819,0.070409,1.719616,3.014334,-4.860995
0.294845,0.512077,0.058208,1.303275,3.932383,-5.602009
0.253142,0.510301,0.062315,1.543090,4.207054,-4.284560
0.258624,0.559157,0.054939,0.252524,3.937878,-4.445686
0.258778,0.596678,0.052576,0.570129,2.934830,-6.244417
0.244686,0.594535,0.036974,-0.343616,1.154052,-5.720622
0.199106,0.565216,0.028670,-0.856185,0.794664,-5.577888
0.152998,0.555825,0.038776,-0.681970,-1.381366,-4.404401
0.151265,0.575204,0.011545,-1.739932,-1.613132,-4.708722
0.145905,0.556150,0.017220,-1.992998,-3.956189,-4.396615
0.124526,0.522489,-0.021667,-3.124609,-2.113080,-2.231853
0.109256,0.475710,0.010524,-2.877025,-1.683265,-1.674495
0.123039,0.454578,0.008387,-3.342517,-3.595676,-1.939180
0.149988,0.436295,-0.026443,-2.981938,0.664135,-1.457751
0.156540,0.410590,0.005102,-2.931605,0.611567,1.326634
0.169328,0.376279,-0.035732,-3.222137,2.592941,1.025671
0.196540,0.327190,-0.033592,-1.300325,6.341899,0.800575
0.161263,0.278442,-0.037238,-1.477895,3.015168,2.527880
0.146387,0.234770,-0.022934,-1.169382,3.333482,4.360023
0.137469,0.220281,-0.040216,-0.894639,2.621259,3.949987
0.120223,0.237786,-0.055666,-1.304553,3.161017,0.598886
0.103538,0.228254,-0.027030,-0.351205,-0.235174,0.873038
0.087133,0.190013,-0.082336,-0.641530,0.525301,0.486925
0.073015,0.177832,-0.043400,0.432047,-0.837476,-1.632276
0.082744,0.171487,-0.055449,0.171898,-2.546638,-2.296034
0.063676,0.132686,-0.072104,-0.151423,-2.074476,-1.684217
0.066414,0.121634,-0.059543,0.363159,-1.825719,-0.179153
0.090369,0.113887,-0.082178,-0.504396,-1.967107,-2.192187
0.107809,0.094051,-0.080829,1.031745,-0.457419,-3.757460
0.106358,0.073132,-0.090132,-0.013856,-0.438528,-3.453896
0.083873,0.020137,-0.076208,0.961363,0.484178,-3.599893
0.076616,0.020325,-0.066419,0.003518,0.131215,-4.487376
0.062938,-0.013488,-0.062631,0.201830,1.328809,-4.968414
0.068229,-0.074236,-0.072800,0.838518,1.466488,-3.620020
0.065531,-0.144881,-0.081738,0.782500,2.253977,-2.942248
0.056032,-0.198322,-0.079693,1.978217,2.290980,-2.622062
0.045856,-0.252404,-0.077698,1.339067,1.436568,-2.376305
0.058979,-0.313680,-0.059017,2.330830,1.286055,0.240377
0.075211,-0.367762,-0.066659,1.693994,-0.754554,2.696867
0.090136,-0.424082,-0.066987,2.307587,0.124870,1.674342
0.080571,-0.469209,-0.072216,2.556855,-0.898319,1.669307
0.070724,-0.530072,-0.093197,2.258511,-0.226344,2.691965
0.060782,-0.581727,-0.060363,2.700111,-1.939708,3.221150
0.053685,-0.597680,-0.054058,1.361083,-2.236838,3.133644
0.027396,-0.636938,-0.049548,1.627896,-2.188911,3.415740
-0.001027,-0.672313,-0.048540,1.194115,-2.436961,7.082339
0.000185,-0.675133,-0.058279,0.157922,-1.138009,8.074712
0.021816,-0.649940,-0.030158,0.519311,-0.726174,6.231840
0.038789,-0.655789,-0.036401,-0.295544,1.146184,6.550660
-0.001234,-0.682219,-0.041371,-0.638093,1.198713,7.285476
-0.018414,-0.657391,-0.038735,-0.652388,1.396355,9.076906
-0.022802,-0.634555,-0.025500,-0.962338,1.672671,9.421411
-0.023232,-0.609746,0.031036,-0.695237,-0.343107,10.985118
-0.004726,-0.569320,-0.027079,-0.861545,3.215108,12.545846
-0.012499,-0.521075,-0.000114,-0.174668,0.834602,10.775839
0.007728,-0.437458,-0.007043,-0.896946,1.470318,8.721314
0.002863,-0.355167,0.001816,0.221607,0.830558,8.176513
0.002538,-0.240482,-0.018141,-0.851215,-0.845770,7.939973
0.011653,-0.151058,0.004252,-0.541586,-1.363417,4.246545
0.007284,-0.045698,-0.008428,-0.209994,-2.177127,1.152648
-0.022156,0.028242,-0.002474,-0.316089,-1.216610,-0.362767
-0.026584,0.116549,0.031548,-0.261827,-2.142520,-0.392323
0.005472,0.233667,0.014388,-0.766909,-1.509594,-2.260038
0.035050,0.339837,0.028013,0.324560,-0.949591,-4.838191
0.042295,0.420588,0.022216,-0.604708,-0.920016,-5.195964
0.017903,0.471952,0.039521,-0.033255,-0.945924,-5.794121
0.013222,0.563811,0.027737,-0.615034,0.994190,-6.634043
0.046841,0.659891,0.035898,0.187397,1.385976,-7.932156
0.076836,0.705718,0.033567,0.308545,1.911786,-8.112037
0.080161,0.726525,0.012359,-0.239208,3.065402,-8.466491
0.084707,0.758499,0.041415,0.275773,1.848501,-9.653004
0.097436,0.787011,0.013291,-0.472977,1.275023,-10.120210
0.095129,0.813972,0.035809,0.017587,1.851058,-8.821803
0.119701,0.853450,0.042856,-1.537248,0.469919,-9.364987
0.153198,0.878023,0.040762,-1.579004,0.142105,-11.938383
0.159786,0.885024,0.024747,-2.073090,-0.465477,-12.785675
0.133684,0.841023,0.007672,-1.885105,0.023081,-12.548729
0.110799,0.800990,0.041717,-1.453999,-1.832678,-11.458539
0.123988,0.773470,0.023306,-2.324961,-1.895389,-12.331244
0.124707,0.728173,0.059035,-0.986252,-2.178628,-11.699751
0.109434,0.644041,0.037496,-1.500794,-1.854231,-8.835606
0.083210,0.541103,0.051867,-0.848235,-1.229661,-7.172525
0.091118,0.479689,0.043706,-0.262481,-0.219475,-5.590642
0.099074,0.392268,0.026953,-0.196284,0.903221,-3.866543
0.097266,0.293105,0.059584,0.632128,0.648556,0.949590
0.084382,0.215945,0.009894,0.220415,1.918909,4.982543
0.080535,0.138322,0.027396,0.171894,2.703103,4.926276
0.103450,0.068452,0.048893,-0.056314,2.814949,6.055765
0.100660,-0.008170,0.022719,-0.656596,2.894923,7.884721
0.071105,-0.079626,0.046057,-0.365601,2.020028,8.124891
0.045039,-0.106030,0.024166,-1.268488,2.282584,7.346237
-0.005576,-0.141460,0.035461,-1.295089,0.787286,6.335170
-0.004772,-0.182655,0.016751,-2.069308,-1.228847,8.625887
0.020434,-0.215831,0.004823,-2.589660,-1.576490,7.827192
0.007432,-0.251235,0.028236,-1.482372,-1.548209,6.752396
-0.012463,-0.267477,0.008122,-2.354000,-2.028291,8.221964
-0.025409,-0.305448,-0.005569,-1.157637,-1.717687,8.983109
0.020112,-0.294816,-0.005891,-1.445326,-1.462619,8.784906
0.048417,-0.287752,-0.008353,-1.342228,-0.416017,4.911278
0.046073,-0.302093,0.013964,-0.233854,-0.053823,5.832773
0.018258,-0.316585,-0.003646,-0.863701,1.228104,8.903773
0.007160,-0.303984,0.028397,0.920688,1.788876,9.089736
0.052602,-0.256464,-0.002927,0.754153,2.035498,8.236598
0.092427,-0.255420,0.001255,1.496664,2.529272,7.762709
0.096649,-0.239497,-0.003721,1.302379,2.262902,7.838442
0.084514,-0.191265,-0.019375,1.594651,3.614765,4.384688
0.082820,-0.113041,0.005591,1.591828,0.914066,2.075839
0.079429,-0.062203,-0.023754,0.779786,0.673135,-0.276974
0.078073,-0.004586,-0.004467,1.265547,-0.390690,-2.108424
0.079015,0.031872,-0.023915,-0.011755,-0.832306,-4.300959
0.060837,0.067562,-0.001263,0.763590,-1.746626,-5.631808
0.063857,0.105441,-0.037022,-0.103460,-2.183219,-3.310130
0.107868,0.142615,-0.032787,0.088767,-1.560249,-2.264059
0.152706,0.198902,-0.042710,-0.547032,-1.017389,-2.710192
0.166082,0.233306,-0.034557,-0.682761,0.231838,-4.139087
0.159665,0.243672,-0.043495,-0.668150,0.222447,-2.762665
0.148514,0.254274,-0.040560,-1.660336,1.400412,-3.257667
0.179937,0.287833,-0.014258,-0.778575,1.222730,-3.945276
0.222684,0.324032,-0.050841,-1.292569,2.525907,-3.058712
0.200085,0.308907,-0.032394,-0.394257,1.242559,-0.957222
0.193116,0.305145,-0.065756,-0.680975,2.118826,0.555627
0.183646,0.333203,-0.073782,-0.695687,1.478685,-0.355926
0.178408,0.359913,-0.053132,-0.359641,1.047126,-0.096191
0.183502,0.373351,-0.065402,-1.006370,1.884529,0.076111
0.199024,0.396604,-0.054934,-0.459358,0.169182,-1.035759
0.205517,0.420434,-0.074763,-1.827554,-0.292355,-2.765690
0.161339,0.427672,-0.044069,-0.674459,-0.977347,-2.020052
0.141375,0.418970,-0.080311,-1.539684,-0.651896,-0.093966
0.151501,0.419226,-0.053766,-1.113101,-0.708647,-0.300494
0.184536,0.449812,-0.076897,-1.360134,-0.474944,-0.548160
0.183545,0.449809,-0.075974,-1.201681,0.176138,-0.060137
0.144001,0.428072,-0.067109,-0.980022,0.730466,2.008465
0.118326,0.434759,-0.086147,-2.285109,1.198145,1.131886
0.173353,0.454969,-0.057905,-1.413487,1.186374,0.137544
0.216471,0.460792,-0.051202,-2.230604,2.350402,0.537671
0.203334,0.432149,-0.037974,-1.769697,3.445725,-0.375412
0.184063,0.439439,-0.045724,-2.154159,2.464762,-1.591648
0.176143,0.451995,-0.039369,-2.323911,2.278645,-3.432029
0.168731,0.457414,-0.021017,-1.666425,1.958833,-2.668583
0.191971,0.437539,-0.055065,-2.170700,2.692964,-3.224976
0.195972,0.415711,-0.024716,-0.746575,0.361366,-5.869666
0.159376,0.405227,-0.050017,-0.784572,-0.548057,-6.704341
0.129814,0.351877,-0.033752,0.658660,-0.101848,-5.505785
0.137686,0.323927,-0.029252,0.081611,-1.955605,-3.078270
0.161834,0.309248,-0.020928,0.452950,-1.081689,-5.634777
0.175141,0.274074,-0.002333,1.629733,-1.054218,-7.198770
0.164158,0.203380,-0.041650,0.840376,0.230134,-6.698519
0.137971,0.147503,0.009106,1.300666,-1.406568,-5.994212
0.141608,0.131580,-0.009830,0.891099,1.028630,-5.722443
0.159143,0.080377,0.017198,1.561876,0.854372,-5.623476
0.177006,0.018618,0.012950,1.275847,1.027048,-3.218957
0.159895,-0.087500,-0.006646,1.236868,2.398506,-3.573870
0.171715,-0.159461,0.000204,1.862928,2.094438,-3.777127
0.178526,-0.225025,0.014575,1.085758,1.972403,-2.107435
0.159813,-0.297521,0.058730,1.959002,-1.170715,1.619512
0.171029,-0.358597,0.002555,0.914389,1.800095,2.900006
0.155913,-0.430204,0.039741,1.397298,0.179368,1.696845
0.141910,-0.492245,0.017129,0.782376,-0.482270,2.631628
0.113566,-0.561156,0.034496,1.142607,0.257638,4.486745
0.114006,-0.612251,0.050127,0.568328,-1.982052,6.542547
0.110077,-0.627127,0.037808,0.173697,-1.404060,6.202828
0.107537,-0.676685,0.060729,0.888382,-1.420804,8.839181
0.102104,-0.721645,0.039492,-0.441022,-1.481703,11.013368
0.088919,-0.744175,0.054017,0.115801,-1.147725,10.899444
0.099688,-0.722610,0.047363,-0.133119,0.065783,10.682196
0.089480,-0.726549,0.032904,0.312337,1.994750,10.007145
0.057594,-0.728239,0.060197,-0.044835,-0.290680,11.460123
0.044373,-0.710045,0.015881,-0.267197,1.896740,10.377367
0.065777,-0.657660,0.037384,0.881538,2.379098,10.041780
0.110002,-0.610478,0.042436,-0.126019,1.489304,12.104744
0.076360,-0.557982,0.027271,0.171908,2.311785,11.920900
0.076124,-0.499214,0.044862,1.034421,1.570889,9.956790
0.101247,-0.433026,0.024146,0.337589,1.431530,6.861010
0.085587,-0.362700,0.041944,1.032025,0.224377,6.570542
0.057049,-0.258778,0.016955,0.219690,-0.701074,6.657702
0.051853,-0.166469,0.031282,0.279109,-1.683117,2.956663
0.065922,-0.045610,0.022348,-0.210201,-2.591322,0.950953
0.015658,0.042796,0.018163,0.189912,-1.394305,-0.916241
0.009621,0.131750,0.034509,-0.283974,-2.049778,-2.276521
0.043499,0.223924,0.010833,-0.883840,-1.722753,-5.687852
0.029047,0.332284,0.020877,0.120317,-0.705010,-7.739506
0.012273,0.410682,0.005427,-0.565620,-0.580625,-6.320469
0.030882,0.448407,-0.005596,-0.748337,0.628566,-6.841563
0.029352,0.525978,0.021028,-0.122757,0.758268,-8.353088
0.034266,0.610694,-0.022674,-0.714256,2.971767,-9.255195
0.046506,0.628781,0.020001,-0.029792,1.856864,-7.852763
0.033291,0.664031,-0.012161,-1.117845,2.641357,-7.902043
0.032093,0.717534,0.017742,0.510340,2.192750,-10.772211
0.058707,0.762799,-0.021765,-0.845941,1.343914,-9.714265
0.053113,0.751777,-0.004023,-0.392744,0.588117,-8.004787
0.046148,0.767244,-0.035203,-0.940971,0.120576,-7.529829
0.035004,0.791931,-0.026777,-0.663526,-0.041488,-10.162309
0.037542,0.774508,-0.004647,-0.576075,-1.564316,-10.353386
0.025895,0.749066,-0.036822,-1.365761,-1.657396,-8.273485
0.038402,0.742724,-0.016247,-1.332044,-2.034515,-7.777633
0.045236,0.717731,-0.028845,-2.183104,-2.050333,-7.804256
0.040650,0.681408,-0.007568,-1.436304,-0.875388,-6.616706
0.044602,0.646141,-0.035249,-1.864924,-0.503832,-4.370503
0.042885,0.575756,-0.036001,-2.190001,0.428915,-4.245838
0.042012,0.524192,-0.001985,-1.416015,0.653175,-4.339896
0.016235,0.454276,-0.032492,-1.539730,1.282287,-1.674779
-0.023393,0.338459,-0.007047,-1.026484,1.160548,2.505881
0.015182,0.272376,-0.013158,-1.748841,2.156170,5.511473
0.046562,0.226728,-0.026075,-0.874261,2.247675,5.684384
0.023368,0.183649,-0.016008,-0.336920,2.470461,7.458890
0.000654,0.108172,-0.049101,-1.666579,1.777147,8.641780
0.008177,0.094931,-0.023823,-1.089415,0.125277,6.847064
-0.032226,0.107844,-0.021499,-1.476044,-1.359984,4.948044
-0.062330,0.041296,-0.040895,-1.400459,-0.578888,3.287603
-0.074357,-0.026234,-0.049242,-1.478371,-2.707628,3.680880
-0.110906,-0.055543,-0.052892,-1.252657,-1.794037,2.275355
-0.123134,-0.076432,-0.019631,-0.496774,-3.262262,3.779320
-0.123990,-0.102173,-0.055085,-1.626090,-2.625528,5.715526
-0.137113,-0.127123,-0.035180,-0.160594,-1.776972,4.900247
-0.165858,-0.103286,-0.033053,-0.671443,-0.577572,3.273820
-0.161994,-0.122586,-0.031882,-0.502203,-0.123709,1.899595
-0.152666,-0.134997,-0.031159,-0.377576,0.206786,2.972624
-0.167099,-0.147077,-0.018007,-0.040844,1.377215,2.701215
-0.131320,-0.150602,-0.002248,1.093144,1.153412,2.405849
-0.116733,-0.175959,-0.048136,0.428161,2.162000,3.536538
-0.128691,-0.189322,-0.027710,1.821369,1.878480,3.971346
-0.105464,-0.173723,-0.029843,1.478252,1.682239,3.564479
-0.074498,-0.142025,-0.050375,1.019404,1.320179,1.454862
-0.087444,-0.098411,-0.016395,1.315693,-0.454359,1.753005
-0.113848,-0.093839,-0.024775,0.590953,-1.182857,0.880395
-0.096037,-0.099639,-0.031192,1.273221,-1.771536,-1.915225
-0.063239,-0.055618,-0.036743,0.343976,-2.389842,-2.889558
-0.043630,-0.051840,-0.042034,0.117383,-1.970898,-2.988852
-0.023994,-0.055854,-0.022290,0.533074,-2.118696,-1.660458
-0.031156,-0.033809,-0.059333,-0.467045,-2.444298,-0.618195
-0.041555,0.011780,-0.036188,-0.143026,-1.518155,-0.259770
-0.014268,0.040150,-0.008376,-0.793254,-0.834216,0.778068
-0.012062,0.018263,-0.009439,-0.805271,0.154609,1.256841
-0.013234,0.035365,0.012540,-1.017868,-0.579903,1.317625
-0.029203,0.033681,-0.017583,-0.948087,1.617503,1.596288
-0.036280,0.024769,0.030298,0.106820,0.724095,3.799743
-0.008311,0.028150,-0.013799,-0.626322,2.315441,5.598343
0.000365,0.043702,0.031122,-0.038835,1.902451,3.943888
0.014089,0.073513,0.026598,-0.253936,1.541399,3.730730
-0.021332,0.096080,0.015015,-0.804736,1.078792,4.531703
-0.062156,0.140143,0.023913,-0.644451,-0.686001,5.980252
-0.064798,0.211684,0.008076,-2.073825,-0.218657,3.698027
-0.045707,0.254123,0.035041,-1.124619,-1.476796,1.512061
-0.053664,0.273709,0.010836,-1.927474,-1.583032,0.976632
-0.087079,0.268224,0.035582,-1.500570,-1.719418,-0.834480
-0.060849,0.304167,0.010682,-1.971026,-1.936357,-1.185501
-0.025209,0.350249,0.014279,-1.974886,-0.624140,-1.458170
-0.042757,0.395064,0.042833,-1.853206,-2.262146,0.354783
-0.032791,0.422591,0.002482,-2.510596,-0.057276,-0.457099
-0.012174,0.441498,0.030885,-1.851210,0.285233,-2.221003
-0.039625,0.493981,0.017710,-2.223120,1.430965,-1.572345
-0.066666,0.510005,0.029415,-1.864983,1.628600,-0.618410
-0.014741,0.531016,0.026175,-1.887310,1.799218,-1.952763
0.024684,0.580857,0.039101,-1.990569,2.320788,-4.929000
0.030721,0.602672,0.059387,-1.354170,0.931998,-6.075191
0.064720,0.618434,0.001895,-1.792986,3.471016,-5.745575
0.069243,0.621277,0.043533,-1.481864,0.879430,-6.350177
0.060998,0.667389,0.012464,-1.708300,0.929047,-9.316156
0.065751,0.670648,0.034617,-0.188629,-0.169513,-10.755315
0.088623,0.643522,0.020270,-0.914268,-2.153336,-9.649924
0.060443,0.592122,0.022833,0.090181,-1.555647,-10.915097
0.082314,0.573465,0.000943,0.711012,-1.933252,-10.204107
0.108551,0.527356,-0.005770,0.922640,-1.159877,-9.688061
0.117679,0.460418,0.027353,1.465076,-1.769422,-9.131644
0.144135,0.406720,-0.001722,0.765434,-0.833924,-9.664517
0.140472,0.322962,0.014588,2.074526,0.141833,-9.670234
0.132657,0.236467,0.019170,1.377235,0.093864,-5.488196
0.101093,0.144936,-0.014238,1.629454,2.905794,-1.323145
0.097732,0.057977,0.033620,1.516860,0.788257,0.583785
0.162698,-0.036911,0.021888,0.778394,1.318922,1.222104
0.125140,-0.115628,0.026950,1.381440,2.944783,2.532030
0.086847,-0.212565,0.015254,0.249705,1.889574,3.690125
0.147018,-0.295699,0.003474,-0.558041,2.383647,2.674842
0.155808,-0.324499,0.005043,-0.063134,1.512570,3.638557
0.112214,-0.410420,-0.013766,-0.669440,0.868424,5.255618
0.125669,-0.512553,0.022909,-1.070075,-0.738779,6.012048
0.149949,-0.560900,-0.002944,-1.835982,-0.752056,6.176437
0.119179,-0.600483,0.006566,0.130684,-0.580772,6.451328
0.126227,-0.672566,0.009031,-0.472996,-2.603742,9.926096
0.155112,-0.766270,-0.028885,-0.298692,-0.716918,10.173134
0.129499,-0.750399,0.013511,0.610504,-1.726812,10.078599
0.129746,-0.765823,0.009359,0.116474,-0.869466,10.700621
0.159668,-0.804293,0.032868,0.808524,-2.169649,12.296285
0.152759,-0.751023,-0.014708,0.709896,1.286243,12.872447
0.135533,-0.715454,0.028089,1.422281,1.355558,10.977603
0.221395,-0.680020,-0.005835,0.644024,2.124354,11.790923
0.201546,-0.632796,-0.016490,0.796215,2.484474,11.978366
0.173514,-0.550216,-0.004920,1.107163,2.746530,10.724243
0.225137,-0.487046,-0.022773,0.203843,2.777582,6.331355
0.212420,-0.399726,-0.013644,0.840179,1.610961,5.685728
0.160541,-0.328829,-0.022382,-0.244890,1.583136,4.980333
0.172378,-0.249095,-0.019723,0.363001,0.559566,2.349346
0.185603,-0.122393,-0.038256,-0.538517,0.238951,-0.967455
0.158116,-0.042206,0.005338,0.099339,-0.589047,-1.740809
0.186384,0.013080,-0.020954,-0.424006,-1.291788,-0.405162
0.195946,0.092000,-0.029692,0.029729,-1.226001,-2.836110
0.170536,0.201830,-0.025733,0.680764,-0.828777,-3.288869
0.195588,0.261472,-0.035072,-0.080617,-0.153235,-3.379192
0.255673,0.328503,-0.027319,0.236099,-0.691141,-3.829306
0.194678,0.425745,-0.029544,-0.128551,1.351106,-6.745939
0.202041,0.483523,0.002400,0.363329,2.092796,-9.832033
0.259950,0.524990,-0.028455,-0.614693,1.281039,-7.975593
0.225881,0.578497,-0.021617,-0.121730,2.361214,-7.210928
0.251576,0.599311,-0.000492,0.785612,3.843196,-8.126327
0.315127,0.630093,-0.033546,-0.470387,2.386591,-8.507211
0.267755,0.635066,-0.028067,0.210837,2.066583,-6.963622
0.228918,0.636868,-0.026436,0.293269,2.052150,-6.233073
0.268609,0.631406,-0.049718,-0.390627,1.372324,-8.703410
0.275485,0.657269,-0.024942,-0.141254,-0.708273,-8.330692
0.197715,0.641946,-0.035226,-0.868337,0.212616,-7.059602
0.211419,0.591364,-0.038519,-0.108856,-0.799400,-5.003711
0.232728,0.593179,-0.036487,-1.855225,-2.764622,-4.422286
0.176313,0.584228,-0.013825,-1.340286,-0.700276,-3.715486
0.196011,0.544084,-0.006288,-1.876682,-0.020090,-1.593257
0.244181,0.492041,-0.041785,-2.916644,0.853325,-1.048407
0.160078,0.479804,0.018826,-2.641805,0.002274,-2.112470
0.149827,0.451450,-0.004614,-2.824660,1.342910,-1.432647
0.207214,0.395619,-0.011258,-2.649151,1.574644,0.483012
0.193707,0.384084,0.004419,-2.741273,2.603770,2.134029
0.219024,0.354513,-0.013795,-2.460319,4.410188,1.403648
0.281355,0.324387,-0.025340,-2.299056,2.794040,2.616852
0.205570,0.279667,-0.032824,-2.300307,3.092128,4.226983
0.149036,0.244102,0.007554,-1.495344,1.145800,3.365959
0.211586,0.250121,0.002535,-1.975178,0.397237,1.615459
0.176100,0.240149,0.014535,-1.234039,-0.344256,1.618357
0.116281,0.193224,0.024563,-0.505696,-2.635234,1.965035
0.135907,0.152732,-0.019408,0.039307,-0.562102,0.010405
0.130303,0.146252,0.024737,0.395038,-2.332797,0.749325
0.138244,0.120629,0.020487,0.114757,-1.350698,1.826701
0.178096,0.095039,0.021222,1.060578,-0.914094,2.125614
0.180695,0.084184,-0.018630,0.396210,-0.363672,-0.362202
0.142018,0.089630,0.022062,1.003372,0.288466,-1.161270
0.139964,0.062287,0.016078,0.298603,1.017227,-0.233443
0.168800,0.018362,-0.002212,0.753306,2.134703,-1.003801
0.175851,0.015414,0.022689,0.735358,1.736481,-2.219809
0.126427,-0.022698,-0.002714,0.320389,2.936669,-2.944090
0.137531,-0.110208,0.025843,1.489262,2.377876,-0.801329
0.152309,-0.155975,0.004458,0.599629,0.542252,1.557938
0.130254,-0.165409,0.022958,1.222216,1.688650,1.063117
0.144402,-0.191557,0.033784,0.771980,0.239581,1.741450
0.140190,-0.241949,0.018300,0.351644,-0.826837,2.565303
0.072542,-0.254140,0.037526,1.371140,-0.692802,2.437274
0.069053,-0.268533,0.014795,0.282096,-1.494665,0.213235
0.130704,-0.296132,0.023326,0.289642,-2.445204,0.022628
0.090021,-0.300111,0.027015,0.408782,-1.941251,2.347021
0.024750,-0.323235,0.013751,0.308437,-0.608273,2.583401
0.087786,-0.319349,0.028650,-0.407528,-2.508722,2.959921
0.083168,-0.294852,0.015044,-0.560782,-0.261657,3.717889
0.053199,-0.310394,0.042164,0.538297,0.986175,4.953240
0.103778,-0.315610,0.005844,-0.866803,0.886034,4.781859
0.081261,-0.305445,0.038688,-0.224686,1.293044,3.783767
0.050836,-0.283387,0.025830,0.570872,2.947061,6.661208
0.082538,-0.280485,-0.003452,-0.261824,2.729035,8.638313
0.093645,-0.245579,0.016974,-0.243455,0.141220,9.723606
0.056547,-0.196244,0.007429,-0.770099,1.924499,8.530132
0.070970,-0.166689,0.036308,-0.221978,1.480776,8.637517
0.090104,-0.123542,0.015356,-0.865917,0.321672,9.190861
0.050537,-0.030143,0.017877,-0.702268,-0.152237,6.078762
0.050849,0.079297,0.031387,-0.835332,-0.580700,3.173914
0.067819,0.145724,0.019833,-1.822111,-2.257744,1.771104
0.033954,0.205851,0.024061,-1.532981,-2.256946,0.614001
0.003788,0.263018,-0.014448,-1.881051,-1.414049,-1.776358
0.057007,0.314710,-0.000551,-1.691821,-1.716585,-3.625053
0.049188,0.392067,0.013262,-1.250514,-2.265021,-2.419520
0.000279,0.439522,-0.006968,-1.074231,0.974470,-1.548572
0.044802,0.513806,0.008867,-1.078226,0.106406,-2.590783
0.051850,0.579639,-0.025153,-1.492348,0.486410,-4.487767
-0.017577,0.613980,0.009828,-0.014864,1.778066,-4.200782
0.013928,0.638267,0.008230,-1.281953,0.176781,-5.804719
0.049040,0.674410,-0.023127,-0.848672,1.541793,-8.047934
-0.010083,0.732292,-0.010444,-0.184172,2.282294,-6.844427
-0.010185,0.718211,-0.036966,-0.266062,3.431315,-6.937703
0.025219,0.728777,-0.017669,-0.327227,-0.048283,-8.432476
-0.019360,0.789978,-0.026843,-0.978249,0.283982,-10.035525
-0.029174,0.793887,-0.012105,-0.167891,0.014878,-12.160816
0.018054,0.787326,-0.025986,-1.875655,-1.442544,-11.429297
-0.017324,0.747674,-0.039464,-1.486978,-0.908314,-12.941038
0.003053,0.734843,-0.029000,-0.918827,-0.698369,-13.548636
0.039074,0.668167,-0.032269,-1.023399,-1.442367,-12.636714
0.025679,0.584976,-0.025162,-0.030984,-1.741397,-9.871213
0.008318,0.512664,-0.050532,-0.464452,-0.759951,-9.237121
0.012287,0.441567,-0.018834,0.162562,-1.219102,-8.404611
0.018546,0.369373,-0.022297,-0.181611,-1.061502,-5.327327
0.009437,0.278311,-0.019736,1.125242,2.135648,-1.865283
0.041655,0.200806,-0.017176,0.085359,0.558430,-0.312642
0.066480,0.118650,-0.037705,-0.056501,1.191951,0.007427
0.033783,0.045928,-0.024174,0.917481,3.061903,2.353288
0.060407,-0.057020,-0.044053,-0.067806,3.940025,4.524121
0.096718,-0.141099,-0.009446,-0.206173,-0.144362,3.986830
0.092982,-0.193284,-0.041066,0.099625,1.160883,4.024444
0.058651,-0.269164,-0.015029,0.029102,0.693126,6.489264
0.078142,-0.351143,-0.050007,-1.225879,1.269348,7.747231
0.079656,-0.400314,-0.016067,-0.835426,-1.247941,6.892235
0.053521,-0.421187,-0.040304,-1.016637,-0.590084,7.646063
0.065347,-0.490223,-0.026035,-0.502453,-1.381159,8.717400
0.084402,-0.521659,-0.022799,-0.748626,-1.831243,9.138613
0.025948,-0.530820,-0.031353,-0.142084,-0.449429,7.542119
0.039485,-0.569881,-0.007588,0.055821,-1.495250,7.362534
0.076550,-0.598268,-0.026626,-0.417299,-1.003304,8.806835
0.033849,-0.606661,0.012481,1.294407,-0.610107,8.953710
0.079541,-0.605000,-0.012663,0.880544,1.258998,8.665007
0.106916,-0.618051,-0.005842,1.546104,0.946550,8.726744
0.077489,-0.603887,0.002505,1.522270,0.404629,10.985701
0.099180,-0.575875,-0.017485,1.633226,3.434080,9.889586
0.152660,-0.503602,-0.006951,1.681632,2.073273,8.389742
0.137492,-0.451946,-0.021427,1.013824,2.096013,6.924808
0.073928,-0.421456,0.005236,1.630052,0.948486,5.090737
0.086247,-0.363987,-0.040997,0.448109,0.335868,2.102152
0.091682,-0.254600,-0.014439,-0.015920,0.701584,-0.316981
0.070790,-0.173943,0.008125,-0.038628,-2.278991,-0.523569
0.110281,-0.119219,-0.029157,-1.134608,-1.054310,-1.680271
0.096662,-0.051732,0.005991,-0.719399,-1.925118,-4.024737
0.083749,0.041309,-0.000610,-0.971796,-2.289735,-4.560173
0.098713,0.090858,-0.011970,-1.063642,-1.153131,-4.559714
0.146423,0.139388,-0.003173,-0.317432,-0.736094,-3.861825
0.139067,0.215019,-0.024187,-0.341210,-0.047774,-5.629393
0.128137,0.234753,0.014831,0.439141,0.168523,-6.235302
0.174108,0.249137,-0.018548,0.080672,1.104677,-3.689012
0.148767,0.284715,-0.000577,1.175608,2.266184,-2.760533
0.138628,0.341222,0.034719,1.071893,2.142190,-3.526231
0.183495,0.394848,0.010360,0.351092,1.937419,-4.237063
0.177393,0.435517,0.016722,1.147615,1.696038,-2.433669
0.146263,0.459531,0.013314,0.345348,1.288596,-2.674089
0.168383,0.459420,-0.004864,0.775636,1.142153,-4.597079
0.185271,0.497345,0.019370,-0.025210,0.071399,-2.763157
0.126023,0.489411,0.026966,-0.324735,0.181800,-1.986441
0.136829,0.485929,0.049060,-0.357665,-0.444679,-2.419848
0.178046,0.501494,-0.001411,-1.771431,-0.948291,-3.753810
0.141070,0.516400,0.038146,-1.428304,-1.153509,-2.660221
0.126863,0.514479,0.022755,-2.877169,-0.746549,-0.435447
0.169092,0.509543,0.043024,-2.706574,-0.414740,-0.967437
0.184683,0.546050,0.039863,-3.325668,-0.648391,-1.156663
0.176156,0.522511,0.031017,-3.354232,1.210231,-1.460683
0.188439,0.490196,0.022505,-2.902660,1.344180,0.522974
0.168586,0.469142,0.012668,-3.210218,1.957734,-0.348047
0.160505,0.483966,0.043293,-2.790155,1.293582,-0.987253
0.202113,0.478405,0.013347,-3.104412,2.111585,0.076218
0.202143,0.456035,0.027481,-1.601085,1.799172,1.262535
0.179435,0.439725,0.016232,-1.224580,3.566184,-1.027928
0.185310,0.433669,0.034693,-0.705222,1.544426,-2.947807
0.206469,0.430465,0.012704,-1.142243,0.806914,-1.003428
0.200420,0.396522,0.021754,0.290082,0.815560,-1.739987
0.217442,0.377923,0.033429,0.115056,-0.132674,-3.956364
0.215240,0.335577,0.015130,0.578982,0.242374,-5.729475
0.185629,0.317920,0.017027,1.251189,-0.920814,-3.912110
0.178014,0.305651,0.007157,0.690306,-0.776015,-2.691086
0.202970,0.278909,0.012720,1.583966,-0.748738,-4.793782
0.211363,0.271809,-0.003393,0.802306,-0.849936,-4.859805
0.154354,0.220701,0.005699,0.627106,0.240063,-4.234678
0.163085,0.153030,0.004544,0.670713,0.640800,-2.869022
0.207976,0.114823,-0.001007,-0.064343,0.658653,-3.757179
0.171508,0.087605,0.024120,0.584205,0.731540,-2.519336
0.170553,0.022251,0.013511,-0.572178,2.784413,-0.239173
0.217869,-0.058549,0.018048,-0.109483,1.918164,-0.738180
0.250762,-0.056429,0.019699,-0.213904,1.792132,-0.156788
0.239894,-0.114541,0.003470,-0.081126,3.222244,0.379911
0.295105,-0.177429,-0.027936,0.051649,6.688325,2.865011
0.234242,-0.243705,-0.022792,-0.105422,0.587989,2.261407
0.189496,-0.280491,0.002630,1.191571,0.617564,2.236138
0.251242,-0.337012,-0.008159,0.196733,-0.967696,3.610327
0.254872,-0.400724,0.000930,0.826551,-1.841196,5.761169
0.178864,-0.452544,0.008995,1.346952,-1.255625,6.510624
0.190983,-0.475961,-0.019014,0.935439,-0.398879,6.307215
0.212164,-0.496049,0.006280,1.264215,-1.752068,8.103186
0.180207,-0.513535,-0.011015,0.849928,-0.500841,9.756261
0.204047,-0.512960,0.016062,1.606415,-0.182136,7.851272
0.217022,-0.511322,-0.026718,0.437887,1.429459,7.795008
0.139465,-0.537664,-0.006426,0.360481,1.653318,8.842594
0.126985,-0.524787,-0.001178,0.476558,1.980495,12.125961
0.140213,-0.489895,-0.020514,-0.454545,2.983476,10.259743
0.128800,-0.440484,0.019377,-0.106574,1.888110,8.508637
0.099875,-0.396276,-0.011609,-1.198904,2.386184,9.241746
0.083306,-0.367112,-0.011836,-1.100208,1.747704,8.884950
0.078579,-0.278808,-0.011412,-1.657654,-0.294041,7.926966
0.046434,-0.185179,-0.034914,-2.305992,0.699241,5.153031
0.058743,-0.105334,-0.008832,-1.614782,-0.341988,4.244642
0.072467,-0.031955,-0.027391,-2.283477,-1.429985,2.443744
0.016347,0.048832,-0.013579,-1.007249,-1.830777,-0.799367
0.011450,0.151192,-0.031678,-1.587016,-1.233052,-1.487610
0.013426,0.220494,-0.041361,-1.363236,-1.976583,-1.268633
0.011748,0.311579,-0.021243,-0.747070,-1.240897,-2.148196
-0.016740,0.414093,-0.033362,-0.461252,0.178793,-5.903817
-0.001395,0.473541,-0.011550,0.001713,-1.284406,-7.103463
-0.032860,0.525915,-0.044194,-0.143046,0.410271,-6.513531
-0.063833,0.579344,-0.006187,1.282589,0.195741,-6.578292
0.004524,0.640601,-0.014462,0.477289,0.883877,-7.454072
0.019853,0.686010,-0.020357,0.678679,1.816868,-7.426405
-0.033093,0.706341,-0.021263,0.921662,2.943121,-6.664240
-0.012443,0.736832,-0.031534,0.176017,2.896222,-7.993221
0.028361,0.784765,0.005381,-0.228609,0.393928,-9.154659
-0.005895,0.831799,-0.027998,-0.983797,0.992162,-8.384518
-0.055174,0.821844,-0.004388,-1.160500,-0.157607,-9.660833
-0.048120,0.805766,-0.002441,-1.672039,-2.046362,-10.483260
-0.095243,0.799064,-0.044394,-2.459492,-1.671708,-11.844446
-0.083955,0.768727,-0.016372,-1.137736,-2.048088,-11.607384
-0.036582,0.703249,-0.029709,-2.026749,-2.128163,-10.217536
-0.019524,0.635953,-0.060271,-0.031158,7.361135,-10.516723
-0.041844,0.579954,-0.013214,-1.449374,-1.629305,-8.463360
0.003388,0.485623,-0.032709,-1.519392,0.217204,-5.221293
0.015516,0.399335,0.012737,-0.506507,-0.142150,-3.396965
-0.008947,0.311611,0.015356,-0.703644,0.348075,-3.020265
-0.035168,0.203636,0.041126,0.479094,-0.179613,-1.757303
-0.020895,0.117754,-0.001266,-0.009198,1.353591,3.072199
-0.024861,0.021611,0.016078,0.160124,1.756278,5.325657
-0.010648,-0.040506,0.037929,1.107045,0.266688,5.090780
0.014762,-0.121946,-0.009718,0.344419,1.929528,4.703549
-0.020725,-0.196586,0.026749,0.798308,0.260684,6.576647
-0.047184,-0.245878,0.009631,-0.331979,0.165657,6.490562
0.002502,-0.285303,0.009142,-0.558671,-0.614552,4.564165
0.023943,-0.289108,0.006730,-0.973279,-1.454931,6.230782
-0.029023,-0.342086,-0.000062,-1.150455,-1.122128,6.949947
-0.018194,-0.407138,0.018123,-1.071887,-1.865282,5.908237
0.000890,-0.405684,-0.019924,-1.915939,-1.874867,5.155955
-0.023758,-0.394907,0.009822,-1.299445,-1.704344,6.029516
-0.016743,-0.419926,0.042636,-1.247717,-4.825723,6.637822
0.013793,-0.423497,-0.031333,-1.538620,0.353393,4.724738
-0.032801,-0.426639,-0.005034,0.233276,-0.094010,3.287934
-0.019317,-0.418269,-0.000698,-0.481731,1.100486,5.072226
0.030668,-0.439575,0.016715,0.652427,1.413621,6.824882
0.044317,-0.423836,0.028830,0.944213,0.621437,7.865625
0.024701,-0.413496,0.018382,1.190202,2.365390,5.999571
0.037483,-0.412557,0.039462,2.516767,-1.166353,5.940924
0.034739,-0.356470,-0.009403,2.022159,0.621870,6.249226
0.018336,-0.316641,0.002180,2.781308,1.479417,2.815305
0.074295,-0.261233,0.027465,2.972277,-1.278573,-1.302435
0.049808,-0.226131,-0.021125,1.822728,-0.414366,-1.044620
-0.006495,-0.218174,0.008926,2.007811,-1.237683,-0.713840
0.051466,-0.164083,-0.009604,2.230236,0.939180,-1.126426
0.073544,-0.121395,0.010810,1.175766,-1.417784,-2.428901
0.069319,-0.092345,0.033718,1.130846,-1.438204,-0.910612
0.053708,-0.083548,0.006772,0.158886,-0.911856,-0.812629
0.063965,-0.063653,0.009093,0.080564,-1.255264,-1.978761
0.048801,0.003509,0.035704,-0.697436,-1.257509,-0.255364
0.061047,0.032082,0.005568,-1.218973,1.545361,0.861227
0.143660,0.048787,0.018123,-0.885740,1.800492,0.575452
0.148012,0.072135,0.011332,-1.463357,2.624804,-0.748159
0.088771,0.078302,0.024160,-0.542302,2.697540,-0.494122
0.087684,0.103026,0.010990,-1.573250,1.871928,2.253358
0.090248,0.146784,0.014256,-1.722637,1.380691,2.094251
0.077968,0.188569,0.052326,-0.779524,0.437666,0.751253
0.069933,0.205211,0.011457,-1.153951,0.157182,-0.217368
0.039475,0.204043,0.031253,-0.984916,-1.035643,0.079856
0.002006,0.255712,0.024373,-1.303378,-1.246067,0.794625
0.034597,0.311113,0.028588,-0.527285,-1.587641,-1.120825
0.097236,0.356535,0.043940,-0.874156,-2.835703,-0.507921
0.044924,0.365086,0.004163,-1.034608,0.187951,-0.641770
0.016268,0.365437,0.021320,-0.456338,-0.603270,-1.205559
0.054033,0.395632,-0.011087,-0.998971,-1.051858,-1.470501
0.007865,0.438619,0.019653,-0.233264,-1.314667,0.956720
0.000522,0.483355,-0.011928,-1.222938,1.427269,1.744842
0.012529,0.506447,0.013951,-1.446998,0.553008,-1.230593
0.034072,0.533698,-0.001732,-2.058995,0.987803,-2.573094
0.027852,0.548177,-0.017271,-1.509026,2.659893,-1.676309
0.035438,0.570698,0.016144,-2.528417,0.779906,0.219670
0.055188,0.633770,0.001754,-3.564475,1.873884,-2.710984
0.069841,0.676842,0.003841,-2.687707,1.821700,-5.315947
0.074039,0.674374,-0.019280,-2.690221,2.420948,-6.501045
0.050501,0.628787,0.003713,-1.828158,0.402144,-7.719204
0.022308,0.645455,-0.033815,-2.406697,0.930741,-8.382008
-0.006499,0.636087,0.011778,-0.989590,-1.561749,-7.748921
0.032930,0.611584,-0.005491,-0.855949,-1.762966,-5.277759
0.072047,0.563729,-0.015584,0.124079,-1.279656,-6.303516
0.074305,0.515129,0.002830,0.603489,-1.931749,-8.856101
0.079101,0.460441,-0.028803,0.794904,-0.411163,-9.531793
0.098730,0.396863,-0.017879,1.851829,0.091389,-6.072493
0.112365,0.354641,-0.010007,1.607679,0.695485,-4.294746
0.134813,0.304882,0.004271,2.211608,1.798641,-6.362997
0.159044,0.232974,-0.001998,1.628250,0.393153,-4.033599
0.129381,0.097147,-0.032837,1.199928,2.166159,-1.651759
0.107576,0.022809,-0.004493,1.870727,2.264927,0.805048
0.148445,-0.021927,-0.015679,0.849485,2.986982,0.665313
0.189594,-0.080532,0.024941,0.783160,1.141250,1.812741
0.155756,-0.134206,-0.014534,-0.774111,1.236110,2.903925
0.116304,-0.211045,-0.000761,-0.619255,0.492526,1.637442
0.151383,-0.263193,0.003510,-1.573998,-0.874679,1.768804
0.123056,-0.320258,-0.013057,-1.798346,-0.754522,3.704596
0.099120,-0.383383,0.007120,-1.070049,-1.227012,5.250267
0.146433,-0.432905,-0.006045,-2.041325,-1.080645,4.808029
0.158569,-0.489599,0.012684,-0.772184,-0.802573,5.091341
0.132608,-0.535334,0.017296,-0.947387,-2.175902,9.531053
0.132539,-0.586441,-0.005185,-0.717029,-0.785875,11.749378
0.151712,-0.589031,0.002860,0.389294,0.469152,11.509846
0.135201,-0.584961,0.004790,0.005859,0.797232,9.580369
0.155542,-0.600014,0.024862,1.483094,1.340659,9.323400
0.151311,-0.602732,0.000549,0.882500,0.621070,9.933428
0.110383,-0.599358,0.017247,1.625201,1.661507,10.510982
0.103604,-0.553748,0.020388,2.256781,1.200361,11.451857
0.101366,-0.528513,-0.006695,1.691650,1.028752,11.925253
0.100873,-0.484810,0.024402,1.864681,-0.375886,10.741602
0.107789,-0.408503,-0.000098,0.778240,0.964744,6.947623
0.105524,-0.346501,0.014010,1.481056,0.052633,3.945458
0.069224,-0.270099,0.015077,0.037810,-0.549372,5.782532
0.024678,-0.206495,0.006123,-0.144093,-0.917761,4.597308
0.070501,-0.089700,0.005460,-1.229040,-1.985577,2.137395
0.042997,-0.018041,0.013344,-1.411511,-2.031531,-0.508390
-0.016471,0.046128,0.018238,-1.628372,-1.224212,-0.308035
0.004277,0.103643,-0.006344,-1.969371,-1.062434,-2.543731
-0.001112,0.201620,0.014453,-1.468570,-1.460899,-4.855629
-0.056904,0.282227,0.006743,-2.033865,0.066396,-5.673257
-0.055693,0.320806,0.014345,-0.738211,0.587142,-5.075184
-0.025429,0.400736,-0.007966,-1.468504,0.681118,-5.097315
-0.048993,0.458671,0.010469,-1.221031,0.317046,-7.867717
-0.035647,0.488059,0.027642,0.212206,1.169906,-7.195950
-0.026620,0.506736,-0.006072,-0.116872,1.337067,-6.571696
-0.079316,0.536272,0.037014,0.507461,0.222676,-7.708317
-0.064198,0.598510,0.000680,0.742733,1.030921,-9.892698
-0.034360,0.620676,0.026920,1.598218,-0.098025,-9.905083
-0.062218,0.627408,0.026602,1.044547,-0.985707,-8.254758
-0.112715,0.602547,0.011663,1.030196,-0.930924,-9.643624
-0.096149,0.603010,0.014880,1.469468,-1.959751,-8.755593
-0.088819,0.585446,-0.001483,0.157428,-2.295443,-6.452046
-0.104138,0.542584,0.016200,0.881337,-0.951902,-5.775214
-0.055246,0.540965,0.002325,-0.264943,-2.217413,-6.602755
-0.049968,0.506162,-0.028205,-1.084754,-1.009659,-6.034420
-0.113116,0.465866,0.011069,-1.057917,-0.744724,-3.222608
-0.080826,0.441980,0.003552,-2.711911,-0.345409,-1.627887
-0.049400,0.414959,0.011903,-3.192178,0.347888,-2.497713
-0.050516,0.383750,0.024878,-2.882966,1.038825,-2.865802
-0.046111,0.289636,-0.005094,-3.075507,1.751521,-1.774515
-0.056894,0.186754,0.018806,-2.545298,1.257170,0.514971
-0.052305,0.128300,-0.001578,-2.732151,1.281384,2.842382
-0.039894,0.104811,0.025433,-1.359422,1.215644,5.335572
-0.006597,0.065228,0.010711,-1.731933,0.395028,7.345102
-0.022944,0.017620,-0.012335,-0.990784,0.749948,4.630292
-0.075587,-0.016373,0.004406,0.008570,-1.079539,1.835111
-0.062973,-0.057381,-0.006364,-0.432284,-1.598292,0.431085
-0.044687,-0.107589,0.014210,0.921410,-2.030839,1.629767
-0.094553,-0.123587,0.011995,0.635493,-2.376775,2.346205
-0.057222,-0.144398,0.022925,1.349357,-2.041638,2.356486
-0.020459,-0.182757,0.027238,1.236711,-2.322139,3.750700
-0.067979,-0.233533,-0.017839,1.521554,-0.118224,3.766330
-0.067010,-0.243879,0.007751,1.940016,-1.578450,2.255463
-0.017620,-0.227165,-0.042421,0.903238,0.454243,0.933944
-0.031521,-0.226804,0.011696,1.583596,1.048006,2.242918
-0.063291,-0.246938,0.005095,0.681014,1.800827,3.222102
-0.028678,-0.267273,0.003155,0.466589,0.977943,1.740932
-0.022970,-0.263538,0.003142,-0.066591,0.909842,3.797423
-0.044293,-0.280938,0.017109,-0.281397,1.194978,3.283508
0.020204,-0.278568,0.020339,-0.392947,0.360972,1.638045
0.020112,-0.267257,0.002985,-0.231225,1.447906,-0.630101
-0.026879,-0.243554,0.032392,-0.458432,-1.475841,-0.311902
-0.025517,-0.235876,-0.013884,-0.640824,-0.928038,0.030637
-0.009249,-0.233697,0.006346,-0.457615,-2.482548,1.227539
0.006562,-0.215666,-0.005067,-0.523227,-1.326509,0.076733
0.017086,-0.211324,0.023395,1.014874,-1.794999,-1.206025
0.022659,-0.215512,0.013705,0.474306,-2.401459,0.254598
-0.008596,-0.243354,-0.006735,1.027895,-1.050739,-0.188751
0.033544,-0.224050,0.011585,1.507341,-0.556131,-0.381276
0.075628,-0.205947,-0.009551,1.883509,0.925624,0.721477
0.068817,-0.215640,0.036465,2.409792,-0.293920,4.353246
0.043749,-0.219730,0.004248,1.547873,1.560973,5.253743
0.039252,-0.199372,0.027577,2.404281,1.621182,5.236585
0.038960,-0.154790,0.012527,1.359940,1.364460,7.057574
0.028873,-0.138073,-0.009607,0.727867,2.146162,6.350585
0.064819,-0.094423,-0.004910,0.863196,1.566776,4.980636
0.058431,-0.031190,0.006858,-1.384575,0.550533,3.088539
-0.011570,0.019950,0.024133,-0.993798,-1.607457,3.877449
-0.001234,0.065625,-0.013628,-2.823123,-0.353175,5.434654
0.016951,0.105208,0.005072,-2.945053,-1.411846,1.779231
0.012631,0.172630,-0.004595,-3.034785,-1.515673,-0.988276
0.004619,0.178404,-0.002504,-2.770559,-1.223914,-1.459119
0.007186,0.220153,0.007232,-2.852807,-1.281281,1.517898
-0.008777,0.267390,-0.021758,-3.130097,-1.042579,2.277792
-0.005064,0.322388,0.007298,-1.867845,-1.496501,2.335490
0.017988,0.379844,-0.004207,-2.375514,-1.246477,2.364283
-0.032676,0.394575,0.025660,-1.303358,-0.440698,-0.329327
-0.072420,0.456919,0.021038,-1.588714,-0.728203,-2.647015
-0.064037,0.527022,0.007928,-0.940767,0.892313,-5.066571
-0.050080,0.577578,0.014890,0.156463,1.402749,-2.917431
-0.050306,0.598575,0.003355,-0.638064,1.121063,-1.907142
-0.020042,0.601284,0.025253,0.668707,2.005171,-3.188563
0.011768,0.659800,-0.008041,-0.734085,1.445614,-3.985467
-0.018289,0.708764,0.006214,0.082635,1.397175,-4.536908
-0.004582,0.765235,-0.011274,-0.893851,0.763373,-6.177803
0.020214,0.792016,-0.013142,-0.598205,0.576244,-10.859824
-0.005961,0.816969,-0.007601,-0.924755,-0.882980,-11.737742
-0.041664,0.786085,-0.017078,-1.946542,-1.414873,-11.031591
-0.045544,0.775154,0.013469,-1.300181,-2.784467,-10.023006
-0.014314,0.784644,-0.016881,-2.331132,-1.471728,-8.738437
0.010051,0.755128,0.023890,-1.323555,-2.088082,-9.705583
0.016875,0.701283,0.003306,-2.321935,-2.627166,-9.454985
0.005354,0.608393,0.011306,-0.936651,-0.885216,-10.130365
0.040049,0.549034,0.021232,-0.921187,-0.594175,-8.187522
0.075454,0.501225,0.001347,-0.520113,1.929124,-5.328369
0.099488,0.406444,0.016912,0.284922,0.819683,-1.017078
0.089631,0.311933,-0.001207,0.103475,1.984029,-0.031131
0.091311,0.213719,0.024787,1.553820,1.980524,-0.808988
0.116317,0.111264,-0.015666,0.797471,2.082749,0.182681
0.098044,0.031570,-0.007749,1.106798,1.576124,2.265842
0.122170,-0.017020,-0.007421,0.650546,1.272679,2.621006
0.155257,-0.077683,-0.001867,0.958974,0.913239,2.894888
0.135877,-0.163801,0.001576,0.332248,-1.322426,5.152639
0.118976,-0.270930,-0.021781,0.247791,2.768184,5.430678
0.138579,-0.304890,0.010849,-0.169193,-1.494337,6.399229
0.148859,-0.338239,0.011283,-1.515049,-1.677635,5.954361
0.136914,-0.371254,0.031591,-0.681447,-1.358835,7.758301
0.117564,-0.437077,0.015996,-1.674342,-1.505143,8.448463
0.115720,-0.479079,0.007642,-1.660644,-0.746617,7.508990
0.123000,-0.475009,0.016843,-1.339080,-0.458285,8.703283
0.153156,-0.496991,0.003244,-1.692271,0.850210,10.345038
0.182091,-0.506894,0.018153,-0.852367,0.742917,10.203956
0.156484,-0.517503,0.013370,-1.007843,2.369638,7.731062
0.134794,-0.508372,0.029851,-0.293046,1.381062,6.918667
0.166749,-0.498659,-0.000042,-0.288234,2.303034,8.778379
0.160246,-0.448122,0.015399,0.288372,2.155232,9.948844
0.154715,-0.381256,0.027324,0.660640,1.238509,7.966457
0.160830,-0.330857,-0.003436,0.358012,2.100107,6.038604
0.109408,-0.308901,0.021324,1.318224,-0.189404,5.750553
0.058723,-0.250467,0.006779,0.583056,-0.851875,3.949565
0.077414,-0.165829,0.033905,1.413083,-3.255753,0.397746
0.107868,-0.077880,-0.002405,0.312291,-1.085034,0.514249
0.066069,-0.026559,0.020736,0.815344,-1.388413,-0.442002
0.058257,0.036609,-0.006751,0.389845,-1.828719,-1.529462
0.041202,0.093523,-0.021279,0.088645,-0.873441,-4.033646
0.030041,0.153677,0.001366,0.430557,-0.259806,-4.320798
0.048403,0.222520,-0.034606,-0.394684,1.714620,-3.631631
0.040230,0.288415,0.009234,-0.462355,0.258544,-5.046566
-0.001634,0.356870,-0.011701,-1.166254,1.143420,-6.234807
-0.038499,0.381695,0.003805,-0.062705,0.335730,-7.550823
-0.012036,0.411306,-0.010667,-0.575743,1.630156,-5.841089
-0.014968,0.421488,0.009251,-0.715467,1.244519,-7.019751
0.002006,0.440651,-0.020616,-0.033199,1.684894,-7.519788
-0.004769,0.407843,-0.020757,0.644982,0.892044,-6.501755
-0.040584,0.374378,-0.012561,0.892859,0.268644,-3.681563
-0.029614,0.381285,-0.027197,1.326078,0.379767,-3.592254
-0.008577,0.399059,0.004741,1.391084,-2.790201,-3.452297
-0.022835,0.361925,-0.023659,0.873236,-0.843893,-3.002498
-0.047756,0.329649,0.005551,0.777209,-1.639835,-2.326726
-0.036822,0.334969,-0.002566,-0.692533,-1.325151,-2.859279
-0.018289,0.335980,0.037844,-0.246968,-1.485632,-2.689908
-0.021733,0.330922,0.018563,-1.549804,-0.899740,-0.682398
-0.024020,0.305296,0.009270,-1.710886,-0.330240,-0.020477
-0.020528,0.293171,-0.000318,-2.691567,-0.159117,-1.038365
-0.032414,0.287118,0.004964,-2.802319,0.760054,-1.870486
-0.052443,0.292393,0.040148,-3.061304,1.037808,-0.662109
-0.032929,0.279076,0.004288,-3.896008,2.383430,-0.105164
-0.015617,0.271280,0.026516,-3.376385,1.024530,0.355320
0.003122,0.252193,0.030331,-2.846777,1.677620,1.384178
0.001858,0.196076,0.022525,-1.845784,1.308602,1.731651
-0.015017,0.182093,0.005318,-1.836426,0.063124,3.107173
-0.027362,0.188021,0.013991,-1.107009,0.371945,1.507296
-0.009131,0.205625,0.019906,0.019967,-0.752247,0.174334
-0.021434,0.182438,0.015638,0.159526,-0.918578,-0.537289
-0.067125,0.133670,0.035684,1.258473,-2.500828,-1.779453
-0.045957,0.146288,-0.011179,0.883199,-1.141147,-1.518633
-0.018542,0.140186,0.023776,1.502542,-1.830423,-1.044770
-0.022826,0.111790,0.025443,1.786683,-1.210252,0.151764
-0.015752,0.085277,0.022541,1.780496,-0.800131,-1.233260
-0.002708,0.069748,0.025062,1.476142,-1.476812,-2.744567
-0.015634,0.045809,-0.004293,1.049444,0.809393,-2.861212
-0.001322,0.023568,0.003999,1.833560,1.395400,-1.374043
0.007271,0.018122,-0.011412,0.203813,1.433486,-0.797243
-0.008357,0.002146,0.011969,0.493350,1.550557,-3.046062
0.002584,-0.038733,-0.005435,0.136388,1.624077,-2.290043
0.012431,-0.081661,-0.022083,-0.412353,2.511534,-1.364273
0.023736,-0.113589,0.038422,-0.624999,-0.158487,-1.496430
0.041198,-0.123850,0.000687,-1.621420,0.487120,-1.693070
0.038888,-0.165304,0.013232,-0.048744,0.071533,0.107403
0.057630,-0.203367,-0.002710,-0.866997,-0.629359,1.021465
0.067271,-0.230552,0.008256,-0.091295,-0.384072,0.572786
0.088331,-0.241220,0.012464,-0.272715,-2.292777,2.410867
0.087888,-0.278440,0.015369,0.078122,-1.256209,2.307037
0.057210,-0.309557,0.037627,1.164228,-1.820388,3.413626
0.059793,-0.325960,-0.008291,1.120601,-1.175803,2.172884
0.072047,-0.327814,0.025289,1.523517,-1.013969,1.668442
0.087123,-0.345060,0.003457,1.234124,-0.096504,2.981763
0.077417,-0.365635,0.009888,1.412965,1.062797,4.185489
0.083749,-0.364269,0.028955,1.620333,0.716103,6.312106
0.080952,-0.369728,0.001724,0.992481,1.860229,7.526378
0.061582,-0.367345,0.037437,1.613239,1.141054,8.981857
0.051837,-0.340245,0.007304,0.131281,1.630554,9.698948
0.050409,-0.301017,0.025512,0.953535,1.580943,8.373151
0.042475,-0.239658,-0.008015,-1.230895,0.415907,7.961664
0.019653,-0.220797,0.024970,-0.605098,0.267459,8.246753
-0.003062,-0.155601,-0.009702,-1.990986,0.154812,8.358538
-0.019166,-0.073964,0.001396,-2.157816,-0.676908,5.202810
-0.010388,0.020410,0.013528,-2.709521,-1.123924,3.842980
-0.025593,0.072735,-0.009256,-2.674951,-0.566221,2.551001
-0.041746,0.143167,0.012674,-3.284542,-2.774088,1.299137
-0.053060,0.218988,0.001977,-3.056062,-1.194004,-1.153821
-0.059845,0.304331,0.013344,-2.231051,-1.442905,-0.517272
-0.082970,0.360714,-0.004027,-2.221581,-0.963485,-0.156973
-0.106167,0.423743,0.028798,-1.148519,-2.685863,-1.278547
-0.099989,0.482584,-0.027887,-0.963160,0.837421,-4.231666
-0.124831,0.521041,0.018747,0.269790,-0.189985,-5.007475
-0.149242,0.552165,0.011358,0.222247,0.456071,-4.997943
-0.136349,0.596852,0.012422,1.629418,1.205602,-4.939208
-0.112646,0.659619,0.017545,1.346393,2.161865,-5.525330
-0.115922,0.699494,0.041323,1.911356,1.451257,-5.597150
-0.144791,0.734636,0.003638,0.119910,0.726468,-5.571791
-0.153926,0.768192,0.023785,0.261547,0.493067,-8.613417
-0.160068,0.815696,0.031164,-0.300951,-0.219826,-9.910940
-0.173936,0.815023,0.002131,-0.633121,0.018587,-11.598858
-0.178302,0.810188,0.019246,-1.336889,-2.235647,-11.005610
-0.157672,0.803541,-0.019838,-2.456522,-0.737447,-11.738732
-0.124631,0.794248,-0.000469,-1.993484,-1.005471,-11.484494
-0.091727,0.771744,-0.017567,-2.320169,0.484871,-9.697071
-0.080698,0.694413,0.012809,-1.669616,-0.578291,-8.234546
-0.067710,0.655539,0.003900,-2.357346,-0.460255,-8.176847
-0.052400,0.588301,0.006750,-2.013133,-0.538580,-7.381728
-0.044037,0.506585,0.010199,-1.897328,0.191618,-4.891406
-0.029771,0.431361,0.039758,-0.683424,0.701630,-2.653885
-0.004214,0.352251,0.014125,-0.936076,0.528422,-0.584726
-0.009479,0.256834,0.046218,0.112653,0.081847,0.083390
-0.018394,0.151635,0.028079,-0.089851,-0.177784,1.379314
-0.012273,0.056559,0.030701,0.551771,0.485583,2.856465
0.017115,0.008035,0.032871,0.424265,0.707709,3.940626
0.042817,-0.054161,0.043726,1.336310,0.377345,3.746701
0.036019,-0.121743,0.045466,0.618756,-0.977599,6.584974
0.011906,-0.193507,0.023628,-0.174649,-0.445336,5.599347
0.023943,-0.221483,0.018872,0.292291,-0.345264,6.441828
0.038175,-0.259727,-0.004056,-0.372399,0.863888,6.645032
0.026634,-0.303344,0.031581,-0.163876,-1.548980,7.330556
0.039006,-0.341059,-0.017383,-1.230970,-0.249935,7.130702
0.033399,-0.372081,0.030248,-0.308142,-1.160382,6.098793
0.020473,-0.385894,-0.001043,-1.644511,-1.260001,7.700534
0.009704,-0.413696,0.018501,-0.715338,-0.786916,8.099423
0.020161,-0.396732,0.021514,-1.355496,-0.085071,7.808251
0.021648,-0.395735,0.032398,-0.838998,-0.379477,6.122301
0.031302,-0.382940,-0.006262,-1.257751,0.011764,7.037406
0.008299,-0.390069,0.006372,-0.157813,1.213642,6.537595
-0.011724,-0.353893,0.004281,-0.779740,-0.939418,7.261697
0.019978,-0.293496,0.008991,-0.246977,1.359188,5.036860
0.055878,-0.232834,0.013022,0.218719,0.848460,4.161039
0.035668,-0.209857,0.009983,-0.070635,1.045961,1.262635
0.017256,-0.163791,0.030097,0.697771,-0.697020,-1.210755
0.032198,-0.099232,0.000070,0.939850,1.517785,-2.520108
0.037230,-0.035772,0.011696,1.287191,-0.320419,-2.013569
0.032628,0.003272,-0.001457,0.649410,-0.404988,-1.744843
0.018769,0.022678,0.018153,1.971839,-1.061361,-3.713929
0.034315,0.076021,0.030678,1.680624,-2.009841,-5.007493
0.003322,0.088412,0.048519,2.664610,-1.802444,-4.961080
-0.010746,0.128346,0.009261,0.934129,-2.128029,-2.853551
-0.000361,0.152407,0.034847,1.506727,-1.275028,-3.684067
0.010826,0.200081,0.016708,0.791412,-0.553676,-3.903069
0.013294,0.202631,0.040152,1.325071,-0.315289,-4.116549
0.016482,0.216280,0.018593,-0.014853,0.464999,-3.445080
-0.004260,0.235282,0.018931,0.185395,1.428149,-3.964333
0.002354,0.284636,0.015327,-0.822832,0.288230,-1.948253
-0.011984,0.266215,-0.000249,-1.508008,1.128006,-2.054470
-0.010635,0.269248,0.020628,-1.544361,0.658886,-2.333378
-0.003229,0.263511,0.018343,-1.884317,1.435189,-4.059580
-0.019986,0.263291,0.034375,-1.519700,-0.550988,-3.027522
-0.032430,0.253775,-0.026856,-3.085814,1.366150,-0.037401
-0.057623,0.232780,0.034896,-1.598344,-0.684150,0.768999
-0.045169,0.239736,0.011887,-2.164804,-0.247382,-0.537464
-0.036773,0.227443,0.045942,-0.638507,-0.824540,-1.069889
-0.046712,0.203833,0.023037,-1.325472,-2.266327,0.030894
-0.075292,0.184955,0.015963,-1.022801,-1.147183,1.222212
-0.067752,0.202326,0.015878,-0.758989,-1.078823,1.883643
-0.051485,0.205805,0.024737,-0.372521,-0.011798,2.041991
-0.037321,0.182996,0.029290,-0.297665,-0.519502,2.767762
-0.026968,0.174517,0.015822,0.006666,1.061392,1.346735
-0.028304,0.205750,0.030117,-0.486280,0.393193,0.183675
-0.022002,0.237993,0.020352,-1.089084,1.480431,0.813145
-0.021598,0.235636,0.027691,-0.400497,2.064351,1.178034
-0.000948,0.260294,0.018570,-1.249979,1.793077,0.289629
0.012234,0.280005,0.017673,-1.874371,0.919577,-2.465930
0.006638,0.282332,0.011936,-1.142187,1.110287,-2.400432
-0.014807,0.280730,0.030193,-0.830191,0.800218,-2.473837
-0.017754,0.303583,0.017247,-1.199521,-1.607138,-3.200218
0.010862,0.331431,-0.013221,-1.859154,-0.743299,-5.537978
0.020118,0.309278,0.034864,0.036159,-0.804215,-5.101485
0.022301,0.272879,0.001255,-0.574594,-0.738671,-4.085412
0.007898,0.246478,0.011138,0.497056,-1.512122,-4.688662
0.023503,0.247873,-0.000557,0.699658,-0.518482,-4.293331
0.008390,0.197314,0.022019,1.318463,-1.476977,-4.543496
0.023335,0.161496,0.012280,0.895327,-0.905635,-4.411981
0.042597,0.111242,-0.018460,2.419990,1.474349,-5.405916
0.057020,0.093982,-0.013270,1.524315,0.499704,-4.227011
0.060338,0.034971,0.016039,1.611339,1.256343,-2.876336
0.056839,-0.021349,0.015569,1.842225,1.343452,-1.029504
0.081733,-0.048617,0.017861,1.340554,2.662647,-0.417653
0.102248,-0.074220,0.034023,1.274958,0.738466,-0.954426
0.115500,-0.110376,-0.019306,-0.344075,1.430125,0.721112
0.114728,-0.186121,0.010091,0.270305,1.189030,1.145105
0.098507,-0.220646,0.022810,-0.364282,-0.853960,1.568836
0.109365,-0.272998,0.014706,0.147657,0.248355,0.567542
0.121792,-0.300537,0.003273,-0.259821,-1.540426,3.509235
0.105912,-0.348333,-0.001476,-1.424335,-1.121065,5.088466
0.111334,-0.378938,0.007334,0.107995,-1.521598,4.237963
0.124083,-0.402766,-0.015866,-0.524356,-1.743323,3.833754
0.119672,-0.441699,0.014092,-0.078378,-2.093927,5.484848
0.130553,-0.454087,0.008341,-0.890105,-0.300186,7.525639
0.158073,-0.450400,0.040168,-0.188960,0.379078,7.659737
0.165928,-0.440878,-0.006600,-1.173780,0.723114,8.450480
0.151541,-0.456555,0.033380,0.916040,1.246499,9.409076
0.165806,-0.451319,-0.001926,0.093451,2.623777,10.969088
0.140571,-0.422634,0.025952,0.554076,1.688463,9.121426
0.138053,-0.360754,0.029569,0.040692,1.793625,9.669507
0.113442,-0.309945,0.033048,0.250391,1.373565,9.366215
0.103273,-0.231823,0.031552,-0.562295,0.695725,8.156868
0.073104,-0.156051,0.024681,-0.831232,-0.196094,4.203720
0.052175,-0.073478,0.025686,-0.729916,-0.960596,3.274858
-0.006033,-0.027701,0.014243,-1.788187,-1.614136,1.857729
-0.023321,0.055338,0.022367,-0.608440,-1.759673,1.401482
-0.024362,0.145136,0.007957,-1.275641,-1.952500,-1.231124
-0.054212,0.224840,0.046569,-0.856930,-2.857603,-1.964288
-0.100656,0.292626,-0.013894,-1.489929,-0.308813,-2.133785
-0.134182,0.360028,0.036833,-0.971848,-1.475477,-4.070300
-0.118817,0.455153,0.000237,-1.670643,0.667187,-5.712282
-0.130421,0.525620,0.041277,-0.464262,0.129334,-6.926943
-0.150224,0.559068,0.018107,-0.939175,2.002086,-6.202579
-0.178515,0.572332,0.033337,0.027427,1.482637,-7.373652
-0.187040,0.631321,0.020677,-0.622400,1.526136,-7.483273
-0.179730,0.652542,0.026303,0.362814,1.541809,-7.373597
-0.170394,0.660729,0.017220,0.108783,1.170631,-6.394806
-0.154813,0.675618,0.022134,0.355684,1.901975,-8.067672
-0.143025,0.692132,0.039964,0.123790,-0.877764,-8.521915
-0.138187,0.677180,0.004137,-0.315194,0.012551,-8.622620
-0.140406,0.670920,0.010288,0.494663,-0.463590,-6.924467
-0.128540,0.674032,-0.008310,-0.539460,-1.031051,-7.416537
-0.123025,0.681355,0.036928,-0.607560,-2.858063,-7.564772
-0.142727,0.648659,0.013203,-1.890386,-2.710340,-6.978863
-0.164020,0.597574,0.022440,-1.307166,-3.043878,-6.849347
-0.131081,0.582771,0.027636,-2.306947,-1.462373,-6.880865
-0.101926,0.538487,0.038875,-1.426899,-1.254431,-6.859200
-0.099247,0.486221,0.020152,-2.503477,-0.029510,-4.617425
-0.109577,0.394194,0.041763,-1.757454,-0.384476,-2.326771
-0.076254,0.343507,0.025725,-1.910622,1.058851,-0.438343
-0.056165,0.268004,0.033203,-0.983061,1.143509,0.093187
-0.058509,0.173381,0.026375,-0.674932,1.652772,3.271947
-0.086607,0.096727,0.027101,-0.040565,2.920798,5.189266
-0.073339,0.057025,0.032415,-0.662350,1.096823,6.732010
-0.047191,0.008659,0.037897,-0.076691,1.036610,5.481684
-0.060633,-0.041566,0.025371,0.067559,0.617321,6.775980
-0.095686,-0.078950,0.039731,-0.673274,-1.194450,6.899416
-0.095850,-0.082895,0.045492,-0.537752,-1.363115,5.740906
-0.085487,-0.082934,0.027055,-0.633268,-1.826471,3.998220
-0.087529,-0.118480,0.041898,-0.497063,-3.512344,5.037696
-0.105353,-0.149286,0.021845,-1.007236,-1.998825,4.225975
-0.104808,-0.161083,0.015261,-0.537736,-2.406878,2.514663
-0.079155,-0.167621,0.010715,-1.202009,-1.328525,3.703996
-0.067345,-0.184217,0.017759,-0.092575,-1.312228,5.699657
-0.061686,-0.181253,0.007242,-1.263988,-0.564416,4.788885
-0.059490,-0.172397,0.042968,-0.242796,0.273955,2.300557
-0.064056,-0.174649,0.015563,-0.849134,0.897477,1.408491
-0.055932,-0.179684,0.040539,0.054255,1.169043,2.479023
-0.056809,-0.170392,0.015310,-0.258010,1.353877,3.444336
-0.061207,-0.145800,0.045049,0.899250,1.324512,2.710559
-0.069607,-0.117873,0.015287,0.292527,0.842191,2.396265
-0.079119,-0.121497,0.042814,1.184681,0.804689,1.784704
-0.075420,-0.078884,0.000641,0.613717,1.154610,0.341888
-0.074471,-0.048879,0.038556,1.247188,-0.649668,-2.376523
-0.063715,-0.023040,0.007439,0.755774,-0.884477,-2.641058
-0.060465,-0.026309,0.000385,1.316477,-0.882996,-2.766431
-0.054252,-0.010809,0.000795,0.785231,-1.429322,-2.726073
-0.051462,0.007191,0.007084,1.387220,-1.306785,-3.300871
-0.037367,0.011908,0.001416,0.771504,-2.332777,-1.162526
-0.061972,-0.001602,-0.008117,0.764260,-1.419442,-0.947340
-0.073582,0.015555,-0.000226,0.711563,-1.348115,-0.611599
-0.092476,0.033435,-0.008048,0.380382,-0.449331,-1.803545
-0.104910,0.043147,0.034004,0.124647,-1.779670,-0.944354
-0.100550,0.041802,0.007698,-0.968720,0.446421,0.066473
-0.088153,0.047378,0.026625,-0.467419,-0.059387,0.988796
-0.096073,0.041509,0.016406,-0.994418,1.112450,0.303987
-0.114399,0.050185,0.051565,-0.623746,0.181249,2.084710
-0.105664,0.059054,0.015149,-1.341145,0.636769,3.029104
-0.084956,0.091439,0.037145,-0.958193,-0.104464,2.990476
-0.072472,0.116392,-0.001082,-1.493464,1.323544,1.779876
-0.080442,0.107867,0.020703,-1.016197,-0.440698,1.044337
-0.092423,0.088225,0.006201,-1.533477,-0.895155,0.625462
-0.084654,0.101368,0.017027,-0.279493,-1.320421,0.776986
-0.066029,0.136799,-0.011320,-1.142161,-1.640659,1.601137
-0.073897,0.138243,0.020601,-0.189896,-1.474374,1.926824
-0.072469,0.157642,-0.019297,-1.239968,-1.165778,2.009935
-0.089026,0.176244,0.011233,-0.215873,-2.621809,1.396073
-0.090313,0.225546,-0.011038,-1.139683,-1.372227,1.625452
-0.115820,0.230453,0.016896,-0.341213,-0.964142,1.927758
-0.107457,0.261981,0.016262,-1.266004,0.120750,1.495322
-0.080728,0.291086,0.022893,-1.026970,0.661995,-1.011538
-0.071816,0.319965,0.008781,-1.131992,1.356237,-0.562606
-0.111701,0.315984,0.023451,-1.234417,1.219504,-0.831045
-0.120777,0.371171,0.018159,-2.226035,1.380983,-1.409789
-0.107936,0.440053,0.023480,-1.944211,0.898694,-3.833325
-0.098450,0.476813,0.021396,-2.154878,0.146192,-5.993745
-0.122920,0.468253,0.003497,-1.236994,1.161792,-6.901333
-0.160261,0.477431,-0.006082,-1.366900,-0.599131,-6.404136
-0.167302,0.486726,0.016964,-1.176394,-0.922678,-7.451913
-0.137816,0.480664,0.004826,-0.493880,-1.202824,-7.041414
-0.147910,0.432711,0.014017,0.638391,-1.408187,-7.513304
-0.141466,0.415701,0.031381,0.504973,-2.216750,-8.398032
-0.124453,0.389809,0.029100,1.181365,-1.266385,-9.529449
-0.081118,0.356565,0.042561,1.694062,-1.733575,-7.027599
-0.046554,0.299187,0.010662,1.364210,-0.254357,-4.740546
-0.012154,0.232331,0.025551,2.219564,-0.164737,-3.686846
0.042423,0.182467,0.014805,1.554277,1.172653,-3.837915
0.064208,0.103689,0.041337,2.533018,1.468306,-2.445119
0.071837,0.042297,0.005479,1.297469,3.262254,0.363202
0.064317,-0.022377,0.049333,1.304569,1.346508,0.160660
0.095139,-0.045081,0.030255,0.184148,1.231642,-0.247189
0.136432,-0.106309,0.030120,0.422601,1.439470,-0.370834
0.163561,-0.170461,0.030951,-0.619508,0.259161,2.021445
0.147169,-0.246193,0.017608,-0.901722,-0.112355,2.691546
0.149329,-0.288038,0.036794,-1.341211,-0.592303,4.211569
0.152398,-0.357458,0.020411,-1.308757,-1.056952,6.073842
0.153064,-0.422641,0.044379,-1.514389,-1.785401,8.311143
0.142078,-0.456289,0.044612,-1.223850,-1.278100,6.352243
0.157443,-0.473000,0.056347,-1.092829,-2.564592,6.645457
0.142242,-0.535183,0.050373,-1.035097,-1.174890,7.877787
0.141477,-0.538393,0.050682,-0.277655,-0.830493,10.378300
0.144782,-0.520750,0.035878,-0.191478,0.810358,10.198021
0.143118,-0.515770,0.046145,0.677180,1.112008,9.309268
0.137633,-0.498872,0.019823,-0.124030,2.395191,9.094471
0.109920,-0.494379,0.042439,0.903757,1.529681,8.315190
0.111610,-0.452298,0.026877,0.584136,2.461352,7.353333
0.111974,-0.406665,0.065847,1.539198,2.095085,7.879284
0.107970,-0.366869,0.045610,0.326389,1.315611,9.212906
0.088800,-0.330677,0.065889,0.850874,0.385584,8.188712
0.085482,-0.235289,0.030147,0.431214,0.389155,6.678323
0.047317,-0.163873,0.044589,0.615880,-0.179245,3.994159
0.012845,-0.081060,0.041251,-0.201755,-0.949052,2.574440
-0.009565,0.002461,0.045604,-0.246721,-1.496681,-0.106716
-0.004897,0.109761,0.025850,-1.574517,-2.375380,-1.746804
-0.001102,0.195101,0.038894,-0.889899,-2.032017,-3.302602
-0.028928,0.270167,0.007987,-1.675554,-1.758991,-2.717358
-0.064224,0.334168,0.012806,-1.223697,-1.203116,-3.387043
-0.067680,0.413377,0.010587,-1.039332,-1.121594,-5.388419
-0.056828,0.479590,-0.000981,-1.297243,0.971437,-8.743883
-0.077560,0.504123,0.035195,-0.847828,-0.366807,-8.893313
-0.111379,0.500516,0.003982,-0.822320,1.314806,-9.178262
-0.123688,0.534256,0.014329,0.609837,0.875609,-8.317831
-0.120859,0.554443,0.027970,0.373623,1.185455,-5.952259
-0.104460,0.547826,0.037099,1.270516,1.152919,-3.362540
-0.111084,0.546664,0.011092,0.777747,1.065859,-4.435349
-0.141433,0.571410,0.026313,1.554900,-0.115927,-7.378059
-0.160616,0.573895,-0.015059,0.861278,0.215356,-7.902462
-0.169373,0.575152,0.029149,0.464911,-2.269456,-6.056064
-0.158023,0.567209,0.013239,-0.605394,-0.868518,-6.690415
-0.136188,0.549053,0.019367,0.048307,-1.799824,-7.658668
-0.138085,0.509825,0.000359,-1.365695,-1.779004,-5.130563
-0.152617,0.448683,0.025850,-1.005474,-3.956380,-2.902072
-0.116152,0.439243,0.014693,-2.152515,-1.816617,-1.517538
-0.076044,0.424872,0.027819,-2.511555,-1.195619,-2.553679
-0.056618,0.379066,0.014933,-2.803715,-0.788206,-0.788248
-0.077777,0.327118,0.003818,-2.966097,0.089029,-0.015407
-0.097531,0.289370,0.016127,-2.354398,-1.613027,0.772346
-0.078177,0.271855,-0.012253,-2.931300,1.613370,1.245486
-0.062589,0.203403,0.022676,-1.724022,0.346283,2.483328
-0.079963,0.127729,-0.002366,-2.081581,1.072451,3.383748
-0.089210,0.073034,0.034033,-0.643824,0.242082,4.406710
-0.068451,0.054511,0.006218,-0.678480,0.372865,5.310790
-0.074708,0.023847,0.006146,0.496350,0.644486,6.054085
-0.060780,0.029794,-0.023629,-0.296283,1.651036,7.196272
-0.044188,0.024848,0.025525,0.308510,-0.088952,5.878551
-0.043981,-0.000056,-0.001424,0.020170,-0.491477,2.496943
-0.092965,-0.037358,0.031069,0.861620,-1.213397,1.560594
-0.101801,-0.054847,0.012792,0.193979,-1.480482,3.262001
-0.106058,-0.046253,0.019751,0.449402,-1.797090,3.244791
-0.063695,-0.019065,-0.002865,-0.178319,-1.442370,2.425639
-0.094406,-0.029752,0.015911,0.146603,-1.613802,1.575621
-0.145608,-0.039449,-0.004289,-0.527898,-1.108263,1.123842
-0.158886,-0.015349,0.002601,-0.437901,-0.332958,-0.756930
-0.119457,0.017676,-0.005097,-0.282464,-0.724615,-1.108739
-0.100882,0.010408,-0.000472,-0.755568,0.505577,-1.737214
-0.091996,-0.026470,0.013672,-0.043952,0.430442,-2.212884
-0.092111,-0.076649,-0.000268,-0.243324,0.999945,-1.526368
-0.087657,-0.121674,0.015773,1.403646,1.254678,0.240086
-0.074839,-0.131501,-0.008927,0.549404,1.363997,2.949904
-0.059142,-0.121103,0.022033,1.039407,0.730414,2.127279
-0.038788,-0.079301,0.018330,0.635509,-0.074256,0.890305
-0.067598,-0.086049,0.010944,0.515297,-1.107289,-1.059224
-0.088478,-0.089437,0.012999,0.938675,-0.882258,-1.366579
-0.080235,-0.089240,-0.006853,0.518589,-1.111877,-1.515464
-0.043315,-0.073058,0.034283,0.757793,-2.921098,-1.971387
-0.030526,-0.085340,0.003113,0.621080,-1.108907,-1.901697
-0.061118,-0.133645,0.025660,0.981094,-1.893685,-0.683289
-0.071330,-0.154945,-0.003321,0.716989,-1.833505,1.276609
-0.052344,-0.137416,0.007455,1.116505,-2.061743,2.722921
-0.021132,-0.120994,0.005141,0.393531,-0.096120,4.109863
-0.043508,-0.145672,0.010226,0.132909,-0.094272,2.917448
-0.052276,-0.151327,0.012609,0.159582,0.370898,2.769400
-0.059169,-0.154160,0.017076,-0.407751,0.638033,2.549684
-0.053152,-0.158519,0.026697,0.167814,0.328141,5.034507
-0.041148,-0.127618,-0.005829,-1.157178,1.995804,7.910494
-0.048806,-0.108830,0.036387,-0.615835,0.758761,7.283571
-0.049440,-0.066808,0.009996,-1.739486,0.916883,5.497700
-0.075985,-0.046769,0.033222,-1.330776,0.134353,4.829746
-0.099172,-0.005151,0.025499,-2.214129,-0.198001,5.838898
-0.131130,0.029926,0.029326,-1.645093,-0.801080,4.309921
-0.123521,0.104381,0.014102,-2.169734,-2.060601,2.877264
-0.128615,0.134478,0.008177,-1.914610,-1.584463,0.750085
-0.155295,0.156976,0.015379,-1.138054,-1.863582,1.262795
-0.167804,0.213686,0.005830,-2.015631,-0.588424,0.039964
-0.187003,0.257405,0.030140,-0.725383,-1.515427,-2.038303
-0.174970,0.320635,0.015707,-1.210935,-1.791923,-1.882778
-0.192712,0.335255,0.032303,-1.016591,-0.824779,-2.578964
-0.220382,0.381015,0.032067,-0.185481,-0.754016,-2.984333
-0.230663,0.415389,0.006832,-0.178578,0.749698,-4.404576
-0.242116,0.434175,0.049083,0.683501,0.390596,-4.117833
-0.220008,0.462128,-0.004637,-0.361371,1.207313,-2.937133
-0.220776,0.486579,0.020096,0.237467,0.152291,-4.742232
-0.207016,0.541192,0.009490,0.171533,0.668346,-5.644000
-0.205093,0.561881,-0.010654,-0.424321,2.337640,-6.447985
-0.215705,0.577246,0.019781,-0.455669,-0.007472,-7.459147
-0.204407,0.614302,-0.012459,-1.495227,-0.333809,-9.553582
-0.208842,0.593091,-0.003246,-0.383163,-1.021407,-11.097352
-0.217592,0.561070,0.005397,-1.185765,-2.894452,-10.187191
-0.227410,0.521977,0.002715,-0.994396,-2.458587,-9.839524
-0.209577,0.499315,-0.012161,-1.036368,-2.915128,-8.915563
-0.191704,0.463671,0.005630,-0.824319,-2.702124,-9.098165
-0.166019,0.390436,-0.011041,-0.318955,-2.033081,-6.444834
-0.141105,0.336722,-0.015922,-0.370765,-0.216484,-4.780443
-0.119900,0.265959,0.008204,0.224991,-1.541923,-4.575227
-0.078102,0.213437,-0.021634,-0.179205,0.573415,-2.969775
-0.042999,0.112147,-0.013897,1.192650,1.049825,-0.026512
-0.012174,0.025652,-0.017078,0.559573,2.307442,3.025262
-0.001759,-0.055979,-0.016802,1.336792,2.014517,2.974510
0.030229,-0.119773,-0.015006,0.649772,1.581097,4.427141
0.049365,-0.190323,-0.014813,0.569703,1.336736,5.727891
0.057900,-0.227746,-0.004943,0.321410,0.573356,6.297287
0.068462,-0.235594,-0.008264,-0.398278,0.014806,5.511849
0.070937,-0.281909,0.000303,-0.255797,-2.401567,5.213331
0.086014,-0.347696,-0.023088,-1.279622,-0.945993,5.320507
0.087228,-0.408218,-0.003029,-0.575231,-1.488357,4.924863
0.099990,-0.433568,-0.003065,-0.929718,-3.089750,5.938655
0.102272,-0.485010,-0.023987,-0.430915,-0.703503,7.901468
0.092011,-0.521272,0.005348,-0.148750,-1.598098,10.553180
0.091426,-0.524721,0.002837,-0.479101,-0.927709,10.739094
0.084806,-0.520031,0.014000,0.445837,-1.816797,8.976536
0.087691,-0.500208,-0.006751,-0.267778,1.105620,8.800075
0.064592,-0.491464,0.047156,-0.146078,-0.524895,10.240865
0.051036,-0.450525,0.009133,-0.766482,1.765295,9.788091
0.035402,-0.407942,0.053439,0.441560,0.943691,7.035460
0.052657,-0.358902,0.036285,-0.270174,1.240728,6.124783
0.035533,-0.326469,0.030974,0.054498,1.420104,5.362984
0.033688,-0.239763,0.009448,-0.083650,1.266824,4.314352
0.011030,-0.156205,0.032579,-0.295180,0.649174,1.617820
-0.009578,-0.090793,0.031909,-0.033507,-0.184635,1.047170
-0.037045,-0.032661,0.005013,-0.407856,0.478060,0.344514
-0.045675,0.050963,0.048614,-0.250782,-2.989025,-1.168714
-0.034107,0.138942,0.009146,-0.566612,-1.517895,-4.002707
-0.043728,0.191622,0.037946,0.334903,-2.155496,-4.293309
-0.076605,0.228221,0.015284,-0.161260,-2.036383,-3.975189
-0.091855,0.285345,0.036131,0.563460,-1.384927,-6.006248
-0.060692,0.377720,0.033659,-0.424945,-1.137727,-6.405446
-0.042753,0.411890,0.036840,-0.265891,-0.655537,-6.567526
-0.035706,0.456242,0.047757,0.170191,-0.026828,-3.904691
-0.056313,0.479777,0.016049,0.116345,1.984883,-5.029232
-0.077147,0.490045,0.036029,0.546594,-0.487906,-6.405589
-0.040538,0.496725,0.002962,-0.147231,2.581942,-5.827065
-0.013149,0.511378,0.034732,0.389864,1.528650,-5.173036
-0.004726,0.528902,0.016902,-0.865964,1.548653,-5.464529
-0.043095,0.507764,0.029215,0.524198,0.911368,-6.003808
-0.081975,0.477778,0.009605,-0.860662,-0.626372,-3.709794
-0.084765,0.463772,0.002935,-0.479742,-0.572869,-2.658842
-0.040465,0.490347,-0.001503,-1.153627,-1.084561,-2.459768
-0.027060,0.490219,0.018307,-1.487391,-1.417538,-3.807019
-0.040978,0.437592,0.026490,-1.699365,-1.545937,-3.102427
-0.073037,0.401015,-0.004142,-2.270827,-1.496396,-1.719184
-0.063902,0.386822,0.023500,-2.056543,-2.379716,-0.686052
-0.032371,0.372701,-0.007611,-2.365384,-1.253882,-0.004568
-0.026187,0.347712,0.000848,-1.985052,-1.064128,0.503097
-0.042435,0.296138,-0.014521,-2.512543,-0.246981,0.824386
-0.067286,0.274034,-0.010020,-1.257699,0.497807,0.084179
-0.043452,0.257244,-0.021269,-2.093743,1.038156,0.800599
-0.030520,0.219956,-0.014521,-1.080533,1.487498,1.917052
-0.010392,0.200015,-0.033089,-1.266890,1.577188,3.343141
0.010957,0.171635,-0.009466,-1.116968,1.556837,1.339193
0.004474,0.143705,0.007813,-0.703548,0.999370,1.217996
-0.032578,0.106482,-0.014554,-0.057138,0.766127,1.911253
-0.041119,0.104549,-0.003889,-0.121030,-0.422733,3.221695
-0.012611,0.122487,-0.020455,-0.236021,0.496327,1.487927
-0.000344,0.115620,-0.008330,0.358130,-0.994701,-0.064023
-0.029574,0.084890,-0.010181,-0.217665,-1.551261,-0.451721
-0.053470,0.064976,0.013876,0.509372,-2.337271,-0.682920
-0.027237,0.070602,-0.029433,-0.096970,0.168585,-1.677102
0.022452,0.064500,0.007025,0.359880,-1.491459,-1.697619
0.036370,0.042061,-0.012600,-0.583441,-0.370509,-1.494078
0.026181,0.018398,0.003575,0.484717,-0.422326,-2.206879
0.007406,0.008498,-0.001660,-0.402450,0.267997,-3.226727
0.010232,-0.003870,0.011420,0.804453,0.621956,-1.982603
0.059114,-0.029313,-0.020127,0.106466,1.903554,-0.363254
0.099931,-0.058838,0.012005,0.930026,1.097788,-0.336251
0.110684,-0.087878,-0.017902,0.772305,1.482053,0.015637
0.079051,-0.147516,-0.009423,1.353257,1.383619,-0.674581
0.089949,-0.150267,-0.008373,0.876765,0.397125,1.468559
0.101999,-0.163748,-0.019855,1.088177,1.206207,0.463011
0.103437,-0.163180,0.005650,1.060001,-0.440209,-0.020364
0.067829,-0.222363,0.008689,0.547612,-0.928386,-0.208868
0.026926,-0.282812,0.025748,1.439694,-1.204974,1.068326
0.039298,-0.300866,-0.010963,0.860698,-0.602098,1.909218
0.087602,-0.305005,0.025443,1.435830,-2.471243,3.492766
0.100348,-0.328599,-0.000990,0.443175,-0.574148,4.070525
0.070849,-0.361029,0.031804,1.157571,-0.840052,3.957117
0.056278,-0.358922,0.007504,-0.065774,-0.123821,3.683673
0.049004,-0.340517,0.053669,1.021439,0.244941,2.478302
0.059117,-0.311717,0.040706,-0.574978,0.382705,3.523036
0.026326,-0.343051,0.045633,-0.328631,0.821643,4.099974
-0.001434,-0.344919,0.043483,-0.041769,1.012064,6.328460
-0.003420,-0.347089,0.044005,-0.027418,0.678834,5.656995
0.018845,-0.329354,0.068449,-0.435993,0.343855,7.970734
0.022676,-0.321824,0.062600,-0.106069,1.315597,8.846498
0.024097,-0.275194,0.070672,-0.536990,-0.143174,8.324567
0.007616,-0.221723,0.052799,-0.938397,0.815482,5.985467
0.005269,-0.140305,0.075556,-1.416773,-0.498308,6.657887
-0.009039,-0.061083,0.054105,-1.956615,-0.717250,5.095638
-0.016776,0.047408,0.049667,-1.143116,-0.996680,2.168932
-0.047493,0.118666,0.062531,-2.190122,-1.465291,-0.856844
-0.083557,0.158164,0.073344,-1.804055,-3.421421,-1.018052
-0.098233,0.210529,0.047015,-2.301820,-1.350750,-2.367395
-0.110976,0.299132,0.100283,-1.170518,-2.249009,-4.062362
-0.095249,0.384249,0.072828,-1.300463,-1.535036,-4.105222
-0.128002,0.437966,0.094082,-0.699829,-2.081661,-3.260356
-0.155269,0.488830,0.064655,-0.479795,-0.525240,-4.081545
-0.172423,0.520703,0.088436,0.597889,0.229271,-6.850213
-0.192577,0.554384,0.093869,0.771677,-0.448884,-7.328285
-0.237727,0.575175,0.089523,0.607575,1.019439,-7.500670
-0.244699,0.604376,0.107829,1.168839,-0.247487,-6.158143
-0.252232,0.628797,0.093094,0.630782,0.684443,-6.161176
-0.247213,0.648390,0.105951,1.134436,0.469850,-5.849949
-0.243658,0.660505,0.073701,-0.063473,0.273236,-5.974862
-0.248841,0.680200,0.102518,0.092206,-0.667393,-7.394011
-0.242575,0.714357,0.089349,-1.561995,-0.845301,-8.669226
-0.256283,0.703433,0.102232,-1.703087,-0.949197,-10.020678
-0.288739,0.664773,0.091463,-1.988577,-1.669646,-9.824270
-0.300362,0.614456,0.072733,-2.262871,-1.292540,-9.843794
-0.280149,0.592319,0.110278,-2.168914,-3.509315,-8.876800
-0.257550,0.545965,0.086378,-2.265881,-1.382662,-7.898219
-0.254576,0.456764,0.098999,-1.260516,-1.819873,-5.741698
-0.232770,0.370032,0.089713,-1.338428,-0.810487,-5.637109
-0.181518,0.297418,0.116445,0.036687,-0.668348,-5.270895
-0.123186,0.216506,0.100040,-0.173677,0.808178,-2.608816
-0.106081,0.120091,0.126857,0.798092,0.316873,0.945978
-0.090030,0.042740,0.101047,0.867407,1.063923,3.693794
-0.091064,-0.048256,0.109004,1.764953,-0.034962,4.253501
-0.078640,-0.123509,0.107320,1.615862,-0.332413,6.028642
-0.063403,-0.208117,0.084507,1.516010,0.564280,6.648955
-0.054081,-0.230904,0.090183,0.853864,-1.393445,7.512414
-0.048547,-0.265635,0.067754,-0.154179,-0.531742,6.431806
-0.050598,-0.289981,0.082367,0.492582,-1.036732,7.189643
-0.046167,-0.331287,0.040772,-0.960507,-0.273438,6.690289
-0.039733,-0.343977,0.069457,-0.921262,-2.245090,5.779830
-0.005980,-0.355275,0.033797,-1.796075,-1.080684,6.348277
-0.019152,-0.383104,0.040513,-1.615307,-1.111418,7.348413
-0.040899,-0.390765,0.054772,-2.478142,-1.341809,8.836510
-0.041450,-0.390975,0.059278,-1.679886,-0.143998,7.251436
-0.017892,-0.361466,0.037506,-2.223921,-0.209706,6.969659
-0.063032,-0.370118,0.046753,-1.224362,-0.121992,6.661699
-0.093122,-0.358420,0.034443,-0.982256,-0.148554,7.226817
-0.116391,-0.330476,0.036932,-0.396240,0.098479,5.559760
-0.100255,-0.290017,0.054145,0.656126,-0.295240,5.612269
-0.096034,-0.283757,0.029927,1.073958,0.408551,5.229593
-0.091103,-0.246318,0.029060,1.342648,-1.149921,5.956354
-0.091333,-0.181569,0.013869,2.115301,1.336359,4.290426
-0.086534,-0.097223,0.014578,1.787845,-0.058527,4.077271
-0.111947,-0.031476,-0.021496,1.027560,0.100724,1.851684
-0.132528,0.044526,0.000588,1.434944,-0.527820,-0.866856
-0.117613,0.136188,-0.023318,0.395274,0.958251,-4.437094
-0.136562,0.181171,0.017129,0.831579,-1.350383,-6.045768
-0.119966,0.236821,-0.041515,-0.167270,-0.342993,-4.739270
-0.127785,0.252065,-0.018922,-0.131485,-1.181406,-5.687166
-0.101145,0.291569,-0.008199,0.220845,-1.174605,-6.145644
-0.099188,0.317054,-0.030900,-0.018284,-0.304966,-5.620280
-0.117081,0.334733,-0.016300,-0.272594,-0.828659,-2.670707
-0.149968,0.350620,-0.014494,0.053753,0.105244,-2.545165
-0.163412,0.390187,-0.025418,-0.139672,-0.502710,-3.499469
-0.155023,0.393128,-0.019480,-0.903390,-0.646510,-4.824481
-0.163311,0.384236,-0.000623,-0.593016,-1.227144,-5.254516
-0.139116,0.398350,-0.050092,-1.837962,-0.240906,-4.240200
-0.144470,0.402771,-0.013897,-0.541708,-0.246801,-4.429439
-0.139260,0.403320,-0.044332,-0.641747,0.336771,-2.700526
-0.144837,0.371339,-0.026790,-0.489366,0.042599,-1.523516
-0.130733,0.366589,-0.033963,-0.817751,0.431738,-0.755989
-0.136798,0.359338,-0.028970,-1.378450,-0.319704,-2.494605
-0.126761,0.348106,-0.027683,-1.415460,-0.838602,-0.485604
-0.154540,0.315009,-0.031468,-1.005825,-0.235959,0.412865
-0.138962,0.337871,-0.035253,-1.386785,-1.013480,0.705169
-0.116871,0.337868,-0.010848,-1.779256,-0.809270,-0.688669
-0.126032,0.323202,-0.007680,-1.559611,-1.206940,-0.789180
-0.146662,0.300799,-0.017560,-2.020282,-1.178327,-1.038334
-0.119155,0.322913,-0.017426,-1.759755,-0.332200,-0.306659
-0.114143,0.324370,-0.023908,-1.612459,0.180461,-0.847969
-0.082395,0.313177,-0.004158,-1.550995,-1.671297,0.604147
-0.080212,0.271050,-0.028947,-1.981339,0.146583,1.457857
-0.080055,0.256059,-0.006525,-0.948881,0.222519,0.568100
-0.049279,0.260166,-0.033995,-1.074162,0.537423,-0.121987
-0.038726,0.238994,0.012582,-0.241864,0.392562,0.408377
-0.066541,0.221732,-0.011967,-0.909321,0.247433,0.331771
-0.072361,0.213083,0.011929,-0.167228,-0.091798,-2.252693
-0.094681,0.220491,0.009986,-0.931317,-0.410828,-3.653359
-0.092407,0.204978,0.022666,0.255606,-0.578665,-3.108967
-0.066367,0.200232,-0.001263,-0.047323,-0.578403,-2.040847
-0.061207,0.173450,0.014831,0.412884,-0.804776,-4.127615
-0.050618,0.143206,0.004449,0.579507,-0.689339,-3.524046
-0.071553,0.081575,0.009103,1.335647,-1.015462,-2.234067
-0.053562,0.051304,0.015330,0.465105,-0.743220,-1.813254
-0.032341,0.038119,0.047271,1.694430,-0.228849,-3.900754
-0.004112,0.015388,0.041753,0.760856,-1.086793,-3.078521
-0.019517,-0.050734,0.044393,1.440353,-0.000588,-2.704566
-0.044936,-0.093182,0.021087,0.807493,0.080298,-2.183203
-0.042487,-0.129066,0.049080,1.094404,-0.126286,-2.474473
-0.003883,-0.141992,0.065791,0.719366,-0.164687,-1.846768
0.019600,-0.206108,0.055901,1.060923,0.611777,-1.971450
0.038231,-0.265235,0.081287,0.645275,-0.740657,-0.581215
0.051374,-0.307847,0.042774,0.619084,1.116002,-0.124364
0.087172,-0.332236,0.067235,1.128089,0.341393,3.118457
0.103187,-0.377698,0.068059,0.272951,0.110831,4.493645
0.127087,-0.401817,0.046552,1.560848,5.145713,5.095661
0.095090,-0.429160,0.056396,0.688797,-0.182846,3.245521
0.075277,-0.477799,0.081057,1.094709,-1.861481,3.373809
0.083119,-0.503415,0.059754,0.153992,-0.719363,5.461690
0.086010,-0.513991,0.100404,0.607343,-0.749322,6.788101
0.111187,-0.503349,0.100529,0.076373,-0.797695,6.594185
0.112214,-0.522532,0.088817,0.799021,-0.001766,6.067790
0.082794,-0.524826,0.068486,0.092246,-0.769722,8.206702
0.053150,-0.514260,0.084103,0.221059,-0.100289,7.370539
0.066145,-0.452797,0.109529,-0.050096,-0.356234,7.311127
0.066421,-0.423100,0.093183,-0.243567,0.281633,7.280432
0.046677,-0.406235,0.111614,-0.134478,-1.101449,8.351216
0.015500,-0.363642,0.080181,-0.834747,0.621903,7.361408
-0.012607,-0.296680,0.080535,0.198413,-0.015152,6.523821
-0.020876,-0.210759,0.081169,-0.868543,0.728087,5.830013
-0.045442,-0.147415,0.086050,-1.178619,0.185007,4.551016
-0.060876,-0.047356,0.082879,-1.373855,-0.330874,2.559776
-0.095230,0.026223,0.088019,-1.429515,-0.697168,-0.979364
-0.108996,0.091452,0.096324,-0.427771,-0.607606,-2.082747
-0.107174,0.147030,0.071338,-1.022004,-0.727497,-0.883387
-0.107788,0.216703,0.105863,-0.738208,-1.717963,-1.311848
-0.126433,0.284705,0.070481,-0.301197,-0.720237,-1.827905
-0.162526,0.308670,0.065709,0.155751,-0.925675,-3.273206
-0.184348,0.378816,0.068774,0.108484,-1.061738,-4.153649
-0.173680,0.461639,0.059840,0.398284,-0.104927,-7.031502
-0.154330,0.544261,0.064071,0.380375,-0.754424,-7.866614
-0.173844,0.568407,0.042151,-0.124802,0.831982,-7.668326
-0.210447,0.583112,0.069444,0.216118,-0.048256,-7.716578
-0.200960,0.636616,0.062817,-0.984591,-0.214479,-8.246489
-0.169265,0.672279,0.078271,-0.384259,0.970754,-8.259038
-0.143531,0.702005,0.066332,-0.958381,-0.388100,-7.115958
-0.161125,0.690362,0.060460,-0.989429,-0.311879,-8.282035
-0.184059,0.704487,0.027042,-1.715833,-0.849719,-8.184737
-0.208651,0.702169,0.026392,-1.588727,-0.931347,-8.356278
-0.215357,0.697400,0.032658,-1.703123,-1.798502,-7.325434
-0.228864,0.679123,-0.005241,-1.553812,-1.534574,-7.912551
-0.232833,0.648659,0.033725,-1.178498,-3.012695,-7.967459
-0.249964,0.611393,0.001330,-2.126170,-1.736969,-6.772297
-0.255876,0.537086,0.012110,-0.877938,-1.139578,-5.307869
-0.229882,0.499689,-0.002100,-1.381063,-0.527650,-4.391421
-0.202697,0.457171,0.020546,-0.216346,-0.262156,-3.775179
-0.202631,0.410318,0.003749,-0.318853,-0.130662,-2.369513
-0.221912,0.309892,-0.017462,-0.591243,0.385597,-0.985738
-0.244768,0.221607,0.009313,0.550802,0.130916,0.567451
-0.215938,0.170499,-0.025343,-0.118405,1.179438,1.435821
-0.194320,0.091885,0.003536,0.792866,0.770932,3.594708
-0.180451,0.015066,-0.022891,0.275669,0.683560,6.111441
-0.169071,-0.040404,-0.031163,0.447993,0.496832,6.287417
-0.163314,-0.086210,-0.022064,0.199414,-0.190136,5.875655
-0.159043,-0.128810,-0.023541,-0.384187,-0.068226,5.739763
-0.144108,-0.160600,-0.008021,-0.955452,-2.396430,7.490062
-0.114406,-0.169939,-0.048658,-1.841146,-0.981387,5.932076
-0.085717,-0.164306,-0.024322,-0.972229,-1.214319,4.426083
-0.085770,-0.187454,-0.040980,-1.817460,-2.370105,6.080518
-0.111034,-0.231928,-0.062648,-1.812057,-1.216518,6.613882
-0.101138,-0.230621,-0.042356,-1.794942,-2.073336,5.560380
-0.078991,-0.217501,-0.062723,-2.115663,-1.832428,4.955916
-0.068675,-0.232919,-0.051829,-0.939483,-0.677246,4.229315
-0.076021,-0.226679,-0.049242,-1.298697,-1.177877,4.662111
-0.117882,-0.234393,-0.057475,-0.470324,-0.309482,2.788199
-0.112039,-0.197672,-0.049712,0.784736,0.355353,3.485477
-0.101640,-0.183134,-0.051343,0.607937,0.896102,3.568365
-0.130952,-0.202553,-0.002530,1.314134,-1.088372,2.978777
-0.144542,-0.180498,-0.037206,1.307815,0.301993,1.483123
-0.158275,-0.160101,-0.018555,2.718128,0.081332,0.903585
-0.174907,-0.125393,-0.003433,2.012151,-0.675861,2.310510
-0.197166,-0.086827,0.006625,2.280578,-1.364510,2.062120
-0.202027,-0.031174,-0.001187,1.450706,-1.439760,1.488142
-0.201144,0.009509,-0.017002,1.152483,-0.550906,-0.840213
-0.200556,0.038480,0.000326,1.146798,-1.541342,-1.945831
-0.211628,0.070907,-0.026403,-0.078408,-0.780499,-2.345541
-0.222358,0.099139,0.010518,0.275764,-0.764868,-2.378261
-0.216329,0.158771,-0.017376,-1.363519,-0.722784,-1.577008
-0.195288,0.164985,0.008417,-1.195431,-1.339131,-1.207146
-0.168382,0.190165,0.016331,-2.165828,-1.309103,-1.689835
-0.194839,0.209734,0.021337,-1.648208,-0.338062,-2.807680
-0.209862,0.226718,0.029704,-1.980814,-1.558056,-1.198008
-0.217244,0.226875,0.039288,-1.313734,-0.158168,-1.141675
-0.191123,0.244903,0.040024,-1.232461,-0.231318,-1.053473
-0.181226,0.241397,0.048167,-0.836441,0.288946,-1.251926
-0.205113,0.231172,0.073252,-0.608282,-0.858398,0.128556
-0.225296,0.201528,0.050143,-0.858079,-0.294248,0.453173
-0.176240,0.234504,0.070918,0.061119,-0.534047,2.130549
-0.110798,0.270561,0.067110,-0.280954,-0.168964,1.394262
-0.106337,0.271572,0.088180,0.324403,-0.366945,1.209143
-0.137885,0.256519,0.038123,0.145510,-0.208291,0.363068
-0.150680,0.259959,0.077942,0.204105,-1.072889,0.054338
-0.139776,0.306734,0.074844,-0.890221,-1.118502,0.216634
-0.157304,0.319696,0.083989,-0.683893,-1.198672,-0.012697
-0.176733,0.330151,0.078077,-1.618584,-2.353342,-0.320275
-0.203839,0.336085,0.062951,-1.802102,-1.682086,-3.099454
-0.204738,0.368811,0.088728,-1.958257,-1.955123,-2.463722
-0.220819,0.375658,0.085282,-2.339128,-0.997439,-1.906167
-0.242142,0.375540,0.113987,-2.406677,-3.655813,-1.459033
-0.228956,0.395041,0.063572,-3.016348,0.873249,-1.987815
-0.227738,0.388394,0.116895,-2.379075,-0.582896,-2.489742
-0.232465,0.397572,0.095897,-2.716060,-0.180121,-0.613868
-0.255593,0.403031,0.095425,-2.404843,0.274582,-0.836510
-0.240353,0.440552,0.112198,-1.951118,0.620731,-2.600936
-0.243481,0.471328,0.073094,-2.385932,-0.051030,-4.289787
-0.249186,0.462459,0.096311,-1.135609,0.127889,-5.437741
-0.260720,0.465459,0.098756,-1.239449,-2.325382,-6.655628
-0.241879,0.468893,0.069940,-0.621294,0.330321,-8.461422
-0.233548,0.443444,0.082961,0.665530,-1.176640,-7.450109
-0.213571,0.398773,0.072218,0.020974,-1.042448,-6.012091
-0.175111,0.330751,0.076472,2.287888,-0.557884,-6.442217
-0.135095,0.303468,0.051217,1.912348,-0.414264,-6.873732
-0.126879,0.227827,0.051473,2.525419,-0.989200,-5.928911
-0.137734,0.149892,0.058934,2.895185,-1.222867,-2.888449
-0.137537,0.083469,0.066171,3.232978,-0.354123,-2.342638
-0.082303,0.046400,0.076603,2.450198,-0.951054,-2.121748
-0.034501,-0.009844,0.060910,1.695129,-0.373007,-1.459932
-0.027684,-0.084037,0.070839,1.887812,0.079441,0.059428
-0.032528,-0.157620,0.055871,0.615703,0.735584,0.155070
-0.013976,-0.219169,0.067859,0.782481,-0.737233,-0.790843
0.049149,-0.263574,0.031056,-0.670684,0.684900,1.349936
0.063158,-0.364062,0.075582,-0.585754,-1.002743,3.499262
0.042436,-0.415367,0.019128,-2.302404,-0.003628,5.269626
0.012553,-0.484617,0.042318,-0.930850,-0.193477,5.179011
0.021487,-0.527886,0.002755,-1.362858,0.887755,7.447903
0.025161,-0.597290,0.053130,-0.660443,-0.834866,8.192725
0.045801,-0.604357,0.028085,-1.522680,-1.665083,7.852715
0.008404,-0.649802,0.030623,-0.891638,-1.299209,5.735003
-0.019438,-0.665939,0.029070,-0.269573,-1.100106,8.083637
-0.019527,-0.673219,0.025177,-0.284804,-0.731945,9.349296
-0.010076,-0.626900,0.039768,-0.054971,-1.291509,9.583281
0.002666,-0.599564,0.021977,0.486021,0.164758,8.583601
-0.044545,-0.594673,0.022617,0.935531,-0.943669,9.244848
-0.065389,-0.587396,0.019751,1.255378,0.330777,8.120933
-0.056080,-0.520333,0.020880,1.554710,0.712105,8.076849
-0.016047,-0.443438,0.024376,1.945258,1.168068,7.648360
0.002994,-0.391165,0.016541,1.854082,0.416646,8.140403
-0.025639,-0.342060,-0.017403,1.607239,1.569090,5.636164
-0.020518,-0.247204,0.008470,0.797898,0.149741,5.425736
-0.005714,-0.134534,-0.002471,-0.561094,1.056396,4.657191
-0.023863,-0.025367,0.011381,0.185451,-0.010232,3.407558
-0.036126,0.071718,-0.017514,-1.323903,-0.340258,0.881658
-0.077885,0.162261,0.019607,-1.319659,-2.405631,-2.626316
-0.096349,0.264203,-0.011878,-2.458560,-2.159461,-4.314719
-0.112285,0.343034,0.011834,-1.949966,-2.619314,-4.293289
-0.096684,0.430915,-0.009115,-2.345897,-2.517326,-5.490470
-0.066203,0.513232,-0.003305,-1.234184,-0.708456,-7.443237
-0.066696,0.547793,-0.010956,-1.174939,-2.240780,-8.878532
-0.094347,0.551975,-0.037170,-1.165177,-0.050222,-8.687124
-0.101112,0.575418,-0.016969,0.444537,0.458628,-8.227183
-0.068045,0.631791,-0.040078,0.622271,1.713684,-7.443091
-0.042573,0.645462,-0.006164,1.669664,1.028187,-6.651222
-0.066006,0.643348,-0.015207,0.774205,0.837565,-5.844001
-0.095601,0.628213,-0.008589,0.860047,1.185100,-6.770349
-0.085940,0.650011,-0.010073,1.313083,1.013974,-7.322901
-0.078351,0.674068,-0.023085,0.780586,0.766599,-7.261287
-0.123285,0.666059,0.006257,0.645376,-1.254237,-6.009854
-0.141538,0.649591,-0.032338,-0.667983,-0.377573,-7.287908
-0.133897,0.626289,-0.015302,-0.641947,-1.214759,-8.516052
-0.151389,0.590911,-0.005947,-1.339879,-1.972182,-6.373413
-0.162001,0.535937,-0.008445,-1.912966,-1.406631,-4.637338
-0.130565,0.532385,0.009572,-2.772321,-3.237713,-3.925389
-0.114370,0.511240,0.004337,-3.598147,-1.076815,-4.072064
-0.127519,0.464471,0.022820,-2.960425,-0.668378,-2.516684
-0.124706,0.402673,0.001458,-3.976979,-1.040215,-2.420255
-0.113368,0.376909,0.019410,-3.479670,-0.721172,-1.648274
-0.100915,0.357940,-0.007723,-3.273648,2.201734,0.200639
-0.080941,0.296496,0.015149,-2.071865,1.208334,1.871510
-0.058726,0.206340,0.021734,-1.635235,-0.523779,3.912850
-0.060354,0.148080,0.004068,-1.433546,2.805453,4.223297
-0.036162,0.141447,0.028276,-0.741473,1.197666,5.825420
-0.000223,0.119901,0.006411,-0.644110,1.266781,6.707484
-0.007805,0.086193,0.042974,0.708475,0.661063,6.465408
-0.007913,0.069912,0.035907,0.271910,-0.341299,3.480053
0.002370,0.034127,0.053403,1.157295,-1.456862,2.481332
-0.006029,0.003623,0.027678,0.651147,-1.559248,2.029301
-0.027116,-0.035008,0.038379,1.546090,-1.828864,2.165375
-0.025852,-0.026687,0.040289,0.707831,-2.766407,3.656226
-0.026325,-0.042833,0.043290,1.041767,-1.908391,3.989518
-0.026010,-0.063755,0.022072,0.417634,-1.814158,2.655089
-0.014445,-0.074157,0.026549,-0.007947,-1.035321,1.030006
-0.020275,-0.064159,0.048299,0.172751,-1.569131,0.008951
-0.007992,-0.051272,0.011916,-0.662980,2.375926,0.644484
-0.010086,-0.088840,0.071180,-0.204686,1.394642,1.752314
0.014778,-0.118877,0.046565,-0.632779,1.922891,1.241029
0.004970,-0.171925,0.088161,0.250923,1.507580,0.883522
-0.011350,-0.182317,0.083184,-0.956713,-1.545343,3.756595
-0.035358,-0.199399,0.050468,-0.207342,1.523724,4.587518
-0.035522,-0.152201,0.062380,-0.125494,0.569657,4.562380
-0.015132,-0.122652,0.055632,-0.180117,0.288821,0.971980
-0.023324,-0.119878,0.071824,0.108747,-2.618310,-1.818152
-0.051901,-0.137430,0.007344,0.059990,-0.592967,-3.069963
-0.096776,-0.127526,0.052894,0.477450,-3.026202,-2.939156
-0.076598,-0.099055,0.003428,-0.061162,-1.778242,-1.264557
-0.030950,-0.094896,0.054516,1.343068,-1.557616,0.067694
-0.027368,-0.132608,0.034857,1.055202,-1.098813,0.368901
-0.078289,-0.155082,0.055701,1.825918,-0.824871,-0.747080
-0.080603,-0.119035,0.042479,1.073459,-1.204472,1.660845
-0.081588,-0.102829,0.068006,1.493397,-0.304043,2.947472
-0.052837,-0.064773,0.062384,0.733785,0.682339,3.395804
-0.041965,-0.076133,0.056071,1.253756,1.405273,2.021483
-0.053083,-0.084622,0.060017,0.439200,0.935964,2.910223
-0.084013,-0.101552,0.037132,0.257034,2.413228,5.208005
-0.052495,-0.052007,0.041294,-0.319477,1.142596,8.183050
-0.014711,0.013034,0.035901,-0.574138,1.980005,6.895894
-0.029778,0.068222,0.032681,-1.029593,0.984478,6.502588
-0.072833,0.089479,0.011493,-2.267929,0.061995,4.806623
-0.120629,0.164837,0.038389,-3.200171,-1.793971,4.239787
-0.140964,0.245392,0.006172,-3.456884,-0.462631,1.407668
-0.125737,0.332156,0.039443,-3.275250,-2.946130,-0.627642
-0.129492,0.350203,0.002407,-3.808285,-2.793244,-2.999995
-0.178824,0.350252,0.028791,-2.598785,-3.078032,-4.445185
-0.182592,0.390561,0.021146,-2.551830,-2.693849,-3.742743
-0.178416,0.438120,0.027071,-1.384602,-1.636093,-1.268760
-0.165963,0.479003,0.033094,-1.105427,-0.379989,1.087157
-0.163232,0.507107,0.044291,-0.607350,0.622697,-1.777598
-0.175663,0.518330,0.059370,0.468292,0.203507,-4.540023
-0.203511,0.517243,-0.000469,0.681296,2.869907,-4.227125
-0.239427,0.535635,0.040378,1.724865,1.243255,-2.730636
-0.210827,0.573458,0.016840,0.987934,1.836346,-4.361240
-0.179657,0.613888,0.052451,1.287362,1.316900,-4.919117
-0.215377,0.628472,0.036593,0.216233,0.519051,-5.056802
-0.252557,0.619114,0.036019,0.371630,-0.113892,-6.913137
-0.241456,0.671925,0.023625,-1.132117,-2.378682,-8.261963
-0.226645,0.718434,0.025328,-1.887449,-1.855458,-10.127003
-0.212387,0.722626,0.031033,-2.086538,-2.138854,-10.027423
-0.218610,0.673635,0.006946,-2.540824,-1.802394,-10.840926
-0.230361,0.636481,0.011043,-2.627937,-2.553288,-11.351368
-0.258236,0.606279,-0.019448,-2.896916,-1.192577,-10.120325
-0.232058,0.581343,0.008670,-2.274868,-1.951578,-8.268258
-0.165746,0.526030,-0.008337,-2.767119,-1.376780,-7.962422
-0.171822,0.457700,0.021475,-1.029639,-0.150928,-9.093733
-0.152131,0.365233,0.002774,-0.893802,0.142752,-8.534523
-0.126347,0.241932,0.008256,1.070301,0.268516,-3.692654
-0.133427,0.150762,-0.009466,1.165127,1.426629,0.524049
-0.100459,0.047716,0.001931,2.796200,1.822465,0.572100
-0.049981,-0.056212,0.000194,3.371776,0.872993,3.472491
-0.093483,-0.186902,-0.011957,4.199101,1.301719,4.783097
-0.122392,-0.286479,0.008145,3.660712,-0.284539,4.251882
-0.102444,-0.360215,0.009477,3.313184,-0.358725,3.599344
-0.071668,-0.404587,-0.002635,2.718715,-1.375293,7.176918
-0.084936,-0.473417,0.003349,2.009646,-1.390517,9.261681
-0.053398,-0.535957,0.009343,1.319478,-2.310312,8.876708
-0.034012,-0.566891,-0.023094,-0.248914,-1.239436,7.592907
-0.059976,-0.601416,0.007875,-0.728970,-1.906703,8.519862
-0.049003,-0.634148,-0.004732,-2.277411,-1.501099,10.530481
-0.045527,-0.646989,0.004629,-2.399830,-0.814734,9.675215
-0.048898,-0.640125,0.004491,-3.440569,-0.788859,9.589468
-0.070930,-0.667048,0.012632,-3.103752,0.275898,9.808105
-0.068566,-0.667127,0.012172,-3.163019,0.247371,11.811105
-0.075151,-0.637956,0.011066,-2.743429,1.408031,11.884700
-0.047434,-0.598911,0.051190,-1.441555,1.053711,10.104666
-0.010572,-0.576259,-0.002825,-1.413969,2.195652,9.316986
-0.033526,-0.555022,0.038681,0.281893,1.184641,8.367008
-0.065684,-0.487439,0.023103,0.837747,1.456191,6.708594
-0.049006,-0.399841,0.037089,1.632058,0.628301,4.994851
-0.058305,-0.305389,0.034457,2.221006,-1.129606,6.548931
-0.136168,-0.223334,0.026914,2.885030,-0.495560,4.570546
-0.175052,-0.139012,0.055399,3.059324,-2.870477,0.051611
-0.150690,-0.056110,0.036393,2.474666,-2.726880,-3.870316
-0.142388,0.039464,0.048197,3.088422,-2.343649,-2.404413
-0.161387,0.116290,0.038527,2.356422,-1.597698,-1.971339
-0.109170,0.201200,0.068696,2.169274,-1.710509,-3.897455
-0.084417,0.280501,0.034775,0.632427,-0.178313,-4.705014
-0.106009,0.351510,0.063526,0.539632,0.387271,-3.790285
-0.097646,0.431037,0.046050,-1.394777,0.607431,-4.456962
-0.105842,0.541829,0.071578,-1.545313,-0.152776,-7.316618
-0.116497,0.621444,0.026497,-2.680062,2.124954,-8.053447
-0.123291,0.633405,0.051801,-2.603506,0.451118,-8.674442
-0.129397,0.653609,0.017503,-3.126080,0.470773,-8.910962
-0.143091,0.673881,0.042380,-2.444843,0.195816,-10.312459
-0.139237,0.686528,0.045994,-2.376627,-1.599904,-7.783159
-0.129603,0.669929,0.048463,-2.084884,-0.853547,-6.939753
-0.113470,0.652798,0.053091,-1.151549,-1.358632,-7.874292
-0.117153,0.626745,0.040733,-0.823453,-1.497689,-9.410368
-0.130280,0.573229,0.066775,0.738709,-2.435836,-7.300915
-0.148687,0.525108,0.043030,0.625330,-1.045615,-3.390385
-0.151113,0.486218,0.072260,1.503602,-2.281860,-2.824393
-0.070654,0.462226,0.051643,1.333201,-0.955509,-2.713226
-0.048658,0.405109,0.038786,1.845324,0.503837,-1.823080
-0.088245,0.355767,0.053347,0.943838,-0.849004,0.468046
-0.089528,0.331625,0.025985,-0.143358,0.983641,-0.010573
-0.057757,0.340858,0.051279,0.039536,0.973951,0.382802
-0.055890,0.328949,0.047327,-1.375102,1.111183,1.005061
-0.053681,0.280327,0.060220,-1.852756,0.081962,0.747062
-0.036963,0.232314,0.009677,-3.103273,1.332318,0.176000
-0.061404,0.221617,0.057122,-3.344608,0.005826,2.485865
-0.050723,0.182293,0.041363,-4.029134,0.116500,3.769270
-0.025422,0.130601,0.049933,-3.489803,-0.338075,3.265939
-0.020662,0.135289,0.025975,-4.491153,-1.440830,2.241969
-0.049154,0.115020,0.058947,-3.176281,-1.040800,0.947145
-0.037511,0.108350,0.038025,-3.154164,-1.629918,1.792111
-0.054905,0.106016,0.041015,-2.825756,-1.222791,1.740576
-0.059425,0.121604,0.068404,-1.706622,-2.458183,1.238422
-0.023384,0.090139,0.039538,-1.284806,-0.500159,-0.390406
0.000250,0.058621,0.064232,0.522748,-0.623598,0.233114
-0.048396,0.030933,0.024898,0.916125,1.869052,0.841106
-0.041595,0.030615,0.054282,2.907002,1.196533,-0.575666
0.003772,0.050362,0.034463,2.808191,0.568537,-0.240148
-0.009548,0.015384,0.021964,3.363878,1.106315,0.156867
-0.025025,-0.023279,0.044455,3.568397,1.083624,-0.411675
-0.004086,-0.060368,0.010629,3.921039,3.039192,-2.561911
0.010701,-0.093767,0.036170,3.747480,1.190881,-0.778492
0.035684,-0.121966,0.015179,3.032332,1.822327,1.006364
0.057565,-0.143794,0.033488,2.770801,0.372274,1.802406
0.042679,-0.160203,0.018330,1.045141,-0.469685,0.445662
0.014486,-0.153395,0.011240,0.851064,0.003676,0.600337
0.022459,-0.152329,0.010895,-0.631180,-2.802156,1.492501
0.022866,-0.149532,-0.004329,-2.084404,-1.233058,-1.310046
0.019475,-0.150362,0.024514,-1.752461,-1.577744,-2.281638
0.032129,-0.187818,0.003740,-2.615729,-0.728584,-0.955801
0.013373,-0.249929,0.021603,-2.012259,-2.223698,0.960156
0.000122,-0.265530,-0.003754,-2.674363,-0.475905,2.614885
0.046001,-0.290582,0.019128,-1.901221,-0.209466,3.127108
0.049588,-0.306531,0.019308,-1.111381,-1.229375,4.214945
-0.018955,-0.332554,0.002876,0.069043,1.243213,3.460252
-0.009591,-0.330969,0.016515,0.211937,0.650661,4.309977
0.011627,-0.324863,0.013265,0.457037,0.483279,5.209231
-0.005501,-0.321456,0.030531,2.483588,1.863837,7.682157
-0.004135,-0.310299,-0.021004,2.086941,2.381303,9.544564
-0.003498,-0.301141,0.016699,2.654905,0.602396,8.360289
0.012874,-0.251278,-0.007306,1.830963,0.955885,7.937915
-0.010526,-0.210457,-0.007821,2.367258,0.414335,7.578008
-0.034330,-0.145856,-0.002182,1.509071,-1.320549,7.333566
-0.046945,-0.059705,-0.020810,0.467173,-0.638491,5.039272
-0.059175,0.037203,0.005141,-0.373492,-1.507086,4.479532
-0.062238,0.115689,0.009083,-2.105274,-0.915470,3.430139
-0.065399,0.163367,0.023854,-2.091173,-1.454403,0.981514
-0.091560,0.249019,0.003858,-3.870766,-1.439242,-0.592735
-0.092407,0.320743,0.001077,-3.753150,-0.595934,-1.698763
-0.069010,0.366976,0.021189,-3.542943,-0.589592,-1.014795
-0.072889,0.427383,-0.008268,-3.875637,1.344197,-2.101001
-0.104729,0.485397,0.018711,-2.526552,0.871417,-4.343679
-0.086173,0.526244,0.011089,-2.979824,-0.001229,-3.988864
-0.117202,0.547796,0.045699,-1.396149,-0.631739,-3.117200
-0.149167,0.579931,0.006090,-1.173735,1.101546,-3.826320
-0.126393,0.597804,0.036918,0.128323,-0.839449,-4.911707
-0.115134,0.646739,-0.004089,-0.142396,0.175432,-4.241765
-0.146124,0.652821,0.023503,1.515347,0.295241,-4.790570
-0.138725,0.699127,0.011200,1.135132,-0.352647,-6.748735
-0.149856,0.723758,-0.003072,1.506514,-0.581813,-9.528554
-0.164571,0.749272,0.005745,0.853902,-1.710805,-10.069550
-0.182175,0.732581,0.018103,0.422971,-1.385446,-12.093761
-0.165339,0.730310,0.007954,-0.065961,-1.569450,-11.836105
-0.184913,0.712932,0.019797,-0.703542,-1.170217,-11.638427
-0.203517,0.669716,0.027626,-0.297163,-1.519819,-8.919258
-0.170801,0.630304,-0.018561,-1.599999,0.984107,-8.407154
-0.169518,0.594650,0.023956,-0.862330,-0.536893,-9.135753
-0.202218,0.549290,0.022403,-1.907603,-0.014217,-8.421514
-0.187358,0.436906,0.037664,-1.193633,-0.153110,-5.768856
-0.179684,0.372268,0.017220,-2.436315,-0.711870,-2.943749
-0.231799,0.296200,0.041619,-1.246743,0.226221,-2.912851
-0.190932,0.226593,0.017788,-1.470080,0.132449,-0.957396
-0.130772,0.134406,0.026549,-0.550295,0.422524,1.637532
-0.155636,0.051025,0.043175,-0.851557,-2.115112,2.710047
-0.167637,-0.036019,0.019587,-0.333289,0.264042,1.747272
-0.150772,-0.107527,0.017260,0.173628,-1.068950,3.925690
-0.168408,-0.191242,-0.013083,0.018638,-0.450223,5.286892
-0.157845,-0.248747,-0.001988,1.470220,-0.371976,4.835912
-0.079218,-0.299631,-0.001509,1.168971,-0.155982,5.062110
-0.105943,-0.371415,0.028755,1.286351,-2.376624,8.173298
-0.174517,-0.455271,0.007337,1.545198,-1.037924,9.233332
-0.145884,-0.481528,0.007573,1.208000,-1.954289,8.978990
-0.126426,-0.475209,0.007462,0.245372,-1.161104,8.543972
-0.122726,-0.484594,0.041212,1.206916,-0.887345,8.469812
-0.121000,-0.509310,0.018159,-0.390600,-0.704625,10.017653
-0.167302,-0.537480,0.059646,-0.218440,-1.891637,9.144461
-0.172038,-0.505010,0.038652,-1.014956,0.130109,9.514654
-0.157878,-0.496506,0.039718,-0.382273,0.451758,9.511250
-0.095367,-0.483776,0.034709,-0.954841,-0.476174,8.882677
-0.132728,-0.477720,0.035648,-0.180373,1.122984,5.281184
-0.163156,-0.432701,0.046191,-0.264706,-0.439860,4.767045
-0.161016,-0.407640,0.018865,-0.695490,-0.571847,5.547484
-0.192505,-0.337475,0.033492,0.510337,-0.934727,6.075995
-0.194553,-0.260738,0.012678,0.321787,-1.037350,2.096844
-0.157044,-0.200213,0.047268,0.376170,-2.621490,0.120445
-0.177507,-0.172259,0.022374,0.101135,-1.605474,0.937637
-0.229905,-0.130510,0.042633,0.715200,-1.492063,-0.342027
-0.189101,-0.044776,0.031647,0.813463,-1.208785,-2.102527
-0.149462,0.029880,0.020939,0.822332,-0.528441,-2.186820
-0.165543,0.086948,0.052431,1.129713,-0.782166,-1.313738
-0.183698,0.104575,0.031591,0.897796,-0.402845,-4.609692
-0.188323,0.143331,0.060306,1.565069,-1.950055,-6.412742
-0.216194,0.200855,0.012248,1.246236,0.751264,-5.106724
-0.188090,0.225713,0.048791,1.883347,0.185739,-3.226109
-0.112768,0.243783,-0.011662,0.934982,0.639077,-4.198832
-0.119759,0.281774,0.047340,1.265452,-0.055858,-4.325545
-0.122970,0.298863,0.014847,0.265926,1.513380,-2.638841
-0.130050,0.315006,0.033268,0.538904,0.252671,-1.947406
-0.148566,0.366067,0.001852,-0.820787,0.813450,-4.263128
-0.150033,0.399020,0.056032,-0.952863,-1.226871,-6.485080
-0.143826,0.416134,0.019761,-2.112745,-1.457807,-5.332560
-0.184775,0.380671,0.035382,-1.328751,-1.419908,-2.637008
-0.199122,0.369438,0.008663,-2.072634,-2.578533,-2.123362
-0.145303,0.366139,0.045121,-1.707905,-0.984837,-1.709203
-0.093175,0.365854,0.020139,-2.355110,-1.370245,1.036482
-0.112843,0.334812,0.026313,-1.827951,-0.351429,1.570233
-0.143724,0.327137,0.032586,-2.255761,-0.406363,0.034820
-0.126180,0.331851,0.035468,-1.974400,0.007161,-1.526489
-0.113181,0.356755,0.038261,-2.024227,-1.126429,1.021176
-0.145533,0.341442,0.026897,-1.621814,0.582586,0.445856
-0.142254,0.334405,0.025637,-1.197217,0.035453,-0.651808
-0.138193,0.317510,0.015953,-1.011523,0.686698,-0.929630
-0.178259,0.287929,0.054965,-0.187208,-0.722351,1.249808
-0.125566,0.289793,0.012064,-0.920869,1.535616,1.415719
-0.078653,0.305923,0.032799,-0.527813,-1.045992,0.551306
-0.118860,0.331516,0.016219,-1.335838,-0.569826,1.411137
-0.126058,0.316450,0.037496,-0.127037,0.466447,1.842666
-0.095545,0.317845,0.000782,-1.626005,-2.015011,-0.305663
-0.147434,0.337428,0.021996,-0.896520,-1.450438,-4.776110
-0.160176,0.349642,0.004665,-1.275139,-0.948869,-4.895598
-0.127614,0.324925,0.013735,-1.398014,-1.442163,-5.122810
-0.095715,0.321853,0.011893,-1.060054,-0.944424,-6.805654
-0.071501,0.312872,0.001704,-0.499863,0.236098,-9.555799
-0.039192,0.277747,0.011027,0.053546,-1.530792,-8.832466
-0.063436,0.186748,-0.032088,0.805703,0.272395,-9.223431
-0.070972,0.112256,-0.006725,2.416619,0.050348,-10.019438
-0.044434,0.001756,-0.031934,3.159484,-0.234705,-10.789778
-0.014373,-0.136668,-0.013897,5.475513,-0.765413,-9.661868
-0.039898,-0.306360,-0.054261,5.810785,1.307467,-6.051900
-0.053720,-0.458275,-0.025589,7.245680,-0.723027,-4.265769
0.003798,-0.553751,-0.051392,7.173830,-0.911219,-3.287747
0.001471,-0.678888,-0.052344,8.485141,-0.318443,-1.885751
0.016954,-0.860495,-0.061036,7.488472,-0.848757,-2.516262
0.009654,-1.056381,-0.037419,7.575644,-2.254655,-4.335666
0.023385,-1.217293,-0.103281,6.569360,1.532892,-2.836273
0.030275,-1.405761,-0.044394,6.871814,-0.981722,0.777423
0.038757,-1.576931,-0.059933,5.089703,-0.745534,5.375955
0.026707,-1.750099,-0.028566,5.217938,-1.575492,8.201887
0.050097,-1.885227,-0.080320,4.029177,0.249305,9.732553
0.054368,-2.033206,-0.058157,3.959481,-0.462610,8.297767
0.062416,-2.180309,-0.092991,2.614138,-0.253401,7.558596
0.027820,-2.300279,-0.083399,3.506686,-1.140483,8.643203
0.042518,-2.428012,-0.078666,2.605341,-0.472644,11.314356
0.073436,-2.552817,-0.062635,3.783372,-0.957569,13.726501
0.094614,-2.639493,-0.092767,3.458500,-0.078489,16.353100
0.062765,-2.712799,-0.063764,4.605892,-1.829371,17.530252
0.029103,-2.768397,-0.089902,4.765455,-1.055973,17.326186
-0.011494,-2.780779,-0.065192,6.393669,-1.573328,16.652021
-0.003948,-2.787409,-0.078896,6.204558,-1.180138,16.072395
-0.001325,-2.783963,-0.031094,7.586684,-4.870133,16.569984
0.008746,-2.746106,-0.083911,7.582804,-0.179401,18.245390
-0.042940,-2.730971,-0.041870,8.452916,-1.763250,17.704561
-0.035069,-2.653775,-0.067096,7.852486,-0.645113,16.326185
-0.015341,-2.545493,-0.041489,9.106088,-1.047327,14.712114
-0.018679,-2.444017,-0.056618,8.019073,-1.399920,12.208629
-0.026528,-2.372131,-0.039047,8.127393,-1.167517,8.502990
-0.020889,-2.260538,-0.056300,6.645832,-0.448200,5.999706
0.003503,-2.115842,-0.052252,6.585422,-0.718604,4.741280
0.037463,-1.954201,-0.067394,5.718343,0.240547,2.790542
0.011637,-1.821062,-0.065497,5.719938,-0.150687,-2.429431
-0.035719,-1.702769,-0.062008,4.484142,-1.216422,-5.131039
-0.032069,-1.610405,-0.056707,4.997059,-1.388347,-8.297678
0.045738,-1.503437,-0.063488,5.047412,-0.927762,-10.336826
0.050632,-1.442075,-0.071359,5.353483,-2.062642,-13.062640
0.016564,-1.367491,-0.069653,5.713185,-2.101992,-14.653745
-0.004296,-1.315415,-0.057429,5.788481,-1.269158,-16.275001
0.034709,-1.225571,-0.058023,6.776803,-1.473779,-15.419946
0.067543,-1.193436,-0.048720,8.011430,-0.425464,-17.177065
0.102961,-1.206261,-0.050014,7.911785,-0.221870,-17.713168
0.084750,-1.243736,-0.051159,9.392253,0.692597,-19.343628
0.053941,-1.242151,-0.053129,9.056703,-0.006129,-17.581241
0.086631,-1.243500,-0.041591,9.184842,0.548882,-16.785219
0.132194,-1.226441,-0.042008,8.865730,0.533806,-15.134037
0.153927,-1.288863,-0.050066,9.154152,1.226581,-15.298476
0.188606,-1.393376,-0.038469,8.525427,0.553474,-14.669234
0.166417,-1.485324,-0.061673,7.876230,0.896017,-14.076234
0.151859,-1.524523,-0.043675,7.117110,-0.149607,-11.769484
0.175391,-1.550848,-0.059339,6.042096,0.457000,-9.779484
0.210822,-1.598000,-0.026068,5.715588,-0.163820,-7.779060
0.225488,-1.724109,-0.052518,4.097035,-0.626263,-7.212450
0.226811,-1.821567,-0.034038,4.694018,-0.541281,-5.478231
0.233097,-1.895475,-0.044355,3.284901,0.002935,-3.923871
0.244057,-1.949268,-0.037271,3.418818,-0.522620,-1.861851
0.288478,-1.973341,-0.035318,3.037201,-0.061424,2.501109
0.301417,-2.063799,-0.027631,3.642270,0.042285,3.378884
0.305360,-2.170048,-0.019290,3.721419,-0.330282,4.426512
0.289542,-2.266230,-0.032719,5.008473,0.772099,5.097377
0.298194,-2.287983,-0.009177,5.668502,-0.277408,8.738509
0.310392,-2.303085,-0.012919,5.870605,0.694341,10.456141
0.314895,-2.340124,0.004806,7.731229,-0.038184,10.709752
0.315154,-2.404696,-0.036913,7.639380,1.418368,9.409123
0.300147,-2.449393,0.002564,9.028757,0.258725,8.481167
0.289830,-2.433293,-0.014133,8.320962,-0.080941,10.359615
0.295608,-2.376714,-0.001187,9.748156,0.026152,11.355940
0.303344,-2.319350,-0.013260,8.930084,0.500592,10.204693
0.290323,-2.323154,-0.002018,8.812687,0.377783,8.535303
0.313878,-2.328186,-0.023991,8.282951,0.448631,8.136717
0.319038,-2.303512,-0.008698,7.967519,0.633810,7.308292
0.361992,-2.226237,-0.011379,7.415242,0.363731,7.985768
0.360885,-2.158520,-0.034393,6.278809,1.781928,7.045656
0.352341,-2.071946,-0.001207,5.812444,0.789308,6.160286
0.331606,-2.032927,-0.017806,4.622855,0.539512,3.228513
0.345504,-2.004075,0.010912,5.577372,1.180102,1.529256
0.378669,-1.948952,-0.015308,4.667815,1.141901,1.557498
0.398436,-1.878177,0.005220,4.823773,0.319332,1.988519
0.387785,-1.791786,-0.002100,4.113017,0.063246,3.268777
0.366613,-1.710342,-0.005284,5.180466,1.652763,2.259442
0.375200,-1.601194,0.008194,4.411368,-0.227877,1.385787
0.386078,-1.518385,0.007140,4.623567,-0.016146,-0.565013
0.397192,-1.427392,-0.008238,4.827604,0.063952,-0.493713
0.351789,-1.372618,-0.005057,5.056560,-0.374451,-1.595695
0.341945,-1.288998,0.005299,5.296697,-0.768514,0.045878
0.352462,-1.179939,-0.021988,5.471417,0.639685,2.766973
0.385651,-1.075377,0.009960,5.375833,-0.459227,6.134909
0.405359,-0.978719,-0.047371,4.533172,1.615281,5.846802
0.390424,-0.896018,0.005236,4.794142,1.741819,3.657026
0.366015,-0.791485,-0.023268,3.715802,1.548687,2.115059
0.342851,-0.682003,-0.012794,3.202294,1.023989,0.749786
0.350526,-0.542381,-0.023734,2.078673,1.401331,3.672481
0.324069,-0.439434,-0.019743,1.235405,1.006283,4.856672
0.289476,-0.339720,-0.012971,0.917484,0.474962,5.442920
0.272893,-0.252568,-0.029302,0.166840,1.168872,3.934720
0.280196,-0.159836,-0.013539,-0.187792,-0.606192,3.001974
0.298738,-0.057013,-0.046469,-1.002729,1.823765,1.938752
0.307151,0.026449,-0.036057,-0.211632,0.235215,2.191473
0.287056,0.089216,-0.052285,-1.527647,0.814864,2.267017
0.273838,0.150552,-0.023774,-0.799779,0.559586,2.543203
0.277573,0.253154,-0.040938,-1.735993,0.654114,3.628376
0.271514,0.351473,-0.019238,-1.385261,0.712774,2.823347
0.268025,0.451647,-0.062553,-1.507805,1.118729,1.066896
0.226781,0.505036,-0.043258,-0.892600,1.079481,-3.196097
0.184513,0.546808,-0.034281,-0.841946,0.575361,-7.212395
0.192020,0.590481,-0.039425,-0.475600,0.587962,-8.785934
0.201122,0.648849,-0.030020,-0.464180,-0.480786,-8.040933
0.215909,0.699159,-0.055531,-0.581271,1.574049,-7.190444
0.194380,0.722724,-0.044200,0.639490,1.015136,-6.653149
0.169926,0.731852,-0.059877,-0.278263,0.769826,-8.663249
0.169476,0.728908,-0.037767,0.853499,0.829409,-11.976194
0.160131,0.724382,-0.059602,0.116953,0.639267,-14.357055
0.141943,0.715187,-0.033943,0.812212,0.394581,-15.032700
0.125206,0.692798,-0.034704,0.186678,0.335356,-13.475212
0.074108,0.636839,-0.062083,0.177970,-0.679282,-13.637867
0.099796,0.613580,-0.048930,0.038982,-0.243647,-12.822446
0.088603,0.559304,-0.067545,0.102838,-0.239183,-13.759949
0.081451,0.474040,-0.042129,0.701771,-0.090915,-13.412181
0.036301,0.368946,-0.078643,0.332146,0.251512,-13.454645
-0.003614,0.249291,-0.032719,1.183522,-0.488254,-13.771581
-0.026459,0.147788,-0.043219,0.584415,-2.318988,-11.944377
-0.020118,0.012772,-0.033844,2.117257,-0.512646,-10.168540
-0.021129,-0.119274,-0.045835,1.670245,-0.081176,-6.709590
-0.060377,-0.287010,-0.042152,3.091377,0.108156,-4.652242
-0.081706,-0.437855,-0.053057,3.328865,-0.796790,-1.673424
-0.092466,-0.623057,-0.049328,3.559088,0.377930,-1.109617
-0.105740,-0.777538,-0.025829,4.536221,-0.177334,2.018857
-0.126550,-0.936897,-0.037550,4.424172,-0.031902,3.695850
-0.150263,-1.098856,-0.018883,4.861846,-2.243695,7.383823
-0.174014,-1.268443,-0.049278,4.246297,-0.345247,8.374120
-0.181692,-1.443565,-0.045766,5.789328,-0.371549,9.878717
-0.191204,-1.596011,-0.055433,5.003762,-0.539889,10.121405
-0.214746,-1.752308,-0.005894,5.603874,-1.329420,11.544003
-0.247098,-1.874060,-0.034773,4.605593,-1.735825,13.569216
-0.263907,-1.988558,-0.023738,5.241693,-2.302870,15.958468
-0.266474,-2.099098,-0.034767,4.291995,-2.161216,16.933744
-0.284793,-2.199340,-0.027391,5.121415,-2.632239,16.176821
-0.278908,-2.274817,-0.033116,3.946247,-2.555368,16.462365
-0.314575,-2.354990,-0.038246,3.910806,-1.469183,15.232828
-0.343181,-2.398640,-0.020275,4.354355,-1.375712,15.703957
-0.356501,-2.407312,-0.026413,3.805135,-1.102095,14.962644
-0.365203,-2.414747,0.003940,4.225983,-3.447019,15.414002
-0.364399,-2.415719,-0.047201,3.871840,-1.346357,14.042303
-0.383227,-2.394547,-0.014685,5.134158,-1.791446,12.835228
-0.398654,-2.364293,-0.020698,4.684306,-2.170033,11.024939
-0.410343,-2.323397,-0.009610,5.720424,-1.690226,8.809200
-0.406542,-2.250218,-0.004467,5.865426,-1.671663,6.837862
-0.407534,-2.177276,-0.005973,6.210134,-1.739508,4.494662
-0.415477,-2.100680,0.003303,6.774273,-2.735174,3.065156
-0.430583,-2.012330,-0.025766,6.111257,-1.994111,0.969297
-0.436862,-1.904551,0.005276,7.376377,-2.484294,-0.734549
-0.443122,-1.804095,-0.005878,6.628100,-3.014440,-2.445272
-0.437932,-1.697340,0.003070,7.823475,-2.148175,-4.225383
-0.440739,-1.593887,-0.006269,6.738084,-2.212567,-4.642625
-0.453163,-1.508442,0.004842,6.878776,-2.543893,-6.040666
-0.445462,-1.386628,0.016531,6.563150,-3.603156,-6.645482
-0.433770,-1.299065,-0.029364,6.004909,-1.160047,-8.006668
-0.425203,-1.219919,0.020549,5.879562,-3.366814,-8.993787
-0.416134,-1.152583,-0.015358,5.378541,-1.132793,-10.116119
-0.430301,-1.104548,0.018665,6.007416,-0.978853,-10.170818
-0.434535,-1.039519,0.017585,4.665073,-2.786843,-10.310647
-0.428325,-0.991402,0.021563,5.072214,-2.067205,-9.869668
-0.411322,-0.947805,0.014942,4.432650,-1.796594,-8.847872
-0.396117,-0.928192,0.003211,4.467017,-1.705519,-8.643743
-0.415723,-0.926942,0.034969,4.594996,-4.140613,-8.641534
-0.414207,-0.930240,-0.012249,3.835171,-0.469993,-7.749683
-0.405824,-0.927782,0.028909,4.208909,-2.625803,-6.571126
-0.395287,-0.922668,0.014434,3.257514,-2.561989,-5.023820
-0.398566,-0.924165,0.032044,3.966094,-2.464186,-3.964872
-0.378684,-0.885383,0.010748,2.517958,-2.238183,-1.977401
-0.378747,-0.882435,0.018287,3.019413,-1.053558,-2.336146
-0.369592,-0.869092,-0.009144,2.096323,-1.258054,-3.750588
-0.346907,-0.868501,0.029060,2.186997,-1.338247,-5.894103
-0.334687,-0.886075,0.009057,1.512754,-0.767372,-6.328218
-0.338921,-0.910940,0.019498,2.592319,-0.438908,-6.471979
-0.339607,-0.923495,0.036482,2.161781,-1.524119,-3.952697
-0.328010,-0.939976,0.039210,1.879692,-3.158018,-2.129032
-0.288769,-0.950175,0.037490,3.334655,-1.276029,-1.414559
-0.270072,-0.952820,0.011617,3.005637,-1.277010,-2.258300
-0.267873,-0.972879,0.035028,3.687120,-2.015027,-2.700602
-0.248401,-0.968166,0.001547,3.290539,-0.859888,-3.394460
-0.218331,-0.983859,0.022794,4.408058,-1.172740,-3.768470
-0.190177,-0.987522,0.018799,3.973441,-1.407316,-2.935170
-0.168661,-1.002366,0.034929,4.736463,-1.150804,-2.090575
-0.149101,-1.017251,0.002722,4.455611,-0.434950,-1.579026
-0.116779,-1.024210,0.027321,4.796479,-0.469136,-1.139713
-0.099218,-1.027562,0.014467,3.876461,-0.655214,-1.467612
-0.072462,-1.050345,0.030875,4.818911,-0.253648,-2.428020
-0.037629,-1.049662,0.007931,4.021410,0.067024,-2.345627
-0.030831,-1.076240,0.038169,4.246208,-1.603642,-2.064666
-0.008865,-1.081637,0.013085,3.338483,-0.489740,-0.323515
0.011693,-1.087417,0.032970,4.022326,-1.279639,0.833092
0.043267,-1.103445,0.018763,3.357485,-0.065383,0.901417
0.048600,-1.121446,0.030514,4.357804,-0.334487,-0.069735
0.078868,-1.130945,-0.012807,3.957157,1.076866,1.449178
0.085180,-1.163714,0.021964,4.112856,0.053855,2.622487
0.098500,-1.174090,-0.000994,4.391774,0.158975,5.082107
0.106969,-1.177067,0.024022,4.561788,-0.060811,6.687503
0.137778,-1.183638,0.045308,3.541790,-1.107544,8.617266
0.137010,-1.221390,0.024104,4.194500,0.003479,7.738219
0.157098,-1.228801,0.003447,4.345226,0.195531,7.886123
0.162350,-1.224790,0.023362,4.422816,0.598566,7.688885
0.183565,-1.196410,0.036029,3.470653,-0.037558,9.577712
0.183745,-1.162680,0.045906,3.473460,0.367951,10.918775
0.222560,-1.112196,0.016022,2.868654,2.368391,13.194414
0.222363,-1.062172,0.020651,1.877663,0.512270,13.044676
0.235496,-0.992466,0.032684,1.822138,0.881351,13.137650
0.254157,-0.912817,0.004632,0.824214,1.150898,12.034251
0.263846,-0.832000,0.019298,0.474805,-0.184224,10.946959
0.280895,-0.738083,-0.000702,-0.837031,1.264608,9.609636
0.306964,-0.647504,0.016472,-0.368746,1.093541,10.313424
0.335715,-0.533085,-0.000009,-1.547541,1.853284,10.164095
0.357133,-0.434280,0.034338,-0.714567,0.752748,8.927448
0.394464,-0.295180,-0.016129,-1.389623,2.605428,8.355377
0.382526,-0.206968,0.016813,-0.493259,0.775331,5.565467
0.389439,-0.075559,-0.003032,-1.399664,1.090077,3.490071
0.398469,0.055837,0.011141,-0.110714,1.275374,1.572741
0.419312,0.185983,-0.012000,-0.582233,0.648241,1.305946
0.424515,0.328424,-0.013592,-0.273775,1.312981,-0.664668
0.415757,0.449513,-0.014091,0.255472,0.988801,-2.146566
0.405240,0.572995,-0.043488,0.222966,1.154130,-4.462111
0.409304,0.690261,-0.014288,0.437535,0.848680,-6.001938
0.408720,0.792584,-0.038289,-0.366075,2.450769,-7.883049
0.401406,0.876841,0.007846,0.075564,1.237550,-9.481378
0.403999,0.965572,-0.020544,-0.574995,1.754501,-10.170061
0.395898,1.013269,-0.005592,0.418106,2.597336,-10.666435
0.401413,1.050009,-0.019303,-0.395567,2.559654,-11.198033
0.399529,1.078248,0.012294,-0.205268,1.446874,-12.828460
0.409501,1.110229,-0.030798,-1.279095,2.576368,-13.758480
0.405769,1.118570,0.001005,-0.745357,1.854373,-14.570349
0.402017,1.129169,-0.018788,-1.571750,2.238523,-13.764070
0.395534,1.108972,-0.009088,-1.070351,1.136933,-14.148604
0.419962,1.103185,-0.040734,-1.851496,2.187146,-11.698904
0.407610,1.034063,-0.022077,-1.804255,0.942095,-12.121048
0.415432,0.977635,-0.038240,-1.581437,0.230528,-10.649536
0.400520,0.889383,-0.046613,-1.717241,0.294995,-11.772805
0.403464,0.806807,-0.004112,-1.483393,0.797900,-10.890061
0.398606,0.716917,-0.033086,-1.518046,0.700783,-9.710795
0.391319,0.595693,-0.020574,-0.519144,1.315984,-8.375445
0.395124,0.467488,-0.012154,-0.747526,1.664497,-7.196244
0.370519,0.300661,-0.014550,0.340421,1.647058,-6.981390
0.399864,0.180120,-0.028159,0.244341,2.137437,-3.540693
0.392551,0.041851,-0.031918,1.090022,2.249579,-2.743078
0.377205,-0.090967,-0.025967,1.580067,1.670934,-0.125191
0.348175,-0.225097,-0.063163,2.118666,2.308151,1.357760
0.325028,-0.369610,-0.002684,1.581380,-2.087983,2.934150
0.317166,-0.508539,-0.032095,2.018571,1.633777,4.234713
0.316113,-0.631095,-0.020314,2.219706,-0.046024,5.945633
0.291100,-0.772851,-0.037199,1.914220,0.708297,5.754587
0.252834,-0.888560,0.008561,2.386599,-1.611044,6.408820
0.262816,-0.976753,-0.029843,1.534087,1.215775,7.310950
0.264454,-1.100757,-0.014573,2.331300,-0.253089,8.156259
0.260948,-1.183609,-0.037570,1.067577,0.693609,8.955031
0.241296,-1.267780,-0.029193,2.344042,-0.775358,8.675050
0.217791,-1.326697,-0.058784,1.176561,0.431542,8.723971
0.176054,-1.400739,-0.026643,1.572531,-0.088265,7.468931
0.174039,-1.449290,-0.046232,2.063781,0.674216,7.037832
0.149089,-1.499137,-0.058285,3.018449,0.529700,5.110203
0.125344,-1.545028,-0.045697,3.396251,-0.312764,5.904875
0.083447,-1.606758,-0.069180,3.879924,0.546365,5.462438
0.072037,-1.635670,-0.038696,4.920408,-0.028360,6.695739
0.065633,-1.676369,-0.063462,5.220646,-0.013504,7.185775
0.058441,-1.707536,-0.031941,6.840969,-1.129992,7.076615
0.056400,-1.727325,-0.086150,6.543977,1.154542,7.013982
0.049444,-1.718955,-0.044122,7.412294,-0.001943,6.606510
0.028604,-1.712262,-0.072147,6.867622,-0.510852,6.403097
0.027061,-1.671803,-0.077672,7.537561,-0.289091,5.001147
0.005512,-1.654127,-0.075357,6.335395,-1.922219,3.543602
-0.001985,-1.629141,-0.077212,5.936749,-0.824273,2.101577
-0.012042,-1.597465,-0.064821,4.993439,-1.011848,2.041248
-0.031928,-1.566135,-0.083544,4.557974,-1.143825,1.166513
-0.033076,-1.510799,-0.077639,4.420069,-1.225193,2.504937
-0.052180,-1.458247,-0.091999,3.360892,-0.909856,2.797001
-0.073011,-1.419741,-0.067690,2.920356,-2.865007,2.757933
-0.112380,-1.384425,-0.104141,2.539948,-0.985191,1.453730
-0.124834,-1.313452,-0.065914,2.177271,-1.744669,1.529986
-0.126111,-1.246372,-0.088966,1.812133,0.142661,0.705148
-0.135584,-1.167702,-0.064581,2.223077,-0.773047,0.762353
-0.148336,-1.104955,-0.104069,1.794512,0.669686,1.647321
-0.166787,-1.047532,-0.087026,2.797064,-0.791931,1.426018
-0.171789,-0.984381,-0.082966,2.024608,-0.235985,1.399055
-0.179798,-0.927756,-0.070545,3.306085,0.063941,0.710080
-0.196194,-0.838552,-0.072006,2.834441,-1.432332,1.265520
-0.213450,-0.748991,-0.089958,2.870742,-0.669972,0.087445
-0.237572,-0.660883,-0.071678,3.260262,-0.729769,-0.850687
-0.266002,-0.573600,-0.064325,3.183075,-0.442674,-2.082962
-0.295557,-0.486136,-0.047142,2.945108,-2.745051,-3.371784
-0.306353,-0.405562,-0.064919,2.302948,-2.147943,-4.935224
-0.290712,-0.331317,-0.051474,2.679966,-1.770623,-4.589633
-0.298380,-0.262868,-0.069219,1.712513,-1.814247,-4.233909
-0.324337,-0.206958,-0.045540,2.271785,-4.100347,-4.698290
-0.304436,-0.127654,-0.071524,0.553077,-1.424904,-3.950124
-0.299007,-0.054023,-0.031409,0.665068,-0.777476,-4.010305
-0.297533,0.015558,-0.067965,-0.722911,-0.336411,-5.656656
-0.305339,0.095243,-0.033693,-0.022915,-0.158031,-7.701715
-0.323917,0.151110,-0.032942,-1.653253,-0.979090,-9.818505
-0.318655,0.204108,-0.025950,-0.751387,-0.513312,-10.678058
-0.300382,0.242122,-0.062966,-1.676594,0.139214,-11.051517
-0.314165,0.249642,-0.041020,-0.588443,-1.257365,-9.968891
-0.319634,0.256952,-0.033730,-0.988182,-1.322302,-9.349412
-0.324209,0.244880,-0.013090,0.117343,-1.408932,-9.393594
-0.312859,0.242106,-0.010923,0.439265,-1.782066,-8.455913
-0.315961,0.215137,-0.012459,1.684445,-1.210656,-9.208901
-0.296653,0.211635,-0.000150,1.528903,-2.145153,-8.427345
-0.307551,0.198551,-0.000794,1.171285,-1.487421,-8.797804
-0.295219,0.178354,0.015258,1.997747,-1.162040,-7.126156
-0.282322,0.139021,-0.010165,1.858388,-0.783178,-6.561901
-0.279476,0.121424,0.004202,2.079614,-1.227945,-4.785271
-0.287617,0.076408,0.027754,1.823716,0.120028,-4.566345
-0.303996,0.038516,0.039278,1.406117,-2.280810,-3.976481
-0.308014,-0.015382,0.006658,0.814103,-0.333178,-4.178006
-0.324058,-0.055483,0.051512,1.725535,-0.843203,-2.247157
-0.312983,-0.123499,0.046657,0.381550,-1.830361,-0.698156
-0.288119,-0.202642,0.042154,0.892718,-0.622420,0.964660
-0.278111,-0.270230,0.008640,0.554857,-0.634233,3.570993
-0.281265,-0.354540,0.031542,0.340776,-0.831698,5.678996
-0.265266,-0.397596,0.034529,0.592838,0.091770,8.111894
-0.258619,-0.426340,0.019590,-0.234432,0.584021,9.239179
-0.257214,-0.446996,0.062292,-0.328979,-2.778210,10.639728
-0.243743,-0.467666,0.035871,-0.850240,-0.555819,10.679797
-0.246117,-0.488244,0.044970,-0.140889,-1.135268,10.815086
-0.238390,-0.520894,0.031627,-0.830824,-0.796668,10.054109
-0.220225,-0.522342,0.045551,-0.535037,-1.843204,10.987218
-0.217077,-0.512478,0.031768,-0.834451,-0.996929,11.528607
-0.213003,-0.512665,0.041268,-0.005885,-1.286395,12.490532
-0.200156,-0.494743,0.018822,-0.423241,-0.821828,12.469902
-0.193906,-0.470079,0.055848,0.439377,-4.647519,12.518144
-0.137602,-0.399785,-0.010972,-0.114521,1.166637,12.660352
-0.119349,-0.352232,0.054499,0.377996,-0.488739,12.446787
-0.118266,-0.305546,0.022413,-0.329376,-0.043591,11.972208
-0.129396,-0.244798,0.035369,0.493948,0.117793,10.397811
-0.124929,-0.132306,0.035727,-0.464793,-1.246326,9.894110
-0.116414,-0.007885,0.029077,-1.115435,-0.731039,8.118286
-0.118788,0.104585,0.018254,-0.689086,-0.735595,5.553774
-0.104742,0.228359,-0.002326,-1.312916,0.543177,3.576970
-0.119736,0.310702,0.028309,-1.379015,-2.718185,1.357276
-0.101456,0.408499,-0.016602,-2.164286,-0.415581,0.825782
-0.080492,0.491670,0.014631,-1.672984,-0.864815,0.793095
-0.049230,0.577003,-0.007930,-2.018496,0.569239,0.759807
-0.034721,0.666578,-0.004752,-1.364162,0.328758,-0.403205
-0.027828,0.765727,-0.009843,-1.937719,0.378956,-1.658650
-0.040971,0.852049,0.004281,-2.306708,0.235839,-4.817181
-0.019412,0.961807,-0.004709,-2.189623,0.436028,-5.792244
-0.015191,1.033161,-0.014760,-2.256014,0.458660,-7.288160
0.001011,1.107186,-0.001099,-2.107559,-1.205930,-6.661622
0.004208,1.155044,-0.036969,-2.506684,0.373566,-7.885801
0.005209,1.207639,-0.027844,-1.865003,-0.240978,-7.975439
0.006158,1.238169,-0.039730,-2.282815,-0.157788,-8.300387
0.025639,1.251348,-0.042205,-1.000964,0.281494,-9.445820
0.056264,1.277798,-0.069744,-2.257947,0.799975,-9.663026
0.074584,1.273498,-0.033345,-1.928712,0.168467,-9.744391
0.101467,1.262823,-0.030532,-2.292800,0.682388,-8.671069
0.131961,1.239971,-0.060051,-2.281830,2.474967,-7.635124
0.135407,1.208180,-0.023170,-2.467892,-0.418781,-6.106502
0.143870,1.186011,-0.060166,-3.245108,1.428457,-5.933996
0.142760,1.149316,-0.041555,-2.280567,1.137242,-6.431813
0.142406,1.108601,-0.057803,-3.530519,1.146741,-6.619614
0.131232,1.070131,-0.046492,-2.707500,1.022957,-7.200313
0.131780,1.015652,-0.079306,-3.250484,1.527074,-6.441531
0.113395,0.932455,-0.042756,-2.611682,-0.126168,-6.548554
0.122534,0.834714,-0.044516,-3.172477,-0.068906,-5.577611
0.122068,0.729952,-0.031389,-2.161634,0.402367,-4.456053
0.149020,0.636396,-0.053608,-2.318767,0.306493,-2.504215
0.171882,0.534827,-0.039323,-1.390162,0.813102,-1.601683
0.192407,0.456292,-0.040524,-1.276882,0.951181,-0.440519
0.209981,0.368106,-0.039320,-0.987597,1.457513,-0.612475
0.224207,0.286458,-0.034087,-0.959086,0.519740,-0.591748
0.218926,0.195558,-0.056372,-0.359716,2.221097,-2.059112
0.228481,0.118204,-0.037261,-0.570977,1.188806,-0.410542
0.218654,0.019675,-0.043091,-0.574282,1.240049,-0.032782
0.204411,-0.063525,-0.026462,0.317182,0.430409,1.118567
0.191015,-0.151288,-0.036598,0.102189,0.565862,0.145404
0.204434,-0.232315,-0.015174,0.336072,0.284419,1.095862
0.200896,-0.330043,-0.018151,0.445978,0.106190,0.550551
0.220896,-0.403931,-0.007880,1.070859,-0.461991,0.951342
0.236953,-0.491776,-0.024329,0.841358,0.003732,0.997944
0.254738,-0.572743,0.008250,2.016428,-0.489346,1.902293
0.275991,-0.643313,-0.015043,1.637979,1.407368,2.900809
0.278581,-0.700545,0.011181,2.042967,-0.346225,3.592692
0.277452,-0.749467,-0.014038,1.266234,0.849472,4.135257
0.265918,-0.788026,0.008755,2.269107,0.372658,3.883731
0.251120,-0.812913,-0.014773,1.504647,0.851211,3.793726
0.240416,-0.857928,0.009264,2.709600,1.628755,3.409280
0.233103,-0.891511,0.009077,2.063472,0.250834,3.400924
0.230648,-0.950854,0.014296,2.769603,0.818371,3.483402
0.234836,-0.994744,0.011919,2.740216,0.177721,5.225141
0.219616,-1.052577,0.004554,3.444482,0.602163,5.637195
0.241303,-1.071674,-0.003754,3.432518,0.796378,6.888705
0.245225,-1.086245,0.003950,4.092229,1.030039,6.601954
0.267726,-1.065579,0.021028,3.021255,0.709134,8.226256
0.235174,-1.066327,0.034506,2.716346,0.446759,7.388994
0.217899,-1.039244,0.023070,2.238968,0.577768,7.557744
0.208872,-1.021676,0.033528,2.358229,0.517719,6.611921
0.207579,-0.981785,0.046828,1.501847,0.244850,6.332782
0.195161,-0.923922,0.046316,1.367326,0.149544,6.113951
0.193674,-0.869670,0.054982,1.035636,-0.335840,6.914731
0.182330,-0.820246,0.025423,0.484537,1.077089,6.321367
0.168091,-0.741349,0.029004,0.782671,0.399249,6.416271
0.155217,-0.677571,0.028906,-0.200616,0.183757,4.545430
0.164428,-0.593091,0.047557,0.083781,0.624001,3.776219
0.151045,-0.533233,0.018645,0.028403,0.928253,2.949973
0.143742,-0.456128,0.053898,0.517181,-0.011991,3.919227
0.123693,-0.382382,0.021074,0.321101,1.255184,2.826071
0.117013,-0.282477,0.062879,0.337211,-0.203361,2.353609
0.119734,-0.177472,0.046766,-0.390482,0.097951,1.042145
0.115624,-0.069326,0.051998,0.494305,0.557229,0.159148
0.101280,0.061857,0.032934,-0.849042,0.929080,-0.708616
0.070465,0.176332,0.055326,-0.502302,-1.497121,-1.337795
0.065531,0.313817,0.009352,-1.245922,0.582281,-2.577184
0.056429,0.423428,0.043684,-1.231660,0.212383,-4.617622
0.053862,0.523821,0.036863,-1.521447,0.733237,-5.620024
0.028410,0.593639,0.037414,-1.114270,0.497823,-7.221983
0.003490,0.679271,0.056229,-1.740901,-1.195560,-7.745218
-0.019596,0.756970,0.047826,-2.107907,-0.828282,-9.244618
-0.018614,0.848310,0.035556,-1.589196,-0.742981,-8.137554
-0.029785,0.927230,0.032776,-1.926621,-0.618639,-8.518184
-0.036366,0.996020,0.034699,-1.554577,-0.035517,-8.760616
-0.061989,1.052589,0.016147,-2.335590,-0.092861,-10.889666
-0.071898,1.098261,0.024724,-1.834204,-0.201172,-11.296790
-0.073940,1.124813,0.014844,-2.587675,0.321592,-11.039083
-0.088274,1.135812,0.027495,-1.262847,-0.694985,-10.853114
-0.084129,1.162298,-0.015098,-2.167405,0.486814,-9.070517
-0.103515,1.149618,0.021314,-1.811890,-1.034084,-8.139026
-0.104788,1.153997,-0.010769,-2.533537,0.684538,-6.859739
-0.098630,1.135235,0.022725,-2.026887,0.213383,-6.669495
-0.104519,1.108079,0.008575,-2.335140,0.640429,-6.601680
-0.121420,1.070469,0.023697,-1.838439,0.304494,-6.660228
-0.134035,1.031986,-0.016152,-2.699757,0.330603,-5.882822
-0.167854,0.986035,0.013180,-1.997889,-1.091143,-5.327482
-0.176532,0.941466,-0.008747,-2.873220,-1.137494,-4.071913
-0.184561,0.900061,0.024911,-2.175604,-0.647396,-2.621282
-0.184742,0.851658,-0.003255,-3.096666,-1.787696,-1.045776
-0.198275,0.802986,0.005719,-2.756507,-1.707223,-0.236760
-0.199943,0.761995,-0.010500,-3.263085,-0.379727,1.865649
-0.198994,0.697630,-0.013969,-2.380671,-0.266276,2.341679
-0.191602,0.640761,-0.010572,-2.845155,0.641404,4.702075
-0.199381,0.578861,0.010616,-2.757889,0.722572,6.093836
-0.198384,0.540581,0.000700,-3.201106,-0.244966,7.640023
-0.224279,0.479922,0.002971,-2.811612,0.473514,7.239231
-0.219936,0.468144,-0.011619,-3.377954,0.502288,7.536332
-0.236187,0.452559,0.020227,-3.034742,-0.690741,7.525900
-0.245664,0.446159,-0.004913,-3.740732,-0.728889,7.357406
-0.269373,0.430426,0.009970,-2.664024,-1.222666,7.445428
-0.267899,0.439016,-0.005267,-3.119738,-1.457433,8.319160
-0.277766,0.432409,-0.001178,-2.615047,-1.670591,7.554336
-0.280198,0.453915,-0.031658,-3.231617,-1.477059,7.461639
-0.285847,0.453272,-0.026337,-2.224666,-1.388137,6.418900
-0.282604,0.468919,-0.014934,-2.470232,-1.493980,6.360922
-0.281226,0.493344,-0.039900,-1.829700,-0.947139,6.148699
-0.282680,0.531985,-0.016257,-1.970044,-1.215550,6.684281
-0.292793,0.546736,-0.020048,-1.898747,0.212721,6.598658
-0.297881,0.575631,-0.029663,-1.919839,-0.279113,7.154775
-0.304902,0.602406,-0.023354,-1.551281,-0.022620,6.206659
-0.308624,0.641759,-0.022838,-1.827508,0.313764,5.150041
-0.318987,0.673317,-0.007867,-1.470897,0.015988,3.432866
-0.307758,0.733215,-0.015433,-2.307663,-0.118779,3.282913
-0.322988,0.773950,-0.026318,-2.371838,0.257670,2.028529
-0.324180,0.831494,-0.033434,-2.424659,-0.562119,2.281026
-0.332642,0.871130,-0.014875,-3.418263,-0.820440,1.410103
-0.321193,0.927637,-0.007765,-3.543343,-1.151595,1.278381
-0.323865,0.952784,-0.009929,-3.459697,-0.817473,0.367147
-0.335133,0.988142,-0.010641,-3.491061,-2.366902,-0.084970
-0.344784,1.014457,0.001596,-3.927947,-1.602264,-1.528857
-0.330410,1.059755,-0.007861,-3.753193,-1.661680,-1.138795
-0.312544,1.083218,-0.000068,-3.719587,-1.579796,-1.194327
-0.299801,1.128519,0.009714,-3.894344,-3.440669,-0.583833
-0.288766,1.156101,-0.013887,-3.959934,0.001279,-0.876650
-0.285116,1.194391,-0.016861,-3.779305,-1.797064,-0.609664
-0.292248,1.227826,-0.012765,-4.672581,-0.310599,-1.528885
-0.286438,1.259908,0.015097,-4.336617,-0.279484,-1.184206
-0.290863,1.290993,-0.004132,-4.395346,0.897601,-1.901206
-0.311989,1.308561,0.022384,-4.042674,-0.012875,-2.018396
-0.320671,1.329562,0.011496,-4.997431,-0.623986,-3.031889
-0.307876,1.352506,0.022600,-4.019576,-0.953120,-3.243412
-0.299279,1.375286,-0.001348,-4.663528,0.156276,-3.015129
-0.297087,1.386194,0.018110,-3.825430,-0.570778,-3.506037
-0.285362,1.393231,0.003559,-4.864886,1.154514,-3.641041
-0.277950,1.384408,0.036101,-3.993901,-0.737211,-3.793808
-0.269645,1.380331,0.006841,-4.821259,-0.255785,-4.789336
-0.281383,1.365524,0.046336,-3.501181,0.042857,-5.351946
-0.250637,1.375063,0.024760,-4.065363,-0.034270,-4.805219
-0.242940,1.353527,0.022597,-3.801064,-0.154095,-5.283014
-0.222782,1.329174,0.016039,-3.722699,-0.644127,-5.444020
-0.215987,1.297561,0.018596,-4.164059,0.071654,-6.519084
-0.220553,1.244497,0.034371,-3.002929,-1.002185,-5.515166
-0.228241,1.210143,0.035586,-3.714614,-0.010098,-5.837354
-0.197629,1.168026,0.055418,-2.929797,-1.667454,-5.652295
-0.180183,1.118071,0.020536,-3.390917,0.222476,-6.107575
-0.174117,1.043057,0.030971,-1.697583,-0.386233,-7.175916
-0.161368,0.977664,0.050452,-2.907735,-0.457209,-6.430227
-0.155154,0.887929,0.049674,-2.058411,-1.193722,-6.333873
-0.137504,0.815610,0.028939,-2.140324,0.051976,-5.706001
-0.122500,0.742757,0.062075,-1.374348,-0.387230,-5.403953
-0.108809,0.664388,0.044383,-2.369816,-0.845055,-5.386460
-0.091448,0.565817,0.057647,-0.710980,1.100791,-5.551857
-0.074511,0.485164,0.017608,-1.595022,0.578200,-4.380111
-0.075200,0.361793,0.027038,-0.355137,0.019671,-4.657150
-0.039166,0.263813,0.034164,-0.390328,0.668546,-3.809994
-0.036911,0.139188,0.024800,0.472342,0.732039,-3.808499
-0.044345,0.021208,0.046500,0.923894,-0.820988,-2.596069
-0.038946,-0.104205,0.011660,0.647835,-0.109493,-1.505222
-0.029187,-0.230641,0.017847,2.192741,-0.316086,0.634566
0.003398,-0.348330,0.005683,1.726136,0.263520,1.943546
0.016150,-0.483087,0.022696,3.058060,-0.245872,2.801547
0.034036,-0.594726,-0.019799,2.085809,1.221257,3.862620
0.034378,-0.711220,0.018356,2.833899,-0.016800,5.660388
0.048390,-0.803545,-0.015115,2.415898,0.409188,7.529561
0.052109,-0.903377,0.004911,2.571423,0.767027,8.270060
0.081816,-0.971465,0.009083,1.535965,-0.130710,9.436257
0.095658,-1.053549,0.003447,1.907146,0.540013,8.765803
0.106266,-1.110637,-0.018591,1.490556,0.390557,10.002890
0.099288,-1.173942,-0.030375,1.553063,0.189784,10.619077
0.110481,-1.195550,-0.004073,0.937524,0.053930,12.367724
0.129040,-1.241360,-0.033903,0.819875,0.863255,11.448071
0.130310,-1.267698,-0.016444,1.360834,-1.032983,11.165775
0.133136,-1.274743,-0.024155,0.940554,-0.252157,9.990918
0.142157,-1.270324,-0.024391,1.608743,-0.308073,10.299222
0.149798,-1.252360,-0.045412,1.883221,0.324446,10.057122
0.165590,-1.224547,-0.027043,2.343622,-0.688081,10.190632
0.182504,-1.196259,-0.059687,2.262706,1.477494,9.271129
0.183883,-1.162460,-0.047647,3.338243,0.305033,9.003524
0.182849,-1.113266,-0.044673,2.643991,0.263448,8.373180
0.180010,-1.042681,-0.040071,3.086250,1.134407,7.242967
0.197226,-0.963610,-0.073358,2.937763,1.964828,6.455696
0.190615,-0.888294,-0.024332,3.237278,0.832285,4.119094
0.198690,-0.804047,-0.040544,2.520378,0.625862,2.901082
0.196691,-0.726280,-0.023987,2.965286,0.769311,1.669543
0.198690,-0.645643,-0.023324,2.268545,-1.537754,1.459824
0.210664,-0.533403,-0.077435,2.423769,2.691448,0.235653
0.215873,-0.425529,-0.030263,1.734283,0.239670,-1.172121
0.209643,-0.338807,-0.047680,0.744565,0.809688,-3.537785
0.203006,-0.258627,-0.036690,1.702335,0.627723,-5.552488
0.194137,-0.153687,-0.030257,-0.201296,-0.462240,-6.314445
0.204555,-0.055674,-0.019871,0.264426,-1.106658,-6.334532
0.221168,0.047349,-0.049574,-0.818624,0.574045,-6.561865
0.219070,0.119044,-0.045284,-0.040420,0.309907,-8.478311
0.226226,0.177786,-0.029239,-0.659688,0.501067,-9.034826
0.225609,0.222533,-0.027657,-0.078031,1.192053,-9.953272
0.232538,0.289429,-0.029042,-0.414375,0.594944,-8.562353
0.202642,0.321160,-0.020590,-0.014259,0.751677,-9.554684
0.201286,0.385000,-0.013602,-0.150746,1.068180,-8.539325
0.193375,0.399128,-0.007723,0.436702,1.516436,-9.923543
0.209837,0.425085,-0.002156,0.559885,0.895327,-9.482994
0.201995,0.432254,-0.014957,0.618992,1.356181,-9.797491
0.199077,0.452152,-0.012019,0.854379,0.805972,-8.570201
0.182527,0.456423,-0.023800,0.332550,0.896741,-7.842442
0.166902,0.446805,0.024931,0.533277,-3.311203,-7.530114
0.197199,0.449139,-0.023882,-0.045850,2.046901,-6.770797
0.202146,0.435038,0.024842,0.138676,0.355963,-5.306393
0.193569,0.411237,-0.003035,-0.712418,1.010891,-4.559792
0.181385,0.372255,0.007829,0.003361,1.188045,-5.182018
0.179238,0.361656,0.016114,-1.220362,0.443801,-4.521029
0.171075,0.316722,0.026841,-1.269976,0.491288,-4.457478
0.173612,0.299657,0.046710,-2.117691,-2.034683,-2.664402
0.185179,0.256545,0.023569,-1.834706,0.492260,-3.033817
0.191019,0.230026,0.040749,-1.788338,0.008376,-1.668578
0.177124,0.174941,0.015399,-2.046019,0.713145,-0.185983
0.190671,0.128317,0.027813,-1.105191,0.527950,-0.288407
0.190878,0.090654,0.015875,-1.625391,0.514364,-0.916038
0.181683,0.033625,0.017460,0.145451,0.149993,-0.122948
0.174219,-0.006539,0.008601,-0.105294,-0.051210,1.715182
0.160062,-0.067133,0.009490,0.252160,0.704847,0.827716
0.173671,-0.111295,0.022190,0.296440,0.844085,2.433791
0.177301,-0.169492,0.019810,1.417032,0.758761,3.611794
0.156264,-0.209322,0.042187,1.563724,0.035903,3.483982
0.140509,-0.249797,0.026024,1.944309,0.834228,2.426515
0.137548,-0.280560,0.032205,1.714844,-0.384949,4.137421
0.127937,-0.325136,0.010488,1.969171,0.234684,4.332385
0.138172,-0.345704,0.022627,1.536686,0.512490,5.649779
0.124743,-0.377635,0.023746,1.872299,0.754018,4.855810
0.101618,-0.386954,0.022594,0.748727,0.214891,5.777315
0.066995,-0.406294,0.030390,1.001695,0.711035,5.766447
0.072894,-0.383412,0.025817,-0.044359,-0.202251,6.896754
0.082515,-0.365395,0.012517,-0.267867,0.415960,6.153837
0.082419,-0.348241,0.013557,-0.889862,0.114629,6.354633
0.054807,-0.337215,-0.008612,-0.725255,0.304301,6.723112
0.036921,-0.322740,0.002161,-1.028601,0.220993,7.714067
0.028118,-0.290601,0.005578,-1.277968,0.619671,7.211965
0.043591,-0.245596,0.000244,-1.604512,-0.682157,7.478683
0.030764,-0.227972,0.005456,-1.122725,0.108727,6.641352
0.013160,-0.183591,0.000116,-0.966786,0.004296,7.127562
-0.007943,-0.140269,-0.003997,-0.650179,1.026391,6.768203
-0.019546,-0.077640,0.007938,-0.730234,-0.983449,7.249549
-0.015053,-0.014528,-0.014347,-0.039367,0.212084,6.636155
-0.015755,0.060672,-0.016257,0.010530,-0.288888,6.831348
-0.034980,0.113703,-0.014350,0.362233,0.027345,5.564086
-0.054668,0.192593,-0.029695,0.143518,0.618194,5.572425
-0.077524,0.248477,-0.032003,0.902493,-0.117315,3.813083
-0.077715,0.340415,-0.029305,-0.055592,-0.675888,3.976901
-0.087427,0.417523,-0.033913,0.165415,0.147013,2.621581
-0.093155,0.511627,-0.035325,-0.841483,-0.907733,1.785425
-0.114911,0.571124,-0.024683,-1.817979,0.074576,0.597699
-0.131491,0.644881,-0.011452,-1.940194,-0.405461,0.695233
-0.141821,0.705846,-0.033762,-2.232298,-0.137456,-0.539924
-0.144939,0.795007,-0.008809,-2.796559,-0.680198,-2.110811
-0.168507,0.879493,-0.027591,-3.668329,0.172143,-3.858380
-0.168875,0.946622,-0.023019,-3.558013,0.256114,-3.887194
-0.187808,0.995587,-0.045028,-4.086252,0.548429,-5.382838
-0.193621,1.055521,-0.020288,-3.611421,-0.538275,-7.028830
-0.196956,1.086060,-0.052479,-4.172111,-0.219170,-8.162999
-0.212337,1.104058,-0.024844,-2.395094,-1.269829,-8.291582
-0.238741,1.123943,-0.049902,-3.205600,-0.964956,-8.393837
