0.116913,-1.388309,-0.133579,5.363358,2.132993,4.165452
0.085307,-1.313403,-0.147458,4.824192,2.495194,2.555746
0.073112,-1.230594,-0.073773,4.360035,-0.831538,1.332649
0.045934,-1.142877,-0.109221,3.666505,0.222453,-0.088872
0.001122,-1.068701,-0.116888,3.147174,0.104463,-2.445370
-0.030770,-0.981270,-0.090855,3.470763,-1.441773,-3.811854
-0.050435,-0.880151,-0.091423,2.054109,-1.337680,-4.190235
-0.057676,-0.792936,-0.086716,1.923028,-1.455520,-4.903537
-0.067603,-0.718560,-0.050734,1.919890,-2.699383,-5.554889
-0.085512,-0.647390,-0.067757,1.070251,-3.172895,-6.306095
-0.088788,-0.590827,-0.063824,1.162622,-0.966243,-8.015223
-0.074890,-0.514415,-0.030206,1.451312,-1.656576,-8.618907
-0.065229,-0.442641,-0.046424,1.077478,-0.449108,-8.703138
-0.080128,-0.408228,-0.031289,1.528341,0.085959,-9.551114
-0.092096,-0.372328,-0.018153,2.484154,0.313961,-10.016200
-0.098812,-0.348596,-0.017562,2.042085,0.448202,-10.040934
-0.097932,-0.333024,-0.005266,3.155613,0.975969,-10.807026
-0.091098,-0.320249,0.030483,3.642635,-1.539041,-10.815337
-0.072507,-0.312899,-0.009556,3.632180,0.544345,-10.455998
-0.085600,-0.341621,0.010592,4.411943,0.383506,-10.538913
-0.081986,-0.350066,0.030874,4.644215,-1.341265,-9.323668
-0.051903,-0.375561,0.005461,4.132217,-0.389417,-8.077653
-0.027104,-0.403511,0.022605,4.500539,-1.302079,-7.095074
0.009528,-0.428074,0.027526,4.424390,-0.660861,-5.105561
0.039031,-0.460022,0.021942,3.046807,-0.931981,-4.196524
0.045284,-0.500159,0.034606,3.270633,-0.737893,-3.257336
0.088766,-0.526104,0.046633,1.951030,-1.237224,-1.532630
0.134084,-0.549202,0.016684,1.295075,1.015543,-0.781085
0.134454,-0.598570,0.044588,1.050254,-1.897083,-0.413221
0.147358,-0.629592,0.040951,-0.342924,-0.981004,1.829785
0.154139,-0.665831,0.036228,0.102050,0.970554,3.171486
0.158656,-0.692563,0.050122,-0.352643,-0.047580,5.223858
0.150401,-0.718517,0.024480,-0.741931,0.450665,5.798918
0.132505,-0.752169,0.037396,0.139765,0.530018,6.561524
0.100826,-0.770944,0.007083,0.084929,-0.717640,7.695583
0.058860,-0.798628,0.012013,0.393366,0.145221,7.610357
0.048747,-0.804871,0.034517,1.603929,-0.732943,8.482101
0.036782,-0.810412,0.016897,1.247887,-0.173409,9.024724
0.015568,-0.810310,0.038506,2.722604,-0.730593,9.511237
-0.010724,-0.800503,0.027014,3.014852,-0.179419,9.858814
-0.038106,-0.787629,0.013969,2.879219,-0.232014,9.674566
-0.055996,-0.742699,0.031832,3.871680,-0.074187,10.189114
-0.059222,-0.699338,0.042080,2.762075,0.374505,10.113719
-0.079016,-0.654651,0.026400,2.990388,0.640429,9.017278
-0.100545,-0.590479,0.050513,2.849204,-0.562788,8.400238
-0.114233,-0.508480,0.006170,1.500568,1.475583,8.268036
-0.129844,-0.429675,0.026512,0.641239,0.009915,6.826322
-0.119052,-0.321289,0.022517,0.228387,-0.097910,6.347325
-0.122705,-0.230303,0.002848,-1.305043,0.145339,5.704346
-0.113859,-0.130776,0.018489,-1.152764,-0.159945,4.197151
-0.096189,-0.023191,-0.017650,-2.375525,0.289434,4.299615
-0.092641,0.077035,-0.005853,-2.954787,-0.689832,2.790141
-0.064534,0.187371,-0.004924,-2.713170,-0.217909,2.325564
-0.040421,0.287406,-0.031085,-3.250679,0.318096,1.551193
-0.039715,0.378701,-0.016859,-2.674900,-0.187908,-0.976119
-0.006339,0.478185,-0.037053,-2.689205,-0.020727,-1.842775
0.012741,0.577984,-0.053235,-2.542204,0.301389,-3.282713
0.026780,0.651800,-0.030583,-1.070842,-0.017661,-4.078183
0.037573,0.750857,-0.068594,-1.047435,0.443587,-3.941805
0.027611,0.787148,-0.068988,0.164927,0.308803,-5.518854
0.013802,0.842408,-0.039981,0.822219,-0.450628,-5.638985
0.018423,0.890827,-0.066834,0.874262,-0.525336,-6.313264
0.010693,0.920146,-0.071656,1.635020,-0.087817,-6.089688
-0.003024,0.953620,-0.069769,1.908194,-0.314440,-5.418440
-0.017388,0.974083,-0.092066,1.062205,0.015104,-5.795980
-0.030675,0.985933,-0.057893,1.420919,0.330704,-6.423011
-0.025880,0.993512,-0.059577,0.387572,0.559132,-6.106194
-0.023887,0.987751,-0.071105,-1.066453,1.142484,-6.233523
-0.034834,0.982168,-0.054299,-0.964721,0.996215,-5.417098
-0.050045,0.954543,-0.076068,-2.481594,0.525290,-4.512812
-0.036774,0.923139,-0.102816,-3.181502,2.238375,-4.276680
-0.050347,0.892140,-0.057345,-3.557082,-0.236446,-3.673577
-0.036594,0.868424,-0.094942,-4.618511,1.736493,-2.976515
-0.045624,0.808691,-0.087399,-4.482585,0.530739,-3.282828
-0.050429,0.758620,-0.076147,-4.270667,0.175317,-2.849743
-0.061839,0.683708,-0.111223,-4.652704,0.198198,-2.492721
-0.059702,0.610792,-0.087041,-3.727036,-0.855605,-2.415914
-0.047944,0.548472,-0.080778,-2.637375,-0.793308,-0.957897
-0.073961,0.470560,-0.079767,-2.468835,-0.987329,-0.595860
-0.081254,0.380060,-0.075487,-0.789589,-0.634067,-1.286090
-0.094187,0.298892,-0.072526,0.004879,-0.504791,-1.262390
-0.111919,0.210617,-0.080204,0.559214,-0.364145,-2.028957
-0.093357,0.137990,-0.042620,1.701644,-1.710214,-1.313010
-0.094341,0.051287,-0.067156,1.778348,-1.569732,-0.807736
-0.105797,-0.030967,-0.051778,2.417632,0.746658,-0.038385
-0.094499,-0.126657,-0.049483,3.121324,0.209001,0.984845
-0.074699,-0.195877,-0.052851,2.430132,0.378342,0.999059
-0.056357,-0.260045,-0.043628,2.775822,0.545346,1.304668
-0.044727,-0.320488,-0.045160,2.518324,1.184128,2.172467
-0.035753,-0.387673,-0.055139,1.003745,0.341080,2.078499
-0.030508,-0.438948,-0.034342,1.229721,0.541014,1.863106
0.017508,-0.471497,-0.050911,-0.049862,2.257259,2.251344
0.055607,-0.505234,-0.053984,-0.732940,0.715334,2.295363
0.069403,-0.554454,-0.028922,-0.711663,-0.535636,2.691535
0.052151,-0.594845,-0.058310,-1.560394,-0.874850,2.608417
0.089738,-0.629071,-0.056084,-1.615906,-0.500281,2.418874
0.123448,-0.652366,-0.025935,-0.865367,-0.507719,2.761423
0.148543,-0.684367,-0.042282,-1.053345,-0.221323,2.591266
0.181702,-0.718514,-0.021537,0.562609,0.043567,2.395505
0.197093,-0.741717,-0.041136,0.742808,0.497932,3.251694
0.203832,-0.755116,-0.031903,1.907558,0.984287,3.794948
0.236817,-0.773816,-0.005282,2.686202,0.702332,3.607810
0.249465,-0.789575,-0.011492,3.066397,1.342605,3.954929
0.245000,-0.802508,0.046938,4.450837,0.787275,3.661755
0.238308,-0.792900,0.023035,4.220774,1.136441,4.221646
0.229369,-0.788909,0.004060,4.407693,2.150442,3.728870
0.223711,-0.770741,0.035407,4.573672,-0.868731,3.600717
0.242342,-0.745853,0.026666,4.003204,0.687217,3.336743
0.221157,-0.725479,0.027322,4.066237,0.448360,2.205712
0.187958,-0.700838,0.041358,3.803665,0.033332,1.189452
0.167633,-0.667377,0.026915,2.585047,1.009769,1.117687
0.151983,-0.619483,0.037649,2.163001,-0.711194,0.450813
0.142972,-0.568313,0.047414,0.843713,-0.812037,0.816640
0.104807,-0.533213,0.034590,-0.236314,-0.131594,0.181506
0.078111,-0.502322,0.059704,-0.236422,-0.197748,-0.472415
0.047486,-0.443521,0.038053,-1.652315,-0.665191,-0.709747
0.023318,-0.415092,0.063301,-0.758189,0.013001,-1.387447
0.022920,-0.363544,0.062569,-1.481796,-0.688709,-0.823127
-0.012320,-0.326649,0.034206,-1.584533,0.954791,-1.567372
-0.056623,-0.307903,0.087906,-0.561377,0.210754,-1.836658
-0.053035,-0.270992,0.058778,-0.643799,0.349329,-2.215875
-0.040979,-0.229722,0.069899,0.690065,0.780411,-3.515590
-0.031621,-0.182334,0.065336,1.398760,0.863867,-2.891011
-0.047255,-0.172884,0.047496,1.807561,1.149361,-5.021695
-0.050646,-0.165967,0.065422,3.428741,-0.201028,-5.579218
-0.057499,-0.140177,0.064151,2.751101,0.418500,-6.143561
-0.027386,-0.135844,0.066909,4.468430,0.534790,-6.420165
0.021348,-0.123132,0.066406,3.717422,-0.127373,-6.117159
0.038949,-0.125777,0.057403,4.034367,1.133894,-6.038036
0.058748,-0.141385,0.083573,4.296906,-1.037478,-5.539826
0.106462,-0.148922,0.036917,3.145076,1.194829,-4.729063
0.152245,-0.149969,0.064076,3.001355,0.337844,-4.275731
0.198951,-0.144120,0.062303,1.689623,-0.201960,-2.787407
0.227485,-0.150094,0.069791,0.804284,0.421395,-2.272930
0.254109,-0.159531,0.063961,0.114185,0.077385,-1.775262
0.256095,-0.171022,0.041663,-1.841439,0.009715,-1.206927
0.287107,-0.183095,0.053467,-1.498129,0.015623,-1.243703
0.326254,-0.185787,0.038112,-2.694079,0.521959,0.019709
0.318058,-0.198881,0.041269,-2.145150,0.388974,0.546067
0.303175,-0.212207,0.040961,-2.704458,-0.262672,1.856479
0.293282,-0.236117,0.010365,-2.829282,-0.134867,2.626743
0.280979,-0.242934,0.029912,-1.265050,0.022789,3.475614
0.281383,-0.246542,0.004355,-1.540443,1.171780,3.668661
0.231066,-0.260800,0.038351,-0.177384,-0.309650,3.832644
0.187210,-0.264749,0.042018,-0.035764,-0.350681,4.207380
0.124322,-0.261441,0.013221,0.770255,1.428877,3.894125
0.078768,-0.253330,0.036205,1.361193,-1.445859,3.943378
0.047490,-0.236310,-0.005555,1.736178,2.217046,3.449225
-0.010889,-0.226515,0.037166,2.562470,-0.448215,3.445187
-0.065082,-0.207779,0.029502,2.252775,0.366693,3.699893
-0.100158,-0.189923,0.030910,2.628594,0.733502,2.899197
-0.108279,-0.133698,0.032702,2.047685,0.621177,3.548075
-0.109283,-0.103066,0.010342,0.983151,1.298380,2.955617
-0.130320,-0.070252,0.018358,1.765142,1.304876,2.784040
-0.142488,-0.014956,0.003617,-0.735048,0.625628,3.215706
-0.156081,0.024394,-0.005052,-0.430631,0.980148,2.470759
-0.157134,0.074970,0.026170,-1.463772,-0.579020,2.335749
-0.129887,0.148418,-0.012723,-3.257162,0.212333,2.496158
-0.120919,0.199194,0.013933,-2.844408,0.249690,1.943332
-0.088407,0.269209,-0.019275,-4.136067,0.287278,2.405962
-0.088344,0.316824,0.008343,-4.112161,-0.762978,0.713806
-0.032323,0.392717,-0.000139,-4.179248,-0.318401,0.872370
0.024883,0.461317,-0.021770,-4.939943,0.184406,0.207621
0.065188,0.512887,0.005996,-3.479888,-0.709885,-0.481859
0.095790,0.560148,-0.028482,-3.242414,0.135143,-0.561205
0.130200,0.599353,-0.023057,-2.393096,0.683441,-1.300863
0.178377,0.655407,0.003331,-1.418429,-0.742922,-1.081058
0.213883,0.709745,-0.013163,-1.550934,0.518958,-1.206815
0.225292,0.740708,0.019422,-0.239062,0.911640,-2.184762
0.241429,0.797632,0.001253,-0.398313,0.155842,-1.326382
0.247012,0.838275,-0.029306,0.046743,2.152565,-2.428596
0.233334,0.874809,0.010329,0.467102,-0.980670,-2.904573
0.230672,0.934671,-0.013642,-0.358287,0.062788,-3.144274
0.206152,0.967932,0.015204,-0.427090,-0.209638,-3.707925
0.183861,1.012845,-0.000040,-1.176717,-0.435979,-3.663118
0.157352,1.035766,-0.015106,-2.236127,-0.110187,-4.673364
0.130345,1.064711,-0.014351,-2.385041,-0.165145,-4.331739
0.110315,1.091174,-0.025824,-3.367357,0.349604,-4.239972
0.054251,1.090025,-0.006861,-3.705510,0.472879,-4.755467
-0.012094,1.070216,0.030838,-4.624258,-3.389644,-4.263312
-0.047813,1.060043,-0.016439,-4.606700,0.788821,-3.487515
-0.092802,1.029034,0.010881,-4.068771,-0.467697,-3.155726
-0.135326,1.020221,-0.008466,-5.069265,-0.010752,-1.842794
-0.180246,0.973476,0.016976,-4.379730,0.305688,-2.113043
-0.239458,0.944797,0.022743,-4.008509,-0.989132,-0.641635
-0.276225,0.896306,-0.008588,-3.459856,0.754355,-1.097907
-0.285832,0.852242,0.010812,-1.904834,0.289237,-0.507275
-0.295322,0.809570,-0.003122,-2.381706,0.489334,0.430223
-0.307506,0.752380,0.030089,-1.856112,0.187022,0.303423
-0.316769,0.690772,0.042156,-0.454797,0.287543,0.175139
-0.297570,0.645054,0.011225,-0.768536,0.963322,0.408269
-0.275775,0.584536,0.022907,0.107895,0.576014,-0.176628
-0.248806,0.547934,0.035995,-0.201416,-0.161255,0.828790
-0.244516,0.499485,0.029239,-0.657327,0.727971,0.276212
-0.215447,0.458126,0.070145,-0.403072,-0.681219,0.307659
-0.169342,0.438773,0.031251,-1.387275,-0.070896,0.485220
-0.137870,0.399482,0.039205,-1.448962,-0.073121,-0.476940
-0.095021,0.366415,0.061233,-1.395281,-0.815031,-0.209926
-0.060093,0.344179,0.036385,-2.722272,0.427346,0.836201
-0.045620,0.295120,0.054731,-2.049454,-0.177135,1.042280
-0.009136,0.260920,0.047499,-2.796813,-1.810893,2.383949
0.028162,0.228119,0.017212,-2.856297,1.084605,2.876269
0.047627,0.202050,0.076224,-2.739062,-2.120496,3.633322
0.086393,0.180015,0.044877,-2.982888,1.377447,4.361998
0.072282,0.151510,0.068100,-2.335030,0.030135,3.933394
0.079428,0.140232,0.042884,-1.836624,0.277791,4.023323
0.073893,0.120081,0.073362,-2.281093,0.179423,2.857099
0.065901,0.120261,0.085467,-1.015798,-0.543547,2.839098
0.051176,0.117813,0.065028,-1.352451,-0.382333,3.245332
0.013946,0.100997,0.081056,0.309785,0.560472,3.317673
-0.023470,0.103974,0.081148,-0.247494,-1.690313,3.686898
-0.069467,0.100094,0.069892,0.580159,-0.631247,3.411238
-0.124862,0.106032,0.091097,0.798967,-3.398497,3.842310
-0.173136,0.134619,0.051045,0.564131,-1.217468,3.381507
-0.255375,0.144561,0.074573,1.132016,-1.252271,2.498303
-0.308534,0.180350,0.061128,-0.452913,-1.746140,2.199127
-0.374868,0.193525,0.086515,-1.154166,-1.401054,0.300074
-0.413847,0.238170,0.094941,-1.148110,-1.389202,0.454200
-0.451838,0.275255,0.071153,-2.398926,-0.382323,0.051447
-0.492793,0.305128,0.101013,-2.301575,-0.467844,-0.682002
-0.518862,0.345204,0.088842,-3.170978,-0.048444,-0.799379
-0.532366,0.380273,0.086452,-3.349477,0.178084,-1.832075
-0.534825,0.414260,0.096004,-2.919895,0.620254,-2.002972
-0.536355,0.443316,0.083002,-3.386096,0.487010,-2.441293
-0.512534,0.460302,0.106688,-2.375538,0.898970,-3.165523
-0.475400,0.496134,0.087184,-3.121111,0.128755,-2.635511
-0.442762,0.495635,0.069784,-1.912367,0.362908,-3.331450
-0.382750,0.519380,0.078633,-1.212269,-0.794319,-2.911964
-0.335062,0.538162,0.050276,-1.078913,0.957318,-2.872597
-0.298375,0.547898,0.096122,-0.227971,-2.548739,-3.320741
-0.247572,0.567543,0.069269,-0.551737,-1.883005,-3.870113
-0.185954,0.570684,0.080918,-0.118889,-1.487202,-4.958719
-0.116107,0.587297,0.083032,0.235953,-1.712653,-4.498750
-0.071653,0.580236,0.072206,-0.595998,-1.512707,-4.643032
-0.029576,0.580909,0.072932,0.119052,-2.032655,-4.517035
0.008189,0.583348,0.055243,-0.798938,-1.640220,-4.566442
0.037553,0.576563,0.057019,-0.253130,-0.638840,-5.200254
0.071103,0.577134,0.054511,-1.411493,-0.506318,-4.674430
0.076637,0.572883,0.063324,-1.656616,0.119794,-4.292623
0.051632,0.538953,0.055315,-1.305319,0.020609,-4.048065
0.050345,0.529165,0.021168,-2.347963,0.726084,-3.038039
0.019749,0.493071,0.064844,-2.059197,-0.487769,-3.024180
0.013017,0.476012,0.066705,-3.094780,-2.721291,-2.419942
-0.020454,0.428256,0.056687,-2.579969,0.456392,-2.087234
-0.046375,0.398015,0.065655,-2.522066,0.014986,-0.187086
-0.081724,0.354821,0.040127,-2.954590,0.633348,0.278892
-0.108541,0.313124,0.053749,-1.734734,0.091231,1.159810
-0.127054,0.297109,0.051071,-1.676504,-0.243424,3.135014
-0.172454,0.258928,0.047916,-1.916831,-0.043865,3.245455
-0.199924,0.240635,0.062231,-0.955244,-0.431068,4.410911
-0.216819,0.223067,0.038765,-1.580601,0.101344,4.222269
-0.214206,0.230338,0.071143,-0.794250,-0.573322,4.928715
-0.205652,0.242352,0.062927,-1.344419,-0.021475,5.184716
-0.215995,0.244308,0.036169,-1.060564,0.643517,4.201635
-0.231912,0.251812,0.041529,-0.684928,-1.644395,4.453838
-0.221871,0.267804,0.044706,-1.699553,0.239669,3.761371
-0.204966,0.267708,0.061634,-1.046899,-0.286486,3.759435
-0.193097,0.304252,0.034760,-2.217259,0.522658,4.057621
-0.186969,0.321563,0.038995,-2.102114,0.019014,3.652200
-0.173639,0.345391,0.029039,-1.356725,-0.339222,4.002459
-0.149693,0.378921,0.045911,-2.846749,-0.696249,4.036928
-0.125932,0.404012,0.059343,-1.868106,-1.782123,2.895254
-0.107291,0.451683,0.060117,-2.743162,-1.623548,3.178068
-0.101530,0.508669,0.041621,-3.298901,-0.705647,2.200846
-0.082236,0.565334,0.065500,-2.721159,-1.020436,2.256736
-0.054338,0.609729,0.037029,-3.275008,-0.450716,1.852129
-0.027196,0.655105,0.026318,-2.459008,-0.057247,0.964535
-0.001232,0.703193,0.053556,-3.014071,-0.180608,0.779149
0.010568,0.758502,0.035886,-3.077813,0.519287,0.818544
0.002891,0.799565,0.059697,-2.399930,0.576010,-0.116528
0.010296,0.867834,0.066869,-3.370780,-0.646107,0.722377
0.029810,0.919033,0.029833,-3.022835,1.609036,-0.643988
0.028494,0.954027,0.071986,-2.611241,-1.543490,-1.043855
0.035564,1.001892,0.025750,-2.972374,0.738087,-1.187449
0.004824,1.037276,0.039408,-2.283768,-0.100057,-1.113844
-0.017805,1.090495,0.043495,-2.925291,-0.212008,-1.263571
-0.044865,1.128144,0.064079,-2.997298,-0.154743,-2.166137
-0.057916,1.172391,0.076976,-2.660323,-0.744114,-2.597749
-0.089582,1.204389,0.055003,-3.480010,-0.791890,-3.284459
-0.142564,1.230917,0.091419,-3.525318,-1.704516,-3.886751
-0.170159,1.268150,0.065205,-3.887873,-1.154731,-3.313195
-0.192713,1.289279,0.050060,-4.299399,-0.509453,-3.490897
-0.187917,1.304421,0.072610,-3.589351,-0.448422,-3.095143
-0.201306,1.305278,0.035758,-4.110038,0.150921,-2.968930
-0.249256,1.303154,0.053812,-4.429042,0.121038,-3.858807
-0.280558,1.303105,0.064680,-3.814546,0.037034,-3.250453
-0.290658,1.308636,0.035784,-4.477635,-0.017084,-2.884327
-0.304687,1.278273,0.064821,-3.810857,-0.023337,-3.155210
-0.288639,1.288406,0.035945,-4.177971,-0.127019,-1.194645
-0.300324,1.238076,0.031655,-3.728514,0.623622,-0.633571
-0.309935,1.213363,0.047437,-3.140596,-0.897076,0.579536
-0.321112,1.198536,0.026663,-4.020431,-0.343709,1.355557
-0.322159,1.177348,0.033211,-3.400185,-0.469131,1.321322
-0.305429,1.177236,0.053076,-3.815019,-1.143216,2.455690
-0.288524,1.162265,0.039254,-4.301463,-0.095504,1.899668
-0.293628,1.146460,0.059631,-4.005479,-2.246194,1.671523
-0.278903,1.148866,0.036674,-5.116621,-1.949297,2.192433
-0.268216,1.141527,0.037659,-4.412800,-0.569869,1.611550
-0.229972,1.167868,0.017337,-5.257670,-0.508793,2.654456
-0.213904,1.166414,-0.001662,-5.910925,-0.083438,1.100192
-0.200210,1.161129,0.009548,-5.578414,-0.333412,0.336418
-0.181129,1.168062,-0.018868,-6.112864,1.173102,0.381466
-0.168610,1.176087,0.005478,-5.644479,0.578754,-0.237907
-0.155953,1.186598,0.039592,-5.963099,-2.682666,0.067167
-0.127130,1.200588,-0.022407,-5.178357,0.444302,0.129362
-0.120155,1.191607,0.012916,-4.410778,-0.843444,-1.565912
-0.104832,1.202902,-0.000316,-4.551280,-0.283276,-1.125264
-0.099938,1.194354,0.000029,-4.005863,0.247320,-1.931191
-0.077499,1.197331,-0.000135,-2.823949,-0.514990,-0.616145
-0.083500,1.187802,0.005110,-3.116277,-0.627443,-0.966240
-0.093620,1.178923,0.023869,-2.042594,-0.265075,-1.545485
-0.092421,1.169477,0.025977,-2.468212,-2.157220,-1.588829
-0.084767,1.164927,-0.000851,-2.156974,-0.281793,-1.268509
-0.084376,1.160371,0.035788,-2.086494,-2.238369,-1.111247
-0.074759,1.150586,0.000531,-2.631769,-0.333320,-1.178852
-0.093331,1.126933,0.009463,-2.422871,-0.492729,-1.157471
-0.110603,1.104287,0.014472,-2.079896,0.156298,-0.905087
-0.134988,1.088893,0.001201,-3.172997,-0.484962,-0.286948
-0.147730,1.055120,-0.002174,-2.663458,0.118304,-0.631341
-0.166007,1.038813,0.019691,-3.434466,-0.522914,0.155833
-0.201861,1.006290,-0.001452,-3.868030,0.101632,0.143344
-0.234607,0.965040,0.039497,-3.964888,-0.137047,0.198193
-0.253287,0.943976,0.017107,-4.498593,-0.387398,1.127235
-0.269361,0.891454,0.037176,-4.385894,-0.191795,1.135773
-0.291570,0.863008,0.044102,-3.960611,-0.780884,1.346273
-0.326755,0.822195,0.020574,-4.586041,0.029767,1.130413
-0.374793,0.781289,0.071261,-3.572969,-1.229856,0.730093
-0.367135,0.769876,0.070381,-3.911624,-1.316397,1.925955
-0.359044,0.744913,0.073447,-3.263953,0.031776,2.479706
-0.373946,0.718276,0.104739,-2.223614,-0.619483,2.729621
-0.369105,0.706574,0.099523,-2.936077,-1.272925,3.134385
-0.362001,0.693887,0.108389,-2.330205,-0.237004,3.396531
-0.343698,0.691104,0.116070,-1.985158,-0.521870,3.923595
-0.329630,0.707362,0.111504,-2.984362,1.507875,4.049841
-0.325868,0.704933,0.153230,-2.628765,-0.127889,3.978435
-0.313123,0.724673,0.145858,-2.820292,-0.261747,4.316789
-0.298558,0.734704,0.159503,-3.538503,0.171227,4.013465
-0.274945,0.765231,0.186534,-2.943200,-0.039716,3.771189
-0.245724,0.804213,0.195052,-4.229239,-0.256327,3.464303
-0.245495,0.836496,0.222746,-4.146000,-0.653578,2.461626
-0.247375,0.879421,0.279272,-4.814990,-5.491074,2.689312
-0.208925,0.924065,0.231382,-5.134795,-0.431961,2.071968
-0.201556,0.957917,0.290876,-4.689857,-1.909514,0.703299
-0.199603,1.010528,0.294979,-5.395733,-3.763087,0.590415
-0.199865,1.053265,0.298573,-5.050473,-1.097357,-0.788417
-0.237814,1.088886,0.335323,-4.465864,-2.923390,-1.141779
-0.253970,1.131066,0.333429,-5.056187,-2.168476,-1.717217
-0.276376,1.158789,0.363283,-4.038783,-1.895383,-2.774110
-0.308051,1.194791,0.378064,-3.699008,-2.052730,-3.174260
-0.355837,1.215191,0.389533,-4.004931,-1.026043,-3.543549
-0.379316,1.230931,0.395809,-2.691129,-1.296109,-4.553234
-0.383922,1.251104,0.392592,-3.081667,-0.857266,-4.453008
-0.439162,1.262380,0.405768,-2.280144,0.204872,-3.962652
-0.452150,1.274374,0.415172,-2.347871,-0.299045,-3.931485
-0.465887,1.281011,0.396186,-2.873931,0.148709,-3.858914
-0.542138,1.285478,0.436797,-1.889124,0.629150,-4.346905
-0.530515,1.293389,0.416590,-3.167240,-1.479603,-4.514438
-0.531651,1.294584,0.406309,-2.728634,-0.723914,-4.556066
-0.609376,1.302127,0.416498,-3.300937,-1.240990,-3.349442
-0.624429,1.284907,0.376236,-3.998041,0.194594,-4.173475
-0.591519,1.273136,0.409224,-4.102872,-3.514577,-4.224343
-0.597132,1.262101,0.392349,-4.774905,-2.143979,-2.727075
-0.611401,1.236652,0.392556,-5.011569,-1.167798,-2.684721
-0.543921,1.210537,0.372103,-4.907608,-1.618270,-0.757348
-0.524807,1.186457,0.352701,-5.638525,-1.046939,0.370929
-0.523740,1.168892,0.382869,-4.767635,-0.722617,0.970187
-0.438637,1.163782,0.337309,-5.541538,-0.636670,0.547601
-0.396493,1.159104,0.346070,-5.270816,-1.024946,0.681653
-0.460360,1.139472,0.350892,-5.185227,-0.301720,1.134602
-0.410647,1.138618,0.324971,-5.513664,-0.321674,1.022708
-0.332095,1.136127,0.325190,-4.560766,-1.068928,1.461190
-0.324152,1.130869,0.319253,-4.956404,-0.101245,2.863606
-0.271560,1.133806,0.287055,-4.445129,0.707288,2.292859
-0.197971,1.123220,0.298018,-3.977040,-1.375960,3.450711
-0.215299,1.137831,0.255918,-4.495823,-0.940932,5.554970
-0.224894,1.147750,0.244469,-4.311858,-0.809201,4.966061
-0.120903,1.183443,0.231779,-3.560531,-1.668193,4.396188
-0.156380,1.202370,0.201997,-4.560500,-1.348923,3.759959
-0.216845,1.226230,0.201758,-3.787978,-1.042521,2.671363
-0.140437,1.264073,0.173342,-4.347572,-2.041931,3.031093
-0.114594,1.288143,0.151290,-4.462979,-0.472906,3.178619
-0.190954,1.306847,0.182831,-4.407880,-2.406676,3.472396
-0.119876,1.339431,0.101853,-5.425163,0.254794,3.300432
-0.121136,1.359737,0.112843,-4.897823,-0.457968,3.376519
-0.217853,1.392666,0.110315,-5.370484,-0.790925,3.682822
-0.219127,1.424522,0.048730,-5.257657,0.982859,2.041208
-0.200906,1.463793,0.067798,-5.452224,-2.229916,1.750702
-0.276589,1.482956,0.027116,-5.575453,2.248350,0.751707
-0.300804,1.511799,0.067824,-5.532542,-1.306356,-0.242219
-0.221503,1.553174,0.004985,-6.034223,-0.460758,0.232104
-0.277754,1.568437,0.024667,-5.846120,-0.185401,0.430441
-0.325163,1.606760,0.004841,-5.629987,0.517796,0.357045
-0.263761,1.641048,-0.029441,-5.791060,-0.060409,-0.920976
-0.271836,1.654106,-0.005752,-5.147715,-0.542806,-0.912603
-0.320705,1.689070,-0.013140,-5.775409,0.078960,-2.357218
-0.246256,1.720972,-0.019685,-4.904966,-0.220034,-3.405835
-0.200135,1.744182,-0.030921,-5.725703,-0.508698,-1.884549
-0.273717,1.744609,-0.014726,-5.231450,-0.493211,-1.655272
-0.224569,1.787580,-0.022965,-4.858375,-0.315333,-0.527055
-0.169142,1.800617,-0.051834,-6.047366,-0.589475,-0.730106
-0.206618,1.812762,-0.004452,-5.142749,-0.077671,-1.080317
-0.156531,1.858431,-0.028056,-5.833912,-0.132068,-1.023058
-0.079407,1.866768,-0.038687,-5.847147,-0.266654,-1.453162
-0.129845,1.886407,-0.018471,-6.540329,0.195027,0.848378
-0.166020,1.883657,-0.037670,-6.535110,1.694097,0.376849
-0.082820,1.896064,-0.012005,-6.266800,-1.995298,0.570454
-0.070734,1.909542,-0.036137,-7.082155,0.248653,1.514113
-0.095796,1.919307,-0.002174,-6.801106,1.119188,0.621401
-0.027482,1.939921,0.013851,-6.967181,0.568871,0.292452
-0.027328,1.956786,-0.008765,-7.867074,0.526856,1.764888
-0.095763,1.944355,0.018522,-7.002089,1.908828,1.188399
-0.002128,1.987674,0.025629,-7.192333,0.563724,1.557555
0.060123,1.998371,0.013786,-7.903601,0.239846,0.978495
-0.029599,1.989650,0.062632,-6.901144,1.094822,0.275336
-0.025732,2.002139,0.055528,-7.354469,1.077150,-0.323006
0.013155,2.010654,0.061174,-7.133820,-0.077658,0.445853
-0.045325,2.022221,0.108769,-6.665505,0.064455,1.704007
-0.041166,2.043360,0.105825,-6.783942,0.202964,0.332089
0.033667,2.055115,0.111080,-5.673880,-0.147761,-1.501563
-0.034349,2.029604,0.140780,-6.214563,-2.954226,-1.250122
-0.103539,2.030063,0.148001,-6.170392,0.837949,-1.359441
-0.043595,2.028783,0.162749,-5.265144,-0.306595,-1.964160
-0.047922,2.032299,0.165881,-5.831687,0.128998,-1.165918
-0.103746,2.005396,0.206425,-5.799230,1.494738,-3.256348
-0.018107,1.995118,0.219381,-4.980912,0.187881,-4.228894
-0.051939,1.948455,0.196217,-6.683617,0.431041,-2.000654
-0.196787,1.931774,0.251267,-5.576218,1.268191,0.245626
-0.127977,1.935972,0.244108,-5.538072,1.073398,-0.013108
-0.026018,1.929571,0.257224,-6.292272,0.339254,-1.407139
-0.099528,1.864517,0.298402,-5.562809,1.379679,-2.907519
-0.123388,1.824198,0.295747,-6.521110,0.590689,-4.297011
-0.102338,1.793019,0.282332,-6.508949,0.447555,-1.603513
-0.169014,1.765558,0.374903,-6.662947,-2.634257,0.991428
-0.047958,1.784405,0.358507,-7.192772,0.858910,1.041273
0.083054,1.744905,0.365522,-6.589493,0.162009,-2.962873
-0.027902,1.700027,0.367055,-7.609002,0.314213,-1.799371
-0.119823,1.648201,0.372300,-6.992156,1.614853,-1.341077
0.041705,1.653902,0.379318,-6.480237,-0.684797,0.756816
0.101370,1.635071,0.404320,-7.561160,0.334945,1.168323
0.052137,1.576525,0.435103,-5.570512,1.178515,-1.752262
0.120438,1.520895,0.396646,-5.492650,0.558922,-1.725187
0.099316,1.476687,0.389526,-5.384937,0.678088,1.365249
0.054619,1.461505,0.434873,-4.088580,1.154635,5.604534
0.224498,1.463396,0.411292,-4.545768,1.423743,5.755134
0.244340,1.442520,0.417992,-3.936505,0.415233,4.601378
0.108933,1.403304,0.434519,-4.185590,1.277897,3.857904
0.179952,1.373181,0.393222,-4.407860,2.561390,2.999580
0.266063,1.392554,0.411624,-4.204483,-0.187770,5.199025
0.179696,1.397245,0.413301,-4.941545,2.297426,6.251016
0.222115,1.361076,0.426513,-4.513590,2.070915,3.764389
0.326414,1.330004,0.382594,-5.178274,0.645608,3.165681
0.229326,1.343626,0.396981,-5.790311,1.970252,4.488348
0.179105,1.344995,0.435205,-5.558229,-1.789725,4.196647
0.282039,1.402457,0.354023,-6.752869,-1.023627,2.814259
0.182223,1.405976,0.339387,-5.411997,1.320329,0.613133
0.137231,1.368849,0.329658,-5.521841,0.532380,-2.209042
0.227587,1.350047,0.250663,-5.534498,0.725768,-5.077642
0.103829,1.339720,0.290551,-4.583891,-1.477759,-4.210594
0.036404,1.297597,0.255396,-3.775715,1.238265,-2.945717
0.144305,1.252631,0.242023,-2.775825,-0.485261,-3.621087
0.150765,1.209657,0.228871,-1.629306,0.198070,-3.025954
0.028211,1.110524,0.220871,-0.951341,2.870379,-4.633735
0.070867,1.018370,0.186048,0.310946,1.307672,-4.705714
0.080534,0.994237,0.153434,-0.268735,0.394249,-0.832646
-0.028381,0.924754,0.165319,0.610958,2.688601,-0.900974
0.073266,0.857271,0.141203,0.352893,0.849132,-2.211876
0.079316,0.793106,0.084335,-0.636024,1.019583,-3.216163
-0.058035,0.732233,0.105310,0.229289,1.561713,-1.593435
0.001036,0.655683,0.049036,-1.806872,1.365197,-1.400987
0.090545,0.642576,0.003938,-1.574089,-0.218317,-1.917668
-0.020139,0.594580,0.004759,-2.297052,0.654910,-2.143744
-0.023802,0.469848,-0.028830,-3.085057,0.291305,-3.216295
0.053444,0.413485,-0.045032,-4.102747,-1.574574,-1.453495
-0.032911,0.387150,-0.078034,-3.538102,0.350573,0.259769
-0.045545,0.282932,-0.049992,-3.296860,-0.222863,-1.032369
0.055732,0.193430,-0.119859,-3.590920,-1.751074,-3.571174
-0.000940,0.116427,-0.099728,-1.698256,-1.412359,-3.098405
-0.033104,-0.015957,-0.122468,-1.168303,0.104387,-1.177071
0.080691,-0.117781,-0.162212,-0.239899,0.219131,-0.480643
0.053700,-0.172523,-0.148006,1.624205,0.349539,2.710620
-0.010406,-0.314892,-0.156606,2.137660,1.774189,3.475416
0.039704,-0.444164,-0.146299,3.415838,-0.612176,4.081540
0.018896,-0.496388,-0.162744,4.021090,-0.632606,6.499057
-0.067113,-0.571821,-0.136438,5.028208,0.392263,7.326868
-0.032779,-0.662023,-0.135359,4.828366,-0.788627,6.348447
-0.026657,-0.687751,-0.182041,4.444656,-0.402372,6.185615
-0.127218,-0.736528,-0.126801,4.818257,-1.323848,5.020102
-0.135772,-0.809930,-0.154886,2.756183,-1.934457,4.344842
-0.099682,-0.849165,-0.161306,2.495833,-1.643826,3.065884
-0.175096,-0.841425,-0.143811,1.649174,-2.916421,3.839337
-0.237708,-0.919839,-0.172900,0.932704,-0.724176,2.030715
-0.218037,-0.987017,-0.145537,0.594199,-2.186656,1.324418
-0.273195,-1.031951,-0.162465,-0.169066,-1.212616,2.126090
-0.326968,-1.093752,-0.120322,0.964117,-0.912174,2.788696
-0.293812,-1.145736,-0.159471,0.549778,-1.156863,3.807380
-0.340934,-1.156181,-0.155634,0.987353,-0.936737,4.627056
-0.411661,-1.181367,-0.136169,2.307294,-0.396874,5.729101
-0.373582,-1.229606,-0.153619,1.617765,-0.293855,4.519540
-0.351399,-1.226071,-0.152962,3.208372,-0.235992,3.687291
-0.409902,-1.198397,-0.161168,3.340424,-0.270947,3.905838
-0.404594,-1.204856,-0.156360,3.024949,0.078968,2.845873
-0.350847,-1.142076,-0.152939,3.408082,-1.350869,3.536597
-0.396135,-1.073194,-0.162498,3.180849,-0.820279,2.339027
-0.414320,-1.035440,-0.135004,3.738702,-1.147167,-0.376086
-0.363137,-0.986193,-0.152719,2.137624,-2.695730,-2.515488
-0.380422,-0.886978,-0.139133,3.573976,-2.127766,-3.999686
-0.413634,-0.822531,-0.135027,2.611611,-2.590393,-4.746200
-0.398105,-0.783266,-0.123361,2.197056,-3.137274,-5.227182
-0.405438,-0.697920,-0.119268,2.283876,-4.023640,-3.504234
-0.446051,-0.622227,-0.127930,1.876033,-2.490742,-2.156656
-0.412833,-0.575169,-0.095631,1.752305,-3.061292,-2.305229
-0.388888,-0.458548,-0.117949,0.498982,-3.369056,-1.149618
-0.454271,-0.347775,-0.115910,0.561184,-1.008652,-1.887260
-0.434054,-0.286482,-0.092214,0.523577,-1.160875,-2.205864
-0.386721,-0.221542,-0.114069,-0.725023,-0.849585,-2.593234
-0.429032,-0.111331,-0.080745,0.171525,-0.370759,-2.228967
-0.434891,-0.051115,-0.098566,-0.349670,-0.202653,-3.057922
-0.401276,-0.001724,-0.101851,-0.683077,-0.612196,-4.399573
-0.447745,0.082963,-0.085718,0.374416,-0.179590,-4.438583
-0.488063,0.141039,-0.076642,-0.046993,-0.662476,-5.683705
-0.444128,0.162861,-0.051482,0.183536,-2.228281,-7.267491
-0.437127,0.231145,-0.063923,0.123904,-1.602836,-6.606563
-0.519509,0.275271,-0.020004,1.691635,-1.964416,-6.749357
-0.492787,0.272022,-0.029375,0.573857,-4.144251,-6.444484
-0.462349,0.297316,-0.042715,1.245398,-3.078177,-6.427832
-0.502992,0.335281,-0.017473,1.674281,-3.486263,-4.948543
-0.486859,0.298166,-0.021924,1.102231,-2.296829,-6.061430
-0.433145,0.296413,-0.003611,1.051698,-2.924014,-4.027824
-0.492984,0.336180,-0.039639,1.005602,0.000366,-1.390139
-0.483862,0.305772,0.025474,0.566356,-0.803766,-0.433603
-0.402717,0.293600,0.005967,-0.787784,-1.440417,-0.265840
-0.459332,0.314572,-0.002111,-1.195426,-0.110790,-0.973755
-0.526904,0.304377,0.034252,-0.696578,0.619017,-1.807636
-0.448891,0.272517,0.037869,-2.881943,-0.720687,-1.948461
-0.454980,0.332648,0.031793,-3.286087,-0.533204,-1.106907
-0.514815,0.347597,0.069958,-2.754663,-0.337423,0.487803
-0.449984,0.332057,0.055768,-4.600601,-1.664352,0.742715
-0.446258,0.354660,0.068093,-4.209381,-2.554786,0.599541
-0.502930,0.413025,0.083134,-4.135230,-2.368550,2.006810
-0.441325,0.391479,0.077842,-3.872714,-2.330713,1.341352
-0.380980,0.423401,0.078272,-3.554298,-3.595069,2.698431
-0.468723,0.455310,0.080918,-2.949584,-2.107576,3.306774
-0.432377,0.432648,0.104151,-1.315203,-1.875137,3.542142
-0.335640,0.454473,0.081335,-2.494123,-3.179814,5.183074
-0.397695,0.510061,0.091143,-0.127105,-1.219683,6.602015
-0.402513,0.535349,0.109305,-0.146848,-0.744629,6.796203
-0.307450,0.538762,0.061171,-0.677967,-0.718685,5.673545
-0.347198,0.610415,0.105349,0.183365,-0.469338,6.080749
-0.382185,0.664647,0.098538,-0.473615,1.483598,5.739122
-0.284349,0.670592,0.117452,-1.082573,-0.504854,5.756471
-0.304286,0.773490,0.087184,-1.773960,-0.208624,7.355624
-0.389498,0.817202,0.122802,-0.869658,0.847914,7.005570
-0.294363,0.849006,0.089636,-3.328082,-0.748854,6.019435
-0.301296,0.924118,0.081932,-3.879197,-1.025445,5.119888
-0.390969,0.988437,0.121174,-3.472263,-0.750183,5.560202
-0.310900,0.996325,0.088097,-5.277214,-1.416325,4.658842
-0.273733,1.048040,0.112899,-5.061466,-3.076352,4.514625
-0.357659,1.112103,0.094993,-5.001958,-0.798977,5.044678
-0.288751,1.103838,0.101115,-4.814029,-1.202661,3.272500
-0.192464,1.136485,0.087407,-5.058731,-1.958882,3.223304
-0.280430,1.192464,0.086334,-4.276310,0.402291,2.494669
-0.261900,1.197952,0.099447,-3.458307,0.331531,0.843527
-0.142525,1.220226,0.067706,-4.848780,-1.867657,1.056066
-0.192624,1.286423,0.044161,-3.693989,1.624559,-0.341909
-0.197916,1.308019,0.062845,-3.041463,0.993444,-2.219990
-0.089631,1.318614,-0.001035,-4.287132,0.182804,-3.018110
-0.128010,1.362441,0.017360,-2.309279,0.593338,-3.089727
-0.157617,1.372046,0.024099,-2.399743,1.152347,-3.951430
-0.022279,1.334255,-0.020358,-3.037817,-0.137425,-6.257370
-0.036784,1.366236,-0.009874,-1.749742,0.171647,-5.851238
-0.081908,1.365035,-0.014411,-2.298756,1.925509,-4.867778
0.039598,1.321398,-0.034154,-2.792251,0.204359,-5.916899
0.060396,1.325274,-0.031899,-3.308194,-2.682693,-5.436681
-0.003848,1.332601,-0.055736,-2.595689,1.117465,-5.903602
0.088831,1.257807,-0.060919,-2.813843,-0.544260,-6.232398
0.134057,1.244704,-0.111384,-3.749544,-0.160681,-6.162344
0.018804,1.223305,-0.061569,-2.606665,-0.221166,-6.351036
0.078393,1.164432,-0.089171,-4.130973,-0.015305,-6.247250
0.157697,1.108400,-0.115815,-4.442818,-0.572610,-6.283375
0.095121,1.088811,-0.093137,-3.092564,-0.130627,-4.500693
0.094963,0.993554,-0.134134,-3.846278,0.923788,-5.170319
0.168303,0.893076,-0.139002,-2.998158,-0.394390,-5.973926
0.098360,0.844118,-0.154472,-1.940868,1.236332,-3.878044
0.090739,0.701315,-0.154101,-1.566917,1.846491,-3.586280
0.206080,0.555861,-0.172325,-0.885830,0.470345,-2.927789
0.138436,0.477722,-0.196615,0.100930,0.996927,-2.033423
0.089029,0.348112,-0.159852,1.671869,1.574266,-0.772313
0.175462,0.222742,-0.200180,0.303010,0.529817,0.191083
0.146458,0.154491,-0.170648,1.479186,0.329834,-0.408924
0.108963,0.042865,-0.170976,1.654853,0.881862,-0.043371
0.157684,-0.111994,-0.183775,0.732064,1.176293,-1.032692
0.119877,-0.211968,-0.177321,1.735991,-1.797484,-0.221548
0.063636,-0.318614,-0.185646,1.480759,0.219016,0.922546
0.089055,-0.463593,-0.147103,1.530330,-0.373523,1.848190
0.137770,-0.547883,-0.168203,0.832586,-0.999924,3.505889
0.106091,-0.646957,-0.171337,0.944990,0.174680,3.350332
0.090844,-0.776134,-0.144008,1.269180,0.401500,3.569879
0.131389,-0.861467,-0.164109,-0.105827,0.375237,4.499943
0.079464,-0.900673,-0.141382,1.092470,-0.316943,5.498152
0.061968,-0.954508,-0.137857,0.670568,0.785542,5.944131
0.088816,-1.028895,-0.195421,-0.418811,1.593659,4.728054
0.071819,-1.050152,-0.137587,0.046101,-0.425136,4.267768
0.029312,-1.052417,-0.150198,0.124961,0.410727,4.357558
0.076119,-1.101909,-0.149306,-0.516017,0.470681,4.154419
0.089528,-1.093148,-0.142646,1.112040,0.145779,3.434180
0.060728,-1.055945,-0.140010,1.265517,0.391495,3.249168
0.057951,-1.097317,-0.134610,1.684047,1.072871,0.944187
0.102484,-1.080823,-0.111810,1.993614,-2.072674,0.706352
0.085635,-1.026712,-0.147668,2.882938,-0.171945,0.679835
0.083173,-1.033109,-0.117916,3.899210,-0.172244,-0.756064
0.116516,-1.021151,-0.123227,4.675415,-0.514874,-1.429466
0.097668,-0.977823,-0.160699,5.023869,0.800116,-0.933825
0.089140,-0.974104,-0.124966,6.152006,0.373882,-0.912854
0.153063,-0.947451,-0.130491,5.460151,-0.928734,1.005792
0.143777,-0.882593,-0.146955,4.989127,0.254677,1.572320
0.085136,-0.843919,-0.101096,5.741478,-0.845521,1.643485
0.106203,-0.810484,-0.147586,3.492920,1.299359,1.239387
0.107000,-0.754348,-0.114778,2.999697,-0.503652,0.068042
0.064535,-0.672336,-0.103591,2.901227,-0.599315,-0.428140
0.060229,-0.649957,-0.116406,0.851686,-0.055619,-1.441830
0.054721,-0.617461,-0.110330,1.065347,1.780521,-1.821330
-0.000651,-0.539952,-0.106851,-0.039095,-2.053938,-0.678622
0.006817,-0.507571,-0.108797,-0.511349,1.070297,-1.282766
0.043163,-0.475518,-0.071266,-1.394729,-1.399731,-2.478965
0.026075,-0.422910,-0.120197,-1.340992,0.852934,-3.648676
-0.022646,-0.405238,-0.065653,-0.008539,0.534225,-4.674364
-0.007889,-0.409488,-0.086122,-0.118222,0.388328,-4.750063
-0.000835,-0.378118,-0.108548,0.649327,-0.010420,-5.267392
-0.032920,-0.363564,-0.059462,2.769634,0.147817,-4.146850
-0.016331,-0.390532,-0.059367,2.597369,-0.291531,-3.523101
-0.017414,-0.398023,-0.070714,3.472677,-0.729467,-3.439149
-0.047409,-0.382077,-0.053714,4.789968,-0.637631,-1.890614
-0.007892,-0.392397,-0.088800,4.050678,-0.505684,-1.028329
0.024056,-0.384164,-0.054056,4.177580,-1.188950,-1.180634
0.003863,-0.354862,-0.064711,4.475015,-0.667334,-0.314973
-0.013321,-0.377071,-0.073117,3.235612,-0.156357,-1.427812
0.002235,-0.350743,-0.079547,2.938516,0.197342,-0.974025
-0.014949,-0.289971,-0.082203,1.274697,-0.193117,-0.726806
-0.046477,-0.255450,-0.069529,0.984218,-0.039492,-1.037319
-0.051446,-0.225002,-0.047163,-2.148722,-1.194963,-1.694161
-0.086756,-0.182862,-0.057814,-1.961504,-0.534198,-2.273470
-0.102859,-0.139455,-0.031627,-3.334105,-1.001788,-1.505643
-0.092651,-0.117755,-0.064901,-3.493720,0.581588,-0.783513
-0.106870,-0.095490,-0.040972,-3.182805,-0.512649,0.411153
-0.136429,-0.078553,-0.059853,-3.262207,-0.645069,1.801062
-0.133337,-0.096610,-0.040381,-2.343186,-0.020884,2.338151
-0.124543,-0.060322,-0.060680,-2.537914,-0.558022,3.726550
-0.162130,-0.035166,-0.057049,-1.285040,-0.060008,3.671736
-0.147894,0.013936,-0.034312,-0.861094,-1.505649,4.646945
-0.165928,0.047148,-0.067110,0.033715,-0.009783,4.648999
-0.180039,0.110611,-0.034584,0.970504,-0.761212,5.078308
-0.181182,0.177944,-0.068243,0.627269,-0.482119,4.260139
-0.180791,0.238193,-0.073248,0.751916,-0.361739,2.580981
-0.188633,0.305985,-0.089063,1.281390,-0.355148,1.937839
-0.190350,0.367587,-0.115969,0.487850,-0.463708,0.422884
-0.172969,0.419941,-0.071203,0.723103,-0.297141,-0.147391
-0.166388,0.480887,-0.069582,-0.211591,-0.260952,1.194138
-0.166844,0.535362,-0.114948,-0.618354,1.430498,2.388121
-0.188006,0.595821,-0.086033,-1.457523,-0.560370,3.589017
-0.213917,0.665527,-0.109861,-3.159729,-0.690705,4.467905
-0.240751,0.726170,-0.091587,-3.122080,-1.507136,3.169256
-0.233635,0.805684,-0.102725,-4.673416,-1.559111,1.745347
-0.245527,0.882250,-0.112257,-5.607283,-0.272933,0.317603
-0.241969,0.956436,-0.102564,-5.483627,-0.558637,-0.071551
-0.214751,1.030314,-0.133635,-6.636183,0.597087,-0.517901
-0.202078,1.087957,-0.131334,-6.010498,0.416638,-1.465443
-0.182183,1.138704,-0.144579,-5.372700,0.627866,-3.072102
-0.176534,1.170901,-0.166489,-5.281176,1.216949,-4.135622
-0.192355,1.193980,-0.140873,-3.419735,0.414731,-4.366322
-0.180410,1.236399,-0.141218,-3.523411,-0.649705,-2.915307
-0.190363,1.256829,-0.170513,-2.505251,-0.112767,-4.559189
-0.191026,1.275936,-0.136399,-1.593367,-1.121742,-4.987580
-0.187530,1.286535,-0.174489,-1.535675,-0.123392,-5.761031
-0.195812,1.285826,-0.181477,-0.456895,-1.423540,-5.865341
-0.190350,1.306262,-0.170497,-0.355293,-2.118087,-5.635573
-0.209115,1.303807,-0.190773,-0.580114,-1.212866,-6.122927
-0.222396,1.289108,-0.158211,-0.395618,-1.302690,-4.939034
-0.213875,1.280436,-0.168039,-1.457316,-1.423179,-3.995500
-0.221943,1.247737,-0.179836,-1.337652,-0.157726,-4.082359
-0.253100,1.229752,-0.145491,-2.273380,-3.717409,-2.905576
-0.272782,1.206762,-0.171695,-3.273959,-0.379399,-1.959196
-0.297823,1.175447,-0.158736,-3.843304,-0.213751,-2.340218
-0.277836,1.148787,-0.174830,-4.893468,0.229336,-2.065356
-0.274242,1.104914,-0.209735,-5.630352,0.769608,-1.538029
-0.278601,1.046201,-0.168314,-5.190262,-0.034054,-0.327258
-0.290320,0.985384,-0.190339,-5.531203,-0.054602,0.834884
-0.276523,0.920674,-0.201818,-4.862294,0.838448,1.558935
-0.242045,0.858351,-0.182724,-4.228958,0.418673,2.892640
-0.215703,0.800849,-0.210146,-4.556617,-0.237726,3.474089
-0.218122,0.723764,-0.195795,-3.779972,-0.038780,2.716112
-0.222258,0.668150,-0.194994,-2.565943,-0.774736,2.652880
-0.210733,0.595916,-0.212660,-1.970440,-0.579254,1.790381
-0.193474,0.519153,-0.180827,-0.559586,-1.691025,0.336646
-0.178769,0.436413,-0.182632,-0.327914,-1.351798,-0.176989
-0.182984,0.353866,-0.163814,1.558569,-1.264157,-0.126786
-0.168141,0.260067,-0.160377,1.817934,-0.841809,1.602374
-0.151331,0.163435,-0.152989,1.859352,-0.729740,2.173973
-0.132562,0.083810,-0.113051,2.936851,-0.490247,2.540097
-0.119166,0.010300,-0.104297,1.820813,-2.563379,3.385737
-0.106306,-0.051233,-0.102623,1.828178,0.826211,4.008758
-0.098284,-0.103657,-0.067044,1.406864,0.238117,5.590724
-0.082515,-0.116744,-0.087005,-0.168348,2.470749,5.638579
-0.082754,-0.146378,-0.054358,-0.636992,0.684955,4.042444
-0.081530,-0.172880,-0.042009,-1.567271,0.537800,2.937368
-0.089303,-0.225321,-0.047553,-2.919556,0.673128,1.783638
-0.093970,-0.262327,0.002954,-2.537004,-0.527433,1.897017
-0.084980,-0.294948,-0.002042,-3.357653,-0.533867,1.826287
-0.048345,-0.340902,0.024647,-2.813103,-0.820617,2.139719
-0.027770,-0.388839,0.042937,-1.890321,-0.804481,2.791520
-0.031703,-0.422319,0.030411,-1.994076,-0.953710,2.045294
-0.026657,-0.444466,0.062014,-0.306804,-1.152649,1.850380
0.000600,-0.458728,0.066728,-0.003274,-2.915656,1.583830
0.022694,-0.456939,0.062113,0.815727,-0.573492,0.156922
0.004956,-0.455797,0.104755,1.819867,-1.299134,-0.466893
0.012663,-0.440741,0.070234,1.877583,0.092898,0.074542
0.031452,-0.425113,0.087703,2.586254,0.254867,-0.121124
0.064437,-0.401739,0.083935,3.076752,0.470805,0.452147
0.093174,-0.381217,0.074727,2.725771,1.749817,-0.190071
0.086918,-0.385947,0.079641,4.086463,1.252567,-1.404337
0.107817,-0.376224,0.075696,3.277716,1.450616,-1.419633
0.138495,-0.370828,0.072151,3.032751,1.921400,-1.996827
0.147259,-0.372587,0.101673,3.112324,-0.623717,-2.496788
0.166960,-0.347624,0.061135,2.328589,0.771185,-2.300337
0.153148,-0.354494,0.049193,1.796861,0.824902,-3.381930
0.156073,-0.343570,0.066423,1.012503,-0.889591,-2.550452
0.175166,-0.341788,0.037173,0.376235,-0.003609,-3.514307
0.174668,-0.333759,0.048438,0.501782,-0.673243,-3.411255
0.179164,-0.336612,0.018338,-0.397121,-0.368183,-3.243513
0.172606,-0.366790,0.022970,0.188584,-0.253639,-3.625109
0.190331,-0.380449,0.023735,0.434997,0.524280,-2.710326
0.195498,-0.406725,-0.004189,0.166756,0.602352,-3.048505
0.206937,-0.453401,0.006909,1.143482,0.874023,-3.125894
0.230567,-0.479811,-0.012474,0.965383,1.569730,-2.703923
0.236338,-0.523809,-0.021625,1.647842,2.156183,-3.088047
0.261783,-0.537346,0.010080,2.211026,1.281456,-1.757020
0.296305,-0.566914,-0.037407,1.998357,2.381125,-2.415719
0.324255,-0.584012,-0.033570,3.074389,2.161553,-2.140955
0.329901,-0.585385,-0.080489,2.474222,2.162863,-2.783358
0.337243,-0.587328,-0.084914,2.913248,1.888934,-3.415204
0.318547,-0.588654,-0.090022,3.073644,0.329618,-3.460686
0.315911,-0.585260,-0.135989,2.088886,1.069939,-3.675975
0.275714,-0.598334,-0.166089,2.743798,-0.411002,-5.015817
0.283530,-0.614431,-0.210254,2.608782,-1.491029,-4.097161
0.289001,-0.644035,-0.249666,2.524348,-0.197972,-3.198967
0.265266,-0.678392,-0.219540,2.318099,-1.861413,-1.862200
0.265227,-0.712461,-0.275095,1.666749,-0.168111,-0.228258
0.280858,-0.743437,-0.287125,2.510096,0.391938,2.068400
0.285601,-0.749329,-0.327424,2.018038,1.616107,4.192745
0.308778,-0.760004,-0.352771,1.408280,1.763374,4.056843
0.290200,-0.741858,-0.365231,1.574473,2.785899,4.754039
0.244925,-0.719610,-0.392157,0.359839,2.780270,5.140666
0.235147,-0.700198,-0.378016,0.454134,1.205271,5.041398
0.278652,-0.639417,-0.398203,-0.288157,1.906951,5.842123
0.279693,-0.573870,-0.463366,-0.918329,2.853005,5.245831
0.273236,-0.534047,-0.448890,-0.543360,0.723287,5.317972
0.294910,-0.492662,-0.492908,-0.973563,1.629831,5.194067
0.303927,-0.448474,-0.527873,-0.554366,0.951597,3.650568
0.325240,-0.375916,-0.518084,0.503153,0.237260,4.065790
0.356813,-0.340081,-0.534703,0.020474,0.144331,2.796606
0.382213,-0.308206,-0.538770,1.252833,-0.179380,1.436629
0.385741,-0.229440,-0.537740,1.230328,-0.813157,2.540982
0.377315,-0.181477,-0.548647,1.887860,0.505520,2.453914
0.437817,-0.156426,-0.517027,2.365563,0.237864,2.550983
0.474147,-0.083066,-0.561435,1.705960,1.387610,2.660039
0.426536,-0.010127,-0.501656,2.310126,0.466919,2.713908
0.456439,0.035978,-0.525818,1.089791,1.918111,3.864147
0.505422,0.095718,-0.525348,0.467069,2.099357,4.135536
0.470202,0.214037,-0.509432,0.942977,3.715778,4.731988
0.462245,0.266625,-0.496968,-0.891269,3.329270,3.358503
0.510418,0.311256,-0.490138,-1.160833,2.269903,1.557660
0.448721,0.424616,-0.480474,-1.951956,0.493060,1.379749
0.399337,0.502038,-0.468982,-2.310517,3.630565,0.206294
0.458503,0.569909,-0.435567,-4.411484,-0.756623,-0.032266
0.422426,0.688507,-0.447699,-5.021877,0.735117,-1.101178
0.343824,0.763291,-0.383517,-4.551697,0.309407,-2.998066
0.425360,0.819680,-0.403747,-5.338126,0.170284,-4.299250
0.429361,0.906675,-0.400819,-5.375264,0.932522,-4.593335
0.361484,1.006014,-0.363058,-3.285864,2.120305,-4.252174
0.436130,1.039623,-0.322976,-5.001102,-1.058083,-4.381452
0.473461,1.092359,-0.313309,-3.907210,1.587822,-4.725777
0.383470,1.144970,-0.257672,-2.507309,1.187584,-3.590439
0.409335,1.157666,-0.263282,-2.524804,2.292847,-3.439795
0.466355,1.190960,-0.246794,-1.835371,1.533051,-3.045682
0.368682,1.257393,-0.199090,-0.179611,2.924194,-1.672345
0.361806,1.252762,-0.185406,-1.202806,3.484598,-2.566219
0.451675,1.249663,-0.158969,-0.544897,1.791671,-3.316520
0.378415,1.309637,-0.127412,-0.419422,2.368878,-2.354502
0.352625,1.307316,-0.073380,-0.612948,3.120684,-3.106565
0.451620,1.304624,-0.074597,-2.263709,1.182293,-3.726944
0.379449,1.355483,-0.054680,-2.883099,0.954278,-4.215389
0.299301,1.336070,0.004293,-2.028204,3.278727,-4.252380
0.393255,1.296517,-0.003398,-4.495557,-0.126615,-3.746741
0.345682,1.288114,0.005642,-3.684010,0.418739,-3.745052
0.236899,1.274081,0.035180,-4.010042,0.294124,-1.452467
0.260034,1.174804,0.022681,-5.350100,1.286612,-1.910021
0.254197,1.123417,0.059402,-4.608040,-1.718289,-1.063046
0.164968,1.087645,0.058407,-3.971141,2.404643,-0.192334
0.180832,0.947200,0.089886,-3.741758,0.744583,-0.561547
0.217418,0.890049,0.075735,-3.520351,0.243897,2.036022
0.111100,0.833929,0.092525,-3.039198,2.603819,3.069772
0.123622,0.724818,0.153759,-2.837561,1.834373,2.930096
0.200612,0.660272,0.127765,-3.354722,1.210978,3.430894
0.097474,0.638227,0.154756,-2.044186,2.504486,3.849321
0.045937,0.559215,0.168145,-1.868878,2.369981,3.413515
0.090207,0.503374,0.134241,-2.044452,2.741698,1.835891
0.009781,0.479981,0.157911,-0.767160,0.688802,1.139481
-0.045489,0.430373,0.168710,-1.156914,0.283010,1.019387
-0.016485,0.342345,0.143704,-2.105955,-1.126606,-0.334112
-0.056039,0.309576,0.175380,-0.481171,-2.394629,0.353444
-0.130402,0.257260,0.155351,0.059939,-1.200008,1.938569
-0.079219,0.151540,0.127712,-0.378208,-1.271529,2.475719
-0.045141,0.088103,0.142835,0.494652,-1.775755,2.367613
-0.088036,0.080071,0.144180,-0.006849,-0.079430,4.341625
-0.081267,0.005908,0.135436,-0.000849,0.247964,4.898555
-0.035254,-0.021717,0.136713,-0.788893,-0.075169,5.891910
-0.103965,-0.000930,0.109009,-0.860486,1.090546,5.581584
-0.116101,-0.042233,0.128405,-0.581118,1.066555,3.558443
-0.080020,-0.065472,0.081926,-1.894723,0.024144,2.570732
-0.151091,-0.052628,0.065156,-1.904580,1.093014,1.921270
-0.211344,-0.062928,0.078082,-1.199969,0.605530,2.765680
-0.155421,-0.093941,0.043908,-2.293480,-0.291101,2.842248
-0.154558,-0.092864,0.033690,-1.232862,-1.596967,1.702375
-0.184064,-0.094098,0.033822,-0.012009,-0.405727,1.947720
-0.140663,-0.146279,-0.015937,-0.592685,-0.331915,-0.038643
-0.109900,-0.151587,-0.022912,0.630486,-1.293600,-0.387799
-0.167146,-0.130780,-0.038097,1.059747,-0.874591,0.107737
-0.151134,-0.176205,-0.057286,1.329350,-0.993960,-1.402342
-0.109158,-0.203433,-0.075894,2.391241,-2.413381,-1.687286
-0.160272,-0.198664,-0.114417,2.919097,-0.713886,-1.189184
-0.183689,-0.257666,-0.108324,3.215878,-0.965544,-0.993662
-0.131357,-0.309295,-0.125252,3.359003,-2.066936,-0.221975
-0.169824,-0.297485,-0.163581,3.535571,-1.054110,0.132531
-0.214708,-0.333733,-0.148600,4.004839,-0.635632,0.469401
-0.143883,-0.394422,-0.200292,2.619482,-0.500363,0.104671
-0.150028,-0.402526,-0.247608,2.456572,0.861658,-0.032489
-0.204789,-0.394209,-0.239198,2.823361,1.167440,-0.480461
-0.135044,-0.444702,-0.260377,0.324950,0.875671,-1.155296
-0.098336,-0.462021,-0.279582,-0.374347,0.753463,-2.256819
-0.178323,-0.452495,-0.265120,0.122972,0.859961,-2.512296
-0.161106,-0.489685,-0.319773,-1.268060,0.131536,-3.005449
-0.104780,-0.516781,-0.325402,-1.565574,-0.951190,-2.906587
-0.155385,-0.487666,-0.326781,-0.876816,-1.001158,-2.167865
-0.157492,-0.532813,-0.333083,-1.353712,-0.716905,-3.122260
-0.046956,-0.564859,-0.339421,-0.867497,-2.248225,-2.484398
-0.057949,-0.536913,-0.366498,0.011809,-1.358225,-1.292893
-0.065453,-0.565762,-0.363258,0.880401,-0.004446,-1.420438
0.055006,-0.606911,-0.354051,1.322421,-0.617592,-2.252422
0.062992,-0.557142,-0.382083,1.902526,-0.858917,-1.234000
0.004266,-0.552350,-0.336319,3.635076,0.183540,-0.552613
0.066304,-0.598760,-0.369531,2.302304,-1.126698,-0.928069
0.073204,-0.559542,-0.382283,3.324344,-0.370598,-1.556050
0.025999,-0.516269,-0.345527,4.197869,-0.760431,-0.236514
0.089429,-0.563116,-0.366071,2.991626,0.356261,-1.700782
0.140550,-0.560963,-0.360849,3.556812,-0.776311,-1.497617
0.040951,-0.511976,-0.355814,3.129491,0.334755,0.111563
0.074448,-0.528250,-0.340823,3.038414,0.916843,0.566339
0.202847,-0.518419,-0.340780,1.879024,-0.131515,1.872345
0.148713,-0.445556,-0.353752,1.550491,1.411621,1.617176
0.108681,-0.448635,-0.307506,1.124772,0.417426,0.434969
0.180313,-0.437150,-0.328510,-0.967280,-0.963984,1.268549
0.159588,-0.365753,-0.330496,-0.440026,1.341052,1.376162
0.134254,-0.323242,-0.267595,-0.682201,0.494255,1.719984
0.225168,-0.339615,-0.306909,-2.446711,-0.007351,-0.340759
0.203858,-0.296159,-0.289049,-0.961188,-0.594786,-0.525361
0.109902,-0.250681,-0.240748,-0.450644,1.069213,0.492114
0.202322,-0.271537,-0.229972,-1.679041,0.084758,-0.584320
0.265020,-0.210858,-0.206640,-0.263079,-0.283417,-0.758818
0.190141,-0.159836,-0.173806,0.281641,1.875062,-0.390406
0.226645,-0.204369,-0.157682,0.994111,0.874168,-1.491485
0.275566,-0.168288,-0.158546,0.834384,-0.392361,0.103177
0.202549,-0.120709,-0.140138,2.686083,3.017242,-0.048412
0.270186,-0.123601,-0.085200,2.335725,-0.129231,0.009354
0.369313,-0.103536,-0.111961,1.962939,0.960857,-0.963477
0.288007,-0.057703,-0.058546,3.901852,2.029343,-0.770906
0.290931,-0.055776,-0.067678,2.437235,2.623061,0.739775
0.423483,-0.038579,-0.060851,1.666653,0.972395,0.270730
0.389920,0.071927,-0.020736,1.879811,1.641982,1.751281
0.342016,0.070801,0.004381,0.825682,1.935941,-0.516593
0.450658,0.061397,0.007808,0.137319,0.459770,-2.389707
0.421569,0.123055,0.016645,-0.912116,-0.759761,-1.230023
0.379626,0.140182,0.046183,-0.690252,1.904440,-0.547766
0.504438,0.134080,0.045379,-2.303505,-0.150396,0.287273
0.491268,0.183655,0.003305,-2.792687,1.824791,0.660531
0.375303,0.221656,0.090673,-1.863517,0.437767,2.574837
0.460361,0.210994,0.050447,-3.493024,1.864890,2.844133
0.511528,0.262745,0.073956,-3.415798,0.973133,2.150177
0.421412,0.310557,0.123931,-2.212578,2.289207,2.749672
0.455020,0.265795,0.116490,-3.049984,2.128893,2.169141
0.485869,0.270919,0.129905,-2.109828,1.621756,3.933584
0.411663,0.334660,0.145116,-0.981598,2.848383,7.185651
0.448328,0.334457,0.141115,-1.217422,4.850887,7.451529
0.520761,0.389349,0.166353,-1.044700,1.649312,7.110744
0.438362,0.480814,0.172396,-1.012588,2.393122,6.447921
0.408318,0.512349,0.176352,-1.160573,3.637911,4.032134
0.489552,0.563949,0.163340,-1.514525,0.826168,3.214932
0.445022,0.645222,0.147292,-1.404816,2.443967,3.331059
0.382305,0.659464,0.186960,-0.768158,1.909511,1.795747
0.439350,0.696589,0.155600,-1.995905,1.035020,1.839525
0.425561,0.753811,0.148356,-2.505329,0.140237,2.705717
0.375589,0.805841,0.173886,-1.701063,1.509667,3.109419
0.450566,0.865385,0.151110,-3.583177,-0.172710,1.719750
0.483673,0.946957,0.098246,-3.743212,2.109844,0.642992
0.429214,0.999131,0.143498,-3.234352,2.320564,1.180528
0.471131,1.029622,0.119982,-4.954054,2.417711,0.508174
0.516257,1.060066,0.107841,-4.418932,1.866645,-1.511809
0.461648,1.115064,0.108307,-4.338984,2.648693,-0.820050
0.460292,1.133281,0.111737,-5.092107,2.735011,-2.343788
0.507487,1.177860,0.113191,-4.498199,0.500465,-3.200707
0.446181,1.242576,0.073309,-5.186717,2.209328,-3.636985
0.417308,1.256560,0.078919,-4.139261,2.152030,-4.477940
0.488662,1.271216,0.064483,-3.177510,0.628230,-5.687760
0.460594,1.304326,0.020771,-3.283418,2.253773,-6.024881
0.383919,1.266174,0.051570,-1.917553,2.100893,-6.788452
0.434403,1.246565,0.020564,-2.167878,-0.197135,-6.212219
0.431892,1.238897,-0.023060,-1.622534,2.263239,-6.219227
0.361300,1.205042,0.019376,-0.748152,1.657091,-6.488637
0.414666,1.178507,-0.009979,-1.555024,1.288309,-5.997438
0.427937,1.176721,-0.037365,-1.745793,1.651255,-4.947078
0.339656,1.141743,-0.025623,-0.942479,2.443931,-4.128360
0.382341,1.086490,-0.055389,-2.232634,2.014795,-3.781493
0.426847,1.062784,-0.088676,-1.963130,2.286748,-4.219432
0.346516,1.017158,-0.056107,-2.103424,-0.045083,-4.307940
0.379143,0.941770,-0.131003,-2.497110,5.280614,-5.639315
0.404412,0.856683,-0.130707,-2.248255,1.318705,-5.274707
0.324901,0.804798,-0.133182,-2.923226,1.235918,-3.777229
0.296433,0.692039,-0.149808,-2.928121,2.045958,-4.090800
0.386565,0.592936,-0.157394,-2.213530,-0.143723,-2.600136
0.325732,0.509910,-0.195257,-2.319560,0.600537,-0.733643
0.256522,0.382856,-0.185311,-1.357815,1.092082,-0.238021
0.323037,0.252816,-0.211498,-0.740664,-0.321874,1.076159
0.311483,0.172147,-0.238020,-0.424103,-0.171141,3.091778
0.236801,0.035338,-0.213405,0.954843,1.453416,3.219858
0.334181,-0.055884,-0.240223,0.122745,-0.043126,4.307682
0.303464,-0.144251,-0.269837,0.567604,1.779123,5.440875
0.202772,-0.230129,-0.214288,1.537719,1.632585,6.862515
0.288430,-0.326292,-0.244703,0.156344,1.758509,6.974288
0.306566,-0.381772,-0.271255,0.674888,1.282168,6.552929
0.215419,-0.438213,-0.249558,1.512165,2.268597,7.657662
0.253886,-0.551129,-0.265918,0.559782,2.685407,6.349396
0.284327,-0.606120,-0.288337,1.331717,1.041556,5.224335
0.167371,-0.630495,-0.253864,0.905174,-0.392916,6.751606
0.166796,-0.700286,-0.277176,-0.078517,0.887212,5.972543
0.232770,-0.740099,-0.295555,0.379652,-0.766385,4.574190
0.124489,-0.746437,-0.275899,1.041096,-0.850241,5.163697
0.046649,-0.793767,-0.276293,0.448183,-1.000862,4.790545
0.096549,-0.813452,-0.257226,-0.057480,-2.326373,4.604396
0.031681,-0.775861,-0.252240,0.792488,-1.829166,5.660358
-0.019449,-0.779708,-0.248055,0.171930,-0.062699,5.693953
0.065477,-0.791331,-0.238923,1.051173,-0.686457,4.402371
0.021896,-0.740956,-0.221854,1.054722,-0.541413,4.745732
-0.069674,-0.722847,-0.219842,0.977952,2.013811,4.037934
0.015076,-0.691896,-0.200801,1.242546,1.456062,2.831380
0.025067,-0.610344,-0.200705,1.260389,0.122565,2.352616
-0.080798,-0.566448,-0.201920,2.028217,2.924773,0.508995
-0.033672,-0.551395,-0.166023,1.608163,0.874421,-1.164414
-0.002715,-0.497730,-0.185724,0.931259,0.621633,-1.670100
-0.072635,-0.449682,-0.147464,2.840867,1.410758,-2.006959
-0.026684,-0.432446,-0.126027,3.084912,0.311587,-2.642491
0.033598,-0.389800,-0.135844,2.112664,-1.792718,-3.571217
-0.069664,-0.350034,-0.092762,3.710909,-0.620346,-4.303555
-0.073143,-0.325599,-0.070199,3.022451,-1.569174,-3.912873
0.023190,-0.292259,-0.086175,2.177066,-1.701217,-5.043721
-0.010432,-0.243597,-0.020293,3.065681,-2.019610,-5.493413
-0.046122,-0.235585,-0.019774,2.405162,-1.092131,-5.531726
0.007266,-0.258772,-0.023470,1.352156,-2.628420,-5.902736
-0.035303,-0.239346,0.013825,2.005424,-1.215748,-4.059355
-0.099554,-0.239901,0.039750,1.596898,-0.059023,-3.285121
-0.036357,-0.234758,0.032584,0.962327,-0.005749,-4.166750
-0.072818,-0.216419,0.066738,0.731716,-1.075817,-3.598830
-0.186338,-0.192516,0.058578,0.129445,1.200285,-2.471295
-0.180889,-0.218181,0.068891,-0.630647,-0.349469,-4.032728
-0.154410,-0.188554,0.075840,-0.884809,-1.094484,-2.904356
-0.236271,-0.181513,0.098834,-0.697336,0.575692,-1.963119
-0.261283,-0.223512,0.115564,-0.416980,0.379268,-3.097795
-0.236071,-0.235119,0.104676,-1.055535,-1.635594,-2.249668
-0.319261,-0.211400,0.102956,-0.642818,1.401360,-0.469495
-0.331527,-0.226824,0.174113,0.367205,-0.777338,-0.093951
-0.256415,-0.211304,0.142497,-0.646550,-2.033029,-0.521534
-0.326948,-0.188416,0.131786,-0.742716,-0.992942,-1.441340
-0.357189,-0.193986,0.175091,0.899170,-0.061389,-0.438966
-0.252154,-0.186171,0.146068,0.041117,-0.922767,-0.404308
-0.240863,-0.141339,0.167889,0.691772,-0.418706,-0.484101
-0.254941,-0.114075,0.222260,0.689432,0.273695,-0.547384
-0.172513,-0.100975,0.209901,-0.161649,-0.042604,-0.557627
-0.159800,-0.086795,0.217202,0.285249,-1.472106,-0.515244
-0.185423,-0.028427,0.213932,0.200785,-0.072084,0.818472
-0.128961,-0.017470,0.213857,0.177142,0.502350,-0.444282
-0.073180,0.034872,0.219223,-0.186480,-0.919186,1.058803
-0.121743,0.054941,0.220330,-0.725634,0.284435,0.833164
-0.106546,0.055062,0.234795,0.383170,-0.506308,0.299069
-0.022755,0.096398,0.219118,-0.666159,-2.245081,0.640726
-0.057017,0.144755,0.207646,-0.601101,-1.286225,0.989592
-0.067068,0.164266,0.254867,-0.653076,-3.567434,1.183013
0.001571,0.209350,0.189045,-1.801919,-1.850880,1.302241
-0.002194,0.247502,0.211795,-1.113316,-0.835792,1.803824
-0.024412,0.259532,0.225073,-0.704718,0.178442,1.847427
0.037442,0.287981,0.181154,-1.748862,0.485721,0.629246
-0.012681,0.314549,0.180448,-0.851312,0.336764,-0.262391
-0.052743,0.352100,0.220100,-0.646064,2.463636,-0.225277
-0.006323,0.358018,0.192222,-1.108337,1.053510,-1.155956
0.017724,0.353269,0.185779,-0.496366,0.509085,-2.132363
-0.041228,0.333676,0.189957,-0.088385,1.386001,-2.244617
-0.038616,0.305768,0.156339,-0.126615,1.185641,-0.532391
-0.010196,0.294129,0.168408,1.065208,0.421365,2.332653
-0.019210,0.298196,0.148277,0.507325,1.181781,4.222661
-0.000421,0.286898,0.150516,1.276722,1.670461,2.609228
0.058879,0.297122,0.151572,0.157801,-0.752812,3.130914
-0.008706,0.295498,0.118636,-0.735225,0.298323,3.478497
-0.036429,0.304908,0.142933,-0.439405,0.078249,2.546192
0.041955,0.335891,0.129685,-1.369655,-0.874161,3.387997
0.044443,0.360263,0.113641,-2.368734,-0.729317,3.896765
0.019822,0.370383,0.126180,-2.578370,-0.504266,4.244427
0.097931,0.390957,0.079713,-3.393672,-0.391422,4.639903
0.114372,0.421432,0.063357,-4.378639,0.169303,6.093131
0.085536,0.443887,0.068356,-3.309907,1.583919,6.948707
0.174484,0.483614,0.048333,-4.704773,2.002522,5.801056
0.211155,0.509614,0.024122,-3.956472,1.545154,4.540626
0.186294,0.562248,0.031849,-4.749676,1.073001,5.340175
0.223119,0.614567,-0.000890,-4.573318,2.150255,4.819255
0.276489,0.684936,0.011419,-4.134403,-0.757473,6.120492
0.232918,0.763613,-0.002351,-4.500411,1.246022,5.103262
0.252546,0.827158,-0.008263,-3.315579,1.573458,1.755378
0.345853,0.900166,-0.032408,-2.763080,0.134174,0.798811
0.267491,0.955862,-0.053544,-3.394066,1.136775,0.528316
0.221980,0.997572,-0.042406,-2.246795,0.426663,-1.870731
0.337722,1.071794,-0.083220,-1.187017,-0.259685,-1.099321
0.303572,1.083375,-0.088347,-1.803551,-0.287008,-1.294456
0.247885,1.088889,-0.059121,-0.256265,1.058926,-3.750821
0.315973,1.132434,-0.071568,-0.902640,-0.979826,-4.315140
0.297470,1.151315,-0.120233,-1.260078,2.342014,-3.293082
0.220507,1.144701,-0.072027,-0.837546,0.900542,-3.331990
0.301320,1.194646,-0.124057,-1.390532,1.947472,-4.138356
0.309415,1.183591,-0.122488,-1.891271,1.796296,-4.973946
0.192097,1.168000,-0.093685,-2.213314,3.262899,-4.034524
0.228082,1.176002,-0.122810,-3.326481,2.172129,-5.389143
0.258077,1.182560,-0.099029,-3.410790,1.003610,-5.908914
0.159220,1.151407,-0.088715,-5.078623,0.321546,-5.776245
0.193446,1.127799,-0.126949,-4.473516,2.319536,-8.603281
0.265860,1.106723,-0.126270,-4.664757,-0.566567,-9.373943
0.195022,1.012048,-0.146302,-5.139046,1.566141,-8.554485
0.218494,0.948263,-0.129824,-3.526805,1.753073,-9.306225
0.343197,0.923021,-0.151223,-3.009335,0.493998,-8.596471
0.273416,0.793227,-0.151370,-2.996760,0.697831,-7.567649
0.248125,0.685359,-0.126962,-0.948794,1.819628,-7.348326
0.396517,0.637731,-0.143036,-0.666232,-0.226083,-6.974226
0.378346,0.520880,-0.123463,-0.576434,1.207437,-5.819344
0.336659,0.408069,-0.080457,1.012348,1.648478,-4.398967
0.431426,0.337720,-0.091111,1.092535,0.453973,-3.385098
0.442928,0.241314,-0.091157,1.173814,1.414700,-0.427793
0.387616,0.117576,-0.025522,1.545872,1.248412,1.780127
0.504480,0.048185,-0.049634,1.109869,1.642672,2.514556
0.510648,-0.036397,-0.064474,0.681587,2.005027,2.189419
0.400850,-0.162895,-0.027350,1.305854,3.275271,2.638554
0.489217,-0.220059,-0.030051,0.410080,1.917353,2.585605
0.569939,-0.279038,-0.045630,0.439271,3.283011,4.013829
0.463246,-0.411182,-0.000053,0.107426,2.693138,4.404505
0.502921,-0.479920,-0.023253,-0.824786,1.826275,4.352575
0.552808,-0.542332,-0.003474,-0.935404,0.786599,5.519632
0.470442,-0.615783,0.037229,-0.930494,1.376017,7.525585
0.468341,-0.663415,0.024680,-1.140560,1.608216,5.968922
0.544795,-0.695901,0.051747,-0.951885,0.112271,5.112510
0.462669,-0.765085,0.078482,-0.179829,1.187418,6.578462
0.426086,-0.830179,0.093362,-0.097473,2.023744,6.610774
0.509558,-0.867162,0.098344,1.352403,1.182750,6.422063
0.465035,-0.898979,0.135288,1.705708,0.522107,8.606781
0.400273,-0.965993,0.119510,2.022299,1.966514,8.213121
0.462981,-0.983095,0.117455,3.605370,0.916223,6.796340
0.440965,-0.968734,0.109400,4.540914,2.036834,7.041610
0.371732,-0.985074,0.139493,3.687234,2.459153,6.087653
0.443601,-0.968025,0.144049,4.561311,2.299915,4.041250
0.443384,-0.938690,0.157858,3.754215,0.156049,3.716354
0.352445,-0.919297,0.138019,3.516360,3.548672,2.559712
0.394105,-0.885350,0.195344,3.444921,0.997214,1.273739
0.427458,-0.848768,0.159237,2.836445,0.594048,1.246826
0.322338,-0.827130,0.192137,1.936076,0.974325,0.938740
0.307872,-0.786116,0.207407,2.469042,0.513924,0.178855
0.375707,-0.724803,0.190171,1.276158,-0.851958,0.205148
0.305768,-0.672116,0.193483,0.807291,1.791547,-0.730953
0.262867,-0.625900,0.232389,1.040650,0.064870,-2.296589
0.305676,-0.576190,0.199519,0.396855,-0.489222,-2.915989
0.238567,-0.546271,0.222739,-0.255940,-0.003448,-2.387603
0.192439,-0.523471,0.260845,1.253729,0.669285,-3.195626
0.255800,-0.460379,0.223179,0.042145,0.023787,-3.318349
0.225926,-0.404108,0.239154,0.093939,1.471959,-3.136202
0.153361,-0.369830,0.269346,1.093585,1.354172,-2.464164
0.164492,-0.294383,0.227111,0.647417,1.609388,-2.383338
0.147945,-0.230556,0.232481,0.726727,0.509489,-3.156235
0.078600,-0.184297,0.270620,1.731186,1.320730,-4.111131
0.069167,-0.137456,0.247708,1.327308,-0.126021,-4.513280
0.063304,-0.112467,0.248726,1.814307,0.370412,-4.437807
0.005254,-0.092641,0.266494,2.135976,0.394013,-2.460612
0.010030,-0.066690,0.223766,2.002318,1.905868,-2.098680
0.068067,-0.039889,0.231510,2.368983,-0.373865,-1.610857
0.026009,0.010073,0.211664,1.623141,-0.181044,-0.785006
-0.007206,0.049302,0.220766,0.727255,0.236465,-0.238695
0.009059,0.087365,0.223885,0.933957,-1.207509,-0.496488
-0.014473,0.137018,0.212685,-0.818376,-1.604753,-0.389714
-0.100988,0.157409,0.204702,-1.067651,0.019946,-2.206615
-0.064058,0.226629,0.219197,-1.988529,-1.876929,-3.757272
-0.047997,0.259315,0.184354,-2.723726,-0.287274,-3.883183
-0.091857,0.288188,0.201781,-2.396503,0.154404,-3.209917
-0.075018,0.319935,0.174789,-3.130404,0.651172,-3.203867
-0.049490,0.340802,0.164902,-3.134986,-0.279261,-3.392817
-0.097611,0.347068,0.164541,-2.347500,0.662815,-1.840701
-0.070774,0.380135,0.130263,-2.153682,0.292332,-1.574554
-0.036475,0.388903,0.124043,-1.411611,0.904412,-2.723935
-0.100598,0.372064,0.145497,-0.905318,-0.527329,-3.394282
-0.119341,0.362318,0.120176,-0.896413,0.201783,-3.944830
-0.097201,0.355474,0.125411,0.382757,-1.014541,-3.650641
-0.117781,0.346507,0.115252,0.863299,-0.962718,-2.238306
-0.161809,0.348992,0.108077,1.315153,0.003373,-2.039263
-0.168111,0.343214,0.097442,1.870873,-1.063823,-2.147186
-0.188492,0.336279,0.097806,0.956051,-2.470538,-0.128427
-0.240157,0.327547,0.077793,0.540875,-0.017402,-0.698634
-0.197046,0.354483,0.104276,0.776633,-1.070208,-0.106176
-0.155766,0.375418,0.072522,-0.952070,-0.400574,0.450818
-0.186443,0.382197,0.072741,-1.543332,0.993373,-0.877638
-0.150294,0.401350,0.060629,-1.389084,1.903409,-1.739390
-0.088177,0.428584,0.036474,-3.351296,0.954440,-1.146137
-0.123604,0.412815,0.034343,-3.467185,2.539555,-0.226484
-0.102728,0.430892,0.025094,-2.908275,1.698457,-0.261855
-0.033797,0.412608,-0.008955,-3.523735,1.158683,-0.661750
-0.077824,0.360887,0.020291,-2.557139,-0.082338,0.365821
-0.092054,0.348749,0.011859,-2.009438,-0.166398,2.528478
-0.035753,0.344580,0.006699,-2.065863,-1.648350,4.460631
-0.051492,0.295468,0.022116,-0.988213,-2.979628,5.933140
-0.083086,0.301157,0.019901,-0.053151,-2.404952,5.961828
-0.078687,0.263477,0.020902,-0.032925,-2.882544,4.837702
-0.105101,0.236515,0.040101,0.917328,-2.113875,5.655928
-0.124806,0.236076,0.047801,0.420712,-1.795485,7.014523
-0.060450,0.281980,0.009577,0.430247,0.547995,8.340566
-0.039003,0.284140,0.050349,0.142069,-0.316885,9.546334
-0.062160,0.290282,0.030257,-0.826024,1.372146,9.997465
-0.071542,0.314418,0.019599,-1.659488,1.863708,8.474686
-0.064813,0.358576,0.045067,-1.634282,2.514474,8.379931
-0.048020,0.407373,0.040311,-3.338904,1.833982,7.825793
-0.063355,0.481185,0.028238,-3.994850,2.674204,5.727726
-0.066766,0.530336,0.051199,-4.036560,0.629948,3.462225
-0.124671,0.569647,0.045290,-4.854652,0.027253,4.127561
-0.163818,0.612027,0.031888,-5.108027,-0.820427,3.975560
-0.159127,0.650956,0.072738,-4.102990,-2.867599,3.121824
-0.184156,0.706203,0.067437,-4.773543,-3.263756,1.319954
-0.201146,0.746328,0.056342,-4.505929,-2.739219,-1.168092
-0.211354,0.781075,0.076520,-2.599860,-3.021007,-1.773037
-0.220384,0.835554,0.077672,-3.065294,-2.621744,-1.406218
-0.227874,0.885080,0.076290,-2.122578,-1.662255,-2.574413
-0.191407,0.923126,0.092469,-0.932287,-0.282354,-3.168347
-0.177039,0.948033,0.087562,-1.288986,0.658636,-4.178656
-0.207221,0.964052,0.113946,-0.865141,1.033746,-5.843726
-0.194095,1.007994,0.124670,-0.327619,2.086109,-5.449899
-0.184953,1.048420,0.119562,-0.541929,4.119373,-5.021669
-0.197630,1.067055,0.147476,-0.242555,1.211559,-6.249945
-0.168039,1.094686,0.137468,-0.939725,1.463217,-7.403256
-0.182620,1.075231,0.128205,-0.782293,2.143946,-9.224579
-0.212099,1.057224,0.149209,-0.860382,-0.183185,-8.712171
-0.197433,1.037290,0.124617,-1.650409,-0.510969,-8.003262
-0.170740,1.010662,0.170558,-1.911287,-1.963097,-8.204531
-0.159002,0.964616,0.165149,-2.013230,-2.685716,-7.530051
-0.148318,0.907387,0.174658,-2.900653,-2.608818,-7.777707
-0.147957,0.854471,0.192829,-2.218782,-2.177532,-7.458949
-0.126766,0.817494,0.194113,-3.236955,-2.564029,-6.419580
-0.094411,0.748970,0.174586,-3.515953,-0.228594,-7.334907
-0.074194,0.651774,0.221127,-2.231640,-1.029808,-6.426730
-0.085633,0.548692,0.205976,-2.737043,0.006091,-5.654989
-0.061908,0.453114,0.220573,-2.475039,1.071521,-4.120700
-0.033091,0.367127,0.246048,-1.068107,1.772341,-2.210030
-0.011821,0.277966,0.237897,-1.096819,2.162889,-1.200177
-0.007875,0.153512,0.246954,0.356648,2.768679,-0.486760
0.006580,0.037465,0.254132,0.583314,2.069425,0.790350
0.031445,-0.058697,0.233532,0.829772,3.645537,1.459303
0.025776,-0.172831,0.281518,1.629529,0.305728,3.271913
0.054350,-0.256307,0.264997,1.265917,-0.063956,4.474308
0.051379,-0.349889,0.268483,1.453731,-0.208653,3.958106
0.096421,-0.407004,0.272878,1.859831,-0.879639,4.375454
0.132085,-0.462378,0.256807,0.935625,-1.038919,4.006375
0.143783,-0.528224,0.255324,1.320990,-1.245270,3.326579
0.148759,-0.572268,0.288165,0.547020,-1.809406,2.286418
0.161380,-0.617914,0.264213,0.031110,-1.249727,2.825569
0.171884,-0.697526,0.286796,0.096089,-1.647568,3.848578
0.208513,-0.752723,0.262781,0.096076,-1.469073,4.671090
0.224479,-0.800667,0.248312,-0.071719,0.763435,3.996619
0.234910,-0.824005,0.264436,0.794769,0.902194,5.084659
0.243425,-0.866443,0.264314,0.123471,1.350539,4.585325
0.267052,-0.880670,0.262283,1.050425,3.082849,3.953735
0.295117,-0.871364,0.281288,1.492382,2.348954,4.123963
0.295120,-0.877627,0.238196,1.207155,2.907511,4.418112
0.282538,-0.903437,0.271263,2.415062,1.055480,3.569175
0.274152,-0.899530,0.247416,2.599178,1.155440,3.650944
0.263586,-0.894433,0.212173,2.944395,0.779322,2.224051
0.280280,-0.883148,0.219286,4.235945,-0.048437,1.257097
0.302381,-0.868639,0.203904,3.536133,-0.521088,0.728618
0.288847,-0.864034,0.229537,4.439384,-0.748978,-0.487496
0.300999,-0.842272,0.225644,4.133504,-1.238875,0.730131
0.280100,-0.844753,0.191040,4.238525,-0.504810,1.041812
0.272343,-0.827967,0.208569,4.302520,-1.473117,2.346003
0.279821,-0.793990,0.164850,3.247561,0.298281,1.733916
0.285670,-0.760102,0.184906,2.917715,-0.106237,0.819990
0.286664,-0.711637,0.160977,2.244008,0.314732,1.411429
0.266169,-0.678987,0.116578,0.935096,1.705370,1.662042
0.242811,-0.634191,0.121006,0.967904,1.294057,2.131381
0.258938,-0.559952,0.080728,-0.295611,1.813375,2.280268
0.269139,-0.498393,0.074547,-0.231351,2.487069,1.390832
0.253312,-0.447391,0.087233,-1.231398,2.112763,1.417435
0.216066,-0.413641,0.039031,-1.498749,1.707379,0.598600
0.189993,-0.365990,0.069108,-1.106327,0.462550,0.110202
0.214198,-0.275030,0.024431,-1.605199,0.344271,1.064964
0.239443,-0.209384,0.013825,-1.268848,0.449043,-0.253635
0.250804,-0.133987,0.011485,-0.548300,-0.075662,-1.304088
0.240576,-0.071026,-0.015477,-0.635439,-0.277463,-2.315884
0.201528,-0.036262,-0.012530,0.866017,-1.024464,-1.707614
0.202532,0.033195,-0.009946,0.381690,-1.818974,-0.500540
0.197802,0.081489,-0.038940,1.266202,0.388045,-2.397869
0.191936,0.150476,-0.009047,1.858334,-0.519946,-2.904328
0.177346,0.204909,-0.017883,1.229783,-0.204845,-2.783095
0.157228,0.254484,-0.026214,1.633812,0.025792,-2.821836
0.134047,0.327528,-0.031387,1.636093,0.722381,-2.409750
0.151838,0.396932,-0.033790,0.317046,3.245850,-2.345523
0.148221,0.443762,-0.017079,-0.024732,2.098477,-3.770775
0.151201,0.503250,-0.027813,-1.001638,1.810237,-3.651502
0.091730,0.544113,-0.042932,-2.091509,3.092603,-4.807115
0.064847,0.612099,-0.007488,-2.518551,0.775182,-3.847889
0.056956,0.671498,-0.045952,-3.672998,1.305519,-3.927260
0.064512,0.727325,-0.027704,-4.010363,0.993487,-5.303715
0.052433,0.771025,-0.033206,-3.812833,0.426932,-7.109135
0.024486,0.794458,-0.036685,-4.286988,-0.851831,-8.293095
-0.014608,0.799953,-0.043312,-3.600213,-0.363597,-8.215135
-0.010564,0.811733,-0.037929,-3.133696,-2.652133,-6.771820
0.023629,0.817008,-0.050616,-3.244157,-0.927245,-6.650310
0.029301,0.778377,-0.010363,-1.742914,-0.946132,-6.368933
0.013037,0.728602,-0.030409,-0.695767,-0.484700,-5.392689
0.017350,0.696635,-0.056590,0.094276,2.389104,-4.735614
0.013004,0.671005,0.015148,0.671765,0.588513,-3.919701
0.072787,0.666098,0.000337,0.658383,0.737168,-2.289490
0.106343,0.609427,-0.013449,1.244439,1.932727,-2.307703
0.110998,0.573619,0.002921,1.565727,1.905848,-1.100412
0.085165,0.523689,-0.020591,0.893307,2.819439,-0.426359
0.088480,0.493205,-0.002502,1.265522,1.978705,0.997934
0.114504,0.466900,0.001161,0.426324,1.027710,2.816360
0.115994,0.428492,0.022061,-0.677083,1.297090,2.405987
0.108434,0.369966,0.069889,-0.871545,-0.031277,2.015118
0.097005,0.331962,0.050995,-2.407411,0.350901,3.868800
0.076500,0.289770,0.083203,-3.192974,-0.670643,5.223177
0.107788,0.285342,0.103554,-3.432870,-0.935979,7.158605
0.130899,0.271050,0.106541,-4.801434,-0.316389,7.019953
0.113053,0.231693,0.150204,-4.185317,-0.965780,7.283907
0.080570,0.211598,0.134018,-4.847063,-0.616197,7.782125
0.059520,0.198945,0.169442,-4.181260,0.152678,7.398923
0.058853,0.215393,0.208949,-3.372099,-0.429659,8.090834
0.056838,0.198403,0.195147,-3.131434,0.588244,8.463273
0.008438,0.166832,0.249143,-2.061658,0.650604,8.453222
-0.032569,0.157622,0.282059,-1.928339,-0.448786,9.080223
-0.042423,0.170591,0.271660,-1.338898,0.616759,8.197699
-0.075244,0.206626,0.334677,-0.083796,0.175727,8.794154
-0.096852,0.228697,0.334260,0.368022,1.207132,8.514269
-0.129628,0.261656,0.359955,0.511031,1.480657,6.000603
-0.161336,0.307915,0.409933,0.745226,0.564522,4.607902
-0.157581,0.370117,0.383263,-0.095751,1.048393,4.689694
-0.205078,0.414358,0.430045,-0.359334,-0.558269,4.058374
-0.231669,0.491312,0.443430,-0.877253,-1.058273,3.494335
-0.260078,0.555309,0.449424,-1.941236,-0.981670,2.043913
-0.284296,0.613477,0.487779,-1.568351,-1.112111,0.653172
-0.265721,0.680807,0.479216,-3.242256,-1.805746,-1.834887
-0.315151,0.742461,0.483591,-2.874370,-2.479240,-3.968438
-0.349650,0.797553,0.508147,-3.561870,-1.741870,-3.361743
-0.307523,0.834464,0.490445,-4.187713,0.352992,-3.408461
-0.297078,0.843977,0.537420,-4.017683,-2.406062,-4.106741
-0.358131,0.844125,0.521634,-3.524329,-0.901307,-4.978078
-0.397370,0.866173,0.534882,-3.034511,-0.993976,-6.006132
-0.393470,0.883678,0.546469,-2.734165,-2.983022,-5.426926
-0.435134,0.888415,0.525340,-2.758392,-1.181085,-5.376250
-0.451921,0.877451,0.539251,-0.874588,-0.763339,-7.373564
-0.426134,0.889810,0.524063,-1.075821,-3.474630,-7.632742
-0.495623,0.845237,0.477341,-0.929283,-0.255323,-7.434270
-0.532327,0.835951,0.532732,-0.434591,-2.814886,-6.562661
-0.463951,0.833211,0.456810,-0.485376,-0.953094,-7.495372
-0.465467,0.768986,0.483368,0.474835,-1.638260,-7.226037
-0.536525,0.694836,0.456114,0.208675,-0.735209,-7.475838
-0.520934,0.656202,0.442892,0.582565,-1.655736,-6.945828
-0.520100,0.610609,0.438005,0.122597,-2.328324,-4.753379
-0.562398,0.551640,0.411249,-0.497511,-0.201018,-3.182131
-0.546540,0.473114,0.392297,0.135310,-1.538405,-3.767582
-0.522345,0.404859,0.351394,-0.876968,-4.207854,-3.176762
-0.584715,0.331631,0.343355,-2.268948,-1.830900,-3.104906
-0.556637,0.268273,0.326645,-1.772541,-1.470406,-2.447042
-0.497067,0.223990,0.302079,-2.049392,-2.273487,-0.365718
-0.551546,0.138988,0.280185,-3.112025,-1.147568,0.042830
-0.563756,0.069351,0.258117,-1.946835,-0.367608,-1.368946
-0.478548,0.017452,0.211359,-2.012441,-2.031483,-0.617850
-0.493492,-0.078382,0.166511,-2.074969,0.120779,1.044325
-0.528496,-0.159127,0.202243,-1.077501,-1.042448,1.425191
-0.438636,-0.183446,0.129308,-0.883821,-1.330383,2.442505
-0.457340,-0.288330,0.118820,-0.477800,-1.473439,2.062695
-0.507410,-0.374878,0.121466,1.157032,-1.210197,1.212960
-0.392662,-0.396145,0.069485,1.434732,-1.694882,1.113433
-0.373756,-0.443229,0.052226,2.029874,-1.983090,1.694835
-0.424758,-0.517609,0.058305,2.945652,-1.563092,3.293872
-0.399516,-0.559427,-0.023782,3.024860,-0.529711,2.456933
-0.383692,-0.609313,0.010582,3.377125,-2.276244,1.892978
-0.396674,-0.660411,-0.016807,3.669840,-1.519209,2.812921
-0.363304,-0.695556,-0.051282,3.644506,-1.748126,1.274089
-0.338121,-0.727324,-0.050593,4.152000,-2.476817,0.921447
-0.384650,-0.781953,-0.054581,3.550050,-1.966562,1.533431
-0.366557,-0.823394,-0.131787,3.291834,0.491928,0.677421
-0.257698,-0.845669,-0.080887,2.999658,-1.566866,1.609633
-0.278266,-0.891095,-0.103309,2.451622,-0.478850,3.683682
-0.331678,-0.923177,-0.111154,1.657909,0.012006,3.056486
-0.253418,-0.902508,-0.117909,2.318759,-1.106124,3.216059
-0.269321,-0.909988,-0.135900,1.090799,-1.025845,3.661792
-0.296014,-0.942097,-0.123003,1.023873,-0.078615,1.550740
-0.256271,-0.930349,-0.107238,1.298183,-1.875462,0.747147
-0.266571,-0.918569,-0.137594,-0.001534,-2.197918,2.363948
-0.320291,-0.941086,-0.104911,1.047812,-1.632929,3.346457
-0.270963,-0.903108,-0.132989,1.473052,-2.030783,3.986339
-0.225675,-0.875201,-0.126975,0.871975,-2.185567,3.701191
-0.264418,-0.885242,-0.085305,2.294810,-1.724184,3.725116
-0.270657,-0.880679,-0.094203,2.607469,-1.916545,3.098810
-0.244923,-0.840883,-0.093110,2.489899,-1.731300,2.705052
-0.251737,-0.795900,-0.061494,3.158784,-1.988955,4.063157
-0.231143,-0.743490,-0.084077,3.189665,-0.044422,4.801729
-0.157561,-0.701284,-0.062193,2.737726,-0.023123,5.051441
-0.189171,-0.651470,-0.041409,2.935014,0.065677,6.591380
-0.237121,-0.589632,-0.043188,1.544409,0.975546,5.551577
-0.153688,-0.474067,-0.018448,1.725927,-0.144983,4.194305
-0.136288,-0.363485,-0.007127,0.625579,-0.590866,5.147567
-0.157482,-0.278099,-0.027445,-0.071890,1.590077,3.989042
-0.110845,-0.183305,0.006341,-0.253547,-2.491356,1.489993
-0.095405,-0.066283,0.003351,-1.527422,-2.366006,1.947682
-0.175877,-0.001875,0.012614,-2.124783,-0.692130,-0.336080
-0.127120,0.109140,0.054343,-2.178684,-2.081402,-1.740098
-0.076807,0.222220,0.046991,-3.333101,-2.155516,-3.108045
-0.132877,0.295796,0.075876,-2.603589,-1.387731,-3.460302
-0.133035,0.349280,0.091638,-1.665110,-0.831249,-4.492219
-0.099895,0.437151,0.070752,-2.281142,-1.921836,-4.758540
-0.170481,0.495408,0.144656,-0.868939,-0.669514,-3.685316
-0.138087,0.561454,0.146560,-0.500800,0.191342,-4.224979
-0.058530,0.615828,0.156650,-0.444513,-0.182318,-5.600248
-0.147008,0.644398,0.209626,0.421565,-0.056850,-6.172805
-0.224901,0.683321,0.210246,0.039282,1.384892,-5.931039
-0.124396,0.764749,0.237704,0.740283,0.305899,-5.945813
-0.114929,0.822500,0.283041,0.333004,-0.547338,-5.153275
-0.173327,0.837461,0.289438,-0.124105,0.998802,-6.448119
-0.103060,0.870529,0.264705,1.112560,5.730177,-8.430807
-0.151466,0.887656,0.291165,-1.050484,-1.747293,-7.878547
-0.214387,0.895367,0.317542,-2.328022,0.358536,-8.639450
-0.105321,0.934638,0.346589,-2.149159,-1.216070,-9.362675
-0.041462,0.957520,0.340391,-2.910310,-0.901061,-8.574856
-0.156711,0.901121,0.363884,-3.377450,-0.455437,-8.635983
-0.145187,0.873676,0.383237,-3.118561,-0.871108,-9.144068
-0.038882,0.877504,0.361419,-4.113359,-2.311944,-7.718408
-0.066707,0.824285,0.388006,-3.447156,0.012764,-5.360107
-0.007757,0.779717,0.402905,-2.503846,0.313005,-3.660804
0.089409,0.708868,0.361205,-2.437527,0.450395,-3.235029
0.026002,0.612378,0.392763,-1.771586,0.769773,-0.645451
0.038190,0.550878,0.416334,-1.317412,1.772971,1.533748
0.172997,0.524648,0.384832,-1.109640,0.834572,4.006303
0.119769,0.437959,0.425794,-0.183851,0.893298,5.649889
0.081709,0.388689,0.423815,-0.664334,1.320681,5.013073
0.177635,0.347537,0.379213,-0.473405,0.753016,3.000685
0.184311,0.302427,0.403844,-0.227632,-0.085115,5.030545
0.105329,0.242939,0.377900,-1.014840,1.181785,6.166298
0.173466,0.218974,0.359774,-0.207737,-0.282557,5.194987
0.189951,0.186527,0.362003,-0.533132,-1.098830,7.681031
0.093161,0.131336,0.346270,-1.693244,0.848325,8.819859
0.144866,0.096618,0.314004,-1.692440,-0.364477,6.196404
0.159470,0.078830,0.305259,-1.117445,-1.650014,7.468104
0.023876,0.039086,0.321704,-2.523852,-0.769398,9.193736
0.080757,0.024942,0.286852,-1.662865,0.801547,8.892753
0.141971,0.031527,0.248710,-1.662281,0.043324,9.478466
0.022658,0.010726,0.239785,-2.182816,1.772844,10.153219
0.017091,0.004956,0.251936,-1.657042,1.019193,8.662371
0.083751,0.041982,0.204433,-2.637322,0.198586,9.023877
-0.001068,0.043633,0.226445,-2.575770,1.673123,8.359897
-0.048115,0.064621,0.209642,-1.430537,1.576560,6.306166
0.006827,0.131720,0.136815,-1.733730,1.198899,4.979939
-0.095766,0.152820,0.187246,-1.316253,-0.737857,4.071174
-0.137164,0.200418,0.154510,-1.633799,-0.822508,2.909607
-0.048295,0.262880,0.105503,-0.328016,-0.241825,0.232135
-0.070298,0.289914,0.084604,-0.632209,-2.094781,0.237715
-0.164618,0.277960,0.064709,-0.063258,0.022168,-1.959387
-0.105702,0.308325,0.052075,0.854706,-1.508594,-1.794848
-0.098806,0.353781,0.006718,0.102282,-1.669656,1.049805
-0.190822,0.386812,0.031278,0.674040,-0.919229,0.676803
-0.124671,0.449080,-0.009493,0.789766,-1.389921,-1.528296
-0.086280,0.513416,-0.035549,-0.217670,0.184488,-2.937139
-0.192217,0.513419,-0.023053,-0.087259,0.602437,-3.596264
-0.180561,0.545518,-0.018251,-1.128869,-0.715918,-3.378478
-0.163466,0.592040,-0.058172,-1.745521,-0.318418,-4.312250
-0.245534,0.594295,-0.040348,-1.845523,-0.102742,-5.400721
-0.240614,0.619274,-0.046313,-1.760879,0.177174,-5.304641
-0.189001,0.641280,-0.086142,-2.728374,-0.386959,-5.362004
-0.270513,0.627326,-0.074551,-1.799346,-2.796166,-5.583271
-0.304388,0.623755,-0.068925,-2.454727,-0.686215,-5.986027
-0.282773,0.603079,-0.112280,-2.226378,-0.007532,-6.239588
-0.327641,0.562114,-0.091256,-1.445220,-1.435671,-5.209805
-0.381804,0.531636,-0.100985,-1.610212,-0.960732,-5.050302
-0.333296,0.499977,-0.102922,-0.621023,-2.188951,-5.631493
-0.354363,0.463729,-0.090061,-0.086846,-2.952630,-3.024350
-0.438321,0.400162,-0.108994,-0.325246,-1.258442,-2.308067
-0.421006,0.364754,-0.112020,0.390424,-1.250279,-3.068656
-0.381647,0.338491,-0.101510,0.749037,-1.917185,-1.609519
-0.405851,0.288161,-0.088111,-0.001988,-1.095637,-0.191479
-0.438650,0.224830,-0.087008,0.323384,-0.645946,-0.820582
-0.450929,0.185007,-0.090081,0.501978,-2.494221,-1.525872
-0.483806,0.158948,-0.085623,-0.564273,-0.739321,-0.695826
-0.461728,0.111120,-0.060148,-0.464185,0.238090,-1.954949
-0.389292,0.077865,-0.072011,-0.919695,-0.890081,-3.010793
-0.468096,0.011363,-0.093823,-1.391306,-0.887816,-3.361542
-0.548595,-0.062111,-0.066444,-0.373202,-0.764613,-2.615930
-0.495839,-0.091919,-0.052638,-1.185277,-2.358709,-0.381644
-0.480944,-0.102981,-0.057729,-1.478290,-1.612634,0.582549
-0.511264,-0.147254,-0.012881,-0.679906,-2.352098,-1.093073
-0.502431,-0.206089,-0.070143,-0.962012,-2.381240,-2.885560
-0.524836,-0.272007,-0.034122,0.352929,-2.821333,-3.503705
-0.553600,-0.314892,-0.017155,0.900650,-2.218168,-2.377898
-0.482870,-0.369397,-0.029572,1.298606,-2.577323,-2.267124
-0.479585,-0.439979,-0.009014,2.992988,-2.414497,-1.826997
-0.543819,-0.508329,0.021992,3.233558,-0.928019,0.031401
-0.557014,-0.590521,0.014583,3.177254,-1.479715,-0.902232
-0.475620,-0.625259,0.040974,3.867045,-1.999679,-0.744496
-0.478728,-0.652550,0.059631,3.929431,-1.615716,1.156939
-0.505874,-0.740959,0.058469,4.014220,-0.426534,1.388227
-0.494323,-0.805616,0.067663,4.398682,-1.569597,0.787377
-0.554920,-0.838254,0.073674,3.307347,-1.891687,1.571443
-0.550324,-0.857164,0.117494,3.778111,-1.450274,4.004371
-0.469593,-0.887632,0.113247,2.701402,-2.578517,5.036316
-0.494467,-0.902173,0.083833,2.118776,-1.485784,4.233867
-0.594841,-0.940433,0.127062,2.277561,-3.085463,3.863249
-0.554874,-0.956005,0.135255,0.609196,-4.420008,5.776548
-0.525663,-0.947782,0.122303,-0.581354,-3.149172,6.595727
-0.567170,-0.930855,0.156345,0.852320,-2.963770,6.143074
-0.538547,-0.930458,0.161351,-0.467007,-2.846873,5.993885
-0.521298,-0.937124,0.132528,-0.139626,-1.833962,6.263705
-0.586185,-0.916461,0.205024,0.243618,-1.972178,6.623951
-0.517694,-0.870248,0.165113,-0.339323,-0.190543,6.644204
-0.480799,-0.834518,0.198357,0.188959,-1.391295,6.964869
-0.550787,-0.777197,0.225834,1.477194,-1.343427,8.481955
-0.573003,-0.743733,0.200477,0.878359,-0.972893,7.539185
-0.515327,-0.681471,0.201236,1.843429,-1.338927,6.064783
-0.521908,-0.590160,0.237917,1.960684,-3.486108,7.072018
-0.543536,-0.534566,0.221213,2.235398,-0.771564,7.177613
-0.538091,-0.471123,0.217612,2.489130,-2.448785,5.282759
-0.565936,-0.365231,0.231615,2.072858,-2.385969,5.035199
-0.573873,-0.259914,0.246615,1.336998,-2.188892,3.969948
-0.493653,-0.155201,0.253407,1.377470,-3.885952,3.318962
-0.501380,-0.018970,0.216118,0.099121,-2.736186,2.267542
-0.570311,0.084575,0.198521,0.205518,-1.975586,-0.614606
-0.538235,0.172754,0.243924,-0.329349,-4.040512,-2.156692
-0.512619,0.300779,0.232455,-2.415732,-3.164810,-3.470372
-0.551848,0.399246,0.232179,-1.521094,-1.028058,-5.067999
-0.532741,0.517732,0.241186,-2.758034,-3.642402,-5.845077
-0.525969,0.609000,0.215905,-3.470770,-1.923566,-6.540036
-0.583103,0.672128,0.234260,-2.507118,-1.672003,-6.989643
-0.533069,0.741995,0.187052,-2.922563,-1.069958,-8.739078
-0.464112,0.800557,0.189990,-2.214952,-1.546923,-9.942249
-0.487489,0.851760,0.165309,-0.994686,-0.398844,-7.378731
-0.500241,0.863107,0.145008,-1.635631,-0.554514,-6.295714
-0.456119,0.893332,0.144617,-0.896567,-0.911377,-7.633402
-0.449600,0.932560,0.147522,-0.435854,-0.702142,-7.770399
-0.421121,0.944955,0.129705,-0.495115,-0.107334,-8.336931
-0.360600,0.952123,0.149524,0.325560,-1.324101,-9.384442
-0.363364,0.979945,0.119871,-0.527529,-0.465675,-9.708586
-0.391580,0.977316,0.127949,0.002049,-1.044132,-8.979320
-0.312391,0.960625,0.120603,-0.808976,-3.053890,-7.271630
-0.283039,0.944669,0.068671,-1.469261,-1.777081,-7.101383
-0.323531,0.918281,0.095479,-1.144145,-1.143157,-7.404136
-0.277577,0.875718,0.062316,-1.446976,-0.841648,-5.880036
-0.225701,0.827013,0.023728,-2.121760,-0.830334,-5.358156
-0.269115,0.759067,0.032197,-1.378662,0.144524,-4.266627
-0.192454,0.695499,0.031914,-2.725371,-0.462888,-1.569304
-0.118320,0.623735,0.017370,-3.445695,0.025805,0.697671
-0.141280,0.561858,0.027999,-2.304743,1.256187,3.447699
-0.097181,0.484428,0.006827,-3.248687,1.391024,2.711292
-0.008699,0.443017,-0.000283,-2.811558,0.746215,2.365463
-0.029490,0.414030,0.008855,-2.746464,0.643205,3.840236
-0.051863,0.348151,-0.014329,-2.932752,2.821202,4.131743
0.012981,0.278176,0.003121,-2.490863,-0.786293,4.342869
0.013769,0.254493,-0.035510,-2.266164,-0.357321,5.302690
0.010145,0.188329,-0.033964,-1.354362,0.098183,5.026093
0.110069,0.121919,-0.051781,-0.604509,-1.300372,5.616830
0.097422,0.092643,-0.069756,-0.666113,-2.275361,6.200809
0.036053,0.040928,-0.037450,0.141219,-0.700621,7.062294
0.081834,-0.016521,-0.072868,0.627410,-1.269438,7.471593
0.095334,-0.033626,-0.099426,0.077405,-0.763103,7.220815
0.058496,-0.052146,-0.072234,1.361330,0.212996,6.222434
0.118137,-0.051049,-0.056327,0.240755,0.580902,6.844756
0.115167,-0.053908,-0.082324,0.108470,0.358553,7.658456
0.065159,-0.063122,-0.036567,0.065388,1.005065,8.536085
0.095213,-0.053807,-0.071180,-0.941237,2.790350,5.882286
0.150227,-0.021005,-0.070921,-1.002159,1.779231,4.565913
0.120110,0.022635,-0.088374,-1.408131,2.460787,4.974802
0.110732,0.026810,-0.090035,-1.953144,2.102633,3.264520
0.144919,0.041135,-0.085459,-1.470862,1.137954,0.750990
0.129002,0.087903,-0.093511,-1.870965,0.568303,0.671833
0.103435,0.069925,-0.087012,-1.026463,1.175719,-0.465979
0.160182,0.089623,-0.100138,-1.030727,-0.546816,-0.488840
0.146586,0.116093,-0.121208,-0.974604,-0.528021,-0.817977
0.110456,0.122707,-0.081077,0.530145,-0.680389,0.157533
0.167154,0.115377,-0.074269,0.250566,-2.449048,-0.012808
0.189642,0.143635,-0.085761,0.247231,-1.024391,-0.885004
0.169022,0.151930,-0.051965,1.419666,0.114831,-0.699508
0.205230,0.166081,-0.060338,0.952240,0.317847,0.589681
0.215708,0.180871,-0.087133,0.741718,1.098591,-0.194425
0.194851,0.180359,-0.051118,1.834490,1.492484,-1.000803
0.220500,0.189064,-0.056971,0.508195,1.586939,-1.220378
0.235616,0.195429,-0.031876,1.004999,2.135359,-0.303116
0.193358,0.227348,-0.028210,0.249253,3.049659,1.017962
0.170633,0.257385,-0.044442,-0.645700,3.180356,-0.722109
0.240966,0.263487,-0.029454,-0.627148,2.112809,-2.698162
0.236364,0.298511,-0.053130,-1.747539,1.926232,-2.718339
0.168519,0.274933,-0.028574,-1.923005,0.475594,-3.673238
0.179256,0.279240,-0.023720,-2.146106,-0.621019,-2.823687
0.147820,0.283664,-0.029884,-2.589297,-1.695798,-2.815064
0.090667,0.279105,-0.001898,-1.562229,-2.388766,-3.196432
0.129787,0.251313,-0.006060,-1.782471,-1.868444,-2.939288
0.128162,0.256144,-0.038747,-2.060611,-0.681232,-2.329234
0.036585,0.238925,0.018322,-0.973849,-1.177048,-1.250137
0.040442,0.214421,0.021102,-0.400643,-0.411714,0.496646
0.079191,0.192564,0.002359,-0.898074,0.484211,-0.199391
0.042933,0.198863,0.038712,0.238428,1.863028,-1.721436
0.023603,0.191914,0.024306,-0.460387,1.569916,-1.838412
0.040074,0.164367,0.004998,-0.338415,1.928076,-1.948104
-0.018753,0.200540,0.039057,0.043362,0.975480,-1.810722
-0.052625,0.179066,0.021158,-0.891574,2.643349,-3.898377
-0.028387,0.157606,0.050815,0.027613,0.573240,-4.546973
-0.071791,0.150673,0.035230,-0.276373,0.291883,-4.000513
-0.137190,0.142533,0.055886,0.435551,0.254804,-4.865575
-0.104819,0.127138,0.052508,0.181973,-1.191362,-5.623669
-0.109273,0.100773,0.024247,-0.013995,-1.616307,-5.366759
-0.161799,0.069840,0.057895,1.108074,-2.037975,-6.893461
-0.168121,0.005005,0.045546,0.591247,-2.402182,-6.886975
-0.144737,-0.051942,0.041315,0.612521,-2.505529,-6.948542
-0.188633,-0.079052,0.056526,1.878386,-2.527551,-4.431697
-0.191741,-0.145600,0.028671,1.680337,-1.007831,-3.868820
-0.159019,-0.216333,0.044194,1.417874,-2.437757,-4.767252
-0.200981,-0.244831,0.045041,1.625744,-0.668893,-3.618389
-0.240823,-0.328409,0.021483,1.591941,0.608054,-2.362022
-0.194781,-0.415745,0.052341,2.271659,-0.128821,-1.373461
-0.210957,-0.449226,0.045642,2.070718,0.301258,-1.109481
-0.250828,-0.524640,0.038768,2.546599,1.569136,-0.730756
-0.231619,-0.623608,0.047437,2.281864,0.176584,1.848681
-0.247917,-0.681491,0.016897,1.350683,-0.257318,4.562047
-0.304844,-0.711266,0.040787,2.854755,-0.055684,5.251326
-0.268294,-0.780394,0.033369,1.881325,-1.643370,5.999136
-0.266380,-0.812076,-0.008962,0.889464,-2.466517,7.014576
-0.385274,-0.817371,0.015095,1.805221,-2.909006,7.077948
-0.394133,-0.843772,-0.006063,1.116467,-2.924161,6.937056
-0.339362,-0.863243,-0.013577,0.255963,-3.100103,6.070234
-0.405943,-0.849828,0.023465,1.005889,-3.578305,7.516393
-0.438029,-0.864579,-0.016147,0.491695,-1.671940,7.024883
-0.383813,-0.877968,0.008235,-0.019305,-2.322635,7.004556
-0.412672,-0.823762,-0.018530,0.461227,-1.260664,9.435054
-0.460412,-0.801464,-0.007019,0.248985,-0.064507,11.348843
-0.436874,-0.801372,0.008268,0.555679,-0.392407,10.309659
-0.451146,-0.709234,-0.002528,0.141446,-0.711374,9.724110
-0.524479,-0.635281,0.017055,0.700139,0.696270,8.627277
-0.461009,-0.578511,0.007496,0.169569,-1.043728,8.714030
-0.449321,-0.467312,-0.042052,-0.654763,-0.907077,7.558725
-0.526537,-0.335394,-0.012362,0.805226,-0.529573,5.777300
-0.513089,-0.263830,-0.024376,0.557875,-1.793322,5.022053
-0.459943,-0.162111,-0.080693,-0.154129,-2.463406,4.463217
-0.534950,-0.042380,-0.060187,0.562408,-2.206184,1.414357
-0.521278,0.044897,-0.047983,0.436989,-2.536775,-0.815880
-0.444131,0.106593,-0.091902,-0.503794,-3.554032,-1.519231
-0.507607,0.224535,-0.082682,0.880689,-3.249674,-0.579618
-0.540267,0.310210,-0.050301,0.479231,-2.734473,-1.837224
-0.477891,0.389776,-0.078234,-1.156343,-3.449667,-3.784107
-0.479221,0.497719,-0.056577,-0.195688,-2.532367,-3.547750
-0.508398,0.607832,-0.062475,-0.507365,-1.165648,-4.962539
-0.457140,0.666433,-0.097653,-2.057927,-1.232334,-8.475208
-0.464256,0.769374,-0.071138,-0.912760,-0.030735,-8.932627
-0.525539,0.858233,-0.072749,-2.300332,0.611024,-7.317652
-0.492833,0.864660,-0.081435,-2.396950,-0.029383,-8.785430
-0.467614,0.904764,-0.087228,-2.124055,-1.147257,-9.432084
-0.555403,0.968838,-0.085328,-2.005638,-0.331042,-9.062526
-0.542847,0.964285,-0.086299,-1.358065,-0.234384,-9.807872
-0.437563,0.965929,-0.105626,-2.080523,-1.920547,-8.943086
-0.504335,1.010909,-0.127530,-1.355882,-0.810173,-8.883619
-0.536496,0.975688,-0.093800,-0.938747,-1.678509,-7.629465
-0.449229,0.923737,-0.145708,-2.066028,-2.511684,-5.873851
-0.481906,0.933180,-0.121750,-1.469136,-2.379934,-5.311931
-0.504673,0.928729,-0.092808,-0.919436,-2.084212,-4.851057
-0.423193,0.884689,-0.140735,-2.166090,-0.852684,-4.335716
-0.461640,0.856943,-0.111567,-1.612428,-3.084220,-3.800623
-0.506954,0.855584,-0.157295,-1.440730,3.157228,-2.012584
-0.459624,0.796995,-0.132746,-3.316512,-1.021152,-1.753605
-0.431986,0.778105,-0.141641,-2.335283,-0.926490,-0.520612
-0.483681,0.749173,-0.113159,-2.857821,0.213990,0.519235
-0.463238,0.650707,-0.115408,-2.795507,1.051829,0.508965
-0.392325,0.609588,-0.105255,-3.486631,-2.303417,1.005071
-0.393555,0.603824,-0.136530,-3.310623,1.871759,2.310149
-0.380790,0.546617,-0.088971,-2.900584,0.066294,2.350380
-0.305625,0.498536,-0.162652,-3.505150,-0.264819,2.545240
-0.346702,0.488728,-0.135775,-2.737647,-0.529840,2.177505
-0.357081,0.446037,-0.130845,-1.571863,-0.107291,3.701850
-0.309039,0.373055,-0.139590,-2.231462,-2.481436,2.756880
-0.341072,0.333305,-0.126224,-0.652314,-2.425090,2.144843
-0.377888,0.308818,-0.128278,-0.320532,-2.940866,2.796473
-0.314613,0.219805,-0.151544,-0.530162,-2.621015,3.212973
-0.281936,0.185408,-0.140112,0.682968,-2.960022,4.548563
-0.316110,0.163750,-0.121986,0.512042,-1.862496,4.555557
-0.292630,0.086879,-0.133435,1.080058,-1.222066,3.782275
-0.263403,0.049128,-0.108065,0.859068,-1.269672,3.473270
-0.277426,0.050024,-0.130694,0.755113,0.534773,3.751335
-0.240000,0.011110,-0.111128,0.819593,0.942557,2.772684
-0.187543,-0.006897,-0.119219,-0.442264,-0.030564,2.477039
-0.240997,-0.018734,-0.165984,-0.015406,3.522078,2.993142
-0.276077,-0.051131,-0.083260,-0.605444,-0.384825,2.511700
-0.190812,-0.071164,-0.117371,-1.536284,0.327448,1.828118
-0.191078,-0.073803,-0.105091,-0.909490,-0.058363,0.862280
-0.230310,-0.072677,-0.116553,-0.706592,-0.356182,1.160558
-0.212092,-0.119203,-0.103506,-1.621181,-1.097714,0.510744
-0.181375,-0.131561,-0.097545,-0.430513,-2.097322,0.093514
-0.177758,-0.124129,-0.082712,-0.713305,-3.119306,1.657573
-0.139951,-0.180413,-0.117400,0.013424,-1.368939,1.040942
-0.103923,-0.193963,-0.105423,0.544978,-2.652244,1.889693
-0.114660,-0.181769,-0.120886,0.780385,-1.032949,2.216495
-0.079383,-0.204293,-0.067317,1.581047,-0.509718,2.493032
-0.000421,-0.202048,-0.071203,0.356327,-0.502132,3.498572
-0.010672,-0.182849,-0.089030,1.148681,1.073008,3.829340
-0.014982,-0.185971,-0.063536,1.366054,0.513477,3.548330
0.042267,-0.171626,-0.089687,0.203628,1.161604,3.886012
0.063590,-0.129421,-0.081330,0.481010,1.661063,4.153245
0.067772,-0.090278,-0.047022,0.443613,1.993968,4.402309
0.123849,-0.080053,-0.084304,-1.469483,1.283727,2.982150
0.148083,-0.044251,-0.067839,0.122384,0.709455,3.119661
0.116857,0.016369,-0.069815,-0.724485,0.561919,3.433202
0.155150,0.037675,-0.071476,-1.736316,0.418953,1.123058
0.205555,0.076605,-0.054381,-1.761696,-2.097361,-0.453073
0.146530,0.129022,-0.079301,-1.408151,-1.361035,-0.795076
0.109524,0.117527,-0.078247,-1.882979,-1.314132,-1.983493
0.150151,0.130082,-0.067163,-0.962193,-2.233478,-2.782622
0.149419,0.186169,-0.073741,-1.117885,-1.872449,-2.735572
0.160756,0.198984,-0.067438,0.166250,-0.018567,-2.201152
0.207144,0.184892,-0.043385,-0.709520,-1.681775,-2.170850
0.193292,0.227801,-0.085410,-0.577475,0.991134,-2.424453
0.162004,0.244193,-0.058993,0.559588,2.088243,-2.609714
0.229074,0.252219,-0.055963,0.062844,2.432252,-2.171616
0.230114,0.274116,-0.064261,0.293970,3.065454,-4.032142
0.186803,0.305056,-0.017637,0.523478,2.653896,-5.348631
0.209048,0.321265,-0.051860,-0.342554,2.151820,-6.161290
0.211221,0.341606,-0.029950,0.218819,2.414343,-7.402098
0.195576,0.366546,-0.044973,-0.521552,1.158784,-8.458709
0.228332,0.352786,-0.073255,-0.446420,0.983056,-11.185456
0.243454,0.329428,-0.053393,-0.061406,-1.135118,-11.538945
0.215744,0.300359,-0.058454,-0.464555,-0.503567,-10.536504
0.200943,0.242788,-0.033396,0.794325,-0.844790,-8.801433
0.227712,0.183113,-0.049907,0.523856,-1.598457,-8.419061
0.236692,0.168421,-0.060703,0.831804,-1.501950,-8.042043
0.221898,0.097159,-0.047186,1.512779,-1.231746,-6.755608
0.223874,0.032955,-0.082045,0.695471,-0.404667,-6.567829
0.239840,-0.014109,-0.069155,1.415392,1.128865,-6.272071
0.249353,-0.044386,-0.073918,0.885216,1.521612,-3.713051
0.277309,-0.124930,-0.102403,1.172167,2.096676,-2.565411
0.266953,-0.203561,-0.095635,1.644287,1.853112,-0.930572
0.233124,-0.285343,-0.080194,0.836721,3.122438,-0.546264
0.220270,-0.371606,-0.065781,1.968053,2.817929,0.683316
0.194618,-0.439073,-0.060256,0.705575,0.936564,2.873153
0.173456,-0.485165,-0.102094,1.505138,1.744959,3.779969
0.150184,-0.539233,-0.097811,1.517371,0.472069,4.797519
0.142457,-0.609642,-0.136777,0.933741,0.039342,5.055372
0.093270,-0.659817,-0.085958,0.888935,-1.523217,6.271030
0.062658,-0.670695,-0.120663,0.458335,-1.198193,7.627441
0.022468,-0.715336,-0.114364,0.672344,-2.050035,7.051961
0.018118,-0.739170,-0.120903,0.674152,-2.168629,8.155806
-0.017411,-0.780132,-0.146135,-0.013269,-1.074776,9.023997
-0.065791,-0.786509,-0.128482,0.815445,-1.317371,9.454505
-0.047189,-0.779941,-0.139183,0.694612,-0.020858,10.280902
-0.025128,-0.752960,-0.134702,0.318159,0.537630,10.816143
-0.020778,-0.737279,-0.125583,0.968768,1.631000,11.880280
-0.000014,-0.720995,-0.161244,0.484900,2.091076,11.369877
-0.020198,-0.688266,-0.173267,0.639181,3.249997,9.711598
-0.046638,-0.623225,-0.135552,0.273823,1.385972,9.996512
-0.044954,-0.559834,-0.160719,-0.144176,2.328301,9.043580
-0.038760,-0.474113,-0.158014,0.444313,1.079642,6.957353
-0.046759,-0.355089,-0.169768,-0.779781,-0.140877,5.138588
-0.066185,-0.284408,-0.172874,-0.242121,-0.918913,2.947598
-0.077440,-0.184605,-0.170704,-0.365931,-2.632399,2.313430
-0.071161,-0.068397,-0.207661,-0.223263,-1.768727,0.562336
-0.038163,0.029239,-0.178907,0.407165,-2.167395,-0.873367
-0.014529,0.091369,-0.188731,-0.483042,-2.241257,-0.964698
-0.030009,0.135590,-0.201913,0.003921,-1.456515,-2.344935
-0.044078,0.222266,-0.180476,0.498692,-1.339765,-3.304872
-0.024028,0.324252,-0.193231,-0.515880,-0.439205,-2.491455
-0.003418,0.431079,-0.167070,0.260180,-0.124009,-1.945577
0.005392,0.525367,-0.190087,-0.804547,0.989433,-3.325049
-0.015501,0.600879,-0.193287,-0.856032,1.944715,-6.479277
-0.042023,0.673553,-0.161122,-1.178699,-0.209681,-7.550870
-0.037637,0.755876,-0.201835,-1.798059,1.847322,-6.684980
-0.066746,0.826232,-0.178434,-1.667921,0.467578,-6.840789
-0.101609,0.908516,-0.174242,-2.105519,-0.412430,-7.936790
-0.135027,0.931707,-0.180223,-2.356967,-0.051766,-9.568258
-0.132342,0.950046,-0.165610,-1.611578,-1.039169,-8.681317
-0.143299,0.947551,-0.188656,-2.257456,-1.582639,-8.108515
-0.154066,0.950075,-0.179832,-1.219809,-1.629700,-7.591370
-0.143572,0.968293,-0.192135,-1.017758,-1.672844,-5.541842
-0.151105,0.916913,-0.183518,-1.439627,-1.839782,-3.929895
-0.155260,0.884266,-0.162084,-0.933209,-1.090868,-2.900660
-0.156698,0.879765,-0.183532,-1.653678,-1.134951,-2.616296
-0.170117,0.875354,-0.167231,-1.119323,-0.221763,-2.730682
-0.193176,0.878505,-0.156914,-2.557379,-0.829241,-0.474305
-0.223893,0.863924,-0.180440,-2.864799,1.595437,-1.158680
-0.247257,0.852974,-0.124402,-3.316318,-0.695170,-2.138767
-0.237141,0.818147,-0.162212,-3.874461,0.728050,-1.904611
-0.236760,0.774215,-0.131269,-3.351158,0.529869,0.233537
-0.249578,0.738798,-0.139705,-3.771294,0.806244,1.599827
-0.239018,0.718364,-0.110931,-4.003437,1.196513,1.702679
-0.232132,0.700127,-0.095520,-3.538280,0.252559,1.977304
-0.256950,0.672958,-0.101129,-4.280859,0.339068,1.144665
-0.297846,0.635788,-0.048702,-3.221091,-1.746344,-0.878709
-0.290704,0.654554,-0.045725,-3.478566,-1.872708,-1.271279
-0.302179,0.613097,-0.053652,-3.013064,-2.062834,-2.163249
-0.290287,0.561106,-0.032264,-1.843311,-2.304099,-1.238126
-0.299786,0.507212,-0.035835,-1.527498,-1.990682,-1.020378
-0.325432,0.452090,-0.021560,0.276389,-2.073711,-0.374732
-0.307956,0.407363,-0.031542,0.114522,-1.831707,0.672777
-0.296632,0.348745,0.012473,0.894922,-0.669822,0.594840
-0.284634,0.306129,0.042038,1.145887,-1.228815,0.465703
-0.283554,0.262368,0.010543,1.079536,0.641170,0.167907
-0.310467,0.196729,0.052420,1.324751,0.041751,-0.380207
-0.310155,0.166974,0.062005,0.911255,0.347090,0.841989
-0.311665,0.140606,0.059352,0.405097,0.633306,0.247901
-0.339517,0.093907,0.094149,0.787110,-2.628887,-1.803886
-0.354123,0.054455,0.051258,-0.028539,-0.759137,-1.226957
-0.384834,-0.019978,0.065320,-0.291843,-1.010832,-0.701961
-0.390417,-0.050737,0.091327,-0.711487,-2.022262,1.176718
-0.385779,-0.099954,0.064384,-1.217977,-1.580124,2.876844
-0.373818,-0.155746,0.077770,-0.243762,-1.955031,3.847718
-0.361762,-0.201808,0.072640,-0.896179,-2.176950,4.440961
-0.365681,-0.250684,0.060872,-0.411806,-0.892952,4.084456
-0.375371,-0.290598,0.105057,-0.448005,-5.230268,4.284396
-0.353670,-0.317669,0.050815,-0.778123,-1.637344,4.397056
-0.356480,-0.359539,0.068812,-0.365245,-1.022008,4.680059
-0.356395,-0.364614,0.081506,0.219659,-2.294215,5.329818
-0.363058,-0.361099,0.061102,-0.345015,-2.170707,5.695734
-0.358331,-0.377166,0.067309,0.717887,-0.899422,6.167536
-0.352974,-0.374849,0.056654,1.058171,-0.478945,6.631669
-0.333270,-0.363019,0.031839,0.716791,-0.608703,5.841064
-0.308018,-0.362113,0.042898,1.025649,-0.756341,4.999802
-0.282327,-0.353887,0.027854,1.551801,-0.101041,6.301801
-0.282356,-0.337934,-0.004816,0.784948,-0.242826,6.795385
-0.247641,-0.300078,0.020416,1.126118,-0.365878,5.939561
-0.221542,-0.245389,0.019622,0.370615,-1.521438,6.601967
-0.222074,-0.218030,-0.041632,-0.198546,0.218041,6.515675
-0.233753,-0.173412,-0.003917,0.199282,-1.103216,5.067406
-0.202009,-0.109263,-0.022702,-0.863191,-1.084118,3.647679
-0.166155,-0.036505,-0.026319,-1.246760,-1.577059,2.563217
-0.147494,0.013122,-0.032037,-1.118670,-1.407895,0.987219
-0.128558,0.075239,-0.094896,-1.638155,0.322413,-0.384076
-0.114420,0.131704,-0.090491,-1.329465,-0.982741,-1.647582
-0.049398,0.210240,-0.131124,-2.323965,0.082535,-1.719599
-0.030403,0.264672,-0.122941,-2.254042,0.036978,-3.216388
-0.041550,0.341770,-0.181152,-1.755916,0.232011,-4.497456
-0.053564,0.391023,-0.219579,-2.052714,0.717694,-5.723513
-0.042236,0.414775,-0.215509,-0.577895,0.498647,-6.937245
-0.016374,0.455884,-0.216865,-1.004507,-1.499521,-7.729714
-0.002574,0.482314,-0.261851,0.012665,0.888823,-9.282862
0.003363,0.512900,-0.269643,0.292742,-1.283002,-10.495467
0.036086,0.541756,-0.338368,0.146342,-0.024485,-10.789715
0.072744,0.543755,-0.355400,1.124604,0.427201,-9.882937
0.078860,0.551886,-0.365553,1.812097,0.160280,-9.772943
0.111792,0.535897,-0.423438,1.824722,1.922023,-11.233345
0.120684,0.492418,-0.431983,2.525910,0.702342,-11.280769
0.129613,0.460594,-0.440143,1.740281,0.204983,-9.503101
0.170807,0.386224,-0.483753,1.551872,1.439088,-9.111025
0.181134,0.353817,-0.463405,1.814392,0.233810,-7.956191
0.156775,0.305099,-0.497267,0.810311,0.460991,-7.091836
0.194631,0.236391,-0.501915,0.018019,0.380620,-6.582127
0.214464,0.202798,-0.488871,-0.119952,0.316209,-5.913727
0.189215,0.175222,-0.511654,-0.921950,0.232287,-5.517809
0.225204,0.054606,-0.523799,-0.968177,1.091442,-5.235126
0.251936,-0.040093,-0.535691,-1.514102,0.740090,-2.043550
0.207784,-0.109644,-0.553502,-1.275400,1.915328,0.199340
0.242161,-0.218812,-0.512842,-0.631658,1.452327,2.134904
0.328808,-0.323984,-0.543484,-1.630399,0.874256,4.679395
0.286185,-0.380084,-0.537812,-0.550880,1.858016,5.336664
0.250968,-0.428582,-0.486744,0.349775,1.887371,5.649536
0.346145,-0.481170,-0.520018,-1.419929,-0.472482,6.271348
0.337785,-0.485369,-0.509261,0.410714,1.093986,6.233084
0.272579,-0.514093,-0.503894,1.207657,1.306111,7.200470
0.337296,-0.616968,-0.498258,-0.425038,0.479737,5.931049
0.320959,-0.627955,-0.467682,1.459929,-0.774863,7.107567
0.242860,-0.637428,-0.446265,2.305577,0.893242,9.024736
0.309569,-0.702079,-0.469278,1.307029,1.376621,9.375710
0.319105,-0.688072,-0.401843,2.256944,-1.335080,9.735564
0.241790,-0.648421,-0.404476,2.228899,1.501045,10.737316
0.278455,-0.692235,-0.370407,1.427577,1.152003,9.900236
0.349786,-0.643149,-0.365149,1.230709,0.858527,9.916872
0.280214,-0.545316,-0.337078,0.958277,2.590302,10.043053
0.314165,-0.530404,-0.274865,0.819650,2.922915,8.377317
0.399334,-0.476884,-0.267601,-1.354004,0.805663,7.444765
0.318826,-0.366784,-0.284421,-0.772182,4.275706,5.808643
0.304383,-0.313841,-0.215936,-1.170955,2.219426,3.967184
0.410238,-0.246020,-0.204753,-2.908140,0.831447,2.742613
0.364376,-0.102331,-0.178401,-1.712646,1.575786,2.857633
0.326789,-0.044652,-0.118474,-0.932119,1.592798,1.458344
0.473359,-0.020135,-0.135231,-2.227503,1.601375,-1.772055
0.467218,0.081338,-0.075408,-0.238576,-2.194607,-3.091341
0.434489,0.143809,-0.056065,0.175839,1.383408,-1.554591
0.541930,0.139972,-0.054125,-0.419940,1.272042,-3.548354
0.561220,0.255412,-0.009257,1.115029,-0.168781,-4.000705
0.472302,0.337969,0.001598,1.829554,1.729984,-2.518313
0.533307,0.325010,0.018243,1.572460,1.154215,-2.751926
0.558329,0.422580,0.057196,1.476547,0.727190,-3.773245
0.466916,0.512592,0.063754,1.748139,2.312640,-3.638727
0.503545,0.506923,0.098157,0.834414,1.934457,-3.640742
0.558043,0.558227,0.094675,0.381247,1.388483,-2.745259
0.445101,0.641204,0.116542,-0.035797,2.972344,-2.998247
0.435861,0.643597,0.167400,-0.887731,3.240063,-3.491640
0.518148,0.692870,0.142789,-2.903440,2.677155,-2.121868
0.441776,0.770233,0.149787,-2.791279,3.888887,-2.622948
0.447720,0.792656,0.192403,-3.408932,3.778652,-3.271279
0.530766,0.808500,0.134576,-5.199114,2.019663,-3.475652
0.476570,0.866133,0.163967,-4.686604,2.988842,-2.633137
0.394279,0.874277,0.182877,-4.155503,3.009768,-1.647124
0.450638,0.849905,0.159408,-5.605936,0.838054,-3.052314
0.439281,0.887226,0.158997,-3.866425,0.244852,-3.946812
0.352664,0.893860,0.187699,-3.356541,0.658905,-2.583368
0.351699,0.868746,0.156841,-4.083365,0.650686,-1.520934
0.352484,0.874612,0.171625,-3.310702,-0.449285,-1.118120
0.313262,0.908592,0.180451,-2.183247,0.442221,0.661751
0.334319,0.863596,0.168339,-2.546409,1.654830,0.534430
0.391584,0.834681,0.166534,-1.390075,1.208782,0.035885
0.317404,0.866560,0.152439,-1.487829,2.346265,-0.856074
0.287806,0.860993,0.150200,-0.670417,3.917949,-1.121112
0.343545,0.829419,0.157865,-0.747732,2.578406,-1.433053
0.313688,0.873079,0.143901,-1.579419,2.549035,-1.619753
0.247938,0.857425,0.136782,-1.908963,3.155587,-4.161651
0.271473,0.814684,0.118216,-1.265142,2.235956,-3.805036
0.266067,0.826934,0.090414,-2.495791,-0.748181,-2.280678
0.220060,0.814740,0.066396,-1.616340,3.141016,-2.847406
0.255737,0.748461,0.067174,-2.033518,-0.704840,-5.365585
0.297555,0.687634,0.019316,-2.323630,-0.612406,-5.958543
0.212369,0.642908,0.012696,-1.994178,-0.130603,-5.074570
0.172123,0.562540,0.021893,-1.183577,-0.165184,-4.771125
0.246674,0.518671,-0.003953,-2.286614,-1.326094,-4.037547
0.212964,0.483933,-0.019751,-1.235551,-0.138215,-3.846467
0.155137,0.367386,-0.001038,-0.144035,-0.013689,-2.543736
0.191441,0.261846,-0.083135,-1.254008,0.553060,-2.115910
0.152232,0.198078,-0.077673,-0.001505,0.560767,-2.171154
0.110184,0.143951,-0.072953,0.836380,1.714501,-0.018652
0.156036,0.031268,-0.107743,0.125942,2.090521,1.000597
0.154090,-0.037746,-0.127261,1.037636,1.922477,0.232714
0.068369,-0.095267,-0.135500,1.593159,2.433700,0.882678
0.053296,-0.214623,-0.163729,1.055361,2.224149,2.028395
0.069400,-0.285199,-0.169624,0.854545,-0.231459,5.424332
0.009666,-0.295417,-0.203121,1.327042,1.113267,6.154034
-0.011003,-0.399145,-0.211583,1.254431,0.566013,5.050544
0.033552,-0.505073,-0.230546,0.960768,-0.980022,7.382542
-0.026241,-0.533561,-0.255338,0.905892,-0.937498,9.926849
-0.069792,-0.586107,-0.270323,1.029283,-0.781789,9.378967
-0.006566,-0.605962,-0.279031,0.228532,-1.917930,9.543304
-0.033790,-0.585641,-0.325054,-0.562342,-1.195229,10.592764
-0.108029,-0.588204,-0.300580,-0.540317,-1.004112,10.135224
-0.058441,-0.600884,-0.327069,-1.439183,-1.182532,9.226455
-0.030652,-0.556611,-0.363724,-2.021173,0.407464,9.325956
-0.119015,-0.513023,-0.334491,-1.006551,1.153907,10.235777
-0.099232,-0.512459,-0.344089,-1.926294,-0.871974,9.118855
-0.047186,-0.460235,-0.382651,-2.353825,0.569794,7.370303
-0.113846,-0.399034,-0.345687,-0.384375,1.935052,7.603026
-0.095405,-0.387398,-0.346892,-0.664022,1.689470,7.998518
-0.042610,-0.337810,-0.384368,-0.923680,1.001103,7.209144
-0.121241,-0.224868,-0.373555,0.881530,-0.219823,6.271384
-0.128318,-0.141467,-0.362310,0.964966,-0.314111,5.939263
-0.067563,-0.090100,-0.389682,-0.217736,-0.766310,3.166604
-0.103998,0.022097,-0.359641,1.172508,-1.273433,0.747162
-0.152575,0.117648,-0.350467,1.368269,-0.109267,-2.134155
-0.080795,0.152918,-0.367404,0.933264,-0.820772,-5.034790
-0.089585,0.233561,-0.341929,1.747824,-1.800757,-5.276299
-0.168393,0.316449,-0.341007,1.194356,-0.891866,-6.625644
-0.094644,0.340717,-0.326390,0.772198,-0.736942,-9.866112
-0.042988,0.420867,-0.300262,0.647863,-1.643768,-9.510171
-0.119160,0.491742,-0.285970,0.281359,0.625647,-8.955608
-0.092100,0.486706,-0.275135,0.019811,0.627958,-11.113201
-0.014982,0.546289,-0.274196,-0.673864,-0.026258,-11.203874
-0.067248,0.581126,-0.266492,-0.097189,2.550302,-11.898962
-0.035051,0.532526,-0.202301,-0.277742,2.446065,-12.198411
0.015650,0.526171,-0.222921,-1.350473,-0.718764,-11.680329
-0.078524,0.540597,-0.214222,-1.311142,1.132679,-10.790912
-0.101179,0.509267,-0.155240,-0.662670,-0.046133,-9.146656
0.048595,0.466148,-0.166785,-1.170779,-1.030825,-8.452647
0.019073,0.456311,-0.170491,-0.713194,0.495344,-9.903531
-0.064104,0.382610,-0.127303,0.287805,0.331416,-10.157123
0.022592,0.302552,-0.166621,-0.417059,-1.635913,-7.098354
0.001617,0.273433,-0.145954,-0.322649,-0.867379,-5.282151
-0.045686,0.214930,-0.051857,0.722335,-0.818084,-5.187755
0.064768,0.115354,-0.069158,-0.504247,-1.357910,-5.358271
0.039316,0.061926,-0.055937,0.235864,-0.767810,-3.796956
-0.072973,-0.005299,-0.014237,1.331454,0.922676,-0.668343
0.009046,-0.090143,0.003597,-0.129914,0.124186,1.882498
0.091839,-0.120394,-0.015320,-0.018646,0.972172,3.381505
0.005967,-0.152306,0.066554,0.762197,1.885976,5.667387
0.023849,-0.272259,0.054915,-1.020666,1.702478,4.353288
0.094960,-0.308662,0.062628,-0.375640,0.606213,4.588000
0.010615,-0.291495,0.086564,0.006724,1.447426,7.121716
0.040675,-0.361693,0.097731,-0.589928,1.876815,7.535088
0.127650,-0.413697,0.109367,-0.526787,-0.302192,6.703616
0.047601,-0.396057,0.095298,-0.078071,0.070995,6.826562
0.029387,-0.471024,0.142011,-0.875680,0.476806,6.376051
0.144988,-0.506255,0.137320,-0.498505,-1.681561,7.502554
0.117796,-0.464932,0.125864,0.008208,-0.223440,7.776534
0.067975,-0.479546,0.162857,0.462776,0.401631,6.740665
0.176050,-0.507236,0.183117,0.185726,-1.251697,6.444798
0.185060,-0.472272,0.156992,0.122506,-0.925793,7.151865
0.138823,-0.448986,0.216515,1.098752,0.923116,6.261288
0.241921,-0.428940,0.192455,0.280299,0.163333,5.434552
0.253151,-0.369154,0.178771,0.909654,1.074571,4.817742
0.192600,-0.329420,0.223615,1.411575,0.619477,5.304096
0.243487,-0.319898,0.173588,0.372506,1.635917,2.447377
0.280027,-0.262780,0.178413,0.990891,1.115512,0.741533
0.241363,-0.181907,0.169747,1.307843,2.138185,1.839320
0.281560,-0.180955,0.148536,0.625142,2.209477,0.372317
0.360509,-0.142643,0.160849,0.983673,1.027707,-0.547887
0.332704,-0.071184,0.161636,0.696893,1.392458,0.186150
0.338993,-0.049287,0.157835,1.023932,3.641096,-0.406314
0.421868,-0.007485,0.156943,0.091552,-0.867553,-0.865818
0.424661,0.093060,0.122204,0.159170,0.865006,-1.380864
0.376032,0.127903,0.135708,0.378611,1.566890,-2.575922
0.415552,0.154852,0.137264,-0.632941,-1.088747,-2.771384
0.382321,0.196069,0.106757,-0.875333,0.119945,-2.797685
0.324265,0.218094,0.148241,0.300995,0.598472,-2.403623
0.413376,0.244321,0.096208,-0.964546,0.482888,-1.213110
0.434325,0.294257,0.084772,-0.810813,0.572095,0.678017
0.361130,0.321970,0.096989,0.027223,1.947476,1.548078
0.414899,0.364206,0.061959,-1.530120,1.266153,0.852530
0.473313,0.413764,0.043787,-1.083984,3.248467,0.787521
0.440847,0.473458,0.045986,-1.538569,1.785852,2.489740
0.468823,0.482209,-0.017394,-2.419815,5.470802,1.396505
0.511354,0.541940,0.012226,-3.204479,2.570650,2.180686
0.455979,0.613677,-0.006254,-3.388167,3.162371,4.085348
0.450185,0.636911,-0.039653,-3.461267,3.811792,3.249997
0.523328,0.686154,-0.051187,-3.020679,1.557358,1.067882
0.481713,0.751090,-0.070284,-3.204282,2.554694,-0.755679
0.408141,0.756900,-0.077259,-3.142749,0.912368,-1.205673
0.454794,0.779024,-0.078264,-3.152439,-1.929583,-0.489868
0.459773,0.846514,-0.114029,-2.968911,-0.574504,0.644427
0.436435,0.874356,-0.137013,-2.458089,1.906140,-0.559585
0.535778,0.870062,-0.148771,-1.785304,0.195287,-1.410017
0.544979,0.881488,-0.173615,-2.353116,0.676125,-0.632880
0.421937,0.882585,-0.178654,-1.774980,2.761566,-1.939467
0.464684,0.916620,-0.174242,-1.829111,1.130506,-2.820391
0.535158,0.996850,-0.212345,-2.758442,2.290431,-1.143495
0.439209,1.026973,-0.219044,-3.123048,4.505857,-2.562702
0.453520,1.030209,-0.202914,-2.606137,3.283565,-6.505229
0.493888,1.043615,-0.254898,-3.284232,2.632451,-8.025263
0.398612,1.036551,-0.243315,-3.039852,3.383368,-7.387257
0.405226,0.991582,-0.224076,-2.001121,1.633333,-8.205650
0.547237,0.993722,-0.263354,-2.599703,1.292895,-9.050714
0.471344,0.969205,-0.261289,-1.254113,3.025379,-9.174661
0.410366,0.896772,-0.253320,-0.848378,0.650863,-7.894726
0.516697,0.834070,-0.298542,-1.442322,0.370323,-8.768367
0.505691,0.807712,-0.282596,-0.516451,0.449728,-9.081095
0.459035,0.741991,-0.253106,0.158254,1.638437,-8.431848
0.542307,0.640328,-0.286830,-0.337624,0.420938,-8.247389
0.500958,0.532398,-0.285428,0.927389,1.149469,-8.249082
0.443988,0.444077,-0.269843,1.076017,1.095804,-6.149027
0.547979,0.335527,-0.286695,0.946972,1.828976,-3.500286
0.568596,0.250728,-0.259687,1.070260,1.407012,0.017413
0.439097,0.142428,-0.254137,0.396395,3.039109,0.507556
0.485258,0.037987,-0.248064,0.613640,3.274247,0.705565
0.565255,-0.031450,-0.225842,0.487572,1.995494,2.789726
0.498605,-0.131335,-0.226538,-0.078094,3.759004,4.319394
0.502623,-0.286088,-0.200407,-0.293560,3.310804,3.217131
0.542708,-0.378706,-0.204415,-0.273721,2.045296,5.645636
0.445804,-0.461138,-0.182842,-0.614004,2.411481,9.380974
0.426464,-0.541295,-0.149864,0.167374,2.035285,11.654264
0.512870,-0.601948,-0.159947,-1.488239,0.302820,11.245216
0.423601,-0.642263,-0.132322,-0.672514,0.244508,10.539632
0.313974,-0.705486,-0.096905,-0.342208,-1.175452,11.777047
0.352661,-0.757296,-0.124865,-1.471768,-1.197914,12.344638
0.337290,-0.760047,-0.094922,-0.616125,-0.516010,12.724636
0.299693,-0.738908,-0.035254,-0.292437,0.619208,12.909377
0.342512,-0.792205,-0.062620,-0.817486,0.200113,12.462842
0.291122,-0.798159,-0.032316,0.317919,0.608583,12.915952
0.169436,-0.759265,-0.011053,0.443404,1.420445,11.448728
0.237356,-0.698002,-0.010767,-0.303728,3.443474,10.694690
0.275179,-0.630361,0.036700,0.460909,1.232607,10.264599
0.153772,-0.580172,0.024765,0.560577,2.635800,8.791860
0.118820,-0.542440,0.035581,0.247925,2.151591,5.221921
0.116250,-0.454927,0.057458,1.133628,0.572574,5.052540
0.060859,-0.336533,0.079582,0.574977,0.660179,5.701288
0.073677,-0.265675,0.087552,1.299483,1.398166,1.905984
0.128940,-0.195447,0.092390,0.927530,-1.019054,-3.051286
0.016841,-0.119665,0.096437,0.606123,-0.415289,-4.251828
-0.067783,-0.076787,0.105815,1.303211,-0.488198,-3.758887
0.005776,0.013250,0.125933,1.545935,-1.733336,-3.654094
0.012055,0.137008,0.143156,0.574248,-2.150694,-5.332896
-0.051466,0.195416,0.166078,1.330167,-0.264537,-8.263449
-0.022167,0.206018,0.173673,0.606721,-1.914704,-10.009831
-0.053347,0.270334,0.143997,0.294098,-0.006960,-11.228828
-0.112195,0.341222,0.198278,0.767137,0.877775,-12.347663
-0.008033,0.392399,0.184138,0.317922,0.912313,-11.439726
0.046468,0.410097,0.179339,-0.161544,0.811735,-10.691857
-0.055051,0.401868,0.212826,1.290836,1.929071,-11.672796
-0.067823,0.391260,0.206862,-0.107755,0.082870,-10.427301
-0.020772,0.394361,0.179073,-0.515827,1.764585,-7.222554
-0.048486,0.411135,0.230144,0.639456,0.816196,-6.040069
-0.047032,0.380595,0.217198,0.036335,0.492213,-9.439552
-0.015901,0.306300,0.199214,0.039620,-1.054495,-9.882093
-0.127967,0.260559,0.223471,1.201160,-1.410918,-6.088813
-0.182416,0.209508,0.215951,0.310353,-0.593486,-3.879285
-0.107156,0.200176,0.227088,0.090774,-1.851510,-3.877167
-0.102495,0.196122,0.245158,-0.328981,-3.315766,-2.805056
-0.169939,0.139175,0.221154,-1.059179,-1.394768,-3.113504
-0.152510,0.047765,0.225897,-1.074173,-2.135155,-4.059206
-0.142193,0.043761,0.223684,-1.215889,-0.491261,-1.555641
-0.156649,0.026610,0.239988,-1.688110,-0.186204,1.243163
-0.097516,-0.039114,0.231293,-1.247308,1.271254,2.222517
-0.066378,-0.092349,0.205884,-0.811801,1.151760,2.627144
-0.147471,-0.147711,0.201016,-1.494436,1.981866,2.787967
-0.148193,-0.192841,0.226494,-0.751246,1.461117,4.828696
-0.110199,-0.217111,0.213407,-0.347260,0.316734,7.425434
-0.137738,-0.232933,0.191372,-0.812766,-0.343600,7.844490
-0.151403,-0.269505,0.177241,-0.171292,0.901908,5.171180
-0.105745,-0.299418,0.183491,0.572259,-1.564569,4.688209
-0.137926,-0.315591,0.164653,0.088536,-1.360106,5.134640
-0.167169,-0.318260,0.161673,0.766943,-0.868521,4.342325
-0.117922,-0.312538,0.158180,0.989522,-2.075897,2.922267
-0.091663,-0.285458,0.129649,0.238281,-1.662234,4.324154
-0.136406,-0.314639,0.147995,0.866457,-0.835772,2.788278
-0.086145,-0.304043,0.131500,0.995582,-0.848469,1.777976
-0.070800,-0.271317,0.112052,0.139735,-0.552042,1.351407
-0.119872,-0.277977,0.115830,0.604811,0.954469,0.569585
-0.043234,-0.239074,0.122273,1.247354,0.712632,1.284271
0.024020,-0.214045,0.109626,-0.044265,-1.348243,0.706796
-0.002174,-0.224080,0.080567,0.518837,2.430828,-0.918695
0.035272,-0.199859,0.084433,1.190296,2.095074,0.206611
0.103741,-0.165964,0.049538,0.618387,0.654064,1.579735
0.095252,-0.127648,0.039444,0.057924,1.325716,1.273549
0.102684,-0.114410,0.034199,1.664260,2.027226,-0.306821
0.158328,-0.109490,0.023406,0.710922,-3.605215,-1.133200
0.134244,-0.105370,0.015010,0.338290,-0.876471,-1.564874
0.085520,-0.105489,0.018919,1.271076,-2.191186,-0.941828
0.171566,-0.071798,-0.035835,0.910504,-1.800370,-0.099498
0.174917,-0.062636,-0.023198,0.523140,-1.968762,1.247133
0.122539,-0.074469,0.000561,0.985426,-2.215440,2.444628
0.191526,-0.056045,-0.059012,0.299954,-0.702768,1.767403
0.220933,-0.017726,-0.057171,0.513260,0.294043,3.285603
0.135354,0.015722,-0.024950,-0.287205,-2.636551,5.468246
0.197622,0.065661,-0.081001,-1.306225,3.195094,4.434277
0.243730,0.102969,-0.060910,-1.219283,1.888034,3.500345
0.160944,0.112561,-0.071866,-2.047088,2.903174,5.961372
0.158419,0.155291,-0.102055,-2.365087,4.753330,5.559440
0.233564,0.232038,-0.076170,-2.537563,1.536590,5.732060
0.172550,0.282013,-0.100063,-3.139683,2.115884,6.338794
0.123868,0.342121,-0.102334,-3.052984,1.793473,6.163304
0.166225,0.399935,-0.115181,-2.531707,0.370533,4.849478
0.100862,0.443381,-0.115195,-3.608796,-0.729638,3.798042
0.059805,0.510261,-0.140909,-2.191604,0.256265,1.057424
0.153043,0.569604,-0.108958,-1.414424,-1.610491,0.183640
0.126347,0.597905,-0.130780,-2.374367,-1.597735,2.474906
0.005369,0.600797,-0.132352,-1.897832,0.351154,1.165474
0.111448,0.702323,-0.114788,-0.752885,-0.759102,0.644121
0.147403,0.785418,-0.129680,-1.859697,0.141114,1.086409
0.057090,0.822342,-0.079767,-2.097907,1.559846,-0.854259
0.098213,0.904626,-0.090747,-1.514936,1.555162,-4.129112
0.108362,0.965243,-0.109545,-2.806221,1.201525,-5.047670
0.031793,0.986671,-0.061904,-2.281546,2.755717,-5.079620
0.130962,1.057243,-0.073261,-2.505146,2.575675,-5.651243
0.205709,1.111144,-0.099002,-3.084634,1.752777,-7.979354
0.083678,1.085952,-0.054210,-2.467109,2.419946,-8.386273
0.083553,1.119131,-0.095956,-2.922839,1.799651,-7.732208
0.188158,1.148413,-0.098182,-2.880516,0.925186,-8.407277
0.140950,1.152776,-0.040998,-3.120209,-0.784790,-10.455503
0.137822,1.154719,-0.071794,-2.588894,0.328097,-13.500453
0.238655,1.147307,-0.066132,-1.668922,-1.056054,-13.218956
0.174565,1.045499,-0.022869,-2.107590,-0.907425,-12.049791
0.168611,0.991949,-0.005952,-1.877803,0.104902,-13.192647
0.323440,0.958777,0.026124,-0.072958,-1.671968,-12.304777
0.341589,0.851031,0.026689,-0.415240,0.191082,-9.411073
0.254798,0.706334,0.039454,0.621898,2.577792,-10.768633
0.332083,0.624825,0.069029,1.198620,0.434114,-8.293249
0.364061,0.516540,0.073181,0.740191,1.074094,-3.594242
0.300802,0.375051,0.098820,1.366864,2.950526,-0.790205
0.386637,0.272458,0.107886,1.869767,2.571684,0.006521
0.430908,0.174316,0.076995,1.237451,2.006028,1.392500
0.341176,0.037665,0.106721,0.858166,3.570769,2.293802
0.389943,-0.080604,0.145447,0.553811,2.341894,2.328425
0.467054,-0.138520,0.123133,-0.888075,1.721168,3.505664
0.401911,-0.256993,0.156457,-1.498319,2.175937,5.257935
0.403667,-0.349952,0.179844,-1.495122,1.075995,7.431328
0.468272,-0.449882,0.139982,-1.972812,0.332385,9.089074
0.400782,-0.551155,0.183767,-2.203131,0.566055,9.488678
0.381770,-0.638810,0.216043,-1.183694,0.029426,9.384090
0.463660,-0.696489,0.201186,-1.744735,-1.750102,11.528222
0.413495,-0.790613,0.192376,-1.046692,0.539694,11.922836
0.329166,-0.834601,0.235150,-0.010390,0.483768,12.005612
0.380135,-0.851348,0.220963,-0.698559,0.929422,12.573334
0.416350,-0.855027,0.246044,0.109071,1.289531,14.506927
0.356774,-0.855168,0.297244,0.694507,0.770896,14.562330
0.400394,-0.817991,0.248982,0.277969,2.217211,12.773822
0.382833,-0.794256,0.252635,0.596769,1.945300,11.667698
0.289960,-0.755579,0.295379,1.527856,1.431004,11.427621
0.304472,-0.692976,0.271792,1.055135,2.475358,8.659146
0.347435,-0.619922,0.248972,1.401813,1.635320,5.520560
0.302909,-0.537238,0.282571,1.492855,1.416299,4.397593
0.276233,-0.494871,0.266418,1.439646,1.487669,3.360351
0.301117,-0.416979,0.251953,1.932350,1.373896,1.653328
0.285433,-0.344572,0.265818,2.001711,0.580439,-0.539323
0.275704,-0.245199,0.248532,1.508784,1.587205,-3.022013
0.299374,-0.200522,0.255189,1.183600,-0.144790,-3.678688
0.247311,-0.138310,0.267731,1.403959,-0.884760,-3.977671
0.179877,-0.059849,0.255514,0.601978,-0.039437,-5.429355
0.215009,0.038469,0.245772,0.547214,-0.285111,-6.304542
0.250521,0.105753,0.265444,0.963482,-0.043218,-5.876003
0.200625,0.154123,0.248933,-0.091588,0.088355,-8.124777
0.203202,0.182667,0.236899,0.350494,1.514230,-12.308919
0.226034,0.218836,0.232324,0.438978,0.823579,-9.992613
0.181465,0.237622,0.213758,-0.622303,1.684257,-7.180559
0.181524,0.267597,0.225427,0.513037,1.922952,-7.974171
0.240218,0.299423,0.213118,0.856718,1.127007,-7.623967
0.164820,0.273919,0.204292,-0.008658,1.326691,-7.228329
0.094665,0.242752,0.192941,1.115653,1.663167,-8.208736
0.139499,0.264827,0.167469,1.299719,0.171266,-8.579151
0.130896,0.255550,0.155367,-0.055531,0.207741,-8.231574
0.097110,0.229215,0.171556,0.861674,-0.262935,-6.934913
0.109163,0.186245,0.179168,1.213207,-0.491232,-4.246657
0.075590,0.132177,0.155255,0.003766,-0.772559,-1.640272
0.033319,0.100465,0.172127,0.391629,-0.056883,-1.207785
0.069360,0.111730,0.167775,-0.476579,-1.207696,0.594731
0.077238,0.087266,0.136033,-1.600387,0.166274,1.233730
0.012502,0.066784,0.154152,-1.590264,0.344822,0.959760
-0.002384,0.064758,0.121049,-1.839706,0.386673,-0.107328
0.014448,0.051901,0.110526,-2.799041,0.714773,1.048084
-0.016367,0.011455,0.134251,-2.425789,0.685473,2.084672
0.003853,0.019691,0.115764,-2.551985,0.770472,1.705317
0.031579,0.033992,0.078075,-2.684343,1.322168,0.734481
-0.008644,-0.008735,0.091983,-2.515547,0.368423,2.006491
-0.030291,-0.011965,0.073720,-1.311404,1.357983,3.333643
0.038492,0.011563,0.057294,-1.360700,0.034678,1.919481
0.046472,-0.006864,0.047608,-0.381677,-0.241865,1.409039
-0.018081,-0.023894,0.084033,0.152257,-2.053075,2.952408
-0.007856,-0.049556,0.035095,0.551891,-0.873882,1.165281
0.024893,-0.052464,0.048740,1.039986,-1.312954,-0.492829
0.005635,-0.047990,0.065507,2.012405,-0.899028,0.208185
0.043104,-0.028043,0.037980,1.660397,-0.915050,0.793999
0.056647,-0.034949,0.023075,1.519744,-1.172285,-0.977563
-0.003411,-0.040618,0.060567,2.108574,-0.718445,-1.811812
-0.002840,-0.015763,0.017997,1.041086,0.021574,-1.729915
0.051051,0.000213,0.005232,1.131944,1.231980,-2.224946
0.035929,-0.017657,0.047490,0.861113,0.579969,-3.791208
0.039185,-0.004281,0.016412,0.404670,0.942941,-5.160346
0.050385,-0.028538,0.007053,0.208282,1.379565,-4.492855
0.028540,-0.101392,0.033296,0.881664,1.412458,-1.890652
0.041663,-0.104172,0.032479,0.188781,-0.012951,0.417189
0.067919,-0.101126,0.008714,0.007850,0.945433,1.465564
0.047135,-0.113150,0.029229,0.595876,0.060317,2.560933
0.001043,-0.134312,0.011265,-0.452594,-0.009064,2.071597
-0.003441,-0.160880,0.033497,-0.419563,-0.441345,-0.285263
0.004900,-0.175132,0.058653,0.375001,-1.432851,-1.021947
0.010254,-0.184418,0.029810,-0.406394,-0.050364,0.891797
0.013500,-0.233228,0.074402,0.149267,-0.614891,3.273988
0.006249,-0.237341,0.073414,0.100993,-1.529420,5.609191
-0.027442,-0.213806,0.063544,-0.395880,-0.516470,6.524777
0.008474,-0.185216,0.071465,0.067170,0.185493,7.593421
0.065641,-0.153251,0.092840,-0.112970,0.623997,7.857484
0.039077,-0.131732,0.065714,-0.979707,0.812274,6.710176
-0.011680,-0.107428,0.076464,-0.802075,0.998536,5.264953
-0.021993,-0.085617,0.087138,-0.289329,0.747627,7.694410
-0.024370,-0.047350,0.081604,-1.584182,0.845489,10.310664
-0.019508,0.027782,0.119329,-1.382886,0.817779,9.413606
-0.022541,0.088271,0.155774,-1.171018,0.128099,8.145815
-0.049287,0.134110,0.136756,-2.188019,-0.829221,8.907632
-0.078540,0.202506,0.127519,-2.997439,-0.260023,7.139818
-0.071355,0.317562,0.136509,-2.568457,-0.483849,5.883328
-0.056249,0.398583,0.157468,-2.319684,-1.449841,5.146804
-0.099761,0.453675,0.149554,-3.127056,-1.560430,4.441167
-0.181096,0.505167,0.170716,-2.679453,-0.970523,1.683693
-0.200325,0.596970,0.169084,-2.590686,-2.085275,-0.583846
-0.194384,0.692052,0.153585,-3.172094,-0.836705,-2.645347
-0.204861,0.776037,0.184010,-2.318703,-1.092965,-3.357217
-0.245816,0.851572,0.183140,-1.831028,-0.336491,-4.675462
-0.276950,0.900999,0.183757,-2.319228,-0.262252,-6.622773
-0.292266,0.931027,0.195140,-1.170634,0.723841,-6.990397
-0.266049,0.987538,0.235675,-1.217445,-0.828627,-6.526484
-0.258083,1.027662,0.207765,-1.897626,0.188210,-7.628547
-0.287723,1.038212,0.228926,-0.968377,0.791433,-9.687073
-0.301365,1.064045,0.235258,-0.375333,0.082483,-9.112847
-0.282924,1.072435,0.216860,-1.092568,0.043904,-9.157038
-0.282416,1.088240,0.240572,-0.927193,0.054378,-10.516713
-0.278152,1.121166,0.243563,-0.865453,-1.266623,-11.619616
-0.272755,1.114795,0.206859,-1.589490,0.480524,-12.385930
-0.281805,1.083785,0.256509,-1.875919,-1.159910,-13.034418
-0.246827,1.044278,0.238895,-2.238415,-1.753247,-12.229357
-0.207034,0.980707,0.225903,-2.304825,0.133866,-13.287581
-0.202593,0.912921,0.260264,-1.826495,-3.487359,-12.340235
-0.188968,0.843974,0.261692,-2.583074,-1.040331,-9.948233
-0.165170,0.744801,0.271575,-1.757298,-0.718980,-9.486353
-0.100929,0.673169,0.269369,-1.172568,-0.333100,-7.688989
-0.056958,0.572306,0.254329,-1.469303,0.436208,-4.534738
-0.045729,0.429618,0.250804,0.300400,1.021460,-1.139047
-0.022528,0.320480,0.292504,-0.425823,-1.641004,1.194198
0.038029,0.228690,0.241488,-0.288607,2.620047,1.246456
0.074412,0.114389,0.277011,0.467519,1.378091,2.625647
0.086321,0.006794,0.266576,0.637504,0.431715,5.572140
0.068546,-0.091354,0.256049,-0.170895,0.778308,5.962574
0.068976,-0.158881,0.264167,0.376524,0.212740,5.772026
0.097031,-0.244247,0.291129,0.116932,-0.825026,7.361073
0.112955,-0.327240,0.250049,-0.525070,0.006895,9.247518
0.105940,-0.413920,0.242631,-0.959914,-0.854482,8.654140
0.116093,-0.462287,0.256912,0.017911,-0.642000,9.568907
0.146258,-0.521256,0.229524,-0.905793,-0.799209,11.516550
0.155452,-0.575649,0.220418,-0.633443,0.639484,12.048641
0.140911,-0.614254,0.241528,-0.103785,0.222870,10.292674
0.135912,-0.614579,0.199194,-1.285473,2.078905,9.116353
0.135495,-0.638577,0.208976,-0.948668,1.135732,9.744425
0.143928,-0.646658,0.187210,0.063494,0.963460,10.129793
0.132902,-0.643963,0.183865,-0.536342,1.413985,8.241764
0.128769,-0.638363,0.180632,0.697251,1.594076,6.917480
0.141912,-0.621793,0.180737,0.400670,0.810403,8.417479
0.181265,-0.589304,0.092272,0.585592,3.206255,8.593254
0.172216,-0.564879,0.131362,1.579665,0.828099,5.021011
0.166777,-0.508749,0.097212,2.124150,-0.075310,3.203376
0.161548,-0.473411,0.069502,1.950975,0.544585,1.974614
0.138324,-0.441830,0.075489,2.143582,0.364891,0.933444
0.134819,-0.358578,0.067063,2.363984,-1.462777,-0.103158
0.139352,-0.288468,0.035830,1.694275,-0.236370,-2.132484
0.153844,-0.246643,0.034097,2.220059,-0.354232,-4.483548
0.192252,-0.194728,0.051045,2.104767,-0.041826,-5.206271
0.187630,-0.134469,0.023928,0.870649,0.000872,-6.421871
0.183963,-0.084743,0.037577,1.771842,1.292846,-5.477750
0.199903,-0.023460,0.018059,0.870928,0.998030,-3.405981
0.223582,0.031189,-0.004708,0.315851,2.398824,-4.054761
0.220654,0.071028,-0.005988,0.591264,1.291648,-6.925993
0.181387,0.109587,-0.003726,0.326942,0.491455,-6.045224
0.140090,0.100619,-0.011332,-0.492328,1.074826,-5.945744
0.142749,0.119428,-0.016695,0.362301,1.559849,-5.303466
0.174490,0.156818,-0.004123,0.432282,0.089786,-4.385758
0.178534,0.173243,-0.016794,-0.129320,0.646622,-3.633486
0.134540,0.162762,-0.007754,0.470437,-0.439234,-3.573674
0.127706,0.161551,-0.026135,0.281526,-0.454770,-3.234306
0.147495,0.186744,-0.054269,-0.100057,0.509334,-3.402708
0.169265,0.194175,-0.026976,0.670623,-0.133515,-2.265497
0.155459,0.179877,-0.017279,-0.166451,0.092527,-1.727269
0.141341,0.152741,-0.022846,-0.191516,0.580481,-1.326792
0.141610,0.141942,-0.006897,0.574773,0.578052,-0.988970
0.164814,0.144233,-0.013061,-0.236695,-0.168089,1.589160
0.167827,0.131687,-0.013659,-0.573742,1.526171,2.094140
0.138938,0.131116,-0.001681,-0.902403,0.866966,0.321249
0.120468,0.144157,-0.000523,-1.221955,-0.758392,0.803950
0.137881,0.159388,-0.019351,-2.068361,0.732596,2.609226
0.140432,0.164023,-0.014650,-2.029490,0.815428,3.773688
0.130453,0.178751,0.008823,-2.308156,-1.146807,1.997855
0.145894,0.224945,-0.041566,-3.111503,1.097593,0.509531
0.129885,0.231103,-0.014023,-2.594795,0.662611,-1.084093
0.128346,0.242270,-0.009201,-2.173468,0.415476,-1.171590
0.133831,0.273561,0.005373,-3.257969,0.418027,-2.755344
0.133584,0.285470,0.032262,-2.240420,0.325183,-4.246139
0.133637,0.293988,0.036109,-1.518372,0.319107,-2.082490
0.128139,0.284190,0.036953,-1.045074,1.497483,-2.201899
0.110798,0.276686,0.078578,0.177033,1.063958,-5.589349
0.125053,0.296706,0.102828,0.515781,-1.280743,-6.617327
0.118666,0.278301,0.082044,0.876997,0.525103,-5.911852
0.102913,0.239693,0.098420,1.450412,0.977745,-5.498672
0.108979,0.221656,0.123163,2.950342,0.569268,-6.120264
0.150876,0.227167,0.159132,2.186834,0.101836,-4.890510
0.167485,0.191109,0.131674,2.554336,2.314373,-3.533691
0.146672,0.136486,0.210893,2.663966,0.569354,-3.383476
0.163881,0.128750,0.208572,1.984885,1.015559,-3.367244
0.166278,0.098722,0.231106,1.351979,0.769002,-3.541029
0.177523,0.053674,0.264413,1.725976,0.205916,-1.584035
0.176680,0.029311,0.262676,0.372952,0.439373,-0.687807
0.147751,-0.011581,0.286540,-0.242702,0.427336,-1.559502
0.129399,-0.056104,0.368693,-0.735977,-1.141906,-0.984720
0.164594,-0.104832,0.346917,-1.244288,0.288775,1.416270
0.179453,-0.163125,0.356357,-1.773854,0.397627,2.790116
0.163199,-0.204320,0.405984,-0.951774,0.796686,3.225867
0.174359,-0.240390,0.415457,-1.477699,0.653043,5.236417
0.179887,-0.289144,0.430511,-1.426014,0.514918,8.795849
0.177773,-0.311911,0.472503,-1.228651,-0.515672,10.307120
0.140274,-0.306538,0.471531,-1.141571,0.480515,9.003663
0.124496,-0.322829,0.481333,-1.193548,-0.082288,7.708816
0.099119,-0.331504,0.502810,-0.364477,-0.981519,9.742680
0.047923,-0.314800,0.501497,-0.558715,0.327340,10.185546
0.065927,-0.271399,0.507405,0.050630,0.098429,9.502870
0.088687,-0.232421,0.542330,-0.128427,-0.376136,11.585594
0.014028,-0.228468,0.512142,-0.117995,1.993598,12.175687
-0.015770,-0.183647,0.531492,-0.095071,0.464654,10.056113
0.028917,-0.099446,0.537991,-0.150061,0.377565,8.733644
-0.006310,-0.048889,0.531433,-0.852053,0.636684,9.267397
-0.065200,0.011064,0.534039,-0.152871,1.411841,9.039092
-0.084251,0.098784,0.546039,-1.183442,-1.977952,7.628213
-0.130803,0.213489,0.517141,-2.423983,-0.235437,6.226865
-0.175303,0.326464,0.513917,-2.826424,0.005848,4.299940
-0.146532,0.460896,0.514603,-2.486691,-1.162700,2.444928
-0.198979,0.558959,0.506374,-4.015575,-1.357962,-0.014182
-0.315965,0.636474,0.483568,-3.550359,-0.607807,-4.780082
-0.303952,0.729866,0.458077,-2.765866,-2.183053,-6.380275
-0.283554,0.815344,0.452103,-3.649088,-1.474089,-5.616987
-0.343370,0.900162,0.444694,-3.974775,-0.527522,-6.854564
-0.317390,1.002171,0.422203,-1.909134,-0.850554,-9.559812
-0.312440,1.031375,0.361652,-1.756881,-1.047388,-9.207259
-0.412856,1.030685,0.357050,-1.398347,0.611418,-9.514188
-0.402549,1.086300,0.364937,-0.280680,-1.136989,-12.096729
-0.331261,1.130163,0.302341,0.538337,-1.188648,-12.206441
-0.430542,1.098418,0.288266,-0.088632,-0.117287,-11.965898
-0.484696,1.083674,0.285598,1.230229,-1.019855,-12.542869
-0.394773,1.103434,0.229120,1.033339,-1.311612,-12.974168
-0.410109,1.074217,0.198991,0.110219,-1.325779,-12.575194
-0.438377,1.030679,0.192265,1.209284,-0.414702,-11.538616
-0.358302,1.009678,0.168050,-0.125667,-2.914187,-10.311252
-0.386259,0.932002,0.116486,-1.447620,-1.056011,-10.272302
-0.459894,0.840005,0.129800,-0.986546,-0.778271,-10.410519
-0.357912,0.805717,0.096273,-1.358951,-1.718096,-7.047038
-0.337554,0.719133,0.060793,-3.072272,-1.534456,-4.801284
-0.411661,0.614334,0.046446,-3.331870,-0.586669,-5.242533
-0.351471,0.558083,0.042937,-2.792221,-2.612819,-4.442003
-0.307986,0.446007,-0.007084,-3.517548,-1.651422,-1.557890
-0.360344,0.323503,-0.015156,-3.994151,-0.072960,0.429066
-0.280104,0.264291,-0.038651,-2.460051,-0.245948,1.141019
-0.189168,0.182237,-0.066175,-2.906709,-0.842288,4.523608
-0.261943,0.032059,-0.074394,-2.378955,-0.090518,6.313903
-0.263462,-0.051883,-0.087714,-0.923585,-1.271349,5.701033
-0.181424,-0.095828,-0.133110,-1.231947,-1.372822,6.748652
-0.212322,-0.189076,-0.105849,-0.738012,-0.713820,8.494267
-0.231981,-0.276454,-0.103017,0.668976,-1.368712,8.160246
-0.181096,-0.331356,-0.143207,0.223733,-1.949471,8.292960
-0.222701,-0.403334,-0.125761,1.359991,-1.367009,8.125851
-0.232722,-0.441325,-0.119990,1.851448,-0.788751,8.290837
-0.145971,-0.446806,-0.168659,1.530544,0.224980,8.724097
-0.156645,-0.475452,-0.118799,1.228661,-1.825936,8.902383
-0.219323,-0.501311,-0.119718,0.974948,-0.892818,7.545435
-0.197974,-0.487486,-0.126959,1.016396,-0.660707,6.381853
-0.183660,-0.509951,-0.108003,1.085504,-0.591296,6.049816
-0.216215,-0.499782,-0.094335,-0.037077,-2.475419,5.942909
-0.208688,-0.491933,-0.109079,0.252704,0.407792,3.737809
-0.193353,-0.495836,-0.088781,0.450175,-1.927222,3.908444
-0.222491,-0.515554,-0.100214,-0.141471,0.081334,5.145864
-0.196291,-0.490739,-0.085321,-0.215585,0.405971,3.028858
-0.119724,-0.441578,-0.082935,0.732724,-0.108381,1.570557
-0.136980,-0.411563,-0.086490,-0.291515,-0.525017,2.455663
-0.221152,-0.424289,-0.073087,0.292736,-0.019965,1.331166
-0.199504,-0.376861,-0.067442,0.825502,-1.462935,-1.172497
-0.190428,-0.330316,-0.074558,0.440209,-1.100990,-3.763015
-0.210724,-0.315414,-0.023582,1.630960,-0.916931,-4.216695
-0.142258,-0.303180,-0.031446,2.204828,-1.759198,-4.159579
-0.165803,-0.282862,-0.045328,2.236727,-0.083201,-3.581066
-0.257912,-0.304220,0.026252,3.138413,-1.206895,-2.743439
-0.174180,-0.259428,0.003242,2.546773,-0.844802,-0.260588
-0.131154,-0.237886,0.020071,2.433982,-0.943587,0.030923
-0.190133,-0.217364,0.071760,2.864674,-0.721997,-1.100647
-0.228390,-0.203397,0.059930,1.992061,-0.255352,-1.869007
-0.222169,-0.186607,0.070299,2.360485,-0.377574,-0.809617
-0.264057,-0.166355,0.139956,0.608864,-1.259808,0.440269
-0.215043,-0.113281,0.123708,0.200506,1.707027,-0.813868
-0.146988,-0.062420,0.166179,-0.245085,-1.150115,0.030281
-0.225668,-0.061553,0.169445,-1.440775,-0.295178,2.435204
-0.287293,-0.039735,0.189183,-2.400997,0.567171,1.662582
-0.189683,0.049252,0.214769,-2.124799,-1.213076,0.954649
-0.155776,0.122388,0.245027,-3.177526,-1.559813,2.285337
-0.251659,0.129272,0.258701,-2.799291,0.000809,1.380170
-0.223138,0.154829,0.279686,-2.556476,-2.305057,-0.706056
-0.254465,0.187929,0.266100,-2.858102,-2.859126,-0.703261
-0.314137,0.205142,0.305726,-2.251790,-1.539987,-1.452387
-0.215998,0.257937,0.323644,-1.259752,-3.104991,-0.226076
-0.201690,0.282568,0.299797,-1.179349,-2.217544,0.941120
-0.342543,0.287551,0.336098,-0.853764,-0.558137,0.205900
-0.316461,0.315698,0.358228,0.579992,-1.107979,-0.611860
-0.220006,0.376075,0.343516,-0.407661,-0.725066,0.819963
-0.263348,0.400569,0.381012,-0.220342,0.912562,-0.743647
-0.240486,0.424422,0.401576,1.096135,2.406078,-3.680019
-0.192867,0.464245,0.382915,0.009803,-0.242318,-3.212560
-0.305983,0.456117,0.379879,-0.552000,2.298083,-1.836514
-0.286282,0.497666,0.435510,-0.329257,1.275406,-3.965491
-0.122255,0.595861,0.395543,-1.320953,-0.186648,-5.750568
-0.180893,0.601986,0.404675,-2.016922,-0.070403,-6.007630
-0.265127,0.576360,0.415369,-1.213700,-0.245088,-8.184557
-0.157637,0.609827,0.385197,-2.040999,-2.390125,-10.590508
-0.156941,0.603745,0.366631,-2.200729,-1.630074,-11.204951
-0.221572,0.550586,0.406539,-1.435573,-1.606420,-10.489682
-0.126401,0.519806,0.365121,-0.925361,-2.809460,-9.709779
-0.149355,0.466326,0.337319,-1.353203,-2.761336,-9.562413
-0.260029,0.382128,0.368121,0.345314,-1.282151,-9.759538
-0.149148,0.343201,0.352868,1.086642,-1.813746,-7.251749
-0.083542,0.284239,0.306471,0.835930,-0.967054,-5.101297
-0.184142,0.193391,0.344777,1.500105,0.247389,-4.085081
-0.125515,0.118124,0.313088,2.248012,0.968590,-2.265600
-0.056593,0.038709,0.281327,1.468853,0.619139,1.401382
-0.137686,-0.066382,0.298790,2.677758,2.370270,2.992304
-0.071036,-0.123542,0.288115,1.950479,2.123674,2.680980
0.009115,-0.151679,0.217428,1.668314,1.400933,3.556717
-0.129687,-0.252804,0.256607,1.283701,-0.009602,6.555571
-0.157085,-0.317813,0.215879,0.469761,0.569797,6.153437
-0.044218,-0.314944,0.184279,-1.063593,-1.091422,5.910463
-0.075799,-0.342257,0.189094,-0.463967,-1.602369,8.637615
-0.116485,-0.415935,0.208562,-1.460627,-3.799200,10.148463
-0.020329,-0.449738,0.110522,-2.402119,-1.834027,9.471012
-0.053107,-0.475223,0.129948,-2.057778,-2.883570,9.867790
-0.133022,-0.478577,0.132354,-2.264572,-4.890319,10.942705
-0.026398,-0.452275,0.069439,-2.756255,-2.441987,12.702829
-0.031355,-0.436601,0.065143,-2.108567,-1.721190,12.968667
-0.116688,-0.416004,0.056562,-1.878701,-0.033679,13.433042
-0.056363,-0.391192,0.015194,-1.867797,0.019431,13.401308
-0.051052,-0.356772,0.026042,-1.322164,-1.074422,14.891358
-0.129148,-0.294111,0.010799,-1.340004,0.436087,13.994682
-0.094282,-0.205747,-0.017897,-1.366520,2.208860,10.481401
-0.039383,-0.126572,-0.019433,0.120234,1.191803,9.719081
-0.121943,-0.066450,-0.022321,-0.393165,1.142983,10.401678
-0.153576,0.021532,-0.039869,-0.140139,1.249222,5.497391
-0.112917,0.167463,-0.050563,0.194348,-0.854046,3.161659
-0.194183,0.283842,-0.064924,-0.779220,-1.122773,4.399858
-0.257315,0.378202,-0.059610,-0.577094,-1.435720,1.678806
-0.199202,0.521579,-0.074653,-0.650565,-3.417955,-3.534354
-0.261329,0.620650,-0.096481,-1.878318,-3.293367,-7.399808
-0.318447,0.699458,-0.085278,-1.556239,-2.938020,-8.199579
-0.246683,0.805585,-0.096419,-1.177899,-2.374994,-8.051072
-0.260975,0.910926,-0.105764,-2.341815,-2.385245,-9.314067
-0.354353,0.951240,-0.082006,-1.877429,-1.737272,-11.956097
-0.310090,0.992241,-0.104087,-1.234481,-1.022619,-11.453031
-0.269821,1.013869,-0.124970,-2.224396,-0.466075,-11.679158
-0.320075,1.048397,-0.068361,-0.585960,0.844458,-13.301150
-0.303003,1.103257,-0.078014,-0.960887,1.520335,-11.378235
-0.279645,1.103641,-0.099580,-1.217721,0.439868,-9.165005
-0.343406,1.069119,-0.065991,-0.500522,0.283131,-10.020704
-0.338155,1.066917,-0.089972,-0.992533,-0.198951,-12.950664
-0.293458,1.042105,-0.109355,-1.066043,-0.425554,-12.864752
-0.372371,0.995832,-0.076025,-0.513333,-1.395885,-10.355588
-0.409958,0.949415,-0.086588,-0.828834,-1.287542,-10.597224
-0.334659,0.901945,-0.104507,-0.753758,-2.036541,-10.605659
-0.354386,0.817373,-0.062058,-0.771247,-4.626615,-6.642835
-0.375006,0.709065,-0.092263,-0.807170,-2.016863,-4.474925
-0.334150,0.620049,-0.087231,-1.470551,-2.147754,-5.633112
-0.310812,0.567812,-0.078507,-1.247273,-2.207294,-3.511996
-0.355775,0.470537,-0.054492,-1.824568,-0.975559,-1.030275
-0.318256,0.370869,-0.033590,-1.638250,-1.133674,0.794073
-0.291554,0.275271,-0.007990,-2.106959,-3.156315,1.949431
-0.337915,0.205254,-0.005075,-2.169943,0.641807,4.466202
-0.303085,0.110302,0.015821,-1.556757,1.299703,6.363279
-0.234928,0.047591,0.008163,-2.725285,-0.847517,7.732957
-0.308225,-0.016262,0.021082,-2.845557,0.964878,7.271705
-0.334810,-0.088827,0.035571,-1.559294,0.322659,7.182978
-0.297160,-0.135136,0.032758,-2.071788,-1.964035,8.491665
-0.379106,-0.195870,0.022711,-1.899791,-0.736078,8.681793
-0.409620,-0.245783,0.064946,-0.540297,-2.153432,5.577259
-0.334330,-0.275141,0.033152,-0.630814,-2.811305,5.238729
-0.368395,-0.326485,0.046955,-0.228518,-2.736101,6.580069
-0.422218,-0.370736,0.084030,1.388959,-2.552090,5.849683
-0.333795,-0.364148,0.054081,0.884665,-2.750737,3.738262
-0.317488,-0.384801,0.087952,1.631459,-1.383001,3.410875
-0.366232,-0.393214,0.119703,2.005036,-0.946282,5.283542
-0.335568,-0.410073,0.123130,1.470682,-0.984962,3.959328
-0.347732,-0.404171,0.128979,1.654666,-1.426979,2.338666
-0.428494,-0.419966,0.189921,3.098725,-0.203549,2.482685
-0.373795,-0.451559,0.167082,2.466767,-0.524243,2.045827
-0.331271,-0.470256,0.158003,2.187668,-0.587128,0.781255
-0.409981,-0.444259,0.188346,2.869584,-0.305153,0.940005
-0.407965,-0.444607,0.177376,1.785888,-0.505401,1.756945
-0.335364,-0.431034,0.165178,2.019259,-0.645050,1.200448
-0.388261,-0.408779,0.222020,1.458238,-1.348519,-0.434047
-0.407171,-0.399405,0.186731,0.881967,-1.403411,-4.155575
-0.364670,-0.405336,0.182404,0.528070,-2.780003,-3.825528
-0.451103,-0.402644,0.215698,1.145293,-2.677788,-2.544610
-0.477710,-0.395909,0.199237,0.485074,-1.546627,-3.110517
-0.388671,-0.394202,0.178892,0.140122,-2.641563,-3.146576
-0.438751,-0.393779,0.242030,1.109361,-3.800539,-0.951675
-0.505916,-0.407411,0.222769,1.000640,-2.102590,0.932513
-0.418351,-0.429908,0.209915,0.659847,-2.828780,0.600151
-0.405756,-0.381423,0.228034,1.778545,-1.753965,1.966243
-0.466573,-0.381781,0.238977,1.268080,-1.844909,4.007814
-0.426810,-0.411940,0.207755,1.265254,-0.415059,4.121958
-0.425379,-0.379480,0.211838,1.529680,-1.442738,4.931978
-0.520550,-0.347762,0.196755,1.316781,0.353819,6.099278
-0.467958,-0.332505,0.174697,0.693653,-0.539736,6.142597
-0.410194,-0.274948,0.172114,0.971318,-2.001041,6.377485
-0.519585,-0.199166,0.169865,-0.243293,-1.595568,6.359166
-0.525490,-0.151800,0.142602,-1.143928,-0.640093,5.405286
-0.463931,-0.074850,0.144259,-1.645767,-3.374187,5.783285
-0.537802,0.009925,0.150443,-2.261605,-2.506369,4.671508
-0.536358,0.065477,0.136532,-2.271544,-1.172833,-0.006796
-0.453982,0.112751,0.103777,-2.016456,-3.609938,-0.889948
-0.534047,0.199710,0.101574,-2.711598,-2.404680,1.922266
-0.588729,0.248684,0.116762,-2.395226,-1.166081,1.454672
-0.448720,0.326221,0.091671,-2.315322,-2.502109,-0.078354
-0.455804,0.423687,0.089774,-2.214994,-1.753598,-0.275233
-0.549872,0.459794,0.101286,-1.351424,-0.634060,-0.638591
-0.469928,0.484366,0.083354,-1.264735,-0.929536,-3.319591
-0.459240,0.597948,0.046190,-1.338613,-0.053853,-5.203357
-0.512662,0.639202,0.091481,-0.106133,0.415640,-5.788683
-0.402221,0.660328,0.042819,-0.033975,-0.452719,-5.822166
-0.381880,0.709679,-0.005197,-0.251532,-0.684981,-7.193152
-0.513089,0.756687,0.038364,0.522792,-0.016335,-9.049374
-0.474067,0.769370,0.062934,0.105755,-4.659288,-9.247859
-0.354357,0.837337,0.000623,-0.367054,-2.237440,-9.479171
-0.423252,0.865310,0.028146,-0.377949,-1.111265,-12.095142
-0.380491,0.835324,0.037009,-0.365410,-1.885090,-14.835271
-0.295992,0.807276,-0.019259,-1.162140,-2.498604,-14.332892
-0.370654,0.782326,-0.020936,-0.497160,-0.956137,-12.876938
-0.313848,0.722573,0.008074,0.113065,-0.503528,-13.102755
-0.154305,0.703541,-0.039787,-1.050386,-2.554618,-12.428113
-0.229847,0.630031,-0.050248,-0.325446,-0.724052,-9.811127
-0.277918,0.505987,-0.039341,0.286085,-0.224356,-7.676822
-0.146316,0.420982,-0.062262,-0.943746,-1.568131,-6.759860
-0.128177,0.392136,-0.068666,0.281175,-0.231446,-3.632729
-0.157886,0.289235,-0.034003,0.502625,0.432194,0.194913
-0.091302,0.160534,-0.070343,-0.828197,-1.590920,1.344896
-0.138832,0.067470,-0.092372,-0.474481,-0.666464,0.586662
-0.195129,-0.020102,-0.044852,0.689681,0.008316,2.450645
-0.090416,-0.119928,-0.064287,-0.722890,-1.002241,4.524407
-0.072546,-0.161796,-0.092240,-1.001884,-0.218572,5.950286
-0.198011,-0.236652,-0.039659,0.035226,-0.522382,7.152643
-0.179048,-0.330753,-0.080358,-0.839692,-0.989010,9.707862
-0.137909,-0.394783,-0.094098,-0.958523,-1.366950,11.074323
-0.198601,-0.442096,-0.064855,0.455821,0.266907,11.671067
-0.168656,-0.502460,-0.049638,-0.610771,-1.857027,11.649365
-0.118641,-0.540885,-0.088476,-1.470238,-1.010631,12.284557
-0.223607,-0.553427,-0.061589,-0.001039,-0.403219,14.802269
-0.232607,-0.574208,-0.039767,-0.719282,-1.836496,14.926608
-0.111000,-0.546589,-0.089408,-1.225516,-0.671503,14.309928
-0.148574,-0.491028,-0.055543,-0.410677,-0.271176,17.094314
-0.204529,-0.477084,-0.080959,-0.958447,0.742851,17.733598
-0.149844,-0.455728,-0.084734,-1.673254,-0.800571,13.392120
-0.159347,-0.355420,-0.057348,-0.346528,-0.324027,12.357900
-0.174167,-0.290346,-0.061711,-1.139520,0.839948,12.073453
-0.093324,-0.244684,-0.069382,-1.246301,0.466052,8.972507
-0.065515,-0.133182,-0.062035,-1.091947,-0.605962,5.112552
-0.118188,-0.015326,-0.077785,-1.071780,0.599470,4.526605
-0.050212,0.053647,-0.091072,-1.389431,-0.351741,4.835660
0.002678,0.182204,-0.062905,-0.684873,-0.807383,2.913739
-0.050235,0.315622,-0.045430,-1.176582,-1.289688,-2.052696
-0.026454,0.377798,-0.046145,-0.652734,0.661397,-5.744570
0.023977,0.452861,-0.035914,-1.096129,-2.865143,-5.114223
-0.043493,0.557492,-0.054460,-0.900703,-0.526603,-5.978505
-0.049044,0.629568,-0.038054,-0.380138,-0.396904,-9.601632
0.029387,0.708330,-0.023680,0.306647,-2.268452,-9.131449
0.009127,0.786258,-0.037768,-0.317552,-0.600432,-7.302360
-0.037404,0.802549,-0.019049,0.290201,0.583383,-9.879013
0.010079,0.839562,-0.017135,0.284047,-0.388275,-12.063302
-0.011457,0.903094,-0.039209,-0.002123,-0.304914,-10.021167
-0.094430,0.916886,-0.008945,0.775818,0.793032,-8.407196
-0.069595,0.912511,0.012131,-0.012311,-0.281110,-10.480131
-0.063280,0.946494,-0.013997,-1.713546,-0.899075,-12.363667
-0.145863,0.948831,0.017196,-1.282021,0.388701,-11.863001
-0.120050,0.919542,0.031205,-1.528519,0.124087,-10.137833
-0.081859,0.917855,-0.004386,-2.881714,-0.513523,-8.896161
-0.162521,0.902408,-0.017407,-2.398125,0.588047,-9.051917
-0.179422,0.833811,0.022235,-2.214844,0.139541,-7.037353
-0.141333,0.746797,-0.002197,-3.699907,-2.433877,-4.121219
-0.213973,0.688921,-0.013084,-2.729284,0.607354,-3.478039
-0.269939,0.634472,0.034192,-1.895676,-0.801875,-3.718518
-0.219951,0.559402,-0.001038,-2.559857,-1.244696,-1.443563
-0.261001,0.481566,0.013310,-2.306226,-1.227709,0.845844
-0.292968,0.430705,0.053198,-1.430413,-0.306391,1.127565
-0.229332,0.360881,0.028376,-2.466166,-0.750068,1.916629
-0.229069,0.290311,0.016192,-2.296034,-0.860486,3.468118
-0.290592,0.243474,0.044673,-0.628996,0.008152,5.504687
-0.228688,0.170808,0.021358,-1.435606,0.440453,3.324371
-0.198569,0.118331,0.008448,-1.212351,-0.302882,1.754704
-0.295246,0.072131,0.042553,0.264185,0.188440,4.069675
-0.267894,-0.027130,-0.010340,-0.260191,0.040405,4.065006
-0.212887,-0.079954,0.017770,-1.193302,-1.109252,1.331540
-0.269903,-0.090550,0.027355,0.920873,0.031159,3.523040
-0.267874,-0.166801,0.018565,0.028634,-0.770613,6.073965
-0.206988,-0.229502,-0.007101,-0.173245,-1.331759,3.200573
-0.264578,-0.229401,0.031222,0.734510,-2.683004,0.776875
-0.271452,-0.252991,0.019218,0.338185,-1.537440,2.376571
-0.212164,-0.323964,-0.009313,-0.156518,-2.593042,2.237112
-0.277344,-0.317715,-0.008771,0.747025,-2.416001,0.341168
-0.334343,-0.333247,-0.022889,1.116644,-1.294995,-1.200588
-0.238319,-0.395824,-0.007862,0.270869,-1.813305,-0.028611
-0.235082,-0.425950,0.021594,1.130283,-2.481042,1.592419
-0.322927,-0.446413,-0.012182,1.777475,-0.091631,-0.777812
-0.277400,-0.506278,-0.020611,1.172318,-0.280046,-2.692106
-0.258023,-0.519056,-0.015507,2.380734,-0.651129,0.853798
-0.320682,-0.512757,0.004381,2.271354,0.236216,2.532092
-0.270628,-0.579220,0.001276,2.582867,0.261241,-0.677922
-0.263702,-0.586829,-0.010314,2.455860,-1.988775,-0.620692
-0.385759,-0.577408,-0.021799,2.361023,-1.043426,1.315249
-0.376418,-0.612524,-0.019101,2.197699,-1.277838,1.223321
-0.288632,-0.610859,-0.014286,2.048289,-2.479962,1.177904
-0.331675,-0.546845,-0.042459,2.514481,-1.907150,2.425091
-0.362884,-0.579903,-0.054479,1.632119,-1.129862,3.248537
-0.311583,-0.612517,-0.053153,0.680520,-2.742180,3.123139
-0.372183,-0.554113,-0.046907,1.609161,-1.865591,3.561087
-0.385812,-0.508999,-0.042715,1.128783,-1.097767,4.799265
-0.298279,-0.559844,-0.057059,0.366929,-2.340252,3.658695
-0.333145,-0.534628,-0.057821,0.981818,-1.786334,4.462590
-0.437665,-0.500592,-0.043664,0.786546,-0.752136,5.922754
-0.380882,-0.500094,-0.062984,0.396688,0.993462,6.026438
-0.361542,-0.453417,-0.030212,0.406194,-3.390139,7.430288
-0.392321,-0.373057,-0.028640,0.491967,-1.030303,9.051358
-0.350972,-0.374478,-0.065124,-0.489669,-0.127255,7.416688
-0.328412,-0.330575,-0.062216,0.208735,-1.145549,7.371393
-0.405641,-0.233057,-0.063887,-0.169379,-3.674852,9.338163
-0.347601,-0.148925,-0.059160,-1.193700,-0.043766,9.077425
-0.250034,-0.055658,-0.070097,-1.638355,-2.487105,5.811796
-0.333477,0.087979,-0.075441,-1.762113,-1.624808,3.236122
-0.431619,0.162093,-0.084353,-2.326102,-1.055814,-0.216897
-0.371356,0.193361,-0.092546,-1.764969,-2.149122,-2.240921
-0.332903,0.339052,-0.111426,-1.951336,-2.325727,-2.939875
-0.344844,0.438523,-0.100089,-1.842641,-0.479001,-3.454365
-0.295909,0.438090,-0.088305,-1.731403,-2.646461,-2.732346
-0.330119,0.508357,-0.126063,-1.434608,-1.717718,-3.028598
-0.358506,0.603026,-0.114686,-0.633503,-0.347717,-5.133538
-0.267753,0.659369,-0.092598,-0.391558,-1.111767,-6.656225
-0.212575,0.752315,-0.119570,-1.359319,-1.336552,-7.677664
-0.318808,0.817261,-0.120968,-0.758534,0.279143,-11.006716
-0.351078,0.829413,-0.101274,-0.633536,-0.350169,-12.833659
-0.285045,0.876818,-0.123683,-0.641525,-1.269180,-9.709486
-0.304779,0.944390,-0.115831,-0.415352,1.814244,-8.148655
-0.299077,0.939801,-0.074052,-0.372500,-0.339967,-10.888349
-0.217079,0.946553,-0.114174,-1.193661,-1.183446,-13.139874
-0.261516,0.948595,-0.126224,-1.173559,-0.953544,-12.626771
-0.289469,0.919201,-0.105593,-0.258268,0.332069,-12.457988
-0.185239,0.898183,-0.114577,-1.530869,-1.275807,-13.422347
-0.139879,0.900635,-0.135273,-1.421945,-1.234461,-12.599911
-0.200660,0.829016,-0.108508,-0.490507,-0.578134,-9.904672
-0.187402,0.720715,-0.131896,-1.197626,-1.174314,-8.616513
-0.180735,0.658102,-0.149985,-1.439174,-1.936673,-9.742540
-0.216186,0.607891,-0.108781,0.152815,-0.917007,-8.528934
-0.141592,0.495776,-0.135076,-0.345380,-1.287538,-4.203836
-0.116268,0.371460,-0.169749,-0.575374,0.037815,-1.170667
-0.171564,0.268765,-0.123923,0.286978,-0.608966,1.031821
-0.155362,0.163924,-0.135542,0.228059,-0.138671,2.906948
-0.114138,0.051136,-0.149092,-0.767800,-0.596079,6.403837
-0.132106,-0.011775,-0.129191,0.161189,-0.451901,8.825877
-0.146896,-0.086329,-0.108180,-0.156452,-1.232741,7.191998
-0.128856,-0.169102,-0.143955,-1.430777,0.036302,6.623061
-0.158552,-0.241638,-0.136225,-1.029522,0.428574,8.116571
-0.190346,-0.289341,-0.123778,-0.671890,0.170449,10.102368
-0.144238,-0.330730,-0.123263,-2.137368,-0.364657,9.509676
-0.123260,-0.369423,-0.141119,-1.518090,-0.793472,10.035710
-0.194393,-0.435558,-0.106066,-0.859672,-2.290907,12.694532
-0.189036,-0.507085,-0.155283,-1.061706,-0.885189,11.777458
-0.153747,-0.522207,-0.145833,-0.987697,-1.123780,9.789118
-0.170947,-0.489334,-0.133586,0.570788,-0.993841,12.012451
-0.184644,-0.524587,-0.088695,-0.325547,-3.273577,14.169024
-0.136990,-0.522460,-0.132713,-0.675343,0.419770,13.606585
-0.141425,-0.480826,-0.106933,0.460814,-0.627840,11.427951
-0.127304,-0.444729,-0.100427,0.722929,0.013056,12.390362
-0.065252,-0.411215,-0.118766,-0.305856,1.456249,11.513771
-0.061953,-0.334531,-0.103089,0.375513,1.464495,8.446081
-0.072431,-0.235197,-0.073938,-0.126825,0.548458,5.327940
-0.004439,-0.177955,-0.098408,-1.402463,1.200101,3.932891
0.051294,-0.092845,-0.103762,-0.950258,0.818521,3.770696
0.021850,0.028839,-0.074886,-0.356327,1.060265,0.981277
0.038098,0.128546,-0.082048,-1.454936,0.039053,-2.745125
0.099949,0.190752,-0.093865,-0.334262,0.107810,-3.974828
0.096831,0.264830,-0.091587,-0.300883,-1.930709,-4.243129
0.104988,0.314329,-0.118172,-0.320000,-0.649616,-6.903661
0.132754,0.370081,-0.114896,-0.020281,-1.059944,-7.143178
0.122404,0.443670,-0.094594,1.332691,-0.912756,-4.176376
0.150220,0.483736,-0.083683,0.111768,-0.014586,-4.547485
0.225864,0.507274,-0.098641,0.518564,0.395463,-8.000446
0.231309,0.560518,-0.070573,0.841910,-1.533957,-8.774895
0.179936,0.593678,-0.103841,0.877344,1.354332,-7.028836
0.190082,0.589010,-0.089854,0.396421,1.450110,-6.477278
0.240382,0.638644,-0.073793,0.672254,1.690808,-6.688716
0.217247,0.680390,-0.068505,-0.052357,2.713042,-5.718274
0.194227,0.614203,-0.060706,-0.150321,2.379539,-5.671761
0.205437,0.591337,-0.074384,-1.052680,-0.155944,-5.682425
0.162503,0.625639,-0.092598,-1.574883,2.128833,-6.000944
0.177661,0.604159,-0.047619,-1.624179,1.275889,-4.754461
0.221245,0.582389,-0.046949,-2.380767,0.665385,-3.026856
0.172957,0.568190,-0.077259,-3.183885,0.552469,-3.328224
0.136194,0.544838,-0.051939,-2.557655,-2.229985,-4.447913
0.174060,0.544188,-0.065869,-3.089324,-1.009036,-2.723635
0.138679,0.504858,-0.068479,-3.491882,-0.363958,-1.654538
0.116486,0.466723,-0.041307,-2.799987,-0.556263,-2.583593
0.138652,0.438904,-0.066667,-2.895368,-0.311676,-2.626513
0.163668,0.387603,-0.088669,-2.501640,0.639995,-0.665019
0.179502,0.331086,-0.071354,-1.273568,1.059586,2.799724
0.168385,0.310154,-0.095910,-1.663525,1.122110,2.862038
0.184452,0.284364,-0.086798,-0.605162,1.690539,0.835996
0.192255,0.277224,-0.066161,-0.520823,1.504455,0.809464
0.208352,0.238895,-0.095405,-1.083124,3.529676,0.024027
0.186763,0.191969,-0.077703,-0.092271,1.968920,-1.627240
0.144564,0.182848,-0.089844,0.043770,1.313867,-2.193721
0.118617,0.146783,-0.096573,-0.227665,0.658515,-1.612794
0.115564,0.108897,-0.085879,0.942967,0.594340,-0.547009
0.095219,0.094228,-0.070389,-0.116381,-3.951561,-2.682012
0.107712,0.060202,-0.113970,0.181090,-1.195810,-5.048985
0.103383,-0.002870,-0.110415,0.598456,-1.053766,-4.034875
0.077058,-0.037654,-0.111446,1.152787,-0.898549,-2.264600
0.096450,-0.077545,-0.139045,0.644105,-0.511793,-2.815655
0.109094,-0.103663,-0.128895,1.460815,-0.828525,-3.629210
0.092698,-0.164215,-0.103614,1.116349,-0.567322,-1.983152
0.063462,-0.228869,-0.141576,0.275290,2.185095,-0.478508
0.044713,-0.272972,-0.127258,1.104017,0.740661,-1.772291
0.063248,-0.304375,-0.136695,1.142924,0.591707,-2.596258
0.060347,-0.368090,-0.142209,1.021858,1.074387,-1.715937
0.024811,-0.444676,-0.110163,1.850647,0.855061,-0.088438
-0.004297,-0.494172,-0.116281,1.577791,-0.892529,-0.162082
-0.007820,-0.543931,-0.167549,1.980513,1.143758,0.315415
0.014928,-0.631204,-0.138241,2.879846,0.286352,2.248615
0.021818,-0.701836,-0.158848,2.848242,-0.263374,4.917019
-0.012835,-0.754063,-0.185767,2.495781,-0.341404,4.387181
-0.037975,-0.775008,-0.167467,3.338540,-0.340676,4.525142
-0.012119,-0.778188,-0.138769,1.993029,-1.208096,8.107120
0.025671,-0.800056,-0.188721,1.308323,0.855576,9.018526
0.020836,-0.812214,-0.164605,1.653698,-0.204674,6.273459
-0.021970,-0.815687,-0.171311,1.280268,-0.971252,6.815070
-0.069647,-0.834811,-0.180069,0.152708,-0.654706,9.672302
-0.072283,-0.812897,-0.162140,0.807268,-0.072645,10.699357
-0.039111,-0.768804,-0.138267,-0.423987,-2.374195,10.047192
-0.026231,-0.743418,-0.170451,-0.085351,-0.154046,9.332848
-0.065331,-0.727639,-0.158234,-0.002361,-0.564617,10.791684
-0.091033,-0.667426,-0.181405,-1.095850,0.357594,11.815958
-0.063664,-0.571726,-0.195440,-0.949860,0.731027,10.262343
-0.001763,-0.456857,-0.177111,-0.671345,0.091651,9.478625
-0.006077,-0.378066,-0.180033,-1.809065,0.632022,9.067429
-0.057457,-0.297728,-0.169486,-1.044923,1.603988,7.309244
-0.080985,-0.168751,-0.176405,-1.490104,-1.439186,4.381169
-0.066808,-0.044146,-0.178729,-1.121765,0.630919,1.616642
-0.043631,0.079543,-0.150822,-0.758652,-0.761668,0.724073
-0.057965,0.195771,-0.169312,-1.426835,-1.038988,-1.821400
-0.070465,0.286389,-0.161730,-0.456070,-1.052532,-4.492243
-0.058829,0.379525,-0.155743,0.033899,-1.108937,-3.657980
-0.021892,0.466312,-0.170379,-0.029803,-1.027664,-2.741372
0.014819,0.562695,-0.157650,1.082359,-0.001531,-4.320794
0.049393,0.662212,-0.159130,0.969962,0.059922,-7.791947
0.032239,0.716490,-0.183601,1.161843,0.610673,-9.908645
0.001187,0.760862,-0.155211,1.092459,0.421939,-9.705726
0.005989,0.859263,-0.156727,0.206086,-0.162584,-10.173619
0.032541,0.958416,-0.148682,-0.963099,0.652166,-12.284769
0.041115,1.009212,-0.131013,-0.668172,0.158307,-12.573726
0.011556,0.998317,-0.123788,-1.993315,0.001597,-12.559697
-0.019686,0.998613,-0.122590,-1.858643,0.408875,-13.800892
-0.024971,1.002643,-0.090603,-1.729722,-0.253738,-13.621908
0.012206,1.013147,-0.081339,-2.815884,-1.390676,-11.695188
0.031448,0.976046,-0.106660,-2.668122,1.538959,-11.067625
0.017734,0.941400,-0.060171,-2.554651,-0.346897,-11.777304
0.000557,0.915491,-0.061996,-3.092686,-0.106015,-11.914828
-0.036384,0.861869,-0.046628,-2.988511,-0.372220,-10.182488
-0.030081,0.816096,-0.027783,-1.926412,-0.221622,-7.638834
0.006912,0.769019,-0.042328,-2.200614,0.618587,-8.199405
0.001916,0.688704,-0.038914,-0.832829,1.231113,-8.680888
-0.048519,0.554108,0.015020,-0.337680,-0.237473,-5.903823
-0.067452,0.450606,-0.015054,-0.418378,0.696945,-0.710256
-0.068988,0.356147,0.018499,0.218159,0.141406,1.066923
-0.031118,0.299414,0.056848,0.516345,0.112209,2.818930
-0.033009,0.200353,0.034498,0.100034,0.375217,3.832226
-0.080535,0.101427,0.064811,0.775077,0.219393,4.565412
-0.120847,0.041187,0.079313,-0.002500,-2.638524,5.249627
-0.111581,0.010733,0.037143,-0.682066,0.971453,6.644056
-0.100112,-0.064740,0.081059,-0.591947,-0.702870,8.175233
-0.105610,-0.129621,0.067880,-1.104463,-0.302885,8.637618
-0.151082,-0.192237,0.055942,-1.971083,-0.354547,7.543237
-0.197482,-0.243174,0.073825,-1.432503,-0.886693,8.621954
-0.215033,-0.264762,0.094264,-1.978694,-3.978986,11.096520
-0.164175,-0.273041,0.049210,-2.702735,-0.473201,10.872917
-0.152742,-0.289486,0.068317,-2.345957,-0.762567,8.375264
-0.181523,-0.333221,0.075692,-1.712991,-1.310721,8.224804
-0.214646,-0.382031,0.026817,-1.717485,0.391702,9.490807
-0.229302,-0.388126,0.043547,-0.621557,-0.553512,9.616692
-0.191974,-0.359507,0.054452,0.306270,-0.387283,8.505797
-0.182609,-0.346485,0.043249,-0.330989,-0.449446,7.246253
-0.196241,-0.363843,0.039910,0.801337,0.603265,6.218455
-0.208521,-0.340833,0.044345,1.168468,-1.066610,5.983603
-0.157394,-0.289870,0.006965,0.976271,0.628093,4.725385
-0.124786,-0.244700,0.014843,1.808707,0.187912,3.906023
-0.109414,-0.228399,0.013310,2.480320,0.661108,3.823548
-0.114325,-0.205521,0.004132,1.773966,0.642053,1.396155
-0.108144,-0.184320,0.013139,2.237905,-1.200812,-1.044109
-0.058973,-0.129591,0.009203,1.883744,-0.649813,0.017219
-0.032376,-0.067022,-0.048180,0.940381,0.604719,0.398700
-0.028906,-0.004905,-0.020010,1.127073,-0.508366,-1.145632
-0.021402,0.058762,-0.026933,0.406229,-1.065740,-3.130415
-0.012619,0.076618,-0.078484,-0.401280,-1.239030,-4.431964
-0.003930,0.076057,-0.070058,-0.101019,-0.944897,-4.272346
0.031405,0.114264,-0.097046,-0.388610,-0.731043,-2.832947
0.038955,0.136053,-0.148360,-1.010238,1.079491,-2.558273
0.033953,0.153998,-0.129092,-0.803277,-1.522541,-0.616497
0.048796,0.186488,-0.188094,-1.580335,0.131289,0.992948
0.051862,0.229205,-0.211396,-2.142938,0.901189,-0.575398
0.058541,0.284331,-0.220400,-1.250578,0.938556,-1.566426
0.068599,0.321245,-0.258394,-2.188032,1.488118,-0.738454
0.065687,0.342223,-0.293894,-2.112943,1.609457,0.373248
0.099198,0.371401,-0.291356,-1.705806,0.300683,-0.190806
0.121016,0.420043,-0.334465,-1.937950,1.218072,-0.363659
0.126645,0.422571,-0.370483,-1.785701,1.319667,-1.026026
0.109961,0.434749,-0.393775,-0.736890,0.575357,-1.448853
0.130499,0.472316,-0.423038,-1.242736,0.435752,-3.111786
0.132836,0.498054,-0.431556,-0.584476,-0.061291,-4.709891
0.110069,0.502639,-0.434701,0.035813,-1.572680,-3.666696
0.122943,0.515474,-0.464968,-0.939081,-1.513642,-1.557388
0.130194,0.525341,-0.487331,-0.586308,-0.131289,-0.923910
0.130594,0.539586,-0.481977,0.002621,-1.269035,-1.286718
0.189107,0.504517,-0.529576,-1.083630,0.426285,-1.995303
0.196437,0.505931,-0.537113,-0.874979,0.640435,-2.653580
0.162529,0.535943,-0.525178,-0.531120,1.633747,-2.685079
0.205043,0.533281,-0.570882,-1.804500,1.849130,-2.956316
0.235740,0.513708,-0.542834,-1.487639,1.117330,-2.806334
0.207777,0.549887,-0.537355,-2.413129,2.001737,-2.274902
0.212258,0.532739,-0.561206,-2.788174,4.033724,-5.527930
0.263805,0.485331,-0.530475,-2.636608,1.294710,-7.557246
0.223211,0.461172,-0.549497,-2.560146,1.827945,-7.365825
0.193899,0.421438,-0.524587,-1.881870,1.848316,-7.865314
0.300017,0.357414,-0.525010,-1.193789,0.640202,-9.795483
0.285180,0.328877,-0.535334,-0.702877,1.185119,-9.196307
0.198383,0.254221,-0.492488,0.319520,0.470644,-7.717070
0.272418,0.161840,-0.485030,0.784573,-0.803188,-6.864116
0.318031,0.144102,-0.496404,0.998017,-1.031639,-6.896886
0.238747,0.081814,-0.460271,2.101474,0.210278,-5.839889
0.265877,-0.066949,-0.427738,2.985858,-0.125056,-4.593506
0.270712,-0.145370,-0.436956,2.536860,-0.501627,-3.406998
0.171424,-0.183545,-0.405031,3.343250,2.006304,-2.601066
0.229583,-0.306013,-0.349459,3.286930,0.826648,-0.276624
0.297427,-0.397957,-0.358302,1.761831,0.972283,1.924563
0.192619,-0.419067,-0.315157,2.714312,2.114818,2.058645
0.224892,-0.519368,-0.277639,1.962053,2.518151,1.345537
0.323214,-0.599325,-0.297770,0.655354,1.409281,2.747276
0.231188,-0.626166,-0.257193,1.957011,2.980174,5.379754
0.205306,-0.713285,-0.218109,0.656834,0.863615,6.520911
0.263527,-0.806752,-0.225678,-0.525270,0.722132,5.291178
0.201098,-0.795819,-0.182074,0.852070,0.017760,8.311329
0.152551,-0.845469,-0.156737,-0.074335,0.405255,11.303472
0.238334,-0.929978,-0.118861,-0.809060,-1.620173,10.790443
0.230604,-0.891925,-0.109391,-0.300571,-1.512086,11.100373
0.139959,-0.900489,-0.055320,0.398057,-0.155762,12.620252
0.211654,-0.989581,-0.016833,-0.160374,-1.613539,14.696529
0.238442,-0.911863,-0.028154,-0.281953,-0.196281,15.346970
0.156660,-0.858031,0.036136,2.006937,1.437904,14.517419
0.206104,-0.889972,0.043436,0.115954,-0.511395,14.647698
0.231936,-0.843201,0.049581,0.981415,1.190198,13.820913
0.123117,-0.706874,0.095551,1.786623,1.287975,12.399580
0.182578,-0.651289,0.082924,0.270029,2.761032,8.612221
0.253518,-0.540747,0.110322,0.155419,1.334300,8.261735
0.157287,-0.410381,0.120209,1.438816,3.041470,9.307779
0.161338,-0.350631,0.137090,0.053522,3.215810,5.429225
0.223569,-0.261093,0.147591,0.392621,0.743373,1.011608
0.175449,-0.084527,0.158702,0.399327,0.676444,2.464209
0.166521,-0.008611,0.156427,-0.216121,1.635004,2.674011
0.234451,0.097675,0.163038,-0.722726,-0.923903,-0.941067
0.201872,0.275294,0.166685,-0.223972,-0.667600,-3.545957
0.147512,0.352504,0.169793,-1.030609,0.118980,-3.609209
0.235304,0.410925,0.185936,-1.041723,-1.057196,-4.968623
0.282354,0.593550,0.189833,-2.113367,-0.454058,-6.823363
0.213955,0.701883,0.169248,-1.071232,1.606476,-10.225683
0.239610,0.720941,0.198085,-1.333768,0.350123,-10.531868
0.257240,0.807936,0.156240,-2.066526,0.152034,-9.847369
0.193115,0.918990,0.166320,-1.506369,2.153425,-12.140421
0.219853,0.950728,0.176965,-0.883004,1.713441,-14.024494
0.285213,0.979463,0.150775,-1.907223,1.278176,-12.447656
0.230830,1.025765,0.147328,-0.499254,2.782173,-11.800994
0.213817,1.045919,0.155426,-0.960526,2.291156,-12.950895
0.284658,1.015287,0.110427,-1.206456,1.771783,-11.632581
0.247291,1.008650,0.128047,-0.254053,1.307442,-8.197661
0.207849,1.010088,0.107893,-0.877460,1.371768,-8.731422
0.238051,0.954851,0.082766,-1.057840,0.871607,-11.126357
0.187600,0.937438,0.081571,-0.815199,-0.887284,-8.686557
0.107450,0.908949,0.044962,-0.610746,1.546191,-5.429821
0.145690,0.831641,0.018824,-1.775988,-0.376530,-5.080299
0.194365,0.804341,0.025563,-1.365739,-1.371001,-5.992366
0.124078,0.767381,0.018955,-1.829557,-1.280149,-3.680374
0.081042,0.633773,-0.024225,-2.415610,1.384383,-2.402691
0.133125,0.564388,-0.018760,-2.689152,-0.072639,-1.511658
0.111425,0.544326,-0.036482,-2.572796,1.092243,0.479460
0.085362,0.447333,-0.050501,-2.689142,2.994301,2.649615
0.110873,0.324895,-0.070215,-2.643103,1.494017,3.535068
0.048041,0.288286,-0.091732,-2.709605,0.934538,4.465160
-0.025102,0.239768,-0.116041,-2.825413,2.470867,3.819329
0.026879,0.136884,-0.106519,-2.252627,-0.292408,4.856655
0.005057,0.091330,-0.169765,-2.239150,-0.108821,7.540213
-0.097791,0.047043,-0.169883,-1.157448,0.855047,6.199532
-0.049805,-0.028391,-0.171577,-0.597185,-0.200923,6.004816
-0.005532,-0.089743,-0.220709,-1.515063,-0.563268,7.789654
-0.060309,-0.098920,-0.216271,0.616164,0.456504,7.792853
-0.045623,-0.144901,-0.218841,-0.344740,-2.361575,5.960958
-0.000756,-0.189142,-0.272453,-0.179242,-0.789943,4.842954
-0.062347,-0.199373,-0.275509,0.997797,-0.383915,6.349031
-0.075303,-0.220833,-0.302829,0.371285,0.261314,5.782075
-0.002522,-0.239261,-0.327910,-0.096141,-0.760923,3.223600
-0.058694,-0.221585,-0.317281,1.491358,-0.150199,2.361328
-0.133803,-0.255811,-0.330667,1.180685,1.350111,3.212785
-0.068184,-0.313940,-0.351005,0.821550,-0.121560,2.525769
-0.049631,-0.274268,-0.348855,1.167076,-0.097185,1.674265
-0.110120,-0.255224,-0.370424,1.313338,2.455495,2.413902
-0.077972,-0.310241,-0.357662,0.594474,-0.180680,3.097724
-0.073176,-0.278821,-0.365704,0.523744,-0.720519,3.750053
-0.145492,-0.253234,-0.358111,0.717552,0.906270,2.138872
-0.084386,-0.298227,-0.355128,0.965098,0.334870,0.727340
-0.041218,-0.315404,-0.341666,0.884888,-1.327961,1.244850
-0.115185,-0.278306,-0.350890,0.867954,-0.465727,2.466405
-0.112211,-0.287989,-0.349344,1.193125,-0.102548,2.384479
-0.022210,-0.255841,-0.348317,0.430424,-1.785841,3.021904
-0.073541,-0.208301,-0.364456,0.154814,-0.572705,3.441962
-0.096892,-0.203499,-0.331448,0.647866,-0.104563,1.792871
-0.023959,-0.193363,-0.344778,-0.241330,-1.427199,1.089744
-0.069523,-0.153514,-0.347844,-0.180034,-0.193120,2.292284
-0.122954,-0.159649,-0.316362,0.968537,0.447782,3.407603
-0.006539,-0.151492,-0.295889,-0.564253,-2.297012,4.342333
0.000094,-0.087622,-0.313470,-0.382813,-0.158651,4.585767
-0.058950,-0.050780,-0.260337,0.407172,0.791263,5.632138
0.013135,-0.050347,-0.294258,-1.539380,1.299086,5.741881
0.033444,0.031455,-0.277337,-1.232068,0.211949,5.044710
-0.039216,0.141932,-0.216645,-1.183994,-0.489072,4.357427
0.008789,0.180409,-0.237524,-2.782272,1.088320,3.423708
0.031235,0.224275,-0.230897,-2.462720,-0.329158,3.039154
-0.078228,0.310905,-0.181477,-1.672247,0.470378,0.769633
-0.048364,0.342844,-0.174554,-2.208052,1.329845,-2.634190
0.027325,0.370715,-0.162245,-1.807539,-0.703195,-3.657729
-0.068135,0.434919,-0.131246,-1.407131,-0.624774,-2.624186
-0.071496,0.471699,-0.121438,-1.560279,1.026715,-2.866040
0.009032,0.504445,-0.088144,-1.490150,-2.619460,-2.189591
-0.059876,0.581953,-0.061740,-1.367131,-3.531767,-0.007776
-0.066694,0.584579,-0.037916,-0.357158,0.783776,-1.936258
0.041991,0.611377,-0.059065,-1.240984,-0.196928,-5.566801
0.011035,0.687408,-0.029444,-0.998195,0.767938,-7.264670
-0.071368,0.703948,0.024982,0.026704,1.602613,-7.176936
0.029672,0.710802,0.019326,-1.683029,0.143572,-6.406470
0.031228,0.778761,-0.000523,-1.578727,2.137243,-8.812114
-0.068732,0.801614,0.090109,-0.906388,0.509344,-10.153216
0.014675,0.770650,0.051950,-1.980612,0.629114,-10.353482
0.042799,0.769114,0.044033,-2.638222,-0.273731,-12.907091
-0.034286,0.758978,0.109984,0.063930,1.236220,-15.387838
0.058174,0.681700,0.113857,-0.721528,0.426794,-14.567734
0.132353,0.607976,0.083718,-0.579585,0.131368,-12.528110
0.054100,0.547878,0.146468,0.849890,0.607134,-11.111427
0.120412,0.475986,0.120550,0.057503,1.215131,-11.136991
0.223031,0.386628,0.134143,0.665483,0.054073,-8.635764
0.183862,0.313416,0.174901,1.819979,0.683504,-4.694950
0.187459,0.192357,0.169074,0.882318,1.369783,-4.330374
0.270229,0.079313,0.176696,1.285923,0.109908,-4.434506
0.220110,0.007992,0.217658,2.248984,-1.312451,0.220852
0.211368,-0.116869,0.197573,1.170319,1.316197,3.388006
0.317375,-0.243742,0.197205,1.426024,0.717070,2.300009
0.292028,-0.284641,0.192193,0.898753,-0.793839,2.358073
0.210423,-0.420150,0.188566,0.630962,1.694984,3.717829
0.275284,-0.532521,0.188421,-0.160919,0.099565,5.107620
0.317552,-0.560973,0.179552,-0.651995,0.137221,6.239275
0.279049,-0.611611,0.177806,-0.225692,2.968229,7.564189
0.309816,-0.736488,0.177497,0.016940,1.525250,10.121533
0.317835,-0.791217,0.133345,-1.120386,1.757390,11.810407
0.248168,-0.816705,0.171041,-0.442917,1.311258,12.252823
0.273692,-0.849047,0.170798,-0.244280,1.321407,11.880510
0.310626,-0.865498,0.143685,-0.889706,0.674586,13.795503
0.225726,-0.881283,0.170936,0.863277,1.330197,13.848700
0.192885,-0.898674,0.181892,0.636690,0.137222,13.147130
0.265526,-0.874216,0.125264,-0.120818,0.372021,14.191768
0.243317,-0.831673,0.131008,1.452090,0.870338,16.265004
0.221206,-0.809342,0.139076,1.775509,0.915678,14.730145
0.291687,-0.763014,0.098932,1.148458,0.466617,10.854652
0.259578,-0.684938,0.083669,2.372161,1.954238,9.226055
0.219722,-0.614579,0.112561,2.178129,0.661853,9.829783
0.298468,-0.541436,0.047106,0.497938,1.740902,6.715176
0.319751,-0.403088,0.056654,1.246130,1.262690,3.925449
0.292645,-0.293756,0.047946,1.532917,2.425570,4.249657
0.312464,-0.243308,0.010483,0.052038,1.720971,3.449250
0.344005,-0.136764,0.021329,0.440298,-0.218247,0.754105
0.301800,0.030372,0.005428,-0.214040,0.897821,-1.251810
0.331860,0.085064,-0.008781,-0.134976,1.073126,-2.755938
0.400752,0.190345,-0.032425,-0.917492,-1.280786,-2.949684
0.344304,0.304449,-0.077368,-1.343967,0.712373,-5.171192
0.361189,0.370245,-0.066230,-0.505684,0.643294,-6.351259
0.445892,0.458133,-0.124618,-1.439056,-0.052793,-5.013881
0.405058,0.534912,-0.118477,-1.018730,1.412353,-5.225065
0.384527,0.588383,-0.116865,-0.287908,1.097688,-8.838155
0.488376,0.678765,-0.160515,-1.606516,0.657832,-10.561634
0.428964,0.730621,-0.185659,-0.642326,1.919368,-9.566319
0.358953,0.753089,-0.152998,-0.735833,0.924405,-8.349924
0.453868,0.797931,-0.217751,-1.430718,1.610415,-9.975944
0.426555,0.845756,-0.196960,-0.767039,1.341278,-9.768000
0.337713,0.879782,-0.202905,-0.524165,2.294436,-6.811658
0.380926,0.857592,-0.249072,-1.526346,2.069588,-8.219383
0.419101,0.888661,-0.243505,-0.678013,1.910285,-8.537365
0.341881,0.912229,-0.255621,-0.951873,2.262261,-6.962886
0.382574,0.868510,-0.274130,-0.772084,2.816530,-4.762184
0.414942,0.855784,-0.246810,-2.204465,-2.321762,-3.500653
0.350934,0.851152,-0.259825,-2.025641,1.907433,-4.359567
0.375966,0.808057,-0.226761,-1.579281,2.319408,-4.661993
0.440430,0.775978,-0.284716,-2.713091,0.113541,-1.412742
0.309930,0.736890,-0.273825,-2.990950,1.516196,-0.705139
0.269897,0.726551,-0.247789,-2.546554,1.443834,-2.134067
0.364789,0.723590,-0.279648,-4.309236,-0.085946,-1.454961
0.308627,0.690362,-0.273933,-3.500703,0.586984,0.714129
0.268998,0.642021,-0.245415,-2.868495,1.802260,-1.153047
0.353767,0.629601,-0.265970,-3.917182,0.180010,-3.875765
0.304796,0.588399,-0.261709,-2.617835,1.218512,-1.792832
0.239794,0.493911,-0.244057,-1.669719,2.456342,1.111952
0.340516,0.409615,-0.257610,-1.946488,1.710500,-1.181071
0.351893,0.384173,-0.235125,-0.323443,1.350879,-1.495492
0.258343,0.307183,-0.214190,0.477366,2.529133,2.264656
0.303070,0.213059,-0.213123,0.656574,2.577215,3.807627
0.332077,0.177848,-0.183702,1.279739,1.187260,1.205915
0.251434,0.154182,-0.163975,0.940079,0.675912,0.488441
0.279528,0.071120,-0.176465,0.910264,2.250084,0.878784
0.309431,0.006978,-0.149526,1.104824,-0.753712,1.270082
0.223326,-0.024435,-0.148705,0.644370,0.992861,-0.081812
0.214986,-0.066624,-0.124188,0.688674,0.603465,-1.226496
0.298727,-0.112602,-0.131019,0.868187,0.379921,1.724934
0.252186,-0.169135,-0.113790,0.582191,2.520274,2.080245
0.202890,-0.224050,-0.074243,0.297305,1.910089,-1.910814
0.295382,-0.259261,-0.064241,-0.832251,0.344271,-0.855471
0.264176,-0.328383,-0.060315,-0.181547,2.451396,2.658757
0.205621,-0.394297,0.000140,0.573139,1.758322,3.569686
0.283451,-0.420842,-0.017316,-0.217259,1.026292,2.024644
0.246327,-0.450273,0.029597,0.088149,0.648477,3.641199
0.136201,-0.506747,0.064798,0.761491,0.894496,5.729235
0.183058,-0.549337,0.067690,-0.139272,-0.881067,3.567685
0.198912,-0.544915,0.095873,0.844055,-1.963411,3.661222
0.126275,-0.520310,0.128956,0.795238,-1.534377,6.268540
0.138347,-0.545414,0.088166,0.836416,0.394193,8.398187
0.148582,-0.569589,0.115147,0.988508,-1.316544,7.744953
0.083957,-0.531411,0.124696,1.791763,-0.049691,7.634664
0.085024,-0.521945,0.126994,1.302651,0.636933,7.553933
0.165451,-0.521984,0.104913,1.913447,5.495224,7.997194
0.064647,-0.485818,0.144630,1.442476,0.511255,8.140116
0.007207,-0.434563,0.161512,0.572804,0.833554,7.219984
0.048021,-0.395929,0.184111,0.590660,0.097934,8.747350
0.008724,-0.331078,0.194067,-0.158753,-0.587393,9.645062
-0.042840,-0.258979,0.209980,-1.263408,1.169814,6.383675
-0.007642,-0.178769,0.213679,-1.355563,-0.037086,4.656291
-0.053728,-0.105679,0.237556,-1.483952,-1.794139,6.344031
-0.123782,-0.017152,0.227095,-1.547146,1.334599,6.355034
-0.070363,0.057074,0.230663,-1.751149,0.356130,3.097319
-0.048788,0.157704,0.185851,-2.464814,-0.995890,1.657519
-0.157650,0.230085,0.204029,-2.262593,0.232753,0.626128
-0.161947,0.277700,0.236844,-1.729643,-0.486003,-0.654654
-0.113957,0.356712,0.195459,-2.124652,-0.617267,-3.649709
-0.144576,0.442843,0.237924,-0.729061,-0.385215,-4.258416
-0.160722,0.510639,0.232212,-0.450277,0.249234,-3.251844
-0.142380,0.562042,0.214825,-1.658976,-0.801304,-5.257158
-0.176238,0.639812,0.227617,-0.023646,0.898878,-7.654814
-0.174075,0.728740,0.233466,-0.367934,-0.158547,-8.982029
-0.107133,0.780311,0.213292,-0.284301,-0.117664,-10.551937
-0.113623,0.828868,0.234592,-0.480518,-0.606068,-10.748638
-0.176337,0.855492,0.189967,-0.340965,1.918544,-12.720640
-0.148650,0.868562,0.228792,-0.664335,0.202167,-12.058942
-0.127091,0.892764,0.211782,-0.813026,-0.443597,-9.659962
-0.146467,0.893017,0.196791,-1.453292,0.244363,-11.082532
-0.123033,0.887256,0.209156,-0.431357,-0.794697,-13.718825
-0.120962,0.876949,0.180967,-1.167276,-0.626265,-11.922094
-0.187304,0.807411,0.197211,-0.541778,-0.181396,-11.198100
-0.155776,0.778187,0.204131,-1.125583,-2.820827,-12.869336
-0.053413,0.779352,0.163356,-2.061380,-0.964520,-13.097920
-0.083313,0.722422,0.194714,-0.974377,-0.236515,-10.961991
-0.114286,0.646207,0.179014,-1.600624,-0.172221,-7.958839
-0.077378,0.558178,0.147125,-2.128420,-0.162781,-8.971528
-0.042965,0.486004,0.161892,-0.539566,-0.247826,-7.343368
-0.025387,0.385525,0.161873,-0.486305,0.573280,-3.089468
0.030332,0.262512,0.127515,-0.354265,0.602959,-1.047132
0.019126,0.153801,0.139962,0.868699,0.325200,-0.655188
-0.024846,0.068418,0.118853,0.006189,0.115166,2.496725
0.029177,-0.041419,0.106495,0.124852,1.281065,6.259423
0.099250,-0.120466,0.122907,0.526928,-1.415290,7.572477
0.070739,-0.192752,0.103810,0.618452,0.678344,6.253071
0.093168,-0.278348,0.090450,0.349506,0.805736,5.160546
0.133542,-0.346919,0.069272,0.202853,-0.289611,7.072204
0.114553,-0.413496,0.069410,-0.601377,0.698085,8.629777
0.169954,-0.446422,0.060022,-0.462635,1.212538,7.996764
0.254155,-0.476624,0.041440,-0.493161,-0.972315,9.387618
0.201662,-0.532931,0.019924,-1.034770,0.515046,11.614138
0.158873,-0.605138,0.034370,-0.008956,0.884439,10.041660
0.253312,-0.597533,-0.024330,0.246113,0.745608,7.695259
0.278645,-0.597766,-0.030009,-0.552124,0.813420,9.044411
0.243084,-0.647826,-0.009904,1.076793,1.349715,11.296187
0.319381,-0.650722,-0.033399,0.245249,-0.072234,11.059423
0.339144,-0.622351,-0.049090,0.066668,2.015222,9.283679
0.297073,-0.603799,-0.015225,1.142038,0.692508,10.124045
0.370386,-0.560783,-0.051164,0.421405,0.815764,9.921172
0.368716,-0.521108,-0.047091,0.912920,0.711379,7.024087
0.274857,-0.474307,-0.054949,1.042714,1.231087,4.656954
0.317844,-0.411097,-0.085498,0.665149,1.446753,4.642954
0.387557,-0.346187,-0.082784,0.933727,0.809993,4.918988
0.318868,-0.277951,-0.063627,0.663547,0.420837,3.236063
0.295816,-0.204628,-0.088328,1.029893,1.736041,-0.157399
0.336928,-0.131472,-0.109821,0.505819,0.026087,0.149017
0.290134,-0.055074,-0.100302,-0.294318,1.204365,1.261532
0.281764,0.036822,-0.082758,-0.192901,1.808287,-2.965844
0.387245,0.171346,-0.092014,-0.155310,-0.208272,-4.947629
0.310564,0.227144,-0.093603,-0.620008,0.389542,-2.152218
0.234122,0.262946,-0.118976,-0.931055,2.395253,-3.090154
0.358435,0.352635,-0.095234,-0.264941,0.015843,-5.454627
0.361228,0.425302,-0.136616,-0.985803,1.735417,-4.228267
0.282965,0.459432,-0.092004,-0.193439,2.242114,-3.733815
0.352700,0.549388,-0.125465,-0.479290,0.918073,-3.726348
0.349437,0.589870,-0.112480,-1.453804,1.230594,-5.021165
0.280979,0.616704,-0.079787,0.017336,2.580247,-4.620250
0.343073,0.656710,-0.105009,-0.866185,0.648969,-4.325168
0.360030,0.677836,-0.080883,-0.521201,0.305206,-5.014125
0.269330,0.692689,-0.052493,-0.987005,0.203483,-4.249299
0.300112,0.733493,-0.083132,-0.677281,1.664473,-4.129783
0.374696,0.758154,-0.061924,-1.034988,0.250343,-2.176839
0.310577,0.749026,-0.061809,-1.683834,1.897776,-2.476182
0.325912,0.792902,-0.086667,-2.118826,2.030331,-5.163111
0.392680,0.801991,-0.041146,-1.923701,0.781025,-3.834513
0.295044,0.771455,-0.029943,-3.173886,2.362753,-0.330853
0.279564,0.762953,0.026420,-2.809772,2.646277,-2.452195
0.419055,0.808897,-0.011709,-3.177477,1.536842,-2.531001
0.363227,0.785897,-0.010445,-4.127865,3.309169,-0.773893
0.273239,0.746252,0.048563,-3.463988,1.571515,-0.290814
0.358914,0.784358,0.007670,-4.031308,1.688777,-0.287091
0.359301,0.783826,0.036214,-4.535730,1.967429,-0.694113
0.352703,0.797376,0.081653,-4.140065,3.041272,-0.008025
0.476950,0.832521,0.067923,-5.013440,2.021425,-0.367574
0.482514,0.847811,0.094399,-4.489724,0.608982,-2.494617
0.372290,0.874379,0.122661,-4.579462,1.376797,-4.962502
0.403601,0.912793,0.067145,-3.901229,1.947804,-6.456044
0.413297,0.897691,0.125536,-2.846138,-0.021817,-7.885532
0.343742,0.867410,0.115141,-2.781028,0.297210,-10.354820
0.337273,0.820530,0.122257,-1.631351,-0.226106,-13.360827
0.338835,0.751865,0.167725,0.690383,-1.137675,-10.894353
0.275497,0.653828,0.160238,1.504136,0.094930,-7.664305
0.311811,0.576061,0.142349,2.375964,1.982913,-8.636598
0.420197,0.506394,0.189639,3.902498,-0.273307,-7.206000
0.351473,0.383588,0.190857,3.301556,3.009659,-4.035279
0.314660,0.265627,0.236909,4.646666,3.785457,-2.753808
0.405410,0.228109,0.193105,3.654632,3.698699,-1.539398
0.423519,0.172820,0.189412,2.519555,3.725864,0.089710
0.401632,0.073854,0.262969,2.387187,4.374212,0.986755
0.454840,-0.061087,0.250403,0.948006,3.074655,-0.582497
0.436521,-0.196665,0.275327,0.816452,1.203360,-2.031872
0.391748,-0.284785,0.271854,-0.264136,1.853834,-0.542512
0.447954,-0.369955,0.225696,-1.659671,2.677205,1.968842
0.475034,-0.467785,0.272169,-1.827288,-0.691030,4.056692
0.439367,-0.566990,0.257441,-1.602379,-0.833934,4.720415
0.439885,-0.682844,0.233259,-2.521740,-0.834476,5.089582
0.479002,-0.790462,0.247735,-1.404454,-1.319620,7.532310
0.458720,-0.863775,0.297641,-1.257286,-4.277074,9.493007
0.495290,-0.888636,0.261767,-0.272982,0.646209,9.472381
0.540476,-0.955099,0.285056,0.963601,0.680583,11.260754
0.487868,-1.029276,0.268125,0.329182,1.533748,14.730377
0.428023,-1.069338,0.280963,0.841419,3.186045,15.249313
0.493343,-1.029417,0.299656,1.882865,2.858977,15.552690
0.532811,-0.994961,0.279719,1.716576,3.661943,17.357884
0.454584,-0.995752,0.276518,2.731260,4.346138,17.327464
0.441468,-0.979704,0.300808,2.661242,3.252508,15.127973
0.458937,-0.911364,0.264071,1.748964,2.060701,13.697913
0.396909,-0.834883,0.302834,2.957252,1.996161,15.189897
0.406963,-0.719423,0.231910,1.360313,1.412836,14.890725
0.394089,-0.596121,0.213811,0.824951,-0.327043,9.882322
0.284672,-0.448471,0.230282,-0.369679,-2.145311,7.595659
0.209498,-0.297853,0.203927,-2.005420,-1.416285,6.518599
0.208030,-0.165213,0.220090,-1.811274,-3.314850,4.956291
0.128146,0.002832,0.199020,-3.940411,-2.696823,0.353714
0.047916,0.154386,0.240733,-2.350782,-1.851723,-4.115426
0.039270,0.285709,0.194054,-3.060688,-1.554971,-4.008512
-0.046513,0.371066,0.191786,-3.393524,-0.247087,-4.400336
-0.083145,0.504569,0.176020,-2.489613,1.092686,-7.241545
-0.057985,0.632867,0.185844,-1.550425,1.754793,-9.218303
-0.081839,0.708855,0.152111,-0.854339,2.901217,-8.510919
-0.162170,0.749879,0.136762,1.069695,3.536054,-9.700411
-0.169362,0.826304,0.105087,0.329535,3.130450,-14.466756
-0.143634,0.892468,0.135649,2.205389,3.218668,-15.990320
-0.177949,0.924292,0.138787,2.459210,2.107117,-13.262844
-0.211899,0.952324,0.090923,2.459059,2.323091,-13.714951
-0.204100,0.981291,0.119063,2.863724,-2.320787,-15.447780
-0.233704,1.020487,0.073066,1.882193,-1.432428,-15.688410
-0.267595,1.008247,0.094875,1.863264,-2.119476,-16.810492
-0.202209,0.996801,0.078112,1.178147,-3.959660,-17.521753
-0.246831,0.958212,0.062723,-0.610480,-3.756437,-17.952382
-0.299760,0.910351,0.093569,-0.830321,-3.447603,-16.433667
-0.202508,0.879293,0.059267,-2.047603,-3.057232,-13.711359
-0.141825,0.793618,0.050372,-3.454574,-1.600528,-12.862449
-0.138510,0.716480,0.067923,-3.088796,-0.392549,-13.905926
-0.102479,0.641775,0.046196,-3.508928,-0.678859,-11.493375
-0.100496,0.506316,0.022911,-3.981744,2.119078,-7.465138
-0.104215,0.387531,0.036950,-3.235905,2.063933,-3.471702
-0.039718,0.333091,0.007654,-3.402751,2.698061,-1.849296
-0.021704,0.189829,0.028202,-2.692113,1.822582,0.862978
-0.083824,0.036726,0.036375,-1.791599,1.184050,5.352253
-0.091509,-0.051945,-0.001235,-1.499534,1.066151,6.034863
-0.037988,-0.110422,0.034980,-0.042460,-0.556066,7.607078
-0.022292,-0.178900,0.029167,0.037169,-0.298529,9.396970
-0.024770,-0.254406,0.030349,0.668976,0.092524,9.023721
-0.037309,-0.334563,0.061164,1.209281,-2.878128,7.918755
-0.056918,-0.378584,0.053867,0.356895,-3.236646,7.967732
-0.044271,-0.420373,0.068432,1.374992,-1.736713,8.483184
0.006088,-0.443048,0.058545,1.098575,-3.860835,9.230817
0.002615,-0.482496,0.024870,0.408830,-1.445945,7.607697
-0.032090,-0.522427,0.052673,1.173224,-0.791308,7.972921
-0.032901,-0.535485,0.036280,0.997177,-0.566514,10.618488
-0.044698,-0.551845,0.026265,0.575436,0.445367,11.401064
-0.051725,-0.532353,0.059989,1.330830,1.205428,9.214480
-0.013380,-0.517970,0.049091,0.502556,2.318211,8.988054
-0.036538,-0.535357,0.056779,0.309546,1.788458,8.973979
-0.065722,-0.548546,0.101420,0.510959,1.339697,9.490359
-0.052323,-0.496998,0.076332,-0.393789,2.020126,8.438429
-0.022768,-0.461092,0.086281,-0.091023,1.436630,6.921066
-0.019022,-0.445257,0.105310,0.664771,0.298829,6.415915
-0.036098,-0.412029,0.097681,-0.131056,-0.033873,3.648293
-0.044983,-0.367949,0.106340,0.495745,-1.458073,0.698880
-0.035294,-0.304437,0.113371,0.851450,-2.062833,0.538647
-0.022863,-0.266216,0.105530,0.433070,-1.459784,-0.187790
0.007821,-0.212089,0.123406,1.420431,-1.969031,-1.691761
0.022595,-0.149060,0.125444,0.798537,-1.753460,-2.952861
-0.014529,-0.118704,0.109652,1.700971,-0.918697,-3.572554
-0.045771,-0.080355,0.181324,1.354316,-5.017727,-2.293966
-0.033032,-0.039731,0.145559,1.017131,-0.973691,-1.507882
-0.028328,0.013612,0.170171,1.637669,-0.062250,-1.746404
-0.044993,0.057114,0.187669,1.405660,-0.101901,0.270234
-0.075274,0.077741,0.175298,0.228095,1.554679,1.973904
-0.084392,0.128330,0.213942,0.330658,1.297432,2.078189
-0.044567,0.230512,0.200642,-0.319134,1.681480,1.212193
-0.021110,0.294385,0.192875,-1.368283,1.921814,0.251869
-0.035412,0.335757,0.217901,-1.151435,1.879339,0.871068
-0.069802,0.393515,0.200632,-2.568332,0.897348,-0.176475
-0.100549,0.463257,0.194159,-2.610718,0.115622,-1.243794
-0.118438,0.533813,0.212258,-2.899560,-0.942879,0.563280
-0.127707,0.589237,0.196466,-4.078936,-1.745674,2.282709
-0.151315,0.632269,0.226149,-4.239930,-2.436076,1.598457
-0.157899,0.696779,0.221498,-3.580380,-2.615947,1.159273
-0.169168,0.745576,0.214763,-4.307673,-1.950817,0.211084
-0.176941,0.793342,0.263865,-3.651501,-2.665748,0.179457
-0.153708,0.863882,0.242644,-4.066004,-1.194153,-0.389226
-0.138632,0.911280,0.243953,-3.005829,-0.139433,-0.903716
-0.154798,0.947876,0.251647,-2.783454,0.558876,0.562322
-0.160653,0.964173,0.230279,-2.720178,1.090401,0.568230
-0.158891,0.985657,0.274789,-1.513643,1.458507,-1.050019
-0.135329,1.040414,0.256404,-2.162879,1.174359,-2.582616
-0.144940,1.039912,0.253879,-0.970632,3.392444,-3.984484
-0.156019,1.066950,0.270653,-1.661897,0.025975,-4.026598
-0.145626,1.100260,0.247426,-1.993423,1.636989,-6.517267
-0.137161,1.133623,0.259827,-1.147671,0.216610,-8.595960
-0.157814,1.135352,0.242010,-2.008749,-0.417075,-9.394784
-0.177433,1.096941,0.260172,-1.967368,-1.513554,-11.004262
-0.160355,1.093032,0.259397,-2.087413,-2.380695,-12.343975
-0.130317,1.057749,0.245404,-2.338079,-2.121990,-13.664332
-0.100818,0.993180,0.248434,-1.255144,-1.388394,-13.019073
-0.068988,0.925562,0.226885,-1.560496,-1.552086,-11.696771
-0.034608,0.857189,0.212314,-1.761289,0.491517,-12.567544
-0.011234,0.775282,0.246425,-1.268635,-0.652974,-11.205728
-0.001938,0.651767,0.205089,-0.872573,0.420981,-9.166932
0.010746,0.528807,0.219187,-0.091877,1.153969,-8.638064
0.031757,0.453600,0.203225,-0.431908,1.347426,-9.156757
0.063268,0.342240,0.213361,-0.192139,1.820711,-7.764072
0.107020,0.227515,0.198442,0.442842,1.957622,-3.218253
0.144650,0.099270,0.167141,-0.156315,2.781674,-1.109084
0.184833,0.007221,0.163022,0.937262,2.347651,-0.851233
0.218321,-0.086434,0.151261,0.024302,1.260852,0.462818
0.228312,-0.198841,0.140767,0.649301,2.044291,2.248729
0.237753,-0.306256,0.126104,0.807826,0.752570,3.804295
0.260953,-0.392571,0.101368,0.099319,0.069692,2.383210
0.291542,-0.518882,0.131320,0.954404,-1.313794,3.516412
0.320277,-0.623362,0.085740,0.630368,-1.639090,8.949461
0.331949,-0.737755,0.054356,1.212446,-0.034608,11.501106
0.352884,-0.804340,0.052016,2.026117,-0.337738,11.905514
0.389090,-0.842918,0.049676,0.699634,-0.177758,13.602871
0.428088,-0.907106,0.046731,1.672546,0.667243,15.089657
0.421064,-0.947759,0.039704,0.758909,1.194577,14.767574
0.393226,-0.979445,0.041328,1.216842,1.358768,14.219961
0.357316,-1.019891,0.045523,1.278538,-0.001432,16.247462
0.364619,-1.035506,-0.010232,1.318072,1.912968,19.500132
0.376761,-1.044125,0.043327,1.859333,2.672892,18.664483
0.377739,-1.021326,0.009755,1.074285,1.630199,16.802611
0.342804,-1.028094,0.015840,1.924854,2.843828,15.563929
0.304370,-0.986496,0.017422,0.673601,0.843376,16.911346
0.295215,-0.890717,-0.008929,0.061656,1.796290,15.370361
0.335619,-0.754913,0.016507,0.188772,0.668898,11.925723
0.331430,-0.636774,-0.041182,-1.361862,0.705713,8.954694
0.256118,-0.551428,-0.008286,-1.092626,-0.527965,8.383061
0.188621,-0.443774,-0.018395,-1.669302,-0.775205,5.513196
0.136204,-0.294826,-0.037020,-1.682527,-1.494692,-0.935575
0.133414,-0.157459,-0.018829,-0.553276,-1.204197,-4.056776
0.112715,-0.045279,-0.043916,-1.432461,-0.868154,-5.047464
0.069764,0.059044,-0.028492,0.130872,-0.321546,-7.112937
0.019398,0.187397,-0.021803,-0.120891,-0.968134,-7.993966
0.000872,0.265174,-0.052224,0.732825,1.210312,-7.971158
0.025986,0.348020,0.003272,1.342998,0.632626,-8.499647
0.060261,0.452602,-0.008164,1.260073,2.315509,-10.778386
0.034172,0.507570,-0.005732,2.355085,2.474881,-14.424405
-0.029563,0.568360,0.009105,2.680680,2.174541,-12.677976
-0.079036,0.604618,-0.025131,1.962843,2.172972,-11.565040
-0.060194,0.685251,0.006594,2.792985,0.823286,-12.412369
-0.046494,0.756506,0.013185,1.983693,-0.017727,-13.936681
-0.085285,0.761296,0.008583,0.902307,-0.087469,-13.901576
-0.152359,0.764493,0.038620,0.637631,-1.314569,-13.103932
-0.137841,0.814185,0.030011,-0.949329,-2.406003,-12.872018
-0.104944,0.820163,0.046433,-1.609851,-1.624418,-12.654841
-0.085203,0.783783,0.081896,-2.088709,-2.713977,-10.133422
-0.107649,0.732719,0.056776,-3.324304,-1.625367,-9.156151
-0.134082,0.706679,0.093483,-3.078633,-1.823429,-9.081850
-0.146322,0.695335,0.079510,-3.817888,-0.876869,-8.188499
-0.122134,0.634360,0.118965,-3.749025,-0.274627,-6.050507
-0.106936,0.564244,0.115239,-2.892079,1.041608,-4.413997
-0.103119,0.484540,0.144601,-3.187889,1.112689,-4.785893
-0.109641,0.387872,0.190932,-1.928421,1.232406,-2.310888
-0.096511,0.277894,0.196785,-1.790322,2.136666,2.849817
-0.094831,0.183652,0.220829,-0.265456,2.305419,4.667353
-0.075142,0.132570,0.271358,-0.014077,-0.280190,5.126272
-0.065187,0.053299,0.247610,0.039555,1.005846,5.379254
-0.086381,-0.045144,0.299305,0.940653,-0.192615,6.493377
-0.095710,-0.083746,0.282988,0.971193,-0.229929,7.342328
-0.113527,-0.105974,0.324646,0.752796,-0.947182,5.413166
-0.092877,-0.148574,0.365880,1.230785,-1.703098,4.957634
-0.086690,-0.206361,0.367301,0.071739,-2.842425,4.693864
-0.095973,-0.262570,0.385870,0.564266,-2.671368,3.446719
-0.114473,-0.293868,0.399948,-0.379885,-2.579715,1.976232
-0.107412,-0.301079,0.406122,-0.058872,-0.492534,2.791954
-0.088633,-0.339093,0.454043,-0.426446,-4.441478,5.481179
-0.121999,-0.341709,0.427537,-1.261636,-0.847829,5.374705
-0.165002,-0.373825,0.500039,-0.757562,-1.495998,2.543542
-0.109900,-0.362927,0.477742,-1.775590,-0.277308,3.180829
-0.128134,-0.383889,0.509171,-1.002894,1.492021,4.145153
-0.129106,-0.375617,0.518677,-1.173660,0.564447,4.161096
-0.099951,-0.356713,0.500374,-0.851439,1.549674,2.214692
-0.137607,-0.403879,0.519983,0.522674,0.875520,3.107134
-0.190156,-0.411179,0.517925,0.127301,0.941189,4.071107
-0.139399,-0.366859,0.531941,1.779089,-0.237338,2.157984
-0.125964,-0.324099,0.534170,1.511226,-1.389628,1.534573
-0.221043,-0.321368,0.515450,1.925634,-1.774687,1.558418
-0.250618,-0.309325,0.514781,3.020931,-4.188455,0.826053
-0.204480,-0.263942,0.478730,2.218841,-3.670138,-0.010128
-0.232480,-0.240108,0.507576,3.310662,-2.176842,-1.841897
-0.217649,-0.187668,0.483568,2.770366,-3.208371,-0.874212
-0.209424,-0.182557,0.429739,2.017611,-1.823235,0.452957
-0.279169,-0.190996,0.471968,2.044264,-1.299991,1.838300
-0.278168,-0.165836,0.436787,1.690319,0.453953,1.716560
-0.200253,-0.140696,0.422062,0.924976,-0.385422,4.003597
-0.242406,-0.137663,0.448384,0.964464,0.417482,8.127403
-0.288242,-0.116905,0.410688,-0.134752,1.144936,7.756789
-0.250313,-0.078257,0.379882,0.520278,0.978602,7.512300
-0.254321,-0.067307,0.347301,-1.146193,0.828342,9.459321
-0.291560,-0.052825,0.339515,-1.570582,1.870092,7.778721
-0.232292,0.023977,0.314388,-1.690342,-1.632141,6.620470
-0.294081,0.071957,0.270065,-3.704564,-1.873269,8.156939
-0.446147,0.119936,0.258005,-4.215630,-1.958114,9.192460
-0.415469,0.252800,0.244597,-4.174143,-3.584148,7.995242
-0.372170,0.359594,0.199729,-5.075970,-4.310972,4.466423
-0.474481,0.409221,0.206310,-4.058306,-3.743189,0.732253
-0.501338,0.476879,0.165116,-3.935537,-4.211261,-1.189994
-0.489721,0.522019,0.096296,-3.499790,-3.121784,-1.674735
-0.531808,0.579527,0.139175,-2.875490,-1.862116,-0.811068
-0.468953,0.674797,0.095029,-2.601882,-0.594113,-1.186392
-0.411888,0.733493,0.067824,-1.308405,-0.545536,0.973253
-0.543596,0.743761,0.054288,-1.133759,0.706691,1.436170
-0.589704,0.838134,0.013953,-0.258310,3.436150,-2.634423
-0.527548,0.937257,0.026610,0.389800,-0.237851,-5.170272
-0.530322,0.985568,-0.010186,-0.816588,1.007149,-5.357519
-0.551408,1.030081,-0.008709,0.008355,1.204348,-9.230722
-0.501292,1.123099,-0.054778,-0.489496,-1.355134,-10.757791
-0.557763,1.157177,-0.093632,-1.951937,-1.339644,-9.792870
-0.610275,1.196393,-0.050603,-1.679961,-1.632434,-10.165766
-0.504505,1.273832,-0.106260,-2.220920,-3.626903,-13.139412
-0.505218,1.265255,-0.111170,-2.646787,-3.828346,-17.041076
-0.648900,1.188351,-0.068807,-2.683891,-5.155271,-18.810009
-0.589320,1.162183,-0.154689,-2.547079,-2.797539,-17.818216
-0.508516,1.123805,-0.124234,-1.980110,-5.602106,-15.879554
-0.486412,1.067790,-0.117384,-2.068526,-2.374642,-13.789927
-0.426048,0.965467,-0.151035,-0.761226,-0.680012,-13.521454
-0.368885,0.849570,-0.130911,-0.684702,-1.083426,-9.773455
-0.403987,0.695601,-0.148121,-0.710328,1.878209,-9.097971
-0.362635,0.614800,-0.127392,0.224520,1.210424,-8.892529
-0.266052,0.529122,-0.115821,1.078653,0.899120,-5.251977
-0.295716,0.353111,-0.094292,0.409768,0.654553,-0.489649
-0.334094,0.161975,-0.077049,1.621437,0.347162,0.562240
-0.285822,0.049863,-0.094131,1.863917,-1.031005,1.106710
-0.281539,-0.090314,-0.082695,1.821965,-1.194356,2.852552
-0.291307,-0.220630,-0.052818,1.869215,-2.658622,3.533972
-0.194377,-0.298453,-0.096557,1.177314,-1.075886,3.355065
-0.193635,-0.422470,-0.058546,1.163941,-5.037228,4.607734
-0.247135,-0.561899,-0.041340,-0.379333,-3.358198,8.379943
-0.171236,-0.679423,-0.055979,-0.711296,-1.362613,10.432921
-0.070173,-0.727639,-0.020637,-0.913149,-2.961374,12.681509
-0.108003,-0.812401,-0.020861,-1.572391,-0.588191,12.706587
-0.104208,-0.910661,0.004542,-1.148946,-0.177581,13.817133
-0.080427,-0.963728,0.014390,-1.461441,-0.591972,14.868240
-0.114633,-0.985609,0.049600,-2.305592,0.517758,14.650007
-0.056836,-0.975591,0.095712,-1.113273,0.864518,15.498442
0.026567,-0.971383,0.079211,-0.987037,0.762372,17.783281
-0.058628,-0.988734,0.088100,-1.043757,0.821909,17.713777
-0.085938,-0.986873,0.134084,0.594898,1.156967,14.704896
0.018818,-0.919589,0.110378,0.697734,-0.258870,13.168200
-0.010396,-0.900742,0.143997,1.208780,-1.065690,12.435234
-0.056180,-0.853914,0.184847,2.403846,-0.672809,9.848152
-0.024163,-0.761566,0.156253,2.146582,-2.064861,6.400064
-0.058507,-0.670735,0.194569,3.129541,-2.410404,7.141342
-0.118477,-0.573853,0.229557,2.567935,-2.118211,7.820204
-0.050091,-0.443449,0.215813,2.411661,-2.002679,3.202190
-0.045190,-0.320505,0.257270,2.689549,-1.836394,-1.196474
-0.155641,-0.243394,0.291477,1.781253,-1.133178,-2.031733
-0.142258,-0.174242,0.288407,2.250251,-0.075383,-4.560935
-0.099846,-0.056761,0.327065,1.319653,-2.276835,-5.310381
-0.186141,0.022737,0.329156,0.890753,1.249508,-6.236288
-0.179524,0.091176,0.354457,1.545544,0.776161,-6.033729
-0.141165,0.137862,0.328614,0.739932,0.229474,-5.098854
-0.243873,0.178945,0.358875,0.648424,1.443356,-7.157612
-0.236767,0.260422,0.378638,0.931170,1.598122,-10.321779
-0.139206,0.311214,0.342246,0.056190,0.039401,-9.647988
-0.222360,0.311060,0.381908,0.885134,0.500823,-7.800590
-0.251144,0.338878,0.376698,0.490263,0.564066,-9.387207
-0.142180,0.388660,0.343306,0.108584,-0.947264,-10.602335
-0.195480,0.381163,0.410156,-0.084082,-1.572664,-7.956562
-0.249735,0.385476,0.393652,-0.916639,-0.604610,-6.380090
-0.162652,0.411998,0.406772,-0.375825,-2.044199,-8.145854
-0.169621,0.421501,0.400890,-0.925528,-2.751886,-7.116127
-0.239668,0.371772,0.405682,-1.005222,-0.134171,-5.185361
-0.128075,0.368092,0.393738,-0.504152,-2.018550,-3.215656
-0.069224,0.383365,0.378911,-2.081481,-1.344232,-1.908365
-0.173576,0.355973,0.420191,-1.855088,0.199164,-2.260611
-0.127954,0.364678,0.389441,-1.750552,0.292221,-1.991497
-0.073199,0.359269,0.351004,-2.966173,0.170098,-1.722969
-0.140847,0.353449,0.388962,-2.324483,1.428230,-2.405173
-0.105183,0.376554,0.345981,-2.630744,0.317181,-2.041035
-0.048381,0.368788,0.306727,-2.063250,0.296875,1.409545
-0.162055,0.328594,0.319006,-2.396368,-0.674592,3.989859
-0.150350,0.328562,0.273984,-1.693267,0.630049,0.585697
-0.006034,0.352107,0.273942,-1.032808,-0.822347,-0.814402
-0.080513,0.296623,0.256607,-1.179342,-0.261467,-0.134291
-0.147520,0.233249,0.252672,-0.382009,-0.336379,-1.731638
-0.049388,0.260884,0.216401,-0.339019,-2.592100,-1.355347
-0.114850,0.227003,0.216302,0.040352,-1.709367,1.142647
-0.167369,0.170443,0.218229,1.082484,-0.752221,2.543946
-0.054834,0.179486,0.158298,0.557963,-1.744227,0.045388
-0.084071,0.165700,0.144965,1.119267,-0.987060,-1.707592
-0.203968,0.104854,0.136710,1.528570,-0.353192,-1.297981
-0.142390,0.081026,0.080239,0.944520,0.717050,-1.130388
-0.135050,0.062632,0.114917,0.688102,-3.268814,-1.814612
-0.171472,0.045858,0.106501,-0.086071,0.186385,-3.060692
-0.109598,0.008599,0.068015,0.390241,1.464222,-2.486832
-0.075704,-0.036098,0.039779,0.193170,0.106212,-0.256893
-0.188807,-0.092618,0.009981,-0.000980,1.690618,-2.413988
-0.157532,-0.117128,0.024257,0.480918,-0.216761,-4.556113
-0.044849,-0.145597,-0.043624,0.127570,1.526080,-2.092979
-0.117883,-0.255598,0.007332,0.603865,-0.370211,-0.929459
-0.127599,-0.292256,-0.013318,0.230022,-0.427880,-1.178199
-0.069349,-0.283945,-0.065515,0.552121,-1.406454,-0.656211
-0.089615,-0.327598,-0.034857,1.310403,-1.820786,2.709165
-0.084911,-0.367621,-0.075822,0.696410,-1.061128,2.440469
-0.000322,-0.394235,-0.078458,2.052198,-1.958330,-0.034817
-0.038422,-0.425668,-0.086227,1.609499,-2.307834,1.651664
-0.137282,-0.486166,-0.068653,1.012988,-1.058617,5.169433
-0.071020,-0.509426,-0.079547,2.063828,-1.343332,8.045675
-0.021596,-0.477606,-0.085190,1.403595,-1.491984,8.946846
-0.099872,-0.481384,-0.080049,1.099080,0.083054,7.844602
-0.121001,-0.513466,-0.058507,1.364544,-0.559874,7.880961
-0.108489,-0.494950,-0.105245,0.073614,-0.051772,9.267483
-0.157059,-0.457081,-0.071587,-0.239554,0.994755,8.950280
-0.122944,-0.389137,-0.069473,-0.322993,0.101003,10.696311
-0.081280,-0.354439,-0.113176,-1.076759,1.973003,13.217914
-0.137325,-0.330329,-0.067071,-0.851643,0.766172,12.986655
-0.159511,-0.255903,-0.086516,-2.177197,1.255374,11.183426
-0.119153,-0.168695,-0.073127,-2.298959,-0.387654,10.773669
-0.165790,-0.067954,-0.079560,-2.866883,-0.796623,12.850220
-0.236753,0.036241,-0.080365,-3.487270,-1.004969,9.583150
-0.213392,0.159496,-0.075224,-2.595051,-2.256642,5.985491
-0.258266,0.278974,-0.075733,-3.440394,-3.183264,4.755228
-0.369423,0.345056,-0.060099,-2.901992,-2.510466,2.226103
-0.385346,0.427806,0.004486,-2.711302,-11.082098,-2.485081
-0.331983,0.541195,-0.053833,-1.640420,-2.750173,-3.778087
-0.398417,0.613868,-0.043591,-0.775770,-2.212181,-3.404967
-0.382812,0.679287,-0.042469,-0.569781,-1.547740,-2.581224
-0.331577,0.772797,-0.079130,-0.520679,0.288708,-3.854144
-0.394028,0.838899,0.000974,0.810993,-0.590831,-6.392944
-0.371813,0.914681,-0.054627,0.852975,4.394441,-5.929022
-0.359287,0.935294,-0.019968,0.770780,1.030585,-7.355090
-0.431080,1.009681,-0.003227,-0.040426,-0.115645,-9.417596
-0.453756,1.067872,0.001335,-0.318304,1.136162,-12.242500
-0.410411,1.106506,0.039848,-1.124713,-2.638731,-11.273198
-0.469147,1.127225,0.026361,-2.218382,-1.639521,-11.102128
-0.506941,1.154023,0.053992,-2.027528,-1.749358,-14.303459
-0.439188,1.184691,0.036933,-2.853665,-2.806746,-15.889700
-0.448129,1.165439,0.040249,-3.681644,-3.293141,-14.402043
-0.516640,1.118323,0.063311,-2.931433,-2.773235,-14.795496
-0.456848,1.091437,0.066177,-3.889015,-2.931689,-16.011103
-0.432830,1.056515,0.083472,-3.091376,-2.900568,-16.057382
-0.497382,0.991972,0.086941,-3.643088,-2.641731,-11.955860
-0.449551,0.914021,0.092984,-2.808312,-0.960643,-12.180128
-0.396838,0.858580,0.102694,-2.443140,-3.071524,-11.781228
-0.458653,0.761135,0.093280,-1.401987,0.901566,-9.837966
-0.447945,0.626732,0.161961,-0.278642,-0.169504,-4.532726
-0.373841,0.498513,0.130174,0.187862,1.919962,-0.594378
-0.398272,0.382436,0.172186,1.606328,1.489175,0.066037
-0.361171,0.252002,0.174694,1.640610,1.696687,1.370404
-0.303705,0.109426,0.173548,2.384637,-0.120500,4.463242
-0.362080,0.010260,0.163199,1.826110,0.012577,7.221561
-0.414924,-0.081215,0.189934,2.304860,-0.582834,6.195895
-0.359937,-0.155743,0.202083,1.085494,-5.939977,6.821221
-0.387204,-0.231373,0.172807,0.663986,-2.005489,8.295207
-0.456325,-0.318558,0.217704,0.122085,-3.186031,6.928990
-0.374232,-0.379782,0.180707,-1.190079,-2.886764,6.624376
-0.418233,-0.463173,0.192084,-1.370482,-4.183423,9.469558
-0.483770,-0.532655,0.201971,-1.577075,-2.888563,12.493094
-0.374533,-0.605988,0.195554,-2.690767,-2.056803,10.120172
-0.303774,-0.620644,0.195199,-1.716857,0.434932,9.381169
-0.400281,-0.671539,0.207413,-2.049782,0.080222,11.936799
-0.402132,-0.750806,0.211690,-1.206566,0.383519,13.525146
-0.366189,-0.738737,0.209658,-1.986365,-0.192637,13.257618
-0.407873,-0.731486,0.233043,0.018285,1.434467,11.741399
-0.347522,-0.767622,0.229061,0.325456,0.453225,11.795361
-0.302602,-0.767136,0.176384,0.796088,0.936744,8.582330
-0.452403,-0.725856,0.212544,2.321926,-1.701735,5.601212
-0.473614,-0.673265,0.178252,1.737928,-0.977931,4.637073
-0.364936,-0.622440,0.181754,2.773409,-3.458621,4.711941
-0.392941,-0.528572,0.179778,2.415246,-3.931249,3.493206
-0.442336,-0.486521,0.186826,3.368068,-3.382534,-2.341190
-0.376756,-0.439798,0.135278,2.733560,-4.498294,-3.336523
-0.426202,-0.386567,0.123071,3.074963,-2.558852,-1.225962
-0.445789,-0.319691,0.166882,2.994514,-4.219329,-1.827730
-0.310920,-0.255046,0.109954,1.870627,-2.441613,-4.819035
-0.334599,-0.169765,0.128500,2.249433,-2.766690,-3.694686
-0.440251,-0.132706,0.113270,1.444579,-0.055737,-3.008842
-0.334921,-0.123457,0.106616,1.185835,-0.288111,-4.846149
-0.299980,-0.002187,0.078223,-0.099259,-0.140933,-5.171085
-0.381010,0.047073,0.111212,0.494790,1.513229,-3.014640
-0.294147,0.066098,0.090545,-1.024933,0.782332,-0.572862
-0.241907,0.121673,0.045625,-1.624516,0.539008,-2.860475
-0.301637,0.185395,0.077990,-0.419924,1.528568,-3.853293
-0.227658,0.192505,0.048622,-1.696661,0.934010,-2.687957
-0.155575,0.222903,0.033126,-1.088560,-2.100611,-2.253092
-0.234387,0.284797,0.042878,-1.718004,-1.789104,-1.737203
-0.224500,0.293528,0.037813,-1.368992,-1.141315,-3.409330
-0.113990,0.324997,0.005645,-1.404518,-4.360192,-1.220841
-0.183440,0.357290,-0.003536,-0.612515,-1.923917,-0.513789
-0.201264,0.359426,0.029860,-0.502517,-3.289888,-2.536359
-0.096672,0.396232,-0.015681,-1.111458,-3.284783,-3.146534
-0.167287,0.409644,-0.005220,-0.445593,-2.076882,-1.858615
-0.197591,0.384603,0.021056,0.205899,-0.477199,-1.901779
-0.065870,0.383841,-0.020982,-0.924967,-1.195256,-3.133778
-0.093678,0.431437,-0.023145,0.144626,0.630394,0.265150
-0.189158,0.420378,-0.002499,-0.140983,1.684976,5.053341
-0.092024,0.404790,-0.043696,-0.814874,2.261329,3.140728
-0.058924,0.457834,-0.016337,-1.421363,-1.306399,-0.071296
-0.114535,0.496731,-0.039567,-1.550416,2.607938,-1.660356
-0.072267,0.463969,-0.047419,-1.703984,2.177315,-2.896771
-0.060339,0.497853,-0.065449,-3.051442,-0.858343,-3.571239
-0.172106,0.527763,-0.035901,-3.068885,0.692977,-5.569643
-0.120683,0.508623,-0.022453,-3.012624,-1.282454,-5.051036
-0.050790,0.513921,-0.089043,-3.565255,-2.255070,-4.458722
-0.137607,0.521638,-0.043345,-2.251528,-2.081081,-6.238554
-0.122646,0.505895,-0.069746,-2.514274,-1.783268,-9.333529
-0.009064,0.493790,-0.087080,-2.314301,-2.551116,-8.386254
-0.049185,0.471965,-0.052746,-0.621374,-1.236079,-6.259924
-0.058724,0.405216,-0.057972,-0.724938,-0.205774,-8.228973
0.066747,0.362272,-0.065495,0.643264,-0.898920,-9.646439
0.022999,0.357329,-0.069171,1.197274,0.131664,-4.478040
-0.035684,0.275448,-0.065869,2.085705,2.244631,-4.014281
0.052177,0.199739,-0.055658,1.686203,-0.597389,-6.171634
0.051986,0.194986,-0.077187,2.084189,1.308769,-5.421282
-0.003490,0.120921,-0.030426,3.030305,1.937546,-3.043595
0.075722,0.038903,-0.066194,1.827016,1.435602,-0.862340
0.090542,-0.007905,-0.065177,1.693973,0.508550,-2.615411
0.013172,-0.045623,-0.032549,2.744468,0.890353,-1.336157
0.032906,-0.162971,-0.061796,0.948787,-0.554865,0.274630
0.075210,-0.239153,-0.049392,1.396400,-1.433301,2.245221
-0.006497,-0.261962,-0.042406,0.559418,-0.857834,2.878753
0.001421,-0.342208,-0.048975,0.203050,-0.872995,3.610190
0.052705,-0.397425,-0.035888,-0.890376,-3.052780,7.726905
-0.021021,-0.415870,-0.049552,-1.769127,-1.178383,9.499231
-0.048443,-0.465769,-0.002174,-1.451873,-2.104586,8.702842
0.044549,-0.489990,-0.042958,-2.462549,-0.777952,9.774695
0.021017,-0.511274,-0.028722,-1.321130,0.497259,10.782433
-0.013872,-0.558403,-0.016331,-0.938690,1.835207,10.988275
0.045760,-0.607882,-0.066037,-1.512355,1.422709,10.069975
0.001513,-0.590810,-0.010058,-0.367884,1.486060,13.082918
-0.085104,-0.577415,-0.003382,0.201711,0.964031,16.893293
-0.040125,-0.575009,-0.014824,-0.453601,1.466277,14.500120
0.011754,-0.498301,0.012180,0.360292,-1.381395,12.780910
-0.059003,-0.429761,-0.019725,0.784544,2.146484,12.389326
-0.089263,-0.411366,-0.005033,0.962459,-0.631457,11.748974
-0.054985,-0.297354,-0.015054,-0.418900,-1.733578,11.235281
-0.091696,-0.152444,0.006394,-0.440311,-0.895250,7.675355
-0.089451,-0.066972,0.023541,0.001938,-1.634048,6.832851
-0.085364,-0.001740,-0.000785,-1.348677,-2.671857,4.558035
-0.200824,0.110279,0.017665,-0.766418,-1.834294,-0.330108
-0.212532,0.251047,0.023456,-0.999058,-0.158803,-2.023576
-0.118097,0.379302,-0.004829,-2.128413,-0.944513,-1.355639
-0.163273,0.485968,0.022185,-1.562682,-1.141368,-1.373720
-0.215575,0.587093,0.002123,-2.028414,1.167683,-5.054229
-0.177187,0.633678,0.009308,-1.723088,0.315099,-8.930326
-0.160893,0.712509,-0.012474,-1.862700,0.439257,-6.367409
-0.217348,0.803580,0.006709,-1.626923,1.853325,-7.258147
-0.168046,0.879322,0.038407,-1.137334,0.679056,-11.071273
-0.156655,0.949796,0.012217,-1.426425,0.119420,-12.306364
-0.273619,0.988516,0.009305,-0.313629,1.609332,-11.079371
-0.270855,0.986914,0.033195,-0.196958,-1.113671,-10.756375
-0.198126,1.038455,-0.008719,-0.846904,-0.302597,-12.334909
-0.289417,1.091712,0.043469,0.308366,-2.354446,-12.239192
-0.284451,1.071699,0.013310,-0.104200,-2.075537,-9.820809
-0.225751,1.014024,0.005297,-0.581250,-2.813353,-11.809706
-0.264392,1.045788,0.005547,-0.848296,-3.386316,-13.030958
-0.275339,1.039482,-0.017765,-1.090730,0.080739,-13.044895
-0.203368,0.974332,-0.014998,-1.510997,-1.793552,-10.781560
-0.241854,0.955153,-0.048161,-2.196961,-0.831332,-10.009354
-0.310277,0.891766,-0.023555,-1.469885,0.189595,-10.683052
-0.239662,0.781834,-0.014864,-2.047367,0.159791,-8.791190
-0.239120,0.667904,-0.030711,-2.330947,-0.247501,-4.887397
-0.327175,0.568403,-0.008030,-0.660140,1.016898,-2.758910
-0.276218,0.438917,-0.011867,-2.130826,-0.296790,-1.659760
-0.253868,0.343585,-0.010587,-1.063039,0.131493,2.895830
-0.327943,0.266996,-0.000562,-0.679874,-0.150275,7.434291
-0.268153,0.154609,-0.046792,-1.946796,0.469354,5.728570
-0.219389,0.098042,-0.016321,-1.793431,-2.436467,5.182824
-0.325376,0.074836,-0.028597,-1.572792,-1.287206,6.071982
-0.382113,-0.031752,-0.034548,-1.808195,-1.412989,4.435365
-0.335804,-0.089201,-0.045318,-2.286134,-3.298323,3.227797
-0.385526,-0.117030,-0.047114,-2.140424,-2.746906,3.686668
-0.426419,-0.201017,-0.022160,-0.374226,-1.869809,5.626311
-0.374445,-0.304749,-0.044776,-1.457178,-3.343995,6.881501
-0.433191,-0.325878,-0.061773,-0.885347,-1.793427,6.031904
-0.493860,-0.349866,-0.036085,0.480085,-1.162972,6.695169
-0.419421,-0.391307,-0.054335,-0.592830,-1.632220,7.897295
-0.428690,-0.413070,-0.045233,0.489850,-1.281764,7.574884
-0.510650,-0.406869,-0.048584,0.282058,0.222965,6.681816
-0.495751,-0.463977,-0.064967,0.977801,-0.127534,5.732923
-0.478751,-0.443790,-0.058261,1.109354,-0.728295,8.405994
-0.538199,-0.414435,-0.073869,1.258360,0.688500,7.175462
-0.488700,-0.422424,-0.046276,1.643404,-0.492301,3.600726
-0.442030,-0.406222,-0.086010,0.590178,-1.397677,2.657662
-0.516154,-0.372226,-0.069142,1.973256,-0.612222,3.212898
-0.506888,-0.362963,-0.053852,1.635690,-1.701614,1.805267
-0.400416,-0.317846,-0.087806,0.188962,-1.942302,-0.824018
-0.443708,-0.269469,-0.046749,1.695978,-2.689405,-2.560161
-0.485821,-0.275680,-0.074092,1.260760,-2.899185,-1.495948
-0.460793,-0.324201,-0.103900,0.430273,-3.970757,-4.288259
-0.465050,-0.261191,-0.104412,2.067596,-4.054725,-4.442262
-0.479851,-0.228655,-0.094975,1.988870,-2.433417,-2.163357
-0.401036,-0.283876,-0.108945,2.011158,-2.741536,-1.053376
-0.404732,-0.264903,-0.097732,1.831001,-5.515620,-0.352499
-0.472682,-0.240249,-0.109145,2.338932,-0.808006,0.578444
-0.429022,-0.273392,-0.106398,2.408829,-0.376215,3.140842
-0.384584,-0.259208,-0.136215,1.574492,-0.514235,5.260780
-0.406166,-0.217036,-0.099935,1.825195,1.050077,3.975376
-0.363816,-0.233474,-0.101458,1.015155,0.871558,2.652232
-0.331570,-0.230481,-0.122856,-0.302268,0.521995,2.676624
-0.416214,-0.175483,-0.079107,0.223329,-2.934688,4.490334
-0.387525,-0.125209,-0.103243,-1.164036,-0.784951,4.518652
-0.306574,-0.065797,-0.117824,-2.273507,-1.492405,2.708272
-0.346666,0.031333,-0.108357,-2.261648,-3.555355,3.623339
-0.420114,0.063688,-0.121008,-2.842065,-1.795580,2.517904
-0.377839,0.083291,-0.118864,-3.468620,-3.721174,0.290543
-0.363350,0.186222,-0.143565,-3.159759,-3.416321,0.361771
-0.412370,0.236578,-0.122071,-2.822433,-2.691135,0.895911
-0.365779,0.237697,-0.121999,-2.219065,-2.570801,0.394204
-0.324069,0.302286,-0.149414,-2.326003,-2.342284,-0.403166
-0.361581,0.369897,-0.120952,-0.897640,-0.235743,0.944205
-0.310707,0.392760,-0.122170,-0.824117,-0.951308,3.079058
-0.247546,0.427892,-0.146535,-0.663074,1.300172,2.007700
-0.289745,0.499065,-0.113842,0.812566,1.661244,-0.163245
-0.257095,0.515201,-0.134538,0.027869,1.993876,-1.748140
-0.181907,0.560407,-0.126004,0.901720,1.596790,-2.405734
-0.171446,0.640078,-0.128088,0.197706,1.709636,-2.995218
-0.159918,0.687171,-0.122780,0.115287,1.920927,-6.434656
-0.126211,0.725359,-0.135473,-0.627969,-1.582734,-7.775026
-0.163151,0.777895,-0.180975,-1.308211,0.099748,-7.138927
-0.201546,0.801436,-0.137686,-1.541281,-1.853923,-9.151762
-0.132871,0.826255,-0.148662,-2.025825,-3.490012,-11.877416
-0.134256,0.825247,-0.171656,-2.373878,-3.237976,-11.667934
-0.203289,0.789574,-0.144930,-1.266429,-3.088261,-10.402256
-0.177315,0.731928,-0.148108,-2.316836,-3.447222,-11.045212
-0.103736,0.702602,-0.151649,-1.680226,-2.057464,-12.828790
-0.081104,0.672581,-0.113878,-0.788086,-0.659293,-10.635447
-0.092152,0.578894,-0.124507,-1.001326,0.644584,-9.343833
-0.052185,0.496278,-0.101996,-0.407612,0.916422,-8.340318
-0.074936,0.449401,-0.118054,0.067816,2.190527,-7.278330
-0.171535,0.333659,-0.013593,-0.473261,-11.868353,-4.983518
-0.057742,0.243130,-0.097167,0.680864,0.686684,-2.004105
-0.070882,0.168090,-0.113278,1.073349,1.574604,-2.597871
-0.109014,0.068976,-0.073800,2.337691,1.094974,-2.780099
-0.094131,-0.065078,-0.124313,1.553225,0.702834,-0.168602
-0.098848,-0.154013,-0.120483,1.710670,-0.931262,3.295344
-0.086240,-0.206785,-0.122905,2.093872,-0.358010,4.399137
-0.037624,-0.287618,-0.118001,0.890573,-1.531249,4.485937
-0.012559,-0.373644,-0.102915,1.032562,-2.098526,6.238216
-0.076997,-0.432899,-0.113199,0.045595,-2.976986,8.872183
-0.093852,-0.505053,-0.104385,-0.338083,-1.425239,8.839647
-0.043946,-0.523110,-0.119432,-1.611340,-3.597340,10.179199
-0.042219,-0.534310,-0.125794,-1.928151,-0.983492,11.511584
-0.070570,-0.578810,-0.076442,-1.727913,-0.456378,12.278316
-0.032815,-0.615100,-0.106706,-2.922848,0.586991,11.829331
-0.045121,-0.591441,-0.101064,-2.322746,1.453443,12.270018
-0.070314,-0.579558,-0.069145,-1.672627,0.665103,14.592668
-0.016607,-0.567115,-0.099265,-2.383711,2.333790,16.013171
0.021821,-0.537399,-0.060046,-1.120310,2.398890,13.803521
0.012814,-0.466514,-0.061471,-0.945527,1.665045,12.717266
0.003383,-0.469915,-0.098339,-0.428330,2.263729,11.894982
0.020085,-0.409902,-0.071407,0.340424,-0.115090,10.258689
-0.029743,-0.283817,-0.103181,0.815878,-0.153006,7.326908
-0.035770,-0.213455,-0.070606,1.635299,-1.475529,4.862868
0.028323,-0.146936,-0.084182,0.924303,-3.889316,5.328470
-0.000257,-0.046218,-0.095562,1.390698,-2.555015,3.798336
-0.008086,0.044184,-0.063621,2.118438,-2.274288,0.153357
0.056664,0.141101,-0.071079,1.012030,-1.895669,-0.442724
0.066731,0.237517,-0.087425,1.194960,0.204987,-0.747631
0.100484,0.309038,-0.095254,0.806096,0.200611,-3.074162
0.131992,0.414322,-0.109260,-0.495246,2.168400,-6.360153
0.086389,0.470639,-0.067376,-0.498273,0.856580,-7.182083
0.079890,0.541720,-0.068115,-1.145917,1.476144,-5.123972
0.104226,0.610638,-0.079715,-1.769134,3.475831,-6.480158
0.147417,0.677981,-0.076823,-1.638195,2.519696,-9.279757
0.158301,0.715253,-0.098425,-2.385580,2.849863,-10.220957
0.146950,0.717278,-0.072671,-1.732273,2.292384,-10.116428
0.172389,0.730112,-0.090327,-2.123342,1.452313,-10.849432
0.185250,0.773125,-0.110169,-2.060116,0.892011,-11.291981
0.157625,0.771566,-0.094085,-0.346795,-0.896327,-10.189298
0.139063,0.766820,-0.107976,-1.327538,-2.337357,-7.829947
0.117468,0.749127,-0.126036,-0.982767,-0.719562,-8.983646
0.114835,0.730736,-0.085426,-0.664794,-3.708389,-10.178115
0.137691,0.701388,-0.133012,-0.585957,-0.531278,-7.648090
0.113168,0.647086,-0.105331,-0.312254,-1.309133,-4.681011
0.114825,0.611160,-0.112250,-0.148296,-1.140423,-3.294876
0.111441,0.572870,-0.105882,-0.521683,0.514090,-4.198505
0.105641,0.532112,-0.098960,-0.409795,0.797723,-2.266090
0.099460,0.486562,-0.121083,-1.527202,2.304119,-0.619067
0.097195,0.460059,-0.118290,-1.180934,3.049561,-1.327818
0.084374,0.397736,-0.113839,-1.325939,2.444522,-1.089683
0.048559,0.330032,-0.131991,-1.871484,3.299518,1.833263
0.012896,0.248332,-0.110340,-1.276191,2.427549,3.462578
0.032801,0.209793,-0.136232,-1.972015,1.078818,3.850921
0.040524,0.168845,-0.154955,-1.961219,1.565879,3.881324
0.003830,0.104929,-0.150487,-1.283829,-0.186076,6.104736
-0.027452,0.061135,-0.173816,-2.295276,-0.711913,6.001343
-0.025555,0.051136,-0.175214,-1.659918,-1.430701,4.546212
-0.022476,0.026062,-0.157105,-1.442381,-2.498160,4.195717
-0.014877,-0.002518,-0.182048,-1.885858,-2.798336,4.581453
-0.045899,-0.057571,-0.166959,-1.431315,-2.164421,2.320184
-0.058550,-0.078323,-0.175667,-0.713784,-2.222242,1.191600
-0.034850,-0.104852,-0.181969,-0.897046,-0.470536,1.159564
-0.023323,-0.145360,-0.153304,0.522198,-0.099239,1.938881
-0.015386,-0.178792,-0.163801,0.314380,0.414006,1.526919
-0.039177,-0.215424,-0.171347,1.333988,1.660660,-0.550704
-0.061524,-0.233973,-0.161680,2.289650,1.150884,-0.359601
-0.073157,-0.278851,-0.178585,1.834471,1.289268,0.507249
-0.074906,-0.298850,-0.150779,3.090749,1.223567,0.781635
-0.061471,-0.302707,-0.162225,2.736084,1.053569,0.164359
-0.078133,-0.338778,-0.172555,3.107791,1.140718,-0.744226
-0.074177,-0.365277,-0.203765,3.219289,4.823692,1.390679
-0.103089,-0.371077,-0.192201,1.977717,-0.404240,-0.837106
-0.102268,-0.348924,-0.172618,2.077086,-2.102974,-1.962733
-0.102242,-0.346738,-0.174781,1.065064,-2.089969,-0.351555
-0.144881,-0.386446,-0.173914,0.482038,-2.521702,-0.679622
-0.172421,-0.395945,-0.163200,0.927290,-3.085152,-1.297390
-0.169716,-0.390145,-0.188081,-0.492551,-2.392006,-1.643261
-0.176071,-0.406754,-0.165738,0.431938,-0.929473,-1.038015
-0.157111,-0.405159,-0.137870,-0.358900,-2.350020,1.602891
-0.149099,-0.412617,-0.168682,-0.921142,0.106514,2.821323
-0.150484,-0.417386,-0.149795,0.069150,0.634875,2.190911
-0.158789,-0.411773,-0.162626,-0.199475,1.302303,4.288478
-0.160049,-0.419920,-0.164664,0.045825,1.781060,5.629472
-0.127510,-0.392203,-0.150924,0.866904,1.183777,6.981788
-0.132785,-0.373267,-0.162498,0.106894,1.045626,6.955115
-0.161070,-0.378660,-0.147353,1.502836,0.615397,7.523567
-0.169082,-0.377215,-0.164405,1.169758,0.055725,9.199268
-0.145711,-0.355105,-0.145541,2.031936,-0.149392,7.122670
-0.120125,-0.293589,-0.122275,1.782359,-1.550310,6.938557
-0.121431,-0.239245,-0.130461,0.662933,-1.384435,7.231935
-0.141782,-0.197400,-0.111016,1.079717,-1.637229,7.614751
-0.145098,-0.120191,-0.121937,-0.906217,-2.377770,6.140867
-0.145577,-0.041530,-0.094492,-1.088130,-1.625590,3.424342
-0.152083,0.040626,-0.054968,-1.437450,-3.265217,2.313685
-0.168255,0.105293,-0.070537,-2.848272,-1.311122,1.557404
-0.196173,0.169977,-0.030918,-2.338401,-1.534630,-0.381416
-0.198234,0.258134,-0.025105,-3.460456,-1.281748,-1.300668
-0.196199,0.329152,-0.033587,-3.715636,-0.214427,-0.825145
-0.172102,0.388443,0.006784,-2.637264,0.727715,-0.491869
-0.144530,0.457210,-0.021796,-2.862590,1.174232,-2.627273
-0.134719,0.499741,0.009210,-2.063759,2.307976,-4.206222
-0.123112,0.532050,0.011324,-1.438514,1.731951,-3.985921
-0.126358,0.571692,-0.005919,-1.432373,1.646945,-5.865345
-0.100234,0.629870,0.014997,0.286883,1.279473,-7.723780
-0.070084,0.700259,0.032561,-0.459461,0.162784,-7.419022
-0.084622,0.735722,0.030217,-0.309625,-0.653689,-9.268965
-0.099899,0.758912,0.055157,0.233586,-1.775893,-10.716833
-0.104832,0.795725,0.013218,0.214771,-1.172032,-12.218579
-0.097778,0.810929,0.058696,0.291619,-2.606901,-13.565143
-0.075474,0.809065,0.019530,0.262809,-2.043536,-12.603933
-0.071086,0.786206,0.028350,0.002039,-1.696855,-12.289321
-0.086566,0.763111,0.045514,0.783191,-1.304269,-13.590099
-0.071726,0.711764,0.070289,0.250287,-1.028895,-13.033295
-0.090711,0.644739,0.055381,0.080953,-0.109018,-11.804822
-0.079748,0.575155,0.083012,0.371754,-1.057987,-8.623925
-0.066615,0.515309,0.044529,-0.094700,1.836486,-6.110804
-0.081980,0.414404,0.065320,-0.151959,1.130135,-3.783833
-0.083437,0.337867,0.050368,-0.025864,2.114095,0.958245
-0.090409,0.258048,0.032745,-1.128767,1.885021,3.314958
-0.073038,0.189376,0.035676,-0.451964,1.436469,1.862270
-0.071817,0.119562,0.019940,-1.168589,0.527480,2.197214
-0.110435,0.045422,-0.002466,-1.942040,1.022435,3.324178
-0.130839,-0.029943,0.042963,-1.444376,-0.388882,3.115914
-0.123493,-0.075398,0.001910,-2.369915,-1.483811,3.909471
-0.118339,-0.172296,0.004431,-1.658509,-1.527543,5.030652
-0.127077,-0.270159,-0.001051,-0.783309,-1.978547,8.054058
-0.147605,-0.356017,-0.017361,-1.130476,-2.275227,8.966590
-0.161825,-0.416766,-0.005473,0.008336,-1.985486,7.787683
-0.153018,-0.456670,-0.000660,-0.292234,-2.217886,10.922311
-0.141178,-0.497491,-0.005922,0.127548,-1.141177,12.894161
-0.133251,-0.514628,0.013224,0.318487,-3.236958,13.208820
-0.112897,-0.516660,-0.064743,0.461332,1.762442,13.085699
-0.124422,-0.526064,-0.060880,0.905016,1.328802,13.210415
-0.124710,-0.502001,-0.095753,0.111976,1.378679,13.190159
-0.088318,-0.472413,-0.098208,0.319065,1.881469,11.083411
-0.064307,-0.420508,-0.129089,-0.094949,0.679677,10.004191
-0.073449,-0.390385,-0.187270,-0.730400,1.657459,9.778736
-0.108764,-0.356605,-0.177377,-0.282885,-0.618508,8.447827
-0.058917,-0.249151,-0.215946,-1.265985,0.035817,6.724353
-0.017966,-0.155195,-0.263147,-1.589115,0.105828,2.983386
0.002100,-0.090320,-0.253664,-1.372455,-0.815087,1.397180
0.008980,-0.021015,-0.323298,-1.936026,-1.367895,0.301902
0.027480,0.064066,-0.342786,-1.932262,-1.397207,-2.022840
0.044158,0.146760,-0.355137,-0.613096,-1.553199,-3.847060
0.095337,0.203993,-0.383163,-0.889756,-1.110959,-4.285301
0.106422,0.255173,-0.415193,0.021347,-1.568636,-5.168120
0.112180,0.328959,-0.410571,0.614973,-1.106387,-6.241048
0.111865,0.375497,-0.468726,0.945583,0.952641,-6.382246
0.153016,0.398504,-0.461639,1.479606,-1.280671,-4.605035
0.184058,0.452841,-0.500376,1.747151,1.334697,-3.173269
0.187991,0.486710,-0.481124,1.721246,2.196419,-5.862797
0.254969,0.488686,-0.489022,1.439255,2.025351,-7.024307
0.251224,0.501402,-0.525466,1.330190,2.517517,-5.841182
0.220625,0.537876,-0.499893,1.940795,2.921362,-5.518512
0.283355,0.540538,-0.533154,0.219012,2.106631,-7.183354
0.294893,0.558073,-0.530548,0.492124,0.744416,-6.679358
0.226251,0.560348,-0.539968,-0.114546,2.553450,-5.013014
0.230246,0.535368,-0.545916,-1.445138,0.429282,-5.309427
0.287130,0.530803,-0.524784,-1.906321,-1.254793,-5.884463
0.256518,0.546286,-0.547072,-2.265610,-0.733942,-4.963897
0.242647,0.469867,-0.525017,-2.658380,0.327031,-3.007133
0.321258,0.423752,-0.530922,-3.213132,-0.321218,-0.881391
0.292632,0.424415,-0.532415,-3.168684,0.872687,-1.356338
0.278330,0.384793,-0.496250,-1.933450,1.491062,-1.328860
0.372654,0.304281,-0.498741,-3.446263,0.783618,0.649817
0.336744,0.283179,-0.468559,-1.428890,2.525641,1.072863
0.277664,0.248608,-0.440520,-1.323471,3.312382,1.262043
0.342226,0.173059,-0.449898,-1.523060,3.372008,2.159789
0.325489,0.136319,-0.420839,-0.686527,1.827936,5.186512
0.256597,0.152711,-0.422578,-0.379248,4.614906,5.173548
0.308637,0.100235,-0.361761,-0.672902,1.373725,1.723415
0.324120,0.118295,-0.346846,-0.408731,-0.163644,1.485865
0.231999,0.107046,-0.321355,-0.435138,0.195891,1.696527
0.298570,0.060439,-0.297212,-0.028017,0.511048,-0.926648
0.364547,0.064217,-0.294554,-0.600035,-0.860204,-1.682501
0.278127,0.072410,-0.263367,0.584735,0.672465,0.061142
0.291565,0.014107,-0.203200,0.158419,-0.409000,1.407737
0.378983,0.014045,-0.212105,-1.003975,-1.033661,-0.114814
0.310272,0.043429,-0.164162,0.968895,1.268001,-2.601693
0.289530,0.008271,-0.129591,-0.309821,1.076783,-2.285072
0.354355,-0.047465,-0.128252,-1.257008,0.228200,-3.628211
0.326851,-0.003369,-0.090422,0.338313,1.630386,-3.873017
0.280500,-0.024383,-0.045797,-0.039466,1.929412,-3.770195
0.360906,-0.119442,-0.038221,0.155632,2.236137,-4.081722
0.337824,-0.136494,-0.008384,1.012568,1.584409,-3.351471
0.242968,-0.163909,0.021926,1.939391,2.324264,-3.628504
0.315917,-0.256382,0.062536,2.128298,1.167631,-3.929416
0.355310,-0.274879,0.045195,1.861751,1.594656,-0.402060
0.277165,-0.304125,0.096756,3.154494,2.316291,1.026571
0.344606,-0.383088,0.112666,2.559095,0.988571,1.140441
0.380063,-0.400875,0.095430,1.681962,0.605162,0.903496
0.276522,-0.405218,0.130670,3.731805,1.807519,2.031517
0.313994,-0.486918,0.156014,1.849872,0.719174,2.703237
0.384241,-0.520166,0.144322,1.686125,0.684473,1.036712
0.276666,-0.500796,0.193637,2.358719,-0.496775,1.621342
0.247813,-0.573909,0.162477,0.634281,1.663348,4.625728
0.308693,-0.619404,0.170512,0.869999,-0.070912,6.003301
0.262430,-0.523543,0.172987,0.217621,0.110410,6.531049
0.225079,-0.554234,0.191379,-0.382911,1.341768,4.743410
0.276620,-0.614520,0.196818,-1.282351,0.327340,5.636455
0.232675,-0.592383,0.169557,-1.226750,1.238269,6.689125
0.177812,-0.551726,0.221052,-0.130649,2.078626,7.577312
0.240461,-0.563428,0.213968,-1.253594,1.664461,9.612642
0.242063,-0.521659,0.178452,-1.194349,1.777774,11.751502
0.176358,-0.485260,0.223097,0.005904,0.879115,11.955556
0.200441,-0.444115,0.193939,-0.925944,1.420467,9.512371
0.226589,-0.362678,0.174845,-1.432323,0.854565,8.454884
0.171126,-0.233248,0.195357,-0.108883,1.267483,8.359349
0.184039,-0.146867,0.164998,-1.344816,1.113710,5.584699
0.239269,-0.069684,0.151566,-0.895913,-0.115353,1.998517
0.168542,0.028015,0.140731,-0.370783,-0.247497,1.717406
0.100826,0.106390,0.089262,-0.430976,0.512886,1.327470
0.155790,0.189734,0.101542,-0.812924,-1.010841,-0.653186
0.185772,0.339006,0.071202,-0.594231,-0.722991,-2.461995
0.135826,0.421698,0.075203,-1.010904,0.645277,-4.009973
0.144705,0.455871,0.052335,-0.076972,0.454170,-5.397673
0.146035,0.530812,0.024378,-0.743405,-0.002309,-5.885625
0.099792,0.641897,0.008287,-0.205079,1.876374,-6.958144
0.118679,0.672758,0.055975,-0.000206,-1.597430,-7.387802
0.201101,0.722947,-0.026877,-0.954597,0.743832,-6.886524
0.141397,0.773119,-0.057663,-0.326296,2.570636,-8.858802
0.128106,0.790204,-0.024432,-0.159791,2.942297,-9.694232
0.211253,0.806442,-0.092831,-1.350715,1.903740,-7.885318
0.144029,0.878659,-0.098559,-1.154094,1.483000,-8.665303
0.114241,0.924026,-0.076107,-1.342073,0.259409,-10.444488
0.183425,0.924469,-0.140949,-2.603041,-0.319843,-12.373011
0.133683,0.909714,-0.178792,-2.236767,-1.003450,-12.695524
0.037123,0.878570,-0.180069,-1.159871,-0.062434,-12.689289
0.101449,0.835853,-0.209998,-2.377009,-0.992680,-12.384943
0.119572,0.791848,-0.212181,-1.427777,-2.034710,-12.386603
0.058544,0.738837,-0.213202,-0.494068,-1.138358,-9.313568
0.062474,0.617807,-0.274373,-0.988515,1.057022,-8.136359
0.121213,0.522534,-0.269509,-0.153909,-0.311712,-6.773387
0.074376,0.480699,-0.313194,0.562542,1.224305,-2.967104
0.043613,0.363063,-0.300757,0.123575,1.809551,0.615107
0.087916,0.251913,-0.302188,0.516332,0.769858,3.405235
0.042290,0.206133,-0.340990,0.232831,2.049566,4.011268
-0.001898,0.116811,-0.316707,0.622683,3.029101,4.513170
0.080186,0.020318,-0.325061,-0.741324,0.918943,6.670145
0.053089,0.013785,-0.375403,-1.430735,1.960136,8.068290
-0.035763,-0.023070,-0.351048,-1.051472,1.470623,6.636269
0.003528,-0.085521,-0.368330,-2.441309,-0.168059,5.960545
0.008117,-0.128833,-0.383859,-3.349832,-1.103951,7.180349
-0.082472,-0.150422,-0.370375,-1.574712,-0.384555,7.127851
-0.054752,-0.201408,-0.382566,-3.421139,-2.022325,6.739255
-0.041284,-0.235499,-0.366094,-2.807766,-3.088438,8.340977
-0.131055,-0.246643,-0.350542,-1.802126,-1.925181,11.152391
-0.086552,-0.271370,-0.395938,-2.180450,0.616549,8.628669
0.011567,-0.293477,-0.362953,-1.121962,-1.850768,5.749933
-0.042151,-0.277715,-0.353342,-0.359409,-0.022598,7.440962
-0.110878,-0.299395,-0.345385,-0.081807,1.534115,9.115481
-0.027944,-0.296730,-0.337419,0.691674,0.345879,9.807132
-0.026559,-0.226049,-0.336198,1.192127,1.662724,9.478628
-0.021540,-0.216212,-0.324778,2.484335,2.785518,8.832161
0.054452,-0.238851,-0.282123,1.102428,-0.415184,7.534211
0.021276,-0.171863,-0.327877,1.595047,1.893870,4.194430
-0.085620,-0.095750,-0.255207,2.052868,0.131365,0.785942
-0.004396,-0.050839,-0.261729,0.440262,-0.708588,0.018486
0.039779,0.024056,-0.243302,0.057986,-1.995639,-2.001947
-0.032441,0.095216,-0.204424,0.780772,-1.103380,-4.068671
-0.013961,0.103242,-0.227943,-1.257881,-1.923760,-6.103186
0.003186,0.112269,-0.215522,0.013312,-3.652082,-4.627939
-0.040815,0.180412,-0.181474,-0.615518,-0.839006,-2.195188
0.029561,0.215715,-0.168048,-0.752064,-0.097149,-3.580580
0.111149,0.237375,-0.145570,-1.039727,-1.877189,-4.157861
0.010250,0.277667,-0.122137,-0.986388,1.150198,-3.107555
0.019027,0.264758,-0.093967,-1.012368,1.602544,-3.332592
0.149284,0.292133,-0.095529,-1.243823,0.895963,-4.105949
0.125713,0.332225,-0.073987,-0.828164,2.847773,-4.127890
0.093755,0.293554,-0.033252,0.239590,3.108218,-2.250365
0.180763,0.279581,-0.040197,-0.625060,1.503473,-0.418204
0.131674,0.338553,-0.024219,-0.182295,1.513652,-0.604461
0.062904,0.332313,0.037301,0.676302,1.123387,-0.373316
0.160967,0.313554,-0.013711,-0.724544,0.239341,-0.274007
0.155311,0.362830,0.032059,-0.859489,-0.765053,-2.284022
0.075689,0.421750,0.082385,-0.176092,-0.604341,-2.912871
0.130423,0.382456,0.059835,-1.631909,-1.325014,-3.059818
0.141292,0.380168,0.065264,-0.801146,-1.310971,-1.006127
0.081860,0.400818,0.115019,-0.797903,0.446663,-0.068756
0.181840,0.380414,0.101220,-1.794580,-0.034356,-0.729019
0.224531,0.364770,0.127932,-1.203609,-0.231249,0.383151
0.105818,0.385794,0.128113,-1.736733,2.280807,3.198213
0.111503,0.353685,0.159572,-2.255805,1.737679,2.025724
0.228099,0.387882,0.157678,-2.369393,1.715932,0.945018
0.199762,0.412796,0.169692,-2.316779,2.714942,1.618751
0.191231,0.362095,0.177228,-2.042118,3.707263,0.620391
0.268082,0.360162,0.181288,-2.100476,1.152623,-1.056891
0.232648,0.405866,0.141719,-2.276267,2.723398,-1.468152
0.201144,0.379393,0.198813,-0.969703,2.501764,-1.678580
0.306447,0.355048,0.179847,-1.592982,0.099332,-2.110989
0.314148,0.368840,0.165168,-1.161739,0.590194,-5.140043
0.240950,0.350620,0.194651,0.335020,-0.174066,-4.699485
0.282013,0.293952,0.160740,-0.167048,-0.741901,-3.208804
0.312612,0.280129,0.137875,0.511277,-0.603855,-3.595664
0.300073,0.272819,0.189803,1.224249,-0.610391,-4.711408
0.365111,0.229586,0.150519,0.261402,0.059896,-6.719425
0.376967,0.181574,0.152708,0.752651,-0.301349,-6.138557
0.322341,0.160895,0.172462,1.195616,1.294943,-4.345372
0.350915,0.114793,0.150384,0.231903,1.901551,-5.389678
0.421257,0.090050,0.139841,1.110683,2.253419,-5.376924
0.389007,0.038118,0.152554,1.745018,3.160606,-3.082671
0.368948,-0.069467,0.131231,0.912057,4.183358,-3.688532
0.437962,-0.127914,0.137373,0.689327,2.386814,-4.741149
0.417913,-0.125797,0.112472,0.951318,2.885862,-2.158546
0.387596,-0.214800,0.120823,0.897174,3.219371,0.360207
0.445068,-0.276471,0.108602,0.755025,2.091339,0.174505
0.432611,-0.312141,0.073887,0.205410,0.582760,-0.199078
0.366405,-0.386387,0.090329,1.669125,0.883986,1.352993
0.406487,-0.467975,0.098042,0.247895,-3.113318,4.763564
0.449490,-0.491911,0.042307,0.756597,0.549384,5.281127
0.410921,-0.491487,0.059674,1.019058,-1.303904,5.955565
0.450878,-0.570285,0.016175,0.377253,0.794841,7.428549
0.477292,-0.605240,0.010802,0.914509,0.203464,9.833146
0.427287,-0.592140,-0.012691,-0.085482,1.727953,10.102863
0.445036,-0.607177,-0.011965,0.076010,1.718923,8.425199
0.490960,-0.606684,-0.019508,0.279971,1.373220,9.523954
0.437775,-0.589219,-0.048988,-0.344851,3.725366,10.711647
0.433600,-0.591677,-0.025105,0.295845,3.826147,9.495467
0.515805,-0.544220,-0.061376,-0.508786,1.379772,9.774699
0.488364,-0.477878,-0.109523,-0.680808,3.851336,11.566476
0.468712,-0.450316,-0.083145,-0.046438,3.555185,12.259631
0.560147,-0.389558,-0.138539,-1.057327,2.655980,9.284443
0.558309,-0.298923,-0.150517,-0.736557,1.655372,7.745598
0.466795,-0.248613,-0.145882,0.267580,1.374871,7.882365
0.519839,-0.176800,-0.186391,-1.449569,0.184852,5.979263
0.522790,-0.073383,-0.202176,-0.649353,-0.785778,2.530488
0.452795,0.043659,-0.203751,-0.414597,-0.596611,1.944636
0.461342,0.094540,-0.241519,-0.601436,0.059903,-0.051331
0.496668,0.176217,-0.268294,-0.131503,-0.487578,-1.114496
0.426043,0.282814,-0.262366,-0.907780,1.030054,-3.949020
0.443699,0.363264,-0.225022,-0.303650,1.121397,-6.339279
0.482852,0.425590,-0.270940,-0.731224,0.825761,-5.078442
0.396465,0.489303,-0.263449,-0.046488,3.460154,-5.531382
0.402242,0.550537,-0.235489,-0.053145,2.954534,-8.107007
0.497964,0.621995,-0.281785,-0.259902,3.375316,-8.516379
0.418185,0.661023,-0.271258,0.595839,5.054241,-7.263904
0.367215,0.702520,-0.273277,-0.025018,3.441303,-7.738054
0.449552,0.755961,-0.308842,-0.632049,3.176046,-9.871569
0.402406,0.796198,-0.278092,-0.020452,2.164418,-8.234875
0.336885,0.794579,-0.292220,-0.794460,2.742245,-7.227830
0.413146,0.786455,-0.302481,-1.163347,0.542897,-10.880280
0.400716,0.832144,-0.284286,-0.555922,-0.134565,-11.425842
0.312763,0.834418,-0.281808,-1.159126,1.594833,-8.744840
0.380578,0.791960,-0.251508,-1.472441,-0.575922,-9.281306
0.416251,0.792177,-0.254291,-2.478371,-1.474654,-8.597941
0.333770,0.775357,-0.257068,-1.915393,2.314084,-8.705617
0.342515,0.699638,-0.201319,-1.447554,0.181734,-7.230619
0.372359,0.650917,-0.213395,-2.314337,-0.069192,-5.032582
0.288876,0.586791,-0.152624,-1.219520,1.667828,-4.764256
0.312113,0.523437,-0.172673,-1.199799,2.254666,-3.778779
0.375635,0.421218,-0.161421,-1.063755,1.859946,-0.631672
0.308341,0.338186,-0.124100,0.206549,3.484001,4.063656
0.298291,0.266990,-0.130110,-0.665874,3.448837,5.320886
0.381888,0.221636,-0.115726,0.025339,2.519546,5.516325
0.353813,0.197720,-0.090012,-0.746169,2.855825,8.628195
0.293676,0.144266,-0.089936,-1.018634,3.179739,7.881154
0.349933,0.110955,-0.050846,-1.358846,0.589846,4.243961
0.316469,0.096693,-0.057916,-1.877651,0.588228,4.399775
0.218843,0.032568,-0.026227,-1.510813,-0.089678,4.516796
0.248673,-0.041944,-0.009267,-1.378294,-2.323370,2.907838
0.262926,-0.059272,-0.023431,-1.917759,-1.782710,3.761171
0.122703,-0.091643,0.019792,-0.751398,-1.652712,4.611071
0.127693,-0.124448,0.026965,-1.420733,-4.022639,7.171255
0.166491,-0.144477,0.013293,-0.999074,-1.040439,4.854032
0.071333,-0.115119,0.078384,-0.916928,-1.045707,3.307564
0.057324,-0.144280,0.048599,-0.920361,0.922942,2.463807
0.090000,-0.182019,0.056418,0.215090,3.826931,2.870787
0.016500,-0.179169,0.106514,0.339229,2.351209,4.408001
0.004798,-0.187697,0.099454,0.460252,3.469943,3.920290
0.044923,-0.200295,0.137783,1.689348,1.552690,4.248561
0.005862,-0.186742,0.152997,1.077859,2.743323,4.633813
-0.030350,-0.190914,0.172170,1.213115,3.977148,1.948039
0.041913,-0.148820,0.177120,1.052233,-0.090318,1.484783
0.011022,-0.105820,0.155370,0.760437,0.874503,2.071911
-0.053468,-0.096678,0.204951,1.180278,0.292421,0.848913
0.025182,-0.069421,0.182027,0.461470,-0.652599,-2.056891
0.056132,-0.053468,0.181308,0.098511,-1.417014,-3.182301
-0.007767,-0.030826,0.214201,1.021083,-1.535710,-2.397022
0.051704,-0.011998,0.186672,-0.030482,-0.777890,-2.619475
0.075072,0.013234,0.222188,-0.092622,-3.183015,-3.681406
0.037590,0.067713,0.224229,-0.859137,-2.057102,-1.819894
0.058312,0.050404,0.226540,-0.137286,-0.169513,-0.452380
0.117602,0.064893,0.239082,-0.922324,-1.363733,0.071554
0.071753,0.076677,0.224502,-0.983036,0.526269,0.734159
0.050989,0.063193,0.243120,0.176360,2.026953,1.809361
0.105858,0.059073,0.218784,-0.560885,1.876513,3.355043
0.073890,0.053034,0.239768,-0.313195,1.332235,2.274631
0.060156,0.071396,0.253551,0.156672,2.047590,1.577178
0.092826,0.094675,0.227046,-0.799997,1.589496,3.007228
0.029814,0.109807,0.244380,0.208453,1.145681,5.037208
-0.028016,0.153952,0.240809,-1.101112,0.233515,4.279702
0.004027,0.198662,0.222906,-0.796308,0.209753,1.348022
-0.003612,0.214208,0.253492,-1.137856,-2.516617,0.785763
-0.080453,0.216266,0.226287,-1.439804,-1.513675,0.303774
-0.107744,0.210571,0.240044,-0.925288,-3.459327,-1.697890
-0.073531,0.257517,0.193650,-1.619455,-1.964935,-0.848667
-0.129102,0.284905,0.217188,-1.876092,-2.007157,0.681614
-0.126513,0.298544,0.224088,-1.500270,-1.858396,1.461174
-0.090682,0.332809,0.189961,-2.459969,-1.362381,-0.372357
-0.161658,0.352182,0.198859,-1.889925,0.032856,-1.054794
-0.173537,0.364252,0.190821,-1.551364,0.659742,0.685509
-0.103394,0.407921,0.158341,-2.625181,1.335088,0.136905
-0.068824,0.447422,0.177172,-1.870804,2.242225,-1.846360
-0.056114,0.487612,0.132968,-2.342090,3.520036,-2.982987
-0.027337,0.511348,0.118820,-2.393119,3.102500,-4.664623
-0.017214,0.544993,0.119903,-1.716934,1.698677,-4.232763
-0.045377,0.586154,0.086603,-2.225794,1.594311,-6.832458
0.001683,0.615828,0.098827,-1.011640,0.413454,-10.033131
0.047818,0.626118,0.078604,-1.082031,-0.755163,-8.535370
-0.003786,0.577558,0.067083,-0.882735,-0.375158,-9.102231
0.031727,0.558851,0.088107,0.208216,-3.227833,-9.882584
0.138117,0.551101,0.033067,0.540396,-1.953279,-9.603203
0.138518,0.492500,0.035381,1.534269,-0.781554,-8.356953
0.179906,0.447816,0.026535,1.965240,-0.061367,-9.556768
0.268634,0.399978,-0.000756,1.615637,-0.493549,-10.648534
0.243388,0.333633,0.019395,2.805087,0.759049,-7.385501
0.234162,0.235508,0.017813,2.537825,1.552730,-2.229393
0.330961,0.172120,-0.039193,1.539636,2.592901,-0.985458
0.324570,0.107082,-0.010619,1.475004,2.523192,0.415937
0.278265,0.021726,-0.001596,1.426763,2.506567,1.890097
0.347242,-0.050810,-0.041451,0.017090,2.583701,1.899314
0.353114,-0.096452,-0.026011,0.072714,1.975360,1.159919
0.317234,-0.153048,-0.025479,-0.940692,2.022322,0.904345
0.353117,-0.227270,-0.064652,-1.602987,1.104789,1.178273
0.366011,-0.289958,-0.050770,-2.036094,-1.269002,4.425259
0.286822,-0.344312,-0.060814,-2.403675,-0.111483,5.327844
0.335307,-0.395010,-0.078044,-1.832212,-0.343581,3.805736
0.397916,-0.446275,-0.093780,-1.422964,-1.753342,6.865897
0.317828,-0.532482,-0.092867,-1.850939,-0.599305,9.571233
0.322807,-0.573876,-0.096872,-0.233156,-0.163000,7.560185
0.420811,-0.581042,-0.108974,-0.001639,-1.081351,9.128205
0.345837,-0.603379,-0.126460,-0.108092,1.367404,11.977705
0.325296,-0.629376,-0.102652,0.991702,2.165837,11.763184
0.437450,-0.570505,-0.115854,1.247785,1.360350,10.754732
0.401862,-0.549370,-0.116915,1.046647,2.608953,11.712996
0.342144,-0.542585,-0.090872,1.274560,3.891306,12.416569
0.431472,-0.481824,-0.101947,0.970557,3.034157,10.770355
0.439948,-0.398112,-0.125127,0.291807,3.805828,8.470313
0.367337,-0.358890,-0.085495,0.813255,3.100301,5.650899
0.428298,-0.250878,-0.111128,0.210468,1.019412,5.816046
0.417348,-0.190080,-0.120965,-0.906604,1.110201,4.056319
0.322771,-0.115398,-0.085623,0.049517,1.394818,-0.559177
0.397988,0.009049,-0.094111,-0.650371,-0.902839,-1.701528
0.446834,0.085385,-0.116563,-0.843779,-0.270012,-0.410676
0.339173,0.135643,-0.088334,-0.390710,0.317558,-0.854314
0.357713,0.240481,-0.119350,-0.868962,-0.106116,-3.932825
0.419744,0.309494,-0.097305,-0.914158,-0.597931,-3.772766
0.343930,0.357349,-0.046171,-1.112647,0.324372,-2.372851
0.362751,0.441599,-0.046240,-1.440178,1.496843,-5.757746
0.442216,0.533793,-0.037250,-0.286844,1.941544,-8.732229
0.352021,0.546043,-0.011158,-0.658666,2.449157,-6.918240
0.355142,0.572000,-0.034529,-0.376432,4.889062,-6.963798
0.479041,0.622671,0.001106,0.510634,2.626943,-8.152971
0.438690,0.648235,-0.004202,0.048893,3.908949,-8.179248
0.345965,0.635266,0.039595,0.290103,4.261102,-8.332658
0.408521,0.648760,0.032518,0.845469,1.456485,-7.598825
0.389690,0.653809,0.045665,-0.455529,0.073820,-7.379115
0.336770,0.661526,0.080028,0.436224,0.611562,-8.590572
0.403614,0.667037,0.067056,0.299369,-0.062165,-7.018985
0.369011,0.623285,0.070598,-0.729343,-1.723101,-5.022340
0.275983,0.598976,0.104581,-0.053955,0.912398,-5.377439
0.352474,0.604979,0.109134,-1.016616,-1.511029,-6.071283
0.393908,0.580489,0.105284,-2.062568,-0.563317,-4.161526
0.311338,0.501835,0.174494,-2.291833,0.160181,-1.234232
0.343821,0.491778,0.136257,-3.238869,1.541527,-2.396375
0.369723,0.456695,0.142168,-3.140770,1.907272,-2.795535
0.298271,0.381484,0.164170,-2.903791,3.271119,0.409562
0.320798,0.360365,0.181436,-3.719335,3.943815,0.779329
0.426703,0.356922,0.178774,-2.996782,3.311315,-0.499625
0.384573,0.305030,0.190056,-2.782485,4.439145,2.012475
0.305364,0.244564,0.185020,-2.036587,4.771420,4.257695
0.337450,0.199273,0.194904,-1.191556,0.749813,3.769312
0.342482,0.193085,0.204840,-1.803747,0.845568,2.441119
0.298773,0.173847,0.238547,-0.861612,0.577764,1.376693
0.324432,0.116349,0.227558,0.816009,-0.149894,1.653758
0.306310,0.064394,0.236230,0.041347,-1.638837,1.764505
0.242644,0.042001,0.277904,1.240737,-1.547553,1.416480
0.326408,0.048842,0.268874,1.241869,-0.540570,3.317398
0.384225,0.013707,0.227709,0.968616,0.844265,3.738871
0.306924,-0.025085,0.275832,1.139398,-0.482900,2.552935
0.282220,-0.015546,0.226763,0.967740,0.980026,0.299399
0.311306,-0.014496,0.243064,0.265262,1.281883,0.071089
0.288548,-0.041182,0.253039,0.092215,2.153140,1.289333
0.288384,-0.047363,0.259023,-0.480196,3.045822,-1.093451
0.300831,-0.051496,0.272763,0.071920,1.880842,-3.992051
0.288896,-0.079922,0.260812,-0.703375,2.870566,-1.147559
0.242453,-0.143936,0.240582,-0.250304,4.520307,-0.086655
0.315612,-0.151846,0.262260,-0.170134,0.040507,0.496866
0.367498,-0.135848,0.221905,-0.285291,1.597171,1.152265
0.295724,-0.173064,0.250364,0.083701,0.868959,2.405266
0.278645,-0.211098,0.235202,0.417429,1.203774,2.588774
0.289543,-0.226446,0.228726,0.075816,-0.662578,-0.217950
0.265227,-0.226483,0.241108,1.560249,-0.407920,-0.573399
0.265434,-0.236977,0.224741,0.705851,-1.093227,0.078946
0.265696,-0.283075,0.246652,1.731960,-1.574308,-0.140465
0.204246,-0.286587,0.241836,0.805020,-2.198266,1.074982
0.175787,-0.266210,0.222706,0.821626,-0.440449,1.089194
0.240874,-0.235966,0.214779,1.498346,-0.194916,3.411494
0.220316,-0.252706,0.190765,0.293192,1.474253,4.296686
0.177832,-0.236901,0.195288,1.103390,2.149746,2.120178
0.187065,-0.214833,0.208680,0.393438,1.858259,2.665693
0.155590,-0.222593,0.170729,-0.288459,3.402591,6.416545
0.096897,-0.220965,0.212061,0.206562,1.738060,7.584140
0.135915,-0.144914,0.177474,-0.861398,1.660607,7.364033
0.118571,-0.108062,0.156962,-1.475930,1.733408,6.294046
0.032108,-0.091515,0.164866,-1.207765,0.614927,7.395470
0.014892,-0.032513,0.117274,-1.981531,0.579448,5.763489
0.044808,0.064138,0.127922,-2.053222,-0.658262,3.602895
-0.009576,0.141207,0.143622,-2.632369,-1.150086,3.043530
-0.057007,0.192915,0.096516,-2.503199,-1.089538,1.048994
-0.057256,0.218643,0.107089,-2.157555,-3.383673,-1.341836
-0.082541,0.280871,0.091103,-2.725426,-2.602000,-2.501805
-0.115241,0.344560,0.078259,-1.595667,-1.649108,-2.886167
-0.098261,0.389546,0.062497,-0.644578,-0.981710,-1.310288
-0.125262,0.407051,0.036628,-1.091209,-1.499764,-1.509815
-0.184001,0.464179,0.078121,0.460567,-0.288965,-3.191798
-0.151771,0.517479,0.068123,0.256301,-0.887120,-3.307094
-0.169076,0.521110,0.007565,0.057736,2.446462,-3.767834
-0.232988,0.554774,0.066426,0.702505,1.035699,-4.688648
-0.200916,0.618864,0.046869,0.482139,1.389602,-6.039388
-0.191246,0.632023,0.049646,-0.288043,0.463288,-5.705370
-0.249712,0.623929,0.039828,0.020323,1.345095,-5.897453
-0.225193,0.692414,0.012985,-0.949172,1.221262,-7.847044
-0.217495,0.720429,0.006308,-0.530684,-0.556874,-10.121335
-0.258903,0.732108,0.025350,-1.916047,-1.608721,-9.872346
-0.266584,0.727802,-0.001678,-1.974881,-0.917824,-11.311462
-0.245370,0.710257,0.014028,-1.724444,-3.029469,-12.862138
-0.241204,0.680003,-0.018704,-2.947356,-2.089677,-12.487720
-0.224799,0.638519,0.001716,-1.631223,-2.627561,-10.320236
-0.203919,0.592017,-0.021632,-1.610120,-2.423843,-7.931411
-0.221277,0.494134,0.000977,-1.515382,-1.739917,-9.253252
-0.218595,0.428821,0.025005,-0.071461,-1.778699,-8.361619
-0.177115,0.336892,0.009719,-0.047515,-0.394180,-4.808305
-0.211029,0.234861,0.046429,0.669576,-0.864064,-1.744250
-0.226430,0.179746,0.076139,1.408725,0.210455,0.128323
-0.161211,0.129012,0.016871,0.971492,1.743226,1.483029
-0.152660,0.018131,0.058689,1.469260,1.097259,3.369793
-0.156330,-0.054558,0.052410,1.367232,0.730042,4.578227
-0.105377,-0.120197,0.064430,0.700802,1.624133,3.522807
-0.083171,-0.176402,0.086649,1.278987,-0.489364,4.613733
-0.108925,-0.236615,0.056979,0.030476,1.704575,6.965538
-0.124687,-0.286614,0.095997,0.105299,-0.799938,6.359555
-0.088886,-0.294252,0.082428,-1.228930,-2.831511,6.514618
-0.087763,-0.339024,0.088724,-1.691182,-1.869067,6.898080
-0.075379,-0.354422,0.103728,-1.448305,-2.304965,8.353497
-0.058536,-0.375184,0.085645,-2.367653,-2.255039,8.528813
-0.059124,-0.399680,0.110755,-1.609151,-1.752577,6.561496
-0.046349,-0.415016,0.131766,-1.583403,-2.887444,6.360569
-0.002981,-0.438072,0.093227,-1.346937,0.151428,8.396755
-0.021540,-0.456851,0.135065,-0.341450,-0.707980,8.755112
-0.024422,-0.433591,0.136362,0.247301,0.132859,8.878955
-0.044238,-0.455144,0.151211,0.067118,0.921110,8.444432
-0.048299,-0.465900,0.159890,1.832482,1.470817,9.339182
-0.037887,-0.440081,0.153155,1.160068,1.267082,9.016768
-0.030557,-0.362651,0.185946,1.792226,1.674732,6.669682
-0.053980,-0.317606,0.215058,2.011099,-0.125486,6.348622
-0.088929,-0.271406,0.172258,0.879613,1.162507,5.030489
-0.101914,-0.203781,0.192045,1.451939,0.257342,1.877075
-0.074220,-0.105580,0.176440,0.874706,0.051270,-0.058495
-0.096439,-0.039561,0.207062,-0.515134,-0.419661,-1.425428
-0.130392,0.026180,0.212921,-0.095176,-1.415907,-1.839601
-0.154082,0.113339,0.200120,-1.294339,-2.181172,-3.113454
-0.154535,0.185047,0.220280,-1.201834,-1.359121,-4.832419
-0.150973,0.242490,0.250784,-0.930960,-1.806895,-4.560965
-0.169421,0.297513,0.224200,-1.808156,-2.130179,-4.389009
-0.174351,0.340615,0.226317,-1.732893,-0.628135,-6.509360
-0.159836,0.387934,0.243425,-0.997069,-2.501873,-7.700154
-0.138668,0.403542,0.226084,-0.856252,0.260473,-5.863062
-0.126992,0.426211,0.234319,-0.282817,2.162794,-4.705598
-0.118060,0.460650,0.268706,-0.222604,1.202162,-4.599162
-0.102397,0.516816,0.245063,-0.723770,1.600105,-4.006243
-0.109959,0.515454,0.268299,0.208712,1.886314,-3.123549
-0.101067,0.534978,0.280425,-0.026793,0.258907,-2.371109
-0.106270,0.540177,0.244856,-0.136161,0.661859,-4.982263
-0.115077,0.538674,0.279876,0.448861,-0.448803,-4.535480
-0.119600,0.527862,0.274726,-0.007867,-0.642220,-2.044710
-0.120119,0.509637,0.271148,-0.090725,-1.890364,-2.839273
-0.066799,0.542442,0.279259,-0.487067,-1.504320,-3.586517
-0.052783,0.545659,0.247429,-1.306642,-2.156258,-3.441511
-0.062738,0.506332,0.261577,-1.619852,-1.220813,-1.457280
-0.054463,0.496911,0.255800,-2.325501,-1.468397,0.771578
-0.038179,0.489956,0.240303,-2.812020,-0.345826,-1.358275
-0.008722,0.478290,0.260375,-2.204720,0.012948,-1.488827
-0.020142,0.447560,0.254621,-3.203037,-0.411291,0.492102
-0.070324,0.384068,0.245687,-2.904598,0.810236,-0.108525
-0.079593,0.371384,0.258317,-2.533039,0.373796,-1.025960
-0.043917,0.390022,0.234864,-3.110200,0.491928,-0.304982
-0.010131,0.362190,0.246556,-1.803885,1.798666,1.619021
-0.024212,0.346041,0.219916,-2.525329,0.384493,0.969997
-0.036029,0.330144,0.188789,-2.102722,1.725609,-1.458308
-0.032638,0.312937,0.203701,-1.162986,0.675304,-0.635253
0.005661,0.279463,0.183763,-1.395924,1.195394,-0.238477
0.044361,0.244397,0.183018,-0.044328,0.225722,-1.913387
0.051478,0.234707,0.158833,0.452597,0.045037,-4.023489
0.013339,0.182253,0.148014,0.920285,-0.635127,-3.920253
-0.005148,0.133847,0.156181,1.624605,-1.219719,-1.367103
0.035351,0.148904,0.123455,0.886775,-1.937575,-0.670483
0.082313,0.146915,0.108927,2.182944,-0.402291,-2.997709
0.081075,0.109413,0.083032,1.221948,-1.578490,-3.688960
0.054284,0.032748,0.051297,1.419731,0.085811,-2.917140
0.087273,-0.002834,0.057869,1.401816,0.395605,-1.092750
0.131681,-0.025541,0.027654,0.639910,1.308822,-1.447124
0.151136,-0.059633,0.066639,0.796584,0.930806,-1.163563
0.178908,-0.104343,0.020377,-0.111030,1.629145,1.943660
0.203891,-0.148810,0.017130,0.065503,2.532147,1.256834
0.239286,-0.149296,0.022448,-0.045263,1.948037,0.832973
0.270626,-0.183492,0.001151,-0.845259,2.607781,1.615967
0.261587,-0.250940,0.014695,-0.267622,1.017604,2.814669
0.265791,-0.287122,-0.017641,-0.305436,0.654802,3.051057
0.256239,-0.332427,-0.010399,-0.209766,0.201984,2.103798
0.248903,-0.367923,0.006915,0.521657,-0.995617,3.758276
0.256203,-0.398226,-0.026693,0.094553,-0.891662,6.522852
0.256594,-0.418154,-0.020467,1.167985,-1.380614,5.834406
0.233742,-0.426127,-0.015559,1.024539,-2.188255,6.311669
0.212645,-0.453194,-0.054286,1.417270,0.544857,6.125643
0.196493,-0.449784,0.017560,1.033116,-4.003614,7.734600
0.243257,-0.421972,-0.023106,0.576674,-0.057667,8.041715
0.236551,-0.421568,-0.002272,1.543194,1.645114,7.297884
0.199155,-0.423436,-0.001970,0.552417,1.142694,8.380009
0.181164,-0.425238,-0.015681,0.161665,3.584063,8.539807
0.187230,-0.353835,0.026305,-0.415640,0.244232,8.465909
0.200881,-0.283479,-0.005072,-0.788745,2.765039,6.831812
0.175987,-0.239264,0.009968,-0.427815,1.848625,7.407527
0.120465,-0.198218,-0.009599,-1.621329,1.280685,7.921149
0.086363,-0.113862,-0.010386,-1.454420,0.515666,5.606063
0.058866,-0.021885,-0.006218,-1.528810,-0.591438,3.801471
0.031317,0.063898,-0.042882,-2.016745,-0.420045,2.313734
0.007079,0.136260,-0.018878,-1.782201,-1.452129,0.014194
0.008396,0.242535,-0.008765,-2.630892,-2.571766,-2.120046
-0.040956,0.307341,-0.011617,-2.270156,-1.583135,-4.812291
-0.074473,0.366415,0.030283,-2.031066,-2.820177,-3.520111
-0.073882,0.439682,-0.003362,-2.255995,-0.939619,-3.501976
-0.076104,0.523552,0.048638,-0.507703,-0.674044,-6.038167
-0.101241,0.567284,0.061893,-0.420154,-0.105975,-7.323896
-0.166926,0.579675,0.062891,-0.282860,1.046361,-7.683800
-0.209683,0.614216,0.104922,0.890310,1.319955,-8.260004
-0.184106,0.669463,0.110421,0.401282,1.264068,-8.976252
-0.163151,0.701509,0.157028,1.575233,1.085094,-7.720854
-0.190986,0.701555,0.167289,0.626763,0.206339,-5.525776
-0.219596,0.722047,0.156522,0.356238,1.703774,-7.155776
-0.218920,0.765159,0.204597,0.532544,-1.366274,-9.018190
-0.180332,0.797087,0.194651,-0.726511,0.341234,-8.658956
-0.223985,0.779776,0.233985,-1.028705,-2.690557,-8.972528
-0.277669,0.768231,0.240467,-1.524097,-2.870087,-9.096047
-0.327103,0.723912,0.270873,-2.178786,-3.303513,-10.317436
-0.340410,0.687519,0.304029,-1.938850,-3.975543,-9.090220
-0.309473,0.638499,0.303011,-2.791797,-3.185050,-7.643527
-0.289276,0.588183,0.345135,-2.125837,-2.379132,-7.663799
-0.277787,0.535693,0.354942,-2.305780,-0.795100,-7.224962
-0.269574,0.449887,0.373157,-1.807811,0.449633,-5.472526
-0.239547,0.342542,0.413757,-1.489231,-0.262314,-2.019727
-0.203515,0.272632,0.406070,-1.442479,1.874835,-0.471196
-0.214827,0.186386,0.471072,0.062391,0.929844,0.468997
-0.203896,0.090138,0.451430,0.116672,1.160692,3.496970
-0.250169,-0.025193,0.469805,0.602788,1.623187,6.962215
-0.278069,-0.107340,0.498529,1.281268,0.890144,7.217074
-0.211140,-0.149936,0.483591,0.895657,0.538539,5.338834
-0.172746,-0.202448,0.526351,1.611921,-0.874308,7.371414
-0.236468,-0.281220,0.528147,0.779000,-1.502718,8.961059
-0.251514,-0.304683,0.500482,0.496152,-1.301445,6.562194
-0.204434,-0.324371,0.525147,0.511721,-3.601551,6.164774
-0.202560,-0.346026,0.514154,-1.327698,-2.643624,7.786621
-0.215004,-0.388018,0.524851,-1.214041,-2.610734,7.299546
-0.194157,-0.381440,0.512851,-1.190341,-3.220828,6.798364
-0.259602,-0.398279,0.501454,-2.238437,-2.069178,5.984686
-0.313178,-0.401210,0.546561,-1.387580,-2.517569,6.650374
-0.267615,-0.367828,0.530930,-2.330342,-2.378354,7.060653
-0.296132,-0.352942,0.518795,-2.360284,-1.140707,6.088193
-0.351865,-0.356464,0.541441,-1.070184,-0.840092,3.943404
-0.322586,-0.336497,0.467881,-0.680175,1.023683,4.740446
-0.328169,-0.334856,0.485774,-0.109668,0.081771,6.137304
-0.361177,-0.313375,0.472982,0.898402,0.755961,6.678679
-0.324115,-0.269742,0.452165,1.465374,0.742509,4.869320
-0.315926,-0.238526,0.421839,2.186821,-1.041988,5.995144
-0.399657,-0.231987,0.385633,2.092221,-0.454688,4.905642
-0.397169,-0.151554,0.376262,2.726995,-1.064854,-0.151567
-0.356799,-0.083476,0.361284,2.334035,-2.704622,-3.070364
-0.450433,-0.080512,0.328699,1.985880,-2.707557,-2.501131
-0.487939,-0.040161,0.338291,2.284693,-3.386975,-1.206420
-0.410913,0.043488,0.270075,0.907973,-4.259664,-1.883961
-0.456398,0.063636,0.258705,0.624528,-3.232514,-2.069279
-0.469577,0.084388,0.268322,0.660776,-2.852824,-1.686964
-0.391901,0.152836,0.194517,-0.466824,-2.657329,-2.450176
-0.409905,0.174625,0.190450,-0.875303,-1.351027,-2.384407
-0.467627,0.187026,0.186957,-0.857289,0.024190,-1.356840
-0.384900,0.238439,0.147364,-1.869074,0.304372,-0.678806
-0.364089,0.238826,0.146022,-1.780675,-0.046422,0.365548
-0.404023,0.262404,0.117307,-2.135956,0.150380,-0.096955
-0.382707,0.284777,0.072764,-2.211111,0.122440,-1.028393
-0.412800,0.277539,0.049272,-1.819313,-0.542385,1.058844
-0.485769,0.311782,0.047618,-2.669484,-0.458243,1.177700
-0.436142,0.379640,-0.005476,-1.409461,-1.647017,-1.518082
-0.406544,0.400546,-0.005745,-1.436032,-3.151907,-1.246076
-0.520747,0.388463,-0.026346,-2.427880,-2.781264,-1.108848
-0.510525,0.420930,-0.030918,-0.679585,-2.385510,-2.447614
-0.407814,0.477282,-0.083696,-1.239254,-3.581207,-1.679644
-0.448293,0.458422,-0.066306,-1.563270,-2.479286,-0.935062
-0.485237,0.450590,-0.064353,-0.376081,-2.132605,-1.098256
-0.414143,0.492726,-0.116018,-1.221131,-2.260837,-0.997826
-0.470571,0.500105,-0.087031,-0.633089,-1.595674,-0.742607
-0.511083,0.510731,-0.094111,-0.745349,-0.630095,-0.364284
-0.458640,0.535300,-0.124530,-0.960690,-0.586888,-1.353010
-0.457058,0.545324,-0.112936,-0.715981,-0.173905,-2.308449
-0.469186,0.546575,-0.121871,-1.347472,0.813324,-4.059384
-0.409616,0.552398,-0.126765,-0.615870,1.014908,-3.138098
-0.418138,0.541631,-0.121004,-2.182170,-0.261317,0.365951
-0.449370,0.547569,-0.154000,-2.412666,1.357286,-1.351198
-0.372686,0.587540,-0.110593,-1.665084,-0.859689,-4.020079
-0.342760,0.576704,-0.131791,-2.761642,-1.899214,-5.084465
-0.423787,0.505590,-0.094502,-2.244763,-2.202659,-6.216983
-0.439963,0.490832,-0.105311,-1.329353,-3.360532,-8.198703
-0.379320,0.483007,-0.151751,-1.026516,-3.182847,-7.427854
-0.364992,0.433157,-0.075881,-0.295697,-2.556066,-3.498459
-0.309653,0.370672,-0.067973,-0.714592,-0.889178,-4.211659
-0.233628,0.320549,-0.066749,0.571799,-1.754091,-6.572134
-0.263620,0.257152,-0.039718,0.891541,-0.978145,-5.230972
-0.316408,0.149810,-0.056501,1.404127,1.179182,-4.107068
-0.197515,0.113329,-0.004947,1.974220,-1.506831,-3.124796
-0.150648,0.078673,-0.008840,1.414276,0.612544,-2.746281
-0.184441,-0.027757,0.044030,2.516561,0.847074,-2.158842
-0.170596,-0.152939,0.011846,2.330900,0.088001,0.871649
-0.164382,-0.234741,0.024483,2.251252,0.128447,4.286778
-0.149966,-0.267671,0.076634,1.993407,0.884169,4.721426
-0.027888,-0.298263,0.068241,1.118378,-0.313454,3.791448
-0.011982,-0.369068,0.093480,1.244578,-1.259476,4.555972
-0.110186,-0.449347,0.100816,-0.030801,-1.568646,5.245635
-0.096669,-0.487102,0.102740,-0.123585,-0.788095,3.887218
-0.015927,-0.471911,0.148057,-0.954997,-4.920291,5.822034
-0.059574,-0.522513,0.163396,-2.089197,-1.850338,8.664442
-0.083729,-0.572324,0.205352,-1.472601,-1.328125,7.672577
-0.017857,-0.590623,0.171503,-1.609975,-1.879200,7.382162
-0.065085,-0.632353,0.223527,-1.670066,-0.997928,8.560258
-0.076810,-0.612140,0.270479,-0.841461,0.073076,10.840696
0.039700,-0.575252,0.251526,-1.328036,0.496980,10.188881
-0.002935,-0.581577,0.302716,0.212399,0.626321,9.527088
-0.080781,-0.600631,0.317903,0.601066,1.449245,9.885611
-0.016705,-0.552954,0.303776,0.746415,1.473331,9.997740
-0.016081,-0.497583,0.351013,1.297806,0.926651,9.892153
-0.091561,-0.467542,0.359800,1.765231,1.329176,9.063965
-0.073353,-0.429564,0.376984,2.583661,-0.601767,8.092577
-0.067241,-0.352748,0.361074,1.619225,-1.164269,8.469042
-0.131338,-0.283679,0.392293,1.347705,0.295786,5.913484
-0.026569,-0.158122,0.381471,1.587615,-0.623760,3.107613
0.024480,-0.068417,0.347797,0.591435,-1.475237,1.668723
-0.101057,-0.019758,0.409572,0.467808,-0.647991,1.143641
-0.086080,0.086675,0.395848,-0.511836,-0.432925,-1.279522
-0.000342,0.197553,0.372661,-0.960807,-1.720235,-3.155196
-0.085597,0.262913,0.430911,-1.363336,-0.876898,-1.912559
-0.130622,0.330830,0.410672,-1.921065,0.326243,-4.052326
-0.077325,0.423066,0.419019,-2.305137,-2.831823,-6.843200
-0.178992,0.494000,0.419255,-3.115758,-1.532680,-7.389551
-0.237755,0.516481,0.424645,-2.176239,0.366296,-7.898764
-0.087478,0.612795,0.391896,-1.772883,-0.278920,-7.686205
-0.097768,0.664693,0.384987,-2.136738,0.656312,-9.580042
-0.184520,0.668304,0.412973,-0.113410,1.988982,-10.105759
-0.130166,0.668347,0.366654,-0.544966,1.356331,-8.675278
-0.155293,0.668334,0.342003,0.019942,1.022212,-7.644874
-0.228774,0.687733,0.378924,0.861441,1.117902,-8.692013
-0.132822,0.725208,0.322617,0.872923,0.342678,-9.851012
-0.154013,0.692230,0.335678,0.890474,-4.508897,-8.469840
-0.290661,0.645691,0.295836,0.886118,-0.982012,-9.062719
-0.226417,0.631941,0.269678,1.132029,-1.453895,-10.622204
-0.119948,0.629952,0.232393,1.435375,-2.575600,-6.344657
-0.214840,0.550484,0.246999,-0.467500,-0.748322,-2.880782
-0.204517,0.501146,0.251260,0.133071,-1.412996,-4.456759
-0.130156,0.481829,0.170886,-1.243278,-1.660000,-4.223599
-0.239553,0.406687,0.207761,-1.392806,-0.693203,-2.395006
-0.287172,0.362029,0.253548,-2.733633,-10.320119,-1.397272
-0.117909,0.378524,0.134228,-2.818277,-0.701780,-1.164591
-0.191236,0.310232,0.163980,-2.619942,0.135225,-0.266644
-0.243381,0.216988,0.106682,-2.789861,1.281646,-0.404267
-0.148472,0.133939,0.091080,-2.519562,-1.755666,0.494816
-0.121743,0.075866,0.060498,-3.059345,2.049825,2.884048
-0.178716,0.003843,0.085290,-1.875002,0.786924,5.189439
-0.095638,-0.034279,0.021224,-1.320599,-0.213150,7.254404
-0.133317,-0.098067,0.012610,-1.243790,-0.380052,7.469991
-0.209368,-0.129644,0.023173,-0.285006,-0.624941,4.836404
-0.140854,-0.148328,-0.013206,-0.473969,-1.213040,1.916286
-0.122593,-0.172106,-0.015809,0.996763,-2.958066,2.726566
-0.237029,-0.252282,-0.022272,0.601689,-2.551782,4.514868
-0.223857,-0.259573,-0.054387,1.970219,-1.609909,3.534144
-0.143427,-0.272666,-0.050110,2.269561,-2.726165,3.693853
-0.177604,-0.313927,-0.075018,1.775426,-0.282862,4.314522
-0.186364,-0.347969,-0.049789,2.073853,-2.562443,4.292452
-0.131151,-0.321837,-0.131577,2.203397,1.116211,2.126830
-0.218595,-0.337738,-0.066273,1.870469,-1.468988,2.338589
-0.248695,-0.370293,-0.071312,0.913714,0.328975,3.174659
-0.156691,-0.375637,-0.106279,0.757828,0.346037,3.277729
-0.177522,-0.361361,-0.082817,1.209610,0.642365,4.264150
-0.246148,-0.370815,-0.093389,-0.136745,0.900362,5.313916
-0.217377,-0.363262,-0.070872,0.157171,-0.637333,3.948517
-0.200696,-0.305655,-0.097256,-0.958762,-0.589032,3.009605
-0.220676,-0.263725,-0.080703,-1.248365,-0.196229,-0.003301
-0.204221,-0.226522,-0.085836,-0.930396,-1.224705,-0.491318
-0.220082,-0.218628,-0.118500,-1.868385,-1.702441,0.215224
-0.297577,-0.206657,-0.106060,-0.546738,-2.163072,0.650559
-0.257246,-0.159373,-0.111722,-0.205298,-2.219041,1.087586
-0.192936,-0.138743,-0.123703,0.333038,-1.203793,0.912078
-0.267933,-0.153199,-0.073593,1.194103,-1.729062,1.245087
-0.302674,-0.152322,-0.085876,0.725049,-1.026554,-0.091345
-0.247336,-0.119360,-0.070491,1.922562,-1.192967,-0.741412
-0.254603,-0.074666,-0.060332,1.892938,-0.591868,2.145650
-0.279005,-0.066661,-0.047754,1.663886,-0.130583,3.127955
-0.268028,-0.052169,-0.058293,2.850106,-0.092625,4.202613
-0.316349,-0.004629,-0.047274,1.604785,-1.039898,6.272544
-0.370319,0.004375,-0.040066,1.707106,0.866119,5.512885
-0.321227,0.064634,-0.039846,0.875132,-0.846582,4.352178
-0.310871,0.143606,-0.044277,-1.019113,-0.204852,2.117591
-0.383209,0.222217,-0.000887,-1.054587,-0.251193,1.001567
-0.398203,0.273834,-0.001776,-2.429098,-1.593261,2.077684
-0.389111,0.325591,-0.012188,-3.376455,-0.511766,0.706186
-0.445789,0.387081,0.058607,-3.519353,-2.286876,-2.684654
-0.418758,0.441721,0.024985,-4.391881,-1.946524,-4.025967
-0.391294,0.458129,0.036287,-4.284591,-3.024089,-2.912806
-0.455439,0.490061,0.066081,-3.553507,-2.988727,-1.436226
-0.457442,0.548790,0.050907,-3.650562,-2.194732,-1.666896
-0.402733,0.593064,0.060915,-2.623425,-2.175546,-1.911691
-0.445772,0.615224,0.080606,-2.692130,-1.387967,-1.991412
-0.475442,0.634843,0.081876,-1.767946,-0.871886,-4.636162
-0.451638,0.674524,0.086472,-0.777648,-2.765938,-7.969755
-0.472167,0.698480,0.078246,-0.345521,-0.407513,-6.368444
-0.502253,0.690044,0.123741,-0.209113,0.773869,-5.597826
-0.427841,0.688238,0.137550,0.850248,0.467027,-5.411166
-0.393450,0.715870,0.137136,0.249253,-1.061693,-4.231953
-0.471385,0.707080,0.151474,1.160123,0.898671,-4.713435
-0.430585,0.730359,0.166468,0.345730,-2.108256,-6.226472
-0.406757,0.730372,0.152695,-0.661308,-1.170864,-9.530082
-0.452771,0.736129,0.204449,-0.278875,-2.002604,-11.866079
-0.416152,0.701670,0.181525,-0.998841,-2.158051,-11.457208
-0.398016,0.661808,0.171576,-1.602327,-3.265667,-9.015030
-0.465697,0.637574,0.205660,-1.107910,-3.002904,-7.640539
-0.434445,0.606030,0.188841,-2.049789,-2.416588,-7.225198
-0.359523,0.531643,0.175321,-1.539285,-2.773580,-7.193987
-0.422293,0.437942,0.206278,-1.378449,-4.110520,-6.140334
-0.433132,0.337661,0.160878,-0.986709,0.161245,-6.707709
-0.350985,0.244105,0.196545,-0.502402,-1.616592,-4.697387
-0.378558,0.168441,0.191326,0.014356,-0.607318,0.045052
-0.399697,0.041532,0.217582,0.134831,1.094032,2.343610
-0.295883,-0.066191,0.225726,1.017206,0.270675,2.818414
-0.333103,-0.148620,0.225063,0.817660,1.158489,4.046526
-0.433532,-0.276746,0.250833,2.019915,-0.595225,4.167064
-0.337737,-0.346594,0.204164,1.452858,-0.141812,5.014956
-0.308918,-0.384164,0.187729,1.279220,0.841757,5.087499
-0.385471,-0.442575,0.239210,1.789958,-0.678645,8.041237
-0.368605,-0.544531,0.199837,0.162030,-1.707821,9.083965
-0.361702,-0.582946,0.202923,0.358881,-3.746934,9.501278
-0.409212,-0.581446,0.197284,0.573598,-2.545433,9.055132
-0.330388,-0.611854,0.154989,-0.515863,-2.631417,7.646465
-0.287585,-0.638534,0.169813,-0.117063,-3.828325,9.513307
-0.412429,-0.646330,0.163130,-0.653374,-2.212752,9.889660
-0.400734,-0.683162,0.159992,-0.168124,-1.585035,8.528397
-0.277127,-0.635780,0.141860,-1.142007,-2.944069,10.811958
-0.325215,-0.603825,0.105087,-0.870146,0.764567,11.860112
-0.343505,-0.609773,0.161016,-0.810347,-0.524653,8.688905
-0.253228,-0.552734,0.099667,-1.277415,-0.314813,6.629825
-0.313365,-0.503819,0.137028,-0.315181,0.737635,7.587015
-0.320363,-0.460136,0.126436,-0.337301,1.715266,8.065814
-0.186033,-0.386892,0.069180,-0.605457,1.061342,6.118486
-0.225550,-0.270763,0.096923,0.853836,0.107827,4.939852
-0.330214,-0.218063,0.099451,0.299705,-0.071444,4.123989
-0.267365,-0.184385,0.072046,1.210085,-1.813512,1.565309
-0.240860,-0.043815,0.046968,0.700792,-2.149188,-0.140254
-0.267454,0.053247,0.084709,2.103722,-1.281659,-2.596262
-0.159114,0.117494,0.049587,0.832224,-3.632446,-2.923365
-0.160808,0.197320,-0.002975,0.509636,-2.802432,-3.489413
-0.241831,0.281285,0.041887,1.736142,-1.498822,-3.786473
-0.140522,0.350108,-0.007534,0.128066,-1.272678,-5.340795
-0.047252,0.435057,-0.007147,-0.195064,-1.698860,-5.765388
-0.136180,0.505761,0.017672,0.405317,0.396727,-6.942151
-0.130947,0.520936,-0.012139,-1.039205,0.486754,-9.935732
-0.056863,0.575808,-0.005469,-0.334496,-0.306142,-9.984781
-0.124405,0.639931,-0.016646,-0.826753,2.321378,-7.078308
-0.109392,0.621204,0.000111,-0.345420,2.098185,-7.634681
0.018525,0.645563,-0.015205,-1.653363,-0.420535,-7.662770
-0.070580,0.645767,-0.033452,-1.388680,1.020518,-8.274943
-0.129519,0.582209,-0.006923,-0.202148,0.414403,-6.750815
-0.023713,0.563617,-0.066857,-1.500877,-0.998191,-6.551553
-0.044176,0.609056,-0.032428,-0.239121,-2.274699,-5.349505
-0.080788,0.575490,-0.050550,-0.952533,-0.139121,-3.811443
0.011809,0.516409,-0.050655,-1.437881,-2.227484,-3.391449
-0.011509,0.520752,-0.060201,-0.881606,-1.583860,-2.665785
-0.115037,0.508705,-0.055172,-1.238689,-0.534993,-2.977267
-0.045036,0.461494,-0.046697,-1.179208,-1.344081,-3.684736
-0.011975,0.466237,-0.095306,-2.036728,-1.814530,-2.272653
-0.115241,0.420411,-0.034670,-1.393669,0.595718,-2.508051
-0.058441,0.387508,-0.043982,-2.999356,-0.773426,-2.130943
-0.023365,0.373735,-0.089615,-2.935338,1.024598,-1.252683
-0.118169,0.349815,-0.038983,-1.984935,2.057582,0.636135
-0.040982,0.300159,-0.066900,-2.537395,2.408763,-0.525327
0.053578,0.248326,-0.073488,-1.722586,1.140002,-1.684361
-0.050783,0.220336,-0.073245,-0.653486,2.346561,1.579938
-0.095064,0.138160,-0.065351,-0.607972,2.175809,2.685175
-0.001573,0.129793,-0.079462,-0.454091,0.232435,2.855771
-0.041783,0.160156,-0.071348,0.135898,0.657504,2.301215
-0.109926,0.111320,-0.000326,0.351045,-4.076458,1.915309
-0.020877,0.074235,-0.097410,-0.444362,-0.844327,0.025440
-0.043953,0.056776,-0.048883,1.047395,-1.112856,-1.939947
-0.062249,0.044289,-0.059544,1.128284,-1.874359,-0.502886
0.025021,-0.009507,-0.066139,0.351587,-1.502478,0.668757
0.027378,-0.028161,-0.050294,1.035758,-1.506680,1.467466
-0.058730,-0.055398,-0.048193,0.496300,-0.034053,0.071713
0.001801,-0.113501,-0.033626,0.536798,-0.509199,-1.303719
0.028914,-0.128223,-0.044573,0.573608,-0.466784,0.264296
-0.056282,-0.141284,-0.025476,0.717083,1.291356,-0.451599
-0.025840,-0.199389,0.006889,0.939176,1.057866,-1.624784
0.038213,-0.227546,-0.033006,0.295195,-0.256235,0.189215
-0.041547,-0.261854,-0.008473,1.631501,2.165804,2.827106
-0.036068,-0.307536,-0.007357,0.602815,0.769278,3.228051
0.024821,-0.327766,-0.018097,-0.406115,-0.400065,1.027584
-0.041297,-0.318900,0.007766,1.193798,-0.270458,1.783400
-0.100430,-0.369101,0.003006,0.719085,-0.141701,2.049323
-0.050892,-0.412210,-0.022879,0.657225,-1.737694,1.579949
-0.061999,-0.391862,0.002599,0.602375,-2.294554,4.082250
-0.139449,-0.381922,0.006246,1.054341,-0.281250,5.762851
-0.124586,-0.434855,0.013526,0.806395,-1.926041,5.355068
-0.119734,-0.401437,-0.009339,-0.178353,-2.353920,4.518952
-0.202389,-0.377245,0.028941,0.770331,-0.668233,2.202004
-0.170569,-0.376306,0.045717,-0.202059,-2.434402,2.355124
-0.135841,-0.355676,0.012932,-0.788555,-1.245181,3.569167
-0.215473,-0.316093,0.040915,0.710354,-0.017421,5.413538
-0.216090,-0.304142,0.026669,-0.022713,0.716759,6.589055
-0.192384,-0.272663,0.004372,-0.930297,-0.024629,8.404418
-0.278752,-0.210313,0.045153,0.680077,-0.291406,8.899473
-0.271048,-0.153120,0.028918,-0.395069,0.198924,7.045433
-0.195874,-0.120594,0.028127,-0.790157,0.325800,5.190544
-0.256786,-0.021727,0.041959,-0.996317,-2.409367,6.752914
-0.334117,0.047283,0.024946,-1.707480,0.140736,5.768623
-0.268442,0.135059,0.024473,-1.703436,-1.518681,3.993408
-0.247329,0.247144,0.017895,-2.330638,-1.793161,2.545054
-0.326059,0.331201,0.017308,-1.674712,-1.013957,-0.426134
-0.295808,0.366129,0.043433,-2.009832,-3.955842,-3.215399
-0.266194,0.459334,-0.013866,-2.879380,-2.489672,-4.241697
-0.356063,0.554715,0.022993,-1.681858,-0.965088,-4.164493
-0.303456,0.603102,0.012226,-1.625869,-1.353357,-2.554985
-0.231639,0.653851,-0.023683,-2.300197,-1.348027,-4.021532
-0.309174,0.732344,0.013559,-0.165627,-0.294834,-5.348247
-0.304227,0.753024,0.004427,-1.071666,-0.439668,-7.410104
-0.245442,0.754087,-0.005978,-0.634077,-0.860470,-8.247985
-0.300305,0.820251,0.013963,-0.106058,-0.651425,-7.462099
-0.310441,0.864236,0.000725,-0.374955,0.051352,-8.639957
-0.247037,0.850309,0.015302,-0.784554,-2.336458,-8.841622
-0.326545,0.900615,0.004096,-0.931732,-3.322016,-7.955168
-0.386557,0.916653,0.013103,-0.770210,-0.876492,-9.753247
-0.294922,0.881741,-0.011499,-1.266787,-1.972524,-11.881099
-0.321742,0.902765,-0.016242,-1.957757,-1.814120,-11.981023
-0.445828,0.876493,0.019307,-0.643751,-2.490069,-12.415872
-0.353950,0.799234,-0.016600,-2.394442,-2.739052,-11.739363
-0.317685,0.776930,-0.053291,-1.876004,-1.280277,-11.488479
-0.392380,0.731028,0.002648,-0.860198,-2.039171,-7.801677
-0.355082,0.617269,-0.048381,-1.920081,-1.223419,-7.026528
-0.333290,0.540259,-0.054095,-1.113179,-2.485182,-7.653203
-0.420343,0.499219,-0.043079,-0.485117,-0.988764,-6.023105
-0.403478,0.367393,-0.038484,-0.774168,-0.121563,-3.872003
-0.349650,0.247285,-0.030481,-0.331574,-2.123194,-1.180395
-0.424249,0.182250,-0.055897,0.321424,-0.732537,1.211288
-0.460284,0.054422,-0.064051,0.342337,0.098570,2.537211
-0.406006,-0.063247,-0.058697,0.504765,-1.322414,4.009771
-0.433233,-0.112286,-0.045702,0.122486,-1.020751,6.134060
-0.462670,-0.171991,-0.038786,0.703037,-0.446144,5.397609
-0.385917,-0.268747,-0.057565,-0.365042,-2.145922,5.927555
-0.432662,-0.326722,-0.090862,-0.450753,-1.622845,6.491675
-0.514290,-0.372489,-0.074899,0.923745,-1.497499,7.497725
-0.443970,-0.448375,-0.084671,-0.936520,-2.450007,8.197126
-0.436401,-0.459079,-0.069775,-0.675724,-1.961977,9.025263
-0.511313,-0.497681,-0.045105,0.347733,-2.055612,10.317578
-0.472370,-0.573843,-0.086283,-1.033441,-2.022948,9.812094
-0.452544,-0.595120,-0.083463,-1.188182,-2.845087,8.206220
-0.521403,-0.567856,-0.073314,0.254709,-2.051322,9.394495
-0.511372,-0.595274,-0.097496,-0.861845,-1.718732,9.996770
-0.477901,-0.601419,-0.094745,0.220894,-1.908401,9.217851
-0.502188,-0.550075,-0.070094,0.765066,-1.769442,9.451540
-0.496368,-0.561472,-0.097571,0.475158,0.512217,8.994864
-0.469317,-0.557477,-0.090412,0.624315,-2.397904,8.875985
-0.493653,-0.469524,-0.104704,0.651231,-0.630521,7.757768
-0.484994,-0.401154,-0.079012,1.388148,-0.164488,5.808241
-0.397941,-0.350664,-0.112628,0.424562,-0.889614,4.773076
-0.403012,-0.276648,-0.127070,0.402491,-0.978959,2.961690
-0.445267,-0.202153,-0.092011,1.564034,-0.271055,0.168688
-0.379073,-0.144254,-0.113550,0.032304,-2.078133,-1.368238
-0.359740,-0.052608,-0.103000,0.203483,-2.735434,-1.758521
-0.408996,0.043131,-0.103437,0.816925,-1.989382,-1.710934
-0.363107,0.070184,-0.130999,-0.130443,-1.592755,-4.181038
-0.312998,0.119070,-0.126092,0.598242,-2.730731,-5.160747
-0.347020,0.196877,-0.126585,0.581640,-1.826025,-3.896996
-0.356861,0.224630,-0.111114,0.516289,-1.351887,-4.251517
-0.282813,0.253092,-0.105442,0.582148,-2.396904,-4.691454
-0.282104,0.337303,-0.131597,0.278185,-0.359878,-4.590642
-0.295870,0.335780,-0.079498,0.821179,-0.529203,-4.866383
-0.205954,0.352665,-0.104448,-0.540009,-0.631651,-4.529830
-0.221710,0.409979,-0.122258,-0.078127,0.798990,-4.798069
-0.248642,0.452510,-0.093458,0.123382,0.754470,-3.958832
-0.190015,0.440325,-0.118864,-1.296125,0.750085,-3.779466
-0.165400,0.448627,-0.103309,-0.453146,-0.180050,-4.037252
-0.190258,0.460864,-0.101051,-0.963352,-0.520987,-4.161785
-0.173478,0.433038,-0.125534,-1.364495,-0.714030,-4.404681
-0.176301,0.434076,-0.111866,-1.070375,-2.378578,-2.277185
-0.214656,0.465318,-0.126608,-1.534187,-1.618040,-1.424484
-0.181868,0.442699,-0.115231,-1.620059,-1.732676,-3.072825
-0.115320,0.429671,-0.136937,-2.153649,-2.426715,-3.036599
-0.169079,0.425308,-0.142491,-2.178159,-1.847286,-1.485707
-0.202189,0.406881,-0.120558,-1.169653,-0.330950,-0.684011
-0.148239,0.405962,-0.114879,-2.331951,-1.368352,-0.036273
-0.128288,0.414834,-0.130730,-2.243955,-0.300095,0.589629
-0.158969,0.396577,-0.087990,-1.593855,0.341690,1.305092
-0.146010,0.352783,-0.114955,-2.639089,1.084158,-0.777864
-0.114640,0.354454,-0.109135,-1.512976,1.050178,-1.691353
-0.155431,0.368453,-0.086365,-1.526099,1.312777,-0.067922
-0.120936,0.349120,-0.098031,-1.401655,2.423774,-0.181274
-0.065279,0.332156,-0.084422,-1.134485,0.589958,-0.968096
-0.088482,0.335593,-0.115267,-1.115614,1.731094,-1.893912
-0.091437,0.290725,-0.091787,-0.387356,0.598380,-2.280185
-0.036177,0.273998,-0.097755,-0.738600,-0.779101,-2.165496
-0.030249,0.275140,-0.133130,-0.063382,-0.727505,-4.163421
-0.032619,0.257441,-0.098471,0.919993,-1.312353,-4.793403
0.019484,0.200494,-0.115011,0.496152,-1.841738,-3.977866
-0.003976,0.165044,-0.111633,0.683310,-1.463378,-3.466692
-0.016449,0.123058,-0.071558,1.420647,-1.894940,-3.317616
0.034632,0.083731,-0.096678,0.664396,-1.625747,-3.066843
0.037508,0.035391,-0.104609,1.301974,-0.548307,-3.246963
0.008799,-0.010757,-0.095914,1.619599,-0.009173,-2.412764
0.038548,-0.088049,-0.097542,0.782029,0.680258,-2.792285
0.089757,-0.136609,-0.075188,1.645376,0.780940,-2.039709
0.052177,-0.172109,-0.082285,1.174149,1.854501,1.008652
0.021594,-0.257564,-0.077643,1.213430,2.517123,1.903751
0.050762,-0.306781,-0.072083,1.030740,0.989385,2.118069
0.050870,-0.334058,-0.089263,0.619224,3.184148,1.699998
0.025658,-0.408379,-0.056990,1.341751,-0.079896,2.734584
0.041811,-0.473394,-0.096147,0.147547,0.621991,3.913188
0.021568,-0.499907,-0.089381,0.746468,-0.425799,3.529737
-0.005473,-0.515413,-0.074725,0.802030,-0.036863,6.166099
-0.006408,-0.570870,-0.077886,0.210337,-1.101236,7.020942
-0.014542,-0.606589,-0.057351,0.719768,-1.706715,7.295959
-0.049447,-0.609507,-0.068394,0.585001,-2.192532,6.442855
-0.051991,-0.641990,-0.059823,0.441057,-1.550382,5.663637
-0.039022,-0.653492,-0.061146,1.002363,-1.628422,8.080862
-0.061917,-0.623963,-0.074194,0.384385,-0.037995,9.410945
-0.018924,-0.604600,-0.039731,0.937049,0.129481,9.558031
0.026088,-0.587961,-0.039091,0.161360,-0.425855,10.566909
0.002973,-0.567925,-0.052569,0.765916,2.058176,11.509861
-0.006326,-0.553729,-0.033708,0.953475,1.909078,10.376786
0.040849,-0.460724,-0.053816,-0.082660,1.435708,9.602626
0.035236,-0.372413,-0.059879,-0.261556,1.917090,9.397512
0.041667,-0.291219,-0.048532,-0.357600,1.441268,8.954532
0.069439,-0.210665,-0.050842,-1.534046,0.939600,6.894408
0.073539,-0.099961,-0.084927,-0.791529,0.302206,3.253200
0.031379,0.011304,-0.063562,-1.486746,-3.976626,1.527788
0.050257,0.083682,-0.090639,-1.576816,-1.061325,0.657786
0.068346,0.179496,-0.062085,-1.653011,-3.126675,-0.669232
0.091405,0.283303,-0.098379,-1.505699,-0.410447,-2.474105
0.072794,0.339696,-0.082797,-0.992076,-2.073462,-3.538069
0.068753,0.427054,-0.087422,-1.103426,-1.518819,-2.896790
0.066419,0.536629,-0.099124,-1.086148,-0.198074,-5.181917
0.119181,0.620239,-0.073711,-0.240841,-0.255996,-7.496831
0.150289,0.673710,-0.097594,-0.433803,0.522044,-9.235332
0.108401,0.704319,-0.095697,0.670347,1.506805,-9.938120
0.090972,0.749850,-0.101855,0.207957,1.614236,-9.392780
0.100126,0.800826,-0.102042,1.048445,1.861768,-9.524088
0.094471,0.836608,-0.133058,0.440767,1.687611,-7.591234
0.078265,0.835262,-0.140709,0.472531,1.746344,-8.204673
0.077080,0.829679,-0.134883,1.239010,1.346119,-10.231818
0.062437,0.832206,-0.144290,-0.142828,0.197404,-11.088699
0.027686,0.819510,-0.112316,-0.246451,0.253205,-9.740937
0.051110,0.818216,-0.160397,-1.515533,-0.212336,-8.408660
0.060757,0.796713,-0.148042,-1.768455,-0.083868,-8.783173
0.042559,0.768720,-0.147067,-1.766226,-0.759007,-8.200159
-0.005443,0.712971,-0.186634,-3.595910,-0.700008,-6.930794
-0.030892,0.668790,-0.160794,-2.798254,-0.692298,-6.329093
-0.026707,0.632322,-0.135296,-2.758343,-2.194295,-6.984826
0.025359,0.582268,-0.171462,-2.506081,0.553910,-7.013017
0.026423,0.474223,-0.145754,-2.032744,0.586816,-4.727713
-0.030091,0.385213,-0.196970,-1.585367,0.233587,-2.318088
-0.033157,0.285174,-0.165288,-1.442233,0.477383,-1.348996
-0.014371,0.201682,-0.157512,-0.386624,0.140854,2.112409
-0.032415,0.104374,-0.175601,-0.308991,0.627013,4.860773
-0.068702,0.003436,-0.145528,1.181069,0.790124,5.571429
-0.075129,-0.056396,-0.175463,1.031882,0.149602,5.679540
-0.084783,-0.132007,-0.191291,1.234970,1.094922,5.628987
-0.093156,-0.187376,-0.159655,1.091846,-1.260467,9.032664
-0.105301,-0.229575,-0.193185,0.017802,-0.005952,8.701637
-0.110708,-0.246361,-0.167622,0.470917,-1.013582,6.654446
-0.126998,-0.278447,-0.175759,-0.251791,-1.075528,6.797271
-0.172739,-0.323226,-0.186876,-0.956087,-1.388922,7.346692
-0.194298,-0.331649,-0.172332,-0.535292,-1.673539,5.938791
-0.181805,-0.327775,-0.176711,-1.591262,-2.688046,4.736136
-0.194649,-0.355880,-0.177203,-1.191632,-1.036884,5.697434
-0.220206,-0.378217,-0.185127,-1.359384,-1.615998,7.172765
-0.252502,-0.386370,-0.190691,-1.577856,0.354459,6.126379
-0.232834,-0.384762,-0.152394,-0.606422,-0.488822,4.272862
-0.215611,-0.384801,-0.172982,-0.403801,0.416471,3.559571
-0.232827,-0.400852,-0.161349,0.120103,0.012518,3.069710
-0.238444,-0.398512,-0.143893,1.052315,0.006321,4.250843
-0.235128,-0.360157,-0.161749,0.848167,0.313432,4.418496
-0.235342,-0.347280,-0.143059,2.372430,0.473612,5.074908
-0.218841,-0.303144,-0.150799,1.955760,-0.399307,5.535618
-0.196527,-0.275194,-0.169246,1.686426,-0.113049,1.661930
-0.186269,-0.250969,-0.134801,2.705108,-0.886834,-1.445289
-0.173783,-0.231370,-0.164759,2.212450,-0.953596,-2.017270
-0.154870,-0.211101,-0.131305,1.958242,-1.090234,-1.140757
-0.125797,-0.172411,-0.116153,2.241903,-1.720232,-0.416599
-0.117089,-0.128892,-0.119445,1.445449,-1.596901,-1.024156
-0.134761,-0.121343,-0.080499,1.729318,-1.663718,-0.095416
-0.169414,-0.086578,-0.095723,-0.340046,-2.009267,0.505315
-0.177660,-0.030416,-0.066161,-0.286220,-1.838613,-0.646146
-0.157949,0.051599,-0.060243,-0.814362,-1.512057,-1.579133
-0.143276,0.063603,-0.062679,-1.779871,-0.434114,-1.938918
-0.131269,0.070582,-0.056990,-0.841783,-0.009186,-0.615147
-0.110114,0.084798,-0.035195,-2.123664,0.592689,0.304133
-0.109949,0.109895,-0.016613,-1.826550,1.715220,1.296529
-0.120847,0.131661,-0.011926,-1.567556,1.057561,2.736564
-0.109414,0.163406,-0.001018,-1.922122,2.611405,2.009888
-0.115313,0.189419,0.050099,-1.191038,-1.870597,-0.204121
-0.098011,0.226261,0.035158,-1.586956,-0.026402,-0.575572
-0.126460,0.227187,0.044972,-0.532118,0.051868,-0.491210
-0.119078,0.255055,0.040833,-0.637684,-1.427028,0.629395
-0.097598,0.272980,0.013835,-0.610824,-0.378841,0.060469
-0.085758,0.303165,0.061670,0.331948,-1.561592,-0.300537
-0.087186,0.309491,0.045491,-0.579710,-1.118673,-0.106400
-0.100256,0.326737,0.058466,0.217082,-1.205917,-0.313487
-0.083326,0.379039,0.071169,-0.433284,-1.591009,-0.115605
-0.092950,0.407242,0.057202,-0.525464,-0.840637,-0.831217
-0.112037,0.420687,0.091284,-0.475690,-0.701268,-0.633874
-0.115343,0.449979,0.066285,-1.908277,-0.452994,-1.331730
-0.081891,0.467872,0.083482,-2.063119,0.249126,-3.551217
-0.036282,0.493964,0.076165,-2.276084,0.998546,-2.811368
-0.026661,0.523959,0.044703,-3.211267,2.080119,-2.751388
-0.016968,0.564260,0.060744,-2.481735,2.253021,-3.658480
0.006190,0.611229,0.031609,-3.291260,2.943183,-5.768179
0.004637,0.605301,0.057403,-3.111116,1.887239,-7.903573
-0.014447,0.600252,0.052403,-3.221173,0.090951,-7.283442
-0.020375,0.574633,0.013182,-2.292407,0.982340,-8.001446
-0.029490,0.557072,0.045405,-1.068846,-1.341833,-8.955667
-0.016233,0.539770,0.030496,-0.877624,-1.548252,-7.737895
-0.011509,0.474233,0.019664,0.256754,-1.577469,-7.500905
0.015423,0.433219,0.013585,1.448242,-1.889767,-7.835529
0.036700,0.384219,-0.008404,1.837766,-1.248126,-8.376622
0.038630,0.301235,0.036615,2.903761,-2.161481,-5.982459
0.024263,0.233542,-0.006549,2.850448,-1.574390,-2.973079
0.044437,0.148352,-0.043342,3.240546,1.195177,-2.798055
0.082090,0.060370,-0.011673,3.646918,0.166208,-3.465560
0.093572,-0.033974,-0.019758,2.326564,1.701674,-2.286993
0.064821,-0.127973,-0.008371,2.640493,1.251599,0.400433
0.059894,-0.179301,-0.032064,1.576885,1.652286,2.350425
0.074560,-0.230750,-0.069831,0.773541,1.925306,2.307886
0.115905,-0.304224,-0.073219,0.330382,3.159815,3.365604
0.103163,-0.383196,-0.103575,-0.997223,0.495460,4.418946
0.055502,-0.472222,-0.116350,-1.081929,0.472749,4.049820
0.032423,-0.522030,-0.132654,-1.940434,-2.146814,5.551483
0.014012,-0.570124,-0.199225,-2.465293,-1.327649,8.148871
0.013424,-0.636433,-0.205819,-2.031771,-1.577984,9.622723
0.025323,-0.661619,-0.220469,-1.715778,-1.674022,8.946758
0.004161,-0.707508,-0.251619,-1.696795,-1.958842,7.957119
0.007194,-0.756347,-0.278115,0.013785,0.450336,9.688232
0.020101,-0.758530,-0.314563,-0.915444,-1.244708,11.077912
0.042011,-0.726566,-0.332466,0.737851,1.167615,10.602516
0.069374,-0.699581,-0.350847,1.451877,0.868086,10.883382
0.069292,-0.714683,-0.393887,0.704259,1.772965,10.798928
0.061417,-0.680618,-0.404499,1.900635,2.427467,11.592296
0.084381,-0.612058,-0.421495,2.379980,3.343615,10.940758
0.123511,-0.540110,-0.454431,1.641359,2.840069,9.983388
0.114704,-0.473437,-0.434339,2.918660,1.922280,9.103168
0.138177,-0.409196,-0.487384,1.899138,3.702793,8.401665
0.155032,-0.331622,-0.477553,1.299345,0.516461,5.812710
0.152800,-0.220971,-0.481498,0.932139,-1.527251,4.547906
0.143261,-0.109093,-0.524196,-0.029455,0.245692,3.304707
0.181541,0.000124,-0.505132,-0.784537,-1.427140,0.287406
0.230324,0.123990,-0.512399,-1.310414,-2.357163,-2.294104
0.225352,0.235248,-0.516985,-2.403623,-1.179785,-3.436939
0.219525,0.292796,-0.509517,-2.056761,-0.394075,-4.388132
0.291256,0.386904,-0.531920,-3.045530,-1.096169,-4.325844
0.325443,0.524920,-0.571939,-2.710522,2.547574,-6.787904
0.321103,0.581956,-0.506044,-2.167688,2.086145,-9.368260
0.378290,0.586571,-0.502713,-2.029905,1.856923,-9.641682
0.355897,0.616061,-0.521107,-1.204329,2.681993,-9.070844
0.344665,0.653910,-0.493761,0.962983,4.181286,-8.844390
0.417348,0.660436,-0.476220,0.248206,1.470494,-7.337063
0.407422,0.689636,-0.481373,0.534746,2.102718,-5.769673
0.339557,0.712157,-0.419519,2.029158,1.397641,-6.609588
0.362853,0.697649,-0.452987,0.829936,1.430662,-9.229315
0.376248,0.708698,-0.432590,1.292428,0.131063,-8.559005
0.316370,0.748806,-0.401239,1.032902,0.674936,-7.582809
0.341996,0.720268,-0.397547,0.385074,1.126035,-8.986648
0.399751,0.686518,-0.356470,-0.418910,-0.869930,-9.564165
0.334742,0.666141,-0.378968,-0.380552,0.592038,-6.882194
0.331039,0.593090,-0.325294,-1.266212,0.954915,-4.770046
0.415710,0.561168,-0.305248,-2.508599,0.244596,-3.668431
0.384044,0.575024,-0.284706,-3.291841,1.292842,-3.092535
0.311447,0.510717,-0.259461,-2.558649,2.733511,-1.804684
0.351181,0.422974,-0.232650,-4.242448,0.568635,-1.520301
0.334046,0.430002,-0.191193,-4.184254,2.143962,-1.943565
0.266576,0.398999,-0.133123,-3.086813,2.818004,-0.874345
0.319068,0.263655,-0.128840,-4.148508,2.565473,0.201884
0.322361,0.188671,-0.108820,-2.718363,0.780080,2.111198
0.263195,0.177159,-0.088154,-1.820140,2.544617,4.672586
0.298662,0.073618,-0.053514,-1.695932,1.676789,4.916043
0.323785,0.048714,-0.027416,-0.807133,0.375467,5.985141
0.228092,0.050598,-0.004265,0.069015,1.854658,6.380633
0.261051,-0.008945,0.041145,0.846638,1.205920,4.008761
0.344438,-0.041537,0.056113,0.656634,0.365114,2.193000
0.244744,-0.050239,0.070614,1.487816,0.533700,3.205899
0.202657,-0.122672,0.112426,1.721302,0.205131,3.807003
0.302315,-0.124218,0.092105,0.874811,-0.681744,3.577904
0.256295,-0.086759,0.101108,1.467077,1.634696,3.349986
0.205148,-0.145334,0.152669,1.655141,1.021907,3.003554
0.259217,-0.178063,0.132662,-0.265941,0.395496,1.887352
0.205421,-0.121031,0.134067,0.600324,1.292216,0.231061
0.154323,-0.117804,0.209439,0.547975,1.559669,-0.005623
0.244885,-0.183561,0.154395,-1.074173,2.300049,0.484677
0.226799,-0.205308,0.167144,-0.001731,1.369284,0.104029
0.144069,-0.232460,0.200366,0.929913,2.086270,1.335326
0.176246,-0.330372,0.189593,-0.363876,1.728140,1.753961
0.202079,-0.318555,0.215734,0.211407,-0.496900,3.476434
0.150581,-0.260643,0.202746,0.576930,1.492812,4.167967
0.176942,-0.287073,0.216013,0.083688,0.431275,1.640375
0.217930,-0.284503,0.175272,0.259564,-0.153219,0.594102
0.129186,-0.252919,0.183278,0.462274,0.334295,-0.025980
0.095318,-0.271882,0.230246,0.800513,-2.989534,-0.164689
0.211890,-0.263981,0.184837,0.611192,0.118662,0.273226
0.166688,-0.252959,0.159004,0.693259,0.603701,0.983401
0.112062,-0.284424,0.193318,1.465367,0.046691,3.490743
0.166225,-0.320314,0.139381,0.230980,0.125851,3.278187
0.183688,-0.272263,0.122431,1.447120,0.320224,3.846384
0.133000,-0.219698,0.158219,1.736415,1.137849,5.038672
0.160517,-0.241227,0.127959,0.387677,0.510917,4.048965
0.179063,-0.218592,0.101834,0.456852,0.985314,2.753689
0.123143,-0.176475,0.095738,0.881005,0.368374,3.787773
0.128014,-0.177125,0.046032,0.175816,2.410165,5.423547
0.166209,-0.136104,0.058525,-0.521115,0.332021,7.226079
0.129498,-0.041675,0.024769,-1.247256,1.245267,6.734072
0.109659,-0.011716,0.022727,-1.040981,1.570859,5.473753
0.149206,0.001224,0.002904,-2.421971,0.335040,4.722653
0.115544,0.103849,-0.017572,-3.010591,-0.113905,4.925814
0.070148,0.201433,-0.019800,-1.712039,1.011331,2.574788
0.136253,0.255665,-0.057381,-3.621063,-0.992000,0.904317
0.133680,0.316627,-0.105643,-3.029623,-0.042004,-0.189459
0.049275,0.361763,-0.076527,-2.288964,-0.953015,-1.325969
0.087942,0.399141,-0.143154,-2.744567,0.230173,-3.000124
0.089613,0.460686,-0.129237,-2.389581,-1.353387,-3.382391
0.021368,0.561907,-0.147957,-1.167040,0.116623,-1.809590
0.018039,0.598775,-0.184224,-0.859827,1.445981,-3.161821
0.075649,0.612768,-0.197587,-0.177585,-0.257765,-5.881862
0.042165,0.676819,-0.227398,0.381411,0.862098,-5.556712
0.021824,0.669515,-0.242028,0.618603,2.502463,-5.369889
0.102546,0.669975,-0.245573,0.057332,0.069832,-4.797499
0.100681,0.743810,-0.301479,0.341030,1.938698,-5.425913
0.037494,0.772416,-0.286072,0.478807,2.426327,-6.666640
0.092616,0.762280,-0.289479,-0.150331,0.874873,-8.151617
0.103173,0.803449,-0.327348,-1.122159,0.495830,-9.583581
-0.069329,0.811651,-0.185760,-2.177805,-19.905100,-12.392467
0.086032,0.787056,-0.348989,-1.519787,-0.597809,-11.302125
0.099887,0.738607,-0.381322,-2.103451,-0.943059,-11.463492
0.014593,0.722730,-0.342559,-1.310230,-3.330095,-10.667758
0.068119,0.665478,-0.381847,-1.889223,-1.255794,-10.909249
0.119647,0.586732,-0.389255,-1.538862,-1.644608,-9.166584
0.035476,0.533944,-0.379677,-0.810338,-0.461732,-6.792945
0.035239,0.446011,-0.381925,-1.109154,0.368738,-7.038260
0.117264,0.341041,-0.351908,-0.490123,-1.564517,-6.055380
0.091001,0.277710,-0.370942,-0.390967,0.517340,-1.415827
0.032722,0.143485,-0.365490,0.418430,2.708240,1.611025
0.116975,0.026111,-0.362992,0.665306,1.593773,3.141229
0.109331,-0.037572,-0.389738,0.556391,2.016387,4.344178
0.046482,-0.128466,-0.340636,1.622911,2.459815,5.864639
0.118239,-0.219566,-0.347020,0.685076,1.940717,5.983932
0.142519,-0.259396,-0.368888,0.396126,2.643129,5.312212
0.054179,-0.295056,-0.314974,1.506034,1.744359,4.982030
0.076408,-0.407096,-0.308993,-0.186175,-0.509327,5.864040
0.093907,-0.474996,-0.314074,-0.438972,-1.419735,6.181121
0.021988,-0.491497,-0.268652,0.744659,-1.330485,7.314494
0.052033,-0.570174,-0.267464,-0.425944,-1.273869,8.460218
0.105851,-0.631270,-0.269141,-0.687039,-2.473492,9.784201
0.048553,-0.615570,-0.249272,0.731132,2.920591,11.457311
0.020101,-0.637346,-0.214380,-0.471944,-0.893287,10.695549
0.084611,-0.665266,-0.211180,-0.686520,-1.556258,9.425834
0.029200,-0.600605,-0.192269,-0.214568,0.336511,12.488463
-0.017266,-0.597500,-0.181149,-0.534976,2.443055,11.940865
0.088202,-0.594881,-0.161723,-0.397340,1.433538,9.205522
0.065582,-0.516552,-0.147507,-0.574037,1.794275,9.428356
0.000915,-0.497504,-0.105249,0.381530,4.628302,8.492836
0.101427,-0.472935,-0.098694,-0.382041,2.280479,6.622596
0.134084,-0.344532,-0.096337,-0.197713,2.265856,5.002334
0.061666,-0.267769,-0.031499,0.904011,2.179538,4.407609
0.121679,-0.239015,-0.072336,0.144747,0.904166,3.985837
0.127010,-0.138451,-0.058760,0.016168,-0.373070,1.887865
0.049337,-0.019571,0.028429,1.245060,-1.487730,-0.595503
0.123517,0.040610,0.008626,0.116216,-1.807893,-2.253331
0.155803,0.096782,0.021151,0.558065,-2.442490,-3.171827
0.050539,0.226753,0.047526,0.888305,-1.203517,-3.551894
0.097527,0.284984,0.044631,1.019986,0.458109,-5.995509
0.245138,0.343520,0.089206,0.068529,-1.659100,-5.192507
0.190160,0.439137,0.061900,0.138596,2.324834,-3.581903
0.154786,0.450767,0.129511,0.051572,1.603177,-5.017931
0.237132,0.506060,0.125625,-0.871765,0.309644,-5.609724
0.203743,0.579649,0.113949,-0.726107,3.144065,-4.815904
0.215156,0.587477,0.164541,-0.053519,3.987379,-5.843908
0.353908,0.606998,0.134658,-1.213628,3.419888,-7.687878
0.305449,0.661723,0.138712,-0.702362,3.115675,-7.156732
0.191815,0.643873,0.187056,-0.687594,1.556727,-4.719956
0.276423,0.633142,0.142654,-1.742917,2.210228,-3.851336
0.322604,0.686754,0.171628,-1.074321,0.632652,-4.746716
0.280818,0.706252,0.168707,-1.061004,-0.026629,-4.400994
0.318038,0.612489,0.165651,-2.415417,-0.359760,-5.331816
0.321862,0.596566,0.165592,-1.557414,-1.754908,-3.543937
0.256275,0.600430,0.167371,-1.792784,-0.516789,-1.859204
0.286539,0.565281,0.174146,-0.852812,-0.507532,-1.940305
0.354745,0.547330,0.191562,-2.046736,-3.272041,-2.270484
0.304970,0.515529,0.153375,-2.074795,1.087654,-2.642188
0.275566,0.468981,0.179194,-1.988375,1.675982,-2.395950
0.324895,0.456294,0.146688,-1.875987,1.428082,-0.251200
0.304488,0.440713,0.128628,-2.170829,2.892614,1.292537
0.298901,0.401681,0.161085,-1.674862,4.253464,1.328168
0.382748,0.354391,0.150644,-1.980287,3.152317,-0.363316
0.355136,0.345604,0.132314,-1.772482,4.293677,0.649273
0.242250,0.287439,0.152987,-1.258721,3.854556,2.313866
0.273374,0.286097,0.125710,-2.204238,1.342066,2.238528
0.321839,0.311214,0.109196,-1.824988,2.010331,0.021130
0.304803,0.299896,0.146626,-0.627666,0.633289,-0.914917
0.305020,0.218035,0.084965,-1.511236,0.900135,-1.739770
0.293685,0.182309,0.070138,-0.505996,-0.680303,-1.294529
0.262998,0.185362,0.088123,-0.185968,-0.097887,-0.291049
0.315031,0.149413,0.080760,-0.111257,-0.072645,-0.895712
0.391226,0.083521,0.071796,0.897161,-0.521466,-1.739520
0.307623,0.063235,0.054800,0.638124,-0.136728,-2.157274
0.261383,0.009646,0.036047,0.746730,1.882733,-2.837061
0.339203,-0.024137,0.041351,0.822485,0.199371,0.126028
0.362853,-0.021327,0.002592,0.645953,2.294462,1.280137
0.372471,-0.083936,0.001844,1.066853,3.299883,-0.044421
0.451613,-0.126480,-0.028620,1.171359,3.661693,0.589256
0.415940,-0.161264,-0.066073,1.034774,4.049588,1.688410
0.368417,-0.193881,-0.062955,1.917087,4.009805,2.310714
0.470760,-0.226118,-0.079639,0.528937,4.155749,0.987979
0.463256,-0.225642,-0.077699,1.207181,1.107395,0.387588
0.387629,-0.276412,-0.086270,1.192521,1.623821,2.444147
0.413242,-0.379723,-0.139606,0.402668,1.337382,1.656304
0.477758,-0.388530,-0.125068,0.926335,-0.451852,2.573022
0.447448,-0.374009,-0.154643,0.826323,0.753492,4.639612
0.463736,-0.438870,-0.145859,0.406112,-0.451635,4.379145
0.517997,-0.438052,-0.200627,0.260506,-0.128876,4.266365
0.424803,-0.433286,-0.214935,0.246529,0.127840,4.342250
0.436803,-0.449761,-0.205340,0.949683,1.272420,4.043660
0.504366,-0.460757,-0.230687,-0.494573,0.346421,4.078656
0.414512,-0.458824,-0.226745,1.033688,2.297998,5.600231
0.372723,-0.481817,-0.224231,0.936498,2.557369,7.656534
0.445856,-0.487666,-0.268504,0.162387,3.790883,8.913959
0.399095,-0.447394,-0.224375,0.826208,2.528064,11.715906
0.352376,-0.413158,-0.228504,0.092120,3.822178,11.096371
0.443923,-0.373634,-0.248465,-0.378555,2.683605,7.362651
0.409464,-0.280091,-0.247608,-0.522050,2.020878,7.942606
0.303835,-0.215240,-0.283045,-0.983331,2.954167,7.634454
0.372960,-0.127314,-0.224638,-1.826692,-2.323675,4.314738
0.425298,0.009925,-0.278289,-2.618383,-0.048739,2.302789
0.301507,0.071730,-0.266141,-1.647930,1.347653,1.171188
0.287521,0.118259,-0.257715,-2.124996,-1.129538,0.163058
0.318461,0.212928,-0.277170,-3.209895,-1.838298,-1.458851
0.246520,0.326136,-0.244821,-1.670300,-0.237000,-2.108062
0.279259,0.407429,-0.246699,-1.348851,0.125571,-2.966807
0.326034,0.471492,-0.259159,-1.931389,-0.271167,-4.364591
0.214391,0.535050,-0.238079,0.128476,1.082235,-5.530234
0.195908,0.594620,-0.214931,-0.156341,1.063433,-5.539019
0.286497,0.633956,-0.234748,-0.420164,2.456355,-5.579293
0.225801,0.688862,-0.184503,0.643727,2.241641,-6.357158
0.187269,0.718837,-0.171915,0.803132,3.452299,-7.171246
0.245210,0.752137,-0.165248,-0.287632,1.693526,-7.008912
0.196584,0.797104,-0.141385,1.008799,2.635894,-5.485442
0.160385,0.835827,-0.132660,-0.045280,3.826779,-6.716073
0.282449,0.878410,-0.143460,-0.685923,2.412758,-9.938263
0.262410,0.888772,-0.124267,-0.848013,-0.249740,-11.087780
0.121557,0.884387,-0.097528,-1.600896,0.875096,-11.242166
0.146895,0.836109,-0.091942,-2.340443,0.203431,-12.712145
0.214487,0.816276,-0.073219,-1.422069,-1.604924,-11.691023
0.166832,0.783662,-0.061379,-1.692069,-0.007361,-10.733359
0.173010,0.702438,-0.015556,-1.326002,-1.355721,-10.246238
0.215281,0.612013,-0.009553,-1.618405,-2.032799,-8.295400
0.123442,0.547812,0.001851,-1.691915,0.288928,-6.218957
0.120648,0.452290,0.058410,-0.656601,-1.465512,-5.936354
0.220917,0.376347,0.029180,-0.905321,-0.271794,-3.363688
0.169924,0.284859,0.041240,-0.902761,1.488236,-1.263308
0.119303,0.175836,0.086114,0.803979,2.659630,0.740139
0.140199,0.070536,0.068231,0.237296,0.942951,4.243314
0.084886,-0.001537,0.076405,0.133974,2.336215,6.088812
0.037836,-0.075224,0.138472,0.223185,2.029494,4.795220
0.111448,-0.130310,0.119119,-0.438040,1.915367,4.450956
0.062431,-0.206105,0.116779,-0.659870,1.150910,5.210943
-0.068239,-0.269840,0.156089,0.293137,1.321955,6.093901
-0.013350,-0.323987,0.155308,-1.023456,-0.349361,6.166927
0.043764,-0.351891,0.162139,-0.690495,0.130591,6.668991
-0.044609,-0.396936,0.226458,-0.527325,-2.685114,7.893966
-0.024537,-0.452236,0.176896,-1.383953,-0.090908,8.104533
-0.003900,-0.482664,0.216381,-1.029981,-2.212614,7.061168
-0.032244,-0.462792,0.230847,-0.768788,-1.560285,9.037664
-0.024468,-0.474264,0.216204,-1.228788,-0.138776,9.033545
0.037350,-0.468851,0.231598,-0.488060,-0.324263,8.142696
-0.000920,-0.460320,0.251972,-0.006271,-0.362408,8.289981
-0.012126,-0.460133,0.225739,0.194713,0.718436,9.505924
0.040931,-0.464548,0.223596,1.070333,1.780676,9.251986
0.034022,-0.403258,0.240251,0.531622,-0.393168,8.469829
0.018722,-0.347368,0.216476,0.418457,2.034589,6.220149
0.051471,-0.291005,0.254342,0.639838,0.356189,4.558969
0.054905,-0.212427,0.247653,0.080376,0.416796,4.115032
0.005625,-0.134184,0.230807,-0.000221,1.761631,1.009055
0.051376,-0.057959,0.234641,0.491898,0.785073,-2.469260
0.092567,0.008442,0.213483,0.219137,-0.520383,-2.528892
0.039740,0.017209,0.230906,0.512259,0.729192,-2.757066
0.042782,0.034885,0.244968,1.323543,-0.579854,-3.946861
0.097061,0.078348,0.199581,0.876107,-0.426656,-2.936329
0.044729,0.138748,0.223950,0.967021,-0.786759,-1.558849
0.019625,0.186209,0.241862,1.179424,-0.631480,-0.953037
0.071973,0.247748,0.215846,0.342130,-0.242048,-1.934377
0.041174,0.289839,0.212353,0.387063,0.677576,-3.724348
0.020721,0.311808,0.217067,0.389637,0.705168,-3.755348
0.055026,0.325772,0.166983,-0.292671,0.469092,-4.707836
0.047509,0.366339,0.198045,-0.618554,0.443968,-5.448597
0.011606,0.402108,0.191828,-0.903952,1.859477,-3.927572
0.030759,0.396823,0.162578,-1.193526,1.560680,-2.756710
0.037192,0.401478,0.160071,-0.806697,1.032342,-1.929295
-0.007232,0.420004,0.136447,-1.631022,1.625518,-2.917159
-0.000628,0.420815,0.131950,-1.412038,1.188326,-3.368038
0.035587,0.443378,0.141075,-2.181497,-0.499900,-0.952127
-0.010872,0.437939,0.110063,-2.325796,0.344451,-0.135316
0.018594,0.452444,0.122506,-1.809183,-0.125250,-0.817022
0.082129,0.477788,0.096562,-2.142925,-0.096870,-0.567346
0.042320,0.467773,0.088359,-2.467680,0.459842,-0.214120
0.026643,0.458812,0.090647,-1.263773,0.330967,-1.657080
0.114011,0.497361,0.033260,-2.219908,0.109530,-1.802146
0.106724,0.482685,0.046124,-1.166108,1.062025,-1.159816
0.096060,0.463155,0.052315,-1.672200,0.306398,0.669280
0.195202,0.441267,0.000321,-1.532625,2.744491,1.002296
0.216066,0.449359,0.023439,-0.981690,0.953612,1.479031
0.157687,0.432920,0.022671,-1.339758,0.995001,1.397511
0.215754,0.441973,-0.012333,-1.333972,1.393873,-0.549720
0.263388,0.447734,-0.030557,-0.728332,1.428279,-2.947842
0.227623,0.475923,-0.035192,-0.999649,1.395937,-3.369443
0.240415,0.469720,-0.059905,-1.141857,2.449554,-4.077583
0.306227,0.455037,-0.049411,-0.663045,0.458338,-3.131632
0.236797,0.415490,-0.065965,-1.079819,0.780424,-3.904325
0.252658,0.395973,-0.022410,-0.410385,0.067584,-5.210400
0.339177,0.376406,-0.086713,-0.304418,-0.261244,-2.792397
0.278100,0.329710,-0.087396,-0.473536,1.209682,-2.441649
0.272871,0.291116,-0.066155,0.527745,1.245411,-3.967487
0.384566,0.272721,-0.101504,-0.041525,1.493541,-4.670153
0.324691,0.216998,-0.086608,0.604663,1.397493,-4.189240
0.268112,0.169898,-0.090478,0.286571,2.179022,-3.242106
0.347048,0.150647,-0.121562,-0.416845,1.277553,-4.262601
0.355973,0.120048,-0.097000,0.117624,1.103653,-3.268077
0.287472,0.039536,-0.087648,0.480157,2.476802,-2.044693
0.359695,-0.025755,-0.115805,0.209966,2.262924,-5.025815
0.408387,-0.076439,-0.100371,1.215794,1.751990,-4.133709
0.348867,-0.145127,-0.099711,0.782148,2.773308,0.038231
0.427100,-0.195004,-0.112723,0.682450,3.042103,2.186783
0.464727,-0.248892,-0.114472,1.194944,0.721994,3.840960
0.375175,-0.302878,-0.098388,0.200713,2.003307,3.230465
0.440387,-0.333024,-0.084632,1.341501,1.613711,2.456425
0.514685,-0.367870,-0.125938,0.223861,0.610943,3.893561
0.428915,-0.438781,-0.091377,0.782282,1.262257,4.899654
0.417355,-0.461778,-0.072562,0.643432,0.742014,4.702376
0.533930,-0.458285,-0.099094,0.251191,0.660849,6.031015
0.475602,-0.501630,-0.078714,0.831214,1.320803,8.341772
0.426303,-0.506229,-0.057690,-0.165600,1.293358,9.221645
0.523873,-0.502651,-0.090790,-0.353146,1.496242,8.033893
0.485817,-0.516801,-0.028994,0.043859,1.076668,8.144754
0.452969,-0.496168,-0.016577,-0.491451,2.736295,8.904145
0.542196,-0.447877,-0.039859,-0.729805,2.543537,8.124075
0.534613,-0.411711,-0.021277,0.014999,2.787596,8.715947
0.434121,-0.390953,-0.001954,-0.735310,3.033431,9.551811
0.492303,-0.331064,0.009610,-0.870418,2.282176,8.509286
0.492394,-0.249338,0.021276,-0.598538,1.379604,6.993842
0.394302,-0.184264,0.031855,-1.057600,1.974661,3.709434
0.441907,-0.135589,0.036178,0.515745,2.812589,1.337583
0.484372,-0.075320,0.054530,-0.358739,-0.894814,2.244594
0.395057,-0.025348,0.058844,-0.563284,1.654397,1.581765
0.403339,0.041036,0.081588,0.477570,0.820894,0.766662
0.448459,0.120494,0.084023,0.056594,0.119332,1.543491
0.347091,0.175705,0.089387,0.034681,1.145976,-0.335298
0.323355,0.261334,0.133233,0.933103,1.321393,-4.346194
0.394660,0.372838,0.122648,-0.361172,-0.065289,-6.004078
0.293262,0.417670,0.150522,-0.295526,1.353774,-5.191953
0.253495,0.467497,0.157747,-0.558745,1.820570,-5.741119
0.338152,0.549112,0.120048,-0.806073,3.244803,-6.755402
0.310902,0.591511,0.174572,-0.812304,2.155113,-6.274303
0.263854,0.615440,0.171648,-0.981694,3.282351,-6.416378
0.296052,0.655831,0.185966,-1.783547,1.453344,-8.776740
0.287307,0.694859,0.207525,-1.154613,1.583528,-9.496707
0.211969,0.725862,0.210578,-1.724129,1.008028,-8.149087
0.231408,0.730585,0.180960,-0.850708,1.450288,-9.479515
0.263103,0.760281,0.223747,-1.859638,-1.312964,-9.607862
0.191007,0.745796,0.208217,-1.950026,0.515505,-8.751048
0.171398,0.714695,0.235718,-0.969976,0.083563,-9.411113
0.211742,0.694028,0.227092,-1.119806,-1.046174,-8.113039
0.169560,0.652430,0.241226,-1.474788,0.096016,-7.824658
0.182992,0.630398,0.269760,0.023152,0.349647,-7.492753
0.250905,0.593537,0.236768,0.210668,0.686730,-5.829793
0.196289,0.495067,0.268890,0.137811,1.404875,-3.692210
0.159191,0.421596,0.268220,0.392450,1.255639,-2.123712
0.206228,0.369612,0.253863,0.386282,1.747621,-1.786037
0.226753,0.295573,0.267892,0.511658,1.765458,0.849428
0.209688,0.220891,0.253985,0.205768,2.508520,2.766862
0.223136,0.154182,0.232127,-0.229759,2.414636,2.299543
0.262423,0.099296,0.254346,0.318657,1.980422,3.290132
0.211542,0.043465,0.263829,-1.048704,2.404562,5.031974
0.205135,-0.010839,0.262207,-0.926309,2.081222,4.905489
0.261606,-0.032389,0.264682,-2.001553,-0.757588,4.457720
0.245910,-0.049887,0.232504,-2.661550,0.513270,3.946871
0.207361,-0.104917,0.252261,-2.116222,-0.227221,4.330877
0.228677,-0.157844,0.216424,-2.977031,-0.743697,4.879672
0.208992,-0.179924,0.223999,-2.622302,-0.507213,4.453398
0.188493,-0.194160,0.254204,-1.324655,-0.502260,4.614575
0.233847,-0.200551,0.225710,-1.533592,-0.936783,5.765669
0.192189,-0.258572,0.221702,-1.009971,-0.252040,5.003388
0.132662,-0.262740,0.245637,-0.401184,-0.397179,3.269323
0.174786,-0.236287,0.209278,-0.015045,1.485417,3.449359
0.189330,-0.241585,0.218419,1.344347,1.252584,5.286452
0.135958,-0.251833,0.211523,1.462643,1.543933,5.571294
0.137248,-0.229401,0.200917,1.659727,2.324159,3.559077
0.137674,-0.208961,0.227994,2.167589,-0.028476,2.482890
0.096985,-0.200358,0.199135,1.849738,1.412320,3.595304
0.059336,-0.180624,0.207459,2.274521,0.832461,2.202699
0.077859,-0.112178,0.184571,1.317749,0.119200,1.319808
0.061719,-0.067248,0.179191,0.115219,0.284773,0.725160
0.033024,-0.036590,0.174884,1.053218,0.383322,-0.202632
0.049475,-0.010981,0.147597,-0.167255,-0.606232,-1.609534
0.033037,0.025179,0.122802,0.109445,-0.254696,-2.548011
0.023544,0.065133,0.124187,0.011720,-0.177181,-1.545952
0.087548,0.108113,0.099805,-0.882905,-0.279777,-1.042609
0.083668,0.112029,0.124440,-1.564106,-0.842587,-1.814523
0.012820,0.121065,0.117822,-1.259161,0.199495,-1.811709
0.001397,0.139454,0.089137,-1.234658,0.147708,-1.456940
0.036044,0.143245,0.109964,-0.123674,-0.100231,-0.192173
0.005816,0.161807,0.112895,-0.914607,-0.095609,0.506868
-0.007721,0.167666,0.075364,-0.371587,1.214937,-1.579707
-0.007465,0.144896,0.095738,0.588428,-0.254748,-0.860176
-0.040831,0.139342,0.062024,-0.045027,0.995411,1.332601
0.008583,0.180954,0.063688,0.240880,1.805438,1.395309
0.076329,0.203491,0.051340,1.221863,1.099569,1.942768
0.040032,0.190890,0.039402,0.112891,2.057464,2.786380
-0.024810,0.173466,0.052594,0.469269,1.043358,1.183804
0.005927,0.214457,0.042576,-0.282058,-0.358910,1.691903
-0.002791,0.243550,0.043032,-0.910704,-0.244599,1.840928
-0.047271,0.269842,0.059789,-0.716860,-1.047309,1.713237
-0.075996,0.282621,0.031166,-2.263469,-1.313141,-0.036474
-0.108728,0.283996,0.045688,-2.102607,-2.204247,-2.382115
-0.114506,0.325772,0.054911,-2.414714,-1.569988,-1.607887
-0.103716,0.369123,0.017038,-3.166819,-0.318428,-0.242550
-0.111088,0.365476,0.033927,-2.646057,-1.496728,-0.037578
-0.134729,0.392855,0.028031,-2.930704,-0.301658,0.040077
-0.154610,0.411046,0.030864,-3.159558,0.215865,-1.049227
-0.140670,0.415937,0.046511,-2.384148,0.315713,-0.191602
-0.148932,0.432215,0.048294,-2.744662,0.263874,0.293946
-0.155165,0.493872,0.045376,-2.813534,1.711901,-2.022741
-0.148216,0.543361,0.064699,-1.765412,-0.530040,-3.954138
-0.147238,0.555798,0.049318,-1.868293,1.262463,-3.662438
-0.178782,0.547783,0.040055,-1.285424,1.315084,-5.744571
-0.162899,0.595135,0.074425,0.200794,-0.735038,-7.532512
-0.140755,0.597190,0.050145,-0.470234,-0.913389,-6.948950
-0.181110,0.540322,0.071205,0.460721,-0.673988,-6.986541
-0.147172,0.523621,0.078033,1.564848,-1.631088,-7.189060
-0.090261,0.509759,0.071343,0.904352,-1.627559,-7.509513
-0.083434,0.441271,0.080626,1.796982,-0.711001,-6.929253
-0.079150,0.404754,0.106055,2.571443,-1.252390,-4.517458
-0.066323,0.363401,0.103170,0.905590,-1.304557,-4.512477
-0.029054,0.327948,0.135810,1.842194,-0.435666,-5.693317
0.043560,0.293499,0.121646,0.663809,-0.622060,-4.209052
0.048221,0.209872,0.109045,0.277404,1.588410,-3.068250
0.038765,0.153729,0.122182,0.666287,1.167805,-1.942773
0.060793,0.081617,0.121774,-1.008734,1.512602,-2.793656
0.092652,0.007752,0.158928,-0.548920,0.717454,-1.179006
0.108763,-0.083667,0.143757,-0.858451,0.694408,1.219162
0.083534,-0.166309,0.158554,-1.556465,0.485685,1.104756
0.070000,-0.235572,0.200307,-0.448442,-0.454865,0.764795
0.115049,-0.294242,0.176010,-1.170575,0.739315,4.507791
0.131264,-0.371225,0.168539,-0.966981,0.326585,6.289549
0.160520,-0.411990,0.206960,-0.135189,-0.882888,5.597862
0.158203,-0.454737,0.168372,-0.253205,-0.166030,5.475132
0.136457,-0.517484,0.204233,0.029711,-0.576955,6.570118
0.123064,-0.561843,0.214165,0.633306,-0.601731,9.505734
0.129340,-0.547541,0.229133,-0.065735,0.106399,8.018379
0.139802,-0.549593,0.248289,1.166288,0.046445,7.169898
0.116483,-0.554247,0.257402,0.535542,-0.652228,8.950451
0.077626,-0.589369,0.225368,0.714366,1.125698,8.454835
0.095285,-0.538009,0.265880,0.931486,0.731356,8.896746
0.132551,-0.491878,0.240615,0.492364,1.997520,9.647863
0.135938,-0.477340,0.268509,0.861921,1.942877,9.335175
0.134993,-0.437455,0.270029,0.281606,1.657719,8.723387
0.131628,-0.362573,0.250630,-0.132999,1.812909,7.080449
0.130086,-0.283315,0.257694,0.185424,1.448578,6.859875
0.145198,-0.185124,0.249419,-1.314660,0.961005,6.906478
0.119867,-0.114292,0.262611,-1.157780,0.098016,3.978899
0.090791,-0.020982,0.260284,-1.299135,-0.972443,1.423804
0.056375,0.043682,0.264419,-1.609598,-1.067805,-2.022679
0.030467,0.120120,0.283730,-1.272386,-1.656858,-1.864204
0.050023,0.219519,0.252514,-1.744529,-1.579829,-2.947229
0.086019,0.307915,0.271030,-0.357893,-0.878264,-4.416558
0.076805,0.340030,0.270646,-0.307734,-1.012844,-5.907567
0.054855,0.353918,0.254946,0.311259,-0.179656,-6.578852
0.039477,0.385725,0.249911,1.007119,1.028708,-5.884086
0.061059,0.436948,0.228759,1.198393,1.770683,-5.207713
0.076989,0.463020,0.260211,1.956426,1.483585,-5.603966
0.060294,0.472657,0.241659,1.366053,1.966395,-4.623367
0.023068,0.477745,0.236384,1.201909,1.859585,-5.510211
0.015535,0.514857,0.255294,1.774467,1.757445,-6.449511
0.010250,0.543913,0.235888,0.477737,2.022249,-7.044378
0.004486,0.568094,0.253170,0.443879,1.070618,-6.734083
-0.021166,0.561818,0.244456,-0.867957,-1.223228,-7.533035
-0.017844,0.556580,0.193949,-1.698434,0.125926,-8.696384
-0.023047,0.544339,0.204462,-1.151642,-0.242810,-6.943640
-0.018885,0.514246,0.199398,-2.241900,-3.731595,-4.541754
0.027716,0.511577,0.120836,-2.659512,1.153158,-4.450968
0.040291,0.491709,0.163996,-3.036963,-0.696184,-5.735651
0.031908,0.435142,0.145234,-3.016579,-0.554254,-3.304805
0.010588,0.383152,0.104594,-3.346513,0.396051,-2.232484
0.025435,0.374867,0.119487,-2.654152,0.237837,-2.243861
0.065274,0.360217,0.118955,-2.096715,-0.621584,-1.177035
0.067509,0.293942,0.059031,-1.975511,1.309800,-0.007012
0.061023,0.212458,0.048202,-0.858353,1.319503,2.172968
0.091845,0.178912,0.049206,-0.526482,2.314984,3.708425
0.135416,0.139933,0.026735,-0.078094,1.765117,4.262975
0.165473,0.111536,0.053263,1.050602,1.463086,6.141935
0.169760,0.103419,0.024217,0.161908,1.340038,6.171192
0.144285,0.077114,0.015095,0.312719,1.324433,3.082365
0.177569,0.107092,0.025284,0.575659,0.192418,3.634405
0.176814,0.062782,-0.024061,-0.020031,0.383095,1.767020
0.169219,0.037928,-0.006536,0.742834,-0.505005,1.550514
0.147571,0.024772,-0.023592,-0.325436,-1.750723,2.680979
0.125529,-0.000221,-0.057755,0.489318,-0.734486,2.518846
0.099483,-0.029418,-0.014594,0.108926,-1.620472,2.305931
0.109491,-0.028263,-0.032536,-1.095794,-1.443930,1.887564
0.116460,-0.022010,-0.013265,-0.805532,-0.137421,0.097119
0.111618,-0.021806,-0.007777,-0.951416,-1.002586,-0.435864
0.083061,-0.068220,-0.039909,-1.134534,1.163259,0.056955
0.090992,-0.089739,-0.004895,-0.640819,1.258042,1.646975
0.124843,-0.094978,-0.023408,-0.854991,2.925603,1.193136
0.154444,-0.124809,-0.000093,-0.169320,2.646609,1.449646
0.140645,-0.163627,0.000144,0.350888,2.500078,3.204829
0.103199,-0.168272,-0.023713,0.011881,2.411632,3.813487
0.096611,-0.162951,0.007198,0.344218,1.367292,1.504278
0.159732,-0.097991,-0.002558,0.094470,1.243495,0.389868
0.151106,-0.096459,-0.022663,-0.367543,0.258215,-0.807326
0.102546,-0.105334,0.000226,0.829996,-0.346397,-1.722346
0.058919,-0.104642,-0.015825,0.624958,-1.142772,-2.539382
0.060534,-0.141369,-0.031870,1.197461,-1.263714,-4.323253
0.116201,-0.107819,0.000584,0.916284,-3.679812,-1.983818
0.136723,-0.120617,-0.038031,1.036589,-1.008176,-1.355533
0.090870,-0.145823,-0.008768,1.577138,-1.489621,-0.441154
0.061525,-0.132119,-0.004786,1.115788,-0.723461,2.297200
0.068044,-0.102928,0.025996,0.377669,-0.220473,4.028811
0.108106,-0.087140,0.072804,1.148133,0.785375,3.262418
0.112278,-0.101451,0.058072,0.298562,1.081106,1.380868
0.050106,-0.149552,0.072613,0.243719,0.850085,1.974500
0.011025,-0.151384,0.085165,0.520409,2.193849,6.672877
0.020652,-0.106598,0.092896,-0.881947,2.134782,8.366625
0.072429,-0.052904,0.124673,-0.693824,1.680978,6.824673
0.067253,-0.010249,0.150223,-1.275042,1.008203,7.015579
-0.004823,-0.001891,0.111884,-2.281857,1.987948,5.996345
-0.085705,0.044214,0.164298,-2.192027,-1.850433,4.400930
-0.089697,0.142611,0.146416,-2.833307,-1.181778,2.179824
-0.067166,0.194234,0.203967,-3.100655,-2.134459,0.286132
-0.099134,0.190128,0.239552,-2.406967,-2.709224,-0.910262
-0.166644,0.192836,0.222765,-2.540083,-2.782403,-2.785756
-0.241168,0.224617,0.297431,-1.343566,-5.636125,-0.757030
-0.218818,0.285572,0.288654,-1.490879,-2.063467,1.675164
-0.215355,0.324521,0.338488,-0.867829,-1.221022,1.154753
-0.219350,0.395143,0.365804,-0.675698,-1.033681,-0.440172
-0.255148,0.406943,0.350964,-0.604558,1.573452,-2.918877
-0.265747,0.408102,0.387777,0.610449,1.507511,-3.031035
-0.265327,0.443697,0.385906,0.598091,2.753839,-1.039186
-0.269781,0.504691,0.435408,0.321024,2.267792,-2.053424
-0.238444,0.529601,0.468364,0.875572,1.191996,-3.747888
-0.314298,0.544251,0.456829,-0.858077,-0.142449,-3.613844
-0.396119,0.567865,0.477089,-0.833633,-0.171302,-4.475046
-0.368415,0.645642,0.480417,-0.982629,-0.886867,-7.146544
-0.304276,0.701509,0.476068,-2.006139,-1.488742,-9.515926
-0.348173,0.689568,0.499524,-1.738424,-2.262688,-10.130859
-0.386111,0.651921,0.513382,-2.202718,-4.599091,-10.362464
-0.369778,0.629673,0.493458,-3.049964,-3.560124,-11.278609
-0.384292,0.607133,0.537334,-2.152027,-3.287934,-10.350916
-0.348343,0.619773,0.523568,-2.199022,-2.011588,-8.261424
-0.304894,0.574223,0.516819,-1.924206,-1.974969,-9.172529
-0.327933,0.516022,0.528048,-0.414771,-0.855431,-9.027389
-0.356756,0.430416,0.515752,-0.019615,-0.276908,-8.398211
-0.305337,0.331710,0.499360,1.146593,0.791296,-4.885632
-0.282842,0.247282,0.511676,1.529049,0.458004,-0.108789
-0.288721,0.156486,0.500450,2.132667,1.838761,-0.459813
-0.240334,0.061676,0.496294,3.554353,0.987366,1.090607
-0.254774,-0.058080,0.475838,2.165078,-0.101908,2.774969
-0.316490,-0.151443,0.467202,2.983682,1.329941,2.791141
-0.251770,-0.182012,0.452661,3.017757,-0.568828,2.814471
-0.204428,-0.223909,0.414949,1.356318,-2.272528,5.839237
-0.283492,-0.327011,0.396895,1.067812,-1.824899,7.399022
-0.288091,-0.379155,0.372290,0.195415,-2.209876,7.163619
-0.217804,-0.409600,0.337976,-1.637866,-3.270865,5.916038
-0.260961,-0.463366,0.347124,-1.591941,-3.170899,6.651097
-0.284191,-0.498748,0.325013,-2.641944,-3.988662,8.665928
-0.214971,-0.527479,0.279066,-2.806266,-2.094325,7.937356
-0.225196,-0.554264,0.281426,-2.607859,-1.703353,8.710619
-0.281388,-0.569422,0.245890,-3.113705,-0.237866,9.067482
-0.228524,-0.565115,0.216634,-2.778204,-0.789411,10.750931
-0.228124,-0.550128,0.224095,-2.114925,-1.906139,11.766744
-0.240088,-0.530167,0.171540,-1.966510,1.528325,9.843441
-0.190369,-0.516598,0.141870,-0.458853,0.957480,7.248585
-0.205393,-0.529918,0.136194,0.481096,0.733519,8.145374
-0.280820,-0.489859,0.117320,0.712340,0.432266,7.555252
-0.225599,-0.368123,0.071619,2.260462,-0.228410,6.254933
-0.238657,-0.290152,0.087036,2.172106,-2.137922,6.288721
-0.349791,-0.252319,0.026879,1.781161,-1.688707,5.554214
-0.342559,-0.154663,0.022021,2.894665,-2.608713,0.696614
-0.293425,-0.047891,-0.026398,2.645893,-4.050212,-2.488538
-0.350962,0.003105,-0.034158,1.742103,-2.588601,-2.424157
-0.352554,0.082080,-0.043444,1.981622,-1.818059,-1.725836
-0.281004,0.179175,-0.054345,0.721350,-2.768164,-2.118944
-0.319500,0.206826,-0.063831,0.389026,-0.789904,-5.552573
-0.325133,0.266067,-0.068013,0.366502,-0.192979,-5.613594
-0.269131,0.362006,-0.100177,-0.816850,-0.305757,-4.470439
-0.333241,0.442111,-0.103082,-2.251469,0.151952,-5.838286
-0.386226,0.498654,-0.072168,-1.349393,1.132256,-7.924451
-0.302300,0.542176,-0.105738,-2.169031,-0.892996,-6.898636
-0.323426,0.512762,-0.139114,-2.215408,0.028148,-7.241316
-0.397869,0.516376,-0.111426,-1.234859,-0.424191,-9.129277
-0.342231,0.544215,-0.155099,-0.571767,-1.387685,-8.287797
-0.349183,0.517876,-0.149772,-0.469873,-1.726351,-6.367928
-0.393037,0.468282,-0.096383,-0.031005,-3.225368,-6.224282
-0.341919,0.460578,-0.143755,0.626491,-2.544807,-7.731564
-0.345776,0.416160,-0.115090,1.325479,-3.104125,-6.726490
-0.398453,0.363799,-0.092053,1.142451,-3.247541,-2.339787
-0.370631,0.333846,-0.120853,0.694818,-1.160258,-2.230520
-0.253057,0.339092,-0.087921,1.776283,-1.530153,-2.197704
-0.251642,0.279670,-0.064396,0.369394,-1.169173,-0.581939
-0.287969,0.214169,-0.066441,0.163326,0.573683,-0.361950
-0.250832,0.203484,-0.048013,-0.532958,-1.046617,0.823664
-0.239458,0.223540,-0.060585,-1.430334,0.674769,2.811007
-0.259359,0.202155,-0.035947,-2.438164,1.103768,1.759461
-0.189572,0.173916,-0.029244,-2.119049,0.075337,0.866656
-0.187832,0.138328,-0.026181,-3.386306,0.356951,1.739969
-0.249604,0.098788,0.006114,-3.557495,0.894433,1.295772
-0.165170,0.076359,0.011540,-2.652855,-1.548912,2.978900
-0.123063,0.049541,0.001398,-3.623190,-1.217234,5.131413
-0.194833,0.011097,0.051882,-3.150351,-1.187932,3.620804
-0.133425,0.025428,0.068563,-2.066982,-1.827131,1.780010
-0.067274,0.034110,0.049745,-1.761017,-0.755885,1.400630
-0.168259,0.011087,0.093588,-0.814115,-1.039336,1.867234
-0.158474,0.035436,0.093903,0.043425,-2.016649,1.894452
-0.071496,0.064509,0.081870,-0.268141,-1.742001,0.603135
-0.114427,0.023456,0.155564,1.019681,-0.924969,0.491643
-0.147464,-0.013987,0.181003,1.591945,0.435128,0.696408
-0.093324,0.018348,0.153946,1.998455,0.160461,0.446477
-0.129290,0.031192,0.222247,2.608256,-0.793747,0.315064
-0.170602,0.003134,0.252629,2.411989,0.547086,0.035252
-0.102827,-0.007783,0.230761,2.085492,0.516658,-1.735970
-0.116009,-0.013931,0.265555,2.632149,0.926033,-2.512179
-0.189762,-0.044133,0.304216,2.012510,0.842479,-2.195611
-0.122456,-0.066582,0.259811,1.785589,1.339552,-1.313973
-0.106992,-0.094945,0.321938,1.296821,-1.095620,-0.658650
-0.174938,-0.098497,0.343497,0.661692,-0.278772,-0.742622
-0.121188,-0.092996,0.311227,-0.365590,-0.691601,-2.341796
-0.099153,-0.095408,0.325876,-0.109694,-2.310739,-1.208360
-0.178142,-0.102383,0.372123,-2.163880,-1.460171,0.173766
-0.129979,-0.086460,0.371076,-1.561073,-1.148398,-2.029085
-0.038146,-0.114292,0.371558,-1.290528,-2.142685,-1.905870
-0.119675,-0.197259,0.370564,-1.232527,-0.539293,0.006734
-0.140190,-0.255545,0.392257,-0.295618,-0.209890,0.049265
-0.039768,-0.227333,0.394890,-0.575140,-2.252614,2.249574
-0.087494,-0.247129,0.404461,-0.672133,-0.188712,3.825436
-0.114368,-0.284966,0.414174,0.848322,0.734307,3.196649
-0.038592,-0.285550,0.387688,1.286704,-0.265347,3.394739
-0.059055,-0.285655,0.366549,0.763585,1.896716,4.471733
-0.123637,-0.310641,0.408072,1.740524,1.467780,5.657756
-0.031483,-0.280383,0.386112,1.915350,-0.187550,7.993085
-0.047816,-0.255224,0.391453,1.036047,1.001865,9.203992
-0.115966,-0.248580,0.391414,1.067421,0.889802,7.601439
-0.019725,-0.187888,0.369356,0.889309,-0.655448,6.297934
-0.021947,-0.135533,0.335350,-0.409141,-1.405646,7.952962
-0.164251,-0.078451,0.354050,-1.610510,-0.013124,7.062827
-0.124474,0.015732,0.341849,-1.523913,-1.563079,4.785326
-0.076465,0.116746,0.279574,-2.885153,-2.178076,3.449780
-0.214213,0.131773,0.301931,-3.480597,-1.339407,1.795967
-0.211311,0.178380,0.297782,-2.843942,-1.216072,-0.765636
-0.136642,0.282778,0.248739,-3.524214,-2.147294,-1.081623
-0.252243,0.310295,0.269514,-3.103113,-0.873652,-0.359551
-0.263466,0.347606,0.254004,-2.158379,-1.061299,-0.621369
-0.168410,0.421146,0.201006,-2.077500,-0.855776,-3.328327
-0.256911,0.448010,0.196801,-0.803425,0.379635,-4.439369
-0.333861,0.448584,0.184449,0.967007,0.581909,-3.259796
-0.268294,0.508978,0.128451,0.448592,0.454816,-2.218399
-0.332761,0.508643,0.135344,1.249113,0.272257,-2.578447
-0.407292,0.526444,0.158049,1.660268,0.088427,-3.679156
-0.311928,0.590461,0.098033,1.011399,-1.530156,-4.060541
-0.340826,0.616143,0.074645,0.878611,-0.797569,-4.329630
-0.429544,0.648751,0.089958,0.543986,-1.064496,-6.498227
-0.347818,0.713989,0.017363,-0.402038,-1.133490,-9.529365
-0.334330,0.718680,0.004838,-0.902896,-1.862749,-10.601029
-0.434688,0.693605,0.020885,-1.192351,-0.928233,-10.282942
-0.384749,0.691547,-0.013035,-2.671381,-1.898213,-11.621743
-0.330621,0.700157,-0.039557,-2.053784,-1.531430,-9.617882
-0.406629,0.630165,-0.012080,-2.057372,-1.208750,-7.186629
-0.394921,0.603886,-0.035776,-2.783125,-0.746074,-8.003743
-0.328698,0.581237,-0.064146,-2.445779,-1.459945,-9.282829
-0.375771,0.505705,-0.035520,-1.810230,-1.674728,-6.853962
-0.376198,0.427419,-0.047202,-1.389813,-1.099651,-3.607590
-0.305038,0.366960,-0.080880,-0.670706,-0.701189,-2.479145
-0.346807,0.298127,-0.067609,0.570755,-1.530494,-0.394478
-0.364168,0.201495,-0.060768,-0.039283,-0.364382,0.963061
-0.274144,0.116670,-0.106322,0.885403,0.163750,2.095741
-0.266935,0.051606,-0.092273,1.442928,-0.915437,3.491317
-0.336989,-0.015609,-0.096127,0.996642,-0.337922,3.707836
-0.323643,-0.070737,-0.107350,1.271083,-1.100669,4.080722
-0.328405,-0.131174,-0.085039,1.252422,-1.553041,5.598253
-0.351685,-0.166115,-0.094069,0.379314,-1.581155,4.719397
-0.289512,-0.203253,-0.105328,0.377416,-1.397588,4.168579
-0.264309,-0.244986,-0.094866,0.334755,-2.321867,7.250524
-0.372233,-0.315194,-0.122091,-0.465806,-1.456974,8.622415
-0.373306,-0.331445,-0.100666,-0.920791,-1.002566,7.050573
-0.297117,-0.320301,-0.076829,-1.141181,-2.069175,7.247409
-0.314146,-0.325540,-0.089441,-1.916630,-0.592153,9.395782
-0.381745,-0.361279,-0.067136,-2.208820,-0.778435,8.003695
-0.370595,-0.365871,-0.077739,-1.767056,-1.956124,7.045398
-0.417120,-0.349837,-0.057522,-1.872212,-1.388607,7.344529
-0.429882,-0.349397,-0.047921,-1.066649,0.541125,7.232288
-0.338748,-0.340360,-0.046083,-0.414084,-0.511458,5.960197
-0.343426,-0.311419,-0.078861,-0.575630,-0.086169,4.706735
-0.442562,-0.296710,-0.053445,0.163487,-0.488369,4.106838
-0.429193,-0.271051,-0.049139,1.106469,-0.969886,5.310295
-0.422723,-0.222826,-0.047593,0.087108,-2.238421,3.763350
-0.454083,-0.138841,-0.021087,1.525006,-0.260663,0.125897
-0.429216,-0.099009,0.024897,1.651780,-2.162816,-0.916835
-0.417284,-0.049684,-0.010091,0.957574,-2.486238,0.132511
-0.519539,-0.011968,0.008232,1.013027,-1.937086,-1.489843
-0.482716,0.078440,0.013835,1.708612,-1.992517,-3.052413
-0.374695,0.155160,0.027414,0.006179,-2.865603,-2.891438
-0.415482,0.176142,0.052446,0.493651,-1.425916,-2.998725
-0.472423,0.194980,0.068307,0.546281,-1.505869,-5.006253
-0.447578,0.248234,0.055942,-0.479103,-2.622315,-6.710118
-0.463704,0.281052,0.062543,0.013207,-1.111402,-5.168646
-0.458453,0.309812,0.078272,0.062112,-0.761425,-2.883816
-0.369863,0.316184,0.044496,-1.138404,-0.364641,-4.865124
-0.370782,0.329917,0.086449,-0.494941,-1.536665,-5.025192
-0.450453,0.336476,0.106649,-1.002567,-0.226434,-2.321212
-0.412928,0.342016,0.090253,-1.222008,-1.255334,-2.753909
-0.403340,0.374969,0.130473,-0.689751,-1.761397,-4.242683
-0.464397,0.409645,0.165126,-1.398173,-2.332394,-4.348119
-0.432646,0.366195,0.136526,-0.958251,-1.709984,-2.987081
-0.418870,0.326704,0.152062,-0.762657,-3.113867,-1.963889
-0.477983,0.312668,0.148717,-0.666297,-1.864246,-1.194706
-0.416802,0.313804,0.163356,-0.352487,-0.656709,-0.806780
-0.343984,0.284784,0.190725,-0.240260,-2.003953,1.426705
-0.417576,0.263500,0.191152,-1.090792,-0.881589,3.301443
-0.446698,0.249806,0.178748,-1.141841,-0.247005,-0.058183
-0.370542,0.267019,0.172383,-0.758206,-1.651616,0.028753
-0.417048,0.291014,0.191733,-1.861433,-1.480739,1.876411
-0.464492,0.275271,0.191493,-1.383087,0.854227,0.644265
-0.413608,0.254966,0.214694,-1.813893,-3.280112,-1.445981
-0.443334,0.252560,0.198813,-2.194121,-1.034606,-0.371262
-0.480845,0.227561,0.233883,-1.797248,-0.467657,1.130526
-0.367585,0.227745,0.214671,-1.974592,-1.741709,1.198763
-0.353923,0.270613,0.178961,-2.367201,-1.341882,1.528247
-0.452163,0.272242,0.201275,-0.739269,-0.680126,2.072399
-0.395850,0.258958,0.204101,-2.038350,-3.232504,1.145183
-0.359011,0.265503,0.158278,-2.501574,-1.501021,-2.743827
-0.462434,0.283468,0.205608,-1.296873,-1.717629,-5.224033
-0.426058,0.279515,0.157848,-1.359883,-1.592227,-4.494071
-0.368606,0.255439,0.135393,-1.000384,-2.118865,-3.949818
-0.403885,0.257037,0.166862,0.685299,-1.365532,-5.949441
-0.318854,0.243231,0.131947,0.320741,-0.007807,-8.843859
-0.249972,0.196870,0.077494,1.514958,-1.345279,-9.455602
-0.362320,0.148458,0.086190,2.967745,-0.863713,-8.563535
-0.372696,0.054668,0.045986,3.388298,-0.340594,-10.344273
-0.234610,-0.040916,0.026525,4.508213,-1.888411,-10.921766
-0.282369,-0.159235,0.035433,6.510609,-0.462152,-7.310321
-0.325149,-0.349150,0.014833,6.285811,-0.594178,-4.999345
-0.231153,-0.490446,-0.023874,6.637679,-1.578552,-4.731478
-0.249962,-0.543839,-0.023106,6.871710,-1.941091,-1.962596
-0.271153,-0.670547,-0.048541,6.729197,1.298735,-1.551857
-0.154092,-0.863821,-0.040572,5.904166,-1.632003,-4.397504
-0.149920,-0.993001,-0.082114,5.877043,-1.638489,-4.487185
-0.216786,-1.171221,-0.104139,5.326736,-0.156422,-2.583620
-0.137817,-1.379259,-0.130573,5.173692,-0.471720,0.566843
-0.113084,-1.500480,-0.159402,4.537497,-2.367065,5.346280
-0.160919,-1.658795,-0.166095,4.497392,0.097117,7.385624
-0.091837,-1.844466,-0.137187,3.857465,-1.794240,7.551676
-0.043421,-1.983455,-0.139977,3.048547,-1.551819,6.871702
-0.133313,-2.111240,-0.142731,3.041540,-0.601501,8.049972
-0.129040,-2.263654,-0.103811,3.897708,-0.645859,9.252101
-0.020732,-2.347231,-0.154111,3.197308,-1.486311,12.084229
-0.023555,-2.456385,-0.110773,4.264566,-0.457894,13.093682
-0.041881,-2.573710,-0.086106,5.265539,-0.439476,15.003442
-0.022265,-2.658298,-0.126486,4.713039,-1.475141,15.651210
-0.050143,-2.666018,-0.127307,6.269558,-1.059154,16.950002
-0.084779,-2.683556,-0.116143,6.616860,-2.397542,16.744094
-0.025689,-2.678843,-0.144402,6.243319,-0.977477,15.108610
-0.007724,-2.656105,-0.122006,7.570684,-1.498000,16.020465
-0.064418,-2.667331,-0.118585,7.734737,-0.952114,17.050707
-0.043690,-2.647463,-0.144333,7.324902,0.269127,15.985828
0.023637,-2.541657,-0.134272,7.471085,-1.560251,14.949848
0.038634,-2.418237,-0.162173,7.644598,0.164709,13.182673
0.018509,-2.370142,-0.169197,6.371596,0.139254,9.338979
0.042691,-2.293248,-0.182639,7.106386,-0.311740,6.115984
0.041591,-2.166739,-0.194475,5.765021,-0.160650,5.507970
0.056218,-2.035603,-0.196947,5.743508,0.943983,4.385204
0.112525,-1.899716,-0.187510,5.074455,-0.996546,1.320971
0.098056,-1.762766,-0.225406,4.554333,-0.947237,-3.699245
0.028133,-1.660505,-0.217781,5.572017,-0.041704,-7.260688
0.095597,-1.581592,-0.232660,5.761371,-0.471799,-8.703585
0.217888,-1.492703,-0.238965,5.108868,-0.545575,-9.285408
0.175226,-1.430829,-0.219451,7.332332,0.254644,-11.724059
0.131533,-1.386805,-0.222576,6.936808,-0.685341,-13.571089
0.182027,-1.347239,-0.257787,6.847798,-0.363695,-14.899032
0.203281,-1.237382,-0.240541,8.438582,-0.310054,-15.079363
0.231785,-1.209682,-0.275328,8.794629,1.457329,-15.532687
0.304760,-1.257133,-0.269003,8.603121,0.280624,-16.736299
0.303037,-1.266149,-0.287654,9.519420,0.200467,-16.361136
0.225910,-1.278281,-0.289640,9.504443,2.037326,-15.940343
0.281747,-1.297109,-0.267057,9.043401,-0.360935,-15.623618
0.390947,-1.277841,-0.299956,7.919409,-0.118858,-13.926309
0.375182,-1.323888,-0.325166,8.308267,1.921821,-14.352015
0.379531,-1.432257,-0.284588,7.622477,1.059330,-14.303227
0.401113,-1.542889,-0.331665,6.012441,0.324928,-13.321924
0.357719,-1.543906,-0.302789,5.825283,0.629446,-11.158266
0.382600,-1.556754,-0.268632,5.602159,1.058293,-8.525680
0.475526,-1.630471,-0.306955,3.367167,1.393007,-7.331798
0.475769,-1.739257,-0.283262,3.534460,-0.305373,-6.093312
0.410600,-1.815751,-0.276753,3.894665,0.910334,-4.515114
0.442827,-1.914349,-0.317527,2.906004,0.666118,-3.404692
0.508544,-1.949465,-0.270241,3.522361,0.485265,-0.030608
0.501142,-1.976397,-0.283699,4.010781,1.849013,3.878009
0.490136,-2.066303,-0.291009,4.689927,3.218118,4.041205
0.498310,-2.179180,-0.268524,5.008724,0.429736,3.985100
0.470324,-2.213324,-0.295016,5.572060,2.157484,6.245161
0.478156,-2.249053,-0.255982,6.987674,0.967311,8.109935
0.524034,-2.239190,-0.272670,6.705479,0.863967,10.073550
0.470662,-2.240086,-0.283206,7.286697,1.249850,9.466278
0.400903,-2.271443,-0.291714,8.935600,1.431067,9.013425
0.418172,-2.290609,-0.262031,7.913541,0.354598,9.209925
0.448650,-2.253012,-0.256520,7.763225,1.334852,10.923917
0.442853,-2.218852,-0.228225,8.372189,0.901016,10.329588
0.427442,-2.206477,-0.235312,7.341392,1.007629,8.981300
0.408295,-2.206359,-0.217328,6.965399,0.764548,6.959733
0.408355,-2.133584,-0.201237,7.406325,-0.064431,7.053308
0.421967,-2.097047,-0.219359,6.216941,1.933159,6.791937
0.487931,-2.061015,-0.186151,6.197584,1.263203,6.577743
0.469913,-1.989353,-0.204559,5.682576,1.389872,7.344185
0.388982,-1.952757,-0.188780,5.380579,1.536696,3.975986
0.404110,-1.909409,-0.156159,5.602465,0.791966,1.388049
0.453015,-1.841272,-0.186673,4.614241,0.509552,0.428848
0.447347,-1.779769,-0.134978,5.410495,1.196704,1.259613
0.454305,-1.735424,-0.122222,5.064965,0.947114,2.967643
0.445607,-1.663962,-0.123095,4.052619,-0.103857,2.977378
0.393902,-1.565436,-0.121500,5.617918,0.762923,1.261599
0.440000,-1.469874,-0.110908,4.221224,0.381313,-0.279605
0.471134,-1.410823,-0.116278,4.832280,0.715928,-1.306427
0.405833,-1.332639,-0.084550,5.013129,0.059910,-0.455763
0.364150,-1.303855,-0.101812,4.835851,0.898921,-0.488017
0.374151,-1.212616,-0.109703,5.634452,0.525816,1.727645
0.404662,-1.093828,-0.099826,4.313933,1.380888,4.170852
0.418671,-1.008836,-0.077276,4.646365,1.363964,4.577932
0.405682,-0.919800,-0.088709,4.233234,1.929360,4.317479
0.327350,-0.848603,-0.081848,2.943125,0.791894,1.838372
0.307754,-0.756734,-0.072329,3.369953,1.430846,0.518600
0.351174,-0.622026,-0.090632,1.559734,0.052826,1.443558
0.346339,-0.510529,-0.080647,1.978803,1.118703,2.951867
0.285650,-0.405684,-0.084258,1.038523,-1.345085,5.640356
0.239079,-0.334051,-0.120269,0.052285,1.242818,5.171401
0.224206,-0.276120,-0.095838,0.239292,0.242755,4.159756
0.246891,-0.180420,-0.119472,-0.339008,0.484234,2.612719
0.235123,-0.069175,-0.097013,-0.938415,0.496878,1.956814
0.198744,0.003239,-0.083302,-0.275786,0.323361,2.440335
0.174274,0.076956,-0.091975,-1.442312,-0.378683,3.412175
0.156887,0.155196,-0.093586,-0.210892,1.127296,3.898687
0.185880,0.240760,-0.089053,-0.203093,0.700678,3.440359
0.182522,0.346201,-0.099829,-1.401941,2.036098,1.421691
0.128943,0.396981,-0.070711,-0.541164,1.093782,-1.002458
0.053345,0.434040,-0.076685,-0.402445,0.560278,-3.309492
0.007591,0.482784,-0.072513,-1.123846,0.497170,-6.403454
0.042681,0.540420,-0.060558,0.162534,0.841241,-7.333829
0.070883,0.588281,-0.069414,-0.352736,0.376402,-6.154593
0.048461,0.614564,-0.068840,0.227655,0.151522,-6.168137
0.010286,0.622580,-0.060801,0.313458,0.069350,-5.875226
-0.021947,0.625009,-0.094404,0.437737,2.127199,-9.112260
-0.051834,0.625435,-0.051761,0.299291,-0.437721,-12.533076
-0.022548,0.637347,-0.058395,0.047659,-0.914072,-13.231201
-0.035556,0.607937,-0.076321,-0.086278,0.127501,-13.102704
-0.082055,0.553094,-0.069995,0.703575,-1.203390,-12.402376
-0.112963,0.516875,-0.071857,-0.363624,-0.542178,-11.157777
-0.120762,0.474502,-0.089240,-0.015170,-0.875520,-12.617960
-0.139964,0.428368,-0.056337,0.056535,-1.010976,-13.749393
-0.157207,0.357670,-0.069887,-0.193321,-1.214996,-13.503653
-0.217676,0.256381,-0.064796,1.043062,-0.997856,-13.281044
-0.247031,0.131530,-0.105794,0.730728,-1.138161,-12.228352
-0.264388,0.011202,-0.076797,1.220057,-0.791342,-10.995838
-0.265363,-0.117499,-0.043293,2.275965,-4.296572,-7.334348
-0.287503,-0.269893,-0.078914,2.669366,-1.187611,-5.429390
-0.340705,-0.432370,-0.039889,4.056914,-1.194901,-2.645031
-0.359989,-0.562608,-0.069260,3.985338,-0.531481,0.204632
-0.371225,-0.708565,-0.061691,3.860339,-1.200553,0.796372
-0.380606,-0.848406,-0.071515,5.151808,-1.962988,2.042279
-0.405487,-0.993329,-0.059350,3.921928,-1.302955,3.793442
-0.452708,-1.163727,-0.038251,4.952768,-1.703419,5.306116
-0.481265,-1.324754,-0.046838,5.107650,-1.910856,8.235451
-0.521288,-1.477246,-0.051253,4.649858,-1.932034,9.195880
-0.517930,-1.603696,-0.021199,4.917728,-2.582518,10.141064
-0.514464,-1.719891,-0.047931,4.582719,-2.217550,12.452657
-0.553833,-1.857422,-0.067340,4.271899,-2.806072,13.150852
-0.585417,-1.958452,-0.020631,4.514668,-3.126136,14.303862
-0.593669,-2.061321,-0.061376,3.784486,-3.029901,15.481018
-0.620726,-2.161323,-0.027488,4.553795,-3.094043,14.828886
-0.621412,-2.222117,-0.025528,3.998475,-3.001340,15.217206
-0.648000,-2.278333,-0.035418,3.581015,-2.578897,14.910639
-0.665272,-2.305465,-0.022479,4.474806,-2.595132,15.120709
-0.686470,-2.314551,-0.030970,3.815489,-2.950653,14.820864
-0.685518,-2.321808,-0.035330,4.673010,-1.644965,12.939442
-0.666568,-2.307963,-0.021760,4.915391,-2.459945,12.037674
-0.677873,-2.301011,-0.052769,5.085638,-1.698498,10.265754
-0.696156,-2.268144,-0.014335,5.799286,-3.093295,9.688677
-0.698713,-2.229057,-0.049867,5.417979,-2.490357,8.408158
-0.714899,-2.170833,-0.037450,5.985482,-3.064593,5.806207
-0.687261,-2.087747,-0.020864,6.979854,-3.132202,3.581661
-0.662594,-2.013735,-0.047662,6.772000,-1.505829,1.821186
-0.672191,-1.934004,-0.029707,6.972295,-3.081793,-1.012479
-0.672523,-1.835091,-0.066352,6.730038,-2.633865,-0.926512
-0.676334,-1.734396,-0.040243,6.373299,-3.144550,-2.611583
-0.634069,-1.617311,-0.029014,6.555093,-3.292516,-2.880218
-0.608995,-1.529083,-0.057319,5.854726,-2.327276,-4.793008
-0.602354,-1.454611,-0.046217,6.299011,-2.537972,-6.234501
-0.595182,-1.376183,-0.044786,6.460270,-2.675319,-6.651322
-0.595681,-1.287475,-0.053971,5.385219,-2.918775,-8.174267
-0.558990,-1.211946,-0.050908,5.414157,-2.470056,-8.976544
-0.526044,-1.134875,-0.064005,5.418362,-2.172348,-8.479724
-0.515458,-1.103524,-0.066171,4.651075,-2.114653,-8.684657
-0.521564,-1.061312,-0.068423,5.724853,-1.900254,-8.705780
-0.506071,-1.010027,-0.038057,4.744244,-3.342938,-7.933113
-0.483622,-0.966896,-0.082433,4.766765,-1.493616,-7.899419
-0.466557,-0.950612,-0.060841,5.331728,-2.857823,-7.507699
-0.463189,-0.956100,-0.067511,4.268996,-2.350279,-7.506544
-0.464853,-0.955781,-0.061537,4.083443,-2.291376,-6.835577
-0.454576,-0.936330,-0.044264,4.439102,-2.790635,-4.995625
-0.429222,-0.932079,-0.065042,3.428495,-2.055582,-3.526310
-0.417143,-0.932079,-0.046408,4.175102,-2.110445,-2.068093
-0.383577,-0.906046,-0.063237,2.693758,-2.094814,-0.423321
-0.388014,-0.907261,-0.078047,2.215122,-1.165355,-1.280008
-0.368858,-0.904756,-0.036784,2.550154,-1.502101,-2.336330
-0.359523,-0.889696,-0.037184,2.016046,-1.136844,-3.481980
-0.346022,-0.887924,-0.044796,1.592464,-0.848997,-5.055295
-0.320446,-0.888396,-0.024468,2.274279,-1.350852,-4.756242
-0.292551,-0.901890,-0.048374,1.873020,-0.450000,-3.143060
-0.284414,-0.913281,-0.021711,2.244901,-0.938903,-2.044936
-0.256464,-0.922232,-0.017726,2.637162,-1.626558,-0.508705
-0.250293,-0.923791,-0.027192,2.233399,-1.219604,-1.324427
-0.230405,-0.930051,0.017061,3.155639,-1.845237,-1.915705
-0.185357,-0.926699,-0.012710,3.049925,-1.198272,-2.557549
-0.155260,-0.933822,-0.007143,3.477817,-0.763880,-3.474813
-0.113826,-0.927155,-0.015474,4.510997,-0.307562,-2.291821
-0.092992,-0.942822,-0.001041,3.798774,-0.692891,-1.714003
-0.057381,-0.946407,0.021050,4.547002,-0.350378,-1.453984
-0.014910,-0.950937,0.002313,4.336739,1.349383,-1.484592
-0.009457,-0.963610,0.009472,4.693140,0.181035,-2.371910
0.015282,-0.963696,0.044788,4.159911,-0.967884,-2.040482
0.044480,-0.955365,0.016011,3.860244,-0.001452,-2.478966
0.081276,-0.968399,0.040268,4.535360,0.595522,-2.155294
0.107762,-0.986502,0.023104,3.725806,-0.364148,-1.224961
0.121486,-1.009423,0.013799,4.080155,0.191890,-0.649437
0.143685,-1.018588,0.025028,4.724215,0.593733,0.265747
0.167072,-1.020728,0.029223,3.313781,-0.370992,1.137048
0.184646,-1.047244,0.025871,3.513642,0.683567,1.513265
0.197090,-1.068002,0.062911,3.374089,-1.370002,2.935196
0.214375,-1.089256,0.034869,3.083255,0.259066,4.634154
0.238301,-1.106295,0.045323,3.370511,0.185086,6.374418
0.257293,-1.113168,0.028110,3.839716,0.842709,7.439340
0.269340,-1.134097,0.022041,3.430872,1.086207,7.150316
0.261045,-1.155413,0.049869,4.081048,-0.297439,7.591692
0.284482,-1.146921,0.019464,3.316459,-0.420606,8.822742
0.302657,-1.133641,0.005658,3.592880,1.295456,9.756717
0.315944,-1.095866,0.014944,2.915956,-0.319034,11.763696
0.327905,-1.076500,-0.030406,2.319951,1.195148,12.442091
0.314404,-1.035138,0.006981,2.331469,0.553228,12.532239
0.341672,-0.965662,-0.033869,1.399174,0.901570,12.347782
0.352408,-0.904904,-0.068784,1.061832,1.484922,11.599415
0.375349,-0.828210,-0.030531,0.939449,1.302582,10.849140
0.390898,-0.743851,-0.056610,-0.415768,0.649666,10.423874
0.393990,-0.654897,-0.078917,0.085999,1.863357,10.148978
0.392224,-0.555560,-0.085318,-0.780102,1.121267,9.889766
0.430639,-0.438797,-0.089582,-1.226776,1.583427,8.586807
0.467898,-0.312059,-0.110031,-0.518741,1.495320,7.036406
0.485603,-0.201421,-0.125160,-1.361215,1.583122,5.169494
0.489096,-0.096212,-0.142905,-0.027223,2.040270,3.101133
0.490179,0.028199,-0.140108,-0.997840,1.207650,1.878453
0.506007,0.153768,-0.157968,-0.525346,1.403983,0.701779
0.536973,0.265565,-0.154347,0.004695,1.347912,-0.270710
0.520771,0.380385,-0.181388,-0.161376,1.849826,-2.352051
0.483404,0.486493,-0.160131,0.022844,0.580255,-5.134855
0.483138,0.610132,-0.175516,-0.185991,0.196885,-5.929699
0.493970,0.711557,-0.207953,-0.489699,1.400953,-7.350855
0.499967,0.798551,-0.188616,0.526803,1.279141,-8.979254
0.513930,0.876141,-0.212141,-0.273554,1.428571,-9.754481
0.479209,0.914444,-0.226600,0.758372,2.460222,-10.885408
0.466174,0.957454,-0.230283,0.390897,1.814067,-11.303768
0.470809,0.995468,-0.270923,-0.407028,4.379342,-12.483743
0.488600,1.004820,-0.225869,0.044695,2.418374,-13.265482
0.501372,1.000247,-0.276881,-0.351394,2.836947,-13.262819
0.468327,0.973315,-0.251140,-0.690699,2.378712,-13.340324
0.444963,0.944209,-0.233221,-0.466588,1.524930,-13.020201
0.449059,0.926793,-0.281637,-1.005502,3.012997,-11.588539
0.438116,0.871001,-0.251035,-0.432066,1.722343,-10.879545
0.435956,0.802004,-0.252568,-1.052739,1.298160,-10.126691
0.388781,0.703866,-0.281765,-0.763678,1.170036,-10.598465
0.351249,0.604303,-0.241857,-0.788736,-0.991269,-9.123563
0.335737,0.525150,-0.282576,-1.138726,0.616919,-7.466355
0.341747,0.424438,-0.269358,-0.367884,0.668286,-6.572417
0.353271,0.324193,-0.245711,-0.479231,0.880529,-5.045635
0.326415,0.191628,-0.244395,-0.815195,1.357763,-5.044860
0.283759,0.035624,-0.216123,0.817447,1.295797,-4.739244
0.265207,-0.093350,-0.228718,0.569997,1.276407,-2.022752
0.239719,-0.234856,-0.192210,1.404902,1.487449,-0.080906
0.222880,-0.349459,-0.166561,1.525787,0.999659,2.698146
0.164728,-0.500488,-0.180328,1.540489,0.790525,3.058247
0.134576,-0.624725,-0.154764,2.467027,0.244097,5.101211
0.109081,-0.719443,-0.156330,1.703751,0.033106,6.737229
0.089393,-0.825722,-0.131068,2.873658,0.513211,6.590363
0.085796,-0.917758,-0.121178,2.339179,-0.023950,7.384981
0.062034,-1.030273,-0.141191,2.696581,0.593293,6.978018
0.022924,-1.133063,-0.105767,2.918178,-0.105656,7.900692
0.017790,-1.219414,-0.118789,2.189070,1.022787,8.656869
0.008353,-1.286212,-0.072851,2.669422,-0.337803,8.911206
0.000718,-1.329071,-0.074647,2.152707,-0.412180,9.300559
-0.025958,-1.392235,-0.071151,2.235179,-0.505618,7.634544
-0.072871,-1.442151,-0.032260,2.976212,-0.604885,6.708082
-0.109204,-1.472802,-0.029753,2.264186,-0.216205,5.638518
-0.136287,-1.502354,0.012509,3.741099,-0.657066,4.192259
-0.142278,-1.510652,0.020590,3.338137,-1.693427,4.750047
-0.177288,-1.547999,0.013044,3.817898,-1.029078,4.356354
-0.201962,-1.576409,0.026298,5.191526,-1.226924,4.603220
-0.196773,-1.604070,0.031783,5.095630,-1.186796,5.011349
-0.203929,-1.623056,0.046269,6.882126,-0.435518,4.607477
-0.193454,-1.617771,0.081010,6.690842,-0.524547,5.422708
-0.205432,-1.630192,0.056966,6.634857,-0.534483,4.952777
-0.236444,-1.635286,0.087230,7.339281,-0.951514,5.543232
-0.254537,-1.602009,0.101105,6.769607,-1.024039,4.562671
-0.255804,-1.568374,0.114366,5.359577,-1.266290,2.749491
-0.263846,-1.512746,0.133683,6.316706,-1.536110,1.526121
-0.292170,-1.478172,0.139664,4.550518,-4.218709,0.959861
-0.299372,-1.453856,0.118499,4.867099,-0.908967,-0.600618
-0.316930,-1.393938,0.130759,3.854927,-3.717549,0.614944
-0.319960,-1.351043,0.115935,2.788542,-1.788729,1.758066
-0.326492,-1.308519,0.144689,2.680809,-2.195397,2.345707
-0.345845,-1.253305,0.129009,2.258533,-2.086131,2.763731
-0.382231,-1.213364,0.123787,2.069356,-0.543523,1.193451
-0.399618,-1.150253,0.175347,2.145745,-2.376604,0.610735
-0.393801,-1.062917,0.121591,1.393689,-1.385994,0.781522
-0.409580,-0.998089,0.151563,1.918213,-1.262315,1.066992
-0.424466,-0.943371,0.136417,2.183339,-1.736450,2.442616
-0.422434,-0.888239,0.142211,1.451926,-0.766782,2.163729
-0.420957,-0.819186,0.141902,3.151434,-0.629940,2.485050
-0.436535,-0.746995,0.153978,2.019338,-1.520564,1.433532
-0.448654,-0.652967,0.158997,2.460028,-2.265195,0.576805
-0.465812,-0.548966,0.143143,2.588693,-1.199647,0.074252
-0.482608,-0.453148,0.090578,2.312263,0.209589,-2.002312
-0.493227,-0.374235,0.132784,2.337869,-2.454822,-3.782311
-0.502831,-0.297423,0.088205,1.612358,-1.807745,-4.313722
-0.528418,-0.242215,0.104801,2.255975,-2.280101,-5.109537
-0.511047,-0.177643,0.108661,1.467048,-2.610282,-3.630254
-0.484479,-0.100230,0.075295,1.487753,-0.496152,-3.502702
-0.486521,-0.036941,0.095394,1.306123,-2.386396,-3.321335
-0.459362,0.033769,0.059293,-0.275710,-1.939318,-4.318596
-0.453568,0.090765,0.058512,0.349220,-0.925853,-6.250713
-0.469038,0.176801,0.042999,-0.985990,-1.566558,-7.727082
-0.460737,0.238577,0.029055,-1.372521,-0.694838,-8.945147
-0.445845,0.284774,0.034819,-1.160656,-1.578707,-10.101380
-0.454015,0.323402,-0.036226,-1.334776,-0.907786,-10.201255
-0.454569,0.312113,-0.007219,-0.619943,-1.500230,-10.383460
-0.439894,0.286931,-0.035540,-0.814496,-1.931595,-9.437368
-0.447591,0.306143,-0.017253,0.331301,-2.311330,-9.036488
-0.437799,0.305995,-0.045656,0.385642,-1.214530,-8.390746
-0.401768,0.267820,-0.059262,1.385528,-1.844607,-9.480712
-0.382001,0.260146,-0.069687,1.596438,-2.155927,-8.201742
-0.405861,0.224288,-0.079117,1.941448,-1.297503,-8.104103
-0.391057,0.183855,-0.037890,1.520555,-6.778404,-6.488869
-0.356756,0.172331,-0.109125,1.325975,-1.622360,-4.664703
-0.375948,0.115771,-0.116908,2.133123,-1.406717,-4.220024
-0.345395,0.078423,-0.119265,1.436849,-1.460463,-3.226068
-0.356690,0.031002,-0.117958,0.867087,-1.621106,-3.016628
-0.371166,0.005931,-0.121339,1.169810,-0.972683,-1.487947
-0.362802,-0.055933,-0.154807,0.418309,-0.069491,-0.232226
-0.320262,-0.123263,-0.152811,0.645838,-1.009765,1.276568
-0.304060,-0.190701,-0.170973,-0.148007,0.020031,3.169515
-0.329676,-0.284825,-0.156583,0.774037,-0.596200,4.258610
-0.310982,-0.349722,-0.157039,0.290455,-1.473127,7.223543
-0.303419,-0.377744,-0.167238,-0.349969,-0.836793,8.814620
-0.288908,-0.417996,-0.142022,0.287346,-0.732458,9.810762
-0.241122,-0.421568,-0.180528,-0.426462,-1.892842,11.355128
-0.247414,-0.450532,-0.176977,-0.582542,-0.529012,10.971060
-0.250411,-0.448809,-0.143456,-1.120540,-1.464845,12.260727
-0.209558,-0.460196,-0.191839,-1.153463,1.125173,11.866438
-0.202307,-0.466360,-0.152723,-0.516700,-0.949676,11.622119
-0.210805,-0.451044,-0.175099,-1.111425,-0.829408,11.672977
-0.200469,-0.438390,-0.142455,-0.414101,-1.362892,11.507966
-0.175332,-0.411556,-0.138460,-0.261444,-0.874820,12.237153
-0.149490,-0.352604,-0.154653,-0.033134,0.428068,12.419725
-0.122964,-0.317140,-0.133399,0.715261,-1.773207,11.432433
-0.082827,-0.253067,-0.159251,0.045720,-0.433729,11.614077
-0.073478,-0.190166,-0.131055,-0.318352,0.292382,9.791906
-0.060788,-0.119475,-0.123591,0.131178,0.837109,8.934808
-0.033419,-0.032559,-0.138556,-0.845938,0.147731,7.360641
-0.039288,0.084844,-0.105840,0.016716,0.257657,5.432039
-0.052005,0.194330,-0.075832,-1.561323,-1.713060,4.338789
-0.046382,0.304751,-0.067694,-1.389832,-1.166560,0.964591
-0.020119,0.402508,-0.062905,-1.927929,-2.169598,-0.467994
0.002054,0.499944,-0.095799,-2.142105,0.054310,-1.193377
0.015426,0.564086,-0.059295,-1.295360,-0.045562,-1.819188
0.061650,0.650362,-0.086358,-2.000103,0.219653,-1.491824
0.062116,0.728579,-0.063345,-1.844299,0.464083,-2.399873
0.080681,0.802188,-0.024347,-1.209807,0.769188,-3.660097
0.146685,0.892518,-0.036751,-2.473332,0.798320,-5.194259
0.151149,0.963182,-0.012947,-1.595845,1.537965,-6.957566
0.136604,1.039886,0.003439,-2.090190,0.756587,-7.009601
0.168667,1.094122,-0.021337,-2.819308,1.562143,-7.504448
0.183464,1.128535,0.031064,-1.824677,0.704925,-8.255959
0.175448,1.168758,0.024060,-2.177365,0.978801,-7.899510
0.157986,1.159862,0.038670,-2.194204,0.327562,-8.785437
0.192169,1.179934,0.064168,-1.340058,0.252549,-8.681013
0.194890,1.195976,0.044828,-1.815033,0.789224,-8.765907
0.210974,1.172306,0.065612,-1.352954,0.817115,-9.138479
0.288226,1.147760,0.072065,-1.876785,0.862373,-7.701347
0.284258,1.101225,0.059231,-1.833864,2.227497,-6.396430
0.274883,1.037073,0.098889,-0.963673,2.272401,-5.670446
0.311949,1.008516,0.109754,-2.379878,1.216499,-4.177743
0.328200,0.983123,0.093857,-2.372207,2.220292,-4.505379
0.338773,0.936184,0.133552,-2.040477,2.234009,-5.045519
0.337696,0.892373,0.087608,-3.086879,1.445522,-5.266092
0.303319,0.825467,0.129531,-3.331345,1.440047,-5.539683
0.277122,0.750181,0.136112,-2.486790,1.021834,-4.479163
0.292120,0.665832,0.142526,-3.265926,0.799180,-4.014296
0.319850,0.575536,0.159854,-1.842992,0.885958,-3.184819
0.321422,0.463496,0.167413,-1.777041,0.371272,-1.637055
0.323657,0.361140,0.113020,-1.401652,1.681355,-0.413876
0.328545,0.267873,0.168349,-0.692311,0.954558,1.045878
0.374568,0.195219,0.146879,-0.937210,1.645938,1.619191
0.395989,0.115114,0.139798,-0.622834,2.610088,-0.104613
0.382817,0.031415,0.166353,0.043343,1.590307,-0.965228
0.373202,-0.045896,0.160038,-0.614622,1.412406,-0.699337
0.355320,-0.119157,0.166898,0.140543,2.587295,0.283065
0.375697,-0.174010,0.178843,0.691296,1.427456,1.399046
0.377053,-0.229082,0.139434,0.086156,1.829997,1.054689
0.376301,-0.325209,0.152961,1.173680,0.948814,0.685738
0.379035,-0.388405,0.125057,1.040180,0.599369,0.922340
0.376377,-0.468740,0.134606,1.129768,1.041044,0.561637
0.405026,-0.533233,0.148697,2.308527,1.320655,1.215271
0.436646,-0.599305,0.122549,1.853765,1.800603,1.948474
0.433389,-0.677441,0.133654,2.696751,1.964492,2.529240
0.432250,-0.728778,0.147394,2.197758,0.569292,3.838796
0.423362,-0.772395,0.115919,1.836959,1.167887,3.329483
0.421543,-0.802974,0.111980,2.456260,1.266928,3.553402
0.421753,-0.818658,0.116900,2.243640,-0.661691,3.639721
0.423017,-0.836754,0.069203,1.613311,1.888166,3.092072
0.386894,-0.897331,0.082668,2.129316,1.124205,1.772256
0.382410,-0.919018,0.062083,2.469623,1.001701,3.768895
0.385371,-0.969062,0.070194,2.236482,0.958336,4.594741
0.382092,-1.007175,0.065543,3.565921,0.858225,5.419306
0.371591,-1.024907,0.047900,2.847468,0.655532,6.727473
0.341288,-1.052909,0.044982,2.663402,1.059751,6.798564
0.347577,-1.025084,0.056254,2.766681,-0.305993,8.050781
0.351854,-0.995617,-0.002407,1.799310,1.252640,8.418046
0.350419,-0.959422,0.003600,2.390924,1.268179,7.514994
0.338287,-0.939734,-0.010879,2.287340,1.520933,6.767753
0.319509,-0.906831,-0.020349,0.958182,1.168091,5.822318
0.313653,-0.866660,0.029417,1.812981,1.590833,6.086380
0.321140,-0.798474,-0.022426,0.741902,0.749675,7.109863
0.275422,-0.739390,-0.040056,0.323427,1.315774,6.057187
0.249803,-0.657037,-0.009986,0.542038,-0.315434,5.412967
0.226924,-0.587699,-0.024806,-0.374472,-0.163690,5.178242
0.221515,-0.504289,-0.053376,-0.008624,1.933965,3.579259
0.209330,-0.405632,-0.021652,0.131263,0.011609,2.925202
0.213824,-0.299684,-0.063824,-0.664784,0.668884,3.099085
0.176063,-0.226197,-0.059203,-0.222541,0.267393,1.729496
0.168300,-0.135185,-0.073619,-0.155533,0.720510,0.951166
0.168513,-0.037444,-0.092185,-1.053943,1.134301,-0.202849
0.174096,0.070043,-0.061051,0.194256,2.841398,-0.968552
0.157845,0.185995,-0.071551,-0.630066,1.164709,-0.843263
0.110476,0.290124,-0.081146,-0.986998,1.976469,-2.393219
0.071195,0.413400,-0.041868,-1.289544,-0.947671,-2.814490
0.062431,0.555683,-0.095401,-1.994917,0.390549,-4.283701
0.065047,0.642639,-0.063680,-1.497431,0.615327,-7.039674
0.064647,0.731061,-0.067471,-0.562661,0.310481,-8.616303
0.045871,0.793995,-0.069037,-1.723282,1.552145,-9.347687
0.006954,0.848644,-0.071144,-1.329783,0.554543,-10.243528
-0.021816,0.919503,-0.037197,-1.621953,-1.560929,-8.721278
-0.037273,0.985552,-0.057154,-2.367113,-1.158007,-8.175991
-0.011660,1.039335,-0.031204,-1.189033,0.221451,-8.673452
-0.012891,1.076676,-0.057030,-2.305469,-0.334788,-9.845450
-0.039637,1.090859,-0.048965,-1.379427,0.664347,-11.427271
-0.066136,1.104350,-0.020257,-1.303268,-0.256213,-11.120711
-0.071798,1.138582,-0.024944,-2.395325,0.023852,-9.989741
-0.075176,1.121192,-0.028525,-2.359767,0.849155,-8.977621
-0.092513,1.106457,0.017032,-2.039040,0.227773,-7.364003
-0.094292,1.087373,0.018040,-2.849756,-0.909881,-5.662184
-0.118330,1.068020,0.005107,-2.443702,0.479480,-5.351800
-0.126749,1.044061,0.017308,-2.107646,0.234643,-4.571912
-0.121796,1.022601,0.009597,-2.928918,1.725064,-4.063458
-0.145111,0.963763,0.056628,-2.347077,-0.812294,-4.382353
-0.176176,0.927292,0.048097,-3.112141,-0.677799,-2.660747
-0.190353,0.868375,0.038420,-3.365876,-0.016598,-1.890930
-0.200358,0.805073,0.063173,-2.200476,-0.856167,-0.668969
-0.188019,0.782963,0.048304,-3.263934,0.211640,1.507213
-0.217216,0.720990,0.073995,-2.755983,-0.250944,1.402461
-0.242150,0.679546,0.113857,-3.020823,-2.326817,2.704388
-0.272535,0.628084,0.092804,-3.388870,-1.208904,3.622348
-0.269850,0.584940,0.093312,-3.015850,-0.492892,4.786288
-0.248186,0.550274,0.104735,-2.139557,-0.467286,6.655503
-0.256694,0.520279,0.111179,-3.193640,0.737090,7.708566
-0.276559,0.471292,0.130562,-2.043818,0.373871,7.768408
-0.284562,0.451249,0.124203,-2.796731,-0.479221,8.438006
-0.298457,0.447136,0.135449,-3.546607,-1.370991,7.616934
-0.285022,0.450580,0.141141,-2.339090,-0.419241,8.007052
-0.288061,0.468262,0.127033,-2.912529,-1.031403,8.166742
-0.313054,0.469559,0.142703,-3.090965,-0.261218,7.938625
-0.340971,0.478700,0.160747,-2.702669,-1.192593,7.028060
-0.337678,0.505180,0.164998,-3.110286,-2.008089,6.251901
-0.318893,0.519902,0.145605,-2.955824,-1.543210,5.222607
-0.326288,0.535867,0.166737,-2.456359,-1.769062,5.263893
-0.344847,0.563417,0.140061,-2.760746,-1.626286,4.849442
-0.337518,0.581854,0.169701,-1.754321,-0.941136,4.799700
-0.332942,0.624007,0.160159,-2.361470,-1.502826,5.497303
-0.322258,0.663213,0.171208,-2.636276,-0.945301,4.333504
-0.315965,0.702596,0.173627,-1.793917,-0.869638,4.293986
-0.325596,0.729604,0.128047,-2.123293,-0.069415,4.147264
-0.340216,0.771704,0.158961,-2.076239,-0.283430,2.710527
-0.321703,0.795236,0.152117,-2.083316,-0.254926,2.036038
-0.304378,0.849426,0.133808,-1.999003,2.227021,1.366403
-0.331570,0.874635,0.174881,-2.135835,-0.750190,0.289914
-0.333966,0.927722,0.147739,-2.818421,-0.943660,0.451065
-0.329804,0.975468,0.119313,-3.091885,0.385974,-0.000511
-0.312092,1.025571,0.168900,-3.321852,-1.142625,0.332551
-0.301890,1.046950,0.123094,-3.932054,-0.912493,-0.799516
-0.316192,1.055858,0.147430,-3.521713,-1.371539,-1.632602
-0.304713,1.082443,0.139112,-3.540906,-1.206459,-1.595281
-0.286906,1.114653,0.117435,-4.247050,-0.580048,-1.373523
-0.284040,1.128591,0.156286,-3.737649,-3.535250,-1.283056
-0.248469,1.161461,0.117711,-4.067918,-0.812497,-0.461557
-0.254928,1.171292,0.102214,-4.444318,0.787130,-1.535883
-0.256405,1.195900,0.132144,-4.281483,-0.752222,-1.433943
-0.234978,1.215647,0.108678,-4.669805,0.106205,-1.520669
-0.230422,1.232112,0.093437,-4.518367,-0.575505,-1.969240
-0.218950,1.247412,0.111372,-3.830440,-0.709868,-1.784610
-0.203000,1.266916,0.063734,-4.125078,0.745945,-1.609610
-0.230743,1.265534,0.094120,-4.166420,0.126658,-2.060824
-0.221017,1.264260,0.096227,-4.293861,-2.260240,-1.516582
-0.218408,1.283948,0.076726,-4.788521,-0.772560,-2.906190
-0.187409,1.286965,0.085149,-4.048125,-0.610151,-3.540094
-0.170389,1.299488,0.080291,-4.340255,-0.467113,-3.111253
-0.168869,1.276474,0.056506,-4.437724,0.107258,-3.295342
-0.165416,1.258812,0.072137,-3.400099,-0.148217,-4.408197
-0.125321,1.257397,0.056280,-4.329718,-0.853337,-4.020186
-0.104301,1.246030,0.052528,-3.650900,0.812700,-5.137944
-0.100125,1.216265,0.030053,-3.381399,-0.673955,-5.375953
-0.085876,1.185836,0.012584,-4.029228,0.636647,-5.644125
-0.078412,1.154542,0.039996,-3.011636,0.328958,-5.711244
-0.041225,1.129044,0.039865,-3.179122,-0.397696,-5.842658
-0.013722,1.083828,0.009325,-2.657070,0.617802,-6.289545
-0.010850,1.008155,0.006315,-1.675503,0.365199,-6.194242
-0.001130,0.954877,-0.009937,-2.592531,0.107268,-5.444397
-0.000044,0.868178,-0.010055,-1.517178,0.334347,-6.131745
-0.008404,0.812341,0.053595,-2.493841,-8.769489,-6.500500
0.062181,0.745195,-0.019301,-1.703144,0.631063,-7.002157
0.064643,0.654084,-0.016679,-0.657294,0.062745,-5.967173
0.082890,0.576192,-0.038546,-1.022869,1.005862,-5.463758
0.098728,0.491101,-0.031519,-0.509837,1.508876,-4.687775
0.128008,0.384123,-0.009930,-0.362626,0.796715,-4.739612
0.148687,0.285358,-0.043037,0.171125,1.504192,-4.594291
0.161157,0.169606,-0.014017,0.417272,0.431442,-3.991912
0.163028,0.052275,-0.060368,0.202393,1.127555,-2.885584
0.179670,-0.074358,-0.051578,0.954151,1.045045,-1.379491
0.194031,-0.184201,-0.042653,1.748773,0.670190,0.247320
0.221603,-0.300548,-0.041271,1.202530,0.509157,0.528223
0.236542,-0.425615,-0.037063,2.483274,0.363854,1.696422
0.236072,-0.551789,-0.061018,1.863583,0.769038,3.824974
0.237690,-0.672914,-0.055907,2.494514,0.694002,5.254543
0.277664,-0.752425,-0.050153,2.359284,0.190994,6.742888
0.286556,-0.848633,-0.059928,2.085640,0.819049,7.472714
0.297474,-0.942166,-0.038097,2.402944,0.119198,7.927507
0.307055,-1.016704,-0.059462,1.642531,0.826035,9.190962
0.311700,-1.084723,-0.065091,2.142594,1.037378,10.083038
0.335146,-1.131172,-0.042052,1.299513,0.512759,10.807782
0.360716,-1.156792,-0.057204,0.761397,1.310283,11.074661
0.368433,-1.196467,-0.043710,1.412685,1.397707,11.155324
0.337565,-1.239769,-0.043145,0.816591,1.098503,10.501052
0.334112,-1.242395,-0.018071,1.422486,-0.069526,10.541006
0.370114,-1.229842,-0.021530,1.535051,0.929878,11.519154
0.395267,-1.211786,-0.067842,1.595487,2.756505,10.426591
0.402453,-1.199316,-0.001826,2.187294,0.828234,9.676839
0.385243,-1.181486,-0.028282,2.203510,0.978320,9.739415
0.368138,-1.145494,-0.008519,2.261185,0.798869,8.182678
0.378858,-1.074419,0.019920,2.806772,-0.283538,7.604236
0.416176,-1.001247,-0.016708,2.442750,0.752731,6.121306
0.414204,-0.940197,-0.009336,3.010208,1.417868,4.484697
0.409467,-0.877348,0.014849,2.812251,0.297637,4.169773
0.397677,-0.815533,0.000955,2.531812,1.420382,2.750931
0.397657,-0.727412,0.037632,3.025291,1.028571,2.066692
0.438773,-0.617401,0.026137,2.530335,0.822470,1.605236
0.434955,-0.536502,0.004411,1.887204,1.391007,-0.324340
0.426496,-0.453627,0.038223,2.339277,2.333287,-2.528837
0.421316,-0.365379,0.032351,1.543000,0.622917,-3.496025
0.412477,-0.265642,0.011721,0.929345,2.865065,-4.656205
0.412648,-0.175976,0.061151,0.745975,-0.286447,-5.390727
0.419203,-0.083654,0.021916,-0.073810,1.368473,-5.758558
0.410501,-0.015976,0.055745,-0.168099,1.344981,-8.711562
0.403575,0.044814,0.047765,-0.194906,0.903316,-8.356167
0.384786,0.110306,0.036267,-0.687850,0.943988,-8.758894
0.376813,0.181725,0.067430,0.090298,0.757267,-8.626196
0.384274,0.237320,0.039819,-0.903309,1.738302,-9.064048
0.384448,0.271198,0.055955,0.988616,3.665855,-9.152838
0.381766,0.314191,0.032308,0.156374,1.312061,-8.739708
0.359442,0.335405,0.056641,0.651165,1.869028,-9.196384
0.368778,0.357017,0.051793,0.353940,0.715041,-8.670163
0.355956,0.363329,0.033211,0.484640,2.454507,-8.406797
0.331817,0.364711,0.071596,0.874003,1.372635,-8.073604
0.314365,0.378606,0.056277,-0.015026,1.343461,-7.754893
0.305916,0.381452,0.059858,0.216009,1.151448,-7.294252
0.312769,0.392786,0.060659,0.838156,1.461389,-5.491268
0.304665,0.378993,0.052335,-0.220342,0.847130,-4.717121
0.282978,0.346766,0.046633,0.358391,0.859856,-5.647551
0.284035,0.333475,0.048120,-0.783480,-0.258129,-4.572080
0.287068,0.302725,0.021565,-1.106968,2.045729,-3.860401
0.287524,0.272054,0.043705,-0.515843,1.232954,-2.774317
0.281764,0.252727,0.016471,-1.763055,1.306767,-2.285295
0.252199,0.206921,0.045336,-1.399817,0.624551,-2.349723
0.259223,0.184341,0.033083,-1.246442,-0.048283,-1.380707
0.265361,0.143074,0.016809,-1.514893,1.214789,-0.892684
0.258675,0.108195,0.015341,-0.490555,1.076353,-0.940348
0.251398,0.061817,0.034232,-1.226856,-1.146327,-0.269085
0.233535,0.013375,0.009778,-0.318287,1.290693,-0.200278
0.214126,-0.037792,0.032935,-0.011182,-0.272562,0.674827
0.216965,-0.072172,-0.005102,-0.077185,0.756778,1.021000
0.204895,-0.112858,0.007526,0.857663,0.399987,0.825521
0.207699,-0.154660,0.002540,1.096382,0.929480,2.433966
0.189107,-0.200965,-0.024202,0.650998,0.473920,2.862249
0.159522,-0.235664,0.016247,1.913161,-0.100697,2.592334
0.153712,-0.262563,-0.016288,1.330321,0.810554,2.336514
0.148040,-0.297032,-0.009858,1.951428,0.495627,2.903224
0.163255,-0.310552,-0.028660,1.880612,0.254654,4.459169
0.145526,-0.339664,-0.029096,1.032115,1.108416,4.462123
0.114415,-0.371865,-0.011653,1.634466,0.589869,5.325904
0.077271,-0.380012,-0.035871,0.285321,0.633808,5.952383
0.089222,-0.373395,-0.031978,0.664705,0.806093,5.637331
0.096204,-0.356129,-0.039846,0.145969,-0.025155,6.393937
0.078863,-0.340620,-0.031702,-0.383755,0.667345,6.365625
0.046721,-0.354813,-0.007472,-0.038232,0.076010,6.165136
0.013510,-0.327880,-0.035661,-1.182080,0.327442,6.717862
0.006128,-0.309886,-0.006316,-1.277129,-0.329634,6.304856
0.025195,-0.248626,-0.021360,-0.991199,-0.414586,7.431569
0.025868,-0.215349,-0.042886,-1.716746,-0.020773,7.118410
-0.013610,-0.197203,-0.025948,-0.663491,0.088913,7.216896
-0.028240,-0.141083,-0.028873,-1.122674,0.185269,7.591221
-0.036945,-0.099386,-0.031276,-0.699204,0.582976,6.555020
-0.047724,-0.036459,-0.001520,-0.301668,-0.249040,6.734033
-0.060795,0.039192,-0.013872,-0.699187,0.111490,6.904181
-0.082311,0.092764,-0.006946,-0.467411,-0.289670,5.621363
-0.088466,0.174257,-0.005318,-0.239502,-0.341382,5.227285
-0.102170,0.228743,-0.046523,-0.581768,0.309798,4.838627
-0.108006,0.312563,-0.000493,-0.166421,-0.026061,4.777093
-0.116042,0.395349,-0.009805,-0.517613,0.025457,2.825732
-0.144668,0.464543,0.006105,-1.000167,0.333556,0.983064
-0.174463,0.531049,0.014577,-0.643245,0.254634,1.277235
-0.171531,0.619671,-0.005417,-1.978255,-0.857782,1.150050
-0.186148,0.686400,-0.000887,-1.435475,-0.248719,-0.559084
-0.181773,0.777488,0.000505,-2.926410,-0.864711,-1.697576
-0.207855,0.835003,-0.011164,-2.805390,0.535164,-3.406362
-0.223092,0.884016,0.025008,-2.736118,-0.530414,-4.061952
-0.246279,0.939476,0.004578,-3.742329,-0.408245,-5.949043
-0.258309,0.990686,0.027946,-3.243297,-0.778521,-6.879067
-0.251347,1.034477,0.037872,-3.203704,-1.339834,-7.581177
-0.256044,1.064146,0.007421,-3.292836,0.057700,-7.685464
-0.267513,1.074027,0.022947,-1.995025,-0.417912,-8.216799
-0.279878,1.093160,0.008248,-2.727590,-1.049653,-9.103974
