-0.027209,1.032712,-0.197823,-4.091061,0.382757,0.157520
-0.046307,0.959248,-0.170020,-5.163683,-1.605301,-1.001190
-0.047849,0.880095,-0.211655,-5.748101,0.218120,-1.806358
-0.056781,0.811761,-0.202868,-5.701084,-0.018179,-2.785781
-0.079003,0.716213,-0.171159,-5.359693,-1.108027,-3.538569
-0.096442,0.649015,-0.159379,-5.510617,-1.783071,-4.563565
-0.087078,0.592215,-0.195318,-5.536925,-1.236824,-5.873662
-0.108768,0.506281,-0.182861,-4.905588,-1.032824,-8.216512
-0.121340,0.452393,-0.152492,-4.490018,-0.741422,-9.244342
-0.139771,0.402287,-0.169347,-4.810381,-1.068028,-10.674871
-0.126391,0.358634,-0.162911,-4.466762,-0.166332,-12.200761
-0.145702,0.317689,-0.160281,-3.922612,-0.317892,-13.046025
-0.171052,0.275795,-0.136067,-3.167940,-0.594126,-13.167577
-0.133678,0.271787,-0.161712,-3.834965,-0.298122,-12.702002
-0.144097,0.255578,-0.159644,-3.060431,0.402961,-14.347496
-0.136485,0.252966,-0.110799,-2.351394,0.729659,-13.982662
-0.138083,0.256281,-0.118985,-3.062709,0.474965,-12.708790
-0.135618,0.265065,-0.135752,-3.254239,0.600249,-11.488130
-0.123086,0.265399,-0.126689,-2.217999,0.645523,-9.761268
-0.113701,0.270234,-0.118860,-2.446749,-0.011394,-8.075982
-0.063943,0.309076,-0.136677,-2.462905,1.282536,-6.682297
-0.083339,0.310313,-0.120153,-1.860246,-0.328819,-7.207580
-0.081744,0.346912,-0.091130,-1.873337,-0.766198,-6.087585
-0.024629,0.375079,-0.116733,-2.686042,-1.122536,-4.180570
-0.007849,0.415774,-0.129187,-2.568472,-0.580671,-2.605866
-0.016377,0.448507,-0.073451,-1.606731,-0.336008,-0.344853
-0.022824,0.475587,-0.071042,-2.708678,-4.575273,2.668928
0.030243,0.492469,-0.110572,-2.149725,0.245653,4.694085
0.004266,0.526852,-0.081916,-2.049948,-0.849397,5.666149
0.020389,0.571195,-0.073418,-1.518719,-0.217029,6.406089
0.034038,0.586415,-0.047973,-2.085848,-1.097011,7.567344
0.001240,0.584935,-0.099674,-2.244482,0.342919,8.260059
-0.034966,0.605762,-0.077344,-0.682915,0.432939,8.735897
0.006551,0.616555,-0.035723,-0.931139,-0.868436,10.581173
-0.021993,0.584728,-0.056760,-1.304828,-0.378138,12.334074
-0.067862,0.593509,-0.051567,-0.326015,0.162992,12.221506
-0.067166,0.572872,-0.039419,0.548049,-0.479371,11.969674
-0.065594,0.552268,-0.023998,-0.239034,-0.604094,11.956036
-0.110252,0.517264,-0.051531,0.170076,-0.109162,10.555727
-0.098566,0.519408,-0.017617,1.102154,-0.096593,10.007544
-0.089910,0.483248,-0.003404,0.960629,0.015689,10.695422
-0.132401,0.435417,-0.011239,0.812860,0.434768,10.636243
-0.114217,0.390060,-0.010097,1.099344,-0.076925,10.457219
-0.094315,0.329640,0.029966,0.877284,-3.235674,9.777946
-0.088873,0.281073,-0.030241,0.441350,0.122753,9.413917
-0.085715,0.229476,-0.000138,0.801985,0.402183,7.698164
-0.061658,0.130678,0.042600,1.784232,0.406477,5.107461
-0.051250,0.072996,-0.001598,0.650770,0.336308,5.172044
-0.046848,0.027068,0.000420,0.277626,0.516888,3.770391
0.000613,-0.047562,-0.006437,0.689414,0.513028,1.706401
0.018673,-0.128434,0.017413,0.439982,-0.404138,1.346647
-0.009884,-0.191598,0.025997,-0.021270,-1.204245,0.687396
0.031333,-0.250489,-0.006877,-0.613612,-0.087435,-0.658134
0.069508,-0.323638,0.009736,-0.616326,0.484441,-2.777502
0.045802,-0.375891,0.001054,-0.276834,-0.767100,-4.170214
0.047181,-0.409782,0.008252,-0.864042,-0.984305,-6.050907
0.094957,-0.483059,0.000033,-0.952235,0.708373,-6.922547
0.074645,-0.518352,0.000171,-0.950488,0.275104,-6.504890
0.062687,-0.528321,-0.011948,-0.858521,0.073953,-6.667893
0.081637,-0.571259,-0.025751,-1.692713,0.202647,-7.003242
0.089675,-0.613677,-0.007359,-0.506079,0.583413,-6.791560
0.039431,-0.588859,-0.024815,-0.622796,-0.625069,-6.563117
0.073207,-0.597285,-0.032020,-0.845483,1.294088,-6.480117
0.084761,-0.607585,-0.032703,-0.873692,2.047686,-6.699590
0.058184,-0.580357,-0.018894,-0.017298,1.468241,-6.277985
0.091618,-0.536228,-0.037137,0.328970,1.111016,-5.482022
0.106852,-0.545577,-0.035302,-0.697875,1.369731,-4.304821
0.057668,-0.537059,-0.038457,0.898598,2.126225,-3.945031
0.064768,-0.454548,-0.031728,0.998292,-0.343711,-3.217787
0.126206,-0.432759,-0.037728,0.460875,0.796890,-2.663034
0.079280,-0.406519,-0.043860,1.073551,0.689590,-2.710674
0.065195,-0.351942,-0.050054,2.498838,0.288916,-2.473308
0.120317,-0.290600,-0.046745,1.640927,-0.767898,-1.136869
0.126123,-0.271076,-0.060485,1.406821,0.175531,0.326774
0.071724,-0.223205,-0.050221,2.785215,0.948539,-0.703192
0.098059,-0.158400,-0.050677,2.807214,-0.051912,-0.111135
0.120218,-0.118131,-0.076192,1.799272,0.394181,0.414833
0.048238,-0.052613,-0.091225,1.657615,1.090061,-0.801244
0.041699,0.010633,-0.050920,2.500883,0.529158,-0.270389
0.075177,0.048998,-0.031652,0.579062,-2.245494,1.116199
0.033138,0.116859,-0.095296,0.011157,-0.057923,0.812378
-0.016505,0.188794,-0.096356,0.534289,1.336447,0.120074
0.019175,0.208213,-0.063430,0.380770,0.156483,0.764588
0.014107,0.263604,-0.064611,-1.613325,-0.703618,0.947416
-0.032957,0.338227,-0.110930,-1.523429,0.815117,-0.326858
-0.014365,0.380199,-0.086052,-1.464283,0.174625,-0.429976
-0.018757,0.398036,-0.093494,-1.730439,0.421917,0.630829
-0.046434,0.456726,-0.114780,-2.584956,0.547989,1.885869
-0.028204,0.504046,-0.125419,-2.291345,0.100652,2.173686
-0.028578,0.498357,-0.082353,-2.721955,-1.085457,2.840441
-0.041353,0.531257,-0.120846,-2.045534,0.079884,3.636061
-0.039676,0.582785,-0.152180,-2.727043,1.048292,2.290979
-0.005414,0.573762,-0.126446,-2.340467,-0.907569,1.506050
-0.009353,0.579109,-0.093753,-1.910812,-0.664225,0.631572
-0.027790,0.612048,-0.114764,-1.865420,-0.345563,0.681928
0.036572,0.631651,-0.113920,-2.146688,-0.032057,0.882499
0.033083,0.614034,-0.103341,-1.694021,-1.425584,1.368405
0.038006,0.655708,-0.106617,-1.261733,0.723655,1.472448
0.072580,0.667501,-0.108832,-1.616808,0.467582,1.396765
0.114431,0.659374,-0.109092,-2.288795,0.502859,2.306346
0.078974,0.659548,-0.091094,-0.921193,0.315714,1.842031
0.094576,0.687551,-0.080019,-0.970995,0.517587,2.779282
0.146727,0.649274,-0.087224,-1.936150,-0.164852,3.693896
0.123310,0.640526,-0.083121,-1.519145,0.601299,3.034568
0.113282,0.642545,-0.053920,-0.688409,-0.021941,3.319271
0.139631,0.590837,-0.040259,-1.211646,-1.340874,2.747271
0.116420,0.560044,-0.062110,-2.312337,-1.350774,1.307147
0.024732,0.563373,-0.072952,-0.941157,-0.814315,-1.645950
0.014044,0.563284,-0.019107,-1.214676,-1.980995,-2.926735
0.001479,0.530811,-0.039117,-3.038612,-2.524491,-2.701478
-0.089838,0.564846,-0.045977,-3.639387,-1.517482,-2.792557
-0.123742,0.585168,-0.050034,-2.877139,-1.343155,-1.735866
-0.140896,0.558186,-0.004497,-4.322557,-2.657811,2.067910
-0.215319,0.566038,-0.012260,-5.202083,-1.075150,3.758214
-0.244585,0.599673,-0.021723,-4.596697,0.339958,3.579304
-0.212624,0.568730,0.009004,-4.383722,0.168359,4.017976
-0.276409,0.541459,0.032930,-5.084516,0.061141,3.056963
-0.309817,0.560822,-0.007733,-4.425465,1.745127,1.322019
-0.278756,0.550167,0.001477,-3.941821,1.463310,-0.253485
-0.267247,0.522713,0.039842,-3.626700,0.804177,-0.009449
-0.273599,0.532567,0.042065,-3.153409,0.563833,0.563905
-0.214174,0.537550,0.020529,-2.421540,1.908405,2.145030
-0.209089,0.484200,0.043791,-1.710350,-0.619459,3.138934
-0.212982,0.466370,0.056333,-0.720744,-1.021026,2.801000
-0.144300,0.472649,0.020174,-0.029887,-1.194418,2.251580
-0.084248,0.436017,0.025196,0.493039,-2.087513,1.311310
-0.101465,0.392374,0.039219,1.721370,-1.499232,0.838813
-0.105968,0.363590,0.067014,2.599684,-2.856037,0.981957
-0.028013,0.287388,0.024530,2.711609,-3.109839,1.526775
-0.010157,0.231718,0.011351,2.675657,-2.030849,1.026027
-0.019049,0.188508,0.055273,4.429260,-1.193742,0.438313
-0.002292,0.135188,0.066854,3.719912,-1.008980,0.347968
0.022119,0.063746,0.055230,2.341068,-2.319047,0.694562
-0.016462,0.035904,0.033232,2.198489,1.186666,-1.644160
0.000422,0.022729,0.059576,2.693490,2.198143,-3.203358
0.003725,-0.069121,0.086758,0.952167,0.111576,-2.488540
-0.031434,-0.089971,0.041730,-0.589151,1.516532,-1.309967
-0.068492,-0.106531,0.026040,0.399365,2.021010,-1.020614
-0.053413,-0.174986,0.078352,-0.825286,0.450593,0.072617
-0.067189,-0.240133,0.075152,-1.675297,-0.284335,-0.423494
-0.083999,-0.263825,0.034869,-2.347396,1.225140,-0.769043
-0.083907,-0.329901,0.038073,-2.241967,-0.908110,-2.210814
-0.112940,-0.405348,0.068045,-2.512121,-2.084776,-2.302056
-0.146253,-0.452313,0.060361,-1.040942,-1.284166,-2.215843
-0.093928,-0.470044,0.041914,-1.402037,-1.224419,-1.924722
-0.124671,-0.530701,0.035657,-1.763893,-1.357059,-2.427142
-0.165446,-0.555473,0.037010,-0.055948,-0.651771,-2.590973
-0.184139,-0.572289,0.055867,0.743263,-1.198425,-2.827988
-0.167333,-0.578890,0.054328,0.149575,-1.177490,-2.268391
-0.173816,-0.576832,0.043863,0.023280,0.099149,-3.686602
-0.179662,-0.586591,0.056806,2.236043,0.723475,-5.326554
-0.166447,-0.603870,0.078431,2.122281,-0.211393,-4.428784
-0.116777,-0.609226,0.058165,1.922151,1.689871,-3.497466
-0.102052,-0.605681,0.038864,3.334518,2.783740,-4.165964
-0.083647,-0.606256,0.067740,4.377348,1.995302,-4.482716
-0.040431,-0.642881,0.103266,4.092695,-2.452560,-4.587221
0.010434,-0.630897,0.036928,4.307908,2.112879,-4.205650
0.041880,-0.616668,0.035224,4.954109,2.007926,-5.156657
0.119414,-0.613451,0.073517,5.150924,1.269988,-4.211648
0.165434,-0.580417,0.035772,3.984257,0.050421,-2.271860
0.161364,-0.535779,0.013324,3.622384,0.323113,-1.554333
0.210065,-0.530674,0.041684,3.657884,-0.642603,-0.348157
0.269300,-0.532542,0.040492,3.031247,-1.161508,2.869104
0.276797,-0.491600,0.023742,1.775389,-0.064198,3.951340
0.281773,-0.465137,0.008997,1.911020,0.151904,3.135588
0.297637,-0.463680,0.046338,1.491081,-2.429993,3.204090
0.286805,-0.469900,0.040177,0.884152,-0.900038,3.138661
0.268604,-0.461694,0.007888,0.523763,0.954766,1.719265
0.301895,-0.473937,0.016878,1.042963,1.460904,2.266770
0.252504,-0.498897,0.053977,0.829890,-0.348398,3.558675
0.207075,-0.470169,0.022370,1.111103,2.613014,4.140850
0.191040,-0.454630,0.019892,0.894629,1.985024,3.934200
0.148831,-0.478776,0.024664,1.022221,2.522593,3.550125
0.082516,-0.493251,0.047369,1.709997,0.979164,3.452576
0.103583,-0.456531,0.021730,1.878967,2.285568,4.294607
0.071799,-0.440237,0.027891,1.516018,0.746725,4.416684
-0.004373,-0.439715,0.034810,1.327281,0.922253,3.519332
-0.004678,-0.412763,0.044274,3.287500,1.093554,3.496667
0.018666,-0.402666,0.030573,2.264279,-0.337704,4.032089
-0.007557,-0.413419,0.029874,1.647197,0.188365,2.969071
-0.012422,-0.400696,0.044165,3.459749,1.003516,1.527295
0.027581,-0.373134,0.056218,2.752289,-0.752601,0.776726
0.021515,-0.356613,0.041411,1.902223,-0.532090,1.086257
0.005254,-0.340057,0.019511,1.774601,1.974307,0.426466
0.074760,-0.320306,0.037962,2.484350,0.681926,0.618877
0.096752,-0.313994,0.045380,2.168977,1.054673,1.764147
0.076309,-0.278258,0.042675,1.285282,0.927173,2.587799
0.108641,-0.241317,0.028354,1.461890,0.929438,1.925797
0.126855,-0.247528,0.034000,1.267314,0.964921,1.768916
0.138712,-0.232376,0.057669,1.011868,0.996685,1.902180
0.161981,-0.223248,0.026775,1.098235,1.068397,1.069757
0.199509,-0.226780,0.051945,0.717522,1.190727,0.938040
0.245043,-0.242397,-0.013773,2.640108,12.900890,0.420498
0.153591,-0.241764,0.039419,1.459300,0.255875,-0.993302
0.216985,-0.260244,0.033803,1.786267,0.920562,-2.536559
0.228575,-0.282506,0.069069,1.715465,0.833427,-3.788487
0.192974,-0.278599,0.047569,2.159802,0.516790,-3.585476
0.188299,-0.271624,0.062550,1.797191,-0.635615,-4.091943
0.201813,-0.281255,0.013639,1.722549,1.875230,-3.349038
0.165674,-0.279837,0.034417,2.026148,0.114409,-3.850638
0.129252,-0.288302,0.081050,2.030120,-1.125916,-4.185287
0.106022,-0.277572,0.048656,0.927657,0.203776,-2.677686
0.090693,-0.279939,0.039311,0.868816,1.093101,-2.790871
0.051665,-0.253538,0.053481,1.105585,0.592726,-3.055358
0.024883,-0.233400,0.057824,1.135750,0.759539,-2.200231
0.013985,-0.239896,0.061346,-0.142257,0.562704,-2.144751
-0.024508,-0.242204,0.047809,-0.376157,1.141848,-2.449497
-0.053154,-0.223001,0.055759,0.489852,2.581043,-2.225619
-0.055884,-0.212399,0.075089,-0.155534,0.011724,-2.356946
-0.057549,-0.174507,0.061116,-0.471262,1.413109,-3.140425
-0.078845,-0.162805,0.060302,-0.812409,0.934122,-4.092392
-0.087219,-0.132826,0.059521,-1.423265,1.268284,-4.298658
-0.096662,-0.099388,0.081739,-0.349215,0.029433,-3.572025
-0.066017,-0.067263,0.079586,-1.202169,0.046856,-0.998980
-0.058336,-0.035472,0.069653,-1.304847,1.250188,-0.796522
-0.061783,0.012839,0.053422,-0.716940,0.631146,0.007182
-0.047120,0.020720,0.082268,-0.020863,-0.789506,0.237590
-0.014247,0.038964,0.087963,-0.537335,-1.753299,0.121881
0.000314,0.069789,0.058812,-0.269002,-0.143742,-0.538605
0.002792,0.090708,0.057830,-0.149859,0.174129,-2.082113
0.024197,0.092064,0.049302,0.870116,-0.526576,-2.494863
0.021161,0.118740,0.070146,1.495282,-0.553686,-1.060047
0.026432,0.156235,0.062849,0.681188,-0.875834,0.172276
0.030480,0.159403,0.078634,1.002933,0.771759,0.397943
0.027529,0.155408,0.077554,1.620445,-0.529406,-0.220265
0.039053,0.189746,0.072736,1.704229,0.130758,-0.580027
0.019959,0.214863,0.051013,0.995515,0.272402,-0.607075
0.002927,0.193511,0.091455,0.796215,0.080593,-0.498790
0.014245,0.187855,0.103253,1.745604,0.279417,0.709522
0.005815,0.190852,0.072956,1.891134,0.321205,2.571863
-0.009015,0.162554,0.089840,1.132330,-1.366985,3.927353
-0.029888,0.112339,0.095119,1.179305,0.502537,4.158899
-0.022308,0.076928,0.084746,2.016750,0.531758,4.209272
-0.004285,0.055678,0.094482,1.432141,0.195889,4.070823
-0.015445,0.017575,0.064969,0.922372,0.510202,3.292563
-0.053531,-0.033336,0.078250,1.337092,0.063958,2.616285
-0.071141,-0.104413,0.108088,1.762148,-0.594158,3.335022
-0.060201,-0.141948,0.095700,1.583202,-0.426488,3.812312
-0.080004,-0.178862,0.079333,0.797817,-0.423760,4.440489
-0.091443,-0.228424,0.089299,1.506118,-0.523572,3.261063
-0.121957,-0.286687,0.134711,1.273951,-2.346891,3.130005
-0.122065,-0.331676,0.093605,1.173390,-0.785580,3.224678
-0.109201,-0.371364,0.092486,0.646523,-0.318578,2.409219
-0.114315,-0.435310,0.094735,1.506367,0.033753,1.615138
-0.108761,-0.482577,0.120443,1.509827,0.126816,1.824270
-0.105095,-0.526607,0.108455,0.942395,0.232422,2.476034
-0.120378,-0.605458,0.110070,1.332983,1.306620,0.963342
-0.102134,-0.658926,0.121293,2.650727,1.354228,1.073384
-0.083874,-0.689216,0.104326,2.650471,-0.180804,0.658458
-0.069835,-0.739037,0.106450,2.187470,1.096954,-0.387586
-0.056344,-0.800452,0.122025,3.699647,1.364201,-2.136117
-0.030810,-0.833191,0.134485,3.631595,0.980063,-1.774615
-0.006398,-0.882887,0.153306,3.547151,-2.557374,-1.926256
0.018269,-0.936289,0.129381,3.710564,0.717793,-2.781879
0.053877,-0.987213,0.130034,5.419050,1.203131,-3.108306
0.089357,-1.017647,0.148485,5.398072,-1.184288,-2.930636
0.108070,-1.068141,0.142048,4.927420,0.406927,-2.974115
0.137839,-1.123857,0.129177,5.875670,0.913082,-3.486453
0.164522,-1.166142,0.161762,5.973100,0.395819,-4.589716
0.180084,-1.187159,0.165885,6.134645,0.446300,-4.937533
0.190788,-1.227835,0.136924,5.546258,1.678626,-5.430568
0.184669,-1.257023,0.141273,5.298480,0.962900,-5.861778
0.183162,-1.282412,0.150654,6.139365,1.324588,-5.761509
0.177989,-1.292782,0.171448,5.179925,0.751058,-4.241041
0.163796,-1.315030,0.146640,4.366304,1.038297,-4.291262
0.147413,-1.318788,0.153572,4.410173,1.864307,-4.786297
0.119982,-1.324693,0.173172,4.524905,1.124205,-4.223402
0.105024,-1.325675,0.174941,3.925410,0.933663,-3.183424
0.080731,-1.318204,0.151360,2.848065,1.814423,-3.384819
0.061230,-1.328836,0.173073,3.904097,2.253170,-3.911818
0.042326,-1.322373,0.192896,3.309802,0.955583,-3.017931
0.041765,-1.309030,0.171169,2.683621,1.505264,-1.269517
0.017816,-1.300929,0.151783,3.406404,1.833895,-1.109144
0.004591,-1.296524,0.183216,4.280294,1.607164,-0.420679
0.016500,-1.279245,0.175496,3.838498,0.547557,1.077377
0.039599,-1.241431,0.152597,3.303861,1.979402,1.504600
0.039910,-1.216540,0.125199,4.586263,2.300165,1.491604
0.065139,-1.195270,0.174692,5.056906,1.540609,2.012948
0.084952,-1.169027,0.168885,4.994802,1.559109,2.692676
0.127834,-1.129257,0.117538,4.821614,2.148477,3.387930
0.160051,-1.101359,0.135913,5.214321,2.836712,2.862339
0.176614,-1.084081,0.139412,6.241445,0.472346,1.724541
0.207436,-1.035346,0.137492,6.433537,1.715740,1.765079
0.231595,-1.004836,0.122192,5.772694,1.264657,1.259167
0.254263,-0.969264,0.121828,5.489721,0.987705,0.592326
0.255324,-0.914608,0.130451,6.054527,-2.156677,1.719907
0.265197,-0.877067,0.105494,5.493433,0.073339,3.153380
0.275983,-0.840665,0.079317,5.017818,1.793626,3.741245
0.256627,-0.812140,0.086397,4.508909,0.603545,3.771476
0.262469,-0.774222,0.089923,4.997812,0.835797,4.333665
0.250065,-0.753207,0.088212,3.954951,-0.219832,4.311170
0.257812,-0.735436,0.069992,3.126123,1.146204,3.256007
0.255498,-0.724939,0.063909,3.873294,2.293554,1.507163
0.241150,-0.711235,0.072900,4.054176,1.643464,1.303444
0.261757,-0.699848,0.071111,3.519831,1.808718,1.723482
0.254057,-0.687260,0.051443,2.986649,3.141253,1.900316
0.248371,-0.692203,0.068528,3.501968,3.225455,1.903211
0.232973,-0.710700,0.100239,3.770475,2.409152,2.025134
0.248145,-0.733598,0.091971,3.964359,2.404153,1.864699
0.254647,-0.728901,0.073917,3.337709,2.338116,1.913030
0.244025,-0.737324,0.091039,3.739236,1.341683,0.249919
0.225000,-0.787079,0.120971,4.696746,0.481970,-0.749921
0.239903,-0.787489,0.073612,4.304938,0.818023,-0.255044
0.237237,-0.798919,0.058293,4.397545,0.827486,-0.943394
0.208772,-0.821814,0.093028,4.456866,0.497703,-1.103194
0.186530,-0.855429,0.119602,5.163283,-0.051528,-1.483714
0.195219,-0.854556,0.099836,4.129712,-1.308820,-1.238660
0.189402,-0.830952,0.067448,3.687213,0.282746,-2.562386
0.173053,-0.848802,0.083660,4.006837,1.350483,-4.141220
0.143688,-0.846708,0.100013,3.340006,0.527533,-4.902395
0.157507,-0.821591,0.093740,2.698707,1.516171,-4.021861
0.140589,-0.808881,0.081441,2.181463,2.532982,-3.537154
0.138012,-0.789872,0.089683,1.716526,3.457589,-3.513314
0.108887,-0.808395,0.119675,1.792055,2.784098,-3.861686
0.132994,-0.762260,0.112575,1.332586,2.648579,-2.701376
0.142864,-0.730867,0.076960,0.946069,3.193070,-2.504640
0.131004,-0.715706,0.108422,0.711794,1.920919,-3.373236
0.111477,-0.714146,0.131235,1.655341,1.674913,-3.692145
0.121371,-0.665895,0.133205,1.192734,0.307489,-2.431019
0.140458,-0.648242,0.133201,0.948189,0.725294,-2.000760
0.109468,-0.641083,0.151659,1.473701,0.252531,-2.011869
0.129340,-0.618023,0.168209,2.429799,-0.327296,-1.263771
0.138502,-0.588436,0.190149,2.533245,-0.650462,-0.948975
0.101459,-0.564428,0.184785,2.417014,-1.166618,-1.374709
0.107016,-0.546079,0.183790,3.544742,0.164912,-1.219453
0.099178,-0.539754,0.249419,4.014426,-1.215320,-0.896120
0.093755,-0.521740,0.232439,4.172262,-0.190644,-0.317849
0.053066,-0.514032,0.241981,4.546860,0.649456,-0.482077
0.053509,-0.527336,0.265874,5.530265,0.858666,-1.079087
0.043166,-0.509109,0.265195,5.610354,1.466872,-0.679841
0.008917,-0.505206,0.261282,5.132112,2.282745,-0.384807
-0.025384,-0.528295,0.287069,5.269430,1.837587,-0.480648
-0.029782,-0.532719,0.308513,5.667481,1.781178,-0.536984
-0.037772,-0.528800,0.308690,4.488065,1.383459,1.308777
-0.082810,-0.527074,0.330000,4.458399,0.108051,0.575063
-0.044947,-0.569913,0.330401,4.370108,0.701913,1.342810
-0.056226,-0.578372,0.335163,3.998706,0.504875,2.336076
-0.095586,-0.573540,0.337553,3.615354,-0.526441,2.069896
-0.046024,-0.596717,0.349741,2.641290,-0.204165,1.914447
-0.018652,-0.634373,0.336594,1.683367,1.009947,3.048514
-0.060536,-0.645396,0.365011,2.533732,-0.276756,3.124095
-0.067284,-0.663633,0.405273,1.902945,-4.540620,3.572395
-0.008131,-0.712246,0.356463,0.635248,-0.664093,4.437470
-0.055139,-0.744017,0.373007,1.901344,-0.327844,3.345234
-0.069887,-0.748130,0.387252,2.846456,0.269409,2.173757
-0.011292,-0.787223,0.364863,1.467540,-0.680995,2.880639
-0.057417,-0.822247,0.351887,1.272284,-0.116924,2.648488
-0.108965,-0.824236,0.375117,3.723271,1.065706,1.697945
-0.045879,-0.862509,0.360921,3.193836,-0.096333,2.871448
-0.020736,-0.935849,0.340599,2.450358,0.387216,3.248162
-0.109126,-0.930761,0.347298,4.645659,1.797269,1.595205
-0.062256,-0.956715,0.342710,6.089633,1.326505,-0.075204
0.001187,-1.012501,0.333397,3.928975,0.070500,0.283490
-0.063972,-1.036032,0.310161,5.149828,1.881021,-1.653971
-0.037798,-1.031053,0.327719,7.620988,2.132495,-2.625730
0.076480,-1.103667,0.341577,6.256305,0.380805,-0.028474
-0.001882,-1.145233,0.296644,5.751148,0.602964,0.618563
-0.011128,-1.130626,0.272918,8.501837,2.436212,-0.200636
0.108494,-1.186000,0.298889,7.724635,-0.586825,0.853421
0.071448,-1.254640,0.293161,6.004017,-0.385641,0.449441
0.031501,-1.236593,0.253825,7.876792,1.485339,-1.218522
0.142162,-1.280210,0.276463,7.589887,-0.214399,-1.132775
0.152738,-1.379927,0.277540,6.129413,-0.310476,0.088963
0.067315,-1.354278,0.242113,6.910948,1.430962,-0.376942
0.164768,-1.373497,0.239707,7.065964,1.340512,0.192209
0.187653,-1.500389,0.270309,5.653167,-0.194159,1.010188
0.066515,-1.503997,0.236309,6.051232,1.180959,-0.177486
0.136204,-1.478410,0.219920,6.593271,2.094954,-1.061742
0.193512,-1.607170,0.218867,5.352624,1.488921,-0.409417
0.086386,-1.631415,0.232006,5.518341,1.560261,-0.741917
0.105103,-1.602414,0.186006,6.468433,2.496235,-1.056151
0.211283,-1.692898,0.199014,4.819970,1.701606,-0.040322
0.132265,-1.767107,0.176694,5.013030,2.787644,-0.534530
0.064932,-1.733761,0.187303,7.317849,1.444857,-3.027978
0.183520,-1.776469,0.187982,6.429930,0.552290,-2.804040
0.137336,-1.836088,0.131265,4.877373,1.072100,-2.910047
0.046232,-1.782827,0.136898,7.357206,1.864812,-3.789478
0.096772,-1.807202,0.177938,7.718979,-0.120682,-1.710819
0.111894,-1.878136,0.162451,5.874387,0.193526,1.048401
0.027089,-1.821369,0.096451,7.087471,2.049351,0.134390
0.083803,-1.802285,0.149745,7.778943,1.331492,-0.798692
0.160097,-1.861645,0.206909,6.632240,-2.330117,-0.756821
0.084870,-1.821061,0.159428,7.171443,2.096762,-2.369821
0.096185,-1.776630,0.143367,8.013263,2.423736,-4.373570
0.186018,-1.811840,0.173733,6.966300,1.871991,-3.141320
0.116145,-1.776748,0.168941,7.065131,2.139411,-1.066558
0.115131,-1.700927,0.146663,8.653079,4.633270,-0.055167
0.224495,-1.716065,0.145652,7.196602,3.007432,1.864662
0.172954,-1.744747,0.187985,6.661595,1.323479,2.131613
0.144105,-1.648542,0.156093,8.414324,2.091337,0.298470
0.229537,-1.619785,0.160626,7.287792,1.415309,-1.539527
0.205614,-1.663858,0.183853,6.668310,0.457756,-1.384536
0.129803,-1.563002,0.183922,7.730993,1.400012,-0.277537
0.187075,-1.553178,0.154554,8.065119,0.708133,1.202208
0.239506,-1.636814,0.185917,7.259350,0.822943,3.550175
0.149416,-1.584394,0.206170,7.940229,0.923330,2.583806
0.174517,-1.516329,0.196766,8.783684,1.186152,0.463990
0.206586,-1.572872,0.226137,6.516301,0.231563,-1.375255
0.121390,-1.546465,0.242677,7.143627,1.307517,-2.798290
0.126426,-1.486029,0.229991,9.008311,1.384693,-3.198492
0.234864,-1.520701,0.262533,6.719247,1.069267,0.465616
0.149879,-1.550365,0.231140,6.531771,3.214597,2.377662
0.060353,-1.471944,0.250687,8.018082,3.254061,1.626660
0.164774,-1.470171,0.260511,7.270369,2.288644,1.619250
0.108290,-1.514533,0.277346,5.354177,0.806075,1.195989
0.027014,-1.428153,0.246531,6.320109,2.577108,-1.348718
0.120809,-1.409709,0.274199,6.478904,1.688486,-1.627107
0.122181,-1.454563,0.303225,4.566805,0.007297,1.227326
0.025684,-1.393004,0.264210,4.960954,1.792438,2.221292
0.088471,-1.344559,0.261998,5.794926,1.385740,2.002843
0.144939,-1.388616,0.324591,4.181549,-0.720489,4.660938
0.037852,-1.319583,0.330469,4.067576,0.259194,3.959918
0.092469,-1.245091,0.296092,4.910542,1.668877,2.002652
0.184636,-1.297288,0.332321,3.343782,-0.122619,2.751353
0.068507,-1.285915,0.335606,4.645518,0.952179,2.519147
0.015719,-1.188597,0.330844,5.514379,1.063119,2.013150
0.130489,-1.221681,0.348792,4.397992,0.567744,2.265313
0.104995,-1.215060,0.357796,4.676534,1.249174,2.739005
0.058210,-1.138858,0.358367,6.949471,2.214900,2.239337
0.081519,-1.163641,0.407971,5.672162,-5.809128,2.264571
0.044667,-1.216097,0.345040,5.238356,0.848369,1.997849
-0.042170,-1.133298,0.332908,7.767480,2.240208,-1.248776
0.100350,-1.100788,0.390436,8.167330,1.347096,-0.794693
0.118000,-1.167038,0.416574,6.054324,-0.507367,2.268621
-0.034082,-1.160850,0.359017,7.890198,3.091236,2.256630
-0.023677,-1.133426,0.359549,8.981775,0.707303,0.751438
0.043396,-1.187100,0.422749,7.500149,-1.296363,-0.703835
-0.001488,-1.165269,0.391986,6.924938,1.097762,-1.821718
0.051307,-1.129513,0.391799,8.038432,1.157259,-2.524402
0.085740,-1.212204,0.418455,7.292305,-0.227325,0.626276
-0.082636,-1.244004,0.403386,6.037760,-0.060295,1.811496
-0.066789,-1.176140,0.362618,6.982318,1.534760,-1.670313
0.079414,-1.211686,0.380011,6.050372,0.471824,-2.498971
0.006531,-1.270152,0.395452,4.204841,-0.300172,-0.925312
-0.080995,-1.236090,0.371057,5.302573,-0.285641,-0.383327
-0.060201,-1.254095,0.375813,4.351247,0.219756,-0.205793
-0.083237,-1.317758,0.390440,3.667584,0.317684,-1.507227
-0.083677,-1.278171,0.399259,4.278699,-1.052189,-3.426037
-0.020099,-1.302947,0.382522,3.462242,-0.665675,-2.501943
-0.098090,-1.393037,0.362575,3.148359,0.753602,0.480031
-0.215437,-1.363420,0.350551,4.362175,-0.069131,-0.250679
-0.074450,-1.300952,0.360691,4.622554,0.129367,-0.951816
-0.005292,-1.369102,0.349087,3.308565,2.318235,-1.341282
-0.196862,-1.416241,0.333772,4.575494,0.923301,-1.544123
-0.237052,-1.409055,0.328539,6.808296,0.391779,-0.691579
-0.143296,-1.445061,0.342477,5.057247,-1.546058,0.675431
-0.144566,-1.433874,0.317222,5.612337,0.334526,-2.030091
-0.170287,-1.395932,0.309724,8.277916,0.685668,-4.974788
-0.215821,-1.463170,0.325802,6.634170,-1.255244,-2.581371
-0.306837,-1.499063,0.261410,6.492342,0.203248,-0.366001
-0.157971,-1.430660,0.204266,10.191275,11.909860,-0.728848
-0.067429,-1.424549,0.296713,7.855056,-1.560655,-0.219994
-0.227615,-1.471422,0.215443,6.985269,0.661808,-0.967819
-0.372564,-1.444932,0.180652,8.199728,0.931378,-3.690793
-0.223115,-1.444351,0.205349,8.247839,-0.439781,-5.292056
-0.134627,-1.454983,0.209269,6.404967,-1.608595,-5.217526
-0.230097,-1.377629,0.151974,5.739630,0.854346,-6.880803
-0.291872,-1.335411,0.142264,6.541007,-0.676481,-6.543570
-0.338220,-1.352775,0.149371,3.743277,-2.662885,-4.324953
-0.276359,-1.280686,0.096139,3.346883,0.346241,-4.818799
-0.146030,-1.194811,0.057387,2.893286,0.750487,-4.686351
-0.214938,-1.200246,0.061710,1.671553,-1.099256,-2.516256
-0.407867,-1.112648,0.018247,1.181652,-0.337126,-2.065713
-0.320396,-1.022404,0.000309,0.324086,-0.594361,-2.957337
-0.110609,-0.997976,-0.019783,-0.389158,-0.044208,-1.842030
-0.171472,-0.958442,-0.031643,0.037913,0.350955,-0.337187
-0.250605,-0.882595,-0.048071,0.209230,0.441780,1.401329
-0.214525,-0.836591,-0.092410,-0.293354,1.590538,2.808383
-0.183210,-0.766560,-0.105409,0.544334,0.772246,1.910806
-0.055605,-0.664696,-0.080603,1.138728,1.279586,2.049779
-0.005315,-0.650326,-0.100140,1.128733,-0.215460,2.753575
-0.135792,-0.632542,-0.141716,1.812783,0.730463,4.317264
-0.163079,-0.525616,-0.128635,3.250353,-0.430551,5.286970
0.041896,-0.437220,-0.137826,2.967557,-0.480674,6.012491
0.122487,-0.399482,-0.149032,3.625099,0.596317,6.874398
0.002106,-0.367038,-0.123587,4.769767,-0.657604,6.404570
-0.000392,-0.305972,-0.140718,4.637353,-1.077238,7.076983
0.071428,-0.271611,-0.150611,4.309070,-0.950818,8.199467
0.122654,-0.189741,-0.133749,4.473852,-0.139734,7.448051
0.209435,-0.117271,-0.125714,4.902761,0.853226,7.200303
0.146964,-0.115869,-0.136385,3.447007,0.414483,7.712152
0.075328,-0.094550,-0.125671,3.157489,1.443317,8.141658
0.176988,-0.014274,-0.115890,3.169499,1.646395,7.625501
0.306664,0.032658,-0.098463,1.343335,1.047609,7.988085
0.278655,0.070330,-0.135899,0.487203,2.542651,7.295368
0.195911,0.094936,-0.121805,0.848970,-1.031858,5.514078
0.251092,0.129322,-0.135010,-1.165554,1.637778,5.123439
0.313787,0.138953,-0.120524,-2.369231,2.384654,4.656319
0.413278,0.176494,-0.091911,-2.069442,3.120072,4.238827
0.450576,0.215194,-0.121414,-2.987491,1.578983,4.706080
0.369565,0.212644,-0.120022,-3.938210,0.655952,4.346136
0.359557,0.214013,-0.139211,-3.459713,2.149110,2.755265
0.549295,0.241480,-0.121512,-3.602420,2.069530,2.100396
0.648635,0.244106,-0.138246,-3.710537,2.587887,1.813756
0.569722,0.227215,-0.115443,-3.259897,1.941506,1.345130
0.562409,0.234541,-0.131307,-2.198282,1.164047,0.782625
0.655216,0.266574,-0.153654,-2.559425,2.634497,-0.005576
0.756312,0.246204,-0.136864,-1.616154,3.274658,-1.595271
0.813650,0.214787,-0.091714,-0.251835,2.970579,-2.793537
0.809317,0.214981,-0.128451,-0.430800,3.035434,-2.094601
0.758682,0.222045,-0.138995,0.490662,3.592523,-3.174768
0.824521,0.199370,-0.116661,1.373875,3.869646,-5.565346
0.950823,0.212188,-0.112043,1.598738,3.806794,-7.826064
0.924156,0.213776,-0.144677,1.339947,2.784373,-7.717160
0.833164,0.179114,-0.140508,1.555945,3.740830,-8.600210
0.866930,0.180604,-0.124234,1.880591,2.678748,-6.978307
0.916413,0.227625,-0.158279,1.077405,2.286605,-6.163293
0.911785,0.244749,-0.148740,0.038303,2.850193,-6.948348
0.892658,0.226834,-0.148806,0.399650,3.369619,-6.972730
0.851509,0.253737,-0.149876,-0.846656,2.642637,-5.772777
0.824570,0.284690,-0.164785,-2.021923,5.140379,-5.275328
0.846248,0.291655,-0.160183,-2.870522,3.836066,-4.972808
0.867111,0.337055,-0.138922,-3.084678,3.728898,-3.693487
0.804853,0.352857,-0.142487,-4.184928,3.338117,-2.039507
0.761528,0.355922,-0.174310,-5.273588,4.652176,-1.223323
0.812071,0.390644,-0.171044,-4.519146,5.881882,-1.325282
0.818022,0.396119,-0.134754,-4.971184,3.978984,-1.359291
0.820763,0.420596,-0.169246,-5.068918,5.300887,-0.651499
0.806527,0.456585,-0.175758,-4.472581,4.699561,-1.775548
0.781836,0.449203,-0.141155,-3.865708,4.362691,-0.508796
0.825266,0.445828,-0.150273,-3.141323,3.707178,0.895370
0.854848,0.452072,-0.153332,-2.854697,3.168740,2.637741
0.830860,0.443396,-0.159129,-1.087222,3.170122,3.534342
0.764082,0.450237,-0.133464,-0.133641,0.365758,5.374227
0.727354,0.418610,-0.161089,0.628193,1.200971,6.906163
0.726659,0.400718,-0.157012,1.786382,0.458740,7.983499
0.625907,0.347004,-0.126252,3.803574,-2.014492,8.973495
0.537213,0.273599,-0.152397,5.217170,-0.920873,9.072115
0.499980,0.187303,-0.158184,6.058284,-0.375541,7.223137
0.414318,0.075930,-0.144913,7.600528,-0.098333,3.091734
0.372398,-0.025061,-0.142845,8.507899,1.386849,-1.028393
0.371463,-0.090525,-0.172282,8.030111,2.897112,-4.842652
0.301025,-0.177454,-0.139218,7.127555,3.079310,-7.978724
0.237943,-0.244282,-0.131301,7.108176,4.852634,-7.056990
0.161357,-0.285197,-0.139087,5.153251,3.841555,-4.396853
0.107765,-0.349569,-0.135870,3.360646,3.034896,-1.727967
0.028254,-0.409710,-0.147375,1.999563,3.686371,-0.153464
-0.031877,-0.462108,-0.117767,0.479443,2.176059,-1.022776
-0.068079,-0.504727,-0.141650,-2.030985,1.116156,-0.976917
-0.148039,-0.556540,-0.170240,-3.721162,0.958819,-2.200451
-0.388395,-0.643741,0.111692,-7.895574,-44.339201,-5.596820
-0.138884,-0.675830,-0.131576,-4.893458,-1.544414,-3.584089
-0.138080,-0.718919,-0.162704,-5.530389,-2.225513,-1.877778
-0.217715,-0.785779,-0.191090,-6.133685,-0.981650,-0.274718
-0.252686,-0.850597,-0.163137,-4.850659,-2.391634,0.769308
-0.239169,-0.865989,-0.161768,-4.039398,-2.973243,0.550737
-0.290031,-0.889583,-0.174973,-3.788035,-1.951052,-0.587869
-0.312824,-0.940612,-0.164030,-2.488504,-0.895056,-2.610735
-0.320459,-0.961222,-0.148094,0.252016,-0.138562,-3.406034
-0.397058,-0.984866,-0.142477,1.045559,-1.415726,-2.614396
-0.379457,-1.022755,-0.156546,2.624385,0.695446,-2.205581
-0.328432,-1.061182,-0.148615,5.528230,1.602033,-2.590324
-0.385451,-1.096905,-0.145047,7.419758,0.897530,-0.537409
-0.446980,-1.113307,-0.149498,8.583891,-0.404206,1.367804
-0.441479,-1.133087,-0.178164,9.918442,0.616652,1.060620
-0.428297,-1.149752,-0.154304,11.281005,-0.697916,0.156791
-0.482798,-1.133117,-0.171639,11.841458,-1.018787,0.953885
-0.522516,-1.120489,-0.211871,10.639919,-2.042632,0.234452
-0.528999,-1.140548,-0.179336,10.035543,-3.496605,0.667258
-0.530981,-1.113550,-0.195748,10.034804,-2.798794,2.347404
-0.555219,-1.060595,-0.201023,8.290021,-3.857502,2.413443
-0.532537,-1.051532,-0.219762,6.175816,-3.244664,1.056633
-0.545660,-1.039840,-0.210401,5.272965,-2.485505,0.733874
-0.585933,-0.993817,-0.216129,3.017201,-1.838655,1.310440
-0.516814,-0.987485,-0.244729,1.367379,-1.135796,0.711589
-0.483304,-0.973397,-0.212479,0.074321,-0.671554,0.981741
-0.544538,-0.935406,-0.230949,-1.437031,0.200747,1.892177
-0.492971,-0.888172,-0.234077,-3.337501,0.674892,1.911711
-0.427978,-0.881344,-0.248704,-4.518650,0.847263,1.619224
-0.411553,-0.863343,-0.236998,-3.541252,1.400872,2.278410
-0.384601,-0.798269,-0.274884,-3.994980,1.068000,2.350545
-0.326807,-0.770040,-0.254550,-4.934115,-0.596413,1.835413
-0.300498,-0.752531,-0.259460,-3.187937,0.248339,2.017362
-0.300872,-0.685461,-0.287072,-2.177143,-0.639879,2.773455
-0.220604,-0.631974,-0.271385,-2.125822,-2.363711,2.486741
-0.136048,-0.619799,-0.281321,-0.923780,-2.059406,1.797361
-0.154663,-0.540351,-0.275994,1.866486,-2.321797,0.630414
-0.133278,-0.493212,-0.298974,2.409937,-1.825873,-0.322597
-0.019679,-0.511640,-0.289101,3.714670,-1.790643,-1.314426
0.023071,-0.482994,-0.256030,6.426200,-3.559529,-1.415295
0.049600,-0.453035,-0.281413,7.448561,-0.056488,-0.580324
0.112308,-0.421668,-0.282211,7.624293,0.744853,-0.127623
0.150998,-0.392257,-0.279194,8.961916,1.920646,-0.739873
0.184797,-0.365200,-0.267607,9.049538,2.080661,-0.489203
0.268207,-0.327495,-0.270853,7.981006,2.065923,-0.587523
0.291414,-0.280247,-0.303934,6.945856,3.174878,-1.439641
0.293236,-0.241833,-0.262240,6.901697,3.270535,-1.986641
0.340929,-0.195967,-0.273072,5.181102,1.733022,-1.747298
0.386050,-0.140977,-0.316647,2.716096,2.271607,-2.506798
0.394525,-0.098220,-0.289101,1.618872,1.208104,-3.429590
0.399902,-0.050864,-0.288447,-0.679517,0.566148,-1.691437
0.407842,0.009569,-0.328490,-3.134725,-0.065249,-0.683309
0.403109,0.046198,-0.328963,-3.802554,-0.142984,0.443447
0.389956,0.068226,-0.330469,-4.784771,-1.342676,3.055992
0.381041,0.096853,-0.351185,-6.108273,0.107108,4.103060
0.331473,0.067199,-0.339447,-6.381812,-0.721710,3.022215
0.327350,0.062154,-0.332488,-5.431464,-0.066703,1.282860
0.326661,0.054138,-0.327587,-5.427203,-0.146325,-0.448295
0.359216,0.024353,-0.345211,-4.779237,2.844153,-4.534432
0.388863,0.023283,-0.348818,-3.046697,5.747259,-7.581027
0.381609,0.003766,-0.314710,-2.117662,4.538649,-9.192176
0.438421,0.041507,-0.349793,-1.601213,6.461977,-9.281008
0.490612,0.069349,-0.363284,-0.751327,6.896533,-8.693517
0.527835,0.074936,-0.358944,0.734193,6.087251,-6.796795
0.532555,0.093504,-0.354802,1.791200,4.896783,-5.622075
0.530379,0.110547,-0.377602,2.422672,3.984554,-5.586231
0.544651,0.103326,-0.371529,3.073780,2.448412,-7.917813
0.604329,0.162009,-0.373856,3.225297,1.312580,-9.031973
0.615528,0.208479,-0.403425,2.210390,0.617091,-9.948877
0.616848,0.220289,-0.389330,2.656592,-0.627357,-10.664629
0.649035,0.294075,-0.371253,2.678702,-1.683698,-8.637855
0.680406,0.331908,-0.376614,0.525863,-1.293213,-5.210726
0.722959,0.360541,-0.393348,-0.237537,1.096084,-2.617714
0.704528,0.396516,-0.378944,-0.880367,0.511711,-1.894140
0.675272,0.439513,-0.365279,-1.765601,1.585085,-1.453661
0.692711,0.509406,-0.384987,-3.703182,2.682690,-2.868902
0.682470,0.555774,-0.372773,-4.986221,4.082666,-5.507658
0.696956,0.566665,-0.350292,-4.884452,5.271539,-5.907742
0.687279,0.635022,-0.371263,-6.298586,6.027468,-3.621422
0.669767,0.660287,-0.380270,-6.444727,8.412829,-1.635581
0.666373,0.685949,-0.347059,-6.565645,6.048873,0.521838
0.671431,0.712599,-0.316939,-6.428462,4.866463,2.181462
0.665165,0.728249,-0.352980,-6.485104,5.023974,3.916552
0.617202,0.732353,-0.319821,-5.667298,2.780457,3.595558
0.609187,0.745528,-0.284479,-4.442853,1.144067,4.910519
0.607109,0.754959,-0.286527,-4.143064,0.738229,6.344797
0.606062,0.761858,-0.283783,-3.345944,-0.634401,6.142868
0.586626,0.758225,-0.259332,-1.038863,-0.841188,6.542071
0.566088,0.738478,-0.241709,-0.487892,-1.383847,7.549058
0.580816,0.729411,-0.253397,-0.017617,-0.387174,7.631526
0.585366,0.692307,-0.255958,1.885176,1.442657,7.688513
0.560918,0.643553,-0.217868,3.086765,1.356283,7.949598
0.567490,0.594454,-0.223928,2.933426,2.317889,7.986726
0.539136,0.531425,-0.237363,3.996608,4.828144,7.141141
0.492873,0.474090,-0.191245,4.625369,3.749948,6.423744
0.480079,0.435965,-0.209308,3.932873,3.322427,6.181405
0.440075,0.393615,-0.237474,3.115995,4.128371,5.051465
0.387097,0.336464,-0.188051,3.190182,2.842121,5.659221
0.337463,0.287126,-0.212892,1.870977,1.967683,6.974124
0.265276,0.236156,-0.240176,0.290345,1.725176,7.220043
0.244455,0.161290,-0.222021,0.406914,0.623718,7.213496
0.219916,0.126214,-0.224482,-1.281267,-2.136392,7.556576
0.167164,0.055024,-0.241243,-2.640620,-1.053178,6.837456
0.118157,-0.025957,-0.245047,-3.089700,-1.182427,4.628467
0.112623,-0.111546,-0.232613,-3.043276,-1.251604,3.456200
0.104256,-0.176854,-0.257776,-3.250375,-0.385464,2.138692
0.079109,-0.297562,-0.280796,-2.930508,1.740410,0.791622
0.057343,-0.407494,-0.255725,-1.949506,0.540371,0.121507
0.028973,-0.526969,-0.233654,-1.368773,-0.378279,0.073886
0.005162,-0.665550,-0.247309,-0.413269,1.688256,-1.848720
-0.011890,-0.781085,-0.242500,1.436888,2.249750,-4.506898
-0.034040,-0.878354,-0.238223,2.708819,1.561514,-7.158150
-0.099574,-0.975560,-0.220819,3.384910,0.860146,-9.559481
-0.127241,-1.073314,-0.229235,5.209525,1.627918,-10.638389
-0.176511,-1.159193,-0.217540,5.920784,-0.404613,-9.688891
-0.239071,-1.222262,-0.230217,6.096653,-0.837400,-9.606309
-0.304769,-1.298312,-0.251556,7.474959,-0.642232,-8.965492
-0.333950,-1.371655,-0.231852,7.668577,-2.607530,-8.805916
-0.391090,-1.429013,-0.230942,7.683686,-4.590458,-8.626669
-0.520907,-1.462474,-0.260527,7.559229,-4.005438,-9.470583
-0.571588,-1.536233,-0.249045,7.562525,-3.385524,-11.838326
-0.574385,-1.572055,-0.211796,6.532574,-7.373808,-12.965551
-0.642532,-1.548690,-0.271881,5.562893,-2.500552,-12.980314
-0.769227,-1.589278,-0.267656,4.959043,-2.025751,-14.047001
-0.765160,-1.608985,-0.263333,4.558776,-1.514882,-12.420095
-0.790264,-1.545480,-0.248497,2.362230,-1.893206,-11.514901
-0.876698,-1.499434,-0.288602,1.183976,0.567769,-11.871455
-0.901007,-1.488353,-0.249767,0.732985,-0.113336,-12.257490
-0.909499,-1.423478,-0.271802,-1.322179,-1.830981,-10.530839
-0.982047,-1.327237,-0.292629,-2.386053,-0.594391,-9.821036
-0.958427,-1.244428,-0.297543,-2.055732,-0.495921,-9.239358
-0.898726,-1.154387,-0.279010,-3.354284,-2.808632,-8.208557
-0.928944,-1.060175,-0.328007,-3.366190,-1.668490,-6.572905
-0.949276,-0.987275,-0.302874,-2.075548,-2.309229,-5.034407
-0.819938,-0.896732,-0.319132,-2.412753,-4.134320,-2.542781
-0.784064,-0.800110,-0.324571,-1.959714,-3.804186,-1.895372
-0.763385,-0.681256,-0.321761,0.433183,-2.741286,-1.887443
-0.689953,-0.593756,-0.312961,0.731147,-5.399707,-1.035964
-0.650902,-0.482508,-0.321872,1.074411,-4.215833,-0.163522
-0.655993,-0.361635,-0.323350,3.577677,-2.540992,1.204988
-0.542211,-0.269546,-0.309813,4.225246,-4.958685,3.450874
-0.463553,-0.160198,-0.293568,3.927027,-3.342852,5.877049
-0.528398,-0.049009,-0.322207,6.273809,0.153279,7.304134
-0.512308,0.029280,-0.289714,6.256777,-4.035237,8.802626
-0.376392,0.108125,-0.273873,5.892377,-3.091375,11.332787
-0.407680,0.192053,-0.317172,6.856983,-1.071717,11.757874
-0.466511,0.237919,-0.294556,7.395103,-1.197034,12.224898
-0.374521,0.259708,-0.291687,6.242721,-2.150005,12.578720
-0.382087,0.306194,-0.310981,5.980152,-1.690233,12.106711
-0.455269,0.320777,-0.277336,6.471415,-1.229208,10.017431
-0.342980,0.318900,-0.300990,4.351708,-2.126972,8.658670
-0.328816,0.353297,-0.328267,2.918809,-0.785669,7.505050
-0.424026,0.359225,-0.283271,1.744803,-1.444490,5.941324
-0.313819,0.366114,-0.274205,0.239109,-2.061664,4.969287
-0.251610,0.417616,-0.291553,-1.862587,-2.318069,6.804880
-0.325163,0.408392,-0.311786,-3.693590,0.041824,7.104188
-0.249200,0.411691,-0.293351,-4.516078,-1.863080,6.331392
-0.154059,0.428070,-0.306993,-6.454702,-0.926124,7.899168
-0.202157,0.375466,-0.308329,-6.665024,0.607457,7.590336
-0.143128,0.331196,-0.292074,-6.898573,0.266481,4.300136
0.018597,0.347060,-0.293624,-7.766899,-1.764925,2.970301
0.001545,0.291107,-0.299696,-7.444124,0.695420,0.793046
0.013148,0.220788,-0.270785,-6.062710,-0.156718,-0.766279
0.166671,0.242731,-0.275016,-5.158204,-1.353455,-1.509053
0.194520,0.231305,-0.259710,-4.645382,0.033109,-1.753598
0.199538,0.185584,-0.260806,-2.989908,2.199115,-1.713056
0.326621,0.191843,-0.248080,-2.378918,-0.827136,-3.136529
0.383716,0.204116,-0.268155,-1.797404,0.474794,-3.663619
0.343352,0.156330,-0.260908,0.614837,2.115741,-5.589383
0.472762,0.135027,-0.216349,1.263561,0.131937,-7.575043
0.603603,0.170796,-0.247473,1.411855,1.613061,-9.128156
0.503115,0.133767,-0.231454,3.440281,2.796705,-9.911449
0.572939,0.115858,-0.216736,3.319109,1.128633,-8.920548
0.693260,0.115553,-0.237409,3.858279,1.759051,-9.409904
0.593831,0.100381,-0.204358,3.983685,2.295763,-10.349971
0.592013,0.122055,-0.212475,3.962471,2.592616,-10.684081
0.685464,0.150589,-0.202339,2.031370,1.791652,-11.804680
0.610529,0.161471,-0.229518,1.111594,2.763743,-11.900441
0.535125,0.182875,-0.198843,0.643154,1.907391,-12.067457
0.681436,0.241339,-0.228559,-1.965455,2.129399,-10.294927
0.641095,0.273586,-0.231143,-2.270088,5.478480,-7.549612
0.539674,0.317170,-0.199490,-3.667321,4.002643,-5.705770
0.668618,0.353943,-0.183662,-5.058132,3.232085,-3.761546
0.676043,0.355532,-0.179306,-5.863321,3.417940,-2.613956
0.560610,0.345872,-0.189827,-5.133576,4.542582,-2.256055
0.641611,0.364736,-0.194281,-6.481004,3.563565,-2.938456
0.700100,0.393946,-0.225855,-7.444691,3.191425,-2.184928
0.597481,0.351954,-0.181653,-4.173594,4.083648,-1.451781
0.632889,0.339904,-0.143085,-4.095304,1.205241,0.374618
0.670896,0.341762,-0.180458,-3.872742,0.201590,2.764208
0.530001,0.322238,-0.165881,-1.788607,1.343130,3.935793
0.533979,0.332742,-0.142842,0.022186,0.592023,4.420662
0.595151,0.314308,-0.120492,0.552503,-1.287058,3.541013
0.444103,0.277912,-0.150861,2.333705,0.557518,3.346614
0.358835,0.252706,-0.148271,4.471124,0.352690,0.200418
0.425222,0.219790,-0.093700,4.267386,-0.956464,-1.721954
0.346037,0.196773,-0.145454,4.651628,1.068275,-3.350091
0.226635,0.225971,-0.188481,5.024106,4.501991,-5.086553
0.276968,0.194151,-0.108977,4.996911,1.401160,-5.241663
0.248785,0.185780,-0.138899,3.014059,1.818772,-2.584628
0.077271,0.194187,-0.151271,3.281332,4.131807,-2.356705
0.060744,0.198602,-0.109056,2.071648,1.126906,-2.376689
0.057228,0.215145,-0.123577,-0.785189,0.725201,0.018257
-0.099052,0.238401,-0.157360,-1.051749,2.921668,0.822081
-0.142134,0.244169,-0.153132,-2.118331,-0.105994,1.949322
-0.133170,0.253418,-0.156415,-3.575639,-1.311945,4.129023
-0.285741,0.220105,-0.185425,-5.785189,-0.498682,3.913719
-0.304890,0.224366,-0.169663,-4.624696,-1.845194,1.767618
-0.238414,0.199721,-0.140587,-5.545791,-4.505000,3.604689
-0.369426,0.140109,-0.182730,-5.264145,-2.460343,4.064202
-0.459628,0.114053,-0.207453,-3.525257,-2.100712,2.225845
-0.393700,0.076846,-0.134409,-4.495214,-5.269775,3.446822
-0.454494,0.051811,-0.167765,-3.891813,-2.337409,3.486841
-0.560051,0.047143,-0.195062,-1.866227,0.313712,1.305619
-0.512455,-0.020009,-0.123902,-0.703909,-2.957438,0.462575
-0.524663,-0.069859,-0.127188,-0.300419,-1.526289,2.097880
-0.631621,-0.089140,-0.166131,1.531868,1.383632,1.497612
-0.589491,-0.157812,-0.116405,3.160604,-1.029498,1.473717
-0.566957,-0.233604,-0.108563,3.768784,-1.736040,4.617603
-0.722620,-0.264311,-0.149279,5.251724,-0.441929,5.520032
-0.726277,-0.319600,-0.132699,6.701475,-1.990311,5.733434
-0.698642,-0.418339,-0.088416,6.579221,-4.749387,6.041325
-0.799495,-0.449089,-0.121571,6.773186,-3.862318,5.442597
-0.852020,-0.487028,-0.126308,8.211607,-4.280589,2.565627
-0.835992,-0.599592,-0.080285,7.123672,-5.704304,3.360212
-0.932305,-0.646144,-0.091281,6.117483,-5.663415,3.545934
-0.977219,-0.668947,-0.099996,6.206602,-5.778924,1.288489
-0.904073,-0.748070,-0.104677,5.298804,-5.044389,1.820715
-0.994672,-0.791156,-0.136884,3.620940,-4.373282,1.534321
-1.088553,-0.791674,-0.137196,2.007100,-2.670353,0.247505
-0.989853,-0.831966,-0.152830,0.049129,-2.220015,-0.127361
-1.016395,-0.872235,-0.128589,-1.092664,-1.992053,0.344965
-1.117622,-0.856653,-0.139287,-1.712500,-1.143221,0.276039
-1.066426,-0.856749,-0.145743,-3.376555,-1.973228,-0.410906
-1.067315,-0.911624,-0.147119,-4.081301,-1.860536,-0.986416
-1.130998,-0.919043,-0.145871,-3.688111,-3.102962,-1.540791
-1.069524,-0.896240,-0.178866,-3.195046,-2.696547,-3.103202
-1.011543,-0.922729,-0.154803,-3.887838,-3.707564,-3.820920
-1.091041,-0.961682,-0.134964,-2.687870,-4.984662,-5.447251
-1.041161,-0.897520,-0.137646,-1.485326,-4.686833,-6.859035
-0.960439,-0.902036,-0.160426,-1.185751,-5.844510,-7.082003
-0.992564,-0.891759,-0.153690,-0.121417,-4.667700,-8.158818
-0.954465,-0.825674,-0.125487,2.691836,-4.697705,-8.603165
-0.824753,-0.797501,-0.139769,2.730385,-4.541372,-6.201195
-0.833721,-0.836992,-0.117642,3.924992,-3.404063,-5.937881
-0.777696,-0.790660,-0.088593,6.909411,-1.326299,-6.115356
-0.626110,-0.776119,-0.108740,7.885516,0.740695,-5.214649
-0.599807,-0.807089,-0.066988,7.565833,-1.106839,-5.385939
-0.593141,-0.762388,-0.050819,9.137208,0.297943,-6.802085
-0.487220,-0.714589,-0.058969,9.771280,-0.209417,-6.146692
-0.433667,-0.725720,-0.048472,8.756629,0.516796,-5.944454
-0.491201,-0.703170,-0.034505,8.928376,-1.029324,-5.401126
-0.435541,-0.615558,-0.045944,8.216543,-2.327016,-3.990596
-0.370618,-0.606683,-0.067444,5.844122,-1.454337,-1.756924
-0.439884,-0.579573,-0.062648,4.065467,-3.554996,-1.049038
-0.438525,-0.505994,-0.027339,4.394844,-3.807550,-0.740748
-0.383426,-0.479307,-0.058867,1.624840,-4.335511,1.217024
-0.424233,-0.474814,-0.063394,-0.224138,-4.042382,0.661772
-0.430946,-0.396400,-0.050848,-1.000201,-2.804240,-0.830990
-0.374091,-0.376288,-0.057465,-2.049003,-2.539662,-1.107010
-0.373424,-0.353652,-0.073842,-5.107585,-1.804170,-1.717534
-0.378906,-0.271181,-0.086456,-5.251980,0.727447,-3.542896
-0.316773,-0.211710,-0.055834,-4.540150,2.229924,-3.976080
-0.321063,-0.163947,-0.043650,-7.098236,-0.262418,-2.069895
-0.348018,-0.075026,-0.039248,-7.236249,1.761851,-1.019375
-0.290868,0.016098,-0.025294,-6.016696,2.335205,0.145658
-0.239458,0.087734,-0.001014,-6.485149,0.619074,3.049475
-0.246364,0.160361,-0.001155,-6.311078,1.020460,4.347577
-0.206470,0.266259,-0.015326,-4.751854,0.874841,4.650096
-0.163240,0.322898,0.016544,-2.675886,-0.623621,4.999580
-0.157630,0.368803,0.040919,-2.364924,-2.683561,4.906116
-0.099292,0.447713,0.011623,-0.270122,-2.207549,4.161041
-0.045791,0.475016,0.029943,1.802685,-2.521042,2.560078
-0.034966,0.502004,0.072276,2.934510,-3.006038,2.801662
0.016674,0.564623,0.038536,4.154585,-1.922643,1.741191
0.082720,0.623330,0.024888,4.670686,-1.155121,0.081778
0.128776,0.647889,0.099320,5.258101,-0.815772,-0.701139
0.148825,0.702466,0.100328,5.354378,0.397240,-0.423531
0.209258,0.761524,0.068600,4.875366,2.790931,0.151244
0.235314,0.801602,0.080285,4.071191,2.386082,0.690805
0.218934,0.825800,0.129207,2.687831,-2.019964,1.673642
0.267974,0.872920,0.077403,1.344444,2.541190,3.837980
0.277660,0.861116,0.073753,0.667871,2.484969,4.660836
0.262469,0.817844,0.099031,-0.607641,1.902487,4.998080
0.301268,0.827218,0.054764,-2.114773,1.750792,5.323719
0.340752,0.787110,0.052319,-2.874319,1.968149,3.792364
0.320621,0.726405,0.096307,-4.040418,-1.106104,2.880746
0.340578,0.713597,0.080896,-5.251651,-0.327670,2.988440
0.362249,0.676410,0.026030,-6.088282,0.563479,3.720037
0.349001,0.607059,0.060062,-7.079611,-0.889811,5.209691
0.342055,0.544344,0.051728,-5.550133,-0.694240,6.748522
0.320549,0.527942,0.021904,-6.604728,-1.377217,8.670285
0.258215,0.452639,0.030921,-7.177868,-2.000319,7.276807
0.181331,0.415164,0.050783,-5.293161,-1.171808,5.464752
0.132751,0.412656,0.034738,-5.234313,-0.138237,2.855774
0.082848,0.343459,0.058050,-5.164453,-0.641665,-0.628850
0.074550,0.281490,0.055575,-3.081313,1.324036,-2.550902
0.033798,0.232014,0.049716,-1.608562,1.256388,-2.297225
-0.004629,0.184372,0.089374,-1.500628,0.771914,-0.873750
-0.037598,0.140420,0.056681,-0.281534,2.599441,-0.370096
-0.053935,0.136491,0.067914,1.545198,2.634615,-1.019146
-0.079584,0.095185,0.062987,1.831752,0.931388,-1.847794
-0.120424,0.051634,0.032657,1.867458,1.792778,-3.913368
-0.161303,0.035064,0.037000,3.571447,0.704896,-6.494071
-0.181021,0.040211,0.076366,2.955498,-2.648633,-7.123525
-0.172953,0.028164,0.047950,2.206760,-1.520636,-6.258431
-0.202557,0.020477,0.052503,3.018278,-1.445308,-5.632251
-0.199222,-0.010985,0.062613,2.783088,-2.336460,-4.263503
-0.163342,-0.038482,0.047103,1.801616,-1.064788,-3.787506
-0.167911,-0.075177,0.051912,1.269575,-1.774096,-5.881360
-0.183995,-0.072383,0.053612,1.258326,-2.152771,-6.610961
-0.185006,-0.066449,0.049791,-0.739064,-2.858217,-7.457433
-0.209276,-0.097199,0.015693,-1.245380,-1.143852,-7.462594
-0.247700,-0.125316,0.054853,-0.539915,-1.371141,-6.220900
-0.255818,-0.125825,0.022505,-1.824589,-1.775183,-3.857898
-0.317698,-0.161876,0.028045,-2.659556,-1.241022,-3.296592
-0.350808,-0.178098,0.028863,-1.698067,-0.999218,-2.466910
-0.384585,-0.167282,0.023269,-2.457640,-1.845706,-2.451148
-0.449616,-0.211359,0.033494,-2.969158,-1.460876,-3.894815
-0.494546,-0.244275,0.051715,-1.676741,-3.362143,-4.469117
-0.552465,-0.249550,0.035746,-1.104041,-2.395948,-2.998740
-0.628870,-0.275429,0.049860,-1.454087,-3.294147,-1.778782
-0.680513,-0.302220,0.051236,-0.313512,-2.624934,-0.527363
-0.709520,-0.313226,0.068583,0.629008,-3.267497,1.800930
-0.752470,-0.334903,0.052427,1.050968,-3.243407,3.558791
-0.821756,-0.387957,0.068541,1.432279,-3.328708,4.358331
-0.850277,-0.408147,0.090888,3.665791,-3.608109,4.685019
-0.853369,-0.397959,0.054489,3.683910,-3.124994,4.472776
-0.909712,-0.423197,0.093914,3.258385,-3.869103,4.490166
-0.937065,-0.431991,0.082416,4.433905,-1.834125,5.582046
-0.953346,-0.435687,0.105327,4.919085,-3.043684,6.722149
-0.968750,-0.466457,0.103023,4.391958,-1.417751,7.231974
-0.976090,-0.493684,0.121056,4.384090,-3.320633,6.064745
-0.990503,-0.499714,0.132404,5.153586,-3.063343,6.025395
-1.003849,-0.508334,0.132145,3.880216,-4.607290,6.758929
-1.012016,-0.531039,0.127099,3.833547,-4.067155,4.803990
-1.025330,-0.565806,0.157511,3.873497,-4.648478,3.231599
-0.994682,-0.575187,0.133517,3.194807,-4.265605,2.678821
-0.966896,-0.595631,0.141575,2.424662,-3.959337,1.911909
-0.973372,-0.608580,0.103427,0.779294,-3.745584,1.426259
-0.978992,-0.632873,0.145678,1.920700,-4.315320,0.301376
-0.948576,-0.631153,0.132030,0.517106,-4.768323,0.657233
-0.935621,-0.646705,0.135653,0.646218,-3.770744,-0.669864
-0.937088,-0.665445,0.164500,0.089316,-4.109754,-0.966957
-0.932427,-0.683616,0.166311,-0.622793,-4.473041,0.020598
-0.921034,-0.679786,0.149384,-1.055175,-3.115793,-0.765035
-0.925032,-0.689666,0.183590,0.135579,-2.829462,-2.021996
-0.886341,-0.659182,0.203987,-0.490067,-3.299609,-1.627357
-0.881802,-0.676769,0.191875,-0.278977,-2.589802,-2.389724
-0.903745,-0.712098,0.207381,0.792181,-2.573649,-3.470739
-0.865331,-0.684949,0.192489,1.141111,-2.712880,-3.272181
-0.795159,-0.677636,0.189003,1.470504,-1.253698,-2.925705
-0.781037,-0.708080,0.178742,2.201548,-1.801770,-2.165364
-0.754571,-0.716680,0.195761,4.406956,-1.734057,-1.434774
-0.702722,-0.732059,0.207270,3.749832,-2.241932,-1.034391
-0.629963,-0.740714,0.205281,4.273870,-1.400085,-2.643337
-0.571972,-0.712348,0.248031,5.215319,-2.354733,-3.205365
-0.567019,-0.697025,0.238916,5.071446,-2.103456,-3.419610
-0.565604,-0.716608,0.222799,5.273960,-2.766197,-3.230335
-0.514474,-0.688021,0.248192,5.027560,-2.729817,-3.221573
-0.486229,-0.634399,0.223032,3.752993,-2.973473,-2.614703
-0.433148,-0.591472,0.234491,2.898124,-2.570836,-2.450797
-0.421873,-0.566558,0.254028,2.209114,-3.189913,-0.465469
-0.409843,-0.508557,0.210582,1.599175,-1.677172,0.796796
-0.347283,-0.429789,0.190966,-0.039484,-1.277424,0.340635
-0.290566,-0.366060,0.183049,-1.219024,-0.730786,0.233602
-0.222383,-0.296229,0.148373,-2.194174,-0.176592,1.545317
-0.202481,-0.216643,0.117433,-3.460959,1.027652,2.884352
-0.174318,-0.157474,0.141247,-3.796608,1.024727,2.958728
-0.097713,-0.089570,0.158864,-4.249063,0.144637,3.966146
-0.058855,-0.006288,0.160104,-4.809716,1.046605,3.737261
-0.024015,0.051532,0.114846,-4.286673,2.970268,3.527214
0.020511,0.113951,0.140282,-3.695437,-0.111413,4.738418
0.055446,0.169998,0.163597,-3.227489,-0.800561,5.844843
0.052459,0.237124,0.132122,-2.235140,-0.799695,5.765808
0.083324,0.267667,0.121513,-0.546132,-1.083645,4.489083
0.127745,0.284201,0.199743,0.262248,-2.187549,4.406780
0.128890,0.320374,0.143548,1.209241,-1.004443,4.271264
0.125480,0.368763,0.148439,2.709325,-0.794784,1.558291
0.183471,0.375968,0.189564,3.634411,-0.352679,-1.199547
0.214565,0.407815,0.162829,3.831886,0.215265,-3.311038
0.244373,0.458564,0.157048,4.608589,2.519759,-5.159892
0.285207,0.462612,0.164565,4.700451,2.615334,-5.457336
0.326733,0.467936,0.175781,4.000724,3.175584,-2.722542
0.344839,0.537458,0.168163,3.233074,4.141871,-1.889935
0.350409,0.561459,0.183978,2.047995,4.059869,-0.930459
0.413760,0.531612,0.201164,1.940023,2.930711,0.681922
0.440282,0.533929,0.173326,0.333152,3.209196,2.931204
0.445551,0.541213,0.153362,0.310788,4.363768,2.472201
0.524231,0.517740,0.155995,-0.815764,2.115481,1.114212
0.574737,0.483481,0.193096,-2.755130,1.694827,0.451092
0.559185,0.470650,0.183186,-3.372688,1.499463,-1.252067
0.623462,0.458226,0.218266,-3.350640,1.109526,-1.565430
0.681105,0.392558,0.250102,-4.945383,0.203947,-0.242841
0.698548,0.406206,0.227933,-5.933725,1.718838,0.800508
0.684985,0.424666,0.228120,-5.260326,1.205803,0.821217
0.690463,0.382481,0.284069,-5.744817,-1.499924,1.594606
0.693765,0.372403,0.260596,-7.158189,0.621788,2.988280
0.662287,0.394166,0.256004,-5.143872,2.360519,1.256796
0.612909,0.379871,0.327830,-5.411797,0.536077,1.208094
0.601919,0.356684,0.315794,-5.807203,2.371607,0.475306
0.543190,0.381591,0.317120,-4.424308,3.012165,-1.142127
0.495847,0.350063,0.359168,-2.371692,2.980499,-1.831325
0.478989,0.335092,0.384420,-2.235300,0.786534,-0.069046
0.409841,0.304578,0.371621,-1.234665,2.614100,0.327842
0.347589,0.297035,0.362496,0.695782,2.866766,-1.162928
0.309599,0.279376,0.391844,1.930281,2.094001,-2.152984
0.245263,0.263771,0.404032,2.269150,1.126765,-2.662577
0.178944,0.285672,0.368247,2.472901,1.508319,-2.735918
0.126304,0.266138,0.406185,3.582361,-0.100250,-3.089553
0.095882,0.230822,0.441760,3.728640,-1.232947,-1.826286
0.017530,0.246568,0.391339,3.511451,-0.735303,-0.727143
-0.049021,0.234945,0.421042,3.108312,-1.347169,0.037395
-0.030262,0.199573,0.445804,3.278073,-0.660660,1.340911
-0.055290,0.199452,0.407265,1.758852,-0.365090,1.451956
-0.108302,0.206430,0.400756,1.448337,1.764513,-0.125543
-0.133475,0.169605,0.434618,0.670202,-1.026189,-0.328220
-0.157210,0.139469,0.405979,-0.350143,-0.109431,0.246666
-0.197518,0.110984,0.424853,-1.183252,-0.809722,0.467072
-0.204028,0.075346,0.401429,-1.319697,0.351270,1.218343
-0.240029,0.015632,0.415032,-1.611673,-0.721894,1.554987
-0.293477,-0.033493,0.392544,-2.478207,-0.473111,1.883684
-0.321329,-0.045599,0.366051,-2.679046,-0.075835,1.653811
-0.331130,-0.115721,0.385949,-1.984650,-1.788089,-0.314730
-0.370230,-0.181492,0.385979,-1.820899,-3.472942,0.005371
-0.396506,-0.193525,0.352603,-1.563441,-1.518338,0.877491
-0.442287,-0.266875,0.363376,-1.326941,-2.424852,2.105219
-0.466327,-0.332651,0.354336,-0.068155,-2.835551,3.219036
-0.485158,-0.355579,0.328283,0.869332,-2.807401,3.650769
-0.505992,-0.417312,0.319381,0.711292,-2.190660,2.885242
-0.558196,-0.484356,0.317218,1.488281,-2.592319,2.955151
-0.599702,-0.501841,0.328999,2.739780,-2.363130,1.860139
-0.650282,-0.507760,0.330650,2.515330,-2.411460,2.625235
-0.661402,-0.534479,0.298219,2.593770,-2.284640,3.249910
-0.704104,-0.562077,0.285727,3.194666,-1.371919,4.250207
-0.736784,-0.594121,0.299953,4.554334,-1.580367,4.676005
-0.741517,-0.609798,0.270224,3.806329,-3.243158,5.659824
-0.777745,-0.635414,0.264525,3.051644,-2.360641,4.957487
-0.784533,-0.648294,0.231501,3.712110,-1.038718,2.969024
-0.806933,-0.672699,0.237921,4.101489,-2.817337,1.138825
-0.844379,-0.711717,0.260475,4.069810,-6.662457,-0.480541
-0.827504,-0.706524,0.186961,3.665010,-3.250051,-1.453958
-0.838950,-0.731845,0.190605,3.071867,-2.713963,-2.406824
-0.823246,-0.747552,0.189003,2.920842,-3.317105,-2.860870
-0.814006,-0.742503,0.172443,3.075442,-3.058288,-2.569984
-0.811282,-0.763143,0.152745,1.569971,-3.874413,-3.035236
-0.783811,-0.766294,0.152039,0.862110,-2.736835,-3.372070
-0.754913,-0.751747,0.151317,1.479133,-2.089617,-3.668093
-0.750957,-0.738857,0.161293,0.389449,-2.951520,-2.835444
-0.714969,-0.712958,0.134304,-0.260960,-1.523249,-2.237170
-0.705643,-0.708005,0.125783,0.079449,-1.510244,-2.118345
-0.677001,-0.707834,0.145543,0.223985,-1.362892,-1.746645
-0.608010,-0.693559,0.137521,-0.267409,-2.462722,-0.654914
-0.558409,-0.691133,0.119405,-0.274578,-0.861417,-1.518917
-0.529064,-0.690884,0.131547,1.535811,0.114845,-1.050283
-0.469140,-0.673986,0.149650,1.518404,-1.435578,-1.048211
-0.405136,-0.674514,0.137521,1.826727,-0.693127,-0.357489
-0.350644,-0.692335,0.136806,3.212100,-0.036619,-0.817647
-0.304358,-0.682573,0.155703,4.091950,-1.406184,-0.387088
-0.288675,-0.684870,0.182034,4.067687,-2.991733,-0.933614
-0.254406,-0.681332,0.156697,4.646098,-1.740188,-1.642361
-0.197298,-0.667247,0.154606,5.812972,-1.490638,-1.971320
-0.148656,-0.651678,0.198243,5.502663,-1.773590,-1.120786
-0.117863,-0.627910,0.186640,5.160804,-1.654116,-0.502013
-0.091161,-0.597676,0.188698,4.838538,-0.912000,-1.257253
-0.071348,-0.584736,0.224919,4.201853,-1.034806,-1.719102
-0.005233,-0.526003,0.219828,3.548986,0.652227,-1.110390
0.048845,-0.456590,0.222559,2.325454,0.444228,-0.995560
0.063101,-0.437447,0.260370,1.031927,0.943622,-1.623179
0.087512,-0.368745,0.261016,0.791275,2.102575,-0.765980
0.134113,-0.299292,0.259260,-0.813774,2.129924,-0.450052
0.187866,-0.223015,0.265691,-2.658692,2.426762,-0.529007
0.196460,-0.189852,0.311691,-2.311242,2.477344,0.500405
0.227597,-0.101991,0.302178,-3.383474,0.903051,3.238074
0.274247,-0.032380,0.288605,-4.237626,1.408973,3.628244
0.302026,0.004068,0.330653,-3.600498,1.396483,3.239469
0.328719,0.064941,0.338134,-3.199572,1.049651,3.281894
0.413488,0.109017,0.334979,-3.617771,0.397877,3.054298
0.443397,0.143256,0.319582,-3.305338,1.365595,2.177614
0.423581,0.177322,0.371096,-1.714653,0.124007,0.637414
0.480814,0.265130,0.396217,-1.206715,0.775026,0.435209
0.525251,0.290664,0.366028,-0.963785,0.894172,0.053626
0.534941,0.284306,0.374648,0.430322,2.188214,-0.435424
0.523682,0.341667,0.405056,2.317336,1.505004,-0.301432
0.579307,0.379704,0.409031,1.886277,1.921650,0.370976
0.632672,0.381739,0.408050,1.977788,2.840651,0.164725
0.592230,0.434914,0.403198,3.942836,4.028224,-0.775564
0.644919,0.456184,0.436318,4.385892,3.436121,0.364542
0.712731,0.409623,0.434569,3.161967,4.851860,1.564207
0.662533,0.414419,0.427882,3.458039,4.370060,1.065206
0.691513,0.477274,0.442811,4.460611,3.791609,0.849943
0.743635,0.416470,0.462975,2.535494,2.219919,1.791848
0.704883,0.370749,0.435005,1.165421,3.168868,2.455199
0.688809,0.417015,0.424669,3.099807,3.708403,0.890321
0.783372,0.401870,0.453466,0.257882,0.366241,1.769213
0.787039,0.342845,0.436643,-2.351557,1.606188,2.650556
0.704843,0.401624,0.384725,-1.411588,3.874668,1.781416
0.750535,0.397764,0.426057,-2.150570,1.855663,2.556253
0.810663,0.317245,0.432077,-5.367139,1.731151,4.800075
0.735862,0.355571,0.393610,-5.499953,3.031679,2.827018
0.745073,0.378798,0.387032,-4.390378,2.359491,1.786869
0.770889,0.280663,0.416443,-6.753759,1.047206,2.987233
0.682812,0.299451,0.365142,-6.482239,3.864775,2.186837
0.685054,0.360416,0.341971,-4.850644,4.976944,-0.113129
0.728024,0.261020,0.368375,-5.810498,2.621148,-0.089135
0.634721,0.219058,0.370144,-4.896553,3.856595,0.051466
0.564588,0.297108,0.312485,-2.437022,3.607924,-0.765384
0.636858,0.260394,0.329829,-3.040488,2.047804,-1.225498
0.584608,0.177128,0.342802,-2.569580,2.583669,-2.100104
0.489591,0.255230,0.333086,0.440816,2.717028,-4.787965
0.535374,0.261752,0.289455,1.178219,1.806788,-3.734892
0.486233,0.159012,0.296864,-0.406352,1.031013,-3.472569
0.375159,0.202111,0.291848,3.046933,0.375957,-4.627636
0.452903,0.275709,0.274845,3.745266,1.265153,-4.272649
0.477430,0.187290,0.273358,1.247353,0.334874,-1.810408
0.308453,0.170504,0.229121,2.658979,2.329437,-1.824089
0.306690,0.241457,0.216516,4.852113,2.041669,-2.150250
0.439340,0.190304,0.222940,2.750736,0.403171,-0.533937
0.346345,0.144655,0.191606,1.277532,2.396287,-0.890096
0.234634,0.193389,0.166177,3.980692,2.806700,-2.165967
0.291690,0.136839,0.195781,1.802496,0.140110,-0.231305
0.262949,0.067179,0.183905,-0.300959,-0.570580,0.866169
0.201275,0.147143,0.141043,0.865159,2.035931,-1.326870
0.254214,0.089654,0.154390,1.042897,1.565939,-1.421455
0.194346,-0.017603,0.148819,-1.889486,-0.842704,0.869770
0.050069,0.016095,0.119471,-1.194265,1.074203,0.068572
0.133017,0.015684,0.108957,-0.715272,1.774902,-0.124982
0.184311,-0.115758,0.146272,-3.002554,-1.133499,1.810265
0.012157,-0.136270,0.122271,-2.560242,-1.445905,1.287143
-0.045883,-0.119926,0.093806,-0.905027,0.285716,-0.146579
0.029525,-0.244085,0.118893,-1.788613,-0.423658,0.447782
-0.055802,-0.273827,0.094226,-2.133338,-0.139954,0.188832
-0.107330,-0.209593,0.076399,-0.314326,0.440312,-1.228622
-0.059351,-0.306234,0.054997,-1.058146,0.291441,0.539427
-0.191406,-0.393189,0.066069,-1.359214,-1.025858,2.137077
-0.267940,-0.302886,0.058838,0.864710,-0.077348,2.025501
-0.177220,-0.319380,0.063758,0.346665,-0.302257,3.072788
-0.203955,-0.412989,0.085810,-0.258714,-0.236563,3.387988
-0.352197,-0.358642,0.067405,1.774073,-0.036058,1.662420
-0.324985,-0.353492,0.060029,2.163567,0.020124,1.106822
-0.290011,-0.439147,0.116084,0.944818,-2.031777,1.380897
-0.388057,-0.392172,0.074206,2.682182,-0.568601,0.126783
-0.359119,-0.341714,0.085212,3.708496,-0.794787,-0.074161
-0.322402,-0.461044,0.112168,2.326599,-1.451071,1.730506
-0.432006,-0.464113,0.082675,3.027022,-2.100741,1.556919
-0.402277,-0.389680,0.083863,4.998487,-0.608699,0.172691
-0.267001,-0.467543,0.063807,3.045332,-0.092355,0.075741
-0.392672,-0.520926,0.062645,3.304339,-1.471852,-1.839459
-0.439359,-0.425052,0.098887,4.523903,-1.110545,-4.145457
-0.280610,-0.458671,0.098329,2.512261,-1.534521,-4.088802
-0.314859,-0.546141,0.134623,1.786103,-1.627492,-3.271691
-0.377248,-0.450599,0.106630,3.074673,-1.280549,-2.437090
-0.278874,-0.440890,0.138952,1.924921,-1.501348,-1.433492
-0.321197,-0.565465,0.172742,0.410283,-1.455296,0.238222
-0.382375,-0.499744,0.148215,1.765450,-0.858959,0.191094
-0.268573,-0.485291,0.177528,2.030061,-0.912870,-0.284851
-0.228774,-0.621421,0.157006,-0.077809,-0.381850,0.384781
-0.347847,-0.599192,0.183246,2.064871,0.072134,-1.750714
-0.282904,-0.566876,0.193392,2.096041,-0.950601,-3.108533
-0.158080,-0.665911,0.203905,-0.415503,-1.004085,-1.375737
-0.270277,-0.680981,0.183101,1.561831,0.168999,-2.649877
-0.251692,-0.601457,0.218886,3.294617,-0.715231,-1.876600
-0.149089,-0.695177,0.231169,0.724836,-1.660464,0.351027
-0.244986,-0.722182,0.258246,1.388275,-0.386875,-0.042247
-0.247004,-0.601316,0.262983,3.405734,-0.286994,-0.882924
-0.111564,-0.674176,0.289160,1.471669,-0.909938,0.227552
-0.190635,-0.715781,0.271116,0.516975,0.172065,-0.667328
-0.227697,-0.605176,0.288589,3.582378,1.269158,-2.438071
-0.030452,-0.599195,0.309780,2.041015,-0.684464,-1.395348
-0.016091,-0.642094,0.308835,-0.405143,0.810919,-0.641775
-0.106096,-0.560377,0.298167,3.003931,2.716713,-1.106489
0.028080,-0.526827,0.329088,2.531437,1.009986,0.504315
0.113210,-0.571728,0.333269,-0.279892,0.934740,1.979517
0.041650,-0.484254,0.317376,2.271563,2.850843,-0.509775
0.159332,-0.415185,0.349649,2.627399,0.990173,-0.763532
0.236696,-0.439853,0.358344,-0.282656,-0.573761,0.104652
0.129396,-0.354936,0.339273,0.048969,1.679551,-2.726826
0.238439,-0.266779,0.350748,2.135270,1.391760,-4.835602
0.398215,-0.296466,0.371467,-0.271663,-0.275065,-2.650902
0.336551,-0.211625,0.328963,-0.847524,2.225289,-2.272895
0.375162,-0.073069,0.321318,0.732031,2.642621,-3.045920
0.545586,-0.090309,0.351251,-0.407297,1.606300,-0.634725
0.548475,-0.043876,0.332380,-1.745511,2.005592,0.707802
0.560767,0.067524,0.302477,0.213507,3.983389,-0.660074
0.692643,0.058481,0.344925,0.169102,2.416022,-0.089370
0.649134,0.044839,0.326206,-1.073359,1.377077,1.160930
0.657790,0.180171,0.267427,0.827162,4.824881,-0.070672
0.853833,0.194817,0.309583,0.996818,3.639127,-0.137485
0.839121,0.128883,0.295121,0.584472,3.088872,1.590581
0.762788,0.186194,0.248172,2.394871,4.444266,2.007045
0.888237,0.197000,0.230083,2.236766,3.461327,1.987209
0.936406,0.139032,0.264850,1.788184,2.014222,1.877791
0.893787,0.176488,0.228208,3.629934,3.839707,0.035228
0.965334,0.206145,0.172157,3.432059,3.549716,-1.466237
0.990409,0.130878,0.177551,1.885295,3.343248,-1.176261
0.892116,0.132375,0.169279,2.634952,4.310408,-2.112156
1.010750,0.200404,0.189085,2.845139,4.189231,-2.508630
1.099747,0.162203,0.146486,0.118871,3.759717,-0.101996
0.964323,0.153694,0.129607,-0.356515,4.518892,1.104324
1.018047,0.183745,0.103748,1.005280,5.748221,1.205105
1.130136,0.166266,0.082041,-1.621816,4.423666,2.522745
1.071068,0.169302,0.054292,-3.183705,4.958552,2.301310
1.025144,0.203722,0.036514,-2.770134,5.845171,0.392761
1.095322,0.223069,0.043125,-3.370791,4.265895,0.005155
1.053350,0.215099,-0.027008,-4.702433,7.509811,1.922046
0.985945,0.245130,-0.034905,-4.544056,5.114018,0.396655
1.057555,0.268281,-0.015326,-4.617464,3.683144,-0.180323
1.035867,0.252512,-0.007691,-4.540928,3.534499,-0.638004
0.964520,0.267864,-0.048964,-4.612830,3.669545,-0.814719
1.016577,0.306830,-0.080475,-3.987857,3.637525,-2.221720
1.020227,0.297035,-0.072647,-3.517234,3.803974,-1.944304
0.918993,0.312542,-0.091701,-2.730670,3.940582,-2.886931
0.936373,0.360734,-0.110697,-1.969059,3.486536,-3.646685
0.944553,0.344739,-0.115056,-1.181366,3.316719,-2.295386
0.872806,0.341906,-0.114603,-0.123820,3.213165,-0.802318
0.862253,0.362553,-0.143534,0.881164,4.457580,-0.503588
0.874559,0.360140,-0.139297,1.281405,3.492822,-0.700281
0.796049,0.333415,-0.118909,1.888219,4.513335,-1.269395
0.768204,0.354678,-0.104184,2.920487,3.663079,-1.547051
0.787456,0.360465,-0.139526,2.675620,3.477749,-1.149130
0.723051,0.303846,-0.134022,3.094246,3.455734,0.557229
0.634205,0.277938,-0.109174,4.011093,1.861716,-0.204975
0.655778,0.289978,-0.111478,3.515422,2.248820,-1.103181
0.601233,0.226791,-0.148615,2.490379,1.463100,-1.101379
0.478611,0.159708,-0.144499,3.030140,1.455885,-2.525881
0.438122,0.167185,-0.140777,3.173957,0.627385,-1.852377
0.401907,0.121494,-0.094685,1.727823,-0.764875,-1.357025
0.320102,0.060903,-0.132374,0.382371,0.442492,-1.481758
0.245056,0.043559,-0.127890,0.364413,0.838291,-1.924964
0.184344,-0.021299,-0.081795,-0.922575,-0.986843,0.017721
0.163097,-0.047962,-0.098397,-2.650070,0.905732,0.951253
0.123901,-0.053601,-0.137294,-3.008043,3.193263,0.089126
0.081180,-0.096641,-0.093838,-3.212315,2.097891,-0.696155
0.015532,-0.138337,-0.083617,-3.768623,0.833128,-0.673448
-0.038458,-0.145434,-0.090782,-4.546396,1.855693,0.392070
-0.039144,-0.167341,-0.093651,-4.639319,1.936405,0.750503
-0.068739,-0.207499,-0.089430,-4.221977,1.114515,1.126808
-0.142587,-0.217963,-0.027064,-3.548125,-0.081293,0.979554
-0.171469,-0.214392,-0.051400,-2.478076,-0.471438,0.259747
-0.192637,-0.245099,-0.067808,-1.867855,-0.376654,-0.774576
-0.273691,-0.271362,-0.034282,-1.467318,-2.842349,-0.665587
-0.280745,-0.267193,-0.063958,-0.177028,-2.607189,-0.685387
-0.344020,-0.257336,-0.071698,0.238020,-3.639309,-0.568674
-0.484548,-0.288207,-0.056349,0.936926,-4.415097,-1.530296
-0.511454,-0.280198,-0.016547,2.955340,-5.510433,-2.734689
-0.479779,-0.251962,-0.060833,2.986891,-3.525618,-2.837689
-0.509170,-0.277598,-0.028898,3.838910,-1.660639,-4.280272
-0.572215,-0.269277,-0.049427,4.162565,-0.543159,-4.671041
-0.607003,-0.246179,0.008515,4.698489,-0.358256,-4.678181
-0.586566,-0.215061,-0.000210,3.435932,-0.766841,-3.723306
-0.577182,-0.180044,-0.021923,3.174344,2.051756,-3.130209
-0.589911,-0.172875,0.009887,3.345267,1.405451,-1.350773
-0.574966,-0.181869,0.028748,3.036738,0.718650,1.547047
-0.574224,-0.179988,0.017906,2.435175,0.364136,3.339118
-0.502611,-0.205513,0.002820,2.455143,0.777996,3.406117
-0.438610,-0.237940,0.010297,2.494565,-0.755881,2.556164
-0.439401,-0.268174,0.030281,1.799870,-2.239720,2.090609
-0.390096,-0.300503,0.023397,1.637080,-2.167276,0.640501
-0.329394,-0.346707,0.052391,1.924310,-3.217588,-0.421698
-0.266033,-0.357194,0.055877,1.320131,-3.405619,1.727007
-0.231452,-0.400391,0.040453,1.127449,-3.133285,2.428902
-0.190100,-0.459977,0.038779,1.741672,-2.629332,2.859599
-0.155326,-0.507297,0.034607,1.944261,-2.185586,1.760633
-0.102905,-0.538789,0.059199,1.327468,-2.646378,0.221889
-0.004928,-0.549841,0.050894,0.671771,-0.478409,-1.636413
0.029387,-0.573261,0.025777,1.496346,2.591872,-3.593666
0.009374,-0.596090,0.095460,1.320897,1.479437,-3.063923
0.065070,-0.616205,0.073734,0.939753,2.475959,-0.738110
0.094031,-0.611583,0.055605,-0.019041,2.757579,1.443879
0.097064,-0.631550,0.079084,0.731312,3.570324,2.162760
0.091005,-0.657784,0.090789,1.224872,2.179122,2.145074
0.110194,-0.657196,0.081493,0.641150,1.727911,0.134673
0.106856,-0.649249,0.073921,0.931816,1.821316,-3.202203
0.153565,-0.624762,0.072752,1.491715,1.030180,-5.422421
0.183625,-0.598454,0.075762,1.155593,-1.369729,-4.663100
0.160011,-0.559008,0.039947,0.151636,-0.320698,-3.019003
0.190531,-0.528272,0.043299,0.993352,0.562160,-1.436769
0.256226,-0.500890,0.053258,1.205975,-0.446218,-0.287428
0.283260,-0.469736,0.049066,0.802819,0.068209,-0.190816
0.323821,-0.430698,0.016659,1.002841,3.133835,-2.439181
0.365164,-0.399955,0.026552,1.958914,2.241570,-5.704006
0.419334,-0.372464,0.050760,1.745591,2.551941,-7.131870
0.485843,-0.347019,0.005436,1.465383,4.737165,-5.863101
0.566183,-0.299630,-0.011725,1.988308,6.696856,-5.347189
0.621210,-0.262233,-0.001106,2.048245,4.895224,-2.963002
0.647493,-0.233617,-0.008764,1.841465,4.577773,-1.400908
0.715695,-0.203711,-0.066381,1.794631,6.178244,-1.198821
0.772281,-0.171628,-0.075309,2.650143,3.987170,-1.822437
0.802795,-0.138032,-0.060843,2.513481,2.664637,-2.871438
0.828582,-0.113151,-0.109161,1.550900,2.337873,-3.218986
0.875071,-0.088989,-0.121736,1.753863,1.690550,-3.800029
0.898340,-0.066629,-0.093700,2.073320,0.930905,-2.588497
0.901097,-0.036943,-0.138689,1.370280,1.373115,-1.112385
0.965653,-0.017396,-0.147106,1.099144,1.666155,-0.066017
0.983286,-0.021322,-0.159674,1.392345,1.935656,1.012586
1.007553,-0.020298,-0.159067,1.435850,3.148832,1.951528
1.032142,-0.003433,-0.192932,0.475393,4.849431,2.834846
1.012871,0.014952,-0.202175,-0.069459,4.615406,1.831962
0.985997,0.021609,-0.183114,0.370030,5.374552,2.115829
1.020883,0.053518,-0.191441,-0.658884,6.115093,3.829850
1.042081,0.092720,-0.192692,-1.664084,5.821981,4.744965
0.992149,0.092694,-0.194868,-1.467538,7.005001,7.146970
0.978888,0.115454,-0.187545,-0.778010,6.207910,7.650269
0.985088,0.129332,-0.160245,-1.621153,5.223514,7.479543
1.000581,0.113051,-0.183810,-1.786414,5.544031,5.297089
0.964980,0.132966,-0.180284,-0.884361,4.737982,2.123200
0.931630,0.137358,-0.153106,-0.565495,3.437969,0.860212
0.935838,0.188705,-0.189800,-1.690413,2.697641,0.023957
0.918182,0.209939,-0.205884,-1.105906,2.316199,-0.405061
0.911502,0.195001,-0.204013,-0.012801,2.257929,0.599424
0.919909,0.197666,-0.179264,0.077974,1.291428,2.617592
0.874811,0.197413,-0.208697,-0.507701,2.093354,3.283349
0.845896,0.187911,-0.212856,-0.051639,2.862128,0.534818
0.854313,0.190199,-0.208244,0.621382,3.415511,-1.656680
0.835406,0.187599,-0.207053,1.108929,2.535863,-4.250712
0.815878,0.225268,-0.255810,0.682632,4.370043,-4.604843
0.760454,0.218500,-0.223452,0.250420,4.328803,-4.535256
0.734838,0.218867,-0.215088,0.367535,3.785346,-2.568948
0.686980,0.230527,-0.227483,0.562580,3.592756,-0.780588
0.640783,0.213648,-0.231664,0.140429,3.461668,-1.377914
0.580091,0.199360,-0.279056,0.025682,3.257622,-3.333136
0.493720,0.169257,-0.225599,0.247729,2.193488,-5.630569
0.486112,0.178503,-0.252659,0.070874,1.653301,-5.994010
0.464392,0.192224,-0.253841,-0.868235,-0.234029,-5.867827
0.404927,0.150094,-0.281213,-1.184166,1.064888,-5.140817
0.342072,0.116354,-0.279325,-0.095920,1.457674,-3.358719
0.314827,0.083053,-0.256815,-0.222297,0.341681,-1.238156
0.320486,0.034490,-0.275498,-0.770080,0.165897,-1.926033
0.267774,0.019085,-0.317697,-0.815056,2.220674,-3.810321
0.172675,0.003910,-0.285795,-0.869922,1.395101,-5.473049
0.190400,0.003474,-0.282506,-0.459509,0.747995,-5.815013
0.188116,-0.015902,-0.287404,-1.671112,1.567761,-3.620699
0.149938,-0.046373,-0.300225,-1.707548,2.692212,-0.739611
0.116841,-0.060504,-0.288030,-0.885822,2.027739,1.992675
0.085782,-0.087591,-0.283278,-0.859441,1.328760,3.478999
0.060747,-0.060343,-0.277162,-1.310077,0.975940,2.468142
0.039004,-0.065261,-0.305907,-1.147649,2.557800,0.693753
0.027972,-0.097094,-0.280225,-1.429131,-0.153898,-0.318154
0.002425,-0.073782,-0.287952,-0.240084,-0.544551,0.710178
-0.073925,-0.052564,-0.287532,-0.611315,-1.569774,3.069909
-0.078563,-0.066754,-0.296437,-0.823669,-1.203569,3.752935
-0.050928,-0.084407,-0.285011,0.248671,-1.851582,4.633207
-0.125400,-0.064643,-0.269892,0.235026,-2.266173,5.113611
-0.196225,-0.079490,-0.290108,0.156027,-1.938432,2.748451
-0.191735,-0.077586,-0.303071,1.065942,-1.505035,-0.550935
-0.209762,-0.053513,-0.259795,0.896079,-1.602996,-1.786840
-0.257449,-0.032426,-0.289173,1.554494,-0.113636,-1.541853
-0.288143,-0.076687,-0.300028,1.009908,0.789337,-0.779034
-0.344857,-0.108641,-0.261932,1.607246,-1.364996,1.366240
-0.400636,-0.075075,-0.264115,2.064335,-1.201941,2.544415
-0.420232,-0.072932,-0.277330,1.393201,-0.831577,0.761046
-0.397550,-0.105575,-0.294041,1.761248,1.787677,-1.288929
-0.482894,-0.129327,-0.253306,1.996802,-1.477738,-2.449371
-0.533466,-0.140323,-0.265680,2.180189,-1.113857,-2.230968
-0.496460,-0.161167,-0.313735,1.218785,-1.458037,-2.095727
-0.515278,-0.212780,-0.250988,1.869434,-2.799159,-1.771708
-0.570935,-0.215081,-0.267407,1.980810,-2.702071,-0.323404
-0.594523,-0.226136,-0.304416,1.064028,-1.972956,-0.545612
-0.581367,-0.276531,-0.290916,0.767129,-1.404051,-2.513401
-0.616509,-0.289740,-0.253634,0.978370,-4.520683,-4.122450
-0.632080,-0.291798,-0.280094,0.224249,-2.757246,-5.153734
-0.593594,-0.321829,-0.273821,-0.144483,-2.732201,-4.803543
-0.613942,-0.342961,-0.264732,0.259769,-2.500031,-3.576669
-0.612662,-0.359846,-0.257182,-0.134564,-1.528041,-1.034255
-0.566645,-0.381671,-0.279503,-0.921141,-1.165270,0.147782
-0.553716,-0.393481,-0.269495,-0.844959,-0.955325,-0.504892
-0.533427,-0.396958,-0.233378,-1.100953,-0.657647,-0.805445
-0.496637,-0.392477,-0.270552,-1.276767,0.282292,-1.435482
-0.440317,-0.399909,-0.261909,-0.858735,0.277956,-0.834568
-0.370030,-0.413757,-0.222943,-0.633760,0.490422,1.368383
-0.317925,-0.399777,-0.277310,-0.834268,0.080623,4.096176
-0.314557,-0.396150,-0.283172,-0.369396,-0.242714,4.518275
-0.305885,-0.390970,-0.223895,0.696514,-1.252658,5.308808
-0.222498,-0.347862,-0.266150,0.349189,-1.926805,5.586700
-0.168242,-0.355953,-0.263402,0.399227,-2.441751,3.861376
-0.160118,-0.370692,-0.246350,2.069528,-3.573004,2.739438
-0.143555,-0.324366,-0.283849,2.584713,-2.307401,4.234714
-0.107957,-0.333938,-0.263179,2.440664,-0.937977,4.282267
-0.028489,-0.352566,-0.273112,3.064747,-0.793323,4.256242
-0.019430,-0.376131,-0.242464,4.247715,-0.670321,4.113972
-0.006956,-0.395697,-0.248766,4.247098,-0.320534,3.708305
0.005399,-0.373981,-0.307459,4.345679,1.676836,1.338240
0.029213,-0.386851,-0.209232,4.553796,-0.347575,-1.688641
0.119831,-0.371253,-0.236129,3.951022,1.833527,-1.538711
0.143409,-0.388000,-0.262408,3.791594,3.117741,-1.039353
0.128940,-0.441842,-0.260281,3.774597,3.784618,-0.104924
0.162716,-0.437125,-0.248339,3.907858,3.030674,-0.464797
0.215967,-0.419977,-0.260914,2.746049,1.280150,-1.390936
0.267370,-0.435648,-0.263445,2.057606,2.504966,-3.682038
0.284846,-0.432129,-0.267371,2.017564,2.174677,-5.213004
0.274559,-0.460732,-0.270213,1.609304,0.390757,-4.987126
0.307156,-0.474358,-0.258206,0.442013,0.031609,-3.766927
0.397102,-0.472119,-0.291369,0.068219,0.827095,-2.858556
0.454696,-0.492388,-0.281108,-0.236106,0.647487,-3.395010
0.440834,-0.534820,-0.248773,0.031105,0.343017,-4.334855
0.471426,-0.525367,-0.293443,-1.021829,1.150665,-4.189911
0.536917,-0.507116,-0.295754,-1.046001,3.807874,-5.874514
0.592092,-0.517929,-0.250440,-0.842178,2.919219,-7.323722
0.642878,-0.507244,-0.243764,-0.991037,2.692321,-6.304744
0.631455,-0.497059,-0.286780,-1.427828,3.859126,-4.563696
0.635118,-0.491144,-0.285674,-0.982650,5.748028,-3.542874
0.701423,-0.467143,-0.256946,-0.671701,4.362754,-3.317546
0.764042,-0.423736,-0.260675,-0.159195,5.197267,-3.873223
0.748835,-0.371305,-0.266389,-1.176531,4.163851,-4.655928
0.721876,-0.320342,-0.270190,-1.127242,3.679484,-5.673469
0.711976,-0.281764,-0.235987,0.116231,2.986795,-4.583460
0.751710,-0.228523,-0.242070,0.018178,2.126015,-1.497691
0.765395,-0.156693,-0.249718,-0.034055,1.384029,0.689998
0.720763,-0.087049,-0.250138,-0.308940,1.451795,1.624122
0.688270,-0.020475,-0.253063,0.905490,1.713110,2.342568
0.664502,0.041035,-0.222523,0.256762,0.754458,2.918145
0.722339,0.120857,-0.240891,-0.043463,1.661166,2.943676
0.759279,0.183634,-0.269580,-0.253020,4.258162,3.279039
0.714152,0.207530,-0.241430,0.691817,3.625787,4.257605
0.685287,0.247539,-0.249413,1.327638,4.819409,5.813444
0.683097,0.295844,-0.253529,0.416190,4.944542,6.307260
0.762706,0.332820,-0.268598,0.990262,6.336848,5.932800
0.734963,0.356241,-0.263110,1.382077,5.152121,4.560796
0.673824,0.392666,-0.247890,1.372246,4.458653,4.457286
0.650680,0.436257,-0.271251,0.645980,3.305007,5.359765
0.656976,0.465631,-0.297520,0.448013,3.286990,5.970978
0.641466,0.433378,-0.269865,1.170163,1.835263,7.043912
0.605366,0.427575,-0.294759,0.563499,0.347301,8.863256
0.534935,0.416716,-0.306284,0.883744,-0.655681,9.140627
0.496067,0.371701,-0.315754,0.755663,-0.105062,6.913758
0.511639,0.347700,-0.311598,1.549757,-0.590354,3.850282
0.462133,0.320754,-0.306507,0.753749,-1.775652,1.743064
0.385282,0.275923,-0.330587,0.451043,0.359374,0.076907
0.351098,0.224300,-0.337415,0.418442,0.746895,0.312326
0.337956,0.167556,-0.335944,0.776897,1.926383,0.816992
0.266343,0.121812,-0.321219,0.099402,0.966178,1.378551
0.199916,0.092192,-0.363461,-1.216177,2.431088,-0.155357
0.129127,0.046674,-0.331766,-0.947680,2.908387,-2.039885
0.058426,0.015422,-0.318711,-1.197473,1.534017,-3.030828
0.017189,-0.010713,-0.356689,-2.535661,2.721160,-4.051243
-0.044659,-0.026856,-0.326491,-3.142052,1.599508,-4.246435
-0.136872,-0.036677,-0.325394,-2.741040,0.565911,-2.956999
-0.179051,-0.064821,-0.340550,-3.221093,0.634035,-1.182814
-0.190573,-0.102887,-0.331349,-4.286615,-1.333757,-0.452626
-0.247717,-0.112524,-0.333525,-3.091381,-1.112189,-0.583455
-0.344348,-0.115127,-0.337503,-2.850233,-2.099593,-1.889723
-0.345107,-0.140724,-0.328713,-2.887322,-3.020149,-3.001606
-0.338644,-0.138416,-0.361337,-3.265580,-2.710008,-3.935430
-0.410690,-0.137747,-0.335682,-1.521594,-1.853866,-4.457494
-0.434048,-0.188437,-0.334871,-0.447997,-1.958773,-3.268962
-0.434058,-0.203028,-0.341209,0.117570,-2.385818,-3.125217
-0.494681,-0.170059,-0.345263,0.516225,-1.225004,-3.293745
-0.509019,-0.166195,-0.319827,1.538938,-0.491914,-4.040510
-0.462247,-0.189563,-0.302690,2.005579,-1.183829,-4.558206
-0.560097,-0.176965,-0.300589,2.341543,-1.695111,-2.822096
-0.625437,-0.157435,-0.317487,3.064231,0.028684,-1.034963
-0.552370,-0.190134,-0.332274,2.956823,-0.753961,-0.943999
-0.554946,-0.192491,-0.264088,3.490607,-2.723410,0.124022
-0.683483,-0.194392,-0.312668,4.068625,-2.063328,1.281280
-0.690692,-0.218734,-0.311454,2.858875,-2.924460,0.544172
-0.629648,-0.222857,-0.303950,2.879095,-2.643775,-0.308700
-0.682978,-0.220799,-0.300149,4.211939,-2.572192,-0.745061
-0.680884,-0.234999,-0.299384,2.985088,-3.430467,-0.557178
-0.670065,-0.266504,-0.305217,1.754240,-4.256230,1.444244
-0.738543,-0.277782,-0.313640,2.609804,-2.797528,3.323611
-0.719393,-0.313876,-0.310036,2.501917,-2.783197,3.925932
-0.609671,-0.359548,-0.285953,0.795893,-3.153442,3.185383
-0.669192,-0.405019,-0.313932,0.928181,-1.548658,2.000363
-0.781169,-0.397864,-0.295790,1.457091,-2.048679,-0.064024
-0.695697,-0.436639,-0.276962,0.146262,-2.871950,-1.390748
-0.673472,-0.476094,-0.290988,-0.307896,-2.091259,-1.300635
-0.750399,-0.497157,-0.263064,0.808501,-1.339495,-0.405876
-0.707114,-0.534784,-0.256322,-0.079094,-2.234396,1.625132
-0.678776,-0.549939,-0.290433,-0.972948,-2.484416,2.735874
-0.774049,-0.568879,-0.267466,-0.084352,-0.658064,1.601038
-0.690797,-0.554659,-0.257162,-0.013658,-2.269334,-0.339520
-0.578550,-0.554403,-0.256568,-0.955807,-3.687233,-2.537764
-0.705354,-0.607424,-0.267194,-0.461215,-1.902965,-4.732943
-0.729021,-0.588691,-0.272659,0.004822,-2.521353,-4.968521
-0.591349,-0.547858,-0.246596,-0.254740,-3.147718,-3.990572
-0.573840,-0.505180,-0.285234,-0.586651,-0.709339,-2.870296
-0.638540,-0.499419,-0.262674,-0.168927,-1.708700,-4.590482
-0.539247,-0.483217,-0.231166,0.265342,-3.175901,-3.789089
-0.544725,-0.424793,-0.273663,-0.608354,-2.278226,-1.531343
-0.583569,-0.383424,-0.258682,-0.345080,-0.595868,-2.192562
-0.433303,-0.330935,-0.198876,0.061355,-2.328434,-2.239535
-0.380038,-0.287354,-0.228280,-0.433111,-1.634822,-0.159256
-0.474271,-0.258698,-0.247643,0.413938,0.573293,1.922859
-0.353920,-0.241183,-0.199963,1.235769,-0.365156,2.253088
-0.212880,-0.189934,-0.188674,0.805973,-1.179243,4.297337
-0.265882,-0.157559,-0.230450,1.221060,0.718617,5.741182
-0.228777,-0.108910,-0.216391,1.617461,0.204521,3.806552
-0.118192,-0.099710,-0.177485,2.531016,-1.490526,3.796119
-0.143624,-0.098265,-0.212479,1.978398,-0.748298,5.840510
-0.122902,-0.098722,-0.199887,3.509632,-0.373500,4.919750
0.016634,-0.077724,-0.175650,3.981286,-2.826246,6.225418
-0.025171,-0.066478,-0.212058,3.342865,-1.535069,7.427732
-0.085380,-0.116821,-0.180117,4.080461,-0.317055,5.774636
0.088993,-0.130013,-0.161131,4.120855,-1.454925,6.527316
0.128303,-0.165237,-0.139215,4.075968,-1.423706,7.684334
0.026899,-0.201200,-0.191520,3.789834,1.054555,5.679379
0.104210,-0.210193,-0.168156,4.293639,1.111023,3.611362
0.153473,-0.258472,-0.105793,3.190353,-1.476658,4.146601
0.115846,-0.261019,-0.155390,2.344117,2.345134,5.128466
0.199890,-0.301977,-0.144542,2.260668,2.528310,3.805143
0.243526,-0.361783,-0.123308,1.589124,1.168252,4.982891
0.138101,-0.348269,-0.157698,0.362030,1.867992,4.281697
0.183802,-0.373505,-0.147939,0.027402,2.800920,0.972448
0.324153,-0.398665,-0.119024,-0.658519,1.025627,-0.814607
0.243956,-0.449444,-0.139307,-0.890308,1.961516,-0.407724
0.205352,-0.459961,-0.159004,-1.512715,2.102221,-0.972054
0.346014,-0.443335,-0.142431,-1.397639,0.531127,-2.754245
0.322860,-0.472122,-0.109354,-2.119388,0.363040,-3.041662
0.297408,-0.491712,-0.161703,-2.030444,1.630521,-4.409691
0.386670,-0.493205,-0.146580,-1.038635,0.260474,-5.662265
0.330527,-0.512828,-0.088655,-1.589294,-0.836704,-5.789792
0.272697,-0.484651,-0.132692,-1.231311,1.137646,-7.802333
0.375996,-0.439981,-0.129075,-0.707493,1.305172,-10.890820
0.401674,-0.440939,-0.076323,-0.649952,0.654685,-10.454262
0.330097,-0.400391,-0.087240,-0.127483,3.114150,-9.091953
0.370471,-0.377811,-0.123170,0.068472,2.743622,-9.174040
0.433448,-0.387084,-0.099727,0.467459,2.867301,-8.396793
0.374614,-0.310222,-0.098036,1.733213,3.996272,-9.715098
0.377788,-0.244616,-0.114826,1.349368,3.110799,-11.768964
0.466985,-0.234188,-0.091517,1.273540,2.809159,-11.934315
0.380581,-0.192554,-0.088353,1.981667,2.681075,-10.289411
0.379183,-0.097881,-0.123951,1.801586,3.365092,-7.458319
0.495660,-0.025875,-0.109722,0.920120,2.041393,-4.706540
0.391689,-0.003662,-0.076257,0.742317,0.142871,-1.007719
0.323083,0.059679,-0.114504,1.020175,1.370007,0.905740
0.438198,0.117161,-0.128261,0.163974,-0.502710,2.045103
0.376436,0.127773,-0.104349,0.080233,-0.623060,2.332902
0.278071,0.200049,-0.140780,0.409803,0.169422,1.859568
0.313987,0.259632,-0.142924,-0.415760,-1.240887,1.735246
0.274381,0.254364,-0.147989,-0.678808,-1.311082,3.365446
0.159916,0.282914,-0.135295,0.411516,1.160656,4.581918
0.179430,0.303623,-0.139484,-0.394122,-0.052674,5.909307
0.192914,0.324047,-0.147719,-1.123858,2.125112,7.155072
0.067174,0.358059,-0.147552,-1.264966,1.951845,6.082276
0.065963,0.396303,-0.143984,-0.571075,1.674446,4.471918
0.103918,0.391442,-0.157924,-1.757634,1.225707,5.625036
-0.020900,0.416369,-0.204634,-2.139940,2.529705,6.271165
-0.053452,0.449698,-0.163922,-1.815454,2.173331,7.042892
0.045461,0.463990,-0.147716,-1.760437,1.216090,10.054127
-0.066749,0.472465,-0.192301,-2.273689,0.377046,13.197238
-0.147435,0.456414,-0.217914,-1.298700,2.866277,12.889390
-0.074017,0.433020,-0.183938,-0.976654,-1.690703,11.618133
-0.127849,0.389850,-0.137751,-1.639315,-6.456468,8.937339
-0.190195,0.391599,-0.235662,-0.470725,-0.009228,5.536685
-0.170504,0.372479,-0.191566,-0.051183,-3.355024,2.472883
-0.195053,0.311892,-0.182782,0.349586,-4.174665,1.124047
-0.298260,0.326528,-0.225904,0.721164,-2.933267,0.779382
-0.272598,0.296363,-0.213014,0.396479,-2.030921,0.121697
-0.278355,0.242495,-0.200429,0.102651,-3.171037,1.466067
-0.415262,0.238339,-0.193355,0.316407,-1.448853,0.131635
-0.448569,0.215408,-0.209922,-0.139839,-1.075833,-2.012537
-0.389774,0.159964,-0.225585,-0.588601,0.518880,-4.322421
-0.508231,0.127954,-0.189242,-0.596029,-0.521633,-5.975229
-0.559450,0.104914,-0.163298,0.164292,-1.883067,-6.239731
-0.529271,0.057664,-0.193726,-1.097109,-0.972702,-2.983085
-0.614825,0.005686,-0.191018,-1.665316,0.050381,-1.505384
-0.684248,-0.033618,-0.173782,-0.366497,-0.726467,-2.176453
-0.633436,-0.080271,-0.165543,-0.019879,-2.863173,-2.343360
-0.705512,-0.160303,-0.176690,-1.576391,-3.376314,-2.092008
-0.809463,-0.209885,-0.183590,-0.708229,-3.071949,-5.200640
-0.756738,-0.227886,-0.162041,0.584579,-4.251014,-6.001994
-0.771807,-0.293308,-0.131363,-1.084324,-5.897505,-4.471786
-0.872581,-0.316804,-0.159405,-0.622235,-4.912596,-4.271217
-0.853504,-0.355379,-0.143472,0.664471,-4.367334,-2.301323
-0.842301,-0.433028,-0.112171,0.267076,-5.593955,0.203416
-0.904218,-0.452963,-0.124772,0.492093,-2.755972,-1.154097
-0.903351,-0.459554,-0.121995,0.955150,-2.480904,-2.741918
-0.857587,-0.529729,-0.081788,1.445904,-2.670248,-4.275236
-0.908662,-0.525495,-0.099533,1.033958,-2.254603,-2.855520
-0.917049,-0.510947,-0.085931,0.882737,-1.442944,-2.458630
-0.825249,-0.531767,-0.076461,1.110013,-1.047476,0.063913
-0.876573,-0.585619,-0.051636,1.385422,-0.962224,2.599814
-0.914731,-0.558276,-0.040873,2.161204,-3.122519,3.865945
-0.838198,-0.554446,-0.058647,2.034373,-2.530613,3.675752
-0.852027,-0.618168,-0.027116,1.427602,-2.682698,3.040262
-0.866466,-0.596500,-0.004067,2.649164,-3.313753,2.212897
-0.788653,-0.564776,-0.014866,2.889951,-4.198279,2.076630
-0.795490,-0.647907,-0.007398,2.049611,-4.260028,2.049249
-0.827740,-0.667956,0.008045,3.671109,-4.714091,0.891857
-0.765909,-0.631406,0.013255,4.468889,-6.329989,0.082100
-0.699180,-0.671438,-0.032529,2.678559,-4.259437,-1.239734
-0.734932,-0.693716,-0.013054,3.776869,-2.413623,-3.998986
-0.745193,-0.688540,0.036127,4.447330,-3.037388,-5.196851
-0.661498,-0.685766,0.054597,3.460593,-2.642820,-4.671876
-0.671929,-0.694360,0.030553,2.168803,-0.782862,-4.561753
-0.683119,-0.651609,0.048121,2.709355,-1.150899,-5.869908
-0.622030,-0.640633,0.078598,2.602058,-0.768643,-5.004022
-0.627419,-0.657403,0.071360,0.903925,-0.674771,-4.016921
-0.628276,-0.611071,0.067484,0.865980,-0.044323,-4.881991
-0.563497,-0.610484,0.101027,1.766645,-0.145189,-6.415247
-0.529583,-0.623384,0.096957,0.212765,-1.533871,-5.726473
-0.531510,-0.606069,0.060243,0.235256,0.828628,-6.300352
-0.516181,-0.575621,0.076245,0.849414,-1.590627,-7.588670
-0.475324,-0.597846,0.109016,0.030101,-3.611763,-6.471405
-0.441381,-0.566463,0.086391,-0.680862,-2.587409,-5.459498
-0.409324,-0.490661,0.066460,0.366124,-1.775527,-6.285639
-0.396050,-0.476675,0.103019,-0.108999,-2.965155,-5.692830
-0.370207,-0.435635,0.108225,-0.681683,-3.049494,-3.430310
-0.339156,-0.348601,0.066427,-0.898291,-1.814079,-1.196515
-0.284428,-0.294454,0.072696,-1.387660,-1.039962,1.381395
-0.238349,-0.255461,0.088055,-0.711852,-0.885215,3.038489
-0.204871,-0.184974,0.092250,-0.885713,0.249757,5.814785
-0.134486,-0.131651,0.076228,-0.888726,1.243669,7.343710
-0.110790,-0.092994,0.073103,-1.056718,1.412849,6.431924
-0.082131,-0.037393,0.108908,0.322201,1.735132,5.971732
0.001640,0.029280,0.087569,0.540208,2.272891,6.353871
0.084351,0.084360,0.081211,0.189781,1.794666,6.814103
0.093122,0.112129,0.072122,1.147954,3.133776,7.644638
0.104538,0.140854,0.058474,2.327301,0.770998,8.988659
0.157609,0.176448,0.088600,2.138808,-1.183595,12.326368
0.212934,0.219143,0.055142,2.181404,-0.429541,13.860857
0.240526,0.256750,0.053094,3.243259,-0.963590,12.090082
0.238406,0.240459,0.081720,3.484686,-2.497336,11.565818
0.248352,0.212089,0.043056,3.259908,-1.805913,10.575241
0.263595,0.222990,0.023522,3.351370,0.250088,7.416931
0.280214,0.217449,0.060049,3.813294,-1.175314,4.248816
0.286428,0.180991,0.074393,3.489390,-0.601399,2.789674
0.244518,0.184129,0.038349,2.243209,0.451892,3.472214
0.202443,0.168065,0.047280,2.248894,0.727712,1.789894
0.198721,0.144543,0.064218,1.462320,0.931086,-0.155377
0.201761,0.166165,0.046542,0.117325,2.577849,-0.577811
0.174405,0.172526,0.038181,-1.334353,2.354413,0.385729
0.153909,0.134105,0.040414,-1.813560,3.112473,1.103421
0.121364,0.103545,0.049135,-1.686812,2.983680,1.173668
0.088050,0.068791,0.041914,-2.296892,1.937764,1.146529
0.104765,-0.002822,0.029408,-2.696365,2.351876,-1.577310
0.114461,-0.067673,0.034866,-2.101666,1.169896,-5.312646
0.104597,-0.118603,0.057449,-1.638008,0.137461,-8.501407
0.104554,-0.174720,0.040978,-1.858670,0.432881,-9.488765
0.104686,-0.213922,0.010497,-1.562033,0.139175,-10.190576
0.118495,-0.245434,0.053537,-0.612365,-0.475104,-10.790438
0.133657,-0.267853,0.036530,-0.893315,-0.923610,-10.254612
0.130827,-0.304150,0.006762,-1.259724,-0.043024,-10.412162
0.102785,-0.307528,0.022528,0.128531,0.096611,-11.007269
0.075731,-0.267590,0.048088,-0.704276,-1.020261,-11.824443
0.079720,-0.243858,0.028955,-1.019692,0.289389,-12.551106
0.079916,-0.227433,0.035283,-1.310424,1.092703,-10.963696
0.056431,-0.203615,0.049014,-0.363388,1.165360,-9.006979
0.013339,-0.200241,0.074374,-0.879109,-0.501423,-5.908331
0.036578,-0.177763,0.055030,-1.208386,1.227250,-4.117284
0.024624,-0.130453,0.012450,-0.978846,3.027874,-3.396642
-0.023047,-0.093276,0.064779,-0.595618,0.081670,-3.810447
-0.068515,-0.049639,0.050484,-0.967577,-0.447240,-3.825163
-0.124130,-0.012249,0.039012,-1.315932,-0.587068,-2.806003
-0.180345,0.018770,0.036777,-0.376581,-1.382213,-1.481028
-0.238467,0.052714,0.076179,-0.033251,-3.308095,1.075593
-0.267900,0.084058,0.042330,0.239645,-2.756192,3.549712
-0.345051,0.109099,0.034610,0.543713,-3.343995,4.609922
-0.427601,0.130018,0.056537,0.927844,-3.205998,4.658930
-0.489055,0.158448,0.077994,1.513063,-4.195846,3.371875
-0.510647,0.195017,0.062383,0.760075,-2.439939,2.103218
-0.579778,0.229234,0.064050,1.012035,-2.646358,0.032359
-0.641810,0.214128,0.120823,1.191765,-3.116453,0.316542
-0.651687,0.249772,0.084946,0.660335,-1.274989,2.026978
-0.685932,0.278260,0.068377,0.609450,-0.873645,2.918934
-0.728683,0.258710,0.121237,0.342907,-0.968658,3.650412
-0.748568,0.281651,0.106354,0.394608,-0.570945,4.570998
-0.798694,0.304556,0.079553,-0.432697,-1.739588,5.225007
-0.835201,0.303289,0.096822,-0.552818,-1.904921,3.633946
-0.842823,0.254640,0.126423,0.440369,-2.275292,3.308092
-0.835848,0.256205,0.127697,-0.600128,-3.432302,4.200827
-0.840886,0.223824,0.127805,-0.506089,-4.316768,2.839921
-0.852628,0.151315,0.121779,0.134606,-4.482715,1.157960
-0.819879,0.094056,0.160019,0.011489,-4.929176,1.084320
-0.786007,0.089086,0.120886,-0.367301,-5.547564,1.657247
-0.772398,0.052819,0.113891,-0.663948,-4.805458,0.130742
-0.759820,0.005516,0.119944,0.202425,-4.360585,0.335177
-0.766982,-0.007522,0.126236,-0.102661,-4.502521,1.103678
-0.790563,-0.007437,0.159576,-1.413184,-6.686108,1.396868
-0.760266,-0.029603,0.126745,-1.348606,-2.167428,2.407719
-0.766989,-0.049249,0.149926,-0.993259,-2.965940,2.591582
-0.779521,-0.061738,0.175620,-1.596338,-2.601937,3.739949
-0.785735,-0.084528,0.167818,-2.196597,-2.053865,3.736624
-0.795690,-0.084354,0.170687,-2.174490,-2.448161,2.067999
-0.835011,-0.108543,0.209876,-1.821835,-3.321618,0.603073
-0.795083,-0.120960,0.211639,-1.086388,-2.126502,0.925967
-0.787547,-0.137533,0.182244,-1.142413,-2.363425,1.745950
-0.809805,-0.182027,0.204864,-0.690523,-2.466359,1.975803
-0.808574,-0.238222,0.222211,0.487518,-3.011067,1.912321
-0.796603,-0.272369,0.218995,1.849855,-3.646471,2.616395
-0.776383,-0.291785,0.188694,1.796577,-2.961876,2.998875
-0.778697,-0.305558,0.203705,2.052217,-3.785775,0.556333
-0.765649,-0.331693,0.230861,3.703611,-3.439717,-0.611713
-0.746857,-0.377141,0.226147,3.348478,-4.226681,0.143676
-0.738523,-0.368476,0.215256,3.226411,-4.033356,-0.061342
-0.747849,-0.361304,0.203213,3.004029,-2.935085,0.447521
-0.712710,-0.395983,0.216736,3.333786,-2.613957,1.608961
-0.671699,-0.417794,0.231714,3.093495,-3.772533,2.816958
-0.649257,-0.402475,0.211320,2.483398,-1.678104,2.856541
-0.626760,-0.449848,0.222934,2.628124,-1.178288,1.219347
-0.569950,-0.500889,0.230916,2.728435,-1.446230,0.339572
-0.541968,-0.505954,0.213969,3.124478,-0.427725,-0.261807
-0.527630,-0.528997,0.213890,1.874772,-1.958142,-0.751165
-0.460540,-0.598516,0.209229,2.190848,-0.963019,-1.267281
-0.448228,-0.669620,0.240163,3.184169,-1.735028,-2.056412
-0.415561,-0.697974,0.201923,3.288213,-1.492758,-4.095935
-0.353680,-0.725822,0.183620,2.982585,-1.576050,-6.850698
-0.316277,-0.795702,0.242021,2.948566,-1.966214,-8.826692
-0.298293,-0.816043,0.224644,3.552807,-1.956531,-8.518759
-0.260439,-0.800635,0.240695,2.233428,-1.798839,-8.647598
-0.201651,-0.821817,0.236799,1.498595,-1.280352,-9.500250
-0.204274,-0.839588,0.266360,1.530218,-1.263152,-10.541295
-0.178868,-0.775219,0.264433,1.111530,-0.656478,-9.258839
-0.110304,-0.746912,0.254195,-0.529154,-0.066795,-9.114037
-0.070330,-0.752863,0.268563,-0.605648,2.136506,-7.865229
-0.101914,-0.712850,0.293887,-0.972661,-0.804234,-6.740321
-0.077683,-0.661270,0.285470,-0.809064,0.613133,-5.712304
-0.002748,-0.659943,0.270181,-1.557900,1.336484,-6.516940
-0.035819,-0.594951,0.299070,-1.482049,0.412852,-8.175190
-0.059646,-0.529985,0.312239,-0.666826,0.700416,-9.254750
0.012213,-0.493212,0.276033,-1.647740,1.800702,-7.981641
0.017064,-0.431535,0.311569,-1.637906,0.100941,-7.054704
-0.007807,-0.335651,0.358984,-0.094815,-3.287398,-5.950384
0.061939,-0.247807,0.324594,-0.404057,-0.215141,-2.000080
0.077035,-0.208670,0.344584,-1.288638,-0.284696,0.596014
0.056043,-0.105096,0.347177,0.420117,0.971174,1.609298
0.111855,0.018166,0.337632,1.293341,0.332954,2.439876
0.158357,0.063007,0.404502,-0.296058,-2.210342,2.654414
0.125319,0.129060,0.356089,0.509032,1.720752,3.117912
0.129173,0.234459,0.378902,1.954236,1.371711,4.062387
0.216886,0.296845,0.391083,1.221977,0.684814,6.939465
0.202053,0.327739,0.367344,0.874190,1.290677,7.971467
0.206563,0.431497,0.378006,2.482663,2.823802,9.470847
0.247626,0.471340,0.405470,2.392855,0.779490,11.095454
0.253160,0.481124,0.391277,1.700727,1.168669,11.372564
0.235950,0.544676,0.358465,1.760283,2.060271,10.224031
0.252602,0.564922,0.394969,2.114616,0.609551,9.778755
0.237283,0.538961,0.431591,1.715655,-0.726893,10.482557
0.222315,0.575649,0.380402,1.550027,0.569204,10.755517
0.241478,0.583392,0.376128,1.424008,0.277250,10.844491
0.256623,0.514704,0.423284,1.268995,0.264026,11.497379
0.271138,0.500852,0.419351,0.717791,0.561214,10.423165
0.245181,0.494198,0.366639,0.663309,1.052044,7.935785
0.229517,0.403327,0.386392,0.079780,0.523446,4.828675
0.250052,0.366361,0.385614,0.396073,0.876666,3.678900
0.240707,0.399474,0.360054,-0.148960,0.479741,2.892906
0.240996,0.359139,0.361019,-1.914015,0.918304,2.971715
0.231654,0.278664,0.345716,-2.022739,1.574575,4.154785
0.196670,0.254754,0.348641,-2.026573,1.159672,5.084296
0.209895,0.236681,0.346944,-2.461434,1.126962,4.332267
0.228000,0.161011,0.316220,-3.162392,2.855675,2.885425
0.217060,0.098379,0.308828,-3.210013,1.586362,0.767570
0.176702,0.065092,0.326517,-2.163467,1.293126,-2.428945
0.201518,0.015921,0.312482,-2.146123,0.577771,-4.581456
0.215580,-0.039454,0.295180,-2.284825,-1.171828,-6.693153
0.185644,-0.081978,0.279936,-2.080073,0.334286,-8.176862
0.218452,-0.121597,0.282008,-0.610608,0.763393,-8.313391
0.206596,-0.167426,0.281308,-0.685832,-1.373402,-8.092232
0.179913,-0.175107,0.271770,-0.848883,0.618670,-9.050627
0.193584,-0.180113,0.244870,-0.433974,0.607667,-9.794335
0.172225,-0.188818,0.243695,-0.122395,0.288421,-10.538500
0.129882,-0.205870,0.275144,0.352423,-0.347329,-10.016718
0.112623,-0.184400,0.233578,-0.032627,0.210765,-6.492206
0.102828,-0.194536,0.232512,-0.344310,-0.223640,-5.376938
0.055505,-0.196210,0.225776,0.021081,0.184577,-4.745490
0.033890,-0.199663,0.226580,1.415188,0.302771,-4.544323
0.010742,-0.202214,0.216674,0.937948,-0.658799,-3.658636
-0.025368,-0.227036,0.190917,0.836212,0.478448,-3.139295
-0.059344,-0.224508,0.212262,2.023657,0.528410,-3.638598
-0.075152,-0.215800,0.221831,1.964914,-0.617897,-4.181828
-0.127645,-0.223651,0.210240,1.514757,-1.097504,-4.174145
-0.192217,-0.237539,0.176746,1.754099,0.010395,-3.413352
-0.210661,-0.240536,0.194412,2.404629,-0.767983,-2.111931
-0.241280,-0.241354,0.184513,2.879687,-1.064489,-0.433033
-0.321089,-0.262387,0.161299,2.168891,-1.839561,0.588557
-0.362038,-0.256095,0.146919,2.118877,-1.749153,0.705119
-0.397957,-0.273151,0.151527,2.402118,-2.049956,-0.599047
-0.421722,-0.288302,0.179881,2.330394,-2.415974,-2.040774
-0.438246,-0.294188,0.145937,1.476714,-1.471738,-2.384882
-0.466488,-0.277703,0.132450,1.013040,-0.410942,-2.600437
-0.490794,-0.263060,0.168786,0.662942,-1.220270,-3.130082
-0.473975,-0.243205,0.168455,0.581599,-1.292398,-1.701479
-0.486593,-0.229031,0.150549,-0.409956,-0.774584,0.874930
-0.541436,-0.232442,0.151977,-1.102488,-0.273040,2.223762
-0.581751,-0.222118,0.168580,-0.569378,-1.464309,2.392151
-0.559814,-0.171050,0.193487,-2.168591,-1.982951,2.265577
-0.567390,-0.161836,0.163512,-2.191542,-2.070530,0.324818
-0.610000,-0.165283,0.194360,-1.377816,-2.275279,-0.737882
-0.594129,-0.160930,0.193293,-1.248297,-2.320356,0.047977
-0.603832,-0.132022,0.187598,-2.021738,-2.341282,-1.090252
-0.589986,-0.119969,0.187250,-0.851122,-1.923401,-1.822131
-0.580162,-0.090647,0.247709,-0.992425,-4.143294,-0.412580
-0.568723,-0.071189,0.257740,-0.605757,-2.690947,1.865066
-0.574953,-0.059739,0.214603,-0.499393,-0.759701,3.446351
-0.621452,-0.048156,0.266590,-0.281669,-3.063901,3.159426
-0.628191,0.005525,0.293086,0.849315,-2.721234,2.784892
-0.632885,0.052202,0.300803,0.321873,-3.362022,3.206281
-0.630055,0.038540,0.294208,0.653347,-2.688764,4.157043
-0.649655,0.026543,0.303511,1.224209,-2.301735,4.139170
-0.637756,0.060523,0.329409,2.189088,-1.443670,3.366454
-0.611437,0.078760,0.359578,1.630969,-2.013475,2.763582
-0.566931,0.079620,0.344764,1.339580,-1.237204,3.032907
-0.543645,0.067317,0.342874,2.793332,1.152956,4.266310
-0.546950,0.067166,0.379713,2.490596,-1.914703,6.125047
-0.485244,0.037178,0.391349,2.369911,-1.766835,6.477313
-0.453493,0.026451,0.363140,1.558401,0.402653,6.401430
-0.484489,0.015918,0.387551,2.457352,-1.853889,4.793707
-0.429945,-0.024650,0.428355,2.676642,-2.100508,5.676327
-0.385110,-0.068760,0.406327,1.206431,-1.977811,7.135773
-0.373011,-0.076762,0.404912,2.091715,-1.096571,5.871092
-0.280013,-0.106032,0.432918,1.875524,-1.475440,6.737090
-0.217492,-0.186744,0.451355,0.597254,-1.947921,9.047108
-0.226466,-0.198830,0.412662,0.525621,0.037101,9.139069
-0.162843,-0.212140,0.416660,0.971878,0.040216,6.742085
-0.060549,-0.290853,0.475396,0.313891,-0.551092,5.647069
-0.048076,-0.306188,0.426881,-0.375529,0.415120,3.307865
-0.018845,-0.283326,0.406094,0.689914,1.422447,0.375282
0.086317,-0.395231,0.428755,0.175293,1.443534,-0.428624
0.086921,-0.471013,0.473508,-0.100221,-0.392455,0.547604
0.109682,-0.428692,0.419069,1.769137,1.951882,0.380666
0.230771,-0.476682,0.405401,0.998040,1.239494,-1.649448
0.266372,-0.600141,0.439863,0.668762,0.916374,-2.588161
0.241843,-0.590471,0.431687,2.718756,1.707186,-5.228884
0.365354,-0.579192,0.422732,2.567656,-0.465769,-7.800455
0.436675,-0.692223,0.407682,1.177780,1.228872,-9.849249
0.366667,-0.685356,0.412852,2.714587,1.464171,-11.846753
0.420604,-0.624424,0.402312,3.794614,0.565038,-12.031967
0.546958,-0.683393,0.403530,0.678826,0.591186,-10.458566
0.489197,-0.698890,0.390840,2.343472,2.669137,-10.239363
0.471095,-0.602468,0.385191,3.250902,1.675934,-9.290795
0.607033,-0.641106,0.376601,1.032686,2.069643,-8.422888
0.612630,-0.640590,0.347919,-0.543120,4.408705,-9.255036
0.572679,-0.532463,0.315347,1.947186,4.179085,-12.126549
0.670178,-0.516668,0.350709,1.135082,3.260137,-11.090283
0.665691,-0.565948,0.313594,-1.735207,3.810493,-9.125720
0.617652,-0.431676,0.280393,0.507371,5.893995,-9.948092
0.697461,-0.380073,0.295124,1.162253,3.769791,-8.997483
0.710283,-0.453215,0.303970,-1.646732,2.454220,-6.075885
0.615440,-0.355967,0.237704,-0.379396,3.691364,-6.375431
0.654310,-0.225017,0.204532,1.095085,2.942295,-7.136383
0.757149,-0.245076,0.266892,-0.896124,1.267989,-4.415061
0.662441,-0.188378,0.204401,-1.108560,2.026354,-1.781330
0.630559,-0.024768,0.168619,0.909669,3.622016,-0.590809
0.694924,-0.051074,0.196884,-0.478490,1.397202,2.837455
0.641893,-0.052459,0.201532,-0.419278,2.070407,5.099727
0.622586,0.121441,0.172666,1.239311,2.174171,4.935806
0.693752,0.148508,0.137479,0.217118,2.655722,4.706499
0.646761,0.123716,0.157905,-0.623039,2.585198,4.441418
0.561719,0.259133,0.130832,1.681055,4.048000,3.467157
0.667529,0.345977,0.146269,0.965028,3.766416,4.951185
0.680767,0.328603,0.105222,-0.785306,4.352125,7.973658
0.518040,0.414658,0.120019,0.808892,3.454325,9.919490
0.522248,0.476319,0.115460,1.916455,3.603755,12.559319
0.589167,0.458433,0.118174,-1.125311,1.266866,16.313049
0.489020,0.484348,0.073717,0.261640,3.287922,14.407932
0.448091,0.546924,0.106548,2.451870,1.072408,12.438598
0.526820,0.480977,0.087139,0.963534,1.232460,11.914185
0.440502,0.432334,0.080591,-0.035049,1.108492,10.097673
0.410215,0.510584,0.083312,2.093956,1.958541,5.909177
0.542895,0.473260,0.097377,2.104962,1.589782,5.555481
0.482150,0.389525,0.080147,-0.528374,0.635558,6.420049
0.345846,0.417898,0.071889,0.826220,1.557253,4.922703
0.399544,0.402362,0.093953,1.829772,1.517654,4.339789
0.421205,0.316356,0.081595,-0.661936,0.787469,4.152304
0.318153,0.328839,0.079921,-0.840704,1.435885,1.813364
0.309244,0.327582,0.064914,-0.065369,1.588105,-0.040322
0.333652,0.195332,0.085698,-1.917833,1.167750,0.856174
0.226658,0.155808,0.100623,-1.499696,1.453607,-0.225224
0.295185,0.207271,0.071731,-1.041987,2.454981,-0.384901
0.382071,0.101251,0.079662,-2.878744,1.531562,-0.978635
0.249727,0.001041,0.096428,-2.450464,2.458365,-2.470013
0.188578,0.035038,0.070884,-0.635499,2.542097,-3.930716
0.287859,-0.047424,0.111373,-2.335703,0.127975,-2.685330
0.251992,-0.159989,0.116382,-2.707522,1.070701,-1.396102
0.158754,-0.127371,0.109893,0.286026,1.261020,-2.985471
0.202857,-0.164814,0.135834,-0.831461,-0.969140,-1.703841
0.179069,-0.307514,0.117928,-1.779727,-0.407003,-1.763627
0.094615,-0.289589,0.112358,1.037317,1.091292,-4.325776
0.162161,-0.281117,0.150966,1.713657,-0.755667,-6.768923
0.186849,-0.379981,0.156264,-0.697934,-1.023547,-6.770025
0.030880,-0.399055,0.130073,0.664875,1.261913,-7.776092
0.055259,-0.365187,0.163118,3.426374,0.855518,-7.160146
0.146022,-0.435457,0.184729,0.266450,-1.573598,-2.325313
0.024506,-0.447251,0.137597,0.524584,1.754200,-0.608971
-0.012678,-0.399229,0.164723,3.143172,2.430523,-1.168317
0.080488,-0.438576,0.204654,1.630680,0.435746,0.535692
-0.013850,-0.476025,0.195735,0.858447,1.156245,-0.532058
-0.088469,-0.420762,0.178529,2.909121,2.045474,-2.384783
0.015732,-0.471410,0.222290,2.220285,0.219460,-0.678365
-0.032395,-0.524746,0.232686,1.337247,0.256217,0.259972
-0.134190,-0.455040,0.197097,3.037480,1.230920,-0.609243
-0.024816,-0.481986,0.212200,2.995862,0.254497,-0.064084
-0.083572,-0.570346,0.219116,1.461546,-1.530903,0.261137
-0.213238,-0.490474,0.226209,3.091936,0.257733,-2.456716
-0.103372,-0.456501,0.207060,3.126572,0.722513,-4.154103
-0.070734,-0.562199,0.227138,1.265552,-1.197122,-4.461915
-0.211019,-0.508528,0.254868,2.373742,-0.492760,-4.254012
-0.176892,-0.453353,0.247437,2.951661,-0.890815,-3.457187
-0.119383,-0.518684,0.274245,0.110212,-1.338595,-2.374522
-0.226033,-0.499114,0.284371,1.424182,0.793490,-2.815011
-0.205876,-0.410855,0.292439,2.431979,0.644618,-3.405384
-0.081402,-0.479419,0.295948,0.019023,0.750381,-2.545832
-0.223607,-0.518165,0.288113,0.050528,0.989592,-4.003126
-0.248091,-0.422843,0.286281,2.445092,1.607436,-5.734998
-0.096173,-0.438435,0.296161,-0.365577,-0.238338,-5.443271
-0.169191,-0.439449,0.288428,-1.221722,-0.047757,-6.249666
-0.232365,-0.353016,0.288057,1.715091,0.479875,-6.768773
-0.121441,-0.368584,0.303547,0.425372,-1.823211,-3.971945
-0.165173,-0.378133,0.304830,-1.826301,-1.676322,-2.510348
-0.270008,-0.265584,0.281059,0.600644,-0.337816,-5.384566
-0.140906,-0.238521,0.314999,0.144133,-1.696319,-4.376146
-0.129503,-0.253853,0.320629,-2.332299,-2.502502,-1.366126
-0.223817,-0.135840,0.251609,-0.960037,1.310007,-0.388583
-0.087166,-0.058870,0.295482,-0.419317,-0.415337,1.374433
-0.027938,-0.075781,0.276851,-2.413556,-0.656183,4.039414
-0.167248,0.014289,0.255627,-2.205850,0.579245,3.869101
-0.047373,0.103293,0.243524,-0.261367,1.519266,5.453519
0.035699,0.067485,0.272068,-1.549825,-1.055127,8.385018
-0.054831,0.129647,0.244489,-1.305760,1.259911,9.445927
0.013848,0.211879,0.217504,0.918890,2.436635,9.801090
0.105605,0.177597,0.235019,0.341384,-0.866380,10.524643
0.019726,0.186801,0.224814,0.215361,-0.029684,9.687577
0.061857,0.231698,0.180078,2.688511,1.334002,7.952647
0.219194,0.207385,0.206623,2.151205,-0.625679,9.655002
0.168963,0.212115,0.187375,1.986450,-0.229978,10.016388
0.132308,0.280265,0.124342,3.559289,1.334300,8.079045
0.279587,0.237643,0.137482,2.957018,-0.639581,9.440571
0.283575,0.159065,0.144601,3.127245,0.363424,12.286955
0.245351,0.196580,0.095687,3.963879,1.119019,12.394089
0.390488,0.158943,0.109318,3.384414,0.859890,10.498701
0.393455,0.054906,0.119826,2.993791,0.276010,9.828704
0.341960,0.054269,0.055506,3.845360,2.350218,6.246278
0.494098,0.039682,0.027231,3.081071,5.766383,3.768499
0.528005,-0.077974,0.083558,1.960056,2.334505,2.364317
0.510152,-0.114999,0.022557,2.282792,3.803334,2.181134
0.602730,-0.116283,0.001267,1.389033,4.503728,1.144982
0.637393,-0.217224,0.014745,0.214442,2.876498,0.099783
0.588609,-0.285903,-0.000292,0.506858,3.645544,-1.643563
0.620862,-0.312208,-0.035128,-0.002195,2.466985,-2.603715
0.715308,-0.387117,-0.018995,-1.217826,2.041811,-3.980110
0.688362,-0.441875,-0.023692,-0.579064,2.612948,-7.292722
0.665993,-0.453544,-0.051853,-1.052047,2.024867,-9.097302
0.738613,-0.528561,-0.075854,-1.367722,3.056130,-9.543278
0.750046,-0.587891,-0.076582,-1.591128,2.603232,-10.369263
0.790154,-0.577098,-0.069945,-1.285471,3.645344,-11.755013
0.864623,-0.595155,-0.086141,-2.036667,3.261210,-12.512811
0.820425,-0.652125,-0.083167,-1.784090,4.706527,-12.192163
0.784731,-0.615240,-0.092548,-0.998261,5.010625,-12.426209
0.892678,-0.561490,-0.122871,-1.129138,4.910766,-12.882059
0.909668,-0.594866,-0.083200,-2.055656,4.435840,-11.830125
0.866589,-0.566991,-0.076957,-0.747972,4.185712,-11.422467
0.871037,-0.477857,-0.122602,-0.534755,4.918920,-9.679680
0.900116,-0.480949,-0.100574,-0.499005,4.861060,-8.778929
0.920487,-0.450895,-0.108465,0.592461,4.434028,-8.079559
0.918107,-0.391033,-0.094524,1.005733,4.040031,-7.543196
0.921166,-0.344327,-0.121092,0.835919,3.060167,-5.542520
0.867098,-0.314893,-0.137376,1.666399,3.515005,-4.877766
0.845148,-0.260001,-0.133943,2.912225,2.109084,-3.464500
0.888676,-0.175121,-0.118545,2.346691,2.111483,-1.141351
0.838472,-0.135669,-0.119458,2.621185,2.591274,0.086578
0.770285,-0.079470,-0.112197,3.104209,2.634914,1.100564
0.780799,-0.015400,-0.089978,2.394749,2.558302,3.317208
0.834989,0.034739,-0.119008,1.856019,5.030556,4.732733
0.797605,0.085183,-0.080275,2.344679,3.637079,4.037495
0.780927,0.142800,-0.082947,2.140623,4.679771,4.107567
0.759503,0.182675,-0.115860,0.754538,5.098026,4.202534
0.718128,0.216514,-0.072174,1.073095,5.033086,4.750358
0.729189,0.283177,-0.069863,0.841627,2.914627,6.526242
0.701213,0.317728,-0.098309,0.062193,3.601208,8.405359
0.587260,0.299907,-0.062616,0.123499,2.251542,9.948103
0.546577,0.317045,-0.054327,0.083460,1.199415,10.482483
0.545324,0.324949,-0.054610,-0.387390,0.301058,9.587999
0.511662,0.293375,-0.077859,-0.595710,1.716238,8.177958
0.439002,0.300735,-0.059849,-0.001385,-0.358108,6.661644
0.396846,0.311823,-0.044257,-0.465797,-0.773415,5.554988
0.368538,0.293251,-0.078352,-0.672361,0.982318,4.439934
0.321563,0.270983,-0.056021,0.045275,0.702090,4.404660
0.256607,0.246824,-0.035421,-0.720190,-0.571785,5.039443
0.220661,0.225048,-0.046551,-1.075940,1.167832,4.299946
0.162371,0.210615,-0.051672,-0.173647,3.258610,1.620401
0.139663,0.205669,-0.021431,-1.038859,1.010179,-0.635055
0.106078,0.172963,-0.016399,-1.740936,2.443407,-2.142952
0.052269,0.155566,-0.028977,-0.894953,3.530281,-2.490150
0.028530,0.148000,-0.010330,-1.358765,2.011284,-1.877965
0.046790,0.126181,-0.010356,-1.944660,2.822814,-1.902176
0.045484,0.102101,-0.028623,-1.740627,2.569974,-1.467837
0.028536,0.090911,-0.015818,-0.687168,2.086369,-2.151513
0.042887,0.089818,0.006105,-1.760141,-0.339146,-1.552983
0.044466,0.059200,-0.045714,-2.551649,0.573464,-1.897527
0.052797,0.062476,0.000141,-1.061927,-0.528214,-0.453792
0.074179,0.076692,-0.001004,-1.965189,-1.182932,0.830335
0.040317,0.042049,-0.019671,-2.131379,-0.185692,2.047348
0.028359,0.008624,0.027110,-0.883957,-1.266365,3.575484
0.051248,0.003592,0.019672,-0.589230,-1.432926,3.714355
0.033995,-0.043665,0.033202,-0.307551,-1.416737,1.060798
0.036165,-0.089140,0.021113,1.082837,-0.238421,-1.191683
0.039021,-0.100094,0.007684,0.496006,-0.571112,-2.276959
0.041939,-0.117038,-0.000676,0.531279,0.990117,-2.416617
-0.003300,-0.146363,0.046676,2.227230,0.935314,-1.763648
0.000610,-0.150903,0.024829,1.544949,0.563564,0.958518
-0.013774,-0.183336,0.010579,2.250417,1.041117,3.883615
-0.051378,-0.218422,0.040371,2.622534,1.628148,4.239687
-0.100165,-0.242332,0.040243,3.067583,0.844196,3.860177
-0.114381,-0.268847,0.041848,2.011262,-0.629943,3.248577
-0.138727,-0.308522,0.027701,2.997050,0.277231,1.300849
-0.152749,-0.336745,0.054384,3.143227,-0.432367,0.794363
-0.116219,-0.380030,0.022879,3.062305,0.042999,0.834839
-0.136626,-0.439045,0.000417,3.374278,-0.048052,0.969108
-0.155401,-0.495250,0.019747,3.670623,-0.883443,1.416574
-0.146536,-0.518641,0.010399,2.808376,-0.976628,-0.518992
-0.128508,-0.556428,-0.006407,3.207415,-0.185120,-4.612462
-0.139400,-0.595529,0.013327,2.686867,-0.490886,-6.731158
-0.108207,-0.612479,-0.004927,1.927639,-0.293687,-7.700597
-0.048240,-0.595893,-0.041070,0.392849,1.450893,-8.446927
-0.012934,-0.595421,-0.003817,1.226727,3.775880,-8.319552
-0.022696,-0.610487,-0.012568,-0.249973,1.127228,-6.927889
0.024427,-0.608767,-0.050405,-1.010225,1.695037,-5.581714
0.053946,-0.621746,-0.018529,-0.567280,1.840830,-6.726346
0.096444,-0.622704,-0.055266,-0.676881,1.818720,-7.973107
0.146855,-0.600594,-0.089840,-1.698569,1.593370,-9.925248
0.130568,-0.580229,-0.078798,-1.783102,1.698100,-11.827009
0.158659,-0.532933,-0.081099,-1.136084,0.457913,-12.408752
0.209274,-0.500213,-0.084788,-1.947766,-1.801738,-11.725498
0.262899,-0.474906,-0.123413,-2.054504,0.411207,-9.380920
0.301589,-0.401868,-0.122139,-0.739681,0.827541,-6.849624
0.337040,-0.339226,-0.116658,-1.391688,-0.666286,-5.723803
0.367028,-0.293777,-0.117180,-1.465313,0.858928,-4.705653
0.400804,-0.239181,-0.128048,-0.767821,1.646815,-3.913538
0.432099,-0.165539,-0.113011,-0.005915,1.638320,-3.131517
0.452710,-0.106754,-0.120508,-0.077853,2.408048,-2.233531
0.487950,-0.031025,-0.165681,-0.322706,2.924438,-0.927681
0.511800,0.020395,-0.143925,1.237470,3.273138,0.851696
0.538992,0.090222,-0.128786,1.239337,1.647294,4.266108
0.565862,0.149923,-0.173811,0.949409,3.560466,6.548548
0.575463,0.177292,-0.179638,2.363533,3.787815,6.969409
0.620150,0.200420,-0.162116,2.883300,2.881658,8.839120
0.654983,0.260183,-0.154914,2.284889,2.029485,10.415590
0.615919,0.311071,-0.183721,2.509204,2.715580,10.016595
0.563285,0.309492,-0.176234,3.413874,1.360934,10.617756
0.605986,0.356615,-0.160793,2.296377,0.952681,12.853416
0.630628,0.366075,-0.183380,1.930642,1.104664,12.644036
0.606367,0.345560,-0.168409,2.803947,1.785803,12.137490
0.578214,0.335509,-0.161716,2.184561,0.929356,12.233415
0.575945,0.331580,-0.170431,1.627282,1.145554,12.498640
0.604647,0.312926,-0.170253,0.892003,2.525862,11.288323
0.669882,0.270950,-0.152042,1.968455,3.789183,10.064333
0.648405,0.209785,-0.166183,0.996401,2.590522,10.042807
0.607280,0.180440,-0.178295,-0.019209,4.536053,10.295899
0.565740,0.149628,-0.160009,0.196920,4.312791,6.594722
0.612699,0.138044,-0.155200,-0.283954,3.504169,4.605736
0.636933,0.099429,-0.172551,-1.266834,2.850301,3.569478
0.624164,0.034457,-0.188267,-1.703913,3.686758,3.189398
0.590122,-0.032275,-0.142779,-0.979135,2.515522,2.625676
0.594527,-0.079254,-0.161305,-1.599709,0.903458,2.096213
0.597317,-0.114382,-0.191898,-1.954354,2.605947,-0.675196
0.612564,-0.180123,-0.144102,-0.565370,1.702541,-3.794149
0.632590,-0.241869,-0.179040,-0.449346,1.511132,-6.248988
0.595095,-0.293275,-0.181338,-1.135773,1.047406,-9.158743
0.555453,-0.344202,-0.184053,-0.003299,2.112317,-10.567333
0.562871,-0.380513,-0.157199,0.194429,0.717655,-11.145698
0.605973,-0.392037,-0.191202,0.168800,2.126573,-11.971975
0.570224,-0.426785,-0.207844,-0.260950,3.049269,-12.449830
0.546482,-0.460456,-0.190329,0.637095,3.634124,-11.762839
0.534318,-0.455674,-0.180970,0.212725,3.053960,-10.024236
0.539120,-0.418966,-0.203065,-0.380178,4.842879,-10.272320
0.518805,-0.410905,-0.227122,-0.525019,4.570739,-11.069172
0.485911,-0.433573,-0.195968,0.226127,3.518829,-10.551952
0.472903,-0.406227,-0.209593,-0.556790,1.418741,-8.392643
0.440384,-0.374204,-0.232876,-0.753149,2.398700,-7.361446
0.418241,-0.379984,-0.207072,0.241903,2.791030,-7.564236
0.431046,-0.351279,-0.215676,-0.015014,0.936899,-6.378632
0.373101,-0.286897,-0.227322,0.069660,0.247705,-4.961211
0.291782,-0.289950,-0.241558,-0.484553,0.044624,-4.156933
0.300490,-0.286087,-0.252961,0.768432,0.067388,-1.858053
0.276151,-0.239246,-0.252636,0.911868,-2.230309,0.130753
0.224987,-0.174947,-0.249869,0.644297,-0.390273,0.614523
0.210715,-0.153696,-0.262162,0.564783,0.354463,0.065577
0.175150,-0.145562,-0.279975,1.263381,0.567897,1.309979
0.152514,-0.115958,-0.246078,1.810245,1.662971,3.558199
0.209691,-0.082694,-0.274054,1.671440,2.035200,4.827145
0.197897,-0.073227,-0.276795,1.365813,2.883201,4.219115
0.097087,-0.054750,-0.261853,2.420798,2.962958,3.935103
0.093007,0.004508,-0.302513,1.703900,3.111245,4.322824
0.154887,0.002919,-0.287476,1.494583,1.804027,3.186747
0.127105,-0.010158,-0.287335,2.046534,1.566146,3.531465
0.044620,0.043500,-0.290361,2.181840,0.861301,4.245335
0.062106,0.072172,-0.311776,1.267425,0.495821,4.173942
0.078518,0.060188,-0.285355,0.730103,-1.102749,2.849311
0.050552,0.074686,-0.278055,1.580461,-2.276477,2.660530
0.033897,0.075704,-0.316870,0.914930,-1.830016,3.099448
0.010818,0.065128,-0.296791,-0.700525,-2.635664,1.873680
-0.004350,0.095067,-0.280507,0.397900,-1.094353,-0.105582
-0.008375,0.120604,-0.282605,-0.200541,-1.056641,-1.229598
0.021834,0.096176,-0.283836,-1.461663,-0.546005,-1.765055
-0.008388,0.071712,-0.298961,-1.775458,1.308812,-1.242836
-0.037191,0.090609,-0.276795,-0.967899,1.179799,-1.948193
-0.011726,0.089168,-0.258915,-2.372038,0.609252,-3.575186
0.027860,0.085843,-0.252866,-3.248534,1.939523,-4.365817
0.002658,0.113222,-0.261338,-2.090693,2.691500,-4.793431
-0.009737,0.129769,-0.292790,-2.343832,2.717799,-3.342324
-0.023024,0.120841,-0.284551,-3.797227,1.441603,-1.816551
-0.021846,0.116882,-0.277261,-2.276191,0.096952,-0.597138
-0.036055,0.144215,-0.280077,-1.866536,-0.388198,0.500128
-0.052097,0.150031,-0.281203,-2.405502,-0.306453,0.944485
-0.085499,0.107035,-0.311549,-2.208563,0.001795,0.469490
-0.079784,0.107990,-0.290007,-1.333451,-2.505256,0.268772
-0.069237,0.116616,-0.305923,0.223997,-2.893007,0.887568
-0.079557,0.112589,-0.297264,-0.509038,-2.775181,1.339671
-0.117227,0.063382,-0.298987,0.670155,-1.997772,2.301934
-0.132628,0.057861,-0.274159,1.883305,-2.317402,3.312571
-0.101655,0.056794,-0.284869,1.506810,-0.718431,4.740344
-0.107491,0.022351,-0.271090,1.766106,0.010513,4.269078
-0.151755,0.017825,-0.287131,2.138393,1.547967,3.586553
-0.118957,0.012405,-0.274694,2.644677,1.943610,4.383520
-0.080923,0.001961,-0.266041,1.857912,1.296405,6.033996
-0.093308,-0.019671,-0.284971,1.957026,2.381424,6.140686
-0.103037,-0.057393,-0.267236,2.455182,2.542507,7.263333
-0.055001,-0.080616,-0.284459,1.633715,1.510134,8.319682
-0.035953,-0.108205,-0.299073,1.850852,1.842389,7.458370
-0.034398,-0.165496,-0.277540,1.887090,0.573389,6.474470
-0.022591,-0.200822,-0.278413,1.764002,-1.381425,6.460445
-0.026313,-0.254792,-0.291651,1.274653,-2.144854,4.956556
-0.005463,-0.282450,-0.298613,1.962619,-2.079189,3.871970
0.032003,-0.343332,-0.289951,1.981595,-2.249971,2.065491
0.039165,-0.426916,-0.319808,1.647738,0.261098,0.603326
0.055666,-0.472198,-0.306425,1.389016,-0.474457,-1.099366
0.096966,-0.488774,-0.285362,2.266163,0.136651,-3.910443
0.110227,-0.539701,-0.285585,0.954881,0.447435,-5.806829
0.132984,-0.589269,-0.306819,0.826617,2.472660,-6.363254
0.151881,-0.634075,-0.285766,1.757296,1.885150,-6.718564
0.139851,-0.672870,-0.261735,0.691052,-0.196885,-6.820093
0.141942,-0.698555,-0.297445,0.352511,2.680839,-8.357039
0.102388,-0.723981,-0.295298,1.767524,2.866933,-11.869624
0.094471,-0.717531,-0.267732,0.801742,1.387292,-13.290228
0.121370,-0.722510,-0.283494,-0.187594,0.787184,-14.454764
0.102664,-0.732919,-0.297901,-0.153966,0.822811,-16.561007
0.049577,-0.721322,-0.257409,-0.265841,-0.722170,-15.603268
0.052360,-0.663948,-0.245825,-0.709755,-3.295001,-13.483013
0.072249,-0.603357,-0.273909,-1.685404,-0.567918,-11.856880
0.079500,-0.606157,-0.239299,-0.923484,-0.341030,-9.461342
0.129662,-0.569775,-0.234228,-0.995291,-0.024996,-6.564018
0.141078,-0.499987,-0.254983,-1.719531,1.023864,-5.157582
0.141702,-0.464077,-0.242375,-0.668518,2.655052,-6.399756
0.184856,-0.413921,-0.216427,-0.738955,1.402500,-6.560260
0.239811,-0.359988,-0.227722,-0.622829,2.138918,-4.995537
0.277519,-0.324600,-0.242835,-0.194740,3.974756,-3.369571
0.266553,-0.266113,-0.265017,1.058879,3.011495,-1.844876
0.240123,-0.204607,-0.177114,0.622029,-1.816440,0.122664
0.330665,-0.114011,-0.232597,0.868875,2.267872,2.210472
0.379222,-0.037819,-0.250900,0.977162,2.248161,2.991992
0.392556,0.007406,-0.229843,1.982241,1.545214,5.011295
0.387481,0.061642,-0.265283,1.356914,0.898577,7.265940
0.415825,0.162675,-0.265293,1.297233,1.278512,8.283790
0.470248,0.224228,-0.253627,1.816140,0.359049,9.619034
0.502967,0.273605,-0.268891,2.167102,-0.486704,11.078820
0.464720,0.276868,-0.258406,1.323568,-1.463594,12.934583
0.444720,0.281155,-0.296312,2.240966,0.936124,15.596555
0.485777,0.320456,-0.281712,2.974043,1.736297,16.633569
0.521378,0.327562,-0.273676,2.252018,0.994841,16.006190
0.506171,0.306787,-0.294392,1.947841,2.266861,13.515223
0.471702,0.266289,-0.269971,3.231902,2.861596,11.036348
0.452687,0.244336,-0.277999,2.813778,1.368736,9.795081
0.454853,0.240597,-0.314352,2.330167,2.371492,7.771506
0.430652,0.233084,-0.321590,1.757292,4.016623,6.141972
0.391774,0.205140,-0.308884,1.716282,2.476425,5.173849
0.316639,0.193678,-0.290482,0.725386,-2.606175,4.540383
0.273991,0.138195,-0.312298,-0.433023,1.035904,2.523426
0.303300,0.077693,-0.321157,-0.142422,1.026486,0.981328
0.270544,0.082873,-0.309268,-0.566030,0.517548,0.456869
0.178964,0.025535,-0.341183,-1.495305,0.854543,-1.546799
0.177474,-0.060780,-0.330197,-1.272648,0.643367,-3.385794
0.181567,-0.124876,-0.322677,-1.357787,-0.281522,-3.090823
0.141859,-0.173597,-0.322270,-1.892191,0.491075,-4.773090
0.116729,-0.201278,-0.335340,-2.256325,1.444633,-8.080749
0.067637,-0.228779,-0.297717,-2.126239,-0.900991,-10.246233
0.029150,-0.242683,-0.301150,-2.726610,-1.305266,-10.522927
0.019342,-0.264987,-0.338117,-2.444081,1.609805,-9.072211
0.040107,-0.296909,-0.302329,-2.509861,0.436268,-7.887026
-0.030702,-0.282437,-0.303264,-3.080979,-2.352958,-5.979687
-0.112132,-0.282555,-0.353200,-2.223947,1.476381,-6.792093
-0.081684,-0.302614,-0.293496,-2.051547,0.070801,-8.622354
-0.061714,-0.304242,-0.289320,-1.925413,-1.264728,-9.796085
-0.162416,-0.266136,-0.343661,-1.769520,0.888581,-10.541867
-0.209657,-0.285000,-0.326950,-1.306837,-0.018192,-9.713360
-0.145751,-0.251788,-0.312255,-0.480828,-0.902376,-6.325587
-0.202088,-0.193364,-0.316617,0.087588,-0.335295,-2.591531
-0.249594,-0.209031,-0.326691,0.307315,0.500125,0.847887
-0.204221,-0.229809,-0.345092,1.543008,-1.598525,2.658255
-0.291327,-0.194523,-0.254556,1.893645,-5.248675,3.676400
-0.289469,-0.164219,-0.305280,2.277890,-0.792280,2.067761
-0.212450,-0.156788,-0.291070,2.755104,-1.002290,-0.997386
-0.271610,-0.142050,-0.256660,3.123522,-2.448838,0.013962
-0.362825,-0.092042,-0.316043,3.114357,-0.485349,1.902072
-0.332916,-0.123176,-0.299033,3.231084,-1.531232,2.908797
-0.333369,-0.127049,-0.273066,3.460054,-2.947131,4.677618
-0.434993,-0.075173,-0.316867,3.579525,-1.004391,5.373017
-0.436427,-0.076723,-0.295344,2.666012,-1.761193,3.635533
-0.381683,-0.095511,-0.276453,2.756933,-2.268606,2.368322
-0.489839,-0.072502,-0.321547,2.537557,-1.531846,2.188348
-0.514323,-0.091376,-0.304229,1.196662,-0.828419,0.720821
-0.408737,-0.101682,-0.275757,1.120352,-2.476308,0.689391
-0.501692,-0.075554,-0.276768,0.857113,-1.077228,1.431391
-0.588355,-0.097228,-0.298876,-0.710070,-0.789040,0.856086
-0.473322,-0.102897,-0.275449,-0.599607,-1.613414,0.509019
-0.497474,-0.085582,-0.265559,-1.248220,-3.537931,1.100570
-0.567302,-0.118984,-0.302654,-1.866477,-0.698386,-0.897615
-0.489268,-0.125178,-0.312278,-1.530824,-1.295960,-3.005905
-0.495954,-0.114241,-0.243957,-2.142520,-3.157670,-1.976562
-0.569619,-0.119903,-0.280346,-2.272248,-1.749156,-2.659429
-0.513719,-0.132271,-0.273181,-2.124923,-1.930501,-5.503507
-0.472137,-0.150814,-0.271313,-1.788821,-3.262649,-5.308204
-0.541009,-0.130604,-0.286035,-1.877903,-2.232968,-5.095825
-0.502700,-0.110840,-0.300691,-2.189275,-0.496417,-5.749362
-0.435738,-0.124482,-0.252807,-1.331423,-3.018462,-4.766326
-0.519893,-0.124164,-0.257986,-1.160592,-3.669281,-3.136133
-0.528037,-0.100790,-0.259201,-1.400449,-2.396752,-2.598391
-0.413536,-0.092715,-0.251077,-0.249961,-1.664588,-4.738103
-0.459483,-0.083347,-0.228572,-0.268727,-1.877775,-4.664184
-0.504111,-0.055298,-0.242772,-0.361617,-0.591591,-4.542406
-0.387230,-0.000278,-0.223176,-0.472274,-1.615184,-4.927878
-0.347063,0.035468,-0.205835,0.086105,-0.838713,-2.948610
-0.408389,0.034132,-0.236801,0.442111,0.098518,0.054792
-0.328333,0.061927,-0.245336,-0.274678,-0.636856,3.216881
-0.304841,0.068617,-0.216582,0.072069,-1.605940,6.013425
-0.353907,0.102423,-0.219158,0.959890,-0.256596,6.883598
-0.285297,0.127983,-0.231300,0.137330,-1.088753,6.165775
-0.222902,0.122685,-0.203872,0.389737,-1.324652,6.942746
-0.324414,0.113485,-0.201446,0.886842,-1.816781,8.467845
-0.274636,0.134263,-0.213135,1.337544,-1.324586,8.786879
-0.168019,0.129611,-0.174983,0.490255,-3.424828,9.068954
-0.237873,0.098888,-0.167949,1.650686,-1.216187,10.042222
-0.208094,0.116084,-0.166836,1.637329,-0.390759,10.368129
-0.084750,0.086995,-0.158617,1.280459,-1.428078,9.921690
-0.158467,0.018107,-0.151957,1.129799,-0.477904,9.381308
-0.158530,-0.006790,-0.133421,2.821994,1.549261,8.147134
-0.013597,0.000523,-0.159930,2.479984,0.026787,7.494719
-0.031414,-0.073348,-0.153004,1.813948,1.563398,5.692007
-0.151623,-0.192389,-0.122520,3.339986,0.874004,3.439823
-0.015350,-0.228473,-0.124985,2.871274,-0.005335,2.558491
0.040078,-0.257940,-0.152476,2.690145,0.963720,1.418094
-0.070337,-0.304367,-0.107641,2.923366,-0.207973,-1.508661
0.002586,-0.346451,-0.104989,2.696615,0.237736,-2.201097
0.073601,-0.411804,-0.113054,0.958006,-0.429160,-0.966901
-0.019925,-0.449782,-0.122149,1.304664,0.123852,-1.393416
0.031215,-0.490737,-0.102267,1.917709,0.285627,-4.568029
0.105943,-0.526358,-0.103272,0.024717,-1.040314,-5.192038
0.002251,-0.560403,-0.119471,-0.745366,-0.401676,-7.531513
0.010736,-0.547067,-0.104923,0.342323,1.081438,-10.624861
0.132416,-0.569571,-0.109492,-1.160643,-0.470164,-11.302360
0.053792,-0.602176,-0.114163,-2.330997,0.358455,-11.282076
-0.016761,-0.617479,-0.144342,-1.108246,1.869331,-11.997889
0.081344,-0.598801,-0.109866,-1.470519,0.159099,-11.984557
0.048090,-0.602448,-0.119339,-2.394026,0.076825,-10.849447
-0.060529,-0.607923,-0.133024,-2.003386,1.450010,-11.087817
0.043196,-0.578844,-0.114820,-0.681384,0.716611,-11.853152
0.034744,-0.537026,-0.132857,-1.904369,-1.002687,-10.931736
-0.105361,-0.509329,-0.135755,-1.632392,0.399869,-10.238511
-0.039545,-0.468262,-0.139238,-0.071288,0.727050,-8.558203
0.001059,-0.420906,-0.137225,-0.481980,-1.157326,-4.672628
-0.118723,-0.364721,-0.140793,-0.475783,-0.125705,-3.466961
-0.104117,-0.335248,-0.174182,1.039975,1.623697,-3.125706
-0.037815,-0.297001,-0.147637,0.956368,-0.961558,-2.222299
-0.121809,-0.208424,-0.134550,1.236994,-0.458492,-1.479315
-0.142784,-0.138505,-0.186423,1.679706,0.730237,-3.089155
-0.030593,-0.110200,-0.132518,1.692146,-0.213418,-2.108230
-0.089851,-0.052305,-0.136772,2.267712,-0.124960,1.876102
-0.111591,0.033351,-0.171881,2.381744,1.614942,3.677168
0.000120,0.071630,-0.168084,2.268066,-0.077420,5.709922
-0.069772,0.094286,-0.142461,2.283504,-0.498114,8.655617
-0.151161,0.161323,-0.179845,2.235495,0.233016,10.484026
-0.051516,0.226627,-0.213621,1.822012,-0.655885,10.551740
-0.065653,0.236044,-0.165366,1.315969,-1.859138,10.545776
-0.195700,0.246125,-0.178522,2.339075,-2.174830,9.866499
-0.130396,0.275099,-0.215449,1.157647,-2.257698,11.021419
-0.114995,0.259970,-0.198614,0.372829,-2.208882,11.071444
-0.225590,0.253766,-0.173848,1.356507,-2.302382,8.983920
-0.160141,0.275624,-0.194031,1.197860,-1.321179,9.141927
-0.137447,0.237998,-0.207880,0.609342,-1.718003,8.993572
-0.253244,0.240328,-0.196949,0.198295,-0.683119,7.045911
-0.278296,0.238618,-0.196903,1.090688,-0.363935,3.213394
-0.205711,0.219586,-0.200301,-1.099745,-1.838367,3.802206
-0.301582,0.169756,-0.212078,-1.152724,-0.072674,4.523078
-0.371317,0.153015,-0.203465,0.628314,0.612909,2.024970
-0.284142,0.087055,-0.201722,-0.476430,-3.053798,0.188421
-0.351284,0.040720,-0.222431,-1.892631,-1.131027,-1.373505
-0.443524,0.038678,-0.233900,-0.106377,1.038257,-4.478799
-0.507889,-0.012807,-0.063446,-2.659202,-23.485041,-7.376814
-0.403642,-0.049682,-0.202536,-2.117133,-2.401889,-5.568141
-0.494280,-0.050640,-0.199132,-1.238704,-0.881208,-5.247080
-0.484988,-0.060672,-0.182283,-0.919162,-2.701996,-3.525913
-0.497116,-0.109209,-0.171635,-2.178807,-2.831619,-2.152422
-0.556522,-0.141039,-0.200586,-2.053874,-1.587152,-3.528228
-0.510693,-0.157989,-0.165563,-1.037457,-1.621056,-5.634322
-0.488139,-0.183976,-0.142786,-1.807698,-3.075091,-5.876217
-0.573223,-0.172015,-0.189748,-2.023738,-0.019098,-7.055274
-0.584012,-0.164226,-0.176057,-0.623575,-1.357043,-8.907092
-0.490364,-0.190584,-0.117875,-1.171082,-2.475038,-6.666304
-0.561984,-0.211897,-0.144325,-1.526406,-0.565240,-3.597982
-0.618951,-0.199433,-0.139691,0.389320,-1.148510,-2.316440
-0.582361,-0.224318,-0.089115,0.321863,-3.898960,-1.846141
-0.609205,-0.243605,-0.108120,-0.736769,-2.259349,-2.035492
-0.615228,-0.181968,-0.110021,0.641947,-0.025988,-4.730208
-0.590502,-0.181515,-0.065012,1.384096,-3.214007,-4.695726
-0.626336,-0.226865,-0.080787,0.087047,-3.296583,-1.248642
-0.654378,-0.191201,-0.078883,0.963002,-1.730227,1.130531
-0.592957,-0.146281,-0.031449,1.927930,-4.276079,3.381819
-0.578692,-0.177543,-0.017640,0.966622,-3.303752,6.143582
-0.679512,-0.213308,-0.054639,1.549344,-1.992365,7.064791
-0.658694,-0.197736,-0.003830,3.089355,-2.784569,6.232089
-0.581173,-0.214086,0.001668,2.206954,-3.123658,5.849804
-0.654559,-0.241649,-0.004510,1.968278,-0.516433,3.590805
-0.670301,-0.231765,-0.002150,3.074417,-1.612380,1.247202
-0.624019,-0.248211,0.035152,3.439881,-2.756264,0.313172
-0.646175,-0.261741,0.025229,2.216992,-2.963471,0.073028
-0.645168,-0.261744,0.005866,2.573868,-1.447320,-0.041942
-0.593292,-0.280375,0.037266,2.128389,-2.376735,0.918395
-0.605716,-0.322699,0.061526,1.892598,-2.010707,1.507190
-0.640740,-0.295432,0.057239,1.300230,-2.304683,-0.677675
-0.587196,-0.292848,0.053714,0.855765,-2.276129,-2.875934
-0.598419,-0.363280,0.083971,0.986557,-2.619403,-3.122093
-0.625365,-0.351286,0.085130,0.187195,-3.268416,-3.435334
-0.563025,-0.309694,0.077735,0.150704,-2.109502,-5.191776
-0.545503,-0.363080,0.075427,-0.700790,-2.132939,-5.030286
-0.572547,-0.392054,0.093527,-0.273712,-2.069457,-4.936074
-0.561078,-0.347048,0.109325,-1.054463,-4.474401,-5.215153
-0.508726,-0.359114,0.062668,-1.541170,-1.035413,-5.745355
-0.515511,-0.368400,0.110887,-1.568158,-2.276762,-6.400034
-0.496680,-0.314109,0.089269,-1.796655,-1.737093,-6.939093
-0.484719,-0.271608,0.065042,-2.220891,-1.492059,-8.016338
-0.488963,-0.268447,0.128196,-2.038072,-1.551869,-7.592191
-0.432974,-0.210998,0.077183,-1.952046,-1.128299,-6.266443
-0.379533,-0.173423,0.070047,-2.191526,-0.641960,-4.878305
-0.370336,-0.154014,0.107352,-2.057543,-0.576344,-4.002308
-0.370588,-0.117290,0.081848,-1.141845,-0.705643,-2.099816
-0.335571,-0.078912,0.082665,-1.236780,-1.248210,-0.909432
-0.288600,-0.062369,0.063223,-0.649240,-0.820390,1.060012
-0.291514,-0.017872,0.099530,0.630862,-1.940765,2.408063
-0.246010,0.024019,0.090379,0.851051,-1.419882,3.920480
-0.225957,0.012277,0.048219,1.387077,-0.845567,4.854899
-0.217275,0.028233,0.083912,2.412504,-1.151713,5.892774
-0.179032,0.048167,0.100384,2.998764,-2.811803,5.704707
-0.117424,0.092769,0.063433,2.801466,-0.892256,4.878790
-0.113327,0.084261,0.074393,2.910873,-0.338105,5.625220
-0.130064,0.123687,0.089335,3.354357,-1.285968,6.924835
-0.118645,0.158185,0.081454,2.406710,-1.728533,7.815013
-0.106657,0.153563,0.050766,2.494417,0.238055,8.731818
-0.132533,0.122150,0.079373,2.783419,-0.669395,10.264369
-0.132004,0.137473,0.086492,2.858587,-0.690964,10.436786
-0.133993,0.119449,0.049204,1.138110,-0.215434,8.679778
-0.143460,0.074309,0.061526,1.116321,0.427346,6.390014
-0.108403,0.031601,0.077157,1.508373,0.396459,6.202693
-0.091991,0.018553,0.068229,1.348396,-0.353644,6.291641
-0.100585,0.008194,0.038438,-0.322762,0.592722,4.919765
-0.122052,-0.045586,0.071252,-0.014098,0.192048,4.401692
-0.081917,-0.080166,0.103968,-0.067749,-4.017213,3.884952
-0.062830,-0.097481,0.060502,-0.663150,-0.697808,2.937299
-0.105318,-0.150368,0.061546,-0.984829,-0.168544,-0.629790
-0.100962,-0.186484,0.082209,-0.731652,-0.280702,-2.129290
-0.079095,-0.198600,0.037154,-1.147701,-0.511907,-1.909560
-0.048279,-0.212603,0.042695,-1.189903,0.743843,-3.040340
-0.056196,-0.266418,0.071728,-0.557613,-0.602420,-4.673067
-0.060680,-0.332120,0.055129,0.013331,-0.431169,-5.359615
-0.057066,-0.374365,0.050504,-0.645353,-0.210162,-6.453507
-0.002647,-0.400713,0.036553,-0.124903,0.541625,-10.172172
0.024840,-0.408151,0.060820,0.802619,0.677954,-13.139473
-0.015704,-0.420388,0.070664,0.478209,-0.245074,-13.408752
-0.036200,-0.436298,0.027527,0.493610,0.938895,-11.569641
-0.032944,-0.424110,0.019291,0.440153,1.740834,-11.067113
-0.007370,-0.423778,0.056983,0.744169,0.035102,-9.604936
-0.002144,-0.411581,0.049877,0.406616,0.261318,-7.219158
-0.071007,-0.394959,0.022058,0.071115,-0.069063,-6.965286
-0.106634,-0.365778,0.070658,0.986918,-0.421367,-7.856725
-0.090774,-0.352490,0.068331,0.523349,-0.729267,-7.820132
-0.078304,-0.321281,0.042311,-0.497998,-0.621255,-7.326112
-0.130790,-0.302676,0.048561,0.298505,-0.705863,-6.530581
-0.225885,-0.292340,0.089437,0.136859,-2.632473,-4.143951
-0.248997,-0.257001,0.033392,-0.473570,-0.989019,-2.117685
-0.212696,-0.200953,0.048902,0.117656,-0.286951,-1.140063
-0.259704,-0.169501,0.093477,-0.104693,-2.022852,-0.188055
-0.319520,-0.119815,0.076904,-0.188487,-1.825939,0.943840
-0.400967,-0.099142,0.048698,-0.446280,0.168109,1.534756
-0.448300,-0.064036,0.085941,-0.016546,-1.493710,2.715875
-0.412013,0.020818,0.113165,-0.194688,-1.570739,4.038406
-0.467745,0.061901,0.087185,-0.815367,-1.500938,4.613130
-0.542604,0.030643,0.088436,0.736593,-0.721756,5.424900
-0.569950,0.062643,0.060906,1.116643,-1.652042,7.367732
-0.562043,0.128840,0.105101,0.085629,-2.082908,7.718198
-0.536650,0.174400,0.091580,0.285241,-0.260892,7.639137
-0.601482,0.154532,0.105084,1.335250,-1.813646,7.288129
-0.673882,0.113688,0.122875,2.060088,-2.882786,7.986759
-0.642397,0.138973,0.104204,1.364106,-2.604455,8.037624
-0.616696,0.150639,0.102698,2.057921,-2.541494,5.677337
-0.616607,0.128453,0.147267,2.467734,-2.890831,5.443496
-0.616601,0.142104,0.116215,1.620852,-3.210130,6.241572
-0.651614,0.113833,0.107306,2.087329,-2.374723,2.589720
-0.646330,0.105958,0.155427,2.246015,-2.730366,0.714538
-0.589790,0.124277,0.130359,0.718487,-2.760518,0.822210
-0.572317,0.108637,0.142819,0.774029,-1.625710,0.273461
-0.593371,0.069270,0.166174,1.131325,-2.809692,0.038380
-0.571250,0.049956,0.158384,0.101303,-2.577690,-1.674442
-0.570049,0.005811,0.159464,-0.562629,-1.897674,-3.968867
-0.537553,0.002939,0.170113,-0.195278,-1.625274,-5.171076
-0.504525,0.018163,0.163774,-1.176891,-2.114144,-5.738928
-0.497517,-0.006528,0.179238,-2.655978,-2.600699,-4.828537
-0.506146,-0.037202,0.177124,-1.935610,-1.366762,-2.609348
-0.496726,-0.023603,0.177088,-2.807006,-2.537033,0.864808
-0.457284,-0.063613,0.168996,-2.977873,-0.760128,2.397265
-0.459926,-0.129606,0.192292,-1.989265,-1.764879,1.678796
-0.428760,-0.159417,0.202221,-1.718828,-3.179042,1.765752
-0.421174,-0.169964,0.168514,-2.003905,-2.254448,-0.157459
-0.463557,-0.192859,0.177961,-1.701796,-2.708728,-4.780956
-0.458256,-0.186399,0.165182,-0.143603,-2.463809,-6.310188
-0.443669,-0.170010,0.152545,-0.573280,-2.076284,-5.372218
-0.455449,-0.203914,0.167388,0.112910,-2.323356,-3.949678
-0.472373,-0.214254,0.171823,0.724146,-2.038254,-2.416546
-0.464391,-0.234395,0.183767,1.720986,-1.879695,-1.503387
-0.448806,-0.252379,0.157816,1.080875,-0.976519,-1.350661
-0.444857,-0.217582,0.189275,1.119095,-0.838969,-2.377740
-0.439040,-0.192908,0.210427,2.585065,0.169524,-3.684844
-0.404404,-0.197231,0.176878,1.714507,-0.365799,-1.777060
-0.360012,-0.202299,0.180373,1.526981,-0.254767,0.498630
-0.348235,-0.165972,0.198831,1.852097,0.017977,2.844471
-0.325350,-0.147088,0.150385,1.711247,0.160415,4.995013
-0.258660,-0.169307,0.153523,1.430842,1.532294,6.848145
-0.268225,-0.200126,0.173717,1.398687,-0.905547,7.127895
-0.277541,-0.205631,0.195492,2.311878,-1.326079,5.644987
-0.215710,-0.214047,0.193667,1.746464,-2.154938,2.787503
-0.180358,-0.258409,0.218200,1.587706,-1.705894,0.124842
-0.193271,-0.226973,0.248494,2.766781,-2.006230,-1.766651
-0.160653,-0.206218,0.236992,2.301292,-2.368375,-2.132071
-0.126926,-0.253587,0.214869,1.002342,-1.404635,-2.482375
-0.131495,-0.290081,0.259103,1.979695,0.890180,-2.969650
-0.133445,-0.279857,0.273348,1.954250,-1.850912,-2.028719
-0.067540,-0.272186,0.264811,0.674092,-0.631597,-3.589288
-0.074191,-0.289546,0.287978,0.176777,0.286868,-6.274199
-0.112674,-0.265585,0.291185,0.549189,0.619212,-7.686860
-0.082065,-0.240559,0.299303,0.273618,-0.028581,-7.237654
-0.038199,-0.258314,0.324243,-1.794977,0.533507,-5.583911
-0.057716,-0.269924,0.326665,-0.634616,1.179297,-4.836477
-0.070652,-0.233000,0.328598,0.329000,0.767627,-1.831077
-0.039177,-0.249215,0.338285,-1.640922,0.252882,-0.537716
-0.059735,-0.267183,0.337921,-0.988059,-0.033314,-2.362424
-0.080339,-0.232094,0.373016,-0.347077,-1.448770,-4.420517
-0.035025,-0.221856,0.361203,-0.573782,-0.750084,-4.570078
-0.034604,-0.232983,0.370532,-1.073701,-0.671276,-4.713596
-0.084855,-0.165825,0.383937,-0.249100,-1.173091,-5.127234
-0.048936,-0.129225,0.400707,0.245284,-0.710914,-4.995224
0.011481,-0.133302,0.379726,-1.019803,-0.649421,-2.878594
0.019592,-0.083117,0.379437,-0.937020,0.983786,-2.017542
-0.004308,-0.046560,0.404351,0.683854,0.221104,-2.402763
0.009912,-0.037567,0.421505,-0.129882,0.514266,-1.246229
0.025779,0.004629,0.391329,-0.858665,0.608498,0.077855
0.019323,0.087166,0.384249,0.536043,1.581875,0.769782
0.042674,0.117627,0.403514,0.548624,1.196780,3.636907
0.032905,0.099035,0.401508,-0.283536,0.649367,7.416413
0.025254,0.146884,0.391221,-0.140087,1.396624,9.560248
0.060425,0.191272,0.408752,1.314470,-0.304854,10.388940
0.076552,0.188662,0.419138,0.530417,-0.431615,10.176855
0.032341,0.166217,0.405936,0.949236,0.561959,9.656870
0.031934,0.178175,0.393922,1.196410,-0.314960,9.474888
0.089166,0.164986,0.402181,2.414089,-0.031092,8.687317
0.066787,0.167888,0.419945,1.794231,-0.848124,8.113553
0.032249,0.163850,0.379749,2.511450,-0.557336,7.785601
0.041092,0.133846,0.389071,2.303642,-0.412472,7.096811
0.001995,0.102699,0.400510,2.608036,-2.298351,5.534751
0.014337,0.109520,0.383993,2.799576,-0.246870,4.055378
0.045080,0.036781,0.358918,2.699258,1.121664,2.823231
0.038801,-0.022809,0.383448,2.191448,0.692525,3.581265
0.022441,-0.033234,0.380152,2.207795,-0.661363,2.185677
0.032636,-0.076230,0.340550,1.731983,1.281033,0.379344
0.046400,-0.154467,0.339732,1.534419,1.531332,-0.436715
0.052955,-0.156066,0.346567,0.665394,1.517809,-1.057719
0.056654,-0.162391,0.307368,0.224809,1.201428,-2.187640
0.040642,-0.234001,0.333801,-0.102920,0.400142,-3.277366
0.026856,-0.287117,0.314632,-0.297083,-1.166595,-3.234947
0.031405,-0.288854,0.278817,-1.344817,0.069892,-2.780598
0.046780,-0.331896,0.273959,-0.708960,-0.515511,-4.069342
0.034366,-0.384481,0.305726,-1.206377,-1.707046,-6.166594
0.056313,-0.389756,0.238374,-1.474152,-0.671256,-6.934228
0.050040,-0.408440,0.241594,-0.905263,0.085806,-8.619623
0.057737,-0.404675,0.265595,-1.546096,-0.243433,-10.955488
0.075554,-0.400588,0.244315,-1.712309,0.013182,-11.686691
0.097783,-0.419498,0.216487,-1.545066,1.399736,-10.803734
0.069258,-0.425262,0.216329,-1.482955,0.663925,-9.488704
0.056844,-0.402082,0.230293,-0.652003,0.596530,-8.645367
0.055374,-0.381333,0.203085,-1.492816,0.690526,-8.206242
0.049387,-0.362039,0.181151,-0.566305,2.268381,-7.247666
0.003643,-0.302423,0.205566,-0.511213,-0.372620,-5.517523
-0.037870,-0.255596,0.172958,0.163995,-0.830759,-4.094170
-0.065939,-0.238301,0.155095,-0.136693,-1.102105,-2.875282
-0.094640,-0.222729,0.166673,0.761523,-0.813865,-1.237087
-0.101307,-0.182926,0.164240,2.225270,-1.092842,0.875107
-0.135891,-0.155071,0.112680,2.071308,-1.690552,1.757777
-0.156311,-0.136591,0.115201,1.645625,-1.072038,1.664066
-0.195299,-0.113621,0.158273,2.659268,-2.876076,1.230314
-0.200453,-0.040389,0.126164,2.769065,-1.550221,2.143947
-0.224707,0.001363,0.133044,1.609981,-0.877574,1.995563
-0.267674,0.030075,0.125596,2.544034,-0.929810,3.296334
-0.289683,0.042535,0.145110,2.468331,-0.717594,6.415340
-0.280137,0.087757,0.124552,1.472486,-0.133639,7.120903
-0.290848,0.102626,0.138299,2.285234,0.234310,6.503226
-0.321903,0.083985,0.162504,1.836072,-1.253419,6.444638
-0.315227,0.088138,0.139130,1.261747,-0.656364,6.433970
-0.304339,0.132021,0.121788,0.981052,0.958110,5.551821
-0.322865,0.127609,0.170076,1.130475,-1.233764,4.725040
-0.350707,0.098169,0.180721,0.420596,-2.149318,5.541458
-0.345300,0.088620,0.153707,-0.264462,-1.094320,5.860777
-0.339277,0.087527,0.190707,0.808731,-2.726184,6.099306
-0.323390,0.050862,0.216388,0.097269,-2.685816,5.293080
-0.299369,0.009011,0.190385,-0.428732,-2.059718,3.489702
-0.290034,0.011480,0.185268,-0.450373,-0.870605,2.418967
-0.280498,0.027675,0.247204,-0.444724,-1.238579,0.155745
-0.243512,0.029651,0.233546,-1.212302,-1.389959,-1.796925
-0.242885,0.024511,0.258696,-2.270225,-0.526077,-2.567304
-0.255316,0.008027,0.290191,-1.027589,-0.735316,-2.076930
-0.249650,-0.003698,0.287814,-1.893897,-0.838956,-1.283440
-0.233448,-0.017964,0.295150,-1.829486,-0.353542,-3.356851
-0.218772,-0.026524,0.323048,-1.555090,-1.180356,-3.322792
-0.244241,-0.037796,0.325355,-1.847591,-0.947778,-2.410954
-0.256593,-0.039602,0.321705,-1.621103,-0.616735,-4.275691
-0.231630,-0.055459,0.362752,-0.726787,-0.846597,-4.057382
-0.184779,-0.051780,0.347666,-0.955294,-1.278730,-2.554694
-0.167852,-0.027112,0.355606,-0.933656,-0.605965,-2.040339
-0.208945,-0.050010,0.400320,0.083450,-0.613623,-1.304473
-0.204385,-0.044269,0.368759,0.060460,-0.403251,0.055803
-0.148397,-0.046987,0.356394,0.442214,-0.491986,-0.142399
-0.113514,-0.048372,0.436315,0.740933,-0.670593,0.420576
-0.142351,-0.032968,0.407068,0.820318,0.054294,0.164545
-0.141901,-0.031780,0.389028,1.387340,0.585202,-0.754703
-0.088896,-0.065776,0.464918,1.469713,-0.375285,-0.548459
-0.041616,-0.030316,0.425013,1.027539,0.283474,-0.266852
-0.033869,0.003559,0.423507,1.763034,1.390050,-1.021728
0.027000,-0.028615,0.442013,2.055723,0.313935,0.026186
0.044401,-0.063002,0.412287,0.703556,0.532289,2.008590
0.025005,-0.038499,0.426609,2.200088,1.154636,2.784134
0.126058,-0.020672,0.433636,2.540158,0.751441,4.222547
0.138475,-0.077754,0.398232,0.329351,-0.029585,5.055982
0.083780,-0.092859,0.383835,2.095188,1.161027,5.079135
0.114615,-0.073857,0.400622,2.695306,-0.482178,5.043912
0.237398,-0.126698,0.383835,0.687094,-0.480714,5.593388
0.190177,-0.161580,0.366412,1.487300,0.633592,3.821005
0.200838,-0.133588,0.369402,2.675684,0.937214,3.275717
0.272369,-0.198560,0.381974,0.843607,0.108931,3.004767
0.293101,-0.271828,0.373729,0.903302,1.741504,1.212727
0.292937,-0.230817,0.330069,2.911005,2.380460,-0.342595
0.377456,-0.263957,0.343425,1.250265,1.872591,-1.018726
0.356777,-0.343986,0.335817,0.553817,2.045205,-2.287871
0.301790,-0.293347,0.326370,1.539442,2.701512,-4.576760
0.391170,-0.293551,0.282395,1.730197,3.818417,-5.673589
0.431262,-0.415582,0.339903,0.420912,0.966231,-4.865453
0.373731,-0.387018,0.272797,0.730370,2.192655,-4.785915
0.368305,-0.343122,0.256877,1.762230,2.091001,-6.979829
0.440266,-0.434758,0.282447,0.394311,0.251835,-6.918822
0.385564,-0.426752,0.236776,-1.393696,0.918646,-7.359316
0.395132,-0.325919,0.213529,1.148454,2.000488,-9.147502
0.462258,-0.358570,0.224082,-0.661092,0.446132,-8.682171
0.386654,-0.374942,0.190618,-2.915401,1.429843,-7.609593
0.303674,-0.262699,0.194967,-1.065492,1.630708,-8.030845
0.424339,-0.218121,0.224880,-1.120502,1.014040,-6.264368
0.390862,-0.252143,0.164408,-3.701995,0.908733,-4.207297
0.271345,-0.167912,0.171156,-1.593199,2.243142,-4.782148
0.325230,-0.091484,0.192929,-1.126230,2.422153,-2.377794
0.371896,-0.100232,0.159553,-3.746036,2.420305,-0.818598
0.292815,-0.026183,0.163039,-1.361374,3.334648,-2.749758
0.293334,0.052034,0.190063,-0.511190,-0.019052,-1.155366
0.369021,0.006421,0.148153,-1.711515,2.282499,2.450195
0.258639,0.045079,0.143686,-0.144994,0.278540,2.588865
0.250498,0.162501,0.127996,2.217731,1.960757,2.734643
0.337493,0.137351,0.142694,0.687530,-0.022124,5.336083
0.264426,0.100539,0.122195,1.695846,0.588567,7.022048
0.150627,0.221487,0.111311,3.557165,-0.605522,8.471022
0.219936,0.221388,0.102333,3.106792,-1.310330,8.832239
0.216581,0.162551,0.132381,2.207755,-1.097054,10.094341
0.161039,0.265209,0.092509,4.412874,0.390343,9.913088
0.225187,0.312118,0.092831,4.284248,0.610654,10.014963
0.212442,0.181782,0.122770,2.570993,0.328148,10.642586
0.084903,0.199498,0.155424,2.970213,-3.343279,11.121124
0.190797,0.273185,0.121178,4.108093,1.564757,10.728155
0.266635,0.186004,0.135982,1.354850,1.333775,10.048689
0.160678,0.133176,0.142425,1.800362,2.675436,9.980547
0.100353,0.162849,0.096947,2.003985,3.257786,8.148472
0.208270,0.079127,0.148458,1.282239,1.619180,7.403486
0.163875,0.025610,0.179655,-0.258074,-1.641417,6.124497
0.102766,0.057552,0.138250,0.550951,1.096649,3.464020
0.176601,-0.014507,0.141536,0.377182,0.581979,3.876168
0.155915,-0.129160,0.164788,-1.582755,-0.288622,5.311541
0.079362,-0.099237,0.114121,-1.060726,1.320918,2.385444
0.170469,-0.143642,0.164463,-0.153913,-0.398288,-0.686289
0.211119,-0.274267,0.194662,-2.517787,-2.227854,-1.228762
0.067844,-0.268870,0.137291,-1.287234,0.381583,-3.969428
0.104138,-0.260861,0.171718,-0.301265,0.232645,-6.970792
0.208657,-0.395093,0.220337,-1.752227,-0.228038,-6.341085
0.136411,-0.390527,0.184801,-2.096026,1.441794,-6.752248
0.114533,-0.339892,0.171068,0.665509,2.435431,-9.289742
0.174474,-0.450271,0.240429,-1.130950,-0.858417,-8.947000
0.089094,-0.504828,0.207664,-1.766991,1.980757,-8.616207
0.114274,-0.413403,0.209541,1.814795,4.139305,-9.164352
0.238376,-0.436321,0.240058,0.840174,1.411034,-9.258798
0.134316,-0.511095,0.225100,-0.856433,1.031539,-9.779184
0.032377,-0.467999,0.216257,2.619048,3.207765,-11.892786
0.210807,-0.446966,0.230749,2.139307,1.051243,-10.281873
0.232061,-0.468013,0.230434,-0.019776,0.020104,-9.566215
0.093013,-0.371489,0.206226,1.718012,2.201153,-11.033318
0.157133,-0.355471,0.233693,2.232075,-0.118831,-7.781703
0.196496,-0.396186,0.239700,-0.811618,-1.270357,-3.303700
0.125782,-0.289280,0.225730,1.161360,1.530147,-2.864643
0.198977,-0.226382,0.251422,2.748846,0.533635,-1.520717
0.248112,-0.285043,0.267063,-0.863313,-2.008281,2.673838
0.081062,-0.223806,0.233057,0.414638,1.124238,2.908499
0.122283,-0.105766,0.257100,2.703502,1.066053,2.454754
0.262929,-0.171205,0.261190,0.123069,-0.686007,3.785708
0.130407,-0.176348,0.224713,-0.161042,1.341279,3.324470
0.069967,-0.056080,0.254287,3.321221,2.454679,3.203631
0.202302,-0.077222,0.257402,1.131270,0.471262,5.039650
0.135534,-0.105008,0.240334,-0.282089,1.848826,5.311523
0.068730,-0.008740,0.247821,3.162104,2.271230,3.314406
0.183320,0.012960,0.278991,1.423926,0.300887,5.005055
0.128523,-0.032791,0.266649,-0.198068,0.764496,4.264060
0.025169,0.050738,0.248615,2.560857,1.771111,1.591459
0.167321,0.094197,0.266055,1.079132,-0.026798,4.611876
0.197388,0.043221,0.260212,-0.185647,1.076262,6.270615
0.042241,0.112897,0.244443,1.301770,0.257313,4.851994
0.107758,0.149723,0.253181,0.693649,-0.889315,4.441138
0.189310,0.066999,0.229587,-1.623388,-0.659436,5.333902
0.075764,0.124323,0.238164,0.159816,0.307764,2.261566
0.161236,0.195139,0.255502,0.695415,0.785703,-0.193944
0.245624,0.120063,0.272915,-1.558399,0.517948,0.524315
0.095945,0.139531,0.256447,-1.160709,1.204831,0.945646
0.121072,0.243627,0.255764,-0.295583,1.924503,0.205215
0.286251,0.216067,0.225513,-2.330786,1.661238,0.575097
0.180628,0.178736,0.278413,-2.366739,0.961091,1.049517
0.148730,0.261539,0.211038,-0.858938,1.838641,0.427135
0.242653,0.226699,0.206498,-1.167329,1.366081,-1.107863
0.176423,0.185915,0.231947,-2.718912,0.423559,-1.010378
0.203257,0.252010,0.192948,-1.075490,1.959618,-1.652735
0.354824,0.255260,0.218551,-1.124878,1.240433,-0.848433
0.275570,0.187842,0.216031,-1.874724,-0.149480,0.493174
0.176768,0.214265,0.179271,-0.501398,0.894332,0.110417
0.326821,0.211797,0.174019,-0.298242,1.170198,0.466889
0.381720,0.160568,0.204371,-0.921984,-0.420760,2.146620
0.291873,0.208547,0.167989,-0.134432,0.715784,1.115026
0.306418,0.186306,0.136336,1.001118,0.501553,0.889628
0.319032,0.095710,0.146768,0.550370,0.030007,3.212634
0.291145,0.154922,0.109620,0.552592,0.871043,3.512907
0.397499,0.190481,0.097170,1.451564,1.859599,2.048721
0.424346,0.081743,0.135345,0.856927,0.768970,4.107692
0.286983,0.068801,0.080561,0.654519,1.779567,7.145987
0.307275,0.100417,0.045846,1.889122,2.636129,6.087850
0.450222,0.028968,0.109154,0.991340,0.904633,5.684511
0.444878,-0.022819,0.074292,1.143520,2.988643,6.499768
0.354847,-0.035978,0.026952,2.208950,3.020230,4.716315
0.369247,-0.118604,0.070267,1.854522,1.033944,4.589887
0.383749,-0.168277,0.048245,1.921809,2.260536,4.254380
0.423457,-0.163356,0.011718,2.208707,3.101867,0.981182
0.517383,-0.196706,0.016107,1.646009,2.247081,-0.197835
0.440840,-0.281390,0.067871,0.776419,-3.607719,-0.179611
0.397387,-0.277506,-0.020177,1.057835,2.033998,-0.302153
0.488327,-0.300602,-0.020607,0.893237,2.147400,-1.597342
0.563705,-0.360332,0.023539,0.717913,1.579046,-1.525513
0.505468,-0.329691,-0.023965,0.344394,1.664386,-0.928055
0.457384,-0.352796,-0.029512,0.538527,1.735231,-2.967484
0.475204,-0.439498,-0.003394,0.173067,1.230966,-2.596420
0.492906,-0.468397,-0.045153,0.287746,1.918230,-2.386500
0.534813,-0.435950,-0.059317,0.942773,1.596430,-6.213774
0.539310,-0.507415,-0.038165,0.662856,2.267225,-10.045736
0.518352,-0.564526,-0.056451,1.018781,3.499689,-10.671867
0.532397,-0.527175,-0.086302,0.989465,3.582114,-10.215080
0.587270,-0.528055,-0.043430,0.884838,3.478465,-11.361881
0.600193,-0.521109,-0.041595,0.739347,3.513403,-8.744391
0.528278,-0.498894,-0.092709,0.617683,3.838328,-10.018147
0.529624,-0.465941,-0.058808,0.804451,2.597383,-9.866348
0.519330,-0.483581,-0.030435,0.461984,1.007291,-9.970611
0.488137,-0.451804,-0.079061,0.254557,2.325095,-9.116531
0.471810,-0.405948,-0.077725,0.254215,1.665883,-9.195455
0.494081,-0.385732,-0.060213,0.909876,2.608520,-8.686126
0.451039,-0.334444,-0.073211,-0.642432,-0.906059,-6.949152
0.480262,-0.301229,-0.080731,0.187687,1.718602,-5.291418
0.489397,-0.264643,-0.033514,0.174160,-0.912427,-0.894805
0.417377,-0.214470,-0.056858,-0.914529,1.847677,1.008495
0.404638,-0.122972,-0.046906,-0.233414,2.558447,1.236870
0.453517,-0.085937,-0.032857,-0.107729,1.911659,3.830709
0.407524,-0.091993,-0.052657,-1.126276,3.003187,6.840226
0.381231,-0.042274,-0.022471,0.222307,4.380354,7.699075
0.376501,0.017056,-0.026460,0.610347,1.110829,7.258814
0.372851,0.059968,-0.043335,-0.321081,2.347340,5.741791
0.374089,0.095730,-0.059491,1.117772,3.121834,4.460198
0.395539,0.150629,-0.036789,1.183835,1.651850,4.823213
0.357148,0.159468,-0.043912,0.559971,1.480668,6.632345
0.306191,0.169867,-0.040718,1.184271,1.393762,8.666740
0.337401,0.231203,-0.007448,1.597602,0.471778,11.078965
0.346060,0.281815,0.003204,1.069041,-2.333887,12.871945
0.289632,0.267749,-0.033550,0.614919,1.615146,12.077735
0.270735,0.249689,-0.014830,2.043154,0.500246,13.651513
0.277562,0.261959,-0.030563,1.327760,-0.488602,14.444537
0.264967,0.267467,0.000919,1.225134,0.682530,12.461330
0.255271,0.261510,0.004793,1.689218,0.682789,10.447215
0.237920,0.221552,-0.006453,1.504023,1.200928,10.664112
0.172232,0.177174,0.004477,1.415722,0.975993,9.369495
0.167361,0.151403,0.004894,2.520653,1.792923,6.521293
0.179033,0.131722,-0.021874,1.642916,1.919346,3.728467
0.126173,0.054096,0.035391,1.149861,0.956981,1.637710
0.063839,0.013567,0.034407,2.217852,1.599489,2.625182
0.075387,-0.009886,0.021569,1.440052,1.266876,-0.549484
0.075781,-0.086311,0.043584,0.985940,0.821823,-2.958459
0.057379,-0.145775,0.036251,0.986370,1.045000,-4.242919
0.033624,-0.163153,0.014384,0.366307,0.284344,-6.042323
0.027650,-0.221242,0.016311,-0.071780,0.693188,-7.575343
0.021808,-0.296233,0.053763,-0.099726,0.010907,-6.460239
0.064072,-0.321832,0.025731,-0.794740,0.561474,-4.467847
0.084108,-0.359791,0.036517,-1.255873,0.196050,-5.337006
0.063087,-0.392037,0.047924,-0.834996,0.524700,-5.515118
0.082608,-0.413590,0.034594,-1.837075,1.176773,-6.280841
0.136342,-0.445991,0.030970,-1.832141,0.994581,-6.765863
0.163724,-0.481914,0.061060,-1.090396,0.940907,-7.814096
0.169130,-0.467589,0.021073,-1.569041,1.614690,-8.613065
0.190367,-0.484970,0.020266,-1.627403,1.261490,-9.309864
0.218921,-0.497138,0.036481,-0.815472,1.693744,-8.261291
0.246733,-0.475296,0.019344,-0.620367,1.703834,-6.359314
0.270649,-0.484763,0.005085,-0.826005,1.897613,-5.258465
0.281242,-0.501924,0.028515,0.080624,1.016351,-4.290060
0.276656,-0.476737,0.042790,0.861700,0.070884,-3.747611
0.274536,-0.434112,0.007461,0.877009,2.155084,-4.179617
0.279577,-0.423490,0.020696,1.385675,0.422823,-4.790807
0.295727,-0.413711,0.051436,2.058198,0.799372,-2.297742
0.322975,-0.380280,0.002905,1.954988,1.299878,-0.187671
0.322331,-0.346523,0.021300,3.063041,1.131242,0.157894
0.293659,-0.329011,0.005249,3.114742,2.143947,1.577666
0.284291,-0.311792,-0.019793,2.551131,2.366378,2.670947
0.361330,-0.270466,-0.012204,3.534320,3.458928,2.574678
0.341261,-0.236611,-0.024369,3.247865,1.319645,1.985099
0.279200,-0.227364,-0.025042,2.389120,0.853151,0.971736
0.278347,-0.223438,-0.041181,2.926593,3.180820,0.478024
0.314906,-0.164180,-0.044762,3.141271,1.959093,-0.322632
0.336360,-0.144738,-0.032197,2.239946,1.694010,-1.489683
0.336889,-0.157031,-0.069633,1.563045,2.038597,-0.605239
0.323162,-0.139887,-0.066889,2.075282,1.907490,0.476127
0.335087,-0.081194,-0.093178,0.731127,1.239290,0.666600
0.379633,-0.056608,-0.103672,0.481695,1.762212,-1.683734
0.391715,-0.064578,-0.090950,0.238860,1.267710,-1.813308
0.344783,-0.025074,-0.161834,-1.318312,1.615796,-1.119031
0.348679,0.008745,-0.135597,-1.330031,0.859210,-1.118949
0.421615,0.009415,-0.118276,-1.673016,0.565380,-1.394574
0.482757,0.036465,-0.162182,-2.531485,2.524644,0.296510
0.469893,0.046487,-0.196848,-2.020025,4.842341,0.214704
0.467517,0.040933,-0.135013,-2.027631,2.399146,-0.518839
0.534692,0.058409,-0.160462,-1.945186,2.778281,-0.798967
0.610135,0.081304,-0.202989,-2.327016,4.412285,-1.177733
0.622024,0.108042,-0.163767,-1.898234,2.786290,-2.036537
0.603872,0.128613,-0.166459,-1.220542,2.966391,-1.863087
0.577534,0.144917,-0.216073,-1.739462,2.678968,-1.125078
0.608133,0.140667,-0.180117,-1.020195,2.732934,0.486348
0.669200,0.184602,-0.166357,-1.025338,-0.010288,3.969564
0.667998,0.212555,-0.184430,-0.885769,1.752608,4.945121
0.629367,0.202074,-0.193910,0.147221,2.049793,4.050157
0.625894,0.178592,-0.179027,0.862809,1.453384,4.483580
0.646131,0.187884,-0.167686,1.034628,1.258112,5.245625
0.678699,0.226062,-0.206419,0.811202,3.633080,3.192551
0.650207,0.214590,-0.170214,1.701606,2.221448,3.007809
0.627890,0.197203,-0.171504,1.465720,2.568067,5.309711
0.611701,0.222856,-0.207033,0.827834,3.278679,7.596503
0.623367,0.225311,-0.190316,1.561266,3.586204,7.657511
0.617202,0.188968,-0.172758,1.515892,3.181443,8.945274
0.599595,0.186568,-0.186531,0.425171,3.610688,11.051562
0.575433,0.180423,-0.202293,0.856326,3.672657,11.073971
0.534692,0.127071,-0.173372,1.286818,2.419757,9.622030
0.512450,0.083989,-0.198016,1.438000,2.361310,9.176905
0.475920,0.039797,-0.210227,1.124829,1.549802,7.280860
0.440082,-0.015991,-0.177698,1.899629,1.013301,4.458035
0.423368,-0.071950,-0.184217,1.563655,0.207709,2.594841
0.399380,-0.136407,-0.223570,1.329890,2.167022,2.219330
0.380952,-0.207334,-0.188008,1.524213,0.949957,1.969901
0.403595,-0.244495,-0.181765,2.221019,1.743795,1.281949
0.359459,-0.278422,-0.224804,1.685260,1.967447,0.053765
0.303270,-0.368601,-0.208185,1.299721,2.255018,-1.748055
0.323313,-0.447648,-0.189968,1.896665,1.283255,-1.733049
0.301701,-0.452139,-0.218164,1.719295,1.667425,-2.511401
0.230508,-0.503873,-0.229144,1.117877,2.584332,-5.871947
0.194845,-0.608478,-0.217094,1.652166,2.418500,-7.796254
0.236650,-0.646400,-0.210089,1.508064,1.872391,-7.533497
0.213407,-0.679369,-0.217708,1.351587,1.613301,-8.132693
0.170187,-0.763859,-0.226012,1.067597,2.304566,-10.861191
0.169744,-0.799795,-0.223012,1.997495,1.605581,-11.615334
0.177943,-0.777271,-0.263872,1.012951,0.977286,-12.201693
0.180983,-0.783714,-0.238725,0.235732,1.442296,-14.620594
0.184892,-0.821732,-0.230256,0.801076,1.152355,-14.570855
0.150325,-0.799736,-0.263547,-0.205333,0.689659,-11.626308
0.100970,-0.743816,-0.253942,-0.462623,0.254953,-10.765516
0.098528,-0.722933,-0.252708,-0.988706,0.315324,-11.344315
0.139509,-0.726216,-0.240573,-0.693444,0.272747,-10.394249
0.085904,-0.688294,-0.249288,-0.893368,-0.624406,-8.241820
0.049840,-0.636861,-0.254989,-1.338046,-0.298456,-8.537907
0.085891,-0.606830,-0.242687,-0.098765,0.719700,-9.175826
0.086304,-0.526522,-0.241000,-1.234531,0.699113,-7.189820
0.052108,-0.484884,-0.283671,-0.644674,1.415515,-5.908898
0.092403,-0.429789,-0.224761,0.312925,1.615149,-2.626620
0.055233,-0.380982,-0.250187,0.425040,0.445617,1.007361
-0.015504,-0.300342,-0.276532,0.676412,1.196136,3.412694
0.013480,-0.225821,-0.284144,0.160748,1.004015,3.314818
0.049354,-0.162982,-0.275764,1.246365,0.530756,2.753334
-0.055589,-0.102785,-0.237123,1.381509,-5.389610,2.908831
-0.060802,-0.067069,-0.291093,1.810455,0.114103,3.308044
-0.007889,-0.011373,-0.293673,2.632243,-0.285307,5.147309
0.007194,0.067179,-0.260858,3.229066,-0.546441,6.646770
-0.013981,0.123916,-0.279450,3.064133,0.566985,6.509986
0.035778,0.123014,-0.305372,2.426618,0.659398,9.002481
0.016946,0.155152,-0.291960,3.165531,-0.164526,11.315011
-0.012980,0.216071,-0.258856,3.290894,-0.452912,11.762600
-0.014270,0.233094,-0.275981,1.893267,-0.550325,10.865486
0.009807,0.214082,-0.287321,1.820289,-0.369383,9.650938
-0.047091,0.242196,-0.260570,2.064296,-1.162247,9.059806
-0.036154,0.285123,-0.289426,1.792602,-0.133524,9.690690
0.017800,0.241503,-0.269311,0.243399,-0.869000,9.706585
0.003633,0.222970,-0.279624,0.139668,0.242102,9.540254
-0.008289,0.233563,-0.271615,0.797311,1.019895,8.583154
0.023235,0.223588,-0.296880,-0.542075,1.188091,6.695821
0.006554,0.168328,-0.267663,-0.734928,0.147223,3.687210
-0.002355,0.119419,-0.244985,-0.368690,0.837792,3.563177
0.031960,0.131952,-0.276375,-1.729218,0.393967,3.083291
0.016385,0.107274,-0.274415,-1.450270,0.197395,0.695658
-0.006448,0.050813,-0.254369,-1.336461,0.248956,-1.250749
0.001499,0.007048,-0.264676,-2.464304,-0.168945,-0.712166
0.066163,-0.030572,-0.268382,-2.226655,0.514157,-1.047288
0.086642,-0.052925,-0.244903,-1.427976,0.518693,-1.592514
0.047204,-0.078289,-0.255347,-2.090726,0.181794,-1.832786
0.058535,-0.118354,-0.285109,-2.017334,1.401364,-2.573888
0.084906,-0.117812,-0.271648,-1.808686,0.097701,-3.552064
0.089468,-0.134947,-0.264358,-1.047955,-0.562558,-3.076973
0.065050,-0.171395,-0.263228,-1.379323,1.230818,-3.141982
0.067187,-0.206307,-0.254930,-0.805008,0.509857,-2.583330
0.082188,-0.202601,-0.252019,0.103702,0.327590,-1.927814
0.074304,-0.218393,-0.261860,0.283409,0.489444,-1.469247
0.072154,-0.280323,-0.279749,0.592949,0.975845,-1.899308
0.109311,-0.314450,-0.247558,1.973973,1.286423,-2.276191
0.110200,-0.305492,-0.256453,1.951199,0.975730,-2.862746
0.078617,-0.343756,-0.250414,2.103816,1.104815,-5.885781
0.077931,-0.390035,-0.257931,3.016384,1.559351,-7.257705
0.116824,-0.377289,-0.251930,2.971053,1.330683,-6.336357
0.155084,-0.345423,-0.264962,2.267935,1.234567,-4.048595
0.112899,-0.369228,-0.247597,1.673863,1.289151,-1.982691
0.112186,-0.384708,-0.235311,2.570911,-0.763417,0.237066
0.144351,-0.350954,-0.245635,1.916747,0.819207,2.327353
0.170722,-0.363884,-0.263399,1.207914,0.513442,1.103457
0.168539,-0.397381,-0.229334,2.360956,1.095917,-0.688906
0.168372,-0.409618,-0.275091,1.586143,1.076317,-0.179822
0.175626,-0.408272,-0.275807,1.036098,1.373086,-0.830300
0.195770,-0.407737,-0.269061,1.632091,1.185281,-1.198862
0.200257,-0.440795,-0.237927,1.914262,0.921823,-1.327359
0.213712,-0.437460,-0.255738,0.763656,0.125986,0.249443
0.215117,-0.439807,-0.277313,0.778903,1.266400,-0.862591
0.216597,-0.453199,-0.245897,1.521890,1.650567,-2.771858
0.256696,-0.432733,-0.274605,0.617538,1.335568,-3.994760
0.264764,-0.447369,-0.290482,0.580516,1.897498,-6.096108
0.246641,-0.460657,-0.249465,1.258779,1.226000,-6.209881
0.275783,-0.411565,-0.288395,0.120344,1.965103,-5.385736
0.256564,-0.395746,-0.295006,-0.024274,1.614519,-5.964496
0.257185,-0.394315,-0.268789,0.223324,1.580795,-5.797249
0.243937,-0.345975,-0.281695,0.379982,0.905982,-4.941259
0.212767,-0.328867,-0.266425,-0.179461,0.823077,-5.042874
0.217976,-0.315622,-0.284856,-0.718335,0.998363,-5.030082
0.211260,-0.290843,-0.254408,0.388106,0.030769,-4.827770
0.211575,-0.234155,-0.281482,-0.377786,0.328607,-3.426454
0.201738,-0.174861,-0.273614,-0.960533,0.981287,-3.453483
0.183665,-0.157300,-0.209885,-0.664224,0.363073,-3.659128
0.213548,-0.112918,-0.271057,-1.141688,1.461872,-1.348774
0.215324,-0.036385,-0.249127,-1.623261,1.371681,-1.698351
0.197096,0.007833,-0.222533,-1.115783,0.632207,-2.337731
0.198977,0.060654,-0.243622,-2.117659,1.777311,-1.660906
0.220825,0.099574,-0.265907,-1.402783,1.977012,-0.664112
0.235832,0.129112,-0.252495,-0.697581,2.136486,1.582632
0.237664,0.194820,-0.280707,-0.130625,2.236085,3.820891
0.202923,0.226414,-0.244834,-1.360485,0.810016,5.040401
0.225782,0.256241,-0.283849,-0.795548,1.575674,5.880131
0.252327,0.296953,-0.225651,-0.263964,-0.260475,7.267697
0.235612,0.315384,-0.273588,0.272708,-0.196153,9.121467
0.201344,0.338873,-0.269550,-0.521839,-0.320830,10.135979
0.208381,0.337688,-0.270640,0.967446,-0.307963,12.250625
0.212038,0.345484,-0.259631,1.078688,-5.116718,14.169812
0.231795,0.354724,-0.297241,1.115943,-0.848409,15.078145
0.165312,0.303243,-0.297441,1.683372,0.254723,13.531777
0.149425,0.261867,-0.292009,2.625186,-0.201858,12.971275
0.209980,0.259363,-0.326425,3.132998,1.172630,11.164976
0.203520,0.221526,-0.297202,2.476553,0.379863,8.560197
0.136650,0.135930,-0.311195,3.800840,1.292761,7.250385
0.081036,0.092674,-0.337805,3.056153,0.868299,8.140546
0.079066,0.077014,-0.304246,2.570293,0.898842,8.511669
0.061269,-0.009610,-0.304873,2.638007,0.836860,6.211805
0.034737,-0.092321,-0.286868,2.636208,0.606101,5.081206
-0.015291,-0.125753,-0.291759,1.075048,-0.377734,5.504177
-0.076669,-0.198107,-0.292350,0.564888,-0.918361,3.283394
-0.090583,-0.234602,-0.271155,0.846505,-0.141326,0.572897
-0.073748,-0.301064,-0.273798,-0.004786,-0.629887,-1.820562
-0.073104,-0.366204,-0.274290,-1.007407,0.340940,-1.993329
-0.135408,-0.415766,-0.278308,-1.223394,0.559005,-2.795243
-0.189181,-0.476806,-0.304774,-0.856598,-0.615435,-4.164851
-0.168659,-0.544201,-0.309869,-2.484333,-0.492340,-6.119920
-0.170520,-0.570070,-0.306668,-1.935677,0.817507,-7.596404
-0.189076,-0.601634,-0.290525,-1.216504,-0.076514,-8.603591
-0.207376,-0.658118,-0.308073,-1.942291,0.426555,-11.234213
-0.275023,-0.725494,-0.318350,-1.894669,-0.760282,-13.686045
-0.301211,-0.715003,-0.326396,-0.253808,-0.583067,-12.933333
-0.271147,-0.700255,-0.329931,-0.504770,-1.261051,-12.696987
-0.290631,-0.753004,-0.303277,-0.924522,-1.225272,-14.288602
-0.361818,-0.758413,-0.303632,0.417976,-1.800782,-12.603944
-0.405950,-0.742044,-0.330407,1.058898,-0.555790,-10.710565
-0.376992,-0.721355,-0.315111,0.199559,-1.820470,-10.402478
-0.360810,-0.694691,-0.286685,1.497327,-1.172524,-11.113074
-0.403964,-0.663012,-0.292737,2.246813,-0.770018,-9.843578
-0.402310,-0.678890,-0.292783,1.405461,-1.239426,-7.908501
-0.383534,-0.621243,-0.271838,1.977938,-1.073486,-6.461077
-0.442808,-0.577298,-0.305890,3.438794,0.501418,-7.548889
-0.401236,-0.547024,-0.296220,1.807619,-0.874393,-7.316088
-0.332295,-0.484996,-0.308122,2.570402,-0.881765,-5.188423
-0.460452,-0.429043,-0.308214,3.468152,-0.485024,-3.302769
-0.464903,-0.405787,-0.328519,2.014518,-1.090016,-0.304464
-0.331137,-0.380582,-0.308414,1.882222,-1.567897,1.859167
-0.355555,-0.283976,-0.298377,2.525633,-0.995082,3.113737
-0.452305,-0.238721,-0.311195,1.269827,-1.390186,2.107769
-0.370339,-0.204616,-0.323084,0.334966,-1.842289,1.229672
-0.360495,-0.171398,-0.294034,1.387102,-0.397649,3.023984
-0.380511,-0.090795,-0.295918,0.859070,-1.921616,4.014994
-0.283374,-0.041571,-0.329291,-0.267092,0.605235,5.036579
-0.335335,0.002148,-0.309258,-0.411877,-1.990790,6.738027
-0.415886,0.040611,-0.295833,-0.306199,-0.717230,8.163313
-0.265954,0.086339,-0.278127,-1.824760,-1.340375,7.609094
-0.199268,0.123188,-0.277212,-0.968963,-1.578220,6.984742
-0.360593,0.145594,-0.288385,-0.971930,-0.880459,6.487155
-0.339599,0.195155,-0.303228,-1.536264,-0.955282,5.647070
-0.224484,0.235726,-0.298908,-1.648703,-1.690210,4.863917
-0.274807,0.243712,-0.288441,0.221817,-0.523510,5.012338
-0.316678,0.236429,-0.300993,-0.612018,-1.214319,6.030347
-0.257137,0.253865,-0.295764,-1.277965,-1.567936,5.947486
-0.277150,0.275860,-0.275459,0.606558,-1.000130,5.818357
-0.284195,0.299533,-0.314336,0.195810,-0.649093,4.665302
-0.211229,0.273730,-0.268536,-0.428638,-1.678479,2.626908
-0.255158,0.276202,-0.264285,0.766787,-1.540787,3.033142
-0.340820,0.294721,-0.299890,1.078878,-0.930684,3.196170
-0.234580,0.270405,-0.261134,0.235094,-0.997534,1.122878
-0.185186,0.237190,-0.255853,1.118169,-0.541735,0.648422
-0.277144,0.239018,-0.253857,0.853962,-0.067301,1.230394
-0.213389,0.235749,-0.224286,-0.032480,-0.424292,-0.341710
-0.171965,0.188216,-0.234993,-0.075345,-0.141195,-1.668575
-0.220903,0.186798,-0.213197,-0.283836,0.440404,-0.299087
-0.163956,0.184661,-0.235941,-1.358450,0.641013,-0.041559
-0.113081,0.157834,-0.222454,-1.395394,-1.052479,-0.346053
-0.202242,0.122912,-0.232039,-0.451211,0.002533,1.796712
-0.175628,0.105853,-0.246156,-1.714070,-0.576184,2.669359
-0.042725,0.080962,-0.216690,-2.007313,-0.924473,1.177510
-0.076380,0.048000,-0.186721,-1.047515,-0.263252,2.251517
-0.127474,0.013262,-0.208267,-1.855342,-0.014755,1.560126
-0.021192,-0.004266,-0.210224,-1.157105,-0.217426,0.863056
-0.021455,-0.049886,-0.169055,-1.196527,-1.467937,2.687325
-0.070475,-0.059103,-0.173887,-1.259061,-0.315509,3.960953
-0.011637,-0.106948,-0.178778,-0.473347,-0.866436,2.272452
-0.028883,-0.207259,-0.143262,0.326019,-1.185417,1.964291
-0.087576,-0.214352,-0.165179,1.108621,2.602832,1.644475
-0.029412,-0.236368,-0.142635,1.131739,-0.386974,-1.706930
0.044092,-0.308788,-0.110874,1.556135,-0.502982,-4.216839
-0.043529,-0.306973,-0.139979,2.014341,0.651222,-3.110074
-0.017168,-0.309602,-0.124762,1.903322,1.502667,-2.303789
0.038627,-0.361008,-0.119602,2.404278,0.772259,-0.900485
-0.064780,-0.394164,-0.112676,2.571978,1.030380,2.252254
-0.071515,-0.400920,-0.105310,2.701010,0.802775,1.579642
0.019228,-0.441212,-0.082619,2.230722,-0.406846,-0.238318
-0.062732,-0.476058,-0.083160,3.189769,-0.006129,-1.914316
-0.129739,-0.519071,-0.067884,3.069937,-1.646669,-6.399367
-0.013817,-0.564503,-0.096687,2.069302,-0.601846,-8.954470
0.017288,-0.554045,-0.081756,2.522689,0.179844,-9.465030
-0.036082,-0.530556,-0.081693,2.726361,-0.079321,-10.135637
0.025737,-0.548262,-0.097994,1.340335,1.395387,-9.305507
0.013638,-0.593628,-0.073940,0.747556,0.258570,-8.621483
-0.032609,-0.537883,-0.070661,0.837196,0.729902,-6.918870
0.034005,-0.511082,-0.099576,0.028659,-0.169650,-9.382385
0.028507,-0.543387,-0.113398,-1.579985,0.200343,-10.814247
-0.087317,-0.498854,-0.116871,-1.453782,-0.150297,-11.041740
-0.088125,-0.449703,-0.108363,-0.513577,-0.212752,-12.304806
-0.023001,-0.431486,-0.109210,-2.591888,-1.950189,-10.145318
-0.099502,-0.422984,-0.147749,-2.553999,0.369313,-8.342177
-0.136859,-0.364760,-0.128947,-1.524164,-0.045814,-7.288729
-0.067143,-0.305660,-0.114429,-1.850655,-0.935052,-4.947666
-0.170015,-0.292684,-0.146213,-2.352740,0.222611,-4.330018
-0.202442,-0.242545,-0.150805,-1.817732,0.677806,-3.876622
-0.101566,-0.188487,-0.106722,-1.384608,-1.507851,-3.493002
-0.150583,-0.114333,-0.142231,-1.840926,0.068507,-1.612514
-0.248180,-0.056260,-0.178545,-0.846275,2.825709,-1.423685
-0.188850,-0.013148,-0.147995,0.103860,0.256758,0.507254
-0.182432,0.047915,-0.131360,-0.341889,-1.284064,3.515372
-0.271652,0.124126,-0.155886,0.682704,-0.248094,3.447680
-0.241277,0.155214,-0.150332,1.692235,-1.257168,2.642504
-0.259987,0.167967,-0.149718,1.368160,-2.695103,5.442342
-0.344398,0.250195,-0.177685,1.358007,-2.237738,7.953731
-0.306774,0.318880,-0.201456,3.053196,-1.996912,8.915925
-0.269210,0.301703,-0.125409,2.128960,-3.305971,10.865337
-0.367575,0.328947,-0.191852,1.788302,-1.013825,13.259422
-0.371845,0.392978,-0.219723,2.156900,-0.860975,12.770055
-0.271288,0.393867,-0.166794,2.140346,-1.039014,12.102185
-0.328911,0.395450,-0.188481,1.112195,-1.498769,12.108267
-0.351485,0.425405,-0.207174,1.000713,0.083629,11.152742
-0.287188,0.399878,-0.169305,1.027564,-0.666523,11.636407
-0.340892,0.371974,-0.188047,0.264059,-0.740837,12.807916
-0.344069,0.379106,-0.272436,0.897215,9.383429,12.337732
-0.304510,0.341559,-0.201581,-0.508581,-1.188102,10.764408
-0.338982,0.277863,-0.187542,0.316965,-1.020554,9.348062
-0.453391,0.269207,-0.227909,-0.226597,-2.785196,5.745547
-0.394895,0.187041,-0.217507,-0.804720,-2.550974,2.978669
-0.347930,0.090363,-0.207207,-0.036281,-2.832089,3.154085
-0.423475,0.086303,-0.220094,-0.117659,-3.039552,3.127726
-0.432334,0.029966,-0.207657,-0.424400,-3.535298,1.847765
-0.426272,-0.089462,-0.185517,0.035536,-2.978305,1.310769
-0.507381,-0.115045,-0.182796,-0.305139,-2.963616,0.977840
-0.495452,-0.135331,-0.164631,-0.124664,-2.666263,-2.486640
-0.465100,-0.231477,-0.165789,-0.973092,-2.275804,-4.878414
-0.537297,-0.302125,-0.161168,-0.269701,-1.293498,-5.296601
-0.558912,-0.313981,-0.174944,-0.258997,-1.432332,-6.302071
-0.500090,-0.373905,-0.158404,-0.103055,-1.047033,-8.251852
-0.542824,-0.482738,-0.133145,0.574998,0.203747,-8.798424
-0.589632,-0.504159,-0.159395,0.707041,-0.148328,-8.587515
-0.543675,-0.532746,-0.139769,0.395987,-1.148867,-9.281763
-0.560366,-0.593661,-0.085018,0.750668,-2.030950,-9.956238
-0.606438,-0.592515,-0.126846,1.031943,-0.714226,-10.681861
-0.545027,-0.616316,-0.117025,1.123943,-0.663674,-11.193228
-0.537428,-0.680971,-0.077833,0.671216,-2.971123,-10.697625
-0.590722,-0.669732,-0.091718,1.498880,-2.036695,-11.264901
-0.532153,-0.625163,-0.073497,0.945638,-2.933811,-10.493993
-0.494809,-0.666646,-0.070408,-0.355980,-3.499940,-8.371376
-0.535445,-0.629715,-0.074423,0.524626,-2.497070,-7.414959
-0.533085,-0.557357,-0.078581,0.519275,-3.610870,-6.875297
-0.492189,-0.581887,-0.055647,-0.697754,-2.708866,-5.644877
-0.497786,-0.584999,-0.049811,-0.290223,-1.057366,-4.031112
-0.478370,-0.475634,-0.024864,1.055130,-1.383998,-2.981392
-0.433864,-0.450534,-0.005925,0.282179,-2.257862,-2.929667
-0.466133,-0.504005,-0.035214,-0.105376,-0.570751,-2.064564
-0.477048,-0.442065,-0.021927,1.790836,-0.490600,-1.746240
-0.406715,-0.382065,0.030868,1.830501,-1.387569,-1.581254
-0.406636,-0.371036,-0.010254,0.463599,-0.195470,-1.434926
-0.506668,-0.330810,-0.009030,1.630926,-1.596178,-2.321856
-0.483379,-0.269172,0.031328,2.827542,-2.170185,-1.076086
-0.437842,-0.218990,0.020420,1.447093,-2.900531,0.659291
-0.479949,-0.200339,0.012936,1.677894,-2.834846,-0.804379
-0.504289,-0.176210,0.051787,3.282524,-4.207364,-0.484230
-0.472055,-0.130972,0.037916,1.840893,-4.019678,2.779641
-0.479739,-0.086675,0.057351,0.974228,-2.081759,1.486523
-0.421765,-0.008543,0.075759,2.624221,-1.069042,-0.441464
-0.390181,-0.012567,0.085393,1.618232,-1.316406,-0.011457
-0.416785,-0.009859,0.075798,0.639971,0.551859,1.007864
-0.419438,0.066809,0.066558,0.671246,0.213912,-0.303169
-0.341391,0.091187,0.099428,0.884808,-0.226804,-1.224926
-0.296737,0.090212,0.099465,-0.658864,-0.577726,1.117958
-0.321197,0.153961,0.074489,-1.182964,0.112817,1.501356
-0.318828,0.175392,0.082892,-0.156657,-0.187802,0.028939
-0.262235,0.190668,0.087763,-2.086078,-3.004298,0.391105
-0.259156,0.221208,0.077899,-2.936712,-1.367904,0.424795
-0.224641,0.298414,0.064027,-1.866404,-1.023107,0.040884
-0.225708,0.305291,0.090917,-2.822053,-3.068798,1.176053
-0.185048,0.301109,0.059530,-3.634312,-1.838508,2.663544
-0.146244,0.315286,0.046542,-2.601240,-0.969886,3.851981
-0.115848,0.326010,0.077275,-2.032259,-1.465239,4.363615
-0.103372,0.343699,0.070405,-2.679395,-1.423401,4.364527
-0.105961,0.332867,0.065071,-1.963124,-0.224828,3.137529
-0.068653,0.337121,0.078487,-1.606861,-0.319720,3.527394
-0.060542,0.384191,0.081976,-1.635195,-0.702777,3.613299
-0.093130,0.389968,0.066049,-1.170839,0.205795,3.341217
-0.079492,0.363383,0.059478,-0.942923,0.100333,5.050150
-0.055244,0.349617,0.084858,-0.051613,-0.085751,5.782768
-0.059722,0.366321,0.058112,0.084172,0.039372,6.584829
-0.055848,0.359894,0.055736,0.683374,0.130210,4.837015
-0.043027,0.296123,0.090087,1.555393,0.309093,4.860725
-0.017454,0.306203,0.049204,1.260978,0.423677,6.508379
-0.031677,0.311071,0.055808,1.592902,-0.700792,5.517118
-0.063739,0.232995,0.077259,1.851226,-1.807702,4.324083
-0.050173,0.162436,0.058135,2.578680,-0.956858,5.553262
-0.042285,0.144963,0.017453,2.454017,0.049295,5.710688
-0.033190,0.101707,0.061497,2.364544,-1.198429,3.297200
-0.031532,0.037063,0.072801,2.671373,-1.079874,3.041479
-0.052638,-0.002225,0.041690,1.599244,-0.580205,2.797893
-0.055028,-0.046127,0.062186,1.418627,-0.542470,2.137289
-0.032448,-0.107716,0.073569,2.241190,0.377529,0.893196
-0.017270,-0.161640,0.042124,1.028047,0.315186,-0.095936
-0.013045,-0.217293,0.030350,0.188839,1.310093,-1.071490
-0.027754,-0.281334,0.067031,0.264204,1.009592,-2.152508
-0.020247,-0.333364,0.075066,0.716278,0.488548,-5.052920
-0.007065,-0.388453,0.012972,-0.129160,1.690652,-7.169032
-0.014966,-0.468754,0.053576,-0.486788,0.381960,-8.918450
-0.018645,-0.524694,0.062583,0.331484,0.779293,-9.374577
-0.030108,-0.533691,0.037614,-0.101962,-0.211810,-10.081434
-0.018491,-0.580239,0.039248,-0.867751,-0.342283,-10.814819
-0.011814,-0.623735,0.040082,-0.639641,-0.370870,-10.775886
-0.009878,-0.639097,0.038634,0.130744,-0.769466,-10.499448
-0.037467,-0.656835,0.042498,-0.338451,-2.859162,-11.933622
-0.071079,-0.706390,0.034925,-0.743091,-0.667366,-12.657078
-0.049960,-0.687834,0.046004,0.693701,-0.425247,-12.370213
-0.050567,-0.631691,0.046151,-0.014258,-1.153666,-12.189114
-0.127514,-0.633067,0.025009,-0.297021,-0.307073,-13.454496
-0.164310,-0.651291,0.048685,0.527443,-0.837400,-12.613559
-0.190287,-0.611258,0.057433,0.191465,-2.366048,-10.684283
-0.226768,-0.549079,0.051016,0.004018,-0.617631,-11.182552
-0.260623,-0.522288,0.054006,0.896392,-0.097197,-11.360786
-0.305780,-0.470983,0.058401,0.745577,-0.527912,-8.871897
-0.364204,-0.415169,0.044349,0.188107,-0.452833,-6.670121
-0.384283,-0.351772,0.046552,0.682846,-0.278463,-5.242287
-0.400843,-0.295343,0.055657,1.178458,-0.785324,-3.108708
-0.430122,-0.223133,0.074534,0.334202,-1.266323,1.022303
-0.496046,-0.174037,0.065761,0.163479,-1.177917,2.682562
-0.525204,-0.098994,0.061165,0.982339,-1.373025,3.083019
-0.562601,-0.067509,0.091442,1.276639,-2.725498,2.495038
-0.579709,-0.048838,0.085445,0.616931,-2.812972,3.045453
-0.581275,0.024790,0.072253,0.931973,-2.950404,4.026203
-0.635891,0.086506,0.076639,1.298132,-3.157083,4.019318
-0.662679,0.119383,0.115906,1.803129,-3.656391,5.759204
-0.649001,0.165170,0.079924,0.889104,-3.425934,9.654064
-0.653551,0.222619,0.063640,1.414642,-2.937215,10.544914
-0.684462,0.229614,0.129108,2.143636,-4.269268,10.078335
-0.693941,0.225629,0.083108,1.479096,-3.315979,10.379929
-0.683208,0.235999,0.055779,1.377692,1.019262,11.550276
-0.716544,0.253514,0.108938,1.549150,-2.565266,10.400864
-0.706510,0.255549,0.113911,2.187627,-2.208077,10.272757
-0.707718,0.230760,0.078716,1.096968,-2.257179,10.821033
-0.748417,0.206529,0.109732,0.871918,-2.396384,10.282781
-0.724882,0.201362,0.139796,1.987237,-2.079491,9.242064
-0.698566,0.197555,0.131642,0.886859,-3.663185,7.446666
-0.709523,0.143874,0.127270,-0.037029,-2.854127,5.426394
-0.713987,0.095875,0.166984,0.820160,-5.428074,5.046599
-0.667767,0.098448,0.131990,0.067701,-3.343233,4.414848
-0.645072,0.063263,0.130047,-0.419640,-2.763581,1.256046
-0.646743,0.009976,0.138263,0.310782,-1.941822,0.562625
-0.616847,-0.022116,0.149676,-0.182588,-3.331121,1.599075
-0.597661,-0.047240,0.136694,-1.235404,-1.946506,1.400629
-0.599670,-0.115278,0.124877,-0.639592,-1.090483,-1.271693
-0.581488,-0.168175,0.162714,-0.325023,-3.392302,-2.822385
-0.548959,-0.202969,0.185763,-0.948207,-3.535974,-3.248859
-0.525963,-0.228046,0.164112,-1.102541,-1.974194,-4.015495
-0.524837,-0.237198,0.180029,-1.395817,-2.038569,-5.322267
-0.506882,-0.281652,0.204949,-0.937749,-2.917842,-4.727087
-0.500963,-0.284350,0.185635,-1.526898,-2.072332,-3.426867
-0.486580,-0.281137,0.163154,-1.348349,-1.025608,-3.756680
-0.475397,-0.301018,0.147234,-1.298506,-0.808724,-5.275950
-0.463064,-0.347150,0.197619,-0.694415,-1.515955,-6.036487
-0.441450,-0.327291,0.171012,-0.902246,-1.087098,-4.901525
-0.430621,-0.314214,0.163850,0.006142,-0.838749,-6.869846
-0.402927,-0.372060,0.219871,0.569090,-2.427902,-6.577780
-0.339215,-0.385988,0.191012,0.128328,-1.290974,-4.340137
-0.350726,-0.376931,0.179763,1.089859,-1.192898,-4.030882
-0.359051,-0.378074,0.201854,2.361311,-2.420037,-4.367312
-0.299061,-0.375661,0.187637,1.723937,-1.565861,-3.517783
-0.296428,-0.362801,0.193152,1.996123,-2.468332,-2.604461
-0.285734,-0.362623,0.173835,2.950916,-1.321569,-2.396666
-0.255037,-0.385568,0.185514,4.150214,-0.716856,-1.677421
-0.257676,-0.422800,0.202914,3.032389,-2.063893,-0.252346
-0.224018,-0.407419,0.193264,3.503606,-0.422565,-0.568481
-0.163443,-0.384836,0.208307,4.167322,0.021178,-2.177358
-0.148761,-0.392828,0.216717,2.880498,-0.806286,-2.795920
-0.151850,-0.404159,0.181647,2.458800,1.075874,-4.525256
-0.137529,-0.376780,0.185566,3.104609,0.527976,-6.071482
-0.077979,-0.348647,0.216756,2.225356,-0.234659,-6.239148
-0.072723,-0.340191,0.212942,0.467597,-0.704313,-5.125709
-0.104599,-0.321127,0.192259,1.004263,0.740110,-3.989513
-0.063867,-0.331466,0.223997,0.919326,-0.153779,-1.440051
0.007736,-0.313820,0.210920,-1.487347,-1.850445,-0.146520
-0.046415,-0.273797,0.194058,-1.009257,0.197313,-3.943998
-0.051667,-0.241915,0.233562,-0.533697,-1.421470,-4.527383
0.016408,-0.231103,0.232643,-2.350097,-1.538289,-1.324906
-0.005296,-0.190784,0.211609,-2.308085,-1.369358,-1.146963
-0.068030,-0.163954,0.234822,0.006343,-0.798441,0.940178
-0.056886,-0.222260,0.239703,-0.502491,-1.895993,4.999260
-0.051135,-0.246185,0.233365,-1.113494,-1.245308,4.755335
-0.093127,-0.197231,0.258922,0.972597,0.107877,-0.523019
-0.051499,-0.194493,0.294409,1.927409,0.535723,-5.774100
-0.010728,-0.208674,0.279194,0.621055,0.619625,-9.494984
-0.039643,-0.147308,0.273841,0.716787,2.521197,-13.327623
0.009012,-0.066931,0.325753,2.114692,3.045675,-14.991600
0.127837,-0.034803,0.355951,-0.082972,1.749342,-11.257843
0.121646,0.010436,0.341226,-1.000558,2.894768,-6.511397
0.081003,0.102472,0.347827,0.498508,3.482361,-2.002973
0.101695,0.162025,0.373181,-0.517042,0.858977,1.336436
0.159345,0.188426,0.372826,-2.028237,-0.391001,3.265546
0.149186,0.262567,0.349849,-2.703428,-0.161687,3.623472
0.165700,0.290477,0.357927,-1.205294,-1.605983,5.359728
0.169662,0.301624,0.419808,-2.411977,-2.679701,6.717102
0.164646,0.340692,0.371109,-2.066668,-1.861120,5.977194
0.234020,0.401089,0.385582,-1.594611,-0.850599,7.356012
0.276564,0.376881,0.428716,-1.549366,-2.805911,9.720587
0.208788,0.394530,0.410715,-2.003294,-1.321733,11.501805
0.171940,0.443088,0.399857,-1.307716,1.136455,12.039575
0.134421,0.470329,0.432596,-2.017835,-0.234400,11.482653
0.057330,0.522490,0.461823,-1.004684,-0.427072,9.278519
0.005156,0.596555,0.442706,-1.110405,-0.080483,7.716067
-0.013374,0.562874,0.410666,-1.556505,1.284089,7.034774
-0.031929,0.497084,0.458068,0.175536,2.201465,8.420725
-0.019676,0.495889,0.471516,1.559714,2.214060,11.086272
-0.037595,0.486094,0.466681,2.471696,2.457479,11.505558
-0.078330,0.394022,0.426907,1.300568,1.811186,12.511101
-0.074962,0.326430,0.437680,2.827470,1.538252,11.521453
-0.062817,0.270513,0.436433,3.821717,0.381422,9.420916
-0.047324,0.212477,0.415265,3.345891,0.092364,7.525945
-0.043405,0.154722,0.424068,3.436986,-0.273250,5.440471
-0.076285,0.112845,0.434556,4.563062,-1.770095,5.546842
-0.061977,0.047626,0.422187,3.747911,-1.972542,5.724692
-0.035327,-0.053040,0.343018,2.006762,-0.667340,4.522238
-0.044064,-0.162526,0.418435,3.250898,-2.409208,3.036446
0.013851,-0.217215,0.399522,2.369084,-2.081907,2.112293
0.021512,-0.247265,0.337136,0.151683,-1.030719,-2.143153
-0.022171,-0.306805,0.366386,-0.105989,-0.645200,-8.166649
0.016972,-0.408013,0.370184,0.926404,1.517001,-10.613397
0.104968,-0.460502,0.339995,-0.838133,2.091274,-9.897912
0.124587,-0.523227,0.337093,-1.818653,3.254363,-9.576419
0.119145,-0.582970,0.316782,-1.255413,3.360415,-9.929691
0.114661,-0.618920,0.287469,-1.771635,2.796716,-9.454393
0.098229,-0.649256,0.257383,-3.749511,1.411241,-10.504468
0.108319,-0.690368,0.279615,-2.251055,1.409705,-13.735819
0.126393,-0.740662,0.262674,-2.001967,0.427747,-14.145404
0.083278,-0.764092,0.239923,-2.501601,-2.576045,-14.135859
0.009758,-0.747621,0.214613,-2.175897,-2.007093,-13.533960
-0.036022,-0.738738,0.213756,-0.679283,-2.545170,-14.425314
-0.033255,-0.734776,0.216589,-0.525655,-2.944476,-14.289516
-0.064399,-0.716136,0.138079,-1.121198,-2.872275,-13.797630
-0.135937,-0.700852,0.164736,0.862649,-2.507708,-12.611844
-0.215762,-0.678860,0.185179,1.009646,-3.097775,-11.959550
-0.247461,-0.601135,0.111367,0.211075,-1.396540,-10.356802
-0.255778,-0.533786,0.136888,1.930777,-0.156182,-8.833400
-0.297003,-0.502731,0.174472,2.377116,0.473107,-7.032431
-0.335952,-0.452323,0.127802,2.622613,1.684990,-4.422893
-0.394429,-0.389405,0.113018,2.084162,1.953099,-3.476042
-0.405704,-0.315826,0.116231,2.140968,2.022808,-3.403662
-0.437337,-0.221199,0.137298,2.912498,1.449373,-2.261959
-0.446813,-0.149127,0.098211,2.154274,0.790259,-0.126096
-0.467410,-0.093499,0.102461,1.365419,-0.408356,2.087817
-0.487420,-0.049275,0.111629,2.105245,-1.512706,4.975188
-0.493732,0.030387,0.135916,1.966250,-3.380131,7.614537
-0.465579,0.107337,0.089486,0.968408,-3.095826,8.148255
-0.465073,0.135155,0.065593,1.111083,-3.906513,8.905195
-0.445188,0.133665,0.136996,1.850357,-5.016387,11.395559
-0.400005,0.153055,0.108534,1.858950,-4.232889,13.498402
-0.362976,0.168800,0.108780,1.537238,-2.685921,14.118842
-0.381772,0.146683,0.137459,1.826267,-3.397328,13.839516
-0.417176,0.151512,0.156005,2.075437,-2.802248,13.742323
-0.419310,0.203801,0.163735,0.306400,-2.877777,12.321157
-0.443888,0.206020,0.162950,0.562696,-1.421152,8.475769
-0.477428,0.203598,0.214813,0.810766,-1.818629,5.200551
-0.461039,0.236694,0.205428,-0.621634,-1.623301,4.732038
-0.493762,0.259432,0.211284,-1.408297,-0.270697,2.824701
-0.505431,0.264694,0.249567,-0.722205,0.611439,2.458512
-0.447158,0.252788,0.260944,-1.177548,0.385003,4.186369
-0.383997,0.239626,0.249748,-2.231135,0.395858,5.440856
-0.369151,0.218129,0.288431,-1.922330,0.356301,4.605085
-0.365455,0.188177,0.316306,-1.572366,-0.559285,3.994903
-0.330536,0.189047,0.298613,-2.000140,-0.603789,4.011552
-0.321851,0.163086,0.314484,-2.071027,-1.848864,3.358432
-0.289693,0.118372,0.348175,-0.636530,-2.678821,2.085083
-0.217879,0.074027,0.359539,-0.621555,-2.860005,2.887319
-0.176547,0.009041,0.355163,-0.103947,-2.092066,3.359506
-0.145577,-0.054950,0.375436,0.214341,-2.851261,3.275884
-0.127415,-0.069462,0.397461,0.915374,-2.522426,2.214245
-0.117351,-0.038765,0.405279,0.414189,-3.278421,0.394004
-0.110045,-0.060110,0.407728,0.114837,-1.955346,-3.213898
-0.099131,-0.078190,0.413788,0.847047,0.061998,-5.616804
-0.061875,-0.065241,0.437214,1.161439,0.620830,-5.813852
-0.006021,-0.121515,0.457306,0.296520,0.640341,-5.816076
0.054097,-0.163149,0.435521,0.469452,4.006120,-3.952358
0.070201,-0.155908,0.455150,0.779183,3.173933,-1.975644
0.098718,-0.164574,0.470574,0.830845,2.139640,-1.002180
0.134589,-0.221373,0.467508,-0.352342,2.061220,-0.013675
0.192071,-0.246297,0.469855,0.833809,2.721840,-0.458290
0.214086,-0.228444,0.472376,1.513773,0.286228,-0.119197
0.252087,-0.246376,0.464406,0.965553,1.021681,0.744962
0.246064,-0.312346,0.428371,0.914246,0.789508,1.895181
0.234277,-0.339364,0.435314,1.966208,-0.714669,3.089970
0.316777,-0.365351,0.475662,2.916053,-0.734863,3.865802
0.379373,-0.425896,0.459413,1.785408,-1.523344,2.854439
0.311217,-0.443460,0.451696,1.846711,-0.500615,-1.111287
0.326296,-0.412457,0.459738,3.479855,0.259683,-3.483204
0.433370,-0.439255,0.480487,1.912986,0.040387,-2.937538
0.454702,-0.444724,0.459896,1.374079,2.530691,-3.104453
0.405065,-0.449972,0.418281,3.082115,3.658608,-5.065738
0.474390,-0.517134,0.462341,3.026488,3.356929,-3.434505
0.460072,-0.560643,0.467291,1.411118,2.901265,-2.373637
0.447582,-0.490025,0.403586,2.730189,5.707444,-5.093339
0.508767,-0.491151,0.396942,2.549445,4.635317,-7.718222
0.503919,-0.551012,0.393404,0.921927,2.961297,-7.615806
0.394794,-0.490918,0.386560,1.662983,2.934959,-8.694464
0.437558,-0.419400,0.326613,1.487287,2.514383,-9.254353
0.529591,-0.467596,0.361623,-0.445452,0.786268,-6.905276
0.446709,-0.415878,0.325890,-0.329851,0.745770,-4.636686
0.408899,-0.318366,0.287620,0.322094,0.547891,-4.891957
0.494981,-0.378054,0.293345,-1.519958,-0.152814,-5.719362
0.467362,-0.345873,0.291773,-2.133990,-0.190700,-7.449589
0.475332,-0.183077,0.251494,-0.180727,2.170256,-8.590452
0.517623,-0.149002,0.267913,-2.440045,0.579015,-8.951966
0.457098,-0.162178,0.242566,-3.576652,1.882461,-7.244728
0.408400,-0.029403,0.222008,-0.717251,3.143410,-5.781275
0.513957,0.050531,0.226160,-1.788728,2.150528,-1.898033
0.480962,0.013958,0.220088,-3.406943,1.871012,-0.023653
0.322164,0.107970,0.174646,-1.164231,3.566664,-0.598015
0.343752,0.192552,0.168491,0.433988,3.225815,-0.435528
0.422567,0.191170,0.190076,-2.070102,0.740435,2.715454
0.365023,0.285074,0.133014,-0.700623,3.518067,3.306310
0.325968,0.376218,0.122251,2.611318,3.081198,3.707051
0.346391,0.317689,0.142527,0.612746,-0.108039,9.591173
0.254352,0.331343,0.111134,0.738523,1.059498,12.701597
0.219502,0.467932,0.048544,3.462529,1.570498,11.395436
0.297198,0.414793,0.108570,2.761893,-1.373199,11.141358
0.207351,0.318260,0.101319,2.467511,-1.041377,11.701335
0.097231,0.433618,0.037820,3.877698,0.654399,10.105433
0.183205,0.434731,0.079826,4.013421,0.081499,7.952985
0.214628,0.355594,0.111140,1.984891,0.024654,9.753956
0.149274,0.425861,0.044556,2.142001,2.207206,11.127910
0.177027,0.463399,0.046122,3.073905,2.527388,11.996490
0.195554,0.349098,0.106131,0.242934,0.039060,12.737650
0.112239,0.337354,0.053816,-0.137944,2.538653,11.533010
0.186612,0.386607,0.045386,0.697922,4.352351,10.217658
0.251700,0.285947,0.048150,-1.423370,1.683000,9.969528
0.124029,0.232673,0.066988,-1.725866,1.691581,9.344327
0.118718,0.258388,0.044326,-0.873732,1.149420,8.168590
0.231713,0.181503,0.033648,-2.779660,0.430206,7.907265
0.200632,0.110750,0.064139,-3.278118,0.966133,7.455139
0.153016,0.122974,0.046676,-1.204182,-0.308442,5.552475
0.213981,0.048269,0.039475,-1.876582,-1.295408,4.924130
0.159181,-0.104217,0.078805,-2.842604,-1.359537,5.037352
0.075889,-0.099427,0.081326,-0.282076,-0.684510,2.289640
0.155124,-0.124453,0.092949,0.440441,-1.062158,-1.574974
0.140018,-0.305315,0.101080,-0.869740,-0.957970,-4.310469
0.019897,-0.342111,0.095086,1.452420,0.536714,-6.516473
0.072538,-0.326746,0.106867,3.413677,0.381901,-8.859281
0.159857,-0.461865,0.135145,0.747442,1.033531,-10.768508
0.107837,-0.496987,0.132384,2.403651,5.147821,-13.982480
0.102240,-0.481713,0.154209,4.661132,2.835258,-15.270004
0.173958,-0.570632,0.153343,1.869819,3.139208,-13.189680
0.091668,-0.627040,0.138969,1.596608,3.531230,-12.838126
0.079411,-0.544582,0.167887,4.224055,3.281509,-11.935718
0.177861,-0.561168,0.199904,2.355931,0.441103,-9.335184
0.087246,-0.602130,0.161381,-0.175508,1.888101,-7.861843
-0.022331,-0.567671,0.167030,1.783363,0.345443,-9.882512
0.097560,-0.602012,0.240495,1.220700,-4.642911,-8.295291
0.123238,-0.626666,0.205514,-1.697938,-2.681680,-5.777240
0.014629,-0.528298,0.181742,0.466366,-0.410062,-9.094608
0.067391,-0.520942,0.222681,0.742475,-2.436167,-8.281500
0.083087,-0.582169,0.219431,-2.928652,-2.127309,-4.146729
-0.028959,-0.486450,0.213401,-1.216054,0.376971,-3.089035
0.050142,-0.395487,0.234225,-0.031113,0.805828,-1.877224
0.078712,-0.453206,0.261912,-2.428337,0.334759,0.475308
-0.080217,-0.396442,0.239612,-1.769949,2.011763,0.077617
-0.044586,-0.260664,0.220941,0.350907,3.341393,-2.489487
0.052190,-0.292399,0.322506,-0.700845,1.393943,-1.643161
-0.040687,-0.264534,0.307739,-0.943874,1.548926,-0.188727
-0.081734,-0.159296,0.288133,1.069258,2.687141,-0.119118
0.063186,-0.144696,0.308569,1.100182,1.594165,2.721898
-0.011562,-0.106606,0.308185,1.370136,0.857838,4.565232
-0.086874,-0.003803,0.317533,2.908720,0.384901,5.453933
0.025871,-0.017613,0.279490,2.774567,0.123019,8.333065
-0.052874,-0.025884,0.286160,2.706190,-2.688610,8.415010
-0.151358,0.095582,0.310555,4.749639,-2.093684,5.237970
-0.013036,0.102659,0.291018,3.608280,-3.378056,5.080474
-0.031699,0.051105,0.314031,2.138749,-3.637687,6.006611
-0.171026,0.145787,0.334963,4.764489,-1.299833,3.451108
-0.014742,0.220289,0.320031,3.440550,-0.673731,2.510083
0.061157,0.160634,0.333696,0.956769,0.653592,2.823876
-0.048817,0.204221,0.347482,1.758347,2.456940,1.859451
0.063380,0.298329,0.326176,1.346151,3.459138,0.995983
0.162801,0.251327,0.304978,-1.737860,3.716277,0.705778
0.078456,0.258917,0.311691,-0.904147,4.703411,0.384196
0.158452,0.348068,0.292360,-0.504566,4.283739,1.427290
0.237920,0.307201,0.290470,-3.861837,1.554444,3.990220
0.135908,0.265675,0.271615,-3.268382,2.053076,4.806296
0.177313,0.312719,0.255712,-1.782251,0.034485,3.251112
0.329172,0.268055,0.268100,-4.145928,-1.983509,4.219412
0.258698,0.210583,0.228290,-3.861745,-1.049793,2.962106
0.206701,0.263292,0.220925,-1.257255,-2.354930,0.269494
0.353363,0.203847,0.221735,-2.794424,-3.199442,2.605898
0.325715,0.147806,0.208455,-3.525663,-3.248571,3.557579
0.270052,0.213179,0.163423,-0.698292,-0.365924,1.940467
0.364583,0.181001,0.172758,-0.501789,-0.914239,3.181431
0.355602,0.103926,0.156540,-1.886443,0.587654,4.731209
0.280349,0.141208,0.110576,-0.168300,3.731206,2.654809
0.416465,0.138559,0.117991,1.773623,4.726894,-0.885674
0.458030,0.056840,0.137459,-0.066354,4.330559,-0.691187
0.390389,0.048105,0.092063,1.428780,6.549107,0.118057
0.457751,0.056485,0.064218,2.866028,6.742199,0.822070
0.536034,-0.014455,0.107287,2.133418,3.969974,2.766612
0.490005,-0.032101,0.030261,2.194156,5.257766,4.711207
0.549548,-0.028487,-0.013530,3.030032,3.922926,3.552005
0.586190,-0.076106,0.030714,2.825152,1.166095,4.147202
0.513379,-0.083698,-0.006968,1.990973,-0.121238,4.332389
0.532886,-0.068208,-0.039478,2.505860,0.151162,3.496473
0.624138,-0.111720,-0.059061,1.681748,-1.371137,5.232010
0.592647,-0.149268,-0.057469,1.918005,0.390134,5.435659
0.536888,-0.169616,-0.050434,2.111232,-1.513349,3.941114
0.629151,-0.239916,-0.076353,1.057238,0.215810,3.864180
0.680150,-0.312461,-0.094862,0.855138,2.221025,1.183821
0.675472,-0.309894,-0.055453,1.376501,2.056503,-4.469058
0.741613,-0.327239,-0.092371,1.362344,5.813703,-8.505449
0.748477,-0.414476,-0.123452,0.351284,7.202525,-10.041160
0.708992,-0.429585,-0.093730,0.347105,7.246582,-9.027615
0.760359,-0.416941,-0.078342,0.748419,6.278214,-7.984084
0.775885,-0.430045,-0.120991,-0.375707,6.021146,-7.100838
0.685359,-0.475700,-0.120278,-1.019758,5.397710,-7.490331
0.671097,-0.454840,-0.121634,0.282536,4.344851,-7.148324
0.710433,-0.444235,-0.128898,0.029602,2.453431,-7.948122
0.673289,-0.475900,-0.112482,-1.428612,-0.165455,-8.564473
0.649863,-0.455369,-0.149456,-0.727575,0.565964,-8.723718
0.634278,-0.423562,-0.129961,0.404545,-0.951090,-7.785358
0.588406,-0.430760,-0.114156,-0.439853,-1.920887,-7.055745
0.589518,-0.419439,-0.153191,0.077010,-0.553213,-6.465017
0.605451,-0.419456,-0.177980,1.156046,1.388303,-7.122122
0.595765,-0.399219,-0.113251,0.623851,1.442247,-7.326947
0.539625,-0.363776,-0.080758,1.063077,0.743314,-9.084790
0.582281,-0.296686,-0.122609,0.899855,5.242010,-8.339358
0.606357,-0.284869,-0.082314,0.731236,6.217610,-6.492795
0.564867,-0.244009,-0.079244,0.578888,6.728042,-4.659364
0.535713,-0.169173,-0.076934,1.279032,6.072316,-3.119383
0.518421,-0.116037,-0.092765,0.270683,5.417542,-0.069014
0.510566,-0.068264,-0.089128,-0.083360,5.749846,1.282513
0.482294,-0.024023,-0.102888,0.778703,4.075527,2.951317
0.479140,0.038566,-0.078302,1.167632,2.002799,4.314619
0.441914,0.046053,-0.074958,0.025810,-1.048651,6.185329
0.406437,0.083854,-0.102885,-0.115023,-0.603976,7.803370
0.421901,0.157656,-0.082619,1.030275,-1.729764,8.609481
0.389467,0.182245,-0.066771,0.513347,-3.172018,8.772621
0.350593,0.194259,-0.087631,0.029526,-2.148777,9.567922
0.322380,0.234511,-0.081319,0.955836,-1.681597,8.305399
0.294266,0.265987,-0.032187,0.630799,-1.562661,7.717763
0.254588,0.291872,-0.034035,0.059829,-0.942376,7.936914
0.214700,0.308179,-0.070182,0.154482,2.455089,9.157189
0.191542,0.299277,-0.050605,0.743811,2.354630,10.032349
0.139857,0.312975,-0.028669,0.370295,-0.747891,9.373090
0.103097,0.295752,-0.037387,0.033993,3.576314,8.792144
0.087597,0.258122,-0.027576,0.931257,4.076269,8.719228
0.074517,0.262274,-0.002403,0.887736,3.579347,8.286615
0.009354,0.222465,-0.036888,0.722537,3.221285,6.098646
-0.001399,0.175126,-0.027018,1.427336,2.146175,4.638211
-0.000441,0.127301,0.012129,1.801264,0.417972,4.819678
-0.005378,0.099479,-0.021208,1.385796,0.085070,5.074504
0.023508,0.081245,-0.063069,1.913090,2.887560,2.815145
0.020344,0.015668,0.002222,1.518706,-2.592759,1.660404
0.043557,-0.046662,-0.014065,1.429210,-1.049235,1.465438
0.062805,-0.060140,-0.029516,0.879343,-0.353660,-1.142361
0.097317,-0.102976,0.031932,0.816792,-1.934089,-4.277995
0.121246,-0.160084,0.007553,0.387670,-0.204753,-5.359627
0.136269,-0.200875,-0.005065,-0.325411,1.234137,-5.620311
0.174388,-0.226629,0.030829,-0.308322,1.035563,-5.806470
0.162749,-0.294106,0.045754,-0.580863,2.128972,-5.574949
0.198449,-0.328115,0.021654,-1.763945,3.152102,-6.106612
0.232163,-0.333902,0.028633,-1.606589,3.705386,-7.058633
0.208053,-0.340667,0.049752,-1.646907,2.691034,-7.247735
0.217113,-0.345473,0.017499,-1.777820,2.715698,-7.274421
0.228965,-0.361153,-0.014272,-2.516920,2.789172,-6.379063
0.222237,-0.365781,0.034643,-2.731654,1.071725,-4.622180
0.207846,-0.348397,0.056967,-1.699029,0.925453,-3.648950
0.206336,-0.327262,0.024760,-2.370993,-0.047504,-2.437740
0.189392,-0.341619,0.005905,-1.257472,-0.030678,-0.480035
0.125549,-0.346017,0.067008,-1.239491,-6.338730,-0.307878
0.132912,-0.341649,0.016527,0.790553,-1.657684,-1.304703
0.129212,-0.335481,0.055598,0.142173,-4.115502,-3.067353
0.129449,-0.351683,0.006621,1.588218,-0.414244,-3.609402
0.119417,-0.351755,0.018871,3.362947,1.590646,-3.085049
0.115147,-0.351082,0.034915,3.362852,-0.960025,-2.877270
0.091874,-0.350662,0.000437,3.594543,1.733202,-3.520130
0.089731,-0.349451,-0.004608,4.376006,3.668140,-4.304929
0.102053,-0.314017,0.013970,4.510750,2.574209,-4.716934
0.130519,-0.249428,0.012736,3.563629,2.900447,-3.960151
0.118206,-0.224295,-0.042757,3.078438,4.593085,-2.681816
0.129947,-0.228391,-0.016793,3.632097,3.739323,-0.575291
0.191519,-0.160704,-0.023935,2.536291,1.721546,0.831954
0.223602,-0.126780,-0.028304,1.178261,1.756307,0.598028
0.266595,-0.120537,-0.057321,1.038003,2.512213,0.844225
0.313977,-0.103478,-0.062107,0.483149,0.634439,3.633810
0.351299,-0.064906,-0.085652,-0.618851,-0.010682,3.441955
0.388945,-0.035528,-0.133234,-0.943793,1.035792,0.903455
0.435139,-0.063074,-0.100209,-0.930013,-0.309456,-0.488410
0.475762,-0.041515,-0.112128,-1.721015,-1.549623,0.865121
0.491941,0.015727,-0.181322,-1.878457,0.324370,-0.421881
0.530405,0.023756,-0.140833,-2.028858,1.845813,-1.796828
0.578223,0.003103,-0.130638,-1.978023,1.709119,-1.531763
0.604096,0.030025,-0.141617,-1.557422,1.719242,-1.717871
0.617675,0.057857,-0.147575,-2.136883,2.760057,-1.875212
0.630979,0.062026,-0.175390,-1.956986,3.965756,-3.208006
0.636290,0.063158,-0.162989,-0.738663,4.653288,-2.636258
0.676710,0.084599,-0.188175,-0.561399,4.723034,-1.222557
0.680836,0.141001,-0.194773,-0.570658,5.148907,-1.344792
0.619999,0.110530,-0.174005,-0.357566,4.106864,-1.091008
0.646190,0.127835,-0.185678,0.278764,4.136150,1.952122
0.681617,0.175313,-0.194504,0.126358,3.065517,3.720411
0.661752,0.175582,-0.182471,0.425887,2.630919,3.615277
0.634452,0.178277,-0.171530,1.579578,1.977813,3.190102
0.623830,0.192450,-0.186416,0.665170,0.808910,4.034011
0.611763,0.193090,-0.171931,0.310909,-1.082835,3.281915
0.635548,0.210563,-0.158824,1.797486,0.423470,2.429801
0.611304,0.213954,-0.177649,1.021557,-0.753498,2.737440
0.581440,0.195805,-0.180163,0.376371,0.984793,3.934516
0.591261,0.190438,-0.197104,1.449151,2.612551,3.742687
0.594170,0.203469,-0.195656,1.389039,2.743070,3.662743
0.584733,0.172276,-0.176667,-0.148474,3.251458,4.272794
0.595446,0.158812,-0.183852,-0.081454,4.793275,4.639230
0.593802,0.165131,-0.184936,0.387951,4.259278,5.265240
0.598745,0.130754,-0.177895,-0.149213,3.738253,5.057190
0.604746,0.092651,-0.223363,-1.011953,4.419284,4.903917
0.587185,0.054611,-0.207762,-0.151691,4.086901,5.560559
0.594596,0.057105,-0.207102,-0.213614,3.609667,5.798982
0.596461,0.048998,-0.238492,-1.250044,2.718048,5.509028
0.601388,-0.001749,-0.240150,-0.376092,3.775916,5.357114
0.553582,-0.070992,-0.210670,0.047838,-0.073370,4.560838
0.545291,-0.069039,-0.246842,0.226912,-0.173494,4.278846
0.504346,-0.123718,-0.260921,-0.049223,0.500249,1.735084
0.491160,-0.198698,-0.253437,0.847788,-0.136892,0.151019
0.503958,-0.251992,-0.227447,2.043649,0.494446,-0.261458
0.525396,-0.300641,-0.258515,2.306264,1.082219,-1.462771
0.478073,-0.369241,-0.290811,2.343188,1.956431,-4.636358
0.447950,-0.451876,-0.256247,3.788784,4.936225,-6.668828
0.496556,-0.487323,-0.264978,2.987485,3.602757,-6.685517
0.520069,-0.507366,-0.271448,2.583483,4.742216,-8.812629
0.413222,-0.561241,-0.242490,3.391652,4.312312,-10.111403
0.358267,-0.566332,-0.275836,2.429773,4.634585,-9.325493
0.371404,-0.566099,-0.283744,0.822221,3.393581,-8.977522
0.372658,-0.550632,-0.277917,1.048857,3.602357,-8.251939
0.307997,-0.537193,-0.279158,0.670100,1.742219,-7.187622
0.264636,-0.574426,-0.274914,-1.302960,-0.104756,-6.290860
0.259479,-0.558375,-0.275390,-0.687303,0.529253,-5.450169
0.216860,-0.521096,-0.284246,-1.002407,-0.597326,-7.095801
0.200848,-0.529214,-0.287384,-1.659634,-0.747372,-8.787577
0.242811,-0.528633,-0.310482,-2.719943,0.057452,-8.156970
0.196798,-0.484382,-0.273699,-1.856836,-1.021423,-7.484883
0.120803,-0.430924,-0.287702,-1.620221,0.270915,-6.021557
0.127820,-0.421812,-0.333801,-2.101335,2.939180,-5.611912
0.127614,-0.405633,-0.257835,-1.842738,0.035880,-3.779284
0.111553,-0.315094,-0.271027,-0.918469,2.590861,-2.001690
0.089212,-0.278846,-0.287669,-0.812141,2.968426,-2.377215
0.072400,-0.298205,-0.259575,-0.403165,2.292628,-2.268307
0.066626,-0.234634,-0.239217,0.543647,1.371523,-1.428115
0.097002,-0.159857,-0.279079,0.958111,2.947215,-0.784564
0.117934,-0.142053,-0.273726,1.291912,2.472588,-1.007986
0.070519,-0.109025,-0.254422,2.594662,1.150399,1.231421
0.020045,-0.043317,-0.290949,2.589617,0.910708,5.144382
0.040537,0.012021,-0.283767,2.736398,-0.891994,7.694017
0.016976,0.049487,-0.276352,3.076908,-3.947228,7.763827
-0.047373,0.073554,-0.296013,3.298328,-2.944794,7.568432
-0.070134,0.093534,-0.304439,2.786091,-3.496300,9.055045
-0.053426,0.119794,-0.331329,3.459118,-1.784338,8.587730
-0.086047,0.118566,-0.269797,3.138611,-3.047351,7.824579
-0.091174,0.125850,-0.304456,2.458533,-1.484989,6.675252
-0.073232,0.113475,-0.313230,2.374328,1.652868,5.121763
-0.089487,0.114640,-0.281879,2.361294,0.211391,4.177523
-0.102571,0.131374,-0.296959,1.673597,1.916497,3.280061
-0.089434,0.091693,-0.275922,0.554220,3.076110,3.058530
-0.026382,0.082784,-0.264348,0.073727,2.897443,5.053653
-0.050485,0.114525,-0.262267,-0.571144,3.108645,4.944410
-0.100184,0.081661,-0.285533,-2.060141,3.617495,2.811382
-0.069162,0.040982,-0.257491,-1.912280,1.859454,2.342605
-0.030721,0.058550,-0.227640,-2.080711,0.808733,3.651432
-0.051946,0.059521,-0.246288,-2.513895,-0.072526,2.961190
-0.055336,0.032957,-0.255945,-3.588050,-1.264688,1.541641
-0.090012,-0.013726,-0.228369,-2.454949,-3.452177,0.770819
-0.104084,-0.035331,-0.218870,-2.468479,-4.201049,1.731993
-0.059610,-0.045753,-0.242844,-2.621326,-3.306473,0.270140
-0.044383,-0.085477,-0.208507,-1.921231,-4.502781,-1.877162
-0.063237,-0.134057,-0.206281,-1.533299,-3.258822,-2.618961
-0.060611,-0.125349,-0.229879,-1.118576,0.152518,-3.062780
-0.081671,-0.141672,-0.196454,0.011544,-0.196520,-4.225889
-0.080221,-0.189035,-0.183958,0.237176,1.331934,-4.924202
-0.055924,-0.205565,-0.216240,0.193280,2.453766,-4.315735
-0.065367,-0.210177,-0.191317,1.918602,3.254862,-4.463711
-0.090928,-0.236601,-0.175548,2.263822,2.961579,-4.215772
-0.075385,-0.242712,-0.165031,1.679273,3.231780,-3.832432
-0.039515,-0.257122,-0.213920,1.714999,3.517916,-4.321239
-0.013896,-0.269563,-0.187470,2.046065,2.236649,-4.176391
-0.029458,-0.232199,-0.193687,2.633139,1.056764,-3.016483
-0.053997,-0.256420,-0.205395,1.898953,-0.079767,-1.749967
-0.012707,-0.244564,-0.223009,0.702219,-1.070748,-0.119171
0.012847,-0.216092,-0.194002,2.035394,-2.009434,0.457665
-0.012573,-0.212219,-0.216592,0.885267,-3.019122,1.630090
-0.016147,-0.240425,-0.247272,0.466746,-2.858506,1.578254
0.028284,-0.261659,-0.217484,0.813227,-2.723180,2.263191
0.104358,-0.262342,-0.207758,1.151742,-1.840336,2.631922
0.079871,-0.270052,-0.220826,0.332715,-0.101904,0.070477
0.066623,-0.326096,-0.221889,1.079489,1.240892,-2.113563
0.115140,-0.328374,-0.220448,1.548779,2.326618,-3.658179
0.186281,-0.307193,-0.193473,0.798178,2.197579,-4.375739
0.182696,-0.325332,-0.220511,0.423198,4.082279,-3.883482
0.144600,-0.342935,-0.236319,0.154393,4.742499,-3.370847
0.169734,-0.318616,-0.205805,0.627842,2.965968,-1.963196
0.223018,-0.287396,-0.205303,0.053655,2.906158,-1.443089
0.219476,-0.292231,-0.251100,-0.562682,2.871007,-1.795147
0.157162,-0.281015,-0.237366,-0.076855,1.044028,-1.821139
0.138669,-0.249018,-0.205349,0.042754,-1.691589,-1.384490
0.193102,-0.195170,-0.240691,-0.589260,-1.419905,-1.414724
0.201836,-0.190568,-0.262122,-0.260800,-2.032427,-3.403304
0.159532,-0.211910,-0.216759,0.747398,-1.164744,-2.456055
0.173128,-0.190696,-0.233411,0.056734,-1.932681,-1.301033
0.218813,-0.158009,-0.247853,-0.129161,-1.016605,-2.486099
0.252317,-0.165395,-0.219408,0.673087,-0.067002,-4.078901
0.252363,-0.156417,-0.219014,0.506021,1.246282,-4.163602
0.241383,-0.101305,-0.240727,0.055923,2.951873,-5.010469
0.239555,-0.069390,-0.216125,0.830506,3.570455,-5.382422
0.257802,-0.060915,-0.211074,0.466188,3.728915,-5.132520
0.293193,-0.031537,-0.252780,-0.627963,4.063930,-2.668291
0.303854,0.017188,-0.265730,0.059878,5.048872,-0.519613
0.295990,0.039850,-0.229393,0.305378,3.870588,0.770063
0.304317,0.027225,-0.230831,-0.199671,-0.057053,1.736526
0.341435,0.051342,-0.275324,-0.724211,2.601000,2.622876
0.343871,0.098605,-0.258377,0.162802,0.987852,2.814163
0.354463,0.139879,-0.260684,-0.140525,-0.584603,2.368103
0.349375,0.157010,-0.299030,-0.925832,-1.096801,2.614653
0.327199,0.125567,-0.294953,0.235718,-1.353032,3.060136
0.351151,0.163588,-0.288139,-0.431588,-1.831424,5.427953
0.350964,0.176898,-0.333486,-0.622827,-1.076217,5.281828
0.339029,0.152529,-0.324702,0.003203,-0.621370,4.723190
0.388728,0.134335,-0.311060,0.395409,-0.692799,5.802959
0.407960,0.157377,-0.352182,0.427527,1.556023,6.983570
0.340611,0.142327,-0.338544,0.502905,2.533976,6.409874
0.299745,0.094020,-0.315751,0.938206,3.341935,5.773238
0.325253,0.090577,-0.300149,1.484046,3.200534,6.271008
0.316016,0.070019,-0.264082,1.118143,2.395743,6.813428
0.239702,0.037447,-0.270295,0.900172,3.099356,5.427413
0.170975,-0.019599,-0.264574,2.024506,3.303790,4.001301
0.184341,-0.048484,-0.245375,1.329880,1.572970,4.066442
0.222696,-0.031077,-0.265871,1.281959,2.040842,3.814312
0.176345,-0.059516,-0.287285,1.301490,1.003884,3.188445
0.119811,-0.137599,-0.281863,1.353569,-0.456210,3.493371
0.126350,-0.143159,-0.291474,0.758709,-2.420533,4.115046
0.084443,-0.143681,-0.324810,0.735003,-1.456225,1.768626
0.057196,-0.196108,-0.309662,1.003316,-1.190249,-1.748153
0.042828,-0.267603,-0.308644,0.545259,-2.257695,-3.250791
0.007138,-0.272724,-0.343642,0.018857,-0.756150,-2.871867
-0.038159,-0.290882,-0.353696,0.029561,0.952281,-3.448113
-0.059498,-0.359741,-0.315137,-0.004710,-1.459284,-5.500625
-0.067298,-0.377703,-0.324850,0.030871,0.595384,-5.556006
-0.108866,-0.366362,-0.357595,-0.313237,3.234845,-5.499359
-0.109267,-0.412090,-0.303773,-0.586411,1.265812,-6.502016
-0.135559,-0.440378,-0.274448,-0.200806,0.008015,-6.336916
-0.207001,-0.420030,-0.298748,-0.656767,1.604235,-6.358834
-0.177200,-0.434975,-0.306540,-0.764565,1.894130,-7.385006
-0.156048,-0.461152,-0.280402,0.041940,0.941232,-7.403538
-0.256960,-0.448945,-0.317533,-0.088212,-0.778923,-6.318201
-0.298240,-0.461510,-0.352123,-0.222090,0.348762,-6.535739
-0.230852,-0.463693,-0.326015,0.038979,-1.330347,-5.710615
-0.240052,-0.421274,-0.330948,1.062473,-2.946537,-6.149671
-0.350976,-0.426155,-0.324541,0.911907,-5.177919,-6.614295
-0.349538,-0.469355,-0.337467,0.557873,-3.649153,-6.740567
-0.345977,-0.424911,-0.337924,1.453779,-3.520885,-5.036670
-0.412259,-0.375674,-0.326960,2.072114,-3.256902,-4.521174
-0.370191,-0.381783,-0.326422,1.450641,-2.792456,-3.474036
-0.355351,-0.370324,-0.335803,1.244467,-2.300852,-1.037921
-0.492892,-0.349290,-0.307380,2.060406,-0.608450,0.367785
-0.512176,-0.331181,-0.299010,2.288053,-0.330976,-0.283258
-0.411268,-0.304826,-0.291172,0.836995,-0.529885,-1.100125
-0.476132,-0.248631,-0.306419,1.001002,1.323015,-3.096352
-0.516260,-0.228460,-0.263868,1.437317,0.495240,-3.485200
-0.453522,-0.191631,-0.296926,0.228503,-0.299704,-1.039871
-0.520051,-0.142706,-0.330187,-0.590179,-0.265645,1.162540
-0.544758,-0.094848,-0.301219,-0.502788,-0.276307,3.975845
-0.422365,-0.038732,-0.305861,-0.492110,-1.931735,6.594560
-0.461538,0.028361,-0.308076,-1.454770,-3.791401,8.746172
-0.582260,0.017122,-0.337585,-1.353153,-2.310808,9.241822
-0.488516,-0.010913,-0.310630,-0.072234,-3.914647,8.749819
-0.422103,0.029215,-0.298459,-0.392885,-5.191489,8.763783
-0.537628,0.040382,-0.322391,0.451768,-3.093213,5.817467
-0.549199,-0.007627,-0.298577,1.128325,-3.948502,2.960448
-0.448438,-0.012476,-0.269107,1.472288,-4.429576,3.054479
-0.518423,-0.007749,-0.292140,2.017829,-2.505834,2.489730
-0.518482,-0.023301,-0.299575,1.958319,-0.074657,0.104815
-0.425139,-0.041151,-0.259027,2.230610,-1.663593,-1.585738
-0.477891,-0.024003,-0.250417,2.507257,-2.036068,-0.925644
-0.483494,-0.021939,-0.269547,1.790215,2.592925,-0.544106
-0.398144,-0.041781,-0.255869,1.257403,-0.180863,-1.819421
-0.472242,-0.061456,-0.218545,1.841628,0.408558,-2.768119
-0.504991,-0.046685,-0.243698,0.814885,0.715935,-3.146923
-0.365573,-0.026895,-0.248251,-0.284624,-0.826772,-4.159409
-0.404857,-0.060166,-0.224640,0.040768,-1.490700,-2.656778
-0.504259,-0.064033,-0.253476,-0.877783,-1.844377,0.038609
-0.399713,-0.046531,-0.252895,-1.747423,-3.609544,0.672006
-0.357833,-0.053874,-0.245287,-2.552775,-3.371236,1.575397
-0.429078,-0.082454,-0.220452,-2.215511,-3.259557,1.419168
-0.359523,-0.066744,-0.243760,-2.426871,-4.099323,1.988101
-0.289013,-0.095347,-0.227712,-2.967659,-3.777848,2.467851
-0.395443,-0.096408,-0.195636,-2.128343,-4.784466,0.826334
-0.363892,-0.094786,-0.207099,-1.891032,-2.197915,-1.576316
-0.241995,-0.120501,-0.189945,-2.057248,-1.748270,-2.960121
-0.297502,-0.129737,-0.208182,-0.981393,1.557546,-2.961914
-0.309538,-0.153932,-0.151550,-0.035972,1.158483,-3.107218
-0.159002,-0.160494,-0.143626,-0.144263,1.132641,-2.265713
-0.202370,-0.169757,-0.182011,0.206367,1.925865,-1.256492
-0.232775,-0.184807,-0.134770,1.702909,1.982385,-0.952640
-0.078839,-0.188972,-0.115847,2.311424,0.914565,0.462826
-0.106293,-0.197064,-0.154865,1.887704,0.134875,2.829576
-0.199294,-0.204771,-0.142622,2.370833,1.382385,3.359176
-0.056121,-0.188802,-0.108560,3.468595,-1.989907,2.948762
-0.021399,-0.165861,-0.114993,2.723285,-3.367592,4.105074
-0.169998,-0.196145,-0.109023,2.452290,-2.945877,4.192575
-0.098211,-0.216312,-0.115030,3.272732,-2.350164,3.539283
-0.004737,-0.231372,-0.098109,3.017240,-3.156794,4.079604
-0.067307,-0.250049,-0.082474,2.859861,-2.648400,2.600670
-0.037125,-0.263927,-0.106124,2.644720,-0.698536,-0.783409
0.033040,-0.314503,-0.093329,2.468059,0.033575,-2.589960
-0.066480,-0.338533,-0.094751,2.303369,0.581969,-4.090296
-0.057217,-0.299039,-0.118808,1.955798,2.736515,-6.070815
0.061748,-0.332333,-0.085809,0.873034,2.061512,-6.290437
0.003662,-0.358563,-0.106843,0.380117,2.795727,-4.539920
-0.070823,-0.332018,-0.118407,1.120405,3.661083,-3.213738
-0.006028,-0.360247,-0.108432,-1.128613,1.021438,-3.285995
-0.016617,-0.401307,-0.118693,-1.479834,1.600779,-2.794525
-0.053219,-0.339951,-0.133690,-0.306675,2.324914,-4.269448
0.042667,-0.300300,-0.103528,-1.800466,-1.285203,-5.363398
0.014012,-0.328502,-0.142641,-2.928818,-1.160024,-5.335668
-0.127977,-0.311952,-0.143318,-1.984549,-0.941345,-4.845757
-0.050166,-0.274139,-0.120856,-1.410601,-2.852856,-4.054330
0.029935,-0.258117,-0.131370,-2.867679,-3.231495,-2.655580
-0.064550,-0.282568,-0.174501,-1.511139,-1.167777,-2.863869
-0.072743,-0.265719,-0.159536,0.310194,-1.858054,-4.210135
-0.013948,-0.258678,-0.146879,-0.369268,-1.374863,-4.045924
-0.076997,-0.223891,-0.175748,-0.614213,0.471705,-5.916765
-0.066119,-0.164613,-0.168415,0.517539,1.792834,-7.757931
0.029876,-0.163428,-0.132696,1.141573,1.806532,-6.329245
-0.058090,-0.134806,-0.131888,0.727851,1.733970,-2.075947
-0.126477,-0.074576,-0.169580,1.216091,3.193034,-0.276706
-0.024442,-0.060419,-0.146544,1.566705,1.914685,0.227750
-0.043329,-0.060324,-0.144795,1.474576,1.356657,1.991076
-0.101862,0.038074,-0.175082,0.953519,1.515031,2.048691
-0.045578,0.082069,-0.217593,1.397416,1.592930,3.310146
-0.099127,0.062748,-0.176280,0.778456,-1.912405,5.312637
-0.178595,0.078996,-0.192712,2.049925,-2.416030,6.774457
-0.084241,0.164369,-0.203478,1.145840,-2.766072,8.853295
-0.066592,0.136104,-0.193427,0.263114,-4.123794,8.423513
-0.238125,0.124074,-0.171629,1.224008,-5.412961,8.224125
-0.195733,0.141366,-0.224794,1.186483,-1.870804,8.922386
-0.129428,0.133682,-0.200770,0.201538,-2.954727,8.574701
-0.239002,0.109516,-0.192666,1.203604,-1.060560,6.274888
-0.294987,0.106762,-0.202093,1.218270,-1.155334,5.610380
-0.248048,0.078123,-0.224075,-0.267558,-1.203490,5.894302
-0.318273,0.061724,-0.214087,0.587215,0.538221,5.405353
-0.365080,0.053321,-0.204919,0.944344,1.168741,3.158978
-0.292936,0.006884,-0.177288,0.063193,0.748933,2.511654
-0.357009,-0.041548,-0.192170,0.393860,1.541655,2.184400
-0.423308,-0.041174,-0.171058,0.814393,1.355042,1.358511
-0.324339,-0.062293,-0.166511,0.652421,0.221501,1.334771
-0.344125,-0.122080,-0.179418,-0.797245,-1.307878,2.782367
-0.469882,-0.155754,-0.172328,-0.064628,-1.326792,1.842301
-0.409357,-0.156286,-0.156444,0.723998,-2.388670,0.998909
-0.398827,-0.227305,-0.147985,0.089995,-4.541044,0.479726
-0.495846,-0.287016,-0.180284,0.076156,-4.130546,-1.475437
-0.469826,-0.305062,-0.183770,1.050876,-3.526856,-2.658496
-0.435292,-0.365167,-0.142188,1.196268,-5.144067,-4.571002
-0.526360,-0.400243,-0.156907,0.302825,-4.340264,-7.188381
-0.531789,-0.408226,-0.144329,1.408291,-2.617020,-9.664597
-0.468681,-0.427199,-0.109124,1.408534,-2.320061,-8.450058
-0.576850,-0.435270,-0.117206,-0.474992,-2.559104,-7.030073
-0.610498,-0.413078,-0.146452,-0.330902,0.566791,-7.544619
-0.533637,-0.429746,-0.102149,0.287151,-0.002902,-6.449018
-0.584285,-0.439731,-0.097551,-0.867578,-0.353276,-3.987478
-0.663119,-0.426611,-0.122576,-1.026323,0.983707,-5.842110
-0.614254,-0.435953,-0.098837,0.183731,0.735141,-6.640392
-0.609776,-0.464566,-0.057781,-0.800639,-1.098741,-3.747345
-0.635563,-0.408236,-0.065022,-0.853263,-0.420399,-2.768128
-0.623513,-0.358395,-0.076855,0.667970,-1.290222,-3.456243
-0.643562,-0.422557,-0.045248,0.069946,-3.737076,-1.006709
-0.700290,-0.409917,-0.054062,0.162094,-4.076782,0.622798
-0.677877,-0.353882,-0.018615,1.934272,-4.985453,-1.159777
-0.631716,-0.390124,-0.014525,1.717024,-5.786687,-1.196299
-0.701064,-0.393071,-0.035916,1.637106,-5.628253,-2.265256
-0.718241,-0.326067,-0.019964,2.594397,-4.809022,-2.774055
-0.654099,-0.302266,-0.020771,2.026784,-4.399433,-1.616180
-0.677073,-0.297047,0.004944,1.983358,-5.291531,-0.501448
-0.687156,-0.248335,0.020322,2.172022,-1.835284,1.249894
-0.631755,-0.234437,0.032601,1.977305,-1.106737,3.752646
-0.657851,-0.240283,0.056836,1.994085,0.011169,4.781914
-0.688414,-0.192022,0.050409,1.872904,0.660061,3.721383
-0.607603,-0.161544,0.045882,1.089527,0.723435,2.410427
-0.575636,-0.188854,0.074055,1.073991,0.324071,3.105527
-0.629100,-0.151815,0.087841,1.646255,-0.451434,2.778151
-0.599725,-0.118150,0.092726,1.484696,-1.559792,2.532445
-0.580769,-0.158114,0.074301,1.077796,-1.884091,3.106655
-0.598150,-0.134717,0.083335,1.048818,-3.797030,3.257253
-0.544400,-0.057898,0.077636,1.090338,-4.398849,2.125327
-0.536148,-0.095173,0.048098,-0.228352,-4.537345,0.976727
-0.578961,-0.153768,0.078437,0.318541,-5.048269,0.344391
-0.534996,-0.098672,0.096845,0.937455,-4.914372,0.661718
-0.485332,-0.065822,0.080016,-0.060242,-4.675466,0.329473
-0.489170,-0.095902,0.101949,-1.136678,-4.391217,-0.592469
-0.489672,-0.079926,0.073947,-0.653677,-1.492151,-0.279308
-0.445940,-0.054330,0.098644,-0.144118,-0.466760,-1.213520
-0.420839,-0.042786,0.105278,-2.078160,-0.531664,-2.517780
-0.379848,-0.034737,0.059311,-2.154050,1.684796,-4.483147
-0.344690,-0.005422,0.083627,-0.760340,2.344500,-3.948772
-0.307418,0.023697,0.104694,-2.259528,0.746885,-0.880341
-0.303587,0.036692,0.083824,-2.301100,1.777174,0.044759
-0.250871,0.036968,0.097695,-1.187080,1.522404,1.045050
-0.201822,0.038852,0.100768,-1.081116,-0.455787,2.794857
-0.219265,0.063825,0.100561,-1.424430,-2.129666,2.490128
-0.216041,0.079331,0.029700,-0.580308,-0.636400,1.152304
-0.170566,0.043992,0.041070,0.502676,-3.420282,0.566909
-0.139748,0.022863,0.083433,0.687688,-5.538242,1.323098
-0.135388,0.032678,0.037351,1.425317,-3.818192,2.050637
-0.124983,0.003388,0.052647,1.731270,-3.574832,1.012383
-0.089310,-0.015922,0.061808,2.656704,-1.579507,2.228077
-0.096347,0.013915,0.082865,1.845725,-3.777217,2.618142
-0.073629,0.043129,0.049900,2.138394,0.662993,1.305872
-0.101763,0.024616,0.037000,2.270308,0.220996,-0.832082
-0.117391,-0.001946,0.083433,1.537235,1.207139,-0.499066
-0.098953,0.018790,0.075056,1.228459,1.710839,1.626245
-0.079462,0.058379,0.061336,0.225665,3.071383,2.300398
-0.103565,0.034565,0.084067,0.986698,3.361423,3.739777
-0.128761,0.006510,0.083866,-0.133299,1.516912,5.092375
-0.104714,-0.026357,0.051367,-0.531331,1.759721,6.062770
-0.086332,-0.023879,0.056937,0.289338,1.119941,3.321074
-0.091200,-0.048047,0.069791,-0.149564,-1.468787,2.158309
-0.092710,-0.076483,0.052916,-0.914808,-1.637586,1.958826
-0.089405,-0.106130,0.033941,0.208462,-1.613047,1.907325
-0.084927,-0.137691,0.050589,0.669073,-3.079469,1.406891
-0.050514,-0.168539,0.042219,0.170090,-1.978759,1.834768
-0.047767,-0.210252,0.030176,-0.056497,-1.534498,1.004623
-0.052051,-0.210732,0.036179,-0.097442,-1.722680,-1.077599
-0.054992,-0.203993,0.035513,0.956316,-0.704652,-4.403301
-0.034408,-0.225778,0.054128,0.490334,-0.646900,-6.180826
-0.008526,-0.260805,0.049421,-0.052689,1.173044,-7.348406
0.009531,-0.262043,0.020696,0.578803,3.353302,-8.122841
0.015144,-0.241866,0.046873,0.817873,2.698180,-8.720836
0.026452,-0.253847,0.080689,0.146854,2.318270,-7.711236
0.003508,-0.251989,0.055073,-1.034177,2.199108,-6.820537
-0.012842,-0.240024,0.042321,0.214757,2.105926,-6.729207
-0.033163,-0.229159,0.086108,0.320314,0.317552,-6.416309
-0.063789,-0.229963,0.051072,-0.099077,-0.381450,-6.002374
-0.108039,-0.206550,0.036018,-0.881800,-1.956459,-5.311930
-0.127675,-0.188204,0.050724,-0.775141,-2.566194,-5.221542
-0.161700,-0.172951,0.046637,0.438843,-2.494884,-3.943738
-0.203213,-0.171877,0.058001,-0.484793,-3.888682,-1.570132
-0.169752,-0.152783,0.053954,-0.337369,-2.343904,0.005883
-0.206105,-0.099345,0.030553,-0.356275,-2.074620,0.297913
-0.264779,-0.073424,0.072811,-0.348529,-2.814127,-0.896876
-0.313536,-0.074934,0.078766,-0.386901,-2.643873,-1.197154
-0.351035,-0.003849,0.053786,-1.272322,-0.666950,-1.083344
-0.383337,0.047281,0.081654,-1.041996,0.049255,-2.180786
-0.411123,0.069864,0.105173,-0.360628,0.426234,-1.648739
-0.426285,0.099255,0.108301,-0.926015,0.930426,1.629370
-0.481545,0.141464,0.079261,-1.206040,1.151186,5.413020
-0.532051,0.186365,0.103653,-0.549549,-0.222429,6.233544
-0.512347,0.183335,0.122868,0.477874,-0.937009,7.945113
-0.522628,0.189713,0.087641,0.094114,-1.334689,10.932855
-0.554579,0.195950,0.093441,0.520588,-1.352254,11.978991
-0.595041,0.153304,0.124135,2.124801,-3.256015,11.596265
-0.563366,0.128660,0.135939,2.705497,-3.532636,11.254560
-0.530413,0.109881,0.109039,3.111551,-4.612746,10.019625
-0.521459,0.094893,0.113855,2.628695,-3.934545,7.919170
-0.517189,0.058100,0.129400,3.903108,-3.157601,4.723751
-0.549186,0.042784,0.125425,3.869059,-3.647551,3.885331
-0.554175,0.054920,0.151770,2.455599,-3.569564,4.079444
-0.502500,0.052668,0.146659,2.885418,-1.537488,2.980789
-0.508690,0.049651,0.170690,2.216362,-1.834155,1.770436
-0.541741,-0.013030,0.180416,1.302213,-1.204935,0.967614
-0.540678,-0.051809,0.164299,0.255118,-0.274367,0.857951
-0.514760,-0.065185,0.180662,0.479033,-0.438626,0.498938
-0.471205,-0.077694,0.187526,-0.910630,-0.859789,0.324024
-0.462293,-0.104873,0.148015,-1.527876,-0.082137,-0.209835
-0.500310,-0.184955,0.189968,-1.369127,-1.383877,-0.470109
-0.497602,-0.223740,0.200662,-1.533200,-2.575175,-0.377724
-0.470204,-0.230968,0.153280,-2.179115,-1.408564,-2.013836
-0.434359,-0.292070,0.170799,-2.000629,-2.189141,-3.502040
-0.411002,-0.332290,0.198936,-1.272814,-3.076344,-2.572092
-0.438108,-0.358395,0.188662,-0.991059,-3.631369,-2.840290
-0.464456,-0.419977,0.177997,-0.556648,-2.344528,-4.821131
-0.435390,-0.440598,0.192338,-0.235938,-3.557671,-5.889918
-0.430887,-0.402991,0.198378,-0.229678,-2.826200,-5.968678
-0.452026,-0.391240,0.186489,0.030157,-1.506893,-8.001555
-0.485224,-0.410189,0.188714,-0.115210,-2.331139,-10.154947
-0.480235,-0.413567,0.230930,-0.027690,-1.610798,-9.795583
-0.435567,-0.381638,0.214314,0.400823,-0.260607,-8.778302
-0.383117,-0.340700,0.207920,0.674634,0.620905,-7.380041
-0.385940,-0.356091,0.235640,0.504144,0.880865,-4.862354
-0.421788,-0.331781,0.197472,0.601133,0.759835,-1.389823
-0.407910,-0.277339,0.166052,0.705925,0.279315,-0.951102
-0.356694,-0.263510,0.181775,0.887963,-0.397661,-1.145685
-0.334609,-0.227026,0.175509,1.860601,-0.458629,-1.254773
-0.408779,-0.215642,0.163774,1.198176,-2.153812,0.143814
-0.386108,-0.213814,0.154724,1.638449,-1.571822,1.807814
-0.370257,-0.220293,0.209321,1.916580,-3.905662,2.241392
-0.358187,-0.172147,0.198194,2.494168,-3.049852,2.764494
-0.289932,-0.140904,0.210385,2.523194,-2.390591,4.087190
-0.270825,-0.142194,0.195351,1.818616,-2.981751,4.883484
-0.324788,-0.131336,0.199858,2.585928,-2.488109,4.260827
-0.329364,-0.076122,0.164710,2.175102,-0.351100,2.685337
-0.258342,-0.062786,0.203813,1.377600,-0.968189,1.654452
-0.211699,-0.034261,0.211399,1.213895,-0.304680,1.289869
-0.248462,0.024888,0.204982,1.054201,-1.240805,0.521495
-0.258145,-0.006206,0.190283,0.676281,0.940195,0.846834
-0.174138,-0.028333,0.180738,-0.006453,0.950682,4.112472
-0.182616,0.046894,0.190211,-0.416012,-1.485937,4.255388
-0.190615,0.088863,0.175519,-0.160107,0.553205,2.899674
-0.155313,0.029615,0.194856,-0.374578,-0.792795,2.730345
-0.167914,0.021064,0.200830,-0.898888,-2.195791,2.985078
-0.188452,0.065962,0.201864,-0.725983,-1.148608,-0.243267
-0.088217,0.049073,0.231343,-0.441408,-1.055534,-2.004691
-0.081642,0.010052,0.248303,-1.295558,-2.178148,-1.047571
-0.119859,0.053702,0.253555,-0.538155,-1.402793,-0.862071
-0.058087,0.094407,0.220022,-0.780517,-0.399615,-1.527139
0.006419,0.082804,0.257593,-1.121809,-0.661615,-1.496234
-0.022312,0.115622,0.212259,-3.998301,-0.834748,-1.525891
-0.044278,0.160020,0.255321,-1.336713,0.552184,-2.225048
0.001105,0.148367,0.301820,-1.088072,0.342545,-2.573823
0.016634,0.151019,0.310322,-2.635304,0.177343,-2.266682
0.025832,0.184080,0.308802,-1.610787,1.879884,-2.399857
0.059503,0.189417,0.341817,-0.707900,1.527807,-0.432497
0.046997,0.185137,0.361958,-1.482831,1.272417,0.280681
0.044952,0.228738,0.329554,-1.263416,2.151631,-0.340777
0.076870,0.220253,0.390036,-0.604552,0.537548,0.846525
0.128769,0.218218,0.403878,-0.449207,0.556189,3.819132
0.077875,0.246394,0.382952,-1.472497,-0.385900,3.396908
0.058377,0.230934,0.422089,0.008030,-0.412807,2.630264
0.114789,0.184333,0.444249,0.832365,-1.096886,4.060536
0.119729,0.207559,0.404964,0.426787,-1.519366,4.070997
0.104170,0.222281,0.434749,1.125454,-1.190268,3.855518
0.111700,0.157318,0.463549,1.502461,-0.588204,3.422821
0.115695,0.153379,0.469500,1.430468,-0.440750,4.035455
0.139483,0.183256,0.456702,1.070506,0.599904,4.122148
0.135560,0.161881,0.460900,1.402327,1.313730,2.548750
0.146415,0.107731,0.451729,1.908236,2.013424,2.488449
0.127518,0.099932,0.503270,0.570164,-2.955810,3.575406
0.142670,0.107511,0.473725,0.724790,2.937532,3.714108
0.162440,0.098353,0.445135,0.086631,3.708895,2.263130
0.162611,0.044508,0.488286,0.381312,2.346926,1.198721
0.195705,0.036315,0.470088,0.493617,1.253881,3.051310
0.197881,0.021993,0.463109,-0.321717,1.072149,3.054675
0.172084,-0.032351,0.405453,-1.377717,1.298148,2.383459
0.158997,-0.067896,0.433764,0.521725,0.474135,1.327364
0.180848,-0.097570,0.475455,-0.106376,-2.855410,1.218004
0.187118,-0.131198,0.427561,-0.248112,-0.775723,0.804168
0.128756,-0.170965,0.361443,-0.744193,-1.109041,-1.010674
0.124256,-0.255307,0.420398,1.607523,-1.050817,-2.565571
0.157943,-0.279679,0.396808,1.345259,-0.980153,-3.805977
0.161649,-0.273984,0.370991,0.461880,1.549918,-6.326136
0.142880,-0.285460,0.393578,0.930743,0.489112,-8.245831
0.132741,-0.340811,0.385726,1.330879,1.632651,-8.826485
0.133834,-0.344478,0.367512,-0.015745,2.264990,-7.892148
0.178659,-0.322729,0.341771,0.736876,4.606314,-9.294590
0.154533,-0.338967,0.332784,0.814446,0.865352,-10.013063
0.095180,-0.363106,0.325667,-0.495066,2.440870,-9.208065
0.087666,-0.346841,0.289990,-0.327721,1.784435,-8.944814
0.078886,-0.330039,0.296191,-0.101275,1.317560,-9.428140
0.065572,-0.319302,0.284952,-0.433012,-1.027345,-8.848754
0.033161,-0.281307,0.207020,-1.316372,-0.754988,-7.251441
-0.052953,-0.250475,0.215732,-1.265802,-1.449863,-5.185505
-0.074207,-0.230272,0.206236,-0.970104,-3.572754,-2.522338
-0.072129,-0.186481,0.184499,-1.168682,-2.617308,-1.000652
-0.074539,-0.187443,0.155857,-1.170694,-2.037912,0.873161
-0.088088,-0.171907,0.147716,-0.526220,-2.031127,2.880388
-0.163552,-0.161502,0.150047,0.357097,-2.471962,3.326533
-0.235575,-0.130860,0.127562,-0.284088,-1.423643,2.357943
-0.238736,-0.089396,0.090261,-0.230358,0.551134,1.382988
-0.270087,-0.016693,0.104946,0.432711,-0.044809,-0.348687
-0.304086,0.017267,0.125100,0.729020,-0.034499,0.222132
-0.326292,0.024757,0.100879,0.655093,0.762142,3.243538
-0.358368,0.028378,0.083745,0.772204,1.118533,5.685912
-0.343387,0.066933,0.109660,2.090145,1.002656,7.898000
-0.341378,0.121560,0.078329,1.919314,0.296863,8.235306
-0.397281,0.103887,0.094459,1.474133,-0.191150,7.597141
-0.405930,0.077851,0.072388,1.758071,-0.836727,8.004084
-0.385323,0.100929,0.094541,3.010272,-2.263403,8.311915
-0.372889,0.095517,0.110792,2.612831,-3.256974,7.599268
-0.385793,0.067724,0.086781,2.208825,-2.671544,7.118063
-0.390598,0.035379,0.102754,3.578915,-3.238044,7.899267
-0.362271,0.020818,0.130372,2.432950,-4.550714,9.720460
-0.309781,0.017490,0.111124,1.517094,-2.350712,8.920550
-0.295240,-0.012226,0.125137,1.929040,-1.707079,6.362388
-0.318529,-0.036559,0.156389,1.494212,-1.705329,6.212410
-0.329453,-0.006676,0.169341,0.219156,-1.728690,4.204906
-0.318493,0.003526,0.149230,-0.519347,-0.291386,0.906209
-0.305432,-0.052987,0.196910,-0.374667,-0.139816,-1.902567
-0.289115,-0.096539,0.236769,-1.205215,-1.767321,-1.869860
-0.296543,-0.121298,0.205185,-1.879618,0.318527,-1.030268
-0.297252,-0.172777,0.222037,-1.100867,0.477824,-2.526613
-0.276724,-0.185723,0.241069,-0.951381,-0.443904,-2.731759
-0.252306,-0.201948,0.278138,-1.343550,-1.150928,-2.436326
-0.236629,-0.239847,0.255732,-1.383652,-0.411720,-3.039805
-0.233113,-0.293180,0.269518,-0.684164,-0.698425,-3.717986
-0.263824,-0.336410,0.305060,-0.323342,-2.329993,-4.271431
-0.199856,-0.335002,0.290506,-0.084515,-1.397288,-3.263025
-0.180837,-0.361586,0.306101,-0.043524,-2.360074,-3.884095
-0.237525,-0.390632,0.363044,0.682847,-3.103927,-5.010425
-0.209555,-0.405242,0.362575,1.661253,-2.007464,-7.022708
-0.126116,-0.392260,0.337750,0.541610,-1.046888,-7.221580
-0.114650,-0.376945,0.392048,0.472255,-0.162087,-7.710952
-0.110071,-0.334677,0.402243,2.022446,1.850126,-7.760786
-0.019784,-0.336081,0.409468,0.962602,0.968345,-5.232368
0.014695,-0.366326,0.397612,0.037047,3.133385,-2.237919
-0.053232,-0.323139,0.430856,1.674133,1.824169,-2.046256
0.020613,-0.277053,0.448562,1.832603,1.884155,-2.021154
0.099982,-0.297316,0.443241,-0.372831,1.231222,-1.948876
0.035991,-0.283234,0.444958,0.841979,1.306016,-1.830158
0.046491,-0.222224,0.456000,2.838502,1.350171,-0.834300
0.146793,-0.268739,0.471834,0.928422,-1.146392,2.676442
0.147315,-0.282745,0.459791,0.787983,0.832413,4.375676
0.169642,-0.176886,0.451125,2.418541,0.160255,4.262542
0.259384,-0.211096,0.474529,2.378469,0.166442,4.719437
0.174195,-0.290006,0.490465,0.976615,-2.614787,4.009695
0.178038,-0.191815,0.443011,2.789715,0.546155,0.606513
0.320782,-0.172298,0.484298,2.338712,0.308099,-2.283685
0.301859,-0.241508,0.503572,1.188848,0.192327,-3.114812
0.215892,-0.162161,0.462729,2.597910,2.000065,-2.782796
0.305230,-0.145168,0.437940,2.317924,3.674446,-1.367535
0.391121,-0.211795,0.453072,0.512052,2.114572,0.373585
0.300293,-0.125395,0.446697,1.361031,3.341886,-2.274903
0.309769,-0.048668,0.423435,1.162086,2.633473,-3.411425
0.387182,-0.132160,0.422903,-1.265214,2.495483,-2.033320
0.342380,-0.087975,0.416804,-0.808768,1.845550,-2.074197
0.352874,0.031243,0.399483,0.587636,2.018820,-2.474942
0.431262,-0.051231,0.385680,-1.898748,0.439525,-0.388033
0.340824,-0.087040,0.356328,-2.218484,0.686485,1.011817
0.329772,0.058665,0.354930,0.646851,2.187396,0.448434
0.455404,0.062676,0.335564,-1.182629,0.071524,0.807509
0.405922,-0.006597,0.322874,-3.312281,0.226363,-1.302088
0.297545,0.086730,0.327338,-0.185060,1.138628,-3.179768
0.382895,0.140227,0.324899,-0.603433,0.267039,-3.484276
0.443817,0.075842,0.314159,-3.216755,0.548603,-2.909555
0.345338,0.142410,0.275988,-0.603991,2.158238,-3.143582
0.369385,0.206929,0.287972,0.436375,1.890792,-0.721931
0.414502,0.144212,0.258673,-2.240358,1.513627,1.193893
0.327393,0.193711,0.219602,-0.907633,3.896381,-0.382494
0.332789,0.269493,0.228533,1.345459,3.103597,-1.373368
0.465928,0.223263,0.225225,-0.622002,2.143523,1.593973
0.367553,0.233310,0.169449,-1.310542,2.956632,3.094548
0.295681,0.322389,0.169554,1.352719,2.569850,2.599192
0.434610,0.277482,0.172131,0.559469,-0.041212,5.695862
0.426421,0.239012,0.149423,-1.183847,0.645606,8.694488
0.312733,0.334163,0.117118,1.483725,1.716961,7.284106
0.358681,0.318969,0.137068,1.437708,-0.578727,7.625576
0.388571,0.219425,0.119021,-0.570142,-0.669487,9.295072
0.306198,0.291793,0.051282,1.415273,0.276945,7.916748
0.373544,0.319320,0.089079,1.641433,-0.022111,6.618485
0.408797,0.159370,0.106995,0.630672,-0.767605,7.025057
0.299046,0.157824,0.047448,0.613810,1.061320,7.033133
0.316255,0.219658,0.062796,2.133884,0.945256,5.022248
0.379245,0.112874,0.072063,0.879592,1.588407,5.324271
0.301225,0.039800,0.060269,0.603900,2.270616,5.194634
0.260086,0.074992,0.027760,1.988432,2.831693,5.025439
0.339840,-0.015249,0.044480,0.410732,2.388058,5.160803
0.311499,-0.100993,0.054807,0.428185,3.133395,3.795663
0.244698,-0.068655,0.033448,1.452886,1.375154,1.145128
0.339754,-0.132009,0.017834,0.900373,2.998579,-0.201434
0.347869,-0.264656,0.042153,-0.188762,1.476168,-0.629794
0.247291,-0.255954,0.011679,1.440193,1.889469,-2.651887
0.284183,-0.264672,0.017528,1.264918,0.330600,-4.500004
0.311811,-0.399328,0.046279,-0.976699,0.094849,-2.878273
0.213482,-0.416518,0.029581,0.872115,-0.048666,-4.330853
0.215534,-0.371217,0.030878,1.569672,-0.675142,-6.350135
0.260329,-0.527756,0.039429,-0.774353,-1.256446,-7.281928
0.149393,-0.590500,0.070543,0.428408,-1.778426,-8.716441
0.182394,-0.499472,0.051863,1.533126,-0.184431,-10.588603
0.281662,-0.558037,0.061815,-0.398904,0.725668,-11.781153
0.175291,-0.640177,0.070569,-0.627086,1.446488,-12.222128
0.140921,-0.579675,0.059383,1.176778,3.757547,-11.617084
0.276036,-0.552142,0.065931,-0.065979,2.658344,-10.693298
0.242574,-0.595972,0.094479,-1.494349,3.248510,-10.087100
0.121587,-0.537663,0.100876,0.144359,3.578628,-10.230149
0.202742,-0.486900,0.097620,-0.211234,2.683511,-7.933665
0.194329,-0.523414,0.096543,-1.758861,2.702434,-4.758190
0.087886,-0.474203,0.103633,0.041488,1.731784,-5.846459
0.164036,-0.399442,0.119350,1.053352,0.262782,-4.839911
0.170276,-0.449496,0.125333,-1.358787,-1.600944,-0.757183
-0.009809,-0.407383,0.116175,0.499115,-1.541391,-1.541431
0.033427,-0.321074,0.119721,3.164182,-1.609150,-2.336421
0.113854,-0.352477,0.130605,0.704832,-3.233117,-0.214959
-0.021340,-0.330839,0.123771,1.102782,-1.395247,-0.114894
-0.073741,-0.205309,0.146715,4.155941,-0.626290,0.130584
0.028208,-0.195048,0.156261,1.890147,-1.253265,2.827422
-0.059948,-0.213624,0.165258,1.137103,0.883359,4.534807
-0.123929,-0.091445,0.187198,3.218884,2.349907,4.336749
-0.023825,-0.067847,0.241762,2.796185,1.477392,5.103827
-0.089326,-0.084098,0.215620,0.624987,2.244849,4.575750
-0.170409,0.006028,0.208563,2.548522,4.023536,2.301379
-0.036840,0.061767,0.273598,1.861284,-0.167477,3.282124
-0.047669,0.064429,0.276352,-0.921662,0.740954,5.613965
-0.174922,0.114552,0.231980,1.178855,2.256731,5.900769
-0.075139,0.146470,0.269859,1.618984,-0.571831,8.979429
-0.040070,0.111794,0.299739,-1.218338,-2.591696,12.772798
-0.158513,0.148761,0.240081,0.184306,-0.311077,11.940080
-0.115211,0.180781,0.303609,1.282039,-3.421444,9.834356
-0.040444,0.072096,0.313890,-0.533001,-3.717940,8.991330
-0.184947,0.095707,0.295669,-0.294109,-2.551935,4.729372
-0.140309,0.162006,0.317195,2.148967,-1.200920,0.868846
-0.016544,0.075060,0.358836,-0.664099,-4.566154,2.251281
-0.124304,0.050994,0.319017,-1.477027,-0.305523,2.686130
-0.111647,0.139029,0.334812,1.432572,2.244557,1.904797
0.045865,0.089342,0.357576,0.101855,1.100401,2.085594
-0.019745,0.011831,0.347971,-1.591640,2.197247,0.608036
-0.062023,0.047498,0.285871,0.493811,5.834615,-2.178940
0.062881,0.020963,0.328392,0.244818,2.636657,-3.637807
0.006170,-0.064394,0.365270,-1.135132,-0.293477,-4.092320
-0.024176,-0.008550,0.289337,0.157958,3.484363,-4.931270
0.094307,-0.035820,0.344174,0.282409,0.056182,-3.636335
0.111060,-0.106409,0.347006,-1.507629,-2.414962,-0.361490
0.014373,-0.059467,0.278167,-0.047171,-0.301627,0.059779
0.118288,-0.080570,0.263964,0.544803,-0.956145,0.972063
0.182588,-0.164115,0.290847,-1.235683,-3.179045,1.596536
0.083091,-0.110850,0.252213,-0.007572,-2.031932,-0.937326
0.153794,-0.105441,0.214268,0.424026,-1.338093,-2.052044
0.228437,-0.196535,0.219891,-1.013869,-1.909621,-1.101339
0.127207,-0.182408,0.253181,-0.075646,-2.987804,-0.954636
0.216259,-0.128562,0.191310,0.530778,1.499742,-2.243373
0.328148,-0.177934,0.201680,-0.873180,2.078882,-2.534575
0.235875,-0.227338,0.202858,0.333851,3.487508,-2.241573
0.274654,-0.176716,0.155840,1.479963,4.998079,-1.397612
0.401143,-0.213066,0.159904,0.138418,3.800807,-1.277993
0.358937,-0.253482,0.143420,0.863574,4.482389,-1.428372
0.335750,-0.225864,0.103492,2.359585,4.834597,-1.807176
0.442928,-0.220586,0.083469,1.023334,2.719384,-1.380611
0.417647,-0.261761,0.066030,0.790376,2.149264,-0.581436
0.379820,-0.251615,0.066712,2.536262,1.703959,-0.230022
0.497108,-0.226747,0.041589,1.838340,-0.463340,1.849396
0.497114,-0.253062,0.019862,0.909098,-0.846564,2.517445
0.417456,-0.257054,0.014197,2.644789,-0.734466,1.067232
0.499402,-0.256151,-0.023545,3.571996,-0.678986,1.346333
0.565415,-0.330761,-0.015710,1.766757,0.601253,1.292756
0.533264,-0.333820,-0.048829,2.532149,1.738096,-1.705999
0.544339,-0.294096,-0.058920,3.257971,2.233140,-5.612732
0.581486,-0.345860,-0.061788,1.734930,2.841777,-6.574163
0.558585,-0.359285,-0.086335,0.871668,4.253448,-6.587136
0.579205,-0.327455,-0.077941,2.646749,6.311763,-7.442366
0.635180,-0.346855,-0.069207,1.633542,4.931912,-7.178574
0.612689,-0.361123,-0.103324,-0.362450,5.301101,-6.424191
0.588865,-0.326858,-0.115496,0.016324,6.356546,-8.369861
0.638134,-0.302115,-0.085343,-0.019839,4.159830,-8.315992
0.651504,-0.295908,-0.098516,-1.640188,3.834140,-7.469851
0.607158,-0.263894,-0.131320,-1.866545,2.736417,-7.467637
0.617586,-0.206159,-0.143728,-2.109180,1.640467,-6.167847
0.605934,-0.162358,-0.134288,-2.354834,-0.774443,-4.190697
0.551357,-0.117744,-0.154481,-3.510062,-0.791938,-3.019229
0.576973,-0.082106,-0.171245,-2.595529,1.458636,-1.622876
0.595374,-0.062346,-0.140393,-2.546154,-0.502079,-0.027469
0.563439,-0.017445,-0.122901,-3.134429,0.439698,-0.238131
0.592988,0.046359,-0.150020,-2.367176,3.465469,-1.298130
0.621883,0.062755,-0.120662,-1.666438,2.839778,-1.540636
0.583357,0.084537,-0.079287,-1.109671,4.069875,-0.424578
0.571110,0.164057,-0.119474,-1.217623,5.058207,0.713294
0.588419,0.204605,-0.111832,0.039590,5.424543,1.008211
0.573910,0.199163,-0.094442,0.253362,4.803979,3.288639
0.527815,0.269650,-0.073540,0.855472,0.429834,4.914266
0.517830,0.318995,-0.131146,1.295831,4.314945,6.290312
0.513340,0.313851,-0.120216,2.001463,4.528188,7.230478
0.512762,0.341650,-0.084214,2.188448,1.376050,8.579488
0.539829,0.388087,-0.066870,2.112092,0.773237,10.464389
0.512066,0.405579,-0.109551,2.224111,1.561396,12.103501
0.434902,0.381493,-0.094311,2.755853,-0.220423,13.875518
0.444083,0.349643,-0.046427,3.292039,-2.176956,15.603594
0.494541,0.350654,-0.081739,2.593980,-0.676820,15.142409
0.443230,0.313027,-0.079205,2.664713,-0.587393,11.969019
0.352021,0.242823,-0.041834,2.873407,-0.567570,9.178082
0.378264,0.207658,-0.073165,2.860727,0.520170,7.853809
0.374253,0.185062,-0.081539,2.104210,1.871173,5.935339
0.309336,0.116724,-0.032394,1.909516,1.726526,4.127289
0.269300,0.059889,-0.028114,1.545490,2.143602,5.171607
0.211493,-0.001992,-0.038234,0.529274,2.770938,6.562812
0.153315,-0.065641,-0.042320,-0.010467,3.046151,4.454344
0.133840,-0.119526,-0.017252,0.448322,2.856068,0.249267
0.099102,-0.187236,-0.007169,-1.204434,1.949712,-1.611072
0.047378,-0.254214,-0.028990,-1.534552,1.994130,-3.921141
0.021394,-0.300996,-0.025501,-0.816837,3.040033,-4.667824
0.016483,-0.376052,-0.007320,-1.000985,1.260626,-3.390892
0.024332,-0.436442,-0.028399,-1.692385,0.107896,-1.740339
0.031350,-0.480611,-0.022544,-1.740565,0.899867,-2.568042
0.041499,-0.535555,0.017092,-0.900011,-0.748298,-6.019211
0.022540,-0.585271,-0.004589,-0.445479,-0.326213,-9.707139
0.027066,-0.624838,0.032135,-1.043191,-0.815375,-12.372952
0.090138,-0.644815,0.001093,-0.620449,0.599849,-14.147136
0.108825,-0.648287,-0.004963,0.519397,1.046050,-16.113927
0.114832,-0.655141,0.027612,0.246840,-0.781917,-13.646481
0.146091,-0.672647,-0.011787,0.174098,1.693816,-10.491084
0.159335,-0.662435,-0.006476,0.506714,2.162837,-8.476041
0.169580,-0.654531,0.024303,1.558263,1.854561,-7.260366
0.193374,-0.663242,0.009299,0.957902,1.805866,-7.865401
0.230649,-0.642944,0.011095,1.609649,2.786901,-7.973301
0.190197,-0.611183,0.024474,2.503986,1.127320,-8.533477
0.192599,-0.584149,0.043154,2.006010,0.710637,-8.376146
0.204157,-0.582931,0.022908,2.146827,1.979897,-6.589620
0.194937,-0.544717,0.016215,3.489085,0.747900,-3.300669
0.194943,-0.473360,0.045560,2.846958,-0.548864,-0.273981
0.170134,-0.452070,0.014059,2.096602,0.089515,0.147329
0.141256,-0.423765,0.018159,3.098369,0.406595,-0.425750
0.143366,-0.375815,0.030632,2.809492,-0.055129,-0.321031
0.132340,-0.330797,0.012250,1.771985,0.311641,-1.475298
0.096171,-0.307409,0.005843,1.369099,1.301033,-3.437692
0.083078,-0.262903,0.019744,2.501140,1.127934,-1.525852
0.107748,-0.203192,0.031709,1.098121,0.251936,2.133378
0.106357,-0.167834,0.009946,0.490735,1.768810,3.408861
0.070768,-0.134021,0.003230,1.440935,2.698928,3.117878
0.079789,-0.118984,0.022921,0.597860,1.617506,4.633876
0.113430,-0.063892,0.016173,-0.472723,0.460850,5.081991
0.114727,0.000598,-0.016392,-1.123795,2.547079,3.940598
0.124144,0.034237,-0.015952,-0.337986,2.798215,2.686210
0.146415,0.055326,-0.017741,-0.906028,1.219871,3.824702
0.199729,0.101822,-0.052049,-1.140135,1.686542,6.115181
0.231480,0.139495,-0.067828,-1.037244,1.090809,5.719480
0.234802,0.134174,-0.051006,-0.111051,0.289766,6.652629
0.259584,0.148600,-0.068521,-0.715890,-1.213295,6.447621
0.284665,0.160834,-0.106413,-0.053743,0.431682,2.768660
0.357072,0.181500,-0.089404,0.581819,0.050811,-1.010676
0.360338,0.159728,-0.091347,0.115670,-0.060864,-3.150656
0.394220,0.175631,-0.131898,-0.061424,0.974473,-2.817045
0.442436,0.195519,-0.129938,0.929071,1.564731,-2.134484
0.453044,0.235893,-0.104677,-0.326186,-2.480247,-0.610726
0.486043,0.233711,-0.173903,-0.479180,2.953393,1.163370
0.511324,0.233182,-0.176244,0.254622,3.854773,1.786374
0.536655,0.253740,-0.152715,-0.078411,2.796997,1.839501
0.549167,0.254620,-0.170312,-0.809436,3.085793,1.641859
0.568983,0.269588,-0.208881,-1.352430,3.669351,0.459229
0.592522,0.281116,-0.152548,-1.194594,2.200674,0.492346
0.623485,0.319458,-0.182566,-2.032952,3.466244,2.605271
0.597564,0.314941,-0.194776,-2.473819,2.918412,2.788963
0.572075,0.276363,-0.165602,-1.958463,1.626162,5.036134
0.601686,0.273504,-0.163114,-1.544036,1.202911,7.999737
0.583518,0.285104,-0.155371,-2.025117,-1.641890,7.167996
0.546019,0.240446,-0.194451,-1.494698,0.646085,5.555481
0.545612,0.191232,-0.179720,-0.526175,0.942000,6.249078
0.540882,0.145203,-0.167814,0.495855,0.819155,5.630926
0.518542,0.117742,-0.170588,0.625492,0.925204,4.864746
0.525412,0.062965,-0.205126,1.104291,3.885874,3.278570
0.509624,0.006474,-0.178571,2.003879,3.012601,2.955460
0.507172,-0.049800,-0.155981,2.831953,3.298078,3.807316
0.509883,-0.087571,-0.201203,2.773772,4.068398,2.402915
0.478733,-0.171651,-0.171812,3.419996,4.142380,-0.279582
0.487894,-0.218439,-0.154248,3.301989,2.778806,-0.683364
0.513815,-0.219026,-0.167847,3.115267,3.662977,-1.219150
0.483089,-0.259473,-0.176070,2.811609,4.224553,-3.243919
0.458149,-0.304889,-0.194274,2.516836,2.845387,-2.741748
0.469293,-0.343897,-0.181489,1.631080,1.759708,-1.149423
0.482961,-0.348233,-0.201049,0.453758,1.542447,-0.113751
0.449145,-0.366336,-0.201246,0.866124,1.150671,-1.609431
0.420082,-0.432017,-0.187036,0.618792,0.162368,-2.436297
0.417814,-0.455605,-0.213135,0.211586,-0.166962,-2.119965
0.463739,-0.495296,-0.239125,-0.675266,0.877234,-3.676273
0.439534,-0.528689,-0.235708,-0.574935,1.135080,-7.462957
0.397883,-0.604391,-0.211386,0.070665,1.019085,-9.830436
0.447001,-0.609581,-0.223609,-0.445157,2.585980,-10.109498
0.460978,-0.593445,-0.240458,-0.316496,2.821140,-10.850935
0.431518,-0.632706,-0.249547,-0.005675,4.174063,-12.317392
0.433442,-0.656645,-0.250095,1.030279,3.682757,-13.646940
0.432316,-0.653073,-0.232938,0.099097,2.383841,-12.863143
0.399147,-0.640147,-0.271845,0.093596,3.603929,-13.641305
0.344570,-0.623561,-0.264446,0.951195,2.809208,-14.604620
0.339902,-0.611068,-0.241443,0.237777,1.502217,-12.999642
0.346986,-0.549322,-0.275843,-0.586489,1.295345,-10.131979
0.309878,-0.473878,-0.288621,0.280681,1.928973,-9.417361
0.267124,-0.450603,-0.271412,0.505640,0.342088,-7.608223
0.298786,-0.416679,-0.274917,-0.309727,-0.324676,-4.120726
0.267833,-0.344137,-0.315537,-0.709801,0.409155,-1.871570
0.258038,-0.304895,-0.285976,0.821260,0.873610,-1.494173
0.288919,-0.268463,-0.266875,0.127559,-0.989186,-0.794816
0.246307,-0.204659,-0.312961,0.044792,1.590551,0.058804
0.178679,-0.156910,-0.306104,1.142774,2.192110,0.388851
0.247954,-0.101847,-0.273489,0.712821,1.553390,1.407757
0.230659,-0.036536,-0.260274,0.066778,-2.418889,2.504869
0.164945,0.027787,-0.299319,0.356312,2.382055,4.794423
0.198239,0.067258,-0.307837,0.751022,2.999757,6.407020
0.231601,0.098625,-0.296801,1.305675,2.222151,6.989473
0.180431,0.166949,-0.291667,1.157345,1.944092,8.500361
0.166845,0.192050,-0.320248,0.590225,1.455659,9.386495
0.203569,0.219150,-0.295301,0.744746,0.440906,10.513022
0.160740,0.264933,-0.281643,1.292992,-0.235847,10.924730
0.091412,0.304526,-0.325463,1.097814,0.123593,11.776548
0.131047,0.298598,-0.312058,-0.111259,-1.023229,12.046204
0.170249,0.318286,-0.275249,0.687214,-1.513143,12.754748
0.064082,0.346479,-0.297852,0.808605,-1.314887,12.686895
0.062608,0.343653,-0.322897,0.459662,-0.983019,11.922500
0.100471,0.297308,-0.287761,0.094101,-0.796540,10.954408
0.101413,0.284867,-0.276588,1.668092,0.381432,9.744748
0.056756,0.268367,-0.316765,0.842982,0.374433,8.042717
0.016401,0.190320,-0.300816,0.264820,1.181286,6.279631
0.027276,0.145259,-0.300500,1.646362,1.328504,5.526476
0.031868,0.148590,-0.269646,1.003572,0.330908,4.675927
0.028428,0.069766,-0.273158,0.891359,1.582308,1.940228
0.007949,-0.019411,-0.274129,1.363121,2.267314,-0.268262
-0.001370,-0.077967,-0.271041,1.396848,1.041651,-0.587997
0.013844,-0.108454,-0.270263,1.202114,2.242935,-1.511206
0.011232,-0.162657,-0.292570,0.638227,0.786058,-2.088737
-0.012215,-0.205266,-0.275357,0.970095,-0.597388,-1.991836
-0.045745,-0.237421,-0.269101,-0.246462,-2.594273,-0.761821
-0.083214,-0.300546,-0.298620,-0.561389,-1.586518,-2.519758
-0.093633,-0.346664,-0.300543,0.402706,-1.747600,-4.533947
-0.100608,-0.398028,-0.272439,-0.498018,-2.245566,-5.451041
-0.088404,-0.447195,-0.295853,-1.399681,-1.406821,-6.360246
-0.099226,-0.472834,-0.289833,-0.479912,-0.152910,-8.773023
-0.128246,-0.535263,-0.262129,-0.494138,-0.379562,-8.763189
-0.109434,-0.582780,-0.280120,-0.929238,-0.228025,-8.411521
-0.104422,-0.589522,-0.296279,-0.683735,1.442273,-8.229723
-0.137466,-0.580837,-0.251687,0.057571,1.811229,-8.220030
-0.142400,-0.598877,-0.267814,-0.720594,1.200807,-7.269817
-0.114026,-0.609223,-0.279480,-1.025503,2.028018,-7.493563
-0.096045,-0.613280,-0.278475,0.540020,2.581033,-7.965509
-0.079114,-0.551918,-0.301341,-0.029657,1.494461,-7.205592
-0.081760,-0.544050,-0.278111,-0.515694,1.995430,-6.255296
-0.035592,-0.511049,-0.276388,-0.073175,0.887649,-3.699880
0.020065,-0.477594,-0.269685,0.757029,-0.170481,-0.595404
0.013060,-0.459462,-0.279355,0.831543,-1.152333,0.851958
-0.029412,-0.456412,-0.289682,1.025063,-1.431744,-0.473903
-0.004058,-0.411135,-0.275016,2.415015,-1.711467,-0.346012
0.061318,-0.399140,-0.287538,2.152301,-1.565382,-0.705297
0.094868,-0.379321,-0.293049,2.670300,-1.193413,-2.215064
0.072268,-0.391053,-0.271402,4.298533,-0.542266,-2.890410
0.075587,-0.368794,-0.291881,3.969374,0.195731,-1.602434
0.154713,-0.319850,-0.284669,4.187344,0.581230,-1.537155
0.177822,-0.299059,-0.265188,3.803299,1.457553,-2.359278
0.168405,-0.311726,-0.265122,4.539937,2.560065,-1.032595
0.161367,-0.273804,-0.301902,3.368560,3.568535,-0.073230
0.141902,-0.230167,-0.270043,2.527202,2.177628,-1.647929
0.184505,-0.182801,-0.259762,2.625911,2.773797,-3.467660
0.202289,-0.151405,-0.273824,1.108617,2.217690,-4.486126
0.172048,-0.144436,-0.263816,0.325080,1.206696,-3.109501
0.178173,-0.088041,-0.247903,-0.509008,0.566794,-1.038036
0.167846,-0.075426,-0.215837,-0.833972,-1.142627,-0.596279
0.210804,-0.028290,-0.230542,-1.823670,0.216397,0.892626
0.254309,0.022610,-0.231366,-2.817671,0.108156,0.657262
0.234345,0.027892,-0.210427,-2.920195,0.064079,-0.030120
0.232511,0.057391,-0.197343,-3.258631,-0.540704,-0.614979
0.239735,0.089694,-0.210509,-3.741241,0.425538,-0.379816
0.286346,0.123821,-0.217481,-3.745685,0.976482,-0.695008
0.314568,0.172536,-0.215600,-3.012235,1.037496,-0.343945
0.281544,0.187166,-0.198016,-3.089323,1.843078,0.039725
0.266664,0.197692,-0.225159,-3.415055,1.566631,0.704629
0.300802,0.239852,-0.223560,-2.896604,2.951978,0.818011
0.351197,0.279097,-0.184972,-1.537077,3.292833,0.525920
0.366099,0.314505,-0.209616,-1.920351,2.071979,0.359261
0.346073,0.332597,-0.238633,-1.579408,3.584422,1.511908
0.322499,0.361312,-0.205431,-0.022564,-0.588798,4.573124
0.387146,0.427699,-0.237730,0.078092,2.254650,8.478619
0.399649,0.439703,-0.232557,-0.209213,1.888767,8.603690
0.391095,0.428261,-0.239920,0.229068,1.277064,9.130698
0.364678,0.442533,-0.220393,1.709792,-0.119429,10.638381
0.327806,0.443774,-0.255328,1.607554,-1.250607,10.679841
0.324806,0.449554,-0.273269,1.529176,-0.207494,9.151879
0.342554,0.423813,-0.252692,2.011389,-0.078070,7.924152
0.398428,0.414612,-0.254054,2.625458,0.536254,7.875346
0.348420,0.391015,-0.287272,2.061519,0.001102,8.402095
0.267061,0.324503,-0.294261,1.682637,1.059101,7.975919
0.306825,0.292401,-0.276768,2.642793,2.163093,8.615848
0.363926,0.262212,-0.270696,1.741304,0.996912,8.833564
0.326428,0.203200,-0.300346,1.077194,2.995943,7.644382
0.194795,0.122518,-0.321400,2.176033,2.824179,5.083041
0.193088,0.033242,-0.298180,0.848513,1.160574,4.692603
0.253764,-0.008117,-0.306452,-0.060876,1.474835,3.526708
0.196414,-0.050595,-0.310834,0.700961,2.849924,1.748725
0.128789,-0.181314,-0.292665,0.783846,1.014621,-0.295532
0.128858,-0.240513,-0.303504,-0.303839,-0.374405,0.156674
0.089203,-0.289468,-0.311592,-0.247778,0.351539,-0.038670
0.096001,-0.396675,-0.304203,0.095125,0.298045,-2.085300
0.100452,-0.462065,-0.281114,-0.688839,-3.295720,-4.377426
0.015236,-0.511912,-0.323044,-0.621307,-0.608056,-5.283561
-0.037660,-0.560610,-0.351480,-0.273033,-0.424765,-7.817611
-0.032461,-0.652610,-0.313446,0.121608,-1.239252,-10.078623
-0.053495,-0.694107,-0.315895,0.306957,-0.835388,-11.411957
-0.103372,-0.720977,-0.344095,0.469789,0.463342,-11.989437
-0.122380,-0.779480,-0.284525,-0.096129,-0.704067,-12.581021
-0.138687,-0.798889,-0.290519,0.185940,0.210630,-12.709686
-0.233583,-0.801272,-0.324334,0.309124,2.300230,-13.363445
-0.195713,-0.829908,-0.293332,0.651521,1.455771,-14.240289
-0.127396,-0.810269,-0.282139,0.534549,1.327949,-14.064149
-0.258562,-0.779352,-0.296913,-0.208960,1.119800,-14.515123
-0.295463,-0.783682,-0.311106,0.724316,2.585326,-14.254573
-0.221093,-0.745100,-0.270148,-0.093956,-2.049079,-12.424595
-0.222567,-0.655181,-0.309422,-0.494785,-0.465441,-10.192984
-0.316402,-0.593188,-0.320963,0.339145,0.398740,-10.183264
-0.306682,-0.565337,-0.309370,-0.458855,-3.777710,-8.036456
-0.307569,-0.474098,-0.328457,-0.725652,-2.934366,-4.918744
-0.365428,-0.366953,-0.344186,0.037564,-2.075053,-3.429349
-0.320754,-0.352490,-0.315029,-0.116734,-3.161297,-2.856300
-0.326824,-0.315911,-0.326409,0.247295,-2.789197,-1.236604
-0.392154,-0.239617,-0.344298,0.997913,-0.182780,1.184427
-0.345839,-0.205076,-0.321738,0.964416,-1.268571,0.632360
-0.308475,-0.154566,-0.265618,1.903745,-1.604174,0.468566
-0.369160,-0.068169,-0.305972,1.690702,0.203901,2.458310
-0.368412,-0.036217,-0.309786,2.055272,0.827298,2.219489
-0.281011,0.018366,-0.264696,2.312149,-0.512229,4.263121
-0.346928,0.077677,-0.301505,2.289379,0.854769,7.135621
-0.385756,0.141802,-0.327761,2.153177,2.183421,8.942451
-0.268337,0.178500,-0.270355,1.779236,-1.109583,10.001982
-0.295164,0.208101,-0.281223,2.629689,-1.403430,10.464086
-0.402592,0.242294,-0.332445,2.226642,-1.096755,10.472254
-0.330451,0.228974,-0.292403,0.902362,-2.773313,10.955102
-0.257731,0.268242,-0.275905,1.729093,-3.176617,11.811173
-0.349650,0.315585,-0.295803,1.392088,-3.018515,11.202620
-0.341299,0.279970,-0.298698,0.904505,-2.166912,9.444631
-0.307428,0.254062,-0.290062,0.665261,-3.881678,10.059741
-0.395893,0.258920,-0.305493,0.721604,-3.230738,10.295839
-0.368727,0.234308,-0.308782,-0.102229,-2.439732,8.272154
-0.298398,0.223995,-0.309757,-0.364420,-2.238220,5.970367
-0.404184,0.206063,-0.277504,-0.137643,-0.913047,6.472927
-0.418758,0.178231,-0.309750,-1.650863,-0.111095,5.343026
-0.322166,0.138051,-0.280097,-1.326168,-0.434366,2.368840
-0.391547,0.133275,-0.266327,-1.274742,-0.010941,0.814213
-0.447079,0.107632,-0.293391,-2.514775,0.450819,-1.964799
-0.335154,0.097250,-0.281709,-2.288667,0.315868,-4.246713
-0.353441,0.059512,-0.220872,-2.043459,-0.821667,-3.761522
-0.436188,0.020135,-0.253092,-2.591715,-1.124390,-1.769953
-0.349226,0.007213,-0.248835,-2.481248,-1.823733,-0.516282
-0.323236,0.001668,-0.222014,-1.531455,-1.940893,0.827690
-0.404808,-0.028750,-0.245392,-1.791194,-2.484176,1.470686
-0.337130,-0.066022,-0.239582,-1.203834,-3.722795,0.242448
-0.283545,-0.090319,-0.216660,-1.310402,-4.329425,-0.647515
-0.357255,-0.122099,-0.224476,0.295396,-2.419489,-1.852464
-0.348685,-0.148034,-0.214980,0.462121,-3.454235,-5.399221
-0.229027,-0.167023,-0.198847,0.193533,-2.447318,-5.100205
-0.282235,-0.222578,-0.199973,1.880076,-1.143583,-3.206222
-0.293313,-0.251539,-0.162090,1.861093,0.264541,-1.769383
-0.191160,-0.285010,-0.154576,2.870929,0.561523,-1.852204
-0.270796,-0.310085,-0.163488,2.359814,-0.497333,-1.808765
-0.276714,-0.331279,-0.180153,3.096449,2.596398,-4.541599
-0.141379,-0.326930,-0.137560,3.453801,0.134884,-5.761949
-0.197059,-0.367675,-0.110684,3.102347,0.271398,-3.883045
-0.295916,-0.399620,-0.150920,2.971339,1.388070,-1.830905
-0.175208,-0.379623,-0.145944,2.769456,-0.010357,-1.074225
-0.163516,-0.397388,-0.083118,2.073539,-3.450510,0.495517
-0.265800,-0.416711,-0.141122,1.647883,-0.816130,2.665838
-0.201122,-0.424835,-0.152403,1.279662,-1.434154,1.534835
-0.122410,-0.448180,-0.099441,0.922582,-1.985160,1.276998
-0.186335,-0.475611,-0.114472,1.478762,-0.559725,-1.422333
-0.154266,-0.461087,-0.122688,1.325475,-1.420331,-5.384949
-0.071683,-0.477857,-0.085648,-0.138893,-1.160277,-5.184312
-0.101678,-0.481087,-0.096234,0.425457,0.602291,-4.528419
-0.087432,-0.456294,-0.080649,0.761808,0.419508,-4.006797
-0.016823,-0.474210,-0.091087,-0.699431,-0.238138,-3.219420
-0.096954,-0.501448,-0.113428,-0.481888,2.397876,-3.683657
-0.102738,-0.459360,-0.092003,0.440211,1.225662,-6.363831
0.026574,-0.439081,-0.069890,-0.155902,-0.884962,-8.946107
-0.009517,-0.455982,-0.090572,-0.759713,0.575601,-10.362996
-0.078057,-0.406733,-0.094311,0.167917,2.121173,-10.319830
0.010463,-0.355878,-0.094511,0.149394,0.518296,-9.976076
0.023534,-0.332878,-0.093123,-1.285645,-0.297157,-7.932524
-0.063254,-0.288407,-0.119474,-0.541819,0.591482,-6.160636
-0.006064,-0.226432,-0.101105,0.048337,-0.865094,-3.521023
0.007805,-0.184751,-0.078299,-1.037999,-2.340248,-2.037649
-0.105545,-0.145726,-0.143387,-0.693701,-0.791640,-4.377919
-0.093754,-0.094366,-0.124398,0.343281,-1.218901,-7.772979
-0.018990,-0.049140,-0.099999,-0.951053,-2.395485,-6.716446
-0.096856,0.014614,-0.157422,-0.985683,0.257684,-5.269792
-0.121651,0.085367,-0.164578,0.183862,0.033083,-4.096042
-0.042824,0.110688,-0.111823,-0.340103,-1.178504,-0.480080
-0.105180,0.169201,-0.165070,-1.134391,0.675788,2.619148
-0.150324,0.240164,-0.165221,-0.328513,1.881985,1.874282
-0.076134,0.276172,-0.140160,0.303655,1.204467,1.271151
-0.143604,0.293704,-0.146443,-1.234952,0.136401,3.125695
-0.181956,0.355942,-0.179569,-0.593357,1.457372,4.615836
-0.063651,0.432006,-0.183491,0.379318,0.988558,5.538252
-0.108948,0.434977,-0.141801,-0.814314,-0.595199,8.611395
-0.209660,0.464650,-0.181945,-0.855853,-0.595114,10.517854
-0.099091,0.509731,-0.213657,-0.422923,0.237953,13.061840
-0.048909,0.516939,-0.168757,-0.320304,-2.271314,15.213683
-0.171850,0.504797,-0.171300,-0.151304,-2.078221,14.475809
-0.156987,0.492012,-0.214012,-0.136753,-1.929280,14.272000
-0.121169,0.451228,-0.196857,1.057470,-3.181127,13.399650
-0.198378,0.445960,-0.177809,0.813211,-3.185867,11.588635
-0.196557,0.425162,-0.198686,1.021242,-1.283858,9.768083
-0.110508,0.367578,-0.182238,0.832239,-2.071731,10.383546
-0.209959,0.333999,-0.177386,1.690314,-1.383660,10.688017
-0.276694,0.317712,-0.164036,1.773967,-0.663155,9.230301
-0.188705,0.235040,-0.190828,0.703443,0.261015,8.394877
-0.251761,0.158858,-0.182851,0.762563,-0.307542,7.704297
-0.318706,0.121254,-0.166209,2.252343,1.197117,5.954025
-0.295296,0.066687,-0.174219,1.218165,-0.787911,3.174121
-0.338434,-0.039736,-0.188750,0.186593,-0.297639,0.616970
-0.387322,-0.099230,-0.185198,1.717999,3.490262,-1.470189
-0.344565,-0.147998,-0.167880,0.572182,-1.445964,-1.848045
-0.324680,-0.231240,-0.171648,-0.229304,0.099746,-0.745450
-0.439273,-0.315409,-0.161824,0.538176,-1.411558,-2.646742
-0.418834,-0.371079,-0.158719,0.812994,-1.898008,-3.620463
-0.369663,-0.460742,-0.151218,-0.576800,-3.444549,-4.899884
-0.466984,-0.533494,-0.153529,-0.326264,-2.636865,-10.606806
-0.519933,-0.601368,-0.116247,0.470026,-3.671871,-14.014767
-0.449538,-0.651104,-0.150477,-0.553271,-3.066691,-12.792499
-0.498196,-0.669522,-0.172827,-0.816887,-0.944000,-13.042816
-0.547075,-0.722096,-0.140002,0.328014,-1.587411,-13.679025
-0.496066,-0.772226,-0.119244,-0.012663,-1.772681,-12.946065
-0.555465,-0.819739,-0.114163,-0.998566,-2.122799,-12.194906
-0.576525,-0.790781,-0.122451,-0.594557,0.022540,-14.027023
-0.516443,-0.785385,-0.097790,0.259681,-0.824408,-15.285765
-0.532652,-0.812485,-0.071390,-0.808172,-1.214539,-12.804871
-0.577096,-0.786334,-0.094124,-0.594945,0.737983,-10.216613
-0.556942,-0.741364,-0.109637,0.118812,-0.182603,-8.499155
-0.544804,-0.757090,-0.064208,0.436040,-1.489092,-6.376776
-0.600782,-0.730647,-0.054176,-0.073487,-3.037713,-3.278804
-0.562499,-0.655318,-0.070585,0.843377,-2.505804,-2.255093
-0.574408,-0.658516,-0.051311,1.455818,-3.115983,-2.738951
-0.674411,-0.665261,-0.018381,2.101792,-4.322479,-4.555937
-0.636440,-0.571790,-0.035815,2.433134,-4.341669,-5.281711
-0.576771,-0.513415,-0.016819,2.158443,-4.723052,-4.640725
-0.629445,-0.495536,0.007967,2.713533,-3.336885,-3.573769
-0.666126,-0.413366,-0.013455,3.520071,-2.570915,-0.218001
-0.601255,-0.363385,-0.011649,2.752075,-3.010079,3.330966
-0.598275,-0.342446,-0.011282,2.055365,-1.389358,4.739359
-0.631975,-0.245653,0.020591,3.265701,-1.052387,3.191539
-0.625155,-0.184626,0.029358,2.675614,-2.337248,2.565772
-0.616125,-0.179453,0.028318,1.331896,-0.751384,2.763749
-0.596151,-0.101719,0.014108,1.796991,0.789849,2.524514
-0.562618,-0.014008,0.050865,2.103708,-0.679905,2.317874
-0.556689,-0.015138,0.066049,0.628952,-2.202195,4.482722
-0.567597,0.027892,0.036760,-0.476826,-1.338556,7.155996
-0.534901,0.104330,0.064543,1.563363,-1.444832,8.281022
-0.488303,0.113239,0.074807,0.029145,-4.727884,9.138642
-0.511510,0.102781,0.044165,-0.947439,-3.331019,7.978336
-0.506366,0.138149,0.061914,0.574598,-2.644185,5.470266
-0.468530,0.138668,0.074879,0.446668,-4.508604,3.405054
-0.464308,0.119465,0.071209,-0.804227,-4.444757,2.143859
-0.469370,0.097578,0.068990,0.590147,-2.387269,0.990322
-0.426659,0.130064,0.069568,0.875138,-2.958216,2.059366
-0.413139,0.122361,0.088166,-0.570487,-1.331965,1.161665
-0.402402,0.128577,0.075030,-0.038929,-0.190733,-0.590021
-0.363022,0.137220,0.081776,0.250106,-0.222383,-1.009116
-0.342602,0.123723,0.099520,-1.267763,-0.449475,0.097775
-0.348081,0.123644,0.075818,-1.442073,1.053990,-0.868500
-0.343489,0.119764,0.094941,-0.133523,-0.028446,-1.133963
-0.314101,0.101478,0.099803,-1.517113,-0.053843,0.884064
-0.290123,0.129890,0.094669,-2.115948,-0.841467,2.097179
-0.303590,0.139071,0.069985,-2.140651,-0.765026,2.824088
-0.284785,0.112031,0.098690,-1.120463,-1.710808,3.518350
-0.273251,0.097824,0.079547,-1.661685,-2.372147,3.918762
-0.268111,0.087186,0.059041,-1.972929,-2.302700,3.391291
-0.230379,0.086385,0.073757,-1.245097,-2.628630,3.385354
-0.210369,0.044412,0.074446,-0.264361,-3.083612,4.975890
-0.216675,0.011398,0.084726,-0.502777,-3.841825,6.489374
-0.212181,0.014739,0.048442,-0.321403,-1.953363,5.389031
-0.212270,0.010544,0.053960,0.639341,-1.574015,3.019474
-0.241687,-0.032387,0.093468,0.771820,-2.066387,0.628992
-0.201382,-0.023423,0.060440,0.427042,-0.130678,1.263760
-0.206460,-0.018817,0.069578,1.315273,0.221147,-0.073972
-0.249923,-0.072682,0.103883,1.941464,0.367028,0.116584
-0.228849,-0.112130,0.093425,1.805466,0.446795,1.412994
-0.208918,-0.149928,0.084241,1.284878,0.894034,2.189994
-0.191712,-0.169951,0.097889,2.778529,1.267171,1.699798
-0.222432,-0.178892,0.087211,2.861669,-0.099485,1.294771
-0.227622,-0.219391,0.088498,2.229442,-0.309049,0.953253
-0.217062,-0.253692,0.043519,2.288293,-0.427167,-0.679730
-0.204431,-0.291604,0.075598,3.000060,-0.976779,-2.831546
-0.175431,-0.369461,0.077029,3.238355,-1.492962,-2.368543
-0.166361,-0.408650,0.079281,2.537138,-4.220793,-2.047349
-0.179143,-0.455044,0.077187,2.090766,-1.529486,-3.125319
-0.134102,-0.458559,0.085127,3.033489,-0.875138,-6.481455
-0.078126,-0.471262,0.059120,1.571836,0.857356,-8.724131
-0.081192,-0.527346,0.050940,0.789358,0.007024,-9.473941
-0.099653,-0.553976,0.047018,1.511816,0.358461,-9.389983
-0.135264,-0.547697,0.080748,0.299435,-0.808380,-9.829811
-0.105771,-0.548360,0.058930,-0.454239,0.197425,-9.460976
-0.082709,-0.554800,0.050674,-1.444567,1.167159,-11.388316
-0.095612,-0.564165,0.085708,-0.692256,0.191520,-12.409528
-0.105289,-0.568373,0.072933,-1.651496,-0.952502,-12.647269
-0.127169,-0.549109,0.047622,-2.128578,-0.187615,-11.800492
-0.146368,-0.511311,0.039147,-2.348347,0.756385,-10.500434
-0.137913,-0.463732,0.066762,-1.661629,-0.451920,-7.746546
-0.166667,-0.418202,0.054784,-1.973230,-1.540803,-6.196074
-0.248872,-0.415966,0.045810,-2.676795,-1.275093,-5.730786
-0.271521,-0.388161,0.072752,-1.510876,-1.912031,-5.073531
-0.299855,-0.294070,0.073451,-1.655973,-3.543298,-4.951491
-0.342553,-0.237726,0.048561,-1.861907,-1.815612,-5.879760
-0.369522,-0.167305,0.075427,-0.964784,-1.856348,-5.015232
-0.381552,-0.112964,0.067251,-0.306625,-2.342299,-1.789520
-0.425904,-0.040750,0.053097,-0.486536,-1.277358,0.510221
-0.462723,0.037825,0.036675,0.001684,-0.500517,1.951512
-0.472462,0.105797,0.083121,0.576794,-0.988898,2.723141
-0.518242,0.163647,0.118352,0.550130,-4.238338,3.996198
-0.528684,0.241096,0.060935,0.766774,-0.814899,5.925319
-0.557008,0.289433,0.081913,1.396838,-0.257452,7.002684
-0.555550,0.299117,0.110809,1.651254,-2.708328,9.417584
-0.544823,0.375033,0.071390,2.069948,-1.655696,11.573896
-0.560829,0.414658,0.072132,1.793511,-1.193115,12.614042
-0.580070,0.393021,0.075545,2.778374,-2.679101,14.212918
-0.589491,0.390821,0.109269,3.023437,-6.242522,15.294383
-0.551743,0.403245,0.086430,2.560282,-3.327868,15.813560
-0.507853,0.389059,0.077423,3.196294,-1.052761,13.391039
-0.538590,0.340495,0.109768,3.309824,-3.236259,10.481380
-0.523639,0.306164,0.100361,3.214807,-2.923511,10.008673
-0.499749,0.273300,0.106643,2.681686,-3.018843,9.401202
-0.489084,0.240456,0.089388,1.941671,-2.073448,7.724237
-0.480278,0.193964,0.131485,2.183488,-1.694822,6.689557
-0.440947,0.137171,0.142908,1.277049,-1.456021,7.322724
-0.401194,0.106263,0.111199,0.238568,-0.775625,6.443504
-0.472561,0.033157,0.229315,-1.960899,-16.189092,3.570855
-0.400524,-0.033378,0.127277,-0.181715,-0.073491,2.050243
-0.343964,-0.067955,0.124171,-2.027427,-0.788797,1.317686
-0.319192,-0.127164,0.146889,-2.527411,-0.154042,-0.477647
-0.324496,-0.191191,0.159021,-1.509517,-0.530781,-1.821562
-0.296799,-0.249336,0.151468,-2.648300,-1.385508,-0.362687
-0.294505,-0.327544,0.140813,-2.796390,-1.591927,0.534516
-0.284464,-0.378011,0.156789,-1.918210,-2.101047,-1.237751
-0.257246,-0.401592,0.165169,-1.635970,-2.249590,-4.461749
-0.272269,-0.478247,0.166105,-1.967319,-2.992859,-7.305136
-0.295480,-0.541782,0.169728,-0.826691,-2.210083,-8.522139
-0.290838,-0.537935,0.152801,0.051791,-1.772566,-9.354487
-0.297912,-0.550402,0.180176,-0.825805,-2.948326,-11.377996
-0.314665,-0.571153,0.177912,-0.088270,-1.245354,-11.331146
-0.323915,-0.549749,0.197301,0.683578,-1.379462,-9.364598
-0.286568,-0.544152,0.184801,0.322714,-0.151725,-7.674344
-0.261621,-0.576842,0.164726,0.581485,1.109109,-6.628660
-0.258788,-0.562209,0.190050,1.971039,1.622719,-6.875559
-0.266348,-0.520958,0.185002,1.748887,0.688186,-6.429414
-0.236419,-0.508032,0.169870,1.413241,1.396664,-7.501369
-0.224713,-0.488226,0.167007,2.227421,1.427102,-6.762922
-0.226374,-0.469089,0.210207,2.955948,0.583620,-4.178809
-0.177968,-0.445085,0.201233,2.233605,-0.109447,-0.731951
-0.172070,-0.438126,0.192079,2.636540,-0.927299,-0.037013
-0.202347,-0.431276,0.205353,3.770475,-1.093440,-0.889388
-0.160089,-0.398605,0.187910,3.924310,-2.477795,-0.411740
-0.117916,-0.405997,0.206502,2.883642,-2.790487,0.100223
-0.157702,-0.410130,0.183790,3.172293,-2.092397,-0.629129
-0.185695,-0.364025,0.221680,4.183898,-2.572017,-1.229130
-0.159577,-0.335530,0.216575,2.421501,-2.220163,1.208163
-0.122584,-0.310485,0.203899,1.213850,-1.165765,2.093503
-0.148676,-0.276403,0.226528,2.746840,-0.526986,2.064561
-0.133018,-0.274093,0.199901,1.800323,-0.324328,3.128977
-0.086529,-0.290173,0.139451,0.361167,1.620575,2.618139
-0.113183,-0.238357,0.183587,0.941102,2.729780,0.167905
-0.099590,-0.169251,0.175378,0.619029,1.712309,-1.098467
-0.089493,-0.184292,0.157364,-0.734855,1.930372,-0.840385
-0.135907,-0.203389,0.186804,-0.648721,1.525979,0.063529
-0.148357,-0.121584,0.163544,-0.260815,1.408796,1.839433
-0.081337,-0.090713,0.175515,-1.311793,0.148671,1.178223
-0.061960,-0.127029,0.161076,-1.561915,-0.030823,0.607811
-0.111285,-0.077704,0.179126,-0.567457,-1.641699,0.342392
-0.083395,-0.032206,0.171849,-0.348640,-1.309769,0.579761
-0.052848,-0.066245,0.182865,-1.694840,-2.430932,-0.580514
-0.060529,-0.040711,0.208563,-0.917506,-1.935215,-2.095081
-0.057204,0.043680,0.226094,0.056262,-2.677239,-2.594318
-0.038406,0.053048,0.217215,-1.500398,-1.793558,-1.475318
-0.077132,0.066753,0.219815,-1.778162,-1.105785,-2.467308
-0.108847,0.136715,0.246357,0.151370,0.366674,-3.136537
-0.070140,0.211101,0.248661,-1.398580,0.137543,-2.178462
-0.039410,0.225337,0.252301,-1.818660,0.424409,-2.073141
-0.107875,0.273336,0.268586,-1.398617,1.106480,-1.600623
-0.117906,0.320259,0.236099,-0.548912,2.404461,0.993278
-0.085239,0.325373,0.280570,-1.840722,1.046769,3.886529
-0.068729,0.383088,0.284903,-1.920971,1.206627,4.476787
-0.100473,0.435771,0.309130,0.135030,0.919272,4.216209
-0.107228,0.397232,0.322546,-1.116274,-1.121134,5.996299
-0.142127,0.368071,0.319230,-1.100831,-1.059933,6.097625
-0.172792,0.411435,0.356479,1.063225,-0.872243,5.947741
-0.116242,0.426774,0.372517,0.546113,-3.105837,7.351319
-0.084386,0.383863,0.361351,-0.024772,-2.643493,8.478287
-0.128502,0.382215,0.401964,1.631323,-1.814611,10.214952
-0.145653,0.355187,0.410896,2.390938,-2.214721,12.690633
-0.137624,0.298952,0.400041,1.659992,-1.759857,13.540724
-0.166673,0.288429,0.426340,0.705226,-2.746801,11.259514
-0.143814,0.297081,0.428877,2.652201,-0.211498,7.965999
-0.137650,0.262691,0.445949,2.037476,-1.049816,5.856367
-0.165728,0.174932,0.453912,0.680792,0.492963,4.295863
-0.150058,0.136826,0.447570,2.076035,2.636070,4.293339
-0.089365,0.114036,0.480500,1.481142,1.272975,4.630778
-0.068686,0.071926,0.510813,0.553745,0.573599,4.573908
-0.093347,0.033364,0.454529,0.328911,2.022996,5.020723
-0.091200,-0.031898,0.434930,0.376050,1.380869,4.106029
-0.063631,-0.115239,0.512993,0.131597,-2.017837,3.573918
-0.052822,-0.156542,0.470328,0.274160,-0.632008,1.056501
-0.047659,-0.190351,0.462020,-0.130492,-1.257388,-2.297944
-0.040277,-0.279315,0.469005,-0.769382,-1.662887,-3.457517
-0.034706,-0.339929,0.476860,0.651152,-1.485491,-4.172202
0.026055,-0.347813,0.456709,0.033439,-1.507851,-4.948701
0.050877,-0.411955,0.425946,-0.394525,-1.324031,-6.938610
0.029108,-0.463667,0.454257,0.197325,-0.592579,-8.505371
0.029446,-0.483745,0.447702,0.642752,-0.143646,-9.678987
0.042277,-0.492099,0.429855,0.210862,0.322634,-12.420871
0.034189,-0.536734,0.410305,-0.579224,0.994647,-13.418817
0.015088,-0.551662,0.414309,0.408734,1.292194,-13.863273
0.009164,-0.543745,0.403110,0.619798,-0.472622,-14.866892
-0.025502,-0.548826,0.398390,-0.286332,0.600686,-15.575043
-0.065456,-0.562458,0.366753,0.221861,1.178710,-14.823227
-0.066359,-0.539058,0.372957,0.394800,0.659881,-12.644961
-0.088177,-0.490816,0.358794,0.283647,-0.067940,-10.571288
-0.151939,-0.472467,0.325165,-0.592870,-1.280732,-9.122095
-0.168951,-0.457670,0.288454,0.057795,-0.642751,-8.038766
-0.198802,-0.434791,0.292213,0.913034,-2.836175,-7.101801
-0.228298,-0.381425,0.269748,0.059866,-2.254018,-5.740604
-0.236533,-0.341829,0.231547,-0.114021,-1.873081,-4.963641
-0.249145,-0.281238,0.190024,0.052553,-0.397235,-3.999888
-0.248294,-0.201908,0.198204,0.368330,-0.433013,-2.324217
-0.267891,-0.133758,0.200636,-0.434535,-1.443860,1.105780
-0.296569,-0.083839,0.179842,-1.166565,-0.784382,3.383848
-0.328921,-0.050365,0.155827,-0.166718,0.391174,5.279623
-0.336625,0.023674,0.166272,0.202957,-0.699587,6.910554
-0.308383,0.104957,0.162806,-0.163645,-0.466763,6.632282
-0.324605,0.161307,0.104598,-0.058575,0.291831,6.872618
-0.373782,0.171472,0.128314,0.216704,-1.235927,6.807579
-0.362126,0.210681,0.125058,0.896539,-2.440060,8.867720
-0.329193,0.274584,0.084024,1.482133,-1.269218,10.575852
-0.304687,0.295319,0.109565,1.276944,-0.945376,11.848240
-0.289184,0.296494,0.090221,1.535285,-1.139752,13.424760
-0.267726,0.322829,0.081661,2.903711,-1.446056,15.493320
-0.265741,0.331370,0.100338,1.758708,-2.074804,15.221938
-0.259530,0.318739,0.071761,2.352885,-0.876343,12.315144
-0.254449,0.312184,0.105819,2.860356,-2.158854,9.218370
-0.223988,0.350139,0.100623,2.214878,-2.087835,8.247175
-0.208872,0.316730,0.096773,2.326602,-0.654667,6.815727
-0.210139,0.273300,0.101421,2.268211,-1.224898,6.185709
-0.203909,0.221891,0.134524,2.421406,-1.614130,6.146983
-0.175789,0.198290,0.131324,1.229598,-0.927037,5.221881
-0.177502,0.164412,0.145540,1.118892,-0.149883,1.688116
-0.168022,0.114338,0.180006,1.191161,0.004785,-1.180177
-0.123778,0.094171,0.158814,-0.229156,0.144492,-1.395590
-0.111249,0.062170,0.154866,-1.159832,0.915773,-2.459257
-0.098136,0.009080,0.181079,-0.365656,0.824288,-3.582320
-0.080870,-0.019168,0.219142,-1.822760,-1.786622,-2.182602
-0.076813,-0.060018,0.216122,-2.810554,0.086597,-0.737747
-0.032986,-0.074031,0.223849,-2.848423,0.084004,0.459359
-0.013640,-0.153236,0.255525,-2.415132,0.343740,-0.155647
-0.018022,-0.200228,0.267299,-1.923255,-0.130110,-1.661974
0.016739,-0.211395,0.249403,-2.911046,-0.332344,-2.948358
0.056592,-0.247479,0.270319,-2.390372,-0.456660,-5.969550
0.062287,-0.308975,0.317317,-0.945367,0.749846,-7.208743
0.090903,-0.313810,0.313424,-1.021641,0.211352,-5.485458
0.132386,-0.341136,0.329977,-0.871046,0.820356,-4.147660
0.127932,-0.369697,0.331359,-0.450395,1.027787,-4.847561
0.113909,-0.343336,0.331638,1.398983,1.396362,-6.103991
0.170331,-0.351785,0.375741,0.829887,0.657800,-5.827621
0.229514,-0.369507,0.368070,0.093321,1.277508,-4.475993
0.197464,-0.330071,0.377546,2.032388,2.241317,-3.626801
0.198334,-0.304504,0.414841,2.197708,0.156736,-2.376221
0.296413,-0.317736,0.393417,1.332753,1.720319,0.555865
0.287866,-0.301711,0.400290,1.774215,2.455828,2.243807
0.283730,-0.257136,0.447285,3.211506,1.982724,3.049940
0.379416,-0.266123,0.449967,2.424896,2.172068,3.885750
0.348679,-0.285601,0.427058,1.718466,1.517402,3.751238
0.294834,-0.231933,0.449077,4.164676,2.037202,0.655798
0.391505,-0.214080,0.482023,3.804806,-0.146430,1.403648
0.388348,-0.294657,0.451135,1.905355,-0.015710,2.404911
0.302541,-0.268335,0.427154,3.567837,1.267099,0.869279
0.367832,-0.220684,0.466326,4.463880,-1.681958,1.011091
0.432227,-0.269011,0.485414,1.644821,-0.413857,0.505062
0.338130,-0.259670,0.440746,2.586375,2.679825,-2.252836
0.350458,-0.220320,0.464866,4.242769,0.175127,-4.148707
0.442147,-0.281915,0.477838,0.858516,1.086185,-2.466543
0.362695,-0.271933,0.452563,0.837679,3.459716,-4.554065
0.344727,-0.178741,0.427987,2.463943,3.684100,-6.516561
0.407497,-0.229041,0.458704,0.127396,2.264623,-4.553732
0.358556,-0.255327,0.427344,-1.560223,2.962735,-3.099058
0.310603,-0.146041,0.411706,0.013633,3.308736,-4.493591
0.407668,-0.172770,0.423330,-0.634481,2.589850,-4.486400
0.371958,-0.214214,0.426235,-3.353918,0.669299,-3.223676
0.280519,-0.115213,0.349435,-2.012166,2.305932,-4.962600
0.332106,-0.070617,0.348398,-1.592287,2.162841,-6.207540
0.346818,-0.150144,0.382995,-3.385787,-0.160059,-4.663607
0.219039,-0.067857,0.374615,-2.823916,-2.082478,-4.866479
0.281393,0.048538,0.327601,-1.963284,0.658870,-4.193297
0.307373,-0.007893,0.351536,-2.656118,-0.420317,-3.179823
0.165765,0.039791,0.354375,-2.954682,-2.446937,-2.943060
0.198570,0.179820,0.283924,-1.548506,1.631092,-2.313529
0.276597,0.151456,0.304719,-2.433782,0.725720,-0.929241
0.190348,0.182183,0.299401,-1.950752,1.871994,-0.420911
0.141081,0.337580,0.233135,0.165199,2.364412,0.254533
0.222095,0.330431,0.252436,-1.637791,1.805143,3.370311
0.184144,0.314255,0.244128,-2.134772,1.348717,6.237466
0.094934,0.449590,0.219057,1.078928,2.898770,6.845376
0.164682,0.482615,0.212554,0.299759,0.904639,8.766881
0.186231,0.431432,0.186892,-1.379158,0.334496,10.390859
0.052203,0.519559,0.153530,1.664285,1.637161,9.339264
0.067975,0.543842,0.159819,3.159839,-0.082282,8.588810
0.123511,0.457297,0.157104,0.178680,-1.900119,11.092653
0.015239,0.496838,0.080998,1.567755,-0.348829,10.726025
0.046386,0.577638,0.129532,4.155655,-0.637532,9.906327
0.117015,0.453417,0.138306,1.573014,-4.064979,11.900822
0.008222,0.392870,0.076425,0.993230,-0.345205,11.807032
-0.014106,0.455459,0.070884,4.006094,1.163361,8.895189
0.106599,0.386876,0.117016,2.318409,-0.676603,7.797282
0.055912,0.303016,0.102527,-0.375113,-0.369321,6.480217
-0.018609,0.346922,0.034620,1.666208,3.339827,4.563040
0.068494,0.283239,0.075713,1.098921,1.283364,6.114766
0.110781,0.159245,0.092677,-1.137368,1.329118,8.594445
0.034671,0.160607,0.023489,-0.415500,2.356819,6.139038
0.101771,0.117358,0.035588,0.314195,2.375700,4.229618
0.128507,-0.059106,0.074932,-1.604672,-0.461272,4.553007
0.037596,-0.089652,0.015687,-0.967987,1.767310,1.775126
0.083288,-0.118124,0.014912,0.334875,0.659874,-2.813886
0.145588,-0.294532,0.061763,-1.062213,-1.260772,-4.479038
0.048280,-0.348663,0.044129,-0.773293,-0.276832,-6.254468
0.033644,-0.322020,0.024815,0.588693,0.086994,-8.872234
0.140556,-0.469939,0.044743,-0.561864,-1.108723,-9.645491
0.107414,-0.560991,0.052756,-0.599172,-1.792599,-10.040381
0.083606,-0.501365,0.046804,0.840311,0.652840,-11.245907
0.191053,-0.550540,0.061424,-0.276919,1.335239,-12.199493
0.117205,-0.649302,0.070710,-1.752811,1.609087,-12.840521
0.088667,-0.577663,0.052142,0.468424,2.981001,-13.647464
0.211230,-0.556225,0.078418,-0.279151,2.403253,-13.289465
0.196039,-0.645225,0.069594,-2.179292,2.838823,-11.066331
0.059431,-0.596868,0.054325,0.206374,3.309219,-11.402197
0.155399,-0.531131,0.097108,0.271416,0.894339,-9.984704
0.234073,-0.583341,0.103584,-1.753953,1.540559,-8.110173
0.103862,-0.534666,0.120023,-0.287856,1.323357,-9.018181
0.097228,-0.443214,0.114577,1.046560,-0.881775,-8.248203
0.151684,-0.488817,0.125160,-1.342437,-0.925753,-5.149343
0.078699,-0.407580,0.108698,0.271596,-0.090084,-4.352750
0.095758,-0.274349,0.153720,2.139760,-1.231604,-2.840124
0.187187,-0.318071,0.162343,0.453266,-1.201389,1.536627
0.041785,-0.315094,0.124693,0.046972,-0.628010,2.983533
0.019907,-0.200159,0.162077,3.708591,1.018310,2.203512
0.162864,-0.206248,0.186380,2.879316,0.256840,3.196252
0.131871,-0.207728,0.203042,1.288965,0.307078,2.529519
0.041292,-0.091146,0.200350,3.777988,2.978392,0.702701
0.148454,-0.072879,0.239746,4.513796,2.209369,1.734196
0.124410,-0.105424,0.245251,2.276690,0.185441,3.442230
0.054231,-0.023557,0.240537,3.176406,3.809285,3.247369
0.198445,0.022863,0.252049,4.581677,4.009642,5.569345
0.204377,0.008371,0.299496,2.084014,0.479495,7.914842
0.065198,0.064091,0.270949,2.384275,1.690458,6.750210
0.141062,0.096977,0.258161,2.807680,0.919840,6.633947
0.258094,0.057325,0.310131,0.660825,-0.998039,8.624870
0.139063,0.109021,0.298249,0.683490,-0.552812,7.929466
0.137996,0.153035,0.275173,1.666268,-0.657972,6.369890
0.204741,0.055172,0.325664,-0.646272,-2.179379,7.863327
0.136998,0.064599,0.333913,-0.466663,-1.569278,7.578088
0.189192,0.152818,0.326140,0.396194,0.087831,5.418246
0.317046,0.067429,0.352892,-1.975298,-0.143210,4.335744
0.215294,-0.003035,0.345194,-1.569621,2.512450,2.977007
0.202949,0.066323,0.336828,0.399152,3.018723,1.258186
0.403644,0.066352,0.363845,-2.256622,2.533851,0.492591
0.350055,-0.020580,0.349426,-2.649872,3.534043,-2.069721
0.233735,0.025069,0.350919,-0.269507,4.121110,-4.139581
0.366106,0.038126,0.332606,-1.309081,1.785226,-3.708636
0.364730,-0.014498,0.312777,-3.220484,1.801398,-3.612614
0.302850,0.003733,0.320727,0.035015,3.312839,-3.040543
0.435043,0.035993,0.294816,-0.376757,1.182189,-0.390857
0.424996,-0.046327,0.315954,-2.489357,0.227830,2.035204
0.314253,-0.035981,0.296483,-0.030332,0.689689,0.788827
0.456882,-0.010726,0.280383,0.710074,0.452946,0.609891
0.522215,-0.092974,0.264509,-1.239950,-1.275438,0.935482
0.377525,-0.058719,0.235023,0.261020,0.950140,-1.857287
0.398858,-0.002799,0.235213,1.699355,1.138595,-2.649507
0.487822,-0.087755,0.236884,0.248672,0.157793,0.030000
0.419836,-0.081108,0.192814,0.577536,2.267393,0.822823
0.435460,-0.041210,0.197514,2.706614,3.665790,1.145466
0.493228,-0.097429,0.164349,0.657302,2.863260,2.676877
0.409171,-0.123606,0.151019,0.619564,3.806407,1.489995
0.419885,-0.057724,0.153559,2.530967,5.561168,-0.532734
0.586856,-0.076093,0.131934,1.453779,4.325911,0.535878
0.524897,-0.102155,0.092739,0.130806,4.231925,2.190676
0.405823,-0.124407,0.058854,1.574025,3.918541,2.065045
0.496609,-0.132771,0.077305,2.381971,0.902663,5.002837
0.510139,-0.168726,0.031400,0.952436,1.920547,7.164252
0.445390,-0.195170,-0.003932,2.190867,2.103885,5.762511
0.488341,-0.216942,-0.002225,3.375492,1.062731,4.540398
0.493691,-0.267823,0.013209,1.296918,-1.102956,4.057874
0.452667,-0.288483,-0.041434,1.728204,0.784131,0.318118
0.516231,-0.283835,-0.022780,3.171302,1.246965,-1.888805
0.580859,-0.354598,-0.022915,2.069643,0.250440,-1.383987
0.508216,-0.353570,-0.095594,1.237309,3.464787,-1.084781
0.454210,-0.356144,-0.077728,2.549431,2.283070,-2.773302
0.509522,-0.421953,-0.084073,2.040315,2.179007,-4.009371
0.469247,-0.450957,-0.126364,0.658349,3.211238,-5.163625
0.447812,-0.430672,-0.118969,1.595607,4.695356,-8.899327
0.452263,-0.456882,-0.092003,1.336527,2.090535,-10.462486
0.436885,-0.469401,-0.131826,-0.163416,3.381728,-10.151876
0.404077,-0.449293,-0.130099,-0.388926,3.887893,-10.468646
0.453770,-0.407540,-0.114655,0.070517,3.384712,-9.109679
0.441894,-0.426221,-0.105744,-1.094381,2.586072,-6.177407
0.351663,-0.409864,-0.122530,-1.697736,1.583937,-5.448918
0.383207,-0.359262,-0.168333,-1.422628,2.774316,-5.429082
0.382754,-0.342843,-0.132394,-1.922287,0.956095,-7.583879
0.332054,-0.310160,-0.136746,-1.984434,-0.239159,-9.663981
0.315448,-0.229218,-0.146101,-2.332369,-0.171495,-11.357550
0.329969,-0.204249,-0.167788,-2.861606,1.585837,-9.891357
0.330153,-0.145293,-0.122130,-2.473044,0.595555,-7.503164
0.321612,-0.069354,-0.102675,-1.537379,1.067835,-4.514356
0.316882,-0.037875,-0.131018,-2.223973,1.738592,-2.652764
0.308433,0.008141,-0.156690,-1.702551,3.778191,-1.381125
0.276761,0.082508,-0.091206,-0.437601,2.220720,-1.166659
0.288729,0.131476,-0.100574,-0.472290,1.045541,-1.053572
0.288877,0.189250,-0.116658,-0.908188,2.596930,1.337234
0.238649,0.238959,-0.112348,-0.042376,2.272946,2.823692
0.235878,0.315046,-0.097088,1.042804,1.682652,5.112837
0.221902,0.356664,-0.099625,0.706850,0.814507,8.595721
0.187141,0.363337,-0.097426,0.545220,0.607871,12.380208
0.214946,0.421023,-0.089236,1.747593,0.729872,14.266055
0.204039,0.441354,-0.059222,2.044831,-2.113852,14.088655
0.147614,0.455718,-0.073730,2.053881,-0.582447,12.338973
0.110286,0.454921,-0.104375,2.502606,-0.938887,10.484276
0.117228,0.464890,-0.096310,2.655647,-1.112035,9.213716
0.090493,0.448766,-0.062241,2.743199,-1.723603,8.639062
0.040573,0.425907,-0.086325,2.117412,-0.960413,9.962715
0.032295,0.409177,-0.091488,1.590857,-0.112037,11.419971
0.028241,0.374491,-0.071938,2.579872,0.400155,11.471906
0.021046,0.352000,-0.047543,1.269660,-0.634687,10.957738
0.020202,0.285058,-0.058795,0.256854,1.749982,8.805644
0.022372,0.231574,-0.031321,0.638648,2.587493,6.283592
-0.001649,0.218966,-0.036563,-0.059629,2.029432,4.893380
0.014058,0.175464,-0.023926,-1.206893,3.100331,2.748941
0.069199,0.121953,-0.052870,-1.385008,3.678391,2.581101
0.055160,0.051315,-0.050014,-0.997155,2.150603,2.395818
0.052360,-0.004657,-0.030320,-1.710705,0.223471,2.037311
0.068632,-0.056569,-0.059202,-2.187649,0.691757,0.730323
0.114146,-0.121984,-0.065813,-1.735280,0.685714,-2.035573
0.139736,-0.177044,-0.008170,-1.840781,-1.128047,-5.242052
0.155583,-0.212895,-0.019517,-1.772254,-0.933457,-7.748719
0.163028,-0.282302,-0.005649,-2.238064,-0.615566,-9.244729
0.193837,-0.330665,-0.020784,-1.351153,0.269514,-9.165677
0.252937,-0.378858,0.029726,-0.660350,-1.005805,-8.016244
0.315323,-0.397036,0.002515,-0.749242,0.609548,-6.454904
0.288729,-0.448820,-0.002770,-0.139001,1.461571,-8.065092
0.299265,-0.505935,0.010648,0.048860,2.380168,-9.500581
0.375992,-0.518254,0.024572,1.293531,3.241483,-11.580165
0.399997,-0.492884,-0.008426,0.945113,3.109880,-12.426788
0.381852,-0.481326,0.007999,0.200876,3.141861,-12.261521
0.385193,-0.491377,0.008278,1.187137,3.512362,-9.595523
0.410399,-0.458395,0.047983,0.943767,2.186901,-5.384732
0.397834,-0.435943,0.035565,1.040488,1.942103,-2.167732
0.379006,-0.447123,0.020824,0.356375,1.556591,-1.214213
0.372753,-0.430675,0.012359,1.407041,1.679052,-0.656487
0.350508,-0.403142,0.024175,1.625037,-0.750432,-1.133669
0.350314,-0.371040,0.015920,1.424579,0.886087,-2.201309
0.330889,-0.369694,-0.009128,1.197444,1.541281,-2.717716
0.337319,-0.345164,0.015733,1.356465,0.569785,-1.523243
0.365761,-0.291467,0.029808,2.004096,0.986329,0.801968
0.358021,-0.277004,0.002790,1.103468,1.782160,2.962222
0.382334,-0.248614,-0.008846,1.805394,3.738890,4.971840
0.390179,-0.241669,0.013724,2.013396,3.335308,5.902608
0.396836,-0.219407,0.018428,2.104299,3.516219,5.641526
0.391729,-0.184256,-0.017144,0.977964,4.415575,2.870668
0.391577,-0.166944,-0.018657,1.789520,3.818115,0.489944
0.463624,-0.155436,0.003434,2.081033,4.079216,1.192496
0.498027,-0.106787,-0.021503,1.207675,3.020978,1.430493
0.505307,-0.094320,-0.044369,1.718967,4.249890,2.370051
0.510825,-0.118929,-0.020784,1.987290,2.050752,4.111783
0.603104,-0.078042,-0.052801,1.125555,2.119821,5.474056
0.616182,-0.075151,-0.084818,1.706117,1.896339,4.448786
0.583502,-0.081102,-0.074390,1.745443,1.011456,1.599048
0.568711,-0.080616,-0.048921,1.152848,-2.574263,-0.797241
0.622641,-0.050719,-0.129715,0.471345,0.862158,-1.931313
0.662218,-0.016149,-0.120367,0.549608,2.270711,-3.529618
0.666679,-0.022983,-0.101099,0.045764,1.320403,-2.507207
0.660908,-0.038683,-0.124624,0.185547,3.087385,0.517777
0.688290,-0.013447,-0.152249,-0.134002,3.228198,1.338279
0.708366,-0.017311,-0.149476,-0.942942,4.080959,-0.519978
0.701902,-0.038253,-0.141053,0.222500,4.350379,-2.437490
0.687358,-0.019599,-0.157449,-0.870519,4.024088,-3.016661
0.693276,-0.003006,-0.181998,-1.529636,4.495305,-4.802423
0.657114,-0.006075,-0.164095,-1.228682,4.195884,-5.185382
0.652357,0.000628,-0.176375,-0.880146,3.703807,-3.532011
0.643629,0.048400,-0.173923,-1.939484,2.312497,-1.167051
0.633703,0.082206,-0.196070,-2.153621,3.069666,0.679087
0.579241,0.080184,-0.172242,-1.293041,1.730373,2.514324
0.569213,0.108561,-0.172308,-2.071963,0.663912,4.373678
0.566866,0.136074,-0.183711,-2.346500,0.731310,4.447483
0.537042,0.149030,-0.154104,-1.416306,0.664227,3.330104
0.523656,0.158743,-0.161076,-0.687950,1.013459,3.607325
0.520256,0.160699,-0.174678,-1.283525,1.022226,4.362742
0.515670,0.140880,-0.213598,-0.178049,1.900931,4.506897
0.490290,0.156399,-0.177258,0.544327,2.368170,4.795708
0.460128,0.148725,-0.142783,1.133872,1.837649,4.342225
0.488902,0.156475,-0.191606,0.811458,3.762822,5.545952
0.470865,0.147806,-0.185559,1.081777,3.562219,6.194076
0.446033,0.153649,-0.196759,3.039505,3.993863,6.409104
0.433094,0.136462,-0.198413,2.036057,2.789707,7.450531
0.403483,0.116944,-0.192393,1.610555,1.573679,7.553307
0.384074,0.097676,-0.202923,2.568688,2.484936,6.908032
0.380929,0.106913,-0.188586,2.713730,1.378269,5.945542
0.343332,0.075257,-0.200032,1.823857,-0.540234,5.684873
0.276574,0.026106,-0.213434,1.428465,-0.052566,5.111742
0.283208,0.000625,-0.218938,2.717133,0.161433,4.985707
0.293695,-0.022103,-0.203462,1.925301,-2.116803,3.628767
0.234867,-0.076972,-0.244804,1.146864,-0.281706,2.281492
0.163658,-0.144459,-0.228602,2.141912,0.788214,0.208005
0.188848,-0.196387,-0.194442,1.471589,-0.555409,-1.529583
0.202611,-0.223924,-0.246767,1.167196,1.292528,-3.093005
0.136995,-0.281632,-0.239079,0.627274,2.332769,-5.852628
0.105034,-0.338399,-0.236923,0.408460,2.590838,-7.633670
0.136732,-0.378077,-0.207936,0.352688,2.072797,-7.368329
0.110647,-0.390632,-0.248566,-0.461383,1.821145,-8.095311
0.061400,-0.437873,-0.241633,-1.069510,2.868102,-10.177832
0.110423,-0.477328,-0.251251,-0.756047,2.418956,-10.722102
0.093224,-0.465150,-0.259913,-1.008247,1.069391,-11.041237
0.042333,-0.447445,-0.283832,-1.921710,0.863504,-11.246371
0.026088,-0.479567,-0.276568,-2.670474,-0.625679,-11.431868
0.053736,-0.467724,-0.265237,-2.042438,-1.398145,-8.939778
-0.002699,-0.411089,-0.296030,-2.795817,-1.882604,-6.918680
-0.058307,-0.386877,-0.297477,-2.762773,-1.297979,-7.382079
-0.027935,-0.413741,-0.283425,-2.104453,-1.885335,-7.156933
-0.019252,-0.358363,-0.283205,-2.178085,-1.555131,-5.229587
-0.040414,-0.294785,-0.308516,-1.365970,0.158498,-6.397650
-0.017815,-0.289090,-0.301265,-1.426354,0.558529,-7.853839
-0.003398,-0.257119,-0.278479,-0.293263,0.915478,-6.083288
-0.025647,-0.193998,-0.290591,0.534624,1.752595,-4.365651
-0.027124,-0.148674,-0.288467,-0.337093,1.601852,-3.300559
-0.014742,-0.100698,-0.301475,-0.379158,1.957849,-1.735344
-0.068450,-0.007709,-0.302476,0.962407,2.237703,-0.337914
-0.071463,0.055796,-0.268175,1.317912,0.037997,0.940432
0.003009,0.121569,-0.286593,0.061365,0.527723,2.578140
-0.026566,0.185974,-0.286376,0.656123,0.183645,3.736071
-0.061688,0.215414,-0.269527,2.280395,0.501323,7.187243
0.007371,0.278211,-0.273867,1.009336,-1.248814,11.120866
0.033654,0.329486,-0.302188,0.901449,-1.124837,11.945415
-0.043759,0.344700,-0.284994,1.742075,-1.664236,11.892622
-0.021711,0.352052,-0.271369,2.328522,-1.542369,12.066975
0.050870,0.348639,-0.301039,1.515377,-2.497073,12.557445
0.020921,0.354731,-0.299210,1.682144,-0.709195,10.612304
0.006131,0.347621,-0.286836,2.983135,0.640209,8.461998
0.076585,0.316786,-0.284814,2.315425,-0.146142,7.709891
0.110394,0.283384,-0.281475,1.471143,0.561165,6.496531
0.082211,0.274633,-0.314507,1.666077,3.246176,5.937397
0.088868,0.229230,-0.282181,1.900111,1.958794,6.397546
0.125365,0.187651,-0.265247,1.105774,0.705103,7.475491
0.130440,0.157748,-0.303937,0.443831,2.353724,7.277156
0.124545,0.104918,-0.281114,0.947233,2.090124,4.013736
0.121692,0.029635,-0.261709,0.265113,0.440322,1.672738
0.154832,-0.019244,-0.268175,-0.449290,0.789754,0.337026
0.227226,-0.058591,-0.301492,-1.129238,1.159022,0.150887
0.236811,-0.104391,-0.291576,-1.486554,0.299909,-1.509087
0.185762,-0.185926,-0.269534,-1.168761,-0.321690,-2.457085
0.175399,-0.201987,-0.289777,-1.339320,-0.590173,-1.228317
0.209166,-0.216906,-0.275469,-2.208172,-0.569533,-1.733917
0.254408,-0.266743,-0.290880,-2.425899,-0.066683,-3.924215
0.213354,-0.297086,-0.282723,-1.592081,-0.045072,-5.438924
0.166061,-0.338465,-0.282539,-2.051954,-1.561581,-6.397262
0.202141,-0.370081,-0.298807,-2.427583,0.791372,-7.733361
0.226993,-0.377467,-0.315117,-1.582355,1.963344,-8.786193
0.246510,-0.396600,-0.254267,-1.290573,2.499911,-8.219499
0.288053,-0.422863,-0.274733,-0.998088,3.109768,-5.900934
0.267150,-0.406549,-0.292183,-0.881121,3.880320,-5.481065
0.206917,-0.440824,-0.272833,-0.707657,3.509576,-6.334191
0.264639,-0.432083,-0.257435,0.416345,3.634522,-6.282758
0.310892,-0.377256,-0.264105,0.736944,2.319961,-5.094163
0.297651,-0.368922,-0.257504,0.600545,0.557456,-4.130997
0.293784,-0.343040,-0.281443,0.456331,1.763844,-2.425600
0.298954,-0.344793,-0.263225,2.263665,0.864856,-0.740507
0.345564,-0.318258,-0.263547,1.924592,-1.680012,2.454469
0.397030,-0.286038,-0.311493,2.576596,0.454715,3.500366
0.376262,-0.301563,-0.286704,2.705172,-0.048134,2.512976
0.382101,-0.304193,-0.283550,3.331931,-0.021488,2.308815
0.404044,-0.283802,-0.273069,3.909922,0.985758,1.079098
0.382797,-0.271454,-0.278636,3.292814,0.188070,0.225069
0.390757,-0.253207,-0.295209,3.323098,1.501498,-0.400505
0.402111,-0.280224,-0.279411,3.911163,2.404123,1.519414
0.428393,-0.285223,-0.267850,3.967056,2.325643,4.687261
0.427497,-0.277280,-0.290696,3.393033,3.362690,5.444683
0.379121,-0.295895,-0.288730,2.222099,3.436121,4.037064
0.402905,-0.299295,-0.275295,3.151407,4.384237,1.194010
0.445324,-0.264515,-0.251766,1.868305,2.711631,0.319496
0.414752,-0.247554,-0.238344,0.383648,2.297499,-0.855480
0.355684,-0.266658,-0.259211,0.141936,3.835387,-0.356596
0.329241,-0.257057,-0.250978,0.266757,1.242901,1.047161
0.358317,-0.238764,-0.201095,-0.270210,0.853233,2.524151
0.350288,-0.239253,-0.224853,-1.241566,0.477519,2.746346
0.303372,-0.249081,-0.216674,-1.510440,-0.012782,1.196827
0.263713,-0.267941,-0.219126,-0.829728,-0.900977,-2.133405
0.267977,-0.249474,-0.213066,-1.320971,-0.628640,-3.618945
0.274381,-0.237267,-0.220701,-1.312020,-0.291153,-5.893130
0.250538,-0.240592,-0.223166,-1.766283,0.919118,-7.048514
0.235757,-0.233305,-0.214258,-0.595063,1.541606,-5.698768
0.213607,-0.219663,-0.205405,-1.066543,0.705740,-3.088987
0.215649,-0.202270,-0.235531,-1.197722,2.682191,-3.330709
0.226215,-0.189376,-0.235049,-0.015857,3.548289,-4.813624
0.217267,-0.156493,-0.204732,-0.269350,2.559047,-6.118439
0.197799,-0.127985,-0.230470,-0.552713,1.367758,-6.882815
0.184600,-0.104614,-0.255669,-0.872489,3.225021,-7.312067
0.179305,-0.044486,-0.256867,0.305050,2.101134,-4.906526
0.199069,0.007659,-0.244532,0.028793,1.341157,-1.422322
0.157402,0.055658,-0.282345,-0.776861,0.295110,1.584253
0.084574,0.077739,-0.289015,-0.402529,0.001322,2.551439
0.060885,0.091059,-0.275833,0.419883,-1.498145,3.142425
0.110913,0.113442,-0.289376,0.358806,-1.732623,2.809600
0.115025,0.170760,-0.316680,-0.163318,-1.928345,1.180712
0.043048,0.188584,-0.304784,-0.448752,-1.351693,0.588932
0.030749,0.187461,-0.298327,0.713031,-0.335135,1.555223
0.095918,0.241034,-0.309160,0.448722,-0.150035,5.902739
0.089025,0.256849,-0.305260,-0.044031,0.324353,9.341799
0.012295,0.238043,-0.331654,0.197678,1.566027,11.317806
-0.026018,0.217111,-0.325240,1.079738,1.497543,11.292840
-0.005440,0.220817,-0.307111,0.923632,0.070188,10.741305
-0.027150,0.192605,-0.331112,0.941436,1.473394,6.931362
-0.074578,0.150159,-0.317891,1.430253,1.216405,3.074371
-0.120109,0.109106,-0.285867,1.524925,-0.655717,1.963491
-0.108899,0.110793,-0.299880,1.488710,-0.300321,3.554575
-0.076731,0.113242,-0.306199,1.097936,0.402968,5.402654
-0.112812,0.052874,-0.290653,1.504581,-1.214273,7.048571
-0.200574,0.016203,-0.279989,1.847681,-2.385208,9.248681
-0.214905,0.006746,-0.329219,1.161231,-1.641394,10.019785
-0.191039,-0.056011,-0.270105,0.542580,-2.810319,6.538093
-0.218280,-0.120126,-0.259053,1.241937,-2.250723,1.809076
-0.314239,-0.154142,-0.285506,0.876874,-2.300015,-1.317832
-0.343164,-0.228079,-0.257980,0.155745,-2.909948,-3.156743
-0.266056,-0.280802,-0.254028,0.494489,-1.816210,-4.302559
-0.317945,-0.317710,-0.256765,1.333848,-0.344109,-4.580983
-0.348044,-0.388088,-0.264689,0.495228,-0.483652,-4.671519
-0.330401,-0.436311,-0.272101,-0.217681,-0.171649,-5.412620
-0.403843,-0.467612,-0.250798,0.395803,0.593802,-6.988114
-0.437379,-0.505042,-0.265506,0.566224,0.948663,-9.071239
-0.357120,-0.530461,-0.248024,-0.624441,-0.846144,-10.971359
-0.388140,-0.532933,-0.249137,-1.273885,-0.685824,-12.643401
-0.476605,-0.546666,-0.265976,-0.130467,0.286691,-14.560617
-0.445343,-0.544543,-0.236667,-1.469656,-3.383499,-12.688591
-0.413972,-0.550353,-0.259598,-2.282870,-2.662403,-11.344671
-0.458233,-0.513172,-0.270919,-1.593230,-1.849008,-9.709525
-0.451668,-0.503932,-0.287902,-0.989491,-2.769053,-9.489756
-0.435886,-0.485538,-0.239739,-2.088950,-4.094275,-7.942693
-0.495160,-0.448210,-0.304426,-2.058201,-2.242293,-5.353720
-0.468848,-0.418353,-0.283727,-1.405074,-2.140528,-5.931471
-0.398962,-0.404701,-0.226964,-0.867128,-2.583257,-5.378294
-0.455295,-0.353600,-0.261938,-0.843380,-1.440180,-3.889401
-0.470834,-0.313790,-0.273151,-0.369823,0.669154,-3.731254
-0.367874,-0.301206,-0.236739,0.244614,-0.221884,-2.590506
-0.348681,-0.262181,-0.226580,0.784460,-0.281427,-0.036295
-0.421328,-0.210065,-0.221427,1.120437,-0.890185,1.796010
-0.357301,-0.191122,-0.243439,1.584003,0.529128,1.985440
-0.303755,-0.118059,-0.239660,2.704010,-0.417904,3.417217
-0.377432,-0.092666,-0.225251,2.930997,-0.312640,4.056363
-0.308773,-0.082523,-0.256549,2.818121,-1.000616,5.087407
-0.239799,-0.029305,-0.239053,3.021576,-2.374966,6.965777
-0.333956,0.009714,-0.236687,3.335847,-2.419368,7.575446
-0.306843,0.015153,-0.234021,3.428109,-3.537508,7.671146
-0.190297,0.025890,-0.243603,2.565734,-3.783296,9.088478
-0.244680,0.042364,-0.252042,3.129299,-2.036846,10.073468
-0.283640,0.035717,-0.235206,3.324072,-2.295935,9.913994
-0.164303,0.041957,-0.222815,2.560325,-2.304200,8.863333
-0.180446,0.048686,-0.252560,1.209739,-1.254385,9.384229
-0.237896,0.032090,-0.244059,1.186598,0.124381,7.262863
-0.097013,0.010436,-0.212836,1.433897,0.797195,6.236342
-0.110741,-0.028244,-0.232951,1.338325,2.541732,6.475107
-0.202455,-0.064194,-0.205346,0.493656,0.793745,5.628909
-0.073646,-0.088976,-0.239132,0.435668,1.959221,3.245710
-0.057624,-0.115055,-0.243970,0.531515,0.372178,0.602989
-0.193304,-0.185870,-0.204804,0.262415,-0.459700,-1.307960
-0.145544,-0.232008,-0.241502,-0.311533,-0.256520,-3.027461
-0.017214,-0.236709,-0.237845,-0.757757,-0.031588,-4.245421
-0.097187,-0.262512,-0.255603,-0.337573,-0.437566,-4.962228
-0.108272,-0.274939,-0.235521,-0.568239,-0.924611,-5.952983
-0.081291,-0.301750,-0.173135,-2.521920,-12.396408,-4.196367
-0.075536,-0.331955,-0.258246,-1.518650,-1.100560,-1.552324
-0.099275,-0.356308,-0.256168,-1.073646,-0.033275,-2.519009
0.008294,-0.399551,-0.210273,-0.384505,-1.103937,-3.030604
-0.018264,-0.434814,-0.216729,-0.722602,0.590914,-3.717084
-0.080966,-0.446992,-0.240002,-0.473774,1.058504,-6.849386
0.041903,-0.458667,-0.209774,-0.046794,0.971693,-11.261937
0.039470,-0.471646,-0.189029,0.093950,-0.169059,-11.294669
-0.056229,-0.465006,-0.206452,0.362568,1.350805,-9.131954
0.049108,-0.432093,-0.219093,0.530406,2.819217,-6.681736
0.050099,-0.424471,-0.207322,0.415682,0.982193,-3.477826
-0.062298,-0.429323,-0.205021,0.999870,1.005830,-0.436704
0.014993,-0.412474,-0.189800,0.635543,-0.881785,-0.030169
0.120826,-0.385610,-0.205438,0.556009,-0.155345,0.033259
-0.028742,-0.356383,-0.198292,1.408970,0.165316,-1.379781
-0.036075,-0.315816,-0.187604,1.310359,-0.517736,-2.010493
0.083911,-0.307744,-0.195774,0.437792,-1.479090,0.185875
0.003557,-0.297227,-0.166222,1.482474,-0.782842,2.935674
-0.039630,-0.282121,-0.174425,2.491991,-1.487385,4.606363
0.046114,-0.277913,-0.165244,1.559736,-1.749294,5.174078
0.003941,-0.267876,-0.183744,1.490125,0.727187,5.735834
-0.038314,-0.219217,-0.151954,2.503368,1.015602,3.060566
0.066304,-0.215787,-0.129495,2.500588,0.743298,1.543424
0.005510,-0.243366,-0.147644,1.242413,0.856030,3.014948
-0.065909,-0.217123,-0.174255,3.043424,3.763216,3.347034
0.050988,-0.214680,-0.140052,3.300833,1.584127,3.483720
0.060002,-0.236394,-0.135958,2.479295,0.854920,3.884119
-0.104360,-0.244905,-0.174258,2.263468,1.914724,1.802961
-0.071233,-0.252639,-0.167982,2.532398,0.699461,-1.480239
0.013378,-0.260146,-0.122251,2.166616,-0.114797,-3.361072
-0.098848,-0.240306,-0.164132,1.884084,-0.321545,-4.558245
-0.091791,-0.210443,-0.147923,1.290418,-2.283124,-3.781482
-0.042285,-0.223067,-0.131832,-0.071104,-2.086105,-1.079647
-0.143381,-0.236981,-0.134084,0.608298,-1.191591,1.128097
-0.169893,-0.216420,-0.142175,0.195220,-1.713043,0.952975
-0.073816,-0.225664,-0.142044,-1.166381,-2.391506,-1.077103
-0.169526,-0.224032,-0.151074,-1.994701,-0.432186,-2.861406
-0.279993,-0.199496,-0.148852,-0.766469,-0.898535,-8.063556
-0.189870,-0.201925,-0.160905,-1.653476,-0.940859,-8.994185
-0.226926,-0.216844,-0.158532,-2.151641,-0.355558,-7.647397
-0.346584,-0.176670,-0.167211,-1.641285,0.360440,-6.577088
-0.307585,-0.161452,-0.125533,-1.122774,-0.642962,-4.983509
-0.329902,-0.174228,-0.176076,-2.980579,-0.930864,-2.362672
-0.447558,-0.121896,-0.175190,-2.007273,0.294125,-2.742489
-0.402139,-0.061604,-0.153260,-0.735010,-0.095809,-4.599076
-0.374793,-0.094510,-0.113664,-1.579670,-2.218187,-4.056954
-0.497455,-0.079664,-0.182402,-1.486751,-0.636485,-2.937158
-0.481607,-0.020905,-0.213677,-0.498773,-0.068148,-2.401626
-0.375788,-0.002320,-0.149082,-0.343780,-1.940230,0.094793
-0.481351,0.018731,-0.152492,-0.219493,-1.750509,1.817805
-0.487765,0.065413,-0.171314,0.305877,-1.155770,2.539955
-0.404955,0.064967,-0.178564,0.262670,-2.510163,4.081691
-0.483324,0.081813,-0.139602,0.699606,-3.388377,4.414684
-0.548257,0.104484,-0.161762,2.165933,-3.106973,4.304478
-0.467263,0.113655,-0.182684,1.021268,-3.542648,5.232119
-0.512344,0.109149,-0.164076,1.126621,-3.539359,7.002726
-0.605775,0.134059,-0.135991,2.890955,-3.458621,6.693870
-0.516801,0.131223,-0.134206,1.891620,-3.127456,7.629346
-0.530407,0.089086,-0.170975,1.265718,-1.756168,7.485835
-0.641964,0.093347,-0.130608,2.181334,-2.456131,6.259458
-0.547197,0.099223,-0.150076,3.220341,-1.338573,5.240525
-0.530029,0.050301,-0.154987,1.523153,-2.284752,5.829622
-0.658744,-0.005481,-0.152361,1.231479,-1.297696,4.401562
-0.641478,-0.001319,-0.137048,2.464484,-0.724097,3.792256
-0.551845,-0.024959,-0.119103,1.215612,-2.498071,4.825970
-0.619975,-0.073716,-0.133329,0.629378,0.471712,4.775817
-0.665016,-0.110877,-0.131514,0.699396,-1.670411,3.429397
-0.588930,-0.164430,-0.105179,0.933128,-2.652835,3.264735
-0.627062,-0.234191,-0.111061,0.510958,-2.578855,1.720925
-0.680835,-0.278721,-0.142333,0.587317,-2.243515,-2.310463
-0.579926,-0.333065,-0.133523,0.393249,-2.610032,-4.710489
-0.595169,-0.402209,-0.098174,0.431726,-3.242167,-5.101102
-0.652776,-0.410228,-0.101069,0.100075,-2.979834,-5.944407
-0.579673,-0.463959,-0.107592,0.032191,-1.202026,-7.401625
-0.577730,-0.520893,-0.094784,-0.772613,-3.158996,-7.658127
-0.654788,-0.527116,-0.069479,-0.077308,-5.270192,-8.229578
-0.589461,-0.520459,-0.096192,-0.269603,-1.885870,-8.438449
-0.549140,-0.560564,-0.078421,-0.965417,-2.368677,-7.758642
-0.620077,-0.598965,-0.080722,-0.362414,-1.506958,-7.908794
-0.595245,-0.573156,-0.080823,0.256441,-1.368147,-9.345922
-0.516503,-0.579405,-0.091452,-1.028880,-1.959748,-8.801771
-0.577809,-0.614679,-0.084611,-0.832055,-0.603369,-9.306181
-0.578196,-0.579671,-0.048898,0.759452,-1.639608,-9.055435
-0.495616,-0.523578,-0.065924,-0.214136,-2.568929,-7.592750
-0.555928,-0.538638,-0.049387,-1.054253,-2.815952,-5.547909
-0.600841,-0.504270,-0.065550,0.405500,-1.777444,-5.516914
-0.518738,-0.457857,-0.007914,0.833405,-3.806969,-3.841477
-0.512052,-0.446073,-0.042274,-0.110569,-3.143890,-1.792815
-0.559640,-0.405252,-0.056366,0.868967,-0.537996,-2.633908
-0.515741,-0.352809,-0.027471,1.046868,-2.185212,-1.671283
-0.480724,-0.340802,-0.026161,1.109386,-2.277064,0.193586
-0.510696,-0.293219,-0.017906,1.024226,-2.265510,0.744227
-0.453700,-0.219624,-0.021565,1.739345,-0.744697,0.910982
-0.412029,-0.221738,0.004852,1.829379,-1.134060,2.881943
-0.452062,-0.181531,0.006319,1.397124,-0.690035,5.778698
-0.424706,-0.117799,-0.019054,2.241551,0.287570,5.438942
-0.351524,-0.107154,0.014971,2.671902,-0.327792,4.785931
-0.369459,-0.103635,0.037696,1.800880,-1.393849,6.046171
-0.366436,-0.036684,0.026890,2.111301,-0.529064,5.347799
-0.303932,-0.003291,0.034348,2.475303,-0.474956,5.698593
-0.295942,-0.018433,0.060998,1.751316,-1.530946,7.370993
-0.281660,0.003927,0.049253,1.547397,-0.534687,7.919239
-0.232470,0.025932,0.054794,2.169607,-0.937130,8.334846
-0.244205,0.004117,0.067566,1.825633,-2.338255,8.520090
-0.271140,-0.004693,0.072759,1.158182,-3.193019,8.263151
-0.198559,-0.007634,0.056205,1.531002,-1.515263,7.150723
-0.152188,-0.027624,0.075818,1.827514,-0.823807,4.791802
-0.189037,-0.049567,0.084920,1.565310,-1.109429,2.578903
-0.183522,-0.076267,0.082143,1.320689,0.182762,1.309190
-0.119157,-0.132649,0.071551,1.248374,0.605652,1.652213
-0.068788,-0.133988,0.095165,1.409148,0.838262,0.917647
-0.055514,-0.134438,0.080768,1.187455,0.069902,-0.843079
-0.059324,-0.188316,0.072670,0.218437,1.296047,-1.844692
-0.063007,-0.235091,0.081395,0.019308,1.344381,-3.034639
-0.007245,-0.229189,0.086217,0.534976,1.069621,-3.639749
0.036201,-0.244862,0.085311,-0.247003,-2.676425,-4.925784
0.012656,-0.274536,0.062984,-1.121024,0.019093,-4.881898
-0.040057,-0.301810,0.079330,-0.136595,-0.508303,-5.812057
0.012571,-0.271506,0.073717,-0.916515,-1.281117,-5.310903
0.043692,-0.298209,0.026571,-1.618566,-1.252149,-5.395573
0.025888,-0.314562,0.060203,-1.195138,-1.374991,-5.026522
0.000980,-0.319650,0.059445,-0.866967,-3.152687,-4.509433
-0.000011,-0.273627,0.027116,-1.885238,-1.097034,-2.675777
-0.006533,-0.276968,0.041979,-1.446544,-0.704418,-2.952976
-0.019554,-0.280976,0.064799,-0.793407,-0.777896,-1.920961
-0.026159,-0.257342,0.041618,-1.193921,-0.783374,-2.001306
-0.081957,-0.242640,0.008971,-1.107186,1.210887,-2.320659
-0.138428,-0.239834,0.045715,0.152224,0.558083,-3.733277
-0.113547,-0.189205,0.065278,0.247808,1.033022,-3.778736
-0.125965,-0.155393,0.053970,-0.094947,0.673533,-1.593758
-0.193530,-0.157100,0.051036,0.809528,1.213999,-0.563303
-0.184835,-0.165552,0.065905,1.534035,-0.473853,1.589948
-0.162216,-0.147604,0.044884,1.770127,0.476773,2.895722
-0.164674,-0.113634,0.049217,2.176805,2.598397,2.466726
-0.207412,-0.116519,0.071941,2.946274,-0.251344,1.642223
-0.196278,-0.100901,0.057643,2.730552,-0.819202,2.440883
-0.208081,-0.083898,0.021553,2.823124,-0.891455,3.284910
-0.238962,-0.083005,0.056685,3.202009,-2.113362,3.428726
-0.237499,-0.110220,0.058375,4.007998,-1.966290,3.750241
-0.250546,-0.109035,0.044454,3.158526,-2.727008,5.927030
-0.256556,-0.117441,0.026782,2.774511,-1.613014,5.154364
-0.283909,-0.149668,0.059665,3.320781,-2.338856,2.500022
-0.268751,-0.159178,0.052454,3.031834,-1.129501,0.574767
-0.263719,-0.170509,0.040683,1.775438,-2.067595,-0.816225
-0.280715,-0.180674,0.042449,0.964010,-0.603349,-2.640281
-0.307464,-0.178209,0.045203,1.168404,0.379869,-4.046928
-0.311518,-0.184853,0.052106,0.528896,0.233535,-4.129484
-0.324624,-0.196942,0.042117,-0.809452,0.404386,-3.583438
-0.344106,-0.209918,0.037042,-1.522572,0.892731,-3.078858
-0.367710,-0.206980,0.040604,-1.806585,-0.735526,-3.599279
-0.421410,-0.199877,0.043896,-1.578311,-1.828463,-3.920864
-0.415052,-0.186652,0.037794,-2.898566,-1.827167,-2.983219
-0.434547,-0.191263,0.051666,-2.956258,-2.698322,-3.506771
-0.461902,-0.209681,0.042262,-2.725211,-2.551840,-2.810809
-0.498364,-0.239312,0.041786,-1.403918,-6.387219,-3.111054
-0.503294,-0.236948,0.068761,-2.570749,-4.502630,-2.329837
-0.505208,-0.227410,0.039865,-2.216919,-2.961594,-4.729047
-0.554727,-0.193200,0.073917,-1.263183,-3.042634,-7.257068
-0.607653,-0.158406,0.078966,-1.631348,-3.753557,-5.820923
-0.631624,-0.126051,0.043479,-1.589573,-2.233211,-4.826608
-0.681747,-0.062178,0.063978,-1.110452,-1.951538,-4.793614
-0.714066,-0.022027,0.067087,-0.070241,-2.162491,-4.188599
-0.714601,0.022154,0.071682,-0.391805,-2.181227,-1.196406
-0.769634,0.040086,0.086276,-0.727178,-2.318942,1.095717
-0.763188,0.072195,0.061746,0.512402,-0.535521,2.839336
-0.773389,0.111922,0.049995,1.447093,-2.187562,3.159311
-0.803680,0.128262,0.098611,0.695815,-2.694476,3.471385
-0.807064,0.136442,0.053927,1.218763,-1.788565,4.197175
-0.785538,0.159597,0.081838,2.582570,-1.843369,5.157255
-0.781221,0.172247,0.095023,2.245611,-3.674887,6.328663
-0.782140,0.167957,0.095588,2.073493,-3.596270,7.176074
-0.739246,0.159587,0.092050,2.762014,-2.603618,8.219683
-0.725948,0.144684,0.131849,3.094318,-4.317103,8.918758
-0.719439,0.113022,0.125672,2.805431,-3.802925,9.091090
-0.697227,0.108285,0.109689,2.521162,-3.016916,8.630508
-0.673718,0.089707,0.154829,2.961524,-3.820372,8.714913
-0.675117,0.070984,0.155056,2.159447,-4.974884,8.310536
-0.673157,0.060155,0.117364,1.340893,-3.136019,5.880694
-0.642709,-0.006574,0.144605,1.616854,-2.584340,4.596113
-0.600907,-0.060586,0.164119,1.322918,-2.934766,4.716599
-0.552741,-0.053050,0.140584,0.166883,-1.248026,2.252722
-0.520973,-0.095538,0.133270,0.650983,-0.155999,0.057873
-0.506215,-0.183944,0.180272,-0.311949,-1.630680,0.158199
-0.481308,-0.199919,0.162369,-0.618430,-1.072124,0.335894
-0.471300,-0.207456,0.145415,-1.047173,-0.541921,-1.307725
-0.431307,-0.255471,0.183662,-1.079390,-1.594691,-2.367452
-0.394918,-0.302427,0.189062,-1.284516,-1.714106,-2.125588
-0.393710,-0.294969,0.167286,-1.818463,-1.289589,-3.420767
-0.373011,-0.345532,0.169164,-0.810571,-1.450205,-5.020535
-0.343347,-0.420558,0.185852,-1.108387,-2.841059,-5.336632
-0.315640,-0.430511,0.167664,-1.060624,-2.677906,-6.461225
-0.283597,-0.408899,0.153924,0.075845,-1.587161,-9.346538
-0.262291,-0.436971,0.194888,-0.382420,-2.212302,-9.938736
-0.260817,-0.461832,0.159776,-0.530917,-1.156663,-9.574096
-0.238526,-0.419849,0.135007,-0.096871,1.574900,-10.456051
-0.184897,-0.410120,0.164736,0.372407,0.313423,-10.554947
-0.155070,-0.419807,0.214360,-0.404550,-3.982967,-9.670696
-0.156639,-0.361277,0.158430,0.011135,2.255310,-8.720493
-0.139859,-0.323152,0.177593,0.766105,1.140840,-7.655956
-0.084671,-0.314962,0.225497,0.035530,-0.301177,-5.240706
-0.097184,-0.284767,0.183055,-0.302637,0.910351,-3.897323
-0.085607,-0.230627,0.208212,1.451117,0.969070,-3.666013
-0.050731,-0.228998,0.229380,1.351105,-1.142476,-1.406092
-0.059889,-0.216072,0.221542,0.861703,-1.059493,0.550035
-0.103936,-0.177244,0.200288,1.838924,0.906356,-0.653470
-0.038875,-0.155022,0.230693,2.313381,-1.040993,-0.784389
0.019654,-0.157038,0.256132,1.683721,-1.755258,0.344043
-0.036725,-0.081259,0.229869,1.291502,-0.349029,0.670932
-0.076357,-0.042868,0.262546,2.140058,-0.193129,0.482312
-0.003408,-0.052735,0.298676,1.195297,-2.118040,4.133945
0.036874,0.021176,0.291001,-0.079549,0.511722,6.800740
-0.001819,0.092106,0.274698,0.994599,1.533669,5.715373
0.020836,0.085115,0.336942,0.498170,0.427691,6.112654
0.055804,0.074125,0.337445,-0.729715,0.884925,6.759069
0.053135,0.165810,0.311402,-0.443854,2.394791,6.039777
0.116959,0.200479,0.341108,0.666227,2.328794,5.391529
0.144837,0.161218,0.363983,-1.087789,0.682802,6.003002
0.123589,0.185344,0.327062,-1.367108,1.447978,7.792193
0.110263,0.215332,0.360399,1.247642,0.803977,7.708412
0.160218,0.180043,0.383120,0.424003,-0.242701,7.550469
0.126507,0.142140,0.355022,-0.099303,-0.622761,7.119681
0.089698,0.146536,0.360267,1.548005,-0.651131,3.507012
0.119650,0.129145,0.407538,1.220559,-2.634239,1.626782
0.152353,0.108781,0.385880,0.499342,-1.896324,0.099829
0.127679,0.138205,0.352416,1.119181,1.265684,-1.523138
0.150699,0.142616,0.396640,1.225581,0.353955,-0.999792
0.201665,0.093518,0.432025,0.666950,0.223471,0.829657
0.181173,0.121950,0.398373,0.453138,1.700315,0.694259
0.179440,0.137650,0.426812,-0.013185,1.881716,-1.905834
0.217726,0.084481,0.425059,-0.691375,2.774132,-3.103726
0.205315,0.073419,0.443776,-0.356186,2.815645,-5.909164
0.183596,0.108896,0.425283,-0.701387,1.211793,-6.777383
0.179168,0.065223,0.417096,-1.706194,2.165572,-6.226983
0.156620,0.054335,0.408559,-1.945759,1.579335,-4.340914
0.142069,0.088515,0.419414,-0.766937,0.281357,-2.945691
0.152403,0.088003,0.429287,-1.892351,-2.740400,0.448683
0.136371,0.019098,0.389809,-2.280663,-0.740295,2.391011
0.093414,0.021885,0.404948,-0.986998,-2.172108,2.648833
0.097346,0.036735,0.407147,-0.385971,-1.583577,2.456511
0.081535,-0.011602,0.390446,-1.523112,-2.072207,0.866662
0.069035,-0.024893,0.359329,-0.397594,0.301006,-1.341274
0.034691,-0.011642,0.379811,0.510939,-0.246640,-1.498120
0.009784,-0.027936,0.396479,-0.116956,-2.508594,-0.685887
-0.029428,-0.068730,0.338354,-0.123343,1.307739,-0.872474
-0.024859,-0.022792,0.356778,0.881336,2.247665,-0.236502
-0.003300,-0.030821,0.361738,1.354689,1.105180,1.294343
-0.035258,-0.058725,0.361223,0.867845,1.545289,2.106825
-0.106112,-0.080626,0.307683,1.635791,2.449496,0.426209
-0.113846,-0.094799,0.293217,2.513600,1.233152,0.079980
-0.083027,-0.084000,0.320914,1.579579,-0.327791,-0.912721
-0.092218,-0.048064,0.290148,1.389844,0.577935,-0.309576
-0.124816,-0.059897,0.285031,1.539812,-0.565758,1.280909
-0.162098,-0.108874,0.277514,1.800746,-3.419792,4.117685
-0.154033,-0.117796,0.223176,1.388472,-2.047979,6.574069
-0.158520,-0.110158,0.223528,1.607729,-1.868909,4.819336
-0.167737,-0.154375,0.264817,2.193126,-3.665342,3.034432
-0.160378,-0.184863,0.215791,1.084430,-2.330991,3.282217
-0.217144,-0.203901,0.180800,1.517006,-1.448232,0.650901
-0.249253,-0.196722,0.219237,1.466213,-1.524398,-2.675924
-0.245255,-0.208161,0.233618,1.121117,-1.273288,-5.194628
-0.216626,-0.200129,0.189164,-0.155055,0.466348,-5.608205
-0.220128,-0.190187,0.166315,0.554615,1.966012,-5.776335
-0.251807,-0.240215,0.201496,0.192933,0.227623,-5.254483
-0.269657,-0.265260,0.197193,-0.329838,1.307680,-4.750370
-0.256730,-0.258672,0.162976,-0.274375,1.497533,-6.111843
-0.273234,-0.243008,0.162090,0.590554,0.694458,-7.027979
-0.285232,-0.254857,0.192774,-0.102129,-1.815153,-7.863612
-0.322396,-0.277979,0.152752,-0.582731,-0.906193,-7.788819
-0.311879,-0.292632,0.150093,0.282323,-2.285106,-7.094136
-0.304654,-0.288010,0.160449,0.506980,-3.149907,-6.309768
-0.329351,-0.295491,0.174380,0.073393,-4.486910,-5.629036
-0.342944,-0.322285,0.128330,0.145491,-3.249825,-6.203739
-0.359618,-0.325916,0.134889,0.515123,-3.611037,-5.593218
-0.368980,-0.273446,0.158811,0.097689,-4.917418,-4.683278
-0.399139,-0.220385,0.121871,-0.751740,-3.074707,-5.820726
-0.433651,-0.166603,0.100564,-1.211203,-0.802301,-4.699183
-0.460012,-0.114622,0.125731,-1.302047,-1.675955,-2.244885
-0.500228,-0.051983,0.159835,-1.744431,-2.265297,-0.888208
-0.492610,-0.001729,0.119796,-2.564234,-0.495124,0.092513
-0.478331,0.053305,0.091738,-2.497200,2.079040,1.322321
-0.481489,0.106523,0.147680,-2.308256,0.424803,2.210003
-0.500179,0.151532,0.164647,-1.686211,0.435054,2.388649
-0.497652,0.213780,0.158499,-2.122151,0.341202,3.748517
-0.490013,0.256156,0.144375,-2.518207,0.287019,5.905273
-0.475045,0.269489,0.179431,-1.194098,-1.296055,8.485894
-0.416139,0.289863,0.201394,0.300327,-1.025290,11.041001
-0.400455,0.305619,0.177272,0.557887,-2.398987,11.174843
-0.389206,0.290776,0.210615,1.337056,-2.629362,11.289269
-0.328563,0.297275,0.225110,2.496327,-3.423505,11.770052
-0.298772,0.323544,0.217268,3.046470,-2.479725,11.518748
-0.325031,0.296057,0.235597,3.673226,-3.802216,10.713963
-0.294794,0.279199,0.253395,3.525582,-3.256803,9.367826
-0.279291,0.287306,0.293936,4.531770,-3.398217,8.133799
-0.295860,0.288019,0.315390,3.505037,-2.919224,6.373073
-0.284828,0.268590,0.308694,3.167619,-1.001709,4.683969
-0.216520,0.211751,0.327683,3.689599,1.292938,3.598054
-0.157853,0.169362,0.375889,3.073456,0.603462,3.815885
-0.124885,0.149631,0.385733,2.519600,1.356247,2.661087
-0.138444,0.097434,0.363074,0.898440,2.348321,0.646179
-0.096495,0.034719,0.393640,0.963423,2.691480,-0.570174
0.000649,0.011158,0.434368,0.178733,1.776494,0.358759
0.040389,-0.011829,0.393246,-0.656240,1.734850,0.721518
0.019710,-0.096969,0.415704,-0.980240,2.377269,-1.839880
0.052561,-0.184095,0.457877,-1.918895,-0.894708,-2.335602
0.107771,-0.226369,0.438196,-1.278508,-0.565604,-2.782538
0.170423,-0.271857,0.440306,-2.125764,-1.246441,-5.209059
0.216656,-0.360549,0.457743,-2.387519,-1.967779,-7.749576
0.165372,-0.421714,0.469192,-2.163443,-2.930798,-9.415195
0.197274,-0.401238,0.455603,-1.542826,-0.720128,-10.841414
0.311594,-0.394115,0.464587,-3.108034,-1.217184,-12.939583
0.322384,-0.411171,0.469133,-3.539674,0.323481,-13.974877
0.284055,-0.392989,0.488870,-1.955813,1.276326,-12.152068
0.338950,-0.370554,0.472363,-2.776212,1.746204,-8.527108
0.375365,-0.374594,0.459912,-3.605435,3.629631,-7.812032
0.329979,-0.345906,0.473590,-1.868815,4.629363,-8.262082
0.392017,-0.288033,0.461616,-0.889286,4.136003,-6.227720
0.404084,-0.297519,0.477398,-2.264923,0.610339,-5.526417
0.315966,-0.264324,0.428171,-0.813584,3.777232,-7.158346
0.373511,-0.188887,0.435058,1.810922,4.095412,-7.739699
0.478280,-0.175452,0.443313,0.450450,0.502754,-4.222894
0.415103,-0.151937,0.433709,0.630045,0.944951,-1.654309
0.400411,-0.053024,0.377119,3.277026,2.915202,-0.337304
0.504490,-0.049177,0.404892,3.584495,0.861318,1.990601
0.508176,-0.060028,0.410259,2.335827,-0.467203,3.755654
0.434942,0.061195,0.350571,4.168493,0.908253,0.646764
0.462688,0.077516,0.396768,4.764318,-0.299618,-0.271596
0.495217,0.043805,0.384173,2.408641,-1.344904,2.394015
0.440988,0.165863,0.328339,3.482674,1.728554,2.631687
0.492709,0.236835,0.346688,4.042490,2.499195,3.695384
0.513730,0.135247,0.351349,1.975818,1.778848,6.597308
0.420276,0.169480,0.305280,2.251812,3.376899,7.231148
0.472434,0.266391,0.287371,2.323550,5.036868,7.702138
0.571396,0.211876,0.295873,0.585207,3.585226,7.091026
0.452562,0.182974,0.288238,0.424256,3.257176,4.532445
0.363549,0.255260,0.245005,0.881716,3.712256,2.264576
0.488363,0.226335,0.227762,-1.077985,2.376261,3.820012
0.478024,0.172687,0.213923,-1.947276,2.190364,4.800300
0.392411,0.236350,0.234960,0.016715,1.679928,4.756716
0.421474,0.193602,0.226328,-1.438190,0.130483,6.021300
0.388180,0.094483,0.212709,-3.467248,-0.651942,5.294743
0.338244,0.145229,0.184476,-0.385554,0.530110,0.822339
0.402780,0.171131,0.178617,-1.074515,-1.333130,-1.952197
0.386152,0.042587,0.180948,-3.687273,-1.089396,-1.765858
0.259279,0.071502,0.161746,-1.552885,0.961396,-2.774296
0.283644,0.158441,0.153494,-0.315304,1.145698,-2.767548
0.355372,0.053065,0.151160,-2.726474,0.901413,-2.339232
0.293646,0.041862,0.106814,-1.788439,4.315142,-2.051049
0.243878,0.112841,0.151156,-0.155413,2.407809,-2.380259
0.318113,0.077404,0.140794,-2.195241,1.784451,-1.677504
0.268440,0.050439,0.115197,-2.536749,3.653176,-2.932762
0.211234,0.128193,0.115667,0.206367,3.983878,-4.795249
0.307603,0.149267,0.124454,-0.867088,1.950736,-2.602769
0.252094,0.076981,0.101624,-2.471524,1.810740,-0.379533
0.106964,0.120588,0.090287,0.286813,1.413007,-0.052750
0.183084,0.147097,0.098946,1.387073,-0.032451,2.571124
0.223074,0.089231,0.082928,-0.523663,-1.676480,4.263532
0.091871,0.073590,0.077141,1.486715,-0.656869,1.844050
0.095232,0.074686,0.083870,3.400839,-1.225108,0.541241
0.171293,0.011020,0.105445,1.183900,-3.442921,1.445824
0.091789,0.012340,0.073074,1.121537,0.068701,0.266708
0.043606,0.061117,0.109184,4.129324,0.361166,-1.468595
0.139939,-0.006305,0.109529,2.149567,-0.306456,2.710275
0.081331,-0.066892,0.076724,0.709089,1.397337,4.603240
0.030949,0.006392,0.099425,3.535862,3.151150,3.661986
0.082503,-0.040711,0.123633,2.588338,0.763796,3.768782
0.065362,-0.122500,0.133950,-0.293942,2.295661,3.968844
-0.022883,-0.078758,0.080548,1.394124,4.111483,1.494956
0.034041,-0.071602,0.150155,2.170135,0.597498,0.850374
0.048024,-0.198879,0.153723,-0.290216,-1.717198,3.210529
-0.079183,-0.205614,0.106263,0.246456,1.274091,2.677573
-0.034099,-0.174231,0.129755,1.777303,-0.064734,2.655125
0.028868,-0.274953,0.178653,0.020733,-3.059453,3.900203
-0.092402,-0.330961,0.135903,-0.113171,-1.512118,2.310332
-0.138366,-0.319709,0.123312,2.270473,-1.368259,-0.280790
-0.022088,-0.412507,0.178463,0.591687,-3.350109,0.595598
-0.040496,-0.446286,0.183397,-0.032144,-0.966183,-1.239919
-0.087957,-0.366831,0.129775,1.916055,0.969920,-5.133521
-0.015373,-0.453783,0.202957,1.050801,-0.494831,-4.787093
-0.040424,-0.535309,0.208327,0.048427,-0.584127,-3.918212
-0.060713,-0.440696,0.164893,1.583574,2.851558,-6.764879
0.077862,-0.460040,0.211908,1.373547,4.031940,-8.576386
0.077284,-0.550674,0.225445,-0.062739,2.269142,-8.032665
-0.030797,-0.484723,0.199930,1.158928,2.861957,-10.014723
0.038298,-0.448800,0.206164,1.225302,1.784103,-10.925284
0.099020,-0.542462,0.243019,-0.161728,0.826560,-10.317613
0.051313,-0.503240,0.259303,0.787336,1.339021,-9.608352
0.059050,-0.394666,0.220363,1.500512,-0.192693,-9.376281
0.066317,-0.440916,0.231025,-0.871348,-2.586975,-7.638878
-0.030390,-0.448466,0.222461,-0.025077,-1.916935,-7.174523
0.003268,-0.321645,0.223905,1.788897,-1.415644,-5.503621
0.108139,-0.322285,0.242861,-1.072060,-2.993131,-2.709515
-0.002525,-0.335835,0.241663,-1.702800,-1.905643,-4.053259
-0.027767,-0.227472,0.235922,1.428163,-0.462027,-4.492556
0.082326,-0.187407,0.242356,-1.138611,-0.134082,-2.313130
0.062539,-0.163021,0.241844,-2.005871,1.309830,-1.801950
0.013119,-0.055508,0.282214,0.489698,3.420303,-2.415069
0.076611,-0.013352,0.276956,-0.582862,2.814103,0.073644
0.098413,-0.019671,0.277435,-1.390788,3.881591,3.435722
0.003308,0.070790,0.285595,0.003031,2.982337,3.964793
0.056894,0.138753,0.269199,0.505319,2.070427,4.946443
0.089921,0.108151,0.279723,-0.923552,1.013039,5.518438
0.023052,0.160184,0.282162,0.282609,-0.219451,5.464467
0.104479,0.257206,0.284341,1.811998,-0.849309,7.004184
0.169619,0.249079,0.256746,0.110960,-0.204139,9.527350
0.069902,0.239356,0.246262,0.728049,-1.168536,10.646827
0.102582,0.294869,0.283478,2.512727,-1.958625,12.587714
0.230682,0.283042,0.241473,1.796961,-2.145255,13.833714
0.199020,0.281480,0.263843,1.305311,-1.375753,11.789266
0.169993,0.314547,0.279444,3.161829,0.693460,8.922156
0.225191,0.307595,0.291211,2.095552,-0.704071,7.940307
0.228785,0.294761,0.277612,0.568207,0.006407,5.872929
0.255790,0.328911,0.232699,1.654018,3.313781,4.365892
0.369536,0.303695,0.289390,1.771519,2.750961,6.645423
0.378970,0.246187,0.261046,0.468126,2.255395,10.214561
0.292996,0.240847,0.210276,0.576768,4.169529,7.751956
0.350087,0.197105,0.243373,1.020054,4.236987,4.767856
0.463437,0.113258,0.222435,0.113071,2.948873,2.596854
0.486355,0.137309,0.162612,0.032448,8.989507,-0.376245
0.435322,0.128426,0.180380,-0.230377,2.497908,-3.541888
0.438237,0.012678,0.220278,-0.138725,0.703944,-2.727940
0.429851,-0.024289,0.214123,-1.511024,-0.792952,0.102790
0.508281,-0.015092,0.164979,-0.804521,0.460598,0.209129
0.569686,-0.110102,0.159441,-0.451052,0.327062,-1.260449
0.502064,-0.180500,0.142963,-0.670102,0.160067,-3.332801
0.486302,-0.174763,0.103797,-0.775584,1.015806,-6.148169
0.584874,-0.215337,0.098920,-0.918189,2.185388,-8.980462
0.586498,-0.246517,0.107713,-1.225169,2.034067,-11.171424
0.554107,-0.257533,0.099619,-0.516517,2.873331,-9.777822
0.583022,-0.297483,0.071262,-0.933518,3.653816,-6.739097
0.571754,-0.322696,0.067773,-0.723764,4.605720,-4.319102
0.551514,-0.318202,0.070280,-0.161718,4.504420,-4.285802
0.607907,-0.343536,0.052713,-0.370166,4.537074,-5.643759
0.618371,-0.383217,0.032710,-0.214428,5.093651,-7.823416
0.578493,-0.350994,0.016619,0.464945,4.815595,-10.131300
0.614521,-0.326208,0.000506,0.540073,3.774987,-9.647254
0.651875,-0.333692,-0.024457,-0.317549,3.381436,-5.202890
0.647352,-0.304885,-0.037173,0.395006,3.048912,-0.543206
0.621276,-0.254894,-0.023223,1.386302,1.204687,2.704130
0.602612,-0.264367,-0.022626,0.666093,0.173713,4.483868
0.601486,-0.274204,-0.073480,0.484541,1.216855,4.618812
0.609124,-0.247167,-0.084286,2.255531,0.636477,1.696434
0.643465,-0.227233,-0.038388,2.631981,0.133539,-1.420442
0.610808,-0.257162,-0.083275,2.150066,1.115034,-3.118461
0.584792,-0.230466,-0.107940,2.067739,2.358316,-3.773801
0.623442,-0.201817,-0.074748,3.315811,3.194215,-1.478988
0.621581,-0.179112,-0.084782,2.882618,3.264053,2.398333
0.582179,-0.170496,-0.098463,1.981428,2.966591,5.744569
0.555384,-0.178344,-0.109614,2.733425,5.489109,6.528260
0.516878,-0.184725,-0.073267,2.966576,4.059121,5.360650
0.525025,-0.172199,-0.110510,1.933632,4.614438,2.261365
0.516412,-0.170880,-0.114731,1.816722,4.402435,-2.573402
0.519300,-0.184846,-0.102215,2.764522,2.720156,-4.359249
0.480354,-0.178577,-0.123777,1.548901,2.022050,-4.006995
0.454164,-0.171553,-0.151491,1.574047,2.341425,-5.212622
0.442820,-0.171661,-0.143908,0.954451,1.065633,-4.843827
0.435260,-0.160182,-0.131435,0.652293,0.274782,-3.649807
0.388315,-0.118137,-0.145809,-1.239439,-1.095498,-3.804366
0.350465,-0.091054,-0.158158,-2.093289,-0.103352,-7.152832
0.320368,-0.076290,-0.152998,-1.825689,0.228178,-9.352707
0.312930,-0.007250,-0.153355,-3.656482,-0.056390,-10.200516
0.336505,0.065745,-0.170949,-5.636757,0.965338,-12.033014
0.325394,0.150360,-0.132253,-6.083261,1.833362,-11.473914
0.295320,0.235861,-0.154225,-6.832231,2.999773,-8.556992
0.260201,0.337505,-0.151228,-8.296970,2.638695,-5.002129
0.269438,0.459195,-0.170818,-9.286592,3.043361,-4.677655
0.223717,0.552514,-0.158683,-8.860657,3.217419,-4.593387
0.178399,0.656394,-0.156848,-9.592010,1.726017,-4.114185
0.193912,0.798950,-0.177688,-9.875019,0.095131,-2.877685
0.164419,0.949033,-0.226386,-10.029038,0.675764,-1.946470
0.108950,1.078545,-0.179871,-8.328954,-0.577871,-0.348082
0.095032,1.202536,-0.205983,-8.448166,-2.488559,2.692978
0.125887,1.337933,-0.227538,-8.320689,-1.712318,5.692558
0.121751,1.454880,-0.228730,-7.145422,-2.197810,9.831947
0.066586,1.549132,-0.226019,-5.335295,-0.751804,12.413544
0.000219,1.640183,-0.224299,-4.816729,-3.080812,12.854052
-0.029904,1.788750,-0.230056,-3.917538,-3.250255,12.073646
-0.045434,1.953269,-0.241033,-4.399647,-2.109766,11.668125
-0.066691,2.061222,-0.223298,-3.516027,-1.993196,12.601869
-0.126569,2.136662,-0.210017,-2.732099,-2.135017,14.721758
-0.158313,2.203128,-0.217474,-2.990164,-1.061398,19.114178
-0.118044,2.268777,-0.225969,-2.755378,0.153899,22.185102
-0.122531,2.307838,-0.257441,-2.160883,1.179109,22.294078
-0.159436,2.344946,-0.226045,-2.348874,0.659979,22.356962
-0.209552,2.344503,-0.285657,-4.010366,0.818156,20.777194
-0.217266,2.317741,-0.234714,-2.885238,0.151979,17.886488
-0.193606,2.285911,-0.215196,-2.785895,-3.187128,15.742538
-0.171679,2.249417,-0.241128,-3.764813,-2.154223,15.416474
-0.184002,2.180194,-0.279608,-3.841750,-1.526391,14.779991
-0.226677,2.098530,-0.281242,-4.627303,-3.543138,14.663796
-0.192415,2.022440,-0.305657,-5.053620,-3.174441,13.477492
-0.142318,1.919260,-0.340497,-7.010439,-3.680032,9.946558
-0.113242,1.771740,-0.281223,-5.861024,-3.488826,4.613513
-0.158179,1.664044,-0.333916,-6.497470,-3.850085,0.715736
-0.254758,1.590438,-0.330902,-8.536711,-4.207654,-0.993515
-0.222212,1.546582,-0.351099,-9.990844,-2.379556,-4.529354
-0.184822,1.493071,-0.305582,-9.634479,-1.822070,-8.658211
-0.192667,1.406513,-0.322660,-10.566029,-0.959314,-9.906305
-0.277725,1.240222,-0.313693,-11.855725,-2.266866,-10.765496
-0.301943,1.157983,-0.361994,-12.744308,-0.135569,-12.358867
-0.279379,1.162310,-0.330476,-11.775194,0.665106,-16.828514
-0.280528,1.148425,-0.307443,-12.100300,0.126576,-19.169320
-0.288587,1.094311,-0.346803,-12.657615,0.880431,-19.668812
-0.351163,1.025166,-0.428312,-14.139479,-0.147242,-21.221051
-0.368209,0.989614,-0.327410,-10.815911,-0.712839,-23.354374
-0.345192,1.017748,-0.307597,-10.905833,-2.671978,-23.747232
-0.290615,1.048924,-0.305506,-10.359724,-1.784650,-23.333487
-0.301290,1.070720,-0.336673,-9.550117,-1.836230,-22.524300
-0.318083,1.055926,-0.310656,-8.123662,-3.330806,-20.058017
-0.272677,1.038581,-0.309379,-7.758215,-3.349519,-18.413524
-0.227786,1.096989,-0.362585,-7.687284,-0.742433,-17.546530
-0.223286,1.189318,-0.318052,-5.918017,-2.145006,-16.813280
-0.180315,1.282125,-0.324469,-5.333195,-1.556379,-14.975404
-0.155395,1.329534,-0.322690,-5.506403,-0.699683,-11.038092
-0.202406,1.336781,-0.293732,-4.663496,-1.554725,-8.185516
-0.162387,1.403572,-0.273335,-4.007293,-0.674519,-6.111487
-0.085830,1.515031,-0.297533,-4.818653,-0.625378,-4.093802
-0.047259,1.584933,-0.284138,-4.662291,0.183602,-2.171308
-0.098609,1.624628,-0.246823,-3.992667,-0.254896,1.248890
-0.055356,1.666755,-0.260675,-4.003745,-0.079771,5.597544
0.017560,1.711406,-0.274297,-5.318092,-0.127028,8.658986
0.055022,1.767188,-0.278715,-4.399584,1.068711,8.900862
0.047542,1.807660,-0.237783,-4.452740,-0.584033,10.106806
0.078712,1.813962,-0.243232,-5.079640,-1.357112,11.951353
0.074116,1.826459,-0.265549,-5.741307,-1.358783,13.325011
0.084407,1.834727,-0.266025,-4.879999,-0.802692,13.166660
0.185076,1.822231,-0.221253,-5.492725,-2.975814,12.977268
0.212015,1.821548,-0.232203,-5.989879,-1.793450,13.609521
0.170538,1.793230,-0.264748,-5.852880,-0.429702,14.312147
0.192143,1.746039,-0.243357,-5.500218,-0.968262,14.247270
0.288926,1.740363,-0.243760,-6.073884,-0.252788,15.136123
0.296341,1.709824,-0.249298,-6.555230,0.628556,12.928044
0.276859,1.671373,-0.241696,-6.063002,0.864330,10.185662
0.285118,1.617945,-0.218338,-6.202571,0.032659,8.854529
0.266582,1.567139,-0.248687,-6.871775,0.618532,8.964081
0.303848,1.506253,-0.238564,-5.662430,1.992307,8.273276
0.380095,1.446083,-0.199897,-5.446645,1.761263,7.374658
0.401592,1.380710,-0.223780,-6.366621,1.712709,6.204838
0.328190,1.283021,-0.213316,-5.905557,1.838693,4.053157
0.355914,1.207387,-0.197205,-5.003099,1.980635,1.082377
0.452723,1.169813,-0.198584,-5.129854,1.801726,0.547818
0.461913,1.123416,-0.188622,-5.599827,1.310647,0.568958
0.426266,1.020639,-0.181190,-5.188593,1.550550,-0.595950
0.439205,0.936661,-0.169495,-4.121807,1.155955,-0.436107
0.438470,0.873159,-0.190030,-4.329740,0.464313,0.654209
0.427349,0.791653,-0.167434,-4.558867,0.786914,-0.739228
0.484362,0.736731,-0.143111,-3.261831,1.477838,-2.258973
0.520551,0.692327,-0.157363,-4.155327,1.098841,-3.589613
0.468508,0.623963,-0.182868,-4.042727,0.283595,-3.632482
0.451547,0.553433,-0.163383,-4.145838,1.802061,-3.411334
0.473980,0.492367,-0.124700,-3.083755,1.818014,1.007533
0.498099,0.447578,-0.149269,-3.614493,2.193485,4.634944
0.505980,0.396060,-0.156447,-3.798149,3.156999,5.394475
0.468757,0.317475,-0.134432,-1.972483,1.865021,4.554240
0.416659,0.241746,-0.114288,-2.335409,0.546430,3.352371
0.421687,0.190074,-0.144109,-2.154103,2.489958,1.493753
0.469319,0.161648,-0.150624,-0.943438,2.980693,0.963644
0.469427,0.120860,-0.150207,-0.002796,1.931501,2.874182
0.427931,0.050954,-0.137534,-0.632818,0.946851,5.545316
0.393573,-0.022746,-0.147503,0.331280,2.123894,7.560379
0.400263,-0.086702,-0.144036,1.745023,1.456877,8.571056
0.420322,-0.128658,-0.121315,1.789228,0.767883,7.238049
0.397601,-0.162923,-0.144765,1.341854,1.130694,4.728772
0.335517,-0.220244,-0.132991,2.317477,0.886415,1.392802
0.296233,-0.284551,-0.144670,2.926435,-0.318949,-0.439935
0.308312,-0.322801,-0.167739,2.715171,1.333867,-1.900570
0.326329,-0.370531,-0.153569,3.344582,2.218215,-2.898306
0.307872,-0.398816,-0.141315,2.980510,1.930923,-2.407700
0.285932,-0.424097,-0.166544,1.916921,2.146458,-3.504944
0.279246,-0.441172,-0.178752,1.489978,4.246798,-6.398421
0.285830,-0.445406,-0.148126,1.382764,2.518657,-9.325532
0.281809,-0.445236,-0.137045,0.222251,2.414436,-12.893882
0.267140,-0.419547,-0.180347,-1.456217,2.593181,-14.382892
0.204390,-0.379354,-0.169196,-1.264021,1.854905,-14.956877
0.158816,-0.352047,-0.144319,-2.469703,-1.780947,-14.086901
0.197914,-0.300946,-0.177117,-3.508368,0.408193,-13.115702
0.190640,-0.247649,-0.216109,-4.585274,1.451756,-14.440092
0.157041,-0.194930,-0.187988,-4.695587,-0.122255,-16.260826
0.127131,-0.129560,-0.173125,-5.098014,0.265847,-17.149127
0.139407,-0.039247,-0.210588,-6.231880,0.015676,-17.224548
0.148139,0.039075,-0.207007,-6.378451,0.418382,-17.451769
0.117143,0.120437,-0.171248,-6.211739,-0.790149,-16.227352
0.095124,0.249010,-0.209206,-5.931192,0.737947,-14.171021
0.054717,0.390752,-0.220192,-6.672134,0.173624,-12.527978
0.045989,0.507725,-0.216004,-6.551054,0.822040,-11.614264
0.041587,0.640284,-0.192088,-5.431927,0.824826,-9.735433
0.032892,0.790255,-0.220544,-5.961079,0.331082,-6.498425
0.006396,0.927336,-0.240422,-6.416478,0.571409,-5.407725
-0.016758,1.057882,-0.222546,-5.041409,1.118926,-3.211657
0.013893,1.221013,-0.211907,-4.865657,0.148066,0.419244
0.031694,1.369438,-0.226130,-4.901508,-0.509360,3.162600
-0.019430,1.489900,-0.239523,-4.906543,-0.032294,5.930248
-0.017785,1.634882,-0.227949,-3.876130,-0.192106,8.872857
-0.020379,1.799231,-0.247207,-4.303389,-1.347209,11.934307
-0.005726,1.934011,-0.234458,-4.910410,-0.843358,13.803802
0.012045,2.047107,-0.255190,-5.001971,-1.207302,15.879883
0.007040,2.164776,-0.250161,-3.954184,0.873032,18.346414
-0.012750,2.258332,-0.227000,-5.488911,-3.316846,21.261189
0.004571,2.349210,-0.262106,-5.796009,-1.218209,22.424086
0.041308,2.438988,-0.236667,-5.285911,0.076345,22.688039
0.042431,2.498968,-0.253155,-5.336638,-1.429306,23.702801
0.010296,2.535846,-0.235945,-6.571764,-2.106867,23.009680
-0.003592,2.544032,-0.255551,-6.422777,-0.647820,21.899241
0.001617,2.575009,-0.232049,-6.332921,-1.027300,21.315968
0.027706,2.581915,-0.208957,-6.552233,-2.444656,19.455134
-0.007072,2.549422,-0.230650,-7.266837,-1.172951,18.371808
-0.024892,2.490880,-0.238085,-6.442597,-0.427300,16.550161
-0.031700,2.445008,-0.201535,-6.326595,-1.818899,15.498740
-0.034815,2.398387,-0.212465,-6.792380,-1.589148,13.107170
-0.044505,2.338897,-0.213828,-7.196327,-0.811069,10.000621
-0.080241,2.241365,-0.180639,-6.329901,-2.177292,5.978040
-0.096531,2.154456,-0.187283,-6.852294,-3.434285,3.260671
-0.116804,2.068003,-0.205031,-7.338282,-2.090189,0.729685
-0.113117,1.966721,-0.178666,-7.029848,-1.874753,-1.825754
-0.127540,1.877327,-0.142074,-6.965807,-2.282579,-3.240317
-0.147698,1.777751,-0.159753,-8.023530,-1.362972,-4.771377
-0.169126,1.675670,-0.156126,-7.653101,-0.171853,-6.961970
-0.188364,1.569355,-0.118263,-7.697880,-2.491402,-9.281964
-0.172054,1.488026,-0.115358,-8.058711,-0.858704,-9.841580
-0.181005,1.379302,-0.117665,-8.915572,-0.047114,-11.863626
-0.194213,1.279913,-0.092512,-8.100237,-0.876967,-12.533952
-0.216580,1.198718,-0.046243,-8.362074,-1.994444,-14.128209
-0.209083,1.138761,-0.094235,-8.514373,-0.856081,-13.294423
-0.209076,1.065425,-0.065294,-8.678370,-0.708762,-13.203187
-0.199833,0.967228,-0.058138,-7.644149,-0.900650,-12.367185
-0.192506,0.935877,-0.060915,-7.536472,-1.103130,-10.524896
-0.205557,0.880207,-0.074390,-7.694593,-1.087995,-10.413933
-0.201677,0.843608,-0.045688,-6.682142,-1.092160,-10.268839
-0.163129,0.805164,-0.025682,-6.228778,-0.917042,-9.449554
-0.138136,0.769654,-0.053192,-6.288899,-0.660936,-7.152723
-0.133130,0.729054,-0.061821,-4.685576,0.734461,-6.430671
-0.133065,0.680868,-0.036530,-3.732572,-1.096372,-5.501753
-0.101629,0.661370,-0.025508,-3.050222,-1.058088,-4.315679
-0.098008,0.632389,-0.030835,-2.772301,-0.122200,-4.214147
-0.085722,0.589232,-0.035211,-1.199544,-0.658895,-4.584441
-0.076085,0.580730,-0.009312,-1.142502,-1.740813,-4.587776
-0.056948,0.591221,-0.052926,-1.225702,-0.320035,-4.173361
-0.046155,0.582808,-0.022892,-0.295446,0.279226,-4.966044
-0.016325,0.570903,-0.019068,0.397674,-0.402819,-3.729844
0.011025,0.588693,-0.015243,-0.662596,-0.607095,-1.467491
0.015991,0.591677,-0.058880,-0.436243,1.802507,0.145706
0.024968,0.582447,-0.004605,-0.603332,-0.048653,-0.075665
0.061807,0.579975,-0.011236,-0.672092,0.596536,0.434243
0.087006,0.594106,-0.026571,-2.211759,0.532161,0.045950
0.102296,0.602309,-0.035700,-1.646904,0.667722,-1.197611
0.093250,0.590029,-0.006217,-2.010280,0.021850,-0.618944
0.141794,0.585267,-0.017295,-2.835761,-1.035948,-0.145733
0.169891,0.597267,-0.068737,-3.424266,0.540597,0.168663
0.193778,0.593725,-0.058211,-3.327801,1.922431,0.139508
0.193348,0.587758,-0.032887,-3.469117,0.004933,0.543304
0.215327,0.584617,-0.070897,-4.184803,0.296213,-0.090689
0.246044,0.589655,-0.101102,-4.489699,2.221520,-0.775832
0.267685,0.589169,-0.089496,-3.526363,1.054331,-2.053665
0.282440,0.603894,-0.086728,-4.310140,-0.249535,-1.678045
0.276971,0.596082,-0.113749,-5.115513,1.189512,-2.010675
0.295179,0.594677,-0.110306,-3.739363,1.549572,-1.154355
0.306352,0.606284,-0.104683,-4.050437,-0.941145,0.656045
0.322538,0.623776,-0.128136,-4.184820,0.692275,2.540440
0.328768,0.603628,-0.143623,-3.003487,1.850027,3.551310
0.328922,0.628555,-0.149613,-2.670808,0.929438,5.565017
0.347563,0.632012,-0.140304,-3.587278,0.770387,5.543731
0.358746,0.643162,-0.154304,-2.116339,2.130265,5.860319
0.386526,0.662049,-0.128934,-2.264728,1.535648,7.083825
0.382521,0.672789,-0.188395,-2.170483,1.424075,8.203370
0.376153,0.678225,-0.175476,-1.530348,1.831445,10.271076
0.388659,0.653810,-0.167601,-0.956851,1.328300,12.521642
0.424362,0.682302,-0.199175,-1.290320,2.364238,14.742139
0.410927,0.665840,-0.204105,-1.059223,1.654830,14.812384
0.372132,0.632527,-0.175994,-0.126880,0.317893,14.742658
0.398336,0.601665,-0.184135,0.398599,0.546446,13.801075
0.406706,0.598921,-0.200081,-0.709972,0.677865,13.277897
0.382442,0.566980,-0.202011,0.883081,1.141926,12.612898
0.334611,0.516122,-0.174314,0.739586,-0.832135,12.556896
0.350731,0.472029,-0.209633,0.082491,0.871148,12.689921
0.364747,0.434186,-0.215272,1.174965,2.604387,12.685339
0.328279,0.360971,-0.176162,1.284582,0.330662,12.019129
0.326602,0.326308,-0.194320,0.473777,1.118677,10.379939
0.306375,0.284030,-0.218275,0.328904,3.156815,7.417702
0.277595,0.214692,-0.182093,0.760144,0.999180,4.890444
0.299709,0.162134,-0.193910,0.181778,1.675930,3.610179
0.301855,0.111866,-0.238761,-0.022019,2.627778,2.541687
0.252917,0.033380,-0.182503,0.291425,1.380389,2.163199
0.257539,-0.023084,-0.189541,0.278407,1.837272,0.705278
0.250695,-0.072557,-0.221538,-0.653566,1.802146,-1.367034
0.226067,-0.146701,-0.184686,-0.389707,1.372150,-4.255347
0.207518,-0.223290,-0.182605,-0.214405,-1.025428,-6.709468
0.182854,-0.258130,-0.166577,-0.708422,0.045533,-8.285748
0.166622,-0.289940,-0.173506,-1.198280,-0.234209,-10.584427
0.134819,-0.357687,-0.165103,0.106916,-0.052969,-11.923449
0.118452,-0.373419,-0.154058,-0.263898,-0.506103,-12.170157
0.094044,-0.398054,-0.181499,-1.252237,1.074981,-12.851914
0.052075,-0.431223,-0.165376,-0.900008,-0.036718,-14.923734
0.043888,-0.427973,-0.137111,-0.616127,0.515979,-17.143930
0.030158,-0.390934,-0.127588,-1.793977,0.621260,-17.623219
-0.007272,-0.378517,-0.138680,-1.965708,1.527387,-18.827360
-0.039509,-0.353436,-0.106397,-2.033106,0.168339,-18.236207
-0.034854,-0.287567,-0.114281,-2.461628,1.459998,-16.514305
-0.058041,-0.233305,-0.106124,-3.585581,1.482138,-15.123901
-0.078524,-0.168083,-0.103285,-3.005584,1.256247,-13.789328
-0.094404,-0.079477,-0.096142,-3.042393,-0.277813,-12.174205
-0.114063,0.009287,-0.096615,-4.434282,0.188864,-11.596950
-0.123614,0.097788,-0.088219,-3.603431,0.492975,-11.325296
-0.119836,0.221313,-0.055791,-4.295632,-1.025211,-9.517317
-0.106326,0.336015,-0.058755,-4.430517,-1.188148,-7.824134
-0.130724,0.456624,-0.058293,-5.096858,-1.114904,-4.859016
-0.134325,0.573575,-0.041890,-3.731144,-1.967235,-1.899439
-0.123861,0.703815,-0.038992,-4.029544,-1.769140,1.097006
-0.113731,0.819646,-0.022163,-4.382153,-2.157715,3.916574
-0.127271,0.918585,-0.041825,-3.731279,-0.985944,4.726475
-0.133524,1.030306,-0.014515,-2.651977,-1.580659,4.818260
-0.133442,1.153243,-0.028573,-3.254790,-1.670523,5.898533
-0.150655,1.231585,-0.049151,-3.432380,-0.962753,5.865651
-0.140778,1.325736,-0.020033,-2.242142,-0.435226,5.891148
-0.140732,1.420122,0.006434,-1.481887,-0.899416,7.138697
-0.151896,1.509030,-0.004044,-2.493757,-0.768479,8.385399
-0.167005,1.590812,0.006306,-2.378209,-0.319813,9.449009
-0.153373,1.639783,0.028137,-1.294059,-0.304763,10.706724
-0.126096,1.707007,0.019104,-2.749308,-1.645038,13.265972
-0.141448,1.761466,-0.062297,-2.999627,3.295366,12.802760
-0.172559,1.779392,0.010908,-3.132395,-2.348054,12.294077
-0.154049,1.795420,0.006181,-2.879680,-1.945483,12.577095
-0.158789,1.816198,0.009670,-3.583517,-1.669499,11.131158
-0.187337,1.808008,-0.002593,-4.863947,-1.786376,9.901540
-0.176409,1.788251,-0.006834,-4.724161,-2.287821,8.891258
-0.196757,1.760971,-0.015161,-4.940467,-4.142586,7.730874
-0.176889,1.756126,-0.020748,-6.688595,-2.609664,8.023809
-0.149313,1.700511,-0.019048,-5.677085,-0.144678,7.185540
-0.142692,1.679517,-0.008734,-6.910002,-2.024993,8.190870
-0.147954,1.648915,-0.041733,-7.987423,0.489384,8.289294
-0.160332,1.570760,-0.030320,-7.759238,0.120553,6.282783
-0.140316,1.546759,-0.004562,-7.480674,-1.138387,5.760232
-0.162141,1.491719,0.009421,-7.943819,-3.043970,3.846009
-0.174049,1.415182,-0.013645,-7.337471,-0.520179,2.473639
-0.181947,1.368230,-0.035109,-6.863503,-1.069341,2.461557
-0.220893,1.292435,-0.005498,-7.749669,-2.568184,2.556994
-0.201901,1.220021,-0.026483,-6.165243,-1.038286,3.362775
-0.173527,1.145979,-0.020939,-5.119865,-1.430895,4.327718
-0.192565,1.067217,-0.041930,-6.454127,-2.106676,4.815535
-0.199166,0.991212,-0.035972,-5.089946,-1.288910,2.896418
-0.194269,0.897039,-0.012591,-2.645832,-1.933850,-0.005283
-0.196586,0.824806,-0.014876,-2.613540,-1.916239,-0.893362
-0.204733,0.741619,-0.033280,-1.987746,-1.039493,-2.314835
-0.210783,0.659194,-0.005363,-0.431342,-0.482969,-3.436634
-0.184766,0.614621,0.015523,-1.207586,-1.329684,-1.165464
-0.170944,0.529672,-0.032588,-0.514430,0.492831,-0.701766
-0.171075,0.451307,-0.020705,0.279296,-0.607456,-0.140626
-0.119518,0.392597,-0.003719,0.051653,-0.601386,0.764866
-0.131840,0.304707,-0.015946,0.329892,2.460042,0.625058
-0.160535,0.203381,-0.003200,0.916056,0.445692,-1.048129
-0.105361,0.147360,-0.012877,1.045627,-0.101569,-0.877802
-0.123119,0.038878,-0.020509,0.447797,-0.951629,-2.197919
-0.120460,-0.049620,-0.018821,1.097864,-0.430470,-2.685774
-0.101497,-0.129176,-0.023141,1.754552,-1.782975,-2.739253
-0.066506,-0.203822,-0.029647,0.503628,-0.778227,-2.213602
-0.047724,-0.297247,-0.008301,1.039985,0.074964,-3.422773
-0.020116,-0.369405,0.005557,1.471626,-0.151997,-5.605666
0.017639,-0.426207,-0.017879,0.829995,-0.166171,-6.925914
-0.003920,-0.496363,-0.030996,-0.102238,-0.357251,-9.278225
0.023895,-0.552988,-0.039724,0.573610,0.754875,-9.938168
0.088398,-0.581464,-0.027763,0.451057,0.688218,-8.815024
0.069754,-0.635319,-0.061060,-0.295061,0.657360,-7.707381
0.036145,-0.693352,-0.053904,0.558255,1.413332,-7.030568
0.087834,-0.742494,-0.022009,0.915010,1.088118,-6.888874
0.122798,-0.774583,-0.073714,0.407026,2.699470,-6.921878
0.084420,-0.815213,-0.058900,0.970509,2.019510,-8.296738
0.100865,-0.838922,-0.045291,1.330540,0.398176,-10.401831
0.151136,-0.855531,-0.063646,1.344376,1.893881,-12.198358
0.118886,-0.841856,-0.057981,0.811347,1.082508,-13.218140
0.122145,-0.815298,-0.054971,1.748217,1.236973,-12.370254
0.182975,-0.787296,-0.054413,1.002195,0.811159,-9.878221
0.175767,-0.761095,-0.093438,0.335889,2.798199,-6.954379
0.167696,-0.693953,-0.086528,0.998430,1.746069,-5.794645
0.217516,-0.652082,-0.067050,1.014221,1.051492,-4.696892
0.220480,-0.586755,-0.082852,-0.318412,1.005935,-3.648951
0.172498,-0.522330,-0.105317,0.622489,3.050507,-3.955244
0.227012,-0.451886,-0.107132,0.814879,0.878853,-2.602793
0.270472,-0.402505,-0.077787,0.153080,0.563177,-0.842771
0.244432,-0.336361,-0.142615,-0.985903,3.148399,0.437451
0.249970,-0.258885,-0.076766,0.308875,1.624846,2.192580
0.275514,-0.208441,-0.056917,0.751577,0.244859,4.658332
0.292120,-0.147952,-0.099372,0.128577,1.422332,6.793240
0.328696,-0.081660,-0.102780,0.868507,2.831414,7.596790
0.304636,-0.022152,-0.061884,0.755788,0.223241,7.527385
0.304028,0.069914,-0.093753,0.544015,1.826043,8.808435
0.294844,0.167478,-0.110542,0.260537,1.558711,10.220043
0.322341,0.217876,-0.084053,0.904348,0.488416,11.913666
0.332152,0.240371,-0.057639,1.417173,0.162818,14.231285
0.305135,0.293717,-0.098306,1.468875,0.423795,16.472641
0.281307,0.296986,-0.080912,1.913251,0.575745,15.903197
0.280661,0.277190,-0.055004,2.679087,0.692528,14.554226
0.310872,0.295850,-0.055119,2.619652,0.854234,13.226532
0.307619,0.291094,-0.081076,3.272460,1.987781,11.233038
0.260789,0.252535,-0.073398,2.953689,2.103632,9.115609
0.260434,0.282895,-0.045209,3.065758,1.225678,11.615816
0.268706,0.286571,-0.048150,2.189278,1.522909,12.417440
0.258009,0.278900,-0.053914,1.409331,2.014267,12.736897
0.261455,0.253320,-0.031518,2.369057,2.756998,12.630014
0.199699,0.225150,-0.029844,1.180624,0.322584,11.398416
0.170998,0.192112,-0.047789,-0.139297,1.161401,8.349657
0.191185,0.163542,-0.020062,0.488181,1.003204,5.242971
0.157241,0.111354,-0.040886,0.560152,0.517817,3.132559
0.141144,0.065620,-0.026624,-0.411276,0.756739,2.539449
0.119431,-0.013247,-0.020751,-0.921236,1.188370,1.551767
0.134602,-0.059181,-0.017249,-0.674226,1.402615,0.553014
0.122506,-0.114379,-0.018365,-0.394243,0.662093,-2.181314
0.100520,-0.137290,-0.014856,-1.469390,1.053931,-4.490365
0.076690,-0.180665,-0.018421,-1.624390,0.955616,-6.257788
0.055899,-0.202696,0.007527,-1.213862,0.380440,-7.095001
0.034737,-0.220234,0.036035,-1.424023,-1.377601,-6.417682
0.007716,-0.253453,0.016373,-2.272907,0.428981,-5.788984
-0.015753,-0.261705,0.025794,-1.699817,0.334637,-5.874453
-0.061343,-0.280480,0.019445,-0.504448,0.038253,-6.776277
-0.079390,-0.315829,0.056379,-1.121989,-1.834276,-8.946399
-0.074099,-0.354512,0.024970,-0.643860,-0.009077,-11.051211
-0.106697,-0.373009,0.035135,0.295729,0.543758,-13.686754
-0.140036,-0.369267,0.051574,0.922937,-1.437095,-14.158644
-0.135963,-0.369365,0.065698,0.634404,0.046439,-13.707391
-0.142738,-0.370646,0.029329,0.810933,1.897764,-12.400767
-0.166450,-0.361602,0.050185,1.726048,-0.021701,-10.429564
-0.180151,-0.329592,0.060354,1.783841,-0.910106,-9.063788
-0.214000,-0.283697,0.026401,0.851045,0.055472,-7.688746
-0.261503,-0.261081,0.051958,1.254561,-0.993372,-8.780158
-0.250336,-0.208582,0.075414,1.312424,-0.452764,-8.578889
-0.246391,-0.174464,0.042022,0.245576,-1.598105,-7.618368
-0.294042,-0.138383,0.027648,0.056993,-0.302839,-7.150271
-0.312998,-0.114632,0.026079,0.678759,-0.300840,-6.226288
-0.284644,-0.062950,0.052145,-0.061289,-1.318087,-5.087590
-0.287165,-0.023505,0.038162,-0.644260,-0.442043,-4.834416
-0.307277,-0.003124,0.034252,-0.318800,-0.286252,-6.627869
-0.265990,0.065194,0.039750,-0.563013,-0.052211,-6.289433
-0.273996,0.133672,0.009700,-2.113870,-1.179414,-5.757869
-0.324880,0.183302,0.026115,-2.297106,-1.174680,-4.958544
-0.290878,0.256494,0.045075,-1.577796,-1.509069,-1.746244
-0.282123,0.327756,0.047691,-2.643774,-1.588268,1.737769
-0.318696,0.365455,-0.010070,-2.844397,-1.608954,3.818290
-0.328432,0.421243,0.016908,-2.115105,-2.186325,3.876799
-0.310687,0.466971,0.044746,-2.527930,-2.496847,3.661874
-0.320364,0.502795,0.012194,-3.053646,-2.132644,1.304639
-0.320738,0.543649,0.003962,-1.127626,-2.223229,-1.016535
-0.323797,0.569800,0.034374,-1.854515,-5.387798,-0.617072
-0.318302,0.591589,0.032434,-1.822672,-2.698050,0.918013
-0.301749,0.616053,0.024392,-0.986304,-0.648975,1.521089
-0.294367,0.669980,0.045268,-0.895285,-1.317470,2.766459
-0.278273,0.696600,0.016452,-0.741739,-1.526840,4.152295
-0.292414,0.719922,0.012831,-1.485615,-0.722338,4.012348
-0.316852,0.720907,0.031144,-0.819658,-1.481740,3.303882
-0.278893,0.732717,0.043939,-0.594256,-1.160802,3.991008
-0.271350,0.762518,0.024550,-0.957349,-1.306904,4.407254
-0.298939,0.767261,0.017210,-1.630604,-1.491955,5.675162
-0.280873,0.728210,0.036521,-0.512247,-1.328118,7.429984
-0.234682,0.716311,0.039888,-1.367835,-2.932262,9.144642
-0.215198,0.672317,0.015132,-1.608917,-1.554393,8.740877
-0.238572,0.637356,0.035227,-0.748228,-0.903413,6.787523
-0.196954,0.603067,0.038979,-0.569339,-0.959891,5.514568
-0.150242,0.568382,0.031968,-0.988939,-1.696933,5.061740
-0.165292,0.542093,0.005413,-1.556686,-0.456857,6.049180
-0.163604,0.480691,0.024694,-1.159190,-0.286755,7.098688
-0.101189,0.436188,0.038201,-1.358095,-0.884611,9.357625
-0.095943,0.398233,0.048794,-1.080690,-0.563037,10.377755
-0.085033,0.338749,0.036947,-1.828029,-0.219589,10.273092
-0.056269,0.257196,0.025278,-0.717636,0.522422,9.169587
-0.051020,0.163913,0.063686,-0.400733,-0.158992,8.442088
-0.030823,0.069136,0.065383,0.142990,-0.886216,7.140655
-0.010836,-0.010267,0.046043,0.815765,-0.881473,6.066041
0.012515,-0.142158,0.044047,1.605507,-0.035888,5.513946
0.015341,-0.232731,0.065957,2.760649,-1.316967,5.711107
0.045559,-0.323024,0.057262,3.173380,0.812899,5.460951
0.082533,-0.424287,0.062590,3.441578,0.547950,3.642117
0.106301,-0.531984,0.085304,3.936511,0.716766,1.420951
0.125822,-0.638125,0.096750,5.397159,1.137509,-0.583338
0.138974,-0.752495,0.079156,5.013731,1.247287,-1.279207
0.191178,-0.846429,0.059993,5.251163,3.442624,-2.668271
0.208214,-0.944794,0.079189,5.573259,1.930687,-4.607548
0.225503,-1.024078,0.118230,5.877577,0.349179,-6.138768
0.216926,-1.116587,0.099064,5.206148,1.763831,-6.532398
0.243152,-1.193882,0.088830,4.761814,1.701314,-7.989255
0.289973,-1.271469,0.081966,4.364452,1.723795,-9.058996
0.299118,-1.354130,0.119704,4.871274,2.034793,-9.799835
0.282384,-1.411366,0.091528,4.184476,1.617635,-9.384127
0.289776,-1.474310,0.086003,3.545419,1.783719,-9.943402
0.312816,-1.532797,0.087457,3.652823,1.172631,-10.695575
0.332891,-1.570847,0.092145,3.656703,1.982852,-11.715996
0.316518,-1.597947,0.100390,2.348645,1.395085,-13.017418
0.329001,-1.622260,0.083768,2.322402,2.706121,-14.969172
0.339791,-1.632698,0.117567,2.706972,1.775710,-16.570638
0.351870,-1.615317,0.097229,2.284943,1.469826,-15.469097
0.331939,-1.613486,0.086502,1.985217,2.763278,-14.656471
0.358924,-1.615573,0.113103,3.127574,3.564449,-12.193610
0.383221,-1.582280,0.117915,2.791088,2.431962,-9.655772
0.380670,-1.528763,0.077810,2.843249,2.789682,-9.141992
0.373104,-1.503990,0.082225,3.038151,3.583976,-9.605108
0.345879,-1.474557,0.151915,4.006014,-1.529268,-10.464563
0.372933,-1.398273,0.096845,4.151140,2.300480,-9.233396
0.370091,-1.328793,0.107408,3.905423,2.616956,-8.202852
0.343155,-1.264802,0.078933,5.147347,1.556496,-5.779110
0.316814,-1.194023,0.116540,5.776478,1.339648,-3.068391
0.296686,-1.101120,0.101096,4.967193,0.537148,-0.158296
0.314870,-1.009005,0.082261,4.649476,1.492590,0.900287
0.311985,-0.920001,0.084848,5.919773,1.857837,0.768512
0.303234,-0.817287,0.109798,5.239064,1.383990,1.982107
0.278297,-0.732548,0.112542,4.609762,1.568503,2.595055
0.274831,-0.670881,0.087060,4.172370,2.287872,3.855515
0.261833,-0.570185,0.121841,5.023858,1.053754,4.899651
0.259364,-0.477131,0.090678,4.464835,1.740690,7.387404
0.228152,-0.414338,0.089417,3.202242,1.245209,8.112660
0.217802,-0.352815,0.081556,3.287497,2.854601,8.667247
0.206156,-0.284633,0.101477,3.811568,1.727806,7.879677
0.197881,-0.204252,0.089470,2.272216,0.018834,8.434314
0.162175,-0.154904,0.075368,1.853301,0.611097,8.151990
0.147463,-0.082008,0.079498,1.674504,0.653720,9.110832
0.135058,-0.030385,0.087503,1.766221,0.054012,9.610346
0.115104,0.012927,0.075667,0.589375,-0.406626,10.258850
0.103215,0.051118,0.058615,0.050340,0.188884,10.051383
0.085526,0.071263,0.058766,0.839835,0.300950,9.209565
0.052475,0.106680,0.078221,0.608637,-0.776232,9.099054
0.022825,0.120864,0.076520,-0.412835,-0.605528,8.337721
0.019109,0.107281,0.060180,0.112631,0.181469,7.221061
-0.014966,0.105390,0.087139,1.087919,0.222572,6.769003
-0.023165,0.106779,0.089072,0.561461,-1.501802,7.005388
-0.040690,0.099567,0.076425,0.537158,0.067828,6.087139
-0.086519,0.072664,0.088570,1.107029,0.262174,5.236724
-0.106631,0.038730,0.094042,2.073635,0.085661,4.604037
-0.128574,0.036833,0.089742,1.763986,0.101801,3.201007
-0.153695,0.001183,0.063505,1.518417,0.723344,2.208588
-0.195835,-0.040412,0.101214,2.094570,-0.978029,0.542244
-0.192733,-0.066659,0.110819,2.218748,-1.077290,1.034138
-0.211305,-0.081906,0.077354,1.486965,-0.741349,1.105239
-0.235053,-0.123415,0.084684,1.785345,-0.406905,-0.470257
-0.270080,-0.175334,0.119379,1.830997,-1.681935,-1.076622
-0.256130,-0.201222,0.119422,1.475433,-1.163494,-0.814170
-0.269578,-0.232343,0.081936,0.758726,-0.990329,-1.962443
-0.286971,-0.289435,0.114140,1.363745,-0.691082,-3.400998
-0.283338,-0.321951,0.121079,1.505448,-0.753412,-3.133535
-0.281116,-0.344202,0.105997,0.647744,-0.982933,-2.795194
-0.299510,-0.376170,0.098572,0.072398,0.414667,-2.743466
-0.308987,-0.424757,0.112407,0.802087,-0.883712,-3.480120
-0.302159,-0.440729,0.125002,0.794466,-1.479566,-3.073314
-0.326203,-0.459823,0.112342,-0.262670,-1.568957,-3.292414
-0.332601,-0.508347,0.124490,0.848156,-0.566480,-4.436495
-0.337101,-0.527280,0.125373,1.144925,-2.870900,-4.874723
-0.352125,-0.564900,0.130884,0.813487,-1.603458,-5.364306
-0.344470,-0.586955,0.126453,1.104938,-0.856569,-6.422488
-0.359139,-0.624713,0.135388,2.170395,-1.742266,-6.762362
-0.349029,-0.660209,0.149118,2.549772,-1.392302,-6.720848
-0.339024,-0.669689,0.114121,2.140774,-1.449844,-7.478954
-0.341171,-0.704542,0.135512,3.999153,-0.961351,-8.646445
-0.344207,-0.734458,0.150319,4.089387,-1.321451,-8.020047
-0.312538,-0.748832,0.134971,4.173992,-0.565125,-7.910406
-0.305845,-0.736677,0.118119,4.119822,0.933719,-8.436348
-0.329466,-0.780379,0.147460,4.397227,-0.940636,-9.157155
-0.314203,-0.780327,0.160662,4.404924,-0.844510,-9.606754
-0.310254,-0.763984,0.111971,4.040567,-0.354855,-8.619042
-0.301562,-0.762877,0.130365,3.740802,0.097409,-8.970325
-0.293254,-0.770545,0.142816,3.906207,-1.270110,-9.031638
-0.285918,-0.739369,0.124152,2.830027,-0.598730,-8.583516
-0.272154,-0.717829,0.103797,2.065232,0.282916,-9.241090
-0.276605,-0.720304,0.122849,2.091298,-0.558347,-10.138010
-0.242196,-0.674606,0.138430,1.346546,-0.369193,-9.680806
-0.231830,-0.635817,0.109693,0.196734,-1.054090,-9.409174
-0.240190,-0.609686,0.108429,-0.527280,-0.940462,-9.550946
-0.206302,-0.560325,0.111944,-0.761311,-1.152576,-7.978208
-0.183693,-0.481366,0.091564,-1.195972,-0.668449,-6.588955
-0.171554,-0.410330,0.092834,-2.318881,-0.622216,-5.291286
-0.140384,-0.334985,0.074147,-3.022383,-0.226440,-4.211337
-0.129565,-0.267039,0.091715,-2.605329,0.281209,-2.936018
-0.119882,-0.189770,0.064451,-3.407282,-0.304998,-0.834303
-0.076879,-0.099454,0.040647,-4.006182,-0.024468,1.019993
-0.055914,-0.025211,0.028616,-3.480031,0.160340,1.642986
-0.055218,0.040096,0.050044,-1.906019,0.340437,2.817360
-0.018481,0.136567,0.037525,-2.191139,-0.156619,4.710694
0.004870,0.210937,0.030130,-1.979622,-1.724417,6.344560
0.008622,0.267855,0.029565,-1.136337,-0.106719,7.987795
0.051425,0.344624,0.030517,0.478711,0.030647,9.462505
0.071911,0.415768,0.019074,0.802166,0.003872,12.059896
0.075164,0.444906,0.002633,0.988109,0.436829,13.322810
0.116082,0.487896,0.008846,2.385814,0.507720,13.905105
0.138282,0.515314,0.009861,3.183781,0.032485,14.672799
0.136109,0.509951,-0.008068,3.261247,0.307081,14.446205
0.163008,0.535039,-0.017223,4.778557,1.310732,13.615499
0.187111,0.555015,-0.011718,4.378178,0.322594,14.326173
0.203733,0.542391,-0.032036,3.913310,0.746202,14.639269
0.220369,0.519542,-0.036707,4.198862,1.309295,15.228399
0.225965,0.485342,-0.005409,4.087689,0.180267,15.685722
0.267094,0.456047,-0.019635,3.207845,0.535906,15.499346
0.269264,0.421913,-0.042196,2.185654,1.203443,14.109647
0.280743,0.378046,-0.019954,2.599977,1.158204,12.599719
0.303011,0.310152,-0.032033,1.305091,0.567868,12.197967
0.311414,0.260948,-0.064270,0.024822,1.684835,10.171836
0.307340,0.165091,-0.041720,-0.877363,2.036877,8.248394
0.336931,0.096170,-0.018234,-0.779021,1.037384,7.625556
0.355661,0.042479,-0.013697,-1.933149,0.209767,6.911111
0.343729,-0.059818,-0.044372,-2.718104,1.724061,5.114974
0.358779,-0.130644,-0.038332,-2.300864,2.220234,2.755985
0.364143,-0.211431,-0.029109,-2.246198,1.434497,0.327099
0.360033,-0.293535,0.005702,-2.783845,-1.507506,-2.349709
0.386490,-0.354782,-0.049581,-3.219037,2.057251,-5.109336
0.369411,-0.445784,-0.001339,-1.373046,1.619653,-6.608048
0.366191,-0.517637,-0.017840,-0.854559,1.884861,-6.984090
0.371883,-0.564549,-0.033950,-0.618604,1.600533,-8.058632
0.375832,-0.625084,-0.037272,-0.476475,3.179320,-9.845473
0.388994,-0.677659,-0.018355,0.672306,2.187662,-11.115599
0.364455,-0.723810,0.011528,1.737005,0.283445,-12.252606
0.349585,-0.758272,-0.009565,1.340082,2.003623,-12.597522
0.363710,-0.768376,-0.039832,2.313306,2.528314,-13.520393
0.355267,-0.795718,0.003141,3.287382,1.393431,-14.430166
0.363667,-0.806600,0.012342,3.571103,0.188858,-13.963899
0.349703,-0.797740,-0.038395,3.376077,2.206858,-12.780399
0.317644,-0.808211,-0.006768,3.130357,1.946380,-12.717801
0.324589,-0.795288,0.001169,3.653880,2.038183,-12.233529
0.315835,-0.756969,-0.000512,3.677421,1.472692,-12.613131
0.284311,-0.718437,-0.002386,2.583486,0.788329,-11.101411
0.293892,-0.688235,-0.020072,2.509241,3.660391,-10.384737
0.256440,-0.660049,0.010035,2.496981,1.306341,-9.609514
0.220004,-0.622553,0.023109,1.782427,0.798000,-9.640826
0.215425,-0.552158,-0.027759,0.683063,2.698640,-8.689540
0.183888,-0.487130,-0.017203,0.728850,1.348143,-7.764751
0.173545,-0.433311,0.025554,0.205688,0.688586,-6.573682
0.148766,-0.371351,-0.011439,-0.652689,0.861708,-4.921993
0.106442,-0.313485,-0.007234,-1.160558,1.427528,-4.176257
0.081617,-0.246635,0.002597,-0.798269,0.705973,-3.076500
0.064243,-0.162365,0.010307,-1.472879,0.284291,-2.178826
0.040531,-0.098495,-0.029384,-1.749441,0.539701,-1.401956
-0.000490,-0.028041,0.002268,-1.696170,0.186494,-0.787560
-0.024239,0.046579,-0.001096,-0.869967,0.516097,0.282074
-0.062105,0.121891,0.004126,-1.589855,-0.607150,0.669778
-0.059078,0.190284,-0.017282,-1.819294,0.124020,0.133518
-0.079725,0.270897,0.007543,-1.276254,-0.177551,1.529821
-0.113596,0.348718,0.007034,-0.913653,-0.788708,3.592005
-0.146926,0.425901,-0.008524,-1.390293,-0.828285,4.753669
-0.166742,0.489295,-0.014127,-1.223325,-0.297485,4.138358
-0.172595,0.560222,0.007189,-0.765156,-1.193939,4.703193
-0.195391,0.633942,-0.014876,-0.301948,-1.336836,5.424540
-0.233543,0.709264,-0.016310,-0.820915,-0.259396,6.199155
-0.265639,0.743710,0.005275,-0.946809,-1.189232,5.672572
-0.244096,0.804241,0.010504,-0.380021,-0.974875,6.688447
-0.248062,0.861661,-0.010717,-0.993427,-0.947506,7.863435
-0.286010,0.878786,0.004047,-1.682621,-1.616796,7.386634
-0.292460,0.897617,-0.000308,-0.788957,-1.259443,8.040876
-0.310664,0.930737,0.014623,-1.266985,-3.258005,9.026924
-0.302547,0.954377,-0.001378,-2.085776,-1.783130,9.161612
-0.314839,0.954974,-0.004989,-2.228106,-1.392231,9.162400
-0.327503,0.945971,0.023824,-2.129006,-2.643880,9.238280
-0.340643,0.952119,-0.015404,-1.728411,-1.535063,9.883052
-0.360728,0.932696,0.011246,-2.875518,-2.697266,10.118367
-0.342343,0.884691,-0.013284,-2.772259,-1.863175,10.689666
-0.318512,0.865262,0.003729,-1.711178,-1.412848,11.206470
-0.366397,0.808656,0.003837,-2.754241,-2.402194,11.094192
-0.377140,0.750098,-0.010664,-3.089999,-1.632774,10.506901
-0.381046,0.693784,-0.010911,-1.281612,-1.456803,9.315967
-0.357731,0.642102,0.017177,-1.364936,-2.000703,9.358194
-0.347874,0.572698,0.028827,-1.632166,-1.992628,9.207393
-0.381525,0.497977,0.002206,-1.773416,-1.543906,9.152130
-0.400406,0.396887,0.013576,-0.329760,-1.142499,8.226020
-0.391612,0.315890,0.039012,-0.237878,-2.092375,7.844959
-0.359622,0.239711,-0.011836,-0.217619,-0.990664,6.302661
-0.361713,0.140214,0.025098,1.115563,-0.918063,4.022003
-0.401039,0.026756,0.039859,1.454993,-1.846559,2.748811
-0.381099,-0.068966,0.025977,1.457665,-1.312087,1.670787
-0.343918,-0.135304,0.006037,1.267258,0.276499,-0.427258
-0.318824,-0.213269,0.030077,1.771440,-0.903643,-1.878909
-0.330940,-0.324793,0.058477,2.322545,-1.186684,-3.154586
-0.314610,-0.389434,0.020335,1.616792,-1.041006,-2.347961
-0.298230,-0.474371,0.026949,1.653818,-0.951195,-4.816686
-0.275959,-0.559071,0.051774,1.769330,-0.593777,-7.395127
