-0.010640,0.876670,-0.069910,-6.155150,-0.813994,-2.751620
0.006930,0.835866,-0.093694,-5.824923,-0.489647,-2.704815
-0.026015,0.737498,-0.076438,-5.274727,-1.192925,-4.773817
-0.041620,0.669476,-0.056412,-5.614177,-1.930909,-5.218233
-0.055984,0.592470,-0.093668,-5.463720,-0.593592,-7.349572
-0.078564,0.548902,-0.113917,-5.285661,-0.732248,-8.993214
-0.120221,0.470458,-0.041779,-4.289435,-2.245531,-10.774653
-0.105490,0.437033,-0.070628,-4.326687,-1.370413,-11.669924
-0.110876,0.402505,-0.089191,-4.316242,-0.374984,-12.360159
-0.130380,0.368755,-0.057899,-3.339484,-0.293715,-13.047629
-0.132058,0.322607,-0.065334,-2.812964,0.148479,-12.986566
-0.109816,0.345460,-0.081264,-2.812675,0.277226,-12.094277
-0.143038,0.310876,-0.123840,-5.097105,0.365573,-14.238219
-0.150144,0.289970,-0.077036,-2.353823,0.744255,-14.211730
-0.132301,0.294631,-0.051469,-2.339348,-1.103420,-11.938085
-0.143054,0.303385,-0.086453,-2.123242,-0.379865,-10.444149
-0.133617,0.326198,-0.084027,-2.877415,-1.025570,-8.572269
-0.131556,0.298898,-0.072982,-2.068452,-0.500840,-8.330353
-0.113729,0.321544,-0.060509,-2.005071,-1.693087,-7.184342
-0.096676,0.362075,-0.109824,-2.067785,-0.914266,-5.260738
-0.099030,0.379899,-0.090796,-2.381087,-0.197405,-5.917518
-0.086350,0.396846,-0.084467,-1.986043,-0.727285,-4.893341
-0.051687,0.453278,-0.077978,-1.797312,-0.988515,-2.231933
-0.043186,0.482456,-0.070845,-2.821889,-2.056525,0.322740
-0.069928,0.494863,-0.076927,-3.014808,-1.544140,3.088683
-0.058807,0.498579,-0.077597,-1.729520,-0.048674,5.040828
-0.062769,0.554407,-0.073547,-1.893596,-0.985758,6.124308
-0.075022,0.574036,-0.041516,-2.295508,-3.944163,6.809527
-0.067243,0.597695,-0.080085,-2.797455,-0.401956,7.320468
-0.085972,0.609289,-0.080630,-1.544568,0.037116,7.760314
-0.127817,0.589837,-0.040624,-1.069084,-1.288471,8.206732
-0.105335,0.597518,-0.055700,-0.504586,-0.491521,10.367634
-0.119125,0.596986,-0.077417,-0.505561,-1.204207,11.810814
-0.150538,0.585127,-0.056475,-0.833267,-1.011013,12.290585
-0.149448,0.555326,-0.062294,-0.274921,0.234571,11.618713
-0.155553,0.540456,-0.063358,1.146966,-0.997341,10.957091
-0.164295,0.532316,-0.017381,0.219227,-1.286468,10.038622
-0.159660,0.509490,-0.046076,0.021480,-0.345373,9.464885
-0.168667,0.477443,-0.039849,0.707625,-0.204606,8.899377
-0.173965,0.419971,-0.001553,1.123687,-0.715281,9.137059
-0.147465,0.381317,-0.009933,0.799169,-0.769799,9.475010
-0.139853,0.344498,-0.020676,0.238456,-0.760776,9.498490
-0.150344,0.262529,-0.012037,0.245031,-0.018344,7.598257
-0.125506,0.197990,0.001080,1.090620,-1.191629,6.336780
-0.085099,0.137452,-0.008180,0.741976,-0.148243,4.879487
-0.083080,0.073437,-0.022101,0.349652,0.155343,3.462675
-0.063717,0.017849,-0.026969,0.097643,0.101298,1.391073
-0.055478,-0.044671,0.009099,0.164027,-0.176600,0.510632
-0.028789,-0.114446,-0.010882,0.095907,0.220414,0.476860
-0.003576,-0.156422,-0.011226,-0.887502,-0.340522,0.412263
0.001456,-0.233740,-0.000371,-0.708215,-0.670131,-2.239750
0.005427,-0.289879,0.001378,-0.517414,-0.151693,-3.701988
0.023576,-0.326420,0.005035,-0.759736,-0.146805,-4.682947
0.037966,-0.353926,-0.003598,-1.482674,-1.295134,-5.833389
0.040851,-0.403994,-0.013741,-1.536102,0.375680,-6.902735
0.035688,-0.433188,0.029630,-1.175447,-1.998130,-7.339755
0.053026,-0.454212,0.012900,-0.798528,0.011155,-6.248593
0.050180,-0.482030,0.020915,-1.264510,-1.802096,-6.493909
0.059082,-0.481285,-0.013934,-1.803791,0.929569,-6.610390
0.064767,-0.493456,-0.016478,-0.963024,1.756352,-6.686231
0.041370,-0.496155,0.016094,-0.374920,-0.026694,-6.265993
0.068145,-0.479473,0.004319,-0.292261,0.723290,-5.869533
0.075616,-0.441663,-0.038221,-0.520433,1.556987,-5.041397
0.076554,-0.422927,-0.001523,-0.291976,1.077830,-4.465736
0.081061,-0.418938,-0.001287,0.585820,1.271779,-4.176787
0.091709,-0.376959,0.019415,0.605525,1.296355,-2.913773
0.108161,-0.331865,-0.005118,1.030640,1.019081,-2.352319
0.117926,-0.292581,-0.026562,1.064534,3.148221,-2.833892
0.123211,-0.264690,-0.008774,1.705352,0.928052,-2.265512
0.136725,-0.212309,0.016481,2.106082,0.089343,-1.277491
0.146848,-0.159403,-0.030169,1.516598,0.900309,-0.188766
0.126464,-0.120817,-0.022981,1.295428,0.656397,-0.196336
0.142348,-0.058536,0.013047,1.767724,-1.802809,-0.181489
0.155500,-0.003963,-0.022042,1.920837,0.133298,0.540312
0.124875,0.044237,0.021647,0.559909,-3.468731,0.074966
0.140769,0.085346,-0.039147,0.506687,0.369515,-0.521079
0.122712,0.153962,-0.037528,1.293169,0.929145,-0.565978
0.125876,0.218764,-0.003486,0.259720,0.047420,0.342926
0.127242,0.262030,-0.027487,-0.617965,0.835155,0.779119
0.105581,0.321173,-0.071495,-1.182239,1.155915,0.923105
0.111909,0.356686,-0.032342,-1.198999,1.481609,0.191754
0.097841,0.397982,-0.013681,-1.199252,0.394692,0.013626
0.110491,0.456603,-0.027120,-2.133457,0.580468,-0.130188
0.094247,0.498635,-0.072020,-2.537423,0.907444,-0.480182
0.072891,0.531357,-0.041132,-2.470865,1.545721,0.103283
0.072773,0.544179,-0.020985,-2.172518,0.479037,1.738847
0.088256,0.583279,-0.005827,-3.096091,-2.098133,2.740572
0.089717,0.621533,-0.060502,-3.067032,0.333353,3.670139
0.065814,0.633267,-0.035533,-2.721282,-0.429256,2.865973
0.076676,0.629637,-0.036045,-2.105313,-0.171526,1.759680
0.107521,0.656412,-0.032982,-1.627095,0.520685,1.399370
0.114985,0.677531,-0.038831,-2.157051,-0.079037,1.112583
0.124763,0.687841,-0.038753,-2.011600,-0.656371,0.805478
0.123828,0.675821,-0.049253,-1.899117,0.649872,0.723086
0.147862,0.683393,-0.019803,-1.049967,1.534288,0.550170
0.173918,0.700758,-0.014295,-1.263680,0.588667,1.266527
0.185892,0.703528,-0.020532,-2.064847,0.238641,2.788752
0.188341,0.704473,-0.037499,-2.110394,0.929762,2.703490
0.195799,0.709742,-0.043391,-1.351659,1.729557,2.707544
0.203256,0.696546,-0.023407,-1.140398,0.606113,3.070060
0.187721,0.667346,-0.008397,-1.583130,-1.452464,3.112434
0.193665,0.666085,-0.030363,-2.279053,-0.510024,2.433862
0.184835,0.638851,-0.041694,-2.009624,0.647413,0.631281
0.128706,0.608564,0.000292,-1.881766,-1.742146,-0.773850
0.099439,0.609145,-0.020627,-2.059326,-0.890143,-1.369744
0.056055,0.624014,-0.051059,-3.226112,-1.943717,-2.727936
0.015813,0.628593,-0.050107,-3.865065,-1.329613,-1.803937
-0.040947,0.620791,-0.033878,-3.946197,-1.748737,-0.372522
-0.073033,0.646200,-0.025396,-4.017143,-1.303704,2.025214
-0.129376,0.645645,-0.021159,-5.731866,-1.566050,3.913022
-0.150791,0.630297,-0.027107,-4.969198,0.356231,4.443366
-0.184121,0.626656,-0.028912,-4.325932,0.576135,3.626156
-0.187885,0.632470,0.015391,-4.738065,0.664652,3.977216
-0.199463,0.603696,-0.033983,-4.738771,1.195012,3.197437
-0.226753,0.601339,-0.017371,-4.223060,1.380401,1.361585
-0.238593,0.591571,0.015818,-3.223505,0.073354,1.469853
-0.217759,0.565600,0.014682,-2.727388,0.839472,2.049253
-0.187472,0.559009,-0.018976,-2.600531,1.647418,3.005618
-0.187515,0.520561,-0.004172,-1.328738,-0.319682,3.547530
-0.184127,0.476084,0.029962,0.219913,-1.576459,3.542958
-0.143461,0.465863,-0.005265,0.459439,-1.311858,3.528303
-0.125352,0.446201,-0.012638,1.007702,-1.856437,1.677129
-0.125257,0.399975,0.013533,1.475643,-2.657359,0.644914
-0.109826,0.341012,0.013264,2.718709,-2.535590,1.352737
-0.084689,0.290210,0.014288,2.180701,-2.918598,2.431039
-0.088034,0.230683,-0.009844,2.862595,-2.242705,2.438438
-0.085112,0.159628,0.022317,3.548821,-1.530258,1.391045
-0.080369,0.092853,0.034396,3.455669,-1.396968,1.719398
-0.068933,0.033480,0.011603,2.757675,0.436162,0.892415
-0.084764,-0.014965,-0.018326,2.240461,0.919931,-1.158995
-0.070571,-0.048715,0.037013,2.133953,1.062441,-1.873588
-0.094093,-0.105305,0.023492,0.741710,1.822329,-2.587626
-0.126274,-0.159754,0.027707,-0.564704,0.812520,-2.325950
-0.132708,-0.224549,0.029890,-0.351716,1.487983,-1.631245
-0.137185,-0.269351,0.022379,-0.685294,0.472578,-0.151885
-0.146435,-0.301250,0.028390,-1.820558,0.434728,0.721517
-0.163956,-0.352499,-0.008981,-2.544687,-0.149737,-0.181672
-0.182308,-0.410591,0.002721,-1.705761,-0.792779,-2.009170
-0.205456,-0.478315,0.036287,-1.517372,-1.937618,-3.121841
-0.206946,-0.534113,0.059606,-1.399316,-4.424567,-2.693177
-0.205151,-0.586934,0.001963,-1.452317,-2.068427,-1.874812
-0.217696,-0.626159,0.014397,-0.777409,-1.091652,-1.951660
-0.233367,-0.653505,0.004923,0.525719,-1.646318,-2.503760
-0.255188,-0.700447,0.041365,1.260079,-1.001920,-3.356449
-0.255471,-0.709182,0.015109,1.465777,-1.069206,-3.522564
-0.231863,-0.692720,0.034899,1.221872,1.271943,-4.502966
-0.243923,-0.718215,0.035696,2.383189,0.773761,-5.641093
-0.249986,-0.738648,0.047996,3.921070,1.320983,-5.405413
-0.211187,-0.715838,0.045386,3.634096,0.402045,-3.898117
-0.187862,-0.727055,0.060768,3.655176,1.384045,-3.161688
-0.152336,-0.735172,0.027559,4.215829,2.305038,-2.670352
-0.118941,-0.737069,0.030750,5.254570,2.893812,-3.629628
-0.099689,-0.745436,0.065839,5.040266,0.845282,-4.735238
-0.036401,-0.739653,0.053293,5.131626,1.330046,-4.460746
0.000349,-0.708377,0.038408,4.463151,-0.041577,-3.337354
0.035583,-0.715244,0.019934,4.039487,-0.009547,-2.568245
0.077244,-0.670948,0.050280,3.899350,-1.425548,-1.031587
0.109563,-0.654240,0.042570,3.465500,-1.822277,0.728176
0.152970,-0.634020,0.012969,2.658693,-1.032571,1.737753
0.175720,-0.598977,-0.010353,1.837949,-0.646067,2.451523
0.198599,-0.579808,0.048646,2.085704,-0.764741,3.411945
0.201983,-0.541574,0.029919,0.908895,-2.084156,4.309574
0.216997,-0.530089,0.025048,0.502207,-0.571842,4.486756
0.182817,-0.542772,0.018687,-0.060009,-0.150413,3.516601
0.183611,-0.536036,0.020915,0.670678,0.901057,3.586248
0.182978,-0.535226,0.044812,1.279886,1.854921,3.938355
0.146195,-0.531119,0.025577,0.923928,1.510321,4.420489
0.136384,-0.511379,0.006483,0.296218,1.947315,4.781573
0.101465,-0.519476,0.033038,1.418963,1.600601,3.696762
0.065529,-0.532078,0.049158,2.393141,1.247952,3.613050
0.069100,-0.500015,0.017751,2.501356,1.861538,4.350975
0.047072,-0.473686,0.032371,2.157560,0.232228,4.823823
0.030856,-0.459562,0.021352,2.118755,0.952805,5.020732
0.020077,-0.454671,0.016740,3.025640,1.363878,4.397975
0.024272,-0.439585,0.021178,3.424319,0.430132,4.179630
0.022421,-0.429646,0.025064,3.504292,-0.507959,3.643191
0.028303,-0.421029,0.010628,2.881758,0.342199,3.050802
0.066497,-0.383367,0.003315,3.026891,2.016226,2.042710
0.066514,-0.384086,0.020161,2.774051,0.375759,1.644481
0.066172,-0.378909,0.051603,3.109713,0.069514,1.825192
0.111595,-0.350204,0.049279,1.838711,0.808959,2.713811
0.136630,-0.335023,0.019862,1.675692,0.591868,2.343438
0.143286,-0.328891,0.011643,1.035547,1.280153,2.353663
0.168210,-0.304926,0.005705,1.888722,3.143993,2.104913
0.182512,-0.288265,0.039839,1.149773,1.416544,2.303028
0.199501,-0.267566,0.029982,0.648085,0.246457,1.685158
0.205971,-0.272899,-0.006365,0.095431,2.434950,1.369204
0.234958,-0.260525,0.023594,-0.097449,1.616005,0.853300
0.235421,-0.275368,0.031524,0.975272,1.261745,0.569914
0.238668,-0.296756,0.025373,1.342879,1.681250,0.178592
0.253688,-0.303141,0.021582,0.926163,0.034956,-0.573880
0.252552,-0.319083,0.019452,0.896231,0.310274,-2.695675
0.235684,-0.351169,0.029555,1.287520,0.360578,-3.873615
0.235254,-0.350890,0.034472,2.383041,0.010345,-4.654773
0.210642,-0.351675,0.036599,2.195426,-0.940650,-4.068083
0.183618,-0.358328,0.028590,1.937463,-0.320870,-3.376188
0.164573,-0.369577,0.013159,1.624397,1.111370,-2.669342
0.146004,-0.352088,0.033336,1.653732,0.052813,-3.000727
0.119115,-0.344466,0.051695,2.094373,0.408803,-2.468031
0.073298,-0.320587,0.043184,1.375322,0.770833,-2.926349
0.063868,-0.309476,0.013323,0.420894,1.216687,-2.543479
0.020907,-0.309141,0.021063,0.659363,0.269122,-3.651346
0.009790,-0.289820,0.038775,0.455721,1.559002,-3.285617
-0.006235,-0.292253,0.037170,0.566362,1.509053,-2.282586
-0.004801,-0.266289,0.030674,-0.065117,0.940899,-1.818249
-0.024922,-0.240334,0.005068,-0.280225,1.136175,-3.052804
-0.032974,-0.229725,0.016110,-0.552175,0.974065,-3.847034
-0.020796,-0.198802,0.014895,-0.648088,0.683517,-4.632895
-0.024026,-0.172467,0.039208,-0.422614,0.543367,-4.449056
-0.019982,-0.136980,0.008091,-0.732049,0.356566,-2.497932
-0.006271,-0.078950,-0.008594,-1.078120,0.196475,-1.687275
-0.024886,-0.057653,0.015798,-1.320209,-0.425458,-0.779625
0.008601,-0.018057,0.026876,-0.721506,0.129034,-0.087821
0.021039,0.017967,0.027651,-0.602367,-0.891725,0.695506
0.014848,0.038017,0.045691,-0.727805,-1.470587,0.667924
0.051299,0.068835,0.012112,-0.776526,-0.234539,0.562223
0.061567,0.096798,-0.005817,0.390505,0.344828,-0.898151
0.052547,0.106006,0.037272,0.693799,-0.294115,-0.998052
0.064160,0.108625,0.041234,1.491182,-0.373658,0.196011
0.072409,0.135817,0.022097,0.980826,0.514776,1.223161
0.060644,0.134294,0.028941,1.432164,0.118291,0.438881
0.046645,0.130854,0.034646,1.557701,0.742788,-0.008456
0.026494,0.149826,0.067936,1.899583,-1.663840,0.082207
0.040720,0.162474,0.039366,2.390813,1.633274,0.957243
0.003651,0.145828,0.053005,1.428914,-0.539582,1.237012
0.015501,0.143846,0.013366,1.665276,1.416387,2.599319
-0.015876,0.116782,0.022609,2.242358,0.157243,2.859741
-0.027765,0.094104,0.049522,2.139017,-0.221192,4.478184
-0.060976,0.061683,0.052821,1.756134,-1.163160,5.494860
-0.053072,0.024247,0.020213,1.398644,0.236997,5.513722
-0.087144,-0.012986,0.037607,0.753366,-0.906956,4.622818
-0.098990,-0.072090,0.056067,2.130303,-0.163444,3.603635
-0.134707,-0.122449,0.060219,1.642109,-1.491121,4.233229
-0.148014,-0.167284,0.051751,1.019742,-2.152710,3.891541
-0.165049,-0.203637,0.025829,0.328828,-0.492417,3.970841
-0.186891,-0.255752,0.032539,0.745508,-0.330868,2.962916
-0.215274,-0.306984,0.059586,0.836533,-1.193650,3.031467
-0.228246,-0.368665,0.062970,1.218727,-0.156548,2.582347
-0.236436,-0.408881,0.037206,1.081025,-0.534241,3.053565
-0.235054,-0.457422,0.042268,0.532898,-0.737821,2.676738
-0.235983,-0.519851,0.036264,0.557818,0.048493,1.785898
-0.254542,-0.586674,0.059960,1.671172,0.131637,1.352261
-0.238573,-0.650199,0.059770,2.222996,-0.419714,1.467371
-0.222121,-0.690249,0.060439,2.075480,-0.208863,1.122722
-0.215917,-0.740670,0.039254,2.297182,0.853892,0.745570
-0.208515,-0.809851,0.046148,3.462819,1.138243,-0.444930
-0.195290,-0.876071,0.066939,4.318603,-0.093528,-0.518105
-0.163818,-0.913688,0.071475,4.565406,-0.323111,-0.959208
-0.142876,-0.950983,0.043236,4.525104,-0.704931,-0.835774
-0.125575,-1.008770,0.060364,4.832222,0.052554,-1.986219
-0.104610,-1.078148,0.076553,5.383912,0.009672,-3.254592
-0.062693,-1.115453,0.067060,6.344015,0.533992,-3.647693
-0.036742,-1.147424,0.067700,5.354997,-0.295312,-4.014875
-0.025365,-1.192344,0.060495,5.558524,0.203713,-4.485521
-0.016352,-1.254802,0.077918,6.795577,0.674881,-5.369185
-0.007318,-1.302827,0.088340,6.726813,0.168506,-5.030897
0.022283,-1.334132,0.082320,5.846115,0.370025,-5.064275
0.011533,-1.357513,0.052417,5.461958,0.594169,-5.587837
0.000737,-1.381307,0.072574,5.460442,0.273774,-6.292409
-0.015528,-1.411151,0.106265,5.361962,-0.075661,-5.949972
-0.008057,-1.421028,0.102225,4.748425,-2.460356,-4.950170
-0.018072,-1.412287,0.055168,4.254793,-0.045637,-4.054242
-0.046156,-1.425036,0.068166,3.326063,-0.374728,-3.813528
-0.080487,-1.439285,0.066157,2.922671,0.284045,-3.923051
-0.082269,-1.430225,0.079737,3.954509,0.324192,-3.856322
-0.100284,-1.411053,0.059120,3.588376,0.137595,-3.573701
-0.119666,-1.399407,0.080265,2.709365,0.737589,-3.300678
-0.140598,-1.399961,0.046761,2.547807,0.659057,-2.435208
-0.146658,-1.369110,0.054357,3.136912,0.618197,-2.336019
-0.153663,-1.357769,0.080104,3.667059,0.429585,-1.338431
-0.156745,-1.343881,0.103630,3.986844,-0.291199,-0.086889
-0.138990,-1.298984,0.063328,3.590749,1.122488,1.301865
-0.115540,-1.266540,0.056993,4.353042,2.879354,1.106507
-0.122174,-1.247899,0.078601,4.696546,0.211647,1.253413
-0.073945,-1.219184,0.063032,6.159204,1.746115,1.928769
-0.042664,-1.157796,0.066446,5.497087,1.109988,3.373919
-0.005060,-1.122795,0.056530,5.982819,1.247729,4.061114
0.014215,-1.112682,0.047740,6.263779,1.407666,3.657030
0.070259,-1.057629,0.062461,7.035434,0.911391,3.785725
0.102870,-1.033060,0.071751,7.434562,0.558056,3.487043
0.099660,-1.009371,0.099500,6.937351,-3.386056,3.176846
0.151653,-0.967467,0.047717,6.620501,0.485599,2.830950
0.183480,-0.929939,0.023328,6.959475,-0.159397,2.216605
0.193505,-0.915207,0.047057,6.142473,0.039411,1.334302
0.218287,-0.901185,0.048386,6.731546,1.315626,1.679638
0.237010,-0.855126,0.048429,5.349669,0.460489,1.258484
0.263325,-0.799748,0.032604,4.422928,0.929464,1.762280
0.258129,-0.776442,0.005567,3.441066,2.293297,0.912626
0.281569,-0.745820,0.015503,3.057969,2.359780,0.939313
0.296435,-0.730176,0.020256,3.486176,2.791883,1.891578
0.290602,-0.705404,0.035585,1.897972,1.904354,3.020970
0.298267,-0.689149,0.012791,1.363112,2.282915,3.845469
0.286568,-0.676869,0.011817,0.480100,2.220453,2.752466
0.283535,-0.667235,0.010280,1.763303,2.733131,0.777836
0.253813,-0.688860,0.026591,1.948243,1.134298,0.744443
0.278887,-0.675773,0.011764,1.972680,1.198876,0.912774
0.259508,-0.668128,-0.024747,1.909848,1.232922,0.416048
0.238451,-0.681166,0.020794,2.834632,0.637199,0.196230
0.210468,-0.705853,0.034446,3.377423,-0.444227,-0.174588
0.213472,-0.706474,0.019104,3.802052,0.353297,0.198169
0.194332,-0.701038,0.000420,4.066433,-0.327238,-0.132235
0.152228,-0.713075,0.022025,3.785577,-0.662565,-1.582588
0.148276,-0.714096,0.016780,5.241742,1.067569,-2.670553
0.144183,-0.684422,-0.001389,5.365421,1.329353,-3.080638
0.112940,-0.682259,0.028770,4.315944,0.357705,-2.504584
0.102512,-0.683431,-0.004038,3.994376,2.368957,-2.217742
0.093541,-0.677779,0.015946,4.777245,2.506957,-2.459848
0.089930,-0.651079,0.039346,4.163599,1.584248,-1.895764
0.077822,-0.635911,0.044198,2.946196,-0.596289,-2.319954
0.077303,-0.613965,0.014183,2.222415,2.087527,-2.912878
0.075973,-0.590055,0.007172,2.816579,2.955657,-3.307963
0.083014,-0.580119,0.047930,2.134196,0.804081,-2.754547
0.079814,-0.547157,0.059743,1.268528,-0.012898,-1.999481
0.105880,-0.513499,0.008403,0.441443,1.363855,-1.013580
0.097043,-0.507059,0.039727,0.404279,0.161465,-0.928434
0.119676,-0.487440,0.058125,1.096696,0.153403,-0.354217
0.109973,-0.472708,0.049647,0.232069,-0.267120,-0.242729
0.129034,-0.467259,0.035683,0.573295,0.223641,-0.193036
0.129008,-0.451346,0.042750,1.536960,1.134547,-1.266988
0.110597,-0.456060,0.058253,1.745870,0.257617,-1.453549
0.129438,-0.443478,0.048846,1.516602,0.682503,-0.785586
0.104737,-0.444348,0.029394,2.456272,1.818788,-1.112763
0.085095,-0.459759,0.092551,3.380475,0.435220,-1.130246
0.059463,-0.478121,0.072364,3.657690,-0.093942,-0.723322
0.044442,-0.470873,0.055099,3.471540,1.280146,-0.893084
0.021403,-0.478354,0.066459,4.490625,2.004508,-2.068861
-0.013483,-0.504919,0.084276,5.255230,0.780841,-2.577462
-0.032613,-0.499923,0.070198,5.286009,0.137887,-2.487730
-0.074592,-0.510732,0.075322,4.557850,-0.117713,-2.378114
-0.083691,-0.540536,0.071688,5.178946,0.615475,-2.180468
-0.105555,-0.555731,0.100252,5.206722,-1.219230,-1.775297
-0.130617,-0.553729,0.097679,4.325095,0.187163,-1.387957
-0.135117,-0.565522,0.062136,3.693229,1.144260,-1.053374
-0.159794,-0.586901,0.089154,3.375099,-0.189996,-1.454209
-0.163894,-0.597139,0.106902,3.589097,-0.201005,-1.129136
-0.153068,-0.592205,0.088389,2.376335,-0.979688,0.567120
-0.172149,-0.624153,0.118955,1.321546,-1.472310,0.413226
-0.175895,-0.633049,0.108396,1.285364,-0.065243,1.290645
-0.187324,-0.646599,0.128773,1.525044,-1.110175,1.337847
-0.180503,-0.662046,0.131832,0.886558,-0.685942,2.871596
-0.210360,-0.668670,0.104801,0.306521,-0.655317,2.035650
-0.219269,-0.697854,0.140196,1.009446,1.016619,1.554412
-0.238520,-0.728843,0.151501,1.563364,-0.927523,2.202379
-0.242633,-0.730429,0.154389,1.622720,-0.887878,2.773536
-0.248499,-0.763844,0.156165,1.678968,0.001522,2.570363
-0.264714,-0.798215,0.167992,2.309180,-0.408970,2.276477
-0.249247,-0.826952,0.183931,3.525727,0.243730,2.885146
-0.222535,-0.851239,0.167519,4.102477,-0.145397,2.934325
-0.213423,-0.889237,0.143551,4.554912,1.515559,1.211875
-0.182141,-0.933238,0.142228,5.766286,1.364039,0.256276
-0.160303,-0.955207,0.172203,6.929739,1.000400,-0.325927
-0.165906,-0.992167,0.168192,7.035654,0.127909,-0.093050
-0.144088,-1.035341,0.150398,7.227142,1.164365,0.662614
-0.115491,-1.058410,0.144089,7.580703,1.678736,1.124822
-0.108900,-1.095597,0.194747,8.177841,-0.373431,1.245419
-0.085696,-1.137786,0.189584,7.832072,-1.393455,2.077138
-0.080060,-1.151441,0.181830,7.325559,-0.472380,1.560912
-0.078475,-1.202667,0.170345,7.017958,0.228916,0.373749
-0.047682,-1.243304,0.189918,7.469885,-0.194246,0.061081
-0.023809,-1.280297,0.192416,7.240701,-0.514710,0.600229
-0.021938,-1.329156,0.172393,6.232776,-0.160302,1.417548
-0.005428,-1.358951,0.159086,5.485274,0.273948,1.763534
-0.000146,-1.419328,0.153277,5.580172,0.975395,0.971052
-0.005904,-1.471850,0.174852,5.746480,0.540121,0.217053
0.014582,-1.493714,0.158026,4.688061,-0.253546,0.152764
-0.007794,-1.539915,0.158985,3.914716,0.845253,-0.888896
-0.011457,-1.583102,0.150897,4.655204,2.350999,-0.911485
-0.019591,-1.617919,0.150365,5.146881,0.902689,-0.929000
0.004413,-1.647720,0.164020,4.806078,0.988505,-0.324670
-0.010791,-1.712473,0.154977,4.735434,1.120180,-1.038393
-0.007446,-1.741732,0.149932,5.406417,1.234081,-2.395137
-0.024663,-1.783176,0.171487,6.194937,0.432595,-4.472895
-0.041203,-1.788547,0.207325,5.872231,-3.876065,-5.770771
-0.011792,-1.796467,0.150483,6.358708,0.386299,-5.403308
-0.016525,-1.809085,0.128015,6.990409,0.815498,-4.902822
-0.038324,-1.819172,0.164250,7.205091,0.253082,-2.741457
-0.050499,-1.833266,0.163436,7.997744,0.194782,-1.257154
-0.026061,-1.803350,0.164923,7.573439,0.117258,-0.983372
0.004952,-1.810989,0.151376,7.252446,1.451835,-2.428600
0.026166,-1.809144,0.156661,7.821575,2.006462,-4.141758
0.047764,-1.793007,0.175279,8.226146,2.356934,-4.767272
0.059141,-1.757541,0.150053,7.805238,0.891473,-3.918023
0.074822,-1.730933,0.149357,7.308182,2.423817,-2.943811
0.110712,-1.700725,0.141187,7.395259,2.782972,-1.013444
0.130932,-1.676553,0.144470,8.022260,2.523048,0.356666
0.144166,-1.669361,0.170322,7.590258,0.275382,2.158066
0.182239,-1.652168,0.120472,7.301614,1.666496,1.997710
0.180224,-1.600446,0.090165,7.468109,2.629462,-0.283544
0.205380,-1.589706,0.122238,6.982915,0.137668,-2.273092
0.226145,-1.578086,0.139733,7.474946,-0.716620,-1.015681
0.219275,-1.536452,0.106206,7.774380,0.568235,1.228736
0.209454,-1.528659,0.110625,6.881649,0.272727,3.545878
0.249162,-1.534860,0.105917,6.817618,0.704814,3.003390
0.258021,-1.519521,0.090785,7.182094,1.474405,1.671111
0.212264,-1.499144,0.117944,7.554286,0.446466,-0.436463
0.212543,-1.475546,0.119136,7.184089,0.950708,-1.579179
0.220867,-1.459062,0.102244,6.067358,1.551703,-2.304683
0.196961,-1.435500,0.126577,6.790985,2.813990,-2.077434
0.202341,-1.421836,0.109453,6.940103,2.801123,0.224317
0.209162,-1.410675,0.109446,6.494059,2.595735,2.030237
0.166011,-1.413295,0.123403,5.690593,2.017090,2.211226
0.155747,-1.352025,0.084657,5.606458,3.874110,0.890871
0.161603,-1.336417,0.114550,5.571828,2.072110,-1.427326
0.147084,-1.327584,0.125901,5.659065,1.266938,-1.916564
0.123113,-1.278337,0.090237,5.161632,1.140318,-0.552104
0.143861,-1.259926,0.089876,4.706620,1.445325,1.223351
0.155011,-1.276364,0.086039,4.400001,0.828588,2.519653
0.130465,-1.230033,0.097045,5.412449,0.740064,2.761853
0.112474,-1.164368,0.094006,4.657895,-0.883204,2.219813
0.150990,-1.155173,0.079294,3.951131,0.801423,1.646273
0.180585,-1.134179,0.081148,4.378521,1.756353,1.113097
0.137050,-1.111566,0.101690,4.914375,0.807012,1.039779
0.157690,-1.092912,0.101128,4.678673,1.322874,1.804739
0.145890,-1.067673,0.088606,3.808279,0.741035,1.632312
0.122135,-1.023095,0.070671,5.197574,4.032116,1.307569
0.160946,-0.999569,0.101398,5.230658,1.544435,1.263782
0.204570,-1.034284,0.128819,5.278010,0.787042,1.775224
0.123129,-1.022077,0.079770,5.198231,1.483155,1.648165
0.071795,-0.977259,0.051432,6.485491,2.227993,-1.139435
0.133889,-0.973687,0.127939,5.939950,0.563216,-1.261281
0.182302,-0.996018,0.106899,6.012416,1.399926,0.661360
0.149835,-0.957278,0.079602,6.443190,1.156073,2.028790
0.123927,-0.990080,0.099333,5.804740,0.247577,2.346599
0.098199,-1.040816,0.103206,5.967234,0.939899,0.829662
0.084944,-0.995253,0.120577,6.798623,0.738580,-1.802599
0.172339,-0.958664,0.112830,6.584785,2.359497,-1.774300
0.180969,-1.034777,0.126666,4.728537,0.465297,0.285836
0.093764,-1.052774,0.118919,5.634394,0.721653,1.936340
0.038787,-1.043928,0.125642,6.503308,0.668231,2.288961
0.099098,-1.086977,0.150585,4.859217,-0.010636,1.418322
0.134020,-1.094507,0.120675,4.243081,0.828017,0.097145
0.076732,-1.072705,0.130651,5.170218,1.643588,-0.482290
0.046514,-1.149301,0.161492,4.864965,-0.279777,1.140647
0.025270,-1.176014,0.127240,4.202927,0.709521,1.069434
-0.017258,-1.150148,0.144210,4.407528,1.076996,-0.219187
0.053689,-1.181262,0.158968,4.500004,1.341059,-1.499451
0.057454,-1.261784,0.166974,4.132305,0.205237,0.270408
-0.107118,-1.271480,0.205651,4.228687,-3.748470,1.227338
-0.099552,-1.236890,0.163505,4.931779,0.734592,0.780125
0.021859,-1.279109,0.170979,4.100380,0.429578,-2.248280
-0.013430,-1.340126,0.209436,4.560611,-0.721461,-3.662434
-0.116144,-1.332294,0.155771,6.159821,0.488189,-2.288946
-0.132340,-1.375031,0.149196,5.198205,0.593395,-0.187525
-0.136866,-1.430271,0.173237,5.249969,0.071077,-0.265564
-0.099499,-1.388719,0.182681,7.602180,0.952838,-2.998136
-0.068464,-1.405207,0.197061,6.742405,-1.788008,-3.360434
-0.160766,-1.518221,0.177642,5.859504,-0.487683,-3.473541
-0.230849,-1.501937,0.137885,7.183830,1.972232,-3.039673
-0.095425,-1.470580,0.186055,8.175215,0.509010,-3.341672
-0.010771,-1.524097,0.197931,6.307977,-2.478163,-3.198761
-0.169901,-1.513622,0.131557,6.687877,1.421856,-4.153827
-0.256426,-1.523736,0.162011,7.993220,1.504751,-5.187246
-0.099269,-1.573534,0.183547,6.189353,-0.960538,-4.953880
-0.075560,-1.530530,0.177750,5.858818,-1.725595,-6.586572
-0.131989,-1.443523,0.136845,5.937958,1.450728,-7.972689
-0.159692,-1.471102,0.125120,4.434959,-0.295913,-8.467567
-0.211417,-1.476189,0.136313,3.972772,-0.085981,-6.996024
-0.191476,-1.368909,0.099234,3.422740,0.066718,-6.118110
-0.042385,-1.333778,0.102760,2.540828,0.372244,-4.664928
-0.136305,-1.315439,0.097242,0.826903,-1.095331,-3.215086
-0.324776,-1.211139,0.089092,1.951863,-0.305370,-3.124801
-0.199256,-1.135689,0.078273,0.947956,-0.912762,-1.747524
-0.066320,-1.114941,0.056921,-0.810009,-0.353303,-0.915108
-0.160470,-1.047526,0.053211,0.234059,1.049096,-0.587986
-0.200759,-0.968527,0.050723,1.432030,0.245292,1.471107
-0.191709,-0.917302,0.041913,0.184736,-0.849345,3.081212
-0.230918,-0.816770,0.003213,0.715644,1.010983,2.849647
-0.154234,-0.721524,0.004461,2.256145,0.550828,2.485543
-0.093646,-0.708187,0.038588,2.356673,-0.180752,3.721839
-0.241061,-0.646238,-0.032766,2.008912,-0.460032,5.899613
-0.266404,-0.529422,-0.032047,3.604869,0.974200,5.666935
-0.087151,-0.452085,-0.030012,3.670478,0.092068,5.606852
-0.065752,-0.411819,-0.036550,4.798235,-0.007965,7.164944
-0.145233,-0.316434,-0.035109,4.949681,-0.074973,8.164031
-0.126573,-0.275440,-0.068597,4.282683,-0.008845,8.820689
-0.061561,-0.233983,-0.060771,4.180838,1.692292,9.657876
-0.041183,-0.120909,-0.029687,4.545862,0.553897,8.920081
0.014267,-0.062406,-0.028771,4.798055,-0.254197,7.841475
0.051720,-0.045351,-0.072112,2.339433,-0.020235,9.818322
-0.042644,0.002218,-0.099156,2.291936,0.776059,8.977234
0.040293,0.074419,-0.046949,2.757740,0.781540,8.217218
0.217653,0.118627,-0.042419,1.100710,0.329427,9.468221
0.182019,0.155272,-0.074210,-0.034886,1.088304,8.187317
0.126802,0.212025,-0.101135,-0.345027,1.208270,6.406559
0.221920,0.202979,-0.073681,-1.106178,0.543288,5.618815
0.288508,0.217894,-0.057006,-2.327550,0.806598,5.831603
0.339639,0.287958,-0.109033,-2.327738,4.359211,5.287542
0.359661,0.287397,-0.069059,-3.187109,0.621643,4.107198
0.312614,0.265982,-0.070953,-3.719941,0.592295,4.858774
0.291922,0.300681,-0.080253,-2.748008,1.903445,4.332217
0.442635,0.323211,-0.054814,-3.546802,0.568060,3.489372
0.535190,0.311713,-0.072792,-4.352382,1.981429,4.117636
0.425501,0.299286,-0.049959,-2.363733,0.979859,3.467415
0.416766,0.289356,-0.040712,-2.199082,-0.153430,1.918872
0.534320,0.300385,-0.069184,-2.628008,2.197062,0.564215
0.575862,0.286297,-0.044238,-1.292453,3.259745,-0.721673
0.578859,0.266612,-0.033432,-0.069502,2.963478,-1.973122
0.598416,0.257116,-0.048203,-0.674738,1.886714,-2.507056
0.543114,0.238688,-0.051528,0.062307,3.437118,-3.743240
0.544315,0.239207,-0.031571,1.383357,3.327944,-6.626167
0.694565,0.256259,-0.017102,1.263709,2.585821,-8.666971
0.670941,0.243776,-0.027674,-0.272751,1.923618,-8.629095
0.541702,0.230883,-0.024930,0.355541,3.226661,-8.579750
0.620254,0.253440,0.001966,0.535389,1.871910,-8.112680
0.692330,0.258954,0.031790,-0.711462,0.603077,-6.924370
0.636850,0.277086,0.004861,-1.288537,2.522985,-6.966245
0.662899,0.294011,0.013553,-1.032999,2.989377,-7.427956
0.669307,0.305358,0.010028,-1.935306,1.805034,-6.179467
0.605716,0.314437,0.024034,-2.820730,1.121830,-5.549795
0.668033,0.377893,-0.037541,-3.442211,4.235975,-5.793395
0.735707,0.383362,0.038627,-4.072819,2.450092,-5.540114
0.679167,0.381639,0.022386,-4.493447,2.142885,-3.415881
0.619519,0.436012,-0.004986,-4.533726,3.801931,-2.770559
0.703877,0.445065,0.005934,-4.979458,3.073896,-3.028659
0.729500,0.456698,0.031925,-5.435780,2.857620,-2.024157
0.665476,0.492959,0.029227,-3.772325,1.950265,-2.025449
0.702627,0.526128,0.009237,-4.733000,1.709325,-0.025737
0.677158,0.500099,0.034213,-3.773107,2.151242,1.711792
0.606921,0.518237,0.024145,-2.055397,2.242921,4.545060
0.630440,0.514118,0.045540,-1.067593,-0.690377,6.577284
0.610627,0.478159,0.044841,-0.988985,-0.093046,8.228673
0.493920,0.432270,0.023515,1.734687,1.079293,8.651662
0.458249,0.387127,0.034062,3.932446,0.696292,7.361171
0.481062,0.291703,0.088957,4.601870,0.205393,5.822960
0.400108,0.214451,0.042842,5.535376,1.355061,3.758292
0.365996,0.145960,0.055617,6.889247,2.054703,-0.928784
0.396868,0.059566,0.093710,7.695016,1.489585,-4.361026
0.319852,-0.014010,0.064854,7.269458,2.639633,-4.614864
0.262912,-0.044005,0.090401,7.406920,3.031123,-3.894481
0.302373,-0.093570,0.086069,6.231827,3.480975,-2.993595
0.260102,-0.181690,0.094134,4.761265,2.423905,-0.694968
0.142312,-0.206965,0.112679,2.096142,-0.195668,-0.546173
0.123733,-0.260840,0.049683,1.539572,1.570343,-1.402601
0.105345,-0.344171,0.070490,0.580017,0.305754,-1.467905
0.039190,-0.352945,0.042563,-0.687267,0.485576,-2.843560
0.024502,-0.411668,0.046978,-3.433449,-0.792874,-2.598427
0.035970,-0.494858,0.046591,-4.521650,-1.383474,-1.333528
-0.066386,-0.545562,0.038401,-4.773728,-1.461395,0.607971
-0.093781,-0.563441,0.016281,-4.753436,-0.938976,1.757376
-0.017786,-0.587600,0.026177,-6.330168,-1.682674,2.686627
-0.087883,-0.643507,0.008344,-6.364371,-0.795293,2.327212
-0.219364,-0.687728,0.034744,-4.610256,-1.213959,0.725980
-0.204110,-0.694509,0.007819,-4.286453,-1.088412,0.555143
-0.219633,-0.702761,-0.012273,-3.784112,0.574471,-0.794997
-0.302111,-0.723670,0.001017,-1.682597,0.593490,-1.739356
-0.258241,-0.768515,0.004326,0.945372,0.485379,-1.013831
-0.295608,-0.841707,0.013914,2.200862,-0.040950,1.611855
-0.404753,-0.901277,-0.018713,4.836003,1.099169,2.402695
-0.368252,-0.931183,0.007064,7.297428,1.208756,1.318434
-0.311705,-0.970103,0.040476,8.476578,-1.883320,1.609319
-0.406860,-0.990999,0.026082,9.818321,-0.478995,1.092307
-0.453280,-1.010756,-0.014870,11.251692,-0.368051,0.542159
-0.400594,-1.067463,0.010267,11.498230,-1.488128,1.376094
-0.406643,-1.074159,0.022238,11.768768,-1.744102,2.649625
-0.425832,-1.022871,-0.027432,11.077503,-1.270079,3.741462
-0.412749,-1.046626,-0.018753,9.707765,-2.005630,3.726819
-0.421329,-1.082717,0.015348,8.783614,-2.938437,4.022905
-0.430723,-1.051202,-0.026250,7.917126,-1.198561,4.409156
-0.373103,-1.031507,-0.050139,5.342484,-1.220940,2.551618
-0.364517,-1.066045,-0.015539,3.473539,-0.717651,1.860487
-0.421283,-1.040603,-0.033806,2.311592,-0.542447,1.799735
-0.388623,-1.014350,-0.029129,0.400363,-0.269063,2.391864
-0.301986,-1.025868,-0.048374,-2.170236,0.827127,3.402187
-0.358483,-1.039681,-0.039705,-2.630351,0.524526,2.608407
-0.336783,-0.999087,-0.024838,-3.073661,0.303562,2.532842
-0.269598,-0.980741,-0.037515,-4.890425,-0.823952,2.593526
-0.270846,-0.953776,-0.056022,-5.126885,0.553930,2.604082
-0.269099,-0.914488,-0.040880,-3.583529,-0.493299,1.077367
-0.217558,-0.890861,-0.020479,-4.266782,-2.689766,1.726322
-0.195310,-0.853996,-0.064993,-4.231630,-1.121630,1.640897
-0.235812,-0.801838,-0.060115,-1.734417,-0.701859,-0.007519
-0.184005,-0.766687,-0.047763,0.064018,-1.337592,-0.184052
-0.099289,-0.729201,-0.042564,0.756323,-3.368594,-0.918791
-0.167452,-0.697818,-0.053977,2.426090,-1.417834,-2.275629
-0.148302,-0.680588,-0.047192,4.815944,-0.321113,-3.120273
-0.059247,-0.659771,-0.011092,6.024659,-0.510339,-3.304022
-0.065969,-0.607101,-0.036688,6.775717,0.454180,-2.955763
-0.037668,-0.536391,-0.039636,8.404568,2.093925,-2.795596
0.008565,-0.503770,-0.009440,8.696282,-0.154450,-2.115609
0.015774,-0.462165,-0.047740,8.589330,1.792659,-1.079186
0.041321,-0.378377,-0.056058,8.732260,3.552932,-0.805319
0.117815,-0.346252,-0.006933,8.257446,2.523517,-0.679322
0.169960,-0.308708,-0.015145,7.125789,2.058409,-0.248297
0.141950,-0.237364,-0.017305,5.884125,1.782559,-0.550677
0.184950,-0.212079,-0.042288,4.343670,3.044755,-1.371385
0.269040,-0.172010,-0.001057,2.899522,0.772812,-1.780989
0.246345,-0.123837,0.008728,1.161970,-3.038486,-1.782631
0.256081,-0.084524,-0.051512,-0.317192,-0.589685,-1.176204
0.272247,-0.053793,-0.038526,-1.992775,-1.697012,0.223372
0.220302,-0.040119,-0.023499,-2.831693,-2.991445,2.510736
0.220430,-0.014926,-0.046867,-3.443642,-2.154266,3.912193
0.279793,-0.036580,-0.044989,-4.421375,-2.269017,4.038919
0.235841,-0.057942,-0.063506,-5.033780,-0.438706,1.498288
0.176065,-0.052073,-0.027619,-3.518258,0.668286,-2.003863
0.218730,-0.060663,-0.013622,-4.080835,-0.368652,-4.995894
0.308406,-0.032989,-0.046539,-4.600967,2.572662,-7.274870
0.282990,-0.000756,-0.055703,-3.704848,4.898686,-9.021408
0.286338,-0.016938,-0.030849,-2.377447,4.803196,-8.616732
0.313024,0.031859,-0.025974,-2.259587,4.134528,-7.415980
0.313156,0.098725,-0.034029,-2.278422,5.526462,-5.095963
0.360617,0.127545,-0.024530,-1.444407,4.174147,-5.013497
0.403013,0.151471,-0.008082,0.021677,3.063616,-3.850860
0.345173,0.178459,-0.019199,-0.086732,0.663743,-4.187347
0.324342,0.228267,-0.046394,0.903445,0.955880,-6.909928
0.426804,0.247988,0.017574,1.860138,-0.366220,-9.522616
0.480750,0.287206,-0.008295,1.664288,-1.580368,-8.694843
0.409321,0.362985,-0.024090,1.353484,-3.237770,-6.634531
0.399520,0.408548,-0.019846,0.540486,-1.447846,-5.252313
0.478216,0.453504,0.012270,0.802596,-1.253568,-3.291268
0.482379,0.522971,0.011091,0.004277,-0.014451,-1.853774
0.483892,0.577627,-0.019442,-1.307247,1.251861,-1.932560
0.483547,0.617873,-0.014472,-1.341175,1.978780,-2.925042
0.419228,0.665980,0.010280,-2.208204,1.366996,-2.992935
0.459572,0.731258,-0.043046,-3.168416,4.216795,-3.998720
0.525703,0.769534,-0.021011,-3.876211,5.210041,-3.835957
0.505904,0.777760,-0.020191,-3.997829,4.837724,-1.877598
0.447801,0.821840,-0.045554,-4.582313,5.614733,1.017803
0.465139,0.838387,-0.020900,-5.419929,2.979628,2.786930
0.511379,0.860895,-0.026322,-5.709742,3.194460,4.297308
0.481729,0.859916,-0.004655,-4.550621,2.745186,5.015433
0.489455,0.864479,-0.025101,-4.439485,0.177598,6.377534
0.491120,0.865795,-0.043394,-4.727935,-0.720379,7.157002
0.453037,0.846882,-0.027044,-3.373286,-0.493753,7.000363
0.501551,0.851415,-0.027113,-2.550757,-1.165074,7.578405
0.527433,0.852045,-0.011663,-2.723137,-1.699573,7.388647
0.466885,0.811405,-0.049358,-2.030543,0.405034,6.818349
0.437839,0.786423,-0.023450,-0.944118,-0.241990,7.626692
0.500596,0.744696,-0.011719,-0.193864,0.530650,8.825368
0.492154,0.692249,-0.023004,0.083269,1.933328,9.861805
0.404582,0.642809,-0.028807,1.278254,2.821332,8.895730
0.392775,0.588255,0.018848,1.525520,2.714499,8.278557
0.392778,0.533442,-0.023072,1.254243,3.698045,8.047195
0.313684,0.477982,-0.015411,1.792123,3.433057,6.127489
0.302537,0.397864,0.007454,2.735239,3.090174,5.280043
0.316501,0.358973,-0.014157,1.385734,3.999708,5.725717
0.180841,0.273348,-0.015602,0.740298,1.571127,5.768483
0.159918,0.234405,-0.011870,1.132602,1.377578,4.752978
0.184750,0.162884,0.035000,0.513131,-0.375280,5.049978
0.160893,0.106012,0.008445,-0.681555,-0.107406,4.288400
0.103687,0.045842,-0.022826,-1.114289,-0.289759,1.911448
0.068673,-0.033390,0.002173,-0.853260,-1.146607,0.111490
0.076348,-0.092831,-0.008827,-1.150100,-1.150483,-0.738953
0.069244,-0.179786,-0.010241,-2.133483,-0.220342,-1.086730
0.083602,-0.278821,-0.004937,-1.251511,0.705723,-1.170481
0.092474,-0.373979,0.006729,-0.179322,0.787124,-0.194469
0.042013,-0.474425,0.026972,-0.329340,0.494714,0.544241
0.080247,-0.595983,0.006187,0.487709,2.385258,-0.808756
0.162761,-0.723175,-0.038093,3.385146,12.610088,-3.588242
0.049012,-0.823470,0.040246,3.277916,1.433768,-6.331855
0.025536,-0.944464,0.005088,3.819882,1.429884,-9.158229
0.056062,-1.020669,-0.018027,4.615686,1.370630,-10.642074
-0.026353,-1.118591,0.026341,5.332394,-0.735067,-11.459815
-0.095842,-1.177284,0.039652,6.429647,-4.676672,-9.855714
-0.106304,-1.258547,-0.019045,6.417640,-1.956742,-8.781749
-0.155067,-1.339456,0.001487,6.431164,-3.409982,-7.617927
-0.257693,-1.413629,0.014088,7.343809,-2.722859,-8.631097
-0.300667,-1.475149,0.012772,7.676655,-3.418159,-9.263419
-0.363663,-1.531613,0.015145,6.029774,-7.594349,-10.577830
-0.416970,-1.580413,-0.023040,5.922064,-2.258509,-12.769280
-0.466745,-1.610855,-0.022232,5.905422,-0.653039,-14.405561
-0.528816,-1.646505,0.009371,5.150117,-1.093050,-14.459433
-0.576713,-1.627323,-0.016997,3.817952,0.171184,-12.829398
-0.624949,-1.589493,-0.014732,2.129043,1.669493,-11.760374
-0.646110,-1.531351,0.001057,1.420056,1.228720,-10.705924
-0.695189,-1.491939,0.010710,0.247671,1.034114,-9.801794
-0.716703,-1.424127,-0.026939,-0.897733,0.878359,-9.266248
-0.716867,-1.329386,-0.052785,-1.992442,0.723343,-8.134227
-0.735439,-1.243583,-0.022482,-2.700244,-0.030869,-7.805551
-0.727160,-1.160868,-0.017788,-2.601272,-1.280326,-7.113019
-0.705040,-1.058709,-0.021776,-3.001851,-3.684811,-5.383167
-0.668500,-0.990454,-0.056324,-2.399974,-1.078601,-3.919711
-0.618600,-0.876330,-0.019360,-1.101382,-3.511682,-2.303175
-0.613946,-0.799613,0.038349,-1.252886,-11.506563,-1.873776
-0.530198,-0.694470,-0.039655,-0.314165,-3.383033,-0.903730
-0.517967,-0.571782,-0.027517,1.797628,-2.833461,-0.920373
-0.486600,-0.466189,0.003735,2.797363,-3.765605,0.279887
-0.391564,-0.339756,-0.022990,2.961212,-2.473890,2.337829
-0.335697,-0.211636,-0.027116,4.060560,-0.756683,3.525612
-0.380994,-0.113747,-0.016133,5.270105,-1.897625,5.071541
-0.322987,-0.020778,-0.015011,5.833703,-0.818609,6.767242
-0.236577,0.076136,-0.019209,5.592647,-1.193467,8.989070
-0.258454,0.139611,-0.033133,6.681412,0.362038,10.144379
-0.255586,0.201282,-0.027284,7.335254,0.040956,10.357533
-0.232014,0.241577,-0.003260,6.338214,-2.562221,11.878970
-0.255330,0.278541,-0.032457,6.147386,-1.175817,12.386047
-0.252861,0.295101,-0.026004,6.680106,-0.510165,10.738597
-0.212911,0.293397,-0.025846,5.921420,-1.960162,9.888124
-0.221612,0.307853,-0.044983,4.623041,-2.263479,8.963349
-0.243408,0.317198,-0.036964,3.289594,-0.993215,6.652853
-0.196269,0.345358,-0.031640,1.914269,-1.708593,6.276020
-0.162919,0.341209,0.010924,0.131517,-1.426300,6.185671
-0.136889,0.385620,-0.029936,-2.261912,-0.645247,7.244366
-0.121058,0.388476,-0.055729,-3.766903,-0.040573,8.687402
-0.086021,0.368269,-0.065679,-4.929694,1.051974,9.465735
-0.066727,0.341478,-0.048416,-5.534542,0.386725,9.196500
-0.024338,0.335537,-0.053392,-6.631749,1.019865,9.326561
0.044085,0.308115,-0.070077,-7.282916,2.051040,6.567065
0.074710,0.263756,-0.052710,-6.661646,1.558799,4.065401
0.104672,0.216955,-0.045272,-6.055127,1.189167,2.303083
0.187117,0.199188,-0.026736,-5.785438,1.225490,0.291324
0.242892,0.150496,-0.045029,-5.388519,1.440211,-1.222283
0.293277,0.137799,-0.039577,-3.280793,1.348972,-2.552805
0.338769,0.115331,-0.004599,-2.791431,0.270829,-2.868916
0.400354,0.121876,-0.023434,-1.718510,0.974869,-3.383696
0.430654,0.138446,-0.049243,-0.692388,0.591398,-4.806459
0.462385,0.103311,-0.019967,0.225464,0.655803,-6.893528
0.556289,0.102861,-0.002308,2.114803,1.403441,-8.060174
0.562076,0.092955,0.012496,2.289996,0.124800,-8.899165
0.589035,0.073050,-0.030465,2.904186,2.554211,-10.111067
0.643517,0.049945,-0.036163,3.928990,2.912926,-10.991491
0.672189,0.031297,0.028222,4.481812,1.400834,-11.022742
0.681577,0.032404,0.002652,4.215678,2.607340,-12.211608
0.664183,0.036077,0.001352,3.448727,3.006859,-13.856255
0.658826,0.028632,0.012831,3.102397,3.277165,-15.163496
0.654368,0.071786,0.024162,2.170598,3.116131,-14.256628
0.670186,0.119779,0.032634,0.993932,3.006222,-12.094827
0.676574,0.141098,-0.009598,-1.226056,4.058257,-10.775569
0.632845,0.179769,-0.009237,-2.451935,3.272376,-9.047688
0.622073,0.209750,0.026525,-2.710164,2.571024,-7.871295
0.695714,0.239913,-0.001320,-4.724301,3.326339,-6.399173
0.731591,0.259522,-0.019990,-5.799648,3.294772,-6.640868
0.678563,0.261925,0.000584,-5.165527,3.303001,-5.556210
0.676577,0.245309,0.008383,-5.112105,2.360429,-4.666761
0.737283,0.278009,0.006430,-5.556911,1.918143,-2.545061
0.738307,0.270088,-0.010097,-5.130936,2.338066,-1.068429
0.703654,0.245877,-0.001133,-2.615775,2.736094,-0.556586
0.663842,0.253262,-0.024579,-2.780675,1.318317,1.554842
0.644406,0.251805,-0.015572,-1.895106,1.489710,1.752520
0.636840,0.240546,-0.034124,-0.495031,2.255476,1.270461
0.613702,0.249691,-0.016563,0.944715,0.942665,0.281442
0.587896,0.250098,0.023479,1.265541,-0.103041,0.354147
0.542802,0.273023,-0.034190,2.095085,1.630969,-0.394542
0.509593,0.277136,-0.054850,2.763019,2.239507,-1.681305
0.504650,0.262332,0.001234,2.996239,1.356735,-1.747984
0.489987,0.308893,-0.015792,2.681890,2.652182,-0.661459
0.423584,0.323756,-0.037305,2.772938,2.867159,-1.398785
0.373622,0.326815,-0.024248,2.557003,2.188311,-1.157133
0.345757,0.377142,-0.025833,1.762673,2.478826,-0.045595
0.278798,0.399515,-0.030642,0.272702,0.792323,0.589221
0.253255,0.422679,-0.062048,-1.110252,1.635348,2.264193
0.211134,0.457174,-0.052549,-1.688050,0.737500,3.898213
0.134985,0.467901,-0.037453,-2.423585,-1.141296,5.816627
0.120001,0.503818,-0.074482,-3.624173,-0.212625,6.666814
0.091929,0.498398,-0.083003,-4.574744,1.136795,5.847874
0.062735,0.488361,-0.058490,-4.664857,-0.631861,5.077197
0.027692,0.484471,-0.059494,-4.190101,-0.002444,4.635692
-0.019857,0.469175,-0.084497,-4.456639,-0.512853,4.140440
-0.025067,0.438681,-0.091380,-4.533474,0.247113,4.280321
-0.077704,0.383602,-0.074938,-3.280817,-0.507280,3.421671
-0.114910,0.316459,-0.043529,-1.701947,-1.520109,2.676689
-0.102230,0.281203,-0.079018,-1.067695,0.212559,3.155000
-0.127640,0.207302,-0.063870,0.107756,1.036779,2.573122
-0.187646,0.132173,-0.041622,1.614553,-0.166290,3.140167
-0.203464,0.068120,-0.050149,3.192975,-0.567053,3.593259
-0.237306,0.008416,-0.049250,3.007685,-1.378521,4.647523
-0.258497,-0.074719,-0.050947,3.481357,-0.937640,5.360046
-0.301162,-0.156750,-0.039284,5.673409,-1.102583,5.246559
-0.348804,-0.220134,-0.025134,5.510354,-2.415466,6.266419
-0.381122,-0.291363,-0.057676,5.077262,-2.519992,5.593756
-0.396658,-0.365573,-0.055037,5.360691,-1.960024,4.218188
-0.451042,-0.464807,-0.014778,5.725590,-2.651920,3.850066
-0.496362,-0.527837,-0.022767,4.694179,-2.658832,3.563659
-0.536605,-0.598488,-0.042452,3.989544,-2.188912,2.253467
-0.556208,-0.680493,-0.038031,3.352699,-2.401873,0.919474
-0.581601,-0.724346,-0.032821,2.997523,-1.355727,-0.315471
-0.623373,-0.764770,-0.025085,0.937754,-1.977864,-0.754475
-0.631500,-0.815365,-0.051492,-0.334818,-0.871948,-1.330435
-0.642129,-0.852995,-0.046480,-0.968571,-0.861740,-1.503760
-0.654527,-0.875644,-0.008600,-1.494825,-0.687570,-1.368744
-0.655886,-0.896215,-0.022249,-2.488012,-1.104053,-0.731858
-0.645365,-0.895828,-0.047848,-3.344751,-0.992932,-1.582342
-0.654802,-0.922944,-0.026007,-3.878184,-1.239686,-3.108440
-0.638426,-0.932749,-0.018887,-2.436028,-1.070040,-4.155252
-0.619533,-0.923187,-0.010632,-3.034009,-4.126532,-5.086785
-0.602132,-0.934866,-0.027560,-2.520676,-2.175982,-6.735318
-0.572384,-0.934413,-0.043082,-0.835002,-1.813595,-8.548852
-0.560107,-0.934478,-0.015346,0.544271,-2.812880,-9.862714
-0.526374,-0.925032,-0.026923,1.823602,-2.807812,-10.471717
-0.500419,-0.897334,-0.017112,2.419768,-4.747090,-11.389178
-0.462258,-0.880174,-0.033074,3.633735,-1.831041,-11.997765
-0.429076,-0.844694,-0.036960,5.631702,-1.423405,-10.797137
-0.378838,-0.822826,0.011987,6.100254,-2.326955,-8.428436
-0.301392,-0.793396,-0.032093,6.329933,-0.000336,-6.149444
-0.278464,-0.772894,-0.019015,7.743433,0.566058,-4.825817
-0.245328,-0.769477,0.003991,8.510906,0.568691,-4.512166
-0.184649,-0.728528,-0.003404,8.426961,0.387595,-4.910322
-0.142305,-0.697417,-0.030629,7.344984,0.881573,-5.087629
-0.127150,-0.688089,-0.029887,7.337385,0.797020,-6.672912
-0.123852,-0.635941,-0.015543,7.333922,-0.265584,-6.606312
-0.100842,-0.586937,-0.008295,5.314143,-1.792098,-4.394109
-0.042920,-0.524190,-0.030051,3.551940,-1.350515,-2.309638
-0.046281,-0.481190,-0.040601,2.816664,-0.645785,-0.244823
-0.057234,-0.438650,-0.026654,1.728197,-1.882821,1.901002
-0.046314,-0.394097,-0.023844,-0.304065,-5.379750,2.964463
-0.011005,-0.354777,-0.057102,-1.555022,-1.515851,3.707913
-0.004371,-0.329613,-0.064566,-2.098991,-0.970573,2.258453
-0.006153,-0.287546,-0.046988,-2.586144,-0.819640,0.499669
-0.016516,-0.239576,-0.008229,-4.315014,-4.749220,-0.927815
0.051907,-0.192234,-0.042124,-4.944474,-0.254666,-0.488483
0.086415,-0.135352,-0.084310,-4.989920,2.420928,-0.528759
0.103884,-0.076501,-0.070448,-4.796597,3.146662,0.146320
0.140808,0.003150,-0.056898,-4.684479,2.494806,1.706526
0.185856,0.104509,-0.064188,-4.829093,2.904444,3.356663
0.216770,0.170023,-0.090294,-5.035309,3.416232,4.145725
0.280020,0.273715,-0.084651,-4.083596,3.018279,4.415217
0.305225,0.345187,-0.066076,-2.953892,1.525968,5.343434
0.331944,0.398632,-0.071899,-1.623389,0.847264,5.772016
0.374462,0.481359,-0.107077,-1.050512,0.362015,5.721230
0.408045,0.522580,-0.073458,0.054951,-0.795704,5.176880
0.460895,0.542715,-0.058129,2.354631,-0.747764,4.808607
0.477632,0.603745,-0.109506,2.855350,-0.777585,4.399526
0.481364,0.630155,-0.081030,3.094023,-0.038905,2.862787
0.528717,0.663600,-0.086463,4.146668,0.741586,1.549148
0.561597,0.675476,-0.072752,4.980627,0.989814,0.522550
0.565181,0.700777,-0.049470,4.265285,-0.313918,1.026502
0.571339,0.740455,-0.080335,3.296401,2.729903,1.120350
0.582598,0.778266,-0.079757,3.109640,3.373133,0.862701
0.592659,0.785740,-0.081355,1.697719,3.955999,0.874672
0.594044,0.787857,-0.049060,1.359300,1.142533,1.486877
0.570115,0.784194,-0.060870,-0.256070,3.275874,4.174754
0.563081,0.755879,-0.096330,-1.711966,3.501463,5.089898
0.595698,0.727552,-0.118802,-1.913796,5.620353,4.026635
0.589130,0.674353,-0.058808,-3.100394,2.053639,3.729480
0.588398,0.631462,-0.038644,-4.165864,-0.074060,2.947476
0.581695,0.605547,-0.095775,-5.133451,1.637928,2.769962
0.575761,0.545816,-0.094206,-5.578596,2.046044,2.372324
0.590932,0.501540,-0.076609,-5.808895,0.582424,2.052806
0.555203,0.458763,-0.044451,-5.396292,-2.421542,2.505149
0.516568,0.413298,-0.070605,-5.946137,-0.387769,4.060533
0.510926,0.379495,-0.093149,-5.643463,1.187200,5.325181
0.478417,0.329307,-0.086026,-4.838117,0.821254,4.474852
0.447037,0.279424,-0.046548,-3.720798,0.602198,2.573939
0.460833,0.244843,-0.053274,-3.771948,0.767495,1.747271
0.444289,0.177717,-0.065600,-2.537702,2.805285,-0.617956
0.413493,0.098128,-0.067156,-1.282294,3.446220,-1.770866
0.386243,0.066948,-0.058969,0.710008,3.911857,-3.278547
0.366302,0.033405,-0.009007,1.166040,3.084387,-3.873173
0.346729,0.017022,-0.030199,1.461092,3.564552,-3.776549
0.302045,0.018378,-0.062176,1.505011,3.784164,-3.136320
0.253248,0.013861,-0.047871,1.558462,2.487551,-3.562772
0.215681,0.000114,-0.015966,2.300881,1.521490,-4.350334
0.242882,0.032249,-0.042255,2.114744,0.407693,-4.916732
0.232723,0.049902,-0.033724,0.909281,-0.187029,-5.875536
0.176130,0.040643,-0.055368,0.688245,0.095350,-7.327199
0.179538,0.036392,-0.039321,1.270849,0.554143,-7.535831
0.191351,0.023905,-0.042032,0.684946,-1.564556,-6.809036
0.190842,0.023935,-0.012956,-0.656176,-0.432250,-6.430042
0.164005,0.017803,-0.054643,-0.405076,0.712980,-6.915923
0.121281,0.018043,-0.051577,-0.106929,0.379113,-7.874550
0.115304,0.007217,-0.010908,-1.167415,0.024288,-7.126410
0.106700,0.011386,-0.038398,-1.952125,0.313665,-6.132681
0.095271,0.031117,-0.044454,-2.450625,0.671976,-4.864150
0.047928,0.020429,-0.026142,-2.148247,0.621991,-3.174384
-0.012492,-0.002899,-0.002140,-1.465280,-3.442173,-0.759231
-0.008674,0.003019,-0.045810,-1.708128,0.471068,1.496582
0.004955,-0.020473,-0.047129,-1.339169,2.266052,1.869320
-0.024577,-0.081428,-0.018155,-0.249291,0.842840,1.543039
-0.054077,-0.095802,-0.014269,0.527147,-0.458115,1.335995
-0.120737,-0.134010,-0.001835,1.206149,-2.031611,0.592693
-0.155882,-0.170868,-0.036199,1.665509,-1.051537,0.113329
-0.146257,-0.210881,-0.022587,2.615897,-1.317484,-0.119616
-0.166710,-0.251669,-0.008656,3.765531,-2.338096,1.742266
-0.261727,-0.308891,0.004195,4.432283,-3.247285,3.338522
-0.337765,-0.298762,-0.017029,3.651503,-2.476132,5.425958
-0.340443,-0.325635,-0.002951,4.145700,-2.180614,4.882656
-0.310629,-0.360334,0.016849,4.501040,-1.830975,4.514537
-0.325150,-0.361634,-0.007675,3.766687,0.093131,4.893672
-0.413950,-0.370795,-0.005085,2.769840,-1.011055,5.974092
-0.461788,-0.387532,-0.010619,2.185815,0.201806,5.914594
-0.430028,-0.390509,-0.007937,2.280704,0.378047,5.380345
-0.406922,-0.396519,0.024868,0.908008,-0.405878,6.530939
-0.437859,-0.407916,-0.006266,-0.523860,-1.004513,5.789498
-0.500295,-0.410667,0.000948,-0.614846,-0.188286,4.995333
-0.510454,-0.397678,0.009256,-0.682031,-0.874716,3.777056
-0.485662,-0.392735,0.014035,-1.218667,-2.478794,1.948314
-0.448984,-0.394156,-0.008252,-2.243027,-1.461770,1.566265
-0.466489,-0.393024,-0.034702,-2.412267,-1.415927,2.069266
-0.520771,-0.412144,0.003607,-1.469869,-3.375113,2.077744
-0.523186,-0.416109,-0.009089,-0.702671,-3.726281,2.416308
-0.478470,-0.391917,-0.004422,-0.796319,-3.926582,0.983582
-0.474334,-0.398124,-0.016938,-0.712988,-3.611327,-0.441315
-0.498135,-0.443741,-0.012979,0.723653,-3.004447,-1.255908
-0.529938,-0.465917,-0.009995,1.912920,-3.148979,-1.281938
-0.517564,-0.468753,0.004694,2.834340,-2.720788,-1.579894
-0.475903,-0.492734,-0.019813,3.032372,-1.459561,-2.597007
-0.467687,-0.523973,-0.010941,4.485458,-0.530877,-3.843490
-0.499530,-0.571487,0.021089,5.793103,0.688936,-4.947427
-0.515423,-0.590961,0.022642,6.063126,-0.490825,-4.160587
-0.457351,-0.597329,-0.014637,6.635485,6.507173,-3.393779
-0.472653,-0.629241,0.006253,5.963396,0.582946,-3.360170
-0.465360,-0.634736,0.017633,5.937271,-0.395178,-3.302152
-0.474757,-0.648394,0.031006,5.657387,-2.105725,-1.779911
-0.459789,-0.662758,0.008925,5.090986,-1.211034,-1.102523
-0.423627,-0.642230,-0.012884,3.699971,-2.069569,-0.887254
-0.415046,-0.632931,-0.002252,1.860952,-2.083329,-1.574465
-0.391091,-0.614336,-0.004011,1.485057,-1.951562,-1.651494
-0.404326,-0.597316,-0.004162,0.693603,-2.754036,-0.422999
-0.411945,-0.593787,0.001690,-1.076091,-4.097919,1.467529
-0.370911,-0.551050,-0.051413,-2.160008,-2.489137,2.578562
-0.339491,-0.532140,-0.025085,-3.318948,-1.452861,2.721674
-0.314985,-0.505125,-0.004701,-3.071475,-1.050283,1.407378
-0.295917,-0.450893,-0.025879,-3.752227,-0.478624,1.115559
-0.246044,-0.410289,-0.033918,-4.685979,1.116487,0.570304
-0.152228,-0.337632,-0.063680,-4.536986,2.727563,0.914859
-0.119016,-0.303909,0.000646,-4.030689,1.357359,1.877451
-0.085043,-0.268819,0.000141,-3.201480,1.514689,3.368201
-0.064430,-0.197147,-0.039990,-2.532407,1.629145,4.074854
-0.013082,-0.148242,-0.001326,-2.380411,0.367553,3.055479
0.064308,-0.096360,-0.022219,-1.276399,1.076874,1.683178
0.105519,-0.043552,-0.003880,1.069356,0.738987,-0.024977
0.145617,0.003544,-0.013622,1.927100,-0.306989,-0.481794
0.216242,0.054232,-0.012979,3.125213,-0.328554,-0.433968
0.262226,0.081128,-0.032693,3.794558,-0.824655,0.431027
0.313474,0.122579,-0.027569,4.692593,-0.567506,1.059388
0.313228,0.134635,0.004881,5.755870,-1.651282,1.127020
0.383988,0.180087,-0.025085,5.929596,0.025755,0.158044
0.415256,0.205050,-0.027340,5.352691,-0.182771,-2.122213
0.392850,0.211999,-0.023670,5.164713,0.697211,-4.388994
0.411288,0.253289,-0.016796,5.172525,1.177635,-5.022163
0.443239,0.294447,-0.021385,3.503671,0.897413,-4.859669
0.446485,0.308693,-0.032726,1.873438,2.144704,-3.334783
0.467739,0.335284,-0.055001,0.605843,4.441606,-1.314032
0.448563,0.358685,-0.035753,-0.357674,2.844707,-0.162264
0.466803,0.359466,-0.025324,-1.575941,2.202767,1.562022
0.492639,0.367088,-0.065219,-3.463386,3.374640,1.604999
0.487184,0.345273,-0.052460,-4.373186,3.599126,0.976583
0.493414,0.331536,-0.039002,-4.541115,2.628903,1.324975
0.484125,0.316229,-0.032467,-5.038106,1.565685,1.712424
0.505631,0.302158,-0.083561,-5.785645,1.444580,1.679321
0.496585,0.294487,-0.073057,-6.142430,1.143314,-0.159301
0.510627,0.263996,-0.075290,-4.683688,0.944185,-0.883770
0.535895,0.245575,-0.060840,-4.634734,0.486039,-0.638135
0.529071,0.222575,-0.052677,-4.659040,-2.606445,-0.200093
0.531316,0.256371,-0.082908,-4.515722,1.121798,0.183134
0.542149,0.248634,-0.078828,-3.300836,1.772879,0.160266
0.574116,0.251158,-0.057390,-2.133407,1.836463,0.633761
0.564919,0.241419,-0.074705,-1.361887,2.516463,2.057956
0.544167,0.248093,-0.075454,-1.038468,2.710675,3.220007
0.530384,0.253079,-0.096159,-0.735355,3.068434,2.583194
0.531697,0.274818,-0.085744,0.513853,3.707939,0.688472
0.538088,0.254395,-0.066831,1.444421,1.985341,0.292492
0.524341,0.271467,-0.103811,2.244781,2.733659,1.582326
0.481673,0.264623,-0.094390,1.721432,1.931250,2.567828
0.477731,0.270098,-0.121903,2.430104,2.327989,2.455355
0.432453,0.282529,-0.096675,3.047829,1.448847,0.656348
0.417209,0.318928,-0.116930,2.182509,0.858615,0.248435
0.329709,0.306566,-0.130661,0.949557,-0.020655,-0.465671
0.275949,0.313630,-0.146177,1.742515,-0.510273,-1.072939
0.211929,0.281649,-0.110290,0.969100,-1.515806,-0.845247
0.197348,0.304603,-0.146968,-0.200114,-1.196375,-0.853766
0.119292,0.281360,-0.140256,-0.492520,-0.973051,-1.409064
0.072136,0.239647,-0.147204,-1.205538,-0.159354,-1.434339
0.035281,0.193818,-0.125990,-0.807884,0.199856,-1.454703
0.008601,0.173329,-0.157387,-1.781786,0.836711,-1.314396
-0.027056,0.163094,-0.150159,-2.346402,1.453422,-2.586335
-0.110502,0.114855,-0.136806,-2.366884,1.518756,-2.859828
-0.149934,0.073132,-0.140850,-1.550591,2.027731,-0.814416
-0.175589,0.035601,-0.123354,-2.215971,0.266286,1.355017
-0.197509,-0.007258,-0.145773,-2.256076,0.516096,2.279874
-0.228364,-0.058595,-0.180803,-1.599644,1.286642,2.299949
-0.281425,-0.114896,-0.131304,-1.128177,-0.939554,1.248380
-0.284530,-0.161720,-0.121385,0.148855,-0.841947,0.121250
-0.293557,-0.212578,-0.121930,0.227059,-2.104580,0.218191
-0.283194,-0.276549,-0.126069,0.601110,-1.879811,0.634392
-0.325922,-0.319418,-0.134643,1.312181,-2.365524,1.173378
-0.365055,-0.398390,-0.115496,3.027173,-2.283578,2.355099
-0.373786,-0.439345,-0.111488,3.750941,-3.415861,3.142044
-0.400170,-0.493827,-0.080725,3.297432,-3.356613,3.306843
-0.429171,-0.527052,-0.094882,3.178973,-2.861841,3.138043
-0.488146,-0.557159,-0.066991,3.118569,-2.491973,1.634669
-0.535397,-0.588250,-0.070080,3.484906,-1.602202,0.474470
-0.531901,-0.594073,-0.062094,3.626789,-1.201771,-0.533468
-0.568435,-0.588831,-0.057922,1.803664,-3.167804,0.596271
-0.586885,-0.606533,-0.070651,0.836303,-0.629810,1.679351
-0.611589,-0.612468,-0.066525,1.286650,0.419592,2.415878
-0.622992,-0.631946,-0.051013,1.395755,-0.239127,2.848766
-0.641006,-0.619446,-0.058208,0.457618,-1.079320,1.856425
-0.683008,-0.622066,-0.049641,-0.771652,-1.623870,-0.854615
-0.706977,-0.632776,-0.053442,0.397861,-1.649181,-2.609003
-0.740858,-0.637421,-0.047645,0.016626,-4.082935,-3.756850
-0.733761,-0.613722,-0.047343,-0.138719,-3.006830,-3.381020
-0.711641,-0.617487,-0.059672,-0.764329,-2.475925,-3.277876
-0.692390,-0.624357,-0.044618,0.270217,-3.482232,-3.458708
-0.701587,-0.639735,-0.007796,1.052038,-3.125520,-2.483066
-0.684095,-0.636984,-0.022967,0.872220,-3.009978,-1.438002
-0.639306,-0.607787,-0.038697,1.391675,-2.721018,-2.163808
-0.590857,-0.615192,-0.018218,2.185280,-1.045192,-2.958233
-0.546292,-0.646283,0.000945,3.388317,-1.015050,-2.834488
-0.550995,-0.644659,-0.010685,3.590311,-1.159848,-2.485240
-0.540180,-0.647383,0.002445,3.645447,-0.230924,-2.376926
-0.444736,-0.668108,0.013527,5.077502,1.125372,-2.499510
-0.386220,-0.670872,0.017351,5.663073,-0.444601,-1.881468
-0.370054,-0.696544,0.035391,5.284588,-1.003472,-1.081599
-0.364651,-0.719058,-0.007248,5.568673,1.279949,-1.043136
-0.335920,-0.721862,0.030983,5.224815,-1.140554,-1.166620
-0.257906,-0.710636,0.051242,5.067878,-3.023042,-0.458580
-0.247268,-0.693268,0.033655,3.955260,-1.682757,0.268145
-0.241028,-0.675327,0.018257,3.628568,-1.214737,0.522170
-0.245085,-0.677736,0.024612,3.127051,-2.563586,0.686472
-0.210304,-0.655291,0.026515,2.147421,-2.699341,1.077287
-0.146218,-0.618622,-0.005928,0.761145,-1.603006,1.652259
-0.109786,-0.602896,-0.004057,-0.261433,-1.093995,1.332212
-0.142204,-0.590154,0.025898,-0.496924,-1.218177,2.218338
-0.129192,-0.560523,0.008219,-1.418882,0.396143,3.356330
-0.075895,-0.506393,-0.017673,-2.258904,1.382378,3.328010
-0.050013,-0.481426,0.007152,-3.122717,1.300954,1.599267
-0.037136,-0.453535,0.004838,-2.070016,2.372873,0.853674
-0.049416,-0.400058,-0.001996,-2.395355,1.139986,0.928077
-0.046888,-0.358775,-0.014085,-2.989641,1.585025,1.361129
0.008618,-0.286518,-0.047425,-2.832419,3.361763,0.847328
0.050715,-0.244818,-0.029158,-1.889266,1.435261,0.341617
0.064449,-0.224618,-0.010235,-1.175890,-0.508199,0.614506
0.070571,-0.148856,-0.034466,-0.611636,0.127610,2.054570
0.064058,-0.099951,-0.034853,-0.357195,-0.829034,1.461272
0.137063,-0.067232,-0.015099,0.839264,-0.536802,-0.450521
0.187773,-0.025118,-0.008466,2.483417,-0.551343,-2.214491
0.182016,0.012056,-0.031393,2.766400,-0.410254,-2.382568
0.220768,0.043547,-0.050504,3.134968,1.675929,-2.331011
0.252109,0.063104,-0.053455,3.237787,0.978158,-2.552795
0.274479,0.097511,-0.026870,4.464956,2.078976,-2.512815
0.318565,0.125487,-0.023404,4.351239,1.279473,-1.666287
0.322990,0.162782,-0.061536,4.015328,1.351384,-1.208827
0.293120,0.178390,-0.062298,2.663866,1.465354,-1.033194
0.317787,0.194664,-0.074387,3.003290,2.735618,-0.689358
0.347293,0.232429,-0.058513,2.271506,-0.026018,-0.441727
0.345901,0.252265,-0.073320,0.846127,1.290613,0.296959
0.330307,0.225427,-0.103233,0.069834,3.284596,1.074792
0.328547,0.231976,-0.084142,-0.800908,1.507793,1.519536
0.351058,0.219089,-0.078992,-0.750027,1.190506,2.161976
0.332391,0.210256,-0.094899,-2.208644,0.483193,1.823142
0.319429,0.212613,-0.117095,-2.835597,1.745845,0.631029
0.266102,0.194307,-0.101608,-3.512022,0.291905,-0.223991
0.263870,0.168690,-0.078047,-2.933853,0.281201,-1.086869
0.282114,0.182710,-0.105885,-3.925300,-0.495135,0.341374
0.251262,0.179467,-0.129725,-4.851404,0.134142,1.065860
0.211125,0.172613,-0.145816,-4.568363,1.810473,1.327538
0.182541,0.175997,-0.103958,-3.737627,1.344662,1.727601
0.210934,0.157461,-0.070409,-3.684448,1.262060,1.628377
0.224317,0.175351,-0.118293,-4.052147,1.972533,2.158593
0.184730,0.175019,-0.116313,-3.260945,3.304412,1.181840
0.187534,0.158370,-0.116497,-2.007762,2.304214,-0.046816
0.193780,0.183330,-0.107132,-1.277525,2.070780,-0.071520
0.183490,0.162487,-0.090579,-1.087665,2.084153,0.048092
0.187458,0.153949,-0.107346,-0.938928,1.487222,0.530329
0.170130,0.173155,-0.099340,1.065883,1.011682,0.107097
0.118639,0.157251,-0.089017,1.802482,0.453300,-0.597171
0.158806,0.175866,-0.098743,1.920984,-0.519743,-2.799395
0.185981,0.194477,-0.094843,1.210717,-0.190160,-3.787461
0.133675,0.201279,-0.085002,2.081410,-0.604240,-4.456732
0.097765,0.219066,-0.072063,1.831617,-2.182541,-4.181368
0.114450,0.210896,-0.099819,0.857314,-0.829533,-4.027415
0.122870,0.239795,-0.084943,1.516299,0.151913,-3.893863
0.091657,0.221052,-0.043972,0.910824,-0.804521,-3.702678
0.068814,0.212928,-0.054364,0.479712,-0.401162,-3.212629
0.013683,0.224978,-0.109673,-0.524872,0.618728,-3.259881
-0.000649,0.215423,-0.043896,-1.092182,0.985238,-3.718655
0.034549,0.228769,-0.024438,-1.140227,0.141589,-2.886093
-0.020402,0.188300,-0.038572,-1.499496,0.351938,-0.756615
-0.076880,0.149810,-0.064901,-2.136181,0.646474,0.107510
-0.085999,0.127939,-0.056340,-1.961765,0.565864,-0.283560
-0.066150,0.088947,-0.008315,-1.431895,0.028838,-0.300004
-0.056122,0.063669,-0.033274,-2.089708,0.234807,0.227796
-0.092593,0.027621,-0.039426,-1.870520,-0.581052,0.362845
-0.148381,-0.033938,-0.028364,-1.162462,-0.985757,0.165249
-0.124547,-0.066726,-0.013652,-0.115121,-0.691638,1.481882
-0.104420,-0.108160,-0.009102,-0.263350,-2.275227,2.702369
-0.108463,-0.165285,-0.009372,0.126752,-1.101870,2.796940
-0.132248,-0.203200,-0.014857,0.734456,-0.374659,2.754130
-0.187170,-0.252817,-0.010941,2.004845,-1.689972,1.977328
-0.182364,-0.287880,0.003505,1.775333,-1.419742,0.512297
-0.148831,-0.297734,-0.019967,1.307960,-1.111258,-0.937825
-0.190301,-0.314439,0.001083,1.406331,-0.794995,-0.582410
-0.243628,-0.324384,0.017151,1.790341,0.066743,0.904889
-0.245312,-0.323295,0.016701,1.386450,-1.589135,2.853529
-0.219285,-0.323012,0.006046,0.590262,-0.435909,4.554305
-0.232871,-0.304460,-0.006352,0.489402,0.878920,4.760215
-0.304425,-0.347759,0.065836,-0.353521,-7.804599,2.855632
-0.267242,-0.355755,0.018618,0.653862,-0.093462,3.175447
-0.281166,-0.339494,-0.003654,0.018697,-1.265204,1.970637
-0.285718,-0.337865,0.011761,-0.630277,-1.106574,0.622208
-0.255819,-0.337143,0.012565,0.128882,-0.969214,0.929212
-0.321087,-0.365399,0.035178,0.402004,-2.160768,1.728278
-0.373908,-0.371258,0.020298,0.620949,-2.339858,2.899255
-0.316934,-0.376733,0.014656,0.607954,-1.623830,3.202176
-0.322767,-0.424496,0.019084,1.368465,-2.172802,1.374694
-0.385705,-0.458370,0.041657,2.316364,-1.775174,-0.709248
-0.391085,-0.445405,0.029105,2.004326,-2.223036,-3.093357
-0.350071,-0.478305,0.004398,2.304233,-0.900706,-4.679713
-0.380338,-0.532206,0.021582,3.122961,-0.793928,-4.388935
-0.376711,-0.540389,0.029043,4.081259,-0.540192,-3.245631
-0.400837,-0.566025,0.041175,3.944779,-2.077818,-1.578979
-0.422402,-0.599545,0.014807,4.122428,0.149228,-0.780444
-0.451153,-0.622377,-0.001490,4.433356,1.087080,-1.365139
-0.453845,-0.662154,0.030602,4.516320,-1.364009,-2.042929
-0.449345,-0.716797,0.036901,4.652174,-1.437092,-2.220788
-0.476901,-0.737178,-0.000102,4.494653,-1.451788,-3.115295
-0.480741,-0.775786,0.014449,3.939359,-1.454788,-4.122676
-0.419330,-0.804129,-0.002902,2.877130,-1.109997,-3.978329
-0.420197,-0.801569,-0.007596,3.880157,-0.515311,-3.437514
-0.428856,-0.826263,0.010806,3.255168,-1.050204,-2.175003
-0.390563,-0.850766,0.000394,1.768775,-1.812350,-0.163874
-0.364753,-0.834847,-0.034413,0.834951,0.584197,1.099287
-0.383830,-0.831013,-0.028981,1.065887,-0.788309,0.587089
-0.335825,-0.852920,0.012375,1.093371,-1.421675,-0.077716
-0.315720,-0.844848,-0.041011,-0.352523,-1.558556,0.036858
-0.351111,-0.817220,-0.059501,-0.214536,0.461575,-1.341807
-0.326467,-0.812917,-0.037991,-0.414128,-1.353827,-3.373101
-0.229320,-0.781740,-0.026870,-0.324800,-1.014065,-2.448039
-0.266060,-0.746917,-0.068616,-0.616560,-0.325465,-1.556172
-0.271538,-0.711020,-0.075674,-0.764630,0.066497,-1.867414
-0.210111,-0.693780,-0.069532,-0.283740,-0.144288,-1.892707
-0.204928,-0.641107,-0.052591,0.006657,-0.571014,-1.123865
-0.216042,-0.579427,-0.058884,0.588446,-0.849687,-2.238681
-0.194808,-0.514507,-0.071538,0.134807,-0.880880,-3.068222
-0.216518,-0.439641,-0.075815,0.237084,-1.030471,-4.932252
-0.230537,-0.365589,-0.069864,1.663993,0.003166,-6.956031
-0.182167,-0.292276,-0.046141,0.762396,-1.128553,-6.473696
-0.139184,-0.228977,-0.076783,0.574437,-0.851575,-5.117247
-0.163060,-0.154101,-0.117748,1.810944,1.717422,-3.946406
-0.123152,-0.080909,-0.075992,2.004920,0.303844,-2.023445
0.004124,-0.024238,-0.059229,1.543790,0.548720,0.338200
0.017100,0.045799,-0.105432,1.295779,1.667211,1.615895
0.037241,0.125766,-0.096156,1.832503,3.641115,2.688297
0.074546,0.126406,-0.069102,1.879445,1.246104,2.439627
0.129343,0.209875,-0.064773,1.795638,1.429726,4.155374
0.180529,0.273367,-0.120889,2.095466,4.283859,4.340667
0.231016,0.259122,-0.075687,1.218464,-0.055436,4.460941
0.250241,0.240477,-0.088501,1.559283,0.702460,5.752863
0.200404,0.258593,-0.089049,2.773233,-0.109113,6.473689
0.262340,0.246937,-0.076868,2.127735,-0.463055,4.597353
0.348669,0.259256,-0.087694,1.012442,-1.299056,3.193839
0.297604,0.260395,-0.100072,1.921414,1.216581,1.545978
0.279931,0.241055,-0.080115,1.630180,-0.493681,1.583103
0.325688,0.215275,-0.076612,0.865510,-0.488389,1.953672
0.290894,0.228664,-0.081375,-0.805953,0.036240,1.454323
0.312020,0.214746,-0.094410,-0.380126,1.994907,0.632234
0.363692,0.197034,-0.084979,-1.290579,3.708490,1.468075
0.299274,0.200251,-0.066056,-2.471889,2.438341,3.336940
0.285114,0.226044,-0.076182,-3.282888,2.444436,4.387868
0.337741,0.234841,-0.094928,-4.069143,3.316945,3.129792
0.329207,0.224308,-0.022075,-4.313475,3.076434,3.024951
0.295204,0.268145,-0.055634,-4.532111,2.936851,3.736655
0.298165,0.270807,-0.062879,-4.902735,-0.375825,2.505413
0.296448,0.240628,-0.059389,-5.399190,0.511862,2.587753
0.252700,0.241485,-0.048058,-3.787782,0.904382,1.737758
0.259977,0.278478,-0.024963,-3.828301,-1.696579,0.282511
0.307736,0.264928,-0.043010,-3.903859,-0.738271,-0.525224
0.248203,0.253325,-0.069450,-2.424511,-0.324720,-1.994467
0.198481,0.254470,-0.017991,-1.519831,-1.780961,-3.514165
0.253911,0.263451,-0.030386,-0.553206,-0.922246,-3.771478
0.240020,0.289684,-0.041027,-0.282208,-0.012255,-4.271217
0.208430,0.287049,-0.025026,0.249744,1.122933,-5.573739
0.228853,0.259181,0.000338,1.253337,1.497893,-5.856888
0.207576,0.241817,-0.005374,2.636825,1.639507,-4.694698
0.157903,0.240323,0.007612,2.507691,1.613169,-4.631052
0.186303,0.243281,-0.016320,2.458379,2.444443,-4.707516
0.215950,0.246150,-0.018858,3.314918,3.528609,-5.583366
0.134883,0.226862,0.029292,2.981439,1.644191,-5.176873
0.135277,0.215498,0.010536,2.460483,1.517410,-4.231268
0.154000,0.179060,-0.019097,1.232608,0.727252,-3.479224
0.113163,0.149117,-0.014555,2.035972,1.372671,-3.278773
0.080566,0.148431,0.012808,1.681498,-1.387909,-2.864349
0.115277,0.101647,0.000971,0.643555,-0.674073,-0.928755
0.035563,0.027802,0.001562,-0.129958,-1.714436,-0.424711
-0.038488,0.013805,-0.046873,0.129157,-1.851878,-1.150289
-0.035144,-0.015641,0.002133,0.233926,-1.781946,-1.102500
-0.040927,-0.077555,0.006913,-1.223945,-2.824848,-0.571079
-0.145588,-0.099770,-0.023880,-1.724914,-1.059553,-0.847902
-0.196548,-0.133996,-0.006476,-2.241560,-1.046161,-1.039984
-0.183070,-0.197226,0.008685,-1.957780,-0.503357,-0.387598
-0.236072,-0.183417,0.036307,-3.684310,-0.742325,0.398998
-0.274177,-0.187251,0.001697,-3.240593,1.790532,-0.630852
-0.279042,-0.221477,0.014948,-2.236101,1.798154,-0.477686
-0.317703,-0.228563,-0.017643,-2.378773,1.179359,1.097461
-0.367845,-0.219369,0.015312,-2.609827,0.888883,1.508408
-0.356232,-0.230280,-0.013527,-2.347297,0.347763,0.962719
-0.362974,-0.236930,-0.006306,-1.839396,-0.228578,0.405916
-0.420003,-0.209834,0.018621,-0.628120,-1.245700,0.843287
-0.432168,-0.234108,-0.009444,-0.416748,-2.096712,0.559605
-0.359698,-0.219484,-0.021822,-0.549234,-3.127099,2.019343
-0.395713,-0.212660,-0.029404,0.898531,-3.067565,1.023185
-0.442117,-0.208869,0.013832,2.481691,-2.775106,-0.452667
-0.441027,-0.223312,-0.019055,2.197478,-4.431270,0.082388
-0.439028,-0.200183,-0.019511,1.655924,-4.052835,-1.467498
-0.425531,-0.164769,-0.033054,3.296333,-1.686368,-2.978333
-0.385219,-0.183322,-0.007862,3.735447,-2.270425,-3.433475
-0.341805,-0.143358,-0.015142,2.747315,-2.144924,-0.850707
-0.414850,-0.119980,-0.051062,2.471295,0.379369,-1.508825
-0.422544,-0.124221,-0.007757,2.676871,0.453710,-2.179145
-0.352752,-0.126315,-0.005833,1.863184,-1.622416,-1.067693
-0.375030,-0.086897,-0.041556,1.704485,0.972000,1.480256
-0.412368,-0.092336,-0.007310,1.769668,-0.039296,1.714133
-0.365318,-0.138717,-0.021156,0.927433,-0.145893,2.656802
-0.372033,-0.186030,-0.020381,1.916465,0.091306,3.177367
-0.370999,-0.187507,-0.038306,1.427053,-1.134215,4.508636
-0.326010,-0.249620,-0.046552,1.096213,-1.133881,3.007276
-0.336915,-0.307418,-0.031292,1.418473,-2.373031,2.449580
-0.368272,-0.345241,-0.026368,2.366464,-2.726080,2.254515
-0.320890,-0.361752,-0.011197,1.779229,-4.719153,3.351714
-0.317565,-0.436526,-0.036678,1.087479,-3.735873,3.014660
-0.352890,-0.494993,-0.039307,2.256338,-2.091837,2.934096
-0.343260,-0.545516,-0.055812,3.168239,-2.242245,2.307394
-0.293550,-0.585460,-0.019495,1.719417,-1.881505,2.428747
-0.268837,-0.598363,-0.048672,1.006255,-0.038987,1.822080
-0.298274,-0.614408,-0.035749,1.921395,1.075404,-0.129780
-0.269175,-0.643362,-0.002488,1.365954,-0.338109,0.587404
-0.253738,-0.678504,-0.022846,0.640959,0.499267,1.932680
-0.262590,-0.696492,-0.064382,0.640243,2.905580,2.221176
-0.226474,-0.681852,-0.034820,0.970877,1.160157,2.894281
-0.190836,-0.743664,-0.024766,1.013398,0.413445,1.886419
-0.212339,-0.695783,-0.041080,0.724005,0.110929,1.017845
-0.224737,-0.694309,-0.055890,0.849919,-0.387464,-3.043787
-0.158826,-0.716032,-0.035733,0.184227,-1.305680,-4.849055
-0.154057,-0.687806,-0.026503,0.692306,-1.536714,-4.733549
-0.187866,-0.617076,-0.050776,0.779360,-2.022889,-4.269413
-0.148516,-0.604127,-0.053494,0.073294,-2.897974,-4.071396
-0.118340,-0.581419,-0.049795,0.333926,-1.655745,-3.270976
-0.132603,-0.554195,-0.037141,1.790547,-0.478371,-3.867084
-0.091060,-0.526261,-0.036422,1.419343,-1.909281,-4.777458
-0.035945,-0.504781,-0.044421,1.040934,-0.561955,-6.057770
-0.063471,-0.482237,-0.052979,1.124124,1.529857,-7.783428
-0.040694,-0.442303,-0.028567,2.361409,1.804555,-8.527554
0.028243,-0.404771,-0.004326,2.169311,0.552784,-7.905845
0.014090,-0.377888,-0.034712,1.661177,3.116778,-5.976182
-0.014665,-0.332223,-0.018510,2.178157,2.656649,-4.870628
0.040874,-0.315125,0.000696,3.118372,1.485840,-3.578150
0.059693,-0.286417,-0.006667,2.589017,0.087416,-2.672584
0.018816,-0.230435,-0.031735,2.172006,0.371088,-2.844687
0.018376,-0.237114,-0.044392,2.450133,-0.847452,-4.377520
0.054946,-0.255141,-0.032664,2.884423,-1.491427,-4.570074
-0.004417,-0.204552,-0.039777,2.501566,-2.059210,-4.696784
-0.010496,-0.154846,-0.045111,2.188684,-2.287503,-5.176947
0.027485,-0.170277,-0.042754,1.374413,-1.655345,-3.415399
-0.000054,-0.149759,-0.038103,1.153003,-1.013668,-1.507830
-0.020553,-0.119104,-0.038168,1.596519,-0.202492,-0.882618
0.030154,-0.092615,-0.057295,0.027609,-0.100136,1.215784
0.015902,-0.066815,-0.054371,-1.282317,1.870876,2.517881
-0.073565,-0.034250,-0.029375,-1.519060,1.793572,2.183244
-0.022775,0.053776,-0.034489,-1.432449,1.967872,2.808073
-0.007847,0.096556,-0.028919,-3.577145,0.310540,5.732316
-0.063606,0.113385,-0.054492,-3.937938,2.386071,6.570695
-0.049783,0.182674,-0.044779,-3.057801,2.485178,6.254691
0.016121,0.193539,-0.020962,-3.228406,0.793327,6.972361
0.000100,0.224968,-0.063187,-3.945110,0.734838,6.301965
-0.062070,0.272435,-0.055533,-3.147408,0.130386,3.420990
0.028368,0.317749,-0.034226,-2.725261,-1.040210,2.126896
0.035721,0.349930,-0.036366,-2.782237,-1.403172,2.339109
-0.003435,0.410872,-0.055555,-2.204801,-0.983539,2.586360
0.037218,0.465613,-0.059386,-1.739948,-1.919230,3.760358
0.021331,0.436337,-0.037000,-1.286194,-2.452968,5.593790
-0.010608,0.462131,-0.029952,0.156457,-1.800065,4.894256
0.017543,0.504628,-0.032487,0.252167,-1.985477,2.216809
0.070524,0.486897,-0.047389,0.166488,-0.623685,0.147587
0.011723,0.508860,-0.062038,1.207185,0.776426,-2.585524
-0.022375,0.543210,-0.009040,2.235760,0.516004,-4.148714
0.075566,0.547038,-0.010881,1.499897,1.286966,-1.304831
0.048450,0.528741,-0.030812,0.555546,0.981014,2.105607
-0.043895,0.516527,-0.028009,1.426610,1.865431,1.550325
-0.010558,0.508728,-0.001527,1.655970,0.701281,0.956060
-0.038653,0.435822,-0.005797,0.802412,-0.421611,0.236645
-0.090735,0.431525,-0.022101,0.814215,0.463767,-2.581133
-0.064984,0.431168,-0.043243,0.635063,0.160693,-5.025827
-0.056224,0.352412,-0.010186,-0.569434,-1.376781,-3.568220
-0.114352,0.277037,-0.011935,-0.259926,-1.181627,-1.731413
-0.121088,0.260471,-0.002209,-0.080650,-4.004442,-0.356238
-0.022224,0.192130,-0.023942,-1.515725,-0.627542,1.100235
-0.071103,0.095876,-0.011883,-2.543722,-1.775131,-0.065487
-0.148864,0.090532,-0.008223,-1.028066,-0.158593,-2.481380
-0.120957,0.046945,0.011295,-1.871049,-1.712637,-3.948695
-0.078662,0.005803,0.006158,-3.602390,-0.949247,-4.145542
-0.130203,-0.009339,-0.007317,-3.539676,0.383925,-3.793399
-0.104525,-0.043552,0.003880,-2.243641,2.185226,-1.537283
-0.118025,-0.096987,0.008856,-3.271681,-0.361874,2.183888
-0.193981,-0.138300,0.013668,-3.784451,0.667843,1.585922
-0.146822,-0.098819,0.000971,-2.959663,1.640676,-1.119993
-0.074628,-0.129582,0.021158,-2.628405,0.362583,-2.025882
-0.154959,-0.190103,0.037321,-2.938701,-1.215393,-1.460598
-0.192530,-0.143210,-0.025666,-1.613817,-0.023225,-1.664931
-0.145913,-0.165577,0.011794,-1.539292,-0.860680,0.153962
-0.125903,-0.204339,0.028032,-0.979427,-1.470688,2.147940
-0.182131,-0.155841,0.020443,1.060198,-1.164752,2.544253
-0.190442,-0.162035,0.031196,1.730052,-1.049473,1.790323
-0.194194,-0.211469,0.018569,0.513242,-2.495574,-0.153547
-0.250491,-0.190051,0.021523,2.521996,-1.466303,-4.092702
-0.214220,-0.153284,0.047090,4.260546,-1.564205,-6.194060
-0.152924,-0.161119,0.021017,3.200584,-1.276726,-4.515850
-0.267521,-0.206282,0.046978,2.554233,-1.956601,-2.111468
-0.309805,-0.182022,0.037301,4.296039,-0.004108,-1.164931
-0.246158,-0.178887,0.066049,4.658873,0.048450,-0.507057
-0.276948,-0.237951,0.082107,3.189578,-2.171581,-0.797080
-0.325672,-0.209532,0.045609,3.734440,1.090460,-3.303106
-0.319935,-0.215050,0.016635,3.488526,1.786495,-5.479363
-0.336140,-0.315335,0.061007,2.834212,-0.178330,-5.882311
-0.361628,-0.301020,0.065022,3.066881,-0.370359,-5.009820
-0.333215,-0.277048,0.055096,2.735637,-0.260522,-2.609660
-0.293869,-0.354475,0.026991,0.827283,0.612544,-0.031313
-0.358421,-0.385937,0.020545,0.730271,-1.161975,-0.311962
-0.377965,-0.378203,0.062346,1.592390,-1.805129,-1.783953
-0.313199,-0.435479,0.043344,-0.085359,-2.369049,-2.718012
-0.325127,-0.466074,0.031866,-1.256189,-2.236918,-4.845551
-0.388003,-0.437934,0.014314,-0.772357,-0.954863,-6.524152
-0.341871,-0.450542,0.042616,-0.809646,-1.922450,-4.503886
-0.325557,-0.495022,0.056064,-1.822452,-2.136600,-0.797069
-0.376452,-0.477182,0.006020,-1.937692,-1.488581,1.483208
-0.361021,-0.441377,-0.005984,-1.454816,-1.246012,0.982416
-0.330287,-0.495475,0.055109,-2.105030,-1.475592,1.296625
-0.345012,-0.481623,0.021158,-2.137943,-0.803634,1.444909
-0.348305,-0.399582,0.002898,-1.218864,0.025871,0.895034
-0.320499,-0.400334,0.016067,-1.866437,-0.255615,1.825786
-0.325183,-0.393496,0.005586,-1.584452,0.098002,3.411657
-0.367573,-0.331740,0.039140,0.444095,-0.238113,5.540653
-0.307573,-0.319119,0.024730,0.942510,-0.937683,8.282754
-0.299025,-0.317639,0.002557,0.471785,-0.929122,9.342746
-0.386532,-0.293812,0.022232,1.679952,-1.621428,6.983242
-0.338910,-0.246085,0.017324,3.043355,-2.129825,4.899753
-0.294272,-0.240134,0.022186,3.506261,-1.609791,3.500230
-0.315024,-0.223896,0.022222,3.794364,-2.088640,3.107788
-0.300778,-0.197489,-0.004635,4.985571,-1.525512,2.701356
-0.292894,-0.244434,0.031633,4.922906,-1.468739,3.772082
-0.306076,-0.237298,0.027956,5.401282,-1.816089,4.644695
-0.295710,-0.181822,0.018782,5.635562,-2.280226,2.671804
-0.221642,-0.195109,0.030156,4.109934,-0.980377,1.079464
-0.232405,-0.244506,0.021349,3.795083,0.530772,0.641042
-0.283952,-0.213392,0.020269,4.419577,0.073200,-1.459654
-0.223172,-0.215099,0.018056,3.668154,-0.113233,-1.318617
-0.157145,-0.273228,0.003978,1.565024,-0.277542,-0.096120
-0.217296,-0.257639,-0.029375,1.589554,0.591225,-0.700592
-0.242817,-0.267185,0.008944,1.904842,0.031999,-1.324771
-0.177460,-0.333536,0.013553,0.359486,-1.064355,-1.001928
-0.196761,-0.352466,-0.020860,-0.549119,-1.284449,-2.202992
-0.186513,-0.355788,-0.039399,-0.291891,-0.407874,-4.041047
-0.113896,-0.415426,-0.036140,-1.340826,-1.405614,-4.467667
-0.160566,-0.478360,-0.018208,-1.140197,-1.127447,-3.920616
-0.175100,-0.463432,-0.055040,-1.005040,-0.624141,-3.385529
-0.083829,-0.460258,-0.063676,-1.452928,-0.046707,-4.160617
-0.087249,-0.517425,-0.031433,-2.203773,-0.491461,-4.650451
-0.118268,-0.493676,-0.036455,-0.871930,0.664407,-4.613456
-0.089878,-0.481275,-0.031328,-1.441161,-1.754934,-4.862225
-0.062726,-0.512721,-0.033356,-2.144118,-0.194929,-5.863611
-0.080543,-0.475587,-0.026217,-1.078845,1.173181,-7.028008
-0.047325,-0.415042,-0.018500,0.096241,0.777917,-6.858798
-0.014753,-0.432459,-0.005574,-1.312059,-0.293448,-5.053354
-0.058039,-0.397928,-0.046650,-1.218552,2.108410,-4.203853
-0.078688,-0.312637,-0.042498,0.681116,0.912103,-4.433333
-0.013979,-0.307854,-0.014558,0.742041,-0.081212,-3.637252
-0.042257,-0.258611,-0.047057,0.097722,-0.636926,-3.024648
-0.108454,-0.162931,-0.054837,0.333548,-0.106733,-3.506729
-0.072091,-0.116767,-0.035969,0.403494,-1.475074,-3.106845
-0.086698,-0.088613,-0.010560,0.278508,-1.756405,-2.135638
-0.156108,-0.003464,-0.022636,1.382061,-1.069269,-1.743109
-0.088825,0.090214,-0.048508,0.843852,-1.301620,-0.306031
-0.100339,0.100012,-0.041310,-0.627894,-1.322037,1.222509
-0.181836,0.164798,-0.094728,0.718388,0.220667,0.890892
-0.163415,0.257064,-0.025423,1.164566,-0.111385,-0.773023
-0.076177,0.303897,-0.040338,-0.607911,-0.581069,0.293435
-0.135291,0.346786,-0.046778,-1.011135,0.802748,-0.226787
-0.166635,0.393676,-0.037627,0.727713,1.557321,0.860986
-0.100737,0.422160,-0.023141,-0.442824,-0.013742,4.739304
-0.124705,0.429303,-0.020486,-0.923855,0.170928,5.901385
-0.167511,0.465965,-0.065583,0.158354,0.600819,4.710788
-0.105404,0.447527,-0.056763,0.673573,-0.714477,3.547601
-0.108969,0.395451,-0.004130,0.415117,-1.540273,4.420861
-0.179374,0.413186,-0.046877,1.025676,-1.079655,2.847193
-0.137218,0.395855,-0.038178,1.501961,-2.179849,1.564181
-0.129274,0.309688,-0.012838,0.394168,-2.778077,2.115169
-0.173843,0.323530,-0.018710,2.029137,-1.697515,1.706645
-0.157464,0.321603,-0.014883,1.657257,-2.437609,2.156507
-0.107023,0.233322,-0.016770,-0.112565,-1.539098,2.107591
-0.195662,0.212124,-0.019439,0.140186,-0.560012,-0.489654
-0.221304,0.241594,0.012601,0.556514,-0.345167,-3.036936
-0.110082,0.205940,0.015224,-1.337593,-0.171283,-3.505429
-0.161757,0.178600,-0.006076,-3.044189,0.562674,-1.008817
-0.246113,0.185851,-0.027300,-2.100780,1.163924,0.069890
-0.178107,0.166140,0.000249,-2.520715,0.929821,1.480211
-0.163155,0.130529,0.005104,-4.430244,0.022345,2.896545
-0.191092,0.161837,-0.022281,-3.971697,1.530100,1.724680
-0.179417,0.141108,-0.020020,-3.887972,0.529075,1.228888
-0.180139,0.081479,-0.009585,-4.282410,-0.912969,1.515160
-0.222413,0.099648,-0.013176,-4.085060,-0.792153,1.151337
-0.170725,0.128264,-0.050422,-3.305727,-0.743198,0.264120
-0.128040,0.055535,0.015670,-3.407377,-2.991517,0.675536
-0.169550,0.039454,-0.010425,-1.826161,-1.793536,1.588083
-0.217181,0.055817,0.010589,-1.199124,-1.809075,0.996679
-0.131411,0.056280,-0.017387,-1.468126,-1.209922,-0.351834
-0.160753,0.058456,0.029837,-1.109966,-2.106113,-3.415696
-0.208932,0.090936,0.055860,0.679288,-1.855590,-4.600238
-0.174385,0.076963,0.045412,1.014848,-1.402712,-2.614342
-0.172668,0.001785,0.024067,1.428304,-0.845896,0.360044
-0.192231,0.031744,0.010980,2.581027,0.922048,0.473337
-0.173515,0.012814,0.085891,3.811820,0.093252,-0.286823
-0.148549,-0.030550,0.096339,2.392372,-1.774921,0.702774
-0.220693,-0.061868,0.052108,3.369101,1.237973,-0.084424
-0.197381,-0.072027,0.013950,4.775334,2.214377,-2.291132
-0.135704,-0.116859,0.069131,4.460200,0.035728,-2.721508
-0.177913,-0.170264,0.100390,3.608700,-0.814824,-1.163754
-0.219863,-0.159721,0.047277,3.879143,-0.659785,0.725706
-0.180539,-0.228367,0.051675,3.375387,-1.386106,2.545803
-0.161189,-0.332420,0.062534,2.617952,-1.297608,2.967588
-0.165437,-0.348717,0.049551,3.605690,-0.955293,0.886689
-0.134496,-0.400271,0.015805,2.681713,-1.613412,-0.725155
-0.145903,-0.460307,0.012112,0.912009,-1.494118,-2.339402
-0.225775,-0.503189,0.032030,0.891973,-1.682038,-4.357808
-0.154739,-0.507220,0.028879,1.061551,-0.256383,-3.254946
-0.074090,-0.574451,0.038723,-0.502357,-1.263537,-0.477295
-0.109025,-0.629871,-0.004957,-1.398728,0.683274,0.617454
-0.157162,-0.634421,-0.019334,-0.634688,1.222273,-0.345211
-0.120556,-0.692372,0.021986,-1.110940,0.552889,-1.594647
-0.099752,-0.704071,0.025675,-1.432928,0.495857,-3.176503
-0.118616,-0.679203,0.020403,-1.491730,0.362994,-6.120435
-0.075557,-0.677312,-0.019202,-1.387903,0.675176,-6.979741
-0.093430,-0.742068,0.013484,-1.885730,0.784334,-6.097096
-0.157037,-0.700572,-0.002629,-0.473347,-0.130764,-5.619437
-0.132248,-0.638750,0.036707,-0.333324,-0.810363,-5.706490
-0.078603,-0.628985,0.006988,-1.664409,-1.215154,-4.743507
-0.145923,-0.598360,-0.008666,-0.413820,-0.356816,-5.839042
-0.174529,-0.539795,0.010618,0.983888,-2.540238,-5.933857
-0.120375,-0.485316,0.000515,0.504409,-1.905493,-4.600326
-0.175051,-0.453020,-0.006135,-0.060071,-1.979663,-3.418721
-0.194329,-0.365221,-0.011758,2.097268,1.251720,-3.188374
-0.144698,-0.310926,0.019012,2.370232,-0.272198,-0.590028
-0.142995,-0.304838,0.042304,1.822039,-0.202538,1.936164
-0.197674,-0.217594,-0.003732,2.638309,0.454708,3.105022
-0.176436,-0.168689,0.027855,3.181044,0.548714,2.599969
-0.139194,-0.174764,0.045347,3.348501,-0.115790,2.455287
-0.189950,-0.097446,0.018418,3.691548,1.050477,2.273487
-0.186966,-0.070475,0.022458,4.231736,1.549513,2.733803
-0.130784,-0.101267,0.029873,3.488802,-0.183470,5.515658
-0.201402,-0.088840,0.033517,4.383512,-0.576953,6.611234
-0.218507,-0.038172,0.012473,5.123072,-1.824036,6.379020
-0.140106,-0.067747,-0.007202,4.004410,-1.101792,5.870509
-0.143848,-0.143082,0.005449,3.962392,-1.016379,5.284946
-0.213646,-0.120975,0.018851,4.772455,-1.682524,3.558874
-0.186310,-0.125981,0.013172,4.084551,-1.527757,3.642301
-0.161767,-0.185587,-0.031118,1.762486,-1.041450,4.462170
-0.225752,-0.176461,-0.009319,1.459247,-1.245021,3.729725
-0.161875,-0.163318,0.032539,2.137251,-3.161075,4.881321
-0.122502,-0.239084,0.016330,-0.193696,-1.526818,7.461343
-0.174217,-0.269968,-0.004980,-1.306039,0.000317,7.523702
-0.165630,-0.222284,-0.010826,-0.646692,1.564884,3.989683
-0.112353,-0.260994,-0.003142,-1.513702,0.996215,1.605918
-0.127735,-0.263577,0.017715,-3.585971,-1.299535,1.632945
-0.153702,-0.258949,-0.017512,-2.950491,1.374857,2.575996
-0.116459,-0.267175,-0.016980,-3.091088,0.876560,3.643856
-0.115475,-0.326886,0.001408,-3.387147,0.016709,3.305080
-0.132376,-0.296815,0.007612,-2.079897,-0.869375,0.634339
-0.097326,-0.307930,-0.009372,-1.964371,-1.742261,-1.028485
-0.073328,-0.337626,-0.024356,-2.602133,-1.831205,-2.118520
-0.148588,-0.318200,-0.028498,-1.858513,-0.836429,-4.231480
-0.132150,-0.278171,-0.014315,0.134370,-1.375068,-6.856109
-0.070400,-0.297564,0.023607,0.211442,-2.244930,-6.641905
-0.091848,-0.252450,0.000092,-0.282673,-1.523480,-4.862079
-0.119322,-0.215496,-0.002183,1.686120,-0.205981,-4.789092
-0.073253,-0.219750,-0.010215,1.346663,0.549754,-4.409188
-0.098872,-0.225183,0.007576,1.826588,0.612665,-6.215961
-0.109662,-0.136744,0.000440,2.923697,1.682028,-10.528139
-0.040688,-0.077122,-0.010343,2.655220,1.759674,-12.479571
-0.040041,-0.112582,0.011538,1.275300,2.163686,-10.795886
-0.081662,-0.046230,-0.021769,1.827406,2.352476,-8.189063
-0.025845,0.027821,0.028537,2.563098,1.138440,-4.984122
0.045696,0.042477,0.000820,0.717462,0.647469,-1.207127
-0.013975,0.050874,0.002462,-0.216828,0.097359,-1.208546
-0.011471,0.101148,-0.018257,0.877182,0.469400,-1.835180
0.012455,0.081926,0.001480,0.225609,-1.634492,-1.520026
0.010243,0.080577,-0.000158,-0.213431,-2.286174,-1.742326
0.009950,0.158499,-0.024533,0.068029,-2.677365,-1.904423
0.035767,0.140288,-0.019524,-0.836661,-2.549449,1.142895
-0.005001,0.110906,-0.041835,-1.401378,-1.159884,4.757678
-0.081055,0.114832,-0.020555,-0.064211,-2.139515,4.879730
-0.003928,0.155666,-0.002387,-0.187880,-2.074893,4.753072
-0.006012,0.161095,0.002764,-2.974115,-1.254038,2.706356
-0.056417,0.211878,-0.012552,-2.287337,1.589506,-0.490045
-0.076200,0.232025,0.012539,-1.310887,1.260208,-1.236752
-0.034756,0.202923,0.009581,-2.032010,2.161087,1.889602
-0.055334,0.254743,-0.002012,-2.882486,1.766127,4.875652
-0.032830,0.318163,0.023781,-2.673841,2.294065,5.526359
0.008657,0.293341,0.028626,-2.044955,1.998228,8.673422
-0.051382,0.259919,0.029460,-1.808731,1.255803,9.852168
-0.090417,0.290226,0.024408,-0.992941,0.505346,7.932439
0.028506,0.322515,0.020440,-1.385251,-0.645680,5.155871
0.052468,0.256991,0.015211,-0.967354,-0.108614,2.241736
0.007384,0.250059,0.019445,0.880550,-1.264814,0.141191
0.011500,0.266612,0.012509,1.627544,-3.471072,1.331194
0.021324,0.239161,0.027743,0.154642,-2.928084,1.499931
0.043211,0.260451,0.002494,0.566962,-2.899150,0.022752
0.040894,0.298390,0.019990,1.080181,-2.401864,-1.290280
0.022716,0.274749,0.045967,0.717498,-1.992458,-1.756682
0.010147,0.289576,0.036566,-0.636511,-2.025503,-1.855894
-0.007847,0.314444,0.018651,-0.535480,-0.562661,-3.322958
0.022939,0.308762,0.014699,-1.225994,1.019586,-4.184007
0.020924,0.300759,0.036507,-1.012264,1.689446,-4.989025
-0.027896,0.321038,0.042304,-1.773908,1.309816,-2.996241
-0.010493,0.301984,0.012828,-2.163977,2.577424,-1.493550
0.007626,0.259663,0.015998,-2.488026,2.122935,0.114429
-0.044594,0.224275,0.053096,-1.733833,1.352123,-0.793635
-0.041837,0.221068,0.013717,-0.694344,1.110388,-1.912805
-0.046094,0.137320,0.025632,-1.834361,-0.296544,-1.291360
-0.047328,0.096516,0.021510,-1.471274,-0.689383,-0.884971
-0.087443,0.090644,0.051646,0.417106,-2.155651,-1.292588
-0.046402,0.071875,0.035115,-0.012270,-2.096252,0.195461
-0.032482,-0.003588,0.038010,-0.519058,-2.815684,1.565487
-0.093377,-0.042663,0.051380,0.904483,-2.183499,1.525250
-0.081177,-0.055661,0.037285,2.458363,-2.207707,1.576499
-0.055416,-0.134282,0.065983,0.313470,-2.697017,1.338632
-0.081012,-0.151255,0.044716,0.144634,-1.163990,-0.150707
-0.101065,-0.123847,0.078739,1.897115,0.255687,-1.499104
-0.066612,-0.143788,0.081759,0.877209,0.510372,0.242008
-0.076923,-0.190428,0.076950,-0.083101,1.045507,2.759396
-0.083835,-0.199264,0.054114,0.454861,3.127023,4.673856
-0.083274,-0.188039,0.073992,0.853139,1.976043,6.134580
-0.101987,-0.248915,0.093247,-0.140704,0.012104,6.456821
-0.100008,-0.233028,0.031478,0.273106,2.724698,5.645809
-0.100218,-0.245937,0.068570,0.419125,0.492151,5.024526
-0.074543,-0.297570,0.076074,0.481396,0.141137,6.078698
-0.084177,-0.307775,0.068622,1.119509,-0.499792,4.906060
-0.091483,-0.337055,0.042671,1.451058,-0.673847,4.639375
-0.063251,-0.391146,0.039231,1.357072,-1.783035,3.470073
-0.087072,-0.438810,0.073412,2.589240,-1.922965,1.720106
-0.102394,-0.431678,0.047710,3.269995,-2.303784,-0.361115
-0.077402,-0.450932,0.058132,2.764046,-1.912055,-2.420139
-0.092832,-0.511188,0.033891,1.837693,-1.403595,-3.776932
-0.119660,-0.488818,0.037416,2.762868,-0.015265,-4.721963
-0.119401,-0.478777,0.084749,3.348701,-0.253596,-4.900627
-0.085178,-0.516827,0.057387,1.934089,-0.075061,-3.963755
-0.118452,-0.530266,0.044372,1.385324,1.510773,-5.093384
-0.115110,-0.514254,0.045448,2.700101,2.496335,-6.374386
-0.085411,-0.532347,0.069463,2.242546,1.449901,-7.160011
-0.106097,-0.583750,0.070516,1.353875,-0.218720,-7.238822
-0.136207,-0.551615,0.013806,1.576352,1.900373,-7.981800
-0.130206,-0.568634,0.056960,1.962721,2.126871,-7.711395
-0.113108,-0.604698,0.063154,1.018833,-0.674053,-7.426498
-0.120884,-0.589310,0.038227,1.089622,-0.847888,-6.648518
-0.125906,-0.588365,0.033241,1.018531,-1.010828,-6.706571
-0.109346,-0.598084,0.050664,0.382234,-1.928404,-6.461225
-0.139807,-0.574585,0.058778,0.419486,-2.323065,-6.456486
-0.122548,-0.507161,0.030924,0.081608,-1.927436,-5.170023
-0.073377,-0.486202,0.028734,-0.539143,-0.749271,-2.432579
-0.084833,-0.476109,0.053999,-1.006273,-1.241259,0.451447
-0.113620,-0.396759,0.042087,-0.253135,-0.329841,2.308174
-0.071172,-0.369400,0.043436,-1.243160,0.704292,3.840095
-0.050167,-0.346722,0.031032,-1.202803,1.063413,4.319236
-0.080638,-0.292309,0.079280,-0.793516,0.210317,4.012101
-0.052189,-0.239835,0.033576,0.228225,1.934901,4.042539
-0.063107,-0.219363,0.060400,-1.066408,0.631044,4.740766
-0.059992,-0.160748,0.043367,-0.382883,1.002409,3.959338
-0.053371,-0.088000,0.077147,1.474744,-0.325643,4.448614
-0.063688,-0.088676,0.067907,1.503751,-0.118908,6.544386
-0.097641,-0.052736,0.052962,1.363473,-0.735419,9.278076
-0.109786,-0.009188,0.025629,2.404117,-1.125048,11.039245
-0.084269,0.031228,0.035828,3.701215,-1.729088,10.648142
-0.114762,0.008278,0.085051,3.893244,-3.256305,9.189738
-0.119916,0.022527,0.008449,3.812385,-1.808287,8.375433
-0.118875,0.025950,0.032703,4.149360,-0.086691,5.271870
-0.087787,0.033631,0.066062,4.096404,-2.086342,3.001844
-0.094352,0.057163,0.059054,4.026895,-0.443925,1.346513
-0.080435,0.084027,0.051511,2.885417,-0.373901,1.937526
-0.098721,0.102802,0.035555,1.844786,1.249915,1.437610
-0.113525,0.099001,0.041700,1.685670,1.730578,0.465151
-0.082559,0.130056,0.044158,0.627904,0.769786,1.022683
-0.073489,0.151146,0.031216,-0.953729,1.435674,1.450740
-0.044758,0.166078,0.021414,-1.857400,1.481241,1.861846
-0.048802,0.147939,0.028166,-2.019320,1.167237,1.335789
-0.029701,0.099109,0.027996,-1.206739,0.824150,1.624809
0.021167,0.080373,0.006381,-2.357312,-0.575016,0.476849
0.039637,0.020712,0.016868,-2.550494,-0.263046,-2.349317
0.067206,-0.015018,0.002041,-1.751886,-0.009186,-4.889087
0.075625,-0.061497,0.026361,-1.155608,-0.927766,-6.224714
0.116239,-0.073222,0.010536,-1.796035,-1.723315,-5.390524
0.129287,-0.099170,0.011922,-1.475127,-1.246705,-5.982524
0.153544,-0.131449,-0.006818,-0.536954,-0.335601,-6.436764
0.138937,-0.139117,0.018145,0.099215,-0.723724,-6.747887
0.127173,-0.137502,0.026597,-0.773641,-1.097646,-5.810389
0.126172,-0.102245,-0.005150,-0.854727,-0.311430,-6.842730
0.113682,-0.079229,0.015424,-1.416976,1.105422,-7.631586
0.114660,-0.067077,0.023706,-0.896417,1.141814,-6.554221
0.107603,-0.038330,0.032184,-1.347670,0.793478,-4.446748
0.092589,-0.033514,-0.004228,-1.424200,2.041494,-2.924438
0.076568,-0.026661,0.006742,-0.285519,2.297416,-1.680542
0.050508,-0.001419,0.038207,-0.847423,0.617724,0.134433
0.065368,0.049715,-0.002081,-1.463636,1.390357,0.563106
0.062538,0.088261,0.013418,-0.887239,1.539997,-0.047881
0.026665,0.093966,0.017357,-0.746495,0.669067,0.215179
0.007114,0.117803,0.035746,-0.131163,-0.246963,1.738867
-0.004177,0.148822,0.029703,-0.326701,-1.986527,3.481412
0.004390,0.187975,-0.004484,-0.354838,-0.399386,4.471983
-0.031050,0.181098,0.018536,0.285185,-1.016737,4.367309
-0.065641,0.196476,0.035552,0.799005,-1.826593,4.392248
-0.082289,0.227472,0.044700,0.531072,-2.333257,3.470145
-0.060241,0.250561,0.021861,0.762980,0.170941,1.934515
-0.061574,0.268470,0.030149,0.611696,-0.324172,-0.153796
-0.067696,0.246343,0.057682,1.507988,0.411560,-0.700887
-0.047807,0.280362,0.026341,0.413023,0.867353,0.350747
-0.027840,0.287357,0.014065,0.247151,2.024688,0.311417
-0.030450,0.274011,0.037676,0.368418,2.111722,-0.175142
-0.002021,0.299167,0.045012,0.326153,1.626811,0.010766
-0.012948,0.318668,0.046952,-0.838876,0.646271,0.631741
-0.006961,0.294648,0.026217,-0.971864,1.047139,0.315613
-0.000422,0.265765,0.029726,-0.302033,0.778162,0.935850
0.006376,0.244981,0.051642,-1.115307,-0.553598,1.599110
0.029747,0.231641,0.046515,-1.128459,-2.341007,0.808144
0.022066,0.197330,0.043781,-0.956410,-1.284623,-0.829487
0.028933,0.139647,0.032099,0.015828,-1.300067,-2.016144
0.028532,0.118584,0.042419,-0.126449,-2.142384,-2.058484
0.020474,0.096273,0.050661,-1.015970,-2.452384,-2.644393
0.031319,0.073963,0.012483,-0.465253,-0.177785,-2.962815
-0.035026,0.038798,0.060443,-1.046484,-1.727237,-2.805032
-0.041308,0.037068,0.090267,-1.513722,-1.316575,-0.901668
-0.045132,0.054603,0.047661,-1.829621,-0.540905,0.693916
-0.041626,0.032335,0.049683,-2.090916,0.776863,0.779430
-0.062332,0.029673,0.048921,-1.842150,1.328161,0.697618
-0.094270,0.019376,0.071137,-1.752329,1.646072,1.426168
-0.098130,0.025277,0.045009,-2.528294,1.818814,1.412691
-0.109973,0.004657,0.034163,-2.164498,2.142124,0.722095
-0.118166,-0.021195,0.064887,-1.043838,1.695890,0.955194
-0.118275,-0.002482,0.048455,-1.049103,-0.265236,2.384309
-0.148312,-0.033708,0.054636,-1.028788,-1.153575,2.237197
-0.141150,-0.070471,0.048780,0.396926,-0.256399,2.758258
-0.150617,-0.101054,0.057863,1.031145,-2.297134,3.641520
-0.145890,-0.102994,0.071327,0.878656,-2.677500,3.642948
-0.112944,-0.111446,0.033510,1.445218,-1.505013,3.119846
-0.127892,-0.141579,0.071957,2.992773,-1.892485,1.592560
-0.140891,-0.159911,0.078844,2.720035,-2.155438,2.164600
-0.105276,-0.150343,0.057439,2.359738,-1.166088,3.685286
-0.098383,-0.147592,0.060436,2.624664,0.470995,3.435407
-0.111667,-0.188032,0.086469,2.790411,-1.109289,3.056082
-0.103612,-0.198135,0.047992,3.123864,0.733311,3.863467
-0.104955,-0.217676,0.050960,1.881878,1.842099,3.387185
-0.085010,-0.237377,0.054941,2.331926,1.208198,2.439464
-0.113571,-0.291248,0.105064,2.831359,-1.327984,1.613537
-0.081094,-0.311123,0.069404,2.250493,0.434813,2.100169
-0.102680,-0.371773,0.064336,2.452661,0.499119,0.763510
-0.095245,-0.441138,0.063426,3.403849,1.383359,-0.292702
-0.083126,-0.499020,0.060823,3.292125,-0.387264,-0.913427
-0.102253,-0.564659,0.060643,2.738283,-0.182026,-2.266442
-0.107292,-0.608906,0.061004,2.832722,-0.799334,-4.091057
-0.094818,-0.656042,0.067080,3.559663,-1.196230,-5.528401
-0.070742,-0.716738,0.059464,2.872616,-1.465062,-5.820688
-0.052944,-0.736242,0.042914,2.111065,-0.501551,-5.915448
-0.059270,-0.755428,0.064720,1.185699,-0.901096,-7.114595
-0.061577,-0.766930,0.062990,0.995968,-0.454813,-8.305980
-0.062611,-0.783647,0.081979,0.593876,-0.181117,-8.558012
-0.056023,-0.769848,0.029358,-0.592466,0.920929,-7.396993
-0.040753,-0.727393,0.015211,-1.122541,2.007659,-6.741366
-0.064676,-0.729730,0.069423,-1.775828,0.482222,-5.415822
-0.067029,-0.735786,0.053615,-1.071712,1.062071,-4.035628
-0.079880,-0.691332,0.033382,-1.666247,-0.461049,-2.969279
-0.107508,-0.685154,0.044099,-2.255674,0.025736,-4.815934
-0.101810,-0.656009,0.018841,-1.095664,1.454115,-6.355746
-0.122191,-0.609917,0.049085,-0.475067,-0.265505,-6.787155
-0.132179,-0.556870,0.040738,-0.859568,-0.569429,-6.202655
-0.138311,-0.485257,0.004704,-0.776532,-0.852822,-4.928813
-0.167150,-0.436188,0.050602,0.291465,-1.262884,-3.034577
-0.168017,-0.398341,0.039051,0.717020,-2.954823,1.103561
-0.171647,-0.316996,0.006023,0.975013,-0.785893,3.512949
-0.199262,-0.250402,0.023981,1.087285,-0.292017,3.335112
-0.207980,-0.196783,0.033011,2.285578,-1.058535,2.416970
-0.212694,-0.140043,0.062803,2.707985,-0.998168,1.814862
-0.202364,-0.081756,0.016235,2.748297,0.411344,2.312748
-0.196777,-0.025243,0.025895,3.472895,0.708545,2.466874
-0.192596,0.000397,0.063702,3.739436,-0.082821,4.695923
-0.160356,0.050667,0.025659,3.308353,0.759919,7.302652
-0.138623,0.107801,0.026545,3.206368,1.883353,8.983720
-0.145023,0.126127,0.046817,3.292069,0.532154,8.298941
-0.101488,0.170785,0.064775,3.110471,0.772599,7.773935
-0.107515,0.180954,0.051875,2.592315,-0.930914,7.042679
-0.110518,0.178994,0.015040,2.159654,-0.167715,5.854764
-0.099995,0.181551,0.029056,2.913633,-0.279826,5.901411
-0.080816,0.169816,0.047815,1.835589,-1.568715,6.562042
-0.034018,0.151326,0.034774,1.010834,-1.784736,7.781512
-0.017044,0.142569,0.015969,0.355807,-0.929086,7.039290
-0.006593,0.097770,0.048708,1.032878,-0.887547,4.734622
0.034582,0.061174,0.049525,-0.152357,-2.333398,3.255067
0.055156,0.051314,0.005127,-0.919499,0.641226,1.260381
0.060313,0.047099,0.045048,-1.171039,0.536427,-1.143871
0.095990,0.040541,0.043650,-1.385822,0.822627,-1.309492
0.108207,0.040597,0.021457,-2.516294,0.612787,0.253475
0.085827,0.028780,0.022488,-3.348024,1.401527,1.456931
0.089753,-0.001346,0.034344,-2.790564,0.857388,2.655426
0.092051,0.000754,0.038752,-2.736096,0.067078,1.487957
0.090423,-0.030928,0.021618,-3.494171,1.925907,-0.221632
0.103392,-0.027475,0.039363,-3.246800,0.791906,-3.100144
0.110482,-0.047974,0.061286,-1.938210,0.334446,-6.090872
0.122407,-0.054755,0.042599,-1.917436,0.313346,-7.226064
0.142548,-0.064353,0.034062,-1.912873,0.149139,-7.231118
0.131470,-0.088925,0.041657,-1.278453,0.441542,-7.173817
0.145899,-0.085981,0.060065,0.398298,0.180893,-5.773295
0.148128,-0.057827,0.050855,0.039478,-0.499142,-5.396537
0.117949,-0.057187,0.060160,-0.433472,-0.570368,-6.688042
0.109303,-0.037279,0.059222,0.592195,1.048783,-7.520709
0.113140,0.015410,0.060252,0.782051,0.159882,-6.697766
0.117631,0.037419,0.068888,0.638024,0.281008,-5.469527
0.111040,0.067998,0.041155,-0.408637,0.823145,-3.586783
0.096216,0.081046,0.057226,0.703348,1.201065,-1.352217
0.095130,0.104066,0.089935,0.674259,-0.436182,0.625315
0.110436,0.119119,0.057721,0.179487,1.528554,1.272021
0.114174,0.116129,0.034393,0.598980,1.615145,0.787494
0.117838,0.099011,0.082215,1.202430,1.296834,0.868944
0.117696,0.094067,0.070628,1.344126,0.725049,1.799545
0.103267,0.105894,0.037856,1.144836,1.120642,1.040816
0.068722,0.084955,0.061628,1.052928,-0.264970,-0.110136
0.062013,0.069052,0.067746,1.542638,-1.146551,0.432737
0.078872,0.088957,0.058959,0.815364,-0.700280,1.758997
0.058064,0.061552,0.050753,1.145978,-0.681823,2.775677
0.010738,0.005317,0.071629,1.294561,-1.085455,2.664458
0.018761,-0.000851,0.070877,1.826378,-0.648106,3.120832
0.038839,0.001043,0.062524,1.015974,-1.906590,1.478250
0.009701,-0.052418,0.062192,0.576981,-0.372240,-1.058215
-0.005861,-0.090012,0.041368,0.942559,0.771683,-2.706538
-0.029212,-0.093954,0.051111,0.567997,0.333044,-2.574958
-0.021801,-0.088111,0.036776,-0.858193,0.571057,-3.143040
0.004292,-0.073094,0.016885,-1.268353,2.374675,-2.809856
-0.032409,-0.088072,0.022911,-1.414343,1.075072,-1.107137
-0.105220,-0.092224,0.056205,-2.119824,-0.107561,0.694517
-0.115399,-0.075352,0.025206,-2.382987,-0.010062,2.157221
-0.105319,-0.060496,0.020026,-2.111973,0.700008,0.669147
-0.139850,-0.064576,0.004930,-3.432728,-0.845531,-1.433568
-0.178573,-0.069411,0.035115,-2.302308,-2.564082,-2.311847
-0.195484,-0.051246,-0.015799,-2.033592,-1.177307,-2.643148
-0.203411,-0.029103,-0.023736,-3.290355,-1.324354,-2.683673
-0.199627,-0.028459,-0.012936,-2.150200,-0.900335,-2.834580
-0.181426,-0.002088,0.010041,-1.328041,-0.776929,-1.610900
-0.198238,0.000088,-0.009831,-0.891691,-0.869910,1.008851
-0.245889,-0.011181,0.014321,-1.216228,-1.036530,2.188011
-0.265902,0.002665,-0.014719,-0.105084,-0.357476,0.970990
-0.255195,0.054892,-0.023650,0.862901,-0.379750,-0.214148
-0.255464,0.063203,0.025859,1.282212,-0.851427,-0.932500
-0.274936,0.057458,0.009345,1.285370,-0.702207,0.524121
-0.309332,0.034321,-0.033780,1.739604,0.009409,1.828658
-0.319209,0.018027,0.004116,3.086729,-0.397771,2.183732
-0.266070,0.044588,-0.019262,3.632812,-0.599283,2.278388
-0.259305,0.024861,0.022251,2.961081,-1.266242,4.109333
-0.250757,-0.009251,0.032355,3.719718,-0.686452,4.673119
-0.265617,-0.047875,0.027467,4.163878,-0.821934,4.525557
-0.233925,-0.077177,0.003266,4.032495,-0.858415,3.994177
-0.196098,-0.083434,0.011012,2.839631,-2.249204,3.583381
-0.223838,-0.129414,0.012998,2.644559,-1.373078,3.118072
-0.244425,-0.151255,-0.002157,2.378622,-1.150335,5.276292
-0.233600,-0.186942,0.006469,1.897735,-2.001501,7.040351
-0.198215,-0.231127,0.031816,1.375867,-2.399536,7.398335
-0.167364,-0.262346,-0.004146,0.702436,0.170580,6.885579
-0.156367,-0.303768,0.016576,0.915216,-0.461499,6.461226
-0.150446,-0.370326,0.004520,0.276871,-0.514041,6.118307
-0.117126,-0.385454,-0.014824,-1.170130,0.821389,4.120343
-0.094831,-0.425375,0.009726,-0.443270,1.210726,1.502579
-0.050729,-0.450562,0.036983,-0.208388,0.895868,0.914642
-0.035062,-0.483599,0.020548,-0.636126,1.272954,0.534339
-0.057953,-0.556814,-0.000250,-0.808940,2.543964,0.683917
-0.056453,-0.601370,0.021900,0.089007,0.411176,-0.014195
-0.032199,-0.625040,0.037922,1.037704,0.884195,-1.239535
-0.025063,-0.647167,0.038470,0.583191,-0.467585,-3.100894
0.027840,-0.680349,0.019694,1.187590,1.304072,-5.475029
0.033551,-0.701143,0.009995,2.034633,0.041531,-6.921649
0.052580,-0.718648,0.053031,2.788970,-0.780194,-7.774045
0.083077,-0.741862,0.035769,2.453784,-0.096656,-8.494097
0.085791,-0.736308,0.002304,2.424636,1.002947,-10.306417
0.076390,-0.732320,0.050855,3.146300,0.315211,-11.421383
0.086697,-0.703244,0.058421,2.868851,-0.900046,-11.001677
0.079837,-0.685194,0.046745,2.272649,0.567223,-10.181954
0.047534,-0.674309,0.035250,2.648531,0.618128,-9.105275
0.068434,-0.639177,0.048462,2.680538,0.893675,-8.057422
0.092865,-0.595117,0.041592,2.154491,1.135295,-7.746765
0.104531,-0.566527,0.025035,1.018899,2.132805,-6.649758
0.086700,-0.525247,0.031400,0.743145,1.460145,-6.845435
0.068043,-0.500944,0.070474,0.954317,1.166167,-7.046967
0.104225,-0.431080,0.041352,0.531096,1.219559,-6.054259
0.095609,-0.414277,0.045695,-0.223671,-0.301175,-5.471712
0.052671,-0.405881,0.035122,-0.044447,0.696496,-4.324789
0.035022,-0.343048,0.058969,0.422893,0.331246,-3.015202
0.038265,-0.273113,0.063384,-0.051744,-0.658935,-0.266350
0.087288,-0.199363,0.017009,-0.164807,4.573108,1.224619
0.031194,-0.157499,0.050037,-0.354690,-0.206454,1.018018
0.007160,-0.131646,0.051340,-0.075266,-0.535610,3.366287
0.013594,-0.084546,0.055535,0.038759,0.014668,5.000013
0.025673,-0.029247,0.072144,-0.626929,-0.557228,5.909868
0.047052,0.022379,0.058227,0.044454,2.129825,6.801821
0.016614,0.055026,0.090785,0.569894,0.891702,6.055637
-0.006294,0.085074,0.099901,0.781815,0.727337,6.036939
0.017385,0.143829,0.089134,0.044018,0.669189,6.765617
0.022155,0.202641,0.109210,0.097101,0.473283,6.672681
0.016945,0.247505,0.106410,1.208919,1.379312,8.269249
-0.000146,0.284216,0.117678,1.433175,0.186109,10.055194
-0.018666,0.307853,0.123997,0.338965,-0.050916,11.474842
0.007134,0.324321,0.094262,0.585597,2.452488,13.045285
0.023080,0.346123,0.121896,1.070213,-0.388413,11.789034
0.008851,0.324853,0.170096,1.399579,-3.575224,10.441806
0.026789,0.320008,0.116818,1.257952,0.543449,8.750057
0.026583,0.302545,0.121489,1.452351,-0.440039,5.506433
0.050981,0.288109,0.149938,1.841008,-0.075468,2.416178
0.100385,0.293367,0.144959,1.626419,0.017543,1.040541
0.120168,0.274037,0.106630,1.053978,1.826219,0.160113
0.079361,0.231326,0.090116,0.738073,0.686382,-0.052061
0.062194,0.220701,0.103672,0.853743,0.003139,-1.092177
0.070200,0.201032,0.126393,-0.060295,0.021534,-2.834089
0.098025,0.193877,0.089555,-1.132244,1.596740,-4.142695
0.064879,0.170995,0.089443,-1.622785,0.201986,-4.489938
0.042929,0.140954,0.126288,-1.515971,0.593187,-4.592238
0.087606,0.138344,0.090579,-2.859496,0.653591,-3.411026
0.138773,0.107440,0.079612,-3.294471,2.950605,-3.522046
0.127728,0.072476,0.101384,-3.354766,1.531653,-4.670795
0.118684,0.047555,0.102238,-2.440709,1.395336,-5.456404
0.115632,0.026961,0.107857,-3.398268,0.470615,-4.674507
0.154634,0.001965,0.072338,-3.163233,1.191267,-3.820901
0.154453,-0.015100,0.087552,-2.739384,0.618269,-3.917815
0.160723,-0.035697,0.084595,-1.634411,1.302706,-1.953134
0.165059,-0.046887,0.048600,-2.388098,1.188162,-1.285886
0.159400,-0.099272,0.070408,-0.946303,0.644331,-1.652944
0.170918,-0.095516,0.106777,0.330654,-0.772881,-2.649912
0.160864,-0.123089,0.086659,0.430574,-0.533444,-3.880121
0.169044,-0.130409,0.061083,0.674331,0.457518,-5.520901
0.150554,-0.147911,0.068764,1.261871,0.760201,-6.125589
0.203109,-0.128147,0.099139,1.903739,0.571385,-3.412629
0.204356,-0.103053,0.091977,1.443830,0.872598,-0.831480
0.166267,-0.126476,0.088924,1.743389,1.328956,0.879045
0.148906,-0.133777,0.084040,2.748104,1.602238,2.024970
0.167616,-0.106611,0.107920,1.981556,0.353940,2.594270
0.193849,-0.090855,0.068209,1.207862,1.664198,1.899207
0.161369,-0.115848,0.072755,2.026309,2.056813,1.145221
0.117372,-0.136888,0.073720,2.601369,1.139287,1.847485
0.123677,-0.121267,0.073648,1.904652,0.173794,3.214578
0.120217,-0.134646,0.076356,0.918755,0.182955,2.049565
0.113593,-0.148528,0.072138,1.776981,0.791384,1.594826
0.070226,-0.160305,0.069522,1.801603,-0.283532,1.942340
0.029970,-0.175296,0.066610,1.171535,-0.691556,0.782506
0.024689,-0.162216,0.017098,0.985201,0.765574,-1.704247
0.013788,-0.197774,0.079166,1.139696,-0.182495,-3.579068
0.026786,-0.214515,0.073234,1.065775,-0.317965,-3.170341
-0.029777,-0.221894,0.046262,-0.209071,-0.469912,-2.243227
-0.029806,-0.241706,0.046246,0.506802,2.026878,-2.871693
-0.046576,-0.241020,0.054482,0.587317,0.065647,-3.107648
-0.041948,-0.239057,0.052824,-0.338780,0.687239,-3.488808
-0.032971,-0.243203,0.037607,-0.209590,1.325946,-4.030223
-0.065099,-0.297679,0.046912,0.057053,1.100731,-4.724124
-0.081899,-0.340071,0.055933,0.648801,1.173033,-4.328285
-0.055560,-0.304020,0.016773,-0.146692,0.924340,-5.036448
-0.049600,-0.283554,0.040462,-0.422318,0.426056,-6.801032
-0.034146,-0.296756,0.035979,0.049211,0.071976,-6.889824
-0.072764,-0.306643,0.008971,0.561589,-0.530250,-5.746056
-0.115777,-0.287684,0.029873,-0.698709,-2.464771,-4.079992
-0.101981,-0.263295,0.021204,-0.542918,-1.115476,-3.730206
-0.091359,-0.228255,0.033146,-0.110913,-1.287377,-3.338335
-0.104853,-0.199685,0.029716,-0.490012,-2.410582,-0.565935
-0.115711,-0.199202,0.019044,-0.699031,-1.793595,2.242014
-0.110515,-0.166745,-0.027563,-1.111417,0.606649,3.367983
-0.135343,-0.139357,0.027162,-0.653589,-1.242903,2.940474
-0.118045,-0.106211,0.042373,-0.148734,-1.695614,2.828178
-0.140815,-0.043086,-0.006122,-1.205341,0.065709,5.087637
-0.190912,-0.022820,0.009214,-1.033771,0.780687,7.550972
-0.179059,-0.026605,0.019520,-0.219956,0.804573,9.416143
-0.176531,-0.010823,0.023752,0.278870,0.087163,11.972303
-0.193859,0.014163,0.046876,0.761181,-0.730833,11.983312
-0.201107,0.009499,0.013756,0.717055,0.408307,10.506342
-0.212405,-0.020421,0.021339,2.246340,0.328889,8.856979
-0.225003,-0.048525,0.028764,2.997611,-0.556890,8.348497
-0.165706,-0.025617,0.009273,2.927275,-0.289234,7.716838
-0.140169,-0.042528,0.030346,4.165083,0.048874,6.253425
-0.164557,-0.088354,0.047831,4.236988,-1.380766,6.540357
-0.128578,-0.122866,0.032604,4.735839,-0.795021,9.029792
-0.088595,-0.156291,0.020111,4.921704,-0.239045,10.863367
-0.031625,-0.188272,0.027871,4.437581,0.317945,9.168954
-0.010483,-0.235017,0.044710,5.182350,0.853376,6.112813
0.033164,-0.278046,0.047264,4.470409,0.329463,3.593894
0.051923,-0.338227,0.065123,3.181392,0.361634,0.777611
0.094112,-0.396930,0.054505,4.211867,2.216104,-1.014386
0.188338,-0.428051,0.063712,3.370483,1.535910,-1.542929
0.211541,-0.483823,0.080735,1.552092,1.119835,-1.899046
0.241297,-0.510578,0.055535,1.011225,2.120591,-3.021541
0.251682,-0.565923,0.068593,0.912558,1.517745,-5.204940
0.277876,-0.655268,0.082806,0.597641,1.302831,-6.197141
0.301500,-0.683244,0.091278,-0.732790,0.727715,-7.074766
0.329506,-0.677857,0.086216,-0.671497,0.919570,-9.260834
0.314134,-0.743276,0.071754,-1.072109,1.114678,-11.961296
0.297627,-0.777122,0.086666,-1.039869,0.858645,-12.340723
0.315660,-0.788453,0.073763,-1.334097,-0.747006,-11.998935
0.356855,-0.786962,0.068120,-1.470055,1.344928,-12.373470
0.389384,-0.771909,0.054528,-1.626759,1.731728,-13.092702
0.341723,-0.768889,0.094570,-1.504166,1.431381,-12.750420
0.321759,-0.715986,0.095053,-1.649336,2.466967,-11.784882
0.369135,-0.655977,0.057367,-1.898204,3.337329,-10.856847
0.391915,-0.636197,0.058138,-1.984716,3.127768,-11.223183
0.342931,-0.578626,0.109420,-0.874293,-0.980502,-10.343054
0.349351,-0.488464,0.078063,-0.586266,2.595275,-7.762389
0.366837,-0.432403,0.065425,-0.800934,2.437416,-6.177384
0.387017,-0.365435,0.029233,-0.098758,4.162603,-5.557657
0.386164,-0.297423,0.087556,1.054687,1.173184,-4.193893
0.398913,-0.247379,0.080410,1.315792,1.319667,-1.023911
0.366276,-0.165984,0.039773,1.268213,1.459610,0.793981
0.364943,-0.080535,0.033733,3.014010,3.319896,1.278596
0.383883,-0.031151,0.073096,3.079873,0.181031,2.522135
0.357951,0.032295,0.061644,3.064320,-0.129875,4.807007
0.289063,0.107082,0.033336,3.342546,1.278314,5.634228
0.336954,0.169068,0.039688,2.788336,0.542073,5.664666
0.368163,0.208828,0.041690,2.993794,0.516933,6.555438
0.335345,0.287607,0.038457,3.364184,1.248579,7.971149
0.340479,0.366218,0.027901,2.721588,1.932307,8.467194
0.308285,0.345253,0.051380,0.812935,2.205452,7.499537
0.298188,0.388184,0.056878,1.453618,1.833181,7.290389
0.324999,0.464517,0.047428,1.372614,2.036232,7.557461
0.277282,0.469828,0.077301,-0.027615,-1.027887,8.270291
0.220909,0.456951,0.032145,-1.049556,1.252268,9.870863
0.191886,0.457299,0.018756,-0.332764,1.156723,9.976275
0.203769,0.425161,0.061746,-0.629463,-1.228868,9.369727
0.224842,0.397565,0.045987,-1.467246,-0.670866,8.811464
0.176203,0.381442,0.017653,-1.423846,0.403400,6.567670
0.143720,0.337982,0.021290,-1.152119,-0.069803,4.862633
0.171305,0.330807,0.023472,-0.948296,-0.240375,3.379828
0.177273,0.330928,0.036100,-1.634378,-0.231840,1.892306
0.160982,0.289602,0.025849,-2.223172,0.108660,1.976756
0.135195,0.228821,0.019813,-2.470714,0.703051,1.800877
0.086612,0.193207,0.031554,-1.764025,0.292628,1.000349
0.096525,0.216095,0.043541,-1.889949,-1.843370,-1.538398
0.130534,0.199227,0.034758,-2.873069,0.975900,-3.433884
0.134342,0.139549,0.013678,-2.798928,2.267139,-4.627129
0.049809,0.119313,0.011728,-2.215350,1.772607,-4.959438
0.068243,0.104000,0.053264,-1.397002,0.887901,-5.894778
0.161681,0.086137,0.035102,-2.462875,0.972325,-3.609641
0.133656,0.081932,0.028573,-2.628373,0.644288,-4.397377
0.101872,0.079408,0.013146,-1.174594,1.949192,-5.277482
0.136741,0.047273,0.011213,-1.078711,0.272710,-3.958377
0.156925,0.019543,0.033182,-2.485511,-0.570411,-2.622909
0.176925,0.076854,-0.000686,-1.422339,0.588884,-2.783431
0.170311,0.084598,0.010106,-0.234435,-0.760782,-0.809503
0.116292,0.019638,0.033297,-0.840566,-2.049966,1.297960
0.069041,0.023538,0.009988,-0.563256,-1.151799,2.804487
0.099978,0.031780,0.005330,0.677614,-1.124004,1.539620
0.109454,-0.031660,0.034222,1.045844,-1.377487,0.690841
0.057201,-0.063910,-0.000716,1.667082,0.312802,0.151900
0.031913,-0.045062,-0.009867,2.188434,0.352594,-1.152638
0.041961,-0.091331,0.026269,1.768112,0.716348,-1.035414
0.039410,-0.117578,0.028353,2.775925,1.588636,-0.779272
0.003950,-0.100847,0.031967,3.003017,-0.042325,0.822167
-0.013141,-0.132014,0.027503,2.176854,1.179756,3.089961
-0.006675,-0.183190,0.021716,2.146846,1.412054,4.351515
-0.062007,-0.194515,0.043971,3.173629,0.883880,3.864318
-0.066954,-0.233454,0.044247,3.240453,0.831069,3.259617
-0.027154,-0.298611,0.017413,1.752714,1.734511,3.546796
-0.074411,-0.332591,0.031265,2.519183,0.658794,1.849909
-0.045680,-0.359126,0.058962,3.889542,0.520101,0.316640
0.032455,-0.420222,0.057104,2.160764,-0.183388,1.694581
0.023340,-0.479795,0.016248,1.557708,-0.260168,1.182025
-0.030158,-0.507295,0.039448,2.724953,0.256390,-1.383248
0.059729,-0.556666,0.058946,3.081228,0.081738,-3.936859
0.096420,-0.610626,0.042767,1.221419,-0.653742,-4.959813
0.053282,-0.615307,0.051432,0.940291,2.043710,-6.958403
0.100185,-0.602322,0.014150,0.978249,1.867305,-8.334788
0.140834,-0.612008,0.030589,0.082104,0.883749,-8.415351
0.127219,-0.595773,0.048783,-0.890485,1.321246,-7.864145
0.124343,-0.581308,0.028137,-1.169030,1.612004,-8.083103
0.175369,-0.602440,0.047031,-1.410164,1.616842,-6.763345
0.139541,-0.622312,0.055903,-1.437333,1.085960,-6.681101
0.126385,-0.573935,0.041572,-0.735124,1.036862,-8.512223
0.174145,-0.558826,0.031212,-2.044600,0.261819,-9.257467
0.119797,-0.562181,0.029335,-1.958240,0.535019,-10.990534
0.047331,-0.512603,0.054347,-0.612686,-1.042790,-11.042654
0.096965,-0.435964,0.007336,-0.822250,-0.364421,-8.053842
0.091726,-0.407194,0.026574,-1.986278,0.052695,-5.320349
0.029730,-0.311261,0.038381,-0.738791,0.277151,-3.948308
0.039023,-0.233724,0.027746,0.153477,0.377377,-1.614186
0.065657,-0.237469,0.014305,-1.197646,-0.435059,1.661906
-0.018301,-0.168367,-0.009352,0.415577,2.534819,2.023352
-0.062545,-0.068298,0.050129,1.392276,0.045818,0.616011
0.019909,-0.015359,0.039658,0.465939,0.149451,1.874815
-0.047282,0.031324,0.043574,0.560463,0.221376,4.011123
-0.086862,0.112797,0.022613,2.509664,1.676546,5.905607
-0.001679,0.133394,0.059156,2.730056,0.776315,8.340807
-0.014031,0.139375,0.053947,1.353386,0.750091,12.150015
-0.051763,0.188214,0.023000,3.250369,1.464579,12.573737
0.038675,0.228421,0.040174,3.888130,0.418243,13.325292
0.027091,0.180868,0.070618,3.456979,0.276737,13.992304
-0.054595,0.213617,0.038719,3.903472,-0.136443,12.998098
0.015275,0.257861,0.016579,3.760033,-0.271633,12.881985
0.071303,0.195830,0.053382,2.311470,-1.513928,12.996455
0.022214,0.174911,0.046318,3.966662,-0.489443,13.275137
0.042417,0.192898,0.035286,4.163707,-0.857210,13.605236
0.088926,0.099191,0.058729,2.058076,-1.301764,14.156707
0.124071,0.060990,0.038004,2.008905,1.166492,12.097916
0.173357,0.084260,0.050293,3.188610,1.295488,9.283439
0.230360,-0.017956,0.058568,1.104702,1.083269,7.131215
0.195503,-0.099679,0.034301,-0.319528,1.776992,6.688768
0.159922,-0.086880,0.050645,1.305321,2.494773,3.937299
0.236606,-0.146680,0.078519,0.020703,-0.324326,1.062820
0.286778,-0.215605,0.027658,-1.849755,1.797790,0.411310
0.219465,-0.237984,0.011643,-0.989376,2.696433,-0.913473
0.264664,-0.292945,0.045724,-0.354519,1.195876,-1.443523
0.326013,-0.384371,0.054748,-2.276892,0.205423,-1.400964
0.270648,-0.408051,0.019110,-1.834676,1.357490,-4.832621
0.293080,-0.427003,0.024490,-0.732279,1.591065,-9.186011
0.371718,-0.483314,0.072657,-1.798368,0.630972,-10.545975
0.299248,-0.528405,0.036192,-1.927985,0.634300,-12.992963
0.293560,-0.536565,0.033573,-0.276916,1.305056,-14.763080
0.347579,-0.548999,0.054931,-0.454450,-0.192362,-13.206103
0.310300,-0.552928,0.063495,-1.762593,1.066620,-14.053528
0.314236,-0.523412,0.015483,-0.185234,3.165926,-15.141910
0.364690,-0.518367,0.043482,-0.098627,1.778844,-13.804915
0.334154,-0.523107,0.096005,-0.814392,1.839638,-11.239404
0.299593,-0.445267,0.043627,-0.404448,3.150748,-11.597960
0.365501,-0.387000,0.061440,-0.038279,3.215386,-12.073952
0.383187,-0.400064,0.080863,-0.032072,3.153361,-9.604028
0.329187,-0.319070,0.039550,0.682741,2.838319,-7.531091
0.323226,-0.266676,0.052762,0.514234,3.087256,-6.836813
0.364378,-0.272693,0.072571,-0.100386,1.612201,-4.459545
0.317242,-0.218483,0.076149,1.147075,1.039215,-3.732168
0.293963,-0.122518,0.070424,1.892093,-0.067597,-2.685675
0.310074,-0.111574,0.046381,1.136919,-0.241297,-1.278861
0.228098,-0.096248,0.061802,1.455640,-0.281572,1.573603
0.207491,-0.013052,0.058555,2.368962,-1.255433,3.273255
0.311006,0.061745,0.052634,1.532019,-0.647571,4.643950
0.241116,0.058945,0.031423,0.822517,0.691546,5.047157
0.116574,0.118118,0.012801,2.387564,2.560638,5.139410
0.171515,0.152531,0.072716,1.908873,0.902718,6.917055
0.243135,0.182680,0.055749,0.589434,1.039366,8.504477
0.138967,0.231234,0.053398,1.028857,2.412551,7.088374
0.144123,0.255833,0.061056,1.486255,2.660769,6.643426
0.149438,0.261931,0.055135,0.030172,2.105200,7.544039
0.108246,0.305020,0.023538,0.058651,2.523366,6.879242
0.165298,0.358045,0.030999,0.197262,2.617739,6.070886
0.191207,0.319906,0.069752,-0.319151,1.001388,7.054023
0.115330,0.321652,0.054180,-0.711924,0.105282,7.839917
0.091755,0.357253,0.018188,-0.359775,0.610788,5.658121
0.173974,0.330127,0.078292,-0.352153,-1.041556,4.040921
0.183831,0.298721,0.054209,-1.514553,-2.376195,4.256493
0.092668,0.337027,0.017879,-0.729962,-0.782880,2.042807
0.076262,0.305233,0.053313,-0.483030,-1.818394,0.577523
0.123595,0.294218,0.037400,-1.805039,-1.900550,-0.100972
0.086986,0.318478,0.015207,-2.189836,-0.934676,-2.200700
0.081573,0.304383,0.028875,-1.061294,0.048050,-2.123310
0.112812,0.262831,0.065228,-2.057560,0.000819,-1.939220
0.034805,0.286678,0.026935,-2.838560,-0.084702,-2.608669
0.038117,0.301702,0.031616,-2.320388,2.371619,-4.679218
0.113721,0.292271,0.051468,-2.705080,1.099090,-5.288136
0.049793,0.291739,0.043394,-2.666610,1.585176,-4.185083
-0.009281,0.293653,0.031423,-1.942537,1.858157,-2.897501
-0.000386,0.275882,0.010973,-2.778794,0.862794,-0.830782
-0.032692,0.242388,0.049010,-2.224587,0.017359,-0.348523
-0.065040,0.271782,0.043088,-1.145364,0.342242,-0.471674
-0.056736,0.243980,0.021805,-1.365530,-0.854073,0.053086
-0.096857,0.156198,0.016215,-2.026098,-1.965838,1.547617
-0.143766,0.174136,0.013126,-0.051140,-1.227079,1.712067
-0.135816,0.171937,0.031406,0.735782,-3.372402,2.127512
-0.076388,0.102280,0.027257,0.400244,-1.160436,4.068791
-0.146533,0.089009,0.008163,1.066822,-0.944697,4.322670
-0.200510,0.087109,0.047628,1.782512,-1.553652,4.191782
-0.122411,0.056612,0.060633,0.905392,-1.839162,5.460253
-0.125814,0.041933,0.001395,0.058513,1.100304,5.531688
-0.183625,0.029797,0.034196,2.077304,1.289222,4.348493
-0.140999,0.000183,0.084916,1.432364,-2.216311,5.153683
-0.118475,-0.052920,0.067135,0.826115,0.825899,7.274455
-0.168680,-0.090583,0.040728,2.063587,2.997639,7.498152
-0.099053,-0.115566,0.040049,2.046039,1.414273,6.510064
-0.052196,-0.178349,0.068009,1.564617,-0.180372,6.039164
-0.105352,-0.202662,0.028022,2.316591,0.008822,5.463489
-0.113532,-0.277895,0.039806,2.280057,-0.429945,4.530282
-0.024669,-0.360127,0.054902,2.728465,-1.169071,4.460796
-0.026209,-0.399717,0.037085,2.102497,-1.695614,2.291937
-0.054691,-0.438672,0.018782,2.564802,-1.607172,-0.972055
-0.002654,-0.526337,0.033694,2.754567,-1.971063,-2.119909
-0.003622,-0.564072,0.047244,2.293627,-2.150773,-3.303310
0.004820,-0.553519,0.026410,2.778926,0.077379,-5.923819
0.074575,-0.591733,0.021191,1.362547,0.255178,-8.673165
0.077923,-0.679371,0.053070,1.368922,-1.153578,-7.931523
0.042880,-0.667137,0.009381,1.761744,0.658006,-7.690462
0.059525,-0.693075,0.019560,1.014868,1.785881,-9.451664
0.116902,-0.750659,0.025160,0.669726,2.230714,-11.464083
0.037707,-0.765617,0.037633,0.827402,1.709492,-12.619297
0.025595,-0.739029,0.026341,-0.107309,2.072966,-14.867371
0.080562,-0.768184,0.039110,-0.206235,1.384052,-17.073703
0.039355,-0.789979,0.043361,-0.044079,0.472824,-16.374272
0.002870,-0.712536,0.007070,-0.091812,2.549599,-15.052872
0.016276,-0.690574,0.004881,-1.591864,0.765332,-13.380574
0.008303,-0.647304,0.008642,-1.393975,-0.617362,-10.745997
-0.025940,-0.598038,0.039218,-0.449313,-0.665762,-8.147137
0.050003,-0.545401,0.041756,-0.916138,-1.357014,-4.973729
0.045690,-0.514815,0.011393,-2.049268,-0.502132,-3.463029
-0.001810,-0.444775,0.025695,-0.812951,0.791004,-4.530960
0.021423,-0.373030,0.036287,-0.105546,0.284550,-3.798858
0.103100,-0.329682,0.023167,-1.014700,0.733331,-2.073239
0.059995,-0.271278,0.017827,-0.042753,0.998253,-1.184025
0.035307,-0.184011,0.006112,0.721615,1.625521,0.365784
0.092573,-0.127290,0.024900,1.139860,1.416800,2.937566
0.110590,-0.059718,0.018424,0.605121,-0.173682,6.185798
0.106123,0.048816,-0.015014,1.381447,1.815285,7.102589
0.138113,0.087900,0.016487,2.203747,1.611633,8.474179
0.154877,0.134333,-0.004530,2.075949,-0.060966,12.426294
0.124554,0.221587,0.011764,1.530384,-1.321022,13.714289
0.188958,0.318918,-0.002183,1.738094,0.875100,13.457228
0.218110,0.309458,0.023095,3.063204,0.062407,14.181013
0.188528,0.320562,-0.008925,2.779152,-0.143553,17.230996
0.144603,0.361665,-0.003506,2.894008,-0.689560,18.335666
0.227435,0.325985,0.013491,3.061340,-0.437088,17.725423
0.265199,0.319952,0.017581,3.417556,-0.758859,16.962401
0.240765,0.324514,0.037131,3.462221,0.592304,14.586828
0.270386,0.306074,0.015838,2.693982,1.133884,11.386513
0.259639,0.240428,0.046689,2.722156,1.187000,8.849496
0.243296,0.212511,0.038811,2.666722,1.206695,6.338464
0.271938,0.218239,0.027060,2.078680,1.669358,6.684791
0.301221,0.170341,0.029670,0.923065,1.569769,5.442212
0.229532,0.135564,0.023742,0.712214,1.447810,3.004800
0.216994,0.090703,0.001749,0.872551,2.250412,1.797716
0.261497,0.019733,0.007559,-0.873138,0.760940,0.666930
0.262288,-0.066595,0.018056,-1.020326,1.164017,-0.700828
0.215539,-0.100292,0.022107,0.067500,1.504373,-4.414311
0.221582,-0.187307,0.034288,-1.246348,-0.927333,-4.945602
0.261559,-0.255417,0.003752,-2.160832,0.635380,-6.907708
0.219212,-0.300236,0.033218,-1.433916,1.306990,-10.312133
0.227658,-0.312036,0.014784,-1.102744,0.453162,-11.249000
0.242921,-0.394113,0.042287,-2.767544,0.451268,-11.688481
0.210409,-0.392955,0.000259,-3.318462,1.067099,-10.865627
0.187813,-0.385362,0.028199,-1.944650,1.050894,-11.529924
0.261713,-0.411048,0.033198,-2.349867,1.226747,-10.181779
0.232930,-0.434799,0.015555,-3.513977,1.306337,-9.913614
0.233829,-0.384903,-0.001346,-2.471560,3.661703,-11.644149
0.119259,-0.401207,0.168724,-3.992170,-21.840192,-13.543624
0.248160,-0.378115,0.026082,-2.373537,2.099367,-10.968150
0.209007,-0.326190,0.023820,-1.914029,1.176244,-9.637369
0.217844,-0.303659,0.022356,-0.759162,1.509956,-7.427795
0.240401,-0.285941,0.044162,-0.217011,0.500482,-4.546180
0.160900,-0.277364,0.032785,0.164822,0.574589,-1.781991
0.163729,-0.223627,0.027093,0.734210,0.115363,-0.203841
0.197020,-0.199028,0.036271,1.355490,0.112389,0.829609
0.190714,-0.182170,0.041362,2.350364,0.546042,1.654233
0.163145,-0.088988,0.032768,2.956125,0.746408,-0.024217
0.124665,-0.073344,0.026364,2.050937,-0.546547,0.920445
0.148053,-0.038855,0.031708,2.927800,1.394831,2.735548
0.074654,-0.003582,0.043870,3.717644,-1.471424,3.189695
0.078859,0.037580,0.025166,3.324358,0.175166,5.022858
0.086100,0.048481,0.042744,2.548869,-0.085611,6.728052
0.035928,0.077498,0.008754,2.951066,1.344524,5.742134
0.016699,0.123248,0.018139,3.710770,1.319502,4.266109
0.051516,0.099017,0.008905,1.951127,0.722453,3.577015
0.010961,0.103153,-0.004822,1.913904,1.599061,3.354845
-0.015377,0.142756,0.027707,2.344741,2.164228,1.409162
0.044002,0.147680,0.012883,1.228472,1.123229,1.902166
0.031634,0.118098,0.011262,-0.331588,0.710580,3.290749
-0.040428,0.122520,-0.015359,-0.342979,1.428617,3.877402
0.004380,0.148559,-0.004645,0.117186,-0.005510,2.775386
0.034283,0.115059,0.011350,-1.839875,-0.099030,1.550246
-0.012931,0.088461,-0.032119,-2.501503,1.037643,-0.116206
-0.017471,0.120225,-0.006782,-1.146575,-0.961796,-2.072120
0.004101,0.068770,0.031065,-2.604017,-4.742163,-3.411141
-0.024742,0.062707,-0.034958,-2.984865,-0.485862,-4.360085
-0.058840,0.085687,-0.011719,-2.163570,-0.671244,-5.240091
0.033998,0.072889,0.023965,-2.396268,-0.819302,-4.897239
0.010774,0.063085,0.000784,-3.247532,-0.509676,-3.400283
-0.080317,0.064197,-0.049424,-3.068502,1.110454,-3.117427
-0.071677,0.066630,0.012893,-2.440604,-0.441381,-3.625499
-0.028713,0.047513,0.003305,-2.362279,0.071749,-3.011288
-0.113164,0.093802,-0.013951,-2.041227,1.094251,-3.835074
-0.141058,0.081854,0.006555,-1.241208,0.391051,-5.379255
-0.097901,0.077192,0.015329,-2.128034,-1.451460,-4.064499
-0.130604,0.130371,0.002225,-1.954121,0.280279,-2.700913
-0.105746,0.177044,-0.018720,-0.893348,1.005156,-2.329476
-0.073985,0.157448,0.001323,-1.079541,-0.057819,0.446363
-0.162834,0.145129,0.008462,-0.886908,-0.342127,4.507556
-0.185273,0.210975,-0.014046,-0.084037,-0.975608,5.725376
-0.099394,0.218698,-0.021579,-0.365467,-1.846570,5.197994
-0.105358,0.184614,-0.030287,-0.113113,-0.626334,6.409874
-0.173377,0.218475,-0.015927,0.908320,-0.762880,7.616875
-0.112829,0.208444,-0.021989,1.691549,-1.426231,8.869543
-0.063012,0.166455,-0.018274,0.885914,-0.509850,9.373179
-0.112100,0.139516,0.013067,2.604621,0.290583,9.060556
-0.068733,0.178456,0.004795,2.678476,-0.179111,10.275731
-0.026813,0.118282,0.023062,1.646100,-0.084393,9.934169
-0.060907,0.086859,-0.009798,1.699716,0.998910,9.237799
-0.037983,0.075486,0.018096,3.497930,1.023394,9.014308
0.078422,0.023186,0.026427,2.142027,0.048070,8.770334
0.008532,-0.037988,0.015821,2.488830,1.187706,7.658531
-0.020061,-0.111692,0.007753,3.860581,1.598211,4.982783
0.118711,-0.182419,0.032187,3.189700,0.091624,4.812355
0.109346,-0.265790,0.011042,2.170001,0.623409,3.369156
0.056276,-0.283676,-0.027983,3.075891,1.824633,-0.399206
0.087751,-0.368120,0.040994,3.018865,-0.596063,-2.699423
0.153455,-0.450460,0.049154,1.797181,-0.624338,-0.727358
0.099791,-0.492209,-0.007107,1.281015,0.561243,-1.355122
0.141809,-0.543625,0.015864,2.049397,0.911118,-3.484879
0.157716,-0.646871,0.031967,0.976313,-0.638432,-4.081063
0.088096,-0.683618,0.028317,0.295338,-1.519012,-5.585459
0.156360,-0.651824,-0.017069,-0.426198,1.682895,-8.789132
0.247599,-0.723349,0.025596,-0.722077,1.300898,-11.350167
0.168505,-0.783841,-0.000545,-0.679031,1.500234,-12.455752
0.100982,-0.780959,0.010966,-0.137583,2.586609,-12.992354
0.221175,-0.791318,0.031531,-1.277255,1.434808,-13.087135
0.226260,-0.802708,-0.031072,-2.426538,2.654017,-13.706932
0.154834,-0.811453,0.000230,-0.645737,3.121706,-14.827604
0.215244,-0.787356,-0.008108,-0.507015,1.706863,-14.301388
0.188167,-0.773153,0.016760,-2.099417,-0.177184,-13.151432
0.128332,-0.717575,-0.016682,-1.357274,2.232719,-13.542369
0.202794,-0.666389,0.013166,-0.207252,1.335412,-11.589488
0.255503,-0.644839,0.022823,-0.438786,0.441582,-7.270614
0.159843,-0.566300,0.020561,-0.347905,-0.770767,-5.707887
0.201116,-0.519693,-0.009047,0.294235,1.507370,-5.323986
0.301378,-0.478049,-0.010872,0.556439,1.112509,-3.931655
0.262216,-0.417127,0.044411,1.511947,1.674032,-2.832667
0.286617,-0.296901,0.007595,1.804895,2.253829,-2.996730
0.357850,-0.247139,0.018884,1.388885,0.731595,-1.551724
0.342471,-0.192811,-0.015687,0.811478,2.954836,0.782811
0.362849,-0.093606,-0.000086,3.019893,3.042979,1.926310
0.451386,-0.024117,0.009365,2.546923,1.717130,4.943411
0.414229,0.023817,0.008731,1.606859,-0.969076,8.051784
0.369023,0.085595,-0.035900,2.156621,2.345396,10.207199
0.450966,0.155935,-0.010360,3.656016,1.871316,11.141523
0.473693,0.182076,0.025737,2.780432,0.223857,12.424488
0.419497,0.230909,-0.039491,2.942085,1.545239,12.591638
0.410789,0.239883,-0.032641,2.176332,1.472523,12.216471
0.462861,0.249862,-0.035359,2.574147,0.013876,12.403889
0.407654,0.256020,0.000259,2.812439,0.705443,11.340105
0.442540,0.289156,-0.031354,2.333114,1.063580,11.630060
0.474777,0.265795,-0.009066,0.899099,0.920312,11.103751
0.417078,0.267981,-0.034929,1.186480,2.678310,10.085547
0.393664,0.284534,-0.009083,1.675383,2.878243,7.453753
0.453024,0.243783,-0.007652,-0.166124,1.772597,7.917763
0.423909,0.212078,-0.026322,-0.894911,2.941214,8.530355
0.372384,0.212767,-0.000916,0.850726,3.513415,5.546860
0.425753,0.162959,-0.010553,-0.006118,2.384499,2.658427
0.412853,0.113575,-0.018553,-1.508539,1.772042,0.670615
0.331725,0.080084,-0.026489,-0.853329,3.050572,-1.466963
0.351386,0.054311,-0.006375,-0.741565,1.345394,-3.452473
0.372082,0.026498,0.009056,-2.196657,-1.833411,-4.257326
0.296579,0.011639,-0.032260,-2.557479,0.878789,-3.525502
0.289558,-0.016935,-0.026604,-1.914948,0.921087,-3.099027
0.310461,-0.051991,0.009850,-2.326168,-0.327038,-3.275999
0.274814,-0.092792,-0.002433,-1.741543,0.788355,-3.093161
0.264005,-0.093731,-0.038201,-2.299459,1.125615,-4.465441
0.289233,-0.123571,-0.009867,-2.490346,0.569547,-7.612094
0.253159,-0.119202,-0.009703,-1.754509,1.427865,-8.692694
0.196068,-0.127441,0.012151,-1.558445,-0.217161,-10.054736
0.288219,-0.131725,0.002324,-1.964253,1.105005,-8.477371
0.239232,-0.146013,-0.006995,-1.971527,2.157719,-6.601435
0.128213,-0.156261,-0.004346,0.234747,2.227536,-5.072688
0.160608,-0.144152,0.004228,-0.363100,1.083443,-4.796726
0.201093,-0.163929,0.005048,-0.666958,0.556569,-4.501788
0.148568,-0.110530,-0.011315,0.477332,1.651390,-6.233404
0.103733,-0.111046,0.020833,1.003012,0.533877,-6.744225
0.115097,-0.114020,0.000121,0.711078,-0.135773,-3.572948
0.086720,-0.084373,0.002823,0.316795,-0.556667,-0.456496
0.099725,-0.052733,-0.003867,1.128946,0.262649,2.218534
0.094273,-0.049290,0.016340,1.650656,-0.476589,3.497595
-0.009097,-0.085791,0.010957,1.874610,-0.839820,5.531029
-0.032331,-0.052001,-0.008367,1.891518,-0.818491,5.198976
0.019374,-0.061914,0.029686,1.674848,-0.629196,3.165582
0.015087,-0.086345,0.018664,2.576950,-0.060172,2.138756
-0.087935,-0.063431,0.010891,2.672394,0.881783,2.433786
-0.112353,-0.079147,0.010943,1.815845,0.723707,1.198138
-0.029669,-0.075018,0.021661,1.952214,1.069213,0.630163
-0.083783,-0.086240,0.042008,1.977023,-0.417351,0.688760
-0.113765,-0.096173,0.008104,2.061545,1.281938,1.494457
-0.106317,-0.087835,-0.007901,0.599649,1.091255,1.690642
-0.145375,-0.098559,0.027766,0.726381,0.157834,-0.867948
-0.141239,-0.080562,0.004270,1.271824,0.485569,-2.078974
-0.122122,-0.099521,0.028199,-0.651022,-1.194412,-2.086408
-0.153029,-0.102163,0.003197,-1.553203,-0.820743,-1.915436
-0.217749,-0.088380,0.003148,0.038831,-0.563892,-3.530404
-0.142351,-0.115237,0.001913,-0.787089,-1.566716,-3.230690
-0.096486,-0.124897,-0.001159,-1.969814,-2.155198,-2.796317
-0.174894,-0.113517,-0.036412,-1.646152,-0.247763,-3.956920
-0.176663,-0.108722,-0.010333,-1.188535,-1.072433,-5.979195
-0.144413,-0.119793,0.004667,-2.066048,-2.628253,-6.363387
-0.150151,-0.072795,-0.036488,-2.035272,-0.603248,-6.276347
-0.140569,-0.022748,-0.034804,-2.610428,1.424750,-6.706790
-0.108339,-0.012418,-0.005482,-2.647027,-0.207540,-7.365969
-0.145322,-0.011801,-0.000125,-2.379331,-0.953652,-6.087959
-0.142391,0.032857,-0.022967,-1.817686,1.210417,-4.098634
-0.072426,0.067572,-0.033603,-2.165693,-0.114766,-3.609966
-0.079473,0.065835,0.001244,-2.229642,0.103172,-3.584596
-0.122453,0.112085,-0.004103,-0.488066,0.461371,-2.322277
-0.097480,0.138791,-0.014216,-1.204911,-0.537137,0.852358
-0.035124,0.144781,-0.028932,-1.287185,-0.301717,2.454862
-0.061085,0.178331,-0.012362,0.962657,-0.321648,2.218755
-0.049751,0.153263,-0.012920,1.158162,-0.926230,3.783320
0.007984,0.155915,-0.017725,0.962972,-0.494370,5.106745
-0.034408,0.155206,-0.026772,2.004792,-0.516375,4.922652
0.009944,0.166652,-0.027907,3.281302,0.037359,4.652186
0.086435,0.142076,0.012224,2.046348,-0.861967,5.523797
0.095153,0.177546,-0.056192,2.069167,1.022232,7.153324
0.039502,0.183813,-0.018966,2.260307,0.679630,7.189423
0.097844,0.171205,0.009040,2.308293,-0.907770,7.764357
0.128003,0.153233,-0.027116,1.403262,0.154913,11.185788
0.123861,0.139729,-0.038201,1.440800,1.239086,11.630404
0.154493,0.120622,-0.012959,2.351545,1.973755,8.953261
0.179111,0.059126,-0.005774,1.363948,0.781038,8.144879
0.185220,0.025208,-0.038726,1.122689,2.022528,7.898467
0.222712,-0.017145,-0.046043,1.092862,2.956884,6.403307
0.281375,-0.052507,-0.020942,1.134962,0.486173,5.817860
0.255044,-0.097857,-0.012523,0.504029,1.402341,5.677798
0.238034,-0.141956,-0.059888,0.210060,2.664179,5.401203
0.302895,-0.198332,-0.001175,0.120325,0.075931,3.876834
0.317620,-0.228373,-0.004862,0.090917,-0.502645,1.896822
0.252615,-0.255768,-0.025400,-0.422781,0.300620,-0.461106
0.290806,-0.321256,-0.039445,-0.065379,1.298508,-1.918613
0.338746,-0.344614,-0.018805,0.146128,0.861445,-2.439114
0.317262,-0.387473,0.016865,0.716727,0.827107,-3.502575
0.341982,-0.451973,-0.038359,0.022495,2.558541,-4.513159
0.333776,-0.515925,-0.004084,-0.247656,-2.205639,-6.033574
0.340095,-0.554697,-0.012181,2.247913,3.360641,-8.231107
0.377459,-0.566740,-0.014161,1.687804,2.582217,-11.421296
0.391980,-0.629156,-0.011380,0.648811,2.557651,-14.005008
0.360892,-0.633837,-0.013721,1.065739,2.784507,-13.598518
0.324572,-0.615993,0.022002,1.739637,1.191484,-13.216807
0.396096,-0.609543,-0.014784,1.041016,2.187002,-11.498613
0.421329,-0.605401,-0.016580,0.615888,3.057238,-9.953565
0.384283,-0.603064,0.002360,1.018735,2.044078,-9.108446
0.403170,-0.569041,-0.007842,1.092744,1.655362,-8.990675
0.408544,-0.576476,-0.018805,0.482660,-0.044193,-8.722729
0.394925,-0.540868,-0.040565,-0.283625,1.878101,-8.959932
0.391383,-0.516529,-0.016416,0.561987,1.481596,-8.705189
0.414678,-0.472636,-0.020483,0.613567,0.784449,-7.044357
0.340279,-0.445635,-0.016967,-0.262375,0.611993,-5.195364
0.359340,-0.414113,-0.012519,0.099787,2.344119,-3.767362
0.433612,-0.364772,-0.019652,-0.133401,1.728136,-2.487321
0.410795,-0.296366,-0.019373,0.024734,1.850604,-0.679736
0.341677,-0.225465,-0.060883,-0.439407,2.975102,0.459544
0.341913,-0.186936,-0.038287,-0.814389,2.430014,1.070543
0.411846,-0.125072,-0.016147,-0.116848,2.247234,2.288145
0.396776,-0.048669,-0.013596,0.434392,2.305905,3.425968
0.360653,-0.008368,-0.024051,0.609520,1.723984,5.117628
0.348879,0.035450,-0.049046,0.020233,1.930243,5.925425
0.338349,0.092439,-0.026532,1.679837,1.797534,7.202648
0.375896,0.147804,-0.029867,1.708411,0.797821,7.720689
0.375276,0.162247,-0.043788,0.926409,0.503984,8.202643
0.266942,0.194723,-0.069023,1.585021,1.414952,9.414188
0.232821,0.224617,-0.052696,2.602488,0.192779,8.547548
0.306154,0.271930,-0.030353,2.509306,-0.090915,7.687267
0.285488,0.261311,-0.035851,1.911971,0.406748,7.855939
0.230727,0.289960,-0.079064,2.181800,2.584951,7.698849
0.208032,0.292901,-0.012966,2.347393,1.001969,5.871187
0.246266,0.327157,-0.031393,2.130237,1.468000,4.226505
0.210996,0.331906,-0.013143,0.825628,1.125973,3.568359
0.236567,0.330856,-0.043857,0.322605,2.510617,2.796540
0.227527,0.298524,-0.019672,0.568472,2.133379,1.984222
0.181464,0.272855,-0.016810,0.396542,0.461565,0.480624
0.178454,0.251539,-0.039517,-0.099116,2.210914,-1.658049
0.247957,0.255951,-0.075093,-1.110708,2.396185,-3.245950
0.203151,0.254681,-0.000873,-1.944204,-0.172537,-4.196470
0.189746,0.243881,-0.019951,-1.707291,1.155965,-3.789769
0.206086,0.219663,-0.041494,-2.971650,-0.220004,-0.956462
0.203197,0.205214,-0.060387,-2.977102,0.453296,1.722658
0.143949,0.190000,-0.040437,-2.594035,-0.625881,2.490318
0.151620,0.126754,-0.008305,-2.277519,-1.301065,2.454678
0.182045,0.089866,-0.046463,-3.275272,-0.867639,2.366926
0.117644,0.056700,-0.032664,-2.656589,-0.995247,-0.544296
0.117378,0.028550,-0.046345,-1.620451,0.747239,-5.411854
0.128870,0.009561,-0.038418,-1.213675,0.163795,-8.120992
0.076433,-0.013130,-0.018283,-1.350608,0.501880,-7.374395
0.072724,-0.024937,-0.062353,-1.244986,1.638086,-4.746708
0.055061,-0.068942,-0.006214,-0.310781,0.526157,-3.135755
0.003500,-0.110570,0.016264,0.513682,1.707037,-1.498117
-0.014779,-0.117135,-0.009749,0.789722,1.413052,-2.197661
0.035616,-0.090855,-0.027474,0.538527,2.295604,-4.670614
-0.000983,-0.086329,-0.032214,0.500296,1.629666,-6.723364
-0.030286,-0.121162,-0.032014,1.276422,1.346760,-6.036120
-0.020409,-0.091899,-0.008160,0.758749,-0.943653,-1.687288
-0.013972,-0.068712,-0.016882,0.186430,0.403384,2.141739
0.006550,-0.040696,-0.049194,0.112516,1.210440,4.477605
-0.030827,-0.069224,-0.017571,0.629618,-1.459321,5.598266
-0.036102,-0.094387,0.000459,1.020202,-1.381298,7.006025
-0.061488,-0.073028,-0.007606,0.048735,-2.041491,5.367323
-0.077937,-0.084471,-0.025131,0.553094,-1.475136,1.261684
-0.047345,-0.084379,-0.002705,0.932859,-1.213355,-1.529781
-0.059230,-0.099567,0.005557,1.031477,-1.351339,-2.731393
-0.069760,-0.080230,-0.019242,1.057408,-0.225886,-1.604851
-0.086018,-0.105827,-0.008961,0.526694,0.408081,-1.427786
-0.074700,-0.134052,-0.013137,0.546657,-0.101301,-1.343722
-0.110305,-0.157509,0.019688,1.473858,0.641344,-2.385727
-0.088582,-0.127753,0.016504,1.185653,0.826326,-3.198993
-0.114877,-0.160026,-0.011118,0.663709,0.262961,-5.680780
-0.160398,-0.186246,-0.031587,0.901364,1.432149,-7.481924
-0.179279,-0.156169,-0.006667,1.219587,0.447831,-7.095161
-0.143845,-0.140030,0.015004,0.360199,-2.089697,-6.000730
-0.128545,-0.135188,-0.021638,-0.339903,0.229926,-3.895016
-0.175842,-0.160571,-0.027422,-0.425745,0.368340,-2.129963
-0.141866,-0.170914,-0.011676,-0.184069,-1.145537,-0.549563
-0.131404,-0.154213,-0.011692,-0.115128,0.315956,-1.493094
-0.171286,-0.156376,-0.029352,-0.784896,-0.746254,-3.040259
-0.113098,-0.162081,-0.048932,-0.526864,-0.936613,-4.809594
-0.119240,-0.155102,0.012857,-0.370321,-1.567681,-5.226911
-0.139824,-0.112959,-0.053579,-0.911421,-0.695353,-4.155031
-0.126678,-0.102186,-0.046798,-1.410546,-0.248200,-4.994318
-0.078833,-0.111587,-0.032575,-1.242836,-0.226723,-4.079577
-0.053010,-0.089096,-0.022475,-0.398419,-1.289938,-3.507959
-0.044636,-0.054374,-0.028065,-1.195982,0.195497,-1.599477
-0.040126,-0.052405,-0.057847,-1.450785,1.123380,-1.981044
-0.049517,-0.038724,-0.033950,-0.746502,1.332186,-1.018538
0.019486,0.023091,-0.040821,-0.794944,0.933658,0.579413
0.048358,0.077481,-0.049673,-1.602640,-0.128939,1.732862
0.009445,0.060426,-0.070937,-1.080309,1.704001,4.055200
0.015918,0.091655,-0.061379,-0.252104,0.159850,8.165103
0.051480,0.122831,-0.032562,-0.452116,-0.686376,10.089892
0.095064,0.148215,-0.051791,-0.808405,-0.364392,9.183516
0.088010,0.135272,-0.050770,1.041646,0.122230,7.686376
0.094385,0.108694,-0.046315,1.516766,-0.667715,8.889738
0.151020,0.140691,-0.064523,1.796094,0.140746,9.044778
0.157096,0.124381,-0.054567,2.263573,0.521633,8.420491
0.170652,0.118413,-0.060335,2.282847,0.439225,7.411838
0.172379,0.102526,-0.017972,3.137732,0.083595,7.942520
0.164077,0.103206,-0.009936,2.553350,-0.616050,7.788973
0.176409,0.050746,-0.059268,3.276169,0.772957,5.522033
0.196445,-0.029103,-0.039849,4.084387,1.126781,4.065633
0.219800,-0.063670,-0.013632,4.156302,1.284170,3.844939
0.227855,-0.071981,-0.006742,3.718894,1.239568,3.349980
0.226070,-0.139481,-0.063519,3.274495,3.139821,1.516374
0.219682,-0.189315,-0.033622,2.487478,1.550770,1.040070
0.226513,-0.259789,-0.012336,2.957448,2.065289,0.904608
0.270537,-0.264336,-0.028380,2.040938,0.774037,0.306863
0.240115,-0.283269,-0.012194,0.659961,0.804678,-0.690943
0.193196,-0.347375,-0.038933,-0.193069,1.083679,-2.231149
0.199196,-0.392787,-0.004733,0.484311,-0.053656,-1.854478
0.255664,-0.451330,-0.012621,-0.702317,-0.237227,-2.303937
0.265275,-0.480284,-0.040174,-1.427732,1.024858,-5.213747
0.218458,-0.565660,-0.008781,-1.198637,1.592125,-8.937166
0.249135,-0.565726,-0.014111,-1.577149,1.415688,-8.691140
0.275552,-0.558380,-0.013248,-1.229952,2.158146,-10.590316
0.310313,-0.595865,-0.004743,-2.033522,1.570527,-11.217868
0.343295,-0.629054,-0.034604,-2.389273,2.653945,-12.127060
0.327369,-0.623687,-0.004464,-1.007560,2.374002,-10.658914
0.288183,-0.610666,-0.002442,-0.961905,2.373973,-10.080913
0.329072,-0.596328,-0.005390,-1.531211,0.084797,-10.090802
0.375785,-0.568066,-0.026207,-1.084356,2.976225,-9.583567
0.363742,-0.520629,-0.004875,-0.207036,1.783728,-7.547319
0.340748,-0.452931,-0.015260,-0.735006,0.573319,-6.487175
0.305288,-0.419162,-0.042354,-0.489943,0.407864,-5.177318
0.324155,-0.398197,-0.036777,0.525988,1.172023,-3.203896
0.361198,-0.327427,-0.016366,1.307412,-0.084042,-0.686968
0.309729,-0.286187,-0.002728,1.366384,0.000921,-0.389574
0.270901,-0.258660,-0.057233,1.547194,2.506931,-0.562067
0.261064,-0.203459,-0.035687,2.152200,0.961372,-1.283965
0.283666,-0.143781,0.006450,2.690808,0.137562,-0.470495
0.297292,-0.063611,-0.031535,2.255823,1.568649,0.939847
0.245482,-0.037030,-0.039714,2.022957,1.436649,2.353179
0.238976,-0.005886,-0.031876,2.643932,2.939546,4.781093
0.258241,0.061168,-0.021917,3.246095,2.089858,6.335134
0.281835,0.085658,-0.021500,2.682878,2.910270,6.206108
0.222790,0.102398,-0.042518,1.990599,1.731655,5.776432
0.193124,0.114635,-0.057174,1.973484,1.836037,4.754195
0.198543,0.166649,-0.026312,2.528909,0.773817,4.534169
0.186667,0.191300,-0.054643,1.408603,-0.045920,5.756418
0.151227,0.203255,-0.069161,0.135266,-1.125553,5.969625
0.114243,0.203511,-0.058661,0.820987,-0.566446,6.918035
0.099561,0.230998,-0.038638,0.677213,-1.427544,7.686877
0.085561,0.200563,-0.047277,-0.458839,-0.852819,6.595095
0.091588,0.189938,-0.069421,-0.780291,0.365642,4.837336
0.067731,0.185677,-0.023351,-0.941794,-0.920329,2.399354
0.092005,0.209547,-0.026910,-1.311826,0.453966,1.402546
0.063421,0.200543,-0.052631,-2.102191,0.514386,-0.238946
0.060533,0.176995,-0.053205,-2.397466,1.355156,0.035610
0.045670,0.169623,-0.035877,-1.881533,1.405689,0.770722
0.006583,0.163452,-0.025662,-1.949410,1.095568,1.056861
-0.003616,0.174005,-0.082974,-2.699083,1.000814,-0.563840
-0.044124,0.141646,-0.044641,-2.769977,0.240348,-2.413629
-0.026288,0.129744,-0.035506,-1.587758,0.645056,-2.743589
-0.040353,0.145050,-0.047838,-1.956497,-0.868171,-3.100361
-0.075396,0.115922,-0.040745,-2.479281,-1.453144,-3.588798
-0.100625,0.132580,-0.062173,-2.083081,-0.629183,-2.479916
-0.108601,0.147575,-0.026089,-1.468402,-2.200214,-1.449108
-0.090013,0.161000,-0.033445,-1.526842,-2.030873,0.036957
-0.144114,0.149560,-0.056734,-1.470667,-0.530667,0.476961
-0.158796,0.114780,-0.034617,-0.937267,-1.215528,-0.136632
-0.144022,0.130903,-0.015562,0.020062,-1.113063,-0.283613
-0.141866,0.140885,-0.038621,-0.105724,-0.461296,-1.064210
-0.130715,0.119024,-0.056727,0.429471,1.181525,-1.435112
-0.151700,0.087575,-0.009372,0.784670,0.445517,-1.440423
-0.128349,0.081092,-0.000401,1.478348,0.169116,-1.049058
-0.110184,0.081325,-0.026263,0.585580,0.806011,-0.188313
-0.089921,0.062451,-0.027034,1.070049,2.495167,-0.181965
-0.126185,0.041873,-0.001842,1.733065,0.021616,0.467003
-0.111608,0.039215,-0.010373,1.639607,0.146428,2.426994
-0.112737,0.033201,-0.029007,1.339136,0.701101,2.747241
-0.148224,-0.008384,-0.007399,0.980576,-0.861048,3.017363
-0.139256,-0.030770,-0.005452,1.485943,-2.044245,3.902726
-0.116121,-0.051003,-0.005459,1.661853,-2.451652,5.062724
-0.127682,-0.072247,-0.028121,0.841181,-1.955563,5.262815
-0.162640,-0.143932,-0.009759,0.985798,-2.115484,3.258814
-0.161055,-0.180023,0.013645,1.464979,-2.031112,2.824725
-0.127682,-0.201218,0.000400,1.361894,-1.099592,1.736128
-0.121915,-0.263180,-0.018021,1.162459,-0.834266,-0.144886
-0.157224,-0.319103,-0.022029,1.472778,0.195917,-1.566698
-0.172927,-0.361804,0.034042,1.617789,0.545901,-2.168681
-0.149093,-0.358253,-0.004284,0.751157,1.132164,-2.005090
-0.129504,-0.378443,-0.008308,0.731275,2.125190,-3.544340
-0.149392,-0.451234,0.006607,0.812122,0.960906,-4.657865
-0.135960,-0.470269,0.003052,1.112445,1.303865,-4.609117
-0.146100,-0.467066,-0.004277,0.209653,-0.902199,-4.870435
-0.173407,-0.505263,-0.012864,-0.168067,-0.081436,-7.043315
-0.152192,-0.514287,-0.009572,0.531079,0.018410,-8.364818
-0.132639,-0.500809,-0.009421,-0.146488,-1.240510,-7.526877
-0.129202,-0.494261,-0.042180,-0.799638,-1.124923,-8.184152
-0.153863,-0.479096,-0.048383,-0.863337,-1.213014,-8.919291
-0.154677,-0.454645,-0.020200,-0.821023,-2.352843,-8.389929
-0.117310,-0.409311,-0.028833,-1.317301,-1.807864,-6.922249
-0.078377,-0.365494,-0.058326,-2.203717,-1.086732,-6.522493
-0.095820,-0.353437,-0.023184,-1.637286,-0.763228,-5.747726
-0.092967,-0.323623,-0.037187,-1.221999,-0.082447,-3.704228
-0.062506,-0.251127,-0.057751,-1.416260,0.980082,-2.236574
-0.034878,-0.199159,-0.054804,-1.828167,2.655163,-3.205379
0.002939,-0.186378,-0.053297,-0.857442,1.906813,-3.117711
-0.000402,-0.178139,-0.024901,-0.084838,-0.143684,-2.228069
0.004653,-0.131256,-0.063138,0.236339,1.617242,0.673623
0.026034,-0.070169,-0.085383,0.681467,2.330730,1.795597
0.024607,-0.052146,-0.028321,1.536486,-0.965515,2.180286
0.075717,-0.022364,-0.055871,1.780135,-0.354200,4.268554
0.078655,0.019714,-0.081106,1.817548,-0.557484,6.340308
0.040375,0.015568,-0.072946,2.964015,-1.427449,7.455083
0.029671,0.066265,-0.097709,3.314245,-1.597285,8.292120
0.070653,0.084240,-0.074075,2.673894,-0.903598,8.111209
0.131434,0.124942,-0.117305,3.018195,-0.634589,8.754207
0.113633,0.109183,-0.058671,3.550147,-1.013697,9.374115
0.093502,0.078866,-0.064582,3.029113,-1.072640,11.068251
0.103638,0.081230,-0.075877,2.452231,0.846155,12.466235
0.186818,0.077780,-0.103935,2.896246,3.643495,12.415542
0.227918,0.063354,-0.063066,2.885102,1.976765,10.815630
0.195661,0.004887,-0.058401,2.429812,2.824234,10.397976
0.167245,-0.038878,-0.090546,1.500774,2.834069,10.220501
0.195779,-0.042617,-0.074731,1.576316,2.540612,8.516364
0.210110,-0.086339,-0.046650,1.317538,0.570227,6.079801
0.221133,-0.087970,-0.072106,0.420195,0.986775,6.051382
0.161136,-0.126762,-0.081441,-0.234277,-0.295070,5.997076
0.117490,-0.188403,-0.083276,-0.010149,-0.522819,5.422702
0.154627,-0.213136,-0.073504,0.236808,-0.838359,4.284018
0.187852,-0.249112,-0.064572,-0.988306,-1.414224,1.958385
0.198326,-0.300758,-0.089722,-1.241398,-1.013461,-0.498202
0.157286,-0.327280,-0.060519,-0.738699,-0.631615,-2.145409
0.128647,-0.392000,-0.072887,-0.280733,0.280194,-3.798386
0.162006,-0.427168,-0.082426,-0.540962,0.622211,-4.530815
0.177552,-0.467158,-0.038766,-0.593356,1.022311,-5.281381
0.169680,-0.488776,-0.034833,0.814511,1.918390,-6.790305
0.088109,-0.513309,-0.040115,0.366964,0.520662,-7.790866
0.067820,-0.563451,-0.041011,0.141595,2.103391,-9.067856
0.156186,-0.565194,-0.030993,0.858381,3.385820,-8.303821
0.185430,-0.554661,-0.014607,1.512167,2.632402,-9.230610
0.111585,-0.583756,-0.021917,1.168637,1.854980,-10.868158
0.060763,-0.599397,-0.073497,1.003235,1.928749,-11.440091
0.103743,-0.588522,-0.025357,2.226744,1.353774,-11.000890
0.178720,-0.558262,-0.022094,1.937548,1.046230,-10.661681
0.152106,-0.528011,-0.046155,1.038524,0.597478,-10.296284
0.083671,-0.524521,-0.033012,1.500928,0.360006,-9.301339
0.092848,-0.480806,-0.013494,1.059880,-1.558976,-6.364610
0.154621,-0.438236,-0.026663,0.738234,-0.510742,-3.662190
0.213360,-0.422057,-0.037115,0.340537,1.010550,-2.532249
0.183017,-0.404890,-0.021625,0.589635,0.183792,-1.005059
0.145361,-0.361010,-0.019350,0.530715,0.325364,1.284468
0.157066,-0.306233,-0.037466,0.382644,-1.051501,2.075647
0.156479,-0.298164,-0.029614,-0.419942,1.067516,1.362208
0.189946,-0.280873,-0.031354,1.117418,3.035167,1.142797
0.153938,-0.242760,-0.031416,1.384559,0.908128,3.056701
0.113813,-0.203985,-0.010514,0.906403,0.700934,3.297053
0.086635,-0.192608,-0.049188,0.877675,0.972499,2.987561
0.088299,-0.157689,-0.019606,1.208515,0.303020,3.184146
0.085860,-0.100686,0.017974,1.032803,-3.492591,3.714729
0.074775,-0.064606,-0.038103,0.897133,0.300551,3.068203
0.046284,-0.034040,-0.057446,1.175290,0.175911,1.400204
0.028424,-0.016590,0.004382,1.204819,0.228354,2.824759
0.044327,0.048734,-0.018159,1.304904,-0.167189,5.708936
0.040615,0.098144,-0.040184,0.517306,0.424211,6.093772
-0.005457,0.097445,-0.011692,-0.056576,-0.655665,4.953859
0.011464,0.116152,-0.003985,0.802599,0.257968,5.035651
0.023789,0.176043,-0.027336,0.253775,-0.518036,4.676778
0.024049,0.196207,-0.004875,-0.641090,0.881293,2.661662
0.014979,0.210207,0.004549,-0.919398,0.412699,1.260737
0.001498,0.228808,-0.000946,-0.744250,-0.340532,1.982036
0.013453,0.273817,-0.015329,-1.281572,1.407160,3.141593
-0.011316,0.290955,-0.022311,-1.596236,0.466767,2.339469
-0.037852,0.284505,0.014324,-1.409525,-0.694943,1.447903
-0.046806,0.305096,0.007664,-1.645936,-2.213268,2.217123
-0.073204,0.336574,-0.022534,-2.062500,-0.578597,0.971781
-0.120215,0.326543,-0.017387,-1.462096,0.131778,-0.927397
-0.101410,0.314726,-0.011426,-1.192615,-1.076500,-1.029716
-0.073286,0.308394,0.005642,-1.564902,-0.797093,0.257919
-0.060832,0.322135,-0.019715,-2.081473,-0.712924,1.141565
-0.123520,0.289836,-0.000772,-1.169011,-0.525395,0.967402
-0.142338,0.248165,-0.005840,-0.394319,-1.041634,1.979841
-0.102575,0.275596,-0.029322,-0.938091,-0.110981,2.310550
-0.099223,0.265375,-0.023801,-0.596924,1.479882,2.003586
-0.139814,0.223701,-0.003519,-0.219713,-0.568382,2.010949
-0.198891,0.197425,-0.035149,0.271225,-0.409818,3.017885
-0.202548,0.185090,-0.036045,-0.227371,-0.923677,3.524399
-0.165975,0.179920,-0.061017,0.184463,-0.704285,2.974945
-0.169409,0.143081,0.007077,0.614233,-1.191231,3.387282
-0.204662,0.096733,-0.016504,0.257429,-1.358314,5.232256
-0.226040,0.069380,-0.048072,0.108252,-0.715586,5.771338
-0.218366,0.038896,0.010717,0.757915,-1.052148,5.568930
-0.160818,-0.007629,0.009125,0.877878,-0.603704,6.043417
-0.172970,-0.056816,-0.010264,0.633665,-1.341544,6.139449
-0.225456,-0.117476,-0.020650,1.310500,-0.301047,5.187991
-0.218465,-0.143601,-0.004152,1.679230,-0.775911,4.943102
-0.198845,-0.179228,-0.021142,1.048683,-1.096083,2.852500
-0.171378,-0.232263,-0.022157,1.172175,-0.503761,0.230909
-0.151677,-0.259353,-0.027379,1.882068,-0.395394,-0.761339
-0.166185,-0.296280,0.001260,1.806749,-0.414472,0.049220
-0.175159,-0.342100,-0.008653,0.809420,-1.195124,0.551050
-0.162476,-0.372285,-0.044353,0.528345,-0.418076,-0.713276
-0.137825,-0.391373,-0.005377,0.905208,-0.563396,-1.436942
-0.121784,-0.411182,0.014321,0.798240,-0.914899,-1.771665
-0.191496,-0.441945,0.041083,-0.136585,-5.527634,-2.484556
-0.200240,-0.489429,-0.015244,-0.038224,-0.912680,-3.174574
-0.155586,-0.508109,-0.000049,0.795069,-0.619972,-4.070462
-0.139863,-0.552934,0.025468,1.359396,-1.298157,-6.716390
-0.134395,-0.575790,-0.023529,0.761802,-0.280230,-8.191803
-0.124541,-0.617605,-0.027665,0.767392,0.595699,-9.271295
-0.088831,-0.650902,-0.005538,1.751959,0.590470,-8.839716
-0.048001,-0.630846,-0.009569,1.601226,0.693125,-9.319732
-0.058183,-0.648992,0.003049,1.129645,-0.001915,-10.687633
-0.050656,-0.636387,-0.026489,1.316721,1.293752,-11.201135
-0.043159,-0.598137,0.011620,1.522454,0.615735,-10.590066
-0.032104,-0.596860,-0.010648,0.985408,-0.924136,-9.947581
-0.041837,-0.581866,-0.045413,0.280948,-0.088696,-9.127641
-0.071700,-0.573804,-0.022363,0.736708,-0.390956,-8.548304
-0.058505,-0.511579,-0.015989,0.596029,-1.342328,-7.733009
-0.045464,-0.482788,-0.015185,0.112700,-2.387171,-6.287242
-0.020895,-0.463521,-0.050540,-0.484776,-0.773383,-4.486571
-0.011563,-0.410611,-0.066319,0.140131,0.165151,-3.046756
-0.024197,-0.354826,-0.012877,-0.322995,-0.549557,-1.003140
-0.011169,-0.284651,-0.053172,-0.239253,0.791854,1.095090
0.011191,-0.229470,-0.066775,-1.002666,0.451311,3.829122
0.023143,-0.205094,-0.048019,-1.028368,0.961388,5.975732
0.053167,-0.169529,-0.024133,0.352721,1.635027,7.774328
0.052045,-0.113678,-0.053149,0.483346,2.301102,7.535770
0.057687,-0.067763,-0.020131,0.196297,1.714396,5.965664
0.110370,-0.015628,-0.050162,0.214284,2.359717,4.322193
0.155996,0.030332,-0.031469,1.293468,1.563020,3.856018
0.133882,0.057708,-0.004192,1.406998,-0.496920,5.777991
0.132743,0.101551,-0.052716,1.139197,0.574773,8.435929
0.150045,0.158357,-0.047090,1.207212,-0.353543,11.054484
0.197036,0.188467,-0.036921,2.121154,-0.349148,12.893087
0.204550,0.215718,-0.052719,2.104223,-0.761104,13.204666
0.180020,0.225398,-0.067858,1.240263,-1.056372,14.037551
0.187612,0.225040,-0.079511,1.630394,-0.172904,14.270644
0.221159,0.252872,-0.069644,2.800898,-0.104721,12.672037
0.228456,0.241091,-0.024898,1.315470,-3.202756,11.551101
0.243033,0.204351,-0.072851,1.560064,1.323668,10.178825
0.244087,0.175698,-0.078017,2.891854,1.989310,9.449254
0.243614,0.141909,-0.032831,2.152055,-0.688391,8.342581
0.253140,0.106964,-0.082278,2.203383,2.324214,5.492436
0.222721,0.068044,-0.099987,2.039540,1.759543,3.467985
0.166769,0.024608,-0.052703,2.022655,0.609055,2.124962
0.146280,-0.014384,-0.091521,1.601022,1.711452,1.071853
0.152113,-0.064412,-0.107149,0.287286,1.562150,-1.773525
0.135047,-0.107901,-0.118125,0.849488,-0.016598,-4.087427
0.085273,-0.139967,-0.095729,0.462194,-0.103044,-3.785824
0.041741,-0.168623,-0.121250,-0.740475,-0.870869,-4.192496
0.053318,-0.220092,-0.135742,-1.398863,-0.015160,-4.461449
0.059893,-0.278532,-0.124332,-0.886829,0.716466,-4.353984
0.029711,-0.297800,-0.123262,-1.586563,-0.628113,-3.878451
-0.021157,-0.323150,-0.141001,-2.233502,-0.358142,-4.303879
-0.050486,-0.349492,-0.168727,-2.655486,0.793265,-6.076193
-0.038531,-0.384214,-0.129108,-2.036323,0.637838,-7.208539
-0.034182,-0.413847,-0.126105,-1.771315,0.857929,-6.528072
-0.040632,-0.427742,-0.120889,-2.397502,-1.184167,-6.897163
-0.067374,-0.438620,-0.176333,-1.843365,1.910115,-7.955264
-0.049793,-0.441154,-0.130602,-0.990338,1.506687,-7.649541
-0.002218,-0.434494,-0.122287,-0.259106,1.299480,-6.470940
0.006067,-0.420475,-0.164145,-0.535536,1.139126,-5.479401
-0.018426,-0.436844,-0.156408,-0.043361,1.569273,-5.676778
-0.017980,-0.434747,-0.146200,0.815785,-0.318979,-4.360746
0.006612,-0.375646,-0.156530,1.479992,-0.522799,-3.109066
-0.029609,-0.350007,-0.143193,1.289985,-2.219124,-3.382494
-0.028973,-0.349590,-0.129535,2.010241,-0.937279,-3.783648
0.008615,-0.322760,-0.122077,3.057394,-1.254271,-2.079891
0.013423,-0.293562,-0.130011,2.628265,-2.207176,0.326006
-0.006675,-0.264309,-0.150434,2.469421,-1.264203,-0.066975
-0.016319,-0.242596,-0.149735,2.815938,0.526889,0.468557
0.020983,-0.226653,-0.102793,3.480599,0.280030,1.708420
0.064488,-0.175116,-0.108294,2.918393,0.720054,2.138368
0.022073,-0.173382,-0.130572,2.008951,1.430111,1.439161
-0.032153,-0.194370,-0.116629,2.881190,1.110329,0.463639
-0.029751,-0.147061,-0.107809,2.733027,-0.350898,0.397593
-0.015157,-0.101169,-0.086263,1.392781,0.683422,-1.732602
-0.026580,-0.092992,-0.119481,0.864358,1.509706,-2.667221
-0.103054,-0.089834,-0.102035,0.584376,-0.236675,-2.442060
-0.123507,-0.079455,-0.081904,0.659711,-1.149561,-1.381800
-0.063025,-0.022200,-0.108721,-0.732877,-0.511258,-0.986705
-0.065280,0.001099,-0.096297,-0.957980,-0.291916,-2.356070
-0.138764,-0.011118,-0.071209,-1.171240,-1.593511,-2.124026
-0.156082,0.028845,-0.076534,-1.345819,-1.345657,0.027320
-0.128424,0.074911,-0.101405,-2.609883,-1.109633,0.064947
-0.125293,0.064345,-0.056891,-3.069972,-1.103909,-1.208574
-0.122965,0.065999,-0.040026,-1.926998,-1.056678,-1.227793
-0.158087,0.111789,-0.063125,-2.585813,-1.146968,-0.693298
-0.179909,0.116385,-0.055900,-2.499281,-0.327359,-1.196992
-0.131697,0.115866,-0.034587,-2.015729,0.911682,-1.692134
-0.083182,0.158584,-0.020417,-2.067693,0.107780,-1.281750
-0.099266,0.180534,-0.007268,-2.208897,0.387759,-1.148083
-0.149881,0.218374,-0.069404,-1.799446,1.752679,-0.799145
-0.178606,0.231080,0.001808,-1.196554,-0.893701,-0.397348
-0.134657,0.273614,-0.014187,-1.881205,-1.526460,2.219357
-0.132612,0.308001,-0.009815,-1.709707,-1.637298,4.239005
-0.143392,0.313689,-0.003627,-0.573104,-1.479459,4.824126
-0.195310,0.332770,-0.002515,0.230591,-1.903553,4.950561
-0.194578,0.313354,0.004280,-0.175134,-1.853785,5.343233
-0.131572,0.345105,-0.002285,0.429320,-1.521655,5.221094
-0.139657,0.341156,0.031472,1.606291,-1.219178,4.610757
-0.154897,0.329569,0.021391,0.712834,-2.131289,5.156660
-0.158678,0.325693,-0.001651,0.470190,-0.017386,6.388158
-0.133886,0.328089,0.013779,1.433851,0.465399,8.481406
-0.102073,0.336702,0.032509,1.062069,-0.881159,9.843780
-0.113699,0.302890,0.013159,0.179986,0.106773,9.124962
-0.137858,0.271654,0.024362,1.076843,1.112955,9.973554
-0.139909,0.258616,0.040177,1.424391,-0.138938,10.388865
-0.118820,0.204807,0.033369,1.237945,-0.706602,9.672382
-0.129215,0.138597,-0.000995,0.700518,-0.816666,7.687390
-0.186737,0.058148,0.035289,2.015319,-1.950039,6.128960
-0.189195,0.002176,0.042694,1.807987,-2.631953,5.688516
-0.175990,-0.060069,0.004168,1.657395,-1.604392,3.246396
-0.183438,-0.177167,0.016218,2.229432,-1.351273,0.329473
-0.153522,-0.231180,0.020613,2.574449,-1.900146,0.311031
-0.166448,-0.270914,0.052801,1.760785,-3.984288,-0.609979
-0.194411,-0.338863,-0.002423,1.089619,-0.158130,-2.660680
-0.183408,-0.422828,0.016455,1.315766,-0.644003,-3.897974
-0.180628,-0.503028,0.051547,1.543222,-1.571886,-3.149699
-0.181599,-0.520477,0.023082,0.925582,-0.271548,-2.924582
-0.257352,-0.575934,0.020121,0.559564,-0.075544,-6.143360
-0.266818,-0.665561,0.007277,0.278371,0.142325,-9.313139
-0.207859,-0.678409,0.010796,0.474369,0.545208,-9.342276
-0.201937,-0.732730,0.003607,0.086657,0.257158,-10.487364
-0.225131,-0.789175,-0.020348,0.254051,-0.007909,-12.705036
-0.244665,-0.838310,0.002642,0.529133,0.306588,-12.664524
-0.198543,-0.829575,-0.022163,-0.475126,0.242068,-12.469690
-0.130784,-0.793560,-0.019866,-0.465226,0.241399,-13.929981
-0.126425,-0.817197,-0.024779,0.028499,-0.330225,-13.810887
-0.136958,-0.806056,-0.057348,0.096055,4.298177,-12.177736
-0.181494,-0.767363,-0.062225,-0.904439,-0.902235,-10.911182
-0.163454,-0.699551,-0.041234,-0.692282,-1.078680,-10.927981
-0.120480,-0.704412,-0.026506,0.033573,-0.947188,-10.130968
-0.109852,-0.645135,-0.049742,-0.433751,-0.793807,-8.440066
-0.137871,-0.623050,-0.039616,-0.198026,0.300007,-8.270765
-0.111135,-0.562489,-0.070139,0.103253,-0.178954,-8.787270
-0.085703,-0.510404,-0.044126,1.025293,0.201087,-7.614842
-0.023645,-0.455351,-0.056481,0.553853,-0.199196,-4.511961
0.037677,-0.389288,-0.091114,1.068349,1.234743,-2.480046
-0.031553,-0.332558,-0.075893,2.091609,1.224591,0.119024
-0.057993,-0.284772,-0.062865,2.145730,1.020682,1.933992
0.011976,-0.212105,-0.063693,1.672274,-0.196479,3.399674
0.062735,-0.113137,-0.111039,1.872332,1.344734,4.210643
-0.017678,-0.064067,-0.085905,2.820209,0.060343,3.233971
-0.035777,-0.070632,-0.076192,3.268576,-0.707554,3.486971
0.021127,0.010155,-0.102803,2.567044,-0.529072,5.804285
0.045470,0.077636,-0.096284,2.769469,0.792986,6.549880
0.081911,0.122418,-0.096986,2.621614,-0.056233,5.421477
0.074976,0.124479,-0.062196,2.311106,-0.599444,6.312068
0.052123,0.147072,-0.120873,1.408977,0.198589,9.549550
0.070127,0.204994,-0.123495,1.797657,1.157324,10.146461
0.106973,0.225500,-0.065331,0.902907,-0.894913,9.782048
0.092770,0.245017,-0.108882,0.325628,0.827826,10.334860
0.034608,0.274218,-0.119724,-0.563601,0.359740,9.491531
0.048302,0.279026,-0.100725,-0.130077,0.257135,8.682827
0.093400,0.259959,-0.101181,-0.204772,0.591362,8.298832
0.092156,0.256013,-0.103046,-1.703612,0.685801,8.394308
0.086615,0.247137,-0.115778,-1.302143,1.092571,6.314059
0.069336,0.249054,-0.090362,-0.797859,0.687505,4.619539
0.043444,0.213128,-0.098335,-1.091726,0.274745,3.557447
0.082492,0.198229,-0.104539,-1.862813,-0.342951,2.450347
0.108214,0.178656,-0.092979,-1.982813,0.219685,1.344342
0.045384,0.165109,-0.051495,-1.280368,-3.798630,-0.717293
-0.003389,0.153342,-0.089634,-1.288098,-0.777188,-1.418268
0.029248,0.118725,-0.095614,-1.862702,-1.068839,-1.579028
0.066051,0.106377,-0.079383,-1.697736,-0.800739,-1.034855
0.017576,0.067811,-0.054384,-0.342857,-0.339524,-1.145027
-0.022579,0.057731,-0.076232,-1.206306,-1.024155,-1.195419
-0.038915,0.038660,-0.077147,-1.374075,-0.113289,-2.221277
-0.048592,0.023134,-0.058067,-0.556150,0.039863,-2.839584
-0.034041,0.031675,-0.044182,-0.117557,0.737359,-3.762694
-0.021541,-0.026286,-0.061612,-0.871064,0.072668,-2.684763
-0.072137,-0.041691,-0.057403,-0.742159,1.024841,-1.216204
-0.136955,-0.058198,-0.021123,0.331224,0.140769,-0.653759
-0.064676,-0.067025,-0.013054,0.382752,0.599700,-0.123184
-0.043534,-0.115014,-0.027927,0.203262,-0.446210,-0.492366
-0.126957,-0.182304,-0.021418,1.119489,0.823368,-2.117144
-0.132878,-0.200453,0.020019,2.088186,-2.399874,-4.656964
-0.106146,-0.208613,0.009138,1.813465,-1.051613,-4.905602
-0.141528,-0.253113,-0.024684,1.688204,0.098202,-7.108056
-0.131611,-0.256694,-0.007330,1.790042,0.208646,-6.753898
-0.090630,-0.274862,0.019586,2.033907,-1.187197,-3.960882
-0.137198,-0.276248,-0.002885,0.637614,-1.359036,-1.052927
-0.204110,-0.299868,-0.001589,0.995406,-0.508986,-0.346682
-0.139295,-0.314885,0.033710,1.528054,-1.310722,1.404396
-0.121340,-0.297843,0.010359,0.692260,-1.348844,1.329025
-0.194454,-0.332978,0.018539,0.355232,0.306667,-0.698756
-0.195973,-0.372751,0.033313,0.549011,-0.487217,-2.096989
-0.194493,-0.391553,0.027772,0.552418,-1.033185,-1.133495
-0.208716,-0.402526,0.031797,0.681822,0.598745,-1.402668
-0.204987,-0.395945,0.003010,1.104918,1.390262,-3.480127
-0.207682,-0.437767,0.056638,1.277850,-0.499132,-3.401049
-0.250252,-0.455058,0.036455,0.683089,-0.881110,-2.708272
-0.282088,-0.425756,-0.004668,0.812975,0.352073,-4.201490
-0.239498,-0.437691,0.040512,1.025900,0.026248,-7.107574
-0.214453,-0.454648,0.036395,0.869380,-0.797030,-8.141177
-0.272100,-0.411999,0.027221,1.038813,-0.688093,-8.527115
-0.263710,-0.385142,0.020213,0.360369,-1.370029,-8.722824
-0.252198,-0.371422,0.008400,-0.133716,-1.324272,-8.345862
-0.260647,-0.354038,0.015834,0.649047,-0.822554,-7.514726
-0.249815,-0.287592,0.001437,0.046594,-1.875042,-6.140566
-0.265413,-0.279274,-0.002170,-0.594275,-0.889995,-6.317693
-0.315625,-0.272588,0.003614,-0.541858,-1.813001,-5.565139
-0.324563,-0.240072,0.035076,-0.236293,-3.951900,-4.742655
-0.228932,-0.167198,0.000102,-0.975787,-1.829121,-3.246151
-0.261737,-0.124569,-0.008472,-1.545250,-1.496990,-4.068449
-0.317870,-0.094535,-0.017456,-0.234858,-0.406551,-3.866035
-0.285761,-0.054460,0.005104,-1.270221,-1.192708,-1.906826
-0.237174,0.009945,-0.027018,-1.382642,-0.613503,-1.116473
-0.285206,0.065947,-0.028324,-1.385340,0.080927,-2.252655
-0.272841,0.111963,-0.031682,-0.557936,-0.515269,-1.831387
-0.256662,0.135968,0.005120,-1.357052,-1.642675,0.709208
-0.292339,0.185040,-0.040302,-1.344638,-1.139953,3.197673
-0.301159,0.241587,-0.057761,-0.575487,-0.724587,3.117561
-0.251374,0.242644,-0.025173,-0.475560,-2.289814,4.581934
-0.266444,0.287971,-0.028236,-0.221322,-1.656950,7.229191
-0.303168,0.312199,-0.051935,-0.301082,-1.190299,8.429302
-0.247278,0.338826,-0.066115,0.337444,-1.647888,9.236241
-0.253058,0.309064,-0.002521,0.487051,-2.652127,10.832239
-0.243211,0.348503,-0.032608,0.975695,-0.916400,13.327082
-0.179289,0.365207,-0.037804,0.950899,-1.064152,14.653986
-0.156761,0.329116,-0.046325,0.767851,-0.871712,13.942476
-0.245620,0.295399,-0.032490,2.289038,-1.356666,13.679473
-0.194582,0.275885,-0.060207,2.174451,-0.082266,13.330570
-0.103523,0.268549,-0.050205,1.428898,-1.219805,11.150477
-0.163339,0.214878,-0.056278,1.864550,-0.242197,7.732013
-0.170823,0.171133,-0.084910,3.686441,4.864384,6.061790
-0.151795,0.095807,-0.049982,1.808696,-1.748731,8.786735
-0.142558,0.071767,-0.073011,1.247563,-0.897276,8.117594
-0.161826,0.024903,-0.079501,2.277549,0.071946,5.313770
-0.128664,-0.083250,-0.035444,2.232803,-1.240402,4.255070
-0.125263,-0.130812,-0.048872,1.191384,-1.954293,5.063122
-0.194943,-0.173438,-0.064270,0.882487,-0.693985,2.224248
-0.141186,-0.239973,-0.060102,0.942913,-0.517107,-1.280759
-0.109025,-0.312781,-0.054682,0.138066,-1.177228,-2.020944
-0.156472,-0.345911,-0.053254,-0.625573,-0.539969,-1.829257
-0.129940,-0.382474,-0.078651,-0.585459,1.844440,-3.406947
-0.111897,-0.480668,-0.038303,-0.849724,-0.469499,-4.807888
-0.146077,-0.536289,-0.054236,-0.814064,0.596657,-5.527490
-0.125434,-0.544676,-0.088416,-0.794195,1.416935,-7.223950
-0.060077,-0.592688,-0.045544,-0.878022,1.254208,-9.941923
-0.087666,-0.669471,-0.031036,-0.825615,0.037769,-12.414577
-0.107764,-0.689004,-0.087425,0.726365,8.294982,-12.598077
-0.103665,-0.713035,-0.030583,-0.382180,-0.255218,-12.602054
-0.080848,-0.729845,-0.032060,-0.406477,-0.887136,-13.664674
-0.137323,-0.745410,-0.032624,1.213787,0.082644,-13.968599
-0.102841,-0.768735,-0.038116,1.214759,-1.026873,-11.336745
-0.074257,-0.757358,-0.053986,0.084215,-1.150279,-9.250630
-0.164967,-0.731988,-0.031502,1.282590,0.235270,-10.023607
-0.081741,-0.711197,-0.017210,2.237652,-0.130154,-10.248489
0.016364,-0.702571,-0.010199,0.954320,-0.170035,-7.919104
-0.046898,-0.676968,-0.036439,1.611274,1.124539,-6.850153
-0.097848,-0.634693,-0.006867,2.706486,-2.626609,-7.909111
-0.016772,-0.627291,-0.013685,1.858471,-0.009071,-7.157678
-0.002257,-0.561219,-0.031869,1.521289,0.711867,-5.421238
-0.046153,-0.474871,-0.034577,2.331454,1.774452,-4.388388
-0.017835,-0.437507,-0.002029,2.166278,-0.019086,-1.689126
-0.039604,-0.434241,-0.017919,1.333967,-0.640858,1.392572
-0.044971,-0.353805,-0.071797,1.356176,1.308913,2.872659
0.018541,-0.281710,-0.031351,1.828289,-0.356934,1.295398
0.014900,-0.264096,0.005724,1.172057,-1.603453,0.808534
-0.026061,-0.189841,-0.049302,0.582374,-0.184980,1.819379
0.001186,-0.111318,-0.051968,1.274512,0.346962,2.472915
0.063359,-0.074867,0.005022,0.361305,-2.117066,3.940390
0.040668,-0.006024,-0.047980,0.132102,0.224918,5.739785
-0.008293,0.042205,-0.062724,-0.180649,1.121634,7.243758
0.070177,0.078279,-0.014968,-0.333893,0.003248,8.053445
0.059942,0.148467,-0.035867,0.243905,0.477816,7.289614
0.024423,0.183901,-0.040788,-0.163485,0.647187,6.194168
0.059026,0.202637,-0.068373,-0.811596,0.511704,5.280471
0.060858,0.235140,-0.020227,-0.025521,1.659116,5.055824
0.010807,0.299525,-0.022688,0.252058,-1.337838,4.535737
0.025332,0.298475,-0.020982,-0.407042,-0.289345,4.740512
0.035173,0.275435,-0.034902,-0.230489,-0.358431,6.233198
0.001859,0.322548,-0.030599,0.285943,0.118077,5.978378
-0.001939,0.346612,-0.021572,1.097411,-0.399429,4.185637
0.040421,0.346756,-0.064608,-0.349288,-0.660625,4.295245
-0.045782,0.327426,-0.047336,-0.862792,-0.378067,3.751528
-0.079306,0.365076,-0.048958,1.178093,0.012192,2.225918
-0.026918,0.348191,-0.011577,-0.214245,-2.249670,1.966265
-0.010158,0.325007,-0.053862,-1.447995,-0.368357,1.900627
-0.074018,0.326182,-0.049982,0.356492,1.327222,1.101421
-0.051257,0.315186,-0.018644,-0.650015,-0.845079,1.023808
-0.008149,0.312790,-0.038244,-1.701757,-0.093020,0.490865
-0.045250,0.279450,-0.055227,-1.005700,1.374759,0.218590
-0.058324,0.292136,-0.030419,-0.947338,0.500429,1.229331
-0.028855,0.264160,-0.042961,-1.687127,-1.436403,2.856821
-0.089993,0.261951,-0.076944,-2.615700,-0.402153,3.107579
-0.108595,0.223543,-0.056701,-1.230340,1.365466,3.308582
-0.040465,0.202903,-0.038638,-1.747980,-1.226639,4.383310
-0.073187,0.173276,-0.023273,-2.775065,-1.923862,4.077151
-0.131322,0.170023,-0.083400,-2.160649,0.203877,2.758610
-0.120586,0.111615,-0.042518,-1.343755,-0.739167,2.215229
-0.090666,0.093999,-0.035313,-1.271380,-1.910860,4.594099
-0.137900,0.105504,-0.072585,-1.196452,-0.418293,4.795827
-0.168187,0.067693,-0.026949,-0.363855,-0.947760,4.130834
-0.150032,-0.038957,0.006049,0.522663,-2.167133,4.511875
-0.194358,-0.050127,-0.012785,0.710428,-1.515077,4.342343
-0.206434,-0.069152,-0.021156,1.163293,0.191463,1.262115
-0.142804,-0.114781,-0.017535,1.428340,0.933954,-1.879740
-0.162312,-0.158877,0.000801,2.125730,-0.345301,-2.341089
-0.201695,-0.155680,-0.022892,2.264567,0.549252,-0.143868
-0.208837,-0.182422,-0.022616,2.425433,-0.099834,0.226145
-0.226523,-0.266715,0.000660,2.384997,-0.153840,1.435702
-0.259190,-0.284847,-0.001832,3.186059,-0.795701,2.879929
-0.247642,-0.301168,0.015132,2.889777,-1.515901,1.451510
-0.191798,-0.360652,-0.035795,2.192620,0.518863,-0.997057
-0.280503,-0.413792,-0.027497,2.605967,-1.240422,-4.980728
-0.300496,-0.468923,0.025531,3.011516,-2.828738,-7.938301
-0.168164,-0.470650,-0.003197,1.912526,-1.253667,-7.697315
-0.181314,-0.481338,-0.002242,1.281901,-0.814821,-9.429127
-0.258110,-0.511484,0.020394,1.787127,-1.449631,-8.996726
-0.201005,-0.522316,0.010008,0.157781,-1.093441,-6.914089
-0.199850,-0.535866,-0.006549,-0.625659,-1.481642,-7.856681
-0.260687,-0.525854,-0.016665,-0.360904,-0.156817,-10.489113
-0.218681,-0.529179,0.014616,-0.453337,-0.975375,-10.889008
-0.206379,-0.525408,-0.006280,-2.320381,-1.989789,-9.406872
-0.297604,-0.500661,-0.027530,-2.131333,-0.724935,-10.549327
-0.324556,-0.450095,-0.028689,-1.086211,-1.681224,-11.273404
-0.253242,-0.464289,0.004047,-2.179614,-1.963924,-9.125266
-0.296101,-0.447578,-0.025928,-2.560475,-1.270637,-6.742843
-0.337775,-0.372128,-0.044487,-1.869535,0.860486,-6.437388
-0.304602,-0.347211,-0.003056,-1.283377,-1.286964,-5.789821
-0.316800,-0.322208,-0.003723,-2.601631,-2.374360,-3.528395
-0.332972,-0.225961,-0.053438,-2.077704,0.398217,-3.189510
-0.278970,-0.161441,-0.027369,-0.768126,-0.187744,-3.298323
-0.268272,-0.127333,-0.010432,-0.750027,-1.887194,-0.938361
-0.344497,-0.065800,-0.035503,-0.430807,0.057283,1.896024
-0.311893,0.025573,-0.056087,-0.167007,-0.845683,2.815651
-0.246520,0.072774,-0.017781,0.229013,-1.503631,3.761450
-0.312122,0.115367,-0.019665,1.593834,-1.324302,3.560068
-0.339199,0.165700,-0.047038,1.203289,-2.685099,5.829746
-0.265312,0.199723,-0.029634,1.895723,-2.102827,8.539663
-0.282433,0.254326,-0.047284,2.320503,-1.511719,10.063836
-0.314699,0.308303,-0.007914,2.709712,-3.199710,10.643905
-0.228401,0.337956,-0.032956,1.985980,-1.833490,12.808894
-0.218648,0.348443,-0.008190,2.667368,-1.179766,13.250796
-0.274338,0.375990,-0.027973,2.540856,-0.649478,12.054329
-0.192947,0.402748,-0.011902,2.726564,-0.517869,11.652516
-0.122519,0.396587,-0.022301,0.885661,-1.119579,13.474291
-0.174276,0.403986,-0.031672,1.011385,0.529764,13.594811
-0.167163,0.415477,-0.039941,2.240484,0.803723,12.554928
-0.112002,0.361816,-0.018070,0.755345,-0.593857,13.612108
-0.135915,0.305230,-0.011912,-0.047697,-0.747436,12.833967
-0.138307,0.332343,-0.056737,0.388801,0.436720,9.460207
-0.096785,0.281386,-0.016645,0.406143,-1.608357,5.288490
-0.088969,0.187893,-0.024468,-1.135973,-2.736508,6.130316
-0.119903,0.151326,-0.059140,-0.795758,-1.023105,5.161330
-0.057720,0.117123,-0.038516,-0.402138,-0.806182,3.957897
-0.030279,0.026157,-0.026345,-1.292253,-1.823271,3.350240
-0.111080,-0.022689,-0.040479,-1.033377,-2.029806,2.623550
-0.084965,-0.029411,-0.069851,-1.607705,-0.772323,2.617268
-0.010601,-0.087103,-0.055743,-1.921244,-0.737874,0.627281
-0.064548,-0.168357,-0.022144,-1.052704,-1.109502,-2.174415
-0.070742,-0.197295,-0.049526,-0.779576,0.312687,-3.541275
-0.000967,-0.244155,-0.028091,-0.425331,0.559618,-4.023963
-0.032104,-0.301004,-0.023877,-0.838390,0.318631,-4.844399
-0.052426,-0.344486,-0.044664,0.617988,1.813746,-6.603153
0.003271,-0.382838,-0.051915,-0.135105,0.629701,-5.903673
-0.028382,-0.442030,-0.013422,-0.696556,-0.155248,-5.619309
-0.053949,-0.443271,-0.004852,1.154995,0.977092,-8.020601
0.003576,-0.439690,-0.023283,1.155698,0.183812,-8.587615
0.044006,-0.524045,-0.019380,0.169614,0.761058,-7.921754
-0.027266,-0.529186,-0.009893,1.100241,0.101508,-8.375247
-0.009918,-0.475689,-0.038336,2.315521,2.827612,-9.018796
0.052662,-0.537198,0.019750,0.498153,-1.358659,-8.313109
0.027213,-0.543405,0.002055,-0.083190,-0.332352,-7.065933
-0.019687,-0.457592,0.015155,1.987937,-1.758591,-6.539504
0.031135,-0.451914,0.007608,1.153062,-1.118420,-5.350410
0.023159,-0.478850,-0.025377,-0.268040,-0.233179,-4.138940
-0.004299,-0.419723,-0.018795,0.399243,1.390505,-3.812451
0.092208,-0.357560,0.017846,1.369578,0.665834,-2.342987
0.090328,-0.368799,0.003295,0.103857,0.650689,-0.547584
-0.027427,-0.392472,-0.001743,0.677775,1.156431,-0.873306
0.038078,-0.329919,-0.002147,2.033940,1.234369,0.105662
0.116124,-0.309515,0.019941,1.066556,-0.295483,-0.254256
0.026231,-0.298427,-0.006890,0.135358,0.780927,-1.586501
-0.039148,-0.233855,0.007878,1.639887,0.247724,-2.436625
0.012616,-0.195920,0.009791,1.594366,-0.922321,0.278845
-0.015331,-0.183121,0.023712,0.301873,-1.843471,0.646826
-0.044059,-0.136836,-0.019764,1.708604,-0.024666,-1.075885
-0.014714,-0.124090,-0.014669,2.736618,-0.171512,0.670298
-0.025007,-0.121050,0.006479,0.417605,-1.158794,3.428824
-0.092951,-0.051650,-0.019547,0.828983,0.501105,0.785536
-0.028743,0.019868,0.033615,1.966703,0.021157,-1.474965
0.032603,-0.003621,0.016300,0.327039,-0.520810,0.559134
-0.067170,0.015318,0.006604,-0.403461,0.125066,0.654701
-0.087725,0.085609,-0.000502,1.244921,1.734442,-1.183621
-0.008467,0.091858,0.022934,-0.364449,0.343443,-0.828702
-0.004528,0.094484,0.013031,-1.234558,0.655478,1.486349
-0.055032,0.180803,-0.009641,-0.780846,0.793455,0.192289
-0.027578,0.232150,-0.007671,-0.873887,0.023661,-0.599636
-0.040117,0.197947,0.031587,-2.238166,-0.395086,-0.319906
-0.074835,0.278905,-0.004468,-2.163599,-0.498378,1.547538
-0.037241,0.376252,-0.015011,-2.098673,-0.206385,1.255170
-0.058147,0.351860,-0.001940,-3.039429,-1.452750,1.785701
-0.099841,0.349701,0.023039,-2.762001,-1.379735,3.212997
-0.083077,0.408233,-0.012920,-1.884756,-0.855779,5.150495
-0.045277,0.389454,0.005137,-3.168764,-1.065534,4.550814
-0.075340,0.392829,0.006273,-2.181666,-0.848305,3.160606
-0.118432,0.440086,0.002970,-1.149205,-0.459195,3.379402
-0.089212,0.440611,0.001782,-1.713941,-0.690417,4.410489
-0.105923,0.437916,-0.004921,-1.676538,0.411439,4.636452
-0.179765,0.460568,0.016789,0.069542,0.006048,4.570365
-0.150036,0.444074,0.025488,-0.011784,-1.586880,6.241488
-0.143648,0.417982,-0.025823,-0.909189,-0.328925,8.087545
-0.215432,0.437949,0.003555,0.671708,1.660593,7.112069
-0.199390,0.431995,0.020600,1.509196,-1.130300,5.791609
-0.138367,0.377358,0.007438,0.541993,-0.685299,7.062834
-0.191634,0.356088,0.008915,0.387958,-0.650827,7.416424
-0.202847,0.369382,0.016428,1.720565,-0.029183,6.198911
-0.164409,0.293705,0.030254,1.865354,-1.224663,6.972180
-0.186185,0.214192,0.001392,0.213533,-1.526999,8.405054
-0.182617,0.192232,-0.017561,1.247304,-0.013184,7.666053
-0.116414,0.160307,0.025547,2.123557,0.039023,5.602552
-0.121452,0.053884,0.060361,0.601369,-3.287715,4.642046
-0.156515,0.047995,0.010185,1.129090,-0.246710,4.256119
-0.141577,0.010152,-0.001540,0.161729,-0.355119,3.575089
-0.074681,-0.075743,0.022892,0.459522,-0.296074,2.358127
-0.101249,-0.130146,0.021936,0.467827,-0.126280,1.631152
-0.117897,-0.188734,0.037777,0.309902,-2.101963,0.682865
-0.048756,-0.251301,-0.000227,-0.612719,0.457830,0.022450
-0.117658,-0.323889,0.019931,0.524646,-0.368166,-3.572172
-0.138258,-0.374310,0.040528,1.021380,-0.046402,-6.876361
-0.060323,-0.459109,0.023876,-0.138197,-0.502513,-6.892748
-0.095071,-0.508867,0.008652,-0.607897,-0.268728,-7.850587
-0.197450,-0.531030,0.005449,0.546320,-0.392562,-9.756813
-0.147807,-0.570787,0.040669,0.640644,-1.422394,-9.427123
-0.093679,-0.618931,0.011649,-0.654262,-1.467885,-7.678550
-0.182486,-0.628450,-0.004701,-0.028504,-0.209264,-9.656789
-0.203598,-0.645486,0.000423,1.127971,-0.374590,-11.927282
-0.177562,-0.717552,0.020069,0.247293,-1.211051,-11.305656
-0.215642,-0.696987,-0.004297,-0.234809,-0.227051,-11.001660
-0.232162,-0.628703,-0.012542,0.771199,0.218438,-12.775869
-0.231896,-0.655960,0.040823,0.371248,-2.292332,-12.994709
-0.280985,-0.690281,-0.000814,-0.020226,-0.572528,-10.818259
-0.332149,-0.614697,-0.018247,0.241096,0.463656,-10.873842
-0.287977,-0.584649,0.010014,0.452987,-0.381053,-11.213436
-0.256373,-0.578744,0.018608,0.238693,-0.754870,-10.152636
-0.340187,-0.505014,0.008688,0.404732,-0.807347,-7.895551
-0.335533,-0.450387,-0.005472,0.285389,-0.417423,-6.329949
-0.268387,-0.419178,0.009476,-0.353295,-0.490322,-4.567754
-0.307934,-0.350536,0.007349,0.480480,-0.298031,-2.080540
-0.301937,-0.286551,-0.005991,0.671807,0.205646,0.690429
-0.262512,-0.245796,-0.008157,-0.177176,-0.556378,2.942117
-0.317968,-0.179527,-0.002915,0.946911,-0.918001,2.312737
-0.330557,-0.125597,-0.004904,1.423682,-2.620359,1.455108
-0.227898,-0.098618,-0.008147,0.144037,-1.370689,2.852128
-0.238471,-0.055566,-0.038234,0.336407,-0.059378,3.746819
-0.305022,0.037613,-0.014351,2.449736,-1.083705,3.673129
-0.251210,0.080032,-0.013212,1.620825,-3.483118,6.516874
-0.232513,0.093769,-0.007832,0.209869,-2.920298,9.419969
-0.279905,0.160235,-0.052956,1.804826,-0.136482,9.783300
-0.256629,0.207525,-0.026519,2.579327,-1.502942,8.748019
-0.217664,0.163744,0.006000,1.441049,-0.828145,8.826483
-0.265000,0.205690,-0.030107,1.165462,-1.050221,10.490160
-0.275858,0.286432,-0.045088,1.689838,-0.292595,9.026296
-0.251384,0.244525,0.001080,1.108840,-1.887003,9.135369
-0.273715,0.224009,-0.014623,0.963077,-1.631400,11.476503
-0.288689,0.272704,-0.037489,1.194345,-0.176682,11.252246
-0.236718,0.256335,-0.014134,0.568817,-0.641978,9.814509
-0.229894,0.200327,-0.008006,0.632989,-0.951925,7.545852
-0.279774,0.217431,-0.018136,1.034670,-0.252654,6.215111
-0.217998,0.190407,-0.026132,0.112417,-0.302239,4.866699
-0.156751,0.153831,-0.017505,-0.651502,-0.430392,2.736621
-0.201232,0.139536,-0.005108,0.356220,0.130147,1.005820
-0.175612,0.119621,-0.008262,0.193890,-2.007058,2.238340
-0.153413,0.037097,-0.009647,-1.558905,-1.570081,3.821068
-0.196643,0.042067,-0.059619,-0.912130,-0.170813,1.466958
-0.186431,0.017472,-0.018861,0.001415,-1.259792,-1.446479
-0.083773,-0.062009,-0.016639,-0.851034,-1.960454,-2.505943
-0.117661,-0.101674,-0.053888,-2.018968,-1.081046,-3.470071
-0.161130,-0.093892,-0.011515,-0.267988,-0.198957,-5.474677
-0.058085,-0.145111,0.003519,-0.407521,-0.465570,-4.543920
0.008253,-0.193514,0.003308,-1.758658,-0.708644,-2.570952
-0.063960,-0.176346,-0.033452,-1.386538,1.065005,-1.981024
-0.043957,-0.177745,-0.024766,-0.595467,1.389632,-3.205944
-0.005129,-0.267188,0.012322,-1.103119,0.340807,-3.684568
0.002069,-0.254797,-0.015342,-0.467462,1.478100,-4.289430
0.044922,-0.208889,-0.002186,0.185225,1.208907,-6.067231
0.067108,-0.277124,0.005311,-1.053541,0.802538,-6.167466
0.035800,-0.336004,0.006903,0.402660,0.722502,-4.546588
0.076971,-0.309069,-0.029962,1.862118,6.879224,-2.378428
0.111023,-0.325533,0.017466,0.381302,-0.174187,-1.749994
0.108338,-0.346978,0.022245,0.696911,-0.247451,-3.246241
0.066067,-0.329761,0.028301,2.663348,0.682828,-3.317055
0.083671,-0.348698,0.039881,2.421718,-1.038158,-1.606926
0.122325,-0.368796,0.028088,1.324527,-0.786874,-1.251601
0.067646,-0.352505,0.015132,2.893095,1.059372,-1.611259
0.102410,-0.376562,0.059162,3.549737,0.027965,-0.830294
0.156311,-0.396496,0.077314,2.133060,-0.893635,0.321959
0.098452,-0.387624,0.026558,2.617489,1.142487,-0.954912
0.076804,-0.390614,0.039317,3.559352,2.097158,-4.241927
0.157988,-0.409042,0.051140,2.448975,1.772069,-4.501707
0.136590,-0.377760,0.004694,1.468235,3.506588,-4.978305
0.051480,-0.330926,0.029709,1.904235,1.939795,-6.913134
0.096774,-0.355361,0.045225,1.514222,0.462589,-5.367035
0.115816,-0.377947,0.031377,0.556446,0.969348,-1.653437
0.071444,-0.343629,0.029824,0.674154,0.590919,-1.258446
0.103152,-0.300350,0.005984,0.067517,1.078434,-3.445371
0.115862,-0.326820,0.015503,-0.325486,-0.313346,-4.081586
0.029744,-0.304821,0.018145,-0.891799,-2.321549,-2.635411
0.041091,-0.229427,-0.006486,-0.414545,-0.496326,-1.561808
0.082414,-0.238089,-0.027126,-0.496009,-0.566511,0.001790
-0.038383,-0.286164,0.013927,-0.887029,-2.392105,1.988360
-0.112491,-0.288642,-0.010993,1.166861,-1.600427,2.767977
-0.056125,-0.302819,-0.023217,0.986501,-2.062791,1.748787
-0.096502,-0.334836,0.011478,0.176103,-1.560184,-3.388217
-0.138856,-0.321470,-0.003818,2.607372,0.270071,-9.628864
-0.079693,-0.283876,-0.008663,1.990783,1.065379,-13.220462
-0.058850,-0.261437,0.011948,0.627822,1.544267,-14.172251
-0.076578,-0.198772,0.027713,0.671160,3.169918,-15.117579
0.004295,-0.144136,0.038358,1.458552,3.491475,-11.935269
-0.010470,-0.106627,0.023814,-1.058304,1.139782,-5.459579
-0.101748,-0.023490,0.001234,-1.680506,1.259489,-2.100586
-0.062089,0.065701,0.001027,-0.631305,1.558244,-0.596093
0.027236,0.065392,0.020584,-1.812135,0.722565,2.403063
-0.035413,0.076904,0.013825,-2.831267,-1.627156,5.259946
-0.101354,0.168136,-0.054597,-2.218610,-1.833808,4.384337
-0.021489,0.207811,-0.032769,-2.429664,-3.019366,3.132442
-0.000284,0.189314,-0.002111,-3.145255,-3.546942,3.829682
-0.000054,0.279460,-0.029112,-2.201075,-2.241119,5.349408
0.030623,0.320047,-0.037843,-1.784570,-2.506875,8.429107
-0.001617,0.252383,-0.026703,-2.446628,-2.126109,11.477223
-0.083120,0.328348,-0.016760,-0.947492,-0.598617,11.800623
-0.083757,0.467717,-0.021707,-0.913906,-0.428731,10.750647
-0.109215,0.473921,-0.002689,-2.315908,-0.720671,7.824011
-0.196390,0.473134,-0.004717,-0.526539,0.662525,5.506060
-0.199006,0.507379,-0.002163,0.467403,0.790475,6.131869
-0.136584,0.468817,0.012562,0.148616,0.105184,8.227370
-0.178701,0.435257,-0.000850,1.120306,2.504768,10.081925
-0.261619,0.411637,0.007435,3.256536,1.086751,11.625691
-0.228479,0.344029,0.030412,3.525808,-0.374160,13.481653
-0.214624,0.252087,0.019924,3.246604,-0.309030,12.225885
-0.203356,0.248723,0.012680,4.184140,0.859656,6.982037
-0.208775,0.218469,0.027169,5.233933,-1.535139,5.565481
-0.226552,0.144414,0.059556,3.909403,-3.085185,7.064047
-0.267140,0.096995,0.006335,3.333237,-2.517251,6.680743
-0.245482,0.057255,0.041116,4.202020,-2.147616,4.333445
-0.177903,-0.086844,0.036583,3.335315,-2.930293,3.521116
-0.217434,-0.163105,0.036835,1.859551,-2.536046,3.695926
-0.253705,-0.175575,0.006696,1.781264,-0.382731,-0.126209
-0.236200,-0.245695,0.054193,0.712306,-1.387282,-5.883797
-0.209740,-0.350263,0.074925,-0.707030,-3.156105,-8.119468
-0.203812,-0.396283,0.040994,-1.127727,1.742763,-8.560844
-0.133715,-0.465536,0.056950,-1.447476,1.984698,-9.605984
-0.081026,-0.567219,0.078506,-2.449318,2.313806,-8.881965
-0.127771,-0.603238,0.016537,-2.932996,2.331229,-8.080184
-0.087377,-0.610331,0.032345,-2.661289,2.756357,-9.208259
-0.004952,-0.690800,0.073530,-2.374328,1.945487,-10.813425
-0.005251,-0.742469,0.023850,-3.404774,1.318469,-12.159599
-0.058951,-0.747186,0.000561,-2.603327,-0.378112,-13.335691
-0.026439,-0.768236,0.025629,-2.497784,-1.569253,-12.666266
-0.046724,-0.764120,0.044621,-2.028546,-2.653042,-13.798767
-0.083005,-0.709054,0.011446,-0.897188,-3.064460,-15.459003
-0.070226,-0.728177,0.028038,-0.990400,-3.981415,-15.034944
-0.082050,-0.773206,0.023774,-0.084831,-2.817903,-12.519808
-0.154362,-0.710485,0.003811,1.605474,-0.669619,-12.896050
-0.135517,-0.646408,0.037262,1.836938,-1.284768,-12.164939
-0.073082,-0.625200,0.011272,1.522651,1.573724,-9.839665
-0.161642,-0.582056,0.011173,2.710270,1.543128,-9.812334
-0.203280,-0.496545,0.055289,3.869624,2.307103,-8.238695
-0.152980,-0.477583,0.024989,2.609027,2.424407,-6.412184
-0.176367,-0.417448,0.003738,2.506624,3.925771,-5.311738
-0.236597,-0.284696,0.062130,3.627442,2.536988,-5.107674
-0.211046,-0.208554,0.034938,3.097151,2.298342,-2.780156
-0.216052,-0.201037,0.004516,1.961815,1.589463,0.597747
-0.293665,-0.127668,0.041040,2.014222,-1.933972,2.183787
-0.233794,-0.020703,0.031777,2.913134,-0.945403,5.132963
-0.204767,0.026876,0.017091,0.825996,-3.737159,6.795903
-0.289907,0.070706,-0.005462,0.537762,-3.109039,7.478340
-0.264310,0.109442,0.007707,2.465226,-3.338839,9.194179
-0.184902,0.108668,0.002320,1.616584,-4.866902,12.032423
-0.235816,0.091963,0.019849,0.218965,-4.221375,11.571526
-0.231437,0.136312,0.000597,1.942094,-1.821706,10.913379
-0.164462,0.140435,0.028183,1.718481,-2.049267,11.191012
-0.213295,0.126459,0.006791,0.263826,-0.934866,10.577846
-0.250856,0.185546,-0.027632,1.078599,1.890564,7.012314
-0.211361,0.204755,0.025869,0.866521,0.534474,4.758418
-0.158209,0.166245,0.024982,0.017295,2.178602,3.962145
-0.188988,0.222683,0.004178,-0.628666,2.087077,1.602796
-0.196607,0.234924,0.010966,-0.890213,2.793530,1.459563
-0.156512,0.177107,0.016103,-1.172940,1.864732,3.594837
-0.121360,0.191999,0.025196,-1.072625,0.515003,5.220462
-0.090216,0.227239,0.004641,-1.344089,0.046267,4.295048
-0.070450,0.146383,-0.007783,-1.665998,-0.124409,3.541910
-0.103392,0.100107,-0.000850,-0.766718,-1.579708,3.374824
-0.097746,0.134448,-0.018497,-0.556774,-2.852060,3.446840
-0.020218,0.097764,-0.017279,-0.727923,-3.323290,2.804682
0.025247,0.025291,-0.020663,-0.922542,-2.776695,3.054612
-0.019992,-0.017240,-0.001714,0.591952,-3.636599,3.714700
-0.008211,-0.035756,-0.024198,0.321741,-3.216296,4.124809
-0.001463,-0.072467,-0.024018,-0.732144,-1.921193,1.469411
-0.017304,-0.045623,0.007878,0.286222,0.093597,-1.914092
-0.037829,-0.012930,0.009365,0.434812,-1.664966,-4.855693
0.011204,-0.027829,0.016163,-0.429254,0.892355,-5.848289
-0.002743,-0.099708,0.008728,-0.886255,2.940912,-5.812136
-0.032836,-0.134036,0.039888,0.608883,3.363680,-5.655134
0.058252,-0.146519,0.044776,1.146960,4.199435,-3.492917
0.093941,-0.159537,0.039484,-0.298557,3.512506,-1.250702
0.027820,-0.176954,0.047047,0.242353,3.526637,-1.740387
0.040782,-0.225947,0.054839,1.666882,1.944022,-1.317023
0.122233,-0.279402,0.052115,0.650143,1.278698,0.120786
0.103152,-0.284342,0.034882,0.460113,-0.844589,0.596907
0.076029,-0.265796,0.022173,1.449827,-1.400651,0.237751
0.101104,-0.321466,0.054839,1.883824,-2.033918,2.393100
0.092205,-0.375637,0.042406,1.569925,-3.416862,5.617986
0.093407,-0.388832,0.042324,2.140994,-2.739879,3.808161
0.160099,-0.425379,0.036655,2.733818,-0.610752,0.482001
0.156469,-0.468444,0.038178,2.561904,-1.062622,-1.361794
0.125784,-0.440993,0.062445,2.281193,0.039224,-3.045440
0.134187,-0.413749,0.031147,2.281216,1.532697,-3.491370
0.154719,-0.470630,0.036021,2.415724,3.241219,-3.750143
0.130094,-0.561455,0.099428,2.379906,2.375410,-3.077860
0.111105,-0.568296,0.103410,2.730684,-0.384250,-2.026576
0.083960,-0.568293,0.058601,2.224007,2.703034,-3.016856
0.045709,-0.597001,0.074409,1.640429,2.347936,-4.947696
0.013551,-0.596039,0.069745,2.520358,2.193284,-7.192396
-0.006481,-0.588785,0.057131,2.331549,0.716876,-7.170588
-0.018738,-0.600388,0.054915,1.041846,-0.984989,-7.443004
-0.047948,-0.586208,0.016241,0.987834,-0.315752,-6.950258
-0.053112,-0.543753,0.061332,1.490772,-1.172420,-5.242691
-0.019047,-0.507170,0.045829,0.164720,-1.508246,-3.951333
-0.049452,-0.497697,0.008137,-0.888844,-0.968249,-5.798464
-0.069534,-0.480363,0.054429,-0.313256,-0.082394,-7.846782
-0.028694,-0.457008,0.044769,-0.589591,-0.759781,-8.525810
-0.019907,-0.381558,0.029479,-1.839343,-0.510664,-8.967935
-0.071664,-0.294426,0.039465,-2.140031,0.274341,-10.279590
-0.081009,-0.241664,0.040249,-1.400879,1.179733,-9.430834
-0.036109,-0.205780,0.046791,-1.510978,1.172794,-5.872368
-0.050437,-0.172887,0.050835,-2.480952,0.212776,-2.977352
-0.117782,-0.110297,0.039058,-1.533538,1.183570,-2.534967
-0.128588,-0.082607,0.039629,0.169036,1.277638,-2.535052
-0.125575,-0.018271,0.069561,-0.919558,-0.477272,-1.305576
-0.131342,0.076723,0.065120,-0.379538,-1.872406,-0.551417
-0.125969,0.127063,0.039698,0.469665,-0.244606,-0.350604
-0.173584,0.103521,0.074189,1.133705,-1.546368,2.700961
-0.229828,0.138161,0.066771,1.399208,-3.484287,7.256408
-0.210341,0.238652,0.055640,1.853002,-2.300646,9.110834
-0.224022,0.240875,0.059691,2.970652,-2.111644,7.463318
-0.256607,0.227266,0.090700,3.156097,-2.810471,8.324522
-0.276501,0.230630,0.065783,3.383252,-2.905324,8.519062
-0.294466,0.265214,0.011859,3.413020,-0.370793,7.322694
-0.293616,0.282988,0.060321,2.871933,-1.540430,5.934373
-0.291505,0.294329,0.095666,2.927449,-0.741495,6.890176
-0.298202,0.323779,0.079336,1.676105,-0.537291,9.798210
-0.337489,0.320864,0.061024,0.764700,-0.336373,10.671050
-0.391613,0.275061,0.082684,0.987495,-0.174385,9.335530
-0.360755,0.261403,0.073976,0.381482,-1.019836,9.665193
-0.306037,0.287082,0.042760,-0.690753,0.287087,9.188839
-0.299892,0.283198,0.057761,-1.267320,1.392940,8.385121
-0.309582,0.234077,0.062448,-1.636351,-0.208857,8.019746
-0.289211,0.207499,0.032066,-1.711978,-1.092272,8.134081
-0.255970,0.197645,0.033638,-3.311537,-1.837218,8.699019
-0.210258,0.183386,0.019655,-3.241332,-0.809349,8.037299
-0.204619,0.126084,0.022232,-1.860453,-1.452960,6.890544
-0.228420,0.063889,0.065711,-2.481897,-4.057568,7.598311
-0.232963,0.003249,0.007323,-1.699036,-1.891694,7.344477
-0.220306,-0.025942,0.011295,-0.813362,-2.010426,3.141294
-0.202873,-0.092552,0.070205,0.007793,-2.609353,-1.069208
-0.193036,-0.138332,0.039169,-0.214855,-1.885365,-1.900885
-0.216764,-0.182544,0.023453,1.105066,-1.181420,-3.482273
-0.227498,-0.233497,0.063371,1.911430,-1.167319,-6.429128
-0.163851,-0.279395,0.047805,2.306494,0.048135,-9.822119
-0.103540,-0.305898,0.035365,2.697583,2.573377,-12.718584
-0.115137,-0.349403,0.044382,2.614466,2.048030,-12.600581
-0.143599,-0.406163,0.065612,3.177932,2.004984,-12.018611
-0.112777,-0.414832,0.059560,2.328693,1.720331,-9.729601
-0.073529,-0.409823,0.051544,1.569761,1.573537,-9.383976
-0.062266,-0.402887,0.068196,2.284032,2.970618,-8.739899
-0.082568,-0.424594,0.059448,1.781993,-1.385726,-8.696712
-0.095347,-0.455856,0.010028,0.553301,0.037874,-7.665205
-0.096597,-0.488973,0.054006,0.413913,-1.542692,-7.321901
-0.051818,-0.474467,0.041680,0.352925,-2.757470,-7.863095
-0.042339,-0.437353,0.026614,-0.240586,-2.293024,-8.444403
-0.084059,-0.466790,0.026299,-1.134039,-1.944748,-7.248614
-0.117576,-0.483872,0.009230,-0.914467,-2.096839,-4.004406
-0.124561,-0.415978,0.032617,-0.544172,-1.796250,-1.689299
-0.131880,-0.385828,0.050326,-2.066764,-3.021443,-1.065626
-0.133111,-0.367286,0.011593,-2.383260,0.911696,-1.006047
-0.159381,-0.320442,-0.016622,-1.395630,4.078792,-2.230650
-0.225111,-0.287749,0.040653,-1.740542,0.731076,-2.211105
-0.212779,-0.272873,0.026798,-1.141966,1.732709,-2.666960
-0.179811,-0.227044,0.001290,-1.241431,1.857451,-1.490465
-0.176965,-0.174860,0.037367,-1.213336,1.277441,-0.172641
-0.190226,-0.136409,0.049476,0.371746,0.721764,1.854691
-0.226008,-0.109916,0.028964,1.120651,-0.966598,4.366984
-0.216804,-0.097066,0.045360,1.029832,-0.952867,6.966778
-0.165916,-0.057739,0.008229,1.723382,-0.728634,7.165599
-0.146609,-0.000004,0.039143,3.413289,-1.729154,5.063459
-0.202893,-0.006247,0.039757,3.443153,-3.944298,4.072801
-0.243654,-0.013275,0.015496,3.302875,-3.231007,4.138965
-0.221002,0.021874,0.024615,4.519195,-2.888715,4.507648
-0.181668,0.052758,0.055263,4.620931,-4.419808,3.458338
-0.132452,0.088822,0.029223,3.556650,-2.186184,3.057293
-0.154158,0.091238,0.029381,3.039219,-1.513570,2.281643
-0.180021,0.089164,0.044802,2.671869,-0.279528,0.647529
-0.111867,0.171520,0.038404,1.983889,1.188451,-0.346328
-0.045444,0.212189,0.068547,0.203134,1.592729,-1.147774
-0.032183,0.217907,0.024477,-1.319533,2.509153,-0.285155
-0.077727,0.229399,0.034039,-1.775474,2.316819,2.202805
-0.123556,0.208424,0.064661,-2.028986,1.284827,4.400384
-0.084607,0.194231,0.040843,-2.703042,0.486548,4.868195
-0.055393,0.188277,0.022527,-3.605571,-0.143874,3.883559
-0.074983,0.166980,0.018595,-3.172407,-1.004530,0.978666
-0.088454,0.152314,0.038536,-2.857274,-2.850668,0.118473
-0.076841,0.105369,0.009112,-2.862591,-2.326761,0.234964
-0.032564,0.073887,0.010838,-2.673946,-2.617605,1.619617
-0.005415,0.074957,0.005390,-1.223945,-2.242390,3.251377
-0.020885,0.041079,0.049821,-0.906110,-2.635612,4.609144
-0.024614,0.009184,0.024250,-1.298230,-2.679620,6.177438
-0.058669,0.013017,0.018585,-1.141691,-0.540662,4.463089
-0.100083,0.034774,0.030789,-0.397831,0.322632,0.161057
-0.070912,0.051941,0.056123,0.257590,0.852316,-3.118595
-0.010814,0.033500,0.041490,-0.338150,1.699366,-3.649748
-0.000330,-0.015313,0.037423,0.247811,3.073565,-1.299758
0.004577,-0.022311,0.068238,1.675820,2.484610,2.390157
0.021206,-0.035815,0.081900,1.840224,2.879419,5.407779
0.048838,-0.051880,0.048744,1.644243,2.876826,5.527458
0.086760,-0.037627,0.032736,1.557731,2.831160,4.325580
0.066202,-0.063178,0.066223,2.298101,0.646744,2.613650
0.048654,-0.107602,0.060856,2.616701,0.073348,2.778875
0.050984,-0.102744,0.042150,2.130930,-2.007150,3.838562
0.070022,-0.112539,0.041529,2.101850,-2.106542,5.552199
0.091322,-0.119738,0.058355,3.064888,-2.791256,6.739034
0.054286,-0.185363,0.061739,2.296289,-4.326344,8.206026
0.069172,-0.263203,0.057685,1.670512,-2.530896,7.242237
0.080973,-0.275519,0.034692,2.063997,-0.287379,2.899284
0.102305,-0.252286,0.064910,2.400378,-0.185778,-2.838101
0.116308,-0.246791,0.054508,1.279150,1.102635,-7.338315
0.090048,-0.294363,0.049039,0.376818,2.801684,-8.590356
0.111381,-0.313388,0.073320,0.708705,3.544424,-6.415913
0.127337,-0.314925,0.079038,-0.147653,3.349480,-4.351646
0.119718,-0.326397,0.053297,-1.037338,4.299956,-3.876224
0.111237,-0.337327,0.056310,-0.229704,3.882141,-5.415740
0.066490,-0.336585,0.078877,-0.593937,1.503148,-5.045646
0.064777,-0.348730,0.064011,-0.765684,1.277001,-6.167039
0.067534,-0.375174,0.030628,-1.199491,1.714035,-7.669664
0.056446,-0.408103,0.042498,-0.241685,-0.734690,-7.906262
0.055813,-0.367765,0.056116,0.060749,-1.747020,-6.246451
0.011618,-0.367962,0.031544,-0.460837,-2.429282,-5.064143
-0.007263,-0.389570,0.009302,0.437714,-2.178763,-4.455661
-0.013539,-0.409643,0.072982,0.671410,-3.488495,-3.929295
0.026254,-0.350962,0.044300,0.752851,-1.598887,-4.236131
-0.010785,-0.311918,0.044493,0.370391,-1.418799,-7.145673
-0.009514,-0.280075,0.056625,0.005955,0.453861,-8.011243
-0.035623,-0.233595,0.069975,0.760423,1.071839,-7.287736
-0.024456,-0.156878,0.054843,-0.061079,1.424317,-4.746764
-0.023343,-0.119754,0.031347,-0.470800,2.917091,-3.528152
-0.036000,-0.099567,0.037492,0.332337,4.797144,-1.719893
-0.094296,-0.054118,0.059284,0.099757,2.156859,0.479468
-0.149704,-0.011158,0.062425,0.117784,1.191179,2.583950
-0.161734,0.056684,0.022133,-0.103420,0.749205,3.223624
-0.178731,0.049453,0.047182,-0.130805,-1.171130,2.184991
-0.154624,0.070841,0.060479,0.920665,-1.349245,3.812146
-0.178419,0.114412,0.040620,0.635250,-2.575636,6.712265
-0.178777,0.131422,0.012296,0.475425,-1.753733,7.969807
-0.178521,0.151038,0.026105,0.594742,-2.221812,8.067706
-0.159230,0.185815,0.051426,1.094756,-2.586642,9.008781
-0.140658,0.247597,0.029437,0.802001,-2.555304,8.922429
-0.214654,0.253811,0.029775,-0.455166,-2.353930,7.399104
-0.242476,0.263451,0.025872,0.318324,-0.382219,7.460134
-0.264589,0.315951,0.033303,-0.198873,-1.729752,7.159067
-0.271512,0.367810,0.055256,-0.529280,-0.662578,6.704718
-0.253777,0.379620,0.043866,-1.323062,0.315611,6.985009
-0.256574,0.326015,0.040059,-0.596655,0.576306,6.705723
-0.273754,0.295412,0.046085,0.152929,0.805371,8.484224
-0.257729,0.323566,0.012079,-0.478442,0.881884,7.622781
-0.239672,0.294103,0.049857,0.133572,0.452056,5.003428
-0.211352,0.236332,0.056743,0.916736,-0.209116,4.408589
-0.208033,0.213108,0.048688,0.321623,-0.768851,4.613013
-0.221166,0.163491,0.011449,0.826357,0.180562,3.588793
-0.207843,0.139821,0.051997,1.462940,-1.621050,2.243808
-0.161475,0.099280,0.056185,1.149697,-2.307280,0.924324
-0.161672,0.086892,0.023587,0.724726,-2.716187,0.793579
-0.184662,0.039028,0.051823,1.345659,-2.675731,-0.333161
-0.206904,-0.031725,0.050172,0.802336,-4.559151,-1.965042
-0.164219,-0.047064,0.016796,0.305388,-2.071437,-3.164825
-0.128165,-0.050271,0.047287,-0.103564,-0.872727,-4.302909
-0.111989,-0.066473,0.066646,-0.166354,-0.505707,-5.537141
-0.130594,-0.109365,0.069952,-1.350181,-1.898374,-5.556409
-0.125985,-0.151141,0.020433,-1.774515,2.875864,-5.474844
-0.088152,-0.140656,0.031183,-1.323548,1.844167,-5.823970
-0.057976,-0.122038,0.078292,-2.249602,2.123559,-5.801344
-0.063054,-0.140656,0.031206,-3.378472,1.885930,-5.275103
-0.095350,-0.163446,0.050969,-2.509010,1.303875,-3.147413
-0.079499,-0.153491,0.068478,-2.167617,0.694536,-1.882945
-0.053470,-0.112030,0.040466,-2.867501,-0.178970,-1.356826
-0.020612,-0.128088,0.038910,-2.423483,0.140769,-1.596781
-0.029501,-0.157413,0.051360,-1.509311,-1.246294,0.517763
-0.036174,-0.162147,0.037282,-0.341514,-1.566161,2.312909
-0.036588,-0.147894,0.046840,-0.184650,-2.704944,1.437050
-0.041991,-0.198936,0.042261,0.904430,-1.602760,-0.912927
-0.009488,-0.196563,0.054081,2.344071,-1.651892,-1.484937
-0.034438,-0.183614,0.070132,2.352589,-3.133250,-1.327880
-0.044840,-0.181014,0.030247,2.506378,-0.918549,-1.900633
-0.074759,-0.198056,0.040827,3.819327,0.329207,-2.657876
-0.062670,-0.205225,0.043945,4.057783,-0.477626,-2.671632
-0.046960,-0.137758,0.015414,3.472209,0.875631,-2.802182
-0.053673,-0.121123,0.034403,3.220338,2.639190,-2.518603
-0.060071,-0.132867,0.043466,3.106467,2.243709,-1.866086
-0.059224,-0.093659,0.038198,2.251927,2.025489,-0.357127
-0.045533,-0.047783,0.013888,1.057858,2.130836,0.980526
-0.016929,-0.019846,0.016491,1.120868,2.620644,0.447855
-0.013890,-0.036380,0.051793,0.255039,0.333878,1.751211
0.012921,-0.020414,0.025357,-0.444964,0.488169,3.897129
0.004807,-0.001369,0.016556,-1.159623,0.033633,3.761508
0.024383,-0.014148,0.008990,-1.147465,-0.699873,2.000033
0.073118,-0.014292,0.026991,-0.975658,-1.711015,0.274174
0.085181,-0.020227,-0.004175,-1.621288,-0.825295,0.312467
0.072812,-0.010495,-0.021704,-1.933215,-1.696635,0.577579
0.044941,-0.021937,0.031987,-1.139846,-2.596348,0.139186
0.077529,0.000764,0.003197,-2.112239,-2.999520,0.603701
0.088772,0.038118,-0.009664,-2.483446,-0.641292,-0.299528
0.064849,0.045924,-0.007245,-1.207349,0.528297,-1.719042
0.035504,0.049669,0.009263,-1.313310,-0.961970,-2.826643
0.034073,0.038430,0.000889,-1.454002,0.933980,-2.629283
0.073544,0.090808,-0.036593,-1.918680,2.591880,-2.645925
0.061370,0.120570,-0.004084,-0.847368,2.250106,-2.525604
0.049927,0.104338,0.003985,0.296674,2.456752,-0.187270
0.050623,0.106951,-0.035451,-0.214635,2.383117,2.547366
0.047567,0.112653,-0.000118,-0.051068,1.451896,3.471451
0.081222,0.128907,0.029886,1.152051,1.014239,3.023192
0.065539,0.143301,0.005849,0.749630,0.270051,2.259716
0.045315,0.128113,-0.017059,0.781457,-0.528359,2.066075
0.040966,0.134291,-0.030589,1.612462,-0.997082,2.370038
0.033184,0.124758,0.016107,2.255839,-1.657190,2.868303
0.067787,0.120373,0.012122,1.586396,-3.285374,4.082842
0.072409,0.104844,-0.010593,0.948402,-1.761759,4.575674
0.085443,0.132636,0.008239,1.612002,-1.071665,4.435323
0.071716,0.150063,0.012145,1.102663,-1.432382,4.175790
0.102381,0.123196,-0.005022,0.404653,-0.016007,3.233295
0.126310,0.127752,-0.029821,-0.375609,2.250582,3.008047
0.145558,0.118696,0.006332,0.188967,2.522463,3.162477
0.155819,0.140970,0.028324,-0.953026,0.718265,4.038100
0.153977,0.098902,0.009342,-1.556427,3.000564,4.576788
0.175986,0.068908,-0.019928,-1.175661,3.701321,4.900808
0.171217,0.064194,0.029831,-0.823265,2.248042,4.906723
0.221743,0.064676,0.034314,-1.080667,1.358862,4.720190
0.223568,0.017032,0.001562,-1.488802,1.757911,2.839842
0.220988,-0.022285,0.014682,-0.113414,1.040091,3.072360
0.190005,-0.057657,0.028816,0.432924,-2.255201,3.850075
0.182512,-0.102416,-0.010097,0.929560,-1.299509,3.610888
0.182840,-0.161251,0.006647,1.457216,-1.273758,1.088436
0.182833,-0.232483,0.024201,2.448026,-2.421824,-0.211731
0.182938,-0.229877,-0.009070,2.682153,-1.352320,-0.435390
0.148453,-0.289151,0.008239,2.518126,-0.537888,-4.153094
0.165338,-0.329115,0.023128,3.015366,0.282029,-5.717336
0.214522,-0.347083,0.025238,2.719878,2.091909,-5.761461
0.246972,-0.346072,0.018424,2.046433,3.278265,-6.628218
0.260181,-0.358473,0.028481,2.652650,4.843098,-8.165263
0.233905,-0.402910,0.027211,1.871361,4.537953,-8.301540
0.219065,-0.383787,0.033815,0.984860,3.895642,-7.307529
0.231735,-0.365428,0.014229,0.262175,3.850236,-7.509494
0.218589,-0.348373,0.005583,-0.256496,2.646628,-7.837728
0.189244,-0.372259,0.054685,-0.651777,1.495379,-6.448305
0.158356,-0.375036,0.011019,-0.855816,0.313324,-3.754477
0.153157,-0.339352,-0.001783,-1.610413,-0.756600,-3.483807
0.149592,-0.353165,0.013917,-1.797971,-1.217287,-5.446952
0.176209,-0.346895,0.028117,-1.272916,-3.689544,-5.851955
0.164212,-0.330355,0.030129,-1.873264,-2.721297,-4.128497
0.133019,-0.278542,0.024300,-2.454938,-1.760170,-4.019065
0.081396,-0.256707,0.017170,-1.593636,-0.824652,-3.271094
0.071230,-0.232040,0.050060,-1.747254,-1.123147,-3.178041
0.057408,-0.163634,0.037374,-1.554785,0.335424,-2.000624
-0.008480,-0.113416,0.047618,-1.364128,0.375161,-1.398056
-0.041019,-0.091180,0.055683,-0.961393,1.532323,-1.316334
-0.068257,-0.072552,0.077183,0.038635,1.873627,-1.166232
-0.047663,-0.012884,0.049804,0.138010,2.690738,0.806067
-0.049780,0.054261,0.068416,0.184486,2.846450,-0.138521
-0.096565,0.048780,0.084585,1.104449,2.140575,0.678222
-0.106635,0.080518,0.094252,1.763415,1.448903,2.953270
-0.118439,0.132915,0.072496,1.787284,1.141450,6.260510
-0.123648,0.163829,0.071964,2.112748,-0.420984,7.389216
-0.145778,0.166009,0.117705,3.559512,-2.290261,7.310936
-0.185591,0.151211,0.097882,3.073636,-3.114458,7.900452
-0.197335,0.145713,0.093080,2.735587,-3.520594,9.248044
-0.203835,0.143967,0.129197,3.741221,-3.641933,7.806292
-0.168788,0.145467,0.123226,3.339277,-3.004733,7.363833
-0.152458,0.150877,0.127053,2.580830,-3.373941,6.556878
-0.185204,0.154464,0.105645,1.908429,-0.540757,3.834961
-0.181248,0.186212,0.136848,1.670873,-0.114280,2.460468
-0.165630,0.171559,0.142303,0.190671,-1.183281,1.915266
-0.118127,0.164962,0.117908,-1.238237,1.458241,2.939453
-0.109061,0.171458,0.088156,-1.211108,3.124111,3.550525
-0.147068,0.158239,0.135423,-1.875243,1.399653,2.412395
-0.142804,0.130486,0.111304,-2.778731,2.055560,1.938913
-0.140645,0.121525,0.073510,-3.938856,1.293482,0.939949
-0.124268,0.105549,0.114619,-3.095513,0.553060,0.064611
-0.111290,0.083610,0.121525,-3.194911,-2.355542,-0.014606
-0.124889,0.052751,0.095712,-2.921557,-1.138312,0.662827
-0.149205,-0.013623,0.088514,-2.486857,-2.097404,0.643300
-0.108135,-0.041632,0.094770,-2.215681,-2.755195,1.342332
-0.073604,-0.066424,0.115230,-0.474440,-2.599056,0.152646
-0.066698,-0.109073,0.089896,-0.797432,-2.428382,-0.538248
-0.070630,-0.120335,0.095748,-0.760990,-1.703846,-0.610307
-0.136679,-0.113268,0.087145,0.133783,-1.787667,-2.167366
-0.168772,-0.104172,0.117803,1.015416,-1.335705,-5.183663
-0.130311,-0.115208,0.114432,0.503405,-2.108112,-6.783592
-0.074858,-0.104566,0.095617,0.374428,1.745779,-6.780959
-0.089009,-0.132880,0.094925,1.664935,2.376516,-5.768231
-0.076250,-0.146440,0.120725,1.753952,2.369659,-3.547513
-0.032321,-0.153048,0.116969,1.266464,3.026331,-2.292563
0.000517,-0.158657,0.092272,1.222348,3.773223,-2.277424
0.035012,-0.138378,0.116001,2.245644,3.242617,-2.509033
0.021816,-0.150967,0.113703,1.633440,-0.139184,-2.948226
0.016423,-0.186154,0.082871,1.200221,0.449295,-2.446541
0.048053,-0.164031,0.078375,1.467772,-0.589587,-1.655896
0.050187,-0.146965,0.095033,1.840070,-2.424345,-0.120627
0.068673,-0.173734,0.071619,1.062391,-2.895115,3.232894
0.089113,-0.206105,0.042662,0.888954,-1.079228,5.164745
0.099128,-0.241818,0.075952,1.084978,-2.920016,5.093861
0.127278,-0.214459,0.076215,1.385442,-1.902710,3.871435
0.102952,-0.221175,0.069738,0.276887,-1.539285,0.471103
0.107892,-0.242196,0.059822,-0.074298,0.076315,-3.640109
0.122820,-0.222635,0.084920,0.826683,1.893906,-5.186144
0.119984,-0.210297,0.082307,0.069175,1.830168,-5.383708
0.123864,-0.233445,0.052509,-0.310265,4.159189,-4.111356
0.091296,-0.259310,0.059665,-0.626656,3.517157,-2.446674
0.108808,-0.232197,0.065845,0.147595,4.304135,-1.274567
0.110071,-0.203384,0.067392,-0.454358,1.595752,-0.865152
0.075002,-0.223814,0.040958,-0.824706,2.475997,-1.707328
0.048010,-0.224411,0.020161,0.151731,1.785018,-2.016705
0.038639,-0.194515,0.060741,0.071951,-0.768657,-1.619894
0.071181,-0.155910,0.067474,-0.684339,-3.025543,-2.056077
0.058990,-0.192641,0.021418,0.236546,-0.904238,-1.649380
0.040425,-0.230264,0.020965,1.367080,-1.430892,0.020627
0.070781,-0.188547,0.017436,1.336205,-2.340557,0.427009
0.126937,-0.154164,-0.006286,0.465476,-1.276148,-1.946029
0.143700,-0.153694,0.010395,1.341418,0.242863,-4.150558
0.118714,-0.125712,0.025449,0.817531,-1.286107,-4.492251
0.097155,-0.082994,0.013779,0.177859,0.271643,-4.122633
0.117047,-0.036771,-0.004816,-0.039274,1.616848,-4.647636
0.153636,-0.012195,0.000532,-0.007425,2.294255,-4.414356
0.183713,0.013346,0.032289,-0.052886,2.802633,-0.844973
0.180289,0.040570,-0.010058,-0.655795,3.617770,2.525616
0.189149,0.063679,-0.005006,-0.514706,3.778787,2.871217
0.212694,0.042402,0.027096,-0.208956,2.528641,2.722934
0.264385,0.070394,0.017653,-0.215298,2.022177,3.411548
0.233613,0.104056,-0.010015,-0.687444,0.853852,3.271334
0.216406,0.094573,-0.004980,-0.367124,-0.334840,2.332126
0.203657,0.066173,-0.023575,1.213163,-0.408688,2.423759
0.177473,0.057862,0.005107,0.637771,-2.899629,4.656261
0.175829,0.079444,-0.001888,0.740374,-3.264367,5.860725
0.147639,0.056155,-0.039022,1.245613,-1.581297,5.235532
0.150695,0.041791,0.026230,1.703799,-1.728977,6.148834
0.197470,0.059730,0.017981,0.913312,-1.448972,7.099403
0.172260,0.072197,-0.006693,0.716501,0.791322,6.378352
0.133410,0.025057,0.013658,1.559201,1.811152,4.324408
0.156206,-0.002292,0.024822,1.401995,2.252522,3.796429
0.191647,-0.015093,0.025366,1.335086,3.164121,4.995938
0.160329,-0.052493,0.019455,1.139571,3.533704,4.059156
0.134644,-0.085203,0.031889,1.558226,3.903149,3.405458
0.132382,-0.130576,0.040984,1.724429,2.672687,2.529435
0.190629,-0.141914,0.027838,1.115396,3.319295,1.738355
0.212099,-0.143959,-0.017072,1.022263,3.849950,0.449561
0.188673,-0.198510,0.069325,1.345436,0.099995,0.835242
0.235342,-0.240732,0.050789,0.966222,-0.315099,2.994369
0.251994,-0.242360,0.014817,0.336496,0.233035,2.402441
0.236294,-0.257764,0.065058,0.979536,-1.317146,-0.486601
0.262557,-0.293822,0.064710,0.714305,-1.244623,-2.788627
0.253717,-0.365185,0.052433,0.196477,-1.463861,-3.954368
0.273878,-0.377445,0.034495,0.376552,-0.346483,-4.275998
0.266965,-0.367165,0.059412,0.514303,-0.916852,-6.122613
0.255093,-0.387923,0.082615,0.037489,0.376862,-6.844980
0.276537,-0.402260,0.044149,-0.708638,2.692159,-6.567255
0.286854,-0.392216,0.054856,-0.013408,2.771607,-6.464410
0.280844,-0.400258,0.107378,-0.261944,3.448078,-6.021615
0.269900,-0.409659,0.075296,-0.839430,3.726429,-6.007449
0.249385,-0.412961,0.065281,-0.265096,3.835948,-7.561622
0.232454,-0.398794,0.104992,0.350083,3.650759,-7.288306
0.229135,-0.377064,0.057196,0.652411,2.662916,-7.172981
0.152149,-0.418889,0.074015,0.178211,1.420500,-6.341199
0.124396,-0.433936,0.093999,1.622224,1.055164,-5.193869
0.122742,-0.372981,0.077744,1.355027,-0.973461,-3.406581
0.095606,-0.359707,0.063778,1.646419,-1.413551,-4.827576
0.054349,-0.375948,0.072122,2.146085,-1.165763,-6.114907
0.036079,-0.401597,0.077587,2.470731,-1.805976,-4.724164
0.033272,-0.334097,0.052568,1.423259,-1.809022,-2.453767
0.023195,-0.275561,0.067529,1.422576,-0.771119,-2.795742
0.047853,-0.270868,0.101713,1.903516,0.591477,-1.699299
0.036351,-0.245596,0.067900,0.975131,0.465186,2.493994
-0.019542,-0.231725,0.070687,0.982487,1.729384,2.046379
-0.024331,-0.188442,0.073178,1.874952,2.679718,0.251052
-0.010722,-0.155664,0.106049,0.110563,0.555597,-1.134850
0.009475,-0.112674,0.073901,-0.720757,1.986783,-1.796081
-0.026810,-0.045515,0.056960,-0.347587,2.858894,-1.799417
-0.067719,-0.044517,0.074514,-0.296263,1.481786,0.380601
-0.032629,-0.008128,0.046161,-1.152946,1.149653,3.717355
-0.007719,0.052065,0.031084,-1.655356,1.001805,6.648796
-0.035075,0.093250,0.052489,-0.435753,-0.695340,7.238328
-0.053831,0.125244,0.021654,-0.619895,-2.056755,7.843691
-0.102516,0.080114,0.034396,-1.367158,-3.233689,9.054370
-0.107269,0.078420,0.043111,0.368011,-2.760312,8.540448
-0.084787,0.110125,0.051537,1.060966,-3.503926,8.144970
-0.131165,0.071891,0.049148,0.476791,-2.714621,6.422027
-0.158491,0.037452,0.016908,1.583865,-1.154304,4.645246
-0.188683,0.064470,0.048124,2.025727,-1.249094,2.997867
-0.190928,0.078981,0.093234,2.197205,-1.444242,0.289815
-0.173049,0.060596,0.064437,1.813977,0.138511,-2.297390
-0.181311,0.049528,0.049512,1.875424,2.613754,-3.514436
-0.173154,0.035144,0.079471,2.041224,1.933843,-3.120550
-0.176781,0.037045,0.061050,1.500078,2.054788,-1.403703
-0.205453,0.039563,0.058197,0.907758,1.818177,-1.647851
-0.199804,0.018148,0.042908,0.332636,2.214574,-3.511833
-0.134103,0.009328,0.068107,0.226059,0.392529,-4.285992
-0.145801,0.008796,0.053681,-0.858193,-1.357871,-3.163083
-0.191329,-0.016662,0.019806,-0.909557,-0.700937,-2.602022
-0.149842,-0.047015,0.030556,-0.931477,-1.872744,-0.909415
-0.078859,-0.043240,0.042176,-1.846456,-3.347527,1.480691
-0.085880,-0.040142,0.026499,-1.967936,-4.222205,0.748694
-0.041577,-0.058313,-0.007021,-2.044246,-1.795528,2.085393
-0.016273,-0.154252,0.042310,-1.803030,-1.975419,3.645899
-0.055790,-0.127481,0.040147,-2.205680,-3.457161,3.516973
-0.018682,-0.054929,0.021378,-2.198140,-0.655462,0.341738
0.006271,-0.098477,0.009959,-1.974557,0.447903,-3.799012
0.001255,-0.127281,0.046144,-1.721885,0.323942,-4.910022
0.014552,-0.108196,0.032138,-0.464888,1.878479,-4.566016
0.066589,-0.110058,-0.004691,-0.795712,3.296768,-4.438440
0.071952,-0.157256,0.026781,-0.417516,2.472800,-2.384424
0.059551,-0.142173,0.046052,0.833526,0.713515,-0.390148
0.079157,-0.124103,-0.002616,1.240864,2.637267,1.307930
0.069392,-0.186959,0.033943,1.740618,1.495320,1.040444
0.093462,-0.226023,0.034068,2.514538,-0.801891,1.091523
0.127692,-0.180249,-0.000026,3.176796,-0.204268,1.359118
0.105332,-0.181992,0.032181,2.838091,-1.681267,0.982661
0.054411,-0.224303,0.012273,3.774981,-1.766554,1.956189
0.031149,-0.239080,0.025189,4.439166,-3.933791,3.838031
0.078015,-0.270874,0.018536,3.443061,-2.488418,5.358751
0.111703,-0.286167,0.021624,3.101320,-1.744575,3.012021
0.070797,-0.285153,0.031482,4.062385,-0.014668,-0.637294
0.086586,-0.311665,0.034748,3.561882,0.585162,-3.734961
0.123756,-0.311140,0.029355,1.849851,1.117173,-6.354531
0.115044,-0.315932,0.013560,1.296508,3.349927,-7.605364
0.143408,-0.300574,0.060216,2.025449,3.887764,-7.436807
0.206106,-0.332994,0.060922,-0.172498,2.820072,-3.980088
0.179219,-0.333831,0.038959,-1.307733,3.903316,-2.359181
0.141973,-0.315679,0.026082,-0.580243,4.839192,-3.029594
0.210383,-0.325225,0.055246,-0.689288,3.033365,-4.623853
0.260972,-0.374507,0.060036,-2.439307,-0.267691,-4.439109
0.238776,-0.313470,0.010146,-2.623308,1.387413,-5.230159
0.242403,-0.281092,0.042333,-1.836970,-0.651270,-5.597871
0.273061,-0.336822,0.032736,-2.250606,-1.629007,-3.363779
0.262035,-0.308278,0.021644,-2.029885,-1.366707,-1.445194
0.278526,-0.262937,0.014666,-1.663116,-1.320054,-1.120813
0.316327,-0.280613,0.032982,-1.188839,-1.930440,-1.994102
0.259193,-0.305711,0.039419,-0.537650,-1.390886,-3.002580
0.252897,-0.235040,0.008603,0.436502,-0.207744,-3.681173
0.303112,-0.187408,-0.002019,0.018412,1.557364,-5.935469
0.289913,-0.177640,0.045478,-0.058932,1.917943,-7.221296
0.246923,-0.160886,0.040059,1.962124,3.906901,-5.832284
0.296307,-0.123066,0.027484,1.838894,3.982252,-1.834647
0.283978,-0.101596,0.048163,0.872817,3.645405,1.626386
0.193301,-0.057141,0.036957,1.659496,4.563546,1.461877
0.219626,-0.016452,0.038775,3.037076,4.110865,1.028431
0.231246,-0.013889,0.041857,2.015161,2.143240,3.069557
0.158395,0.007628,0.026528,1.801639,1.303461,3.627288
0.153442,0.088517,0.000686,2.296072,1.903569,3.714862
0.201747,0.075755,0.060032,1.505021,-0.860920,6.901252
0.175674,0.085402,0.052427,1.392174,-2.167619,9.833126
0.138277,0.152091,0.020161,1.965386,-1.355028,10.980307
0.221756,0.109019,0.034370,1.482605,-0.646179,10.952599
0.194286,0.054232,0.023154,0.991008,-1.154123,9.922419
0.133767,0.105595,0.048849,1.804750,-0.884829,8.013984
0.202781,0.129967,0.042068,0.781312,-0.318759,5.818375
0.160030,0.055945,0.030605,-0.441783,-0.013020,4.608658
0.071017,0.010716,0.037656,0.679521,1.707434,3.714471
0.166716,0.032312,0.065163,1.363272,1.836168,5.164868
0.220217,-0.004465,0.063860,-0.361747,2.168515,5.528708
0.154857,-0.052763,0.026857,0.263183,5.409853,2.811625
0.148341,-0.060887,0.031836,1.470680,3.998963,0.342371
0.222695,-0.111459,0.105080,0.220948,2.486524,1.023056
0.222268,-0.143604,0.054203,-0.561438,2.991288,0.720478
0.197565,-0.138982,0.027766,0.674190,2.508323,-1.362782
0.217621,-0.217820,0.062862,0.310368,0.309795,-0.442729
0.204343,-0.246341,0.067549,0.075549,-0.084091,1.406899
0.151420,-0.220384,0.031268,0.926186,-0.774293,-0.501804
0.238126,-0.287749,0.040653,0.831603,-1.357457,-2.288716
0.255355,-0.377603,0.070838,0.549435,-1.530238,-3.448302
0.163802,-0.376185,0.039835,1.845958,-1.203380,-4.929970
0.214305,-0.346610,0.040311,1.888735,-1.016678,-8.069081
0.266896,-0.423173,0.022333,0.033747,1.182451,-9.352894
0.190859,-0.435239,0.029276,0.551345,0.874220,-9.387167
0.156636,-0.386236,0.083236,1.536073,0.526255,-9.292897
0.202219,-0.413509,0.066495,-0.543817,1.526440,-7.557647
0.140129,-0.416004,0.058207,-0.881659,3.722447,-7.232336
0.113866,-0.372216,0.066075,0.602187,3.491567,-6.805239
0.155592,-0.357042,0.078801,-0.387993,1.025202,-6.471394
0.082922,-0.379283,0.051774,-1.803919,3.588790,-5.719097
0.060795,-0.344765,0.047333,-0.482455,2.867477,-6.289294
0.155641,-0.319123,0.071104,0.422152,3.948876,-3.608320
0.124721,-0.313641,0.076290,-1.666480,-0.799433,-0.979244
0.030502,-0.247244,0.041529,-0.469250,0.616493,-2.458656
0.045755,-0.257252,0.074075,1.079663,-0.688017,-1.894315
0.081074,-0.270228,0.067992,-0.196171,-2.928793,0.234584
-0.002950,-0.215943,0.058979,0.758211,-1.928027,-0.854056
-0.033653,-0.185767,0.033133,1.621558,-0.868646,-2.205621
0.011497,-0.202918,0.066003,1.340994,-2.319294,-1.252583
-0.041347,-0.134558,0.060531,0.976375,-2.156708,-0.120097
-0.032498,-0.039177,0.020479,1.813291,0.806149,-0.490032
0.032475,-0.048807,0.061404,1.491455,1.199959,0.442493
-0.019372,-0.080647,0.074350,0.977491,0.910261,3.304383
-0.054983,0.023111,0.040400,2.383910,2.733839,4.747439
-0.000389,0.059927,0.056927,0.843810,2.211754,4.902056
-0.006258,0.027112,0.046262,0.071548,2.260735,4.000534
-0.095888,0.054094,0.084867,1.732307,0.878119,2.955410
-0.032206,0.096227,0.069266,1.499300,1.256486,3.738627
-0.017494,0.070742,0.057311,0.217055,-0.311666,3.484121
-0.094244,0.078496,0.016366,0.530892,-0.074392,2.515820
-0.071677,0.120819,0.029860,1.544049,-0.669353,2.781270
-0.031238,0.083186,0.064795,0.157219,-3.664690,3.263652
-0.072117,0.117891,0.019386,0.633750,-1.902555,2.418380
-0.110206,0.128192,0.025924,0.258305,-3.039838,0.953483
-0.034855,0.087243,0.021976,-1.301073,-2.781707,1.535330
-0.064679,0.108999,0.055361,-0.611649,-2.051151,0.231252
-0.094195,0.155315,0.032562,-0.133375,-0.969073,-0.418524
-0.034307,0.133457,0.050658,-1.544814,-1.049378,0.026586
-0.068871,0.092656,0.040262,-3.025108,0.698268,-0.336817
-0.086872,0.151609,0.045675,-1.006037,2.189355,-1.707643
-0.019342,0.159746,0.078709,-1.949538,0.744836,-3.052881
0.036220,0.129272,0.053471,-3.355725,1.864742,-3.003974
-0.033982,0.152288,0.026453,-2.703751,3.393370,-1.877873
-0.020964,0.182490,0.053395,-1.934708,2.042193,-0.517223
0.039456,0.165667,0.089151,-2.727243,-1.873138,1.204956
0.035819,0.135479,0.031308,-2.594288,0.625454,2.545169
0.000037,0.167003,0.029082,-0.416242,0.599936,1.803711
0.031047,0.146481,0.054285,-0.439833,-1.912744,2.513783
0.003921,0.136050,0.038605,-0.803813,-2.917377,2.249293
0.002768,0.130604,0.003519,0.705422,-1.565534,1.375879
0.068535,0.093056,0.032726,0.965175,-2.572504,1.674724
0.063392,0.028721,0.043394,2.020137,-2.158717,1.676093
0.001715,0.052906,0.005140,2.657150,-0.659598,1.735271
0.073659,0.019668,0.018450,2.515477,0.017677,1.402049
0.155809,-0.004708,0.034265,1.858655,1.578756,0.767388
0.100227,-0.001859,0.036743,3.016105,2.305445,-0.978632
0.097096,-0.010291,0.034295,2.593822,2.945967,-1.978298
0.152487,-0.075290,0.035004,1.029639,3.060849,-0.664156
0.144970,-0.077059,0.045800,1.796361,3.035909,1.014582
0.165351,-0.026106,0.056238,1.988068,3.800904,2.264925
0.205689,-0.084005,0.034849,0.358515,2.387703,3.608442
0.205515,-0.139554,0.010467,-0.309822,2.070902,4.367172
0.170120,-0.134545,0.020791,0.420284,1.709942,2.945189
0.269966,-0.152591,0.009867,1.029970,0.118537,1.206195
0.313783,-0.227388,0.050237,-1.118008,-2.271616,2.339662
0.271407,-0.223857,-0.006723,0.008295,-0.218852,2.129953
0.244592,-0.255798,0.025642,0.073540,-1.247397,0.979871
0.311127,-0.331081,0.027766,0.180712,-1.856805,-0.294176
0.275473,-0.369909,0.037265,0.348773,-1.767378,-1.524178
0.302439,-0.348927,-0.014187,0.620874,0.664791,-3.227232
0.347457,-0.378157,0.023709,0.172397,0.433133,-5.437806
0.292893,-0.407089,0.015289,0.324676,2.147031,-7.566337
0.300193,-0.420334,0.014804,2.024057,4.519033,-8.922418
0.388169,-0.458502,0.023515,1.055334,3.871011,-7.588107
0.400331,-0.445365,0.001385,0.533151,4.875696,-8.268416
0.331866,-0.430197,-0.004438,1.280558,6.716467,-10.024417
0.375302,-0.428976,-0.005209,1.334850,4.195450,-9.707602
0.364707,-0.457399,0.035483,0.879120,2.966334,-8.701600
0.323410,-0.370995,0.000797,0.597457,2.203749,-8.058910
0.315493,-0.354199,-0.013803,0.037532,1.375832,-7.995677
0.337256,-0.371277,-0.004409,-0.448843,0.283965,-4.860228
0.253035,-0.316654,0.007766,0.231613,-1.304380,-3.244036
0.236767,-0.243929,-0.001005,0.205287,-2.591424,-2.606469
0.296826,-0.223945,-0.005774,-0.988309,-2.129739,-1.395317
0.297111,-0.234807,-0.005895,-1.309295,-0.914843,-0.876876
0.259170,-0.159025,0.000886,0.435189,0.565667,-0.033665
0.287865,-0.110619,-0.002505,-0.431200,0.578469,1.336845
0.294384,-0.090977,0.004287,-0.988388,1.819047,0.534256
0.224011,-0.061061,-0.015421,-0.222240,4.263019,-0.016592
0.265974,-0.002837,0.012240,0.455389,3.538818,-0.026462
0.299809,0.015026,0.007402,-0.059835,3.485888,0.978461
0.225203,0.063249,-0.020053,-0.481409,4.030776,1.566590
0.214039,0.110535,0.001526,0.880265,3.497653,3.602538
0.265350,0.144213,0.026381,0.594604,2.287654,6.712676
0.229848,0.181151,0.006680,0.669824,1.749722,9.005485
0.206828,0.210837,-0.035730,0.753215,2.106066,10.366728
0.204202,0.180556,-0.004067,1.519464,-0.820122,13.132400
0.186470,0.182651,0.012319,2.161729,-2.120880,14.710380
0.132609,0.201180,-0.013242,3.142134,-0.999242,13.682900
0.170882,0.181361,-0.040144,3.365907,-1.136648,12.097886
0.202479,0.109347,0.012926,2.042235,-1.361442,9.749545
0.171138,0.115164,-0.011069,3.723818,-0.581285,5.993410
0.124150,0.114688,0.015296,3.886916,-0.402104,3.478950
0.198546,0.079786,0.013267,2.829797,0.413536,3.268468
0.205390,0.048550,-0.007947,2.099290,3.479245,4.573825
0.177027,0.071832,0.000193,2.591341,3.340956,3.404082
0.172713,-0.007485,0.023814,1.634677,2.748318,2.259312
0.167048,-0.053767,0.020528,0.748449,3.247173,1.787912
0.106602,-0.062922,0.028367,0.097377,2.830323,0.741915
0.158166,-0.063073,-0.011476,-0.586808,2.803253,-1.434915
0.155185,-0.137413,0.025212,-1.206660,1.461067,-2.317355
0.105607,-0.171019,0.029611,-1.168646,0.844196,-0.934198
0.077296,-0.173241,0.040325,-1.456115,-0.358007,-0.232436
0.130314,-0.203768,-0.002252,-2.335097,-1.404491,-0.496156
0.114404,-0.264329,0.021867,-2.435454,-0.542710,-1.823617
0.071785,-0.271826,-0.004202,-1.039915,-1.312419,-3.097404
0.078846,-0.299248,0.037528,-1.348208,-1.775351,-3.503989
0.071690,-0.312430,0.005324,-2.507303,-1.060275,-5.694719
0.003471,-0.316487,0.011958,-1.790842,-0.533224,-8.433374
0.034497,-0.333697,0.045760,-0.526686,0.677549,-9.147901
0.074132,-0.360724,0.058975,-0.937956,-0.273819,-8.610657
0.022726,-0.371681,0.031751,-0.307259,0.933908,-9.379707
0.004357,-0.349036,0.012027,0.299992,3.205102,-10.037578
0.076403,-0.372823,0.042780,1.202184,3.341858,-9.804539
0.098130,-0.346744,0.035601,1.086501,2.812191,-7.686854
0.029087,-0.306669,0.054649,1.698770,2.718832,-6.515661
0.050686,-0.309732,-0.009569,1.828098,2.249975,-4.637449
0.048778,-0.319481,0.033057,1.076499,1.344951,-2.288289
0.031086,-0.232601,0.028774,2.226107,0.419606,-0.951675
0.034549,-0.190983,0.060370,2.474788,-1.428555,-1.462143
0.043513,-0.190238,0.038568,0.763463,-2.739272,0.502797
-0.017287,-0.173199,0.021779,0.973292,-2.645338,1.213408
-0.014714,-0.119734,-0.000716,2.079444,-1.032548,1.348161
0.037874,-0.100095,0.039186,1.630853,-2.525815,1.343501
0.054979,-0.087737,0.034771,0.747809,-1.579600,3.279871
0.009022,-0.013281,0.000952,0.823003,0.351078,3.648487
0.032685,-0.006159,0.000404,0.305333,0.425245,3.244698
0.024104,-0.017522,0.027175,0.207907,1.119924,2.889968
-0.008848,0.014754,0.026345,0.527055,2.386183,3.294560
0.037759,0.079116,-0.014443,-0.314382,2.883512,2.382279
0.035498,0.065714,0.017892,-0.809114,2.228216,1.307224
-0.024850,0.085865,-0.011794,-0.283048,3.101528,1.013254
-0.035147,0.102536,0.022465,0.102915,1.703777,2.197680
0.058632,0.126143,0.023486,-0.886613,-0.065119,4.446444
0.014651,0.147926,0.015227,-1.777214,0.427240,4.012354
-0.021311,0.182651,-0.016554,-0.219736,1.887699,3.001023
0.009760,0.173952,0.013839,-0.300044,-1.577614,3.313266
0.032241,0.176401,0.011016,-0.999640,-2.106812,3.507689
-0.000839,0.216483,-0.051866,-0.787263,0.098563,0.517723
0.030472,0.202874,-0.029083,-0.369540,-1.393213,-1.123804
0.070754,0.174015,-0.010251,-0.196605,-1.453984,-0.802465
0.035071,0.220648,-0.007629,-0.581566,-0.432145,-0.724092
0.079348,0.273715,-0.023667,0.129515,0.695583,-1.666591
0.118241,0.237162,-0.010612,-1.397708,1.891326,-1.241137
0.065972,0.225450,-0.000959,-1.163414,1.144919,-0.507158
0.021626,0.272662,0.023860,-0.305578,1.316702,-0.905024
0.094404,0.280146,-0.004540,-0.979607,2.244434,-0.277004
0.073909,0.249337,-0.021904,-1.954039,2.159514,0.326246
0.013065,0.267548,-0.015119,-1.222764,1.942384,0.242993
0.053518,0.307817,-0.002239,-0.239503,1.462741,-0.818797
0.070118,0.271329,0.017988,-1.440409,0.760979,0.784882
0.057562,0.294165,-0.013035,-2.038391,0.753124,2.794479
0.083946,0.312799,-0.005909,-1.586662,0.332604,4.333969
0.142988,0.299525,-0.011046,-1.729963,-0.030332,5.486858
0.056932,0.261777,0.015362,-1.327346,-0.689130,5.062051
0.074116,0.269192,-0.015273,-0.116221,-0.482189,4.595265
0.167990,0.253729,-0.027258,-1.218434,-1.083876,5.669238
0.119216,0.202477,-0.035342,-0.919700,-0.416130,5.028453
0.074608,0.200917,-0.024536,1.214755,0.379317,3.943094
0.133291,0.148156,-0.001431,1.459359,-0.825528,4.545910
0.149697,0.125930,-0.007996,0.350499,0.077027,5.610638
0.118071,0.114432,-0.048137,1.452531,2.954245,3.890866
0.162886,0.085776,-0.019468,1.715228,1.594850,2.224406
0.190206,-0.011942,-0.000378,1.752586,2.252378,3.503196
0.138376,0.014268,-0.029683,1.922590,2.718527,3.877665
0.180729,0.032223,0.007986,1.298608,1.829951,1.877262
0.271626,-0.041615,-0.030668,0.583188,2.245472,1.931763
0.188811,-0.118434,0.022941,1.340601,2.029448,3.089302
0.200115,-0.111328,0.007638,1.818379,0.101308,2.694933
0.272178,-0.149900,0.016212,0.662515,0.591599,2.151869
0.250379,-0.214101,-0.015359,0.234839,0.896143,1.548025
0.221546,-0.233733,0.002120,1.376005,0.185817,-0.179333
0.311331,-0.266522,0.023190,1.338076,-0.823523,-0.287667
0.270442,-0.334724,0.012361,0.161273,-0.898349,-0.866539
0.234597,-0.372144,-0.018507,0.974993,2.340689,-3.465279
0.328777,-0.400321,-0.002065,1.071362,0.124629,-5.396677
0.379832,-0.440868,0.016602,0.853303,0.857979,-6.002889
0.292273,-0.436752,-0.002669,0.265471,1.994447,-7.751404
0.335138,-0.474461,-0.010100,0.363078,2.942773,-9.110264
0.418158,-0.514897,0.007421,0.344489,3.059966,-8.854333
0.352217,-0.511342,0.025734,0.635238,3.701932,-9.404156
0.381411,-0.479483,0.011734,0.698274,3.717353,-10.427187
0.388924,-0.537188,-0.000972,-0.285818,2.610449,-9.708772
0.322242,-0.524114,-0.011659,0.003789,3.427163,-9.395514
0.325130,-0.476578,0.024122,0.472068,2.106582,-10.733578
0.441479,-0.443613,0.020226,-0.717934,0.663054,-8.654377
0.330976,-0.439349,-0.000079,-1.871882,-0.083057,-6.145447
0.246329,-0.352292,-0.025758,-0.939391,0.755333,-4.750797
0.314528,-0.297439,0.015181,-0.178620,-0.619496,-2.994671
0.345097,-0.289857,-0.008453,-1.272046,-0.524286,-0.008472
0.282596,-0.237472,-0.036255,-0.701227,0.708417,1.268825
0.269309,-0.208426,-0.001809,-0.488495,-0.329512,0.868981
0.270310,-0.199448,-0.010271,-0.647218,0.582267,1.486424
0.202869,-0.132375,-0.000607,0.754767,1.907597,0.991823
0.311288,-0.074368,0.001766,0.696127,2.642545,0.796273
0.383160,-0.027258,0.001142,0.176602,2.959011,1.101804
0.238595,-0.012343,0.006217,1.759801,4.091666,2.144595
0.233248,0.043052,0.012020,2.469037,2.315148,4.475143
0.356038,0.060229,0.016878,1.380745,2.767494,8.506013
0.335135,0.130713,-0.021179,1.403318,4.135654,10.223837
0.270205,0.182536,-0.005163,2.850532,2.722640,7.780023
0.308104,0.164289,0.012132,3.013561,1.040846,7.989256
0.263388,0.193515,0.013225,1.654845,-1.851218,11.163420
0.234505,0.242316,-0.017755,2.191661,0.424808,10.832460
0.307379,0.253374,-0.001169,2.124007,-0.821629,9.218457
0.256094,0.214668,0.010129,1.790898,-2.203397,10.695810
0.161570,0.220405,-0.012533,2.101026,-0.873784,10.992294
0.233662,0.256312,-0.033031,1.790298,-0.377065,9.450199
0.311876,0.202066,0.015841,0.619882,0.649698,7.764678
0.222826,0.174720,0.002576,0.968191,1.739720,6.496937
0.213842,0.199424,-0.028164,1.284418,2.576981,5.445384
0.258356,0.171224,0.017515,-0.823143,1.179825,5.017539
0.214528,0.137038,-0.017850,-1.072901,3.379876,3.712135
0.219229,0.110549,-0.028305,-0.185973,4.147763,1.697466
0.229595,0.062517,0.029437,-0.820438,1.956207,1.777674
0.160729,0.047956,0.024799,-1.371635,2.079380,0.284658
0.111342,0.030982,-0.009007,-1.314203,1.885631,-1.747087
0.209821,-0.024419,-0.003631,-1.306587,0.374702,-1.951170
0.186470,-0.064898,0.009995,-0.527533,-0.368905,-0.580669
0.068197,-0.072776,0.002357,-0.933545,-1.253286,-1.165215
0.071710,-0.105833,0.003962,-1.326663,-2.058235,-0.877846
0.074509,-0.162715,0.012076,-1.499608,-2.210540,-1.226986
0.034579,-0.182232,0.013717,0.299470,-1.164453,-2.814755
0.031766,-0.168048,0.024188,0.034863,-2.839452,-5.850791
0.012983,-0.233602,0.043893,-1.178093,-4.531319,-7.952779
-0.008996,-0.244132,-0.004418,-0.679615,0.610551,-8.482070
0.016788,-0.229312,0.019406,0.793454,2.251977,-8.422878
0.092061,-0.250595,0.032942,0.405805,2.640927,-6.919709
0.043448,-0.263968,0.033336,0.155746,2.929430,-4.356030
-0.046156,-0.237039,0.000358,0.183229,3.139447,-1.969594
0.020815,-0.235020,0.003768,0.011358,3.680793,-2.725991
-0.000196,-0.224552,0.021132,-0.035489,1.675220,-4.141967
-0.060776,-0.202836,0.014026,0.835325,1.843311,-4.497250
0.006330,-0.187966,-0.029706,-0.182274,1.657971,-2.295684
-0.042431,-0.192992,0.007031,-0.922122,-1.392986,-0.647601
-0.076282,-0.176317,0.009214,1.089143,-0.680093,1.154635
-0.012137,-0.151748,-0.015021,0.775946,-2.276067,3.768783
0.025581,-0.167464,-0.004553,0.057758,-1.087999,4.896962
-0.055189,-0.141782,0.003775,0.826246,-2.446531,4.106112
-0.095560,-0.131551,0.013507,2.339453,-1.864775,1.367077
-0.026701,-0.165541,0.011790,0.857770,-2.685026,0.869214
-0.031395,-0.128561,-0.002958,1.068047,0.000461,-1.707357
-0.067551,-0.116977,0.001546,2.507648,0.762216,-4.761300
-0.048280,-0.145761,0.002550,2.558260,0.555436,-3.570529
-0.055908,-0.165642,0.034268,1.725503,0.769057,-1.028883
-0.053187,-0.103647,-0.000000,1.654290,2.764192,0.429710
-0.017852,-0.067415,0.011889,1.558794,2.577254,-2.188149
-0.045470,-0.102094,0.030763,1.162988,1.382778,-2.592379
-0.099466,-0.045128,-0.014627,0.903787,1.891831,-1.933890
-0.066622,-0.017043,0.007431,-0.237510,1.726111,-1.754179
-0.004909,-0.017549,0.005252,-1.325901,-0.558374,-1.479175
-0.077556,-0.008387,0.010382,-0.393873,-0.334065,-0.971777
-0.114257,0.015860,-0.009775,-0.745625,-0.829090,0.514320
-0.036614,0.042294,-0.009060,-2.427458,-3.500295,0.097343
-0.039293,0.069590,-0.012946,-2.589633,-2.088630,-0.581380
-0.050414,0.093729,-0.035572,-1.593538,-1.267039,-2.149176
-0.025037,0.090801,-0.005265,-2.215373,-2.335906,-1.418064
-0.036457,0.132521,0.008107,-3.118421,-4.573147,-2.519609
-0.064545,0.183465,-0.029467,-2.711465,-0.527733,-3.016808
0.035071,0.184253,-0.028078,-2.670299,0.852904,-2.425314
0.062926,0.183606,0.007031,-2.189452,0.597793,0.211529
-0.006557,0.229340,-0.040663,-1.487732,2.372279,1.654481
0.011769,0.272297,-0.041618,-1.580418,3.081820,0.443927
0.066471,0.238899,0.003545,-1.654191,1.724483,1.039852
0.084774,0.275767,0.003308,-0.595575,1.098584,2.716479
0.086093,0.322791,-0.003319,-0.372760,0.567886,3.819614
0.119522,0.300845,-0.021963,-0.627911,0.240496,3.686322
0.088361,0.306605,-0.026624,0.275452,0.151522,5.145956
0.081964,0.320516,-0.030576,1.249362,0.086989,6.625141
0.160710,0.359932,-0.008151,0.750027,-1.796149,7.952373
0.151883,0.330075,-0.020217,0.247030,-1.869222,8.079647
0.112589,0.313965,-0.027543,1.543908,-0.367543,8.722640
0.154315,0.295695,-0.018720,2.298360,-1.422693,8.408377
0.208193,0.262155,-0.002774,1.527824,-2.607843,8.016344
0.167255,0.246576,-0.041562,1.521840,1.139897,6.713349
0.181290,0.196079,-0.032759,2.199411,2.017719,5.749659
0.223467,0.176739,-0.006769,1.750698,-0.403436,6.407681
0.144097,0.163839,0.012867,1.079118,0.814076,6.004389
0.163198,0.124236,-0.027750,0.880472,2.929450,6.054788
0.217959,0.025589,-0.005548,0.204969,1.643003,6.801362
0.210649,-0.004412,0.024313,0.708886,-0.562956,7.242000
0.188725,-0.011765,-0.021123,0.419440,2.743851,5.872119
0.244642,-0.106549,-0.014161,-0.028350,2.190963,4.545806
0.257817,-0.177486,0.004953,0.672900,2.051276,2.431798
0.255808,-0.215296,-0.010708,1.078065,1.579291,0.489097
0.262915,-0.258670,-0.002055,0.001737,-0.527998,-1.991222
0.251807,-0.347559,-0.041300,0.178414,0.110052,-2.858037
0.241572,-0.384299,-0.032874,0.917251,-0.490027,-2.217801
0.255611,-0.413109,-0.004047,0.887394,-0.836157,-2.643962
0.270924,-0.472935,-0.052303,0.067960,-1.024670,-4.885569
0.211020,-0.558656,-0.041182,0.318338,-0.767879,-6.923931
0.236892,-0.587790,-0.016987,1.538876,1.064651,-8.638424
0.292122,-0.616203,0.011991,0.911182,0.544086,-10.399474
0.297272,-0.642128,-0.021280,0.206010,2.720378,-11.701529
0.243814,-0.661261,-0.035874,0.811866,4.937353,-12.688589
0.298808,-0.702594,-0.011643,1.302991,3.905585,-10.947706
0.364779,-0.682975,-0.001536,1.029183,3.313456,-10.739011
0.296163,-0.645138,-0.009739,0.147513,3.724890,-9.771507
0.292391,-0.654736,-0.018822,0.208842,4.185626,-9.612630
0.348580,-0.633226,0.007027,-0.006718,2.444699,-8.257612
0.316514,-0.576249,-0.007153,0.088613,2.054962,-7.143494
0.313927,-0.551283,-0.025534,-0.315373,1.299732,-6.645476
0.344838,-0.555485,-0.006322,-0.683974,0.027236,-4.683437
0.304500,-0.512751,0.006922,0.466711,-0.311705,-2.418841
0.271164,-0.435758,-0.008695,0.604238,-1.772879,-2.255183
0.303204,-0.427069,-0.039944,-0.009788,-1.535204,-3.467630
0.270359,-0.401249,-0.027002,1.037001,-1.293384,-2.673895
0.218894,-0.367808,0.009598,1.922652,-0.657471,-1.915167
0.253839,-0.285747,-0.029319,2.126200,0.017166,-0.418543
0.262166,-0.278755,-0.009211,1.221130,1.572854,1.243681
0.225384,-0.240801,-0.019288,1.937414,2.818444,3.789189
0.219882,-0.183896,0.002859,2.819408,3.055472,4.730161
0.242912,-0.156806,0.006568,2.089065,2.209263,4.308785
0.195838,-0.099885,-0.046801,1.726129,4.266396,2.919895
0.186231,-0.065564,-0.020309,2.448998,4.487052,1.729278
0.248554,0.005186,0.013658,1.755655,2.903515,3.163103
0.204990,0.057498,-0.016357,1.303328,2.622594,5.488773
0.172034,0.081158,-0.038336,0.683499,1.636267,8.333471
0.228695,0.119096,-0.018346,0.629818,0.582956,11.163220
0.216399,0.144935,-0.016892,1.177122,-0.709497,12.141314
0.156899,0.186258,-0.052161,0.928704,-2.700480,11.769347
0.121393,0.175479,-0.039997,-0.200862,-2.832992,9.145673
0.162259,0.182985,-0.031042,0.041644,-2.798720,6.985235
0.124878,0.196857,-0.011512,0.615093,-2.514921,4.837508
0.117266,0.187358,-0.030343,0.293073,-1.677387,3.217801
0.144813,0.176440,-0.076609,-0.239211,-0.244773,3.714389
0.100608,0.158732,-0.031357,-0.450807,0.446101,4.675217
0.113580,0.169153,-0.020522,0.700013,2.898703,4.003922
0.110492,0.145730,0.000279,-0.439417,-0.008556,2.665597
0.071404,0.117609,-0.021215,-1.044219,3.144846,1.707593
0.057401,0.120448,-0.011722,-0.131583,4.871881,-0.945846
0.060287,0.112607,0.003082,0.038464,2.449314,-3.091238
0.043336,0.075079,-0.002301,-0.797091,1.942926,-2.741205
-0.004935,0.072220,-0.043581,-0.691183,1.361294,-2.233284
-0.008677,0.063341,-0.004008,-1.036380,-0.738068,-0.960039
0.050856,0.058197,-0.012798,-0.608157,-0.452374,1.183063
-0.022661,0.051166,-0.051712,-1.185991,-1.122737,2.520968
-0.076795,0.013825,-0.023440,-1.383728,-2.495013,1.452179
-0.028723,0.010017,0.001241,-0.539413,-3.397588,-0.092500
-0.070102,0.008163,-0.003352,-0.812564,-4.016091,-1.002169
-0.097110,-0.040887,-0.040739,-0.745931,-2.235687,-2.536050
-0.060235,-0.064402,-0.037335,-0.035713,-1.854720,-2.064402
-0.101262,-0.082055,-0.000772,-0.286376,-2.257600,-0.408569
-0.101531,-0.068591,-0.023223,-0.517151,0.709192,-0.059574
-0.049327,-0.103503,-0.026831,0.187683,3.012906,-1.083274
-0.055524,-0.160732,0.008084,0.353118,1.301068,-1.050364
-0.065867,-0.152234,-0.008475,1.202078,3.072383,-0.789587
-0.069084,-0.175290,-0.015483,0.860534,2.550446,-1.943256
-0.069166,-0.225038,-0.038799,1.116666,2.854111,-2.035276
-0.095754,-0.218946,-0.031935,2.307154,2.332765,-1.562982
-0.073853,-0.197620,-0.026575,1.804642,0.976054,-0.396928
-0.045936,-0.234554,-0.022423,1.383134,-0.765568,0.358513
-0.093092,-0.250582,-0.043292,1.770048,-0.449929,1.162572
-0.096112,-0.251475,-0.013150,1.374633,-2.741816,2.052189
-0.038872,-0.232361,-0.027845,1.513683,-2.423967,1.634614
-0.051625,-0.247595,-0.075463,1.310819,-1.352159,0.917716
-0.086189,-0.315568,-0.015986,1.025473,-3.102142,0.645290
-0.059988,-0.338703,-0.012795,2.379607,-2.366672,0.381507
-0.075724,-0.336720,-0.012208,1.465117,-3.075735,-2.069290
-0.102401,-0.360609,-0.027451,1.117805,-0.809661,-5.005002
-0.025687,-0.362976,-0.096940,2.261308,8.590112,-7.237829
-0.066596,-0.384795,0.000886,1.217168,1.044086,-7.298347
-0.073972,-0.375436,-0.014233,1.143221,2.093872,-7.004802
-0.100454,-0.371908,-0.026719,0.095660,2.253510,-7.027044
-0.075944,-0.388858,-0.037354,-0.197967,2.815112,-6.695790
-0.043813,-0.349653,-0.000992,0.469868,2.777417,-7.008658
-0.062529,-0.333060,-0.027002,-0.464209,1.727664,-7.090296
-0.063855,-0.329242,-0.036206,-1.556043,0.662309,-7.697377
-0.094434,-0.305363,-0.014932,-0.630241,-0.055219,-7.086726
-0.108358,-0.229089,-0.041211,-1.535774,-1.126439,-5.787022
-0.065910,-0.179409,-0.031088,-2.322259,-2.724616,-6.465059
-0.077980,-0.178670,-0.037246,-2.060754,-2.318831,-4.804246
-0.124045,-0.146575,-0.043946,-1.339888,-2.612005,-2.273388
-0.087318,-0.104543,-0.011029,-2.209744,-3.005904,-0.922481
0.001170,-0.054988,-0.050993,-2.354837,-1.191179,-1.975975
-0.000898,-0.026135,-0.023827,-1.390040,-0.324615,-2.691035
0.032609,-0.010350,-0.010740,-0.448597,1.047313,-1.305137
0.056751,0.038926,-0.013475,-0.403073,1.011600,-0.414014
0.046763,0.085231,-0.044372,-0.193884,2.158142,1.141783
0.079847,0.125329,-0.051315,-0.113474,2.889926,1.122105
0.134434,0.153555,-0.036734,1.007912,3.311620,2.815397
0.125771,0.212042,-0.051272,1.256695,1.886110,4.742090
0.093426,0.229143,-0.016084,0.794275,0.298405,5.380245
0.127160,0.240297,-0.067674,1.033449,1.567024,7.411422
0.214190,0.288024,-0.051548,1.085473,1.061178,9.062552
0.228679,0.311884,-0.021609,1.859199,-0.317528,10.155522
0.200460,0.342935,-0.035227,1.564170,-2.011378,11.548352
0.179669,0.318777,-0.052930,1.164307,-1.839241,13.831013
0.221806,0.315504,-0.055296,1.117335,-1.628577,14.915502
0.247376,0.301925,-0.012171,2.336696,-1.835577,13.856374
0.233002,0.265306,-0.037095,2.241613,-1.788241,12.369072
0.203197,0.229521,-0.064513,1.932102,-0.600215,10.298719
0.181064,0.179785,-0.057870,1.623051,0.761324,8.696794
0.251650,0.154369,-0.030340,1.777985,1.253473,6.244597
0.243745,0.103980,-0.011771,2.097606,1.597922,5.670909
0.222607,0.030920,-0.043273,1.456582,3.171083,6.606286
0.222751,0.005218,-0.049670,0.952268,3.089170,6.058365
0.173403,-0.057017,-0.007540,0.570675,2.748820,3.861987
0.166372,-0.118950,-0.011256,1.346168,3.350265,1.157609
0.181438,-0.171101,-0.022731,0.189344,1.639143,-0.293123
0.181566,-0.234337,-0.044993,-0.121407,2.089871,-1.001299
0.145187,-0.269512,-0.038736,0.914104,2.426104,-2.396277
0.103818,-0.358013,0.003725,-0.178850,-0.433720,-2.142196
0.151466,-0.393112,0.036008,-0.685990,-2.082544,-0.519688
0.168975,-0.431392,-0.003201,-0.502931,-1.296847,-0.923854
0.154844,-0.486780,-0.013934,-0.400106,-0.738652,-4.891145
0.126628,-0.571244,-0.019340,0.696429,0.101751,-9.634899
0.107875,-0.614125,0.013550,0.222970,-0.935634,-11.477743
0.169592,-0.611089,0.020443,-0.089699,-0.350769,-12.191613
0.193009,-0.621718,-0.008318,-0.300257,0.580084,-13.606888
0.151850,-0.671365,-0.012684,-0.259256,1.458363,-13.394282
0.133199,-0.688374,0.014567,0.564652,2.762882,-10.423964
0.165285,-0.659449,-0.002124,0.488834,2.842419,-6.981088
0.202633,-0.680995,-0.017039,0.824513,5.125949,-6.736674
0.181340,-0.693797,-0.007455,0.440389,3.505295,-7.672113
0.181904,-0.682660,0.003217,1.351499,2.784520,-7.895940
0.198234,-0.640031,-0.002019,1.846707,2.124711,-7.932729
0.161872,-0.640605,0.017357,1.143543,0.307753,-8.206508
0.203844,-0.631769,-0.017798,1.397446,0.992335,-7.115389
0.181248,-0.603973,0.008088,1.969316,-1.148084,-3.239872
0.169063,-0.548966,0.003876,2.756238,-0.470273,0.311693
0.147829,-0.505818,-0.018254,2.150871,-1.471463,0.552006
0.156909,-0.491352,-0.052191,1.615324,-0.911794,-0.393940
0.168922,-0.445759,-0.039728,2.612946,-0.919547,-1.570564
0.095530,-0.419641,-0.010580,2.964259,-0.914781,-3.405547
0.083776,-0.388632,-0.009191,2.362939,-0.304648,-3.563348
0.100300,-0.332587,-0.030156,1.762355,2.169368,-1.722520
0.104330,-0.289535,-0.013642,1.419117,1.143160,1.141296
0.103635,-0.234298,-0.037574,2.055988,1.784420,3.907548
0.032475,-0.234948,-0.018451,1.762309,1.253735,3.260125
0.042112,-0.199947,-0.039465,1.088454,2.583435,4.567313
0.078340,-0.115795,-0.047182,0.114360,3.808651,3.669369
0.073430,-0.078513,-0.029824,0.210086,2.747832,1.565115
0.044856,-0.022466,-0.060719,0.686161,1.682592,2.467440
0.008388,-0.005886,-0.044572,-0.134918,0.832260,2.588630
0.071867,0.042730,-0.059862,-0.998928,0.912588,5.196614
0.098097,0.112006,-0.035323,-1.091988,-0.365685,6.600480
0.059801,0.106892,-0.032230,-1.029192,-1.784207,6.221755
0.043346,0.126170,-0.056537,-0.397447,-1.183383,5.711867
0.056840,0.143586,-0.078539,-0.394936,-2.274971,3.894971
0.071778,0.171487,-0.080551,-0.519141,-1.414240,0.123019
0.049205,0.138266,-0.058477,-0.184378,-1.668294,-2.642955
0.068762,0.175584,-0.064349,0.366924,-1.246360,-2.085508
0.037963,0.211500,-0.072325,-0.371812,-1.832846,-0.853328
0.042138,0.226425,-0.086312,-0.933650,0.346256,0.042394
0.029678,0.244997,-0.071186,-0.252485,1.526187,0.683651
0.001833,0.226225,-0.048446,0.487370,1.595352,1.544467
0.007994,0.276712,-0.035362,-1.174719,-0.386493,3.000970
-0.035341,0.271917,-0.067973,-1.076906,1.750647,1.515728
-0.055899,0.269645,-0.105278,-1.987461,2.745147,-0.579539
-0.016355,0.301557,-0.046210,-0.882254,1.471269,0.576829
0.027817,0.313594,-0.028029,-1.467742,1.024349,1.229749
0.000198,0.337549,-0.058277,-1.837499,1.969743,3.189332
-0.060983,0.305998,-0.037125,-0.935531,0.530122,4.752196
-0.070719,0.308723,-0.103299,-0.622748,-1.259244,6.482734
-0.053217,0.317421,-0.037328,-1.130419,-3.294749,7.613232
-0.066530,0.299332,-0.042232,-0.961187,-3.744975,6.603909
-0.119913,0.248647,-0.058296,-0.917048,-3.411213,5.103660
-0.147564,0.199575,-0.055880,0.033635,-2.677454,5.030333
-0.120569,0.198820,-0.038861,0.760948,-2.282573,4.594738
-0.090912,0.168789,-0.015159,1.127262,-1.684241,4.264036
-0.100661,0.088169,-0.023240,1.082473,0.170744,4.417990
-0.091021,0.054652,-0.024970,1.659489,1.627891,4.923124
-0.101790,0.014367,-0.013366,2.584825,0.703861,4.491947
-0.111575,-0.063056,-0.017207,3.027803,2.304825,1.961981
-0.072875,-0.101943,-0.020312,2.215216,1.758827,-0.588739
-0.060707,-0.132736,-0.040240,1.693210,2.540366,-2.098946
-0.085375,-0.162491,-0.036947,2.994030,3.415241,-2.866315
-0.092140,-0.196281,-0.014758,2.367029,1.258836,-2.614223
-0.075600,-0.245878,-0.019872,1.545083,0.526354,-0.477394
-0.025969,-0.257777,-0.043795,0.454096,-0.702880,0.756614
-0.055370,-0.300012,-0.031636,0.542561,-1.906104,0.115416
-0.104488,-0.338076,-0.005856,0.485509,-3.278245,-0.649580
-0.120658,-0.361696,-0.038188,-0.035844,-3.276607,-1.812105
-0.084695,-0.412856,-0.032431,-0.424304,-4.120203,-4.155158
-0.056056,-0.446426,-0.039288,-0.210827,-2.273619,-6.684221
-0.115691,-0.516154,-0.016215,0.187401,-1.998488,-9.212084
-0.125581,-0.551887,0.001030,-0.493189,-1.816102,-8.513738
-0.087413,-0.550735,-0.024445,-0.605688,0.096496,-9.161586
-0.046074,-0.575570,-0.035556,0.157144,2.247195,-11.099590
-0.029623,-0.595363,-0.009575,1.105759,4.514516,-13.127464
-0.084502,-0.635967,0.003407,0.344607,2.306962,-13.305862
-0.075189,-0.625440,-0.023657,-0.115581,3.138935,-13.630830
-0.080379,-0.606422,-0.045646,0.379250,3.756631,-14.283169
-0.077687,-0.597287,-0.023227,0.810671,2.106290,-13.965629
-0.062293,-0.543714,-0.012080,0.070996,-0.904425,-11.692018
-0.091529,-0.502555,-0.036750,-0.067276,-0.012774,-9.950852
-0.089695,-0.438295,-0.083282,0.069946,-1.178722,-7.763179
-0.122844,-0.453805,-0.037745,-0.176792,-2.288967,-7.343270
-0.039969,-0.349128,-0.037906,-0.277520,-2.436089,-3.428813
0.007577,-0.269177,-0.052674,-0.640469,-2.535035,-1.072941
0.011050,-0.242458,-0.076616,-0.359246,-0.522034,-0.962008
-0.005178,-0.210868,-0.078877,0.195181,-0.666333,-0.550230
0.022719,-0.175037,-0.035401,0.415334,-0.315602,0.457075
0.094995,-0.085728,-0.031646,-0.144460,-1.368083,1.661403
0.122597,-0.009471,-0.066220,0.117728,2.127573,1.762511
0.091972,0.014334,-0.084434,0.366950,3.349172,2.986571
0.120066,0.068251,-0.072759,1.186283,2.740670,4.913996
0.165374,0.124617,-0.050353,0.754469,1.677679,7.112279
0.210901,0.163616,-0.063450,0.343527,2.397425,8.174102
0.205006,0.203468,-0.085577,1.015426,2.614677,8.171745
0.206447,0.229127,-0.076970,1.593243,1.553537,10.001573
0.229536,0.277231,-0.080492,1.926650,0.734910,10.874675
0.222613,0.290091,-0.074105,0.981784,-0.446548,10.901417
0.240401,0.304163,-0.089522,0.987082,-0.864928,10.881210
0.230035,0.315205,-0.071945,1.492472,-1.486132,11.648484
0.226762,0.339433,-0.079612,2.027821,-1.907995,11.380876
0.211712,0.357099,-0.101510,1.165932,-1.867594,11.984549
0.206490,0.319817,-0.075703,0.478484,-2.226703,11.163588
0.238740,0.303963,-0.086709,0.217379,-0.176525,10.025961
0.229168,0.270485,-0.061392,1.725223,0.168158,8.670485
0.224776,0.228460,-0.064989,1.199498,1.269498,7.614127
0.214295,0.188881,-0.070927,0.667720,1.823901,6.036830
0.249332,0.139903,-0.098749,0.792217,4.924952,5.356191
0.252319,0.090476,-0.073780,1.587390,3.543128,2.955859
0.207832,0.014527,-0.020043,0.642048,1.441858,1.305288
0.211187,-0.039945,-0.063332,0.156208,3.414755,0.568368
0.224205,-0.079160,-0.053320,0.328592,2.599171,-0.527109
0.233202,-0.142114,-0.059934,0.572733,1.988489,-1.591252
0.202144,-0.184054,-0.040210,0.596567,0.471028,-2.766775
0.178284,-0.227050,-0.053504,-0.169291,-0.486745,-2.078635
0.178730,-0.251275,-0.069273,-1.354137,-1.384107,-2.176067
0.149077,-0.304529,-0.063571,-0.667178,-0.727676,-3.513605
0.132028,-0.353861,-0.050612,-0.384235,-1.972494,-4.445732
0.137375,-0.389479,-0.029296,-0.943497,-3.939919,-5.012849
0.146096,-0.432859,-0.062511,-1.069425,-1.109945,-5.808452
0.142482,-0.471425,-0.046309,-0.507084,-0.331272,-8.396084
0.095074,-0.545312,-0.024005,0.340399,1.041244,-9.045939
0.094654,-0.542430,-0.048610,0.243856,1.292875,-7.876708
0.079092,-0.549967,-0.027005,-0.431529,1.396620,-7.052849
0.067390,-0.557366,-0.026168,-0.429428,2.933234,-7.425281
0.024131,-0.580218,0.002724,0.716593,1.698644,-7.902483
0.046028,-0.568867,-0.021247,0.617023,3.179224,-6.504600
0.060195,-0.538281,-0.029752,0.212844,2.910947,-7.596631
0.050105,-0.536371,-0.024625,0.269489,2.532767,-7.580932
0.038485,-0.506094,-0.030018,1.632232,2.040940,-6.330802
0.039105,-0.482388,-0.008377,1.171598,0.066570,-3.122260
0.058432,-0.435180,-0.016403,0.877157,-0.822860,0.320716
0.031004,-0.416483,-0.047514,1.396806,-0.009632,0.971055
-0.004994,-0.415774,-0.034965,2.333916,-1.667877,0.029845
0.016742,-0.377475,-0.031482,2.407268,-2.191052,-0.181439
0.031802,-0.366843,-0.021924,1.861307,-2.086973,-1.158916
0.041153,-0.364722,-0.030888,3.071325,-0.520849,-2.498611
0.019161,-0.384486,-0.006690,3.522887,-1.708238,-3.295029
0.049921,-0.357636,-0.016606,3.910717,0.486666,-1.784375
0.065338,-0.300587,-0.036189,3.017529,0.886788,-1.285517
0.051332,-0.300826,-0.037929,2.846547,1.935806,-1.989473
0.010932,-0.297196,-0.019179,3.570824,1.684834,-1.736289
0.006435,-0.275443,-0.016954,2.651931,1.109220,-0.642896
-0.003527,-0.209151,-0.025922,1.841977,1.459784,-2.527634
-0.040589,-0.175306,-0.054384,0.973644,2.352315,-5.144924
-0.047433,-0.151278,-0.029447,0.773303,0.365540,-5.864973
-0.059703,-0.120998,0.009624,-0.436728,-3.521155,-3.975207
-0.045247,-0.078920,-0.036363,-1.457488,-0.053118,-1.513520
-0.066478,-0.045325,-0.037341,-1.517441,-0.377935,-0.856514
-0.077024,-0.020536,-0.018155,-2.165910,-2.082535,-0.048230
-0.038781,0.061955,-0.029106,-2.502048,-0.699177,0.679171
-0.058758,0.094954,-0.024028,-3.754197,-1.995104,0.303876
-0.079352,0.108674,-0.030202,-4.235382,-1.541402,-1.132890
-0.095948,0.133431,-0.015017,-2.997444,-1.010221,-1.393422
-0.053194,0.199309,-0.031013,-3.932558,-1.364902,0.361974
-0.064682,0.251195,-0.036143,-4.044125,-0.679099,-0.152480
-0.088884,0.253850,-0.043296,-2.443463,1.188425,-0.344175
-0.099929,0.284590,-0.014591,-2.629246,-0.367093,1.018303
-0.062424,0.323924,-0.037266,-2.053835,0.812835,1.960012
-0.021548,0.393406,-0.042931,-1.839994,2.641370,1.613366
-0.067725,0.393905,-0.022725,-0.929111,0.638747,0.792185
-0.070939,0.438313,-0.035851,-0.250109,0.304077,2.468257
-0.081790,0.476856,0.003670,-0.789285,-2.390073,5.499809
-0.056759,0.513849,-0.063847,0.158046,0.749087,7.693134
-0.062549,0.508682,-0.020200,0.756815,-0.691057,8.324518
-0.026215,0.517203,-0.001248,1.086582,-1.047310,9.790426
-0.049104,0.529680,-0.021126,1.099462,-2.040720,11.170580
-0.071359,0.524773,-0.039645,1.328051,-2.413720,10.768622
-0.080330,0.501920,-0.026893,1.576266,-1.878492,8.687805
-0.031352,0.474174,-0.005344,2.471052,-1.971697,7.711362
-0.007056,0.469766,-0.010629,1.843023,-3.601490,8.248406
-0.056749,0.422210,-0.031725,1.394711,-1.272127,8.221890
-0.101938,0.380112,-0.062117,1.771312,0.396638,7.052672
-0.083717,0.320851,-0.017890,1.389505,0.063018,7.458744
-0.023708,0.288155,0.013871,1.305232,-3.509542,7.425540
-0.042125,0.239791,0.004592,0.425752,0.184153,6.950519
-0.092787,0.148070,-0.023296,0.662317,1.209120,5.371521
-0.113351,0.067083,-0.005459,0.764559,1.398018,3.728050
-0.047348,0.013054,-0.014292,0.631292,0.909319,2.766491
-0.035459,-0.063746,0.010838,-0.407761,-0.012350,1.251587
-0.053689,-0.136294,-0.054952,-0.415983,1.817553,-0.093487
-0.103875,-0.220817,-0.020502,-0.691406,-0.245833,-0.312517
-0.064374,-0.276093,-0.015808,-0.059983,-0.570493,-0.771926
-0.048717,-0.334373,-0.004441,-0.837084,-1.600627,-2.209817
-0.055977,-0.416060,-0.019626,-1.045253,-1.300188,-5.113446
-0.083691,-0.485900,-0.018185,-0.003669,-0.804675,-7.262620
-0.099880,-0.544232,-0.003046,0.168439,-1.775131,-8.035532
-0.103143,-0.577907,-0.039025,-0.204732,-1.637301,-9.502106
-0.111959,-0.648558,-0.018809,-0.254365,-1.293430,-11.921411
-0.079447,-0.689536,-0.021553,0.314501,-0.423042,-13.492212
-0.098964,-0.731719,0.027969,1.016618,-0.464332,-13.286229
-0.129681,-0.751476,-0.002616,0.835762,0.470605,-13.382589
-0.135547,-0.761996,-0.005472,0.394793,1.892268,-13.308596
-0.082227,-0.759623,-0.021031,0.978193,2.967713,-13.919726
-0.058337,-0.733071,0.007828,1.291282,2.277879,-14.257453
-0.085618,-0.735746,0.012020,0.517333,0.984192,-13.586641
-0.085756,-0.730005,-0.031111,0.097466,2.382205,-13.117748
-0.033621,-0.674703,-0.002682,0.670048,1.799792,-12.441982
0.026848,-0.627295,0.002317,0.664750,0.771929,-10.273260
0.009396,-0.549077,-0.006217,0.338830,-0.689232,-8.540839
-0.055199,-0.506530,-0.013997,-1.112730,-1.017469,-6.126390
-0.019614,-0.438348,-0.020945,-0.223914,-1.088612,-3.864815
0.020231,-0.368097,-0.010314,-0.094229,-2.341696,-2.351466
0.020234,-0.319379,-0.023850,0.054814,-1.837123,-1.214971
-0.013867,-0.275814,-0.060719,-0.074698,-2.553364,-0.958732
0.006980,-0.235329,-0.037896,0.223436,-1.573090,0.248693
0.050308,-0.204264,-0.007796,1.691585,-2.965058,1.871213
0.091365,-0.142803,-0.049102,1.703828,-0.497715,2.243179
0.091010,-0.094279,-0.046128,1.034415,1.508295,2.483847
0.134004,-0.044970,-0.029624,2.643361,3.635295,3.090304
0.138205,0.017101,-0.021070,2.523676,2.502070,4.947918
0.139886,0.044995,-0.030789,1.927970,2.443084,6.788893
0.167990,0.106803,-0.039265,1.654690,2.895444,7.754442
0.188505,0.147059,-0.015132,2.670871,1.528597,9.105927
0.206224,0.199014,-0.048206,2.397076,1.429589,10.136275
0.145778,0.206996,-0.037850,1.208256,0.690032,9.494238
0.171276,0.239985,-0.054971,1.140726,0.078015,10.221180
0.218993,0.271313,-0.024074,1.774798,-1.284508,10.493239
0.238979,0.304931,-0.046224,0.852131,-1.743144,10.255157
0.162817,0.292622,-0.066722,0.141719,-1.975954,9.298102
0.141520,0.263701,-0.062800,0.835591,-2.008365,9.098497
0.179095,0.288529,-0.055382,0.645744,-1.591689,8.720140
0.201888,0.290489,-0.075772,-0.596931,-0.946184,7.948479
0.154151,0.258866,-0.083066,-0.727825,0.034027,6.275639
0.116997,0.221492,-0.053566,0.109758,0.782699,5.870645
0.135642,0.228575,-0.064845,-0.810168,1.587484,5.572242
0.147954,0.172318,-0.084815,-1.481903,2.561101,2.616301
0.137109,0.156181,-0.065639,-0.854524,3.488413,-1.537576
0.110997,0.127772,-0.065127,-0.800777,3.408347,-2.208881
0.119226,0.121719,-0.037604,-1.693748,-0.472141,-2.552549
0.125798,0.088395,-0.110490,-1.501827,4.349445,-2.181351
0.133492,0.053713,-0.079176,-1.526472,1.256095,-2.229136
0.067718,0.042152,-0.070789,-1.444453,-2.201707,-1.139193
0.044938,0.058607,-0.119409,-2.166488,-1.105199,1.440367
0.027731,0.006915,-0.113487,-1.550397,-2.062308,0.484899
0.055711,-0.025837,-0.117377,-0.565059,-2.901011,0.319787
0.014441,-0.053373,-0.103190,-1.246004,-5.406808,-0.102286
-0.010086,-0.068000,-0.148291,-1.251111,-2.551530,-1.895112
-0.055219,-0.107747,-0.129466,-0.056133,-2.600264,-4.691958
-0.020268,-0.135749,-0.107868,0.333236,-1.015138,-4.373255
0.008706,-0.170438,-0.109072,0.721844,-0.701370,-1.815906
-0.016184,-0.205934,-0.139254,0.786433,0.714043,0.249096
-0.088825,-0.255808,-0.129437,1.541167,1.509890,-0.768664
-0.071635,-0.289459,-0.111731,2.485256,3.211700,-1.688039
-0.032140,-0.284493,-0.118253,1.870842,2.621629,-1.816060
-0.024679,-0.308340,-0.135384,2.100859,3.498966,-4.053193
-0.125142,-0.342766,-0.125485,2.426861,1.416137,-4.628609
-0.144918,-0.366350,-0.123144,2.498986,1.664841,-2.740274
-0.096716,-0.347670,-0.133280,1.776190,0.123444,-0.749038
-0.085545,-0.352636,-0.153192,1.421640,-0.050906,0.932366
-0.133975,-0.373450,-0.145957,2.361527,-2.127242,1.925510
-0.163927,-0.410742,-0.125120,1.939068,-2.523465,2.364608
-0.131808,-0.410128,-0.117482,1.067902,-4.774082,0.871789
-0.097093,-0.434875,-0.156540,1.178651,-2.100345,-1.949946
-0.106146,-0.454412,-0.168242,1.575144,-2.334331,-6.169109
-0.139377,-0.464213,-0.109053,1.325980,-2.581377,-7.223320
-0.111037,-0.429459,-0.142950,0.887378,-0.818786,-5.628363
-0.123628,-0.443202,-0.127720,0.045541,-0.942613,-4.585211
-0.139289,-0.463130,-0.130044,-0.215370,0.748611,-4.354915
-0.156660,-0.476949,-0.092263,1.013634,0.587046,-5.120567
-0.139847,-0.452413,-0.106584,0.218430,0.806976,-5.486329
-0.140480,-0.430171,-0.123594,-0.310118,2.070298,-9.371566
-0.177014,-0.426271,-0.063893,0.307158,1.507412,-12.240143
-0.148014,-0.391179,-0.090234,-0.432589,1.723492,-10.390025
-0.145148,-0.347263,-0.082255,-1.107524,-1.325050,-9.762590
-0.181816,-0.311790,-0.095171,-0.562748,-0.057510,-8.854794
-0.238615,-0.256231,-0.080515,-0.579153,-1.495901,-6.585586
-0.224360,-0.206023,-0.067392,-1.334551,-3.182979,-3.228435
-0.185532,-0.146158,-0.092250,-1.409669,-2.678258,-1.929370
-0.230721,-0.120959,-0.082544,-0.935544,-2.553680,-3.638114
-0.256679,-0.091617,-0.100338,0.036491,-2.693016,-5.354860
-0.248837,-0.044189,-0.058828,-0.977024,-2.462293,-5.781958
-0.173029,0.055650,-0.072391,-0.596261,-0.983076,-4.426540
-0.170912,0.088904,-0.037440,-1.095189,-1.024228,-3.596881
-0.191115,0.112160,-0.032920,-0.010602,0.160828,-1.292580
-0.225144,0.159838,-0.034512,-0.182966,0.328157,2.070189
-0.169074,0.245930,-0.032083,-0.647142,0.937295,3.992264
-0.142919,0.286501,-0.042101,-0.763987,1.298908,3.332093
-0.128102,0.313174,-0.017522,0.116300,1.468640,3.353984
-0.114572,0.367971,0.010966,-0.200065,-0.012820,4.897534
-0.116801,0.417769,-0.026421,-0.254560,0.897404,7.399248
-0.102066,0.478943,-0.020545,-0.898144,0.716722,7.951435
-0.099867,0.481891,-0.016911,-0.479321,-0.593874,9.903866
-0.066714,0.543263,-0.002180,0.084319,-1.709545,13.225862
-0.068720,0.573464,-0.014909,-0.533098,-2.482589,16.658272
-0.091858,0.566864,-0.047904,-0.687664,-2.274236,16.519454
-0.103606,0.522961,-0.016800,0.115227,-1.217015,14.511580
-0.043757,0.521359,-0.011164,0.956355,-2.672816,13.874624
-0.028119,0.501070,0.013970,0.565407,-2.277226,12.326892
-0.043241,0.471138,-0.025607,0.550954,-0.827941,11.254056
-0.065628,0.407380,0.010376,1.033325,-0.314860,10.199970
-0.001469,0.384094,0.023299,2.183146,0.742866,11.176576
0.001922,0.334001,0.043325,1.394820,0.311561,10.366569
-0.043215,0.268828,0.010832,1.022470,1.460736,7.886942
-0.105260,0.174018,0.037912,2.072791,1.692233,5.454766
-0.062897,0.148218,0.028777,2.063695,1.488042,4.540749
-0.033017,0.089882,0.051974,1.142436,0.139653,2.827977
-0.058695,-0.003063,0.016599,0.650445,0.915263,-0.033597
-0.102913,-0.087366,0.015112,1.623402,0.808814,-1.934451
-0.085621,-0.149785,0.028626,1.216239,-0.910951,-1.086619
-0.063409,-0.204369,0.024851,0.743541,-0.963364,-1.574841
-0.072458,-0.280639,0.010940,0.127090,-0.733886,-1.637171
-0.087213,-0.350811,0.009463,-0.314549,-1.268900,-3.831103
-0.088933,-0.434133,0.022100,0.594443,-1.357822,-5.581083
-0.109980,-0.482916,0.014951,-0.116362,-1.675791,-8.163752
-0.107023,-0.559030,-0.007241,-0.769872,-0.267353,-10.358544
-0.096105,-0.589642,0.002343,-1.222284,-0.259308,-11.680700
-0.112783,-0.633206,0.017538,-0.546542,-0.100493,-12.438468
-0.145663,-0.666388,0.027608,-0.857001,-2.053360,-12.414250
-0.136259,-0.714079,-0.004825,-0.975757,1.013382,-12.039238
-0.135127,-0.722246,-0.023558,-1.449623,2.223026,-11.635347
-0.148874,-0.727826,-0.011032,-0.970416,1.740597,-12.478517
-0.125877,-0.726451,-0.011226,-0.047660,1.818541,-13.526895
-0.126514,-0.733859,0.000410,-0.651133,1.068012,-12.426312
-0.111030,-0.704235,-0.034243,-0.545350,0.226736,-10.509328
-0.076988,-0.693803,-0.027569,-0.359791,1.270735,-8.497133
-0.056995,-0.656190,-0.026539,1.051359,0.196416,-6.993970
-0.082184,-0.642525,-0.023243,0.778733,-1.846695,-4.224967
-0.085375,-0.583520,-0.046066,0.795516,-1.050093,-1.827014
-0.044167,-0.547705,-0.046332,1.656030,-1.119497,-1.758490
-0.068135,-0.525227,-0.030619,2.343628,-2.568342,-2.589706
-0.084429,-0.484538,-0.052145,2.801456,-1.569792,-4.152417
-0.043094,-0.411835,-0.045610,2.344922,-2.403646,-4.810227
-0.011031,-0.359155,-0.063972,2.711281,-1.002928,-4.332130
-0.041892,-0.320449,-0.047192,4.012689,0.265633,-2.190822
-0.000868,-0.292604,-0.048239,2.882516,-0.448504,2.351552
0.044935,-0.220909,-0.101112,2.713073,1.391105,5.342445
0.007587,-0.166243,-0.066227,2.509936,2.422526,5.217357
0.001091,-0.120456,-0.065137,2.564956,1.686771,3.102956
0.010259,-0.058064,-0.068593,1.417964,-0.413950,1.507159
0.065781,-0.028052,-0.100824,0.859927,2.150284,1.600860
0.094424,0.047033,-0.102586,0.940806,1.728596,1.433350
0.050387,0.080934,-0.055319,0.326960,-0.666245,3.167422
0.056646,0.127814,-0.102960,-0.844854,0.307678,6.680876
0.053610,0.178449,-0.115076,-0.632713,1.045681,8.786770
0.123415,0.207591,-0.066916,-0.781066,-1.742323,8.472477
0.109760,0.222670,-0.076025,-0.819855,-2.378978,7.253747
0.017641,0.242732,-0.122012,-1.753022,-2.134043,6.914367
0.007321,0.270348,-0.122018,-1.513158,-1.916644,3.602625
0.058593,0.253157,-0.119281,-0.182156,-1.038099,1.768780
0.048778,0.234878,-0.097308,-0.651745,-2.190750,1.629844
0.000776,0.212216,-0.090527,-0.554108,-0.861264,2.472334
-0.027762,0.241104,-0.110671,-0.431358,-0.356524,2.555714
-0.067843,0.228185,-0.076727,-0.560772,0.714979,0.563289
-0.012918,0.226281,-0.072430,0.184240,2.011634,-0.893739
0.019689,0.244922,-0.053271,-0.738279,1.353797,-0.890952
-0.024410,0.234530,-0.076806,-1.019765,2.405520,0.713822
-0.093016,0.234100,-0.083830,-0.631292,2.795506,1.076570
-0.093098,0.238689,-0.061208,-0.977425,1.268185,1.890401
-0.008021,0.263281,-0.069437,-1.841284,0.935280,2.265579
-0.051402,0.281364,-0.067707,-2.451203,-0.837624,2.502183
-0.113545,0.266924,-0.081982,-1.240568,-0.938631,2.495263
-0.120353,0.252905,-0.070589,-1.605972,-1.769082,4.941395
-0.099798,0.258462,-0.091853,-2.247663,-2.837643,5.682173
-0.073486,0.280366,-0.102553,-1.409509,-1.291375,5.255558
-0.106829,0.231024,-0.048360,-1.131870,-3.009541,5.023483
-0.127374,0.170335,-0.053642,-0.475540,-2.862413,6.265463
-0.134523,0.147089,-0.061313,-0.671721,-2.116370,7.025181
-0.080970,0.133906,-0.068626,-0.137475,-0.108066,4.936740
-0.064997,0.102438,-0.015529,0.498881,-0.296741,2.144336
-0.133239,0.052666,-0.020108,1.249542,0.378447,1.617521
-0.159135,0.025494,-0.016875,1.574733,1.001339,1.696151
-0.102381,-0.016029,-0.036842,1.480741,3.648500,2.144337
-0.105060,-0.062623,-0.015224,1.869293,1.615092,0.912691
-0.142371,-0.122400,0.023364,2.759815,1.256854,0.443262
-0.130636,-0.143063,-0.008754,2.414864,0.557540,1.385904
-0.151303,-0.204362,0.002143,2.628143,-0.091221,0.950403
-0.195635,-0.253090,0.005468,3.344063,0.318831,0.459321
-0.195789,-0.293182,0.008761,2.989855,-2.035652,1.267802
-0.191604,-0.301289,0.022199,2.084207,-3.641269,0.513636
-0.253679,-0.364033,-0.011364,1.843194,-2.661596,-2.311957
-0.266611,-0.420202,0.013084,2.426474,-2.502352,-4.513154
-0.244225,-0.513128,0.050247,2.147608,-2.690337,-4.988155
-0.215875,-0.527410,0.014426,1.861228,-1.074202,-5.248038
-0.231827,-0.548956,0.025836,0.803650,-0.887839,-8.449152
-0.241143,-0.581265,0.025107,1.028221,0.141311,-10.447547
-0.274496,-0.615944,0.064638,0.450535,-0.088460,-10.951310
-0.270934,-0.601636,0.047838,-0.943874,-0.090685,-8.822792
-0.273921,-0.617053,0.024651,-1.018993,1.191809,-10.237629
-0.294220,-0.638609,0.030815,-0.919381,1.459709,-11.729832
-0.345026,-0.610846,0.029351,-1.030360,1.513002,-12.756882
-0.331482,-0.600651,0.033714,-1.224799,-0.360814,-14.170415
-0.262351,-0.576423,0.015677,-2.007782,-0.030456,-14.068015
-0.289493,-0.582099,0.029575,-1.398275,-0.523649,-12.347039
-0.320706,-0.529031,-0.001185,-1.167107,-0.925026,-9.201978
-0.290659,-0.444558,0.022737,-1.860896,-0.449489,-6.243072
-0.279268,-0.395876,-0.006864,-2.362374,-0.677070,-5.639232
-0.303611,-0.336779,-0.010090,-1.792726,-2.193363,-5.444935
-0.259009,-0.303144,-0.015336,-0.774074,-2.564837,-4.591815
-0.269831,-0.199195,-0.020729,-1.283834,-2.555285,-3.835713
-0.315500,-0.145495,-0.001970,-0.707500,-1.392281,-5.261275
-0.262423,-0.063089,-0.009831,0.374937,-2.049435,-4.632737
-0.209671,-0.007439,0.002278,-0.086433,-1.698916,-1.190022
-0.204357,0.067962,-0.020624,0.246862,-0.637635,1.754026
-0.248768,0.104939,-0.012565,1.421519,0.372443,3.629906
-0.191982,0.166025,-0.020069,1.914400,0.626625,6.049566
-0.154582,0.272997,-0.021467,1.164015,0.364099,7.147210
-0.172031,0.331549,-0.020565,1.588503,0.592239,6.605886
-0.153295,0.346819,-0.018182,2.270741,0.628903,7.273816
-0.171230,0.372090,-0.020089,1.729927,-1.134596,10.481740
-0.142335,0.428660,-0.045488,1.722784,-0.323992,13.174955
-0.111628,0.496183,-0.046204,1.689737,-1.017958,14.932307
-0.121416,0.476127,-0.027474,2.178239,-1.437900,15.037870
-0.165601,0.468305,-0.054059,2.279627,-2.485773,15.654876
-0.161291,0.479820,-0.061464,1.565920,-2.141694,14.404831
-0.082358,0.464681,-0.079786,1.239800,-0.479845,12.224088
-0.089662,0.425512,-0.050776,1.300016,-1.806479,9.361805
-0.112435,0.386484,-0.024418,1.831817,-1.368043,8.697840
-0.073269,0.362256,-0.069696,0.558582,-0.292497,9.298820
-0.066960,0.287958,-0.078687,0.125363,-0.119108,9.040634
-0.103763,0.239247,-0.073471,1.177299,1.178755,7.758112
-0.067607,0.172492,-0.047143,0.615979,0.788230,6.523254
-0.026350,0.154491,-0.042212,-0.329114,0.318119,4.635051
-0.087243,0.114044,-0.071603,-1.050508,1.997450,1.862266
-0.082831,0.050040,-0.090993,-1.107915,1.446044,-0.933121
-0.007893,-0.039229,-0.032099,-1.377882,0.481512,-0.607586
0.019949,-0.042804,-0.066365,-2.173949,0.496874,0.078392
-0.023678,-0.087228,-0.069256,-2.183517,0.055022,-0.742668
-0.007197,-0.159058,-0.070743,-2.176936,-0.460803,-1.624156
-0.005720,-0.226624,-0.062967,-1.789132,-0.943699,-1.138922
-0.003192,-0.239832,-0.058132,-1.528989,-2.685673,-2.691886
0.037093,-0.286042,-0.064599,-2.111441,-1.816746,-5.743805
-0.043586,-0.365707,-0.068629,-1.095773,-1.901347,-8.261036
-0.078853,-0.402398,-0.059485,-0.341344,-2.168016,-8.772063
-0.033804,-0.400954,-0.057692,0.014039,-1.384731,-9.595072
0.002558,-0.427584,-0.064536,-1.069651,-0.692225,-10.426693
-0.086465,-0.473988,-0.044956,-0.015496,-0.061616,-10.937416
-0.089028,-0.463918,-0.039133,1.565599,1.495362,-9.545294
-0.049550,-0.473788,-0.025794,0.856136,0.912982,-7.749080
-0.007532,-0.485858,-0.046995,1.143339,2.946814,-5.825892
-0.055180,-0.484101,-0.049053,1.398217,3.377969,-5.418870
-0.009652,-0.499706,-0.017194,2.152564,2.875395,-5.707927
-0.022434,-0.466816,0.008528,1.764751,2.072402,-5.457822
-0.028441,-0.430076,-0.026814,2.017600,2.580014,-5.117825
0.033528,-0.440094,-0.021605,1.696515,0.983679,-4.206395
0.062200,-0.447758,-0.017075,1.862239,0.177273,-0.888265
0.023159,-0.396992,-0.009309,2.681765,-0.245423,0.550194
0.027577,-0.386377,-0.037095,2.525101,-1.129013,1.097295
0.092179,-0.396011,-0.040355,1.704889,-2.450752,0.094833
0.066471,-0.398906,-0.019183,1.998854,-1.537466,0.029242
0.039414,-0.362280,-0.011269,2.640919,-2.191558,-0.628192
0.056164,-0.347637,0.000614,1.935730,-2.966364,-0.464358
0.027889,-0.333172,-0.039925,1.558938,-0.842548,-0.103600
0.043740,-0.272890,-0.023053,1.983230,0.249060,0.095257
0.080658,-0.289499,0.008295,1.493109,-1.318577,1.304866
0.045749,-0.294856,-0.033281,0.851215,1.334572,2.334258
-0.031668,-0.288475,-0.034709,1.318234,3.371466,0.803435
0.034332,-0.245465,-0.035132,1.788066,2.842009,-0.920515
0.081898,-0.220673,0.025514,0.336480,2.008119,-2.912823
0.015961,-0.187664,-0.028292,-0.335764,3.531531,-3.311766
-0.026639,-0.170139,-0.036005,-0.457988,2.254777,-1.892384
0.010446,-0.156816,-0.013425,-0.055335,0.940706,-0.393471
-0.010742,-0.094564,-0.024087,-0.512690,-0.638718,0.280295
-0.047853,-0.039754,-0.014456,-0.865063,-2.256274,-0.134984
-0.022076,-0.038779,-0.044760,-1.454957,-1.737928,-0.565965
-0.060225,-0.016163,-0.037702,-1.040431,-2.532058,-1.235009
-0.116965,0.005721,-0.026969,0.018490,-2.777240,-2.140231
-0.059749,0.040708,-0.040125,-1.508402,-2.848620,-2.603816
-0.041892,0.057655,-0.052828,-1.330323,-1.287079,-2.654523
-0.122007,0.112876,-0.044727,-0.165034,-1.031590,-2.737764
-0.151404,0.131862,-0.015927,-0.321600,-0.691480,-3.029407
-0.111904,0.138410,-0.039462,-1.206480,-0.138632,-1.737136
-0.140901,0.194376,-0.046013,-1.758290,1.850397,-1.591971
-0.127111,0.264196,-0.033373,-0.894674,1.867403,-1.698950
-0.120746,0.270269,0.002386,-1.090754,0.984319,-0.245620
-0.150607,0.286681,-0.042285,-1.942918,2.263945,3.145775
-0.167121,0.352166,-0.060443,-1.203339,2.830937,4.733329
-0.111746,0.359610,-0.036498,-0.981436,0.972473,5.443696
-0.115078,0.371082,-0.025016,-1.088732,-4.027327,5.213758
-0.191365,0.393895,-0.061651,-0.984768,-0.975106,6.121384
-0.163060,0.401419,-0.054771,-0.937179,-1.943911,6.883015
-0.136361,0.386480,-0.030202,0.049519,-3.638552,7.186198
-0.158360,0.393741,-0.055431,0.267732,-3.741410,9.876157
-0.166691,0.398996,-0.078414,0.372691,-3.223399,10.209596
-0.127748,0.344390,-0.050373,0.698847,-3.551370,11.258708
-0.171125,0.333426,-0.053327,0.970600,-3.487471,12.019429
-0.254411,0.298731,-0.032290,2.070756,-2.333806,11.640805
-0.183776,0.273738,-0.044743,0.970669,-2.212280,11.193105
-0.174516,0.235331,-0.024477,0.642734,-1.531154,8.404949
-0.235267,0.196214,-0.020575,2.544155,1.578969,4.553387
-0.236909,0.144164,-0.017660,2.009207,0.859278,3.487786
-0.204166,0.055404,-0.017410,0.849272,1.855039,4.412470
-0.237890,0.048970,-0.042101,1.084288,2.726401,4.632951
-0.251017,-0.003342,-0.028429,1.527795,2.165800,2.832862
-0.218402,-0.079836,-0.014578,0.820413,-0.129054,3.311814
-0.286349,-0.140716,-0.002590,0.902753,-0.555052,3.927287
-0.291745,-0.166210,-0.036783,0.062363,-1.396463,3.099466
-0.235747,-0.239803,-0.035506,-0.102126,-1.913831,-0.729967
-0.287301,-0.343390,-0.020187,0.652638,-2.584337,-3.956765
-0.314420,-0.364506,-0.045465,1.293852,-2.755136,-5.642436
-0.244800,-0.438971,-0.018050,0.428086,-2.353369,-6.606477
-0.208243,-0.509836,-0.036491,-1.080972,-2.855198,-7.454293
-0.264727,-0.552629,-0.028797,0.809502,-1.588370,-8.425532
-0.246158,-0.600960,-0.009089,1.020849,-1.801830,-9.251836
-0.188237,-0.626740,-0.054499,-0.237336,-0.654513,-10.593420
-0.246415,-0.661396,-0.029086,-0.046357,0.795675,-13.369807
-0.198146,-0.683470,-0.017952,0.912781,5.135458,-13.474883
-0.188690,-0.711437,0.015342,-0.272550,0.365797,-12.596945
-0.234105,-0.720319,-0.034138,-0.505987,1.597577,-14.266841
-0.259745,-0.704573,-0.030514,0.301181,1.362601,-15.516571
-0.213209,-0.728351,-0.003723,0.225685,0.403351,-14.417560
-0.230501,-0.700434,-0.039882,-0.491827,-0.248545,-12.423869
-0.315681,-0.652783,-0.023814,-0.343641,-0.723241,-11.865427
-0.281330,-0.629891,-0.000752,0.895098,-1.024395,-10.156808
-0.263168,-0.604032,0.002245,-0.511807,-3.078000,-6.800947
-0.290439,-0.530778,-0.020460,-0.686929,-1.802684,-5.466771
-0.286283,-0.455488,-0.026913,-0.208612,-1.938793,-6.088426
-0.241652,-0.443357,-0.011952,-0.028472,-2.384132,-4.751701
-0.253446,-0.359257,-0.020525,-0.228950,-2.855401,-3.537945
-0.244031,-0.242642,-0.010117,0.219277,-0.755950,-0.686816
-0.156075,-0.172073,-0.034213,-1.033466,0.094844,1.126509
-0.209175,-0.155293,-0.033314,-0.966212,0.153229,3.266708
-0.233826,-0.068551,-0.017407,0.842169,0.475263,5.735166
-0.126747,0.025018,-0.020811,0.749555,1.371394,6.857715
-0.103651,0.052863,-0.054846,0.098759,1.689847,6.871951
-0.177001,0.120504,-0.035004,1.678879,0.852037,6.672298
-0.165988,0.161814,-0.008137,1.954022,-0.355966,7.458626
-0.084397,0.226606,-0.010527,1.215152,-1.124910,9.616863
-0.125631,0.265631,-0.023420,1.619079,-0.541174,10.339307
-0.088703,0.313955,-0.033146,2.732817,0.020802,12.064298
-0.037855,0.298412,0.017508,2.208188,-4.474966,14.591144
-0.063990,0.316000,-0.031604,2.507533,-1.221407,14.911568
-0.081708,0.348903,-0.047346,2.858971,-0.172947,11.899322
-0.001065,0.312179,-0.025226,2.947534,-1.296266,9.090990
0.027485,0.293075,-0.016773,2.929504,-1.283058,7.292155
-0.028106,0.299834,-0.014811,2.765392,-1.740429,6.945722
0.003694,0.284452,-0.058904,2.520171,0.027544,6.139983
0.013719,0.191625,-0.025465,1.096505,0.692904,6.375194
-0.014359,0.178042,-0.021238,2.286205,0.759682,5.737127
-0.008520,0.169642,0.008485,1.507611,-0.474183,3.090998
0.027088,0.114402,-0.044320,-0.401934,0.658081,0.376009
-0.021013,0.061210,-0.035592,-0.716037,1.275741,-1.488853
-0.021679,0.052039,-0.018408,-0.725307,0.657146,-1.931122
0.052931,0.029226,-0.014108,-2.291102,-0.188607,-1.757690
0.002956,-0.039026,-0.049000,-3.438866,1.200399,0.482420
-0.055508,-0.042938,-0.072043,-3.381614,0.742194,0.453872
-0.002044,-0.071880,-0.026667,-2.552719,0.336340,1.386224
0.030466,-0.126276,-0.024497,-4.560258,-1.994795,1.601245
-0.062257,-0.168186,-0.062642,-4.040264,-0.288292,-0.667647
-0.024003,-0.199649,-0.048354,-2.046173,0.724807,-2.912041
0.026566,-0.250644,-0.030268,-2.531902,-1.317648,-3.784790
-0.017409,-0.281601,-0.036475,-2.443046,-1.437457,-5.222932
-0.016408,-0.280525,-0.084556,-0.968532,0.687374,-6.417540
0.018196,-0.330940,-0.043095,-0.763088,-0.029268,-5.700280
-0.007955,-0.340423,-0.035927,-0.256814,0.039841,-4.581914
-0.033880,-0.308120,-0.028367,1.129789,2.068827,-4.953363
0.057634,-0.313231,-0.038923,1.024439,1.517246,-4.792318
0.057808,-0.350680,-0.013324,0.872482,0.729290,-3.380409
-0.024075,-0.324237,-0.004868,2.565610,1.704339,-2.864431
0.008841,-0.282464,-0.034725,2.696336,0.911371,-1.655242
0.053508,-0.325261,-0.004185,1.551343,-0.024062,0.083306
0.021318,-0.307066,-0.014952,2.971831,1.632036,0.957520
0.031263,-0.245104,0.009036,4.135232,0.424263,2.328254
0.074280,-0.295854,0.006732,2.653980,-0.700707,3.642340
0.020937,-0.308668,-0.016714,2.467357,-0.097664,3.146048
-0.005585,-0.284178,0.027864,4.113696,0.325777,1.372105
0.084547,-0.273861,0.024900,3.353792,-1.430088,1.721834
0.021170,-0.320780,0.012890,2.168218,-1.655142,2.471146
-0.053699,-0.332059,-0.024106,3.065174,0.105568,1.051703
0.022828,-0.313126,0.005547,3.750658,-0.308676,0.024734
0.009041,-0.364053,0.042261,1.739364,-2.599295,0.074072
-0.069652,-0.345281,-0.020791,1.487851,0.126284,-2.354317
-0.083996,-0.340505,-0.000791,2.119326,1.343970,-4.261907
-0.018978,-0.391304,0.015716,1.188588,0.232178,-3.695169
-0.087722,-0.395902,0.023768,0.242927,-1.956220,-5.181416
-0.139729,-0.355952,-0.009592,0.315587,0.151693,-6.322817
-0.085230,-0.374169,0.008958,-0.535815,0.346440,-5.013622
-0.105486,-0.374760,0.014324,-0.841981,1.829813,-3.981354
-0.182515,-0.322527,-0.010218,-1.163079,0.468330,-4.179215
-0.115606,-0.309833,-0.010317,-1.848130,-0.171923,-3.704245
-0.127446,-0.356904,0.013628,-2.208122,-0.739430,-3.736603
-0.187219,-0.289052,-0.020765,-1.612117,-0.365928,-4.569038
-0.177254,-0.219205,-0.008420,-1.893970,-1.680649,-7.153539
-0.147249,-0.246646,-0.011827,-2.271618,-1.352461,-6.303429
-0.180779,-0.201693,-0.045439,-1.780670,4.966396,-4.995956
-0.211463,-0.106168,-0.021221,-1.292936,-1.300221,-4.887095
-0.159154,-0.079130,-0.023256,-2.085503,-0.750827,-4.628491
-0.242190,-0.098697,0.011042,-2.232967,-1.438757,-3.959094
-0.251200,0.030733,-0.020450,-0.174133,-0.814155,-2.536867
-0.207616,0.080685,0.007838,-1.342225,-0.787528,-1.387672
-0.215359,0.091698,0.001615,-2.235577,-0.619683,-0.752166
-0.270888,0.166675,0.014705,0.178850,1.357487,-0.121112
-0.217001,0.253039,0.024431,0.375435,-0.169399,3.188611
-0.207557,0.260753,0.014797,-0.801804,-0.880378,5.703553
-0.290327,0.303454,-0.016248,0.443805,0.665489,6.509958
-0.261445,0.379824,0.001076,1.970772,-0.146599,7.759753
-0.235303,0.350127,0.061391,0.353525,-4.708791,10.059132
-0.275989,0.387488,-0.024435,1.028906,-1.503946,10.145889
-0.328623,0.426270,0.014991,2.304199,-1.485515,8.501291
-0.239564,0.419026,0.032775,2.264918,-2.048293,10.040963
-0.249067,0.410498,0.012217,1.187218,-2.417685,10.965068
-0.269562,0.452608,0.002012,2.285657,-1.476521,10.131810
-0.232888,0.405975,0.016524,2.492897,-2.254003,10.095333
-0.220096,0.320457,0.007648,1.628066,-1.990545,12.024086
-0.232769,0.336571,-0.007090,1.992368,0.399868,9.588204
-0.220152,0.329382,0.022957,1.992397,-0.216613,7.072976
-0.173725,0.255567,0.039593,0.752171,-0.599956,6.878861
-0.213541,0.207683,0.025642,0.288064,-0.830370,7.648343
-0.182824,0.204929,0.000489,0.406894,0.593401,8.190307
-0.110374,0.136201,0.026538,-0.132410,0.596407,8.444527
-0.152635,0.039182,0.039806,-0.850532,-1.498527,7.926090
-0.159939,0.030496,-0.000479,-0.255370,-0.378496,6.785839
-0.119611,-0.047583,0.016123,-0.698227,-0.838953,4.998497
-0.128427,-0.153346,0.012493,-1.153320,-0.939193,1.011437
-0.188053,-0.217370,0.040781,0.227424,-1.620627,-2.773958
-0.129455,-0.257226,0.033159,-1.102754,-2.322767,-3.349000
-0.158124,-0.340698,0.010996,-1.461095,-2.583619,-5.105909
-0.201590,-0.402543,0.020942,-0.122346,-1.107496,-7.742558
-0.163720,-0.435049,0.020922,0.512924,-2.095382,-8.482507
-0.129176,-0.516863,0.023601,-0.743734,-1.735125,-7.424317
-0.193758,-0.538797,-0.010757,-0.656540,-0.604591,-9.760965
-0.245239,-0.541764,0.011216,0.765074,0.119312,-12.983356
-0.177769,-0.603553,0.029345,-0.125192,-1.390291,-12.814745
-0.144032,-0.583448,-0.004848,-0.643620,0.711775,-11.382137
-0.193978,-0.556079,-0.009217,-0.147923,2.251518,-11.525440
-0.183119,-0.606668,0.001812,0.081369,1.151918,-10.742299
-0.189422,-0.628660,0.031446,-0.041831,1.031045,-9.368637
-0.203546,-0.578603,-0.005935,0.228803,0.913869,-9.164267
-0.147922,-0.525063,-0.021320,0.356900,0.881523,-8.949246
-0.162374,-0.548109,0.013031,-0.553008,-0.799922,-8.716925
-0.226927,-0.519237,0.000666,0.490331,-0.659949,-7.073288
-0.207636,-0.442831,-0.009621,0.743916,-1.554722,-5.241503
-0.161803,-0.446793,-0.008430,-0.132177,-2.134876,-3.609844
-0.187574,-0.404620,0.000870,0.728567,-1.804811,-1.825679
-0.197322,-0.361686,0.018565,2.051380,-2.040923,0.284883
-0.156748,-0.352633,-0.007274,1.511195,-1.716480,2.931456
-0.193370,-0.341873,-0.023765,2.152354,-1.035719,2.759557
-0.211811,-0.285300,0.015585,3.038547,-0.975175,0.353918
-0.129501,-0.257616,0.014889,2.820593,0.100083,0.362490
-0.117136,-0.224543,0.011377,2.185487,-0.660418,1.044344
-0.226809,-0.186831,0.014236,2.810854,1.091606,0.433995
-0.168805,-0.158414,0.042291,3.349869,1.308257,2.411190
-0.084915,-0.130002,0.027228,2.076608,0.215737,5.761288
-0.114474,-0.086749,0.000042,1.867205,1.158033,5.891357
-0.137933,-0.033708,-0.007724,2.250427,1.596806,4.541469
-0.100868,-0.045282,0.013284,1.501532,-0.702847,6.555204
-0.127600,-0.022203,0.000899,0.944217,-0.942048,7.851921
-0.112852,0.074432,-0.043351,1.053528,-0.735219,7.790922
-0.115652,0.049128,-0.018083,0.185566,-2.656269,6.363479
-0.168870,-0.003693,-0.031390,0.028541,-2.944306,6.630475
-0.199689,0.049843,-0.057499,1.119659,-2.902051,7.169191
-0.154513,0.052203,-0.013763,0.035693,-3.195790,5.609095
-0.126189,0.015246,-0.037610,-1.122069,-1.770736,3.918826
-0.197050,0.025422,-0.031082,0.604484,0.995453,2.223977
-0.181514,0.029095,-0.012628,0.368388,-1.586151,1.470710
-0.138997,0.014445,-0.009601,-0.845047,-0.551602,0.090481
-0.186802,0.012627,-0.045554,-1.017756,2.448477,-2.046857
-0.224455,0.035893,-0.046174,-0.052020,1.392881,-4.090580
-0.199308,0.005934,0.006955,-0.525219,0.400446,-3.863661
-0.207994,0.032098,-0.020578,-1.830711,0.755625,-3.089938
-0.257086,0.054636,-0.035411,-0.923996,0.817128,-3.017821
-0.216180,0.019881,-0.013166,-1.346318,-0.135599,-1.265864
-0.194312,0.000275,0.002770,-0.935728,-1.382765,0.808406
-0.242538,0.034813,-0.039449,-0.399417,-1.085143,0.887114
-0.185236,-0.003989,-0.053694,-0.033143,-0.628103,0.416046
-0.167991,-0.068719,-0.053442,-0.751934,-2.117119,-0.067000
-0.240224,-0.045912,-0.007162,0.312344,-2.768870,-0.859156
-0.174217,0.003262,-0.008262,0.565604,-2.892184,-0.758529
-0.119141,-0.040972,-0.002554,-0.648285,-2.796390,0.614064
-0.183319,-0.062196,-0.023959,-0.197445,-0.871003,1.776014
-0.210475,-0.025252,-0.016258,1.440055,-0.848574,2.314605
-0.166471,-0.059075,0.001910,0.749998,-1.496524,2.242586
-0.126953,-0.077676,-0.027323,-0.564313,0.169553,1.984624
-0.158708,-0.008138,-0.028787,0.312347,1.640925,-0.831743
-0.115334,-0.022896,0.024963,0.930073,1.461950,-0.073483
-0.116368,-0.061947,0.017311,-0.405781,0.600146,2.276344
-0.136016,-0.042873,-0.017368,0.589497,1.493055,4.107334
-0.065871,-0.063811,-0.015221,0.588712,1.585245,6.168484
-0.035295,-0.095244,-0.011502,0.417418,0.532518,6.724842
-0.145827,-0.135808,0.029483,1.478056,-0.327379,6.174635
-0.120963,-0.122895,0.008505,2.747683,-0.377305,5.832500
-0.053072,-0.167920,0.021739,1.269890,-2.165219,5.167489
-0.066176,-0.188094,0.016126,0.895341,-1.631025,2.033452
-0.094923,-0.199274,0.013537,3.175654,-0.856715,-0.220045
-0.032150,-0.252515,0.028501,2.614498,-2.196599,0.830600
-0.047207,-0.284463,0.030024,1.876449,-2.310480,0.566942
-0.102883,-0.275043,0.014590,2.310380,-0.547181,-1.315893
-0.073082,-0.286515,0.020584,2.756772,-0.584348,-3.559233
-0.094894,-0.370388,0.064270,1.829490,-0.821186,-4.643169
-0.127190,-0.359031,0.035037,2.030070,0.366939,-6.421398
-0.117733,-0.340137,0.013281,1.128693,0.907967,-8.673149
-0.109563,-0.421679,0.041897,1.052143,0.910199,-9.397083
-0.142804,-0.411845,0.038463,0.707244,-0.431623,-8.679477
-0.172963,-0.377015,0.040285,0.735306,0.732514,-8.239592
-0.146238,-0.401338,0.034780,-0.375514,0.667128,-7.017808
-0.178412,-0.417658,0.007110,-1.387837,0.401014,-6.244768
-0.208516,-0.406642,0.024562,0.098080,-0.226198,-6.747766
-0.151004,-0.376775,0.020758,-1.195854,-1.348798,-7.941884
-0.179607,-0.387450,0.011446,-2.424074,-2.277567,-9.369788
-0.251289,-0.359779,-0.027057,-1.839803,0.065207,-10.604216
-0.200677,-0.317081,-0.002025,-1.347257,-1.270158,-10.378413
-0.138888,-0.291278,0.020016,-2.047200,-3.085766,-8.226997
-0.225128,-0.243617,-0.007996,-3.185763,-1.922785,-6.355614
-0.236620,-0.181890,-0.006453,-1.769227,-0.802476,-5.518797
-0.170206,-0.151203,0.009010,-2.311378,-1.560407,-3.094678
-0.184357,-0.110488,0.018519,-1.581902,-0.442176,-2.794609
-0.202814,-0.015067,0.003486,-0.781033,-0.223857,-3.496307
-0.148148,0.021388,-0.028774,-1.664235,0.783021,-1.232070
-0.196341,0.030805,-0.000542,-1.768919,-0.293885,1.454747
-0.230875,0.135850,-0.016051,0.468135,-0.287432,3.160235
-0.195392,0.194415,0.008754,0.381685,-0.317427,6.041442
-0.175478,0.198502,-0.009070,-0.552113,0.667699,9.810923
-0.244586,0.242526,-0.009808,0.970089,0.161409,10.388119
-0.215773,0.304003,0.014948,2.895146,-1.201719,10.478645
-0.173242,0.299154,0.002990,1.629875,-1.679317,9.953019
-0.238986,0.313433,-0.002771,1.931544,-0.731178,9.157873
-0.247160,0.359571,-0.018861,3.005925,-0.976386,7.629940
-0.197490,0.347616,0.022268,3.444827,-2.125059,7.193780
-0.235865,0.328253,0.025678,2.684292,-2.183627,9.073767
-0.223782,0.353016,0.002856,3.406737,-1.103791,9.596620
-0.174398,0.342903,-0.014042,2.720435,-0.462422,9.176639
-0.191496,0.288749,0.030822,1.819160,-1.804870,8.717889
-0.212986,0.277556,0.010267,2.767141,-0.537173,8.012906
-0.148746,0.272002,0.001536,1.970953,0.370556,6.561062
-0.131487,0.203819,0.006374,-0.043742,-0.525336,6.049032
-0.167639,0.189521,-0.010668,-0.405607,0.944549,3.999657
-0.146431,0.186002,0.019133,0.669440,0.495033,2.647607
-0.099089,0.113358,0.028915,-1.389571,-0.557846,4.219691
-0.118849,0.044956,0.000597,-2.295484,0.486902,3.079923
-0.132750,0.036966,-0.015247,-1.619811,0.179193,1.317312
-0.076676,-0.046565,0.010202,-1.331892,-1.231868,1.972056
-0.125959,-0.127875,0.019153,-2.294539,-2.844307,-1.148073
-0.172012,-0.129982,0.008537,-1.496874,-1.285897,-4.287150
-0.120628,-0.187257,-0.018848,-2.301291,-1.620466,-6.164529
-0.117835,-0.278673,-0.004802,-2.699992,-1.959670,-6.857336
-0.160746,-0.325527,0.019524,-0.656596,-0.478168,-6.800472
-0.139679,-0.326804,0.021651,-0.377789,-0.677983,-6.663384
-0.103028,-0.395036,0.021526,-1.384932,0.350881,-6.210698
-0.151017,-0.442848,0.012581,-0.839591,1.257074,-7.929571
-0.141495,-0.433824,0.033576,0.637092,1.304525,-10.569052
-0.095701,-0.432702,0.049394,0.025994,-0.127990,-11.199949
-0.136683,-0.453493,0.025419,-0.688635,1.112774,-10.827022
-0.149238,-0.380734,0.024779,-0.004825,1.387160,-10.072843
-0.094644,-0.377084,0.041135,0.536262,0.622043,-7.223028
-0.106780,-0.396844,0.063492,0.050570,-0.351239,-3.431673
-0.159991,-0.361049,0.038923,0.204050,-0.004594,-1.232933
-0.123612,-0.328474,0.016287,0.735276,-0.325173,-0.420808
-0.081209,-0.366245,0.023410,0.625630,-0.915250,-0.478321
-0.157733,-0.325812,0.016061,1.696295,-1.512474,-2.366313
-0.167593,-0.275860,0.025970,2.486447,-1.816457,-2.828176
-0.112274,-0.302596,0.002163,0.792624,-1.633898,-1.069821
-0.129373,-0.255440,-0.004779,0.941601,-0.594681,0.426960
-0.145233,-0.186424,0.024602,2.243760,-1.049627,1.408389
-0.102046,-0.196675,0.033422,2.209232,-0.344966,3.287783
-0.128503,-0.195591,0.008836,1.194985,-0.291666,5.260260
-0.184715,-0.140830,0.019363,1.662611,-0.028260,3.857169
-0.132199,-0.112979,-0.001238,1.885360,1.188661,1.827214
-0.141298,-0.140079,0.038496,1.712258,0.347126,0.942975
-0.157483,-0.108095,0.029893,1.836442,0.805486,0.538532
-0.133495,-0.051932,0.011301,1.474294,0.470706,1.136884
-0.131398,-0.084176,0.006788,1.006704,1.243790,2.794086
-0.175826,-0.112835,0.016136,1.728650,0.198258,3.184246
-0.127968,-0.058766,0.026358,2.863921,-0.191637,4.024229
-0.087771,-0.084921,0.032227,1.096548,-1.637758,3.781018
-0.155360,-0.137049,0.001726,0.794239,-2.039577,1.483517
-0.227216,-0.107921,-0.019560,1.599979,-1.536931,-0.592870
-0.181347,-0.103181,0.028196,1.822374,-1.449398,-1.370805
-0.184606,-0.123775,0.040869,0.214957,-2.708614,-2.222650
-0.217483,-0.078605,0.040925,0.124595,-1.913227,-1.863867
-0.214591,-0.081740,0.014413,-0.282805,-1.652059,-0.781985
-0.228778,-0.133760,0.020341,-1.346075,-1.465292,0.102078
-0.252454,-0.094948,0.046794,-0.464704,0.204074,-1.029403
-0.211778,-0.050005,0.043216,-0.122687,0.743139,-3.458004
-0.180671,-0.087320,0.046811,-2.039329,0.287307,-4.098669
-0.226382,-0.096682,0.028701,-2.694113,1.603171,-4.969679
-0.249809,-0.049631,0.010704,-0.889925,1.908985,-6.486701
-0.213899,-0.058231,0.050103,-1.459907,0.091660,-5.090013
-0.197670,-0.057703,0.048242,-2.264770,-0.315067,-2.996374
-0.214841,0.017469,0.010829,-1.735855,-0.520905,-2.276651
-0.226060,0.010621,0.029663,-2.062224,-1.401153,-0.072602
-0.240772,-0.033222,0.036980,-1.595130,-1.619412,1.693006
-0.252290,0.033982,0.018418,-0.916703,-2.857775,1.800384
-0.224895,0.077409,0.040968,-0.889478,-3.509723,1.644622
-0.203431,0.043098,0.004379,-1.647180,-2.666786,1.798445
-0.254555,0.057603,-0.006529,-0.332084,-2.200519,1.919398
-0.254066,0.077261,0.035490,1.179357,-2.375082,2.712721
-0.186753,0.106311,0.012516,0.230371,-1.097406,3.465766
-0.206720,0.122388,0.019455,0.105412,-1.178922,3.307269
-0.219518,0.143833,0.007146,0.692099,0.623087,2.306542
-0.188286,0.161604,0.022573,1.213892,1.116890,3.785182
-0.198294,0.139086,0.045156,0.853040,-0.053591,5.400625
-0.199351,0.154523,0.032752,1.423718,1.164062,5.988785
-0.173295,0.169708,0.021828,1.138058,0.905291,6.316599
-0.144570,0.134980,0.033953,1.149796,0.534123,5.961673
-0.195323,0.109551,0.031180,1.683513,-0.259774,5.698953
-0.174549,0.125569,0.028751,2.278455,0.192159,5.130034
-0.098485,0.069531,0.031485,1.603176,-1.463782,6.359891
-0.106740,0.015548,0.031908,0.838831,-2.106195,5.544566
-0.116748,0.030608,0.035296,2.645159,-0.838231,4.798530
-0.102476,-0.037276,0.048885,2.827207,-2.458600,3.837767
-0.090154,-0.136603,0.047566,1.461752,-2.393795,4.196602
-0.096433,-0.128433,0.015801,1.669310,-0.908433,2.190040
-0.062923,-0.146325,0.043292,2.402623,-1.261288,-1.840998
-0.060215,-0.246827,0.072890,1.227708,-1.158164,-3.905812
-0.090082,-0.255059,0.066489,-0.225188,-0.667745,-4.040541
-0.066793,-0.253536,0.053307,0.153724,1.022649,-5.878900
-0.032931,-0.320695,0.081260,0.411861,1.906878,-6.894334
-0.033233,-0.339822,0.062041,-0.833325,1.535566,-7.266435
-0.064325,-0.334944,0.045048,-1.320997,1.752830,-8.690279
-0.028159,-0.358417,0.047736,-1.548224,2.438472,-8.889371
-0.014271,-0.385093,0.054265,-1.869932,1.182562,-9.981592
-0.027318,-0.367063,0.064050,-2.222610,0.388784,-9.745526
-0.041216,-0.355945,0.030205,-2.433983,-0.144984,-7.915977
-0.065611,-0.384368,0.035250,-2.268680,-0.682063,-7.128828
-0.125834,-0.379766,0.049614,-1.679134,-2.378634,-6.918343
-0.111664,-0.365474,0.037101,-0.767614,-2.497497,-5.759786
-0.087761,-0.348294,0.006112,-1.470371,-2.784126,-4.314173
-0.126366,-0.334849,0.027576,-1.813373,-2.776262,-5.294816
-0.164810,-0.292243,0.038371,0.072086,-0.658423,-6.959720
-0.140973,-0.225560,0.039760,-0.045058,-1.084020,-6.664757
-0.082168,-0.188958,0.057488,-0.816371,0.003317,-5.295575
-0.102939,-0.137269,0.030110,-0.893069,1.651682,-4.930172
-0.154510,-0.077371,0.013248,0.699376,2.041432,-4.034868
-0.150548,-0.066923,0.069578,0.667596,1.319506,-1.870284
-0.136715,0.009591,0.067825,0.635260,1.439321,0.691587
-0.139492,0.107266,0.044703,0.861269,0.908013,1.341936
-0.146960,0.131904,0.042225,0.842559,1.370137,1.931386
-0.170019,0.120691,0.066246,1.153551,-0.005415,4.261944
-0.151903,0.178308,0.069968,1.389512,-1.057147,7.360507
-0.113673,0.245933,0.042514,1.976077,-0.994151,9.339398
-0.080458,0.228165,0.023397,1.409410,0.171739,10.679290
-0.104662,0.222887,0.037016,1.810403,-2.212549,11.045390
-0.117165,0.243215,0.058545,3.550275,-1.868313,11.961308
-0.073187,0.229990,0.057272,2.430646,-2.599026,11.924405
-0.062605,0.218144,0.048938,1.239439,-1.558720,8.943081
-0.064810,0.231464,0.047103,2.554594,-0.709189,6.361078
-0.053299,0.232442,0.064533,2.462088,-0.660484,5.083638
-0.070535,0.205011,0.073356,1.019880,-0.359114,4.514158
-0.080635,0.207174,0.050950,0.834803,0.300371,4.101551
-0.055311,0.184125,0.052588,0.651226,1.932058,4.784792
-0.011234,0.146452,0.070749,-0.044762,1.068012,6.607581
-0.063616,0.117412,0.093067,0.063962,-0.215412,5.590388
-0.110613,0.076608,0.069929,-0.521408,0.732425,3.160123
-0.063307,0.017544,0.054544,-1.284342,1.100564,0.953957
-0.044909,-0.018960,0.076067,-0.375415,0.579588,-0.903062
-0.048753,-0.047494,0.060751,-0.131192,0.133167,-1.979889
-0.074773,-0.107412,0.062199,-1.133360,-2.522500,-2.336542
-0.116827,-0.186286,0.059665,-1.814374,-1.913824,-1.066369
-0.092691,-0.190238,0.052959,-0.704230,-0.870711,-1.375759
-0.031021,-0.176973,0.074058,-0.135440,-1.042543,-2.916715
-0.073177,-0.239254,0.069650,-1.389039,-1.978268,-4.209668
-0.110115,-0.264496,0.045790,-1.529924,-0.871630,-5.253625
-0.122933,-0.269413,0.052663,-1.310181,-0.832067,-7.764623
-0.089570,-0.273543,0.058207,-0.712528,0.262098,-9.397947
-0.058987,-0.262553,0.047060,-1.015783,0.436993,-9.004034
-0.067656,-0.254734,0.067188,-1.671584,0.330839,-7.234367
-0.073085,-0.282658,0.040577,-0.615860,2.144395,-5.562479
-0.066859,-0.289646,0.040446,0.027750,1.944840,-4.724160
-0.044075,-0.280561,0.063200,-0.019139,1.867972,-4.836098
-0.012002,-0.244884,0.053760,-0.415228,1.067841,-3.968611
-0.001643,-0.212480,0.024086,-0.275738,2.091653,-4.251735
-0.055810,-0.217384,0.059327,0.698454,-0.006882,-3.051276
-0.055646,-0.219675,0.056248,1.037753,-0.687400,0.136561
-0.030062,-0.195001,0.032158,0.680174,-1.944630,2.635334
-0.019736,-0.173084,0.036868,1.042762,-1.239204,3.303327
-0.009862,-0.170100,0.059684,2.342850,-0.808440,2.955457
-0.041390,-0.172759,0.038349,2.341705,-2.035868,2.961569
-0.050486,-0.165918,0.046715,2.653297,-1.807050,1.988036
-0.054179,-0.126066,0.027940,1.861697,-2.123112,1.072239
-0.066051,-0.125561,0.045268,1.967356,-1.462617,0.318561
-0.050702,-0.127766,0.038293,3.129513,0.452144,2.509921
-0.056227,-0.112877,0.032709,2.543053,-0.596824,5.385127
-0.102368,-0.120762,0.024483,1.560911,0.586363,6.459219
-0.109366,-0.130212,0.035765,1.968751,1.443542,4.935659
-0.120031,-0.113583,0.040023,1.953816,0.796026,3.234288
-0.123192,-0.093626,0.036753,0.960264,1.594118,1.236779
-0.119532,-0.071771,0.009562,0.464767,1.700620,0.037106
-0.148926,-0.100076,0.011807,0.612441,0.786277,-0.048362
-0.162233,-0.114249,0.041920,0.001517,0.254184,2.257817
-0.123261,-0.076012,0.001625,-0.570927,0.462261,4.404878
-0.106868,-0.080571,-0.003319,-0.371729,-0.342770,3.322448
-0.139762,-0.119869,0.031025,-0.120219,-1.078266,1.896832
-0.132724,-0.139219,0.011840,-0.366067,-1.595365,0.864745
-0.134808,-0.128899,0.017672,-1.124363,-3.629824,-1.452707
-0.129048,-0.138270,0.004628,-1.390411,-1.790427,-4.242790
-0.104702,-0.126480,0.011239,-0.484898,-1.236949,-5.844718
-0.114812,-0.156655,0.016021,0.162510,-1.409238,-4.756944
-0.118245,-0.128718,0.021431,-1.054017,-1.190204,-2.578839
-0.134155,-0.133868,0.002645,-0.951674,-0.376684,-3.203803
-0.110686,-0.119524,0.010100,-0.824548,1.391683,-4.756101
-0.103445,-0.102862,0.038660,-0.528101,0.333153,-5.429779
-0.113604,-0.079469,0.023331,-1.011673,0.889201,-5.757488
-0.122375,-0.055359,0.014587,-1.416864,1.457463,-6.306405
-0.087758,-0.031460,0.006210,-0.902756,2.141973,-5.439712
-0.115757,-0.012569,0.044277,-0.887207,0.037677,-2.306063
-0.104397,0.023331,0.049870,-0.342424,-0.608287,-0.134625
-0.141380,0.044217,0.013336,-0.732587,-1.129295,2.104838
-0.150892,0.003600,0.020692,-0.661766,-1.515983,1.581713
-0.127577,-0.000027,0.051006,0.646260,-1.970321,0.891945
-0.110568,0.054872,0.005665,0.524793,-2.304388,0.069451
-0.131004,0.067102,0.027513,0.023118,-1.984052,-0.456978
-0.148247,0.070053,0.019803,-0.012342,-1.033231,0.973539
-0.133230,0.138141,0.034705,0.179481,-1.416715,4.519521
-0.120815,0.152518,0.072653,0.346189,-2.323837,7.433638
-0.125992,0.149350,0.004316,-0.005258,-0.183651,10.036779
-0.127554,0.159447,0.027753,0.060758,0.101816,10.705031
-0.129540,0.162881,0.048668,0.190050,0.596243,9.517904
-0.105516,0.156303,0.050116,1.407949,1.107591,5.897062
-0.093312,0.151461,0.027198,0.972925,0.540386,2.738719
-0.092081,0.108451,0.035030,0.514033,1.358530,1.159732
-0.048690,0.113742,0.032545,1.015363,2.707908,1.877681
-0.012370,0.134967,0.030247,1.536916,0.877440,4.070892
-0.005618,0.098315,0.077895,1.192933,0.178983,6.348452
-0.012928,0.061227,0.045540,1.302997,0.360505,9.116143
0.030597,0.052285,0.040633,1.270317,0.584666,9.730488
0.056630,-0.002056,0.067392,1.325426,-1.552890,7.060856
0.067564,-0.045692,0.052706,2.196647,-1.042983,3.683082
0.071884,-0.088197,0.019855,1.550243,-2.326459,0.415917
0.056387,-0.136068,0.048705,1.367864,-1.631961,-1.901662
0.084242,-0.183699,0.046236,2.751711,-0.672478,-3.125256
0.120276,-0.208524,0.034623,2.008600,-0.582047,-3.217177
0.125220,-0.259924,0.058752,1.152973,-0.292769,-3.322723
0.132848,-0.295108,0.008619,0.308884,2.164504,-3.455845
0.124718,-0.335801,0.038969,1.364684,1.986737,-5.698470
0.127262,-0.373477,0.081644,0.813701,1.956115,-7.957848
0.167202,-0.374215,0.058171,-0.593254,1.662763,-8.342004
0.169477,-0.357560,0.047920,-1.136517,2.359651,-10.341699
0.143795,-0.386272,0.052023,-0.445846,3.134005,-12.299891
0.128680,-0.427509,0.052240,-0.975071,1.474043,-11.777654
0.149510,-0.415439,0.048833,-1.558081,1.136730,-9.299626
0.140677,-0.380068,-0.017916,-2.986290,0.450772,-7.872934
0.093036,-0.391094,0.024785,-1.844779,0.209280,-6.836402
0.104314,-0.390578,0.043364,-1.630616,-1.199529,-5.412880
0.106050,-0.365776,0.018168,-1.890845,-1.445771,-2.924864
0.079784,-0.337829,0.019534,-2.123625,-1.720744,-3.598274
0.059102,-0.302297,0.010300,-2.462124,-0.640107,-3.457084
0.056128,-0.273645,0.037131,-0.985607,-0.087518,-4.065474
0.076663,-0.207533,0.034190,-0.823051,0.065151,-2.475865
0.101064,-0.141106,0.024273,-0.855961,0.797969,-1.539431
0.101636,-0.111768,0.009319,-0.489674,3.213321,-0.128269
0.084567,-0.100453,0.022773,0.154899,2.299172,1.133261
0.082377,-0.037726,0.007822,1.521909,2.876356,3.070326
0.075412,0.032919,0.050828,0.856841,1.700659,4.035566
0.084170,0.092679,0.026545,1.185998,1.732860,4.957412
0.044803,0.086981,0.013770,1.159023,1.517978,5.150485
0.031864,0.105280,0.018667,2.670474,1.154914,6.383440
0.039706,0.136742,0.043118,3.601557,-0.584627,7.307322
0.043051,0.154366,0.028560,3.563609,-1.739070,7.477448
0.033939,0.163373,0.021851,3.382438,-1.439167,8.117385
0.005260,0.150470,0.016773,3.364450,-1.426366,9.380533
-0.013059,0.138338,0.058148,4.249641,-2.513168,10.769392
-0.002611,0.148254,0.027694,3.242770,-1.715132,10.210645
0.010807,0.154061,0.028160,2.163915,-1.106853,10.463088
0.015590,0.171730,0.017978,1.757496,0.103208,8.302275
-0.013289,0.140123,0.052217,2.202096,0.788614,6.739459
-0.016637,0.096858,0.057761,0.818335,-0.158849,5.914839
0.005565,0.075748,0.029565,0.054902,1.844177,5.387794
0.058599,0.038046,0.033346,0.437188,4.172827,4.086791
0.027925,0.002208,0.020774,0.406291,2.866131,1.327130
-0.008592,-0.064048,0.058923,-0.117229,1.444005,0.132653
0.007587,-0.121408,0.043033,-0.682363,1.820284,-0.726590
0.023326,-0.146913,0.019599,-1.253842,1.372714,-2.607253
0.039085,-0.190202,0.031859,-0.878758,0.241668,-5.294864
0.032146,-0.215752,0.050927,-1.779163,-2.549727,-5.680869
0.013502,-0.258099,0.036458,-2.057901,-1.365555,-4.502795
0.032658,-0.274557,0.010051,-1.859297,-1.176418,-2.404885
0.049018,-0.329364,0.047982,-1.531158,-1.509152,-0.787252
0.087357,-0.363501,0.050050,-0.586213,-0.931518,-0.455853
0.084613,-0.389032,0.026056,-1.117545,-0.821901,-1.949734
0.044387,-0.411806,0.058450,-0.499836,-0.507368,-6.347950
0.040411,-0.403091,0.046262,-0.283776,0.188922,-10.605280
0.043822,-0.398495,0.062793,-0.159789,-0.939580,-12.539963
0.065499,-0.388766,0.047802,-0.529880,1.229331,-10.942163
0.064245,-0.350585,0.016796,-0.361393,2.193084,-8.452995
0.025513,-0.358545,0.062277,0.093875,1.294658,-5.270241
0.005736,-0.363531,0.057964,0.812315,1.866344,-0.935127
0.020202,-0.320373,0.051176,0.571430,0.716397,0.599699
0.023763,-0.294386,0.055896,-0.107105,1.115617,-0.850362
0.008132,-0.269706,0.082044,1.131746,-1.258784,-3.811959
-0.034418,-0.263009,0.080699,1.384290,-0.896140,-4.777523
-0.047400,-0.254665,0.041296,1.254345,-0.811614,-1.806879
-0.027263,-0.210687,0.038349,1.813180,-0.714218,1.472238
-0.037691,-0.221411,0.069148,2.761657,-1.307508,4.233416
-0.044525,-0.218431,0.062550,3.268032,-2.040290,5.179458
-0.057878,-0.187756,0.049020,2.101158,-1.649758,5.600128
-0.049150,-0.153435,0.036671,1.702496,-0.436868,3.793660
-0.060317,-0.130570,0.064752,2.123892,-0.098212,1.686432
-0.056082,-0.127070,0.063446,1.955345,0.085457,1.115416
-0.049524,-0.094322,0.069154,2.072663,0.590946,2.513833
-0.048513,-0.085649,0.063167,1.586662,0.776226,4.224831
-0.035104,-0.086083,0.012059,0.911458,2.288606,4.248284
-0.071319,-0.128869,0.066807,1.364214,1.197383,3.372151
-0.046655,-0.126975,0.067713,1.948160,1.341393,1.659372
-0.033306,-0.103890,0.038227,0.611640,0.989844,-0.168251
-0.080990,-0.122488,0.055864,0.334070,0.642506,-2.897439
-0.066402,-0.120299,0.050713,0.800853,0.401979,-3.455076
-0.053817,-0.104783,0.055450,0.240429,-0.633683,-0.859034
-0.024499,-0.107251,0.053392,0.495412,-0.795803,2.255095
-0.031287,-0.102761,0.047205,-0.111271,-0.720497,3.684860
-0.045621,-0.148049,0.013602,-0.719395,-0.639670,2.684347
-0.037599,-0.117735,0.043640,-0.386500,-1.177071,-0.542042
-0.032613,-0.101467,0.034298,-0.734691,-1.151937,-3.521456
-0.029823,-0.083414,0.002747,-1.730284,-0.618610,-6.372337
-0.053233,-0.093908,0.022987,-1.837449,0.175451,-7.066107
-0.059857,-0.075402,0.021460,-1.946508,-0.013906,-5.152071
-0.069104,-0.045233,0.030113,-1.136652,0.311383,-3.187368
-0.051031,-0.034923,0.001969,-1.891377,0.295145,-1.935947
-0.075249,-0.004212,-0.017860,-2.561395,0.211807,-1.443933
-0.108450,0.015233,0.037324,-1.048151,0.491041,-2.032446
-0.095248,0.036388,0.022553,-1.075238,0.728388,-3.148797
-0.104200,0.039353,0.001677,-1.342540,0.233800,-2.751225
-0.089458,0.050667,-0.002242,-1.083414,-0.272467,-1.709014
-0.082473,0.104286,-0.015369,-1.116656,0.481447,-0.274467
-0.088011,0.109643,0.024221,0.184480,-0.084843,1.202555
-0.076273,0.132666,0.005797,-0.405821,-1.415117,3.721696
-0.059214,0.145713,0.000879,-0.153388,-0.513441,4.564793
-0.029196,0.190568,0.006007,0.229639,-0.701518,4.605207
-0.014858,0.185155,0.013671,1.265892,-0.475043,2.818615
-0.022375,0.176555,-0.009562,1.118642,-0.281340,4.116859
-0.015610,0.197169,-0.013967,0.847289,-0.916055,6.312932
0.002352,0.190919,-0.027497,0.988283,-0.298165,7.367728
0.040004,0.197947,-0.008498,2.033234,-0.400505,7.798712
0.030157,0.137878,0.013806,2.288165,-1.091908,6.512460
0.020106,0.141489,-0.018457,2.000800,0.181481,6.676588
0.048762,0.112676,-0.007520,2.247620,1.186767,6.408433
0.084875,0.098489,-0.029493,2.067188,1.733142,5.139016
0.074972,0.040800,0.019474,2.285214,0.862813,4.008476
0.070607,0.008701,0.012411,1.846943,-2.021334,3.928877
0.083060,0.000295,-0.010104,0.600279,0.954269,4.277820
0.130784,-0.018212,0.002682,1.102752,1.586250,3.367207
0.123060,-0.082508,0.066059,1.684955,-0.291420,2.760183
0.146159,-0.100312,0.017370,0.486819,0.853849,3.006623
0.152208,-0.143112,0.024940,0.206052,0.239912,2.091588
0.179364,-0.204096,0.007054,0.246252,1.996660,-0.396737
0.211390,-0.257948,0.010789,0.102754,1.011367,-3.288075
0.231765,-0.292253,0.014081,0.453709,1.187749,-4.585534
0.236350,-0.307749,0.018483,-0.469339,0.228706,-4.686377
0.248813,-0.368146,0.003128,-0.898482,0.733206,-6.543012
0.258717,-0.391241,0.010149,-0.212521,1.459466,-8.439099
0.286355,-0.405723,0.004612,-0.285910,0.623143,-8.396627
0.286929,-0.390194,0.003318,-1.418433,0.452913,-7.632853
0.257236,-0.433335,-0.013754,-1.887467,1.406395,-7.687236
0.257292,-0.433427,0.003046,-1.253454,1.005885,-8.061408
0.260712,-0.442605,0.023942,-0.753513,1.372737,-7.430477
0.274006,-0.425096,0.015102,0.369610,1.807732,-7.507693
0.247550,-0.439710,0.033192,-0.765333,0.260785,-8.234695
0.249211,-0.430946,0.007723,-1.041635,1.762307,-8.243220
0.263135,-0.389341,0.013855,-0.324134,1.585948,-8.793626
0.261484,-0.373785,0.026430,0.553633,1.825710,-7.709331
0.225154,-0.365474,0.033162,1.047033,1.138893,-6.269109
0.161123,-0.370326,0.017715,0.641497,0.301448,-4.272393
0.151808,-0.318158,-0.017030,0.266544,1.669909,-2.556728
0.143201,-0.282120,-0.004054,0.822064,0.559204,-2.820801
0.120086,-0.274055,0.010343,2.164785,0.054661,-2.419294
0.080759,-0.221654,0.021881,1.172809,-2.602466,-0.681125
0.059932,-0.182987,0.009345,0.847697,0.388271,0.946698
0.086356,-0.124628,-0.017617,1.401775,2.225793,1.905189
0.077300,-0.112063,0.031249,1.161268,0.974173,2.476432
0.071739,-0.082282,0.026591,1.520810,1.162027,4.621867
0.056157,-0.021980,0.026361,1.138504,1.394293,6.397790
0.026835,-0.010610,0.009470,0.242195,1.525121,6.756143
0.036016,0.006394,0.014669,1.248535,1.835745,5.336541
0.022358,0.037547,0.052046,0.855272,0.451169,5.124990
0.031926,0.090480,0.025166,0.569145,0.728847,6.077255
-0.013302,0.106505,0.030927,-0.130125,-0.065509,6.504772
0.005998,0.105510,0.027812,0.228839,-0.009810,8.267747
-0.000885,0.100048,0.065990,0.902530,-0.692599,9.916507
0.008874,0.129583,0.057725,0.351336,-0.909651,10.689465
-0.025241,0.114074,0.039327,-0.120544,-1.180028,9.127972
-0.042529,0.066081,0.029401,0.704178,0.710361,7.566923
-0.042815,0.073693,0.074143,1.237420,-1.377142,5.837166
-0.018013,0.070841,0.076451,1.146927,-0.864182,4.631113
-0.058987,0.040626,0.042796,1.070495,-0.317141,2.215937
-0.086717,-0.014827,0.075076,1.926407,1.584658,1.563211
-0.081955,-0.045157,0.110602,1.731237,-0.519050,2.506059
-0.046429,-0.049342,0.129023,1.527486,-2.361145,1.895884
-0.063438,-0.071610,0.113808,0.950775,0.486301,0.606899
-0.097861,-0.111715,0.094353,0.840045,1.975527,-2.331708
-0.117385,-0.152916,0.124158,1.037875,0.739870,-3.897907
-0.075721,-0.154974,0.132292,1.183556,0.462159,-4.840856
-0.031044,-0.169207,0.145793,0.242120,0.132645,-5.334957
-0.087357,-0.226696,0.131310,-0.508423,0.345199,-5.396868
-0.131178,-0.252972,0.134314,0.068633,-0.339196,-3.875425
-0.116814,-0.261204,0.161092,-0.407928,-1.582219,-4.258029
-0.076982,-0.264408,0.120590,-1.366232,-0.620025,-4.947143
-0.057838,-0.274042,0.110345,-1.216684,0.137040,-5.489543
-0.110485,-0.325704,0.144850,-0.813716,-2.055907,-4.307166
-0.148184,-0.294655,0.102907,-1.392475,-1.461632,-3.275191
-0.122066,-0.285419,0.123410,-2.172251,-1.755857,-3.789221
-0.069770,-0.292299,0.125510,-1.713274,-0.171371,-3.139546
-0.077668,-0.269262,0.132499,-1.328389,0.033847,-1.871009
-0.112009,-0.287733,0.109689,-1.214485,0.179164,-0.852603
-0.132301,-0.287959,0.099274,-1.474346,0.623537,-2.575559
-0.124859,-0.272624,0.128458,-0.302059,0.685480,-3.996707
-0.105975,-0.220548,0.122668,0.330447,-0.343574,-4.043939
-0.128700,-0.220387,0.129147,0.460914,0.525609,-1.669869
-0.127511,-0.227592,0.124322,1.534997,1.036179,-0.138703
-0.130288,-0.234219,0.139251,1.333373,0.117467,0.552182
-0.065457,-0.192614,0.143754,2.287144,-0.010853,1.650070
-0.063560,-0.159819,0.127736,2.178988,-0.556700,1.912261
-0.078692,-0.176622,0.112180,2.225080,-0.536103,1.011202
-0.071408,-0.175142,0.115558,3.405897,-0.727797,1.937152
-0.060914,-0.161434,0.132029,4.185841,-1.326077,2.070081
-0.058981,-0.124179,0.108448,3.241946,-1.183984,2.362785
-0.072147,-0.158172,0.111494,3.130586,-1.415927,3.418175
-0.080848,-0.166322,0.103856,3.769473,-0.725532,3.165407
-0.081721,-0.162009,0.130411,3.788738,-0.995562,2.914639
-0.054710,-0.155496,0.135587,3.530075,-0.934285,0.995837
-0.053742,-0.172339,0.101601,2.164493,-0.149418,-1.642676
-0.033903,-0.163341,0.083088,1.635961,1.546168,-3.936126
-0.027670,-0.155605,0.113520,1.413865,1.060807,-4.938288
-0.023964,-0.161145,0.114206,0.891950,0.783441,-5.042584
-0.025592,-0.152953,0.097048,-0.438353,0.740556,-4.534708
-0.023629,-0.167572,0.062353,-1.233103,1.784184,-4.144062
-0.037084,-0.146992,0.077840,-1.535869,0.192136,-4.576688
-0.078055,-0.155359,0.093930,-1.628673,0.244238,-5.424139
-0.080605,-0.122134,0.048764,-2.834021,-1.502003,-4.616997
-0.080704,-0.106588,0.058325,-3.751721,-1.164604,-3.367639
-0.053870,-0.097023,0.065796,-3.038559,-0.653982,-2.769545
-0.072557,-0.087300,0.062356,-2.540449,-1.435629,-1.656280
-0.073853,-0.115119,0.051459,-2.972933,-1.548226,-1.035469
-0.064374,-0.082541,0.016766,-2.856873,-0.178812,-1.610125
-0.066330,-0.053652,0.043873,-2.452611,-0.425763,-4.508218
-0.042188,-0.012750,0.052493,-1.485687,0.375053,-6.001163
-0.071149,0.010700,0.070812,-1.681209,-0.806405,-5.472832
-0.047781,0.046653,0.024694,-1.726894,1.114977,-3.761572
-0.042647,0.110168,0.014459,-1.237252,2.230976,-2.367865
-0.030447,0.143143,0.030349,-0.321209,1.112466,-0.557541
0.002004,0.167785,0.032473,0.651551,1.466657,1.453337
0.003684,0.210213,0.036681,-0.004336,0.877351,4.141546
0.034592,0.248959,0.013500,0.525348,1.954887,4.323318
0.038606,0.259266,0.036136,1.351876,0.482973,3.244403
0.045785,0.265024,0.036908,1.896366,0.006507,3.733887
0.068161,0.316404,0.010156,1.816285,-0.782991,6.380662
0.071529,0.299404,0.013461,1.805377,-0.310911,8.672868
0.061032,0.288424,-0.023463,2.290321,-0.357597,9.477857
0.039181,0.267108,0.021027,3.100397,-1.290223,9.424569
0.087534,0.281695,0.033087,2.123931,-2.652625,9.962306
0.117923,0.304390,0.014794,2.064109,-0.988068,9.084713
0.082922,0.262598,-0.005955,1.515761,-0.366309,7.365916
0.063983,0.236548,-0.006604,1.204340,0.436448,6.745539
0.059548,0.204213,0.046712,1.159049,-0.738718,6.793738
0.096889,0.203911,0.027733,0.633537,1.118033,7.157229
0.103749,0.146170,0.000118,-0.019225,1.084979,6.072798
0.082233,0.051619,0.008905,-0.029007,2.366472,4.844250
0.098284,-0.007058,0.037810,0.935239,1.596189,4.014740
0.105850,-0.045213,0.069436,0.230624,-1.310850,1.176008
0.179465,-0.084885,0.028002,-0.428804,2.088410,-1.918306
0.209099,-0.151407,-0.000374,-0.543883,3.318494,-2.931945
0.173636,-0.227398,0.013602,0.057020,1.280599,-2.874627
0.188610,-0.256845,0.028413,0.603825,1.167178,-2.587006
0.202902,-0.308274,0.052040,-0.730348,-0.310615,-2.182529
0.234991,-0.334150,0.026607,-0.932015,0.530874,-3.330808
0.238260,-0.351859,0.018306,-0.587155,0.979330,-5.048511
0.240903,-0.430611,0.039231,-0.071612,-0.593230,-6.359953
0.242255,-0.488641,0.046541,-0.317188,0.059716,-7.249976
0.272762,-0.490801,0.031797,-0.602534,0.374022,-8.227203
0.324369,-0.471047,0.053609,-0.404258,1.204167,-10.429814
0.302192,-0.516361,0.075332,0.268350,2.052737,-11.359979
0.287586,-0.546684,0.067175,0.170346,2.233957,-10.964908
0.299445,-0.550341,0.057511,-0.149731,2.628778,-10.358421
0.327710,-0.540468,0.055562,0.016817,4.312781,-9.959191
0.327687,-0.490867,0.079852,0.353746,2.866243,-9.825977
0.304920,-0.473017,0.099622,0.436529,2.545011,-9.236077
0.292585,-0.475954,0.060751,-0.065234,2.603993,-7.105922
0.271475,-0.426022,0.070014,0.629329,2.493240,-5.418805
0.230104,-0.405251,0.093973,1.248716,0.779942,-4.096971
0.239324,-0.371514,0.083640,0.671916,-0.103195,-2.464486
0.177972,-0.328471,0.060761,0.603690,-0.933790,-0.056490
0.110639,-0.310844,0.060213,1.489725,-1.003420,-0.076814
0.091926,-0.302553,0.073986,2.475038,0.492059,-0.607073
0.090951,-0.311376,0.092653,1.722571,-1.645160,-0.941845
0.096518,-0.238939,0.075243,1.448186,-0.573660,-0.583633
0.046569,-0.191114,0.084079,2.415530,0.934824,-1.589735
0.034044,-0.175788,0.083682,2.273003,0.638925,0.809642
0.016876,-0.137394,0.090559,1.446643,0.890836,3.573498
-0.011700,-0.069861,0.056028,1.710348,3.069518,6.380674
0.015025,-0.037900,0.047664,1.681176,2.390457,6.140508
-0.048808,-0.054030,0.101601,1.379094,1.745714,5.645601
-0.094352,0.003817,0.087162,1.026763,1.522935,4.908252
-0.053798,0.042674,0.072870,0.734807,0.565536,4.051270
-0.002336,0.032249,0.074889,0.525712,1.263996,3.760805
-0.048766,0.036287,0.084798,1.018390,0.371935,3.713530
-0.024942,0.076050,0.062097,1.241054,-0.278822,6.485478
0.020297,0.067145,0.025107,-0.224837,-0.889700,8.851983
-0.051392,0.041529,0.051304,0.598838,-1.859513,7.685006
-0.066228,0.040006,0.045593,2.189121,-2.172250,5.999841
-0.044919,0.018591,0.046049,0.216178,-4.376887,5.257065
-0.101268,-0.005440,0.033773,-0.309399,-2.614231,1.462190
-0.106169,0.047568,0.049318,1.353021,-1.070057,-1.265160
-0.103628,0.021811,0.063377,0.412662,-3.437670,-0.716929
-0.113574,-0.008811,0.030136,-0.978573,-0.456182,0.718439
-0.098757,0.030536,0.023413,0.245468,1.330003,-0.093762
-0.091611,0.014383,0.083909,-0.370403,-0.195386,-0.250695
-0.090853,-0.025400,0.063095,-1.458341,1.793628,-0.892405
-0.137119,-0.016994,0.032329,-1.335473,2.872499,-2.827955
-0.153065,-0.018832,0.047769,-0.466408,1.913138,-5.122469
-0.141567,-0.050156,0.062360,-0.902854,1.050523,-5.573978
-0.184252,-0.032838,0.045855,-1.988619,-0.374620,-4.951037
-0.233981,-0.022416,0.014213,-1.497021,-0.103881,-4.235299
-0.200444,-0.019748,0.026207,-1.551851,-1.282198,-1.907964
-0.216426,-0.042118,0.068074,-1.562053,-2.915939,0.356322
-0.194027,-0.018967,0.038588,-0.853509,-1.953006,2.984450
-0.157198,-0.032963,0.025081,-1.220545,-2.806053,3.504730
-0.173068,-0.084474,0.033809,-0.994411,-2.305114,3.131990
-0.209786,-0.067563,0.030251,0.538635,-2.681622,0.836566
-0.191703,-0.057519,0.014403,0.495432,-1.767572,0.365139
-0.124298,-0.078389,0.020574,-0.266176,-0.917164,0.149622
-0.154270,-0.083092,0.004894,0.794117,1.048593,-0.938222
-0.163257,-0.079810,0.059264,2.174980,1.017285,-1.582847
-0.067426,-0.101773,0.025186,1.486938,2.113186,0.460191
-0.025716,-0.112286,0.019481,0.416053,2.417169,1.648405
-0.037333,-0.108269,0.047523,2.433032,2.681711,0.634732
0.008365,-0.123946,0.057823,2.786334,1.733388,0.689668
0.014579,-0.181431,0.036333,1.716056,1.027004,0.063901
0.011874,-0.168984,0.021398,2.632384,1.904180,-1.618674
0.053955,-0.128321,0.023981,2.525380,-0.348794,-2.103339
0.079397,-0.167966,0.029817,1.870964,-1.880215,-0.214156
0.041521,-0.189030,-0.010077,0.698221,-2.488073,3.025194
0.023047,-0.157820,-0.016938,1.087416,-1.897474,3.679131
0.070288,-0.196865,0.017295,1.327957,-1.913627,2.901164
0.067689,-0.243164,0.002957,0.335072,-2.483094,2.920259
0.041035,-0.235233,-0.001316,0.283170,-1.788724,1.735603
0.050262,-0.256100,-0.018119,0.656846,1.074596,-0.410393
0.029540,-0.289568,0.020190,-0.166948,-0.249838,-3.701672
0.010095,-0.284985,0.041706,0.662685,1.713805,-6.327082
0.058028,-0.287385,0.000377,0.186633,2.463839,-6.480178
0.074060,-0.315643,-0.006595,-0.648245,3.132560,-6.184045
0.029553,-0.336881,0.055056,-0.000978,3.825624,-6.056192
0.036525,-0.319487,0.027254,0.638592,3.533169,-6.364252
0.098422,-0.320997,0.028826,-0.366067,4.078618,-7.382654
0.082568,-0.342655,0.032223,-0.699247,2.371383,-8.525986
0.083297,-0.311757,0.037672,1.554619,2.507578,-8.829054
0.128223,-0.317787,0.036169,0.259031,0.164383,-7.677061
0.145239,-0.325100,0.024861,-0.664670,-0.909982,-5.509840
0.120231,-0.292512,0.032030,1.028739,-2.422543,-5.605767
0.147366,-0.265731,0.051298,1.086031,-2.460347,-5.655932
0.171115,-0.305386,0.042182,-0.201417,-2.643887,-4.934464
0.151384,-0.254738,0.003410,-0.223813,-1.407134,-4.861861
0.163743,-0.164018,0.038421,0.864900,-1.470393,-6.121570
0.223529,-0.122137,0.036543,-0.354920,-0.718767,-5.831855
0.192864,-0.077726,0.010123,-1.606445,1.080649,-3.804303
0.172428,-0.009448,0.015943,-1.534546,2.347808,-2.118634
0.243683,0.032463,0.031029,-1.028624,1.868237,0.663070
0.228709,0.064243,0.055667,-2.566896,2.870379,2.818082
0.222492,0.153667,0.026893,-2.596027,4.476436,3.254468
0.246847,0.219056,0.031377,-1.873251,4.730980,3.963622
0.214210,0.224019,0.016875,-2.554623,2.921605,4.236717
0.142279,0.277224,0.056159,-1.206315,0.490962,4.537029
0.183772,0.328890,0.012250,-1.048253,0.478807,8.469572
0.210855,0.336810,0.031626,-1.409873,-0.757172,11.533509
0.144898,0.357480,0.025639,0.547222,-0.056854,12.730912
0.133761,0.386917,0.002432,1.372378,-1.774170,12.313585
0.179676,0.348739,0.050818,0.914392,-4.488884,13.243469
0.173731,0.342683,0.031797,1.815490,-2.431694,12.599119
0.112743,0.366421,0.024234,3.168091,-1.172236,9.880260
0.127245,0.321038,0.047260,3.448431,-2.657211,9.716041
0.148440,0.291782,0.026433,2.547159,-0.115173,9.883485
0.123654,0.295793,0.032210,4.177953,2.812398,8.121120
0.174716,0.262066,0.056382,4.243060,0.887048,6.571144
0.173406,0.151129,0.059642,3.093478,2.352354,6.649779
0.158845,0.114593,0.038168,2.717111,5.505277,5.637531
0.235743,0.115164,0.061746,3.758001,4.815794,3.847428
0.274541,0.014944,0.069824,2.914677,3.618558,1.785999
0.187767,-0.048088,0.068380,1.141915,0.565257,0.173943
0.211505,-0.084172,0.032552,1.141833,2.876954,-0.128126
0.319911,-0.139199,0.054170,0.320202,1.850919,0.642256
0.261628,-0.226410,0.071137,-1.247411,-0.584417,0.185009
0.239557,-0.234255,0.020121,0.108974,0.283027,-0.781932
0.291072,-0.324923,0.053848,-1.982123,-1.804227,-0.758635
0.311928,-0.413552,0.025176,-2.960260,-1.737783,-2.267577
0.260614,-0.440655,0.046029,-1.360452,-1.577016,-6.819513
0.300650,-0.495643,0.061122,-2.225407,-3.053385,-9.262572
0.322590,-0.556982,0.025458,-3.956072,-0.186572,-10.168502
0.264960,-0.545897,0.020768,-2.491019,1.772810,-12.926116
0.291068,-0.530929,0.062264,-1.648180,1.074905,-14.109022
0.293747,-0.609684,0.060705,-2.886982,1.866984,-12.139518
0.237010,-0.593446,0.053769,-3.210079,3.173151,-9.765719
0.205548,-0.528762,0.071219,-1.945917,-1.566621,-10.228803
0.301726,-0.545677,0.063174,-0.773650,3.840527,-8.065424
0.216229,-0.552465,0.059806,-1.110560,3.002215,-7.183727
0.143139,-0.487758,0.042166,0.124924,3.151746,-6.891825
0.206168,-0.477661,0.035197,0.281906,1.935140,-7.249961
0.171384,-0.482775,0.050159,0.818772,0.905052,-7.554460
0.113702,-0.421387,0.054304,2.763708,-1.480296,-6.950749
0.164537,-0.348294,0.025803,2.443848,-0.317170,-3.412614
0.128762,-0.355771,0.036412,2.000666,-1.468571,-1.067482
0.087984,-0.307516,0.030874,4.102168,-0.529735,-0.632068
0.149018,-0.232801,0.034800,4.681226,-1.421540,1.246466
0.147091,-0.222708,0.054682,2.917448,-1.754816,1.782511
0.069894,-0.156176,-0.001422,3.133478,1.561641,0.689502
0.058426,-0.082140,0.035769,4.178088,0.543216,0.135100
0.121100,-0.075185,0.061913,2.793923,0.666021,2.234211
0.081527,-0.000017,0.018477,1.704380,1.270663,3.761407
0.012888,0.052187,0.025918,2.215370,1.723518,3.861589
0.044738,0.015450,0.053067,1.336389,1.732443,5.909454
0.013066,0.024342,0.048363,1.099272,2.400685,8.457719
0.009356,0.087611,0.044654,1.505166,1.962621,7.793684
0.056902,0.115121,0.021923,0.521583,1.319706,5.630423
-0.015236,0.064614,0.033103,-1.251672,0.069077,4.265387
-0.065506,0.110312,0.022878,-0.149551,0.576237,2.867333
0.005467,0.147916,0.064982,-0.057784,-2.367887,3.265198
0.050722,0.106882,0.032591,-1.970973,-1.872222,4.953617
-0.085959,0.112141,0.018867,-1.289082,-1.791947,4.860978
-0.091467,0.119753,0.031830,-0.005403,-2.849204,4.434461
-0.027548,0.096716,0.030727,-1.466170,-2.964601,3.369048
-0.091047,0.087161,0.015654,-1.664879,-2.704583,0.792388
-0.127577,0.104601,0.018595,-0.843242,-1.136878,-2.043634
-0.073670,0.079086,0.054688,-0.986550,-0.834736,-2.066971
-0.115068,0.089827,0.045045,-1.863689,-2.139797,-1.327494
-0.122870,0.142365,0.011062,-1.484610,1.532050,-2.327982
-0.051887,0.115623,0.046459,-1.429826,1.987971,-1.665837
-0.066698,0.077301,0.056881,-1.505214,1.499731,-0.719979
-0.097415,0.150105,0.037613,-0.644999,3.042907,-1.769695
-0.036237,0.165392,0.056628,-1.739117,1.570930,-3.428835
0.011470,0.145864,0.045928,-2.837083,1.684903,-3.134833
-0.041709,0.188402,0.033641,-1.177988,1.573996,-2.651108
-0.036286,0.214464,0.057022,-0.481425,0.030499,-0.772801
0.031795,0.191241,0.069410,-2.137067,-1.809685,2.246070
0.001429,0.207026,0.041441,-1.562834,-1.838207,4.450210
-0.003393,0.230965,0.040955,0.017466,-1.933745,4.306479
0.059942,0.183415,0.051360,0.557079,-2.619342,3.468776
0.025775,0.147877,0.054659,0.471900,-2.746825,2.223083
0.007863,0.161528,0.037190,1.077864,-2.570545,0.974699
0.089195,0.165008,0.026056,0.406487,-1.229964,0.630865
0.086526,0.119388,0.057022,1.012698,-0.110265,0.071045
0.000609,0.141453,0.037794,1.474767,0.769592,1.132420
0.048470,0.123160,0.059005,2.168602,0.935030,3.393506
0.130308,0.101253,0.039819,0.501767,0.818766,6.272542
0.054286,0.093785,0.036714,0.626887,2.696853,4.752666
0.063201,0.073405,0.023998,1.392604,4.104648,2.972997
0.113334,0.022911,0.051409,0.926777,2.511727,1.861873
0.110951,0.013953,0.064792,0.782520,1.010247,1.880005
0.128995,0.025537,0.008357,1.020471,1.900622,1.766860
0.137079,-0.058412,0.049210,0.325251,0.052485,2.520365
0.110698,-0.108695,0.047900,0.324893,-0.925101,4.110053
0.097162,-0.089464,0.024326,1.498217,-0.325816,3.635238
0.163519,-0.136196,0.037226,0.819786,-1.832485,3.045284
0.189142,-0.219534,0.000627,0.041474,-1.700557,2.061795
0.123040,-0.252814,0.014209,1.264353,-0.995171,0.173298
0.172274,-0.248403,0.028058,1.547407,-0.915533,-1.590579
0.257706,-0.307116,0.063416,0.223577,-0.850810,-3.715378
0.245229,-0.312768,0.008354,-0.046646,2.184005,-4.249632
0.281851,-0.317140,0.008340,0.849013,5.059286,-5.614236
0.354784,-0.387059,0.037777,0.343235,3.488209,-6.734363
0.343302,-0.377439,0.020781,0.771098,4.060499,-7.835362
0.317213,-0.395778,0.010687,0.270615,4.151958,-8.874192
0.399431,-0.419158,-0.001632,-0.336216,4.325832,-9.748661
0.380137,-0.435144,0.010668,0.616715,4.002200,-10.717208
0.365645,-0.427148,0.018352,1.115793,2.883587,-9.837150
0.421338,-0.420849,0.004375,0.442755,0.967888,-8.765114
0.406817,-0.410854,0.009877,-0.957569,-0.376428,-7.486020
0.353586,-0.365651,-0.030602,-0.475901,0.380489,-9.103168
0.344789,-0.340938,-0.027057,0.166354,-0.143661,-8.862516
0.361920,-0.358440,0.003171,-0.205838,-1.624608,-6.144298
0.347549,-0.296740,-0.027093,-0.324498,-2.397911,-4.761348
0.294745,-0.232109,-0.011919,-0.328148,-0.525605,-4.975040
0.346322,-0.216461,-0.019091,-1.830123,0.197601,-4.399753
0.324073,-0.186447,-0.016393,-0.917661,0.824964,-4.149714
0.293182,-0.119048,0.001648,0.212873,2.539844,-2.897127
0.331784,-0.054575,0.002954,-0.583988,3.284652,-1.598781
0.316872,-0.033846,-0.004024,-1.618133,3.524861,0.071724
0.263650,0.032591,-0.046644,-0.454480,5.186162,1.918442
0.259997,0.076707,0.021792,0.316523,3.903992,2.847145
0.286168,0.092515,0.013688,0.000319,2.371927,3.884344
0.213908,0.137281,0.002882,0.094722,2.389462,5.368037
0.223224,0.207400,-0.027336,0.516255,3.013808,6.348593
0.264950,0.240254,-0.001228,0.690018,0.310238,7.535402
0.252989,0.239998,0.008606,1.445248,-0.288384,8.944241
0.213271,0.289438,-0.013107,1.997830,-1.194931,11.441588
0.252496,0.287708,-0.021287,1.477508,-1.440634,13.770453
0.262590,0.292415,-0.026273,1.956576,-0.496618,13.220205
0.208098,0.309471,-0.012020,2.253735,-1.260534,10.472198
0.264901,0.315649,0.016573,2.644096,0.099404,8.728636
0.275651,0.290269,0.014853,1.653774,-0.738911,7.209688
0.229194,0.307410,0.005091,0.916463,-0.965757,6.002232
0.211088,0.316738,-0.016944,1.287051,2.273375,5.813705
0.301513,0.271615,-0.002613,1.335175,2.648647,8.540918
0.304904,0.240353,0.011603,1.071608,2.147425,9.853605
0.218277,0.225244,0.001467,1.181061,3.465744,9.127193
0.215513,0.167220,-0.029063,0.250178,3.079404,5.878804
0.219406,0.089741,0.010684,-0.290125,2.175198,2.713240
0.237030,0.100347,0.017177,0.937428,2.182124,-0.708860
0.204743,0.075167,0.039625,0.076819,0.812277,-2.288100
0.201087,0.005136,0.036478,-1.568421,0.613575,-0.541235
0.116036,-0.060332,0.012440,-1.560507,-0.917880,1.217509
0.132389,-0.075572,0.013980,-0.219368,-0.168128,0.998521
0.181218,-0.146155,0.057242,-0.259089,-2.072074,-1.190175
0.149464,-0.221969,0.051294,-1.260150,-1.417539,-3.475333
0.081941,-0.228173,0.025668,-0.820763,-1.078076,-6.089141
0.102781,-0.264723,0.018132,-0.924751,-0.356740,-8.656211
0.117050,-0.298992,0.017732,-1.487692,1.056897,-10.162722
0.079932,-0.317984,0.032670,-0.183685,1.733871,-8.814300
0.074207,-0.324969,0.053802,-0.451479,1.451581,-6.397282
0.073672,-0.373080,0.066472,-0.938750,1.699340,-3.970712
0.030751,-0.400271,0.022054,-1.137660,3.046328,-4.309901
-0.011185,-0.404469,0.043797,-0.410314,2.461174,-7.217072
0.088361,-0.411655,0.074029,0.009100,3.011048,-9.413239
0.094135,-0.387476,0.052026,-0.471325,1.748520,-10.737194
0.053965,-0.365632,0.023364,-0.000922,1.607313,-9.394077
0.063031,-0.361785,0.004749,0.045984,1.333765,-5.430266
0.092376,-0.352833,0.050064,-0.143596,-0.370523,-0.691099
0.063979,-0.302294,0.023561,1.100851,-0.719437,2.410506
0.053820,-0.263039,0.031209,1.019713,-2.133284,2.682840
0.062148,-0.304247,0.011866,0.660332,-1.007704,2.238017
0.049652,-0.288790,0.021723,1.628392,-1.376397,0.402310
0.047058,-0.255519,0.043686,2.858403,-1.302348,-3.179827
0.085286,-0.261188,0.037876,2.461750,-0.848433,-4.031829
0.082666,-0.244080,0.029755,1.424198,-1.162467,-2.313246
0.038242,-0.173642,0.028911,2.093155,0.719775,0.056542
0.056289,-0.164602,0.028196,3.013695,1.665419,2.228217
0.042365,-0.172568,0.042068,2.428657,1.036080,5.416230
-0.011093,-0.158037,0.043686,2.333699,2.199445,6.495183
0.017776,-0.096068,0.034436,1.962721,2.082016,3.786314
0.024035,-0.130845,0.031964,1.904901,1.756700,-0.332175
-0.001548,-0.161080,0.043358,2.096530,0.922708,-2.754487
0.007997,-0.118454,-0.001018,2.258478,2.012130,-3.981739
0.050620,-0.116166,0.025501,1.213396,0.126435,-4.218060
0.029609,-0.114929,-0.008341,0.518435,-0.113170,-4.769044
-0.038699,-0.082163,0.004602,1.163943,-0.679122,-4.781992
-0.008884,-0.053042,0.007339,-0.185451,-3.118010,-3.486396
0.021055,-0.024816,-0.018191,-1.934866,-2.077086,-3.800194
-0.017822,0.016638,-0.049959,-1.938198,-1.081890,-7.433691
-0.013027,0.061585,-0.056484,-3.041048,-1.546743,-9.973288
0.015793,0.077245,-0.044563,-3.648752,-0.800204,-11.541375
0.008030,0.201630,-0.069844,-5.421288,-0.532443,-11.848396
0.032921,0.315022,-0.060771,-6.484768,0.251384,-11.167881
0.098891,0.401186,-0.101605,-8.884969,1.572394,-8.261360
0.060198,0.487737,-0.072680,-9.008990,1.061138,-5.602373
0.007571,0.609844,-0.101749,-8.898257,2.045748,-3.648920
0.062722,0.740547,-0.105465,-10.108410,1.687733,-3.005878
0.094197,0.833778,-0.135250,-11.371958,1.657501,-2.024495
0.082082,1.009770,-0.138220,-10.657775,1.184623,-3.110279
0.087974,1.150714,-0.115890,-9.282050,0.246214,-2.204931
0.090665,1.269883,-0.144877,-10.043047,-0.834024,0.442302
0.077923,1.391954,-0.149916,-9.699606,-2.169520,2.191089
0.154722,1.538068,-0.159080,-7.765150,-1.096550,5.745424
0.222324,1.630364,-0.154232,-5.958985,-1.680072,10.179456
0.142157,1.698885,-0.147398,-5.999188,-3.224381,14.268093
0.095126,1.818710,-0.191232,-4.948838,-2.320253,13.663078
0.122262,1.983515,-0.199714,-4.277619,-1.379053,11.701142
0.111049,2.104171,-0.165202,-3.717264,-2.949772,10.711308
0.079945,2.240786,-0.152282,-3.137421,-1.843732,11.520259
0.041790,2.320743,-0.158594,-3.049288,-1.657919,14.161255
0.070196,2.356771,-0.180032,-3.497606,0.370801,18.502145
0.078950,2.411151,-0.163321,-2.878230,0.709034,21.317580
0.109756,2.458789,-0.146896,-1.809146,2.113595,21.944434
0.092434,2.495172,-0.169269,-2.826764,1.178235,23.566854
0.028969,2.461136,-0.163367,-3.984467,1.140110,20.971479
0.044892,2.452001,-0.172663,-3.185236,1.331633,17.679463
0.120844,2.419462,-0.140137,-3.520239,0.490824,15.688081
0.170104,2.369238,-0.152538,-5.185547,-0.776998,15.170724
0.120020,2.318209,-0.174504,-5.550679,-0.007693,15.468527
0.127606,2.231585,-0.180380,-4.973817,-0.013421,14.998112
0.152579,2.120399,-0.154117,-6.018972,-3.337339,13.510904
0.232007,2.003787,-0.140364,-6.097159,-1.726204,10.570993
0.274761,1.910520,-0.182159,-7.264641,-2.464322,6.107211
0.202833,1.765738,-0.182205,-8.459090,-2.252457,1.593586
0.151075,1.676259,-0.168271,-8.485717,-1.755060,-0.885564
0.165741,1.636381,-0.157236,-9.197114,-2.095035,-4.044805
0.218086,1.556470,-0.161706,-10.096600,-1.469842,-6.866834
0.197801,1.439306,-0.162645,-11.248907,-0.646810,-8.902805
0.125515,1.299432,-0.156067,-10.955506,0.804307,-10.451409
0.092664,1.223020,-0.155992,-11.333416,0.494366,-13.454026
0.091712,1.211295,-0.113123,-11.650710,0.113143,-17.101853
0.133094,1.191082,-0.135926,-11.317411,1.881990,-20.241741
0.112622,1.104928,-0.179986,-11.236177,3.562707,-21.093031
0.012264,1.001009,-0.144244,-11.075935,1.517344,-22.539731
-0.008120,0.968828,-0.121529,-10.013252,0.487473,-23.067468
0.048043,1.029366,-0.117423,-9.335452,0.584029,-23.229449
0.046477,1.040766,-0.123331,-9.487931,0.248724,-23.046175
0.015186,1.027196,-0.141027,-8.944152,-0.369283,-22.132446
0.004761,0.982214,-0.109253,-6.732304,0.348655,-21.200532
0.022204,0.962056,-0.118099,-6.617724,-1.711344,-18.492880
0.031089,1.043477,-0.142337,-6.502717,-1.277570,-18.185658
0.038803,1.134194,-0.123650,-6.051806,-1.020105,-17.804748
0.053695,1.187868,-0.115384,-5.552429,-1.778050,-15.341321
0.006921,1.199390,-0.100187,-4.804666,-1.367371,-10.960704
-0.012905,1.231666,-0.118434,-4.812219,-1.449383,-7.304465
0.027534,1.314790,-0.130618,-4.860034,-0.464628,-6.540225
0.022089,1.379881,-0.072539,-4.877494,-0.344038,-4.474502
0.015192,1.468218,-0.080610,-4.719067,-0.667722,-1.621043
-0.038807,1.504522,-0.106312,-5.133521,-0.226687,2.366837
-0.033749,1.521607,-0.106873,-4.947616,1.208385,6.331868
0.001107,1.571461,-0.100673,-4.323454,0.823440,7.669331
-0.002405,1.617162,-0.072966,-4.231392,-0.655558,7.865387
-0.016063,1.676019,-0.104444,-4.961741,0.308383,10.074835
-0.065326,1.666363,-0.099310,-4.853657,-0.052978,11.097744
-0.052662,1.670124,-0.079678,-4.500197,-2.356983,12.269243
-0.031179,1.676154,-0.076251,-5.020907,-1.799674,13.445128
0.008332,1.679069,-0.105048,-5.338023,-1.584747,13.788603
-0.015426,1.660841,-0.104792,-4.938301,-1.448529,13.988624
-0.033726,1.619122,-0.088528,-3.981769,-1.346517,15.152118
-0.050158,1.605152,-0.100305,-4.552240,-1.822117,15.676113
-0.006298,1.589064,-0.090362,-5.355797,-1.867733,15.167766
0.009353,1.563865,-0.100525,-5.436867,-1.360277,12.172814
-0.024611,1.532104,-0.078880,-4.436416,-0.999583,10.240606
-0.059257,1.470480,-0.096245,-5.031647,-1.193631,9.792708
-0.081387,1.438985,-0.107924,-5.762711,-1.345694,9.230230
-0.070998,1.387559,-0.099212,-5.759987,0.257351,8.519950
-0.029167,1.324815,-0.055585,-4.817799,-0.079122,7.577658
-0.051274,1.258864,-0.092680,-5.427059,-0.461516,6.216619
-0.085821,1.178280,-0.108554,-5.648174,0.382546,3.886629
-0.092344,1.124609,-0.104303,-5.371753,0.462457,1.614266
-0.074392,1.070656,-0.065166,-5.182665,-0.022743,0.745901
-0.035964,1.010426,-0.056576,-5.621602,-1.280737,0.588483
-0.053860,0.932429,-0.094338,-5.631463,-0.508616,0.196377
-0.111175,0.831766,-0.086801,-4.464697,-0.181160,-0.523586
-0.106816,0.755006,-0.081083,-4.468856,-1.110759,-0.775526
-0.057671,0.709689,-0.051781,-4.006419,-0.708868,-1.222189
-0.037931,0.654288,-0.074804,-4.180648,-1.441754,-2.098937
-0.035111,0.613724,-0.079882,-4.323089,-0.678019,-3.213210
-0.083474,0.531259,-0.092617,-4.056234,-1.150378,-3.861961
-0.072111,0.468561,-0.070468,-3.066135,-0.574944,-1.219633
-0.036122,0.444146,-0.074416,-3.519752,-1.630034,1.428217
-0.021886,0.403437,-0.067120,-3.817696,-0.505986,3.530518
-0.038062,0.335123,-0.064490,-2.430357,0.472945,4.087505
-0.048536,0.280083,-0.066548,-2.006781,0.363092,3.799068
-0.069071,0.224672,-0.075582,-1.989706,0.207747,2.731435
-0.044128,0.193788,-0.070993,-2.102625,0.939970,0.952653
-0.035876,0.160783,-0.049591,-0.968523,0.471481,0.683795
-0.017277,0.122270,-0.061447,-0.239398,0.384687,3.386333
-0.020117,0.087723,-0.077837,-0.104083,0.904740,6.173147
-0.038843,0.019602,-0.059183,-0.243596,0.085676,7.863115
-0.003885,-0.031414,-0.082744,0.925746,1.547051,8.581294
0.008326,-0.062932,-0.068613,2.463142,0.212516,6.487354
-0.028172,-0.104287,-0.022439,1.410053,-5.711510,3.701745
-0.009025,-0.137896,-0.064753,1.646786,-0.722168,1.506946
-0.006304,-0.168692,-0.108134,2.254306,0.904881,-0.266624
-0.006225,-0.230169,-0.052040,2.609791,-0.628602,-2.051726
0.054405,-0.257849,-0.042370,2.773253,0.023589,-2.236365
0.055202,-0.279540,-0.068052,2.588370,0.166362,-2.214976
0.042240,-0.306574,-0.065803,2.043968,0.402241,-4.064778
0.079873,-0.314626,-0.066949,0.987706,1.741827,-6.447149
0.123070,-0.311445,-0.067907,1.298077,2.222304,-9.952649
0.128079,-0.303787,-0.047875,0.033176,1.325460,-12.697651
0.148328,-0.263016,-0.082192,-0.940776,1.492881,-14.293149
0.130672,-0.233077,-0.100623,-2.505344,2.431930,-13.979195
0.115799,-0.215444,-0.077387,-2.643163,1.353046,-13.855677
0.158363,-0.172362,-0.071049,-3.509593,0.521601,-13.250805
0.167534,-0.113166,-0.082475,-4.380338,-1.080193,-14.042841
0.149014,-0.058602,-0.105967,-5.595254,-0.414945,-15.510916
0.160000,0.003416,-0.131528,-5.435242,1.777566,-17.167964
0.179570,0.084141,-0.125777,-5.793330,-0.022595,-17.708897
0.202656,0.174175,-0.087641,-6.142010,-0.209175,-16.434392
0.206473,0.268851,-0.131212,-6.338027,0.218782,-14.716601
0.180535,0.387491,-0.133569,-6.932247,1.236253,-13.217625
0.169040,0.499190,-0.128967,-6.939997,0.516480,-12.468265
0.157118,0.609483,-0.112578,-6.045903,0.335975,-11.083310
0.202659,0.764512,-0.118664,-6.761409,-0.259036,-8.520235
0.191397,0.907545,-0.135082,-6.744377,0.712727,-7.361763
0.167944,1.020914,-0.146591,-6.150036,2.217501,-5.168111
0.164556,1.155582,-0.141007,-4.838150,1.196532,-3.260989
0.186243,1.310625,-0.101460,-5.422989,0.451166,0.554250
0.222209,1.463248,-0.117403,-5.502053,0.809680,3.731866
0.201028,1.612166,-0.138171,-5.677030,0.430338,6.728661
0.191295,1.725634,-0.138375,-4.610592,0.741756,8.580014
0.213767,1.872437,-0.124992,-3.706382,0.371986,11.259096
0.226463,2.012003,-0.114295,-4.753349,-0.540298,13.916106
0.262416,2.130782,-0.159993,-5.218280,0.627137,17.098537
0.245061,2.229524,-0.147155,-5.112792,-0.846809,18.843578
0.244044,2.319125,-0.139954,-4.867394,-0.511843,20.777452
0.282793,2.430550,-0.154488,-4.602357,-0.437381,22.221411
0.307739,2.497614,-0.119428,-5.606274,-1.014361,23.475295
0.309400,2.541635,-0.133848,-6.379459,-0.792508,23.283049
0.289558,2.570576,-0.146489,-6.130607,0.280547,23.061667
0.285005,2.567891,-0.132854,-5.394307,-0.343024,22.553441
0.300587,2.598700,-0.109601,-6.006167,-1.721454,21.684037
0.289026,2.586824,-0.112506,-6.460683,-0.660577,20.575913
0.289528,2.553602,-0.141710,-6.387156,1.521913,18.195538
0.237863,2.504881,-0.107326,-5.957675,-0.521392,16.698589
0.225918,2.426605,-0.110825,-5.858070,-0.761351,14.881045
0.239169,2.388972,-0.113228,-6.059976,0.284808,13.234141
0.206187,2.304577,-0.100594,-6.404241,-0.104857,10.863972
0.168098,2.194287,-0.120147,-6.514712,-0.440778,6.683352
0.135887,2.089016,-0.074377,-5.892151,0.329574,3.438896
0.136262,2.000754,-0.075391,-6.852323,-0.822450,1.497236
0.128059,1.908580,-0.080279,-7.368323,-0.812967,-1.153171
0.113875,1.781369,-0.080351,-7.523549,-0.279147,-3.143525
0.075133,1.662749,-0.069887,-6.678200,0.065479,-5.378829
0.020818,1.549478,-0.016366,-7.659990,-4.219829,-7.021518
0.037867,1.448458,-0.055805,-7.893785,0.724790,-8.448157
0.016052,1.346285,-0.072877,-8.622792,0.195139,-10.278217
-0.005412,1.242958,-0.041090,-7.718943,0.061255,-11.446023
-0.035492,1.140030,-0.021697,-7.880740,-1.155476,-13.361565
-0.056152,1.048443,-0.023529,-8.142196,-0.555860,-13.498816
-0.058735,0.978813,-0.039344,-8.652845,0.643293,-13.636592
-0.072065,0.894523,-0.032523,-8.314436,-0.442350,-13.348738
-0.100264,0.814163,-0.000243,-7.703045,-1.193309,-12.736146
-0.102690,0.770188,-0.006289,-7.624428,-0.821179,-11.019982
-0.121974,0.705038,-0.004330,-7.409884,-1.085028,-10.460969
-0.127820,0.651354,-0.031817,-6.739171,-0.690978,-10.291562
-0.113834,0.622731,0.000463,-5.344505,-0.310964,-9.903249
-0.135485,0.580525,0.011692,-5.108206,-1.044845,-7.418639
-0.138550,0.546270,0.000440,-4.788683,-1.068711,-6.620911
-0.142752,0.504405,-0.000529,-3.242383,-0.304730,-5.559285
-0.151592,0.460529,0.016862,-1.910816,-1.710500,-4.566845
-0.132809,0.452172,0.000719,-1.431803,-0.649196,-4.145038
-0.162338,0.426182,-0.013557,-1.036151,-1.280675,-4.243797
-0.165887,0.397431,-0.011436,0.458179,-0.699929,-4.399690
-0.169018,0.404599,-0.002639,0.867492,-2.291817,-4.573367
-0.174533,0.407038,0.027323,0.574171,-1.865359,-4.249972
-0.170045,0.409070,-0.019350,0.345020,-0.982679,-3.283956
-0.186333,0.409694,-0.012923,0.078851,-0.947202,-2.151804
-0.203283,0.404252,0.006982,0.895144,-0.716621,-0.797815
-0.176394,0.423523,-0.001185,0.272948,-0.610017,0.476215
-0.180809,0.440805,-0.015044,-0.578133,-1.485230,0.609833
-0.183274,0.428778,-0.031436,-1.219902,-0.534898,0.196876
-0.180648,0.436892,-0.043099,-1.379392,0.439021,-0.973405
-0.191378,0.432116,-0.005344,-1.639342,-1.750201,-0.549012
-0.161094,0.436091,-0.028840,-2.351975,-0.381208,0.273318
-0.167324,0.458967,-0.062051,-3.283843,-0.401392,0.596195
-0.189313,0.453393,-0.042226,-3.292184,-0.813055,0.503846
-0.164531,0.459439,-0.036793,-3.341952,-0.837224,1.476220
-0.147272,0.469756,-0.046414,-3.947506,-0.988981,1.000513
-0.150584,0.482354,-0.058030,-4.717297,-0.194582,0.639014
-0.155219,0.468528,-0.055342,-3.690606,-1.063443,-1.109941
-0.132087,0.492953,-0.031118,-3.805702,-0.704436,-1.516170
-0.138754,0.496879,-0.033980,-4.762877,-1.355275,-1.629476
-0.140385,0.496902,-0.042350,-3.980859,-1.005511,-1.198420
-0.126123,0.515582,-0.032772,-3.572383,-1.544343,0.507379
-0.116079,0.535385,-0.006457,-3.454756,-1.234947,2.699805
-0.079059,0.558408,-0.047399,-4.035397,-0.045444,4.967347
-0.078009,0.575716,-0.051607,-3.343620,1.159831,5.205071
-0.083566,0.564838,-0.009030,-2.450232,0.131982,5.292902
-0.063517,0.599862,-0.035920,-2.258836,-0.626311,6.253032
-0.050384,0.628051,-0.031101,-2.666052,0.275798,6.983063
-0.027026,0.647342,-0.056074,-2.931112,0.125673,8.291843
-0.022408,0.648445,-0.026368,-0.954313,0.323870,9.535261
-0.005877,0.654409,-0.019941,-1.423659,-1.915485,12.781157
0.024357,0.664720,-0.051981,-1.545786,0.095143,14.371633
0.040543,0.652821,-0.045971,-0.313946,1.058827,14.070161
0.063979,0.648074,-0.036645,0.220425,-0.184088,14.318885
0.056774,0.627395,-0.016061,0.077452,-0.585481,12.825274
0.075028,0.617065,-0.048216,-0.301203,-1.046466,12.972137
0.089884,0.592217,-0.039012,0.419791,-0.294913,11.423923
0.108762,0.538260,-0.019012,1.016325,-0.095698,11.885727
0.133403,0.526762,-0.038772,1.106684,-0.263444,12.908634
0.110262,0.485032,-0.031341,0.334864,-1.068065,13.019557
0.115747,0.421688,-0.035782,0.451887,0.204314,11.876869
0.127409,0.378126,-0.031718,0.934602,-0.208614,9.942144
0.143496,0.346556,-0.013005,0.293722,0.785932,8.112540
0.171318,0.303257,-0.042015,-0.191707,1.262867,5.939320
0.160306,0.245066,-0.050845,-0.445863,1.525275,3.597349
0.164944,0.187525,-0.008574,0.273680,1.373768,2.306259
0.187980,0.128901,-0.016698,-0.550199,-0.168578,2.388833
0.225164,0.076664,-0.041720,-0.903520,1.771373,0.629089
0.221307,0.012469,-0.025813,-0.810220,1.380408,-1.639358
0.220263,-0.054699,-0.030481,-0.342982,0.894620,-3.274084
0.226053,-0.088134,-0.036639,-0.684007,0.743753,-6.224832
0.229030,-0.146417,-0.060210,-1.425572,1.379125,-8.176658
0.236951,-0.202281,-0.034778,-0.654872,0.309595,-9.816630
0.238470,-0.242681,-0.022485,-0.567139,-1.409290,-11.846814
0.240151,-0.258194,-0.030701,-0.963389,0.303407,-11.754834
0.220968,-0.285895,-0.023092,-1.029546,0.248613,-13.767740
0.244241,-0.292991,-0.048403,-1.617802,0.827038,-15.474241
0.247212,-0.290415,-0.014607,-0.844633,0.273008,-17.362286
0.202111,-0.283160,0.036185,-2.709406,-7.671326,-17.388041
0.240522,-0.253976,-0.039153,-2.303572,1.366119,-17.176212
0.239357,-0.221670,-0.047638,-2.571688,3.089524,-16.957353
0.239445,-0.174446,-0.018930,-2.535247,1.604740,-16.186925
0.230494,-0.110412,-0.004307,-3.445798,0.874568,-15.235747
0.227911,-0.059006,-0.036783,-3.716908,2.206030,-14.470382
0.219833,0.025566,-0.045666,-3.702836,2.424138,-13.760073
0.219426,0.102645,-0.020154,-3.527305,1.279066,-12.671945
0.226562,0.196834,-0.041825,-3.891350,1.583509,-10.824501
0.227395,0.321961,-0.072063,-4.787364,0.659220,-9.051414
0.213455,0.421668,-0.043020,-4.986070,0.209191,-7.456104
0.221599,0.527875,-0.053018,-4.314217,0.297134,-4.189842
0.225616,0.653303,-0.063936,-3.990165,0.061209,-1.374886
0.221677,0.760202,-0.053402,-4.817733,-0.905079,1.226193
0.231541,0.860806,-0.067641,-4.434666,0.225190,2.844394
0.213005,0.967032,-0.066273,-3.173219,-0.549121,3.324203
0.197939,1.067265,-0.052483,-3.462355,-0.676605,4.560749
0.201248,1.168650,-0.071892,-3.344332,-0.248049,5.100394
0.185649,1.246141,-0.048587,-2.164374,0.729572,5.604660
0.171295,1.325255,-0.053363,-1.361014,0.331974,6.191339
0.163611,1.424713,-0.050648,-1.929569,-2.823057,7.061594
0.158300,1.498824,-0.071269,-2.330069,0.614001,8.052328
0.155635,1.563474,-0.074646,-1.619145,1.767683,9.376440
0.131469,1.620057,-0.073185,-1.568340,-0.164219,11.077468
0.124008,1.678435,-0.038917,-2.119973,0.246315,12.471413
0.109342,1.714499,-0.081700,-2.876145,-0.220966,12.905863
0.095330,1.738130,-0.084441,-3.124773,-0.256925,12.225784
0.075392,1.731667,-0.055290,-2.588032,-0.529227,12.119010
0.059935,1.745975,-0.092739,-3.274535,-1.257665,11.684966
0.026441,1.732258,-0.064756,-4.470947,-2.560632,10.744774
0.025424,1.712750,-0.102517,-4.753188,-1.011134,9.709621
-0.003793,1.695373,-0.100791,-4.293699,-1.948336,8.586226
-0.001742,1.653065,-0.061940,-5.494060,-2.547217,8.275077
0.008040,1.613752,-0.087740,-6.057868,-0.777461,8.305148
-0.000048,1.585966,-0.115158,-6.877283,0.763929,7.556395
-0.023055,1.537924,-0.064530,-6.771037,-1.186334,7.321140
-0.032472,1.467581,-0.084457,-7.091646,-0.083918,6.916833
-0.064742,1.425395,-0.093415,-7.584616,-0.489273,5.386238
-0.070686,1.359868,-0.076369,-7.210674,0.041727,3.572291
-0.090460,1.270819,-0.071383,-6.657231,-0.665983,2.844756
-0.107551,1.219905,-0.080456,-6.105559,-0.752780,2.648831
-0.152796,1.143017,-0.064927,-7.215449,-1.758325,2.710767
-0.142358,1.066901,-0.093097,-5.529389,0.842071,3.208901
-0.164948,0.979860,-0.055254,-4.929175,-1.939132,3.266036
-0.186454,0.871481,-0.031036,-4.138669,-1.798223,3.333997
-0.186362,0.790296,-0.086079,-3.926650,-1.436167,2.682542
-0.210613,0.693320,-0.090438,-2.250903,-1.044339,0.196079
-0.234355,0.614557,-0.034052,-1.563120,-1.876214,-1.756493
-0.227363,0.531984,-0.047523,-0.872531,-1.518694,-2.496396
-0.247137,0.468387,-0.066791,-0.701513,-1.056149,-3.059751
-0.249421,0.397811,-0.046266,-0.241486,-1.145386,-2.345840
-0.255343,0.304003,-0.028091,0.201574,-0.604732,-0.960758
-0.235205,0.241229,-0.015283,0.848599,-0.374942,-0.350807
-0.246831,0.165539,-0.026755,0.425043,-2.163030,0.398548
-0.275356,0.067417,-0.019531,-0.016806,-0.704692,-0.582031
-0.271765,-0.012448,-0.019921,0.943980,-0.367779,-1.437299
-0.277752,-0.082810,-0.010711,1.435922,-0.945689,-1.964055
-0.281848,-0.164320,-0.000591,1.197483,-1.484862,-2.830007
-0.274095,-0.238657,-0.019724,0.464229,-0.757713,-3.153015
-0.276377,-0.310926,-0.004648,1.660422,-0.029475,-3.170021
-0.270773,-0.410791,0.001707,1.829382,-1.769065,-2.522752
-0.243693,-0.460104,-0.015480,1.387047,-1.086180,-3.312257
-0.249713,-0.534851,-0.008571,0.589602,-0.547479,-5.284799
-0.236600,-0.593853,-0.007786,1.114648,-0.129097,-7.622692
-0.224087,-0.646316,0.004707,1.353527,-0.369624,-8.935388
-0.231210,-0.690623,0.006962,0.751600,-1.079129,-9.390695
-0.206326,-0.711788,-0.023076,0.469924,-0.313018,-9.521628
-0.203776,-0.741474,0.019002,0.416880,-0.523911,-8.311126
-0.205453,-0.805600,0.026611,1.176371,-0.886732,-6.631770
-0.197720,-0.817706,0.020328,1.264583,-0.516057,-5.744307
-0.191683,-0.861946,0.006105,0.644800,-0.498863,-6.278884
-0.182354,-0.905744,-0.004218,1.080051,0.291840,-8.928610
-0.168145,-0.906689,-0.000555,2.539882,0.327077,-11.531666
-0.174398,-0.921359,0.026722,2.238144,-0.632895,-12.918848
-0.140096,-0.884231,0.007851,1.585730,0.026836,-12.335493
-0.133771,-0.840368,-0.006614,1.318930,0.032836,-11.735200
-0.113289,-0.816156,0.020026,1.610870,0.316987,-9.783846
-0.090679,-0.752651,0.027933,1.138124,-1.113201,-7.208684
-0.082677,-0.694027,0.008810,0.830224,0.466285,-5.387163
-0.058475,-0.641422,-0.008640,-0.230958,-0.048253,-4.423593
-0.041814,-0.568670,-0.013576,-0.032328,0.680320,-4.417170
-0.055216,-0.517589,0.011203,0.459998,0.279813,-5.123503
-0.016467,-0.430266,-0.007514,0.107339,0.229753,-3.158979
0.006940,-0.355016,-0.017305,-0.547261,1.070887,-1.773524
0.014746,-0.307086,-0.016737,0.057591,0.792146,0.794377
0.036197,-0.217190,-0.025945,0.446674,-0.170147,2.809912
0.081790,-0.132920,-0.012057,-0.587139,-0.295674,5.310152
0.119896,-0.076166,-0.032227,-0.720662,0.739049,6.074265
0.108312,-0.000562,-0.011607,0.445480,1.157924,6.221609
0.102112,0.083091,-0.002501,-0.070024,-0.314679,7.556350
0.156022,0.199125,-0.022002,-0.841614,0.675659,9.163372
0.163559,0.270600,-0.031190,-0.216844,0.894981,10.317519
0.158632,0.334546,0.004447,0.610983,0.154109,12.848135
0.178267,0.389608,-0.003286,0.195000,-1.033448,15.334132
0.171256,0.408899,-0.032155,0.291559,0.352315,15.947419
0.178566,0.419584,-0.032729,1.701665,1.213109,15.369992
0.205003,0.430432,-0.034968,2.389684,0.350070,13.534663
0.212680,0.440411,0.001766,2.281790,0.212940,12.466022
0.220315,0.450632,-0.032490,1.673072,1.338744,11.617413
0.220588,0.457059,-0.031495,2.312291,1.222913,10.053810
0.252559,0.455700,-0.016045,2.378540,1.235373,11.777373
0.269109,0.468315,-0.007057,2.285621,1.638381,12.527736
0.242620,0.461773,-0.022623,1.390103,1.228707,13.059234
0.264884,0.453678,-0.033176,0.868113,2.433703,11.770687
0.261999,0.425778,-0.011508,0.288408,0.715468,10.158364
0.260256,0.377188,-0.017916,0.817153,0.731434,8.014794
0.255227,0.375579,-0.028889,-0.552037,0.624659,6.085064
0.258487,0.310259,-0.030501,-1.140401,1.020689,4.148049
0.283309,0.263067,-0.084313,-0.450150,5.926286,2.592239
0.271557,0.196985,0.000125,-0.888877,0.472085,1.549544
0.282101,0.148270,0.009089,-1.842895,-1.074777,0.153530
0.285255,0.094727,-0.020443,-2.078768,0.071204,-2.048372
0.265813,0.039937,-0.038392,-2.225818,1.834694,-4.250003
0.276882,0.018283,-0.025777,-1.629438,1.561635,-6.014484
0.276852,-0.029802,0.011462,-2.231559,-0.528973,-5.879598
0.269775,-0.049237,-0.010090,-2.334631,1.239460,-4.846240
0.252207,-0.067031,-0.042173,-2.526617,2.142679,-5.116251
0.220319,-0.106769,-0.013672,-1.689477,1.854464,-5.957694
0.199347,-0.143286,-0.011151,-1.172516,0.818743,-7.784266
0.183227,-0.178733,0.023476,-1.318653,0.016650,-9.436761
0.194870,-0.211560,-0.030333,-0.959148,1.758368,-10.978729
0.160913,-0.233113,-0.032917,-0.402279,0.889989,-13.845070
0.130646,-0.268055,0.028199,0.774485,-0.157385,-14.604430
0.169536,-0.253996,0.016786,0.480638,0.739062,-13.893571
0.170915,-0.249309,-0.005978,0.772158,1.254753,-11.659451
0.131105,-0.265537,-0.014509,0.638349,1.234615,-10.246011
0.122505,-0.245311,-0.009992,1.605093,1.639661,-9.199484
0.097746,-0.216944,-0.002538,1.526695,1.048537,-8.157944
0.058110,-0.191186,0.022645,0.823466,0.103700,-8.677502
0.060044,-0.151403,-0.012917,-0.011272,0.290517,-9.014826
0.032911,-0.119567,-0.006280,0.698158,0.835540,-8.532820
0.007292,-0.122117,0.021565,0.367118,-0.276843,-7.175562
0.029284,-0.059140,0.015408,-0.542987,0.274351,-5.691276
0.017674,-0.026201,-0.032487,-0.601270,1.574994,-5.619394
-0.004407,-0.018487,0.007349,-0.427052,0.185676,-5.992155
0.006986,0.024401,-0.004264,-0.712030,0.117907,-6.643293
0.000300,0.074898,0.007119,-1.128627,-0.362071,-5.972829
-0.015246,0.120140,0.001782,-2.225956,-0.643343,-4.308528
-0.045611,0.178974,-0.012191,-2.172383,-0.059949,-3.747422
-0.074828,0.247525,0.017121,-2.221774,-1.214579,-1.220523
-0.089563,0.299906,-0.006923,-2.077839,-0.627253,1.795539
-0.129287,0.339433,-0.007632,-3.124983,-0.939866,3.798948
-0.133387,0.363999,-0.019074,-2.838534,-1.039520,3.684692
-0.159433,0.398849,0.005557,-1.483508,-1.133405,2.366819
-0.187452,0.428230,0.014472,-1.285235,-1.632913,0.508373
-0.185575,0.471075,-0.000591,-1.632928,-1.847312,-0.405199
-0.206563,0.493275,-0.005029,-1.560330,-1.287430,-0.565557
-0.211401,0.491207,0.018729,-0.046791,-0.832615,0.601836
-0.193164,0.540496,0.020400,-0.943970,-1.206735,2.968639
-0.219426,0.559265,0.007159,-0.662859,-0.632508,3.882006
-0.259935,0.571695,0.026850,-0.401574,-0.262206,3.676528
-0.254105,0.582954,0.024382,0.711619,-0.470457,3.816806
-0.259354,0.601053,0.034938,-0.677321,-2.178435,4.049669
-0.276442,0.612870,-0.003729,-0.693668,-0.397952,4.132671
-0.302367,0.607448,0.005557,-0.640939,-1.302385,5.112771
-0.324185,0.594988,0.034652,-0.692844,-2.197240,6.868840
-0.309007,0.577797,0.032109,0.005770,-2.278047,8.630375
-0.283020,0.574636,-0.002173,-0.650415,-1.729880,9.526973
-0.284461,0.525646,0.008551,-1.237115,-1.598464,8.712863
-0.317092,0.462118,0.024172,-0.919585,-1.736999,6.627770
-0.314781,0.428762,0.032611,-0.255879,-1.781302,4.918029
-0.287015,0.411319,0.033215,-0.824407,-1.796388,5.392684
-0.288758,0.354306,0.028639,-1.391127,-1.616747,5.873201
-0.280962,0.317401,0.011968,-1.516749,-0.747393,7.550534
-0.283391,0.275609,0.028393,-0.780784,-0.863723,9.226811
-0.271358,0.207873,0.042012,-1.120385,-1.868536,10.861322
-0.258743,0.162716,0.026650,-1.628174,-0.641426,9.931023
-0.254411,0.095190,0.030779,-0.286845,-0.170557,8.280650
-0.274758,-0.011161,0.062826,0.371710,-1.274950,7.104852
-0.247790,-0.092152,0.051101,0.603276,-2.061153,6.820587
-0.234709,-0.168544,0.026381,1.064721,-1.068609,6.645385
-0.242899,-0.271872,0.037541,2.162047,-0.660185,5.660276
-0.230810,-0.380055,0.055571,3.024885,-2.483606,5.421572
-0.215579,-0.453913,0.050723,3.897528,-0.967267,5.111195
-0.217611,-0.568473,0.045839,3.830662,-0.977124,3.481200
-0.168877,-0.655008,0.048842,4.482468,-0.293602,1.418884
-0.164547,-0.763641,0.069601,5.453584,-0.859137,-0.770138
-0.161767,-0.862143,0.069958,6.122942,0.364192,-2.409935
-0.119400,-0.935086,0.046371,5.274416,0.511238,-3.583780
-0.106231,-1.026108,0.062405,5.290516,0.687561,-4.747052
-0.075839,-1.119907,0.056635,5.407841,1.834534,-5.261636
-0.067128,-1.186258,0.076277,6.185046,0.788519,-7.039673
-0.092091,-1.266291,0.128484,4.580000,-6.293400,-7.350808
-0.041203,-1.319525,0.071390,4.307206,0.543075,-8.208105
-0.032032,-1.386868,0.039776,4.487655,1.003617,-9.759651
-0.041216,-1.443611,0.078880,3.937873,-0.307756,-9.833821
-0.004072,-1.503427,0.100580,3.665598,-0.689359,-9.287595
0.015035,-1.523128,0.054062,3.074969,0.379997,-9.985018
0.008454,-1.566578,0.055384,2.507127,0.583170,-12.062890
0.030499,-1.591009,0.055660,1.973994,1.072913,-13.729663
0.042246,-1.595194,0.072368,3.096122,1.537339,-14.961963
0.062824,-1.594823,0.074301,2.173822,0.095538,-15.579911
0.089944,-1.561700,0.056563,1.734904,1.265001,-15.478204
0.093587,-1.538891,0.049059,1.630887,2.791562,-13.782710
0.110646,-1.530146,0.070746,2.367880,2.845384,-11.557705
0.129678,-1.488705,0.091619,2.311977,0.587115,-10.001818
0.153915,-1.437355,0.070365,2.615008,2.577806,-8.946340
0.180362,-1.387820,0.036855,2.692332,2.878576,-9.351662
0.169546,-1.336597,0.057702,2.963101,1.284240,-10.138467
0.188013,-1.280868,0.067195,4.137078,1.489723,-9.897742
0.188962,-1.196014,0.049115,4.890886,1.161532,-8.029215
0.186004,-1.112781,0.066591,4.511600,0.175353,-4.913389
0.193193,-1.034035,0.025399,4.259913,1.195128,-2.198452
0.196846,-0.932122,0.035480,5.281670,0.896587,-0.782385
0.185417,-0.850691,0.076129,5.141316,-0.761409,0.530868
0.212756,-0.740975,0.061831,4.629732,0.118337,1.263475
0.218159,-0.633883,0.028317,4.170844,1.848914,1.554623
0.223069,-0.541127,0.038552,4.298048,2.053331,1.811769
0.251804,-0.461042,0.060173,4.221387,1.377467,3.218618
0.268177,-0.353644,0.038349,4.050270,1.961232,6.285587
0.245269,-0.276504,0.045704,3.088161,1.941374,7.847732
0.244500,-0.214420,0.035555,2.594787,1.947617,8.626385
0.244500,-0.136504,0.039550,2.556970,2.064261,8.425879
0.239711,-0.074292,0.049371,2.508955,1.569966,8.434052
0.247977,0.007020,0.052670,1.236705,-0.287993,8.396592
0.226289,0.075531,0.009269,0.470489,0.867271,7.966765
0.222541,0.114471,0.011380,0.807562,0.700018,8.775459
0.228771,0.180419,-0.001156,0.702261,-0.152881,9.453108
0.235529,0.224305,0.040302,0.283626,-0.636059,10.816157
0.223171,0.259174,0.007224,-0.634961,0.069622,11.675705
0.203769,0.300828,0.007832,-0.832114,-0.103671,10.591318
0.189129,0.293489,0.021030,-0.504970,0.065700,9.479585
0.195392,0.314017,0.066722,-0.588354,-3.455851,7.893347
0.201523,0.315691,0.021986,-0.428030,0.645148,7.939491
0.177453,0.305148,-0.002997,-0.343215,2.111686,7.724901
0.146520,0.292809,0.016921,-0.333525,0.768945,6.892704
0.143887,0.263353,0.043765,1.071575,1.032542,6.437486
0.139948,0.235852,0.038444,1.435361,1.158781,6.433052
0.132277,0.202552,0.039202,1.145348,0.381286,4.776244
0.089067,0.170627,0.024188,1.227658,0.621574,3.226578
0.062492,0.120839,0.015358,2.276253,1.423234,2.528794
0.048792,0.095243,0.035818,2.327577,-0.203106,1.196278
0.049540,0.058863,0.059379,1.723379,-0.805473,0.758368
0.041626,0.017823,0.028393,1.402520,0.056312,0.366307
0.021219,-0.032569,0.017157,1.732724,0.049849,-0.285660
-0.008441,-0.091778,0.045931,1.512902,-0.412581,-0.758226
0.001780,-0.152946,0.057895,1.847077,0.238737,-2.257247
0.013899,-0.164254,0.032263,1.417823,-0.037234,-2.175326
-0.004748,-0.216034,0.051843,0.308044,-0.632971,-3.588049
-0.013716,-0.272607,0.046174,0.337550,0.473585,-3.517994
-0.037336,-0.318607,0.044946,0.439302,0.554652,-3.496314
-0.043465,-0.369889,0.061861,0.412442,0.423531,-3.175061
-0.031090,-0.381574,0.064697,-0.599107,-1.342545,-2.530330
-0.055061,-0.423842,0.043525,-0.625238,-0.191755,-2.595546
-0.091158,-0.493919,0.036307,-0.243635,0.954784,-4.047569
-0.094608,-0.508106,0.045547,0.498294,0.017976,-4.569930
-0.100760,-0.563678,0.076779,0.813274,-1.170214,-5.252933
-0.113591,-0.605286,0.078657,0.565342,-0.642027,-5.921418
-0.134451,-0.643385,0.052184,1.223441,-0.510138,-6.686725
-0.154972,-0.688771,0.041037,2.223504,0.059834,-7.064019
-0.172967,-0.751712,0.086971,3.479739,-0.458942,-7.851699
-0.166028,-0.787117,0.072138,4.039756,-0.798973,-6.794113
-0.151565,-0.796554,0.102661,3.105135,-0.948514,-7.392849
-0.183264,-0.826795,0.070461,3.861349,0.431935,-8.367307
-0.212737,-0.867083,0.071153,5.320035,0.876025,-9.284267
-0.206746,-0.881930,0.083052,5.281742,-1.554256,-8.502813
-0.205466,-0.889562,0.086213,4.991000,-0.442628,-7.755877
-0.233186,-0.903325,0.064011,4.414630,-0.017415,-7.935283
-0.271827,-0.922429,0.088425,4.505314,-0.942583,-9.014031
-0.261455,-0.895975,0.084775,4.579753,-1.476390,-7.900151
-0.263086,-0.906016,0.088964,4.223796,-0.061941,-9.346972
-0.241806,-0.882737,0.063151,2.926879,0.247307,-8.037603
-0.272749,-0.880630,0.034075,2.454880,-0.020392,-9.356708
-0.299820,-0.885120,0.077846,2.306314,-0.187251,-9.534328
-0.273984,-0.837584,0.082980,1.567785,-0.856554,-8.794492
-0.245390,-0.792244,0.075394,1.015167,-0.469216,-8.227999
-0.259288,-0.759567,0.032857,-0.180248,-0.186864,-7.665104
-0.278218,-0.708108,0.021844,-0.731668,-0.954328,-8.593106
-0.286342,-0.645824,0.051957,-1.466829,-0.573401,-6.986155
-0.255188,-0.573239,0.057692,-1.773668,-0.263358,-5.891190
-0.246044,-0.494897,0.039967,-2.216748,-0.944451,-3.545539
-0.237106,-0.423370,0.036107,-2.848923,-2.203177,-1.182114
-0.236298,-0.359270,0.007366,-2.991692,-0.137083,-0.329039
-0.237092,-0.280876,0.032338,-2.141889,-0.130311,0.585793
-0.198284,-0.194472,0.025800,-2.268762,-0.768046,2.478339
-0.194585,-0.109418,0.025045,-1.888833,-1.768947,3.028718
-0.198455,-0.044366,0.002941,-1.731653,-1.962292,3.671527
-0.187967,0.044575,-0.019367,-0.776946,0.126329,5.121189
-0.190114,0.107233,0.023729,0.163055,-1.242703,7.726099
-0.151870,0.183123,0.011672,1.035938,-1.728800,9.809030
-0.164294,0.248624,0.017692,0.870568,-1.735387,12.328586
-0.154073,0.302197,-0.005639,1.529337,-1.079671,13.422462
-0.133791,0.332589,-0.001980,2.959348,-0.442044,13.978500
-0.108542,0.372487,0.010257,4.125933,-0.968633,13.979800
-0.087190,0.419771,0.003036,3.707438,-1.411375,14.281824
-0.106734,0.415008,-0.006158,3.716202,-0.280775,13.477137
-0.079762,0.435832,-0.041464,4.390730,1.253256,13.871663
-0.068572,0.424324,0.002875,4.470825,-0.476162,15.421979
-0.036585,0.422508,-0.001901,4.429978,-0.267740,16.092766
-0.053982,0.408217,-0.015608,3.370910,-0.397929,16.178969
-0.031412,0.379285,-0.045649,3.375006,1.275304,15.104906
-0.031398,0.334112,-0.004484,2.051612,-0.219006,13.215358
0.004948,0.306468,0.000489,2.210935,-0.953921,11.267234
0.001019,0.261459,0.005488,0.540831,-1.780757,10.419384
0.032287,0.221095,-0.015917,-0.531151,-0.021085,10.348534
0.034185,0.145950,-0.015152,-0.698240,-0.308318,8.904990
0.070210,0.065960,0.004418,-1.004275,0.204045,8.209778
0.088529,0.019126,-0.000118,-1.413185,-0.131279,6.399576
0.093390,-0.048404,0.003840,-2.651983,-0.090259,5.042626
0.118340,-0.131840,-0.015684,-2.674983,0.581430,1.522806
0.134985,-0.180840,-0.007225,-2.425659,0.548491,-0.872406
0.120254,-0.270073,0.004493,-2.136260,0.020908,-3.380330
0.142952,-0.314212,-0.005886,-2.577219,0.415611,-4.338102
0.156016,-0.370831,-0.036760,-2.490228,0.627010,-5.783684
0.181248,-0.441774,-0.023374,-1.114108,2.070702,-7.365237
0.190176,-0.495606,0.014170,-0.702579,0.006094,-8.331501
0.198668,-0.543822,-0.007228,-0.304209,1.609824,-9.207141
0.220634,-0.568175,-0.021467,0.372288,1.364016,-11.053525
0.217463,-0.604111,-0.014190,0.637539,2.237522,-12.945519
0.234784,-0.641885,0.014196,1.648257,1.440720,-13.792135
0.256018,-0.640352,0.021030,2.212134,1.940323,-14.041026
0.240772,-0.652448,0.017390,1.852395,0.649462,-13.434520
0.264123,-0.659925,0.005104,1.978385,1.722491,-13.642514
0.278385,-0.650456,0.011275,3.432748,2.430959,-13.865608
0.260394,-0.638967,0.016464,3.041898,1.693421,-13.688140
0.265741,-0.605591,0.026348,2.505692,1.036730,-12.796512
0.272854,-0.588289,-0.004747,1.754539,1.421445,-12.326926
0.269818,-0.567580,-0.004162,2.637725,2.147826,-12.486837
0.276832,-0.509012,0.018546,2.175108,1.305828,-11.102771
0.270077,-0.457872,0.012558,1.288269,0.931850,-9.838432
0.260630,-0.415968,-0.017167,0.271235,2.355680,-8.487591
0.269106,-0.354878,-0.018520,0.187155,2.214462,-8.504870
0.247980,-0.305832,0.019944,-0.480086,0.857414,-7.439361
0.246306,-0.248298,0.009519,-0.387573,1.795285,-6.808622
0.210891,-0.173665,0.002416,-1.147612,0.492394,-5.551587
0.226375,-0.098628,-0.027271,-1.977652,1.060278,-3.761742
0.227261,-0.032868,-0.013445,-2.513898,1.013671,-1.985021
0.203897,0.012509,0.001838,-1.547193,1.218508,-1.185722
0.170206,0.091149,-0.022797,-1.604482,0.574126,-0.161753
0.135783,0.156572,0.022544,-2.377095,-2.092530,0.280452
0.152812,0.245884,-0.021060,-2.550247,0.377633,0.562955
0.148066,0.318675,-0.008361,-1.652176,0.377574,0.574403
0.122216,0.365056,-0.006499,-1.536460,0.095908,1.458520
0.114581,0.446208,-0.017463,-1.504627,0.774690,2.753080
0.081833,0.509529,-0.030405,-2.027700,0.206966,3.858125
0.091046,0.606765,-0.019534,-1.340810,1.480870,4.554339
0.064262,0.652598,-0.008554,-0.887680,-0.559599,4.714048
0.063395,0.721545,-0.038411,-0.870972,0.780962,6.052436
0.028056,0.757288,-0.015953,-1.469466,-0.410993,6.681688
0.016177,0.811425,-0.034975,-1.228610,0.154519,5.818734
-0.000668,0.854064,0.005806,-0.762744,-0.628940,5.405625
0.016249,0.916949,-0.020177,-0.774252,-0.543236,6.893206
-0.013450,0.944580,-0.025574,-1.849697,-0.113098,7.628728
-0.010273,0.970226,-0.045373,-2.233575,0.523619,7.678119
-0.035899,0.976263,-0.017023,-2.134347,-1.102186,7.254408
-0.020839,0.984718,0.010087,-1.866467,-0.341678,7.970373
-0.032278,1.006054,-0.013294,-2.492218,-1.846160,9.000255
-0.040990,1.003458,-0.039921,-2.494529,-1.489379,9.164035
-0.053972,0.984025,-0.030225,-2.940920,-1.108432,9.659368
-0.080205,0.930134,0.004855,-2.243629,-0.632118,9.544615
-0.073742,0.914648,-0.010471,-1.969864,-0.956931,10.815309
-0.090860,0.873762,-0.002620,-2.493238,-1.688485,10.714982
-0.094602,0.830158,-0.019866,-3.088788,-2.026343,9.776044
-0.117927,0.778407,-0.016662,-3.188803,-1.281417,9.164982
-0.139824,0.695772,0.012082,-1.790245,-0.923680,8.656090
-0.137782,0.638739,0.005353,-1.806385,-1.354201,9.296780
-0.156863,0.562258,0.007497,-1.584210,-1.801548,9.041450
-0.175776,0.474158,-0.007130,-1.762771,-0.682480,9.765681
-0.183717,0.386320,0.001989,-0.434854,-0.422196,8.919732
-0.228345,0.277448,0.053353,-0.244407,-6.072270,8.362270
-0.206861,0.194008,0.011931,0.816832,-0.851181,7.463010
-0.227764,0.113004,-0.012565,0.377924,-1.628232,5.417434
-0.231519,-0.004393,0.021519,1.024072,-0.598515,2.828625
-0.219672,-0.112798,0.023692,1.766267,-0.671333,2.172440
-0.230078,-0.204654,0.026174,2.344751,0.139361,1.720617
-0.262082,-0.314872,0.033054,1.970336,-1.415159,0.778364
-0.247606,-0.400961,0.004651,1.857207,-0.380187,-0.834751
-0.228420,-0.505513,0.046006,2.913378,-0.606744,-2.824088
-0.218747,-0.585424,0.039346,2.650661,-0.894781,-3.768127
-0.234857,-0.657962,0.040400,1.984448,-0.624078,-5.748113
-0.244340,-0.741510,0.018283,1.690253,-0.337745,-7.294647
-0.212408,-0.788305,0.000410,1.628119,0.241222,-8.824470
-0.209001,-0.877965,0.042547,1.259948,-0.510818,-10.311316
-0.191178,-0.925435,0.035693,1.641545,-0.036197,-11.816911
-0.208210,-0.957396,0.032010,0.681711,-0.869880,-11.501078
-0.183976,-0.996904,0.013477,0.116774,-0.629832,-11.666620
-0.163684,-1.009065,0.008038,0.209978,0.325909,-12.948202
-0.169727,-1.040764,0.046433,0.651102,-0.168604,-14.395633
-0.153197,-1.043511,0.013733,0.251606,-0.136718,-13.388200
-0.147022,-1.059937,0.022570,0.060513,-1.140373,-13.723838
-0.154326,-1.064227,0.006391,0.256684,0.037100,-13.713128
-0.126477,-1.038867,0.002596,1.410609,0.326887,-13.326483
-0.124813,-1.025901,0.036468,1.518526,-0.460629,-12.355458
-0.113509,-1.019343,0.010894,1.715186,-0.290520,-11.250674
-0.101012,-0.971409,-0.024842,1.543656,-0.018862,-10.581001
-0.112041,-0.944579,0.012204,1.933248,-0.047095,-11.062092
-0.098583,-0.903515,0.007983,3.086205,0.172750,-9.356878
-0.090403,-0.845541,0.011961,3.081800,-0.477357,-8.676770
-0.077805,-0.801129,-0.014463,3.007141,0.512256,-7.029528
-0.051369,-0.734407,-0.038667,3.230376,0.952913,-5.461818
-0.073453,-0.668709,0.024835,3.503406,-0.408570,-4.202124
-0.053427,-0.590269,-0.005429,3.988278,0.630437,-2.068142
-0.045821,-0.486107,-0.015382,2.468420,-0.057999,0.144894
-0.037093,-0.427630,-0.014184,2.520197,0.161511,0.917153
-0.030745,-0.348251,-0.025410,2.454374,0.324746,1.801022
-0.038836,-0.275043,0.000134,2.174813,0.063195,3.059258
-0.005749,-0.166066,-0.018910,0.885428,-0.150800,4.838977
0.002076,-0.069680,-0.018769,0.369380,-0.041610,5.768835
0.038396,0.012670,-0.041523,-0.100991,1.578241,6.291051
0.041747,0.105208,-0.025715,-0.216030,0.196288,7.476555
0.044784,0.167912,-0.002958,-1.061412,-1.113674,9.841493
0.077359,0.262654,-0.035881,-2.237986,0.537504,11.400349
0.104662,0.358960,-0.050681,-1.976921,1.752702,11.287649
0.102607,0.412530,-0.036494,-1.743851,2.108827,10.981836
0.116357,0.482124,-0.026775,-2.060698,-0.367576,11.040165
0.118803,0.541280,-0.008761,-2.402111,-2.306463,11.304227
0.142200,0.575270,-0.049913,-2.373620,0.467089,11.118174
0.159833,0.637751,-0.052851,-2.138617,1.722270,10.840548
0.077880,0.656254,0.074830,-2.589233,-16.435243,9.686400
0.168623,0.683712,-0.017128,-0.901564,-0.956941,10.802551
0.185607,0.719989,-0.035894,-0.510331,0.226650,10.632654
0.175865,0.718680,-0.021402,-1.107406,-0.302498,9.939462
0.198047,0.730848,-0.027891,0.008022,1.445784,9.153650
0.197286,0.727417,-0.013954,1.042860,0.280276,8.147359
0.179840,0.702198,0.026259,1.024997,-1.652897,7.125142
0.206408,0.700593,-0.014814,0.502935,0.545506,7.379660
0.198464,0.666797,-0.023854,0.729436,1.076369,6.393655
0.191486,0.621109,0.007480,0.870184,0.725368,5.205429
0.219416,0.595729,0.022960,1.198592,-0.775865,4.643893
0.218008,0.570560,-0.002751,0.937218,0.717651,3.775609
0.198543,0.503975,0.003604,0.131104,0.000602,3.297673
0.196186,0.463375,-0.028656,-0.706223,1.018768,2.743073
0.218366,0.408279,0.009978,-0.496485,0.993874,1.661675
0.238139,0.373643,0.018621,-0.905411,0.922130,1.254407
0.200736,0.335442,0.021168,-1.822255,-1.465361,1.011254
0.177693,0.277766,-0.004021,-2.721827,0.892460,1.249007
0.209385,0.226245,-0.007448,-2.672302,0.987382,-0.097336
0.218963,0.172107,0.036317,-2.841222,0.235100,-0.367546
0.225886,0.147548,0.036576,-3.431887,-1.128842,-0.797167
0.185449,0.101781,0.003637,-3.741694,0.353651,-2.023999
0.185929,0.050529,-0.011078,-3.728341,2.160489,-2.925941
0.193583,0.010730,0.007136,-3.052779,0.810527,-4.049834
0.198605,-0.034880,0.040219,-2.342574,1.083393,-4.424803
0.196573,-0.045371,0.019100,-2.311250,0.388872,-3.653269
0.155825,-0.074922,0.009151,-2.473464,0.736042,-4.249248
0.139436,-0.107698,0.014321,-1.787894,0.851194,-5.967865
0.140808,-0.130642,0.047244,-0.383454,0.574448,-6.538073
0.148056,-0.165679,0.040413,0.677456,0.873918,-6.968794
0.131420,-0.169755,-0.003069,0.817400,0.502277,-7.829670
0.084009,-0.189877,0.020285,1.256810,1.028911,-8.968198
0.081133,-0.191633,0.023371,1.664794,0.744564,-10.088262
0.083608,-0.190540,0.045416,3.006999,0.769999,-10.278187
0.101754,-0.186033,0.027746,2.561694,0.515069,-10.020925
0.043507,-0.184132,0.065412,1.748063,-5.338444,-9.773515
0.035885,-0.178247,0.012201,1.978644,0.704111,-9.036707
0.025220,-0.149762,0.005537,2.386763,0.855871,-10.266683
0.005115,-0.149998,0.041398,1.842554,-0.196341,-10.240293
0.008848,-0.123302,0.067132,0.907332,-1.145540,-9.778063
-0.007089,-0.068508,0.000853,0.008846,0.195943,-9.337249
-0.026383,-0.032096,-0.002245,-0.775571,1.149800,-8.758241
-0.032160,-0.001727,-0.012270,-0.845306,1.677537,-8.626747
-0.065556,0.018158,0.037666,-1.409305,-0.560012,-7.752854
-0.072954,0.077307,0.039986,-2.327304,-3.321097,-6.376064
-0.072193,0.130424,0.022777,-3.515868,-0.731050,-4.718762
-0.072383,0.166232,-0.011105,-3.833234,0.371015,-3.275933
-0.108303,0.217402,-0.013655,-4.321221,-0.173068,-3.110526
-0.128936,0.258718,0.002317,-3.718516,0.194266,-2.426929
-0.121032,0.316295,0.017702,-4.520029,-0.749576,-0.258534
-0.131923,0.357132,0.007313,-4.685152,-1.167995,0.802087
-0.142854,0.412950,-0.031216,-4.555391,-0.533785,2.202188
-0.157726,0.465302,-0.035083,-2.973754,-0.312332,4.081961
-0.181974,0.490869,-0.007428,-2.693388,-1.622826,5.813132
-0.174582,0.543801,-0.007048,-2.377234,-1.474010,7.334138
-0.186911,0.593770,-0.021142,-2.470402,-1.475858,8.045912
-0.210971,0.623413,-0.025449,-1.172382,-1.511965,9.012491
-0.204468,0.658345,-0.021668,-0.777908,-1.192243,10.158259
-0.221150,0.688360,0.004070,0.542262,-1.092778,10.082210
-0.246027,0.697465,-0.015608,1.252870,-1.767191,11.552352
-0.224813,0.722990,-0.004356,0.925096,-1.512231,13.121693
-0.231529,0.710418,-0.028006,1.133235,-1.068583,13.150447
-0.250035,0.705415,-0.016586,2.050421,-1.063853,12.267927
-0.240680,0.694396,-0.004464,2.650588,-1.249935,12.497402
-0.247370,0.684953,-0.003273,2.739857,-0.748674,12.489242
