-0.251062,0.860854,-0.018486,-5.215368,-3.037078,-1.324889
-0.244323,0.783786,-0.048124,-5.476837,0.070975,-2.870178
-0.248065,0.704702,-0.054501,-4.908959,-0.211519,-2.622202
-0.266939,0.642844,-0.042895,-4.918432,-1.781295,-4.100852
-0.286762,0.561978,-0.013848,-4.995648,-3.283766,-4.557753
-0.272684,0.519845,-0.025222,-5.512583,-1.736024,-5.545701
-0.289818,0.469673,-0.037511,-4.565829,-1.229288,-8.053143
-0.316271,0.407549,-0.015043,-4.440316,-2.088939,-10.048590
-0.306283,0.379776,0.007251,-4.276003,-2.544387,-11.729918
-0.304658,0.361680,-0.024086,-4.232577,-1.175387,-12.578651
-0.291653,0.312654,-0.018230,-3.690876,0.030860,-13.340016
-0.286007,0.299918,-0.017045,-3.043825,-0.643993,-13.722922
-0.286608,0.280502,0.016064,-3.398020,-1.215902,-13.758953
-0.258034,0.287707,-0.014846,-3.343515,0.022595,-13.182563
-0.248321,0.290031,-0.011153,-2.509658,1.114120,-13.804017
-0.245475,0.293744,0.021576,-2.342680,-0.325813,-12.864025
-0.210711,0.315726,0.000939,-2.512103,-0.137998,-11.402702
-0.194955,0.344034,-0.024802,-2.759658,0.226845,-9.725159
-0.197555,0.343088,-0.002737,-2.777314,-1.152692,-8.690725
-0.157861,0.368803,0.021277,-1.866782,-0.837066,-7.422745
-0.120444,0.423026,-0.013953,-2.338574,-1.119385,-5.737084
-0.093607,0.438594,-0.025311,-2.567888,1.340152,-5.112016
-0.069707,0.488172,-0.028905,-3.355171,-1.094852,-4.154613
-0.038472,0.527913,-0.005974,-2.286987,-0.825656,-2.528332
-0.017474,0.566222,-0.006804,-3.087406,-1.390469,-0.281421
0.010890,0.597894,-0.039996,-3.433204,-0.192631,1.803154
0.025700,0.636414,-0.042258,-2.320740,0.448120,3.851350
0.000205,0.663757,0.022262,-2.926915,-4.973194,5.188261
0.034421,0.696322,-0.005619,-2.772075,-1.030900,6.864694
0.031615,0.736820,-0.044710,-3.531510,-0.143881,7.424067
0.044341,0.764833,-0.006348,-1.960808,0.848030,7.995096
0.008989,0.751736,0.000995,-1.807150,-1.261452,9.042854
0.034976,0.781672,-0.006158,-1.597629,-0.547033,10.530570
0.035531,0.790130,-0.055562,-2.826531,0.824662,11.231715
0.027935,0.752540,-0.023620,-0.660263,0.230225,11.574343
0.032967,0.751348,-0.018398,-0.065814,-0.111378,11.989027
0.027479,0.749221,0.012877,-0.021235,-0.204481,11.660822
0.030814,0.733453,-0.029118,-1.079109,0.224665,10.574677
0.039178,0.717359,-0.015824,0.145887,0.138829,9.393445
0.030217,0.667443,0.025314,0.219499,-1.319020,9.019103
0.052695,0.650367,-0.017078,-0.085731,0.332135,10.028063
0.059690,0.617405,-0.033166,-0.275072,0.434383,9.489993
0.061505,0.539020,0.020886,0.894854,0.195087,9.338543
0.083208,0.500705,0.021224,0.671527,-0.332647,9.030785
0.105686,0.450706,-0.031314,-0.715598,0.300667,8.179899
0.124347,0.361335,-0.014383,0.490389,2.269207,6.265231
0.141373,0.295667,0.003020,0.413567,0.382308,3.750677
0.161432,0.219485,0.013409,0.443913,0.673109,1.863410
0.189618,0.159584,-0.011580,-0.308208,0.572554,1.891030
0.199597,0.094424,-0.000190,-0.224407,0.491961,0.653844
0.190485,0.010216,-0.006131,-0.887214,0.247977,-0.914774
0.211358,-0.058712,0.010074,-0.123735,0.840543,-1.875037
0.233183,-0.082076,-0.026522,-0.629103,0.226454,-2.561175
0.217483,-0.146829,-0.027549,-2.130178,0.381933,-4.115373
0.232018,-0.204144,-0.019399,-1.914289,1.202714,-5.039234
0.224015,-0.246090,-0.027592,-1.077158,1.144372,-6.529895
0.216118,-0.295576,0.007993,-1.590450,0.082598,-6.707202
0.236088,-0.315838,-0.014984,-2.641962,0.210308,-6.581244
0.220270,-0.361333,-0.003456,-1.594110,1.221283,-7.022473
0.199423,-0.395057,0.007336,-1.198198,1.527449,-7.622391
0.211630,-0.396337,-0.012824,-0.983556,1.592408,-6.615778
0.200076,-0.394538,-0.016307,-1.334380,1.013268,-6.207253
0.175941,-0.413104,-0.009903,-1.597920,1.836740,-6.014370
0.177503,-0.408567,0.010790,-0.359164,1.640837,-6.139806
0.169661,-0.390022,-0.000052,-0.242218,1.616954,-4.854646
0.152599,-0.376695,0.017486,-0.381931,-0.444850,-4.585689
0.165683,-0.360713,-0.018546,-0.272410,1.651407,-4.372581
0.171037,-0.316662,-0.004874,1.017831,1.941814,-4.163598
0.141268,-0.299154,0.027520,1.131184,0.079329,-3.175962
0.153302,-0.256065,-0.012516,1.200555,1.098562,-2.005264
0.142112,-0.211043,-0.032919,1.258122,1.584258,-1.731076
0.111037,-0.202611,0.010790,2.047023,0.105900,-1.579408
0.120612,-0.140819,0.006650,1.683326,0.043508,-0.476259
0.097861,-0.101584,-0.016376,1.581075,0.063038,-0.330605
0.076535,-0.071500,-0.013963,2.340608,-0.008710,-1.188550
0.074034,-0.006531,-0.016809,2.081971,-0.292729,-0.570714
0.056020,0.044784,0.011092,1.164297,-0.517717,-0.316447
0.048920,0.091749,-0.027375,0.281551,0.017245,0.039772
0.032833,0.155353,-0.053123,0.014157,1.762533,0.648476
-0.012728,0.182472,0.002570,-0.007458,-0.197115,-0.245819
-0.000907,0.236964,0.006237,-0.464344,-0.903102,0.575500
-0.003602,0.296218,-0.034245,-0.487823,0.708408,0.633175
-0.037789,0.337466,-0.037324,-1.948466,1.757741,-0.220494
-0.050046,0.372968,-0.039596,-1.661088,0.619175,-0.608380
-0.057845,0.411458,-0.015549,-1.763376,-0.200119,-0.361209
-0.070649,0.438936,-0.023308,-2.156746,-0.354771,0.090647
-0.073797,0.479651,-0.080705,-2.810188,0.474938,1.352193
-0.092287,0.508707,-0.028994,-2.062399,-0.908964,1.690048
-0.113420,0.507470,-0.018999,-1.847649,-2.584255,2.689839
-0.089372,0.553910,-0.048583,-1.598771,-0.976166,3.977753
-0.105968,0.561042,-0.035493,-2.463746,-1.010162,2.951219
-0.107839,0.555915,-0.036766,-1.629410,-0.648766,1.970846
-0.109793,0.581755,-0.035197,-1.268637,-2.324460,1.100701
-0.105778,0.614343,-0.021917,-1.524385,-0.350520,1.348105
-0.085220,0.611293,-0.039924,-1.890459,-0.281103,0.672743
-0.075619,0.613867,-0.030362,-1.417013,0.380594,0.790402
-0.072931,0.606826,0.003923,-0.819635,0.691395,0.812099
-0.041498,0.636460,-0.017390,-1.419868,0.339563,1.813020
-0.027206,0.638157,-0.029598,-1.609764,0.897105,1.545344
-0.034470,0.627177,-0.011501,-1.282682,0.298155,1.194993
-0.016151,0.634116,-0.007654,-0.933047,0.187314,1.676645
-0.013289,0.633148,-0.021303,-1.711894,-0.834703,2.437734
-0.024882,0.612442,-0.030421,-2.073599,-1.171412,1.506667
-0.042805,0.596473,-0.028452,-1.777595,-1.612338,0.035035
-0.068838,0.580954,0.002623,-1.412647,-2.285655,-1.026982
-0.093807,0.586547,-0.029959,-2.813956,-2.879665,-1.520471
-0.144754,0.600734,-0.038211,-3.428662,-3.150958,-2.974244
-0.178563,0.610565,-0.015821,-2.937812,-2.738599,-2.769834
-0.204186,0.635846,-0.039501,-3.105942,-2.461016,-0.587702
-0.231246,0.664498,-0.037321,-5.101054,-2.987165,1.482722
-0.266076,0.662142,-0.024989,-5.459385,-1.543545,3.168421
-0.280286,0.669514,-0.037141,-5.241595,0.085017,4.621845
-0.284773,0.695626,-0.038220,-4.821646,0.249700,4.772335
-0.300614,0.703687,-0.033267,-5.808803,1.204643,4.193821
-0.300046,0.695603,-0.028170,-5.264299,1.836900,2.600873
-0.298257,0.693065,-0.013596,-4.292780,0.357072,1.558062
-0.287418,0.699256,0.000407,-3.975444,0.730390,1.658177
-0.278208,0.677129,-0.006525,-3.315601,0.205975,2.118854
-0.247990,0.672005,-0.001369,-2.291838,-0.167540,2.228528
-0.220890,0.655511,0.017965,-0.733570,-2.204201,3.752899
-0.207058,0.631582,0.011092,-0.766342,-2.257820,4.070026
-0.158054,0.603964,-0.000079,0.531324,-1.863176,3.107888
-0.134529,0.598738,-0.003551,0.782933,-3.135429,1.297814
-0.113633,0.558416,0.042629,1.905090,-3.828969,0.791223
-0.079420,0.524683,0.001596,2.519494,-2.513555,1.569067
-0.053046,0.492134,-0.047986,2.139453,-1.977460,2.002100
-0.058209,0.429358,-0.000036,2.450884,-2.403629,1.959865
-0.022319,0.365501,0.013764,3.407800,-0.801908,2.222774
-0.003409,0.337600,-0.011062,2.597475,-0.384756,2.566209
-0.013230,0.267865,0.020145,1.583106,-0.084826,0.370081
0.008172,0.221540,0.008426,1.465106,1.364600,-1.120999
0.019943,0.174154,0.035122,1.013958,1.759116,-2.770805
0.016322,0.134608,0.018644,-0.148833,2.296304,-2.974923
0.033250,0.106461,-0.014393,-1.685417,3.388768,-2.552259
0.012491,0.055668,0.023201,-1.668427,1.804670,-1.849370
0.006977,-0.009790,0.034525,-2.318659,0.739542,-0.774309
0.006074,-0.034146,0.016554,-2.060964,0.323834,-0.071262
-0.015235,-0.089819,0.032083,-3.790458,-1.503515,-0.746896
-0.013190,-0.155416,0.006883,-3.862560,-0.948498,-2.159457
-0.005503,-0.197037,-0.023965,-2.811635,-0.478896,-3.160807
-0.020911,-0.247094,0.036412,-2.210332,-1.885309,-3.136235
-0.009347,-0.300480,0.008357,-2.769882,-2.504698,-2.313589
-0.030380,-0.338021,-0.003824,-1.823962,-1.179877,-2.138106
-0.046802,-0.379324,0.038073,-0.949675,-0.965484,-2.972302
-0.035928,-0.404950,0.033987,0.160022,-0.457543,-2.888137
-0.012330,-0.407494,0.012178,0.097528,1.056649,-4.467466
-0.023198,-0.436005,0.028919,0.707825,1.324551,-5.970019
0.000885,-0.459366,0.023450,2.922565,2.417475,-6.152669
0.008146,-0.453799,0.008098,2.873312,1.273703,-5.959261
0.025838,-0.463259,0.027208,2.720393,2.960246,-4.655109
0.065388,-0.474475,0.007629,3.758723,4.551247,-3.574683
0.084699,-0.487779,0.030350,5.104999,3.147332,-4.070695
0.112708,-0.486174,0.046962,4.515026,0.885341,-3.401402
0.155550,-0.492785,0.021064,3.986071,2.058245,-3.813849
0.182860,-0.502783,0.019216,4.980387,1.419017,-4.899522
0.243464,-0.491524,0.037929,4.823175,0.378920,-3.311257
0.287363,-0.465596,0.031961,3.649188,-0.386295,-2.005324
0.308092,-0.464914,0.009408,3.360340,0.340214,-0.533839
0.337857,-0.456691,0.020712,2.656149,-0.560553,0.038428
0.361799,-0.418520,0.013842,2.087348,-0.513230,1.817501
0.374239,-0.401943,0.006637,0.862635,-0.828554,2.350825
0.382754,-0.370084,-0.005974,0.132850,-0.049999,2.729526
0.365058,-0.363191,0.019396,0.116632,0.852156,2.608013
0.356944,-0.373882,0.014594,0.141424,1.148741,3.820989
0.333806,-0.354351,0.007954,-0.771626,0.345075,4.716477
0.316212,-0.357394,-0.004697,-1.014831,1.584199,4.330800
0.268896,-0.387412,0.030143,0.078759,2.706606,3.461560
0.262627,-0.380076,0.007153,0.193355,2.607144,4.259183
0.246746,-0.382127,-0.019744,-0.056606,2.556047,4.402635
0.191119,-0.409148,0.008860,0.461038,1.759931,3.386227
0.190137,-0.400722,0.015982,1.459385,2.269280,3.622969
0.163057,-0.376655,0.026371,2.414804,1.971257,3.863443
0.126707,-0.375520,0.003982,1.862317,1.573892,4.263506
0.112448,-0.378290,0.004317,2.313978,0.955300,4.441785
0.095111,-0.366191,-0.002465,2.882309,0.524680,4.480357
0.082631,-0.373600,0.014676,3.774265,0.231007,4.054578
0.079338,-0.339718,0.010993,2.813184,-0.903916,4.029106
0.078354,-0.348489,-0.017699,3.275098,0.629426,2.513332
0.063753,-0.356544,0.015625,3.998512,-0.084084,1.479547
0.088716,-0.351410,0.014246,3.705633,-0.059653,2.134260
0.093689,-0.344816,-0.002209,2.551321,-0.343686,2.250973
0.081374,-0.356012,-0.002895,2.401665,1.114518,1.854257
0.097979,-0.338169,0.006903,2.745369,1.788311,2.034654
0.110719,-0.333268,0.009772,2.437315,1.263889,2.475669
0.133518,-0.324750,0.003759,1.371439,1.543818,2.629980
0.129297,-0.315300,-0.035384,0.758342,1.769076,1.394185
0.126484,-0.321760,0.013416,1.219626,1.497631,0.616358
0.138370,-0.319705,0.001280,0.689614,0.262062,1.092404
0.156968,-0.308410,-0.028107,0.326307,1.236145,1.146171
0.155773,-0.327741,-0.020466,-0.004353,1.312239,1.141431
0.149425,-0.368236,-0.014584,1.065220,0.303825,0.118764
0.129254,-0.379429,0.005636,0.834783,-2.643680,-0.837509
0.123776,-0.397423,-0.011826,1.059085,-1.235061,-2.468323
0.105709,-0.426765,-0.022393,1.271222,-0.711348,-4.305301
0.087853,-0.427553,-0.019097,1.955722,-1.108096,-4.953353
0.052314,-0.450313,0.014358,2.132738,-2.479479,-4.293747
0.008891,-0.466397,-0.017426,1.721783,-0.791361,-3.211232
-0.017549,-0.468771,-0.028455,2.144893,-0.318887,-3.732767
-0.058347,-0.462790,0.015024,2.348381,-0.711690,-3.811047
-0.069655,-0.457794,0.005380,2.128789,-0.215368,-3.704233
-0.093351,-0.423883,-0.030195,1.407148,1.385703,-3.929058
-0.138868,-0.428790,0.003332,1.447516,1.367417,-4.839939
-0.147101,-0.412641,0.013235,1.529081,1.209328,-4.189150
-0.151003,-0.382334,0.019908,0.984219,1.553032,-3.324878
-0.185709,-0.378027,0.015178,0.147634,1.436610,-3.037763
-0.194450,-0.363713,0.003657,0.544143,0.918487,-3.296607
-0.184668,-0.338395,0.013796,1.007505,0.235550,-3.376823
-0.201448,-0.322633,0.006293,0.135587,0.020314,-4.468130
-0.182604,-0.280043,-0.021536,-0.426428,0.484060,-4.802010
-0.181310,-0.259801,-0.009818,0.183967,-0.647964,-5.670868
-0.160414,-0.226832,0.009112,-0.016426,-1.456728,-3.484780
-0.139174,-0.170272,-0.025705,-0.352163,-1.579271,-1.814298
-0.135277,-0.125756,-0.013054,-1.287809,-0.927339,-1.309564
-0.098718,-0.075492,0.013747,-0.905444,-1.225122,-0.338448
-0.070249,-0.036903,0.021257,-0.617381,-1.261646,0.418539
-0.041721,-0.003974,-0.005944,-0.819806,-0.209999,0.922748
-0.029022,0.032028,-0.009427,-1.019736,0.209861,-0.104587
-0.012773,0.048434,-0.012384,0.225444,2.212254,-0.764482
-0.000770,0.078189,0.012608,0.462413,0.395116,-0.479382
0.010617,0.084114,0.025941,0.768523,-0.015022,-0.351889
0.004843,0.089018,0.009168,0.604211,0.868322,0.420075
0.010003,0.108607,0.011262,2.033683,0.525734,0.623487
0.004863,0.115973,0.049985,1.908924,-1.559750,0.985606
0.023412,0.127511,0.011689,2.015318,0.122634,0.901119
0.013079,0.153849,-0.006066,1.978282,-0.276947,0.300738
0.013010,0.144675,0.037410,2.381727,-0.655265,1.139641
-0.001859,0.152530,0.046949,2.341740,-1.421149,2.436014
0.012574,0.146254,0.010901,1.861172,-1.316433,4.150360
-0.013075,0.130504,-0.019520,1.852164,-1.055036,4.442034
-0.036565,0.101179,0.012017,1.756015,-0.309978,4.308684
-0.043674,0.059042,0.028718,2.172849,-0.670104,4.643812
-0.044761,0.050758,0.032460,1.474651,-1.332691,5.122136
-0.062913,0.009776,0.016173,0.705918,-0.134020,4.747488
-0.101261,-0.053696,0.028797,1.659958,0.685920,3.926596
-0.108342,-0.096069,0.036366,1.456168,0.040094,3.839093
-0.105351,-0.119496,0.018116,1.190205,0.132731,4.088349
-0.126159,-0.163471,0.015605,0.243297,0.989926,3.043962
-0.146283,-0.225187,0.022488,0.919286,0.440253,2.568911
-0.146582,-0.262121,0.048531,0.630724,-1.880727,2.209019
-0.144035,-0.294995,0.053734,0.041667,0.569725,2.305240
-0.137627,-0.357890,0.008633,0.071058,0.907311,2.425418
-0.136226,-0.408932,0.031462,0.446888,-0.198648,2.208495
-0.129838,-0.465465,0.059928,1.285974,-0.727947,1.991244
-0.119650,-0.520042,0.047435,1.063372,-0.270576,2.129859
-0.089963,-0.564683,0.039104,1.137910,0.192370,1.036850
-0.072606,-0.639228,0.036849,2.374572,0.164879,0.036951
-0.056351,-0.707900,0.049440,3.217728,0.174037,-0.128995
-0.019955,-0.744020,0.056593,2.366933,-0.437747,0.061299
-0.018534,-0.808369,0.064533,2.879913,-3.550115,-1.104051
0.018269,-0.882509,0.056409,4.440817,0.291851,-1.683239
0.057510,-0.928214,0.068830,5.256316,0.764321,-2.339979
0.078357,-0.969379,0.050044,4.819660,0.370675,-2.364389
0.103182,-1.037539,0.042235,4.951794,1.413900,-3.552054
0.121846,-1.088627,0.055487,5.726519,1.317439,-5.333042
0.136903,-1.126263,0.085334,5.946383,0.945804,-5.298133
0.166934,-1.183683,0.057935,5.610593,0.744282,-4.715820
0.170886,-1.220607,0.032680,5.587127,2.552170,-5.418255
0.146281,-1.295207,0.081247,6.136052,-0.010180,-5.893125
0.149901,-1.308409,0.069371,5.466018,-0.046080,-5.444747
0.144977,-1.348353,0.050652,5.141707,0.495477,-5.595549
0.123842,-1.357646,0.033284,4.929294,1.084589,-6.098596
0.101561,-1.383915,0.065836,4.702303,-0.422158,-5.522545
0.085355,-1.399044,0.074324,3.683782,-1.232773,-4.970232
0.073322,-1.392823,0.048213,2.930853,0.001923,-3.631154
0.048710,-1.403925,0.037236,3.026376,0.665553,-3.524344
0.013207,-1.404581,0.043319,3.192930,0.602842,-3.421943
-0.017457,-1.409163,0.055418,2.750424,0.454640,-3.721282
-0.038977,-1.387322,0.010731,2.378721,0.976535,-3.259024
-0.053833,-1.361758,0.010113,2.535733,2.059122,-2.885049
-0.079275,-1.368743,0.039944,3.278651,1.010629,-2.328771
-0.086891,-1.372023,0.028951,3.968002,1.307198,-1.181474
-0.083831,-1.336448,0.010232,3.500068,1.022420,0.337403
-0.099715,-1.333710,0.031479,3.652412,1.074742,-0.017134
-0.068604,-1.310582,0.003713,4.777569,2.602060,1.124663
-0.038252,-1.270960,0.020151,6.260995,1.784037,1.902254
-0.030308,-1.253024,0.019189,5.672887,0.688484,3.053825
0.000695,-1.222819,-0.010766,6.240709,2.031238,3.227493
0.024082,-1.198920,0.053376,7.336555,1.586221,4.091658
0.054471,-1.185101,0.021382,7.815436,0.482317,5.151138
0.073955,-1.166873,0.017545,7.098801,0.064453,4.849800
0.091526,-1.153731,0.021353,7.584175,0.177980,4.018864
0.124899,-1.128850,0.026683,8.688345,0.682871,2.778510
0.139066,-1.112776,0.030186,8.176143,-0.313359,1.577022
0.176522,-1.098595,0.022508,7.594981,0.049147,0.953031
0.190846,-1.065134,-0.003679,7.150552,1.064189,0.941378
0.190787,-1.066917,0.007770,7.735394,0.936988,1.044112
0.234555,-1.006989,0.010258,5.937753,-0.468303,2.337348
0.240903,-0.989694,-0.003945,4.637370,1.415702,1.511371
0.241596,-0.999827,-0.001296,4.555525,2.574307,0.192470
0.244629,-0.933633,-0.001428,3.808922,1.911708,1.625655
0.231778,-0.903051,0.012388,2.432829,1.870178,2.439739
0.231417,-0.891992,-0.018106,1.416691,2.156338,2.139556
0.216101,-0.886589,-0.006939,1.772310,1.231810,1.886706
0.188457,-0.898347,0.017420,1.538696,0.878314,2.867883
0.174861,-0.877198,-0.010806,1.619437,0.018519,2.685687
0.153830,-0.872471,-0.020991,0.721004,0.642097,1.847181
0.144111,-0.892911,-0.013596,1.839177,0.525623,0.442021
0.115787,-0.893866,-0.011708,2.794691,-0.139331,-0.556087
0.076365,-0.919798,0.020466,3.192818,-1.014081,-0.385696
0.058521,-0.899348,0.000266,3.064609,-0.350802,0.536672
0.032879,-0.904961,0.004382,4.062789,-0.158766,0.222818
0.000747,-0.923090,0.012789,5.121270,0.048701,-0.129319
-0.023172,-0.921685,0.022170,5.448092,-0.284171,-0.743405
-0.065210,-0.937608,-0.004385,5.544389,0.269694,-1.534152
-0.081741,-0.923155,-0.016839,5.864991,1.883275,-2.818355
-0.099269,-0.908145,0.031085,6.394498,0.738882,-3.247183
-0.080982,-0.892090,0.024149,6.659273,1.932607,-2.213090
-0.112428,-0.888637,0.003256,5.559886,1.417471,-1.878173
-0.123716,-0.893072,0.022436,5.437772,1.793605,-2.134171
-0.111424,-0.872291,0.016176,5.234875,1.153642,-1.045221
-0.093265,-0.841081,0.018507,4.947120,0.533343,-2.061881
-0.096498,-0.807627,0.011410,3.315098,1.351028,-2.064951
-0.090587,-0.798971,0.001756,2.668612,0.401087,-2.927474
-0.073311,-0.775669,0.026706,2.869166,0.064213,-2.655074
-0.054083,-0.760356,-0.007914,2.071140,-0.318319,-1.328532
-0.035941,-0.718952,-0.020732,1.066458,-1.033224,-0.306180
-0.050784,-0.720688,0.009979,0.579840,-0.774571,-0.359169
-0.027646,-0.693519,0.009792,1.501604,-0.640057,0.419662
-0.019890,-0.690726,0.033855,0.943767,-2.321505,0.013454
-0.033433,-0.704827,0.004481,0.835440,-0.916340,-0.873763
-0.006419,-0.677032,-0.014662,1.038130,0.218839,-1.131415
-0.031687,-0.691848,0.013852,1.726756,-0.395266,-2.334803
-0.036886,-0.705369,0.024976,2.937044,-0.279504,-1.658138
-0.034185,-0.684118,0.022163,3.046451,-0.293845,-1.005901
-0.061285,-0.714835,0.016833,3.383133,0.405518,-2.101678
-0.065191,-0.718912,0.028534,4.261747,0.369798,-1.416764
-0.088857,-0.706390,0.030005,5.301636,1.091032,-2.117897
-0.106356,-0.718617,0.008357,5.006040,0.548629,-2.516228
-0.129444,-0.721056,0.016078,5.360796,0.512237,-3.789792
-0.162672,-0.764325,0.050277,6.574008,0.310242,-4.624490
-0.170885,-0.730184,0.021277,6.279563,0.108605,-3.617035
-0.202111,-0.723796,0.026447,5.371493,-0.302822,-3.123566
-0.205338,-0.730696,0.024238,5.092135,-0.629317,-2.949495
-0.209204,-0.726747,0.054961,5.058480,-1.111100,-2.160299
-0.212339,-0.739122,0.053054,4.665191,-1.114313,-0.887739
-0.226325,-0.725818,0.017082,3.684527,-1.181630,-0.356891
-0.252322,-0.734753,0.050481,2.596133,-0.751105,-0.468120
-0.229729,-0.732199,0.063483,2.769006,0.650040,-0.783014
-0.224126,-0.716099,0.058569,2.033280,-0.376011,0.240241
-0.216478,-0.726603,0.054830,1.245045,-0.348888,1.140145
-0.228804,-0.725031,0.029838,0.671620,0.115160,1.940479
-0.239403,-0.752006,0.062252,1.650551,-0.255417,2.601066
-0.221763,-0.743668,0.056793,0.634669,-1.169586,3.944894
-0.219872,-0.755452,0.060200,0.392061,-1.048730,3.150173
-0.220630,-0.780727,0.044353,1.418151,-0.260357,1.876702
-0.222268,-0.801275,0.062097,2.462380,-0.599775,2.559751
-0.197634,-0.818393,0.081008,2.732029,-0.577408,2.426610
-0.160555,-0.835019,0.055621,3.198234,0.007155,3.687573
-0.137969,-0.868588,0.051127,3.994744,0.007332,2.746859
-0.123283,-0.928220,0.090556,5.135237,0.289221,2.500178
-0.077720,-0.948522,0.082097,5.702780,0.224406,3.174779
-0.038511,-0.973771,0.089975,6.255034,0.465236,2.338996
-0.022827,-1.008135,0.084832,6.701508,1.027767,0.594340
0.007427,-1.035156,0.097390,7.725264,1.190451,0.088563
0.022050,-1.066437,0.114416,8.005138,0.286868,0.583267
0.039473,-1.109720,0.112000,8.199012,0.653526,2.158888
0.059664,-1.127149,0.074180,7.686400,0.654432,2.806133
0.050043,-1.172670,0.123535,7.567192,0.129189,2.215386
0.065854,-1.204877,0.119753,7.688363,-0.057000,2.084867
0.066770,-1.254111,0.140022,7.046932,-2.907030,1.713670
0.084663,-1.306748,0.076924,6.442238,0.627313,0.868275
0.114658,-1.326741,0.096845,6.842006,1.830211,0.573358
0.108618,-1.384007,0.144457,6.269546,0.231743,1.372640
0.114054,-1.427752,0.153533,5.412495,-0.626933,1.290274
0.119181,-1.463146,0.085783,5.183269,3.786830,1.603727
0.120438,-1.519975,0.121181,4.930718,2.070194,1.220687
0.107036,-1.571657,0.135155,4.851297,-0.678464,0.308041
0.103524,-1.593768,0.133602,5.173547,1.810770,-0.012302
0.078288,-1.644255,0.096658,4.727703,1.905494,-0.287627
0.052501,-1.693114,0.099117,4.515923,1.022925,-1.586856
0.059552,-1.744058,0.130796,5.467939,0.731264,-2.770598
0.076808,-1.793432,0.131708,5.987962,1.121162,-3.035795
0.069921,-1.813252,0.104119,5.922701,0.487094,-3.577450
0.040786,-1.842350,0.116107,5.840860,1.003405,-5.479687
0.050880,-1.866164,0.115729,7.023256,1.530922,-6.716900
0.067161,-1.864093,0.103338,7.155788,1.019945,-4.995792
0.050499,-1.881595,0.113451,6.679936,0.581615,-3.256992
0.023606,-1.886890,0.091567,7.036675,1.078546,-1.987847
0.017008,-1.883768,0.101802,8.189008,1.303482,-2.069472
0.037533,-1.885846,0.114475,7.734968,-2.273191,-1.532671
0.085119,-1.862682,0.072467,8.178218,1.471398,-2.278568
0.089373,-1.878654,0.088679,7.752335,1.662538,-3.381031
0.102365,-1.885193,0.079901,8.944976,2.447497,-3.845657
0.119283,-1.845193,0.078539,8.570972,0.966320,-3.174362
0.133463,-1.820965,0.073281,7.954349,1.597881,-2.285018
0.168184,-1.793413,0.037660,7.799769,3.136619,-0.344560
0.174142,-1.769963,0.060876,8.153091,1.447243,1.733312
0.202141,-1.768843,0.074679,8.301090,1.491497,2.724551
0.201800,-1.760861,0.057308,7.704372,0.823806,2.276035
0.215465,-1.712609,0.002541,7.471247,2.484618,0.416044
0.197306,-1.686425,0.040033,7.688124,-0.038783,-1.017017
0.180050,-1.685433,0.049854,8.179180,0.667867,-0.080308
0.184665,-1.658058,0.030520,7.235515,0.253335,2.457004
0.186848,-1.657782,0.031630,7.187516,0.912629,3.354880
0.160090,-1.664731,0.011515,7.107861,0.872879,2.393308
0.138793,-1.641806,0.029637,8.318404,0.796040,1.220941
0.107334,-1.620215,0.037502,7.115900,0.491292,-0.415861
0.099020,-1.613184,0.016081,7.055805,2.181889,-1.388373
0.076342,-1.586596,0.006329,6.841064,2.302676,-2.167244
0.055935,-1.576394,0.039229,7.442666,2.038876,-1.361737
0.039365,-1.563743,0.034203,6.787163,1.164540,0.597977
0.014917,-1.533440,0.019616,6.167607,2.282085,1.710376
-0.003307,-1.536269,0.003857,6.004945,2.227337,1.679254
-0.023339,-1.508359,0.037604,6.515374,1.759646,0.060108
-0.039978,-1.476132,0.041195,6.177808,-0.639892,-1.034937
-0.054332,-1.453339,0.006542,5.459571,0.330268,-1.090427
-0.051394,-1.422677,-0.006804,5.270372,0.628383,-0.953133
-0.050666,-1.409206,0.007330,5.630242,0.347117,0.384015
-0.031916,-1.378778,0.024297,5.421603,0.067046,1.939504
-0.056417,-1.347962,0.007304,4.554826,-0.279655,2.547473
-0.067935,-1.310887,-0.008596,4.487861,1.804759,1.985197
-0.033863,-1.281204,0.013813,5.138910,0.053480,1.273046
-0.007961,-1.247625,0.042852,4.850502,-1.618216,1.997038
-0.015974,-1.238621,0.020351,4.765533,0.594915,1.831517
-0.047071,-1.215611,0.006348,4.820467,0.601962,0.803978
-0.051552,-1.190389,0.038871,5.535113,0.692840,0.392052
-0.023838,-1.173176,0.044523,5.677312,-0.720788,0.813334
0.024830,-1.138510,0.027976,5.282451,0.943470,1.877379
-0.003156,-1.149043,0.027392,5.694016,0.767604,1.305342
-0.036778,-1.156642,0.012667,6.219518,1.731384,0.434178
-0.039440,-1.110340,0.018858,6.904376,0.963027,-0.311937
-0.001304,-1.092007,0.048252,5.787260,0.477903,-0.165257
0.029859,-1.098986,0.033048,5.857170,0.678985,1.401439
0.017813,-1.104139,0.041136,6.708893,0.811228,1.827565
-0.031267,-1.106480,0.070806,6.477836,-0.606274,2.846853
-0.035957,-1.101464,0.045872,5.913808,-0.250697,1.400108
-0.001823,-1.089014,0.034902,6.077047,1.207254,-0.784404
0.029826,-1.108328,0.073057,6.474248,-0.095425,0.043471
0.018528,-1.116202,0.055628,5.699803,-0.999241,1.699202
-0.050669,-1.146046,0.060023,5.338814,-0.146706,2.406054
-0.073154,-1.144024,0.071672,5.720748,0.280871,1.725722
-0.054808,-1.150215,0.084175,5.641297,-0.049474,0.617814
-0.016745,-1.168357,0.085436,4.942637,0.337723,0.952525
-0.028739,-1.176691,0.069634,4.866737,2.224806,1.658305
-0.115402,-1.225153,0.090576,5.509376,0.630513,1.607965
-0.154138,-1.247835,0.094019,5.211268,0.212619,0.435483
-0.104537,-1.222061,0.071091,4.533448,0.572676,-0.872036
-0.067948,-1.254800,0.101697,4.921806,0.924104,-2.143748
-0.094644,-1.320866,0.110999,5.483113,0.612066,-1.031713
-0.155789,-1.313546,0.096369,5.184063,0.611885,0.545902
-0.162403,-1.316270,0.103410,4.323227,-0.197564,-0.970290
-0.083743,-1.324572,0.106837,5.182297,0.948571,-3.249398
-0.070452,-1.345898,0.128846,6.153820,-0.011296,-3.634575
-0.158001,-1.411136,0.111196,5.751344,-0.742534,-1.686360
-0.185403,-1.426189,0.085797,5.494073,-0.209131,-1.677018
-0.118228,-1.418617,0.113888,6.447582,1.208426,-3.053019
-0.075346,-1.424893,0.123407,6.778462,-0.505220,-4.474173
-0.100825,-1.436224,0.122031,6.645792,-0.365103,-4.786593
-0.160293,-1.496949,0.081943,6.409896,0.391748,-3.951850
-0.130143,-1.523612,0.109857,7.066653,-0.048338,-2.917483
0.006271,-1.478843,0.128363,6.853836,0.254145,-2.746118
-0.005910,-1.472488,0.104854,6.587588,0.933193,-5.013611
-0.097877,-1.500215,0.113212,6.733873,0.986736,-5.756422
-0.102686,-1.534546,0.092696,6.636243,0.811930,-5.482066
-0.002338,-1.506980,0.106325,6.116325,0.504540,-5.342845
0.053079,-1.448228,0.078103,5.237478,1.638320,-6.016119
-0.032360,-1.428533,0.085183,4.990521,0.508416,-8.309946
-0.106602,-1.398935,0.077696,4.487556,-0.191817,-8.786751
-0.067544,-1.356881,0.070281,3.267215,-0.589619,-6.551820
0.022519,-1.325251,0.045104,1.782213,-0.282041,-5.068904
0.023238,-1.249821,0.044835,2.432346,0.309592,-4.336074
-0.080257,-1.176127,0.060338,1.916367,-0.892932,-2.805590
-0.117611,-1.094423,0.041067,0.321023,-0.949758,-1.700670
-0.052002,-1.022978,-0.009335,-0.577121,0.297966,-1.086344
0.014816,-0.991358,0.061549,0.661024,-0.092648,0.060919
0.010447,-0.930055,0.028032,0.502187,-0.161444,2.454351
-0.093827,-0.849087,0.015585,0.906836,0.888847,2.280809
-0.140667,-0.750801,0.002035,0.686499,0.536927,1.003167
-0.045667,-0.683042,0.018503,1.720159,0.658922,2.313354
0.006196,-0.626528,0.017791,2.146235,-0.469478,3.533381
-0.056948,-0.564267,-0.002570,2.313689,0.511620,4.954672
-0.124048,-0.486082,-0.022898,2.634478,0.163048,5.814535
-0.110682,-0.380562,-0.004687,3.422710,-1.310849,5.824647
-0.025801,-0.296324,-0.016225,3.339247,-0.239613,6.240670
0.006731,-0.226776,-0.047355,3.296444,-0.793626,6.915208
-0.057178,-0.189563,-0.029515,3.852492,-0.476966,7.889103
-0.079788,-0.136210,-0.052834,4.053082,-0.058127,8.816890
-0.040628,-0.033808,-0.051373,3.651564,-0.985337,9.494227
0.006662,0.032655,-0.026752,3.159533,-0.844317,8.887528
0.021610,0.072310,-0.059123,2.586242,0.104630,8.944826
-0.013906,0.107672,-0.029854,2.898593,-0.079600,9.585471
0.003212,0.148919,-0.046059,1.507830,-0.696272,9.175219
0.040369,0.206887,-0.058276,1.212604,0.613188,7.574468
0.040573,0.234925,0.049657,-0.264943,-12.094057,6.138382
0.112845,0.281520,-0.045603,-0.471992,0.924458,7.265988
0.074431,0.288183,-0.068501,-1.467145,0.418565,5.968279
0.088421,0.298329,-0.042845,-1.482724,1.613530,4.580903
0.166871,0.343387,-0.042507,-1.750479,1.290384,4.365212
0.197792,0.356986,-0.025347,-2.855262,-0.328006,4.472184
0.178888,0.349355,-0.048803,-3.463632,0.794792,3.899345
0.158386,0.357856,-0.052781,-3.510299,0.969283,3.757645
0.191115,0.336730,-0.044861,-2.556232,0.282423,3.693904
0.256127,0.365081,-0.030861,-3.506409,-0.191870,3.528831
0.253800,0.351386,-0.051445,-3.208045,1.373952,3.152835
0.219137,0.327562,-0.029890,-2.480877,0.230419,2.507097
0.194414,0.323518,0.004333,-2.705898,-2.528244,1.660204
0.259482,0.313822,-0.050218,-2.119123,1.821427,0.732457
0.285623,0.304848,-0.012194,-1.042040,1.046752,-1.242764
0.243335,0.275089,0.024057,-0.776622,0.174034,-2.546125
0.228171,0.266109,-0.015142,-1.014891,1.284354,-3.453900
0.229346,0.255995,-0.024267,-0.092391,1.921922,-5.740047
0.243421,0.241510,0.021635,0.204578,0.525684,-7.730570
0.253127,0.245255,0.006060,0.492204,1.510143,-8.947367
0.199206,0.252063,0.000122,-0.094876,0.876144,-9.438535
0.160900,0.230803,0.009368,0.081978,1.073435,-9.501411
0.181389,0.233941,0.030130,0.010595,0.784836,-8.519489
0.230915,0.255116,0.006184,-0.912147,2.100762,-7.488412
0.224156,0.272841,-0.008150,-1.345695,1.069643,-7.653840
0.200408,0.271236,0.046726,-1.722545,-0.289647,-7.681439
0.216196,0.292398,0.008187,-2.262697,1.282411,-6.496354
0.227741,0.314022,-0.003528,-3.249762,1.285096,-7.309257
0.245899,0.327956,0.037840,-2.925532,1.081401,-7.026941
0.258546,0.355099,0.015044,-3.870596,1.233188,-5.025158
0.249621,0.383108,-0.004296,-4.277917,1.732693,-3.855373
0.252740,0.382721,0.028426,-4.193801,0.955208,-3.542307
0.285095,0.410825,0.021129,-3.936244,1.205832,-2.334215
0.312142,0.444765,0.002636,-4.942459,0.639470,-1.720579
0.287780,0.430424,0.014630,-3.879422,0.770961,-1.931283
0.287776,0.451662,0.022757,-2.846239,0.986778,0.106668
0.292178,0.477002,0.037121,-2.465436,-0.200962,2.430796
0.282150,0.457370,-0.003509,-1.596674,1.605784,4.537655
0.225722,0.427838,0.010832,-0.568985,-0.011487,4.996212
0.188850,0.376684,0.036714,1.366856,-0.131371,5.972432
0.189398,0.346069,0.007497,2.195005,-0.675553,6.588461
0.141370,0.278792,0.034026,3.011955,-0.698475,4.116026
0.101363,0.213288,0.070763,4.805991,-4.444892,1.237485
0.096860,0.164839,0.030832,5.200566,0.343837,-1.030667
0.096699,0.078383,0.037906,5.443326,1.005121,-3.603400
0.098770,0.032701,0.027934,6.284132,1.961715,-4.237429
0.073985,-0.011832,0.048836,5.895767,2.146615,-3.290642
0.062076,-0.046698,0.023099,4.852034,1.613245,-1.550430
0.065355,-0.104981,0.040903,4.286936,2.088762,-1.004957
0.068592,-0.168818,0.037722,3.467049,1.775525,-0.717040
0.056995,-0.188824,0.004796,1.401542,0.580724,-1.284344
-0.004265,-0.246418,0.002508,-0.281220,0.581128,-2.615003
-0.008313,-0.287639,0.028902,-0.549211,-1.885030,-2.195090
0.038452,-0.302124,-0.008981,-2.158797,-0.642213,-1.737536
0.019989,-0.379514,-0.005101,-4.263907,-0.956786,-1.356986
0.025441,-0.423946,0.016416,-3.926735,-0.423728,0.862767
0.007860,-0.443230,-0.006197,-4.462895,-1.317513,2.823693
0.025982,-0.466653,-0.023042,-5.323698,0.757317,3.604756
0.027798,-0.492339,-0.008377,-4.898976,-0.091597,2.348840
-0.003763,-0.523420,0.007796,-4.588123,-0.890789,1.686683
-0.040159,-0.549716,-0.010018,-4.580422,-2.073488,1.128408
-0.073453,-0.574879,-0.009453,-3.221194,0.350531,0.214987
-0.055488,-0.592555,-0.006499,-1.014730,0.934253,-0.509532
-0.032360,-0.593287,0.008233,0.208333,1.014788,0.208105
-0.071089,-0.660875,-0.008327,1.417196,0.990465,0.652396
-0.103204,-0.723153,-0.021697,3.975945,1.620778,1.280937
-0.099259,-0.789032,0.035152,6.233665,0.127144,1.884946
-0.071194,-0.815061,-0.017265,7.648035,1.273500,1.925455
-0.078232,-0.822555,-0.012279,8.629168,1.293178,-0.017201
-0.124741,-0.869153,0.013934,9.991896,0.306031,-0.301802
-0.112740,-0.891441,0.004192,10.829436,0.281324,1.409614
-0.093282,-0.905913,-0.012890,10.268694,-0.380311,2.064441
-0.079495,-0.924816,0.000289,9.527306,-0.887300,1.792908
-0.084406,-0.936998,0.004225,10.044372,0.070919,2.913792
-0.087314,-0.916856,-0.011052,8.216707,-0.574122,4.007209
-0.089911,-0.940178,-0.002938,6.479671,0.169494,3.282584
-0.038304,-0.953344,-0.001470,5.528627,0.571393,2.696325
-0.025854,-0.935878,-0.000728,3.764569,0.070132,1.946130
-0.040027,-0.931759,-0.004854,1.574907,0.312448,1.303383
-0.026776,-0.920323,-0.037157,-0.200872,2.670834,1.081752
-0.016026,-0.914510,-0.003259,-1.128794,0.882614,0.971016
-0.003418,-0.941613,0.011164,-1.880522,0.158315,1.369055
0.032807,-0.916840,-0.021992,-3.824086,1.829962,2.196473
0.029298,-0.884433,-0.052053,-3.998272,2.054563,1.402067
0.015807,-0.863756,0.011938,-3.718651,0.701181,0.367382
0.034668,-0.823251,-0.028915,-4.248016,0.848634,1.085573
0.064748,-0.785359,-0.037564,-3.903288,2.129977,0.562750
0.056542,-0.778328,-0.022576,-3.011302,0.009449,-0.437206
0.026225,-0.740796,-0.011777,-2.015387,-0.628309,-0.446522
0.037169,-0.677068,-0.030270,-1.190846,-0.687668,-1.091857
0.057904,-0.639077,-0.010855,0.575773,0.216233,-1.907212
0.073913,-0.618906,0.007107,2.775925,0.091970,-1.799387
0.077717,-0.586633,0.001484,3.607669,-0.902484,-2.128287
0.063750,-0.573484,-0.011633,4.977801,0.827075,-2.921992
0.106963,-0.543059,0.015024,7.453159,1.389859,-3.702473
0.152514,-0.473389,0.000200,8.038612,1.281916,-3.544295
0.152655,-0.436576,0.016409,7.839696,1.677804,-4.351782
0.157418,-0.393770,-0.004175,8.479437,3.062313,-4.132368
0.163933,-0.347173,0.022899,8.632966,1.885188,-3.869764
0.199032,-0.306651,0.023109,7.661949,2.198901,-3.207738
0.228049,-0.227856,-0.009076,6.521026,2.714086,-2.507581
0.208171,-0.176502,0.025410,5.547734,0.677934,-1.840653
0.199682,-0.121314,0.010192,4.084610,-0.293277,0.482358
0.174198,-0.063914,-0.027402,2.073880,-0.164455,1.248380
0.142680,-0.050256,0.005840,1.379730,-1.096352,1.362556
0.131539,-0.029757,0.014046,-0.069099,-3.238625,2.248627
0.102480,-0.011671,-0.007451,-1.547230,-2.288625,2.303945
0.052386,-0.036673,-0.027894,-1.885991,0.135058,0.845547
0.023386,-0.044269,0.009240,-2.619120,-2.103962,-1.428826
0.034041,-0.027749,-0.000620,-3.387444,-0.515180,-3.166001
0.039128,-0.018400,-0.023108,-4.196446,0.273830,-5.494344
-0.002460,0.006487,-0.023627,-4.233896,1.625987,-6.757358
-0.028477,0.033512,0.017656,-4.403736,1.759077,-5.931031
-0.009265,0.060940,0.005541,-5.057299,2.243949,-4.502701
0.006163,0.097578,-0.010556,-5.096744,2.953208,-4.463768
0.000232,0.125203,-0.013241,-4.426867,3.118321,-4.661168
-0.032987,0.156308,0.003155,-3.577149,1.905145,-5.028795
-0.016545,0.212300,0.001234,-3.806591,1.265218,-5.771917
0.018495,0.246250,-0.014551,-2.970446,1.306875,-6.171143
0.030463,0.269312,0.035391,-1.252497,-0.646323,-6.649719
0.047738,0.307001,0.003729,-1.163234,-2.047481,-4.432264
0.037999,0.334613,-0.011534,-0.266009,-1.330062,-4.616899
0.050702,0.364155,-0.014462,1.100525,-1.778069,-4.964437
0.102384,0.443337,0.001379,1.257409,-2.368435,-4.688587
0.110919,0.502234,0.006792,0.514446,-2.702745,-4.791105
0.088010,0.554238,-0.035102,0.650345,-0.663885,-3.675385
0.064856,0.600593,-0.014045,0.793138,-1.137885,-4.251701
0.085660,0.678367,0.010481,0.240927,0.295976,-2.817722
0.109317,0.741330,-0.030192,-0.738431,1.565639,-2.163168
0.081124,0.783602,-0.011002,-1.412060,1.476262,-1.919208
0.036634,0.806296,0.015648,-1.366407,2.036242,-1.595754
0.044466,0.847068,-0.006010,-2.645922,2.313819,-0.487413
0.067265,0.879731,-0.006863,-3.344319,2.147537,-1.063875
0.055603,0.884711,0.008269,-3.332893,1.899713,-1.209175
0.058298,0.901123,-0.005078,-3.555078,2.007026,1.165659
0.049632,0.938937,-0.019166,-4.385699,3.900418,3.553163
0.032275,0.918595,-0.014636,-4.929767,0.430467,4.030246
0.072045,0.924766,0.001852,-4.055725,-1.008458,4.390366
0.074247,0.922475,-0.002705,-4.783304,-1.934487,5.257101
0.061593,0.907812,-0.020604,-5.045239,-1.673031,6.343920
0.057077,0.877197,0.004432,-3.600369,-1.546289,6.740715
0.091802,0.876206,-0.007608,-3.674211,-2.245531,7.954308
0.097746,0.888315,-0.005498,-3.819380,-2.191731,7.673154
0.055921,0.836429,0.005252,-3.396549,-1.324301,6.894087
0.059220,0.802833,0.015129,-1.792895,-1.272856,7.262656
0.060802,0.758074,0.031525,-1.968229,-1.078066,8.102045
0.068618,0.710456,0.017896,-1.773072,0.791939,8.344007
0.048418,0.645979,0.062042,-0.308829,-2.487837,6.799801
0.070029,0.582913,0.041024,0.482456,1.639872,6.920875
0.057645,0.528238,0.018277,0.836969,2.250671,6.163088
0.033131,0.462412,0.034699,0.754639,2.272703,5.735354
0.065345,0.396353,0.040259,1.625371,1.583286,4.863625
0.097037,0.366505,0.041228,1.290221,0.908637,3.935979
0.067285,0.295030,0.032683,0.843284,1.186964,2.871684
0.061193,0.224612,0.042803,1.540769,0.623074,2.589258
0.090105,0.164018,0.054400,1.206046,-1.405187,2.170279
0.124108,0.098179,0.051305,0.384022,-0.616079,1.883792
0.161829,0.023356,0.032792,0.146869,-0.555583,0.727036
0.131322,-0.054651,0.033396,0.890922,-0.630581,-0.389026
0.151545,-0.135596,0.050222,0.401948,-0.472876,-1.488376
0.217207,-0.219194,0.035044,-0.186229,0.909592,-1.238518
0.261481,-0.308335,0.046099,-0.006923,1.285809,-1.785420
0.263910,-0.402196,0.069000,0.738496,0.137087,-2.739492
0.262173,-0.482682,0.048567,0.438416,1.017955,-3.720888
0.259968,-0.582947,0.036668,0.647523,1.615993,-5.091138
0.295362,-0.683626,0.071830,1.590292,0.696598,-5.822828
0.310694,-0.748924,0.041041,2.080610,2.566321,-7.730660
0.275746,-0.826947,0.044973,1.853852,1.373562,-9.355743
0.208604,-0.924777,0.039058,2.818508,1.070875,-10.144599
0.197496,-0.980244,0.039350,3.962674,0.939479,-8.630869
0.186717,-1.054676,0.002524,3.963360,1.141799,-7.705683
0.142965,-1.138149,0.035040,4.289602,-0.384726,-7.356268
0.092744,-1.234134,0.043634,6.248282,0.032525,-6.879277
0.037320,-1.288251,0.013560,5.947775,-0.763194,-8.495167
-0.004141,-1.351842,0.028210,5.708058,-0.763978,-10.516949
-0.017782,-1.415311,0.041937,6.601253,0.167295,-11.481284
-0.024068,-1.437314,0.049043,6.094188,0.299656,-12.567469
-0.081252,-1.444043,0.001789,5.546953,1.387837,-12.533242
-0.148955,-1.459854,0.025803,4.763983,1.309341,-11.958488
-0.161849,-1.423498,0.037180,4.229422,1.150642,-10.016623
-0.144885,-1.371304,0.013228,2.497312,2.639454,-9.695611
-0.173331,-1.332249,-0.001369,1.673588,3.186239,-9.391221
-0.246627,-1.284470,0.023086,1.253741,0.699070,-8.451802
-0.265432,-1.207773,-0.011019,-0.039832,0.565938,-7.542459
-0.245557,-1.125685,-0.038089,-1.130330,1.012103,-6.852363
-0.217611,-1.051203,-0.001789,-0.872895,0.514649,-6.568793
-0.231449,-0.974975,-0.000105,-1.748016,-1.472076,-3.934252
-0.250074,-0.873203,-0.027152,-2.320556,-0.627866,-1.526781
-0.218700,-0.781242,-0.023998,-1.629323,-0.592146,-0.298006
-0.199521,-0.698259,0.002360,-1.290553,-1.709833,1.003458
-0.130327,-0.584706,-0.024053,-0.739573,-1.283917,1.593909
-0.141438,-0.471229,-0.051859,-0.698693,-1.902752,1.800777
-0.176298,-0.391042,-0.020462,0.485072,-1.516087,2.224795
-0.128374,-0.270452,-0.026696,1.720122,-0.689865,3.492249
-0.067134,-0.126202,-0.051902,1.789532,0.310245,5.534540
-0.059663,-0.043990,-0.018135,2.361359,0.037645,5.544734
-0.082972,0.017861,-0.016898,4.404217,0.628211,6.651719
-0.089491,0.115182,-0.038509,4.829851,0.008021,8.699500
-0.039607,0.161635,-0.040443,4.557533,0.446033,9.403699
-0.036180,0.201172,-0.020249,6.128436,0.192697,10.080888
-0.064820,0.246519,-0.014764,6.845189,-1.194881,11.680249
-0.112487,0.275700,-0.047076,6.751521,-0.549012,12.170714
-0.139728,0.280157,-0.028892,7.101895,-1.173480,12.156346
-0.138202,0.271147,0.008679,6.599085,-1.820721,11.789721
-0.135894,0.289352,-0.014620,6.366859,-1.679871,10.736090
-0.166940,0.297584,-0.047159,4.944444,-1.353275,9.208968
-0.207603,0.288383,-0.025826,3.328152,-1.465518,7.195496
-0.194207,0.274869,-0.011455,3.197330,-0.427004,5.873419
-0.159754,0.298572,0.011433,0.138692,-1.751638,6.095167
-0.157368,0.286844,-0.005672,-1.531422,-0.523737,5.607181
-0.188010,0.264458,-0.013336,-2.396190,1.475107,6.350827
-0.197683,0.255391,-0.006059,-3.761373,0.167905,6.324426
-0.182341,0.227274,0.001796,-5.230470,-0.046471,6.624520
-0.153728,0.184803,-0.025856,-6.220795,1.619370,5.767749
-0.117404,0.159173,-0.000518,-6.162502,0.552666,3.901713
-0.088627,0.111923,0.020939,-6.383958,-0.357107,2.061276
-0.060950,0.090803,0.001576,-6.440938,0.328492,1.335539
-0.035672,0.074033,-0.031715,-5.968376,1.098270,-0.947698
0.017087,0.053919,0.035700,-5.577716,-0.909919,-1.992977
0.078235,0.031608,0.018201,-4.383956,0.336984,-2.902319
0.090193,0.046957,0.003237,-4.139263,-0.686507,-3.529272
0.094795,0.046825,0.022088,-3.291127,-0.996323,-5.613555
0.125279,0.036266,0.029198,-1.215654,-0.067944,-7.495895
0.175373,0.068693,0.035286,0.067874,-0.442251,-8.199587
0.198117,0.066756,0.067930,0.249373,-1.664276,-9.543607
0.225285,0.043106,0.023404,1.148935,1.199704,-10.551460
0.233852,0.037930,0.052168,2.994607,0.352736,-11.100264
0.226904,0.011792,0.102432,3.770024,-2.722856,-12.011731
0.296393,0.048056,0.061572,3.879599,1.432021,-11.497497
0.290734,0.046812,0.057719,4.113925,1.485046,-13.297718
0.249654,0.046737,0.092637,4.208131,1.015378,-13.119387
0.265699,0.095100,0.061425,3.689089,1.556107,-11.910688
0.278123,0.133147,0.048702,2.450871,1.579032,-11.155590
0.257246,0.163966,0.061129,1.577365,1.813812,-10.424250
0.247832,0.222840,0.059038,0.929895,1.250778,-8.532801
0.238622,0.271597,0.030379,-1.166667,0.435690,-6.506171
0.231318,0.294892,0.034095,-2.781361,0.983548,-5.473123
0.249812,0.307454,0.049181,-2.907600,0.868755,-5.185233
0.286877,0.323994,0.049145,-4.059749,0.441864,-3.727570
0.245453,0.335782,0.001123,-4.862466,1.184338,-3.331952
0.225545,0.361831,0.017397,-4.770400,1.657676,-2.269443
0.233915,0.332424,0.058293,-4.803172,-0.636801,-0.630403
0.247127,0.356087,0.038369,-5.160889,0.081423,1.250257
0.192513,0.360777,0.013320,-4.318310,-0.091903,1.751288
0.141025,0.334111,0.035467,-3.609858,-0.399359,2.152529
0.152461,0.345271,0.016613,-2.639665,-0.043651,3.288893
0.147574,0.378749,0.007494,-2.827962,-0.384378,2.740433
0.133502,0.372191,0.015116,-1.631654,0.469985,1.297982
0.098193,0.366673,0.017581,-0.502650,0.216508,0.868619
0.067633,0.401243,0.013084,-0.666266,-0.067373,0.841134
0.066314,0.411005,-0.008029,-0.070452,0.635872,-0.000389
0.075823,0.408521,0.005886,1.462142,0.852248,0.079424
0.065178,0.429121,-0.007293,1.268412,-0.382399,0.457433
0.032317,0.435699,-0.033871,0.821607,0.622605,0.751204
-0.007249,0.441880,-0.013103,1.240961,0.626055,0.537854
-0.023432,0.469430,-0.002737,0.986057,-0.337302,1.989762
0.000176,0.516011,-0.022711,0.095141,-0.090580,3.059522
-0.033958,0.514140,-0.033083,-0.574779,-0.078744,3.921378
-0.063520,0.519388,-0.030536,-0.145616,-0.705128,6.649705
-0.069373,0.535078,-0.041132,-1.027755,-2.094033,7.399204
-0.070554,0.530489,-0.044687,-2.361971,-1.170207,6.747439
-0.093702,0.505943,-0.021349,-1.641400,-0.594609,5.901020
-0.094040,0.506137,-0.028219,-2.200357,-2.714522,5.571913
-0.103956,0.487312,-0.062478,-2.810382,-0.856649,5.426592
-0.128397,0.445005,-0.046568,-2.854816,-0.554303,4.613526
-0.105276,0.389144,-0.043206,-1.619178,-0.054703,3.933274
-0.099239,0.347185,-0.048170,-1.271085,2.535866,4.014702
-0.117372,0.298900,-0.064122,-1.427950,1.409382,3.420656
-0.133653,0.211029,-0.034150,-1.123241,-0.413474,2.631093
-0.119558,0.135212,-0.012463,0.827512,-1.076283,3.225360
-0.110101,0.082676,-0.030924,0.509283,-0.279786,4.532139
-0.118553,0.000720,-0.037374,1.215575,0.137553,3.977450
-0.138816,-0.096145,-0.006565,2.246937,-1.034649,4.730308
-0.137759,-0.166323,-0.031029,2.899541,-0.805003,5.816428
-0.148801,-0.233521,-0.047697,3.093862,-1.076490,5.789418
-0.183060,-0.323194,-0.022737,3.338485,-1.217625,5.268472
-0.186145,-0.427353,-0.015585,4.432105,-1.506854,4.804323
-0.182915,-0.496468,-0.006125,3.660237,-2.158959,4.177873
-0.221474,-0.592729,-0.023607,4.149494,-1.106406,2.830137
-0.244162,-0.675147,0.006486,4.672166,-0.944569,1.545857
-0.203631,-0.746078,0.005574,3.657417,-0.835063,0.985319
-0.216390,-0.811165,-0.021139,3.036459,0.949513,-1.064498
-0.262482,-0.881816,0.020466,3.385382,0.130620,-2.612375
-0.245288,-0.904564,0.022899,1.844231,-1.167636,-2.913092
-0.244546,-0.932343,0.005492,0.756743,0.781594,-3.290415
-0.236783,-0.968427,0.016892,0.778824,0.867873,-2.841413
-0.233074,-0.967941,0.013215,0.116675,0.420831,-2.010509
-0.249989,-0.977280,0.016170,-1.068299,-0.174955,-2.327977
-0.219853,-0.978218,-0.007224,-1.580471,1.286574,-2.988853
-0.196357,-0.975908,0.028813,-1.512862,-0.432777,-3.941866
-0.192326,-0.970610,0.053520,-1.413890,-2.469652,-4.742791
-0.183312,-0.965545,0.020151,-1.686319,-1.171516,-5.790503
-0.157608,-0.957089,-0.005065,-0.677534,0.415507,-7.143666
-0.147524,-0.943690,0.058346,0.185343,-1.645651,-8.326955
-0.113531,-0.920093,0.015342,1.102269,-0.727639,-8.672418
-0.101166,-0.880832,0.000821,1.143979,-0.210070,-9.045632
-0.066113,-0.854487,0.033589,2.716191,0.439951,-8.078480
-0.042962,-0.843865,0.069348,4.095856,0.132718,-7.249004
0.015226,-0.807138,0.037194,4.691661,1.005833,-5.533804
0.072908,-0.782299,0.033084,5.425834,2.338221,-5.402572
0.073351,-0.791989,0.065291,6.708440,1.877879,-4.785630
0.110420,-0.758374,0.062948,7.597088,2.646169,-4.451835
0.155179,-0.716276,0.055270,7.245194,1.165130,-4.158887
0.157273,-0.711349,0.056983,7.186347,1.251425,-4.916421
0.174375,-0.705576,0.043447,8.485559,1.556984,-4.612799
0.174293,-0.655722,0.037062,7.916371,0.455936,-2.952023
0.170183,-0.616300,0.048741,6.238707,-0.623714,-1.696769
0.175914,-0.585248,0.020949,5.160629,-0.522985,-0.490654
0.151175,-0.539809,0.033514,5.047080,-1.306041,0.297574
0.108470,-0.518408,0.044743,3.369954,-1.867708,2.004720
0.113387,-0.476593,0.019163,1.743989,-1.944288,3.320565
0.098744,-0.440962,-0.000807,0.567021,0.342269,2.760609
0.063977,-0.428091,0.038602,-0.444737,-0.873080,1.581281
0.031428,-0.372195,0.070973,-2.008622,-3.227110,1.357506
0.006235,-0.332901,0.017679,-2.849376,0.697691,0.579012
0.018518,-0.294663,0.007947,-3.450092,3.289393,-0.139666
0.015016,-0.234253,0.032946,-4.066150,0.967681,-0.136308
0.002112,-0.168995,0.029401,-5.329793,1.875348,0.790284
-0.002014,-0.095239,-0.014518,-5.676028,2.864602,2.382220
-0.011155,-0.004483,-0.012076,-5.793303,2.249555,2.820080
0.015072,0.071404,0.010228,-5.050822,1.806912,3.867598
0.030985,0.155241,-0.014370,-4.814484,1.088596,6.107619
0.029685,0.229014,-0.047651,-4.395563,0.616076,6.661845
0.013161,0.287730,-0.024625,-3.251216,-0.682981,6.088592
0.055209,0.336619,-0.023916,-1.356734,-0.339136,5.303226
0.094339,0.406607,-0.032368,-0.686066,-1.843304,4.352760
0.088936,0.440183,-0.021940,0.009863,-1.952419,2.633582
0.098967,0.484250,-0.020065,1.892013,-1.785802,2.234726
0.114155,0.513027,-0.017876,3.424895,-1.233489,2.138100
0.148204,0.554212,-0.009936,4.008024,-1.837172,2.975237
0.182164,0.594957,-0.055663,4.263906,0.881809,2.446193
0.152097,0.610752,-0.034991,4.884736,1.527662,1.282384
0.156955,0.635413,-0.018500,4.947008,1.191648,1.481139
0.147935,0.655931,-0.011567,4.289371,1.716700,1.285203
0.166556,0.679752,-0.047634,3.142340,3.328529,1.765004
0.138553,0.687508,-0.036898,2.901524,2.007774,2.026515
0.088066,0.645194,-0.021723,2.032685,0.904386,3.899012
0.077589,0.628812,-0.034702,1.582578,0.352992,5.130225
0.061685,0.598544,-0.016711,-0.535629,-1.046243,5.403144
0.075432,0.547200,-0.036386,-1.622648,-0.039318,3.349641
0.056033,0.507450,-0.023564,-2.006483,-0.489895,2.495574
0.038669,0.458318,-0.010221,-2.893568,-0.811361,1.606424
0.057743,0.433172,-0.045629,-4.140934,-1.280684,1.916181
0.033463,0.379684,-0.026289,-5.860124,-1.386316,1.631072
0.041377,0.335969,-0.037764,-5.306091,-0.209759,2.856053
0.019352,0.307884,-0.044487,-6.024082,-1.069981,4.088635
-0.009278,0.261064,-0.019081,-6.879272,-2.366787,4.439928
-0.008542,0.217174,-0.070493,-6.624243,0.304445,3.203667
-0.017041,0.189401,-0.041214,-5.265661,0.291128,1.337919
0.013322,0.153675,-0.005058,-5.122964,0.363322,-0.245949
0.007174,0.103067,-0.033120,-5.049319,1.210240,-1.949426
0.016263,0.077237,-0.025806,-3.435899,1.798017,-2.895710
0.017839,0.043464,0.012716,-2.282329,1.011272,-2.554733
0.016765,0.032635,0.004448,-1.500941,0.818357,-1.795715
0.048086,0.020454,-0.025547,-0.936871,2.513739,-1.785109
0.020602,0.012081,-0.015575,0.171258,0.628379,-2.795287
-0.003750,-0.000764,0.028321,1.369193,-1.345053,-3.893227
0.037802,0.017057,0.003263,2.093933,0.131510,-3.885365
0.039690,0.027324,-0.003446,2.133016,-1.011511,-5.215143
0.045972,0.036082,0.008351,2.493212,-1.012771,-6.017516
0.051703,0.028664,0.030054,3.490479,-0.485333,-5.885900
0.073614,0.052675,0.007803,2.653283,-0.813130,-5.082529
0.073830,0.038133,0.012165,2.350599,-1.366523,-5.983893
0.056778,0.020740,0.006421,1.932082,-0.012071,-6.821263
0.072150,0.031490,0.028180,2.377929,0.115380,-7.830810
0.070318,0.043241,0.030136,1.124734,-0.741166,-7.226434
0.066442,0.033236,0.041645,0.033707,0.274342,-6.345874
0.062988,0.021836,0.006933,0.189754,1.984617,-5.328535
0.045496,0.039381,0.019173,-0.204168,1.220580,-3.411174
0.047358,0.040142,0.025291,-1.544722,0.636043,-1.437391
0.035997,0.017083,-0.000387,-2.365447,1.473479,-0.255627
0.063238,0.005686,0.030468,-1.845393,1.694105,0.366914
0.096141,-0.015646,0.048232,-1.275641,0.991312,1.624782
0.098478,-0.060199,0.036540,-1.971265,1.727651,1.669624
0.093345,-0.098653,0.000197,-1.605473,1.736205,1.509415
0.084436,-0.129576,0.023351,-1.043943,0.221452,1.126427
0.109172,-0.171398,0.062997,0.267263,0.185079,1.271528
0.123136,-0.206563,0.049352,0.197645,-0.394780,2.325667
0.100520,-0.246073,0.019984,0.200829,-0.622791,3.417039
0.054146,-0.274706,0.021746,1.496857,-0.885984,3.888679
0.052849,-0.311683,0.054269,2.697009,-0.796370,4.514664
0.094618,-0.328601,0.054876,2.510159,-0.362369,5.493649
0.106258,-0.354558,0.048784,2.423099,-0.067970,6.235917
0.063625,-0.384195,0.025643,3.179625,1.225340,6.192322
0.034546,-0.404343,0.051013,3.478869,0.298586,6.436788
0.061095,-0.419442,0.056153,3.091938,0.618033,5.779290
0.084873,-0.429467,0.031242,2.195219,1.764848,4.744512
0.070522,-0.445748,0.053921,3.243259,1.874764,4.119876
0.015643,-0.461431,0.066210,2.737760,0.463962,4.280298
0.015498,-0.459245,0.031748,2.050434,1.460635,3.535014
0.016161,-0.447717,0.003631,1.127954,1.012625,2.212115
0.030660,-0.441487,0.035552,1.597159,0.826697,1.667004
0.000136,-0.461116,0.053632,0.525131,-1.812915,1.987534
-0.022847,-0.451029,0.053904,-0.458970,-1.116535,3.180310
-0.034359,-0.447274,-0.008268,-0.722488,0.034087,2.230716
-0.046799,-0.451692,0.024353,-0.526867,-1.767755,1.107419
-0.025398,-0.470336,0.027569,0.633629,-0.769972,0.917721
-0.057881,-0.477659,-0.011127,0.037968,-0.900101,0.956992
-0.089257,-0.514088,-0.003758,0.203590,0.577688,0.179818
-0.105624,-0.546144,0.011968,1.490483,-0.574424,-0.827953
-0.058324,-0.551160,0.023443,2.114816,0.065963,-2.203258
-0.068752,-0.566774,0.004353,1.913202,1.197613,-2.541491
-0.111828,-0.624089,0.005259,2.388558,1.292295,-4.048567
-0.109274,-0.665543,0.003919,4.352277,1.719196,-3.581758
-0.067393,-0.661131,-0.001096,4.060589,1.343107,-2.841199
-0.051158,-0.677183,-0.015043,3.996306,2.854191,-3.136238
-0.100063,-0.731484,0.004290,4.776551,1.602728,-3.902471
-0.090758,-0.742172,0.006893,5.275203,0.672538,-2.311335
-0.060293,-0.758820,-0.009148,5.454726,0.057796,-1.615627
-0.064170,-0.770670,-0.006886,4.042208,-1.658174,-2.545000
-0.051815,-0.777533,-0.006676,4.667309,-0.163683,-2.538590
-0.072655,-0.751284,-0.027093,3.975124,-1.265791,-1.493425
-0.078563,-0.742434,-0.020420,2.557233,-0.536745,0.085739
-0.098156,-0.749150,-0.015641,1.810314,-1.654310,0.940972
-0.079292,-0.739887,-0.015979,1.918421,-1.370954,2.535171
-0.084557,-0.708717,0.007635,0.826774,-1.979863,2.370021
-0.107744,-0.661900,-0.026758,-0.755637,-0.792450,1.912741
-0.121110,-0.633388,-0.029873,-1.572652,0.028517,0.690422
-0.090075,-0.583485,-0.012010,-2.118272,0.889953,0.326058
-0.039190,-0.532903,-0.009739,-2.057265,0.795225,1.083058
-0.055964,-0.487645,-0.023033,-2.968791,1.670255,2.693930
-0.059167,-0.433829,-0.038129,-3.108180,2.102072,3.931941
-0.056509,-0.384642,-0.018424,-1.720257,2.570283,2.884990
-0.038537,-0.322994,-0.009453,-2.203228,1.327325,2.801219
0.001105,-0.265591,-0.025488,-2.056405,0.498142,1.732477
-0.021945,-0.213200,-0.048022,-1.240542,0.400578,-0.408696
-0.021327,-0.153853,-0.018808,0.338334,0.491570,-0.605390
0.016043,-0.090617,-0.033651,0.671435,-1.737652,0.358052
0.039476,-0.044033,-0.060278,1.435239,-1.141853,1.166632
0.046524,-0.034172,-0.009466,2.723150,-1.919565,0.901847
0.060523,0.001127,-0.015365,3.897980,-1.091977,0.886787
0.111047,0.061865,-0.038900,3.519400,0.088831,-0.332787
0.131647,0.078511,-0.039927,4.251443,0.266510,-3.408123
0.130219,0.095192,-0.013074,5.271149,0.861429,-5.381313
0.152422,0.145604,-0.020098,4.500629,1.196592,-4.886058
0.198481,0.182469,-0.028852,3.827020,2.858914,-4.147690
0.205371,0.188213,-0.026801,3.199917,2.375424,-3.707390
0.220339,0.213734,-0.002114,3.420740,2.462454,-1.400827
0.228138,0.253376,-0.002127,1.686083,1.234563,-0.429832
0.246359,0.254994,-0.005987,0.157868,1.776231,0.305546
0.297085,0.238067,0.006903,0.439262,2.365452,0.752231
0.310008,0.249437,-0.012542,-0.651049,1.528266,2.057283
0.299183,0.252605,0.011124,-2.162681,-0.108637,2.225361
0.280420,0.230156,-0.004319,-2.495933,0.734576,1.743518
0.313320,0.215697,0.008833,-2.706029,0.124239,0.441953
0.332585,0.219724,-0.006561,-3.617392,-1.506171,-0.072053
0.335519,0.199885,-0.021569,-4.564106,-0.100385,-0.750024
0.311436,0.173695,0.011850,-4.040760,-0.000477,-1.154287
0.326014,0.186388,0.004458,-4.350544,-0.283240,-0.077482
0.332083,0.216554,0.000535,-4.942564,0.312740,0.365647
0.330698,0.206056,0.006365,-4.661637,1.963461,0.641106
0.344845,0.211371,0.026752,-4.410320,1.481918,1.485799
0.321888,0.212779,0.031269,-4.175120,1.202504,1.933123
0.284185,0.225918,0.016399,-3.803473,2.805138,1.897891
0.297758,0.247563,0.016961,-2.138118,2.902120,0.126845
0.300351,0.262206,0.064162,-1.988810,1.033077,0.353855
0.301960,0.260850,0.039682,-1.705959,2.032819,2.077933
0.272172,0.268183,0.014791,-0.991917,2.490562,2.285166
0.264310,0.270185,0.031892,0.901754,1.755985,2.922110
0.294778,0.302586,0.051180,1.299175,-0.250294,2.402717
0.287254,0.321667,0.043873,1.021924,-0.026881,0.664865
0.271817,0.328436,0.031978,1.908399,0.850688,0.073070
0.241251,0.326302,0.038907,2.341609,-0.754952,-0.942500
0.257299,0.331042,0.048314,2.813056,-1.062953,-0.881043
0.257470,0.338683,0.040456,1.838739,-0.697296,-0.303905
0.240851,0.330989,0.037151,1.871574,-0.838979,-1.080340
0.189894,0.298470,0.048078,2.018013,-0.155986,-1.706226
0.197184,0.260181,0.034449,2.122503,0.082627,-0.750694
0.218218,0.248206,0.033182,1.136229,1.197120,-1.617153
0.199351,0.238828,0.020883,0.391040,2.443170,-2.489550
0.153233,0.203650,0.038503,0.427478,1.246669,-2.767553
0.095593,0.171601,0.049092,-0.528453,-2.382648,-1.640485
0.069370,0.139413,0.020863,-1.806247,0.600695,0.507359
0.089058,0.105660,0.030048,-1.908016,1.621379,1.152224
0.063323,0.050784,0.046004,-1.532259,0.843162,1.400367
0.018229,0.004163,0.038749,-2.141949,0.434141,1.017401
-0.002591,-0.026544,-0.012010,-2.409855,2.079568,0.482836
-0.019552,-0.073667,0.021448,-2.470281,-0.754128,-0.799219
-0.010794,-0.141767,0.057604,-1.720933,-0.451244,-0.168379
-0.015806,-0.183051,0.011942,-1.215041,-0.142869,1.234572
-0.061882,-0.250301,0.014745,-0.926206,-0.048128,2.018822
-0.075192,-0.308433,0.016258,-0.149427,-0.570702,2.915779
-0.067052,-0.361999,0.031026,1.291157,-0.794578,2.821337
-0.074956,-0.416097,0.019770,1.193826,-1.466680,3.010258
-0.086448,-0.452824,0.021956,1.133944,-0.733068,1.689503
-0.110843,-0.486473,0.009769,1.887924,0.549433,0.373521
-0.143086,-0.532171,0.030392,3.026818,0.193853,-0.775970
-0.116922,-0.532424,0.027701,2.482984,-1.747204,0.495910
-0.115888,-0.531216,-0.014108,2.562918,0.714192,1.426462
-0.160178,-0.561687,-0.004287,2.301836,0.466227,1.745813
-0.168423,-0.585333,-0.002629,3.235030,0.471616,1.226440
-0.174371,-0.584109,0.003565,2.922263,-1.267334,0.498795
-0.177719,-0.579353,0.000867,2.158991,-0.542444,-0.168325
-0.189237,-0.590044,-0.041418,1.788466,0.762719,-2.258865
-0.202712,-0.592033,-0.012555,1.492108,-0.808774,-3.850362
-0.219190,-0.590447,0.000430,2.082553,-0.910385,-3.617224
-0.211111,-0.575013,-0.047831,1.461016,-0.962750,-2.487996
-0.192080,-0.566440,-0.041004,0.648373,-0.417383,-2.690040
-0.201399,-0.589144,-0.015641,0.739510,-1.007440,-2.703570
-0.188230,-0.579389,-0.025655,1.331678,-0.182784,-2.231847
-0.158395,-0.549282,-0.055503,0.538999,-0.573906,-1.709788
-0.146319,-0.541460,-0.029932,0.002974,-0.042683,-2.542648
-0.124481,-0.567821,-0.053467,0.771291,1.790510,-2.570446
-0.124068,-0.550635,-0.036093,1.144140,0.048894,-2.069205
-0.112602,-0.550372,-0.012079,1.292677,-1.427701,-1.309723
-0.082519,-0.561270,-0.048386,1.389371,0.888345,-1.584420
-0.053433,-0.577301,-0.037836,2.451735,0.482192,-1.553548
-0.030751,-0.608077,-0.008938,3.530160,0.379866,-1.404072
-0.017077,-0.629587,-0.010349,3.907345,-0.561199,-0.945984
0.019381,-0.635952,-0.061795,3.993532,0.398388,-0.585177
0.054100,-0.649160,-0.031383,3.845255,0.097780,-0.603069
0.086333,-0.664992,-0.022271,4.774014,0.495995,-0.215704
0.093834,-0.649984,-0.028209,5.246616,0.244107,0.046261
0.085188,-0.653946,-0.023193,4.371722,-0.398459,0.284326
0.103179,-0.655994,-0.044743,3.878526,0.261412,0.313254
0.144436,-0.654645,-0.034078,4.130466,0.742726,0.369585
0.155199,-0.642799,-0.004017,3.489429,0.341766,1.169782
0.123405,-0.629111,-0.007464,2.580183,0.474988,1.905684
0.133955,-0.606252,-0.034974,1.372778,1.668298,2.300647
0.145946,-0.587185,-0.035102,0.639872,1.255036,1.454719
0.158317,-0.552778,0.005269,0.555628,1.006500,0.953836
0.148887,-0.532122,-0.006443,-0.275255,0.786182,1.155134
0.123028,-0.491567,0.025419,-1.967667,-0.089776,1.645733
0.126130,-0.430954,-0.024805,-2.438986,1.471234,1.378286
0.145105,-0.393343,0.008275,-2.223947,1.415948,1.623435
0.167478,-0.360782,0.003135,-2.005406,1.288806,2.478123
0.150810,-0.322371,0.001392,-2.109951,-0.248321,3.017617
0.137369,-0.259696,0.003499,-2.679855,0.487924,3.529408
0.157559,-0.211427,-0.008386,-2.035000,2.196298,1.736418
0.181557,-0.174851,0.028193,-1.221546,0.739532,-0.677449
0.192674,-0.135232,0.038946,-0.395570,-0.060684,-1.933333
0.202604,-0.117546,0.006637,-0.007826,1.021100,-1.821622
0.206930,-0.086517,0.002587,0.839201,0.714582,-2.324449
0.216150,-0.063107,0.003381,2.431952,1.654564,-3.157864
0.240818,-0.008884,0.047891,3.155414,0.583016,-2.937136
0.266582,-0.001289,0.043158,3.555002,0.366785,-2.822470
0.286007,0.039190,0.017515,3.158381,2.004101,-2.527448
0.269995,0.046280,0.032864,3.654384,1.125593,-3.095373
0.268932,0.066480,0.059534,4.593411,1.423412,-2.686496
0.295681,0.105985,0.045387,3.610235,0.938392,-2.057121
0.288587,0.137112,0.042777,2.878809,0.695626,-1.114901
0.237233,0.111919,0.040735,2.570539,0.873656,-0.543931
0.265971,0.111693,0.054650,2.618844,1.338390,0.683616
0.268722,0.143595,0.040758,2.066491,0.655131,0.910295
0.236298,0.137785,0.041149,0.501143,0.089396,0.718002
0.197316,0.135166,0.033491,-0.674305,0.501227,-0.039799
0.182115,0.124009,0.035674,-0.597850,1.824204,-0.410888
0.181852,0.101914,0.064622,-1.493437,-0.160611,0.438473
0.172290,0.109405,0.034456,-2.624861,0.297086,0.551001
0.119302,0.120234,0.004684,-3.607426,1.316371,0.827489
0.067459,0.103513,0.031354,-3.688620,0.308210,-0.112904
0.085696,0.109832,0.049230,-3.865852,0.468774,0.255472
0.090600,0.118195,0.021897,-4.599231,0.606475,1.453762
0.056831,0.111939,0.016015,-4.685224,1.798906,1.927746
0.023232,0.106687,0.027743,-4.057734,1.168301,1.402512
0.038662,0.140828,0.035638,-3.446156,1.339447,0.910711
0.055485,0.146227,0.010957,-4.220881,0.839161,0.578682
0.034927,0.114214,0.023342,-3.331199,0.705808,-0.106001
0.042762,0.112566,0.034528,-1.341523,1.013625,0.279662
0.038209,0.152631,0.017053,-1.274650,0.025897,0.094253
0.063139,0.161780,0.012805,-0.925471,0.734126,-1.959907
0.074845,0.165338,0.040565,0.745251,0.852057,-3.647783
0.097083,0.172861,0.026460,1.244589,-0.330717,-3.482045
0.100106,0.198346,0.019971,1.088922,-0.571562,-3.117288
0.074031,0.214715,-0.022373,1.180518,-0.374872,-3.694315
0.107314,0.235799,0.004376,2.316833,-0.167471,-4.804419
0.153626,0.271751,0.012434,1.667275,-0.074194,-4.588011
0.137690,0.266683,0.000775,0.982309,0.174033,-3.934625
0.101652,0.269434,-0.001506,1.095523,0.414377,-3.390624
0.096873,0.281470,-0.020269,1.387877,0.173791,-2.565435
0.154181,0.313501,0.027950,0.654163,0.248141,-2.214703
0.156827,0.291446,-0.004405,0.018716,0.612124,-1.756395
0.108949,0.276261,-0.010353,-0.600930,1.084126,-1.340577
0.048050,0.260758,-0.031656,-0.511299,0.674116,-1.501194
0.074946,0.254489,0.005810,-0.499830,0.330399,-0.998855
0.111303,0.246640,0.000069,-1.532925,0.158741,-1.748459
0.106717,0.219203,-0.019209,-1.872871,0.575266,-1.265733
0.051858,0.177890,-0.012657,-1.457702,0.791788,-0.450021
0.054428,0.154315,-0.012443,-1.246651,0.651684,1.725695
0.093423,0.126149,-0.024365,-2.147870,-0.171820,2.750933
0.111309,0.085794,-0.030536,-1.884891,0.927846,2.505312
0.063547,0.041524,-0.030963,-0.562791,-0.150064,0.919930
0.036013,-0.018558,0.000164,-0.619862,-0.769930,0.461961
0.058140,-0.062342,-0.018112,-0.622597,0.087683,0.094049
0.102112,-0.078088,-0.048760,-0.399000,1.867233,-0.780658
0.082381,-0.098718,-0.025819,0.202802,-0.087688,-0.797405
0.044827,-0.128391,0.003549,0.071465,-1.187144,0.444877
0.042017,-0.122742,-0.028787,-0.272571,0.512069,2.951137
0.064774,-0.137904,-0.040928,-0.636757,0.331226,3.823538
0.093840,-0.150167,-0.022612,0.006758,0.696434,4.671868
0.098665,-0.151871,-0.019780,0.685540,1.132657,3.767832
0.064866,-0.158367,-0.010182,-0.215423,0.356101,3.676025
0.048319,-0.177296,-0.034272,-0.358495,0.338467,2.622848
0.078285,-0.188660,-0.020013,0.603821,1.270247,1.234600
0.099870,-0.190370,0.004947,0.796392,0.496625,1.249690
0.091598,-0.195576,-0.010077,0.594476,0.017324,2.189196
0.040704,-0.208611,-0.039947,0.532290,0.532085,2.470858
0.040386,-0.237917,-0.005655,1.618468,0.345265,1.614073
0.086934,-0.264101,-0.007162,2.320729,0.274250,2.546224
0.087167,-0.282479,-0.018010,2.017688,-0.778376,1.053870
0.018400,-0.308079,-0.019271,1.739315,-0.374133,-1.272885
0.009744,-0.321576,-0.006670,2.686409,0.073548,-3.409014
0.043189,-0.348101,0.001871,3.180712,-0.150196,-3.891394
0.040264,-0.385856,0.005534,2.760241,-0.324572,-4.075932
0.028598,-0.407917,-0.024572,2.809698,2.050187,-3.297390
-0.001314,-0.425035,0.007048,3.388293,0.624864,-2.139238
-0.020671,-0.458677,0.025912,2.948151,-0.090816,-1.969119
-0.027223,-0.507773,-0.013451,2.514393,0.814700,-2.086771
-0.049330,-0.554954,-0.002012,3.565181,0.702867,-2.701572
-0.085722,-0.587217,0.029664,3.238851,-0.413667,-3.643566
-0.086395,-0.636405,0.017581,2.556051,0.087811,-4.563095
-0.098012,-0.659398,-0.018506,2.124709,1.040909,-6.123367
-0.095852,-0.685523,0.020647,2.888234,0.359025,-5.528152
-0.117552,-0.711491,0.036951,1.929791,0.122867,-4.045560
-0.128026,-0.733995,0.015930,0.956723,0.481149,-2.220185
-0.138619,-0.769728,0.020870,1.828893,0.305197,-0.973731
-0.146851,-0.786468,0.062570,1.391527,-1.594491,0.033863
-0.113255,-0.791195,0.030750,0.904611,0.444845,0.332680
-0.145351,-0.791723,0.008252,0.876923,-0.400291,-0.761994
-0.186260,-0.819260,0.048951,1.194371,-0.615619,-1.916520
-0.160260,-0.815419,0.031003,1.429003,-0.233733,-1.648181
-0.137490,-0.810095,0.004077,0.821499,-0.493076,-2.122647
-0.142354,-0.796759,0.031672,0.623503,-0.530292,-2.609466
-0.167718,-0.795367,0.047960,1.690338,0.459767,-2.145398
-0.151433,-0.746212,0.029388,1.043038,-0.000152,-0.626368
-0.121189,-0.699575,0.034564,0.699448,-0.153681,-1.164290
-0.116479,-0.682674,0.024261,0.224466,-0.021334,-2.184683
-0.128456,-0.648087,0.052414,1.472108,-0.953884,-3.244579
-0.150012,-0.565307,0.008892,1.330884,-0.157003,-3.471506
-0.158182,-0.486995,0.019419,0.315616,-0.076160,-5.034765
-0.133554,-0.432821,0.024205,0.117583,-0.246936,-6.783724
-0.115294,-0.368659,0.026709,1.131095,0.366112,-6.426313
-0.121842,-0.288013,0.035723,0.559491,-1.659769,-3.565425
-0.117972,-0.211375,0.023082,-0.302037,0.389398,-1.946133
-0.068457,-0.152974,0.020870,0.537699,1.510491,-1.255892
-0.005578,-0.066675,0.023762,0.454732,0.731001,-0.297357
-0.000901,-0.014330,0.051557,0.176641,-1.014403,1.192811
0.013013,0.051316,0.003867,-0.371871,1.251310,2.871821
0.035377,0.101084,-0.001726,0.674619,3.068294,2.781380
0.059614,0.128184,0.036970,1.257686,-0.389387,3.314048
0.160004,0.207661,0.005318,1.310152,1.243711,5.197177
0.135560,0.193957,0.008833,1.516289,0.114772,5.036373
0.122804,0.154450,0.010829,3.066076,0.245226,4.352034
0.142312,0.178543,0.030898,2.929720,-0.961313,5.361404
0.189855,0.195543,0.011636,2.724788,-0.568999,3.146366
0.220572,0.209493,-0.006673,2.806911,0.638078,1.048159
0.187583,0.182728,0.021891,3.208639,-1.096204,-0.506798
0.169717,0.164783,0.016504,3.375895,-0.530171,0.488683
0.186664,0.158681,-0.001145,2.103744,-0.518416,1.119821
0.212957,0.158592,0.008863,1.533049,0.049902,0.301848
0.190393,0.133892,0.038717,1.354928,0.696690,0.203233
0.193426,0.157706,0.008325,0.053261,1.047126,2.328064
0.185269,0.159252,-0.000302,-1.140644,2.462142,2.732266
0.213393,0.146221,-0.010579,-1.956616,2.647521,3.112328
0.202689,0.155569,-0.013845,-2.512825,1.453722,3.200970
0.167347,0.178546,0.001146,-4.282620,0.763093,3.522612
0.162108,0.170176,-0.026052,-4.301160,1.770385,2.665990
0.164285,0.183864,-0.010917,-4.339676,1.836851,2.794724
0.127748,0.174325,-0.024162,-5.158614,-0.033390,3.487942
0.134401,0.191348,-0.049752,-5.975672,0.117238,2.668294
0.121186,0.197870,-0.033218,-5.000129,-0.052245,0.271125
0.128545,0.189900,-0.027825,-3.848022,-0.601541,-0.707757
0.135698,0.216380,-0.055778,-4.241360,-0.341473,-1.131376
0.121196,0.207297,-0.027848,-3.802108,-0.180805,-2.806181
0.120402,0.226657,-0.006863,-1.841179,0.579214,-3.622120
0.132419,0.267625,-0.020266,-1.422622,0.434088,-4.060369
0.128319,0.259573,-0.020062,-0.980760,0.756072,-4.320368
0.154184,0.264267,-0.041749,-0.168180,1.649837,-4.515078
0.139450,0.241461,0.002840,1.878181,1.947207,-5.030139
0.173436,0.249345,-0.008912,2.166254,1.963547,-4.328150
0.190560,0.263962,-0.023968,2.000875,2.339192,-5.146694
0.192458,0.252720,0.012007,3.203597,2.128702,-6.772421
0.199259,0.247310,0.002685,3.365693,1.036350,-6.316499
0.191056,0.241333,-0.003322,3.083075,0.974515,-4.564938
0.180391,0.210406,-0.044411,3.083948,1.171911,-4.743814
0.204741,0.227080,-0.019524,3.434670,0.072002,-4.104450
0.184849,0.190130,0.017253,2.576868,-2.230228,-3.702430
0.146940,0.161612,-0.045878,0.886465,-1.068376,-2.703197
0.106244,0.140250,-0.018204,1.597769,-1.360703,-1.908519
0.075347,0.115435,0.010537,0.707496,-2.135766,-1.309356
0.081423,0.104655,0.013133,-0.874002,-2.907332,-1.436494
0.016407,0.065236,-0.034902,-1.860828,-0.537688,-1.625505
-0.031844,0.007026,-0.011039,-1.654914,-0.922150,-1.433295
-0.035084,0.003747,-0.020203,-2.320034,3.184479,0.213902
-0.077716,-0.032196,-0.006332,-3.647823,0.365758,0.021944
-0.103822,-0.043537,-0.016202,-3.526340,1.338643,-1.269463
-0.145985,-0.058525,0.016038,-4.003771,0.121055,-1.147094
-0.155950,-0.075659,0.004927,-4.233617,1.987344,-0.488223
-0.165344,-0.073584,-0.026384,-4.533871,3.091123,-0.037748
-0.198622,-0.088799,0.018159,-3.599391,1.012395,0.133168
-0.200184,-0.072189,0.038070,-4.084167,0.141538,0.516715
-0.217391,-0.067814,-0.005386,-2.935518,-0.150176,-0.255470
-0.238559,-0.091369,-0.000932,-2.429024,-0.939790,-0.406419
-0.212467,-0.091851,-0.005035,-0.757669,-1.024332,0.160833
-0.196354,-0.069570,0.012628,-0.376050,-2.612300,1.874532
-0.203020,-0.063540,-0.004648,-0.412888,-2.476821,1.115507
-0.231377,-0.050739,-0.027979,0.612982,-1.971946,-0.342044
-0.256554,-0.054898,0.019705,2.027404,-2.730442,-1.109876
-0.200933,-0.031399,0.024445,2.832806,-2.181838,-0.578583
-0.149996,-0.003150,-0.019553,2.791414,-0.684173,-0.971379
-0.161517,-0.002638,0.023893,3.299211,-0.281454,-1.694077
-0.154988,0.001344,0.009697,3.081188,0.747042,-2.097223
-0.119978,0.027551,0.042974,3.283383,0.734687,-1.783789
-0.095655,0.064337,0.022180,2.339567,1.174895,-0.725800
-0.096046,0.077562,0.010763,1.830550,1.777222,-0.056163
-0.077017,0.102233,0.017949,1.456641,1.681526,1.653266
-0.066917,0.086290,0.035808,2.090424,1.244273,3.014776
-0.049760,0.051539,0.020726,1.808387,0.676473,4.731909
-0.029406,0.025013,0.016947,1.203145,-0.616223,4.999068
-0.044012,-0.032784,0.012785,0.853420,-0.786162,3.971730
-0.020746,-0.069557,0.044622,1.782314,-1.808129,2.736983
-0.020773,-0.099946,0.019255,1.339228,-2.707950,2.818965
-0.040251,-0.168463,0.021986,1.299612,-1.897838,2.335285
-0.065762,-0.210692,-0.005908,1.334419,-2.341863,2.590386
-0.082955,-0.284146,0.037702,1.926784,-2.859172,3.477581
-0.069235,-0.343982,0.038421,1.722656,-1.458152,3.570668
-0.086681,-0.401622,0.019107,1.408701,-1.013122,3.233323
-0.099403,-0.460827,-0.003315,1.065220,1.325060,2.029610
-0.084537,-0.500430,0.003992,1.400708,1.297317,-0.677792
-0.082361,-0.557350,0.056117,1.722436,1.745865,-1.529069
-0.072044,-0.587313,0.037784,1.198756,2.466906,0.306144
-0.073968,-0.602205,0.011377,0.370876,3.049013,1.934864
-0.098754,-0.649223,0.011906,0.621549,3.633720,3.419846
-0.091992,-0.685221,0.032447,1.455108,2.286496,2.863631
-0.085522,-0.700212,0.039623,1.048861,-0.799409,1.923422
-0.084406,-0.720718,0.007940,0.173818,0.566692,0.448764
-0.059827,-0.713861,0.013222,0.774803,-0.204897,-2.627794
-0.056863,-0.717399,0.031052,0.845267,-1.385840,-4.709779
-0.054063,-0.713585,0.013882,0.767697,-1.936049,-4.138202
-0.034805,-0.663774,-0.032207,0.667888,-1.145247,-3.884446
-0.042260,-0.654215,0.008810,0.375386,-2.493847,-3.353180
-0.015537,-0.646022,0.027031,1.376031,-1.347524,-3.147847
-0.015645,-0.622589,0.019544,1.112907,-1.715078,-3.035693
-0.007866,-0.613822,0.005022,1.343111,-1.051176,-4.734404
0.024929,-0.581266,-0.023692,0.899575,1.255266,-7.206104
0.041538,-0.561375,0.015096,2.233125,1.618746,-8.815533
0.070253,-0.540105,0.005173,1.788935,1.793979,-7.550221
0.068844,-0.495083,-0.001372,1.907753,2.990477,-7.112085
0.068050,-0.484191,0.015034,2.694268,3.405801,-6.781856
0.096525,-0.433960,0.015050,2.313180,2.567709,-5.345703
0.106146,-0.387898,0.002751,2.652358,1.500986,-4.102680
0.080996,-0.373163,-0.029010,1.845895,1.615625,-4.241741
0.091835,-0.332405,-0.013947,2.718463,0.971276,-4.937808
0.080875,-0.311036,-0.007543,2.806179,-1.512083,-4.523397
0.059759,-0.285840,-0.025140,1.820053,-1.598270,-4.573800
0.085220,-0.240119,-0.049414,1.279970,-1.137675,-5.185998
0.038167,-0.223297,-0.015736,2.215199,-2.642029,-4.464499
0.012944,-0.214017,0.026792,1.709507,-5.959865,-2.541968
0.047328,-0.186093,-0.028596,1.390066,-1.070060,-0.380072
0.036141,-0.177969,-0.020558,0.935111,-0.933546,0.141577
0.037015,-0.175652,-0.005885,1.454658,0.277778,1.158397
-0.001475,-0.133039,-0.028445,0.084703,0.361008,2.447495
-0.024525,-0.089527,-0.014836,-0.663168,0.976170,2.849810
-0.018711,-0.045763,0.003253,-0.862431,2.460839,3.441052
-0.000152,0.023543,-0.001969,-1.576929,2.185702,5.503280
-0.026074,0.038166,-0.008790,-2.279988,2.518689,5.917310
-0.035869,0.073147,-0.036438,-3.378250,2.385980,7.209192
-0.020517,0.102745,0.015848,-1.734831,2.012961,7.308384
0.024495,0.129543,-0.026640,-2.194803,1.420133,6.737601
0.019171,0.162984,-0.012919,-2.540302,-0.068821,3.969520
-0.003714,0.187258,0.001858,-1.523127,-0.627561,1.443594
0.017917,0.266017,-0.012545,-1.653148,-0.990293,1.261973
0.045375,0.312608,-0.020820,-2.732102,-2.834781,1.409525
0.067164,0.342701,-0.030546,-2.160656,-1.921400,3.677786
0.070443,0.376645,0.008955,-0.853612,-2.204677,4.581536
0.051720,0.387428,0.010642,-0.822182,-3.064666,5.511979
0.061666,0.406462,-0.033405,-1.226382,-1.607100,3.674607
0.081833,0.435187,-0.020705,-0.018753,0.585819,0.712941
0.089878,0.453145,0.025590,0.501392,0.257122,-1.266343
0.094950,0.495630,-0.007379,0.182359,0.791253,-1.975147
0.071030,0.510690,-0.010179,-0.963025,0.933800,-1.309755
0.107200,0.502881,-0.007434,0.488242,2.439999,0.113538
0.126015,0.494648,0.019961,1.059846,2.448816,2.212441
0.074017,0.477626,0.027894,0.827052,1.768317,1.737836
0.044912,0.448494,0.012582,1.121530,1.541303,-0.407842
0.013886,0.441082,0.020253,1.204241,0.311735,-2.149189
0.052465,0.435985,0.038480,0.473350,0.262754,-3.541356
0.049156,0.409525,0.008288,0.023905,-0.721967,-4.294370
0.015945,0.368806,-0.008560,-0.201765,-1.324708,-3.679392
-0.009379,0.299954,0.028666,0.623134,-1.840806,-0.848827
0.024019,0.277384,0.003279,0.103423,-1.579360,1.351491
0.041347,0.220988,0.006263,-1.398523,-1.907580,0.248984
0.042618,0.143920,0.003079,-1.033233,-0.851820,-2.137910
-0.005398,0.113328,0.024822,-0.573636,-0.408159,-4.177691
-0.015088,0.104462,0.020630,-2.412484,-0.506068,-5.144225
0.045772,0.083129,0.014702,-2.104545,2.222643,-4.418502
0.037100,0.040658,0.040227,-2.318301,1.349156,-1.418743
-0.007223,-0.008924,0.034893,-2.586289,1.150336,1.153589
-0.027078,-0.001496,-0.011994,-3.589051,3.082806,3.047464
-0.032143,-0.031359,-0.007786,-3.854443,1.179884,1.418206
-0.005473,-0.065099,0.032943,-2.549470,0.547391,-0.819379
0.033532,-0.045237,0.007074,-3.088955,2.083267,-0.666132
0.024397,-0.050200,0.006194,-3.374665,1.744693,0.029237
-0.006251,-0.082365,0.011571,-2.198705,0.406250,1.012022
0.027771,-0.070870,0.003306,-1.719532,-0.574343,2.716990
0.068339,-0.066074,0.029867,-1.762282,-1.453882,3.876220
0.055528,-0.083816,-0.011255,-1.060930,-0.682020,3.515293
0.007026,-0.100950,-0.008705,1.116091,-1.399383,1.103172
-0.017828,-0.111989,0.036317,1.095267,-3.024092,-1.993560
0.023918,-0.094428,0.004701,1.189427,-1.171533,-4.614886
0.046678,-0.073086,-0.022484,1.612291,0.434961,-6.006033
0.004581,-0.103123,0.018054,3.384006,-0.827809,-4.876332
-0.021951,-0.104659,0.057269,2.740819,-3.504135,-1.361040
-0.023875,-0.118121,0.008827,3.467052,0.676637,-0.523687
-0.008053,-0.123720,0.008009,3.642222,1.095230,-2.088403
-0.007646,-0.117802,0.025091,3.802796,1.676238,-3.250705
-0.068657,-0.143369,0.011853,3.102186,1.063656,-4.645926
-0.086307,-0.147505,-0.013172,2.702785,1.209013,-5.199493
-0.075878,-0.172698,0.018996,2.825975,1.215794,-4.669628
-0.084475,-0.200966,0.018539,2.619979,0.392339,-2.975814
-0.083533,-0.199922,-0.008656,1.704501,-0.368008,-0.914885
-0.109556,-0.220444,-0.013024,0.716756,-0.525444,-0.946413
-0.101550,-0.254388,0.000493,1.375981,-0.224763,-1.348403
-0.097992,-0.277775,0.000749,0.423109,-1.145618,-2.605216
-0.124192,-0.308968,-0.008288,-0.471644,-2.227661,-3.057057
-0.130396,-0.305646,-0.038749,-0.985687,-1.852432,-4.362201
-0.158356,-0.326569,-0.008938,-0.680617,-1.481254,-4.500274
-0.140020,-0.352326,-0.003072,-1.060277,-1.432257,-2.902241
-0.126983,-0.353176,-0.006125,-1.674175,-1.798954,-0.353311
-0.143802,-0.378198,-0.021542,-2.451502,-0.541114,0.991146
-0.140765,-0.376734,-0.013645,-1.710357,0.357072,0.570935
-0.152208,-0.365298,0.008692,-1.562162,0.120031,0.627153
-0.123700,-0.369900,-0.011899,-1.663625,0.820615,1.095282
-0.104842,-0.343683,-0.041185,-1.573266,2.563045,1.390150
-0.124448,-0.334900,0.003992,-1.389617,0.395910,2.940409
-0.125784,-0.311985,0.004812,-0.826383,0.353570,5.270321
-0.131995,-0.271161,-0.001890,-0.821673,0.132222,6.987128
-0.097007,-0.249011,-0.022990,-0.220225,1.171892,8.098145
-0.092264,-0.238478,-0.023912,0.902043,-0.324244,7.419691
-0.110327,-0.237684,0.006631,1.823388,-1.400742,6.257553
-0.098241,-0.211408,-0.018706,1.975164,-1.193657,6.217379
-0.060536,-0.172757,-0.023725,2.501076,-1.778731,4.802793
-0.035235,-0.183162,0.006427,3.305277,-1.366369,4.479745
-0.010489,-0.193824,0.027944,4.234273,-0.776944,4.953438
-0.024042,-0.177641,-0.023604,3.981026,-0.334459,6.083450
-0.050869,-0.206120,0.004448,3.976247,-0.286663,4.732152
-0.008201,-0.203819,0.016577,5.417355,0.127522,2.988947
0.016293,-0.200257,0.027638,4.681794,-1.011652,0.986184
0.029731,-0.217536,-0.003640,3.855479,1.460008,0.882082
0.047466,-0.222748,-0.010694,4.623373,3.540305,0.603626
0.028326,-0.275648,0.026414,4.119364,1.513636,0.412122
0.053279,-0.286615,0.014985,3.433542,1.686109,0.446608
0.063067,-0.290383,-0.007297,2.039812,1.648173,-0.302815
0.048460,-0.336180,-0.006660,2.152807,0.903093,-1.645602
0.029120,-0.375244,-0.018775,2.503656,-0.030498,-2.561363
0.017937,-0.400745,0.000844,0.750588,-1.044246,-2.496908
0.027906,-0.439649,-0.006542,-0.133526,-1.019759,-3.452583
0.043360,-0.473698,-0.001572,0.217924,-0.543977,-4.756899
0.030995,-0.521060,0.029417,-0.424941,-2.037095,-4.619854
0.023750,-0.558250,0.021592,-1.486606,-1.808191,-4.302035
0.031664,-0.564063,0.019613,-1.574474,0.366805,-4.902564
0.066415,-0.567936,0.025472,-0.943895,0.391584,-5.478936
0.068247,-0.592745,0.031226,-1.577979,1.001638,-6.129135
0.083438,-0.601004,0.006765,-1.476785,2.933632,-6.235312
0.080257,-0.595847,0.022071,-0.878840,1.766446,-5.914043
0.100146,-0.579645,0.035648,-1.214702,0.069029,-6.177481
0.126783,-0.548639,-0.009335,-1.934147,2.248249,-6.154074
0.126793,-0.517029,0.024382,-0.650842,2.075183,-6.397687
0.142296,-0.475591,0.026421,-0.568718,1.594909,-5.369726
0.148663,-0.425534,0.011945,-1.140644,0.786514,-4.208225
0.155780,-0.383037,-0.000170,-0.582062,0.856440,-3.803714
0.166362,-0.338198,0.018602,0.396220,-0.317922,-3.159256
0.182522,-0.246261,0.030661,0.093293,-0.668099,-2.248945
0.175323,-0.178413,-0.007031,0.404964,-0.544318,-1.988898
0.171828,-0.138728,-0.018575,0.694258,-0.411826,-2.062051
0.193974,-0.062736,-0.024759,1.731778,0.202913,-1.224586
0.214946,0.016187,-0.002163,1.047760,-0.440199,1.043667
0.237575,0.103024,0.002961,0.434555,-0.833750,1.422408
0.213774,0.150833,-0.013284,0.568390,1.275055,1.046328
0.198829,0.182206,-0.002678,1.929125,1.518780,1.190508
0.246349,0.260985,-0.021336,1.484397,1.429776,0.835837
0.258195,0.313386,0.004379,0.087975,1.105583,0.682645
0.267199,0.349423,-0.029046,0.770880,3.657163,0.985571
0.232805,0.407093,-0.020636,1.456910,2.342576,2.400955
0.221465,0.438187,0.024661,1.003999,1.570005,4.553200
0.237962,0.454232,-0.016740,0.499754,1.299237,6.668601
0.211778,0.460550,-0.039323,0.491160,0.219778,6.137630
0.158288,0.438358,0.010760,0.575076,-1.153536,5.740441
0.153548,0.443226,0.009375,0.866993,-3.128460,4.690960
0.149402,0.447358,-0.019625,0.172649,-1.320444,3.783139
0.119348,0.406873,-0.028127,0.705454,0.478404,1.827586
0.110019,0.384585,-0.002596,0.569269,-1.154208,1.685752
0.107262,0.344037,0.008068,0.592982,-1.145674,2.343186
0.094096,0.306420,-0.022169,-0.168051,-0.236593,3.120996
0.063730,0.281812,-0.034984,-0.551818,0.610053,1.419977
0.035629,0.246618,0.014669,-0.416256,0.417341,-0.217041
0.046445,0.244126,-0.015460,-1.288915,1.161168,-1.300456
0.046891,0.232825,-0.023177,-2.190122,2.233750,-2.120331
-0.012481,0.194650,-0.002370,-2.949179,1.232009,-0.730743
-0.034989,0.186782,-0.012818,-2.616852,1.579022,0.764033
-0.042657,0.200759,-0.029430,-3.542099,0.892172,2.178029
-0.042768,0.171020,-0.020853,-4.757451,0.254706,2.190979
-0.036883,0.145712,-0.028097,-4.044388,0.141022,1.091126
-0.059499,0.160585,-0.029466,-3.680621,-0.876993,1.423859
-0.092080,0.168056,-0.018752,-4.510743,-1.463686,0.171999
-0.114552,0.149083,-0.027024,-4.232819,-1.260746,-0.999799
-0.085949,0.149996,0.000621,-3.191607,-1.751054,-1.174533
-0.077037,0.153304,-0.011790,-3.243089,-2.450798,0.005964
-0.122889,0.128962,-0.011610,-2.861098,-1.882831,0.240940
-0.137470,0.116708,-0.013789,-1.257250,-0.796511,-1.230305
-0.118425,0.143473,0.009024,-0.641346,-0.756485,-2.379678
-0.074569,0.149776,-0.007999,-0.327210,0.147032,-3.058243
-0.096019,0.139226,-0.020784,0.436190,0.447103,-3.223366
-0.153968,0.104875,0.016304,1.926407,0.322452,-1.702071
-0.148850,0.089546,0.011229,1.930694,-0.772421,0.636277
-0.093091,0.095773,-0.012555,2.252645,1.922178,1.091814
-0.098192,0.065460,0.023506,3.451004,0.807712,0.049030
-0.132103,0.039968,0.025475,3.645472,0.605986,0.051918
-0.167192,0.007400,0.015887,3.709092,-0.545792,0.074589
-0.124915,-0.022378,-0.015903,3.554916,0.542668,-0.032381
-0.080050,-0.046314,0.006572,3.930667,-0.791811,-1.190073
-0.097582,-0.102726,0.052286,3.733540,-1.557275,0.362541
-0.149346,-0.134077,0.006703,3.036586,-1.663547,2.586051
-0.153285,-0.177533,0.005387,2.572341,-0.945974,3.000512
-0.135566,-0.268017,0.018336,2.542468,-1.235984,1.868617
-0.082272,-0.326103,0.045580,2.628806,-1.061095,-0.110062
-0.125588,-0.369441,0.036078,1.531960,-2.216586,-1.152913
-0.172746,-0.422501,-0.002649,0.794635,-0.375089,-2.542406
-0.175605,-0.475204,0.000286,0.801535,-0.194545,-3.202337
-0.144586,-0.519317,0.035401,0.243028,-0.415883,-2.277545
-0.112983,-0.568258,0.015296,-0.924065,0.785992,-0.649851
-0.140913,-0.591471,-0.002143,-0.912994,1.201670,-0.204454
-0.192713,-0.648034,0.035802,-1.090606,0.002359,-0.542467
-0.182026,-0.665458,0.048108,-1.530332,-1.051379,-0.861444
-0.125410,-0.656950,-0.001388,-2.222240,0.878153,-3.261717
-0.086819,-0.650608,0.003972,-1.887704,2.832740,-5.601958
-0.105515,-0.684706,0.020772,-1.387687,0.039779,-6.549335
-0.139755,-0.685064,0.022554,-1.039328,-1.612312,-6.050825
-0.137319,-0.651432,0.026076,-1.746927,-1.505777,-5.349887
-0.075941,-0.616625,0.004642,-1.013436,-0.216189,-6.243711
-0.049126,-0.581673,0.005065,-0.417802,-0.703657,-6.526073
-0.070712,-0.560324,0.035467,-0.105245,-1.559963,-6.569753
-0.050682,-0.503633,-0.004838,-0.335879,-0.636111,-4.607166
-0.025066,-0.431948,-0.003548,0.448365,0.250547,-4.182858
0.017074,-0.408823,0.013882,1.522395,0.484582,-3.208824
0.050138,-0.333015,0.010494,1.150160,0.482527,-1.496546
0.047532,-0.303621,0.004740,1.342405,0.664637,-0.461514
0.077398,-0.264353,-0.014108,2.383496,2.005549,1.588333
0.098462,-0.223910,0.011295,3.525089,1.621901,2.618129
0.136056,-0.178258,0.006962,2.966260,0.936652,3.466397
0.150013,-0.128470,-0.009394,3.042377,1.841565,2.214556
0.154762,-0.113122,-0.003564,4.892802,2.309266,2.713310
0.143494,-0.108414,-0.003358,4.780625,-0.095599,4.145162
0.150036,-0.105185,0.010287,4.015449,-0.531710,6.042911
0.168164,-0.078242,-0.005009,4.063300,0.212336,6.641638
0.166999,-0.062493,-0.000742,4.661393,-0.422999,5.699354
0.154129,-0.096450,0.028994,4.212773,-1.807285,5.714450
0.159430,-0.117507,-0.029112,3.449215,-0.351967,5.984855
0.166986,-0.132028,-0.011130,3.378574,-0.016985,6.154429
0.152120,-0.165033,0.000273,3.043933,0.065195,5.531993
0.136555,-0.170584,-0.004782,2.531718,0.190991,5.556303
0.121971,-0.191194,-0.018349,1.398568,1.533216,6.586749
0.124479,-0.203031,-0.031242,0.913959,1.348559,6.502863
0.116729,-0.250879,0.022823,0.488374,-1.403795,6.778402
0.115668,-0.282564,-0.008071,-0.655319,1.744920,7.359719
0.110719,-0.283260,-0.031810,-1.000793,2.285242,5.273932
0.086773,-0.301346,0.010671,-1.611566,1.644871,2.681678
0.130820,-0.318750,0.013012,-1.581091,2.382724,2.036739
0.130400,-0.328243,-0.012233,-2.580269,1.543181,3.198125
0.132790,-0.348788,-0.022655,-2.338658,2.153150,3.253690
0.144124,-0.356790,0.000342,-1.974291,0.133296,2.284990
0.151388,-0.355615,-0.008370,-1.913061,0.269970,0.069429
0.155251,-0.394331,-0.036642,-1.485195,0.391643,-2.376565
0.163428,-0.391207,-0.023807,-0.890808,-0.323860,-4.520257
0.173548,-0.379167,0.024028,0.024671,-1.168464,-5.367546
0.166746,-0.362488,-0.006771,-0.423287,-0.627170,-6.445112
0.146172,-0.332723,-0.032617,-0.158000,-0.368790,-7.969688
0.145368,-0.335221,0.000539,1.454172,0.166543,-7.296296
0.183040,-0.303388,-0.011961,1.830432,0.018193,-6.266840
0.167606,-0.295376,-0.004881,1.232565,0.879692,-6.149983
0.138895,-0.283067,-0.012306,1.592934,1.233480,-7.427423
0.129149,-0.246037,0.015858,2.889816,2.474209,-10.247236
0.148503,-0.206796,0.006631,2.290859,1.908395,-11.882652
0.166162,-0.174411,-0.018818,1.942862,1.886390,-11.964812
0.134815,-0.159627,0.001943,1.369899,2.543823,-9.541841
0.150331,-0.096575,0.017519,1.677559,2.503902,-6.001383
0.143953,-0.048004,0.009145,1.174220,1.214967,-2.405707
0.153446,-0.024528,-0.018854,0.301544,1.769755,-1.693940
0.134690,0.008805,-0.027736,-0.092641,1.443986,-1.615806
0.119249,0.020290,0.023604,-0.096100,-1.322479,-1.667458
0.127190,0.072980,0.008190,-1.309670,-1.657354,-0.929435
0.114165,0.090721,-0.001723,-1.124603,-1.513327,-1.453050
0.103556,0.102193,0.002268,-0.644569,-0.788870,-0.286350
0.115465,0.133370,0.003798,-0.756698,-1.499993,2.495842
0.095905,0.128732,0.004743,-1.250767,-1.207440,4.191224
0.059703,0.122226,-0.008856,-1.631027,-0.375105,4.220838
0.069685,0.149575,0.025666,-0.770077,0.687791,3.361492
0.091670,0.180384,0.026188,-1.175208,-0.978467,1.554174
0.103536,0.204596,0.014896,-1.679568,1.632486,0.483492
0.094310,0.206575,-0.034012,-1.703632,2.904717,2.299708
0.079141,0.230369,-0.001280,-0.560437,2.946995,3.407957
0.100474,0.277663,0.022997,-1.104885,0.563157,6.539785
0.127190,0.298250,0.008817,-1.642322,2.358857,8.110442
0.112360,0.319701,-0.010865,-1.991954,3.432973,8.930030
0.083642,0.324234,0.009063,-1.010794,0.737201,8.953351
0.098626,0.334305,0.032135,-0.698365,-0.293166,8.328070
0.129011,0.342478,-0.006945,-0.992935,-0.528661,6.210937
0.122420,0.344841,-0.014367,-0.298194,0.071562,3.877270
0.072810,0.318247,0.028216,0.060455,-2.652251,2.295685
0.079886,0.332332,-0.000633,-0.052168,-2.074138,1.395125
0.083717,0.345921,-0.024027,-0.460376,-0.969049,0.528157
0.048096,0.331734,0.009444,-0.145882,-2.590580,-1.126652
0.059873,0.336839,0.007940,0.318455,-1.300595,-1.223661
0.031326,0.345599,-0.022813,-0.028111,-0.722584,-1.488856
0.001436,0.313146,0.012326,-0.564875,0.068286,-3.434240
0.014142,0.282308,0.016665,0.129380,1.758762,-3.975973
0.025480,0.299547,-0.019317,-0.697131,2.108945,-3.881702
0.019214,0.291170,0.003847,-1.225935,3.730663,-4.171144
-0.012101,0.244753,0.020253,-0.962835,2.170110,-3.394003
-0.020087,0.234289,0.014899,-1.135278,1.618667,-1.917063
-0.010771,0.201103,0.006247,-1.446019,0.855937,-1.088388
-0.020776,0.137322,0.031416,-0.907148,0.227537,-1.583527
-0.043343,0.085952,0.031141,-0.330525,-1.291818,-1.994390
-0.072179,0.081862,-0.008803,-0.600929,-1.842030,-1.301786
-0.102341,0.048237,0.009309,-1.217923,-2.459128,-2.762734
-0.086149,0.001951,-0.000577,-0.434428,-2.564518,-3.125866
-0.083297,-0.006101,0.006864,-0.204893,-2.944155,-1.674309
-0.120628,-0.042759,0.008134,-0.652070,-3.913977,0.814515
-0.145138,-0.097097,-0.017679,-0.382834,-2.127386,2.159160
-0.142042,-0.124892,0.023650,0.292380,-1.107026,1.919411
-0.147458,-0.171404,0.008764,0.293945,-0.784717,1.614190
-0.169149,-0.216548,0.028626,-0.014253,-0.154423,0.259094
-0.153856,-0.235977,0.020890,0.395763,1.593015,-0.233127
-0.153334,-0.239335,0.031180,0.665478,1.871435,0.409250
-0.161681,-0.257907,0.026601,0.326799,2.044055,2.197559
-0.168269,-0.267380,0.001832,0.482551,2.577487,3.970913
-0.166139,-0.278652,0.030632,0.916837,1.580939,5.609284
-0.154909,-0.285519,0.023204,0.390745,-0.071358,7.228482
-0.166526,-0.293925,-0.003761,0.096244,0.525790,6.030332
-0.167790,-0.323736,0.007350,1.318362,0.490769,4.702681
-0.116804,-0.305466,-0.005038,1.768233,-1.556819,4.122527
-0.105381,-0.336065,0.021307,0.841105,-3.041965,3.016464
-0.089668,-0.385475,0.002918,2.168634,-1.718095,1.886469
-0.090344,-0.416787,0.023614,2.863313,-2.778995,2.152120
-0.056781,-0.446516,0.015461,2.923667,-2.510853,0.962421
-0.020530,-0.462583,-0.027182,3.286649,-0.236734,-1.425376
-0.045979,-0.512342,0.013304,3.586244,-1.543338,-4.035142
-0.043228,-0.543262,0.023985,4.064522,-0.755382,-4.966146
-0.025946,-0.526259,-0.012332,3.322668,0.441684,-4.951638
-0.014497,-0.556087,0.007084,3.345822,3.053461,-6.082654
-0.015015,-0.569095,0.035001,2.791894,1.050162,-6.240369
-0.029346,-0.555342,0.013655,2.302876,1.763735,-4.901997
-0.032465,-0.574101,-0.026184,1.936668,3.070103,-4.818758
-0.030160,-0.592866,0.008118,2.453383,1.906623,-6.331351
-0.023888,-0.613579,0.037893,1.965632,0.889290,-6.681016
-0.032668,-0.620222,-0.003551,0.856260,0.105441,-6.946595
-0.073617,-0.600836,-0.007713,0.641122,-0.113944,-8.001428
-0.104311,-0.629505,0.015838,0.325378,-1.702172,-8.317678
-0.064754,-0.629180,-0.001464,0.273598,-0.213317,-7.922911
-0.042109,-0.597442,-0.039461,-1.038202,-0.133813,-6.306878
-0.055806,-0.601509,-0.011643,-0.334904,-1.098705,-5.368468
-0.058580,-0.568061,-0.010274,-0.134193,-0.890444,-4.923773
-0.056220,-0.534111,-0.004815,-1.246345,-0.754128,-3.242019
0.009537,-0.485465,-0.018634,-1.612005,2.032367,-1.726063
0.049143,-0.455050,-0.004372,-1.064928,1.488581,-0.893948
0.076857,-0.421444,-0.006105,-0.394119,2.818606,1.608669
0.087998,-0.358192,-0.010159,-1.412958,2.057924,3.651406
0.112465,-0.329799,-0.013891,-1.184126,3.264062,4.310146
0.153997,-0.276640,0.024714,-0.080974,0.545586,4.753328
0.200989,-0.226868,0.006532,-0.130513,1.307998,5.421101
0.211699,-0.195560,-0.026043,0.384636,1.968598,4.970964
0.256757,-0.139283,-0.016399,1.782925,1.837104,5.538005
0.289428,-0.074730,0.005400,1.790911,-0.057401,6.338756
0.308945,-0.021991,-0.012512,1.688617,-0.970470,7.173979
0.296564,0.022381,-0.014134,1.865780,-0.795582,8.829982
0.323585,0.070163,0.003749,3.030941,-1.011491,10.939320
0.347389,0.119016,-0.005248,2.949063,-1.777947,12.408533
0.351269,0.112687,-0.036940,3.233739,0.418165,11.543069
0.319143,0.118064,-0.026995,3.892659,-0.824983,10.184483
0.312648,0.112612,0.003782,3.892344,-0.036006,7.812884
0.336747,0.119951,-0.012919,3.690067,1.045869,4.509934
0.318434,0.076800,0.018109,3.908074,1.549533,1.554281
0.321648,0.082998,0.028485,3.173264,2.622135,2.188947
0.281520,0.089786,0.000082,2.983700,3.363572,1.229247
0.248962,0.087271,-0.001185,2.102661,3.311559,0.449411
0.230573,0.093436,0.011364,1.413447,2.363784,-0.044922
0.210560,0.094736,-0.008153,-0.093520,2.584564,-0.066924
0.187229,0.084035,-0.002928,-0.765173,2.184369,0.488464
0.176131,0.061770,0.017233,-0.812272,1.357658,0.860283
0.140267,0.018947,0.000837,-1.866562,0.017163,0.984116
0.137674,0.000103,-0.032217,-1.909207,1.762077,-0.536398
0.116381,-0.064837,0.023102,-1.931150,-0.603812,-3.177284
0.145309,-0.103399,0.013947,-1.761875,-0.964936,-5.263611
0.142410,-0.155806,-0.020239,-2.425010,-0.061750,-7.330881
0.124311,-0.208926,0.010218,-1.274380,-0.596167,-7.730836
0.145870,-0.206405,0.017046,-1.256419,-0.689852,-7.851292
0.129940,-0.226481,0.014299,-1.971528,-0.177318,-7.794775
0.136092,-0.250236,0.020289,-1.894656,0.804193,-8.166087
0.113952,-0.253226,0.032152,-0.705261,0.799401,-7.475312
0.090377,-0.217674,0.009427,-1.682768,1.054321,-7.044059
0.074841,-0.178980,0.014883,-2.059914,0.762069,-8.452065
0.059552,-0.170223,0.023378,-1.098691,1.963836,-8.264494
0.078567,-0.113991,-0.006945,-1.448872,1.086154,-6.024141
0.047827,-0.090676,0.001894,-1.883860,1.907154,-4.095042
0.019572,-0.058114,0.002364,-1.925219,1.309550,-2.351631
0.014586,-0.024844,0.013324,-0.953214,0.028438,-1.473432
0.019083,0.031043,0.015405,-1.152294,0.007273,-0.751742
0.015291,0.072583,0.002327,-1.570736,-0.225101,-1.002373
-0.008729,0.112875,0.021760,-0.128091,-0.846821,-0.620173
-0.064656,0.144225,0.034197,-0.501350,-2.629415,1.423610
-0.056154,0.214446,-0.009995,-0.760925,-0.809103,2.980644
-0.027564,0.269325,0.009362,0.409963,-0.479329,2.772229
-0.054950,0.268748,0.019157,0.763344,-2.576325,3.328178
-0.084944,0.305180,-0.008780,0.900979,-1.078282,4.396601
-0.108831,0.323719,-0.007471,1.234977,0.770902,3.696978
-0.096259,0.325019,0.011033,1.888553,-0.738310,2.612599
-0.077703,0.349647,0.003230,2.317381,-0.408048,1.294670
-0.114992,0.338096,0.000013,1.540691,0.622621,1.606005
-0.117766,0.332270,0.001812,1.434609,0.657786,0.508079
-0.099033,0.323259,0.016005,2.074668,0.048982,0.724737
-0.097904,0.322324,0.024763,1.303055,0.006068,1.484936
-0.071946,0.334636,0.009473,0.543036,1.078020,1.704013
-0.103881,0.336245,-0.005156,0.123941,0.436166,1.424664
-0.120241,0.309795,0.021070,0.477112,0.073965,1.656677
-0.085716,0.304635,0.018960,-0.882461,-1.117353,2.649960
-0.071381,0.290074,-0.004047,-1.363637,-1.092216,2.543307
-0.088086,0.263844,-0.007970,-1.881983,-1.006889,0.978999
-0.089267,0.222331,-0.006177,-1.624410,-1.993794,-0.324786
-0.093620,0.202167,-0.014347,-1.711989,-2.066119,-0.934197
-0.102417,0.164136,-0.013235,-2.935524,-2.352302,-1.777941
-0.076148,0.132284,-0.017925,-2.546739,-0.933034,-1.889464
-0.096541,0.105305,0.018487,-2.717275,-2.514241,-2.163380
-0.136065,0.092540,0.005236,-3.461367,-0.835116,-1.259174
-0.143588,0.098497,-0.019415,-3.600211,0.595935,-1.025314
-0.138826,0.088191,0.016114,-3.024695,-1.142470,-0.356313
-0.121517,0.086874,0.003437,-3.405395,0.687213,0.709528
-0.122689,0.083697,0.004464,-3.430969,1.276782,0.882811
-0.142791,0.070807,0.003053,-2.708071,1.374792,1.117719
-0.130787,0.074004,0.011479,-2.047533,0.915717,1.190550
-0.093932,0.082578,-0.002599,-1.956977,0.948486,2.028468
-0.096236,0.059010,-0.010589,-1.493562,0.974358,0.605196
-0.094214,0.050118,0.030885,0.383845,-0.128765,1.288732
-0.053085,0.046799,0.011019,0.382318,-0.625283,2.783204
-0.056243,0.018856,-0.009808,0.987259,-0.859455,2.459749
-0.085906,-0.010828,0.019770,2.341556,-1.587349,2.558255
-0.071939,-0.030788,0.019068,2.811972,-3.404021,3.370312
-0.029140,-0.028398,0.012401,3.175581,-2.408251,3.145547
-0.036725,-0.077842,-0.021080,3.514962,-0.241155,2.016136
-0.044301,-0.100307,0.012720,3.747208,-1.127630,1.586583
-0.024787,-0.119657,0.025472,4.206831,-0.815100,2.451890
-0.004498,-0.142230,0.011673,3.845806,0.009272,3.404231
0.018403,-0.182079,-0.002150,3.688157,0.576927,3.615368
-0.016200,-0.233426,0.036439,3.649185,1.138627,3.291329
-0.011172,-0.249464,0.020250,2.348739,0.684121,4.081485
0.006931,-0.294125,0.014157,2.176312,1.109781,2.156893
0.042920,-0.354220,0.022593,2.788523,2.389574,1.326394
0.032885,-0.381770,-0.000955,1.977101,1.371421,1.153975
-0.004108,-0.438674,0.008216,0.874940,0.384671,1.125066
-0.003441,-0.508606,0.002863,1.521036,1.297842,0.008220
0.011103,-0.570155,0.020013,1.681199,-0.981722,0.085670
0.010368,-0.619546,0.016275,0.907614,-1.154454,-1.144610
-0.003816,-0.686094,-0.022524,1.419497,0.784022,-3.180878
-0.021311,-0.716178,0.013649,1.779741,-1.528685,-5.841872
-0.027242,-0.767998,0.022406,1.209165,-1.107545,-6.752634
0.003987,-0.796850,0.008377,0.637745,-0.735228,-7.712894
0.014625,-0.824269,0.011033,0.948070,0.045320,-8.887919
0.011165,-0.851746,0.021123,0.980461,0.526072,-8.545954
-0.005601,-0.846524,0.010990,0.598576,1.290559,-8.603548
-0.020146,-0.833154,-0.007073,-0.119579,3.047333,-8.174271
0.007259,-0.785510,-0.002990,-0.371480,1.902182,-8.673195
0.009633,-0.777451,0.040801,-0.060646,-0.940495,-7.971298
-0.014858,-0.754343,-0.001989,-0.482295,1.777948,-5.942390
-0.035823,-0.721187,-0.007671,-0.497014,1.851980,-5.257615
-0.014116,-0.665034,0.016429,0.189151,1.429675,-5.433114
-0.012580,-0.613799,0.000437,-0.596462,0.344100,-6.112317
-0.002549,-0.553714,-0.004943,0.035119,0.611094,-6.813683
-0.025243,-0.501244,0.006549,0.139743,-1.482636,-6.790201
-0.015708,-0.423424,-0.020538,-0.482345,-0.912184,-4.985132
0.028937,-0.356557,-0.022140,0.558211,-0.713216,-3.916022
0.040448,-0.294292,-0.004178,1.356060,-0.956973,-2.479742
0.049498,-0.220060,-0.026049,1.155749,-0.082019,0.461192
0.069734,-0.152652,-0.043742,0.767398,0.875842,2.347642
0.096000,-0.110880,-0.001543,1.939642,0.593601,2.513914
0.124620,-0.051074,-0.003046,2.487251,0.549535,2.738862
0.143805,0.013023,0.017988,2.423916,1.754016,4.073479
0.167784,0.058898,-0.011298,2.325420,1.525604,4.524006
0.186592,0.094463,-0.009601,3.352816,2.843972,5.828864
0.196308,0.140536,-0.001549,2.950839,1.295774,8.261286
0.209878,0.173373,-0.032200,1.723582,1.327115,9.989818
0.229008,0.212746,-0.017200,2.056224,1.238896,10.651420
0.236026,0.230281,0.023118,3.246104,-0.113226,9.876252
0.206674,0.249555,-0.015631,1.721041,-0.400429,9.357314
0.192090,0.268879,-0.030027,0.902119,-0.732294,7.901523
0.197001,0.271689,-0.001254,1.949256,-0.655064,7.859284
0.184777,0.273829,-0.010041,1.028666,-1.123652,7.923915
0.176105,0.260335,-0.034131,0.032611,-0.114368,7.608447
0.137103,0.214154,0.008728,1.174725,-0.973356,8.122122
0.134762,0.183270,-0.025872,0.642251,-0.310677,9.263696
0.131523,0.141849,0.006184,0.145028,-0.355880,6.474263
0.094982,0.104987,-0.010202,-0.204746,0.696562,3.320495
0.065631,0.082587,-0.008111,-0.033731,1.236795,1.223006
0.063245,0.098931,-0.004595,-1.278868,0.759105,-0.908048
0.032593,0.075353,-0.042734,-2.858643,2.030830,-1.888549
0.028736,0.037687,0.016465,-1.577872,1.877179,-0.133068
0.024170,0.045007,-0.008610,-2.235370,0.719033,2.162982
-0.003451,0.048092,0.000827,-3.382717,1.018809,1.870204
-0.007912,0.002489,0.029394,-2.063610,1.707474,-0.681121
-0.005697,-0.003987,0.001254,-2.527990,0.167118,-2.874761
0.000668,-0.016240,0.037843,-2.766370,-0.992414,-5.310071
0.010122,-0.037057,-0.003729,-2.379912,-0.050899,-8.469025
0.000232,-0.041364,0.015434,-1.523449,-0.708923,-9.101577
0.001915,-0.063740,0.013704,-1.540225,-1.955780,-8.291553
0.030735,-0.090574,-0.004195,-1.010748,-0.891193,-7.528792
0.030466,-0.092262,-0.005504,-0.488673,-0.723441,-7.900574
-0.003317,-0.097989,0.036997,0.081394,-1.450511,-8.309268
-0.000635,-0.068579,0.005042,-0.140436,-0.385448,-8.348700
0.007758,-0.035482,-0.019205,-0.044428,0.331817,-9.188401
-0.008956,-0.023353,0.036813,0.112870,-0.582161,-8.512872
0.001210,-0.014927,0.019199,0.208589,0.216889,-5.613671
-0.042499,0.011368,-0.015710,-0.162491,1.061772,-2.387327
-0.068690,0.014191,0.015159,-0.005059,0.310908,-0.729314
-0.051404,0.028086,0.028705,0.611771,0.735544,0.396897
-0.083152,0.030170,0.034502,0.484849,-1.702464,-0.272357
-0.126917,0.013916,0.012480,0.072003,-0.017631,-0.542761
-0.111499,0.011578,0.015044,1.538882,0.303618,-0.187736
-0.107698,-0.006176,0.019944,1.625026,-0.501335,0.072529
-0.134227,-0.002664,0.024596,1.119971,-1.132308,0.037206
-0.164481,-0.008034,-0.014850,1.386390,-1.021621,0.941738
-0.182597,-0.002454,0.001310,1.759679,-1.821147,1.578285
-0.188121,-0.028858,0.039800,1.370844,-3.675623,2.138174
-0.175838,-0.034530,-0.000614,1.021324,-1.073874,3.192989
-0.195057,-0.045296,-0.017804,1.021291,-1.178311,2.478379
-0.208079,-0.062309,0.011633,1.911357,-0.338086,1.465123
-0.215228,-0.088126,0.008791,1.051155,-0.871492,0.643538
-0.208922,-0.100996,-0.004182,-0.292252,-0.693164,-0.746949
-0.207209,-0.113827,-0.012414,0.228011,1.239904,-1.765772
-0.214115,-0.110098,0.019045,-0.043630,-0.383446,-1.923290
-0.183303,-0.107456,0.001211,-0.838814,-0.487332,-1.689530
-0.183122,-0.090492,-0.035864,-1.769674,0.750486,-1.539874
-0.190252,-0.065316,-0.000788,-2.025544,-0.204294,-0.527987
-0.213143,-0.043150,0.016718,-2.165047,-1.421005,0.764870
-0.209959,-0.011809,0.004707,-2.987321,-1.228615,1.501889
-0.212658,-0.008195,-0.011226,-3.156111,-1.269327,0.511140
-0.223887,-0.006757,-0.008104,-2.951273,-1.818012,-0.819639
-0.202548,0.017690,0.002843,-2.557144,-1.709571,-2.451054
-0.198313,0.055212,-0.009690,-2.669361,-2.001773,-3.609447
-0.189162,0.047695,-0.015234,-2.346487,-0.468812,-4.730174
-0.153262,0.062164,-0.001959,-1.851328,-0.320643,-3.816552
-0.128778,0.052074,-0.018972,-0.288819,-0.803519,-2.043900
-0.146992,0.051309,0.013865,-0.279658,-2.373207,0.243993
-0.160923,0.042440,-0.018641,0.027313,-0.167970,0.861245
-0.133643,0.075277,-0.015299,0.974628,0.651261,0.722398
-0.096712,0.066536,-0.009401,2.197963,-0.057178,1.295595
-0.096354,0.056830,0.007635,2.152508,-0.628539,0.282385
-0.099706,0.035593,-0.026036,2.652672,0.921481,1.423295
-0.093955,0.042161,-0.017380,3.194252,0.491810,1.412030
-0.050443,0.046484,0.025446,3.142465,-0.386164,2.581170
-0.024610,0.016932,-0.015115,2.889822,0.059348,3.692388
-0.005736,-0.015830,-0.013881,3.192282,1.420402,5.135273
-0.016506,-0.046002,0.019232,3.182389,-1.318035,5.914272
-0.004603,-0.059486,0.015674,2.410222,-1.260090,6.418327
-0.000159,-0.093335,0.020138,1.799117,-1.255639,5.447631
0.002198,-0.114608,0.014545,1.527200,-0.868403,4.985549
-0.008034,-0.126573,0.013655,1.910536,-0.982126,5.610441
-0.008181,-0.150305,0.021280,0.112177,-2.242530,7.435681
-0.003349,-0.214720,-0.001070,-0.195361,-0.479890,8.049868
0.005100,-0.257746,0.023827,-0.205208,-0.004101,8.352536
0.003140,-0.288397,0.022961,-0.142130,-0.078822,7.973625
-0.006642,-0.328850,0.037620,-0.721802,0.456077,8.071422
0.007059,-0.408282,0.004077,-0.354900,2.471576,5.932457
0.031566,-0.451187,0.028416,0.232068,1.687100,3.576770
0.057366,-0.477820,0.021251,0.457290,0.838278,2.739772
0.055633,-0.506604,0.014804,-0.170966,1.603844,1.226886
0.038367,-0.592903,0.021461,1.602483,2.067597,-0.843253
0.067056,-0.624614,0.024061,1.800155,1.237951,-0.418133
0.105982,-0.652863,0.018434,2.103229,0.808181,-0.688546
0.085352,-0.702815,0.019554,2.093411,0.357759,-2.686409
0.077576,-0.764180,0.024218,3.884188,0.542402,-5.297852
0.097267,-0.769527,0.046220,3.423895,-2.343357,-7.495336
0.133607,-0.796552,0.007084,3.454796,0.014806,-8.910519
0.160667,-0.834385,0.013737,4.186858,0.246362,-10.932888
0.124373,-0.842014,0.031728,4.132015,-0.771180,-11.305295
0.103205,-0.831287,0.001395,3.243666,-0.495131,-11.588895
0.108112,-0.816768,0.018992,2.763481,-0.254708,-12.524951
0.142614,-0.804833,0.032759,2.829596,0.666094,-12.400914
0.122811,-0.795656,0.006168,1.994229,0.671862,-10.428789
0.060540,-0.789728,0.001090,1.210317,2.292841,-9.699708
0.058528,-0.745937,-0.004543,0.581766,1.853395,-9.076807
0.079079,-0.715695,0.021618,0.558766,0.876485,-9.257797
0.066750,-0.683029,0.018201,-0.811363,-0.208245,-8.387606
0.061925,-0.638578,-0.006955,-0.751350,2.154447,-8.350627
0.060921,-0.614655,-0.004894,-0.027119,1.933175,-7.008553
0.055009,-0.573175,-0.010891,-0.768527,1.101198,-5.983759
0.026718,-0.545875,-0.016143,-1.031372,1.481678,-5.300120
0.021876,-0.492706,-0.008121,-0.746128,0.144617,-5.409209
0.037822,-0.410822,-0.019383,-0.682399,-0.839603,-3.982051
0.026806,-0.350760,-0.005353,-1.203178,-1.680117,-2.004316
0.054159,-0.292458,-0.038270,-0.809423,1.065511,-0.374769
0.030926,-0.216922,-0.012296,-0.121125,-1.131661,1.478331
0.021390,-0.154510,-0.017298,-0.252738,-0.692674,3.260097
0.031290,-0.101410,-0.033819,-0.063568,-0.502286,5.022116
0.040215,-0.041236,-0.027612,1.128919,0.010805,6.184821
0.026343,-0.001896,0.001090,1.370326,-1.039136,7.202902
0.059243,0.062949,-0.033402,1.112710,0.923313,7.822590
0.070056,0.118927,-0.052325,1.891875,2.198074,6.630565
0.064597,0.163404,0.011085,1.926177,0.536658,6.083050
0.118137,0.241096,-0.015391,1.740243,1.993512,8.219416
0.110988,0.325783,-0.058854,1.168508,2.262672,10.944226
0.066563,0.360367,-0.011721,1.351950,-0.042443,13.020989
0.042542,0.382117,-0.007326,1.693285,-0.989236,13.605709
0.056187,0.451563,-0.028065,0.246583,-1.045300,14.925780
0.053666,0.450657,-0.018588,0.786183,-1.239296,11.977221
0.005037,0.411032,-0.020892,1.764953,-1.080967,9.568406
0.009160,0.413595,-0.016839,1.035986,-2.337879,7.900612
0.012524,0.406298,-0.035102,0.877320,-1.261508,4.612120
0.047886,0.367776,-0.014236,1.793576,-0.381391,2.165112
0.046609,0.346587,-0.006039,1.135483,-1.284246,1.563244
0.000878,0.307280,-0.016067,0.351043,-0.539319,2.040744
-0.070210,0.278181,-0.009371,-0.230690,-0.449157,1.200957
-0.065125,0.246388,-0.000692,0.379010,0.098846,-0.931400
-0.069803,0.244832,0.006224,-0.961276,-0.866765,-3.152893
-0.109950,0.197427,-0.008990,-2.096730,0.139407,-5.192502
-0.165469,0.155792,-0.003006,-1.643438,0.743126,-5.611283
-0.188945,0.133866,0.013196,-2.323651,-1.852406,-3.967572
-0.171085,0.100208,0.005633,-3.422415,0.155485,-3.201873
-0.184763,0.047820,0.015355,-2.914487,0.300365,-4.371597
-0.166296,0.013285,0.031101,-2.912934,-0.046559,-3.840074
-0.199426,-0.023504,0.010793,-2.928076,-1.047926,-5.164755
-0.211768,-0.058850,-0.023105,-2.972084,0.576828,-5.846183
-0.201967,-0.095239,0.010970,-2.647989,-0.875119,-5.734251
-0.153554,-0.091894,0.030701,-2.405446,-0.871774,-3.197505
-0.176938,-0.120628,0.001044,-2.719609,-1.249642,-2.371329
-0.220404,-0.167420,0.026214,-1.047686,-1.612167,-1.360292
-0.198015,-0.188998,0.027497,-0.647993,-1.479235,-1.421948
-0.173583,-0.179440,0.006129,-0.953253,-1.061437,-3.300452
-0.143995,-0.202722,0.027382,0.347751,-0.185662,-6.273337
-0.172582,-0.220500,0.052568,0.755588,-1.148280,-7.552034
-0.136971,-0.223946,0.018274,1.068834,0.274220,-5.701122
-0.114270,-0.217408,0.008315,1.546084,0.620875,-3.393327
-0.104120,-0.211644,0.039504,2.083902,-0.066356,-0.761106
-0.112871,-0.211099,0.041241,1.699633,0.382363,1.921464
-0.125069,-0.184958,0.026286,1.002312,0.081160,2.899886
-0.110833,-0.189980,0.030277,1.951314,-0.402156,0.757297
-0.102105,-0.195097,0.061129,1.944582,-2.456864,-0.025439
-0.082509,-0.181583,0.020105,1.421240,0.107788,0.501008
-0.098695,-0.177382,-0.002855,2.248910,0.584273,0.613398
-0.094959,-0.179883,0.034354,1.955886,-1.190377,2.143048
-0.082548,-0.207994,0.052224,2.135971,-2.727622,2.984587
-0.069651,-0.207721,0.018080,1.378220,-0.917170,3.368472
-0.085506,-0.215301,0.005275,2.126206,-0.158861,1.327661
-0.086700,-0.228197,0.042980,1.914826,-0.850330,-1.355513
-0.067794,-0.254936,0.030376,2.198849,-0.327086,-3.103086
-0.051542,-0.277122,0.002708,1.218273,0.794822,-3.921939
-0.063668,-0.299649,-0.005002,1.949545,0.163714,-4.020373
-0.078862,-0.320959,0.039682,2.027998,-0.301956,-3.440435
-0.121878,-0.327846,0.018648,0.861669,-0.425169,-2.743052
-0.100890,-0.327051,-0.009775,0.920898,2.491602,-2.538277
-0.113305,-0.353616,0.009756,0.935734,-0.157837,-3.025345
-0.122843,-0.383480,0.011069,1.453270,-0.065315,-3.802879
-0.142932,-0.432358,-0.001221,0.519974,0.182328,-4.665888
-0.142229,-0.442255,-0.019163,0.027812,0.414620,-5.191715
-0.123973,-0.428807,-0.000801,0.901052,0.615138,-7.196977
-0.085138,-0.408544,0.029749,-0.016826,-1.046324,-7.139018
-0.063471,-0.409785,-0.005262,-0.557164,0.866746,-7.407337
-0.062781,-0.393842,-0.030743,-1.403758,1.863380,-6.902820
-0.071273,-0.366024,-0.008692,-1.256954,0.216646,-5.567609
-0.054339,-0.303457,0.011620,-1.500324,-0.164126,-3.915312
-0.045155,-0.278268,-0.026007,-2.207223,0.193108,-2.586718
-0.027216,-0.229379,-0.027191,-2.956407,-0.420390,-1.106486
-0.032176,-0.202348,-0.002274,-2.345532,-0.820230,0.614864
-0.022693,-0.164928,0.002620,-2.277914,-1.054018,2.451119
0.009774,-0.088162,-0.034393,-3.058832,1.222700,3.314190
0.015318,-0.047732,-0.025780,-2.164079,-0.048818,3.062952
0.041032,0.001928,0.007704,-1.275566,-0.052816,6.253594
0.075639,0.049034,-0.028882,-1.147807,0.264593,9.203289
0.066333,0.070564,-0.036839,-0.753372,0.298852,11.252040
0.082476,0.078248,0.003634,0.196930,0.743858,12.715437
0.112757,0.094611,0.006181,2.575814,0.649951,12.032824
0.098370,0.113981,-0.006282,2.757884,-0.864467,10.535854
0.068503,0.084130,-0.004241,3.404758,0.479908,8.479452
0.092127,0.084170,0.008544,5.195564,0.663475,8.084608
0.112793,0.089947,-0.006016,5.916551,0.047899,7.780155
0.107003,0.080355,0.025892,5.472845,-1.013142,7.647617
0.072416,0.022772,-0.000374,5.962860,0.357538,8.460657
0.082132,-0.021338,0.011899,6.910205,0.047007,9.757871
0.111421,-0.062713,0.038438,6.051246,-1.438684,11.133300
0.117490,-0.123399,0.018290,5.346402,1.049499,9.150133
0.100760,-0.165197,0.021300,5.188747,0.012278,5.974173
0.068053,-0.205473,0.020417,4.846766,0.213019,4.350935
0.051333,-0.262154,0.024172,3.076192,0.613582,2.200097
0.078777,-0.326296,-0.017469,2.329540,2.185702,0.101224
0.077687,-0.392529,0.007057,1.836275,0.983342,-0.609164
0.070203,-0.440253,0.017322,0.515825,0.190272,-0.649977
0.040320,-0.496770,0.002252,-0.994920,0.702950,-2.692777
0.030233,-0.563571,-0.006368,-0.858702,1.238755,-4.226870
0.049219,-0.628438,0.012546,-1.928419,0.644680,-6.203062
0.056657,-0.667270,0.004481,-2.646203,0.396504,-6.812548
0.023136,-0.694284,0.001431,-3.506038,0.077501,-8.342201
-0.011506,-0.743268,-0.002780,-3.018001,0.193683,-10.247634
-0.029117,-0.760228,-0.010914,-2.920031,-0.138970,-11.098026
-0.016194,-0.773837,-0.021089,-3.558731,0.238944,-12.057194
-0.011828,-0.795649,-0.008724,-2.541710,1.755398,-13.519448
-0.029852,-0.807262,0.004779,-1.946965,-0.721950,-13.368942
-0.059735,-0.763097,0.004487,-2.432030,-0.240686,-13.023059
-0.067045,-0.701463,-0.032775,-2.320254,0.534954,-13.355499
-0.043359,-0.671796,0.015040,-0.852045,0.027145,-13.936868
0.018489,-0.628307,0.009549,-0.267666,0.011760,-12.271288
-0.007072,-0.566696,-0.038375,0.020627,1.408070,-11.075444
-0.036010,-0.502205,0.003309,1.112254,1.149377,-9.854493
0.007085,-0.426844,0.015444,1.764727,1.054029,-7.943444
0.066973,-0.354752,0.005800,1.866434,1.924597,-6.877353
0.052747,-0.299745,-0.038644,2.691609,1.965700,-5.511708
0.023550,-0.231975,0.022560,3.304916,0.535552,-3.725724
0.004939,-0.152137,0.018792,3.247756,-1.136076,-0.372576
0.034241,-0.057852,-0.006341,2.471771,-0.189999,0.477477
0.059621,0.014178,0.006982,3.105734,-0.635954,0.397953
0.032642,0.075799,0.020397,3.253421,-2.124550,2.133263
0.005940,0.156367,0.003568,2.294988,-1.722799,4.949443
-0.000707,0.207264,-0.025767,2.108582,-0.111624,5.587630
0.054441,0.255283,-0.000850,2.329973,-0.660746,7.153975
0.100592,0.316967,-0.017735,1.985520,0.020471,7.152497
0.064213,0.361982,-0.026719,0.802257,0.868870,6.278054
0.008260,0.368225,-0.019031,0.692341,0.755567,6.048893
0.042972,0.394285,0.011666,0.028550,0.059755,6.215162
0.122407,0.450155,-0.014889,-0.383668,1.890115,8.328384
0.094838,0.459635,-0.031160,-1.275654,2.283666,8.731736
0.021498,0.456520,-0.011876,-1.695774,0.738193,10.058251
-0.018590,0.447772,-0.042051,-0.891501,-0.663645,10.532497
0.018653,0.444102,-0.016130,-1.535066,-1.137061,10.555025
0.049022,0.414091,-0.021175,-1.616805,-0.297909,9.143278
-0.000901,0.400147,-0.026394,-1.665431,-0.991708,7.013175
-0.047521,0.396244,-0.017354,-1.087436,-1.462856,5.061351
-0.047978,0.370464,-0.029926,-1.614553,-2.358981,3.023974
-0.002214,0.357190,-0.033090,-2.302595,-1.544710,1.523090
-0.028877,0.301618,-0.008875,-0.873818,-0.450595,1.151852
-0.093180,0.286296,-0.010001,-1.356612,-1.330390,1.866343
-0.125384,0.275493,-0.047060,-1.555679,-0.476303,0.562496
-0.131292,0.267802,-0.027730,-1.403591,-0.375286,-2.488548
-0.128338,0.255634,-0.004323,-1.355917,-0.523110,-5.083825
-0.147419,0.239938,-0.028646,-2.557240,0.889763,-6.026994
-0.181822,0.223660,-0.033218,-1.879758,0.861517,-5.588582
-0.198077,0.205882,-0.018775,-1.026251,1.189708,-4.591115
-0.187406,0.210117,0.014771,-2.430114,-0.092950,-2.734580
-0.144320,0.200388,-0.010815,-2.303251,0.563104,-2.264121
-0.150646,0.193455,-0.018569,-1.679079,2.041170,-3.467243
-0.172986,0.186634,0.024747,-1.957282,-0.865360,-3.728968
-0.136860,0.187205,-0.028606,-2.518543,-0.315401,-2.964521
-0.108604,0.196849,-0.038989,-2.411063,-1.133211,-2.488622
-0.108824,0.188758,0.008853,-1.422612,-1.453941,-0.722470
-0.137782,0.158642,-0.012309,-0.903032,-2.152362,2.079424
-0.151755,0.154696,-0.036829,-0.666578,-0.338083,3.939683
-0.153304,0.122774,-0.011446,-0.273208,-2.102853,3.024461
-0.146113,0.075812,0.002780,1.171853,-2.540805,1.797167
-0.128292,0.038836,0.012313,0.867131,-2.153261,0.228753
-0.164619,-0.022667,-0.022803,1.669930,-0.986456,-1.965837
-0.131654,-0.062053,0.018014,3.136405,-0.579306,-1.107494
-0.093600,-0.095157,0.038976,3.132306,0.217096,0.168099
-0.080854,-0.124095,0.016412,2.655400,1.623870,1.344315
-0.104751,-0.149301,-0.018976,3.212325,3.258629,3.559988
-0.116433,-0.200100,0.028784,3.485375,1.437277,3.981223
-0.103595,-0.244613,0.037345,3.710668,0.796016,4.708025
-0.106224,-0.285374,0.013908,2.555253,2.023415,3.803165
-0.139370,-0.332132,0.010330,2.857165,0.219381,1.832940
-0.143290,-0.373209,0.049490,3.023664,-0.629041,1.454026
-0.117158,-0.408961,0.007514,2.868293,-0.809939,2.276084
-0.092366,-0.468245,-0.015312,2.081483,-0.303568,1.556538
-0.084472,-0.527086,0.023821,2.211940,-1.349342,1.138235
-0.079033,-0.584201,0.042278,2.360401,-1.501113,-0.153677
-0.053407,-0.615230,0.008807,1.071043,-1.704968,-2.100678
-0.069540,-0.665152,-0.011295,1.133078,-0.509603,-5.266013
-0.071847,-0.696404,0.034157,1.321424,-0.660326,-7.756695
-0.013601,-0.690066,0.002078,0.291464,0.188516,-7.906829
0.002546,-0.673191,0.015172,-1.010075,1.288051,-9.129777
-0.024827,-0.673198,0.015329,-0.924876,1.459693,-10.020530
-0.054821,-0.675236,0.018080,-0.989983,1.393043,-9.649494
-0.027784,-0.640104,0.007763,-1.652829,0.996462,-8.645208
-0.001718,-0.646948,0.014180,-1.789976,0.996738,-9.861010
0.004998,-0.664506,0.025147,-0.879467,1.460802,-10.643458
-0.011585,-0.622894,-0.006650,-0.711048,0.440519,-10.979577
-0.033262,-0.581086,0.003959,-1.248915,-0.413532,-11.155103
-0.022401,-0.560101,0.001888,-0.595749,0.245259,-12.247111
0.022844,-0.491403,0.025177,-0.223101,-0.782374,-10.040123
0.029724,-0.418838,-0.002793,-0.750553,-1.083885,-7.088909
0.002913,-0.374574,0.005459,-0.194015,-0.302399,-5.272083
0.023412,-0.325338,0.012644,1.005338,-0.585769,-3.224967
0.068841,-0.254345,-0.032118,0.905372,0.070903,-0.911248
0.094293,-0.192701,-0.013251,0.484750,0.666120,-0.583195
0.086678,-0.141741,0.018372,1.573023,0.228273,-0.536654
0.104137,-0.069504,-0.001611,2.016766,1.352783,1.437831
0.131700,0.003169,-0.024631,1.641540,1.689765,3.482134
0.153620,0.044547,0.004727,1.658038,1.151337,5.408056
0.186927,0.078691,0.016133,3.039449,1.650340,8.072254
0.160733,0.114276,0.000709,2.496842,1.200544,10.297514
0.166005,0.140079,-0.022740,2.584578,2.244779,11.332093
0.180818,0.160680,0.014394,2.794411,0.156354,12.707369
0.236705,0.194151,-0.005774,3.147352,1.139494,14.269394
0.200004,0.222751,-0.033389,2.385978,-0.317429,13.529183
0.146835,0.218707,-0.030503,1.912893,-0.298122,14.080369
0.173942,0.229152,-0.008038,2.310646,-1.119966,14.897264
0.221685,0.255966,-0.051219,1.435620,-0.269637,15.393956
0.191992,0.215136,-0.021152,1.864411,1.142799,14.493790
0.146451,0.168134,-0.023555,1.806145,-0.043651,14.137435
0.147741,0.156314,-0.039694,1.094666,0.285627,13.427900
0.179784,0.128985,-0.029312,1.220111,0.767416,9.848742
0.190524,0.066631,0.001113,1.124589,0.877089,8.212375
0.180543,0.013728,-0.022120,0.529125,1.220541,7.686591
0.145069,0.000769,-0.056425,-0.070527,3.172426,6.490808
0.109343,-0.026593,-0.024884,0.297979,0.974568,3.492290
0.116013,-0.056309,-0.021628,-0.475159,1.519860,0.627043
0.112205,-0.102578,-0.043206,-1.216692,1.471096,-1.350259
0.106330,-0.154126,-0.020374,0.026995,1.691488,-1.342660
0.086442,-0.201721,-0.035962,-0.094331,0.325722,-1.234093
0.022253,-0.265276,-0.023706,-1.184819,-1.450622,-3.364114
0.004998,-0.303733,-0.046338,-0.060676,0.500548,-6.179196
0.019857,-0.314227,-0.012421,-0.281725,-1.093394,-8.999037
0.011963,-0.353810,-0.032086,-0.452491,-1.461848,-12.164864
-0.028634,-0.421231,-0.024907,-0.187854,-0.966433,-14.699475
-0.051424,-0.453080,-0.031862,0.711616,0.239879,-14.743418
-0.043156,-0.433468,-0.046407,-0.362086,1.214488,-14.202209
-0.043005,-0.445314,-0.024103,-0.284745,0.804846,-15.092728
-0.033102,-0.467986,0.006670,0.167939,1.412219,-14.270526
-0.028798,-0.446414,-0.019415,-0.649769,1.434467,-11.379380
-0.072540,-0.410550,-0.026896,-0.920396,0.946070,-11.098762
-0.117201,-0.388341,-0.015529,-1.176977,1.194731,-11.695297
-0.056630,-0.338878,-0.014377,-0.670730,1.269255,-10.720635
-0.036965,-0.290449,-0.039658,-1.492961,2.245879,-9.270539
-0.093341,-0.283280,-0.022590,-1.533995,-0.200532,-8.130086
-0.096577,-0.255445,-0.008314,-0.808891,0.107810,-6.111915
-0.073371,-0.207915,-0.032158,-1.490217,-1.023370,-3.634304
-0.052104,-0.157750,-0.020023,-1.196465,-0.562106,-2.855614
-0.024081,-0.102444,-0.001067,-0.067087,-0.357288,-1.368137
-0.074513,-0.055308,-0.024805,-0.414011,-1.485606,1.220918
-0.104084,-0.041820,-0.019688,-0.279362,-1.054163,4.248101
-0.051070,0.010492,-0.014052,0.242651,-0.453135,5.207361
-0.030302,0.070593,-0.008331,1.149549,-0.305117,4.874088
-0.078274,0.105735,0.003066,0.845434,-2.330614,4.737318
-0.077044,0.122919,-0.019931,1.171521,1.016672,5.471540
-0.036010,0.164438,-0.017413,2.292763,0.955805,6.852978
0.031434,0.206801,0.022380,1.993227,0.738006,8.359542
0.035324,0.222147,-0.023824,1.601760,2.148180,8.240527
-0.008887,0.253934,0.000004,2.576123,1.532851,6.706554
0.006793,0.287832,0.017361,1.745413,1.007592,6.527677
0.073089,0.310057,-0.014899,1.606654,2.028463,5.863562
0.082657,0.318618,-0.020456,1.460616,0.850281,4.966166
0.045624,0.328291,0.035546,1.312006,-0.393677,5.653882
0.048959,0.338385,0.011361,0.571912,-1.456035,5.845186
0.066980,0.341313,-0.027024,0.023731,-1.273669,4.336479
0.067357,0.307372,0.021648,0.391913,-2.131364,3.326361
0.071562,0.305298,-0.016097,-0.790911,-1.827315,3.094828
0.037034,0.323072,-0.015874,-1.411968,-1.491318,1.689510
0.016667,0.308341,0.018671,-1.033361,-1.689702,-1.125227
0.044896,0.295198,-0.012266,-1.880821,-0.967339,-2.019288
0.044134,0.287267,-0.013504,-2.660719,-0.192395,-2.647238
0.007880,0.258907,0.013704,-2.449395,0.434012,-1.890905
-0.032107,0.224382,0.028013,-2.462853,-0.727505,-2.050721
-0.024626,0.225019,-0.009427,-3.711558,1.762776,-3.344580
-0.013135,0.222866,0.005646,-3.392154,1.857268,-6.262632
-0.013023,0.205278,0.025866,-2.795840,1.998012,-6.304640
-0.028615,0.214968,0.004645,-3.410332,1.393108,-5.162335
-0.059827,0.195320,0.003805,-3.179806,2.151627,-3.554032
-0.069717,0.160992,0.023361,-2.426769,0.446016,-1.614482
-0.028982,0.180496,0.021064,-2.349281,-0.132339,0.880078
-0.036922,0.159541,0.013353,-2.388975,-1.229304,0.892190
-0.059798,0.121658,0.000427,-1.893393,-0.869906,1.282055
-0.051260,0.111177,0.010793,-0.075477,-1.139644,1.258678
-0.045732,0.118655,0.015300,-0.125531,-2.346744,2.401600
-0.014182,0.104022,0.005981,0.024582,-1.080577,3.161899
-0.043431,0.070643,0.005515,1.074522,-1.553514,3.981882
-0.058265,0.034549,0.045626,1.463078,-2.165777,6.212053
-0.001236,0.047239,0.011059,1.348488,-0.169290,7.790392
-0.000596,0.027190,0.015612,2.041630,0.719135,6.942361
0.008103,0.005440,0.022002,2.548750,0.833226,6.464622
0.042365,0.012484,-0.000180,1.979198,1.786275,6.319998
0.035912,-0.027568,0.033159,2.047102,1.252170,6.545837
0.045506,-0.068034,0.034594,3.012575,1.971973,8.347722
0.038111,-0.088067,0.005951,2.179463,1.154245,9.569079
0.044174,-0.121252,0.014344,1.867412,1.006319,8.892188
0.063382,-0.170213,0.032677,3.027724,0.948948,7.963193
0.051533,-0.209064,0.013048,2.636001,-0.279176,7.161155
0.032797,-0.276475,0.012142,1.995492,-0.648657,5.695031
0.013335,-0.348459,0.024884,2.923382,-1.449070,4.083830
0.060494,-0.388453,-0.003876,3.254061,-1.365023,3.194399
0.069196,-0.455969,-0.031971,2.469952,-0.541521,0.149376
0.033204,-0.552302,0.013337,2.820412,-0.897735,-1.390334
0.047532,-0.603177,0.004553,3.498340,-0.228469,-2.570334
0.082897,-0.620157,0.018536,2.037623,-0.107603,-5.146483
0.085824,-0.677235,0.004500,1.825407,1.092230,-8.149111
0.070952,-0.752603,0.028955,2.757465,1.523776,-9.438685
0.074231,-0.782509,0.024333,1.405481,0.773381,-8.636559
0.064065,-0.818561,-0.012877,0.999069,2.238619,-10.063169
0.016493,-0.856131,0.013419,1.174214,1.696498,-11.908793
0.019296,-0.864974,0.011334,1.024298,1.033429,-13.460346
0.001039,-0.856867,-0.015716,-0.053248,1.029217,-15.470555
-0.018770,-0.867613,-0.015050,-0.690044,1.151724,-16.704648
-0.041816,-0.887446,-0.008508,-0.251740,-0.296038,-16.665918
-0.059584,-0.818176,-0.030290,-1.223542,-0.864267,-14.860703
-0.087902,-0.763819,-0.029703,-2.574364,-0.962103,-13.803246
-0.064958,-0.707801,-0.024004,-1.884582,-0.522450,-12.124748
-0.057500,-0.649124,-0.026033,-2.444015,-0.471257,-7.692326
-0.072494,-0.617498,-0.031275,-3.261355,-0.081977,-5.058330
-0.033367,-0.530845,-0.034731,-1.899550,1.942434,-3.543708
-0.020776,-0.455477,-0.023141,-1.711568,0.187843,-2.832177
0.000819,-0.398441,-0.015447,-1.939734,1.020630,-2.276467
0.018085,-0.344025,-0.040915,-0.963176,2.644676,-1.716017
0.036273,-0.265975,-0.019708,0.287666,1.809679,-0.043736
0.045217,-0.187987,-0.012096,0.658706,1.384203,1.706545
0.063684,-0.080468,-0.040449,0.432362,1.391257,4.034598
0.093177,0.008962,-0.054012,2.350147,1.174888,4.933162
0.119936,0.079781,-0.002865,2.484986,-0.426469,7.025867
0.138373,0.146959,-0.045704,2.558043,0.331407,10.322361
0.156367,0.237916,-0.052686,2.781117,-0.035186,11.460602
0.184426,0.308646,-0.022570,3.507091,-0.330805,11.957527
0.230800,0.387345,-0.017974,3.284929,-0.713341,13.926031
0.264934,0.433854,-0.050759,2.907872,0.862515,14.741918
0.233068,0.429604,-0.035913,3.805251,-0.280804,16.454005
0.221960,0.436582,0.016777,3.452248,-2.935729,18.808869
0.278287,0.459874,-0.028747,3.104808,0.329815,20.081034
0.310091,0.457232,-0.026456,3.846006,1.872584,17.953151
0.292001,0.402632,0.019678,3.501836,-0.115281,16.122680
0.293691,0.369781,-0.027559,3.310325,1.717938,14.319804
0.269930,0.334987,-0.039530,3.002002,1.750037,10.761105
0.259295,0.302816,0.009637,2.635407,0.702102,7.801294
0.232973,0.254863,-0.010343,1.437901,0.873836,6.197150
0.203244,0.222098,-0.052479,0.678676,2.420833,5.660015
0.144797,0.181110,-0.021572,0.450301,-0.033545,3.725844
0.119565,0.116072,0.006037,-0.372390,-0.841438,1.018462
0.080225,0.060017,-0.008006,-2.250414,-0.680155,-1.734372
0.066740,0.016699,-0.020246,-2.106219,-0.098744,-3.578774
0.018745,-0.037323,0.004993,-2.250230,-0.467394,-5.269336
-0.014405,-0.115025,0.000187,-2.951270,-0.960272,-5.913823
-0.043799,-0.183490,-0.020856,-4.232025,-1.049748,-6.409566
-0.037684,-0.241215,-0.010812,-3.490729,0.562921,-7.478492
-0.073915,-0.248552,0.007222,-3.222773,0.790082,-10.421321
-0.121531,-0.266362,-0.007110,-4.126228,0.863920,-12.132066
-0.134165,-0.290738,-0.000512,-4.232862,2.238464,-12.598419
-0.112379,-0.287819,0.036737,-4.010874,0.284163,-11.019444
-0.092612,-0.266100,0.000220,-3.696990,1.733747,-9.049475
-0.140280,-0.281291,0.019889,-3.701619,0.848837,-8.522897
-0.125404,-0.273892,0.018654,-3.090281,0.700461,-8.267270
-0.096847,-0.228864,0.013947,-1.771608,-0.331150,-9.364661
-0.071897,-0.194963,0.021297,-2.342548,-0.818756,-10.005328
-0.070712,-0.188079,-0.001011,-1.680553,-0.387949,-10.959086
-0.098143,-0.151874,0.003227,-0.477887,-1.132245,-8.641203
-0.073594,-0.097533,0.022600,0.499396,-1.899309,-5.286435
-0.041662,-0.058663,0.028892,0.490435,-2.291695,-1.785999
-0.052107,-0.036700,-0.011455,1.130701,-1.429999,1.343842
-0.069674,-0.031664,0.039938,2.929559,-1.669663,3.619229
-0.048463,0.013177,0.022206,3.278141,-1.424186,5.678299
-0.025998,0.051299,0.010261,2.917289,-0.935319,4.015481
-0.022929,0.078727,0.018421,3.701638,-0.138816,2.254387
-0.039102,0.081583,0.036980,3.966271,-0.332555,2.714404
-0.063395,0.118826,0.052933,3.549818,-2.861201,4.243928
-0.091841,0.128739,0.017010,3.063266,0.071457,6.225191
-0.086691,0.129205,0.022889,3.200744,0.712751,6.210686
-0.082056,0.149835,0.035805,3.353273,0.466436,7.250615
-0.104813,0.168420,0.030041,2.219115,-0.450411,6.817008
-0.124619,0.142600,0.005242,2.138777,1.159641,4.275832
-0.150885,0.118842,0.026240,1.290516,-0.485435,2.901944
-0.130482,0.120240,0.019344,0.618372,-0.263821,2.846461
-0.113712,0.123792,0.009283,-0.368198,-1.015739,3.010718
-0.127800,0.107097,0.011863,-1.040871,-0.466511,2.431692
-0.139846,0.081721,0.009431,-0.857734,-0.540415,2.967836
-0.134883,0.060874,0.029247,-2.232137,-1.296807,4.002724
-0.116026,0.063234,-0.008534,-3.213553,-0.364608,1.495446
-0.116242,0.028916,0.009244,-1.978224,-0.818425,-0.579206
-0.122617,0.006172,0.025721,-3.002863,-2.445598,-2.035660
-0.100441,-0.002848,-0.010681,-3.059761,0.135652,-2.838669
-0.110610,-0.014711,-0.012250,-2.398928,0.360952,-4.759769
-0.106293,-0.021344,0.019948,-2.514026,-1.115055,-5.915844
-0.103467,-0.035574,0.015319,-2.762247,-0.397242,-7.009156
-0.081134,-0.007611,-0.018634,-3.289108,0.215527,-6.696132
-0.085348,0.010065,-0.006982,-2.179828,0.642332,-6.664631
-0.114779,-0.001771,0.023092,-1.821684,-0.442884,-4.948759
-0.075320,0.022033,0.006365,-1.733561,-0.076374,-2.570257
-0.061823,0.056876,-0.028219,-1.736374,0.499422,-2.489132
-0.073696,0.068506,0.001021,-1.656591,-0.309410,-3.680717
-0.079217,0.058442,0.001474,-0.437500,-0.184852,-4.152971
-0.072058,0.110954,-0.015184,-0.718109,-0.605713,-3.042975
-0.051569,0.168216,-0.004543,-1.283247,-0.738245,-2.912000
-0.044987,0.173252,0.002334,0.160320,0.316183,-1.783041
-0.043976,0.191282,0.011190,-0.125527,-0.651887,1.976540
-0.054533,0.198638,-0.000069,-0.054998,-1.847141,6.314132
-0.066937,0.201353,-0.009729,-0.134272,-0.508631,7.723516
-0.035984,0.230993,0.011469,1.473309,-0.301789,8.226999
-0.027183,0.227553,0.017571,0.998484,-2.848951,8.992599
-0.038120,0.201044,0.005410,0.859713,-0.373064,9.206053
-0.003425,0.182580,-0.009361,2.820851,0.850744,10.569122
0.005644,0.167245,0.006972,2.451955,0.070988,11.937171
-0.006734,0.124228,0.008137,1.788935,-0.241700,11.485006
0.009807,0.091217,-0.023302,2.598916,1.687920,11.302384
0.017445,0.066832,-0.001339,3.480832,-0.424614,10.418204
0.010637,0.007531,0.012089,3.105137,0.002595,8.874592
0.022129,-0.048592,-0.033146,2.898721,1.941784,8.301961
0.022743,-0.088963,-0.025888,3.285861,0.308023,7.198865
0.038091,-0.119686,0.029660,2.930222,-0.358424,7.690536
0.050896,-0.213512,0.000493,2.571593,0.135636,6.680347
0.034461,-0.307314,-0.031193,2.958077,0.839289,4.588951
0.040730,-0.385557,0.015746,2.773548,-0.247825,3.541707
0.052649,-0.431876,0.009221,1.928370,-0.024642,1.216017
0.032692,-0.468574,-0.012873,1.314091,-0.126129,-2.405734
0.013673,-0.543827,0.014538,1.216701,-0.173911,-4.001705
0.019460,-0.603058,0.023706,0.888920,0.255195,-3.626522
0.024932,-0.645829,-0.016153,-0.100636,0.267977,-3.685815
-0.005972,-0.693434,-0.012263,0.210454,0.563603,-6.267930
-0.020579,-0.717753,0.037105,-0.333066,-0.342395,-8.237603
-0.003927,-0.722762,-0.015243,-1.122059,0.552831,-9.368640
0.008054,-0.721075,-0.023843,-1.383745,0.929198,-12.143624
-0.021236,-0.758722,0.005488,-1.162508,0.686912,-14.840998
-0.038944,-0.776224,0.013373,-1.162209,0.535224,-14.950776
-0.036968,-0.741705,-0.028242,-1.838851,1.848497,-14.363840
-0.045486,-0.735689,-0.017407,-1.131535,1.152177,-15.194018
-0.071171,-0.739782,0.028541,-0.587852,-0.747324,-14.789268
-0.046845,-0.713230,-0.005813,-1.013023,0.112912,-12.895477
-0.056669,-0.658295,-0.018450,-0.473042,0.066019,-12.853876
-0.114371,-0.613713,0.023667,0.265874,-0.787898,-12.848551
-0.122752,-0.572614,-0.003479,0.856601,-0.948947,-11.275810
-0.091460,-0.499452,-0.009926,0.358465,-0.599236,-7.786675
-0.083050,-0.441129,-0.009890,0.499784,0.247189,-5.652529
-0.105899,-0.401756,0.005774,1.957630,-0.053925,-3.707517
-0.110633,-0.317558,-0.004470,1.140010,-1.376485,-1.046549
-0.073466,-0.260181,-0.019150,1.162400,0.748221,-0.305772
-0.060933,-0.188929,-0.008153,2.416478,1.300891,-0.592533
-0.017530,-0.111799,0.024619,2.176624,0.142483,0.494969
-0.037008,-0.051234,0.002853,1.675589,0.521568,1.392613
-0.029717,0.005224,-0.030510,1.852060,1.517069,3.804316
0.012462,0.091335,-0.016533,2.162125,0.429952,5.820416
0.044249,0.149119,0.008577,1.995679,-0.751972,8.155402
0.031796,0.188725,-0.014331,1.341151,-0.583934,11.249674
0.001364,0.237023,-0.032394,1.524922,-0.212664,12.943432
0.007873,0.268528,-0.008823,1.452439,-1.726728,14.432963
0.060287,0.322727,-0.009030,1.378620,-1.206146,14.734389
0.067574,0.332335,-0.038939,0.772820,-1.735413,14.300096
0.035275,0.331892,-0.015644,0.404511,-1.437988,13.804300
0.035357,0.332650,-0.008971,1.277531,-0.384719,13.253625
0.049032,0.346827,-0.029141,0.602028,-0.348179,11.903413
0.045851,0.335201,-0.012092,0.126715,-0.742328,9.877170
0.076831,0.327471,-0.004113,0.182687,0.604939,9.865889
0.064200,0.339474,-0.002393,0.443743,0.963703,8.163025
0.041255,0.311154,-0.028117,-0.112115,1.202172,5.739771
0.024220,0.284523,-0.030261,-0.484505,0.485878,3.895250
0.012144,0.258162,-0.002603,-0.181056,1.405082,3.601521
0.026330,0.247848,0.001244,-0.196481,0.532837,2.366317
0.022106,0.189782,0.000253,-0.634315,0.645162,-0.521021
-0.006570,0.125213,-0.045317,-1.049248,0.061817,-3.351996
-0.059929,0.090406,-0.018033,-0.103446,-1.423982,-5.684311
-0.055714,0.095159,0.009962,-0.992239,-1.362049,-7.707508
-0.038528,0.061301,-0.006709,-1.499385,-1.582695,-8.741686
-0.049964,0.037976,-0.026039,-1.840660,-1.151819,-7.748731
-0.104097,0.019975,0.006135,-1.477938,-2.146680,-5.327612
-0.151575,-0.015656,-0.008485,-1.738275,-2.299612,-4.620539
-0.131532,-0.021203,-0.054688,-2.467934,0.535102,-4.781811
-0.117962,-0.058275,-0.003817,-1.826831,-0.219800,-6.189970
-0.136338,-0.093092,0.028331,-1.953048,-1.634422,-7.563412
-0.175622,-0.080182,-0.006542,-2.660154,0.390382,-9.049156
-0.194512,-0.097077,-0.005629,-2.040118,0.645310,-10.479952
-0.179925,-0.104380,0.028511,-1.997213,0.158337,-9.181842
-0.134670,-0.085227,0.002140,-1.463482,1.691836,-6.095768
-0.191460,-0.100093,-0.009594,-1.429010,-0.250960,-3.612249
-0.253412,-0.129347,0.012999,-1.246345,-0.163736,-1.583128
-0.242856,-0.142289,0.004205,0.191842,-0.428195,-2.087481
-0.197489,-0.083044,0.009706,-0.876592,-1.537981,-2.830375
-0.198714,-0.071362,-0.003647,-0.342293,-1.647966,-4.178581
-0.262767,-0.096325,0.044100,0.452142,-7.106155,-3.125956
-0.239587,-0.081945,-0.000344,0.847354,-1.841124,1.390870
-0.206828,-0.058892,0.008318,0.648035,-2.629067,4.807772
-0.199702,-0.044788,-0.006401,1.230133,-1.444658,6.626919
-0.215756,-0.082559,0.018503,2.689528,-0.444745,7.370513
-0.209126,-0.081823,0.020401,2.030175,-2.857117,8.693845
-0.197266,-0.104111,0.002603,2.205545,-0.147823,7.031694
-0.219541,-0.130147,0.039127,3.271694,-0.957941,4.529904
-0.189027,-0.140783,0.040922,3.188560,-1.193184,2.262812
-0.174640,-0.122201,0.011272,2.757422,0.246264,1.242545
-0.195113,-0.140231,0.018539,3.259585,0.447881,-0.357260
-0.205420,-0.174943,0.014981,3.389140,-0.215782,0.040178
-0.203470,-0.186888,0.003040,2.538972,-0.436424,1.112823
-0.201789,-0.202387,0.004277,1.537330,0.316780,1.412533
-0.178816,-0.192872,0.009805,1.764658,-0.585644,-1.181982
-0.189457,-0.206389,0.028183,1.165892,-1.760491,-4.015728
-0.214095,-0.224160,0.001855,0.173066,-1.613323,-5.029500
-0.212329,-0.238957,-0.008288,-0.270591,-0.658655,-5.957797
-0.172372,-0.234421,0.014098,-1.044085,-1.013497,-6.528609
-0.152848,-0.254119,0.013274,-0.746243,-1.338973,-6.342300
-0.196849,-0.268798,0.009414,-1.717818,-3.113249,-5.033724
-0.210005,-0.289661,0.002597,-2.253936,-0.952417,-5.147799
-0.183293,-0.286474,0.000463,-1.590854,0.017665,-6.897657
-0.162085,-0.276964,-0.006167,-2.145339,0.033109,-7.959292
-0.180148,-0.260808,0.009739,-3.028069,-0.373264,-8.914240
-0.200339,-0.214532,-0.013172,-3.186319,0.259259,-8.833286
-0.211180,-0.193479,0.004346,-2.274283,0.239000,-8.458911
-0.196620,-0.178721,0.018471,-2.581753,-1.109029,-6.633103
-0.159899,-0.139200,0.002354,-3.261404,-0.722489,-4.723957
-0.171522,-0.127137,0.000841,-1.496329,0.125007,-3.694050
-0.207714,-0.103776,0.012024,-0.967719,-0.745305,-2.247906
-0.202420,-0.081551,-0.003003,-1.294502,-0.805935,-1.269861
-0.166421,-0.053306,-0.017452,-0.251090,0.320526,-0.104346
-0.129789,-0.028907,0.012821,1.027140,-0.521174,1.929858
-0.105010,0.005952,-0.002885,1.101179,0.201091,5.032331
-0.134102,0.007649,-0.019721,1.228216,-0.577786,5.770479
-0.092176,-0.016900,-0.003692,3.330690,0.122542,8.043950
-0.021478,0.020789,0.002790,3.824959,0.122601,9.888510
-0.013387,0.034798,-0.000226,2.938481,0.274309,9.151773
-0.009662,0.029957,-0.016015,3.747054,0.776919,8.353612
0.010026,0.054582,0.006503,4.022158,-0.140765,9.359293
0.041672,0.076548,0.013379,3.134426,-0.191958,10.125907
0.070364,0.086362,-0.032706,2.684702,1.595809,10.542980
0.055797,0.047232,0.003345,3.153980,-0.515853,11.177880
0.081685,0.040116,0.000227,2.425032,-0.352026,13.101357
0.076076,0.003415,-0.025819,2.114753,1.781723,12.295814
0.102128,-0.039224,0.018933,2.020111,-0.070321,9.652637
0.128979,-0.102703,-0.017469,2.434344,0.368590,7.945629
0.126205,-0.139040,-0.007740,1.232605,-0.030439,6.558073
0.137470,-0.179726,-0.025002,1.685053,0.829208,4.600234
0.132090,-0.224222,0.003417,1.729339,0.622336,3.546387
0.149327,-0.280598,-0.007471,0.665544,0.964566,3.701651
0.162906,-0.342282,-0.013051,0.868372,1.706332,3.245340
0.148371,-0.385859,-0.004973,0.853956,0.930363,0.272718
0.117487,-0.440890,0.021415,0.763502,0.296781,-2.683598
0.106103,-0.487563,-0.011406,-0.022403,0.103566,-4.463097
0.113282,-0.524428,-0.010507,-0.426123,0.499297,-6.796851
0.122276,-0.576477,0.010629,0.919900,0.655807,-8.400306
0.075537,-0.645845,0.003519,0.722553,-0.232352,-9.634349
0.045201,-0.691307,-0.018943,0.317041,-0.208968,-9.571740
0.021994,-0.725572,-0.014420,0.610327,-0.036928,-10.550426
0.015997,-0.758124,0.037538,1.647101,-0.685299,-13.516723
0.030056,-0.781233,-0.010829,1.187652,0.278845,-14.605317
0.003245,-0.796808,-0.024854,0.642590,0.520531,-16.494395
-0.026881,-0.789051,0.000982,1.079239,0.469923,-15.887794
-0.026084,-0.755620,0.009185,0.802274,0.667522,-14.633354
0.004098,-0.721886,-0.001113,-0.043384,0.376265,-12.495698
-0.003868,-0.714970,0.006713,0.010717,1.627826,-10.496837
-0.001462,-0.668779,0.015940,0.505459,1.548417,-8.452160
-0.028785,-0.613014,-0.026276,-0.394277,0.213394,-8.032511
-0.048555,-0.593024,-0.003561,-0.971598,0.331660,-8.574804
0.008907,-0.544647,0.018733,-0.038821,0.995477,-7.821624
0.010509,-0.452801,-0.002905,-0.485611,-0.329151,-6.066951
-0.004712,-0.411653,-0.036054,-0.431946,0.807797,-4.260065
-0.017710,-0.358661,-0.028649,-0.337428,-0.057040,-1.329825
0.022339,-0.287777,-0.008944,0.117820,-0.836918,1.817079
0.066406,-0.198042,-0.016967,-0.494457,-0.841185,3.759324
0.035429,-0.122362,-0.042819,-0.293092,-0.192454,3.142661
-0.005729,-0.090676,-0.026003,1.077358,0.198892,2.795128
0.036384,0.007567,-0.031101,0.634439,-0.306279,5.321139
0.086530,0.090101,-0.028413,0.710313,1.010612,6.486060
0.070184,0.127137,-0.042957,1.098911,1.052775,6.965535
0.024121,0.171345,-0.035138,2.459534,0.695032,8.455659
0.031976,0.226831,-0.009982,1.787159,-0.098737,10.128997
0.075058,0.268669,-0.032273,1.408218,1.029168,10.521170
0.067469,0.282711,-0.012105,2.984563,0.423919,9.055357
0.011477,0.276553,-0.008990,2.889533,-0.122889,9.899337
-0.004039,0.310550,-0.006158,2.165618,-0.626675,9.681832
0.017848,0.336379,-0.029903,2.658403,0.519625,8.809635
0.006682,0.314308,-0.007910,2.877155,-0.811341,7.762600
0.012308,0.322100,-0.004940,2.278678,-0.797949,8.338280
-0.026753,0.325380,-0.041398,1.819954,0.852487,6.861208
-0.062896,0.316041,0.000585,1.549606,-1.343037,3.688324
-0.024695,0.304832,0.025216,0.332225,-1.542078,0.847899
-0.006156,0.301461,-0.046811,-0.787507,0.264685,0.085352
-0.036148,0.253570,-0.006959,-0.749292,0.000544,-0.910307
-0.037392,0.223660,0.006010,-0.865340,0.560383,-1.509529
-0.039243,0.190734,-0.031380,-2.285598,0.663242,-2.951609
-0.026717,0.157841,-0.029223,-2.416377,0.961001,-4.359181
-0.030249,0.138740,-0.026578,-2.830427,0.189747,-6.474220
-0.053046,0.140867,0.002603,-3.909811,-0.130646,-5.991886
-0.047814,0.133583,-0.036199,-4.976584,1.685216,-4.343941
-0.067850,0.105023,-0.007119,-4.192284,-0.677628,-2.184227
-0.080671,0.105029,0.028315,-4.765808,-4.607822,0.756937
-0.079095,0.076078,-0.022301,-4.364333,-0.960935,1.682972
-0.111329,0.024127,-0.006624,-3.403324,-1.267479,1.208598
-0.102594,-0.018623,-0.003932,-2.507727,-1.432782,0.383432
-0.083090,0.007938,-0.030842,-2.524642,-0.843443,-1.884973
-0.115744,-0.028943,-0.013848,-1.338172,0.125585,-6.293729
-0.120776,-0.047821,0.012963,-0.144930,-0.706950,-6.336659
-0.128785,-0.069094,-0.001149,0.217619,-0.682978,-4.894976
-0.106815,-0.076010,-0.011551,0.986317,0.122588,-2.336823
-0.122299,-0.119010,0.024704,2.566932,0.221458,-1.536055
-0.128860,-0.145355,0.025429,2.944081,0.658689,-0.318136
-0.102732,-0.155993,0.028741,3.225399,0.466010,-0.892470
-0.084491,-0.146382,0.024418,3.320491,0.885262,-3.283766
-0.089028,-0.143100,0.045075,3.946866,0.988781,-2.949250
-0.077500,-0.149796,0.024205,2.778134,-0.202032,-0.951764
-0.071654,-0.146540,0.006378,1.932689,-0.172913,1.845981
-0.040589,-0.139857,0.016475,2.802591,0.748798,4.826977
-0.041816,-0.140520,0.025587,2.406693,-1.028100,6.397090
-0.056125,-0.164866,0.024372,1.281647,-1.623991,7.840231
-0.080874,-0.197136,-0.024162,0.905165,-1.472250,7.159275
-0.076453,-0.219492,0.029283,1.662890,-2.024314,4.469497
-0.052872,-0.232471,0.017138,0.932452,-1.921836,2.537165
-0.071135,-0.267324,-0.003413,0.030425,-2.146404,-1.058527
-0.090886,-0.305302,0.016557,0.751399,-0.550453,-2.855186
-0.071060,-0.322246,0.019889,1.094053,-0.694424,-3.081303
-0.073938,-0.362351,0.024156,0.697052,-0.535147,-2.861760
-0.094779,-0.425236,0.016196,0.256857,0.530864,-3.269859
-0.086799,-0.461017,0.027395,1.256186,0.915248,-3.626683
-0.072599,-0.463272,0.018868,1.101458,0.684377,-5.614360
-0.122308,-0.507592,0.022035,0.013599,1.036832,-9.099425
-0.109550,-0.507438,0.024257,0.670126,2.123881,-10.888581
-0.102840,-0.481149,0.023191,0.470104,0.581781,-10.557708
-0.106444,-0.478401,0.020437,-0.029503,0.327875,-9.805350
-0.100611,-0.486680,-0.006824,-0.065790,0.744485,-7.543949
-0.101649,-0.485665,0.022058,0.120442,-0.355315,-4.656768
-0.087935,-0.464720,0.014548,-0.277517,-1.102969,-2.869926
-0.100841,-0.425147,-0.003269,-0.726542,-0.877919,-4.229900
-0.105936,-0.454059,0.012388,-0.252666,-1.324800,-6.485064
-0.071106,-0.400496,0.014584,-0.305319,-1.326802,-5.845540
-0.088552,-0.344261,0.003148,-1.154988,-1.691077,-6.417686
-0.068975,-0.299400,-0.000358,-0.800226,-0.461916,-6.676027
-0.036348,-0.268079,0.010156,-0.159221,-0.044104,-4.810167
-0.022995,-0.236938,0.002531,-1.406712,-0.201576,-2.932711
0.011976,-0.203700,-0.003972,-0.465768,1.245602,-1.379844
0.003997,-0.153190,0.016242,-0.144723,-0.104586,-0.461986
0.009291,-0.111139,0.008075,-0.533971,1.465368,0.647238
0.051251,-0.037241,-0.014997,-0.338751,1.841388,1.970097
0.074287,0.019440,-0.010080,0.523549,1.560992,3.125282
0.065355,0.073029,0.018398,-0.168859,0.785555,5.970690
0.085053,0.091608,-0.011147,0.029893,1.609703,8.872603
0.113804,0.122968,-0.008659,1.109040,0.535617,12.002179
0.142118,0.155336,0.016324,1.845826,-0.061704,13.858927
0.148647,0.172884,-0.014183,1.244900,-0.640750,13.451566
0.131152,0.139216,-0.019786,2.086173,-0.957587,12.048964
0.156420,0.117112,-0.005432,3.303271,-1.244357,12.207457
0.207248,0.155149,-0.010090,3.870739,-1.244295,11.623489
0.201288,0.138120,0.019751,3.124428,-1.581864,10.367762
0.185867,0.099751,-0.011849,3.465345,0.231588,10.609281
0.180782,0.089070,0.003151,4.388097,0.622300,9.879342
0.187626,0.059968,-0.001707,3.639183,0.238816,8.828066
0.194365,-0.004276,-0.012778,3.509569,1.371641,6.243694
0.201143,-0.079312,0.040794,4.079502,1.872751,5.643763
0.233098,-0.108372,0.002964,2.983477,1.913539,5.975166
0.235546,-0.153069,0.001156,2.368998,2.799249,3.018808
0.199778,-0.241839,0.010701,2.688914,2.831633,0.021646
0.202896,-0.276955,-0.019369,1.688949,1.999837,-0.080155
0.200434,-0.308249,-0.009936,0.382322,2.399891,-1.501264
0.207340,-0.345305,-0.003230,0.009601,1.232443,-2.751350
0.181616,-0.380329,-0.026243,-0.056878,4.118792,-3.785027
0.131431,-0.444743,0.004323,-1.647745,-1.264528,-3.830367
0.150013,-0.462288,-0.003906,-2.766199,-0.664347,-4.338692
0.170495,-0.489722,-0.034226,-2.517499,0.838852,-6.385430
0.171513,-0.551495,-0.017354,-1.937039,-0.104520,-9.065285
0.175714,-0.553681,-0.027356,-2.542895,-0.238231,-9.736757
0.142003,-0.568494,-0.021785,-3.323387,0.893958,-11.724002
0.183644,-0.568379,0.015424,-2.322207,1.744306,-13.705957
0.203093,-0.574229,0.004024,-2.102507,1.605118,-14.200128
0.205052,-0.582231,-0.006351,-2.236433,1.961545,-13.159043
0.203300,-0.563407,-0.037383,-1.721698,4.036551,-12.554117
0.178517,-0.534899,-0.006696,-0.338708,2.644219,-12.635115
0.207294,-0.520016,0.003650,-0.302270,2.705883,-10.581351
0.237453,-0.451292,-0.025885,-0.885612,2.025562,-8.229349
0.219607,-0.364524,-0.025015,0.596649,3.064191,-7.248065
0.152340,-0.343444,0.009697,1.148124,-1.139017,-5.971946
0.163690,-0.283506,-0.023400,1.172145,-0.416031,-3.753461
0.181311,-0.227771,-0.034137,1.117013,0.122325,-1.173382
0.174440,-0.187833,-0.003184,2.375999,-1.270663,-0.151001
0.116197,-0.141593,-0.033704,2.974578,-1.756401,0.574472
0.061160,-0.101702,-0.031124,2.398428,-0.816127,1.855784
0.077261,-0.059303,-0.023797,2.706176,-1.053116,1.721555
0.104574,0.022493,-0.016524,3.408477,-0.336730,2.128347
0.077766,0.066221,-0.015792,2.164164,0.246552,3.085217
0.008845,0.077139,-0.025071,2.355198,1.167575,3.956076
-0.001311,0.137142,0.009647,2.357808,0.024752,5.959397
0.027056,0.197105,-0.009703,1.919481,1.780114,7.682073
0.030056,0.196642,-0.025317,1.539808,4.321066,6.935334
-0.011651,0.183959,-0.001201,1.387896,1.535802,7.459221
-0.034680,0.215552,0.021664,1.081688,0.239167,7.628778
-0.042512,0.259183,-0.044378,0.103150,2.040710,6.681883
-0.071841,0.271630,-0.027290,0.046705,-0.283213,5.267784
-0.108223,0.255017,0.026444,-0.625128,-5.119696,5.506168
-0.078619,0.274141,-0.020850,-1.189231,-2.129322,6.755668
-0.081767,0.267392,-0.033060,-1.346729,-2.103778,5.328313
-0.122377,0.223640,0.003204,-0.958965,-2.887096,4.116577
-0.091240,0.225571,-0.038575,-1.237562,-1.471341,3.877747
-0.048539,0.250274,-0.034206,-1.998388,-0.229523,2.157251
-0.064354,0.239744,-0.010211,-2.432760,-1.104286,-0.762670
-0.088778,0.208666,0.014433,-1.987077,-4.192702,-2.353691
-0.113147,0.225669,-0.007579,-2.418540,-0.865495,-1.653511
-0.103710,0.240145,-0.018125,-2.851123,0.584191,-1.980222
-0.109395,0.242734,0.005794,-2.451571,0.281415,-3.878460
-0.123270,0.214880,0.019012,-2.078627,0.058630,-4.129166
-0.141373,0.204103,-0.009726,-2.762382,-0.141977,-3.168826
-0.169536,0.202314,-0.008216,-2.331634,0.031369,-4.361849
-0.168053,0.195553,0.007842,-1.618659,-0.499447,-4.278429
-0.152750,0.216961,-0.010120,-1.401661,-0.947999,-3.074036
-0.164370,0.216629,0.001336,-1.793039,-0.029852,-1.379139
-0.202590,0.217591,-0.009798,-1.210951,-1.223845,-0.976575
-0.238599,0.203621,0.007117,-0.262523,-1.937628,-0.893940
-0.246385,0.198602,0.018579,-1.056877,-3.377919,0.212974
-0.226099,0.199140,-0.006696,-0.873904,-1.506795,-0.004990
-0.213370,0.211847,0.006673,0.079733,-1.245450,-0.156038
-0.241884,0.182301,0.019390,0.763764,-1.385889,1.289499
-0.248105,0.151174,-0.001270,0.181128,-1.247833,2.110743
-0.201382,0.159945,-0.014131,0.374148,1.155876,2.370561
-0.189792,0.149726,0.047454,1.324086,-0.594487,0.944273
-0.162617,0.119669,0.028187,0.777504,0.145660,1.849259
-0.183999,0.088154,0.013849,0.720406,0.555889,2.698317
-0.184783,0.067544,0.014272,1.107849,1.568321,4.285295
-0.164921,0.031998,0.029257,1.978253,0.013043,5.120013
-0.137119,0.013515,0.014010,1.769779,-0.211206,6.437434
-0.170399,-0.041889,0.014843,0.749344,-1.211201,6.563401
-0.134883,-0.072281,0.003703,2.081187,0.931693,7.367081
-0.131388,-0.097747,0.031111,1.949742,-1.904925,6.941861
-0.118419,-0.135806,0.018100,1.333864,-1.672298,6.087338
-0.119131,-0.218268,0.015618,0.983891,-1.463699,3.984759
-0.082880,-0.254224,0.020814,2.030188,-0.694660,2.533288
-0.079253,-0.298241,0.014758,2.382127,-1.715705,1.153624
-0.087606,-0.374975,0.032352,1.731919,-0.746684,-0.305853
-0.064899,-0.420033,0.015470,1.520478,-0.027997,-0.973825
-0.045394,-0.442393,0.030501,1.594100,0.537577,-3.157037
-0.039440,-0.469112,0.039061,1.966732,0.707890,-5.367044
-0.044636,-0.526043,0.017542,1.215428,0.897060,-5.947934
-0.024216,-0.556372,0.024809,0.862228,1.046588,-6.183396
-0.013870,-0.582494,0.054062,1.183395,1.176392,-6.948804
-0.006425,-0.608891,0.027783,1.291876,1.023841,-8.491600
-0.021465,-0.627076,0.004369,0.181726,0.378034,-10.086931
-0.029100,-0.641913,0.004763,0.088225,1.750159,-11.253470
-0.016410,-0.623249,0.020978,0.318206,-0.391274,-11.761142
-0.006875,-0.611681,0.028889,-0.409478,-0.780420,-12.045040
-0.013453,-0.592039,-0.036159,-2.049417,-0.049789,-12.096818
-0.016469,-0.547490,-0.000558,-1.071956,-0.097893,-11.468490
-0.018153,-0.520643,0.029542,-1.490322,-1.403214,-10.774681
0.020438,-0.471712,0.000283,-1.334026,-0.196508,-8.694944
0.016857,-0.440804,-0.027730,-1.943968,1.052450,-7.051660
-0.002483,-0.397512,0.008961,-1.635921,0.143501,-5.907583
0.024899,-0.329999,0.025006,-1.151588,-1.866261,-5.561118
0.080356,-0.271640,-0.006079,-1.077375,1.232029,-4.162678
0.108890,-0.258448,-0.026683,-0.931120,2.919373,-2.848796
0.079079,-0.199630,-0.008258,-0.162652,2.037172,-0.988823
0.072002,-0.159765,0.003874,1.266443,1.713038,0.277273
0.102529,-0.084197,-0.027438,1.052500,0.377282,2.051109
0.109455,-0.055823,-0.007540,1.129621,0.839840,3.286721
0.116479,-0.004167,0.020719,1.819389,-1.562412,5.737002
0.085651,0.050764,-0.010238,2.640219,-0.675934,8.217130
0.069288,0.088791,-0.036907,2.200050,-0.384303,9.929702
0.115770,0.145453,-0.042192,2.659080,0.474052,10.536727
0.146284,0.173048,-0.010714,3.485594,-0.556962,11.232572
0.152304,0.207465,-0.029167,3.407814,-0.210015,11.836987
0.073154,0.186962,-0.020837,2.513543,-0.164353,11.934037
0.096197,0.200516,-0.023794,2.798380,0.954345,12.575219
0.153712,0.230399,0.011856,2.853282,-0.889384,13.178371
0.201255,0.231774,-0.009850,2.695095,1.707323,12.489726
0.165033,0.195493,-0.027451,1.953720,1.393469,12.096352
0.111933,0.145400,0.012053,2.050253,1.565180,11.316549
0.156853,0.176347,0.005206,1.579092,1.149804,10.280779
0.189238,0.183805,-0.021864,0.566631,1.676652,8.487593
0.189113,0.126451,-0.016924,0.330659,2.004265,6.648850
0.152684,0.094703,-0.005629,0.102425,-0.758714,6.855329
0.113374,0.062161,-0.020945,-0.107238,-0.136121,6.847116
0.134972,0.045978,-0.051997,-0.964781,0.084065,4.179846
0.144748,-0.024857,-0.025957,-0.886863,-0.606074,1.149755
0.156870,-0.072537,-0.000548,-0.589470,-0.334994,-0.417258
0.107121,-0.104305,-0.014072,-1.333012,-1.102615,-2.026234
0.075590,-0.165887,-0.023853,-1.189818,-1.179516,-4.412430
0.089704,-0.212103,-0.023236,-0.954907,-0.339579,-5.676772
0.114273,-0.241662,0.015293,-0.328136,-0.005460,-6.675880
0.089629,-0.252156,0.000279,-0.878220,0.497840,-7.164672
0.023507,-0.304839,-0.010766,-0.731800,1.290539,-9.285000
-0.022214,-0.372480,-0.004589,-0.513209,0.562369,-9.298091
0.033453,-0.365187,0.064497,-0.647556,1.348608,-9.167413
0.050180,-0.354630,0.003959,-0.156766,0.417843,-10.445913
-0.022654,-0.413248,-0.015122,-0.395970,1.507833,-12.768971
-0.074608,-0.417305,-0.005514,0.652168,0.280841,-12.849047
-0.066714,-0.405935,0.022416,0.238078,-0.310369,-12.693771
-0.026005,-0.375168,-0.002048,-0.632519,0.000888,-12.615344
-0.045578,-0.357276,-0.027520,-0.517834,1.056603,-11.739514
-0.116866,-0.354023,0.026975,-0.109246,-1.028514,-8.153463
-0.096371,-0.300657,0.033678,-0.650652,-0.652172,-4.462187
-0.079318,-0.260959,0.000470,-1.244921,-0.677667,-3.388846
-0.069911,-0.254762,-0.011327,-0.178663,-0.476989,-2.482049
-0.084593,-0.227662,-0.037571,0.385939,-1.381888,-0.009837
-0.126553,-0.180546,0.006857,-0.524488,-1.251401,1.730993
-0.114989,-0.139220,-0.013540,-0.690126,-0.499191,2.298297
-0.106891,-0.109061,0.003404,0.455822,-0.196183,1.557253
-0.096348,-0.100743,0.008203,0.808389,-0.249119,3.537316
-0.098964,-0.046934,0.002554,0.773319,-0.050374,4.884192
-0.156836,-0.052603,-0.014971,0.610684,-0.349151,3.391564
-0.155471,-0.023849,-0.015276,1.685935,1.563168,2.817298
-0.169621,-0.005408,0.026476,1.928140,-2.226440,2.621093
-0.153777,0.048667,-0.008711,1.750159,-0.385238,2.739342
-0.195888,0.078465,-0.014830,2.151290,-0.457320,1.387712
-0.233091,0.075714,0.024733,1.857377,-1.493028,2.318808
-0.236268,0.087902,0.023867,2.056388,-2.747369,4.622965
-0.232040,0.161136,0.002239,1.308809,-1.824289,5.362189
-0.256905,0.160345,0.002222,1.304408,-0.655711,3.401092
-0.284179,0.155464,-0.015220,1.012986,-1.150457,2.220100
-0.304910,0.159607,0.029831,0.830102,-2.391455,1.570249
-0.279642,0.206713,-0.003791,-0.603733,-1.098893,1.178539
-0.269972,0.224011,-0.012906,-0.633734,-0.237289,-0.326135
-0.307674,0.193245,0.012030,-1.098675,-0.920601,-0.422783
-0.309467,0.228128,0.011476,-1.121636,-0.678225,0.456214
-0.318185,0.270665,-0.000820,-2.200593,-1.045251,0.378167
-0.297692,0.248955,-0.015046,-3.098425,-0.212815,-1.187519
-0.293130,0.237834,-0.026394,-2.266334,-0.170485,-1.600982
-0.329230,0.258428,0.012611,-2.821102,-2.041950,-2.283635
-0.340075,0.276294,-0.006719,-3.289335,-2.112529,-3.034165
-0.344838,0.265268,-0.018815,-3.608930,-0.936707,-3.361870
-0.324100,0.245981,0.013054,-2.869222,-3.463863,-2.429250
-0.266887,0.263292,0.007786,-2.198203,-1.942414,-0.945554
-0.301878,0.256517,0.016836,-2.257793,-2.576637,-0.956436
-0.333064,0.228334,-0.019891,-2.405857,-1.642514,-0.265666
-0.312526,0.227671,-0.024923,-1.540255,-1.225651,-0.019916
-0.274748,0.260213,0.026309,-1.092274,-2.245491,-0.211532
-0.264710,0.241710,0.036370,-0.652841,-3.315914,0.458185
-0.310711,0.229615,-0.019130,-0.930349,-1.908280,2.093272
-0.350530,0.205928,-0.000203,-0.690209,-1.806626,2.258408
-0.291009,0.234991,0.035690,0.257402,-0.790183,2.783280
-0.242767,0.256629,0.017381,0.315009,-1.337963,4.123140
-0.273517,0.211650,0.011400,0.127457,-1.634170,5.756869
-0.318493,0.183788,-0.002199,0.341757,-0.587193,7.361328
-0.304517,0.167399,0.018024,1.531687,-0.503823,8.037022
-0.236143,0.177171,0.010258,1.615182,-0.767869,8.086272
-0.216478,0.127009,-0.008265,0.996853,-0.103388,7.708192
-0.258431,0.065213,0.015897,1.683923,-0.678107,7.668005
-0.267064,0.035931,0.013777,2.592404,-1.162322,7.899985
-0.238067,0.007462,0.019859,1.463790,-1.184016,6.743842
-0.164924,-0.033480,0.005482,1.233931,-0.519441,4.755269
-0.134069,-0.058810,0.016793,2.024896,-0.752136,3.528278
-0.162584,-0.094786,0.031705,1.895936,-1.128323,3.510960
-0.148745,-0.155409,0.014909,1.154033,-1.004496,3.562193
-0.109195,-0.221721,-0.034314,1.465733,0.214926,2.034990
-0.045979,-0.239059,0.031095,1.580989,0.338277,1.905837
-0.034766,-0.258872,0.013567,1.088207,-0.344907,2.035951
-0.070059,-0.320027,-0.002084,0.637249,-0.339435,-0.153354
-0.090922,-0.412910,-0.004976,0.552996,-0.409525,-1.354441
-0.025650,-0.478342,0.021156,2.038164,-0.242872,-2.685478
0.019033,-0.495476,0.032503,0.971293,-1.927728,-5.221805
0.018853,-0.560298,0.013626,0.702320,0.757776,-8.525432
0.029898,-0.613523,0.011938,1.652796,1.617246,-9.873814
0.062710,-0.640245,0.036806,1.397475,0.375805,-9.367257
0.117543,-0.660442,0.000430,0.930680,1.342519,-10.483781
0.123517,-0.681824,0.000434,0.590944,1.475511,-12.312723
0.100083,-0.700143,0.012756,0.940635,0.977539,-12.283726
0.093614,-0.651530,0.020085,0.548545,0.252179,-12.274759
0.094569,-0.639375,-0.006292,-0.518428,0.022697,-12.389480
0.115324,-0.668176,-0.013353,-0.115118,0.966493,-11.868809
0.123228,-0.649804,0.001097,-0.066006,-0.193445,-10.507382
0.115268,-0.614721,-0.005810,-0.431673,-0.155736,-10.580449
0.112274,-0.573841,-0.032699,-1.084285,0.513527,-10.163475
0.141337,-0.556924,-0.004319,-0.529503,1.230638,-8.163836
0.156249,-0.515513,0.004697,-0.195981,0.365810,-5.046152
0.141107,-0.429736,-0.022222,-0.807447,0.837388,-3.224580
0.104331,-0.375136,-0.034035,-0.852177,1.923921,-1.963429
0.100779,-0.344744,-0.007549,-0.391349,0.934240,0.602322
0.154913,-0.284215,-0.004077,-0.254537,1.479006,3.857084
0.151815,-0.211526,-0.041119,-0.256473,1.812620,5.097071
0.107823,-0.172701,-0.015424,1.145649,1.961751,3.797686
0.136699,-0.135511,-0.010819,1.395981,1.649660,2.592227
0.173731,-0.044217,-0.044904,1.271987,1.213411,1.989893
0.186077,0.017864,-0.033556,1.520753,2.302580,2.126117
0.167258,0.047728,-0.016025,2.127272,0.480603,4.611415
0.143937,0.102738,-0.029545,2.321232,0.672688,8.570793
0.141449,0.156019,-0.046975,1.839353,0.223572,11.884783
0.176059,0.213895,-0.024392,2.370593,-0.291803,12.476954
0.178724,0.246466,-0.010517,2.516996,0.190121,12.715190
0.138334,0.241651,-0.004431,1.448983,-1.956321,14.328236
0.156420,0.279081,-0.025071,1.936638,-0.021383,14.390103
0.176755,0.301887,0.005882,2.597193,0.525432,12.794588
0.186090,0.297814,-0.009913,1.845550,0.188739,11.988973
0.184849,0.279750,-0.025314,1.514697,1.689545,11.563848
0.146310,0.257308,0.009460,1.608667,-2.095480,10.350409
0.145223,0.244182,-0.012627,1.816271,0.638039,7.629224
0.148939,0.231331,-0.030490,1.320606,0.853328,5.373644
0.139417,0.174246,-0.015463,0.535716,0.689563,4.433564
0.114286,0.139807,-0.007658,1.556949,1.267794,3.522460
0.090042,0.127737,-0.015342,1.087238,0.571724,0.655778
0.076663,0.059489,-0.005383,-0.579167,-0.551579,-1.487063
0.065211,0.015123,-0.031780,-0.524134,0.375352,-2.841676
0.041797,-0.003314,-0.011147,-0.071433,-0.373920,-4.311714
0.009071,-0.034504,-0.005212,-1.349118,-1.896988,-4.113497
-0.014996,-0.093246,-0.028928,-2.032184,-0.857840,-4.109007
-0.032836,-0.122437,-0.025255,-1.437820,0.054986,-2.966226
-0.068457,-0.134395,0.001727,-2.078453,-1.155744,-2.750914
-0.071992,-0.146405,-0.006919,-3.176576,-0.552058,-3.844846
-0.116797,-0.198258,-0.004244,-3.507065,-1.081187,-5.557400
-0.114211,-0.220746,0.003151,-2.278544,0.179469,-6.242626
-0.136275,-0.188122,-0.010576,-2.769413,-0.093810,-7.047300
-0.151351,-0.219587,-0.017384,-2.652535,1.079140,-7.929236
-0.174742,-0.227344,0.009066,-2.443047,0.213876,-8.173233
-0.183116,-0.227288,0.022022,-1.398476,-0.152602,-6.571757
-0.184927,-0.213305,0.001842,-1.360193,-0.054066,-4.193436
-0.206306,-0.217556,-0.014515,-1.182377,0.110417,-4.825090
-0.227593,-0.228824,0.022754,-0.333273,-0.946115,-3.782653
-0.204701,-0.199394,0.009401,0.443126,-0.620126,-2.569223
-0.253668,-0.164364,-0.004753,0.606614,-0.794341,-2.871363
-0.260430,-0.173413,-0.008038,1.390588,-1.387967,-2.654831
-0.233370,-0.172291,0.018516,2.306461,-1.747210,-1.220916
-0.229880,-0.136768,0.003965,1.845974,-1.520883,0.861939
-0.245771,-0.114096,-0.010602,2.538555,-1.183996,1.034998
-0.286955,-0.137267,0.037732,2.908473,-1.946825,1.912903
-0.252618,-0.111894,0.020197,2.649800,-2.136324,4.399354
-0.199314,-0.074297,-0.012667,2.621259,-0.077342,3.748880
-0.226614,-0.084321,0.010189,3.311422,-0.320686,1.914269
-0.279156,-0.082710,-0.005944,3.197705,-0.763684,2.363161
-0.281192,-0.097152,0.030875,2.105854,-1.601480,1.781848
-0.240456,-0.061420,-0.003266,1.410496,-0.271265,0.557518
-0.241724,-0.061938,0.006798,2.178787,-0.328908,-1.770483
-0.254837,-0.094067,0.010583,1.709070,-1.022904,-0.264346
-0.287674,-0.087620,0.006293,0.308024,-2.187740,0.841655
-0.277010,-0.064801,-0.015706,-0.205166,-0.306837,-0.651290
-0.229247,-0.052032,0.006197,0.001500,-0.785735,-2.670315
-0.266496,-0.081489,0.018684,-0.888967,-1.779001,-1.696126
-0.295418,-0.065408,-0.006653,-1.924632,-1.661654,-0.544824
-0.289184,-0.028352,-0.017131,-2.350160,-2.079514,-1.530370
-0.268196,-0.048421,-0.029624,-2.593829,-1.270892,-2.030391
-0.237719,-0.050401,-0.006945,-1.824809,-0.743303,-2.070492
-0.257302,-0.045313,-0.004405,-2.408827,-2.082836,-1.765957
-0.268745,-0.033896,-0.008744,-2.568344,-1.787958,-3.180928
-0.250192,-0.032236,-0.029814,-2.563910,0.081026,-5.544419
-0.198881,-0.033013,0.001294,-1.702420,-0.055570,-5.205139
-0.173006,0.016141,-0.007280,-1.935812,-1.119552,-3.751458
-0.207754,0.049835,-0.035237,-2.115401,-0.648234,-4.105345
-0.230104,0.055291,-0.017354,-1.933970,0.406227,-3.339963
-0.221412,0.066753,-0.019222,-1.199528,-0.834830,-1.617746
-0.184701,0.121652,-0.002058,-0.991044,-2.121704,0.489488
-0.177004,0.148886,0.004146,-1.101580,-1.726331,0.736882
-0.182997,0.141074,-0.019468,-0.880843,-1.070680,1.698903
-0.194699,0.132356,-0.023623,0.516222,-0.712366,2.543294
-0.164498,0.163605,-0.001582,0.906218,-1.777524,3.161824
-0.125118,0.212716,-0.020098,0.826593,-1.235570,2.466462
-0.130068,0.203237,-0.016704,0.401304,-1.304846,1.988194
-0.105647,0.192572,-0.003906,1.268629,-0.104350,4.837211
-0.094907,0.231627,-0.009824,1.612540,-1.448679,6.993609
-0.095327,0.243749,-0.006584,1.112080,0.061892,8.253008
-0.051171,0.222695,-0.029617,0.638683,1.212925,9.005745
0.002273,0.233176,0.000345,1.355226,0.681479,10.753605
-0.022269,0.225781,0.039101,1.050977,-0.814052,11.729618
-0.019010,0.204701,0.012332,1.403915,0.355710,11.125715
-0.000195,0.148069,-0.029020,1.070271,-0.121714,9.925164
0.033407,0.111171,-0.010146,1.023749,0.940598,8.783943
0.068940,0.072625,0.015828,1.848951,0.535778,7.113298
0.081249,0.004905,0.017532,2.279469,-1.671031,5.135971
0.095829,-0.063580,-0.002997,1.780601,-0.063339,6.996031
0.129212,-0.112340,0.000850,1.671539,1.351723,6.492201
0.177290,-0.118134,0.022711,1.668880,1.173425,4.455038
0.202325,-0.182424,0.020699,2.214103,0.497292,2.367832
0.186090,-0.265243,0.022380,1.427398,0.353271,2.008806
0.203717,-0.319804,0.038946,0.786978,-2.420757,2.505302
0.227577,-0.337512,0.000427,0.745058,0.935812,1.208004
0.217775,-0.397637,0.019439,1.258861,1.468581,-1.824579
0.217913,-0.476212,0.031223,1.119505,0.627155,-3.171737
0.275691,-0.528462,0.038250,0.651170,0.266405,-2.960415
0.283132,-0.562809,0.012808,0.507229,1.332058,-5.137384
0.244694,-0.653273,-0.003013,0.651108,1.732706,-8.235974
0.274447,-0.701105,0.006099,1.322537,2.386082,-9.570941
0.313475,-0.685280,0.027878,1.091647,1.739468,-10.164274
0.315178,-0.698535,0.032063,0.650241,1.677423,-12.181398
0.298083,-0.724213,0.009280,-0.565186,1.827933,-11.908454
0.270524,-0.736920,0.009788,0.367623,1.832942,-10.353766
0.246493,-0.711120,0.031466,-0.015490,0.201350,-9.842425
0.286674,-0.670851,0.010192,-0.554482,0.930610,-9.794698
0.283043,-0.686616,-0.014636,-1.027725,1.539423,-9.863137
0.248115,-0.688031,-0.001831,0.089571,1.487879,-8.697356
0.262452,-0.641371,0.018664,0.352888,1.014469,-9.085022
0.278756,-0.586479,0.004189,-0.252236,1.735509,-9.058395
0.286414,-0.576871,-0.012732,-0.033438,1.640187,-8.706846
0.276350,-0.546197,0.001021,0.076560,1.651476,-6.034229
0.269349,-0.481014,0.028351,0.891326,-0.115293,-3.458884
0.242656,-0.430684,-0.016796,0.698303,1.210444,-1.019829
0.232789,-0.382712,-0.040791,1.004098,1.916644,-0.015302
0.222239,-0.335165,0.005738,1.360065,1.180052,0.823755
0.232307,-0.270025,-0.000735,2.420978,1.244332,1.144438
0.210590,-0.206760,-0.011344,1.737187,-0.212204,1.674236
0.180441,-0.197270,-0.023824,2.155908,1.751807,2.448619
0.205781,-0.131674,-0.023758,2.431065,1.649463,3.330075
0.239535,-0.054103,-0.012161,2.790387,0.688986,4.825971
0.245660,-0.027972,-0.021936,2.744239,0.921405,5.464027
0.200260,-0.014734,-0.048744,2.451285,0.590106,7.030961
0.179236,0.023221,0.001875,2.795875,-0.048082,8.714270
0.173045,0.075402,-0.029873,2.987964,0.341169,9.204285
0.160507,0.107330,-0.032099,2.209261,-0.099203,8.113944
0.138343,0.121222,-0.038818,1.341125,0.080707,8.652381
0.130183,0.135714,-0.033664,1.659413,-0.088788,8.502784
0.105985,0.164579,-0.017292,1.671184,-0.886191,8.007063
0.099305,0.159669,-0.042317,0.402653,0.528018,8.463614
0.129990,0.155828,-0.051984,-0.208314,0.466164,8.419518
0.103415,0.178822,-0.035824,-0.161221,0.150485,6.786058
0.049196,0.160713,-0.017807,0.242316,0.708900,4.081176
0.043333,0.152106,-0.049722,-0.868241,0.424254,3.550550
0.049258,0.143280,-0.046075,-1.316110,0.079017,2.051982
0.020881,0.139554,-0.026752,-1.288784,0.047263,0.881549
-0.011559,0.132848,-0.007599,-1.412647,-1.688337,-0.380460
-0.030443,0.112156,-0.042432,-2.039255,-0.313737,-0.647539
-0.071004,0.077789,-0.060607,-2.102688,-0.764635,-0.978951
-0.065972,0.088325,-0.035828,-1.185972,-0.022240,-1.842476
-0.063215,0.088706,-0.039281,-1.882508,-0.948800,-1.438177
-0.116216,0.046349,-0.054554,-2.510153,-1.440516,-1.729212
-0.166129,0.021439,-0.030664,-1.303345,-0.543219,-2.263065
-0.163756,0.053689,-0.033238,-1.309788,-1.309192,-2.536719
-0.168647,0.037615,-0.014521,-1.966243,-3.272838,-2.703578
-0.182288,-0.005687,-0.042291,-1.596404,-0.513306,-2.123532
-0.217732,-0.004361,-0.017449,-0.766322,-0.600389,-2.258329
-0.251843,0.001183,-0.004234,-0.192732,-2.247119,-1.312794
-0.255500,-0.037271,-0.013632,-0.120367,-0.486708,-1.112184
-0.246115,-0.051914,-0.023299,-0.387036,-0.724626,-2.003727
-0.259862,-0.073332,-0.004605,1.017647,-0.452426,-1.868983
-0.289073,-0.086511,0.014325,1.328537,-1.026430,-3.244401
-0.293983,-0.105191,-0.020801,0.924482,-0.736397,-4.242988
-0.276422,-0.112301,-0.016589,1.089382,-0.642650,-4.580783
-0.275408,-0.122673,0.035359,1.314665,-1.893748,-2.842144
-0.257952,-0.097645,0.004885,1.395535,-1.058197,0.146484
-0.298474,-0.107889,-0.024336,0.762714,-0.183302,2.436445
-0.313983,-0.128483,-0.001152,0.597971,-1.654947,4.193072
-0.298382,-0.134940,0.040049,1.426262,-1.951578,4.262033
-0.260617,-0.130574,0.003696,0.278216,-1.356190,3.593611
-0.292037,-0.156748,0.003214,0.593842,-1.938629,1.568611
-0.337945,-0.209967,0.026004,0.673044,-2.663697,1.844503
-0.304382,-0.212458,0.028922,1.621590,-1.584559,2.570228
-0.271994,-0.194900,0.019209,0.837987,-1.405915,1.886536
-0.252414,-0.239814,0.016596,0.680984,-0.038288,1.225584
-0.302399,-0.291181,0.032372,0.535773,-0.764327,0.453164
-0.297036,-0.287737,0.033494,1.996178,-0.092310,-0.713005
-0.271325,-0.290816,0.042882,1.080670,-1.569916,-3.033633
-0.229533,-0.313465,0.030862,0.382489,-0.753573,-4.566452
-0.248364,-0.334053,0.026801,0.412271,0.941609,-4.935103
-0.252546,-0.334657,0.037971,1.571936,-0.234328,-5.549107
-0.240109,-0.316058,0.047077,0.311516,-1.457574,-5.569523
-0.210452,-0.317919,0.041940,0.116714,-0.478085,-4.928413
-0.207826,-0.332973,0.024290,0.069555,-0.253648,-4.926453
-0.211125,-0.328492,0.049703,0.533435,-1.484838,-5.109095
-0.194634,-0.345938,0.029135,-0.195748,-1.389145,-5.216906
-0.185870,-0.349805,0.022981,-0.914481,-1.111372,-5.251155
-0.166799,-0.329067,0.018956,0.985680,-0.904976,-6.398423
-0.145719,-0.281977,0.031538,-0.374963,-1.533530,-5.972586
-0.136469,-0.274050,0.033212,-0.924220,-1.006915,-6.611860
-0.105138,-0.277010,0.005085,-0.618622,1.629979,-5.130810
-0.116009,-0.228004,0.026775,-0.558310,-0.223128,-4.968225
-0.081892,-0.168529,0.030570,-0.927676,-0.115901,-4.986932
-0.094276,-0.161941,0.012126,-1.834361,0.300184,-5.194825
-0.045572,-0.152133,0.013146,-0.630025,0.797008,-4.383025
-0.034638,-0.101075,0.029746,-0.795712,-0.518761,-2.625039
-0.050817,-0.059309,0.012894,-0.837636,0.132586,-1.005426
-0.059814,-0.047781,-0.009171,-1.116787,0.088900,-0.745276
-0.023392,-0.017451,0.015697,-0.856635,-0.515794,1.370844
0.007949,0.043041,0.023913,-0.196576,-1.459268,2.754632
-0.007686,0.076751,0.007136,-0.761148,-1.346953,4.121619
-0.007958,0.070492,-0.016323,-0.048341,-0.173087,6.986781
0.040980,0.099433,-0.000390,0.999272,-0.031030,9.740223
0.062818,0.143352,-0.001877,0.472352,0.046340,11.734978
0.096551,0.146270,-0.005800,0.999056,0.207337,10.610519
0.090358,0.118432,0.001546,2.067020,0.518903,10.898117
0.083543,0.110967,0.003910,2.187200,0.018275,11.313631
0.143851,0.137874,-0.012919,2.310203,2.031309,10.036822
0.170702,0.127192,-0.026919,2.897877,1.468420,7.194444
0.163979,0.068621,0.020768,3.290007,0.736772,7.325735
0.167035,0.049615,-0.007707,3.037660,0.451807,9.152502
0.170331,0.054014,-0.041286,2.699611,0.383847,7.982549
0.198123,0.004029,-0.018575,3.043795,0.968988,6.318780
0.229622,-0.074218,0.009444,3.513223,0.967737,6.223049
0.244320,-0.089281,-0.002383,2.706967,-0.758481,7.416088
0.221097,-0.115751,0.011266,2.171182,0.622736,5.978531
0.233997,-0.169104,-0.021155,1.755822,1.107759,2.539195
0.266103,-0.222880,0.005206,1.294728,0.644115,1.419471
0.293728,-0.248289,0.005534,0.751288,-0.243778,1.267626
0.261474,-0.280631,-0.014948,-0.311668,0.545609,0.126407
0.258789,-0.358369,-0.043679,0.340802,2.267182,-1.337691
0.261576,-0.414880,-0.016445,-0.289285,1.235102,-2.074477
0.295060,-0.426595,-0.013431,-0.307647,1.573807,-3.043882
0.287688,-0.445931,-0.021447,-1.206575,2.026478,-4.806903
0.273954,-0.534626,-0.032384,-1.086796,1.577220,-7.693824
0.240631,-0.585799,-0.015851,-0.630464,1.558681,-8.851350
0.223693,-0.592896,-0.039491,-0.355321,0.972759,-9.052281
0.227580,-0.588829,-0.023558,-0.714213,0.544907,-11.619227
0.200634,-0.651251,-0.033346,-0.856355,1.325772,-11.993577
0.188680,-0.673431,-0.016205,0.679770,1.280252,-10.495478
0.156394,-0.652554,-0.009174,0.134137,0.907367,-8.566915
0.139253,-0.642165,-0.050310,0.564202,-0.240003,-8.901783
0.171151,-0.651235,-0.046738,0.089361,1.409875,-8.572120
0.141081,-0.673769,0.018507,1.336678,-2.292994,-7.684486
0.129366,-0.632840,-0.028347,1.568313,1.307266,-6.551524
0.097503,-0.601444,-0.020613,1.375181,-0.035084,-8.437650
0.102949,-0.592519,-0.018562,1.686471,1.747484,-8.832219
0.091437,-0.559244,0.015802,2.308030,0.788204,-7.354065
0.057248,-0.490264,-0.007408,1.345008,-0.720552,-4.618853
0.012272,-0.458139,-0.042977,1.911777,0.679339,-2.822989
0.006114,-0.460755,0.014840,2.631265,0.630115,-0.447612
0.039870,-0.401536,-0.020896,1.822626,-0.043703,2.409200
0.015111,-0.319886,-0.020170,1.309975,-0.314209,1.037644
-0.057815,-0.296981,-0.024152,0.943904,0.231109,-1.174137
-0.047377,-0.262285,0.002501,1.633925,0.274473,-0.488781
-0.007223,-0.185493,-0.018670,1.222934,0.423118,1.575870
-0.026126,-0.129225,-0.003591,0.448207,-0.684675,2.932269
-0.083933,-0.125112,-0.007809,0.759756,0.053145,4.908683
-0.105962,-0.096680,-0.006808,0.913269,-0.379231,6.801724
-0.081232,-0.024046,0.011771,0.096487,-0.726178,7.171084
-0.045624,0.031851,-0.002583,0.327617,0.371732,5.411617
-0.102020,0.039709,-0.015536,0.909399,0.592978,3.886579
-0.153538,0.058425,-0.001099,0.191582,-1.282502,4.059063
-0.168381,0.107609,0.027461,0.460293,-2.333047,3.878817
-0.141409,0.131214,0.004074,0.567664,-0.571592,2.922597
-0.156140,0.128187,-0.003643,0.477831,-0.500212,4.232999
-0.213389,0.130137,0.006801,0.583253,-1.629597,6.047750
-0.247648,0.145554,-0.002192,0.510494,-1.409818,4.969226
-0.234505,0.163536,-0.018267,0.426057,-0.741566,2.582531
-0.221914,0.170311,0.009345,1.716347,-1.060885,1.335608
-0.276527,0.161868,0.018067,-0.131941,-2.695471,1.429285
-0.334416,0.168725,-0.008921,0.142641,-1.177494,1.605761
-0.342951,0.159443,0.005154,0.620203,-1.037744,-0.124285
-0.309020,0.147179,0.019317,0.584861,-0.948757,-0.113413
-0.300975,0.143782,0.005941,-0.382654,0.067282,-0.740273
-0.345337,0.151174,-0.004841,-1.067715,-0.526147,-2.063724
-0.363154,0.136872,-0.005078,0.150309,1.803104,-2.712649
-0.372634,0.117427,0.035293,-1.316104,-2.366505,-2.385718
-0.322888,0.135924,-0.001188,-1.781376,-0.949214,-1.664126
-0.340476,0.136347,0.004067,-0.186509,-0.419957,-1.924624
-0.440052,0.098888,0.086381,-2.749669,-13.855978,-1.613695
-0.371229,0.071624,0.008045,-1.997663,-2.064878,1.072296
-0.344598,0.094749,-0.027589,-2.983369,-1.858800,0.800419
-0.321398,0.103746,0.014151,-2.137948,-1.604949,-0.822360
-0.330175,0.063339,0.026512,-1.999951,-3.809576,-0.676038
-0.346207,0.050997,-0.005990,-2.250867,-2.106362,1.501266
-0.350881,0.061350,-0.003771,-2.157583,-1.664526,2.732843
-0.356993,0.055865,0.026765,-1.454616,-2.460999,2.590612
-0.325859,0.016883,0.033780,-0.197203,-1.613809,2.196667
-0.315437,-0.007171,0.008968,-0.555238,-1.765004,3.310439
-0.338441,-0.020583,0.013796,0.179385,-0.709310,2.157649
-0.350481,-0.047236,0.009871,0.790384,-0.761081,-0.195978
-0.310031,-0.056647,0.035158,1.069772,-1.432372,-1.685207
-0.300253,-0.043488,0.033179,0.598657,-1.487891,-0.654291
-0.290497,-0.050161,0.021760,1.053761,0.235881,0.798694
-0.327149,-0.071451,0.027609,1.983682,-0.590134,2.888652
-0.349328,-0.134349,0.042895,2.655807,-1.027913,4.741577
-0.293819,-0.149146,0.033609,1.863614,-2.054916,6.269711
-0.268905,-0.162657,0.018300,2.353363,-0.553739,3.913077
-0.282268,-0.223723,0.028951,3.281693,-1.058112,0.453899
-0.256728,-0.267531,0.019915,3.625830,-0.620917,-1.551782
-0.221573,-0.293839,0.027944,2.529345,-1.568550,-2.673233
-0.180742,-0.317519,0.013304,2.401921,0.089471,-5.020062
-0.140641,-0.331082,0.016540,3.322382,0.514140,-6.334061
-0.136301,-0.372181,0.047615,1.981562,-0.525904,-5.398496
-0.099594,-0.394804,0.020955,1.184346,-0.018232,-3.607350
-0.091171,-0.392598,0.000368,0.406133,0.630099,-5.152096
-0.081367,-0.396189,0.028420,0.578054,-0.399438,-7.233208
-0.071070,-0.438933,0.045170,-0.228274,-2.126722,-8.529081
-0.060510,-0.423499,0.019445,-1.114014,-0.765348,-8.306601
-0.065480,-0.396150,-0.020873,-2.052706,0.544736,-9.110625
-0.080569,-0.434413,0.006404,-1.879593,-0.661836,-8.853235
-0.072277,-0.441631,0.020512,-1.950169,-1.817996,-7.980461
-0.051142,-0.405160,0.007983,-2.516314,-1.088530,-6.734194
-0.032911,-0.385157,-0.011009,-2.564516,-0.123201,-6.701274
-0.032363,-0.381458,-0.015670,-2.457581,0.684171,-7.026745
-0.036666,-0.376176,0.024615,-1.792326,0.895986,-5.274625
0.005483,-0.296072,0.006857,-2.243753,0.343624,-4.364752
0.031421,-0.238458,-0.013093,-1.943640,1.546470,-4.769829
0.017661,-0.232868,0.015303,-1.248843,1.003197,-3.961971
0.031894,-0.204137,0.004645,-0.521589,1.473603,-1.721241
0.036834,-0.128897,-0.025619,-0.278702,0.457702,-0.179781
0.022385,-0.096631,-0.000167,0.219073,-0.055202,-1.249060
0.054382,-0.080655,0.013665,2.285696,0.434429,-1.373723
0.056886,-0.045638,0.005643,2.074346,-0.480987,0.988126
0.066507,0.011874,0.004648,2.375116,-1.212042,3.947990
0.060438,0.028165,-0.005875,2.434571,-0.192536,5.480048
0.107252,0.048624,0.004067,3.713166,2.012826,7.016660
0.129248,0.094148,0.011026,2.966096,-1.046403,8.774167
0.119167,0.134519,0.004871,2.562957,-0.065020,7.630853
0.145095,0.138143,0.014899,3.084044,1.378176,6.610967
0.176656,0.165912,0.005429,2.841724,0.807190,8.064831
0.197614,0.170327,0.011922,1.960259,1.919762,9.461631
0.213334,0.207704,-0.031357,1.934206,2.613899,10.554939
0.183310,0.183394,0.017161,1.578124,1.543418,9.165830
0.223595,0.153649,0.031863,1.044301,1.076724,10.918178
0.250022,0.164596,-0.006555,0.552871,1.981321,9.987833
0.244081,0.159945,-0.008721,0.465272,1.601835,6.652530
0.221064,0.111571,-0.009749,0.464484,0.632978,4.140099
0.235399,0.051539,0.012575,0.128110,-0.038271,3.757785
0.255330,0.028591,-0.025005,-0.660174,0.011077,5.180559
0.257837,0.023828,-0.013743,-0.582955,0.443509,3.584351
0.223355,-0.031973,-0.009506,-0.417405,-0.063168,3.374151
0.202722,-0.093847,-0.000374,-0.930443,-0.483373,3.860976
0.213479,-0.103094,-0.007940,-1.251840,-0.020254,3.419403
0.205807,-0.114756,-0.022983,-0.847752,0.514367,-0.174234
0.185588,-0.190475,0.022597,-0.591646,-0.176652,-2.169077
0.188433,-0.218767,0.000690,-0.443011,1.582252,-2.365042
0.169556,-0.231463,-0.021428,-0.777377,1.608873,-3.352117
0.156978,-0.283201,0.005111,0.000043,1.943209,-5.639354
0.150216,-0.353307,0.024271,0.514026,0.933216,-6.726319
0.126422,-0.372500,0.006181,1.035461,1.394011,-5.226567
0.078363,-0.390018,0.004625,0.701290,1.786082,-6.810282
0.085060,-0.396419,0.003887,1.080342,1.164811,-7.640296
0.080349,-0.439403,0.016737,1.585024,-0.360643,-8.847944
0.065319,-0.464343,0.018103,1.742423,0.167275,-8.210800
0.041633,-0.444162,-0.013770,1.001344,-0.427716,-7.960813
0.010253,-0.438244,-0.025649,0.914093,0.043908,-8.721536
-0.009287,-0.462859,0.001556,1.029340,-0.512209,-8.162156
0.033844,-0.428945,0.017272,1.233573,-0.899924,-5.558780
0.007919,-0.381747,-0.000354,0.283754,-0.785686,-4.371953
-0.062125,-0.386890,-0.015880,-0.164391,-0.438653,-4.682270
-0.066126,-0.384428,-0.019977,-0.298380,0.031523,-3.792098
-0.020973,-0.330386,0.007550,0.208044,2.413047,-2.638915
-0.029944,-0.290426,-0.001552,-0.743732,-1.141617,-1.761112
-0.055895,-0.307429,-0.021854,-0.730878,0.947347,-1.365290
-0.098842,-0.320962,-0.019593,1.038133,-0.162114,-0.496885
-0.097385,-0.281747,-0.015283,0.363408,0.155045,0.448992
-0.093535,-0.243050,-0.007910,0.329580,0.427950,-0.734095
-0.123720,-0.216663,-0.015985,-0.186518,0.036060,-1.906373
-0.174827,-0.198682,-0.020909,1.049592,-0.500051,-1.231527
-0.228210,-0.164045,0.006499,1.399832,-1.788421,0.097124
-0.203782,-0.126343,-0.007819,1.222376,-1.492677,0.466225
-0.216550,-0.107597,-0.037961,0.958836,-1.635903,0.116599
-0.238090,-0.122565,-0.016501,1.039843,-0.639702,1.826651
-0.240693,-0.065982,-0.009299,1.844474,-1.217284,2.228155
-0.247868,-0.010407,-0.017784,1.487358,-2.205245,1.904598
-0.243135,-0.003058,0.003782,0.740495,-1.327823,-0.132149
-0.213301,0.019164,-0.023778,0.583998,1.375760,0.777057
-0.233248,0.080835,-0.029952,1.225186,-0.170005,0.861671
-0.270428,0.066851,0.015349,0.491600,-2.249016,-0.927101
-0.247136,0.076896,-0.025563,-0.187733,-0.145856,0.316231
-0.246880,0.111371,-0.030366,0.168051,-0.094440,0.973401
-0.251742,0.159186,0.014761,-0.223118,-1.357181,0.288874
-0.254978,0.175343,-0.011075,-0.747924,-0.713889,-1.072360
-0.277456,0.207123,-0.040938,-1.940319,-1.429513,-0.014916
-0.289467,0.222698,-0.020617,-1.915034,-1.220287,-0.513674
-0.283496,0.275224,0.010445,-2.126758,-1.943586,-0.187492
-0.284179,0.288636,0.012907,-2.256582,-4.324171,-0.012935
-0.288104,0.270008,-0.006781,-2.911283,-2.582250,1.744093
-0.271902,0.290428,-0.028557,-2.710047,-1.162513,2.255703
-0.284891,0.301671,0.019783,-1.891968,-2.252686,1.073254
-0.273832,0.292424,0.016255,-2.111570,-1.387780,0.341267
-0.282140,0.294262,-0.006423,-2.235823,-1.626797,1.215173
-0.280410,0.319695,-0.006105,-1.614763,-0.704747,0.956720
-0.289040,0.339839,0.008325,-1.014208,-0.880466,0.399510
-0.306601,0.325941,0.018129,-0.719948,-0.803020,1.685031
-0.288945,0.310445,-0.027608,-0.987909,-0.906253,3.516068
-0.311216,0.321845,0.022823,-1.295320,-2.249811,2.844812
-0.265003,0.327372,0.033041,0.430028,-0.045565,2.267316
-0.251686,0.299074,0.015198,0.360638,-0.759082,3.132633
-0.229746,0.266007,0.019895,0.033963,-1.052390,4.842972
-0.208476,0.289709,-0.012476,0.324649,0.006186,4.897969
-0.206414,0.269572,0.037761,1.328123,-0.544338,3.054020
-0.162302,0.217522,0.035753,1.161421,-0.820995,4.472002
-0.123854,0.180575,0.027356,0.533350,-1.698348,4.531156
-0.122804,0.158175,0.019747,0.725478,-1.125773,4.938047
-0.075343,0.125715,0.046778,1.691575,-0.300765,3.945084
-0.046865,0.090669,0.030986,1.119997,-1.875813,4.010219
-0.034116,0.051490,0.032395,0.241275,-0.758021,4.235602
0.011083,0.035678,0.004435,0.693956,0.914909,3.422696
0.025575,-0.000366,0.044737,0.904764,0.107866,2.220586
0.062762,-0.050227,0.037157,0.195846,-1.701850,2.214800
0.092974,-0.086570,0.029509,-0.483195,0.595722,1.274655
0.115645,-0.123333,0.015204,0.339131,1.201808,-0.844904
0.136600,-0.172977,0.037134,0.138949,0.809704,-2.967568
0.141222,-0.238475,0.055326,-0.057508,-2.129247,-2.974539
0.144554,-0.277772,0.023617,-0.711285,0.501831,-3.607399
0.171197,-0.296085,0.005548,0.665258,2.231253,-5.445804
0.170567,-0.323099,0.038562,0.124549,-1.182864,-6.007166
0.201409,-0.379623,0.013888,0.141782,0.945732,-5.693896
0.205056,-0.403539,0.008508,-0.032266,1.008922,-5.584994
0.190025,-0.418493,0.012582,0.278863,0.541775,-7.155717
0.172225,-0.457771,0.042839,0.467534,-1.767013,-8.017856
0.198386,-0.466299,0.012503,0.191931,0.565734,-7.838375
0.224353,-0.440092,-0.004904,0.292209,1.591112,-7.764845
0.181636,-0.445186,0.027668,0.419775,0.705917,-8.898331
0.152235,-0.479688,0.008636,1.176294,0.837349,-9.463045
0.159706,-0.469722,-0.019901,0.410882,0.834930,-8.224991
0.153242,-0.437256,0.009818,-0.016563,-0.093492,-9.310412
0.155967,-0.424228,-0.007182,0.484504,1.566667,-9.653841
0.134575,-0.424271,0.009185,0.964485,1.131495,-8.923755
0.114444,-0.398398,-0.007937,0.004004,0.565445,-5.861029
0.137877,-0.334368,-0.014167,-0.431171,1.302549,-5.638907
0.165345,-0.284757,-0.021585,-0.020630,2.385242,-4.836968
0.147492,-0.277654,-0.001815,0.150375,1.030576,-2.131158
0.146221,-0.222450,-0.017682,-0.246160,1.534329,2.113813
0.130889,-0.155754,-0.043308,-0.547225,1.516485,1.994383
0.147794,-0.131697,-0.030763,0.350771,1.871914,0.608459
0.171575,-0.111073,-0.016189,0.417434,0.277578,0.856825
0.171316,-0.080192,-0.028892,0.170591,0.112179,1.847462
0.149048,-0.030955,-0.070306,-0.020762,1.339552,2.618397
0.144386,0.015314,-0.051472,0.980310,-0.229217,3.166682
0.172432,0.053695,-0.027224,0.417591,-0.079820,5.060472
0.182880,0.108706,-0.078079,0.330643,0.996691,7.618558
0.151585,0.149326,-0.048160,1.186460,0.359521,7.521256
0.125201,0.144793,-0.016159,1.203213,-0.899928,7.425668
0.152363,0.158481,-0.062438,1.035996,0.835087,9.204740
0.154336,0.203122,-0.081906,0.988243,0.965997,9.148124
0.115163,0.219669,-0.036025,1.285619,0.358382,8.061173
0.092357,0.202265,-0.029033,1.480130,-0.422054,8.096397
0.075127,0.203342,-0.073457,1.357173,0.607752,9.466473
0.077379,0.215808,-0.052598,0.957165,1.414044,8.794125
0.068972,0.207783,-0.027825,1.786604,0.480715,6.898805
0.061295,0.183378,-0.034564,1.700555,0.069632,6.402379
0.038892,0.154470,-0.048751,0.468472,0.452709,5.772830
0.015032,0.128679,-0.038969,1.744415,0.805877,4.841270
0.030817,0.150688,-0.028744,1.260098,0.125056,3.028297
0.038879,0.106293,-0.045173,0.584956,1.502591,2.350067
-0.032635,0.051998,-0.042123,0.174901,0.294673,2.629580
-0.061600,0.028949,-0.031695,0.633211,-1.047788,2.331701
-0.073328,0.018534,-0.052995,0.539248,-1.020613,0.984966
-0.093892,-0.047929,-0.026627,-1.036939,-1.764079,-1.550035
-0.068299,-0.089485,-0.031370,-0.205658,0.173863,-2.742207
-0.102890,-0.107095,-0.006427,-0.476692,-2.016449,-4.158218
-0.125748,-0.138541,-0.031961,-1.232914,-0.465874,-4.087715
-0.124386,-0.176673,-0.039661,-1.067558,0.304090,-4.606009
-0.129106,-0.189983,-0.002353,-1.021452,-0.067340,-2.285098
-0.126221,-0.185801,-0.013589,-1.340315,0.392421,-2.341290
-0.169786,-0.198504,-0.049368,-1.851932,0.897066,-3.737466
-0.216518,-0.249225,-0.004559,-1.602775,0.358851,-4.659904
-0.188184,-0.250626,-0.008800,-0.836973,0.297588,-4.653463
-0.167836,-0.221143,-0.018572,-1.157056,-0.167868,-5.488713
-0.179653,-0.254650,-0.025780,-1.043638,0.700359,-6.105998
-0.192270,-0.299607,-0.009456,-0.297862,-0.685752,-3.644073
-0.190406,-0.300874,0.001182,0.562462,-0.669323,-2.117217
-0.203962,-0.276193,0.005341,0.028084,-1.297982,-2.217837
-0.174844,-0.286346,-0.028019,0.836496,0.425843,-2.805728
-0.190583,-0.299587,0.015904,1.425313,-1.426056,-2.454370
-0.216800,-0.294873,0.024425,2.178249,-1.846005,-1.558599
-0.220795,-0.263625,0.017942,1.757155,-1.929182,-0.682654
-0.203280,-0.289799,0.019980,2.115587,-1.066567,-1.070247
-0.203119,-0.326126,0.050875,3.272748,-0.951724,0.094038
-0.176882,-0.265230,0.036360,2.911207,-0.608687,0.771713
-0.200834,-0.254969,0.003598,2.571527,0.410139,-0.742158
-0.231049,-0.287947,0.033189,2.220842,-0.384634,-2.783918
-0.192320,-0.274201,0.055382,2.774116,0.414128,-3.570133
-0.184596,-0.210754,0.037778,2.182670,-0.196563,-4.944872
-0.217709,-0.209100,0.035513,1.441535,0.237418,-4.522892
-0.215254,-0.217723,0.025026,0.694111,0.064965,-1.915473
-0.203916,-0.217953,0.041500,1.235125,-0.527128,0.908567
-0.182538,-0.178560,0.036271,0.384580,-2.223738,2.335657
-0.184941,-0.158478,-0.000955,-0.652020,-0.519024,0.518689
-0.204025,-0.160579,-0.004536,-0.975446,-0.479496,-0.875180
-0.222715,-0.142424,0.027491,-0.673199,-2.242783,-0.058024
-0.213993,-0.107151,0.022137,-0.882851,-3.134441,1.295290
-0.242285,-0.100100,-0.011715,-1.411908,-2.089391,3.168623
-0.307730,-0.153499,-0.003236,-0.522814,-2.796852,4.768435
-0.338949,-0.193019,0.014837,0.675158,-2.787500,5.160269
-0.317955,-0.188831,0.009175,0.631695,-2.416581,1.782124
-0.303200,-0.195806,-0.021149,0.234701,-0.477054,-3.525928
-0.325091,-0.230318,0.009106,0.940129,-0.432269,-9.352343
-0.289089,-0.208811,0.011870,1.788827,1.541008,-12.305101
-0.221034,-0.129819,0.003293,0.739415,1.726203,-13.614872
-0.182659,-0.128122,0.018562,-0.142307,1.785849,-13.165949
-0.143365,-0.105546,0.025170,0.589880,3.274592,-8.060895
-0.149812,-0.011628,-0.004247,-0.715756,1.719058,-2.488221
-0.144206,0.044751,-0.004575,-1.934341,1.380100,-0.354373
-0.105886,0.070613,-0.020502,-2.081345,1.272863,0.633537
-0.038705,0.102417,-0.004654,-2.038972,-0.744425,2.442884
-0.033026,0.153226,-0.035414,-2.296460,-2.192010,3.141580
-0.053131,0.191916,-0.044579,-3.419510,-2.270398,2.023702
-0.008641,0.208026,-0.032450,-2.825395,-2.742108,1.169687
0.072744,0.254531,-0.039497,-2.333381,-3.268020,3.896128
0.113551,0.292847,-0.021428,-2.687027,-2.094246,5.525754
0.094411,0.296392,-0.046230,-2.691117,-1.615020,6.663280
0.086018,0.320010,-0.033792,-2.040968,-1.214904,8.342641
0.109035,0.381687,-0.010215,-1.478138,0.588458,8.587520
0.084531,0.485878,-0.008157,-1.939426,0.093745,7.500109
0.078478,0.542296,-0.016327,-2.067392,1.269751,5.028556
0.087374,0.525773,-0.061943,-0.382099,6.939591,5.078712
0.077671,0.503130,0.001166,0.471312,3.776621,6.380146
0.087754,0.509882,0.001090,0.606243,2.481778,9.082014
0.111191,0.495853,-0.022573,1.538150,4.156465,10.233487
0.099831,0.425313,-0.048606,2.827994,2.409462,11.549257
0.105506,0.387779,0.007409,3.919769,1.427820,12.291749
0.121852,0.349932,0.016422,3.395567,0.060599,10.770385
0.154339,0.321838,0.014331,3.467308,0.170479,7.659589
0.163750,0.290326,0.009467,4.462156,-0.324841,6.555915
0.150653,0.258392,0.027665,4.083723,-1.719638,7.702180
0.118222,0.201166,0.017778,3.514585,-2.194896,7.055828
0.133630,0.114227,-0.008170,2.894811,-1.091018,6.354950
0.178002,0.028959,0.008164,2.574761,-1.415737,5.447686
0.191745,-0.031868,0.043578,2.208112,-1.935409,3.391872
0.187567,-0.064036,-0.002209,1.380350,0.457029,-0.909915
0.166727,-0.126655,-0.013714,-0.324814,1.933480,-4.996765
0.205798,-0.216216,0.005564,-0.599459,2.410218,-6.345009
0.278940,-0.276958,0.019127,-0.480460,5.429197,-6.241233
0.280847,-0.332917,0.013268,-2.067798,3.699271,-6.322830
0.278980,-0.396084,0.022173,-3.142774,3.941958,-6.021945
0.262731,-0.442173,0.007494,-2.332530,4.368231,-6.364201
0.283588,-0.470566,0.017197,-2.770230,3.267098,-7.322075
0.337308,-0.502429,0.014210,-3.461291,1.694032,-8.911178
0.329001,-0.562842,-0.003486,-4.198760,1.159973,-10.757884
0.282311,-0.600498,0.005055,-2.272855,0.173919,-11.465221
0.222774,-0.565087,0.033228,-3.226430,-6.132203,-10.841886
0.238714,-0.540653,-0.008006,-2.312163,-2.785258,-12.351178
0.250606,-0.561982,-0.005875,-1.940390,-2.024143,-13.048128
0.218914,-0.570122,0.004944,-0.335853,-2.140827,-12.372945
0.164324,-0.555680,-0.001034,-0.340566,-2.351372,-11.702754
0.132691,-0.530907,-0.022251,0.127411,-1.078581,-11.376927
0.132635,-0.499192,-0.033917,2.041266,1.099780,-10.908192
0.140658,-0.453130,0.017981,2.145474,0.865542,-8.391497
0.115343,-0.416659,0.012503,2.455273,2.315132,-6.921044
0.055557,-0.389234,-0.008505,1.930894,3.927531,-6.738772
0.041580,-0.347583,0.008784,3.113465,4.537303,-6.642663
0.031517,-0.266329,0.033468,3.224979,3.591298,-5.115220
0.045171,-0.158544,0.028328,2.812462,2.938844,-3.332728
-0.010049,-0.112311,-0.013904,2.432450,2.406528,-1.257824
-0.050702,-0.096040,-0.009824,2.426535,1.293394,2.384914
-0.060828,-0.031133,0.007044,2.089741,-0.495603,5.790710
-0.044505,0.046392,-0.001979,1.944168,-1.239548,6.974259
-0.038616,0.114719,-0.034557,1.108820,-1.334234,7.708290
-0.078478,0.114352,-0.007487,1.659850,-3.574350,8.721838
-0.101068,0.123300,-0.005652,1.201355,-3.861288,10.255163
-0.109343,0.141556,-0.016432,1.221766,-3.609137,12.051478
-0.100017,0.119817,-0.028350,0.366005,-3.221485,11.766979
-0.107081,0.116912,-0.036632,0.913364,-2.133366,11.636670
-0.156813,0.148850,-0.010097,1.447509,-2.609773,10.656053
-0.202013,0.151417,-0.023042,0.545022,-0.833665,8.857177
-0.175894,0.146346,-0.057364,0.032279,1.921223,7.014911
-0.181300,0.150567,-0.060127,-0.096130,2.129661,4.673918
-0.193399,0.167898,0.005676,-0.155746,2.389410,2.228419
-0.216377,0.167353,-0.008902,-0.487912,2.215625,2.453101
-0.212119,0.168305,-0.018772,-1.666412,2.170038,4.577345
-0.198047,0.157332,-0.047835,-1.365872,2.108131,5.699802
-0.195005,0.146900,-0.012988,-0.783216,0.492043,5.012354
-0.193321,0.123917,-0.010067,-1.036818,-0.880906,4.403636
-0.215385,0.099584,-0.026538,-1.184777,-2.162472,3.771566
-0.249204,0.076141,-0.058411,-1.718813,-2.754292,4.097831
-0.220808,0.046760,-0.035552,-0.125459,-2.953467,2.189668
-0.200509,0.008582,-0.040617,0.329619,-4.695519,2.487796
-0.193675,-0.041581,-0.023354,0.003899,-5.031989,3.484135
-0.205827,-0.082697,-0.056993,0.164046,-3.341280,3.239676
-0.213340,-0.065670,-0.073710,1.000595,0.740106,1.239084
-0.254962,-0.080382,0.007560,0.200445,-3.547907,-1.231529
-0.241733,-0.069435,-0.023706,0.019996,-0.650840,-3.405345
-0.249027,-0.061853,-0.029817,-0.087346,1.014932,-4.435453
-0.276514,-0.098679,0.003637,-0.253519,0.608645,-6.147331
-0.250517,-0.160766,0.004156,0.842936,3.178968,-5.935130
-0.236442,-0.170581,-0.009145,0.225008,2.682916,-4.525923
-0.232109,-0.173206,0.004097,0.348260,2.871814,-3.587197
-0.236547,-0.204061,-0.010566,0.289701,3.632693,-2.945070
-0.225863,-0.237473,0.008994,0.973699,1.489435,-1.215155
-0.198172,-0.254460,0.003007,1.262114,-0.078967,0.888502
-0.216465,-0.266457,0.006496,0.396220,-1.340339,0.933488
-0.213783,-0.283382,-0.005777,0.751284,-1.216302,0.975431
-0.206861,-0.316666,0.001228,1.776163,-3.341481,0.684913
-0.190110,-0.340558,0.022157,1.642732,-3.821028,3.646970
-0.153659,-0.370737,-0.005156,1.345166,-2.336549,4.313342
-0.150258,-0.391197,0.011650,0.992973,-2.756301,2.014243
-0.134306,-0.397561,-0.009486,1.874315,-0.694522,0.178887
-0.118031,-0.375438,0.037860,1.978171,-1.746705,-0.807082
-0.097480,-0.364287,0.028620,1.698209,-0.869535,-1.666414
-0.101944,-0.375382,0.005981,1.036765,1.570777,-2.296567
-0.100973,-0.424165,0.037617,1.432508,2.768420,-1.366087
-0.103805,-0.465491,0.036731,2.371194,2.196521,0.313202
-0.090337,-0.460807,0.051859,1.876501,2.146838,-0.737217
-0.093022,-0.444287,0.016731,1.551622,3.500788,-1.948842
-0.115117,-0.479123,0.034797,1.850652,2.422005,-3.482551
-0.104173,-0.482370,0.037912,2.076749,1.087257,-3.164696
-0.108141,-0.427953,0.042304,1.410982,0.682779,-4.397637
-0.100303,-0.394978,-0.004369,0.202201,0.736604,-4.271867
-0.104580,-0.409289,0.028068,0.476817,-1.453015,-3.682666
-0.075425,-0.381904,0.023657,0.881417,-0.987598,-2.329184
-0.077011,-0.338599,0.013202,-0.004596,-1.977240,-3.775887
-0.062676,-0.337483,0.014423,-0.688859,-1.592896,-5.772808
-0.012271,-0.308775,0.030973,-0.584222,-1.784715,-7.115371
0.013676,-0.243477,0.019744,-0.587813,-0.445740,-7.887686
-0.002286,-0.183750,0.004809,-1.431068,0.295717,-8.749636
0.021367,-0.136381,-0.002064,-1.597596,1.087795,-7.960781
0.062401,-0.101479,0.039307,-1.507352,0.990343,-4.172317
0.071546,-0.072731,0.024362,-1.357889,1.921571,-3.016800
0.048487,-0.017924,-0.013711,-2.075476,1.759333,-2.269620
0.033765,0.009783,0.027468,-1.741419,-0.764264,-2.699048
0.061318,0.047961,0.011351,-0.638878,1.477841,-1.721765
0.122358,0.138625,0.009395,-0.656028,0.880916,-0.692799
0.112186,0.178271,-0.004017,-1.196121,0.869799,0.224698
0.074707,0.171463,-0.014377,-0.025124,0.795232,2.049245
0.077868,0.212385,0.022301,0.583725,-0.832565,6.615101
0.103425,0.266591,0.010327,0.366464,-1.577863,7.764493
0.105358,0.257788,-0.024615,1.442565,0.076542,5.938915
0.097943,0.250721,-0.003154,2.143845,-1.454565,5.556130
0.114516,0.240893,0.018654,2.312159,-1.151940,5.823895
0.102706,0.257256,-0.023006,2.231283,-0.385665,4.648746
0.116653,0.278559,-0.010789,2.909467,0.472959,3.896506
0.146625,0.277771,0.035588,1.908734,-0.340860,5.803653
0.166425,0.304956,0.005534,0.683334,1.717039,9.121575
0.126172,0.308373,-0.005652,1.252151,2.139233,8.129082
0.136312,0.309913,0.003660,1.249397,1.833670,8.946613
0.173738,0.283709,-0.032854,0.048668,1.985621,8.817700
0.180838,0.287914,-0.018391,-0.972856,2.149264,7.859464
0.183369,0.293461,-0.008974,-0.414750,2.026635,7.081155
0.191788,0.274784,-0.016776,-2.008183,0.932520,7.792900
0.194211,0.252867,-0.032194,-3.065633,0.806514,7.983518
0.217450,0.248964,-0.026348,-2.103892,1.108321,8.074357
0.285213,0.265019,-0.021401,-2.711878,0.006350,8.814125
0.271190,0.209198,-0.023870,-3.355614,-0.004104,8.275618
0.231040,0.146858,-0.041818,-2.404360,-0.001547,8.416917
0.232546,0.129441,-0.027260,-0.802172,-0.614175,7.980327
0.196558,0.070423,-0.028806,-1.173039,-1.784131,3.826312
0.212402,0.025463,-0.031597,-1.109878,-0.515774,0.666482
0.213341,-0.041124,-0.019235,0.630815,0.007703,-0.863035
0.175698,-0.083678,0.000765,1.015035,-0.011979,-1.766606
0.163730,-0.120415,-0.019074,1.240023,1.479958,-4.965418
0.206247,-0.184140,-0.021145,2.394256,3.944475,-9.002367
0.213249,-0.251053,0.022580,3.221759,2.852457,-10.215020
0.210406,-0.258901,0.028134,2.754796,1.868133,-9.319840
0.158337,-0.311013,-0.010802,3.079541,3.508206,-10.533953
0.139354,-0.393163,-0.001346,3.221752,3.343530,-10.311918
0.190236,-0.345689,0.009828,3.179872,2.258448,-6.682807
0.187084,-0.344826,-0.011344,2.428686,3.397168,-6.819596
0.117526,-0.404724,-0.016117,1.496411,0.459826,-6.320095
0.094280,-0.450297,-0.004940,1.578515,-0.021416,-5.983700
0.089918,-0.459340,-0.002938,0.856001,-3.013063,-6.791338
0.097897,-0.443693,-0.020453,-0.258975,-1.838245,-7.968578
0.066238,-0.455953,-0.054098,-0.509835,-1.592844,-8.925725
0.023790,-0.460466,-0.017899,-0.845625,-2.417018,-5.289768
0.033749,-0.476451,-0.009204,-1.762000,-1.436770,-2.578525
0.007893,-0.428587,-0.034242,-2.698158,-0.396355,-0.908250
-0.048250,-0.424467,-0.029322,-2.321587,0.182631,-1.223218
-0.072363,-0.430143,-0.016642,-2.370088,0.144791,-1.956003
-0.094181,-0.382291,-0.006512,-2.965808,0.783130,-2.030348
-0.113433,-0.347219,-0.040325,-2.890788,2.261661,-3.640382
-0.129694,-0.355602,-0.016829,-1.960781,2.355798,-5.405616
-0.160808,-0.332018,0.025245,-1.558091,1.099941,-2.495777
-0.140227,-0.238888,-0.000256,-0.811327,1.614456,1.231216
-0.159492,-0.212366,-0.018762,-0.329029,2.437052,3.088554
-0.176124,-0.217109,-0.002770,0.859447,0.283165,4.766422
-0.205905,-0.203343,-0.020860,2.652443,-0.716902,6.387900
-0.219462,-0.144997,0.012979,2.540718,-2.008719,6.489622
-0.221445,-0.103100,0.010563,2.933147,-3.200136,4.912597
-0.261100,-0.094064,-0.002422,3.564219,-2.790904,2.650506
-0.309079,-0.113696,0.029621,5.039107,-3.967727,3.269866
-0.321950,-0.077783,0.009713,5.061775,-3.697766,3.358439
-0.304247,-0.035639,-0.009138,4.817066,-2.590426,1.739412
-0.301923,-0.033263,0.012904,4.002851,-2.056544,1.581086
-0.302298,-0.029367,0.021970,4.570529,-0.967809,1.796398
-0.301040,0.029586,0.013137,3.623365,0.122283,0.173507
-0.278999,0.066737,0.020995,1.894380,0.602776,-0.686417
-0.258658,0.067298,0.011561,0.780737,2.555003,-0.277848
-0.252693,0.076410,0.023493,1.040995,2.135688,1.413596
-0.277732,0.098845,0.028492,-0.680584,1.460024,4.810743
-0.272687,0.071260,0.014154,-1.366876,1.603673,5.743806
-0.278900,0.033092,0.002429,-1.740536,0.170075,4.020841
-0.274568,0.008874,0.005636,-1.335332,-1.191086,2.356717
-0.265702,0.027206,0.002741,-2.169584,-2.627685,-0.038637
-0.290592,-0.027574,-0.006634,-3.013318,-3.048287,-1.549172
-0.283535,-0.091280,-0.001103,-1.923972,-3.225177,-0.419750
-0.257512,-0.096657,0.001225,-1.366016,-4.232413,2.151891
-0.257755,-0.127807,0.016091,-1.568520,-3.591790,3.295260
-0.260036,-0.146346,-0.016284,-2.167148,-3.397440,3.641265
-0.275132,-0.177516,0.004057,-1.200936,-2.710255,2.906754
-0.292693,-0.148930,0.015740,-1.051733,-2.259615,0.941675
-0.298963,-0.107942,0.011203,-0.910513,-0.847300,-3.633199
-0.273990,-0.144679,0.000837,-0.798014,1.189535,-6.233924
-0.226234,-0.174181,-0.003561,-0.061040,2.559493,-4.897984
-0.208778,-0.187022,0.040279,0.671921,1.531561,-1.143073
-0.204422,-0.181166,0.013491,0.779999,3.446355,3.142581
-0.180657,-0.184761,-0.025357,0.909662,4.238329,4.142334
-0.141701,-0.185998,0.025823,1.817371,1.917960,3.677430
-0.098524,-0.178941,0.025436,2.131904,0.535739,2.377165
-0.124836,-0.182197,-0.026102,1.984864,-0.438466,0.247048
-0.144051,-0.199335,0.000611,2.012328,-1.240415,0.213577
-0.118379,-0.195107,0.029463,2.447990,-3.197260,2.400536
-0.090324,-0.156601,0.010993,2.792741,-3.726045,4.810191
-0.068332,-0.196134,-0.010487,2.503505,-4.079120,7.065040
-0.076308,-0.259886,-0.032086,2.951269,-3.123212,6.769474
-0.058980,-0.292241,0.014729,2.869330,-3.160313,3.385604
0.005378,-0.254237,0.003581,2.717888,-1.158544,-1.253289
0.030200,-0.220825,-0.024008,1.900295,0.776118,-6.147032
0.025808,-0.255310,0.015073,1.033210,1.458353,-8.058396
0.047886,-0.280739,0.031630,1.053508,2.083668,-6.490765
0.067663,-0.251893,0.006083,0.341846,3.600252,-3.628360
0.090991,-0.269211,-0.007008,-0.041017,3.611465,-2.144657
0.074618,-0.275645,-0.022330,-0.557522,3.457132,-1.770702
0.042122,-0.279426,0.028580,-0.124621,2.526938,-1.907991
0.049206,-0.263904,-0.012338,-0.629112,1.251714,-2.807986
0.051799,-0.282725,-0.029647,-0.827614,1.040489,-5.449759
0.037464,-0.331364,-0.022573,-0.552970,-0.851807,-6.109558
0.023271,-0.317621,-0.021434,-0.097387,-3.314115,-4.602413
0.010811,-0.294857,-0.029801,0.064362,-2.301850,-2.959198
0.020773,-0.334535,-0.061542,-0.172154,-2.201345,-1.952648
0.027843,-0.350980,-0.057748,0.022484,-1.800399,-2.450564
0.032120,-0.348512,-0.005537,1.041028,-1.150286,-4.243058
0.072560,-0.303158,-0.037065,0.431335,-0.752310,-5.955375
0.075898,-0.283122,-0.051209,0.495208,1.076835,-7.764400
0.084429,-0.270715,-0.011058,0.398494,2.046382,-7.663793
0.110236,-0.212419,-0.007631,0.996807,3.724361,-6.157170
0.117530,-0.172035,-0.006542,-0.420198,2.256101,-4.512399
0.123855,-0.170249,-0.018907,-0.644458,3.180606,-2.823985
0.106327,-0.150827,-0.026758,0.089880,3.996692,-0.466380
0.102086,-0.080993,-0.022488,0.167929,2.024958,1.112985
0.107282,-0.048533,-0.019399,0.074462,1.237074,1.105927
0.113797,-0.058390,-0.039556,-0.436742,0.670867,0.740986
0.136262,-0.036831,-0.051189,-0.001740,-0.032898,1.910956
0.123362,-0.000534,-0.033645,0.649437,-1.822014,2.991170
0.090138,0.018350,-0.010668,0.604395,-2.507951,3.940286
0.110827,0.059006,-0.036185,-0.412754,-2.588187,4.772765
0.113033,0.094667,-0.040187,-0.030983,-1.868004,4.611331
0.094067,0.122315,-0.004484,0.091077,-2.089795,4.367075
0.084679,0.146858,-0.028390,0.190568,-0.269361,3.919093
0.076515,0.161609,-0.025294,-0.392281,-0.510361,4.902922
0.068224,0.183463,-0.022859,-0.675063,1.321446,4.184734
0.075157,0.244179,-0.004858,0.414033,2.196160,3.571288
0.048881,0.242163,0.010304,-0.156976,2.004465,4.981443
0.024781,0.189989,0.000890,-0.192217,1.194458,6.248570
0.025398,0.186923,-0.033517,0.210309,2.688470,6.312764
0.001154,0.162764,0.010343,1.266190,2.112458,5.039641
0.006905,0.132861,-0.006811,1.401926,1.457903,4.212785
-0.002457,0.106418,-0.009506,1.538206,1.076054,3.965365
-0.049208,0.066211,-0.016947,1.605168,-0.159899,3.231677
-0.040379,0.035133,0.019291,2.656969,-0.393244,2.416198
-0.027577,-0.006570,0.013747,2.237270,-2.283548,2.259220
-0.010233,-0.048297,0.004221,1.717926,-2.454208,2.848707
-0.033305,-0.057563,-0.006699,1.230664,-1.693306,1.323482
-0.083576,-0.084699,0.033337,2.296859,-4.205655,-1.546431
-0.071201,-0.153975,0.017210,1.692195,-1.688366,-2.835916
-0.030105,-0.182102,-0.003699,0.549798,-0.383035,-3.441785
-0.024941,-0.200736,0.004862,0.385230,0.711027,-4.365496
-0.068614,-0.256206,0.035378,0.728642,0.894493,-5.276199
-0.075343,-0.285243,0.034709,-0.761020,-0.508178,-4.373035
-0.048529,-0.297043,0.019866,-1.434133,1.747123,-4.083107
-0.025713,-0.292973,0.019603,-2.204354,2.300364,-5.016718
-0.012668,-0.299945,0.020220,-1.536516,3.918866,-6.130610
-0.055018,-0.333130,0.026316,-2.184138,1.319890,-5.086532
-0.080776,-0.346024,0.031850,-2.891595,-0.253911,-3.090550
-0.065995,-0.292802,0.002373,-3.224703,0.151900,-2.367169
-0.056683,-0.297979,0.016386,-2.383188,-0.307795,-2.113368
-0.056203,-0.344041,0.016554,-1.500747,-1.574193,0.768201
-0.088949,-0.351519,0.021123,-1.120388,-2.158395,2.302734
-0.143460,-0.350281,0.010228,-1.001610,-2.809614,0.598126
-0.143762,-0.327166,0.016212,-0.723551,-2.523569,-2.710041
-0.144806,-0.356475,0.036672,1.173045,-2.576732,-4.446937
-0.157785,-0.371170,0.036593,2.617301,-2.700506,-3.866044
-0.191817,-0.346309,0.000417,2.952874,-1.969825,-2.343409
-0.244061,-0.373770,0.018198,3.013537,-0.771066,-2.784826
-0.261329,-0.391574,0.045564,4.409099,-1.053762,-2.740047
-0.259281,-0.320923,0.009211,4.386762,0.759155,-2.652847
-0.293662,-0.296337,0.044615,3.482401,0.297450,-3.898701
-0.311242,-0.309037,0.011400,3.894944,2.655399,-3.778206
-0.328833,-0.295323,0.041211,4.181064,1.398761,-2.218775
-0.340315,-0.259046,0.044937,2.834631,-0.279074,-0.165915
-0.315070,-0.204091,0.004727,1.985504,0.909681,0.753798
-0.315188,-0.220273,0.016780,2.154047,0.394650,1.269348
-0.302124,-0.251965,0.011249,2.083590,-0.333405,3.809277
-0.307950,-0.228371,0.007616,1.328763,-3.187505,4.757390
-0.291866,-0.212405,0.014295,0.405492,-2.177357,2.249846
-0.256537,-0.224787,-0.028294,-0.502729,-1.606942,0.096750
-0.253219,-0.244048,-0.018969,-0.200117,-2.761283,-0.954057
-0.258136,-0.241035,0.008777,0.092180,-3.944094,-0.708396
-0.263010,-0.220428,-0.038946,-0.305874,-2.850956,-0.415353
-0.280581,-0.237431,-0.006174,-1.848755,-5.086165,-0.188169
-0.227035,-0.218107,-0.016225,-1.804347,-1.916650,0.327372
-0.241454,-0.182066,-0.000049,-1.021131,-1.546811,-0.867949
-0.261681,-0.171943,-0.008807,-1.610634,-1.379091,-1.689347
-0.269815,-0.163126,-0.053605,-2.067267,0.276807,-3.258734
-0.258851,-0.156345,-0.022409,-1.522126,0.950429,-2.808305
-0.233465,-0.116863,0.002735,-0.888189,1.291980,-2.330808
-0.251019,-0.107115,0.001070,-1.290839,-0.664800,-0.611998
-0.283391,-0.141964,-0.014081,-1.116709,0.540889,1.472629
-0.257066,-0.120875,-0.034373,-0.345661,1.797239,3.280804
-0.255776,-0.094638,-0.010379,1.177400,-0.581722,2.116142
-0.248134,-0.097976,0.000033,1.458462,-1.411230,1.219074
-0.251571,-0.112659,-0.049640,1.608237,-1.390124,1.002033
-0.279895,-0.100832,-0.025439,1.509993,-2.429757,0.079135
-0.269920,-0.077389,-0.023817,2.474699,-2.495964,-0.660510
-0.247753,-0.078781,-0.011603,3.235880,-1.899138,-0.494583
-0.244146,-0.090433,-0.008981,2.364051,-2.782403,0.825372
-0.210859,-0.062234,-0.031734,2.037859,-1.271825,1.398256
-0.216337,-0.038620,-0.020640,2.299646,-1.011071,0.049026
-0.187186,-0.067794,-0.007326,2.087039,-0.716183,-0.609162
-0.126848,-0.049219,0.001238,1.551828,0.667683,-0.346326
-0.095438,-0.022664,-0.008183,0.576806,0.749465,1.004079
-0.072094,-0.008497,-0.018644,-0.135417,2.260154,0.961762
-0.053403,-0.065234,0.029001,-0.154951,1.755565,1.461298
-0.015787,-0.053230,-0.009634,-0.671022,1.568591,4.125549
0.012797,-0.019526,-0.025449,-1.418138,2.327402,4.008711
0.036942,-0.030873,-0.013038,-1.323489,0.688730,2.273903
0.053903,-0.060927,-0.003338,-0.611742,-0.320187,1.916413
0.072058,-0.092757,-0.015775,-0.908028,-0.921536,3.840232
0.065979,-0.104348,-0.037577,-0.756543,-1.557456,3.235397
0.015045,-0.142171,-0.021034,-0.468283,-2.161067,2.309430
0.050594,-0.170344,-0.019025,0.759937,-2.277744,2.094838
0.065743,-0.199046,0.000033,0.236345,-3.016614,2.115630
0.073601,-0.207035,-0.016162,0.704592,-1.629922,0.265890
0.057907,-0.226372,-0.024854,1.400334,0.379518,-2.532071
0.051244,-0.294302,0.014033,2.056474,0.536996,-4.609093
0.128631,-0.289602,0.025541,1.868928,0.702956,-4.128109
0.149274,-0.257972,0.004153,1.813934,2.792638,-5.517733
0.109524,-0.290252,0.010471,1.506554,3.605498,-6.453147
0.108217,-0.321566,0.028748,2.334536,3.989461,-5.977025
0.120231,-0.295077,0.020309,1.668332,2.195970,-4.815278
0.133403,-0.242725,0.031082,0.718017,2.048975,-4.337789
0.134073,-0.261898,-0.010868,0.337477,3.222129,-4.568987
0.124196,-0.277568,-0.017820,1.322737,0.845397,-2.830722
0.095987,-0.270734,0.023243,-0.081887,-1.282936,-1.698255
0.102893,-0.242489,-0.011009,-0.585682,-0.846572,-2.883022
0.133157,-0.232491,-0.007201,-0.092342,-0.216110,-5.286453
0.139082,-0.256114,0.018198,-0.588105,-2.079232,-4.141856
0.166609,-0.207584,0.001605,-0.950013,-1.867597,-2.515726
0.120658,-0.166550,-0.023761,-1.228325,-0.904024,-2.382014
0.084255,-0.163760,0.006207,-1.420265,-1.046104,-2.472429
0.122112,-0.145283,0.013416,-1.402159,-0.016341,-1.189622
0.135829,-0.068484,-0.004851,-2.056947,1.199119,-1.239253
0.091234,-0.042733,0.012680,-1.866953,1.776326,-2.804824
0.065040,-0.060205,0.009096,-1.220371,2.489275,-2.695430
0.088221,-0.031395,0.000946,-0.696350,3.207866,-1.717670
0.120139,0.029753,0.016954,-1.010430,2.898805,-1.145843
0.120690,0.045525,0.003181,-0.993824,4.314898,-1.396238
0.091142,0.040572,0.009076,-0.047241,2.609629,0.599672
0.069324,0.044262,-0.009427,1.476637,1.241141,3.715842
0.040786,0.091827,0.016623,1.076249,-0.755061,5.842822
0.044666,0.105663,0.002712,1.352111,-1.452720,4.911000
0.014251,0.073699,-0.010737,2.541887,-1.635863,3.810395
-0.047354,0.037388,0.015756,3.026591,-3.673027,6.075399
-0.051894,0.052832,-0.001198,3.094265,-3.819588,6.568611
-0.051365,0.070190,-0.038280,3.011197,-2.626960,5.268247
-0.047187,0.040566,0.006240,3.129089,-1.802106,4.142216
-0.039049,0.035806,0.015812,3.065462,-0.896310,3.245428
-0.055206,0.069832,-0.003492,2.172317,0.105221,1.275990
-0.083297,0.050104,0.009237,1.292256,1.784916,0.208914
-0.050059,0.021583,0.012323,0.784726,2.492607,0.160443
-0.038189,0.034838,0.019580,-0.035703,1.976772,1.844427
-0.065178,0.059518,0.029496,-0.470941,2.513260,3.123638
-0.086326,0.027790,-0.009299,-1.267888,2.531799,2.976723
-0.106884,-0.007381,-0.019235,-2.239608,1.738821,2.525933
-0.080421,-0.010398,0.011062,-1.890051,1.087385,2.225278
-0.069481,0.014716,0.003542,-2.510127,-0.297745,1.548511
-0.054070,-0.023012,-0.019218,-3.082285,-1.696044,0.936777
-0.082089,-0.098836,-0.049020,-2.135965,-1.830272,0.677048
-0.105581,-0.140940,-0.011498,-1.061876,-2.808807,1.405159
-0.067774,-0.141922,-0.023062,-0.912062,-3.200451,1.619375
-0.041754,-0.169599,-0.028416,-0.909764,-2.809965,-0.217294
-0.061275,-0.215284,-0.053041,-0.727530,-2.433332,-0.914083
-0.108302,-0.191191,-0.044188,0.342063,-0.283512,-2.289190
-0.166021,-0.188060,-0.014436,0.872078,-1.713500,-4.888607
-0.177841,-0.194464,0.012549,0.340103,-1.343254,-7.275059
-0.110236,-0.197733,-0.018427,0.194507,1.373128,-6.737040
-0.101416,-0.183458,-0.015670,1.432912,3.466079,-4.818760
-0.160828,-0.226369,0.027888,1.844983,2.236107,-3.918568
-0.151069,-0.246257,0.008472,1.793826,2.948203,-2.607952
-0.110347,-0.235067,-0.019809,1.111443,2.891006,-2.541157
-0.101337,-0.222246,0.003151,1.814748,2.720503,-3.848966
-0.117825,-0.228548,0.022580,2.329500,1.384042,-3.878209
-0.143076,-0.258813,0.016947,2.253817,-0.283988,-2.805574
-0.152576,-0.258494,-0.012979,1.566940,-0.503645,-0.710941
-0.147741,-0.220306,-0.014072,1.326262,-2.484213,-0.566688
-0.134348,-0.243963,0.006102,2.621329,-2.674965,0.276614
-0.137191,-0.295812,-0.000371,2.039766,-3.806950,3.095596
-0.102912,-0.291808,-0.010129,1.039495,-3.856764,4.873346
-0.116308,-0.280772,-0.032650,0.417618,-2.166020,2.075178
-0.145699,-0.288098,0.006024,1.486682,-3.471406,-1.664164
-0.110895,-0.291906,0.002439,0.488702,-0.792871,-3.584968
-0.094198,-0.264806,-0.004553,-0.179261,0.033470,-4.083000
-0.083152,-0.233262,-0.011954,-0.767418,1.883006,-4.479144
-0.083471,-0.225417,-0.021559,0.054426,4.188091,-3.854024
-0.107377,-0.254834,0.022771,-1.045375,2.213619,-1.836939
-0.082332,-0.202870,0.029001,-1.886486,-0.280325,-0.031879
-0.081508,-0.148454,-0.021526,-1.887471,2.747902,0.356551
-0.104189,-0.164321,-0.002311,-1.116049,2.383118,0.531032
-0.119364,-0.150482,-0.007717,-1.174256,0.230679,1.235568
-0.126667,-0.107640,-0.012171,-1.287793,-1.339180,1.582528
-0.112504,-0.077789,-0.050041,-0.888760,-0.001114,0.419710
-0.115304,-0.088464,-0.027920,0.037836,-2.247083,0.277292
-0.130134,-0.145920,0.011144,0.554853,-3.787410,2.473057
-0.095304,-0.093660,-0.004365,0.935235,-4.152387,3.373604
-0.071975,-0.036385,-0.036569,0.619507,-2.346367,1.708892
-0.068677,-0.042510,-0.008124,1.561990,-1.151303,-1.188261
-0.063133,0.001462,-0.003328,1.640181,-2.600753,-1.275571
-0.094355,0.038275,-0.004162,1.371038,0.070660,-2.888156
-0.108539,0.057217,-0.010274,1.965612,1.165189,-4.155624
-0.078380,0.082975,-0.015536,1.410532,1.364416,-2.987144
-0.045384,0.098376,0.017597,1.838122,2.486744,0.612139
-0.045634,0.133180,0.005462,0.738574,2.792270,2.383051
-0.020957,0.139666,-0.000847,0.723846,3.805759,2.852075
-0.008024,0.093987,0.012034,1.066244,2.283305,2.721428
0.009491,0.098635,0.015257,0.717061,1.404390,1.977382
0.043865,0.151873,-0.007188,-0.102143,0.603905,1.632073
0.053689,0.153029,-0.017915,-0.130792,-0.354295,0.249677
0.038137,0.097132,-0.018073,0.131258,-0.489393,0.792803
0.034727,0.081307,0.012693,0.324603,-2.159363,3.361171
0.039440,0.097204,-0.025137,-0.184917,-0.878956,3.457786
0.034572,0.086631,-0.003345,-0.980471,-2.887812,2.232606
0.110778,0.093052,-0.026912,-1.318392,-0.777440,3.316915
0.124639,0.107078,0.007379,-0.499344,-1.542028,3.919475
0.095137,0.113291,-0.007878,-0.885914,-0.182052,4.528187
0.069941,0.095087,-0.039376,-1.779410,0.799187,2.470425
0.103996,0.066310,0.020706,-1.492348,1.549969,1.121662
0.157647,0.057467,0.009171,-0.932666,2.661245,2.340800
0.138298,0.079325,0.011643,-0.696090,1.216782,2.658021
0.081117,0.023444,0.010918,-1.224507,2.452853,2.279217
0.107173,-0.021450,-0.023840,-0.426123,4.859717,1.187213
0.152087,0.017543,-0.003912,0.653264,2.920962,0.071286
0.160674,0.016525,0.045777,0.426835,0.432247,-0.293022
0.173905,-0.005047,0.007241,0.441750,1.185675,1.837640
0.151972,-0.048205,-0.031465,0.557013,0.356324,2.037990
0.149425,-0.044863,0.010035,1.401607,-0.840479,1.014611
0.175396,-0.040832,0.018881,1.955427,-1.411118,-1.335746
0.198799,-0.046964,0.016810,2.023921,-1.919351,-2.072509
0.177539,-0.108080,0.000177,1.141878,-1.176522,-1.660655
0.177519,-0.104627,-0.007011,1.720342,-1.393019,-2.077971
0.144478,-0.100875,0.013455,1.808397,-1.452293,-4.705702
0.151332,-0.117474,0.017233,1.394793,-0.079144,-5.342941
0.214004,-0.095741,0.009253,-0.063259,0.753775,-4.941518
0.228197,-0.074143,0.001986,-0.156973,2.294052,-4.755719
0.205413,-0.082427,0.013714,0.017233,3.681506,-4.123679
0.196210,-0.095744,0.004451,-0.516173,3.542570,-4.252222
0.231256,-0.067246,0.008338,-1.674247,3.976249,-2.698535
0.266782,-0.039227,-0.004362,-2.092978,3.954490,-3.205367
0.232274,-0.038305,0.014899,-0.884634,3.012788,-3.375401
0.143677,-0.107164,0.026939,-1.424457,0.376143,-2.521501
0.136702,-0.084512,-0.026729,-2.065048,0.440102,-1.940211
0.152543,-0.044692,-0.002833,-1.034103,-0.970953,-3.932580
0.174857,-0.061115,0.004842,-0.513292,-1.276315,-4.683926
0.115787,-0.115455,-0.009959,0.173880,-2.613275,-3.929934
0.076588,-0.118728,-0.031797,-0.288257,-2.772500,-0.724015
0.075501,-0.063698,-0.051045,-0.322027,-2.242520,-1.811485
0.105765,-0.025421,-0.010812,0.200156,-1.163393,-2.103878
0.128542,-0.038807,-0.003620,0.949796,0.092655,-0.145171
0.067505,-0.028300,0.004057,0.533406,-0.366226,1.750085
0.002283,-0.013788,-0.013116,0.352133,1.407646,1.429255
0.015639,0.020654,-0.017091,-0.089742,2.288570,-1.145428
0.053089,0.044971,-0.004720,-0.588850,3.097045,-3.867039
0.052193,0.090357,0.007461,0.275994,2.778304,-3.553859
0.000346,0.136728,-0.000958,-0.342365,1.912872,-0.473892
-0.051079,0.134739,0.002347,-0.896894,1.064316,2.417503
-0.017343,0.167698,-0.053011,-1.262600,1.853674,5.409076
0.003153,0.228111,-0.017856,-1.088260,0.802834,6.640023
-0.010479,0.250927,-0.009873,-0.123955,-0.662644,6.635027
-0.039811,0.243072,-0.022809,-0.807070,-2.065929,8.400949
-0.075048,0.206808,-0.048186,-1.020514,-2.908110,9.077532
-0.077030,0.189979,-0.047858,0.663200,-2.498672,7.964503
-0.056220,0.193770,-0.029926,1.441919,-3.298228,6.569342
-0.059407,0.161103,-0.008672,0.855501,-3.707089,5.918034
-0.090095,0.125276,-0.044270,1.147100,-2.400790,5.657388
-0.147028,0.145193,-0.059704,1.522742,-1.146994,3.212623
-0.164274,0.155129,-0.000699,1.626533,-0.614828,-0.561477
-0.121599,0.170810,-0.011150,1.513637,1.204841,-2.058272
-0.069609,0.157424,-0.030641,0.596034,2.242262,-2.038812
-0.113013,0.124721,-0.006601,0.717918,3.221945,-1.026075
-0.155477,0.079962,0.006664,0.781046,2.759919,0.057014
-0.155973,0.060785,-0.006893,1.113104,2.455991,-0.188472
-0.135783,0.060159,0.011781,-0.018372,1.352117,-1.208014
-0.101557,0.076712,-0.012690,-0.772670,0.771762,-2.648171
-0.139348,0.019673,-0.013221,-0.696491,-0.157880,-3.595926
-0.192763,-0.057379,0.001425,-0.029020,-2.187812,-2.254018
-0.148824,-0.061269,-0.026696,-0.710615,-2.335006,0.332259
-0.101924,-0.047016,-0.027303,-0.945372,-2.978456,-0.181357
-0.102302,-0.090039,-0.018775,-0.881525,-2.743575,1.020762
-0.079453,-0.152767,-0.010257,-0.264417,-3.289953,3.891069
-0.108896,-0.198622,-0.018017,-0.337441,-2.785097,5.881556
-0.111483,-0.169337,-0.039110,-1.350550,-2.532179,2.787200
-0.132550,-0.126484,-0.038073,-1.501939,-1.221889,-2.960050
-0.133462,-0.136187,0.003401,-1.017543,-0.674168,-7.748032
-0.105932,-0.148053,0.006411,-0.841545,0.552262,-6.958717
-0.079988,-0.153095,-0.007743,-1.116252,2.286726,-6.056902
-0.071004,-0.188795,0.004231,-0.968149,3.260848,-4.277964
-0.057566,-0.186875,0.016278,-0.497411,2.773285,-2.024264
-0.045732,-0.157044,0.029532,0.432766,2.830865,-0.346892
-0.056141,-0.146921,0.001530,0.261814,1.933013,-0.172312
-0.018199,-0.164879,-0.017502,0.298478,2.109382,-0.125146
-0.005375,-0.204800,0.006847,1.064859,0.540475,-1.630124
0.008648,-0.178734,0.015638,2.136801,-0.632189,-0.923638
0.002470,-0.135426,-0.001953,1.784389,-2.874226,0.658307
-0.024922,-0.162995,-0.005902,1.985553,-0.746546,2.877593
-0.032990,-0.192688,-0.000269,2.028960,-3.161967,5.663511
-0.022683,-0.210525,0.029368,3.325326,-3.456231,5.618523
-0.007098,-0.193574,0.021425,2.786337,-3.513543,3.233883
0.008605,-0.198432,0.004930,2.577784,-0.696462,-1.398183
-0.024551,-0.205699,0.027002,2.510028,-0.576378,-5.168026
-0.027049,-0.176788,0.042180,2.526955,0.580344,-6.646630
-0.016666,-0.151257,0.030888,1.433378,0.948417,-6.209101
0.014123,-0.178705,0.039291,0.497463,2.669806,-4.933374
0.027059,-0.178317,0.017893,0.625656,4.012536,-1.999769
-0.001702,-0.165322,0.061743,0.726440,3.828448,0.424682
-0.029248,-0.150312,0.029887,0.111278,2.553109,0.353919
-0.020303,-0.143681,0.002600,-1.249798,0.982731,-1.489892
0.002802,-0.148877,0.030996,-1.847212,1.400149,-3.452321
0.033020,-0.134618,0.029060,-1.261188,0.765759,-4.142526
0.005953,-0.117717,0.012382,-1.292628,-1.412871,-2.703344
-0.010463,-0.147971,0.019422,-1.359015,-2.112647,-0.040629
0.014149,-0.106179,-0.006781,-2.140416,-2.051410,2.296920
0.044771,-0.081095,-0.004763,-1.450280,-0.600054,1.819903
0.062890,-0.104482,0.008354,-0.749099,-2.024731,0.539674
0.060080,-0.094336,0.006992,-0.922858,-1.827351,-0.100468
0.030594,-0.058298,0.011390,-1.644508,-1.323618,-2.388575
0.031503,0.014572,0.006529,-1.532689,-0.398693,-5.404960
0.058170,0.061655,-0.001687,-1.434038,1.399824,-5.579957
0.070174,0.057953,0.044054,-0.534663,0.825410,-3.357621
0.093876,0.093193,0.031144,-0.702426,2.085781,1.508530
0.052166,0.126359,0.029086,-0.542492,2.236803,3.130378
0.041400,0.134322,-0.007684,-0.460333,2.838074,3.336863
0.059995,0.173383,0.005301,0.024014,2.271873,2.097381
0.074172,0.193921,0.042091,0.984393,1.938708,1.902480
0.071126,0.224517,0.015799,1.305904,0.787899,3.018200
0.043130,0.223132,-0.006630,0.785018,-0.004160,4.770340
0.032459,0.231180,-0.002353,0.522304,-0.341079,6.236785
0.046186,0.236176,0.001520,1.825757,-0.781986,7.770279
0.059841,0.259156,0.015178,2.041006,-3.657534,8.377858
0.043602,0.220840,0.011220,1.799734,-2.570114,8.305678
0.021686,0.174092,-0.030737,1.599046,-1.607070,8.833734
0.017333,0.190406,-0.007415,1.714972,-1.721683,6.405900
0.001055,0.175467,0.020726,2.200372,-1.244114,2.742974
0.006439,0.167258,0.014420,2.043823,0.032784,1.983552
-0.011001,0.132073,0.004034,0.681923,0.089238,2.998853
-0.007784,0.111260,-0.012194,0.467809,2.439513,3.204416
0.009101,0.097861,-0.007595,0.914526,3.060078,1.402719
0.026288,0.039496,0.030048,0.166469,2.954393,0.339199
0.064315,0.015146,0.011055,-0.146906,3.412848,0.798627
0.060579,0.014391,-0.023315,-0.956014,2.944910,0.426740
0.057907,-0.022355,-0.016960,-1.367411,3.477945,-0.397835
0.086284,-0.084407,-0.000889,-0.709788,1.400293,-0.567562
0.104469,-0.094664,0.002997,-1.399921,0.233561,0.383516
0.100389,-0.103383,-0.024040,-1.426318,-0.615524,-0.011444
0.097037,-0.156640,-0.029653,-1.180562,-1.793394,-0.719748
0.096650,-0.215235,-0.040935,-1.025148,-2.004639,-1.635482
0.090203,-0.256206,0.000765,-0.229925,-3.547184,-2.474010
0.132094,-0.253226,-0.017515,-0.046397,-2.174538,-3.692933
0.144692,-0.277877,-0.025225,-0.027730,-1.573884,-6.809753
0.095064,-0.308555,-0.026899,-0.845573,-1.241853,-8.127437
0.083225,-0.305962,-0.020485,-0.047875,0.220431,-8.027260
0.065572,-0.286090,-0.005820,0.254031,0.033296,-8.169361
0.066675,-0.282203,-0.019156,0.336657,2.101859,-8.393575
0.100730,-0.255550,-0.018155,-0.196418,2.787025,-7.033821
0.054133,-0.246490,-0.014633,-0.693228,2.991163,-5.243668
0.000136,-0.247432,-0.025514,0.428795,3.659386,-5.087244
-0.008185,-0.241045,0.006614,0.415845,2.290911,-5.165957
0.036404,-0.236236,-0.008166,0.396440,2.135448,-4.283026
0.037776,-0.186842,-0.047680,0.232452,3.047519,-2.341700
-0.038288,-0.174142,-0.036031,0.477995,0.239876,-1.867288
-0.087954,-0.176614,-0.023948,1.581370,-0.418289,-1.389861
-0.094880,-0.185926,-0.000466,1.433831,-2.813724,0.265175
-0.052268,-0.145030,-0.012194,0.700751,-3.459458,0.392928
-0.083815,-0.150778,-0.027382,1.555222,-2.988491,-0.735165
-0.125377,-0.172090,-0.034501,1.798694,-1.739956,-1.339673
-0.132553,-0.149881,-0.047539,1.958673,-2.299648,-1.349018
-0.133495,-0.072419,-0.000092,1.228866,-1.611806,-0.270068
-0.104291,-0.012692,-0.031485,0.160819,0.177654,-0.014465
-0.110380,-0.010355,-0.022159,0.051993,0.632324,0.594237
-0.122722,-0.029636,-0.008304,0.229022,1.548909,3.627739
-0.115684,0.024465,-0.002701,0.332862,2.901165,4.872246
-0.124176,0.054953,-0.007530,-0.930411,2.549308,5.042840
-0.095655,0.051332,-0.009053,-0.851294,3.830217,3.373658
-0.095809,0.052080,-0.004503,-0.598251,2.291479,3.080736
-0.100185,0.047039,0.005666,0.510763,1.186429,3.058354
-0.115359,0.063306,0.003069,-0.465746,-2.480015,3.823588
-0.098061,0.032474,-0.025087,-0.208258,-1.225152,3.571504
-0.083510,0.040618,-0.049082,-0.143994,-0.591913,4.324217
-0.104888,0.055235,0.001681,0.685967,-3.054514,3.333685
-0.101987,0.031158,-0.003558,0.983228,-3.831473,2.461620
-0.101836,0.006579,-0.033175,0.502659,-3.534839,2.635681
-0.114841,0.013564,-0.009026,0.178774,-3.982019,2.188061
-0.135123,0.034739,-0.007576,0.364738,-2.381912,1.884412
-0.175993,0.053958,0.020447,0.772072,-2.906515,0.919121
-0.192372,0.032724,0.020112,0.013372,-1.216112,1.523832
-0.188282,0.046983,0.005406,-0.710048,0.121856,0.841655
-0.189027,0.079577,-0.004641,-0.848189,2.055527,-1.297425
-0.193248,0.058314,0.013665,-0.867509,2.388219,-2.795645
-0.186559,0.045860,0.032598,-0.541025,2.156872,-2.505438
-0.206513,0.078891,0.048820,-1.421171,2.066855,0.277354
-0.205085,0.092497,0.016747,-1.405376,2.346505,1.772531
-0.210961,0.063132,0.024770,-1.470595,1.063601,1.848530
-0.195290,0.013252,0.037469,-0.331766,-0.053948,1.747218
-0.181812,0.038422,0.019636,-0.427666,-1.031491,2.534570
-0.199209,0.025145,0.015634,-0.217262,-1.750345,2.384944
-0.194850,-0.011372,0.005840,-0.259218,-2.987476,1.686178
-0.160010,-0.063340,0.012851,1.403964,-1.147023,2.394152
-0.129205,-0.088109,0.024254,2.003465,-3.111989,2.695317
-0.140851,-0.125079,0.051764,2.336600,-3.396389,1.475894
-0.128332,-0.160211,0.016734,1.990421,-2.317544,1.425168
-0.114847,-0.176328,0.048777,1.458876,-1.459009,0.076775
-0.084514,-0.158025,0.049437,2.314309,0.610473,-1.928818
-0.068581,-0.151066,0.057325,2.168352,0.946549,-3.281813
-0.028779,-0.204984,0.062967,2.003666,1.906298,-2.684844
-0.018114,-0.240523,0.021398,1.134522,3.076169,-1.646631
-0.021794,-0.238924,0.042912,1.141340,3.006043,-0.270154
0.011920,-0.224754,0.031354,1.070186,2.964267,0.737690
0.023422,-0.252907,0.071321,1.039049,2.438181,0.993304
0.052130,-0.279702,0.039462,0.512077,1.481412,1.469026
0.063799,-0.287222,0.042291,-0.018838,1.563359,0.882319
0.048090,-0.322551,0.018700,0.474667,0.250439,-0.585951
0.075820,-0.349966,0.027901,0.918577,-1.054517,-1.529517
0.102532,-0.373028,0.038618,0.890135,-2.055395,0.810479
0.081144,-0.382994,0.026512,0.840334,-2.469740,1.602613
0.067403,-0.422045,0.006929,0.358912,-1.590572,1.213585
0.033913,-0.473799,0.009788,0.889846,-1.987921,-1.338331
0.031326,-0.471167,0.054522,1.420856,-4.906908,-3.862730
0.062995,-0.408259,0.026542,1.054825,-0.826762,-6.253144
0.028329,-0.421392,0.027586,0.168241,0.452335,-8.982030
0.025818,-0.451081,-0.024030,1.223256,2.607742,-8.570018
0.024019,-0.452926,0.040906,1.064196,2.494320,-7.839137
0.049229,-0.403237,0.038155,0.864381,1.535694,-7.413191
0.046038,-0.370219,0.049050,0.270611,3.171579,-7.021928
0.045769,-0.362633,0.012881,-0.441616,4.119432,-6.814633
0.009813,-0.334161,0.009135,-0.133996,2.893983,-6.367831
-0.003218,-0.309392,0.009513,0.573009,1.859086,-7.279132
-0.001987,-0.267429,-0.019767,0.177232,-0.153005,-6.044052
-0.015383,-0.259476,-0.011380,-0.546237,-0.757841,-4.392276
-0.036929,-0.233800,-0.030937,-0.190736,-1.110286,-2.594659
-0.040822,-0.198005,-0.038746,0.613865,-2.279848,-0.842326
-0.037257,-0.171529,0.005081,0.236227,-3.594750,0.600572
0.011421,-0.138853,-0.041093,0.081874,-1.773404,1.456908
0.017648,-0.069514,-0.031455,-0.103335,-1.938727,1.906123
-0.013542,-0.034507,-0.030730,-0.270358,-1.216571,2.088133
-0.019118,-0.007407,-0.019973,0.483234,-0.037470,2.164236
-0.029520,0.029569,-0.009801,0.048616,0.344852,2.110124
0.002112,0.076269,-0.015496,-0.158188,1.997336,1.383956
-0.006149,0.123808,-0.036044,-0.173746,3.385020,0.585752
-0.039955,0.117526,-0.025363,0.411220,2.370749,1.672662
-0.019729,0.162905,-0.019540,0.209393,2.333008,3.337712
-0.039026,0.206086,-0.016261,-0.306544,2.236222,6.381589
-0.049025,0.247678,-0.038257,-0.215755,1.707884,7.367111
-0.056604,0.227487,-0.031856,0.778810,0.558309,8.632420
-0.062949,0.208216,-0.032972,0.892255,-1.098138,12.265355
-0.060067,0.225137,-0.074327,1.291169,-1.211969,14.381284
-0.081744,0.208479,-0.027756,1.835713,-2.386596,12.897457
-0.083549,0.149566,-0.020118,2.321419,-2.604117,12.126643
-0.050889,0.130465,-0.029286,2.144416,-3.237322,10.076120
-0.046064,0.108171,-0.056182,2.093965,-0.286246,6.890388
-0.051263,0.106339,-0.024096,1.893303,-1.539084,3.658207
-0.077769,0.083145,0.002101,2.073985,-0.876915,1.961530
-0.059709,0.065056,-0.037390,0.749886,-0.156475,3.034057
-0.036890,0.080106,-0.004109,0.384101,0.945426,1.606354
-0.044255,0.025785,-0.001966,0.566585,1.402847,-0.087955
-0.038544,-0.025444,0.004779,0.250397,2.194601,-0.453339
-0.073528,-0.060878,0.006394,-0.547744,0.366939,0.003767
-0.071047,-0.061518,-0.012811,-0.837317,1.545774,-0.736640
-0.026612,-0.089813,-0.035601,-1.190426,3.116881,-1.539425
-0.008979,-0.140372,-0.001447,-0.824660,0.944717,-1.402117
-0.043684,-0.208860,0.013320,-1.015294,-1.545261,-1.295686
-0.048303,-0.234391,-0.016399,-1.505146,-0.609944,-1.724064
-0.015692,-0.267833,-0.039438,-0.761992,0.070108,-3.143768
0.007922,-0.317155,-0.000233,-0.864328,-2.173011,-4.016416
0.025300,-0.361730,0.015703,0.012043,-2.373368,-2.897698
-0.026123,-0.368016,-0.025773,-0.187224,-2.123647,-3.194457
-0.050256,-0.405580,-0.022186,-0.033694,-1.387114,-5.234520
-0.038843,-0.455969,0.004441,0.578205,-1.376679,-7.710985
0.011106,-0.424028,0.034676,0.941383,-0.400482,-8.691199
0.001502,-0.419051,-0.013642,0.809810,1.577929,-9.700412
-0.062857,-0.478385,0.009093,0.827660,1.453069,-10.564072
-0.025404,-0.491393,0.029109,1.618052,2.167751,-10.034039
0.037084,-0.457351,0.025124,1.765177,2.900063,-7.685354
0.029682,-0.437295,0.019692,0.786781,2.505704,-6.034774
0.003343,-0.450139,0.004678,1.026993,2.549291,-5.416215
-0.034598,-0.449920,0.026995,1.716357,1.882011,-3.856505
-0.027925,-0.399334,0.036921,1.111558,0.022037,-2.182416
0.003179,-0.370173,0.009234,0.936420,1.225146,-2.105452
-0.037149,-0.375411,0.001582,1.501876,-0.454471,-2.403997
-0.095888,-0.377296,0.042623,1.299110,-5.079827,0.024233
-0.076597,-0.342104,0.014637,0.926931,-3.768759,2.864229
-0.058544,-0.308112,-0.010829,1.228324,-1.808546,2.221560
-0.061271,-0.291082,0.004668,0.614187,-1.319607,1.035949
-0.040677,-0.262807,0.006444,1.095274,-1.445003,1.824483
-0.041928,-0.181009,0.006168,0.331073,-0.785807,2.235499
-0.086743,-0.170925,-0.000403,0.040538,0.114129,1.248728
-0.071703,-0.176880,0.023516,0.773562,1.668419,1.226207
-0.061029,-0.144180,-0.002819,0.894911,1.393194,2.681503
-0.072028,-0.109921,0.010383,0.332724,2.733052,1.970447
-0.079998,-0.086005,0.000260,0.466286,2.400935,0.762089
-0.093334,-0.077911,0.006762,1.532971,1.622531,0.189224
-0.111096,-0.067240,0.035044,0.660623,-0.415522,1.820235
-0.073610,-0.037501,-0.016494,0.302969,0.943079,2.638488
-0.079249,-0.012758,-0.006397,1.305048,1.337740,2.326439
-0.119781,-0.036736,0.030330,1.278536,-1.515336,2.567443
-0.104298,-0.004492,-0.000784,0.970190,-1.712157,3.960543
-0.099102,0.024505,-0.024762,0.800898,-1.875104,2.773442
-0.120867,0.005217,-0.006804,0.887377,-2.214866,0.156763
-0.088260,-0.006623,0.006161,1.514336,-1.758023,-0.399991
-0.078153,0.022309,-0.013789,0.659133,-1.584923,0.594690
-0.050229,0.080887,-0.006361,-0.350798,-1.547425,0.320324
-0.070384,0.068571,-0.008025,-0.459433,-0.303771,-0.322723
-0.060920,0.044784,-0.002051,-0.082278,0.656447,0.565722
-0.070984,0.080693,-0.021306,-0.405519,0.016033,1.754966
-0.099302,0.089907,-0.017111,-1.171729,0.764636,1.290727
-0.106589,0.077043,-0.028019,-1.924018,1.137485,1.076938
-0.101924,0.061508,0.000424,-1.335316,0.114625,1.083569
-0.103169,0.096886,-0.007608,-1.614218,-0.378913,1.660152
-0.111631,0.115589,-0.014042,-2.230158,0.571648,1.322251
-0.085673,0.090580,-0.029391,-1.577333,1.160505,1.522395
-0.063536,0.073672,-0.013333,-1.013158,0.330189,3.115800
-0.046523,0.092143,-0.002632,-1.092520,-0.894331,5.908493
-0.071519,0.092438,-0.007454,-1.363683,-1.332271,6.125576
-0.062292,0.054654,-0.037584,-0.425467,-0.707600,4.934048
-0.059584,0.029389,-0.012654,0.381974,-1.649814,3.898679
-0.049996,0.021898,0.000929,0.968076,-1.723793,4.110469
-0.050610,0.007141,-0.015102,0.852078,-1.300372,4.822128
-0.046599,-0.018420,-0.017301,1.366058,-0.638993,3.970585
-0.027541,-0.051225,-0.005770,2.039369,-0.059975,4.030775
0.001282,-0.049547,0.021159,2.262233,0.524490,4.215892
0.050391,-0.052964,-0.011754,1.997386,1.246406,3.273429
0.058603,-0.119073,-0.003276,1.758024,1.599016,1.518589
0.058150,-0.156886,0.030461,2.477679,2.196751,0.085781
0.087567,-0.144932,0.009825,2.506788,1.973890,0.596303
0.112823,-0.132202,0.029329,1.592327,0.646324,-0.168955
0.144967,-0.187767,-0.004582,1.103726,2.286017,-0.435668
0.144436,-0.240808,0.016255,1.281894,1.142770,0.411038
0.164239,-0.269356,0.004159,1.792067,0.300339,1.478672
0.172366,-0.285266,0.009871,1.968005,0.577531,0.023124
0.185348,-0.327842,-0.018697,0.546060,1.386225,-1.142214
0.174293,-0.371958,0.001983,0.908598,-1.441517,-2.104611
0.167541,-0.406581,0.008915,1.531477,-1.471567,-2.521359
0.134234,-0.442357,0.011321,1.507167,-1.924367,-3.225883
0.131637,-0.500331,-0.012309,1.061754,-0.986567,-3.776282
0.122230,-0.528311,-0.002051,0.493170,-0.487289,-5.520452
0.129445,-0.532460,0.012217,0.925588,0.614094,-7.918996
0.133732,-0.537246,0.017942,1.022204,1.614305,-9.933310
0.126070,-0.546811,-0.014052,-0.325076,2.402724,-10.235548
0.133285,-0.536326,0.009880,-0.418307,3.824423,-9.915467
0.133971,-0.535864,0.033117,0.201036,3.595148,-10.805195
0.141337,-0.522832,0.027054,0.175364,3.587310,-10.074281
0.097983,-0.531272,-0.001894,-0.506260,2.455939,-8.194252
0.064200,-0.510618,0.005295,-0.826797,1.460523,-7.877061
0.083517,-0.472595,-0.006135,-0.775368,1.310713,-8.114158
0.088647,-0.438569,-0.002718,0.507320,0.637964,-9.007244
0.063773,-0.400437,-0.000098,-0.366918,-1.558152,-6.992733
0.020294,-0.361701,-0.003830,-1.017146,-2.142147,-4.409793
0.004574,-0.282597,-0.031216,-1.144875,-1.936558,-1.972015
0.018915,-0.252530,-0.009591,-0.115706,-1.679503,-0.052904
0.014192,-0.219647,0.003338,-0.001011,-2.208954,2.982708
0.023652,-0.162506,-0.013540,-0.047766,-0.898532,5.310489
-0.033522,-0.110164,-0.037439,-0.035588,-0.763637,5.339274
-0.079256,-0.087666,0.006211,0.722113,-0.310234,3.155841
-0.053308,-0.026222,0.001668,1.036991,-0.031690,1.450393
-0.048043,0.070580,-0.012201,0.450275,0.993133,1.044033
-0.059574,0.122715,-0.017216,1.019686,3.089607,1.685841
-0.105703,0.114296,-0.017754,1.577434,2.306867,4.212501
-0.115786,0.138881,0.014866,1.471572,0.055961,7.993352
-0.092629,0.220328,-0.006972,1.630140,0.996836,10.054693
-0.111578,0.243611,-0.016701,1.754640,0.913081,9.362735
-0.144727,0.230304,-0.020426,1.701921,-0.150284,7.420837
-0.168246,0.208689,0.000069,2.368026,-1.906786,8.143437
-0.163063,0.245071,0.011325,1.559249,-3.425157,9.342682
-0.129375,0.253087,-0.050438,1.744625,-2.125357,9.037895
-0.155894,0.209191,-0.026896,1.762977,-2.983990,8.362034
-0.165463,0.177844,0.003558,2.199827,-2.584498,10.295332
-0.144478,0.176738,-0.026784,1.801405,-2.008955,11.456469
-0.124649,0.189221,-0.034390,0.986136,-2.039242,10.556428
-0.136502,0.142978,-0.004359,-0.145662,-1.471180,7.446011
-0.137070,0.125873,-0.004891,0.141358,0.301829,5.480119
-0.154713,0.152645,-0.014892,-0.147963,0.660484,4.360554
-0.147557,0.118126,-0.003696,-1.750843,0.210003,2.183477
-0.097588,0.063697,-0.012050,-2.095765,1.829173,0.422899
-0.101803,0.021616,-0.005816,-1.825318,1.991014,0.371126
-0.142876,-0.012429,0.014998,-1.238444,0.858222,0.763781
-0.129044,-0.052610,-0.026476,-1.827465,0.466834,-0.696802
-0.089047,-0.097490,-0.035631,-1.746681,0.230551,-2.531396
-0.062706,-0.139496,0.007638,-1.404227,-0.299350,-3.091041
-0.050886,-0.165824,-0.001959,-0.341246,-0.635307,-2.363271
-0.058209,-0.203533,-0.040646,-0.554227,-0.910198,-1.663146
-0.054959,-0.257706,-0.001585,-0.881637,-2.358282,-1.736688
-0.038268,-0.290485,-0.009207,0.261718,-1.662152,-1.289734
-0.043405,-0.295090,-0.002435,0.764880,-2.688830,-1.906895
-0.056466,-0.319955,0.022587,0.505374,-2.092628,-4.198360
-0.062578,-0.361468,-0.002340,0.343737,-1.324685,-6.887133
-0.042736,-0.325059,-0.016927,0.306461,0.695364,-8.064600
-0.034287,-0.310646,0.023017,0.768914,0.379590,-8.254368
0.009429,-0.322380,0.024632,1.260151,2.126940,-6.700188
0.013519,-0.328098,0.012395,0.398924,1.736002,-3.908618
0.000993,-0.327888,0.025222,0.575694,1.529494,-1.481310
-0.027456,-0.316242,0.010008,0.390242,2.525756,-1.811304
-0.031300,-0.308000,0.038323,0.819149,1.831189,-3.835305
-0.003540,-0.298317,0.033806,1.074365,0.890836,-4.491320
-0.008851,-0.305253,0.049293,0.982417,-0.499119,-3.459249
-0.008004,-0.286927,0.014545,0.894376,0.037235,-1.076307
-0.008825,-0.304278,0.008088,1.257719,-1.003813,0.826947
-0.001318,-0.332297,0.036176,2.037032,-1.981596,3.227983
0.039726,-0.296068,0.038329,2.357519,-2.106637,4.922628
0.012764,-0.292041,0.020778,1.938995,-1.902673,4.305850
-0.013003,-0.344133,0.013012,2.307232,-1.820592,0.783655
0.017501,-0.340545,0.005492,2.464054,-0.157644,-2.108843
0.049416,-0.305906,0.018392,2.989608,0.248755,-4.573915
0.020904,-0.297414,0.053163,2.289727,-2.036570,-5.846412
0.037172,-0.296154,0.023650,1.441259,1.322949,-3.936371
0.070837,-0.294709,-0.008363,1.364263,3.461940,-1.384730
0.079174,-0.279695,0.037246,1.602145,2.443728,-1.440630
0.079325,-0.232041,0.051393,0.367784,2.301786,-2.103601
0.054192,-0.215655,0.029660,0.061372,1.835761,-3.820767
0.034553,-0.189166,0.003906,-1.124015,1.639885,-4.358713
0.074690,-0.136138,-0.001779,-1.264254,1.255968,-4.285997
0.061341,-0.137477,0.018792,-1.068096,-0.111683,-3.205560
0.044906,-0.153617,0.007097,-1.136269,-0.357751,-0.600396
0.039844,-0.103954,-0.024913,-1.890356,-1.261997,2.103979
0.060825,-0.042966,-0.012214,-2.228191,-2.072191,1.916627
0.054441,-0.009419,-0.026309,-2.545242,-1.480552,0.220748
0.040261,-0.018709,-0.011291,-1.546606,-1.283385,-0.536889
0.017070,0.024695,-0.050362,-1.496736,-1.396321,-0.238772
-0.018820,0.097083,-0.020019,-2.100777,-2.270093,-0.935366
-0.015019,0.128213,-0.034672,-2.149167,-0.288048,-2.063931
-0.029914,0.166004,-0.034981,-1.276357,0.228479,-1.119998
-0.060887,0.195713,-0.002284,-0.907470,0.137067,1.767428
-0.092507,0.219396,-0.016671,-1.025267,1.315508,3.046587
-0.103169,0.253721,-0.045196,-0.582676,1.579350,2.243105
-0.098055,0.282255,-0.033507,0.296597,2.801399,1.443407
-0.114490,0.320630,0.005915,0.381294,0.370560,3.315457
-0.128545,0.358532,-0.013192,0.395313,1.489589,4.695256
-0.120047,0.345750,-0.035128,0.289852,2.319570,5.756262
-0.118294,0.332900,-0.030205,1.497586,1.840527,6.995005
-0.113548,0.342146,0.005978,1.886121,-0.306870,8.733648
-0.111864,0.368560,-0.013655,1.597139,-0.974981,9.894866
-0.099170,0.368124,-0.020906,1.139380,-2.025663,9.740395
-0.092793,0.319202,-0.023026,1.788114,-1.437155,9.831864
-0.069284,0.303788,0.006762,2.125913,-2.276408,9.937710
-0.053367,0.289086,0.002626,1.340449,-3.021446,9.969304
-0.029209,0.243210,-0.025980,0.981064,-1.467478,8.085845
-0.028102,0.193504,-0.001953,1.595068,-0.653016,6.951543
-0.040369,0.176104,0.003243,1.495272,-0.704271,6.636576
-0.031831,0.172280,0.002813,0.460066,-1.160904,6.986859
-0.028237,0.100464,-0.020098,0.002484,0.263815,5.343503
-0.010134,0.031030,-0.011554,0.230696,1.852978,5.444580
0.018403,-0.008152,-0.003013,0.500933,1.396637,5.298700
0.005556,-0.039007,0.015280,-0.575602,1.303563,3.782196
0.024587,-0.117940,-0.022425,-0.976204,2.868328,1.268269
0.059335,-0.176404,0.003542,-0.340891,2.670741,-0.848873
0.072321,-0.215668,0.028978,-0.185402,0.952139,-2.375433
0.090016,-0.267806,0.016941,-0.537890,0.549174,-3.449361
0.063208,-0.322105,-0.029154,-0.737722,0.693529,-4.659386
0.048155,-0.376340,0.022265,0.402716,-0.567019,-4.886530
0.078446,-0.393675,0.021372,0.095466,-1.219936,-4.153055
0.074057,-0.423834,-0.001556,0.286882,-1.122546,-6.375372
0.055915,-0.496704,-0.010051,0.079560,-0.929742,-8.270343
0.043996,-0.541408,0.005866,1.396070,-1.212790,-9.604677
0.053794,-0.515913,0.026956,0.724142,-2.902494,-10.419992
0.061456,-0.517361,0.026421,0.320986,-0.591254,-12.535357
0.047341,-0.547585,0.005557,0.138932,2.097693,-13.429862
0.034274,-0.549200,0.019869,1.046051,1.713602,-12.858750
0.048470,-0.504720,0.034118,0.513288,0.904622,-11.659587
0.053617,-0.479012,0.043092,-0.028459,2.108542,-10.409253
0.056962,-0.469109,-0.007924,-0.358990,3.632486,-8.962715
0.025976,-0.438021,0.012342,0.205097,2.168804,-7.529744
-0.001410,-0.388137,0.044638,-0.079895,1.521137,-6.110606
0.002221,-0.368229,-0.005127,-0.158007,1.275892,-5.792977
-0.001961,-0.339859,-0.021106,0.180662,0.928486,-4.698402
-0.024616,-0.322485,0.033635,0.536209,-0.546159,-2.950297
-0.055340,-0.292681,0.015106,1.487023,-1.362055,-1.279320
-0.055737,-0.258406,-0.008764,0.781122,-1.605356,-0.528199
-0.063723,-0.251348,-0.007152,1.227422,-1.867561,-1.514687
-0.084541,-0.232399,0.025728,1.426629,-2.812489,-0.285815
-0.067951,-0.140353,0.008955,2.154664,-1.255045,1.568362
-0.097106,-0.104623,-0.011383,1.309591,-1.596970,2.284806
-0.137096,-0.091825,0.004143,0.961232,-0.768400,3.789748
-0.125958,-0.044637,0.017003,2.124453,0.277618,5.001397
-0.137424,0.030679,0.000808,1.291475,0.090587,5.635311
-0.146149,0.065486,-0.002274,0.141371,0.481102,4.243638
-0.160815,0.081104,-0.008278,0.086462,1.712509,2.818980
-0.156902,0.148345,0.008604,0.223882,1.908274,3.244489
-0.144576,0.227415,-0.006788,-0.903669,1.643775,4.288750
-0.150432,0.243135,-0.016514,-1.078271,2.499129,5.753771
-0.130944,0.266965,0.002232,-1.375752,0.495388,8.260935
-0.128909,0.313110,-0.004375,-0.802882,-0.698304,11.325991
-0.141186,0.326995,-0.008764,-0.878099,-1.735472,12.778453
-0.153186,0.294210,-0.046276,-0.707054,-1.626128,10.328336
-0.178208,0.266962,0.009815,-0.076757,-6.078033,7.833873
-0.144143,0.271974,-0.013642,0.102254,-3.269983,5.742654
-0.141041,0.276898,-0.038795,-0.027461,-3.367543,3.307990
-0.160628,0.262954,-0.040932,0.213351,-1.401543,2.430748
-0.165502,0.250136,-0.017843,0.550642,-2.252716,4.087602
-0.164846,0.291958,0.002564,0.455382,-1.792902,4.368746
-0.180171,0.295155,-0.018467,-0.580838,-0.736393,2.680761
-0.180092,0.251515,-0.003650,0.022510,0.508018,-0.034479
-0.176459,0.258661,0.002459,-0.334655,-0.060369,-1.623889
-0.162380,0.266703,-0.009867,-0.403652,1.814268,-2.555822
-0.153797,0.243880,-0.028734,-1.058242,3.618834,-2.687441
-0.145292,0.200926,-0.011016,-1.341763,1.786682,-3.187041
-0.134217,0.176656,0.025111,-0.864296,0.690863,-1.197511
-0.137063,0.168725,0.012871,-1.135199,0.416422,0.757894
-0.109317,0.144885,-0.014498,-1.181337,-0.064820,1.909699
-0.111017,0.093541,-0.023653,-0.783929,-0.744465,2.119405
-0.093728,0.072694,0.015625,-0.552162,-2.455413,1.213147
-0.097011,0.047721,-0.013353,-0.834035,-2.622440,1.034054
-0.063710,-0.004066,-0.012778,-0.782839,-2.515508,0.677887
-0.043405,-0.059335,-0.006558,-0.089788,-2.456069,1.423888
-0.053679,-0.097287,0.007983,0.598684,-2.341207,2.465646
-0.042798,-0.092527,-0.003581,0.212708,-1.785267,3.521627
-0.068191,-0.101784,-0.010303,-0.084658,-0.782249,0.246221
-0.062962,-0.127069,0.016426,0.545242,0.020744,-2.153658
-0.046829,-0.149763,0.045876,0.263993,-0.682538,-2.324318
-0.020691,-0.149442,0.023325,0.263977,1.313864,-2.606033
-0.018869,-0.188401,0.016511,0.027796,3.070897,-2.837586
-0.005703,-0.241695,0.019445,0.934763,2.863824,-1.635034
0.011654,-0.235389,0.035306,1.643559,3.340503,-0.584670
0.028182,-0.241708,0.018920,0.710497,2.686668,0.038292
0.041045,-0.254739,0.010287,0.838394,1.863633,-1.294966
0.029747,-0.294759,0.047093,1.107819,0.714461,-2.046129
0.053207,-0.290705,0.020565,1.160050,0.604296,-1.745444
0.043881,-0.276626,0.010327,1.198582,-1.088989,-2.641333
0.062624,-0.328420,0.008101,1.831590,-1.393583,-1.701586
0.100727,-0.364064,0.025396,2.506637,-1.527612,-0.307822
0.112284,-0.368899,0.022124,2.231191,-2.052113,0.427740
0.107541,-0.388577,0.000348,1.996694,-0.711713,-3.214845
0.098482,-0.414827,0.024477,2.298672,-0.819623,-7.191018
0.108969,-0.392585,0.027888,2.235619,-0.236507,-9.189797
0.133055,-0.373944,-0.008278,1.039131,1.190926,-9.898987
0.120763,-0.360489,0.013852,1.266867,1.628016,-11.240015
0.107049,-0.386591,0.059133,1.713252,1.980382,-10.796312
0.095409,-0.378953,0.040702,0.679156,2.548917,-8.923113
0.135031,-0.328738,0.011266,-0.196388,4.622798,-7.437116
0.117441,-0.307383,0.007655,-0.553373,3.293210,-8.171388
0.066589,-0.308617,0.040689,-0.584750,1.429790,-8.084779
0.052882,-0.275202,0.008633,-0.885011,0.589653,-7.276292
-0.002381,-0.223405,-0.042606,-2.109718,0.252431,-7.353178
-0.032892,-0.184938,0.008265,-1.413920,-0.864123,-6.890913
-0.043340,-0.178646,-0.002071,-1.329082,-1.938688,-4.093553
-0.057789,-0.127118,-0.019488,-2.217688,-2.290336,-0.675517
-0.099285,-0.091759,-0.011301,-1.743349,-1.502508,1.334218
-0.086504,-0.037648,-0.005140,-1.166930,-1.532769,1.790546
-0.053824,0.008158,-0.002101,-1.554504,-1.109098,0.811493
-0.092094,0.045276,-0.012401,-2.014160,-0.505398,0.898903
-0.115337,0.121281,-0.033481,-1.484867,0.804400,1.460455
-0.128814,0.189693,-0.017239,-0.764976,2.317777,2.007403
-0.146674,0.247100,-0.019064,-2.054899,1.098972,3.158892
-0.120693,0.296862,-0.043623,-0.942526,2.930067,5.229316
-0.153928,0.340354,0.003624,0.291391,1.338557,7.106017
-0.196849,0.361148,0.013983,0.165861,-0.279721,8.656558
-0.167603,0.380370,-0.045701,-0.390558,0.606843,9.715011
-0.134227,0.434389,-0.036241,1.283994,0.893288,10.136633
-0.141271,0.465615,0.009585,1.363508,-1.519619,11.350860
-0.128358,0.459425,-0.010638,1.507128,-1.243911,12.655094
-0.139741,0.443446,-0.031905,1.134906,-1.504349,14.369969
-0.111631,0.419743,-0.010231,2.793092,-1.821787,15.565722
-0.057122,0.418939,0.012175,2.808174,-2.499483,15.656952
-0.079000,0.369079,-0.004753,3.095522,-2.634966,13.809146
-0.097802,0.297597,-0.033510,2.456875,-1.821745,10.297846
-0.101045,0.263739,-0.005682,3.164273,-2.018908,7.716838
-0.092090,0.248748,0.014643,3.178411,-2.105466,5.032433
-0.086920,0.210202,-0.006322,2.081239,-0.777211,3.274737
-0.089953,0.146211,-0.022232,2.261859,0.788105,2.194001
-0.093656,0.089618,0.027520,1.249978,-0.115024,3.566074
-0.074211,0.039519,0.002964,0.256210,0.987878,3.096335
-0.074851,-0.023481,-0.028632,-0.718936,2.508855,-0.269326
-0.089303,-0.109783,0.003874,-0.651971,1.638992,-3.302585
-0.037795,-0.138915,0.010914,-1.314626,1.602915,-3.513156
-0.050302,-0.212425,-0.017262,-2.112128,1.714899,-5.102808
-0.058961,-0.311630,0.014239,-1.089412,1.244985,-5.869519
-0.027403,-0.367602,-0.006207,-2.338245,-0.791545,-4.203673
-0.005772,-0.412109,-0.011016,-2.371555,0.306598,-3.307793
0.001745,-0.470760,0.028623,-1.585175,-2.063568,-5.157404
0.024000,-0.506581,0.003227,-2.266313,-2.074879,-7.210142
0.023005,-0.567516,0.001005,-2.116769,-1.238970,-10.134023
0.028467,-0.617783,0.020003,-0.557624,-0.655875,-12.995860
0.070689,-0.577492,0.020040,-1.612796,-0.957104,-14.088918
0.085073,-0.593254,0.007333,-1.107074,0.288758,-15.492725
0.069008,-0.603446,0.024976,-0.495353,0.153998,-13.527749
0.083445,-0.586768,0.015831,0.345841,0.822332,-9.510401
0.099388,-0.555256,0.010271,0.258591,1.042239,-6.715710
0.101186,-0.575302,0.025777,0.403248,1.495291,-6.928947
0.088280,-0.574347,0.034033,1.515587,0.979410,-6.672759
0.086422,-0.516642,0.021247,1.962964,2.073594,-6.532747
0.071959,-0.498792,0.045285,1.978729,0.674284,-7.474138
0.076831,-0.491836,0.021704,2.564152,1.770237,-7.296512
0.077691,-0.453803,0.037541,3.693570,1.154226,-4.499090
0.055961,-0.408390,0.045331,2.789038,0.364885,-0.990826
0.049672,-0.361215,0.040745,3.377399,0.159302,0.793753
0.054996,-0.334433,0.051958,3.602952,0.257106,0.713694
0.056601,-0.307091,0.037059,3.501278,-0.574408,0.724802
0.046258,-0.259170,0.008259,2.919361,-0.353884,-0.063191
-0.014152,-0.253449,0.028758,2.681263,-0.967602,-2.928532
-0.001659,-0.214260,0.031794,3.127152,-0.016597,-3.050898
0.046914,-0.139388,0.018146,1.846381,-0.312844,0.105798
0.043734,-0.102631,0.036419,1.300663,-1.006541,1.773007
0.033883,-0.085900,-0.008413,0.576268,1.117889,2.198414
0.015383,-0.077422,0.023647,1.097851,2.279885,3.081232
0.043304,-0.023271,0.001556,0.026341,0.806231,3.791798
0.065953,0.034582,-0.018296,-1.053998,1.202034,2.102865
0.046173,0.046313,0.006683,-1.435561,1.622209,-0.168495
0.034333,0.059702,-0.009870,-1.260916,1.499915,0.925525
0.029780,0.097158,-0.009683,-2.237425,-0.654014,3.258282
0.050223,0.129914,-0.029758,-2.153280,0.961389,5.022898
0.065637,0.154145,-0.029266,-1.071093,0.651290,4.502251
0.033722,0.153416,-0.002127,-1.561276,-1.453429,5.076842
0.029593,0.147104,-0.025970,-1.537675,-1.332651,4.192740
-0.006826,0.156577,-0.029506,-1.204501,-0.543672,1.026242
-0.016250,0.137568,-0.013645,0.077839,-1.666997,-2.757980
0.001344,0.170153,-0.025074,-0.704622,-2.693626,-3.692405
-0.032314,0.188614,-0.030185,-0.949731,-1.956170,-3.192907
-0.043825,0.201724,-0.023758,0.466441,-0.258004,-2.051942
-0.059834,0.237456,-0.032768,0.206058,-0.408343,0.503505
-0.065509,0.246046,-0.006653,-0.804697,-0.440587,2.327185
-0.058511,0.287835,-0.027579,-0.990834,1.114711,3.452773
-0.075284,0.302189,-0.024976,-0.324345,1.759530,2.821720
-0.061889,0.302974,-0.004740,-0.244339,1.790821,2.505651
-0.042690,0.311219,-0.029663,-1.488754,1.682655,1.333390
-0.039000,0.341743,-0.050940,-1.965108,2.646953,1.634813
-0.024987,0.370178,-0.012358,-1.243811,1.045685,2.503363
-0.026442,0.360741,-0.023834,-1.243135,-0.752891,4.590098
-0.040421,0.329240,-0.021651,-1.899262,-0.344267,8.147960
-0.007512,0.329108,-0.040265,-1.003304,-0.684101,9.905914
-0.004252,0.292257,-0.019619,0.245234,-1.452641,9.308028
0.026983,0.242337,-0.024034,0.583010,-1.951746,8.748298
0.037107,0.193980,-0.054603,0.695279,-1.817251,7.369320
0.022936,0.138960,-0.005393,1.020533,-1.803872,5.916289
0.060819,0.108473,0.013947,2.034849,-1.843799,5.637966
0.073647,0.059709,-0.016592,2.038584,-0.504830,5.719197
0.098472,-0.004959,-0.034360,2.045096,1.411743,4.899780
0.088487,-0.055186,-0.018424,2.849809,0.971650,3.297382
0.087354,-0.108769,0.025810,3.261729,1.398820,2.475479
0.104695,-0.194359,0.004215,3.037653,2.360636,0.076434
0.136115,-0.240132,0.009050,2.093509,2.322613,-2.159378
0.145601,-0.284596,0.018628,1.939199,2.932112,-3.828928
0.191365,-0.325279,0.019659,2.934792,6.265310,-4.622936
0.177217,-0.376731,0.016386,1.455847,1.709768,-3.674235
0.175127,-0.448387,0.007294,0.887296,2.525723,-2.156401
0.197785,-0.479626,0.020381,0.970666,1.173188,-1.639390
0.211749,-0.514465,0.020558,1.231341,0.392743,-2.477212
0.210505,-0.594567,-0.010261,-0.079960,-0.990611,-4.573406
0.199092,-0.638578,-0.014784,-0.098345,-0.466823,-6.638845
0.185236,-0.667837,0.012854,0.539108,-0.731374,-8.076172
0.204133,-0.708166,0.025081,0.346012,-0.912003,-9.016206
0.225138,-0.735062,0.038572,-0.805487,-2.535514,-10.705234
0.226657,-0.741262,-0.011170,-0.461179,2.024528,-11.503740
0.192034,-0.751405,0.056721,0.230821,-1.404392,-13.682834
0.208519,-0.724256,0.017578,-0.556117,1.790687,-13.828318
0.230183,-0.731300,0.007386,-0.457112,4.163690,-15.060884
0.210728,-0.741315,0.034679,-0.300294,3.321025,-15.786090
0.217739,-0.700176,0.046250,0.840636,3.941711,-15.876406
0.171342,-0.651189,0.002938,0.384987,2.272191,-14.076659
0.116633,-0.645507,0.022419,-0.320635,1.596610,-12.621191
0.107436,-0.594127,0.010793,0.943268,2.009806,-10.141496
0.091254,-0.519038,0.010169,1.326784,0.325466,-8.364571
0.064626,-0.476264,0.044645,1.145899,-0.863253,-6.915838
0.018512,-0.427891,-0.001588,0.478691,-0.711568,-3.830573
0.022129,-0.347146,-0.022603,1.219101,-0.099098,-2.371385
0.017061,-0.282623,0.028915,1.331672,-1.493799,-0.373542
0.041840,-0.215632,-0.012089,1.325980,-0.431021,2.150610
0.011543,-0.160563,-0.022704,1.165265,-0.422510,3.575303
-0.030709,-0.101150,-0.021296,0.881485,-0.305435,3.968304
-0.041688,-0.036847,0.023919,2.325305,-1.453471,4.181357
-0.032534,0.066904,-0.034823,1.061468,0.528081,4.286797
-0.046835,0.115093,-0.003151,0.702412,0.486233,4.699777
-0.050932,0.146628,-0.007198,1.555800,1.333141,6.698966
-0.070275,0.207097,-0.011167,1.691023,1.354638,8.347087
-0.057785,0.257837,-0.030694,0.600426,1.949334,10.456149
-0.074631,0.268725,-0.001874,0.355366,0.274923,10.610010
-0.035570,0.300738,-0.027605,1.310451,1.428883,11.744053
-0.060021,0.318352,-0.028701,1.910326,0.142151,11.592834
-0.052908,0.315509,0.001300,1.525733,-0.305695,12.523074
-0.076479,0.301713,-0.018605,0.264026,-1.438638,11.841249
-0.038311,0.332138,-0.040200,0.626335,-0.559181,11.969172
-0.039798,0.340311,-0.023318,1.168547,-1.614636,11.244029
-0.055573,0.308140,0.000453,0.829002,-2.857318,11.580876
-0.073160,0.275907,-0.025511,0.397444,-1.344567,11.925303
-0.064088,0.278290,-0.020417,0.144607,-1.251001,10.149743
-0.067902,0.251495,-0.027966,0.238216,-0.707574,7.189948
-0.082552,0.207694,-0.010162,0.136861,-0.355867,5.302021
-0.088768,0.172963,-0.022711,-0.711019,-0.211837,4.345239
-0.084426,0.146155,-0.036819,-0.681041,1.825980,3.030590
-0.108220,0.065138,0.008006,0.247128,0.811887,0.955363
-0.051106,0.027029,0.029362,-0.116428,0.199850,-0.947485
-0.037677,-0.016500,-0.023020,-0.942037,2.152947,-1.956677
-0.035357,-0.061705,-0.004080,0.313686,4.532895,-2.264428
-0.018367,-0.109445,0.020811,-0.191176,1.481649,-2.673724
0.006340,-0.156203,0.013127,-0.341019,0.514570,-2.814441
0.022119,-0.191693,-0.005747,-1.049189,0.756161,-2.333192
0.024151,-0.231749,-0.001533,-0.092040,0.654501,-2.841501
-0.005454,-0.289129,0.003782,0.100383,-1.677846,-4.030836
0.010364,-0.353967,0.001146,0.112279,-1.528127,-4.530659
0.086698,-0.370274,-0.023177,-0.461068,-0.112198,-4.937598
0.117720,-0.394413,-0.010641,0.138742,-0.387985,-6.585227
0.096492,-0.457860,0.024989,0.859099,-1.707365,-8.373877
0.141212,-0.481382,0.005324,0.756937,0.274283,-7.010331
0.166218,-0.496681,-0.006742,0.736553,1.552379,-6.476147
0.185174,-0.500403,-0.000919,0.647316,1.642843,-6.341212
0.184088,-0.510576,0.029522,1.696594,2.643396,-6.537456
0.173006,-0.524227,0.030287,0.929629,1.906117,-6.632269
0.189051,-0.505596,0.010819,0.587405,2.298920,-6.274805
0.194375,-0.487238,-0.001799,0.786036,2.469019,-6.299190
0.178494,-0.490671,0.034266,1.102827,2.016138,-5.564676
0.196544,-0.468163,0.015484,1.006977,1.448362,-2.936899
0.214086,-0.438589,0.011505,0.339050,0.262509,-0.872546
0.202971,-0.434715,0.013261,0.755007,0.992346,-0.375874
0.185151,-0.435546,0.014469,2.077511,0.462366,0.484554
0.160585,-0.435884,0.018297,1.606166,-0.945990,1.143103
0.183520,-0.420561,-0.001838,1.973126,-0.242911,-0.031373
0.189382,-0.405521,-0.023604,2.562287,0.039546,-1.671815
0.150768,-0.400424,0.029217,2.744345,-0.877804,-2.950962
0.142676,-0.381336,-0.011567,2.315382,-0.072464,-2.430959
0.136207,-0.348804,-0.014482,2.330567,0.440778,-2.976914
0.148608,-0.318500,0.008088,2.193506,1.432386,-3.591929
0.172855,-0.305817,0.015040,2.920060,1.419670,-3.773677
0.164803,-0.288614,0.002439,2.229845,1.975518,-2.133889
0.156886,-0.258054,-0.021723,1.267106,1.945818,-2.564119
0.141524,-0.213846,-0.018152,1.103802,2.558242,-5.800605
0.144311,-0.200743,0.000870,1.433129,2.435039,-8.144148
0.152425,-0.152557,-0.011600,0.181745,1.422926,-6.625049
0.138212,-0.106662,-0.011534,-0.325080,0.770600,-4.362766
0.122118,-0.084794,-0.020118,-1.069199,0.989762,-2.195641
0.105069,-0.046373,-0.008400,-0.622810,0.265601,-0.669987
0.099765,0.000983,0.008062,-1.983111,-1.140642,1.235422
0.130318,0.051299,-0.025590,-2.352547,-0.399182,1.861623
0.113377,0.070954,-0.030418,-2.722868,-0.653315,0.593761
0.072764,0.077132,-0.002278,-2.145297,-0.753977,-0.042603
0.057625,0.134214,0.005567,-2.556376,-1.257999,0.597593
0.049383,0.197880,-0.015102,-2.702753,-1.460591,1.044667
0.028126,0.220545,-0.034134,-2.703485,-0.102177,0.630518
-0.011480,0.238549,-0.038723,-1.657454,0.237815,0.477099
-0.059302,0.270159,-0.015887,-1.993724,-0.017612,2.127777
-0.062230,0.324152,-0.018690,-1.927816,-0.105853,4.106690
-0.069888,0.396211,-0.053776,-1.921622,0.696509,4.055066
-0.108923,0.400157,-0.008554,-1.124216,0.541607,3.792270
-0.120378,0.424664,-0.023115,-0.543753,1.248963,6.435214
-0.127738,0.459664,-0.027700,-0.532556,-0.050088,9.779566
-0.124616,0.452285,-0.039678,-0.573846,1.009240,11.070983
-0.097165,0.462110,-0.039629,1.226725,0.134697,11.666710
-0.112809,0.451140,0.014358,1.300117,-0.936737,13.150937
-0.117204,0.452587,0.004228,1.639699,-0.908698,14.164107
-0.161363,0.412066,-0.029456,1.421390,-1.252169,11.721405
-0.142705,0.367382,-0.031035,2.515913,-0.663822,10.948276
-0.081744,0.361664,0.014801,2.605044,-2.202813,9.610053
-0.054122,0.370907,0.006060,2.129268,-2.145948,9.505101
-0.058071,0.307037,-0.026308,2.123343,0.331587,8.654093
-0.073748,0.237089,-0.007087,2.654950,-0.615291,7.975521
-0.080897,0.182790,0.064142,0.995245,-9.442821,8.342286
0.041928,0.174154,0.006280,1.143135,0.620376,8.564925
0.041797,0.108345,0.014591,1.624137,2.263827,6.147127
-0.017864,-0.006764,0.037640,1.004761,-0.476683,4.056618
0.003947,-0.064820,0.024215,0.725599,1.017361,2.700397
0.033745,-0.129215,-0.000722,0.154439,1.104500,1.279315
0.058613,-0.231601,0.022931,0.457706,1.278453,-1.811812
0.063218,-0.312412,0.042478,0.293863,-1.082700,-2.505774
0.033470,-0.375260,0.026880,-0.161194,0.826632,-1.731398
0.046498,-0.437328,0.017732,-0.315846,0.312359,-2.668067
0.100136,-0.505947,0.008774,0.335557,2.149047,-6.286948
0.100356,-0.590001,0.039724,0.621116,-0.019216,-7.921106
0.082243,-0.671031,0.033872,0.530409,-0.227753,-8.371722
0.041787,-0.708586,-0.004871,0.166216,-0.685489,-10.574207
0.024440,-0.783934,0.020381,0.670737,0.992241,-13.063796
0.067620,-0.810062,0.021435,0.798476,-0.062078,-14.230065
0.080766,-0.821974,0.045528,0.550426,-0.470644,-13.438563
0.059079,-0.854040,0.004865,0.132250,1.202356,-13.426812
0.042421,-0.882456,0.005626,0.883413,3.402118,-14.221980
0.039611,-0.897595,0.032283,1.035869,1.603703,-14.652400
0.112481,-0.831283,0.023046,0.806489,2.128119,-13.877047
0.117031,-0.794871,0.007609,0.255305,1.805678,-13.376397
0.071841,-0.811891,-0.005501,-0.042274,2.210632,-13.047943
0.076079,-0.783438,-0.007379,1.170488,2.354905,-11.989130
0.096686,-0.691274,0.014748,-0.022652,1.021172,-9.354954
0.112199,-0.620859,-0.001864,0.120229,1.920485,-8.218012
0.057497,-0.569272,-0.022599,-0.094127,0.147495,-6.618225
0.007604,-0.522704,-0.000768,0.370929,-1.165565,-4.515516
0.009738,-0.434870,0.002794,0.406083,-2.691604,-1.222383
0.015049,-0.361540,-0.021473,0.315485,-1.585488,-0.568253
-0.027393,-0.335221,-0.017065,0.863317,-1.727174,0.526167
-0.042837,-0.279472,-0.030851,1.716794,-1.277221,2.159663
-0.071618,-0.205801,0.006004,2.019920,-2.614581,3.331253
-0.068788,-0.131552,-0.034603,1.836970,0.242187,4.163222
-0.079111,-0.065572,-0.037859,1.692303,2.105568,2.746284
-0.117808,-0.013027,-0.022573,2.227524,1.043821,2.819189
-0.127833,0.075927,0.004776,2.530484,0.697697,4.108704
-0.139059,0.148922,-0.019025,1.892112,1.142871,6.338795
-0.153462,0.182945,-0.025160,1.928987,2.106917,8.170507
-0.157335,0.243972,-0.032962,1.727858,1.126190,10.479617
-0.141694,0.294282,0.002377,1.953283,0.556234,10.833542
-0.160785,0.321391,-0.029374,1.349479,-0.001574,10.591137
-0.159170,0.334288,-0.045222,0.906865,0.243684,9.694401
-0.161855,0.348577,-0.018857,0.923031,-1.293289,9.452173
-0.114529,0.380994,-0.013514,1.649487,-1.574580,10.206347
-0.117687,0.381736,-0.029604,0.296564,-2.332728,9.748620
-0.146346,0.325508,-0.030838,0.165713,-2.176054,9.626196
-0.114358,0.314850,-0.024779,0.938957,-1.498920,10.036750
-0.092504,0.331859,-0.009896,0.212019,-2.374619,9.590382
-0.076010,0.316996,-0.017416,-0.296927,-0.514238,8.436296
-0.107084,0.295959,-0.048990,-0.925835,-0.657838,6.807733
-0.123628,0.290950,0.001225,-0.723391,-0.421555,5.696010
-0.099903,0.291909,-0.016940,-1.501824,-0.240634,4.136202
-0.080832,0.273143,-0.007599,-2.428880,-0.312457,0.460806
-0.096357,0.222826,-0.020502,-2.984472,1.118358,-1.872942
-0.099962,0.214095,-0.020705,-2.572739,1.534867,-2.063855
-0.085266,0.195559,0.006408,-2.663456,-0.292201,-1.420158
-0.044282,0.179758,-0.007188,-2.818597,0.804633,-0.813931
-0.044941,0.157571,-0.035663,-3.128308,0.633450,-0.047582
-0.075435,0.121337,-0.005902,-2.344354,0.141925,1.727035
-0.058458,0.102571,0.008646,-1.789763,-0.545907,3.156935
-0.034717,0.069589,0.024701,-1.844580,-2.605030,2.577031
-0.039092,0.023618,0.014555,-1.855891,-2.557661,1.608892
-0.021262,0.006996,0.013862,-0.841102,-0.661429,1.768327
-0.045243,-0.043297,0.021307,0.307650,-2.061392,0.724312
-0.063664,-0.086274,0.032631,0.847276,-1.783793,-1.013750
-0.025519,-0.077944,-0.008626,0.716451,-1.328519,-1.329303
-0.010916,-0.086813,0.011548,0.936785,-0.138596,-1.157106
-0.002604,-0.120271,0.016902,2.259660,0.693309,-1.109809
-0.007584,-0.155147,0.011906,2.483525,1.381259,-1.744964
0.014083,-0.189166,0.017627,1.895197,0.970813,-1.662472
0.059887,-0.199857,0.001927,2.019746,2.743963,-2.100831
0.074667,-0.225085,0.006700,3.667937,2.943138,-3.081391
0.067643,-0.259600,0.037240,2.930777,2.489492,-2.811554
0.071109,-0.303191,0.018910,2.149242,1.547816,-1.602693
0.065733,-0.311269,0.005820,2.501654,1.139011,-1.723294
-0.009672,-0.340755,0.146095,1.255388,-18.570157,-2.544641
0.098560,-0.366798,0.026424,1.929775,-1.223123,-0.258694
0.124666,-0.399098,-0.001342,1.724839,-0.308751,-0.161956
0.125059,-0.428305,0.025807,1.776945,-0.299359,-0.607281
0.140359,-0.465672,0.017919,2.113854,-1.139398,-3.022516
0.137132,-0.476386,0.012953,1.014959,-2.757085,-5.557428
0.125178,-0.487208,0.022587,0.105527,-0.961880,-7.631497
0.158685,-0.457407,0.030983,0.629746,-0.233809,-7.435174
0.136781,-0.465593,0.020903,0.265569,0.223004,-7.081173
0.092353,-0.487001,0.012093,-0.558001,-0.093334,-6.180870
0.086291,-0.491764,-0.004392,-1.130527,1.974504,-6.623881
0.094835,-0.481178,0.014427,0.204959,2.895027,-9.161486
0.088201,-0.460276,0.031009,-0.615946,2.003005,-11.092322
0.098406,-0.430409,0.019816,-1.398443,2.086937,-11.515415
0.072915,-0.392323,-0.016776,-1.731092,2.505097,-10.866691
0.028543,-0.367862,-0.005091,-1.293015,1.903836,-10.094699
0.019053,-0.316840,0.012368,-1.163621,0.804662,-8.546763
-0.006442,-0.271890,0.008607,-1.083776,-0.607466,-5.841138
-0.027558,-0.223946,-0.010691,-1.412217,-1.078729,-2.034681
-0.078842,-0.170791,-0.013711,-0.438872,-1.086967,-1.718210
-0.129632,-0.139253,0.002114,-0.298118,-2.446419,-2.255103
-0.121439,-0.084978,-0.000397,-0.641143,-2.291071,-3.838923
-0.124987,-0.008934,-0.027441,-0.930906,-1.915796,-3.916586
-0.122545,0.065158,-0.021096,0.072377,-1.097028,-3.629160
-0.139085,0.128473,-0.002327,0.343615,0.676411,-1.131938
-0.178684,0.184084,-0.015066,-0.567705,-0.290061,3.112757
-0.172901,0.263463,-0.049853,-0.323363,1.370321,5.160762
-0.195733,0.314305,0.002606,0.049052,0.509456,5.589914
-0.183582,0.366328,0.009660,-0.019931,0.541873,5.963954
-0.217630,0.400810,-0.007083,-0.896615,0.466650,7.374860
-0.196702,0.464572,-0.008912,-0.199245,1.851783,9.005533
-0.200667,0.509593,-0.001329,0.384448,0.353731,9.768962
-0.211889,0.518092,0.027481,0.404767,-3.766593,10.200475
-0.184918,0.552298,-0.031452,0.030615,-0.926092,11.828751
-0.194900,0.562050,-0.010842,0.117566,-1.712348,14.297073
-0.175943,0.581190,-0.004349,0.471961,-2.100663,16.736966
-0.179190,0.541633,0.030123,1.042055,-4.139248,16.784680
-0.163802,0.503084,-0.021027,0.700826,-2.628506,17.575394
-0.170160,0.465901,-0.023945,0.827505,-2.881949,16.305557
-0.189782,0.401079,-0.006870,1.809722,-2.477973,13.119477
-0.185991,0.376835,-0.004362,1.904145,-2.150648,11.459351
-0.175234,0.354265,-0.005961,0.797048,-1.645960,10.912917
-0.152536,0.337925,-0.013681,1.299047,0.948778,9.817866
-0.178560,0.279248,-0.009972,1.517694,-0.110002,7.743657
-0.222502,0.163601,0.055450,0.582764,-4.986334,6.013432
-0.182495,0.088174,-0.021204,0.425729,1.748560,6.426850
-0.138333,0.066336,-0.011341,0.379584,3.104089,4.648018
-0.149513,-0.000150,0.022754,0.556691,1.543792,1.189276
-0.160395,-0.086455,0.007100,0.691330,0.897811,-1.930468
-0.163089,-0.155892,0.019688,-0.725839,-0.108486,-2.768684
-0.099863,-0.230580,0.001277,-0.489641,0.395608,-3.091717
-0.035445,-0.280381,0.015438,-0.772588,0.559668,-3.820807
-0.017110,-0.367711,0.041861,-0.058644,0.196482,-5.254073
0.001745,-0.418986,-0.005757,-0.329898,-0.286354,-4.679609
0.000727,-0.481661,0.014801,-0.887256,-1.244807,-6.022993
0.033722,-0.555992,0.011824,-0.515776,-1.180582,-9.343277
0.056089,-0.637426,0.027139,0.681539,-0.824093,-12.193421
0.063875,-0.655193,0.013780,0.006411,-1.038384,-12.775417
0.067994,-0.632295,0.025630,-0.396495,-1.447139,-12.553472
0.053443,-0.663695,0.006792,-0.072345,-0.197486,-13.028785
0.077704,-0.705769,0.014578,0.718096,0.410596,-12.285243
0.096643,-0.713949,0.024422,-0.374001,0.953344,-11.627445
0.127958,-0.703695,-0.005626,0.246117,3.595913,-12.086097
0.110679,-0.690637,0.023489,0.807887,2.680507,-14.062598
0.087318,-0.670542,0.045357,0.459138,1.457408,-12.685166
0.108545,-0.624526,0.006857,0.099553,3.273634,-9.847576
0.088362,-0.607388,0.022449,0.898321,1.715618,-7.224940
0.068861,-0.600176,0.028515,1.312322,1.111577,-5.228115
0.045322,-0.568402,0.032047,1.630046,-0.125170,-4.075773
0.046567,-0.526742,0.018185,1.600333,-0.132218,-1.567441
0.055186,-0.457627,-0.009716,2.262338,1.290237,-0.562421
0.016329,-0.457794,0.032785,2.304232,-1.415336,-1.184047
0.013155,-0.439005,0.028666,2.610920,-0.839800,-2.326284
0.008070,-0.372782,0.003434,2.198600,-1.333236,-2.697732
0.020248,-0.285059,-0.029082,2.201610,0.329966,-2.648933
0.003117,-0.234519,0.006995,2.645622,0.361871,-2.004276
0.006984,-0.198816,0.025131,2.171973,0.415231,2.146841
0.012613,-0.109977,-0.013320,1.141412,1.142094,4.443189
0.013243,-0.058495,-0.001756,1.292548,1.810972,4.738033
-0.009642,-0.019539,0.015011,0.942975,1.598569,3.585972
-0.020760,0.012268,0.020932,1.002647,1.728327,2.942032
0.004617,0.097040,-0.004365,-0.084851,1.984085,3.205477
0.016791,0.149290,0.005515,-0.217163,1.291113,2.351691
-0.001134,0.176744,-0.007526,-0.137078,0.783559,2.117781
-0.035393,0.187320,0.008768,-0.263127,-0.268390,3.733745
-0.011451,0.262029,-0.020669,-1.186513,0.226375,6.467697
-0.002060,0.292683,-0.012138,-1.150505,-0.896557,7.367286
-0.008749,0.309273,0.009053,-0.926039,-3.643202,7.342083
-0.046875,0.315454,0.000952,-0.912538,-2.254331,7.199007
-0.065736,0.353477,-0.052483,-1.084105,-1.833128,5.384008
-0.087544,0.336153,-0.008958,-0.934389,-1.672459,2.153169
-0.056670,0.340157,-0.001254,-0.030983,-1.779027,0.779364
-0.070233,0.353202,0.007931,-0.333575,-1.186127,1.561332
-0.076125,0.376852,-0.012141,-0.858558,-0.403203,2.355692
-0.100618,0.384985,-0.014426,-1.094103,0.176627,1.229769
-0.080169,0.381283,-0.008583,-0.744267,1.449569,0.052122
-0.060310,0.408416,0.016472,-0.602338,2.036643,0.039356
-0.082302,0.426810,0.014495,-1.411387,1.061267,1.886627
-0.099587,0.412811,0.000798,-2.077410,-0.369515,2.640124
-0.115445,0.372699,0.004215,-1.980164,0.964517,1.955752
-0.066228,0.387510,0.016301,-1.478017,0.938743,3.254364
-0.042296,0.418056,0.008242,-1.888889,-0.252923,4.029030
-0.051601,0.390684,-0.013418,-2.159937,-1.256085,4.734902
-0.059771,0.369190,-0.032292,-2.201121,-1.703009,5.673037
-0.062256,0.337226,0.007241,-1.149881,-2.006631,6.074417
-0.011244,0.326873,-0.007901,-0.815962,-2.142068,6.977473
0.018436,0.296468,-0.011295,-0.979244,-1.176532,7.928350
0.014267,0.219505,0.001113,-1.044912,-1.332028,8.517477
0.023619,0.187927,0.008246,0.168198,-0.466853,8.563205
0.015003,0.174929,0.012474,0.606945,-0.967411,7.846438
0.007880,0.145788,0.013983,0.552683,-0.583780,4.496558
-0.014241,0.098379,-0.013691,0.243497,1.262677,1.012755
-0.009307,0.054329,0.018474,1.705840,1.720101,0.280538
0.004118,0.031326,0.024185,1.670915,0.984638,1.207749
-0.012206,-0.044226,0.027635,1.791101,1.953184,1.785042
-0.037661,-0.103865,-0.010444,1.689723,1.989442,1.203335
-0.018790,-0.167968,0.031275,2.810587,2.080034,0.180111
0.043875,-0.194982,0.033517,2.470251,1.215738,-0.470871
0.039027,-0.256485,0.044254,1.974590,1.000204,-1.300891
0.014619,-0.313764,0.016275,1.441223,0.994082,-1.937923
0.000990,-0.355110,0.021809,2.418165,0.495119,-2.699469
0.047925,-0.401119,0.024733,2.873243,-0.096633,-3.736790
0.079063,-0.471846,0.041776,2.448052,-0.189463,-5.037590
0.074132,-0.556379,0.000230,1.748614,-0.137703,-5.676217
0.077668,-0.587877,0.005009,1.741977,-0.322533,-7.142249
0.072225,-0.621332,0.038047,1.686310,-0.742823,-10.528991
0.138649,-0.610191,0.040397,1.079489,0.621525,-13.848918
0.135868,-0.620016,0.030970,-0.098870,0.196781,-14.511790
0.124767,-0.637475,0.030872,-0.761850,0.254621,-12.898173
0.088267,-0.667916,0.039974,-0.735522,0.348456,-11.799327
0.089964,-0.664854,0.045295,-0.938945,-1.373665,-11.599345
0.094959,-0.649367,0.012634,-1.346266,1.162862,-12.371371
0.089360,-0.624217,0.036590,-1.716695,1.285743,-14.719537
0.072032,-0.610076,0.040000,-1.528526,0.840861,-15.384940
0.072455,-0.597160,0.028961,-1.687462,1.398196,-13.124045
0.069166,-0.536261,-0.002314,-2.597708,0.665435,-10.281844
0.039388,-0.476245,0.004563,-1.645995,0.853239,-7.159166
-0.001961,-0.408567,0.022245,-1.281602,0.044158,-5.970852
-0.054152,-0.386257,0.018710,-0.618566,-1.025061,-4.092297
-0.080362,-0.320312,0.028275,-0.832243,-3.413776,-2.471593
-0.117831,-0.251772,0.009171,-0.893880,-1.647595,-1.331971
-0.142571,-0.157316,-0.017738,-0.125619,-1.616113,-2.295503
-0.193009,-0.102614,0.027911,0.228523,-1.701236,-2.324997
-0.186286,-0.018952,0.042626,0.441008,-0.928551,-0.668056
-0.195970,0.064590,0.007231,0.552260,-0.510969,3.097915
-0.194269,0.107124,0.016573,0.812387,0.294125,5.443405
-0.210727,0.176685,0.028512,1.502306,0.883710,7.571277
-0.214942,0.251272,0.019537,2.170472,1.426372,8.599707
-0.227048,0.344241,0.024195,1.470870,-0.175973,9.110070
-0.221366,0.373474,-0.000138,1.612612,1.684103,9.613481
-0.231069,0.385514,0.015884,1.865393,0.283749,11.228303
-0.212044,0.423239,0.012979,2.376416,0.023803,13.400132
-0.201632,0.485966,0.016869,1.992177,-1.229849,14.669552
-0.188062,0.494747,-0.005623,1.307280,-0.665329,15.541512
-0.183162,0.480173,0.001553,2.160162,-0.294265,15.414420
-0.146001,0.464759,0.015513,2.162644,-1.864692,16.794624
-0.124179,0.462057,0.001106,1.653071,-1.933574,14.798859
-0.106920,0.429272,-0.013665,1.230379,-0.888521,11.621921
-0.158192,0.377886,0.045685,0.696221,-11.172079,8.851248
-0.106861,0.330566,0.021753,1.687445,-2.308744,8.295633
-0.098859,0.293845,-0.009512,0.963182,-1.632778,7.903572
-0.084669,0.225751,-0.025074,0.125490,-0.230445,6.953961
-0.079010,0.166707,-0.002537,0.194970,-0.185226,5.360101
-0.065667,0.109352,0.028370,0.387465,0.802972,4.280868
-0.022828,0.089293,-0.003102,-0.502194,1.565827,2.725252
-0.026396,0.020027,-0.002471,-1.930323,2.119656,-0.279935
-0.013220,-0.045861,-0.009493,-2.105323,1.600749,-2.089155
0.008342,-0.095505,0.023604,-1.348705,1.373200,-3.070121
0.035062,-0.129681,0.002252,-2.410941,1.056090,-2.957605
0.019007,-0.190256,0.004967,-2.528653,1.598632,-3.929955
0.015439,-0.270908,-0.001126,-1.947763,0.341271,-3.371936
0.039703,-0.311469,0.001543,-1.092524,-0.648046,-2.888973
0.067161,-0.350265,-0.011190,-1.354377,-0.918670,-4.047247
0.076460,-0.406490,-0.021188,-1.538797,-0.577851,-7.777669
0.058226,-0.477732,-0.005675,-0.382693,-0.509488,-9.687920
0.083678,-0.483949,-0.012644,0.299391,-1.070168,-9.549499
0.098472,-0.495664,0.020236,-0.108793,-0.825206,-9.667903
0.115619,-0.505924,-0.033248,-0.268566,0.604138,-10.408145
0.096108,-0.519018,0.023962,0.487918,0.435513,-9.779322
0.128867,-0.496241,0.007304,1.002036,0.618880,-8.320937
0.138475,-0.476084,0.013777,0.563476,1.012519,-6.750576
0.176853,-0.491347,-0.000069,0.989941,3.036123,-6.034038
0.187462,-0.473100,-0.003427,1.295897,3.002389,-5.934387
0.193502,-0.461139,0.004264,2.376646,3.425505,-4.784663
0.181156,-0.439649,-0.027149,2.108717,2.759801,-4.187003
0.193154,-0.439563,-0.017088,1.518551,2.429827,-3.810393
0.240693,-0.406755,0.007002,2.098394,2.150505,-2.241439
0.254745,-0.383555,0.008456,3.076757,0.659214,-1.055513
0.233725,-0.370032,0.001815,3.106834,0.295642,0.194344
0.202847,-0.374194,-0.032135,2.806727,-1.059168,-0.718959
0.178307,-0.388367,-0.012194,2.943378,-0.957761,-0.962700
0.205716,-0.360096,0.006943,3.516072,-1.809586,-0.604940
0.186264,-0.331693,-0.007310,3.144966,-1.592899,-0.299241
0.133134,-0.320040,-0.021959,2.626305,-0.102896,-0.868857
0.108595,-0.285722,-0.055660,2.438083,0.679674,-1.018067
0.131769,-0.260411,0.009555,2.318346,0.748001,-0.545928
0.168155,-0.236203,0.013796,1.150058,0.281271,-0.321789
0.154733,-0.237805,0.005873,0.510632,2.236695,-0.009462
0.153042,-0.210528,-0.038237,0.170332,5.276567,-0.647274
0.140090,-0.165634,-0.004671,0.693001,3.287341,-2.417254
0.139354,-0.150344,0.022386,-0.218082,3.077577,-3.703324
0.109927,-0.126330,-0.039291,-1.162853,2.476270,-3.971674
0.062112,-0.114438,0.010668,-1.381631,1.042498,-3.307214
0.068211,-0.061705,0.010547,-1.351679,-1.139441,-2.180888
0.062529,-0.016680,-0.010100,-1.488146,-0.878907,-1.382606
0.073381,0.005069,-0.030779,-2.049276,-0.508146,-0.578037
0.072078,0.032094,-0.021526,-2.355077,-1.859509,-0.578796
0.071011,0.042791,-0.019924,-1.254167,-1.444832,-0.563309
0.065861,0.077116,-0.024868,-1.219032,-2.090077,-0.594404
0.043409,0.103500,-0.007815,-1.846838,-1.798105,-1.188868
0.038029,0.176318,-0.048278,-1.800782,-0.854026,-2.121078
0.006465,0.201966,-0.010251,-1.342308,-0.400009,-2.278324
-0.014887,0.227494,0.011275,-1.375621,-1.831576,-2.318486
-0.035783,0.256314,-0.004510,-1.562694,0.399695,-0.712776
-0.032616,0.326161,-0.014987,-1.700861,1.316640,0.460823
-0.028555,0.385031,-0.008646,-1.213006,1.766800,1.210846
-0.034096,0.398125,0.010553,-0.479630,2.304484,2.669227
-0.034963,0.431698,-0.005284,-1.437154,1.775121,5.160319
-0.038107,0.450923,-0.014078,-0.950834,1.755696,6.979466
-0.039778,0.486662,0.001418,-0.487124,1.135995,6.935038
-0.065174,0.484821,0.012037,0.243645,-0.119433,6.945029
-0.063241,0.501131,-0.026735,0.431433,-1.661972,8.477695
-0.099843,0.466150,-0.000325,0.017918,-2.343163,8.835901
-0.098517,0.438873,-0.027244,0.820103,-1.779831,9.986403
-0.094624,0.405727,-0.002402,1.629083,-3.077097,10.841459
-0.059223,0.371941,0.015753,1.751374,-3.428918,11.589663
-0.047121,0.390024,-0.020239,1.659679,-1.448630,12.895935
-0.080736,0.319002,-0.003000,1.513157,-1.606715,11.988870
-0.104780,0.262619,0.015490,1.811101,-0.681531,11.015624
-0.109799,0.223109,0.028328,1.760122,-2.491966,9.041959
-0.063077,0.199816,0.007701,1.477221,0.911978,7.405247
-0.051546,0.149119,0.007353,1.124245,2.587834,4.676589
-0.077273,0.038494,0.018415,1.310165,2.503747,2.552284
-0.086595,-0.045211,0.028689,1.803243,2.426055,1.500778
-0.053078,-0.084266,0.021270,0.719829,1.336187,2.137579
-0.033200,-0.127613,-0.006712,0.336722,1.262927,0.379817
-0.039588,-0.215816,0.008410,0.297297,2.344864,-0.896322
-0.035567,-0.312100,0.011794,1.035652,0.517672,-1.262395
-0.021455,-0.371689,0.034584,0.724733,-0.940295,-0.538833
0.007105,-0.447251,0.013350,1.073656,-0.782948,-2.117232
0.007958,-0.511623,-0.013077,0.155171,-1.792278,-5.548962
-0.004590,-0.586610,0.018858,0.409504,-1.531081,-7.837445
0.040757,-0.636421,0.015096,0.851117,-1.389602,-9.209897
0.071136,-0.673135,0.025140,0.978045,-0.907159,-11.024275
0.069455,-0.721811,0.027901,-0.001319,-0.499457,-12.069551
0.077018,-0.750611,0.002488,-0.145238,0.560298,-12.283040
0.074996,-0.761722,0.027550,0.380218,1.200846,-13.327105
0.118406,-0.800507,0.046401,0.397254,0.850676,-13.958009
0.147718,-0.807656,0.016691,0.305546,3.485909,-14.331464
0.122568,-0.811956,-0.006108,0.171242,4.209716,-14.401863
0.108916,-0.793758,0.005738,0.731281,2.561745,-16.444168
0.085906,-0.801255,0.045610,0.775200,0.952700,-16.510841
0.114510,-0.780166,0.020571,0.246009,1.117577,-14.926184
0.097589,-0.729964,-0.010271,0.062481,1.269295,-12.504713
0.057625,-0.708819,-0.009739,1.006333,0.103081,-9.459900
0.032035,-0.663331,0.010097,1.247166,-2.173838,-7.392007
0.021505,-0.617334,0.009871,1.132894,-1.787860,-6.115451
0.022244,-0.538995,-0.007169,0.494673,-1.637721,-4.572344
0.003951,-0.472450,-0.014574,0.344928,-1.271601,-4.718305
-0.039036,-0.436432,0.004579,1.023874,-0.832966,-3.341747
-0.036305,-0.331775,-0.003853,0.372635,-0.864182,-0.653141
-0.029094,-0.223494,0.007202,0.083469,-0.349377,2.123880
-0.056666,-0.155718,-0.019369,-0.251973,0.759699,3.421165
-0.087130,-0.095367,-0.031508,0.597548,1.521389,4.632114
-0.119728,-0.061167,0.001740,0.532106,0.890600,6.424709
-0.115359,0.018265,0.011026,0.753624,-1.436941,8.107284
-0.100634,0.116817,-0.034216,0.365105,1.918328,8.015263
-0.148558,0.142416,-0.025219,1.028932,1.533596,6.899899
-0.164511,0.171184,-0.009112,1.775382,0.424264,7.427235
-0.151968,0.225072,-0.013126,1.431159,-0.275322,10.006464
-0.130180,0.266059,-0.049942,1.400724,-0.190869,10.901634
-0.097250,0.288981,-0.049706,2.433707,-0.204596,12.432538
-0.101846,0.298812,0.010143,2.440715,-1.678834,14.271160
-0.084639,0.323607,-0.014101,2.358198,-1.846412,14.581465
-0.080497,0.316494,-0.044529,1.908908,-1.592880,12.798500
-0.070406,0.293254,-0.034472,2.314962,-0.968646,9.993610
-0.043024,0.299573,-0.022061,2.524352,-1.626512,7.949833
-0.010459,0.300505,-0.003299,2.144482,-1.371552,6.985892
0.004341,0.269618,-0.027753,1.405008,-0.070108,6.259762
0.008615,0.216278,-0.037708,1.270746,0.929313,5.618219
0.038515,0.166861,-0.007254,1.334215,0.990957,5.638014
0.056673,0.151683,-0.001795,0.774944,-1.161338,3.616170
0.069593,0.130465,-0.002961,-0.411480,2.123936,1.115273
0.076230,0.092763,-0.031876,-1.525766,2.050210,-1.927177
0.062979,0.061087,-0.004205,-1.356356,0.987642,-3.907882
0.107538,0.038376,0.013763,-1.850855,0.635686,-2.825562
0.129399,0.015849,0.000942,-2.493337,0.602073,-1.694282
0.096433,-0.046015,-0.023814,-3.262271,0.604351,-0.317601
0.108703,-0.072537,-0.000190,-2.474909,0.527204,0.708224
0.113404,-0.111257,0.004317,-2.671412,-0.552179,1.291652
0.138071,-0.136151,0.001241,-2.904974,-1.976183,0.031239
0.131555,-0.191999,0.001500,-2.960674,-0.721044,-2.605892
0.145187,-0.215957,0.002176,-1.668907,-0.230901,-4.204068
0.144849,-0.241120,0.030819,-0.896171,-0.929634,-4.530218
0.154070,-0.277565,0.040545,-1.261123,-2.438935,-4.378132
0.165982,-0.307685,-0.003020,-0.565613,1.151488,-3.758118
0.172103,-0.334693,0.011525,0.511824,1.620476,-3.328197
0.154729,-0.340046,0.029234,1.464069,1.183971,-5.068238
0.179102,-0.342183,0.024277,1.733882,1.628242,-5.828772
0.212513,-0.325522,0.011055,1.611529,4.061474,-5.661197
0.219695,-0.334916,0.004267,1.994731,2.672356,-4.833224
0.218543,-0.329319,0.032168,2.899282,1.326248,-3.117218
0.206743,-0.331778,0.037853,2.758968,1.734479,-0.451293
0.218560,-0.317447,-0.006597,2.115095,3.266836,0.836759
0.214509,-0.314092,0.028075,3.029680,1.331192,1.070722
0.247856,-0.308919,0.032050,2.890558,0.480774,1.589916
0.244412,-0.318629,0.028364,2.834251,-0.462392,0.872732
0.228318,-0.338517,0.006237,2.429772,-0.080670,0.980370
0.252208,-0.317240,-0.024890,2.726239,1.502607,0.558649
0.216160,-0.341074,0.035520,2.598663,-1.089892,-0.362243
0.231716,-0.350613,0.039012,2.442899,-0.666201,0.053097
0.230557,-0.340168,0.000443,1.380774,0.401106,-0.349628
0.238497,-0.338960,0.005653,2.190633,1.223800,-1.333543
0.215021,-0.329231,-0.011308,1.396323,1.447475,-4.544960
0.165378,-0.360470,0.031032,1.889161,1.212124,-6.195319
0.170268,-0.370534,0.009145,1.077352,1.837147,-6.229633
0.198465,-0.339518,-0.003647,0.209826,2.102010,-6.418574
0.157546,-0.345564,0.010031,0.606962,2.010909,-7.203419
0.111329,-0.342380,-0.004168,0.041680,2.911430,-7.728462
0.067886,-0.337850,0.022807,-0.128140,1.416000,-7.657526
0.106369,-0.278793,0.005718,-0.891789,1.174019,-6.493429
0.105614,-0.259325,0.006460,-1.780168,0.397578,-6.326491
0.094667,-0.249001,-0.006131,-1.418525,1.329262,-5.804396
0.057848,-0.213902,0.014226,-1.480150,0.447766,-4.417813
0.040034,-0.165667,-0.000420,-1.929837,-0.682223,-3.199382
0.039693,-0.100441,-0.027457,-2.633793,-0.593571,-4.294207
0.012114,-0.073548,-0.014206,-2.925598,0.446588,-5.034799
0.005861,-0.018909,0.017272,-2.381911,-0.561429,-4.287539
0.002969,0.060897,0.000033,-2.240665,-0.373500,-2.682693
-0.013473,0.113682,-0.021027,-2.710244,0.012140,-1.507804
-0.017956,0.167813,-0.035286,-2.475093,0.140339,-1.393188
-0.038692,0.223109,-0.005852,-1.624128,-0.115146,0.669981
-0.026103,0.278270,0.010629,-1.161265,0.810229,2.697770
-0.046908,0.338414,-0.005974,-1.439789,0.929710,3.643538
-0.065427,0.368626,-0.025271,-1.084705,1.054403,4.759691
-0.065690,0.434780,0.000194,-0.127133,0.383542,6.421369
-0.090416,0.470007,0.004944,0.727988,-0.102003,8.279229
-0.107977,0.503271,-0.011025,0.805070,-0.440308,10.038028
-0.116325,0.504978,-0.031685,0.268335,0.943230,12.226250
-0.112110,0.535915,-0.038473,1.417714,-0.855083,13.187988
-0.140299,0.528451,0.028597,2.383657,-1.853706,12.815175
-0.159009,0.526554,-0.017242,2.815941,-1.649880,12.079389
-0.200637,0.496447,0.012513,2.098711,-2.705367,11.677770
-0.173386,0.492282,-0.017124,2.043668,-1.403096,11.376268
-0.152891,0.481289,-0.002974,2.664430,-0.772727,11.088343
-0.170120,0.418644,0.003355,2.937640,-0.828682,11.101575
-0.179620,0.367907,0.005459,2.109892,-1.747985,11.538143
-0.171092,0.324766,0.000650,1.613600,0.086566,10.372139
-0.129848,0.287044,-0.011206,1.404913,2.045447,8.079776
-0.124110,0.220781,0.015556,1.674187,1.030077,5.052758
-0.142581,0.150025,0.036583,0.202034,-0.520612,4.305216
-0.108289,0.107393,0.011180,-0.713750,0.982009,4.537082
-0.059686,0.065873,-0.007287,-1.331200,1.145934,5.079454
-0.031040,-0.033037,0.005804,-1.191988,0.955927,3.761792
-0.012990,-0.112718,0.006276,-1.037129,-0.238277,2.948398
-0.010138,-0.177031,0.026634,-1.067574,-0.173150,2.276244
0.020028,-0.257319,-0.005143,-2.075755,-0.973566,0.008730
0.010168,-0.358714,-0.000019,-1.629747,-1.119542,-5.658420
0.022224,-0.452746,0.025206,-0.266006,-1.329096,-9.149742
0.043625,-0.490323,0.033740,-0.137455,-1.162201,-9.562958
0.039677,-0.550385,0.037850,-0.121476,-2.575002,-10.887658
0.060441,-0.615995,0.034929,-0.303248,-0.507499,-11.873728
0.108634,-0.643905,0.016941,-0.493344,0.446148,-11.649956
0.127075,-0.670733,0.040515,0.682344,1.361709,-11.857547
0.111779,-0.691330,0.027497,1.070771,1.547416,-12.563882
0.120457,-0.697045,0.025948,0.337537,1.884105,-13.570912
0.128138,-0.694639,0.038904,-0.322522,2.272950,-13.791262
0.149448,-0.675144,0.014768,0.325332,2.721436,-14.364021
0.125299,-0.685549,0.029007,1.213698,1.923590,-13.210155
0.105516,-0.681246,0.044664,0.971080,1.283695,-10.681361
0.111963,-0.644371,0.005206,0.265234,1.064559,-7.669073
0.150882,-0.583285,-0.006712,1.159321,1.922339,-7.211718
0.105631,-0.570641,0.029457,0.373899,-0.180056,-7.608854
0.075547,-0.553093,0.032654,1.510594,-0.443767,-6.077138
0.037120,-0.496826,0.034827,1.131637,-1.785168,-4.463361
0.048680,-0.438917,0.030209,1.043123,-1.916036,-2.497951
0.062549,-0.380050,0.004737,0.765458,-0.618353,-0.916889
0.025756,-0.340490,0.016944,1.574313,-0.334242,0.585735
0.000438,-0.319068,0.019649,2.350429,-0.602437,3.524955
0.004089,-0.255166,0.023883,1.828712,-1.757487,5.154580
0.002930,-0.244439,0.006102,1.866250,2.005565,4.254213
0.032459,-0.191135,0.015713,2.018962,2.092481,2.784524
0.028152,-0.147167,0.036288,2.753634,2.260381,2.063467
0.026025,-0.090863,0.011938,2.773010,2.116653,1.993744
0.001998,-0.065024,-0.009312,1.892788,2.046425,2.300733
0.015311,-0.047657,0.012129,1.942353,2.012554,4.205608
0.053131,0.000005,0.005423,2.656831,0.868515,5.559736
0.041584,0.051017,0.050100,1.581633,-3.102736,6.967482
0.043353,0.086054,-0.010372,0.632273,0.077349,6.347586
0.047620,0.112356,-0.030224,0.526145,-0.356520,6.621220
0.095127,0.144606,-0.005852,0.403362,-1.192705,6.892412
0.112402,0.161848,-0.000702,0.808503,-2.354061,6.679983
0.065769,0.171794,-0.000948,-0.043440,-2.381066,7.336742
0.030026,0.169822,-0.021201,-1.249287,-2.409800,8.026277
0.031786,0.188998,-0.030773,-0.854875,-1.020449,6.619922
0.075957,0.211164,0.005771,-0.476200,-0.919081,5.419686
0.079640,0.186956,0.003427,-0.681497,0.493526,2.786943
0.045382,0.167964,-0.021923,-0.901240,1.002902,1.805362
0.064370,0.184054,-0.015302,-0.889817,2.924067,1.014557
0.070719,0.150334,-0.000922,-0.760955,2.608644,-1.472317
0.077139,0.155874,-0.016504,-0.241063,2.847665,-2.943361
0.045106,0.157558,0.023407,-1.134460,1.479436,-2.684551
0.035793,0.169766,-0.023062,-1.339393,2.157210,-2.961192
0.040228,0.171807,-0.001861,-0.738457,1.935055,-3.644130
0.060254,0.170678,0.010921,-1.115035,0.431357,-1.886659
0.053358,0.162525,0.005646,-0.692536,-0.333842,0.568064
0.047203,0.157841,-0.020305,-1.034477,-0.889214,3.513682
0.085056,0.148436,-0.018769,-0.824447,-0.335158,3.556328
0.084272,0.095297,-0.021447,-0.873913,-0.520110,2.342299
0.109543,0.098629,0.007051,-0.402112,-1.137583,2.833208
0.101124,0.114998,-0.001441,-0.628725,-2.240843,2.507347
0.091536,0.092238,-0.023715,-0.531050,-0.760135,1.501108
0.113784,0.085190,-0.011291,-0.176760,-0.265170,0.747631
0.128004,0.082423,0.000982,0.183058,0.264215,2.427499
0.111674,0.055576,0.001215,0.614223,1.458816,3.970012
0.087144,0.031434,-0.001424,0.175065,1.036232,3.823684
0.102562,0.033889,-0.024264,-0.152043,2.828735,3.138931
0.123628,0.015839,0.008203,0.725320,3.075745,1.299807
0.152799,0.027879,0.018684,0.445745,2.760030,0.656197
0.149802,-0.010033,0.013826,1.445602,2.586334,1.012063
0.131119,-0.057724,0.019547,0.819319,1.183974,3.140269
0.148686,-0.068149,-0.016576,1.332069,1.783492,3.757190
0.137884,-0.111165,0.012536,1.717936,0.334929,3.455774
0.140648,-0.163133,0.019298,2.873499,-0.348626,4.246692
0.125752,-0.197014,0.017463,1.950838,-2.085662,4.488001
0.106970,-0.228210,0.001842,2.165050,-1.451305,2.568942
0.139745,-0.272924,-0.011058,2.720068,0.570693,-0.398575
0.150006,-0.303923,-0.011078,3.305796,-0.064632,-3.363015
0.144403,-0.340992,0.037541,2.307167,-1.851319,-3.674738
0.138055,-0.357745,0.005758,1.981056,-0.021284,-4.240653
0.119578,-0.371971,-0.009355,1.799498,0.736611,-5.613324
0.086661,-0.439731,0.027576,1.530788,0.915182,-7.534122
0.109888,-0.445344,0.032798,1.368892,1.460887,-8.805883
0.088710,-0.440689,0.025436,0.776270,1.602492,-9.942782
0.062572,-0.452477,-0.003791,-0.156733,2.022788,-12.086261
0.049563,-0.468876,-0.004441,-1.234994,2.574310,-13.791482
0.074339,-0.469450,0.023141,-0.262168,2.144291,-12.563528
0.082027,-0.418631,0.027839,-1.434051,1.371014,-10.655124
0.054165,-0.417085,-0.001349,-2.012788,1.497326,-9.043254
0.020878,-0.409309,-0.028436,-2.677009,0.745254,-7.240913
0.002152,-0.405157,0.016248,-1.856380,-0.101573,-6.582426
0.032859,-0.348912,0.008114,-2.007631,-0.702479,-7.372132
0.021597,-0.286644,0.007563,-2.318065,-1.762831,-8.788879
-0.060004,-0.279203,-0.019159,-3.155631,-1.834664,-10.241400
-0.046980,-0.224823,-0.013445,-1.809418,-0.706641,-8.591338
-0.040907,-0.138964,0.011663,-1.855556,-1.655246,-5.965485
-0.064085,-0.075849,0.018274,-2.431174,-3.276094,-4.368678
-0.062729,-0.024903,-0.029752,-1.629947,1.641490,-1.418613
-0.097214,0.034598,-0.017006,-0.705255,-0.095258,0.059537
-0.122345,0.097726,0.037259,-0.417904,-1.786481,1.144126
-0.103316,0.177581,0.000066,-0.392311,0.972595,1.667842
-0.116197,0.233852,-0.005527,-0.002964,1.982798,1.786606
-0.163940,0.274115,0.007934,0.733513,0.864675,4.121667
-0.171578,0.347369,0.011728,1.271751,0.851870,7.576751
-0.198796,0.410129,-0.009168,1.155447,-0.369656,10.681097
-0.217177,0.423948,-0.005603,1.159951,-0.574467,12.819396
-0.176705,0.467654,0.016708,2.369454,-0.357633,15.573517
-0.178198,0.507555,0.007638,2.518384,-1.218502,15.879994
-0.196396,0.494159,-0.000518,2.384507,-1.262082,14.265018
-0.205095,0.487217,-0.019090,2.384602,-1.351808,12.418695
-0.187537,0.497074,0.014190,3.181962,-1.916860,11.589157
-0.166808,0.487860,0.011243,2.883145,-2.573193,10.695142
-0.177082,0.470017,-0.012027,2.040750,-1.575802,9.766038
-0.189533,0.411534,-0.016540,2.146622,-0.494625,10.977685
-0.165738,0.378759,0.002561,1.918141,-0.961145,11.292676
-0.129247,0.367132,0.026463,1.425031,-1.291995,10.087135
-0.097723,0.311186,0.017555,0.170082,0.069357,7.870932
-0.071050,0.260824,-0.001273,-0.581343,1.089502,6.312782
-0.074516,0.210537,0.005272,-0.853096,1.284807,3.959326
-0.072369,0.146135,0.035263,-0.708570,0.885420,2.053542
-0.015921,0.110478,0.011170,-2.074593,0.700924,1.556330
0.016585,0.049474,0.011968,-2.134087,0.992168,0.891493
0.001033,-0.038344,0.012034,-1.938352,0.652488,0.665688
-0.000494,-0.114753,0.002449,-1.288393,-0.228731,-0.500250
0.013864,-0.174053,0.008702,-1.768949,-1.005553,-1.909380
0.040491,-0.239899,0.013360,-1.938057,-0.758993,-4.502254
0.047919,-0.271145,0.002196,-1.987146,-0.679663,-7.393255
0.038564,-0.329552,0.017437,-0.654216,-0.686329,-10.204601
0.049534,-0.390908,0.024271,-1.151125,-1.781525,-9.559525
0.105657,-0.423260,-0.001930,-1.038097,0.610299,-8.561896
0.114969,-0.440801,0.013635,-0.518208,0.671244,-7.977506
0.119220,-0.491780,0.023178,0.868353,1.690474,-8.036373
0.109760,-0.518434,0.016317,0.668117,0.532732,-9.003064
0.123943,-0.537246,0.041067,0.197156,1.658109,-10.502252
0.159896,-0.513297,0.004481,0.542226,3.916509,-11.953547
0.140474,-0.504904,0.035844,1.138533,2.186267,-12.705255
0.137365,-0.517259,0.034315,1.384844,2.424116,-10.418783
0.152067,-0.471058,-0.001736,0.902293,2.335119,-6.656061
0.164173,-0.445774,0.009273,0.907601,3.060321,-4.179343
0.161265,-0.429798,0.028121,1.047813,0.576093,-2.376410
0.134155,-0.406007,0.026092,1.471858,-0.278700,-0.964772
0.142768,-0.396478,0.012382,0.964863,-1.231713,1.207386
0.146996,-0.359101,-0.006341,1.137473,-0.529744,-0.054601
0.119722,-0.367882,0.015116,1.819856,0.180723,-1.422299
0.118626,-0.344051,0.010028,2.063629,-1.010336,-0.615154
0.118629,-0.293426,0.012106,1.628371,-0.958532,0.318877
0.128588,-0.246326,-0.003775,1.022066,0.880825,1.055000
0.158146,-0.205588,-0.001917,1.954990,2.818894,1.623104
0.145460,-0.216367,0.037410,2.027375,1.674610,3.228368
0.149340,-0.185864,0.051246,1.195484,1.218371,4.570748
0.113105,-0.152977,0.003027,1.211292,1.717899,4.058515
0.105092,-0.152160,-0.006630,1.724681,3.687930,2.207282
0.115796,-0.128185,0.007419,1.726552,2.768624,0.551436
0.115573,-0.108428,0.018812,2.510251,1.674154,-0.056170
0.091542,-0.071707,-0.023804,1.543418,0.393202,0.890721
0.050699,-0.085792,-0.009348,1.070501,-0.008568,0.810202
0.080648,-0.090663,-0.012164,1.264628,0.689327,1.250676
0.182988,-0.033952,-0.055434,2.787141,11.818965,2.927044
0.102506,-0.045241,0.002327,1.059984,-1.204751,2.901625
0.045857,-0.056490,-0.021014,0.010169,-2.555580,1.106708
-0.006123,-0.052344,-0.025307,-0.175614,-1.371558,-0.421754
0.017228,-0.018735,-0.003729,0.352990,-0.832388,-2.733639
0.038354,0.034214,-0.011062,-0.090921,-1.324439,-4.067668
0.022230,0.037362,-0.029401,-1.437574,0.334056,-2.545710
-0.007029,0.041042,-0.034006,-1.838556,0.851854,-0.916439
-0.027246,0.044875,0.006431,-1.056079,1.512543,-0.572171
0.013880,0.091588,-0.026463,-1.396028,1.934083,-0.471744
0.031139,0.106188,0.001871,-2.643177,1.591177,-1.625452
0.030778,0.111752,-0.021562,-2.964994,2.512127,-2.109635
0.007312,0.130022,-0.017636,-1.927491,2.462579,-3.064127
-0.016808,0.132215,0.002817,-1.789609,1.079665,-2.818394
0.026727,0.170905,-0.008875,-2.075466,0.471777,-1.870070
0.024459,0.194355,-0.018142,-2.538444,-0.125643,-0.525383
0.006783,0.213668,-0.035844,-1.294903,0.025720,1.289985
-0.029698,0.223355,-0.008022,-1.057188,-2.176973,4.733631
-0.028276,0.217568,-0.002544,-0.953578,-3.944550,6.694209
-0.004105,0.264822,-0.045701,-1.001157,-1.676966,6.911858
-0.005152,0.284904,-0.032040,-0.014584,-0.952808,5.629540
-0.038925,0.275519,-0.020781,0.759090,-1.806196,5.225353
-0.076827,0.251137,0.014433,0.705231,-2.299776,5.942007
-0.038560,0.263115,-0.003922,0.371158,-0.911219,7.405148
-0.013676,0.268196,-0.009588,1.414954,1.262720,6.616044
-0.040293,0.227294,0.003283,1.895926,1.139661,5.729293
-0.045791,0.221586,-0.013070,2.340368,2.126743,5.745410
-0.035048,0.223910,0.002446,1.421331,2.035228,6.702234
-0.016302,0.210816,0.004435,1.283282,2.042614,6.405266
-0.024101,0.166726,0.017151,2.598831,2.128880,5.509426
-0.037900,0.122525,0.014620,2.538572,1.090490,5.760648
-0.039341,0.109448,0.013432,1.471618,-0.561459,5.942229
-0.032931,0.060372,-0.019212,1.367949,-0.514816,5.262417
-0.025119,0.011207,-0.028134,1.991665,1.285011,4.147623
-0.037063,-0.055364,0.020778,1.692776,-2.387154,3.521298
0.002634,-0.088664,0.010767,1.486639,-2.605354,3.104728
-0.015852,-0.140973,-0.017177,0.543292,-1.855160,1.270272
-0.031700,-0.248617,-0.005892,1.379001,-1.306802,-0.443732
-0.018429,-0.299974,0.003069,1.609215,-1.490346,-1.401590
-0.015173,-0.327869,0.036970,0.550087,-1.565970,-3.094852
-0.009914,-0.362945,-0.002350,-0.257504,0.436822,-6.225248
-0.016666,-0.413632,0.003079,0.416394,1.735641,-9.128293
-0.027843,-0.478083,0.014134,0.196779,1.536331,-9.343942
0.018610,-0.483276,0.008538,0.015674,2.275487,-9.181267
-0.002401,-0.512289,0.038093,-1.801175,-0.634185,-10.703840
0.022815,-0.528639,0.018444,-1.026192,3.425614,-12.111973
0.013351,-0.547736,0.020814,-0.719780,2.136755,-13.093465
-0.001554,-0.564985,0.050441,-1.014021,0.590670,-13.669109
0.048671,-0.557968,0.005118,-1.565529,1.057761,-13.251306
0.048618,-0.541362,-0.004237,-1.242413,-0.823260,-12.532918
0.000113,-0.519130,0.003043,-1.197739,-1.425436,-10.744213
-0.009941,-0.497003,0.014125,-0.269590,-1.617977,-8.807115
-0.031687,-0.465829,-0.012099,-0.544639,-2.411110,-6.709154
-0.030584,-0.448925,0.001001,-1.232848,-2.112299,-5.294952
0.001994,-0.405406,0.003992,-0.814790,-1.766133,-4.350128
-0.019831,-0.340388,0.013343,-0.081017,-2.163440,-4.634552
-0.029845,-0.287321,0.013905,-0.112010,-0.535570,-4.955073
-0.016886,-0.208319,-0.033418,-0.070875,0.536316,-4.408148
-0.026153,-0.158852,0.015933,-0.338679,0.549174,-4.037525
-0.030499,-0.110578,0.027691,0.775492,1.387512,-2.368080
-0.069061,-0.044364,0.007448,0.416173,1.488663,-0.176456
-0.108854,0.009763,0.019580,0.132659,1.124234,1.600577
-0.104242,0.105985,0.003906,0.258590,1.923261,4.067312
-0.101547,0.167215,0.015690,1.306154,1.402358,4.900546
-0.120503,0.190150,-0.002921,1.326702,0.308259,7.164309
-0.103723,0.246860,-0.016921,0.962059,-0.265557,9.892967
-0.092832,0.277499,-0.000771,1.348353,-0.811276,11.922900
-0.077346,0.310783,0.002035,2.116260,-1.756260,13.042523
-0.083713,0.332631,-0.009690,2.428862,-1.736007,13.546161
-0.114004,0.313021,-0.001907,1.783821,-2.692546,14.646523
-0.084787,0.321300,0.004507,1.554129,-2.347535,13.807348
-0.070859,0.313464,0.000099,2.894276,-1.177432,11.278406
-0.092271,0.289956,0.026302,2.539999,-1.885887,8.780936
-0.065919,0.308495,0.017368,1.427742,-1.885220,7.519176
-0.060103,0.300397,-0.010993,1.538852,0.243162,5.736539
-0.042214,0.260502,0.025570,1.675573,0.564036,4.685979
0.002142,0.243040,0.022055,1.268179,1.137321,5.680434
0.004768,0.194295,0.013540,0.200330,2.189917,6.957694
0.011034,0.164767,-0.010051,0.178932,2.683431,6.258811
-0.008880,0.126375,0.030212,0.446096,1.803620,3.480436
0.003678,0.044711,0.036235,-0.353273,0.439140,1.476026
0.090085,0.026891,0.043168,-1.163493,0.849152,0.876132
0.091116,-0.022713,-0.008846,-1.487929,1.383990,-1.023654
0.047568,-0.083478,0.028032,-1.135570,-0.468917,-2.820005
0.060166,-0.140799,0.034958,-1.404943,-1.187804,-2.668946
0.105870,-0.158912,0.021513,-1.620727,-3.136794,-1.675085
0.141728,-0.180910,0.021366,-2.467678,-1.020396,-1.968987
0.148634,-0.219837,0.008695,-1.781491,-0.470230,-3.325372
0.109238,-0.273416,0.009631,-1.265137,-0.869851,-4.854310
0.101386,-0.295514,0.024156,-1.805656,-0.430611,-6.027936
0.143825,-0.284360,-0.008984,-2.014255,0.595256,-8.355408
0.159916,-0.298110,-0.006364,-1.247596,2.009619,-10.384579
0.158750,-0.332622,0.051150,-1.035439,0.964602,-9.131113
0.181186,-0.318376,0.015198,-0.611827,2.402474,-6.336221
0.205962,-0.316918,-0.005698,-0.604996,3.555969,-4.319457
0.179620,-0.338691,0.038959,-0.645209,2.333917,-4.755549
0.183733,-0.344113,0.026483,0.672119,2.224458,-3.755341
0.196256,-0.293807,0.002252,0.739815,1.719287,-2.911350
0.181993,-0.278140,0.024136,0.686660,0.463269,-3.127742
0.182502,-0.285233,0.007727,1.056597,0.663859,-2.062965
0.160887,-0.286713,0.024806,2.590040,-0.139485,0.236502
0.138698,-0.264685,0.005955,2.319272,-1.165204,2.679361
0.165122,-0.238701,-0.005865,2.276499,-1.025980,3.677935
0.168365,-0.240861,0.001369,2.466880,-0.668732,2.668099
0.151119,-0.255730,0.003782,3.442893,-0.221526,1.431473
0.135737,-0.228237,-0.012378,3.818762,-0.549590,1.084233
0.096246,-0.219545,0.008906,3.254163,-1.365952,-0.722468
0.062644,-0.226858,-0.006758,2.701528,0.031310,-0.303544
0.110489,-0.220122,-0.011081,3.166453,2.431563,1.611074
0.114687,-0.217477,0.002196,3.221099,2.040254,3.032242
0.042509,-0.247905,0.028587,2.892402,1.568167,2.779788
0.041948,-0.241409,-0.010917,1.742325,2.561443,2.628648
0.074228,-0.194418,-0.015693,0.930735,3.475444,-0.610128
0.096217,-0.174007,-0.000354,0.186285,2.669767,-2.704051
0.073125,-0.173315,0.016064,0.331966,-0.173366,-2.753298
0.022060,-0.173515,-0.016189,0.118259,0.565120,-0.976321
0.006728,-0.171411,0.007241,-1.160063,-0.011486,0.814112
0.070121,-0.142618,-0.027402,-1.502060,1.347958,1.598592
0.059880,-0.142017,-0.023925,-0.724937,-0.674296,-0.203687
0.017606,-0.176427,0.018979,-0.721260,-1.873144,-0.916393
0.008910,-0.170338,-0.041244,-1.730377,-1.645517,-1.903794
0.039411,-0.129642,-0.048045,-1.452817,0.007735,-4.274273
0.052235,-0.113391,0.007110,-1.391196,-1.640826,-6.468705
0.047991,-0.104669,0.003348,-1.041121,-0.990963,-5.825583
0.021748,-0.076421,-0.023617,-1.964290,-0.721379,-3.575252
0.011218,-0.049724,-0.020292,-1.699653,0.622674,-2.465815
0.011402,-0.037389,-0.009279,-1.058931,1.139412,-3.353705
0.013932,-0.017166,-0.005577,-0.451716,1.436246,-4.438062
-0.008418,0.040497,0.007973,-1.148132,0.338392,-4.714027
-0.036614,0.087160,-0.016826,-1.355352,1.512431,-5.123575
-0.046320,0.116416,-0.021549,-1.362061,2.618409,-3.441096
-0.030554,0.147078,-0.006867,-0.467850,1.053159,-1.048907
-0.049698,0.207642,0.005098,-0.631706,-0.974492,1.849398
-0.088732,0.248662,-0.009328,-0.468654,-0.646520,4.566537
-0.133416,0.233031,-0.021707,-0.619662,-0.922961,5.709718
-0.092547,0.234706,-0.022350,-0.144119,-1.198118,5.417480
-0.069586,0.261546,0.004425,0.735407,-2.595182,4.238001
-0.087472,0.302147,0.006611,0.348168,-1.883865,3.615499
-0.108197,0.325665,-0.024021,-0.232230,-1.515664,3.662933
-0.108814,0.349824,-0.042711,-0.280682,-0.741540,5.606537
-0.074437,0.374084,-0.001841,0.658978,-0.696341,9.204176
-0.087813,0.383774,0.016954,0.000663,-0.999336,13.717175
-0.101741,0.369266,0.013137,-0.137042,-0.629100,15.489308
-0.127632,0.345878,-0.024447,-0.084888,0.713082,13.297754
-0.120913,0.326046,0.019386,0.786820,0.440653,9.188981
-0.081898,0.296586,0.016215,1.352791,0.912927,5.255100
-0.071444,0.253504,0.001428,1.273920,0.936527,2.911774
-0.092908,0.211866,0.005420,0.729173,0.259098,2.357955
-0.057759,0.197640,-0.015975,0.866324,1.585800,3.934701
-0.043658,0.171903,0.019002,1.018813,0.208565,5.654178
-0.025650,0.103290,0.022948,1.732881,0.396100,8.206784
-0.035314,0.047232,0.020108,1.396526,-0.562907,10.168381
-0.019463,0.006320,-0.003696,0.830713,-1.003807,9.421426
-0.022286,-0.047955,-0.019658,1.094450,-1.330137,3.338512
-0.024098,-0.128434,0.017847,1.115805,-1.301632,-1.515492
-0.028129,-0.199916,0.035277,1.789244,-1.169491,-3.819688
0.008031,-0.247813,0.035073,1.102764,-1.786137,-4.772126
0.042148,-0.294821,0.021763,0.655687,0.223182,-5.650854
0.063359,-0.355001,0.007107,0.305303,2.070886,-6.278994
0.083583,-0.412900,0.042505,0.882910,1.679938,-6.560616
0.080966,-0.449319,0.045705,0.404797,0.860484,-7.344502
0.100825,-0.498434,0.047878,-0.113306,1.925562,-8.851206
0.145808,-0.523610,0.017771,-0.591548,3.413094,-10.340477
0.135461,-0.528176,0.017798,-0.993367,1.899310,-12.145802
0.114401,-0.538434,0.037952,-0.573357,1.934113,-14.564419
0.105765,-0.569735,0.037568,-0.556518,0.965807,-13.957515
0.140946,-0.552863,0.024205,-2.254720,0.695876,-11.679965
0.119489,-0.533628,0.013219,-2.013960,0.026994,-10.546322
0.075504,-0.527411,0.042770,-1.209060,-0.541321,-9.264229
0.074267,-0.494544,0.026824,-1.762938,-1.821626,-6.812093
0.076204,-0.464313,0.019928,-2.276082,-1.240651,-4.895802
0.043008,-0.444773,0.009598,-2.227508,-1.224229,-4.508321
0.031533,-0.411640,0.018451,-0.683587,-0.077227,-4.257641
0.020822,-0.350951,0.011850,-0.333502,-0.233419,-3.876328
0.027023,-0.290350,0.021727,-0.916089,0.332576,-3.477062
0.040044,-0.250715,-0.011249,-0.361121,2.183267,-2.483777
0.040464,-0.207886,-0.016110,1.035560,2.769746,-1.382644
0.023494,-0.180973,0.038884,1.594930,2.716216,0.475157
0.043908,-0.133873,0.033117,2.079841,1.245530,3.122067
0.053115,-0.038951,0.010156,1.666382,2.504046,4.386694
0.014809,-0.008018,0.003398,2.416865,2.345009,4.415457
-0.012842,0.010118,0.013547,3.409829,0.552282,5.699944
-0.009117,0.031723,0.034735,3.457487,-0.420163,7.579813
-0.000277,0.092238,-0.002649,3.483083,-0.802653,8.322471
-0.022420,0.131338,-0.024454,3.270174,-0.033164,7.964225
-0.016036,0.130793,0.000601,3.092017,-2.043125,7.944715
0.004794,0.126815,0.013826,3.853398,-1.095059,9.541556
-0.013614,0.138573,-0.003637,3.146791,-1.509621,11.362177
0.015009,0.150196,-0.016162,2.248693,0.189281,10.757745
0.031602,0.162643,-0.011265,1.783427,0.506006,9.202746
0.042332,0.180614,0.015063,1.764189,0.810804,8.295220
0.052074,0.188856,0.012201,0.284275,-0.010699,7.202608
0.029265,0.149375,-0.006446,-0.202691,1.237842,6.423501
0.053568,0.102689,-0.021615,-0.270956,2.773232,6.566600
0.095416,0.087055,0.011006,0.458691,2.598964,4.463250
0.064584,0.054939,0.016150,-0.511496,1.037948,2.929603
0.034828,-0.001006,0.007704,-1.234624,-0.996865,1.123136
0.052980,-0.044440,-0.030782,-1.455460,1.113763,-0.344469
0.084705,-0.072268,-0.004047,-0.967798,0.528215,-2.680127
0.118042,-0.072839,-0.002790,-1.067305,-0.827616,-4.460541
0.086287,-0.097254,0.013596,-1.717408,-3.471570,-5.224131
0.061912,-0.138961,-0.035568,-1.820992,-1.132117,-2.074493
0.080225,-0.146238,-0.036090,-0.715591,-0.545247,0.476379
0.083202,-0.184075,0.009079,-1.041124,-1.855081,1.915457
0.092810,-0.224327,-0.018729,-0.950003,-0.475695,1.629485
0.070515,-0.250528,-0.022488,-1.147101,-0.152198,-1.724210
0.063494,-0.258491,-0.007123,-0.008003,0.567618,-5.834890
0.095005,-0.241908,-0.013231,-0.058588,1.158237,-9.272658
0.102959,-0.256000,0.001244,-0.419164,2.623734,-10.368414
0.111057,-0.269159,-0.027743,-0.036209,3.347492,-8.530951
0.106825,-0.242610,0.000030,0.767913,2.834873,-5.398519
0.094477,-0.239932,0.016642,0.137248,1.403681,-1.347835
0.093683,-0.243500,0.012030,-0.324476,1.636639,1.283470
0.091168,-0.238445,-0.004960,-0.030638,0.683645,1.478870
0.111723,-0.211930,0.004510,1.363436,1.164546,-0.421725
0.085897,-0.188870,-0.001414,0.666492,-0.670246,-1.790200
0.073968,-0.197644,-0.014433,0.971414,-0.447270,-1.759542
0.077057,-0.171936,-0.049863,0.860727,-0.388064,0.807591
0.084420,-0.178005,-0.004825,1.645335,-0.831633,3.533243
0.097310,-0.176784,0.006703,2.012538,-1.159857,5.696272
0.086323,-0.188601,0.011975,1.676443,-2.922333,5.803802
0.106497,-0.176105,-0.015903,1.624715,-0.283003,5.280476
0.109977,-0.144987,-0.050303,1.471234,1.038395,2.140671
0.076118,-0.152626,0.012966,1.345379,0.789025,0.476281
0.084794,-0.151293,0.015795,2.072817,1.728734,1.082770
0.080829,-0.143185,0.001241,1.902721,1.509559,2.636034
0.088546,-0.157004,-0.005252,1.535830,1.654144,2.950163
0.055698,-0.184895,-0.015332,1.385330,2.391009,1.987460
0.027410,-0.217227,0.008134,2.641598,1.035375,0.867892
0.039017,-0.197401,0.000834,1.866351,0.998254,-1.248707
0.025542,-0.186950,0.030501,0.826275,-1.140294,-4.506856
0.034208,-0.194001,-0.026486,0.444041,0.700012,-5.671170
0.023005,-0.210617,-0.001096,0.764407,0.810640,-3.509379
0.029806,-0.194211,0.020538,0.390813,-0.527473,-0.868328
0.018124,-0.187784,0.004458,0.483979,-1.369497,0.829710
0.012537,-0.207735,-0.002130,-0.689040,-1.325515,0.696630
0.010968,-0.197073,-0.033507,-0.344860,0.151014,-1.970598
-0.005608,-0.192836,0.022436,-0.872607,-0.881175,-5.107999
0.028700,-0.158340,0.006509,-1.090147,-0.044235,-7.717312
0.005779,-0.146547,-0.006568,-2.217468,-0.578442,-8.465082
0.015206,-0.140645,0.002065,-2.105825,0.623248,-7.336458
0.004965,-0.106294,0.000883,-1.721337,0.677533,-5.362176
-0.027610,-0.106104,0.034909,-1.265915,-0.300292,-3.965039
0.007131,-0.062385,0.003969,-1.796186,0.947921,-2.067527
-0.007820,-0.021079,-0.001119,-2.344088,0.598962,-2.467233
-0.000976,0.024675,-0.004306,-2.263392,2.244386,-3.336919
-0.037149,0.024577,0.024362,-1.437688,0.220080,-4.446161
-0.024285,0.034181,0.021103,-0.974714,0.391758,-2.106215
0.000934,0.088634,0.013366,-1.359859,-0.359553,0.586554
0.015876,0.129937,0.007317,-0.952200,-0.122952,1.684060
-0.010738,0.167127,0.020282,-0.116117,-0.159186,2.255430
-0.020707,0.169428,0.024143,0.273719,-1.103157,3.783943
0.003951,0.205676,0.002521,1.192362,-0.384953,4.891392
0.002687,0.244779,0.017335,0.315084,-0.926854,5.449830
-0.020799,0.260863,-0.015158,1.052418,-0.442451,5.735257
-0.067882,0.249995,0.035746,0.599438,-2.125114,6.136134
-0.052130,0.278116,0.045554,1.667268,-0.662512,8.553198
-0.030978,0.288981,0.039550,1.602076,-0.516335,9.159120
-0.020458,0.270067,0.031302,1.467095,0.205003,9.567347
-0.057073,0.248813,0.017935,1.124648,1.286593,8.101889
-0.046162,0.234003,0.021346,2.082654,1.685012,7.209423
-0.024124,0.231295,0.037722,2.196584,0.813347,6.599199
-0.041124,0.186191,0.051830,2.012650,0.617563,6.219933
-0.041423,0.145361,0.026384,1.225245,1.167598,6.896651
-0.028972,0.132595,0.018946,1.090143,0.506948,6.609300
-0.005421,0.099262,0.020515,0.677134,0.768657,6.000723
0.008477,0.061734,0.026056,1.660293,0.771027,5.435435
0.004174,0.001144,0.050218,0.746777,-0.496565,5.637877
0.034556,-0.038915,0.030694,0.230841,-1.098249,4.664175
0.060376,-0.086668,0.031814,-0.149194,-0.843046,1.510928
0.079368,-0.154910,0.010537,-0.196283,0.317644,-1.385844
0.081350,-0.217119,0.029125,0.533777,-0.426616,-4.180584
0.095127,-0.269510,0.035336,0.261315,-1.549085,-4.070713
0.134237,-0.289717,0.006165,0.205379,0.127653,-4.456074
0.137273,-0.353262,0.022675,-0.861775,-0.001222,-5.456127
0.148361,-0.387704,0.021943,-0.839395,1.055467,-7.256683
0.149070,-0.403437,0.032552,-0.271835,1.412701,-7.440243
0.150068,-0.421677,0.025094,-0.867292,0.966375,-7.688185
0.158353,-0.437735,0.008820,-1.437495,1.006910,-8.117774
0.187226,-0.465275,0.011591,-1.120624,2.588352,-7.908495
0.167216,-0.475365,0.010612,-0.337303,1.572464,-8.645928
0.143855,-0.507595,0.013960,0.258141,1.557371,-9.191679
0.157588,-0.499163,-0.007654,-0.183945,0.974522,-8.518300
0.156998,-0.482330,0.019061,-0.632253,0.253633,-7.988980
0.149271,-0.449063,-0.029253,-0.281623,0.855163,-7.475696
0.106724,-0.474003,0.015021,0.812646,0.046934,-7.353616
0.085138,-0.464956,0.019452,0.584326,-2.464981,-5.189895
0.095193,-0.442564,-0.001556,0.688642,-0.516522,-4.026714
0.115885,-0.381185,-0.033133,0.339076,0.586075,-3.211875
0.098193,-0.356501,-0.022068,0.790628,0.753233,-3.456801
0.073693,-0.358960,-0.003430,2.019444,0.752481,-2.563870
0.071398,-0.290577,-0.027585,1.917009,0.637219,-1.079890
0.066225,-0.256915,0.025698,1.084146,-2.183279,0.365877
0.090036,-0.209917,-0.024076,0.884088,1.420740,2.038260
0.072173,-0.185217,-0.030887,1.026520,1.542252,2.556317
0.073502,-0.156138,-0.027027,1.526974,1.414907,4.410336
0.056460,-0.121912,-0.014347,2.182145,1.377320,3.715735
0.069783,-0.110597,-0.026427,1.970286,0.545389,4.623885
0.080812,-0.067722,-0.024602,1.304336,0.546827,4.723415
0.066734,-0.039746,-0.045478,1.254344,1.125586,4.626602
0.064433,0.002624,-0.031052,1.400458,0.431078,4.680693
0.038823,0.001744,-0.023876,1.359789,-0.406380,6.293299
0.069025,0.024659,-0.033445,1.512593,-0.802190,8.799691
0.051520,0.044931,-0.008623,0.949911,-1.545412,9.438007
0.031070,0.047229,-0.051360,0.689170,-0.221858,8.090351
0.040773,0.033259,-0.047096,1.325179,2.953077,7.071860
0.048329,0.010840,-0.016031,1.478712,-0.365671,5.581705
0.056401,0.015731,0.004684,1.610183,-1.144512,3.558512
0.039739,-0.008464,-0.030494,1.261076,0.664180,2.380933
0.035259,-0.029308,-0.030329,0.815758,0.536743,2.078069
0.056351,-0.053860,-0.023876,0.937471,0.630581,2.300409
0.084705,-0.068369,-0.021903,1.695497,1.247890,1.272987
0.053525,-0.083458,-0.004854,1.749542,1.562013,-0.710342
0.025989,-0.125493,-0.007553,0.823600,1.224883,-1.999248
0.051336,-0.126780,-0.019373,0.112046,0.560272,-2.306723
0.079168,-0.136880,-0.007231,-0.280498,0.550894,-4.537143
0.082434,-0.167390,-0.009325,0.306465,0.315451,-5.357116
0.038639,-0.180743,0.000309,0.201968,0.072524,-4.238126
0.023383,-0.192212,0.004149,-0.941600,-1.473632,-3.327903
0.071582,-0.174385,-0.031600,-1.340893,-0.693206,-4.536135
0.068089,-0.188007,0.010970,-1.998431,-0.728995,-4.768600
0.056233,-0.204958,0.015113,-1.385012,-1.076562,-3.622868
0.004361,-0.182374,0.001274,-1.762774,-0.439845,-2.764338
0.013086,-0.168001,0.001202,-2.238580,-0.240926,-1.951242
0.063336,-0.154946,-0.008826,-2.461116,0.265880,-2.001229
0.038856,-0.168414,0.038625,-1.478584,0.807633,-1.934609
0.018351,-0.166313,0.026197,-1.192621,1.083647,-0.962115
-0.013194,-0.136873,0.003338,-1.026625,0.930518,-0.765133
-0.005142,-0.118610,0.028416,-1.938549,0.779601,-0.992649
0.043061,-0.091923,0.021333,-1.270737,1.416857,-1.834459
0.009550,-0.068388,0.035326,-0.183889,1.516659,-1.108913
-0.033381,-0.078872,0.053360,1.171223,-0.249135,1.135421
0.002989,-0.079693,0.024546,1.700496,0.699542,2.621526
0.033571,-0.057373,0.062823,1.185958,-1.651288,3.370100
0.064630,-0.031835,0.032631,1.610607,0.967862,3.089636
0.032377,-0.037333,0.040512,2.562822,-0.430956,2.215023
0.026983,-0.073315,0.039166,3.159652,-0.414750,2.894334
0.064679,-0.048576,0.064947,3.862041,-0.764596,3.522373
0.085979,-0.030896,0.045314,3.629579,-1.094983,4.419310
0.044968,-0.044692,0.026637,3.603785,-0.956927,4.513544
0.004702,-0.091809,0.049916,3.116806,-0.918053,4.132095
0.052852,-0.088300,0.055237,3.924808,-1.296023,4.022880
0.074946,-0.099335,0.072598,3.326081,-0.249467,2.053472
0.080809,-0.137067,0.041119,2.762884,0.751454,-0.161668
0.071654,-0.136929,0.012756,1.422484,1.835413,-1.793868
0.057799,-0.143415,0.046056,1.501827,1.807056,-3.691266
0.065657,-0.151844,0.054673,0.925552,1.366130,-4.902311
0.079036,-0.158613,0.056806,0.397516,2.187573,-4.521003
0.074940,-0.185427,0.048741,-0.670386,1.462397,-3.617971
0.062490,-0.190620,0.018599,-1.868567,1.131278,-2.975355
0.044341,-0.178179,-0.005048,-2.345703,1.046049,-4.750160
0.013135,-0.181997,0.033941,-2.961107,-1.456373,-5.778539
0.037540,-0.188286,0.019180,-2.554505,0.145588,-4.804147
0.062280,-0.152800,0.016028,-3.697365,-0.624442,-3.680085
0.012872,-0.168047,0.006755,-3.908645,-0.989377,-3.672280
-0.021137,-0.193863,-0.020485,-3.192949,0.321116,-4.669354
0.018948,-0.175704,0.001274,-2.296525,-0.302629,-5.101306
0.042345,-0.135994,0.031239,-2.588636,-2.383357,-6.508261
0.025214,-0.122956,-0.007546,-2.421406,0.296432,-8.648997
-0.000228,-0.119686,-0.030589,-1.579329,1.170309,-8.632953
-0.020599,-0.086484,0.010537,-0.887805,0.663655,-6.991277
0.047420,-0.000071,0.022826,-1.000770,0.118816,-5.112612
0.080152,0.058924,0.008036,-0.487521,1.826639,-3.669977
0.016460,0.064564,-0.033287,-0.426990,3.884160,-1.554063
0.009488,0.099764,-0.006558,0.583676,1.530944,0.819675
0.054339,0.128361,-0.002961,1.394701,0.618387,1.842235
0.080694,0.174361,-0.011144,0.977890,1.113198,1.463425
0.054126,0.204560,-0.021378,1.158556,0.332480,2.264684
0.037536,0.208105,-0.026151,1.931944,-0.584935,4.016928
0.019280,0.247376,-0.016117,2.503866,-2.438357,6.245973
0.065900,0.258109,-0.003653,2.238862,-1.007897,7.709396
0.099266,0.262275,-0.046387,2.104617,0.730623,8.985238
0.045240,0.264238,-0.015286,2.070709,-1.226648,8.874317
0.043593,0.277932,-0.001703,2.184282,-2.025318,8.115785
0.052534,0.268423,-0.037846,1.444515,-0.753767,8.314819
0.070587,0.263722,-0.058982,0.688002,0.978280,8.453171
0.069376,0.266414,-0.032683,1.060096,0.930229,7.678151
0.049442,0.229155,-0.024611,0.846120,1.194983,7.582691
0.034215,0.179938,-0.029374,1.375262,1.833342,6.666874
0.052449,0.133902,-0.017584,0.452428,2.021032,6.867990
0.085818,0.105394,-0.019491,-0.083847,2.077385,5.520812
0.080451,0.077972,-0.067615,-0.799839,2.553519,2.480621
0.061039,-0.011143,-0.016681,0.286317,2.209326,0.009368
0.103861,-0.059792,-0.010641,0.182615,0.913908,0.320673
0.106822,-0.084262,0.009299,-0.531105,0.357023,0.158547
0.106025,-0.098587,-0.037689,-1.150958,0.094937,-0.621186
0.111171,-0.125257,-0.048665,-2.090280,0.209806,-1.253998
0.105358,-0.167728,-0.015142,-1.388334,-0.886552,-2.179760
0.109898,-0.194365,-0.008055,-0.767868,-1.574298,-3.529797
0.104964,-0.237933,0.002111,-0.753477,-1.540440,-3.793117
0.126619,-0.279279,-0.031977,-1.346039,-0.877525,-3.948468
0.126684,-0.310741,-0.020938,-1.212664,0.046678,-6.067833
0.145693,-0.309441,-0.012952,-0.092657,1.067041,-8.511304
0.155786,-0.336216,0.005511,0.047618,0.810489,-9.928447
0.127351,-0.389674,0.030694,0.155663,1.051177,-10.514540
0.164019,-0.367996,0.004034,-0.242402,1.739724,-9.259010
0.188489,-0.354095,0.009529,-0.231504,2.955654,-9.376111
0.178071,-0.370688,0.011705,0.312623,2.252904,-8.458807
0.150974,-0.338149,0.026565,1.070492,1.682813,-7.952967
0.144948,-0.323756,0.027143,-0.155430,-0.222491,-5.628515
0.167114,-0.308972,0.010904,-0.592628,1.373424,-5.014974
0.135064,-0.284534,0.010297,0.822743,0.355795,-4.389047
0.109294,-0.266014,0.040450,1.163706,-0.383974,-2.882119
0.105371,-0.253259,0.038467,0.315219,-2.032480,-0.914113
0.073647,-0.211733,-0.005859,0.698916,-1.728300,-0.843387
0.051457,-0.229484,0.003063,1.152438,-0.278516,-1.314565
0.078196,-0.236223,0.031561,1.943653,-0.696003,-1.215126
0.070610,-0.194109,0.052736,1.686395,-2.567485,-1.260687
0.054979,-0.156978,0.047727,1.454625,-0.440239,-0.634724
0.053125,-0.118662,0.010383,0.561372,1.192482,0.577976
0.058780,-0.090929,0.028321,0.887148,1.346110,2.705072
0.040353,-0.061994,0.045774,0.426986,1.387771,4.558849
0.022743,-0.035203,0.047162,1.261011,1.850385,5.694933
0.002927,-0.018456,0.027904,0.687336,1.688524,6.399341
0.010404,0.012232,0.032431,-0.336880,0.797644,6.374210
0.054467,0.034621,0.024704,0.301600,1.884916,5.157637
0.073338,0.047764,0.003220,-0.780630,1.183173,3.768703
0.047518,0.021019,0.026447,0.621969,1.076931,3.017487
0.025716,0.024751,0.044586,1.102236,-0.224694,5.241483
0.064735,0.055652,0.036947,1.083874,-1.131359,5.578725
0.071454,0.054890,-0.000666,0.210844,-1.799946,5.833889
0.009334,0.007429,-0.005380,0.427275,-2.471845,4.825953
-0.020152,0.001754,-0.003272,1.627495,-1.258862,3.048535
-0.040533,-0.008202,0.051889,1.605722,-3.266300,-0.308511
0.001164,0.023789,0.033612,0.703800,-2.806614,-1.656871
0.006071,0.016669,0.013622,0.343458,-0.673430,-2.958148
-0.007689,-0.013050,0.036238,1.695704,1.037522,-2.705046
-0.004190,-0.002250,0.024093,0.699139,0.843638,-1.398383
0.005539,-0.004660,0.041362,-0.058155,1.476193,-0.923771
0.011996,-0.010161,0.035871,-0.307565,2.649235,-2.645952
0.019037,0.004675,0.006234,-1.223877,3.235350,-4.703730
-0.027505,-0.022375,0.016636,-1.177952,2.155684,-6.990139
-0.043001,-0.029685,0.020752,-0.902674,1.393479,-7.117922
-0.039023,-0.028155,0.030849,-1.192887,0.888043,-5.810204
-0.021820,0.008549,-0.006476,-1.805305,0.277998,-3.601638
-0.024498,0.039594,-0.042064,-2.800065,-1.171815,-1.135109
-0.046802,0.008555,-0.012683,-2.743049,-2.241929,1.264689
-0.056331,-0.009629,-0.011541,-1.725768,-2.187881,2.908029
-0.070072,0.007948,-0.007385,-1.243542,-2.418157,2.317846
-0.072868,0.014628,-0.016579,-1.416779,-2.430614,-0.140369
-0.062240,0.010479,-0.021490,-0.780413,-1.894789,-2.162850
-0.058869,-0.013316,-0.019465,-0.870040,-0.752940,-1.777761
-0.070777,-0.019303,-0.007224,0.982627,0.377617,-0.429401
-0.058078,0.003005,-0.022675,1.286433,0.781974,1.019500
-0.032215,-0.005198,0.009641,0.774996,1.028748,1.194035
0.025654,-0.012167,-0.019576,1.000631,2.978467,1.460035
0.016913,-0.012564,-0.007329,2.298914,3.353219,0.612551
-0.020234,-0.029820,0.002580,2.384750,2.328390,-0.316248
-0.014116,-0.044755,-0.002573,2.061778,1.663236,-0.310733
0.018997,-0.003728,-0.031839,1.454688,1.117403,0.377270
0.047000,0.033761,-0.023410,1.415338,0.719194,0.257838
0.030460,0.013147,-0.000105,1.860755,-0.751256,2.584408
0.008139,0.001061,-0.007018,1.001675,-2.418295,5.492117
0.010591,0.007482,-0.023971,0.656257,-2.543983,7.727967
0.038646,0.013610,-0.037685,0.700291,-1.402200,6.646220
0.044814,-0.006285,-0.026643,0.626561,-2.205964,3.605782
0.026320,-0.061092,0.017696,0.832787,-2.882533,2.241680
0.006527,-0.079526,-0.014633,0.397802,-2.548942,2.482660
-0.001708,-0.080392,-0.017968,0.028997,-0.407362,-0.534716
0.009951,-0.101873,-0.026049,0.004900,2.042873,-2.899621
0.035813,-0.119824,0.007405,0.284069,1.692398,-3.659830
0.042926,-0.124173,0.012585,0.155853,1.556183,-3.617749
-0.002135,-0.157244,0.008101,-0.090369,2.232930,-3.437262
0.027157,-0.176394,-0.027329,-0.557736,4.573124,-3.542483
0.045460,-0.195934,-0.006778,0.134718,2.744481,-5.445821
0.073492,-0.203507,0.020292,0.547629,3.042025,-7.242565
0.053243,-0.199929,0.000772,0.267820,1.698802,-7.149452
0.046484,-0.247272,-0.016386,-0.090395,1.900399,-6.766940
0.047945,-0.268762,-0.013779,0.767460,-0.143037,-6.025233
0.048480,-0.257043,0.028121,1.135904,-1.217543,-5.677360
0.055117,-0.255435,-0.000042,0.829281,-2.319077,-5.917358
0.025477,-0.277371,0.003719,0.160376,-4.188455,-6.755073
0.017372,-0.284668,-0.015106,-0.268149,-2.294166,-6.406603
0.030565,-0.244869,-0.009348,0.389852,-1.830620,-7.710684
0.022752,-0.200608,0.022600,-0.292909,-2.652605,-7.859933
0.034746,-0.163940,0.019225,-1.051276,-0.620093,-6.235317
0.021101,-0.120799,-0.017114,-2.187706,0.974761,-4.607454
0.014415,-0.078104,-0.000728,-2.185333,2.444933,-3.522241
0.030604,-0.028293,0.003634,-2.203635,2.801652,-1.883835
0.062063,-0.011418,0.033402,-2.521864,3.159211,-0.379864
0.070706,0.048824,0.010497,-2.847985,3.320861,1.420741
0.026527,0.109215,-0.013159,-2.441918,2.473296,1.943980
-0.003803,0.133235,0.008958,-2.907456,2.112553,2.616718
0.049357,0.158277,0.034991,-1.541958,1.924673,5.018828
0.083500,0.228466,0.019393,-0.740955,0.250071,8.238257
0.048910,0.250074,0.018316,-0.540152,-1.559724,9.206592
0.037103,0.266900,-0.016944,0.547806,-0.240729,9.083113
0.018095,0.244244,0.023030,0.912934,-2.503839,9.884947
0.068519,0.266066,0.035805,2.214398,-2.988080,10.048331
0.062332,0.308498,0.035799,2.742808,-3.635794,10.395255
0.015360,0.266404,0.015493,2.923999,-2.752414,9.073098
0.015062,0.254193,0.013540,3.864762,-0.947825,8.080295
0.028621,0.247707,0.039393,4.542385,-0.640353,6.944505
0.049491,0.220437,0.038231,5.152584,0.900063,5.970665
0.024344,0.161803,0.038500,4.552580,2.041176,5.472010
0.054625,0.135632,0.007396,3.589664,2.951242,5.353275
0.063688,0.092064,0.043309,3.713904,2.648404,3.730097
0.056437,0.053022,0.046545,4.015065,3.961773,2.293557
0.033883,-0.008070,0.043627,3.311615,3.776418,1.001698
0.058790,-0.055397,0.028111,1.505415,2.359655,1.732235
0.078826,-0.072925,0.019209,0.842424,1.977783,1.577955
0.045835,-0.139145,0.042580,0.934119,-0.773646,0.819164
0.034228,-0.192511,0.034984,0.097098,-1.236702,0.781944
0.033959,-0.257135,0.046407,-1.043182,-2.193060,0.364668
0.079772,-0.303382,0.013547,-2.110680,-2.187759,-1.072517
0.067456,-0.368170,0.020591,-1.596447,-2.687199,-5.914163
0.042460,-0.450661,0.033192,-2.279112,-4.025409,-8.622293
0.050197,-0.476514,0.023709,-2.694376,-2.749644,-9.851442
0.060878,-0.483128,0.003900,-3.200141,-1.028139,-11.180714
0.073995,-0.481007,-0.019921,-3.030534,0.808408,-12.786848
0.052265,-0.518884,0.044779,-3.245983,0.900890,-11.555924
0.054700,-0.519304,0.017315,-2.944980,2.146825,-8.396871
0.044466,-0.472046,0.001070,-3.427505,2.550125,-7.604143
0.029967,-0.469227,0.009700,-3.295949,3.685872,-7.677175
0.033368,-0.464878,0.025016,-2.148362,2.951492,-6.937300
0.022224,-0.438523,0.016767,-1.475935,2.794227,-6.275163
0.014041,-0.404359,-0.000499,-0.701818,1.508962,-7.371006
-0.001620,-0.383204,-0.017091,0.013031,1.523999,-8.591834
-0.002558,-0.365951,0.019183,1.416362,-0.858224,-6.218860
0.007095,-0.298786,0.004395,2.200461,-1.202102,-3.663262
-0.001518,-0.238790,-0.012880,2.055085,-1.346231,-0.810308
0.004584,-0.223408,-0.011410,3.118339,-1.883661,0.706058
0.004469,-0.192717,-0.015069,3.909639,-2.298401,1.928224
0.017579,-0.145601,-0.011787,4.542461,-2.121165,2.157138
0.002933,-0.086219,-0.036550,4.182252,-1.498933,1.320332
-0.013578,-0.068884,-0.014347,3.823292,-0.499237,0.370935
0.015314,-0.010887,-0.017814,3.483815,-0.256668,2.205664
0.020199,0.035005,0.009894,3.692102,0.326700,3.323636
0.000264,0.056440,-0.037525,2.602395,1.865202,5.901909
-0.020655,0.063661,-0.035696,2.767006,3.273558,7.996604
-0.027764,0.041002,0.008295,2.491524,1.692952,9.428299
0.010932,0.082706,0.004533,2.032518,2.137877,8.878481
-0.036693,0.101550,-0.042589,0.013871,1.819264,6.731174
-0.083582,0.062801,-0.022859,0.812160,1.302838,4.695555
-0.045627,0.076013,-0.021713,0.279910,-1.163599,4.273920
0.000225,0.075478,-0.010966,-0.273441,-0.149464,4.100031
-0.025191,0.070373,-0.059399,-1.222216,-0.464627,4.138359
-0.088105,0.031483,-0.020069,-1.137431,-1.928962,5.105943
-0.086464,0.009245,-0.022987,-0.947529,-2.083768,5.522360
-0.040444,0.018593,-0.023387,-0.891724,-1.486138,3.501524
-0.047853,-0.015889,-0.012470,-1.320722,-2.183617,0.631615
-0.087741,-0.044909,-0.038772,-2.257665,-1.517466,-0.887537
-0.104705,-0.050355,-0.011577,-1.110147,-0.872513,-1.735293
-0.070840,-0.027345,-0.014269,-1.486068,0.031359,-1.961000
-0.023858,-0.025336,-0.015394,-2.192334,1.069772,-3.187424
-0.036167,-0.061574,-0.010123,-1.937738,1.959063,-2.658032
-0.052737,-0.073279,-0.006571,-0.706026,2.421923,-2.962934
-0.067698,-0.076007,0.012549,-0.794784,1.798210,-3.680079
-0.018058,-0.052807,0.010852,-1.684672,2.268236,-4.600618
0.030686,-0.027660,-0.015545,-1.550421,3.490215,-5.329333
0.015889,-0.027653,0.013166,-0.439168,1.198227,-4.619932
-0.017297,0.005102,0.011485,-0.485975,-0.970041,-2.057976
-0.047987,-0.002392,0.000568,-0.993246,-0.795507,-0.491668
0.013801,-0.006117,-0.020824,-0.264283,-0.158333,0.654573
0.033929,0.026395,0.013498,1.146739,-2.064284,0.757600
-0.001698,0.008312,0.035283,1.025220,-2.831108,0.096470
-0.012429,-0.029416,0.015720,0.914736,-2.179452,-0.751450
-0.009819,-0.030076,0.000850,1.001186,-1.885112,-1.961406
0.031539,-0.020324,0.048656,2.470930,-1.320434,-2.044293
0.063763,0.016633,0.040972,1.306367,-1.310879,-0.867253
0.021738,-0.004312,0.023910,1.216350,0.481362,1.097256
0.014110,-0.027955,0.033855,2.449654,2.575961,3.760959
0.051507,-0.008028,0.045990,1.931580,2.308482,4.698043
0.081065,-0.009840,0.054699,1.078898,1.456170,4.542995
0.062641,-0.033549,0.022692,0.472215,2.898858,3.341441
0.056660,-0.035344,0.025859,1.373070,2.843910,1.625093
0.066822,-0.041551,0.063597,1.026441,1.454001,1.923999
0.098856,-0.071809,0.036941,0.348624,0.757215,3.683666
0.090371,-0.100773,-0.011620,0.341032,1.141306,4.995690
0.053699,-0.116177,0.036255,0.717383,-0.999129,6.182768
0.062949,-0.138912,0.041635,0.716490,-2.376621,6.691779
0.057136,-0.159059,0.009063,0.784332,-2.078874,5.823939
0.057681,-0.216676,0.011072,0.426307,-0.897551,5.156193
0.089383,-0.256794,0.029782,1.005657,-1.542875,3.785293
0.091611,-0.264452,0.038854,1.724153,-1.688862,0.663362
0.085063,-0.302492,0.050103,0.769771,-0.836662,-1.185492
0.122906,-0.323680,0.029362,0.826295,1.252492,-1.918184
0.150820,-0.348335,0.026046,1.208561,2.025093,-3.159641
0.161938,-0.371440,0.059327,1.753616,2.710236,-5.042533
0.173649,-0.402616,0.028183,1.244303,3.381055,-5.347136
0.184849,-0.411374,0.011732,0.993338,4.019807,-5.990386
0.167498,-0.442255,0.034660,1.018403,3.785763,-6.946166
0.219226,-0.420397,0.046860,1.572951,3.006217,-8.064420
0.214890,-0.449171,0.038385,0.691255,1.562049,-7.772742
0.205988,-0.445449,0.016718,-0.132381,0.856476,-7.446127
0.176380,-0.409687,-0.005462,0.028531,0.797224,-8.458232
0.168667,-0.403791,-0.003676,0.755863,-0.727924,-8.277340
0.169891,-0.389667,-0.003860,-0.275462,-3.605228,-6.764007
0.138156,-0.368948,-0.005849,-1.347021,-2.281043,-5.257740
0.127659,-0.334496,-0.035959,-0.771186,-1.337358,-4.742131
0.105522,-0.311076,0.002800,-0.645656,-1.593435,-4.704817
0.153118,-0.281028,-0.003148,-1.414882,-1.465321,-4.086110
0.145913,-0.244862,-0.013701,-1.873166,0.454942,-3.986977
0.117684,-0.194089,-0.029762,-1.462369,3.436462,-3.934148
0.095626,-0.143162,-0.021707,-0.816881,2.968619,-3.213151
0.111953,-0.114060,0.011049,-1.358230,2.824944,-1.014039
0.128319,-0.076585,-0.030513,-1.788791,3.741332,0.675804
0.086268,-0.046734,-0.021651,-0.264420,4.167090,1.521477
0.034950,-0.039532,-0.014052,0.491125,2.414695,3.030676
0.061341,0.024455,-0.038411,0.545784,2.223864,4.845907
0.055656,0.056088,-0.034131,0.295216,0.860066,5.798664
0.076443,0.102272,-0.046433,1.591585,-0.019263,6.428981
0.036503,0.103142,-0.015473,2.394236,-1.610188,8.626731
0.026829,0.114424,-0.041729,1.693107,-2.135129,12.187403
0.045309,0.136856,-0.045215,2.508990,-1.692410,12.723277
0.072304,0.142567,-0.015877,3.248077,-2.023887,11.055244
0.086711,0.150573,-0.000403,2.832133,-1.806957,10.056851
0.076213,0.137565,-0.044946,2.141807,-1.947656,8.160014
0.053571,0.135950,-0.052085,2.304491,-0.456408,6.521673
0.070236,0.154161,-0.035755,3.070070,0.569101,5.094091
0.106363,0.144045,-0.022320,2.464585,1.513984,7.254258
0.130498,0.129461,-0.004845,1.405093,-0.076082,9.875083
0.093335,0.104304,-0.029187,1.251157,2.504322,9.623110
0.041006,0.042355,-0.024099,1.779606,2.632787,7.435111
0.053364,0.024528,-0.011833,0.508912,0.087065,5.280052
0.097717,0.007928,-0.002452,-0.325782,0.997722,1.997033
0.109560,0.011102,-0.068547,-0.291973,2.759426,-1.284460
0.030400,-0.052613,-0.000469,-0.260478,-0.223486,-2.377983
0.019884,-0.107476,-0.000742,-1.039273,-2.013905,-0.299437
0.049192,-0.129314,-0.010129,-1.192487,-0.773705,1.492760
0.056808,-0.169287,-0.005931,-0.956601,-1.142063,-0.374761
0.025037,-0.228260,-0.007077,-0.694791,-1.616182,-3.100153
-0.013387,-0.274821,0.003640,-0.559718,-1.650818,-4.622365
-0.000271,-0.303930,-0.014203,-0.880242,-1.000813,-6.334600
0.012856,-0.305581,-0.023505,-0.545256,0.072856,-9.225756
-0.015252,-0.339026,0.033704,-0.639491,-0.566169,-11.241344
-0.013791,-0.362065,0.030750,-0.534742,0.410405,-8.668788
-0.030440,-0.366976,0.015500,-0.651321,0.926766,-5.991782
-0.029767,-0.406043,0.023273,0.098765,1.578898,-5.577390
-0.018455,-0.437325,0.025977,0.659964,1.977432,-6.267588
-0.029291,-0.432549,0.045820,0.548735,2.516894,-7.418858
-0.020852,-0.405679,0.027812,0.316676,2.716975,-9.308273
-0.018777,-0.392802,0.031377,0.236001,1.390515,-11.144975
0.024528,-0.399074,0.055519,1.029776,1.781779,-7.829293
0.046166,-0.352352,0.042721,0.827470,1.127185,-2.271773
0.035876,-0.314250,0.014440,0.262782,-0.036229,1.768883
0.011054,-0.283027,0.031223,0.255072,-1.126153,2.702195
0.014139,-0.302239,0.059146,0.988982,-2.207503,3.244970
0.064932,-0.264951,0.049076,0.579649,-1.680002,3.735209
0.063369,-0.244317,0.016964,0.690333,-1.462629,1.136912
0.037057,-0.249221,0.023023,1.349154,-1.443040,-2.329003
0.039053,-0.231033,0.036629,1.832270,-2.471119,-2.995607
0.079982,-0.180796,0.062980,1.235956,-1.039572,-0.626142
0.094697,-0.134707,0.021277,0.880842,1.992744,2.631625
0.048050,-0.119985,0.029194,1.113426,1.169069,5.945102
0.002608,-0.134973,0.069621,1.706343,1.223981,7.791306
0.033109,-0.093171,0.051827,0.992901,1.869469,8.418991
0.052317,-0.060813,0.044313,1.174676,2.583524,4.950358
0.017244,-0.082821,0.062219,1.578603,2.000139,0.511959
0.011520,-0.092518,0.088935,1.686044,-2.231143,-1.712763
0.033804,-0.063717,0.036340,1.549708,1.420297,-1.866858
0.049097,-0.039073,0.017952,1.222537,1.287279,-3.226247
0.021410,-0.040412,0.002863,1.152342,0.372217,-3.485432
0.005461,-0.034914,0.053333,0.869701,-1.750227,-1.513487
0.036975,0.005381,0.010445,-0.089988,-1.051415,0.442472
0.033666,0.047974,-0.014278,-0.566054,-0.749776,-2.445960
-0.003514,0.047892,0.017328,-1.096171,-1.845546,-6.465425
0.027213,0.088056,0.018549,-2.185110,-1.732922,-9.396489
0.057802,0.163270,-0.029535,-3.770041,-1.177717,-10.420406
0.074280,0.234367,-0.042763,-4.865191,-0.267963,-11.956818
0.099072,0.305593,-0.064198,-5.317032,0.580951,-10.901708
0.103064,0.392460,-0.041024,-6.757034,0.970422,-8.490478
0.118022,0.500728,-0.080311,-8.334853,1.083138,-6.095320
0.109632,0.592702,-0.073379,-9.140193,1.252137,-4.730489
0.126848,0.672796,-0.060623,-9.052332,1.771616,-3.753013
0.167859,0.810166,-0.088928,-9.556636,1.957536,-3.312238
0.180900,0.949453,-0.112525,-10.790990,1.636320,-3.369462
0.176964,1.083876,-0.109988,-10.876675,0.938795,-3.584581
0.138238,1.190207,-0.103850,-9.881089,-0.249598,-2.618909
0.182065,1.309268,-0.111816,-9.540631,-1.000187,1.393746
0.259055,1.434063,-0.145651,-8.619362,-0.095711,5.062252
0.253307,1.508354,-0.113792,-7.212906,-1.617804,9.178265
0.213938,1.572263,-0.125678,-5.727301,-1.576846,11.306281
0.180450,1.700564,-0.128264,-6.159290,-2.981769,11.750491
0.180276,1.833089,-0.123574,-5.565352,-2.504427,10.644061
0.195559,1.985250,-0.121463,-4.006667,-1.456561,9.629760
0.149700,2.108273,-0.096631,-4.113267,-1.619564,11.556644
0.106930,2.188876,-0.133286,-4.599341,-0.351613,15.305742
0.087892,2.260558,-0.139329,-3.830518,0.057158,17.130838
0.107702,2.313865,-0.094852,-2.888905,0.780601,19.289967
0.133446,2.388514,-0.113083,-3.523173,1.056254,20.708918
0.097579,2.425294,-0.103354,-3.635564,1.584336,20.859814
0.048312,2.405635,-0.092062,-2.975978,1.425009,20.127026
0.060037,2.404503,-0.089423,-3.118117,1.229347,18.760353
0.126155,2.408120,-0.102734,-3.907314,0.769415,17.113696
0.157762,2.367447,-0.098496,-4.123124,0.791512,15.208307
0.115133,2.308193,-0.071097,-3.649035,0.188909,14.365725
0.078012,2.225820,-0.078283,-4.612890,-1.369793,15.012928
0.145696,2.154473,-0.079714,-5.065430,-2.514356,12.905469
0.225896,2.047026,-0.073802,-5.662407,-1.732588,8.194165
0.263292,1.927423,-0.051816,-5.512515,-3.138029,3.711078
0.199636,1.841525,-0.069217,-7.123315,-3.290475,2.446608
0.149717,1.736881,-0.085553,-7.981059,-2.406905,-0.209701
0.177874,1.701480,-0.108015,-8.301104,-1.055696,-4.008637
0.208545,1.624244,-0.041411,-8.832691,-1.845018,-7.879898
0.213826,1.523506,-0.050297,-10.427066,-1.899460,-9.062415
0.144970,1.390535,-0.065842,-11.290863,0.258192,-10.589155
0.111749,1.317110,-0.065350,-11.107467,1.370387,-12.527875
0.122486,1.319644,-0.051022,-11.193335,0.693968,-16.153742
0.105624,1.279417,-0.010809,-12.332725,0.197447,-17.543651
0.075655,1.193519,-0.044346,-12.622653,2.188150,-19.065786
0.025066,1.126771,-0.023811,-11.661736,1.453872,-20.993408
0.013893,1.100019,-0.018775,-11.242434,0.904937,-21.445236
0.035225,1.143807,-0.027848,-11.583187,1.144712,-22.735642
0.039407,1.165658,-0.023692,-11.285171,0.699414,-22.663569
0.019043,1.128215,-0.001953,-9.465420,0.330317,-21.611764
-0.002926,1.101230,-0.013218,-8.610414,-0.909473,-19.775063
-0.011845,1.113175,-0.001264,-8.657914,-0.681570,-17.535911
-0.003534,1.183295,-0.012322,-8.051832,-0.480777,-16.319762
0.001255,1.250562,0.031466,-6.391069,-2.115799,-16.009276
0.003622,1.298722,0.028643,-6.040915,-3.126678,-12.480557
-0.035984,1.329760,0.012398,-5.861644,-2.382474,-10.374108
-0.066143,1.353450,-0.008163,-5.092037,-0.565523,-7.458440
-0.052032,1.427685,0.020250,-4.469221,-1.690146,-6.266043
-0.046366,1.522108,0.054653,-4.018749,-2.319428,-3.821710
-0.078721,1.569982,0.027077,-4.125333,-1.282342,-0.645092
-0.129497,1.615260,-0.007254,-4.236040,0.207734,3.586772
-0.161987,1.636051,0.030671,-4.096523,-0.415490,6.451441
-0.116932,1.691255,0.079232,-3.996080,0.393008,8.052135
-0.109458,1.758210,0.023335,-4.295160,0.010456,8.704922
-0.159610,1.785422,0.014650,-4.651176,-0.033240,9.767736
-0.196193,1.789692,-0.001687,-4.833138,-0.564187,11.456255
-0.190580,1.779139,0.036215,-4.233145,-0.855474,12.183456
-0.132714,1.794915,0.019038,-4.442249,-0.774802,13.700609
-0.098872,1.791632,-0.001040,-5.031857,-1.491443,13.904305
-0.132199,1.742320,-0.005150,-5.281007,-1.414683,13.471585
-0.119125,1.686154,0.004487,-4.483857,-1.363687,14.390819
-0.100858,1.650087,-0.003735,-4.724588,-2.254239,15.086060
-0.067321,1.627274,-0.016484,-5.158287,-1.828100,14.720870
-0.043031,1.595106,-0.032827,-5.886762,-1.608465,12.800257
-0.072731,1.524744,-0.033740,-5.258661,-1.262526,11.363019
-0.128407,1.453702,-0.025504,-4.955872,-2.568280,10.933978
-0.113604,1.407629,-0.007769,-6.370206,-3.130506,9.841343
-0.097355,1.375343,-0.048711,-6.359580,-1.618986,8.557231
-0.091811,1.294576,-0.058591,-5.935017,0.276662,6.038275
-0.140090,1.229337,-0.050861,-5.338227,-0.971357,3.806247
-0.198307,1.161932,-0.020613,-6.565159,-2.306532,2.330571
-0.191424,1.117272,-0.055558,-6.887252,-0.178514,1.235353
-0.165384,1.069558,-0.056898,-6.270147,1.021723,-0.464628
-0.151476,0.986499,-0.047979,-5.464006,0.306368,-1.210896
-0.174539,0.911456,-0.059822,-5.016886,-0.085929,-0.997793
-0.216016,0.816446,-0.048160,-5.701543,-0.222794,-1.363062
-0.193692,0.754720,-0.087326,-4.714639,1.241095,-2.244954
-0.169070,0.700645,-0.051426,-4.170700,-0.456956,-4.327228
-0.159774,0.648894,-0.035936,-3.750682,-1.670044,-5.697931
-0.157631,0.612679,-0.090520,-3.575397,-0.879738,-5.751106
-0.182827,0.540068,-0.081040,-3.767331,-1.464212,-5.161405
-0.180818,0.481571,-0.093251,-3.124600,-1.398941,-1.885193
-0.134798,0.459165,-0.062143,-2.652591,-2.114929,0.812458
-0.103812,0.437084,-0.069571,-2.957848,-2.677716,3.648795
-0.122184,0.391606,-0.101749,-2.835880,-1.306927,2.798331
-0.166907,0.305176,-0.077505,-2.040778,-0.719377,1.001262
-0.134542,0.289096,-0.080009,-1.615951,-0.516651,0.069552
-0.094680,0.280023,-0.076461,-2.151803,-1.885578,0.446915
-0.083444,0.251883,-0.091895,-1.869684,0.252497,1.178761
-0.096042,0.237174,-0.072722,-0.736140,0.591185,2.818688
-0.130304,0.182971,-0.065251,-0.672913,-0.226017,6.239029
-0.076230,0.149011,-0.077705,-0.710251,0.443259,8.607375
-0.073669,0.092090,-0.079156,-0.419526,-0.093994,8.251858
-0.074641,0.052281,-0.072318,1.370106,1.032010,6.038027
-0.091394,0.053393,-0.069778,1.245754,-0.355043,3.739171
-0.098635,-0.002319,-0.055525,1.453319,-0.737706,0.916783
-0.063635,-0.033900,-0.081634,1.002692,-0.457816,0.331036
-0.031795,-0.083399,-0.076963,1.935670,-0.267645,-0.136022
-0.021065,-0.131565,-0.072049,2.662658,-0.212250,-0.452166
-0.011536,-0.140014,-0.053352,2.785910,-0.670574,-1.590624
0.008887,-0.163415,-0.059543,1.735352,0.269582,-3.708381
0.090558,-0.159561,-0.075913,0.920389,2.520678,-5.627155
0.112891,-0.175508,-0.070034,0.602856,0.751024,-8.969905
0.104278,-0.184935,-0.039875,0.774140,1.103262,-10.979658
0.120530,-0.130978,-0.086266,-0.504944,2.720139,-11.286034
0.134939,-0.093965,-0.054652,-2.271388,0.906598,-12.014407
0.170974,-0.063278,-0.090946,-2.974566,2.120910,-13.039007
0.153879,-0.047354,-0.037728,-3.184957,0.494163,-13.374535
0.164527,-0.017790,-0.058109,-3.871715,0.874588,-13.154582
0.159932,0.048565,-0.036146,-5.539889,-3.240395,-14.654867
0.185778,0.119558,-0.070109,-6.385209,0.568038,-15.876083
0.210258,0.198947,-0.072072,-6.160165,0.249493,-16.810347
0.183897,0.266132,-0.044648,-6.387343,-0.527525,-15.895723
0.193974,0.362872,-0.080026,-7.453952,0.546242,-14.392193
0.195451,0.479966,-0.085619,-7.515977,0.838977,-14.204439
0.196656,0.598127,-0.061634,-6.879929,0.433510,-12.946898
0.206053,0.727830,-0.063636,-6.785506,0.251381,-10.715767
0.176246,0.834000,-0.045051,-7.219743,0.006773,-8.245687
0.188978,0.957450,-0.072213,-7.225721,1.253118,-5.944223
0.187429,1.081033,-0.047723,-6.101577,0.691477,-4.634817
0.183073,1.207982,-0.041815,-5.887047,-1.109426,-2.967386
0.192162,1.369317,-0.067746,-6.162844,0.566672,-1.179916
0.186392,1.497887,-0.061132,-5.558268,1.149702,0.421968
0.190166,1.635943,-0.062826,-4.609217,0.099778,3.418376
0.176741,1.753891,-0.023223,-4.924518,-0.213853,7.899507
0.186168,1.879726,-0.059901,-5.306945,0.070295,11.891850
0.173711,1.997142,-0.056953,-4.608502,-0.068611,14.429357
0.192832,2.102952,-0.037984,-4.441593,-0.404461,16.000695
0.199790,2.209890,-0.031688,-4.362768,-1.198361,17.598634
0.191387,2.291278,-0.047973,-4.573810,-0.977929,19.416562
0.210777,2.381467,-0.060863,-5.269857,-0.687331,19.869264
0.214368,2.431964,-0.048570,-4.872600,0.003215,20.250322
0.243043,2.472768,-0.025215,-4.485820,-0.549489,21.422671
0.254187,2.500058,-0.032010,-5.035366,-0.126517,22.475555
0.249614,2.496723,-0.050539,-5.468881,0.411757,22.990675
0.230780,2.490857,-0.061696,-5.472679,-0.067686,21.156661
0.223020,2.471248,-0.016675,-4.672654,-0.273117,19.505356
0.233990,2.459228,-0.043039,-5.821261,-1.365093,17.155773
0.196770,2.422625,-0.026719,-6.792449,-1.963428,15.045908
0.191821,2.352739,-0.028951,-6.039146,-0.172773,12.186432
0.156406,2.278211,-0.015257,-6.246327,-1.301988,11.824095
0.162712,2.197499,-0.023450,-6.733247,-0.939501,9.993185
0.131335,2.116912,-0.051350,-7.218910,-0.814752,6.792700
0.093059,2.023822,-0.004671,-7.237081,-1.063797,3.473019
0.066090,1.934369,0.011617,-7.531454,-1.712890,0.668206
0.036112,1.851872,-0.011561,-7.838046,-0.824258,-2.161337
0.014047,1.751531,-0.022668,-8.374108,-0.833482,-3.789964
-0.006199,1.662934,-0.004034,-8.319255,-0.763484,-6.952038
-0.056092,1.545833,0.022189,-8.259081,-0.996468,-8.461523
-0.028677,1.467629,-0.038588,-7.503225,7.495225,-9.105464
-0.110095,1.374841,-0.014170,-8.910048,-0.606262,-10.320442
-0.134864,1.287279,-0.022658,-8.676030,-0.425110,-11.550936
-0.157408,1.204378,-0.004359,-8.219633,-0.756673,-12.918403
-0.173607,1.112739,0.017043,-7.322457,-1.622084,-13.848583
-0.197716,1.057607,-0.002993,-7.900908,-2.253067,-13.335636
-0.227636,0.961264,-0.020062,-7.662186,-0.906716,-13.653592
-0.251368,0.917821,-0.006670,-6.602031,-0.552003,-13.709912
-0.265377,0.859085,0.002715,-5.828055,-1.861151,-12.125885
-0.263161,0.822154,0.001904,-5.767740,-3.619717,-11.817408
-0.303962,0.768650,-0.009145,-6.239719,-1.788848,-10.557657
-0.301999,0.733696,-0.012276,-4.403329,-0.801199,-9.297361
-0.322216,0.695915,0.007826,-3.810429,-2.197210,-7.447316
-0.312857,0.674871,0.020447,-3.893173,-4.580500,-6.189633
-0.315933,0.654970,-0.021611,-3.668286,-1.600958,-5.339829
-0.337479,0.607180,-0.006466,-2.052099,-0.678639,-4.645764
-0.354718,0.585116,0.001106,-1.466676,-1.873870,-3.823010
-0.369558,0.569242,-0.003036,-1.241527,-2.040424,-3.831706
-0.349361,0.581873,-0.042796,-1.449017,-1.045041,-3.908478
-0.382314,0.575364,-0.000446,-1.882459,-2.449255,-4.390452
-0.389286,0.575072,-0.017879,-1.305866,-1.643794,-3.412007
-0.402438,0.587519,-0.029660,-0.941125,-1.624638,-1.070584
-0.411028,0.572879,-0.026525,-1.624076,-3.005123,0.972849
-0.391826,0.588126,-0.054616,-1.852261,-1.669427,1.907452
-0.413136,0.574205,-0.026023,-2.196119,-1.463631,1.216550
-0.395204,0.586048,-0.028915,-1.886746,-1.892852,1.333048
-0.406033,0.589711,-0.026670,-2.757183,-2.483097,0.584642
-0.409318,0.588585,-0.051140,-3.293451,-1.459255,0.858131
-0.381326,0.590483,-0.052568,-2.371287,-0.922790,0.849009
-0.384946,0.592301,-0.009552,-3.208262,-5.908177,1.365600
-0.343784,0.602516,-0.035959,-3.437721,-1.698660,2.246430
-0.364231,0.591766,-0.060672,-3.619414,-1.273985,1.660494
-0.348304,0.577392,-0.060354,-2.550649,-0.592127,1.614701
-0.317046,0.597635,-0.028212,-2.856280,-2.069907,0.644052
-0.319511,0.594838,-0.045094,-3.579329,-1.983313,-1.076606
-0.306683,0.586888,-0.068389,-3.247327,-0.940515,-2.020360
-0.319862,0.587985,-0.056333,-2.462502,-1.826724,-2.814589
-0.301845,0.581335,-0.035007,-2.660144,-2.363974,-1.564373
-0.265935,0.583698,-0.044670,-2.712059,-1.618102,-0.014868
-0.254952,0.593578,-0.093103,-2.994152,-0.540636,0.481654
-0.254975,0.593227,-0.040302,-2.196231,-1.155502,1.339086
-0.229027,0.587565,-0.030431,-2.729597,-0.800270,3.203663
-0.205814,0.609816,-0.067986,-3.080339,-0.754237,4.010237
-0.195323,0.604321,-0.033888,-2.800675,-0.153180,3.994878
-0.173019,0.618239,-0.029972,-2.687753,-0.831958,5.311462
-0.155789,0.633532,-0.049601,-3.074345,-0.607706,6.495940
-0.151598,0.626274,-0.046410,-3.618081,0.033670,7.023815
-0.100933,0.612058,-0.035378,-2.645761,0.183287,8.690064
-0.057845,0.632810,-0.023555,-1.932208,-0.143917,11.094192
-0.054204,0.619398,-0.003138,-2.628150,-1.493432,12.800706
-0.016670,0.621840,-0.050510,-2.053021,0.539562,12.797486
-0.023950,0.591146,-0.027474,-2.016921,-0.493234,11.993890
0.021649,0.559966,-0.015867,-1.075455,-0.722807,11.893205
0.053292,0.562618,-0.007195,-1.230573,-1.374394,12.097994
0.045244,0.523741,-0.014078,-1.095928,-0.807934,11.150652
0.067709,0.479034,-0.016642,0.443385,-0.223601,10.602250
0.079227,0.450903,-0.012870,0.682064,-1.666620,11.048399
0.082253,0.406423,0.003309,0.260707,-1.060790,11.042199
0.129625,0.369026,-0.023515,0.247131,1.913253,10.597210
0.132100,0.337318,0.006224,1.299727,0.005136,9.211040
0.150892,0.280243,0.015375,1.223614,0.423013,7.639288
0.180621,0.261543,-0.013123,0.673858,1.810798,5.961309
0.192303,0.213419,0.004422,0.477250,1.636416,3.799988
0.227616,0.163066,0.019961,0.367912,1.998130,2.237144
0.251154,0.108896,0.020177,0.694662,2.551385,0.480830
0.254640,0.050909,0.029263,0.738614,1.630803,-0.083200
0.283191,0.009579,0.001563,-0.185717,1.588183,-0.608980
0.297115,-0.037163,-0.007313,-0.359191,1.853857,-3.413830
0.296163,-0.100435,0.036327,0.532392,1.045849,-5.975888
0.325196,-0.146724,0.004990,0.558851,1.431624,-7.705637
0.339439,-0.169511,-0.015444,-0.499174,0.097819,-8.933465
0.327999,-0.209074,0.003841,-1.335342,0.291026,-11.629552
0.345613,-0.251122,0.008183,-0.412127,1.011732,-12.400485
0.358067,-0.245184,-0.013372,-0.563493,0.550956,-13.360729
0.363811,-0.254417,-0.005511,-2.122411,1.216805,-14.017007
0.374498,-0.259709,-0.009000,-2.443884,1.214878,-15.015436
0.364313,-0.259476,-0.038821,-2.182684,2.316576,-16.182376
0.366811,-0.234273,0.003552,-2.013087,2.933806,-16.399405
0.383207,-0.195914,-0.012007,-3.024760,2.512213,-15.717586
0.392985,-0.151372,-0.022576,-3.386002,3.668540,-15.665668
0.346565,-0.113525,-0.012601,-4.079460,2.137227,-15.157020
0.352559,-0.059037,-0.008383,-3.412968,2.350031,-13.938773
0.363181,0.035517,-0.052535,-3.869850,2.502011,-11.715226
0.339567,0.104032,-0.015857,-4.142237,1.766531,-10.434311
0.339770,0.202245,-0.058959,-4.453855,1.561553,-9.792527
0.297893,0.288577,-0.012247,-3.872834,0.651618,-8.621909
0.305419,0.407126,-0.017137,-4.939745,-1.495789,-6.270656
0.307773,0.518167,-0.046134,-4.618765,-0.458906,-4.081737
0.305833,0.614717,-0.055673,-3.816669,0.704062,-1.053334
0.302029,0.737661,-0.058060,-3.142748,-0.033817,1.604206
0.279104,0.839505,-0.031613,-4.120842,-0.672222,4.354786
0.260013,0.934046,-0.042353,-3.170747,0.565425,5.498658
0.257844,1.038414,-0.027697,-2.144129,1.082481,5.236193
0.223700,1.131717,-0.033083,-2.444147,0.234922,6.022053
0.216610,1.224433,-0.038447,-2.717627,-0.201189,5.800743
0.176344,1.306471,-0.043049,-1.615955,1.042205,5.411011
0.158110,1.373016,-0.030178,-1.326149,0.169057,6.713252
0.177634,1.472678,-0.041821,-1.513116,0.609176,9.599633
0.153232,1.538215,-0.037429,-2.096337,0.705158,11.089324
0.133902,1.569526,-0.043571,-1.956538,1.080734,12.180958
0.115868,1.622728,-0.027063,-1.354893,0.112517,12.142372
0.094467,1.647471,-0.016737,-2.628049,-0.771874,12.726767
0.095790,1.668866,-0.033290,-3.296852,-0.953232,12.503676
0.081948,1.681421,-0.057012,-3.631421,-0.500052,11.507777
0.041337,1.652726,-0.035621,-2.868429,-1.167240,10.475785
0.031723,1.645308,-0.041572,-3.445793,-1.679021,9.989521
0.021288,1.626624,-0.052637,-4.305605,-1.053047,9.529710
-0.011054,1.578008,-0.048248,-5.095100,-1.568902,8.699792
-0.011789,1.536892,-0.029657,-4.933611,-1.304925,7.345186
-0.018144,1.508502,-0.027815,-5.049389,-1.551187,7.199551
-0.040786,1.459417,-0.030316,-6.036766,-1.197878,6.929249
-0.050266,1.421803,-0.063436,-6.689193,0.639119,6.246666
-0.085844,1.357779,-0.031537,-6.614573,-0.880910,5.044648
-0.089885,1.273765,-0.014774,-5.952263,-0.601978,4.263957
-0.117585,1.228924,-0.041214,-6.693112,-0.708834,2.789098
-0.160644,1.160478,-0.031016,-6.952550,-0.770163,1.552886
-0.192228,1.072250,-0.037997,-6.369881,-0.762886,1.402108
-0.207941,1.012493,-0.026899,-5.169250,-0.968767,1.150627
-0.225088,0.959672,-0.010592,-5.629724,-1.860382,2.661154
-0.244189,0.853564,-0.022885,-4.953525,-2.737164,2.610608
-0.267704,0.772074,-0.046880,-4.336115,-1.553399,2.509575
-0.299061,0.675586,0.006726,-2.856296,-2.382418,1.092803
-0.287566,0.618429,-0.005770,-2.768750,-1.727818,-0.049416
-0.284602,0.562766,-0.016980,-2.636636,-1.032597,-2.447690
-0.333576,0.471107,-0.023046,-1.779709,-0.732888,-3.873532
-0.337377,0.409318,0.004330,-0.893283,-1.452986,-4.074493
-0.345367,0.345406,0.018648,-0.996152,-2.104195,-2.662997
-0.334791,0.294006,-0.008465,-1.059992,-1.284341,-1.080323
-0.337380,0.261727,-0.020870,-0.605138,0.657133,-0.340490
-0.384428,0.156820,0.004481,0.415520,-1.210279,-0.801357
-0.375404,0.082515,0.015680,0.776086,-2.550751,-0.837420
-0.355312,0.032156,0.016455,0.505495,-1.058634,-0.562955
-0.354331,-0.042723,0.000007,0.796040,-0.519864,-1.985291
-0.369348,-0.096870,-0.001047,1.546140,-1.466148,-2.589526
-0.392634,-0.173026,0.054006,1.716698,-1.817694,-2.841988
-0.364569,-0.230882,0.025826,1.023448,-1.811290,-1.907105
-0.340138,-0.308164,0.015674,1.279386,-1.534114,-1.943355
-0.329988,-0.383660,0.015690,2.100205,-1.277136,-2.744247
-0.334932,-0.453937,0.030140,2.422078,-2.285501,-4.897605
-0.340899,-0.492348,0.021684,1.626619,-0.956172,-6.768274
-0.301986,-0.520906,0.017886,1.042890,-0.369266,-8.129448
-0.281612,-0.578896,0.033957,1.756163,-0.570873,-9.194841
-0.261375,-0.618860,0.039652,1.360833,-1.918514,-7.352975
-0.251804,-0.631245,0.018063,0.820843,0.324389,-5.272972
-0.263023,-0.678082,0.011896,0.621316,-0.330477,-5.017552
-0.229339,-0.718367,0.020171,1.058947,-0.457409,-5.014945
-0.207694,-0.763635,0.054981,1.452019,-1.102418,-6.374790
-0.197361,-0.803494,0.004287,1.029461,0.066225,-7.608924
-0.207566,-0.819365,0.022426,1.298795,-0.581764,-10.362224
-0.186510,-0.801672,0.015178,1.538485,-0.239803,-11.574051
-0.138396,-0.773263,0.017748,0.913411,-0.575035,-11.346331
-0.125601,-0.751858,0.012539,-0.276352,0.315579,-9.329893
-0.102102,-0.725904,0.014696,0.571492,0.363631,-6.929382
-0.097628,-0.694612,0.038766,-0.094885,-2.490741,-4.059509
-0.039722,-0.627158,0.005295,-0.728032,0.697596,-3.342907
-0.029179,-0.569775,0.002108,-0.665212,0.508163,-4.325397
-0.011625,-0.530238,-0.001736,0.037820,0.458638,-4.142749
0.017048,-0.466338,0.004927,-0.164742,-0.602860,-3.563888
0.018643,-0.401008,-0.002908,-1.125131,0.308876,-2.211753
0.069987,-0.332796,-0.018253,-0.528046,0.444825,-0.388709
0.085007,-0.266559,-0.008560,-0.285717,0.395201,0.857442
0.099154,-0.223681,0.009700,0.475835,0.895819,2.625698
0.153817,-0.146415,-0.013635,-0.127569,0.713857,5.771303
0.195350,-0.073463,-0.032913,0.314510,1.909675,6.249357
0.187396,-0.027840,0.006106,0.537404,0.903795,6.163937
0.222062,0.065118,0.000758,0.997441,1.066588,7.718214
0.237851,0.164038,-0.014341,0.460516,0.606997,8.904714
0.255504,0.209985,-0.021884,0.738637,1.194248,10.215926
0.267957,0.256498,0.038841,1.230369,-3.525396,12.286282
0.303270,0.305580,-0.010467,1.535350,1.437388,14.574371
0.278845,0.313743,-0.019002,1.719705,1.878187,14.895905
0.297666,0.314387,-0.016090,2.462636,1.405765,13.204091
0.327560,0.320082,0.007179,3.091200,0.063195,11.363680
0.349772,0.321542,-0.009207,2.720625,0.743612,11.816815
0.371912,0.326834,-0.022461,2.080583,1.369281,10.700283
0.385324,0.328117,-0.009667,2.581660,2.243201,10.207363
0.383785,0.321746,0.012017,2.890167,1.966793,10.924687
0.419809,0.331639,-0.023998,1.244424,2.107173,12.335937
0.431081,0.305527,-0.032962,0.618329,2.341982,12.429181
0.428094,0.256819,-0.002133,1.576952,2.518321,11.261540
0.428206,0.258615,-0.017091,0.426057,1.421642,9.637123
0.410983,0.233412,-0.008521,-0.518504,0.554531,7.110705
0.420590,0.185935,-0.024733,-1.119847,1.539393,4.524768
0.445974,0.146467,-0.013021,0.092532,2.983916,3.025272
0.452122,0.075812,-0.017804,-0.927722,1.261328,3.066497
0.465337,0.045463,-0.045888,-1.318270,2.198074,1.468282
0.441838,-0.021985,-0.038618,-1.524696,3.169075,-0.431650
0.462986,-0.064427,-0.007953,-0.959043,2.051352,-2.869897
0.467099,-0.101108,-0.001549,-1.527621,0.675827,-4.514043
0.467480,-0.131004,-0.027946,-2.143541,2.358700,-4.817872
0.445868,-0.149524,-0.022560,-1.471904,2.435213,-5.700783
0.408436,-0.183911,0.010097,-1.094585,1.563588,-5.832436
0.402281,-0.187429,-0.010333,-1.577382,1.649939,-5.355999
0.370024,-0.214595,-0.020423,-1.638324,1.419099,-6.292486
0.353931,-0.265423,0.000676,-0.482522,1.868093,-8.161819
0.352155,-0.289047,0.004678,0.259582,1.691390,-9.298609
0.325268,-0.313252,-0.026489,0.116037,2.022079,-11.514653
0.319800,-0.322863,-0.036632,0.684772,1.768938,-13.323133
0.304530,-0.341458,0.012385,1.044163,1.386468,-14.153931
0.317453,-0.329825,0.004087,1.740509,0.760431,-12.562325
0.303460,-0.322164,0.002580,1.051598,1.613685,-10.195060
0.289382,-0.308092,-0.018109,1.491356,3.640045,-8.650312
0.244839,-0.286388,-0.007398,1.699029,1.453062,-7.789599
0.209034,-0.255977,0.013678,1.289328,0.641322,-7.998514
0.188207,-0.218261,-0.030540,0.345985,0.632666,-8.151368
0.154887,-0.185388,-0.031583,0.636281,0.351486,-8.559337
0.127465,-0.166645,0.019278,0.981035,0.453064,-7.192779
0.122401,-0.124196,-0.020725,-0.297560,0.294824,-5.418510
0.095941,-0.089353,-0.026476,-0.223886,0.561204,-5.059862
0.050443,-0.075807,0.001274,-0.304286,0.158902,-4.773989
0.058587,-0.023846,0.016150,-0.625554,-1.354943,-4.920986
0.053020,0.018990,-0.019629,-1.577996,0.549679,-4.689424
0.041935,0.056666,-0.040180,-1.342481,0.887954,-4.612386
0.000507,0.124796,-0.027507,-1.411245,0.510126,-3.946013
-0.045634,0.163739,0.018812,-1.940542,-1.759766,-2.460054
-0.037388,0.247258,-0.029112,-2.618910,0.239817,1.727025
-0.076696,0.282498,-0.032155,-2.106912,0.210928,3.146905
-0.112215,0.302114,-0.020679,-1.520856,-0.820453,5.068260
-0.131365,0.359533,-0.046184,-1.295139,-1.007822,4.735302
-0.184616,0.383548,-0.041536,-2.134659,-0.676440,3.044924
-0.198034,0.410914,-0.027172,-1.514931,-1.544868,0.532262
-0.208358,0.435177,-0.007917,-0.402043,-1.481294,-0.083682
-0.206516,0.458617,-0.027415,-0.619807,-0.763254,1.546922
-0.217214,0.496188,-0.060882,-0.713340,-0.320866,2.943396
-0.268502,0.492535,-0.008150,-0.370056,-1.140642,3.302133
-0.263867,0.516582,-0.006181,0.418346,-0.778753,4.056063
-0.268219,0.540366,-0.006030,0.068885,-1.228431,4.319922
-0.285449,0.552580,-0.013474,-0.096058,-1.408492,3.957140
-0.319196,0.561039,-0.031317,-0.447948,-0.730150,2.898592
-0.355831,0.557130,-0.001927,0.161029,-1.229248,3.044578
-0.352092,0.573549,-0.015299,-0.277488,-1.448220,5.400154
-0.353349,0.563350,-0.023410,-1.096456,-1.182940,7.035551
-0.357758,0.528937,-0.029755,-0.751466,-1.530455,8.209795
-0.360741,0.487841,0.003197,-0.214682,-2.043037,7.872751
-0.364257,0.456562,-0.013697,-0.955226,-2.447853,7.411648
-0.370677,0.398145,-0.001546,-1.164488,-1.882408,4.978133
-0.346588,0.365898,-0.008101,-0.836228,-1.604323,3.547663
-0.355729,0.329115,0.015457,-0.454674,-2.395860,3.423348
-0.353251,0.288058,-0.004697,-0.839875,-1.779181,5.103944
-0.351560,0.250445,-0.013891,-1.528412,-2.127412,7.070673
-0.350461,0.205370,0.012602,-1.727994,-1.751806,8.440774
-0.334459,0.140834,0.007225,-0.838814,-1.069541,8.633910
-0.320748,0.092471,0.008581,-0.454214,-0.910047,8.180199
-0.347438,0.011240,0.019491,-1.109940,-2.935295,6.695221
-0.336064,-0.066360,0.011502,-0.366258,-1.206596,5.347495
-0.313504,-0.145844,0.025016,0.877711,-1.298009,5.042974
-0.308734,-0.240516,0.025718,1.927346,-0.974747,5.279829
-0.301710,-0.316958,0.018989,1.805167,-1.710329,6.237423
-0.303220,-0.411564,0.028275,2.651018,-1.196384,5.573964
-0.290904,-0.509814,0.041415,4.384434,-0.413365,4.584251
-0.252457,-0.586604,0.053209,4.414935,-0.631618,2.603428
-0.237354,-0.674954,0.064113,4.240020,-1.215905,0.993997
-0.233370,-0.764249,0.046207,4.874407,-0.062814,-0.835526
-0.197575,-0.850279,0.041004,5.984669,2.359872,-2.959476
-0.179469,-0.932441,0.085140,5.691019,0.024676,-4.158547
-0.128456,-0.999630,0.068902,5.164322,-0.795956,-3.464923
-0.122285,-1.064438,0.070244,4.806711,-0.863515,-4.857871
-0.113652,-1.151400,0.047356,4.582875,0.734510,-6.064702
-0.071752,-1.216077,0.063085,5.619222,0.775124,-6.905094
-0.049504,-1.251055,0.067481,4.375622,0.006718,-7.568205
-0.021610,-1.322563,0.045400,3.942865,1.239832,-8.722867
-0.023766,-1.361460,0.058904,3.909864,0.212242,-8.211965
-0.028601,-1.425684,0.083259,3.922681,-1.331965,-9.200113
0.011149,-1.439457,0.048203,2.907187,-0.125843,-9.035167
0.018344,-1.480527,0.049851,2.785139,0.578178,-11.079361
0.039043,-1.501203,0.053813,3.016827,0.761476,-12.920540
0.072094,-1.487578,0.045800,2.756845,1.077174,-13.965478
0.079549,-1.494986,0.047894,1.802190,0.788208,-14.375086
0.131076,-1.477980,0.034358,2.283754,2.909054,-13.671656
0.141501,-1.464230,0.056599,2.552733,2.295576,-11.983047
0.169986,-1.435091,0.066683,2.326668,2.091165,-9.807367
0.203017,-1.395010,0.019921,2.257422,3.522098,-9.010371
0.227724,-1.379162,0.053967,2.422414,1.954130,-9.661737
0.251824,-1.349892,0.054702,3.940305,2.779768,-9.764970
0.267613,-1.254938,0.028905,3.411113,1.808248,-9.170117
0.272260,-1.211508,0.027034,3.635104,2.672544,-8.321321
0.278642,-1.147077,0.009552,4.321540,1.139353,-7.149881
0.272658,-1.093383,0.038592,4.779440,0.722654,-3.984265
0.291768,-0.989536,0.015966,4.195741,0.634698,-0.085161
0.283184,-0.906468,0.013320,3.648345,0.930278,0.545497
0.317634,-0.799119,0.021569,4.610716,1.280462,0.901319
0.321218,-0.732912,0.049844,4.296820,0.215058,1.353360
0.342455,-0.634110,0.016455,3.436237,2.001229,2.252275
0.350264,-0.562563,0.001195,3.957255,3.039451,3.177909
0.348091,-0.480138,0.018750,3.506107,2.764265,4.935069
0.367159,-0.391571,0.026700,4.003199,2.639434,6.448818
0.377545,-0.314453,0.009270,3.199274,2.191233,8.488299
0.365426,-0.259026,-0.005898,2.665284,2.796820,8.580715
0.362587,-0.219279,0.005725,3.272925,3.197543,8.211180
0.362997,-0.132439,0.007599,2.803875,2.280670,8.476003
0.349145,-0.063012,-0.013307,1.935581,0.868696,8.620679
0.361809,0.009123,-0.028721,1.513013,1.952423,9.166650
0.341888,0.028155,-0.021362,1.053928,1.222438,8.635580
0.341346,0.069799,-0.045872,1.473076,0.429381,9.449933
0.330412,0.083904,0.006723,0.880471,-0.627541,10.066844
0.344691,0.152763,-0.026331,0.310210,0.499340,10.598999
0.344930,0.184021,-0.040482,-0.035083,0.810068,9.339107
0.316764,0.161612,-0.011022,0.960146,0.911876,6.705290
0.324458,0.173206,-0.031350,1.241306,0.807239,7.067225
0.298503,0.165013,0.009237,0.182559,-0.969863,6.748162
0.299734,0.164248,-0.035670,0.228274,1.405700,6.587175
0.269946,0.145302,-0.023512,1.356923,2.086576,6.131972
0.243897,0.100834,-0.009811,1.797391,1.530511,5.856090
0.238832,0.077447,-0.006299,2.012292,1.378570,5.028236
0.212146,0.037726,-0.038056,1.738070,2.371577,3.874462
0.192717,0.012970,-0.035066,2.190781,1.730405,1.663148
0.153423,-0.035095,0.016534,2.068208,-0.182282,-1.022875
0.148965,-0.053880,-0.005124,2.305627,1.095132,-0.711608
0.136364,-0.086698,-0.002481,1.705843,0.538306,0.157543
0.106215,-0.151749,-0.020203,1.390621,0.779309,-0.344801
0.090722,-0.186205,0.021300,1.572304,-0.589271,-0.454087
0.077638,-0.214132,0.008663,1.160962,-0.228029,-1.329405
0.059893,-0.254631,-0.015598,0.808038,0.388374,-2.486839
0.047026,-0.297398,0.001389,0.527173,0.157667,-4.323524
0.043681,-0.348541,0.022071,1.091653,0.187351,-4.468099
0.027571,-0.386473,-0.026348,0.165103,0.490970,-3.392942
0.008300,-0.404215,-0.028990,-0.042948,0.303946,-3.412890
-0.031772,-0.451800,0.008873,-0.001658,-0.036311,-3.914447
-0.029218,-0.480180,0.023017,0.528482,-0.614326,-3.372749
-0.049868,-0.499255,-0.009427,-0.488381,0.313324,-3.515758
-0.101002,-0.549788,0.004638,0.475432,0.398188,-4.652211
-0.101153,-0.572962,0.031131,0.848770,-0.732267,-5.281130
-0.112898,-0.586344,0.012263,0.861443,-0.608818,-5.525937
-0.149599,-0.617130,0.013258,1.123762,0.864222,-6.172552
-0.165403,-0.657422,0.032831,1.903680,-0.244040,-6.227979
-0.177575,-0.695321,0.044064,3.216307,-0.638882,-5.778223
-0.202662,-0.720251,0.050655,3.422277,-1.343536,-6.373250
-0.212969,-0.729354,0.024428,3.449934,-0.768742,-6.896465
-0.241911,-0.762844,0.031902,4.209343,-0.810491,-7.772912
-0.254912,-0.799496,0.040850,4.988823,-1.149284,-7.411352
-0.249998,-0.788070,0.037256,5.540240,-0.736826,-6.847744
-0.273120,-0.807998,0.037345,4.333366,-0.613656,-7.079314
-0.303771,-0.811300,0.045981,4.969496,-0.519453,-7.106804
-0.322465,-0.814963,0.060640,4.879932,-1.443742,-7.116921
-0.331738,-0.807899,0.046004,4.586068,-0.961686,-6.919223
-0.332017,-0.796657,0.032644,3.637749,-0.650373,-6.666331
-0.347809,-0.796171,0.046375,3.427824,-1.413429,-7.272585
-0.374915,-0.800044,0.069828,3.141566,-4.933742,-7.548097
-0.363397,-0.760228,0.019357,2.080143,-0.906269,-7.481398
-0.374810,-0.743567,0.036055,1.115668,-0.578879,-7.931992
-0.361841,-0.724814,0.044481,0.956407,-0.493749,-8.096852
-0.371255,-0.683442,0.046696,0.693802,-1.621873,-7.543050
-0.379842,-0.643068,0.026378,-0.481783,-1.260349,-6.446732
-0.357351,-0.583108,0.001313,-1.351393,1.519187,-6.033447
-0.354731,-0.531537,0.018513,-1.743812,-0.536223,-6.165145
-0.336300,-0.477830,0.020840,-1.495348,-0.722344,-4.126580
-0.334167,-0.398274,-0.009657,-2.639540,-1.716332,-2.260920
-0.340870,-0.333682,0.009188,-3.371094,-1.441504,-2.082747
-0.318037,-0.269415,0.010583,-1.950008,-0.479756,-0.295400
-0.296120,-0.172225,0.013665,-2.503578,-1.369730,1.512147
-0.292253,-0.106452,0.003375,-2.675660,-1.762086,2.630388
-0.290235,-0.039349,-0.015056,-1.971879,-1.296630,3.004500
-0.280355,0.026835,0.028029,-1.217670,-1.884088,4.597795
-0.251581,0.118314,0.012414,-1.008198,-1.622258,6.453433
-0.241080,0.198707,-0.012233,-0.538396,-1.776122,7.946637
-0.248393,0.239862,-0.004746,0.331696,-1.205615,8.849320
-0.219495,0.293008,0.016672,1.801516,-0.669389,10.870968
-0.208512,0.349650,0.002928,2.268151,-1.394355,13.752148
-0.209700,0.381165,0.009372,2.159381,-1.652039,13.685895
-0.194785,0.422143,0.001211,2.443909,-0.797814,13.080747
-0.173436,0.437527,0.001195,4.232651,-0.205052,12.789890
-0.155271,0.452026,0.012782,4.074555,-1.170548,13.505548
-0.122233,0.453552,-0.007602,4.076433,-0.579276,14.023589
-0.118478,0.454878,-0.010120,4.311255,0.283985,13.849974
-0.139988,0.430628,0.012657,3.956716,-0.537248,13.773756
-0.092668,0.414734,0.005246,4.105279,-0.330008,13.726805
-0.059670,0.396756,-0.009509,2.770111,-1.593911,13.316481
-0.062552,0.346436,-0.005429,1.475915,-0.407355,11.874073
-0.047209,0.292883,0.009191,1.441220,0.181856,11.006269
-0.017415,0.255556,0.011085,0.857628,-0.586901,10.464428
0.018548,0.202052,0.003818,-0.228383,-0.094979,9.215320
0.046110,0.147058,-0.012112,-1.029727,-0.273661,7.327321
0.051165,0.076377,-0.008337,-1.410060,0.746553,5.391011
0.078544,0.009317,0.006339,-2.060298,0.088090,4.807802
0.101436,-0.061124,0.014075,-2.095971,0.451718,3.545476
0.123123,-0.114224,-0.022563,-2.624976,0.493806,1.504784
0.139007,-0.168575,-0.019186,-2.423158,0.379203,-1.297131
0.136072,-0.238708,0.006365,-3.025824,0.118843,-3.503241
0.173292,-0.309874,0.017912,-1.906076,1.131173,-5.667293
0.201012,-0.352050,-0.008186,-2.208129,0.803018,-6.529146
0.223329,-0.396124,-0.004382,-1.617684,2.122502,-7.844986
0.225006,-0.436498,-0.005590,-1.753997,1.470285,-8.926283
0.236255,-0.483775,0.010996,-0.349314,1.906528,-10.257148
0.256258,-0.527451,0.009552,0.753119,1.853126,-10.736662
0.295346,-0.534981,-0.000390,0.765684,0.402938,-10.743042
0.291098,-0.558558,-0.002114,0.791104,1.800055,-12.741410
0.296944,-0.577908,-0.006972,1.992230,2.622447,-14.369365
0.304064,-0.577121,0.010701,2.696405,1.399059,-14.736640
0.327711,-0.570480,0.022764,2.358645,1.139474,-13.849315
0.356524,-0.543157,-0.018460,2.052732,3.440161,-13.259454
0.331344,-0.535230,0.015447,2.492076,0.800533,-12.329253
0.319659,-0.514781,0.043614,2.726153,-2.570039,-10.891401
0.350599,-0.470386,-0.016707,2.533038,1.479092,-9.525965
0.348180,-0.439934,-0.001293,1.761461,2.066422,-9.648608
0.330478,-0.420207,0.008469,1.996106,1.389245,-10.145881
0.329765,-0.364563,-0.019645,1.657490,1.631131,-9.230866
0.325062,-0.304018,-0.009220,0.070149,1.933896,-8.744790
0.342262,-0.260329,-0.020423,-0.108376,1.876582,-7.908027
0.340545,-0.203156,-0.018611,0.451847,2.150334,-6.760583
0.301904,-0.134835,0.010593,-0.773766,0.650322,-4.207723
0.298287,-0.069701,-0.028908,-1.451790,1.625459,-1.834484
0.285039,-0.020616,-0.038257,-1.698521,2.120480,-1.663375
0.260329,0.027285,0.000312,-1.397856,1.318974,-1.694434
0.261681,0.098268,-0.012739,-1.857565,1.001310,-0.720558
0.232979,0.173701,-0.028678,-2.857156,0.497633,-0.418536
0.220286,0.222862,-0.045251,-2.005101,2.082085,-0.192423
0.200352,0.302728,-0.032384,-1.451852,1.271586,0.727795
0.188657,0.365777,0.012487,-2.604910,-2.165836,2.530352
0.195258,0.422760,-0.038240,-2.358150,0.672429,3.904071
0.164399,0.488116,-0.023148,-1.619034,0.271985,4.349779
0.126999,0.528264,-0.001283,-1.209756,0.043468,4.437531
0.141193,0.609120,-0.022763,-2.264387,-0.194374,4.671486
0.132635,0.656817,-0.042760,-1.365853,1.314796,4.278042
0.126399,0.706980,-0.028665,-0.701559,0.680064,4.927347
0.117828,0.764797,-0.025698,-0.951021,-0.765148,5.518665
0.077182,0.800470,-0.014682,-1.842850,-0.240493,6.500812
0.073991,0.853754,-0.041615,-1.360863,0.518755,6.594486
0.059279,0.885259,-0.020876,-0.916901,0.012288,7.331432
0.044777,0.889201,-0.001805,-1.366795,-2.453723,7.455574
0.048145,0.917788,-0.039707,-1.829793,-0.129379,7.519499
0.023652,0.926585,-0.045071,-1.890275,0.163424,7.117685
0.002345,0.914752,-0.017840,-1.196052,-0.445665,6.955775
0.003839,0.943384,-0.027274,-1.403227,-1.019057,7.880441
-0.024328,0.930855,-0.018726,-2.810352,-0.994095,7.872652
-0.023868,0.887553,-0.027129,-1.847025,-0.250242,8.134197
-0.050627,0.859121,-0.013546,-1.807416,-0.635268,8.946433
-0.066448,0.823421,0.019856,-1.984395,-1.107073,9.731961
-0.080329,0.791368,-0.018509,-2.687428,-0.621741,9.087076
-0.108266,0.736321,-0.019619,-1.973727,-0.534428,7.360291
-0.139318,0.676427,0.009296,-1.740697,-1.438267,8.066173
-0.149661,0.607807,-0.004510,-2.229646,-1.537125,8.520322
-0.158445,0.547653,-0.017860,-2.076392,-0.204271,8.038795
-0.196672,0.472538,-0.003279,-0.726036,-0.279698,7.378727
-0.237565,0.372857,0.027412,-1.027456,-2.224697,8.167790
-0.222807,0.300315,0.004875,-1.149802,-1.073638,8.050030
-0.247589,0.209877,0.002836,-0.499046,-0.898260,6.258393
-0.267195,0.109129,-0.000266,0.895761,0.874552,4.745117
-0.294118,0.018600,0.004694,1.279658,-1.780668,3.966828
-0.299104,-0.062362,0.027579,0.746242,-0.194098,2.684541
-0.300482,-0.142962,0.007865,1.100381,-0.521026,1.673429
-0.304155,-0.236656,0.029296,2.305735,-0.895861,0.999755
-0.332040,-0.343618,0.053583,1.683004,-2.830556,0.577890
-0.322685,-0.427697,0.001284,1.449314,-1.050506,-1.112319
-0.327914,-0.494492,0.009001,1.843781,-0.154617,-3.545295
-0.339330,-0.580413,0.024349,2.392891,-1.598132,-5.592319
-0.321359,-0.645714,0.054784,2.176535,-0.658481,-6.650544
-0.317594,-0.696578,0.000171,1.451681,-0.695261,-7.494764
