-1.571017,0.926259,-0.000291,-5.045995,-7.423149,1.763550
-1.591927,0.846492,0.018724,-4.166222,-6.388560,0.233464
-1.639545,0.774301,-0.001115,-5.715553,-7.137866,-0.879857
-1.685883,0.687438,0.040831,-4.551551,-7.572221,-2.926179
-1.697096,0.646303,0.003959,-5.886154,-7.065790,-3.783083
-1.734969,0.560812,0.034414,-4.647283,-7.834586,-4.728034
-1.778143,0.501111,-0.000393,-5.518334,-7.485269,-5.445943
-1.804126,0.453157,0.063280,-4.775344,-9.207988,-6.714642
-1.828315,0.424846,0.025125,-5.719931,-8.158632,-8.468588
-1.851597,0.356549,0.065197,-4.618640,-9.386894,-10.743482
-1.847392,0.346711,0.034686,-5.377284,-8.016479,-12.116819
-1.847842,0.315472,0.066723,-4.247210,-8.262797,-13.403256
-1.834128,0.314579,0.043598,-4.420535,-6.196085,-13.473589
-1.832221,0.299779,0.075270,-4.136598,-8.255464,-13.988173
-1.816629,0.311559,0.016689,-4.405702,-6.737431,-14.166269
-1.812044,0.292810,0.062945,-3.343676,-7.106889,-13.675846
-1.778386,0.333355,0.042715,-3.886693,-6.338635,-14.425673
-1.745945,0.346501,0.077972,-3.623750,-8.039157,-13.219833
-1.727849,0.354540,0.053964,-3.083523,-7.076921,-12.488974
-1.689425,0.373811,0.054430,-2.373436,-7.706909,-10.509115
-1.621803,0.399361,0.045906,-3.205951,-7.222753,-9.249127
-1.548145,0.410820,0.062738,-2.437785,-7.168816,-7.029390
-1.473329,0.457385,0.037864,-2.598562,-6.556867,-6.637155
-1.409745,0.497319,0.059866,-2.329744,-7.272554,-4.600050
-1.366439,0.533626,0.023588,-2.543618,-4.373849,-4.027694
-1.313067,0.592631,0.034775,-2.772555,-6.283444,-2.044382
-1.257531,0.618858,0.027554,-2.659379,-5.141454,-0.700810
-1.195526,0.660621,0.028617,-2.608282,-5.840331,1.921085
-1.171147,0.703660,0.030698,-2.702356,-5.852085,3.190020
-1.116170,0.740141,0.020861,-2.992032,-5.742402,5.622600
-1.075202,0.773458,0.014319,-2.950374,-4.910006,6.136790
-1.028099,0.819615,0.027517,-3.689556,-5.583148,7.648826
-0.965138,0.839533,0.027977,-2.243239,-4.078663,7.994678
-0.911145,0.848353,0.010416,-3.286365,-4.186714,9.707639
-0.886432,0.833067,0.057581,-2.144004,-4.033585,9.792598
-0.795249,0.880633,0.012832,-3.072576,-3.675261,11.501528
-0.766022,0.845419,0.031640,-1.299981,-2.752764,11.455719
-0.735144,0.868855,0.007915,-2.612339,-4.058016,11.934565
-0.703469,0.847217,0.031801,-1.041649,-3.146460,11.309251
-0.673464,0.839822,0.010685,-1.724334,-3.607294,11.092210
-0.633248,0.827900,0.022863,-1.133663,-3.523363,10.001830
-0.581254,0.823833,0.007163,-1.511425,-3.144855,9.292906
-0.541195,0.760981,0.030856,-0.607488,-3.070777,8.741207
-0.456222,0.734147,-0.018364,-0.539400,-0.254369,9.190072
-0.399367,0.654955,0.018471,0.014954,-3.127881,8.962982
-0.348811,0.592395,0.016305,-0.238906,-1.112487,8.188088
-0.279565,0.527619,-0.011356,0.804079,-1.345081,8.177645
-0.210256,0.440966,-0.016247,1.137053,1.829625,6.205744
-0.163133,0.358761,0.012087,0.715916,-0.772561,4.294053
-0.091048,0.280438,-0.012039,1.378463,1.535049,1.869603
-0.035384,0.189400,-0.003114,0.761959,-0.205579,0.568994
0.009526,0.105622,0.010642,0.748163,0.455862,-1.094095
0.075001,0.047697,-0.011498,0.050444,0.363311,-1.024348
0.125061,-0.045235,-0.010171,0.003666,1.018800,-1.679481
0.183092,-0.095263,-0.007480,-0.947233,-0.154399,-2.027743
0.221335,-0.181581,-0.003869,-0.838998,0.210155,-4.385268
0.248960,-0.248422,0.004645,-1.377275,-1.419060,-5.338608
0.288842,-0.299434,-0.005002,-1.860935,0.989268,-6.810082
0.335758,-0.333555,-0.021013,-1.816846,0.294183,-7.368045
0.358784,-0.396578,-0.014583,-1.943564,1.791332,-7.769989
0.390036,-0.426543,-0.001096,-2.537164,0.602233,-6.889181
0.424298,-0.478071,-0.025750,-1.560221,2.456794,-7.352460
0.448470,-0.503018,-0.028041,-2.111100,1.996862,-5.301720
0.459138,-0.514398,-0.005530,-1.513558,2.377165,-5.788328
0.471605,-0.516298,-0.016342,-1.589103,2.534877,-5.687251
0.473994,-0.537454,-0.025704,-0.113523,2.294215,-5.908067
0.488546,-0.530019,-0.006370,-0.664857,2.176283,-5.101106
0.504055,-0.534697,-0.017455,0.545581,3.304060,-5.423182
0.517237,-0.512008,-0.016123,0.840600,3.157480,-3.406648
0.495698,-0.499387,-0.021539,1.394173,3.169231,-3.366859
0.503129,-0.474677,-0.004664,2.176821,1.419222,-2.784295
0.502046,-0.451431,-0.021332,2.377736,2.425890,-2.891936
0.487160,-0.427824,0.004580,3.082597,-0.189012,-1.649264
0.472353,-0.398465,-0.015075,3.404850,2.152886,-1.825102
0.474388,-0.338393,-0.016937,3.723250,2.109525,-0.186608
0.429386,-0.312049,-0.020902,3.670623,1.680442,-0.393248
0.392682,-0.270358,0.001645,3.485506,0.757266,-0.057965
0.365503,-0.235876,-0.023048,3.794525,1.386972,-1.037390
0.327135,-0.196290,-0.006003,2.833532,0.127901,-0.106084
0.269256,-0.126010,-0.004792,1.937922,0.795519,-1.396823
0.243968,-0.070346,-0.014127,2.027598,0.944919,-0.026199
0.206056,-0.022958,-0.033601,1.102164,2.697708,0.427163
0.140358,0.013113,0.008056,0.277694,0.044392,0.615728
0.109732,0.063371,-0.036487,-0.404370,0.780246,0.799048
0.053970,0.090231,-0.014084,-0.404144,0.719022,0.251759
-0.007392,0.159251,-0.035893,-1.971531,1.227862,-0.171083
-0.068366,0.192101,-0.002257,-1.587683,-0.483394,-1.090191
-0.141972,0.226265,-0.027266,-2.490363,-0.788106,-0.252228
-0.186025,0.251323,-0.000905,-1.857962,-0.750414,0.466983
-0.244499,0.277931,-0.035039,-3.026874,-0.867496,2.461933
-0.294556,0.303553,0.010715,-1.808574,-1.225176,3.183760
-0.346950,0.338035,-0.006246,-2.761017,-2.037839,4.565761
-0.407196,0.337612,0.017851,-1.689783,-2.410284,3.680362
-0.426828,0.365513,-0.023761,-1.439172,-1.011598,3.019206
-0.493898,0.364397,0.013771,-0.699196,-2.101102,2.471343
-0.527579,0.394914,-0.005080,-0.853244,-0.986504,2.367761
-0.602606,0.377851,0.014637,0.560029,-2.539173,2.357004
-0.646646,0.394585,0.000700,0.278032,-2.858649,2.876991
-0.706567,0.371789,0.022344,0.967134,-2.983470,1.860639
-0.761706,0.362532,0.015018,0.877339,-4.397922,1.150453
-0.785934,0.352321,0.031647,1.512961,-3.291133,-1.123677
-0.810217,0.353430,0.019436,1.035323,-3.293277,-2.372150
-0.828211,0.355833,0.032983,1.833422,-3.473404,-3.729655
-0.843274,0.357133,0.004603,0.234392,-3.371139,-4.172184
-0.877346,0.359828,0.033646,0.178702,-3.042859,-5.304124
-0.896335,0.401098,0.014312,-1.776472,-3.617529,-3.747565
-0.935541,0.410358,0.040188,-2.098657,-2.764906,-3.775437
-0.947909,0.467879,0.002318,-4.096959,-4.050719,-1.945632
-0.974401,0.462250,0.014696,-3.974422,-3.745318,-1.125229
-0.995796,0.507938,0.010761,-6.031976,-4.711339,0.175733
-0.994106,0.501330,0.027330,-5.569021,-4.122696,0.365802
-0.981308,0.518458,0.019571,-6.956629,-4.998999,1.973978
-0.960490,0.509720,0.005919,-6.269933,-4.758262,2.418837
-0.949550,0.536495,-0.011091,-6.841928,-3.546550,4.104251
-0.979876,0.540457,0.037654,-5.843233,-5.328313,3.961823
-0.968811,0.586519,-0.018716,-6.085966,-4.191660,3.899939
-0.981875,0.583726,0.019814,-4.560446,-4.759269,2.950339
-1.011250,0.642781,-0.007457,-5.209735,-4.930449,2.673444
-1.055934,0.648531,0.016111,-3.383019,-6.963827,2.683935
-1.094873,0.682777,-0.000045,-3.274088,-5.819904,3.519814
-1.119374,0.736727,0.037975,-2.257852,-6.944330,4.252559
-1.131190,0.778289,0.020375,-2.126292,-6.032143,4.853110
-1.161021,0.782937,0.066956,-1.070397,-7.825382,4.186883
-1.141346,0.813244,0.003178,0.002011,-5.303816,4.166771
-1.152339,0.790431,0.044668,1.149821,-5.425073,3.273971
-1.131926,0.793730,0.050760,1.299868,-3.934885,2.087546
-1.108555,0.756327,0.070839,2.378956,-4.816903,2.655383
-1.099134,0.714088,0.051519,2.537202,-3.387174,3.593586
-1.096987,0.667241,0.076908,2.887609,-4.885660,3.926826
-1.068341,0.633160,0.037667,2.268112,-2.872511,3.050576
-1.050419,0.587911,0.086424,2.573306,-4.021502,1.374590
-0.979227,0.563296,0.032228,2.071467,-1.914334,-0.724910
-0.938094,0.492405,0.055070,1.534808,-3.952574,-1.095605
-0.897513,0.446185,0.045125,0.170709,-4.023373,-1.527438
-0.826623,0.390669,0.057470,-0.440540,-3.779832,-0.816188
-0.776076,0.338154,0.047704,-1.718987,-3.095979,-0.005356
-0.700974,0.297425,0.030633,-2.329488,-3.909275,0.605501
-0.642356,0.227082,0.032031,-3.244763,-2.401202,0.229889
-0.586046,0.182635,0.045952,-4.103445,-3.223193,-0.354111
-0.521182,0.124513,0.024176,-4.922131,-2.324882,-2.207973
-0.462482,0.066256,0.051709,-5.181066,-2.534662,-2.240881
-0.382358,0.030021,0.029736,-4.718288,-0.478454,-2.930727
-0.289159,-0.001674,0.046273,-5.570652,-0.614528,-1.503136
-0.234280,-0.068038,0.060496,-4.892080,-0.468938,-1.196752
-0.124883,-0.087960,0.023661,-4.192996,1.147505,-0.877362
-0.066663,-0.141824,0.046214,-3.017378,1.096253,-2.147428
-0.012351,-0.151583,0.040096,-3.039849,-0.610300,-4.255258
0.062780,-0.192059,0.025729,-0.229912,0.928760,-5.913397
0.134127,-0.220790,0.014526,0.384643,2.477450,-6.390416
0.186056,-0.258141,0.040700,1.866929,0.261099,-6.875076
0.248166,-0.289869,0.011457,2.493941,0.547354,-6.863593
0.307312,-0.340218,0.043080,4.458529,0.769650,-6.500182
0.403859,-0.352997,-0.005320,4.908660,3.335535,-6.259220
0.491129,-0.397080,0.044008,6.131004,2.088806,-6.407616
0.573114,-0.394536,0.018333,5.813848,3.051342,-6.757719
0.676619,-0.419562,0.059541,6.107554,3.541430,-6.213954
0.737381,-0.410233,0.032267,5.270371,4.058479,-5.386969
0.816123,-0.409892,0.018051,5.641428,4.610411,-3.572103
0.882185,-0.407262,0.016338,4.274513,5.299093,-1.758810
0.947752,-0.396112,0.026011,3.444893,4.899791,0.296090
1.001252,-0.394208,-0.004234,2.692607,5.096990,0.510425
1.048612,-0.391064,0.003155,1.067981,4.244105,1.873810
1.097457,-0.390171,0.010830,0.932311,4.591718,1.251779
1.177762,-0.381354,-0.026328,-0.812823,5.271028,2.541534
1.207843,-0.428549,0.002138,-0.040810,4.827029,2.056808
1.264484,-0.409137,-0.038125,-1.165492,5.658635,3.252398
1.293764,-0.439663,0.009425,-0.869291,4.799125,3.508367
1.307629,-0.439831,-0.031606,-1.353887,5.679544,3.377316
1.347819,-0.436906,-0.012774,-1.138500,4.726784,4.165956
1.362718,-0.456374,-0.012942,-1.115713,5.586569,3.460452
1.334289,-0.473138,0.043447,-0.596530,-0.458343,3.536565
1.383223,-0.460812,-0.023331,-0.006423,6.564385,3.981871
1.411928,-0.464571,-0.006315,0.936181,6.762723,5.559051
1.391774,-0.474408,-0.021575,1.828676,6.534376,5.591396
1.423929,-0.483149,-0.029279,2.955859,5.924096,6.679555
1.435716,-0.520267,-0.019487,4.140383,7.832817,5.507242
1.445813,-0.500678,-0.017646,4.193072,7.047668,5.537969
1.458188,-0.532373,-0.011366,5.720276,8.566885,3.533431
1.453054,-0.539371,-0.017938,5.903469,7.412091,2.516590
1.448481,-0.559128,-0.001358,6.955664,7.434946,0.613153
1.456162,-0.552461,-0.019513,5.981551,6.219879,1.970731
1.434823,-0.561445,0.003204,6.565090,7.207611,1.823618
1.438417,-0.538754,-0.054294,5.773615,6.162548,2.372153
1.423430,-0.545246,-0.009544,5.745272,5.657509,2.918682
1.399737,-0.511611,-0.030569,3.855296,5.522542,3.246787
1.394548,-0.504574,-0.013749,3.489324,4.791405,3.139326
1.376412,-0.504574,-0.038614,2.234405,6.097359,3.749173
1.347504,-0.499473,0.010469,1.878208,5.201290,3.530145
1.313836,-0.506661,-0.037179,1.048933,5.744290,2.901787
1.276754,-0.534483,-0.012039,1.125027,5.462529,2.426985
1.231621,-0.530882,-0.032699,0.028945,6.435483,0.942750
1.176663,-0.564203,-0.007555,0.142508,4.167601,0.162960
1.119023,-0.562171,-0.020390,0.352915,6.880858,-1.469754
1.058216,-0.579522,-0.024394,0.711630,5.277803,-2.021654
0.978909,-0.600936,-0.036864,0.531903,6.898402,-2.886947
0.899730,-0.603585,-0.004224,0.801017,4.272422,-2.587994
0.829893,-0.604140,-0.028386,0.782796,3.846559,-2.879712
0.764592,-0.611545,-0.010880,1.707196,3.667692,-2.490528
0.697069,-0.587649,-0.040288,1.630171,4.694915,-2.733500
0.612028,-0.594155,0.018826,1.842443,2.481517,-2.691989
0.529527,-0.598281,-0.005441,2.224843,2.768964,-3.161685
0.479906,-0.589195,0.018809,3.372390,0.551427,-3.215478
0.422821,-0.570472,-0.014954,2.645882,2.547688,-2.702356
0.343445,-0.559180,0.037450,3.429564,1.541312,-2.469489
0.286702,-0.546595,-0.010450,3.228472,2.604783,-2.568639
0.212765,-0.537168,0.041179,3.317189,-1.282737,-2.213484
0.179855,-0.491431,-0.002405,2.886724,2.256631,-3.110688
0.127809,-0.448848,0.027038,2.769889,1.613020,-3.089035
0.048768,-0.409294,0.011716,1.992407,1.166405,-4.049459
0.000824,-0.350282,0.032037,1.395453,-1.160528,-3.216633
-0.030195,-0.306711,0.008296,1.086477,0.643089,-3.774856
-0.070332,-0.264906,0.012678,0.193749,-0.645777,-3.390145
-0.105776,-0.205973,0.015671,0.107549,0.039774,-4.438735
-0.130158,-0.150769,0.023240,-0.990082,-0.911224,-3.024369
-0.166380,-0.104513,0.013009,-0.904916,0.642088,-4.195410
-0.162634,-0.049292,0.024760,-2.000840,-0.816257,-3.181927
-0.183734,-0.012490,0.019820,-1.830875,0.223534,-3.992389
-0.214320,0.050159,0.021281,-2.467491,-0.846206,-2.844022
-0.226823,0.107290,-0.001096,-2.016888,-0.232656,-2.939506
-0.230633,0.158647,-0.000764,-2.641536,-1.031358,-0.261469
-0.243632,0.205921,0.017349,-1.849240,-0.505400,-0.455285
-0.240018,0.252075,0.016617,-2.252777,-1.009750,1.476788
-0.255728,0.262247,0.032648,-1.400045,-0.933276,0.711244
-0.229596,0.325346,0.016249,-1.040576,-0.739641,1.510364
-0.225021,0.336224,0.025482,0.079205,-0.173145,0.999714
-0.205405,0.379230,0.033685,0.127943,-0.194763,1.675424
-0.191139,0.358544,0.032192,2.221301,0.152410,1.007806
-0.175905,0.355331,0.026503,1.400022,-0.361944,2.749196
-0.165956,0.341311,0.069080,3.117439,-0.897707,1.747196
-0.150289,0.345020,0.026379,2.647768,-0.250089,2.260806
-0.135902,0.331664,0.070225,3.506661,-0.597108,2.002117
-0.112679,0.331300,0.043444,2.988778,-0.395665,2.300642
-0.070473,0.282487,0.055415,3.516636,-0.657676,2.955116
-0.061506,0.263875,0.042302,2.574314,-0.608157,2.433379
-0.009719,0.258781,0.054644,2.435477,-0.366316,2.993827
-0.002353,0.222825,0.050235,1.749575,-0.101023,2.598792
0.072066,0.215318,0.037683,0.749111,0.117387,3.724779
0.093678,0.155528,0.042718,0.534850,0.631492,4.213630
0.143551,0.136851,0.036738,-0.303547,1.156804,5.988725
0.162553,0.074537,0.035179,-0.216300,0.978518,5.505968
0.183781,0.017850,0.018744,-1.122462,1.426200,5.484361
0.225704,-0.053767,0.047412,-0.487783,1.185581,3.576093
0.250237,-0.122022,0.006681,-1.497438,1.302095,2.836239
0.287496,-0.208186,0.046973,-0.486398,1.726681,0.887106
0.364384,-0.258341,-0.007749,-1.303761,2.611843,-0.696827
0.427564,-0.357481,0.057496,0.037896,0.283672,-1.713963
0.535504,-0.385851,-0.000751,-0.357907,4.514971,-1.242918
0.614673,-0.474779,0.040198,1.160664,3.114677,-0.545935
0.725154,-0.522689,0.020181,1.112452,4.559022,0.806177
0.820269,-0.611542,0.032441,2.593353,5.422664,0.849266
0.905560,-0.663417,0.020703,2.524281,5.346292,0.086801
0.968701,-0.760857,0.008322,4.482905,5.396224,-2.527482
1.046793,-0.826023,0.024662,4.909537,4.658082,-3.180179
1.119092,-0.913874,0.024143,6.103149,4.517811,-5.604696
1.205873,-0.978253,-0.003961,6.107975,4.811582,-5.733430
1.279278,-1.053138,0.027974,7.554716,5.589684,-7.680846
1.377909,-1.109357,0.005765,6.566978,5.194003,-6.708396
1.450969,-1.167587,0.029687,7.518346,6.230246,-7.627001
1.552748,-1.201813,0.024524,6.694110,6.789120,-6.154226
1.584407,-1.253958,0.008243,6.536100,7.284995,-7.054528
1.645844,-1.265598,0.001199,5.727875,7.589418,-7.080368
1.662821,-1.303792,0.022092,5.269040,7.999532,-7.596840
1.734027,-1.302542,-0.020711,4.477703,8.199226,-6.413088
1.768037,-1.340089,0.016705,4.121670,8.486948,-5.107992
1.839781,-1.340339,-0.032984,2.612110,9.718148,-3.584639
1.901757,-1.382692,0.001409,3.329408,10.301024,-2.277097
1.964815,-1.387659,-0.011672,2.446481,10.401706,-2.370299
2.032158,-1.407557,-0.017895,2.719249,11.063731,-1.363878
2.061257,-1.419144,-0.018758,2.374491,10.953651,-2.139786
2.119746,-1.412333,-0.015978,2.903170,10.138838,-1.436955
2.171008,-1.422180,-0.040531,3.442511,11.571606,-0.730812
2.195006,-1.404212,-0.002747,3.397955,8.589787,0.690636
2.236903,-1.396393,-0.035046,3.970665,10.151151,0.821502
2.249718,-1.373209,-0.011251,4.168596,8.286959,3.127963
2.279260,-1.360194,-0.039123,5.031358,9.463670,3.624318
2.313909,-1.354713,-0.013539,5.911830,9.753247,4.464400
2.346546,-1.335087,-0.035052,6.481133,9.745944,4.151260
2.353266,-1.323543,0.001560,7.083644,9.521392,4.758012
2.388670,-1.302597,-0.036431,8.061978,11.217707,4.210171
2.404715,-1.295031,-0.009495,8.531813,11.282453,5.403479
2.412573,-1.297024,-0.013034,8.821163,12.302815,4.534581
2.426139,-1.269238,-0.016241,9.128816,12.765123,5.706106
2.410971,-1.242496,-0.004312,9.031741,12.245993,3.699393
2.396160,-1.214077,-0.013730,8.389322,12.168465,3.978462
2.354162,-1.197687,-0.000971,8.833744,11.287442,3.367175
2.343615,-1.146475,-0.037544,7.163834,11.244934,4.261015
2.305588,-1.143406,0.008502,7.503766,9.908345,4.167819
2.277093,-1.113588,-0.044929,6.644263,10.144353,3.960301
2.218705,-1.101722,-0.011832,6.323976,9.195971,3.410156
2.178916,-1.081591,-0.030989,5.050285,9.361796,2.180517
2.146091,-1.075269,-0.023515,4.720029,8.253665,2.218027
2.102271,-1.064785,-0.031159,3.708618,9.168569,1.218263
2.040833,-1.056408,-0.031389,3.370300,8.315073,1.387533
1.956721,-1.050604,-0.021732,2.862323,8.778222,0.702705
1.899357,-1.038453,-0.011353,2.107510,8.691670,1.794889
1.802033,-1.055886,0.006631,2.504603,7.776520,0.775721
1.764019,-1.039684,-0.047046,2.409297,8.928735,1.630421
1.686117,-1.062973,-0.018046,3.335667,9.664838,0.565250
1.623340,-1.031858,-0.042963,2.694393,9.180504,0.922505
1.540656,-1.052603,-0.000364,3.703113,8.307740,-0.569671
1.486292,-1.044085,-0.015735,3.765768,8.300276,0.061652
1.440659,-1.060803,-0.001256,5.173744,8.315664,-0.822783
1.403361,-1.058676,-0.024568,5.149378,8.391416,0.008008
1.337381,-1.097343,0.005637,6.578850,7.234104,-1.186213
1.306890,-1.088763,-0.025717,6.834624,7.721621,-2.492261
1.257119,-1.101292,0.002197,7.424475,6.003711,-2.797247
1.224810,-1.098814,-0.012696,7.014794,5.935988,-4.411105
1.195740,-1.091750,-0.011839,7.623903,4.904134,-3.404874
1.173151,-1.084322,-0.018076,7.463201,6.716411,-3.884469
1.143205,-1.051408,-0.001670,6.566534,4.928267,-2.688057
1.125096,-1.036306,0.001107,5.894275,5.720286,-3.242251
1.085706,-1.003787,0.009346,4.968463,4.802782,-2.861336
1.071231,-0.973519,-0.017399,4.517663,5.723060,-4.228676
1.040931,-0.933411,-0.028990,3.170622,5.405198,-3.557107
0.971835,-0.901148,0.017017,2.813611,5.324857,-4.896298
0.923393,-0.828994,-0.032180,1.056598,4.742828,-4.225553
0.857226,-0.810346,-0.002855,1.100028,4.823974,-4.377930
0.813070,-0.754111,-0.025674,-0.139185,4.336715,-3.377404
0.750629,-0.729674,-0.001811,0.102321,4.022363,-2.877287
0.648285,-0.677289,-0.003915,-1.227625,2.578097,-2.085402
0.592100,-0.642515,-0.004207,0.075999,2.643240,-3.340779
0.526215,-0.585276,-0.009663,-1.009087,2.025882,-3.372670
0.471007,-0.544137,0.015287,0.500923,2.031016,-4.425481
0.414126,-0.512146,-0.013431,-0.244371,2.242379,-2.785373
0.327315,-0.489721,0.033685,1.066786,-0.525698,-1.899244
0.308520,-0.439177,-0.021283,1.900545,2.257202,-0.561366
0.281371,-0.428592,0.017634,3.201205,1.981195,-0.602673
0.257820,-0.389130,0.008191,3.430519,3.297338,-1.353726
0.242464,-0.381587,0.014900,4.953255,1.603114,-1.906935
0.238663,-0.371395,-0.003876,5.562009,4.533451,-2.287758
0.268980,-0.343199,0.029513,5.930056,3.338322,-1.254097
0.303899,-0.333096,0.023490,6.408248,4.069134,-1.646161
0.336812,-0.333112,0.030232,6.446534,3.366975,0.622018
0.391632,-0.329741,0.029182,6.712632,3.966880,1.378254
0.459407,-0.317159,0.013912,5.915607,2.885631,2.877562
0.536722,-0.327299,0.023112,6.167787,4.458796,2.930775
0.607813,-0.296913,0.014595,4.538342,3.262974,2.229841
0.684445,-0.309170,0.020913,4.258990,3.326433,1.676420
0.763374,-0.306869,0.008939,2.655414,3.016476,2.962223
0.865698,-0.306308,0.013803,2.400418,3.841021,3.719842
0.975971,-0.310398,0.008834,0.445214,3.775369,5.474580
1.052629,-0.334012,0.013987,0.572852,4.666883,4.802907
1.153059,-0.315525,0.004580,-1.270628,4.820018,5.417950
1.219384,-0.360672,0.020148,-0.962059,5.433447,4.830330
1.267396,-0.380960,0.018051,-1.656052,4.914474,4.839529
1.348528,-0.402270,0.014138,-1.122285,5.965432,4.208003
1.411098,-0.416683,-0.000311,-1.639692,6.270314,4.590413
1.431042,-0.472783,0.030019,-0.434673,5.923479,3.540382
1.496618,-0.489100,-0.014035,0.022676,7.017784,5.455562
1.544178,-0.564918,0.006795,1.671549,7.578793,5.878434
1.621788,-0.594746,0.020198,2.246196,8.343062,5.883282
1.688871,-0.651394,0.007843,4.430957,8.370677,4.901944
1.724511,-0.714401,0.027560,4.587490,6.582527,3.767013
1.751536,-0.791676,0.048085,6.722710,8.073348,2.122733
1.807770,-0.827464,0.018881,7.213766,8.821189,1.438817
1.855989,-0.899612,0.036584,8.851722,8.748863,0.910557
1.898609,-0.956510,0.039610,8.885849,8.477947,0.519309
1.950415,-1.010519,0.032487,10.004567,8.929457,0.794593
1.995480,-1.081026,0.016226,9.754776,9.484015,1.400163
2.048856,-1.144029,0.030482,9.762667,9.712650,1.934691
2.149672,-1.188838,0.022610,10.146112,12.055001,0.556133
2.208786,-1.249494,0.016249,9.231559,10.584685,0.129170
2.255439,-1.335957,0.022328,8.796715,12.021471,-1.399115
2.339177,-1.367078,0.021222,7.425881,11.695367,-0.468618
2.420542,-1.455418,0.040014,7.376677,13.541476,-1.508688
2.472858,-1.500666,0.015760,5.481640,12.645643,-1.096085
2.533855,-1.563282,0.022403,6.128271,12.770549,-2.349773
2.588285,-1.610438,-0.003951,4.205891,12.666663,-1.900716
2.629328,-1.676661,0.040217,4.508982,11.466026,-2.338768
2.694803,-1.712052,-0.020981,3.585737,12.103535,-2.648148
2.740107,-1.788254,0.018419,3.888293,11.424103,-2.371862
2.774878,-1.829790,-0.004197,3.392832,12.075247,-3.220935
2.833667,-1.875022,0.014696,4.097367,10.847618,-3.089486
2.851786,-1.936013,-0.000853,4.378046,12.416312,-4.405345
2.865772,-1.976368,-0.000258,5.188250,11.849389,-5.043503
2.888286,-1.991188,0.001885,6.377369,13.256435,-5.149278
2.915137,-2.007630,-0.011461,6.962834,13.044387,-4.262556
2.914694,-2.039466,-0.005757,7.508753,13.513926,-3.433201
2.877622,-2.044308,0.006795,7.927434,11.641141,-0.939905
2.873338,-2.042614,-0.029006,8.625179,14.442666,-1.366639
2.883212,-2.021885,0.006884,9.736832,13.811292,-1.587216
2.873650,-2.034132,-0.008438,10.188276,15.676560,-2.387150
2.891037,-1.998028,0.011404,10.269490,14.220927,-2.073864
2.858334,-2.004488,0.012415,10.743690,15.084530,-1.854342
2.813293,-1.996217,0.055845,10.843969,9.728717,-1.541537
2.815495,-1.950207,-0.000068,10.697979,14.622294,-1.500475
2.794671,-1.911759,0.034929,10.599506,11.377328,-0.389364
2.765284,-1.858722,0.012061,9.916306,13.307983,0.697827
2.791500,-1.822260,0.017237,10.069852,11.885735,1.587828
2.777153,-1.821046,-0.013792,9.817301,13.296507,2.595037
2.732321,-1.764194,0.013977,8.858691,11.993711,2.316529
2.698827,-1.725760,-0.037764,9.011275,12.302096,1.313263
2.664775,-1.673796,-0.023928,7.651716,11.255527,2.361807
2.628767,-1.640029,0.000641,7.421876,11.206868,2.852017
2.577578,-1.630848,-0.008481,6.744260,9.929130,5.147001
2.504602,-1.637039,-0.001827,7.173179,11.472004,4.201409
2.457240,-1.585294,-0.023006,6.101827,11.422239,4.523712
2.431214,-1.572467,0.013633,6.639484,11.330012,2.791303
2.370397,-1.543440,-0.004023,6.238908,11.397023,1.610551
2.316877,-1.536665,0.009490,6.597305,12.046191,0.890592
2.264853,-1.528121,0.003989,5.885636,12.016245,2.614326
2.203938,-1.517975,0.027550,6.863185,11.868683,2.494853
2.165930,-1.476537,0.012241,6.771254,11.515493,3.537708
2.078555,-1.477936,0.012166,7.036698,11.452962,3.369223
1.977331,-1.462774,0.033029,6.939827,9.730398,3.130915
1.916288,-1.453833,0.010406,7.547390,10.381867,1.651370
1.857391,-1.410984,0.021783,6.934992,8.697165,1.436148
1.802194,-1.377657,0.018103,6.931644,8.949444,0.478661
1.799302,-1.340631,0.033764,6.802549,8.346716,1.836842
1.764305,-1.343772,0.014647,6.696887,8.906989,2.929939
1.701403,-1.336997,0.057329,6.315796,8.038951,4.032957
1.648710,-1.297608,0.017923,6.853486,9.179244,3.531668
1.649137,-1.238964,0.036374,5.989860,9.145619,3.117141
1.626708,-1.204255,0.049881,5.554152,8.987037,1.162218
1.644683,-1.170903,0.029983,5.280820,9.405469,1.784207
1.568921,-1.188316,0.043355,5.617982,8.612718,2.284032
1.515647,-1.139027,0.037388,5.022798,8.717559,3.705562
1.520062,-1.096588,0.049224,4.800915,8.412617,2.795856
1.562051,-1.064496,0.066401,4.510475,6.817707,2.713718
1.586039,-1.047204,0.050278,4.703423,8.015452,2.904687
1.546213,-1.047125,0.063559,4.230305,7.135099,3.301530
1.476271,-1.069994,0.042029,5.060713,7.259395,2.404854
1.507401,-1.004269,0.059301,4.701230,6.656792,1.624586
1.559067,-0.977941,0.066716,4.816979,7.257613,-0.240452
1.564729,-0.991104,0.084980,5.167704,5.386475,0.918299
1.517107,-1.020665,0.053826,5.932148,6.507434,1.769933
1.462077,-1.050952,0.068541,5.888042,4.537821,3.038758
1.436835,-1.034694,0.073567,6.186238,6.163973,-0.778791
1.511878,-0.993172,0.066434,6.743015,5.767048,-2.828508
1.529692,-1.010628,0.082544,6.669866,7.285782,-3.350859
1.469978,-1.060918,0.104586,6.701088,6.135144,-0.541237
1.413323,-1.086967,0.068193,7.029752,8.198596,1.190616
1.414695,-1.087414,0.099577,7.019747,7.726834,0.339003
1.484014,-1.060278,0.081349,6.429975,8.197309,-2.728568
1.507395,-1.080914,0.089743,6.423630,7.919204,-3.049094
1.436934,-1.125861,0.093252,5.797046,8.804924,-2.140241
1.420889,-1.154966,0.088679,5.853087,8.150613,0.044376
1.464657,-1.141761,0.078313,5.166989,10.065991,-0.914801
1.551346,-1.123113,0.114167,5.272332,8.359901,-3.225395
1.592479,-1.137294,0.085755,4.331395,9.721837,-3.767102
1.538003,-1.177874,0.124520,4.508088,8.154332,-1.276431
1.565290,-1.166629,0.058175,4.030106,10.256658,0.846812
1.682972,-1.150939,0.105433,3.832792,8.780969,0.745280
1.781458,-1.150922,0.119675,3.884432,9.034042,-1.493763
1.815829,-1.155134,0.092185,3.915956,8.274006,-1.595235
1.755974,-1.198386,0.098963,4.390390,9.181404,-1.161390
1.815251,-1.197254,0.106545,3.846346,8.789014,-0.374877
2.024969,-1.154776,0.096468,4.182865,10.250379,-1.972324
2.141716,-1.151933,0.121146,4.316860,10.540779,-2.596853
2.092919,-1.198298,0.129454,5.259035,9.426506,-2.878228
2.126456,-1.201567,0.082338,5.665909,10.915378,-0.303670
2.300376,-1.209015,0.117814,6.291204,11.368068,0.689389
2.486073,-1.152974,0.122544,5.840968,12.736592,-0.497931
2.481822,-1.162234,0.137545,6.667598,10.813727,-2.413503
2.371342,-1.192580,0.110130,6.751970,10.618717,-3.382574
2.424150,-1.204856,0.125938,7.580759,10.176163,-3.904811
2.574804,-1.166823,0.112959,6.762644,11.396704,-4.679993
2.615069,-1.138446,0.136934,7.127487,9.669968,-4.773249
2.540079,-1.095062,0.095054,6.241679,10.149506,-4.320906
2.443424,-1.087653,0.113419,5.528881,7.816681,-2.801006
2.516051,-1.035541,0.083989,4.283307,10.607048,-2.561919
2.639665,-0.981506,0.123631,3.842184,9.216296,-2.122412
2.574078,-0.906679,0.075356,2.782307,12.335800,-1.472494
2.363779,-0.873999,0.097548,1.928397,9.831185,0.972898
2.292048,-0.800689,0.070833,0.628929,9.815219,1.988986
2.365575,-0.749214,0.077141,0.386810,10.037013,3.326943
2.332301,-0.735113,0.077768,0.639965,11.159853,2.987645
2.166127,-0.677211,0.082072,-0.277903,9.926310,4.470687
2.008472,-0.619495,0.070485,0.259468,8.897788,3.910805
2.043505,-0.544698,0.053465,-0.353587,10.753120,4.068723
2.087070,-0.513046,0.108292,0.771440,10.406360,2.529126
2.060531,-0.454582,0.076813,0.432528,10.082567,4.465139
1.873659,-0.430187,0.062551,1.097018,10.077890,6.262507
1.771532,-0.370056,0.079219,1.397469,8.186349,7.865295
1.819528,-0.297327,0.082485,2.681802,7.774898,8.045406
1.819768,-0.244959,0.082820,2.436594,6.969001,7.817913
1.651454,-0.233050,0.084786,3.643799,5.110964,6.733140
1.553079,-0.182648,0.030449,3.595659,5.695228,7.263300
1.557691,-0.162363,0.077335,4.474846,4.671140,8.468106
1.595147,-0.100630,0.085820,3.642144,5.083394,9.211637
1.562004,-0.060850,0.094197,4.422908,4.572210,10.089993
1.427589,-0.065856,0.071368,4.136696,5.795214,9.790362
1.330356,-0.051850,0.092083,4.015870,4.646328,9.663532
1.310353,-0.009693,0.051676,3.659361,5.935840,9.186704
1.248253,0.007136,0.091453,3.145879,4.303484,8.443854
1.109563,0.042353,0.068279,2.167276,3.903197,6.693306
0.945139,0.032063,0.072763,1.649842,2.834987,5.531207
0.832755,0.039819,0.070455,0.660732,2.265608,4.758183
0.761520,0.060751,0.056649,-0.103062,1.615423,5.044456
0.644074,0.054232,0.079626,-0.463201,2.356318,4.881681
0.483766,0.064575,0.079400,-1.948183,0.357606,4.665013
0.319175,0.051557,0.059600,-2.113595,1.200969,3.122172
0.151682,0.035178,0.072953,-2.631140,-0.607950,2.144941
-0.003673,0.018779,0.080647,-3.181585,-0.890410,0.258114
-0.120481,0.021697,0.060486,-2.469470,-1.769027,1.266602
-0.339617,0.002481,0.077644,-2.966608,-1.808538,2.252909
-0.529509,0.012273,0.087067,-2.883323,-2.927002,3.505360
-0.648964,-0.005711,0.090547,-2.186911,-2.270318,1.058490
-0.702582,-0.014072,0.091115,-2.147975,-1.507013,0.041400
-0.839660,-0.054836,0.131177,-1.136426,-1.915657,-2.120279
-0.960553,-0.073970,0.118960,-0.382591,-1.998686,-1.599426
-1.079292,-0.126364,0.167730,0.469809,-3.114009,-3.307992
-1.130668,-0.127703,0.141654,0.404892,-3.326084,-5.418066
-1.190609,-0.150014,0.142803,2.975809,-2.704076,-9.306740
-1.325330,-0.168862,0.131525,2.001608,-4.990140,-11.293303
-1.464253,-0.197055,0.166555,2.922125,-6.924277,-11.919817
-1.484243,-0.164453,0.113553,2.320808,-6.926243,-9.986884
-1.485464,-0.158217,0.166269,2.394158,-8.936317,-10.126808
-1.536617,-0.128967,0.155250,1.302511,-8.035419,-10.196055
-1.586097,-0.144309,0.154748,1.241195,-8.225314,-9.180160
-1.572944,-0.126810,0.145669,-0.610173,-7.589598,-7.767352
-1.545201,-0.101316,0.170576,-0.504307,-6.806398,-7.713635
-1.495561,-0.031767,0.142176,-1.971971,-5.066637,-7.929498
-1.536325,-0.024769,0.160926,-2.419456,-7.298288,-7.062567
-1.594306,-0.027641,0.103614,-3.333132,-5.932863,-4.212697
-1.638645,-0.016143,0.139111,-3.144861,-7.407908,-1.816205
-1.632278,0.033773,0.092116,-3.802623,-6.177782,0.444542
-1.653131,0.042042,0.115447,-3.398427,-8.189483,1.061608
-1.704035,0.055309,0.109401,-3.337442,-7.818554,1.380543
-1.777591,0.063578,0.087087,-2.709266,-9.277513,3.105464
-1.807580,0.051423,0.084031,-2.084979,-7.050753,2.794256
-1.785236,0.077794,0.116258,-1.692169,-9.483962,3.506595
-1.788640,0.082468,0.106234,-0.791229,-7.145550,2.264011
-1.815139,0.089095,0.136517,-0.224805,-8.718455,3.659684
-1.868859,0.085810,0.094558,0.690575,-7.282329,2.927142
-1.877203,0.104080,0.118668,1.066237,-7.840366,3.940979
-1.853058,0.135007,0.140588,2.088159,-6.810318,3.624335
-1.824543,0.159349,0.126749,1.829785,-7.083206,3.699398
-1.821366,0.154363,0.149851,3.308884,-5.353247,1.466226
-1.761937,0.149269,0.137236,2.735941,-5.752191,-0.176047
-1.631946,0.110884,0.137588,4.145089,-3.607557,-1.823831
-1.508050,0.082599,0.132024,2.809504,-3.616170,-1.677498
-1.375266,0.043499,0.148042,4.441631,-3.166401,-0.661782
-1.282304,0.007658,0.128177,2.893600,-3.607721,0.725512
-1.162275,-0.024569,0.146224,3.550429,-3.115418,-0.095999
-1.046864,-0.053126,0.127143,2.075348,-4.007030,-0.410393
-0.947548,-0.116855,0.128502,2.053999,-5.503405,-0.873855
-0.823741,-0.152098,0.110960,1.308823,-5.135345,-2.463630
-0.689065,-0.166636,0.113225,0.173391,-5.763590,-2.920327
-0.590057,-0.224112,0.109920,-0.320543,-4.887662,-2.374984
-0.482387,-0.241315,0.108351,-1.510880,-4.803697,1.046311
-0.388844,-0.262277,0.077850,-2.939449,-3.331185,3.102915
-0.257037,-0.256913,0.086631,-3.863426,-2.572062,4.288409
-0.148602,-0.263340,0.116747,-3.712700,-1.393381,1.967992
-0.045504,-0.263987,0.074548,-4.147564,0.892341,1.170765
0.005315,-0.319247,0.110783,-4.262180,0.874574,0.697803
0.072838,-0.335941,0.105735,-4.253931,1.391498,1.251690
0.157968,-0.376017,0.110087,-2.417660,1.586918,1.126542
0.219543,-0.403179,0.102160,-1.676705,2.076251,2.409859
0.243626,-0.464485,0.097302,0.249095,2.040647,3.054213
0.298332,-0.491700,0.075224,1.659050,2.505315,2.681934
0.417271,-0.530318,0.083368,3.053452,1.377269,2.112299
0.552376,-0.556551,0.060838,4.055673,2.773244,-1.254647
0.665974,-0.584580,0.089319,5.317704,2.706200,-2.171288
0.757889,-0.625509,0.056521,6.373409,3.999691,-1.819362
0.889046,-0.656643,0.072211,7.149738,3.870415,1.188492
0.928484,-0.694079,0.180663,6.636781,-10.238414,1.247241
1.087541,-0.681737,0.058340,7.552828,4.174556,1.885185
1.163868,-0.720279,0.070770,8.146319,5.115293,0.294199
1.266405,-0.718723,0.043260,6.568251,7.070169,-0.796467
1.371820,-0.740762,0.060660,6.822643,6.322429,-1.794870
1.485865,-0.735887,0.029953,4.705655,7.582951,-1.538967
1.571619,-0.748085,0.063519,4.299515,6.872258,-1.222596
1.696351,-0.731410,0.028545,2.786187,8.484440,0.348343
1.797345,-0.746230,0.051397,1.910226,8.375151,1.826793
1.836656,-0.740873,0.015904,0.351143,9.432759,1.998951
1.891029,-0.714676,0.038507,-0.550592,7.477293,1.198806
1.919866,-0.698120,0.013078,-1.846469,8.394511,0.346994
1.932854,-0.679869,0.046004,-2.296691,5.957386,-0.645457
1.905640,-0.659597,0.012861,-2.686934,5.701740,-0.617823
1.869618,-0.661557,0.037778,-2.361526,5.142235,0.720721
1.844314,-0.635153,0.008115,-2.903506,5.385093,1.295780
1.857220,-0.613925,0.044918,-1.696366,4.831041,2.279018
1.828657,-0.610242,0.016610,-1.373805,6.008300,1.465005
1.773078,-0.608522,0.064127,0.236776,6.403515,-1.336312
1.720451,-0.587964,0.011076,0.314531,6.725769,-4.170867
1.668920,-0.582496,0.057591,2.205162,4.697494,-5.993472
1.616201,-0.578793,0.044028,3.388514,7.734101,-6.274783
1.518571,-0.541511,0.072398,4.765608,7.148921,-4.107976
1.434695,-0.509231,0.043398,5.603585,8.181461,-2.799484
1.315093,-0.497382,0.066034,6.777966,6.468885,-1.126570
1.196620,-0.465851,0.058356,6.628214,4.872977,-0.921021
1.113072,-0.439289,0.071167,7.517528,4.742868,-0.336684
1.024407,-0.410555,0.035097,7.104440,3.499421,1.106143
0.886797,-0.432570,0.070491,7.971010,3.126664,1.482172
0.735615,-0.427039,0.068909,6.815664,2.333273,3.135868
0.634548,-0.478179,0.076869,8.002085,1.880112,3.483470
0.527666,-0.502420,0.064527,6.523107,0.533289,3.265665
0.405973,-0.553443,0.087005,6.713078,1.842883,-0.085018
0.263259,-0.553915,0.064724,4.965732,0.462929,-3.621262
0.126890,-0.575238,0.081845,4.612850,-0.352284,-8.386185
0.042561,-0.557808,0.077233,2.450143,0.319815,-9.869160
-0.101322,-0.549819,0.109404,1.190229,-1.573137,-9.772662
-0.228188,-0.529389,0.083119,-0.967278,-0.294743,-5.426673
-0.423693,-0.538192,0.085055,-2.358067,-0.943438,-2.557712
-0.591449,-0.513905,0.082206,-3.605246,-1.525759,-1.968974
-0.714800,-0.517687,0.099718,-3.887601,-2.097038,-4.666520
-0.838643,-0.488059,0.086674,-5.298593,-3.236641,-6.337422
-0.995015,-0.511214,0.101921,-4.845322,-4.380863,-9.590581
-1.080171,-0.489907,0.073846,-5.016534,-4.830518,-11.223990
-1.173255,-0.497401,0.089913,-4.172661,-4.134070,-11.406764
-1.244832,-0.454457,0.081294,-4.488291,-4.967307,-8.493695
-1.345570,-0.470672,0.117870,-2.308115,-5.607599,-6.224834
-1.461518,-0.432803,0.091827,-2.189659,-5.822848,-3.403966
-1.582102,-0.421265,0.103158,-0.085780,-6.422313,-3.557395
-1.739646,-0.362319,0.108952,-0.031899,-9.209012,-4.037650
-1.938093,-0.292977,0.142176,1.549429,-10.014519,-7.358749
-2.035719,-0.176894,0.104986,1.169828,-10.534470,-8.386174
-2.137580,-0.128931,0.143374,2.585586,-11.434925,-9.514740
-2.233850,-0.073474,0.136084,1.985947,-10.660549,-6.548206
-2.328933,-0.059786,0.153589,3.803725,-10.665279,-3.483048
-2.396078,-0.000827,0.134532,2.986194,-9.182608,0.427394
-2.428128,0.047989,0.145101,3.761939,-8.131164,-0.035653
-2.487691,0.107211,0.155211,3.111770,-8.275211,-1.204412
-2.553176,0.126341,0.146361,3.212679,-7.857632,-3.392959
-2.617147,0.145265,0.165403,2.170384,-8.716121,-2.993224
-2.663925,0.162113,0.157495,1.990851,-8.855257,-3.671770
-2.648639,0.222211,0.157020,0.842920,-10.367592,-2.680969
-2.670208,0.231054,0.148610,0.362216,-11.006535,-0.581491
-2.719559,0.221591,0.125554,-0.696846,-13.622293,2.627090
-2.721503,0.202550,0.138727,-0.753954,-12.992226,1.961238
-2.627490,0.223964,0.078251,-1.853482,-12.464124,1.492213
-2.588357,0.177423,0.097125,-1.624384,-13.010437,0.300816
-2.578369,0.163896,0.081336,-3.132871,-12.506130,2.094800
-2.577830,0.138703,0.078960,-2.843662,-13.039533,5.317539
-2.521835,0.156868,0.057004,-4.053930,-11.773145,8.330665
-2.499449,0.135588,0.094115,-3.583720,-12.836717,9.049017
-2.497814,0.133513,0.072402,-4.867853,-12.352876,8.499304
-2.496439,0.116665,0.074555,-4.299758,-12.468608,8.136922
-2.498582,0.125343,0.073396,-4.310157,-11.185391,7.027563
-2.504333,0.133044,0.084556,-3.813695,-11.898517,6.271161
-2.517991,0.146210,0.088978,-3.166332,-11.207252,4.337721
-2.494719,0.154354,0.088843,-2.986917,-11.008133,5.521468
-2.450025,0.119405,0.099564,-1.865141,-9.955875,4.086497
-2.417516,0.110008,0.084835,-1.660074,-9.621083,4.264021
-2.392582,0.111331,0.131847,-0.240889,-9.471033,1.861482
-2.341491,0.152374,0.100397,-0.216681,-9.316108,-0.378928
-2.308857,0.116005,0.155769,1.213139,-12.852256,-3.259252
-2.276594,0.087743,0.107297,1.425904,-9.528311,-3.741682
-2.232757,0.037321,0.140890,3.336178,-8.566586,-5.403039
-2.142021,0.018572,0.099610,2.754595,-9.773158,-6.349549
-2.027450,-0.019343,0.158881,3.866721,-10.487039,-6.715071
-1.956120,-0.041208,0.143831,3.345923,-9.001824,-6.945272
-1.878713,-0.060062,0.153829,3.206843,-8.556877,-5.358467
-1.804254,-0.103416,0.147829,2.863969,-8.021321,-6.278948
-1.662378,-0.124427,0.142734,2.252688,-7.121388,-7.359263
-1.550131,-0.145317,0.169122,2.077803,-6.948098,-9.548719
-1.447010,-0.162031,0.124310,0.984147,-5.443093,-8.615592
-1.402034,-0.255282,0.153842,0.823084,-5.960839,-6.786235
-1.330493,-0.278200,0.133599,-0.502128,-4.316885,-4.674920
-1.205508,-0.310394,0.153895,-0.469484,-5.638759,-5.797857
-1.071900,-0.334822,0.125938,-1.597996,-4.481713,-7.549254
-0.974306,-0.429888,0.131128,-0.572277,-3.699695,-8.443582
-0.888864,-0.483093,0.136685,-1.652842,-4.437748,-7.584858
-0.799651,-0.527777,0.111564,-0.262145,-2.948203,-8.052880
-0.664165,-0.530643,0.111886,-1.445132,-2.508389,-8.584265
-0.569473,-0.579016,0.159970,-0.366579,-3.516131,-8.841324
-0.486808,-0.606926,0.110340,-0.889048,-2.251348,-6.840820
-0.458428,-0.684684,0.140440,0.429488,-3.215633,-5.965974
-0.377949,-0.703388,0.104307,0.394507,-1.809276,-6.489794
-0.272009,-0.675178,0.130849,0.882641,-2.249904,-9.667121
-0.173650,-0.671893,0.123913,1.591832,-1.236536,-12.742896
-0.164939,-0.692496,0.092831,1.681052,-1.547006,-12.756213
-0.145146,-0.751676,0.099196,3.042916,-0.455303,-11.969697
-0.062704,-0.717584,0.090478,2.135029,-0.062484,-10.052695
0.070845,-0.661376,0.108256,3.205620,1.292280,-9.239702
0.105016,-0.620939,0.073524,2.157399,1.038000,-9.515698
0.083000,-0.624911,0.091308,2.816549,0.615530,-9.210058
0.081983,-0.576669,0.058533,1.380824,1.164157,-8.940938
0.193760,-0.518281,0.064278,1.875986,2.769702,-8.205053
0.297442,-0.427824,0.047439,0.205021,2.855446,-5.725582
0.345566,-0.358603,0.068834,0.244178,3.066819,-2.249036
0.369413,-0.290151,0.037273,-0.255321,3.106178,0.690260
0.436361,-0.220652,0.032976,-1.198336,3.283771,3.389713
0.513154,-0.193684,0.038238,-0.473367,2.990873,1.612477
0.613462,-0.113258,0.013121,-1.614582,2.796034,0.615148
0.612910,-0.082321,0.021048,-0.443667,1.809733,0.344892
0.603716,-0.027740,-0.007614,-0.662882,1.410123,2.924435
0.649293,-0.003693,0.005545,0.447245,0.972091,4.356180
0.733205,0.035299,-0.020915,0.414562,1.729852,5.298310
0.745268,0.026509,0.009907,1.880545,0.492517,5.108349
0.655812,0.034410,-0.019763,1.818743,0.910608,6.045628
0.584468,0.026039,-0.027536,3.529153,-0.014048,7.021476
0.540077,0.004247,-0.027470,3.849010,0.835900,6.645662
0.518127,-0.000414,0.004383,4.107065,-0.468128,5.567899
0.454507,-0.053484,-0.003049,5.508712,-0.102779,4.038886
0.355443,-0.103551,-0.005235,5.080692,1.077300,4.313923
0.259228,-0.168773,0.042558,6.224628,-0.032276,3.727265
0.231954,-0.185803,-0.007667,5.140859,2.907368,5.022058
0.162511,-0.242684,0.034368,5.686522,2.666804,4.896281
0.040148,-0.273437,0.002768,4.493346,2.723554,3.342258
-0.085619,-0.312331,0.017509,3.939228,0.506215,2.592639
-0.201692,-0.375990,0.003096,3.024320,0.628542,0.509723
-0.273784,-0.394385,0.017503,1.613850,-0.856558,0.811181
-0.379564,-0.432468,-0.003104,1.047741,-1.098392,2.121743
-0.468213,-0.459945,0.003920,-0.433167,-2.346644,5.248738
-0.574810,-0.524636,0.006963,-0.559537,-3.298495,5.315958
-0.642373,-0.559889,0.000726,-2.156099,-3.916191,5.243606
-0.718217,-0.634604,0.020178,-1.527079,-4.454980,1.362413
-0.792387,-0.676189,0.011125,-2.652958,-3.596006,-1.576757
-0.878951,-0.739924,0.035271,-1.241917,-4.481978,-3.964873
-0.963592,-0.771048,-0.009499,-2.257034,-3.384912,-3.984172
-1.076282,-0.790270,0.054079,-1.262626,-4.804025,-5.159828
-1.165872,-0.774997,0.016508,-1.680897,-3.773021,-6.622449
-1.276028,-0.800167,0.063125,-0.705901,-5.732584,-8.006090
-1.411222,-0.802438,0.048670,-0.563946,-5.498510,-9.061229
-1.508927,-0.793248,0.049336,1.032931,-5.799451,-9.361232
-1.635022,-0.781234,0.024704,1.087813,-4.995014,-9.105804
-1.773892,-0.778171,0.072178,2.506073,-6.915608,-9.215110
-1.921273,-0.782117,0.051289,2.633129,-6.293150,-10.885870
-2.070729,-0.798509,0.093964,4.428652,-8.882478,-11.421752
-2.193870,-0.810621,0.077411,4.715229,-8.875667,-12.354987
-2.299371,-0.821736,0.104819,5.592736,-10.387506,-11.508525
-2.413790,-0.814987,0.085315,6.273418,-9.318015,-11.174866
-2.523706,-0.814472,0.114975,6.092737,-10.482670,-10.399384
-2.619389,-0.796448,0.121418,6.719006,-9.551367,-10.956024
-2.719861,-0.745393,0.110990,4.710778,-10.787704,-9.978035
-2.817301,-0.740673,0.126631,5.337681,-10.499513,-9.658483
-2.892702,-0.670681,0.093376,3.300806,-10.751899,-7.716533
-2.997628,-0.657482,0.151594,2.786924,-15.720481,-5.444809
-3.040339,-0.613911,0.088725,1.500563,-10.709546,-3.918412
-3.061173,-0.594696,0.112165,1.645893,-11.225509,-3.319219
-3.078218,-0.578290,0.073219,0.208490,-10.849112,-3.781925
-3.091434,-0.597089,0.108456,0.581661,-11.855767,-3.318822
-3.111959,-0.600480,0.090583,-0.319664,-11.683968,-2.595271
-3.111158,-0.591029,0.124963,-0.802369,-16.257685,-1.238060
-3.106044,-0.605200,0.099774,0.014525,-12.842583,-1.752268
-3.114828,-0.555169,0.082761,-0.436174,-14.836471,-1.315621
-3.164012,-0.581478,0.085075,-0.048902,-14.822330,-2.034843
-3.212044,-0.545446,0.068735,-0.638005,-16.125166,-1.249214
-3.247924,-0.517348,0.071243,-0.208918,-16.309872,-1.998080
-3.262770,-0.436706,0.069996,-1.288984,-17.709744,-1.378989
-3.299875,-0.405637,0.064002,-0.128843,-16.575451,-0.893943
-3.333944,-0.313013,0.052293,-1.283680,-14.666050,-1.276807
-3.357019,-0.232712,0.048354,-1.177224,-14.347141,-1.492647
-3.385649,-0.164424,0.042082,-1.688319,-12.832808,-3.499209
-3.402346,-0.068389,0.066953,-2.283744,-13.635886,-3.009755
-3.411675,0.018562,0.064770,-2.066328,-12.279986,-2.862455
-3.424578,0.101227,0.048436,-2.800531,-12.728469,-0.107277
-3.443909,0.160623,0.070833,-1.536507,-11.380257,0.703286
-3.457242,0.256303,0.076186,-3.042821,-14.316402,1.638804
-3.406732,0.318397,0.057027,-1.489039,-11.893053,0.524799
-3.363472,0.401259,0.060250,-1.912093,-13.505045,1.572160
-3.330911,0.420596,0.056984,-0.648263,-13.532237,1.325780
-3.296744,0.482588,0.042525,-1.455368,-14.549914,0.966251
-3.218996,0.519486,0.061826,0.162749,-14.577966,0.702474
-3.128653,0.562922,0.030862,0.086498,-14.257262,1.112907
-3.047442,0.568913,0.059308,0.847357,-14.630222,1.730764
-2.991756,0.597995,0.032402,0.709885,-13.235993,2.074146
-2.920363,0.618074,0.058120,0.818600,-14.549957,1.633324
-2.814422,0.672208,0.006979,-0.356480,-12.870090,1.548854
-2.735279,0.680237,0.062784,-0.279786,-12.334521,0.254693
-2.645465,0.711101,0.007206,-1.281209,-10.346430,-0.017129
-2.552198,0.721989,0.050905,-1.332264,-10.679417,0.042490
-2.457647,0.732542,0.005466,-2.614939,-8.425737,1.959602
-2.355616,0.707435,0.055152,-2.222517,-8.741544,3.897978
-2.236092,0.724031,0.033252,-3.804058,-8.774247,6.150641
-2.129147,0.689332,0.076567,-3.360761,-11.433757,6.330328
-2.024765,0.643545,0.023730,-4.135315,-7.365024,6.889230
-1.934502,0.607947,0.052766,-3.353888,-7.683335,5.673651
-1.805423,0.579236,-0.000698,-4.237346,-7.670884,4.662316
-1.674999,0.511693,0.044704,-2.863577,-7.983159,4.190811
-1.590797,0.471060,0.007045,-3.452075,-8.081609,4.500473
-1.518013,0.395738,0.025988,-1.699808,-8.550374,3.788152
-1.437727,0.361124,0.015182,-2.912393,-8.595741,3.261390
-1.351199,0.314103,0.039361,-1.553638,-8.634910,1.642509
-1.273668,0.319894,0.016919,-2.403064,-7.586867,-0.328248
-1.214643,0.303777,0.025991,-1.901363,-7.338209,-1.310254
-1.173389,0.290099,0.008368,-2.435251,-6.185958,-3.287494
-1.118894,0.293243,0.047727,-2.376541,-6.720559,-3.943893
-1.058858,0.305349,0.002522,-2.467232,-4.658078,-5.432879
-1.014332,0.308438,0.033058,-2.841079,-4.643117,-5.154810
-0.961731,0.316631,0.025354,-2.927390,-2.438044,-5.239900
-0.875830,0.321164,0.015087,-2.918124,-1.895509,-5.560009
-0.776172,0.287486,0.019226,-2.224909,-0.092407,-6.980687
-0.659172,0.268897,0.020785,-2.468824,0.126059,-7.627181
-0.525485,0.226718,0.014640,-1.374547,1.006996,-8.689472
-0.405919,0.200738,0.019190,-1.111522,0.451752,-6.892787
-0.335068,0.162044,0.023930,0.147069,0.392646,-7.039757
-0.200691,0.186380,0.011818,0.188612,-0.853837,-5.071535
-0.090024,0.145189,-0.006515,1.291193,-1.101954,-5.612981
-0.010362,0.085153,-0.012341,1.370989,-2.663823,-4.380043
0.037693,0.023276,0.016909,2.551656,-3.501718,-5.961632
0.092982,0.014653,-0.017990,2.247616,-4.365167,-5.534772
0.112549,-0.034325,-0.007680,2.817569,-4.400023,-6.579358
0.140968,-0.041615,-0.003390,2.045389,-4.614350,-5.686400
0.172397,-0.089939,-0.013621,2.936321,-1.367201,-3.645053
0.143542,-0.137685,-0.013674,2.029886,-2.809041,-1.863027
0.101352,-0.209049,-0.002428,2.763005,-1.888836,-0.355508
0.066759,-0.230086,-0.019155,1.920440,-0.031488,-0.034203
0.027491,-0.270309,-0.036011,2.523273,0.714131,0.382495
-0.042596,-0.340967,-0.025418,2.053395,2.105419,0.208985
-0.138669,-0.406077,-0.019668,1.921825,1.938848,1.358789
-0.229245,-0.458882,-0.038338,1.661994,2.905566,1.949398
-0.305985,-0.520900,-0.009981,1.811975,1.284964,3.417471
-0.392783,-0.565955,-0.022011,1.643848,0.861687,3.005977
-0.444363,-0.615247,-0.006669,1.867675,-1.525194,3.014167
-0.518795,-0.674203,-0.038597,1.161494,-0.033904,1.143609
-0.590861,-0.714374,-0.007007,1.436392,-4.579743,-0.554191
-0.591826,-0.735690,-0.022399,1.203683,-2.376514,-2.431513
-0.577485,-0.739288,-0.045133,1.284530,-2.359626,-1.384477
-0.626673,-0.749076,-0.037009,0.489120,-2.901241,-0.011493
-0.682008,-0.762087,-0.034649,0.542292,-4.146589,2.668517
-0.720721,-0.751830,-0.051540,0.094810,-4.271787,2.690811
-0.724532,-0.728295,-0.059648,0.403464,-4.855743,3.246465
-0.758653,-0.723250,-0.060143,0.079507,-4.012383,2.788758
-0.811966,-0.712854,-0.045123,0.075719,-4.424736,3.343168
-0.877947,-0.714351,-0.061945,1.057385,-4.072077,3.865862
-0.918278,-0.701113,-0.060222,1.046589,-4.743986,4.817264
-0.968874,-0.703788,-0.041985,2.126596,-4.563527,3.455546
-1.041895,-0.701100,-0.041456,1.832746,-5.187292,4.102622
-1.170885,-0.746036,-0.031908,3.949961,-5.023075,2.524828
-1.276878,-0.729654,-0.045743,4.295037,-5.372819,1.876367
-1.379717,-0.747382,-0.028038,5.718197,-6.609094,-0.171413
-1.483117,-0.746611,-0.029833,5.786751,-7.672945,-1.632376
-1.641334,-0.779776,-0.000534,7.107991,-8.214699,-3.621975
-1.762938,-0.775975,-0.024850,6.346210,-9.116316,-1.538241
-1.908675,-0.815982,-0.001709,7.338711,-8.918217,-1.349899
-2.035555,-0.787231,-0.024699,6.020050,-8.079134,0.948287
-2.155262,-0.793415,0.002732,6.728115,-9.716309,1.624620
-2.285302,-0.817170,-0.024759,5.428883,-8.911259,2.935258
-2.439676,-0.877114,0.026063,5.715834,-9.805690,3.103187
-2.515861,-0.902697,-0.028652,4.434429,-8.528677,2.886224
-2.577101,-0.946318,0.027629,4.489413,-8.350917,2.701741
-2.645485,-0.969869,-0.022064,3.433689,-6.326437,2.947126
-2.699018,-0.995406,0.009106,3.141191,-7.889255,3.426956
-2.758003,-1.004479,-0.015446,1.489377,-7.127818,3.133088
-2.795804,-1.015945,0.004327,1.573719,-8.328764,2.583004
-2.800288,-0.997658,-0.007125,0.180088,-8.422983,1.891367
-2.805083,-1.011783,-0.006495,0.431680,-10.044635,2.419693
-2.827811,-1.036713,-0.000016,0.276565,-9.827558,3.151542
-2.841709,-1.037359,0.005578,-0.574141,-12.572123,4.535911
-2.782077,-1.047545,-0.074560,1.317298,-2.046577,3.521066
-2.792118,-1.036066,-0.007818,-0.416725,-13.179282,1.451304
-2.759201,-1.022674,0.019840,0.188976,-13.131834,-1.415399
-2.713411,-0.980937,-0.013424,0.350039,-13.396127,-2.331353
-2.708993,-0.960567,-0.015279,0.576872,-11.756923,-3.317543
-2.681943,-0.863009,0.013314,0.136664,-12.778877,-1.997530
-2.676415,-0.783712,0.008338,0.180255,-11.792905,-1.237612
-2.687910,-0.712539,0.037536,-0.058510,-14.133648,-0.284073
-2.706590,-0.626230,-0.009965,0.233049,-11.551964,0.235904
-2.722225,-0.532165,0.012796,0.271792,-11.341209,0.257322
-2.771169,-0.423835,0.018767,0.184427,-11.481231,-3.132999
-2.767102,-0.291195,0.034942,-0.241125,-14.091452,-5.290226
-2.773221,-0.197727,0.014490,0.074878,-10.979888,-7.254166
-2.785379,-0.119438,0.044507,0.192285,-13.843845,-6.555219
-2.762392,-0.062307,0.036541,0.814914,-11.034330,-7.036113
-2.694728,0.023197,0.010990,1.232545,-10.661239,-4.917610
-2.687920,0.071649,0.025807,1.740295,-10.511536,-4.831555
-2.664959,0.133829,0.006969,1.757768,-10.341729,-4.197834
-2.706180,0.180587,0.035271,2.047315,-12.246525,-4.822814
-2.679313,0.259779,0.017457,1.309019,-14.359808,-4.041570
-2.656806,0.312554,0.007784,1.933729,-12.828577,-4.355299
-2.586975,0.366918,-0.009695,0.642398,-12.938368,-2.937568
-2.572155,0.388113,-0.006912,0.556536,-12.068975,-2.698094
-2.501504,0.464869,-0.006899,-0.441499,-11.764332,-0.779646
-2.417762,0.506904,-0.031648,-0.597684,-10.190166,-0.228564
-2.303290,0.579078,-0.029899,-2.666644,-8.625385,0.909258
-2.225667,0.615037,-0.001332,-2.875092,-8.168778,1.315880
-2.143606,0.678559,-0.027280,-4.457063,-8.366177,3.392837
-2.056224,0.703932,-0.018115,-4.293039,-6.853141,2.942017
-1.934561,0.773638,-0.040393,-6.158803,-6.928768,4.241489
-1.858943,0.777190,-0.022517,-5.391783,-7.986399,3.980650
-1.744386,0.808698,-0.043084,-6.698975,-6.915983,5.486456
-1.635235,0.813717,-0.049577,-5.370030,-6.584627,5.238088
-1.499578,0.846121,-0.054632,-6.069882,-7.509805,5.857507
-1.389525,0.857583,-0.028812,-5.677089,-7.971608,4.485681
-1.260134,0.889840,-0.068645,-5.527335,-8.277853,6.023052
-1.177072,0.874179,-0.042802,-4.097655,-8.004442,6.650822
-1.093071,0.884293,-0.039316,-4.296394,-7.406136,6.603270
-1.003815,0.893598,-0.031297,-2.824982,-7.887387,5.540594
-0.939676,0.927828,-0.059451,-3.193107,-6.214913,4.517208
-0.937405,0.931501,-0.034747,-2.143807,-7.435415,3.615030
-0.920074,0.971333,-0.056651,-2.153438,-6.728362,2.854282
-0.930814,0.990132,-0.045651,-2.053360,-6.577002,0.335325
-0.922260,1.017737,-0.056926,-2.018257,-5.354169,-0.157435
-0.905024,1.046708,-0.022211,-1.876558,-4.750430,-0.874681
-0.882191,1.062582,-0.057882,-2.953345,-3.936244,0.276959
-0.894054,1.043760,0.002207,-2.677298,-4.975376,0.385145
-0.880123,1.038351,-0.057215,-3.065657,-2.221000,-0.110283
-0.846409,1.020993,-0.006328,-2.281394,-1.573302,-1.428366
-0.783170,0.975958,-0.043790,-3.017211,-0.608108,-1.575713
-0.740363,0.901007,-0.015161,-1.941399,-1.170058,-1.235360
-0.718473,0.826229,-0.051789,-2.021881,-0.988611,-1.349528
-0.651084,0.778322,-0.024306,-1.124167,-1.357193,-2.499776
-0.597659,0.718050,-0.032305,-1.625868,-2.531137,-3.478500
-0.539061,0.621816,-0.019149,-0.922146,-3.243869,-2.902702
-0.471177,0.544708,-0.045940,-0.619502,-2.656592,-2.908081
-0.400903,0.454034,-0.047197,-0.895761,-4.066960,-1.666493
-0.330617,0.351306,-0.032121,-0.394018,-3.501741,-1.906303
-0.271270,0.296929,-0.035745,-1.078475,-4.251627,-1.272062
-0.219857,0.211074,-0.024329,-0.475665,-3.287647,-2.164680
-0.174546,0.136461,-0.039986,-1.700412,-2.575168,-2.371341
-0.138121,0.044467,-0.032417,-1.048841,-1.965445,-2.723634
-0.077751,0.001464,-0.047598,-1.951597,0.485887,-2.797612
-0.057990,-0.060594,-0.063094,-1.451849,-0.595230,-0.977492
-0.055318,-0.123003,-0.062208,-2.176161,0.106273,1.036154
-0.096825,-0.212111,-0.025855,-2.070450,-0.782336,3.166956
-0.085550,-0.268497,-0.072623,-1.850717,0.814656,3.576205
-0.095344,-0.339001,-0.030431,-1.799058,-0.426204,3.570140
-0.143609,-0.411694,-0.020994,-0.900730,-0.104801,1.681102
-0.171743,-0.439174,-0.047785,-1.378174,-0.770483,1.743504
-0.204581,-0.475731,-0.046564,-0.349015,-0.703994,1.948217
-0.204676,-0.500546,-0.049298,-0.231231,-0.844108,3.490767
-0.232783,-0.555195,-0.002208,0.960684,-2.221790,4.817348
-0.257818,-0.599108,-0.034012,1.041784,-1.724517,6.962412
-0.314519,-0.655139,-0.029800,2.885795,-1.590767,7.892002
-0.342118,-0.688141,-0.046616,3.416736,-0.602330,6.684914
-0.369910,-0.727031,-0.005185,4.146192,-3.951628,3.411728
-0.373416,-0.775263,-0.039884,4.877569,-0.956604,0.635418
-0.425538,-0.826443,-0.004949,5.422535,-3.469976,0.824194
-0.486542,-0.880958,-0.025287,6.874522,-1.088121,1.584380
-0.515638,-0.929124,-0.019917,6.773590,-2.573365,3.126582
-0.536576,-0.989554,-0.029016,8.209791,-0.800405,2.544340
-0.576950,-1.041653,-0.016526,7.472595,-2.246713,1.917046
-0.651298,-1.124278,0.004064,8.206512,-2.062207,-1.449070
-0.706009,-1.181777,-0.023055,7.287292,-3.273595,-2.842732
-0.776572,-1.239443,-0.033526,7.760938,-2.622484,-5.737392
-0.799700,-1.273741,-0.030316,6.089333,-2.874302,-5.874122
-0.850361,-1.305088,0.001718,6.211384,-3.469950,-6.356257
-0.892875,-1.323667,-0.054067,4.370964,-3.067064,-4.330133
-0.963789,-1.382754,-0.010578,4.006321,-4.178438,-1.803252
-1.008174,-1.393882,-0.038617,2.378852,-2.938750,-1.251182
-0.994001,-1.403246,-0.005139,2.372527,-4.187383,-0.695564
-1.029080,-1.435477,-0.036835,1.090669,-2.912585,-0.360535
-1.107497,-1.494784,-0.017360,1.477840,-5.678345,0.532357
-1.221595,-1.529880,-0.022599,1.238579,-7.776916,0.108970
-1.241631,-1.532752,-0.060954,1.649206,-4.459224,0.333029
-1.274383,-1.571563,-0.023583,2.457756,-5.560043,-1.965848
-1.332660,-1.586640,-0.049134,2.078302,-5.280448,-2.219473
-1.413779,-1.616346,-0.037412,3.601954,-5.991027,-2.481770
-1.480438,-1.594527,-0.062812,2.900980,-6.028962,-0.720253
-1.531273,-1.581831,-0.038860,4.520174,-6.565614,-1.739537
-1.540960,-1.519980,-0.056135,3.831321,-5.941561,-2.736063
-1.586008,-1.497544,-0.029636,4.758354,-5.949455,-2.760514
-1.694283,-1.493057,-0.025999,4.787761,-6.327556,-3.024171
-1.722827,-1.418680,-0.051491,4.870899,-5.214783,-1.471309
-1.748371,-1.345968,-0.034928,5.379801,-5.159274,-2.107791
-1.792031,-1.262305,-0.018338,4.806993,-6.217634,-2.096746
-1.851078,-1.220802,-0.020478,5.613183,-6.812986,-3.428180
-1.911373,-1.166704,-0.044998,3.959684,-6.870557,-1.529608
-1.955722,-1.103776,-0.018624,4.603672,-8.632658,-1.400513
-1.946240,-0.986918,-0.043869,3.601983,-7.614029,-1.621189
-1.970116,-0.900587,-0.021066,3.346183,-9.359682,-1.669113
-2.020803,-0.822996,-0.045953,2.719572,-7.852564,-1.850167
-2.018952,-0.736714,-0.043862,1.846171,-10.018359,-0.040423
-1.979894,-0.680512,-0.064873,1.925097,-7.580528,-0.260075
-1.944500,-0.581248,-0.057553,1.217732,-7.743482,0.024756
-1.896553,-0.499449,-0.070808,1.515692,-7.455254,0.293407
-1.898142,-0.419808,-0.088983,0.226324,-7.167148,0.856332
-1.918096,-0.366796,-0.051753,0.559573,-8.815034,0.234772
-1.900863,-0.284827,-0.095502,-0.104812,-6.404710,-0.156939
-1.866965,-0.224499,-0.062625,-0.017811,-7.678424,-0.283723
-1.861034,-0.157203,-0.077340,-0.632513,-7.065448,-1.974304
-1.841851,-0.087736,-0.085487,-0.463474,-8.538735,-1.804881
-1.850120,-0.052230,-0.063537,0.060101,-7.728087,-1.632865
-1.823440,0.022987,-0.078873,-1.322232,-7.858318,1.026564
-1.751125,0.090638,-0.051461,-0.290047,-6.719302,1.577820
-1.687104,0.162100,-0.074891,-1.423545,-6.121127,2.689783
-1.639276,0.205871,-0.043836,-0.591191,-6.042923,1.469007
-1.625467,0.276237,-0.096933,-1.704138,-5.567340,0.910181
-1.580231,0.328585,-0.045103,-0.966544,-5.827894,0.219891
-1.546370,0.421022,-0.067391,-2.728711,-5.679229,-0.147542
-1.459493,0.482624,-0.068573,-1.515509,-2.640699,1.589666
-1.448697,0.501327,-0.054671,-2.218322,-5.928566,2.595799
-1.416323,0.516334,-0.062897,-1.869018,-5.924929,4.760200
-1.363804,0.561064,-0.040222,-1.970928,-7.085189,3.358333
-1.300000,0.628486,-0.072577,-2.747152,-6.853961,2.630373
-1.252979,0.674561,-0.031885,-2.626112,-8.318142,1.987025
-1.203187,0.692500,-0.070040,-2.962726,-6.051874,2.582657
-1.139452,0.724195,-0.033362,-3.029731,-6.191450,3.676517
-1.061074,0.755089,-0.081958,-3.373970,-4.822893,3.536025
-0.987305,0.793553,-0.055712,-3.483797,-5.357642,5.294665
-0.972094,0.801782,-0.046262,-3.344162,-4.792639,5.777029
-0.945207,0.837163,-0.034754,-4.064713,-5.518064,5.153379
-0.899250,0.853556,-0.048986,-3.348081,-3.710022,3.732040
-0.869170,0.895873,-0.063314,-4.276634,-4.587408,1.514401
-0.853919,0.889311,-0.049790,-3.594093,-4.262331,-1.131504
-0.853969,0.903570,-0.053178,-4.446621,-4.897112,-3.472103
-0.834376,0.911514,-0.056831,-3.694346,-4.377335,-4.585464
-0.796375,0.918995,-0.055899,-3.653906,-4.008523,-5.228490
-0.760642,0.913986,-0.054806,-3.981149,-4.122434,-4.265071
-0.712151,0.899730,-0.030831,-3.443767,-2.714698,-4.230910
-0.660196,0.886666,-0.045353,-4.120586,-2.673359,-3.026221
-0.594820,0.874084,-0.032279,-3.213616,-1.517149,-4.322872
-0.560233,0.872299,-0.054622,-3.941224,-1.500734,-4.290694
-0.544116,0.824421,-0.021762,-2.904683,-1.615803,-4.872572
-0.464143,0.837593,-0.064345,-3.572974,-0.785087,-3.431281
-0.383976,0.777708,-0.026433,-2.403507,-0.598894,-3.332058
-0.344400,0.738710,-0.041817,-2.876736,-0.560063,-3.337066
-0.290705,0.690793,-0.016421,-2.017978,-1.489229,-2.848067
-0.237891,0.630061,-0.060015,-1.503210,-1.000352,-2.186145
-0.174320,0.580522,-0.036907,-1.193190,-1.792759,-1.102532
-0.130001,0.523332,-0.043892,-1.043488,-1.093833,-1.908780
-0.077222,0.463366,-0.027959,-0.858867,-2.663186,-2.688620
-0.034423,0.404649,-0.049042,-0.362926,-1.274813,-3.921870
-0.013671,0.343058,-0.044404,-0.468654,-2.273377,-3.282017
-0.019008,0.254704,-0.045188,0.032913,-2.029384,-2.375298
-0.010891,0.205507,-0.032932,-0.500739,-2.223261,-2.275029
0.007022,0.138739,-0.035141,-0.053842,-1.798520,-2.194549
-0.010841,0.084516,-0.060229,-0.972761,-1.819603,-1.170319
-0.105878,0.016356,-0.064483,-0.385529,-1.677480,-1.273980
-0.156086,-0.000282,-0.077580,-1.763654,-1.774912,0.329567
-0.178692,-0.049995,-0.062165,-0.905920,-1.295558,-0.259021
-0.182096,-0.100758,-0.067486,-1.898749,-0.653563,-0.173319
-0.213063,-0.165041,-0.051638,-1.163483,0.906452,-0.444839
-0.224623,-0.205307,-0.092462,-2.029706,3.483360,-0.119382
-0.204640,-0.248317,-0.042661,-1.480038,2.301167,0.509275
-0.166931,-0.259959,-0.054337,-1.737565,2.947906,2.524766
-0.198922,-0.304338,-0.049991,-1.304556,1.646885,5.076252
-0.276056,-0.363806,-0.081243,-0.915265,2.602810,5.592959
-0.308509,-0.398170,-0.055042,0.415941,-0.755554,4.029071
-0.332451,-0.451953,-0.089498,1.027889,-0.689948,0.418030
-0.361901,-0.519850,-0.077767,1.874374,-2.315037,-1.031587
-0.401901,-0.584008,-0.041286,3.601514,-3.526346,-0.972395
-0.418477,-0.630238,-0.089390,3.453289,-2.966949,1.328973
-0.381740,-0.706089,-0.046692,4.992723,-3.611049,2.956559
-0.382518,-0.753179,-0.051914,5.371815,-2.353337,2.764490
-0.366375,-0.801112,-0.052755,6.134053,-1.320518,2.167625
-0.384018,-0.866426,-0.035312,6.797211,-0.872580,-0.016638
-0.399577,-0.930322,-0.045602,6.645109,-0.078200,-0.959239
-0.481681,-0.989606,-0.025671,6.896984,-1.096347,-2.002774
-0.517994,-1.025772,-0.059697,6.282432,-0.306014,-1.276764
-0.581812,-1.101314,-0.027933,7.014570,-1.154863,-0.112815
-0.652423,-1.159177,-0.060097,6.131621,-0.348118,2.336364
-0.730322,-1.213380,-0.046170,5.883449,-2.390438,2.846874
-0.766104,-1.239830,-0.074973,4.778826,-2.228650,1.902395
-0.793562,-1.311591,-0.040872,4.584985,-2.934551,1.277405
-0.838886,-1.382731,-0.058495,3.869158,-3.070280,-0.593619
-0.878229,-1.431485,-0.057120,3.783605,-3.195371,0.552645
-0.938097,-1.491406,-0.062382,4.032023,-3.237908,0.329560
-0.961183,-1.540407,-0.066944,3.155648,-3.704378,1.226313
-1.037887,-1.592259,-0.043019,3.495791,-3.703256,0.891602
-1.099826,-1.606754,-0.049525,2.791212,-4.131712,1.637404
-1.162807,-1.635345,-0.044210,2.533741,-4.287320,0.396720
-1.201398,-1.641535,-0.055912,1.974623,-3.857796,-0.132144
-1.203309,-1.655715,-0.033877,3.056308,-3.205888,-2.226252
-1.236583,-1.647575,-0.055551,2.303783,-2.789533,-1.856266
-1.275972,-1.674392,-0.026626,3.775507,-2.160539,-1.673329
-1.266187,-1.638194,-0.066633,2.568705,-3.055946,-0.302960
-1.261372,-1.643797,-0.030897,3.974350,-4.107800,-0.258112
-1.274537,-1.617481,-0.047805,4.154504,-2.806441,-0.193222
-1.308501,-1.597012,-0.029899,5.048397,-4.703802,-1.982677
-1.301086,-1.564496,-0.054195,5.276615,-3.141204,-4.029174
-1.312742,-1.557134,-0.027056,5.774108,-6.546504,-5.785476
-1.278732,-1.481329,-0.056093,6.093052,-5.123964,-6.794593
-1.290510,-1.423860,-0.027660,6.167570,-6.882941,-5.909789
-1.298614,-1.364530,-0.042284,6.935746,-5.169485,-5.203490
-1.253684,-1.297371,-0.042953,5.680092,-5.927466,-3.816830
-1.168223,-1.216915,-0.059346,5.854829,-3.792391,-4.807969
-1.111088,-1.142778,-0.030454,5.361144,-4.159778,-4.172675
-1.104359,-1.059014,-0.044827,4.461418,-3.151429,-5.109986
-1.092704,-0.963866,-0.084095,3.320908,-3.211714,-3.774775
-1.050744,-0.895000,-0.048336,3.593173,-2.477738,-2.858702
-1.015832,-0.783735,-0.073424,1.906578,-3.465732,-2.162819
-1.015658,-0.745974,-0.063524,2.270594,-4.123871,-2.185819
-1.032369,-0.674919,-0.076441,1.051982,-3.546753,-1.862696
-1.009753,-0.607947,-0.044887,1.192067,-4.753581,-2.692543
-0.939909,-0.511050,-0.085756,0.313814,-3.657460,-2.857226
-0.896466,-0.446753,-0.077937,0.807450,-4.365898,-1.304734
-0.874484,-0.396627,-0.095059,0.539334,-2.580777,0.325253
-0.878482,-0.300317,-0.070076,-0.286317,-3.964338,2.090601
-0.860468,-0.232315,-0.092324,-0.070648,-3.581701,0.864954
-0.840241,-0.146229,-0.096486,-0.740732,-3.571729,0.071607
-0.881420,-0.115178,-0.061962,0.142047,-5.151304,-1.337518
-0.876237,-0.018634,-0.121259,-1.290796,-4.253268,-1.382429
-0.842881,0.016255,-0.074113,0.421576,-4.564522,-2.199336
-0.780304,0.096405,-0.124157,-1.528583,-2.081194,-1.260933
-0.737412,0.155158,-0.049708,0.209196,-1.380551,-0.893641
-0.700633,0.242113,-0.087509,-0.971927,-1.325481,0.701831
-0.649276,0.306009,-0.062461,-0.854107,-1.085873,2.386152
-0.619527,0.365851,-0.079552,-1.426512,-0.748258,2.685639
-0.555894,0.465358,-0.055791,-1.651165,-1.867198,2.843278
-0.548653,0.539649,-0.084571,-2.098696,-1.390431,1.054669
-0.543736,0.580194,-0.092058,-2.808691,-2.583088,1.020955
-0.523260,0.632674,-0.058994,-2.819096,-3.280692,1.066765
-0.423483,0.726099,-0.107647,-3.663445,-1.678616,2.659047
-0.345821,0.777127,-0.072692,-2.966242,-2.433721,3.587984
-0.291713,0.828859,-0.120081,-3.841579,-0.363044,4.371505
-0.260556,0.865061,-0.082795,-3.700290,-2.016293,3.397209
-0.166245,0.895873,-0.119070,-3.981920,0.573718,3.268666
-0.067792,0.930900,-0.077609,-3.344838,-0.079425,2.191459
-0.011278,0.937071,-0.085195,-3.517507,0.317504,0.483643
-0.008294,0.961292,-0.065996,-3.899481,-0.873883,0.417672
-0.011938,0.966350,-0.085300,-2.811865,-0.490514,-1.176589
0.015736,0.988251,-0.083905,-3.055521,0.262900,-0.795868
0.032687,0.984712,-0.062454,-2.380507,-0.892577,-0.354603
0.071203,0.994904,-0.111477,-2.676245,0.662695,1.162685
0.049037,0.967190,-0.076437,-1.785296,-0.826876,0.886395
0.066043,0.970634,-0.092177,-2.267000,0.027812,0.656671
0.109683,0.916687,-0.082894,-1.137743,0.068321,-0.110004
0.143873,0.868320,-0.112439,-1.704587,1.233596,0.542254
0.129319,0.800938,-0.047411,-0.601576,-0.183081,0.319603
0.132788,0.739248,-0.116608,-0.762481,1.968084,0.002763
0.113563,0.668676,-0.076125,-0.108137,0.775309,-0.995974
0.092043,0.640319,-0.091001,-0.693445,1.741038,-2.981610
0.071105,0.585466,-0.057691,-0.576082,0.063167,-3.643218
0.026815,0.508437,-0.083931,-1.322514,1.115721,-3.092924
0.024080,0.460290,-0.077153,-1.717313,0.126686,-1.258109
0.028584,0.382345,-0.067246,-1.543633,0.673967,-0.754496
0.018641,0.331773,-0.060225,-2.380838,0.286403,-0.579332
-0.001178,0.265881,-0.064447,-2.206567,0.443090,-0.750297
-0.030667,0.205940,-0.070119,-3.398207,0.690550,-0.355593
-0.075246,0.135965,-0.044693,-2.664253,-0.523391,-1.462317
-0.076802,0.105113,-0.074957,-3.524141,-0.944252,-1.958510
-0.085336,0.034255,-0.045976,-2.915757,-1.788587,-1.907802
-0.121916,-0.051314,-0.088310,-2.924886,0.171275,-1.995000
-0.122589,-0.102117,-0.064936,-2.254116,-0.060370,-0.418913
-0.104348,-0.158805,-0.066209,-1.771516,1.073985,-0.276130
-0.045281,-0.194583,-0.043012,-1.490893,-0.110460,-0.337198
-0.029003,-0.266055,-0.045005,-0.705816,0.915873,-1.621642
-0.048196,-0.307975,-0.067243,-0.658969,1.987425,-2.888683
-0.049515,-0.349311,-0.054084,0.890739,0.622544,-4.063116
-0.037442,-0.386868,-0.070335,0.933049,1.609180,-5.130480
-0.054035,-0.418495,-0.052023,1.705506,-0.333374,-5.172593
-0.059582,-0.439233,-0.072731,2.055903,-0.214556,-5.276633
-0.097186,-0.490485,-0.055994,2.308654,-1.210300,-4.309591
-0.079362,-0.543700,-0.054760,2.975300,0.334215,-4.003617
-0.002986,-0.550452,-0.062667,2.910138,0.426462,-1.733826
0.044254,-0.592950,-0.055558,3.776892,1.707440,-0.606996
0.048010,-0.619859,-0.046941,3.224093,1.433691,1.416274
0.061461,-0.667996,-0.033854,4.636851,2.450416,2.460862
0.095644,-0.713035,-0.062953,3.966843,2.367820,2.674159
0.084021,-0.770740,-0.005855,4.763353,-0.216378,1.385297
0.058851,-0.812411,-0.051993,4.557902,0.920899,1.252972
-0.009259,-0.897091,-0.027713,5.353571,-1.447190,2.575912
-0.074248,-0.957340,-0.043278,4.948827,-0.614734,2.399996
-0.072531,-1.001473,-0.028153,5.514523,-2.683077,1.695053
-0.077327,-1.053296,-0.057672,4.969237,-0.739831,-0.009179
-0.118607,-1.126084,-0.050260,5.411805,-1.447636,0.797946
-0.129885,-1.170164,-0.056411,5.910247,1.216141,-0.135455
-0.125920,-1.211834,-0.070726,4.466516,-0.244590,0.619566
-0.139729,-1.295523,-0.026767,5.094427,0.298040,-0.338456
-0.171110,-1.319390,-0.064548,3.674345,1.793630,-0.177591
-0.204541,-1.342052,-0.015308,3.064721,-2.306752,1.121290
-0.225381,-1.387744,-0.028543,3.498223,1.432726,1.249968
-0.234372,-1.386411,-0.038043,2.437871,-0.803822,2.084771
-0.268752,-1.429624,-0.050788,2.715339,1.339400,0.526137
-0.297822,-1.414850,-0.063534,1.991108,0.662650,0.585466
-0.318068,-1.422301,-0.018099,1.887403,-4.276346,-1.355995
-0.275485,-1.404034,-0.081312,1.843914,-0.064141,0.166155
-0.278170,-1.418175,-0.042451,2.043479,-0.517344,0.898969
-0.298084,-1.397916,-0.061676,2.495366,-0.379577,0.839494
-0.271020,-1.381376,-0.075272,2.514558,-0.626429,0.113741
-0.230896,-1.378284,-0.071865,3.177755,-0.326346,-1.287017
-0.229123,-1.347281,-0.058315,2.925247,-0.995408,-0.960509
-0.220802,-1.314342,-0.059474,4.261455,-0.766196,-1.831833
-0.206242,-1.253951,-0.088100,3.713255,-0.096966,-2.215262
-0.204971,-1.243956,-0.048159,5.268826,0.628319,-4.032890
-0.165927,-1.185476,-0.083823,4.624030,0.904326,-2.843543
-0.136884,-1.158488,-0.052663,5.699810,1.010759,-1.336368
-0.140481,-1.113450,-0.079986,5.408191,1.470244,-0.384419
-0.133296,-1.057944,-0.063826,5.577650,1.179844,-0.017800
-0.088671,-0.997507,-0.070851,5.959247,1.489049,-1.075310
-0.064519,-0.933661,-0.086787,5.155929,1.821724,-1.560619
-0.106636,-0.922556,-0.054186,6.042929,0.088059,-1.988945
-0.106537,-0.864447,-0.103636,4.930317,-0.244419,-0.149670
-0.111310,-0.849643,-0.086176,5.899503,-0.059595,-0.345248
-0.080265,-0.769092,-0.087394,4.508708,-0.867735,-0.697503
-0.090135,-0.762511,-0.075607,4.674005,-1.115490,-0.832447
-0.110608,-0.737610,-0.129560,3.919001,1.519799,-0.879062
-0.126626,-0.703801,-0.070076,3.404896,-0.967764,-0.754107
-0.075505,-0.622984,-0.101817,2.576543,1.164281,-0.582800
-0.063817,-0.595855,-0.069895,1.945048,0.468244,-0.439544
-0.122907,-0.578071,-0.095282,0.808392,0.905917,-0.555816
-0.125963,-0.539203,-0.074773,1.350812,0.822691,-0.801924
-0.091990,-0.480477,-0.101059,-0.574991,1.697687,-0.641232
-0.064791,-0.430151,-0.054662,-0.420631,0.530695,-1.107181
-0.051133,-0.353703,-0.117458,-1.638938,2.426746,-1.474628
-0.044135,-0.309944,-0.073221,-1.654798,2.327154,-0.644148
-0.026495,-0.244420,-0.082743,-2.618230,1.785762,-0.144423
0.058776,-0.194383,-0.069679,-2.354125,1.804455,1.039314
0.096829,-0.142517,-0.085986,-3.096672,1.710817,0.299331
0.133803,-0.064960,-0.087719,-1.687045,1.406765,0.541923
0.144093,-0.000693,-0.096155,-2.249800,0.963156,-0.516165
0.179816,0.049650,-0.065881,-1.707603,-0.923560,-1.195206
0.235703,0.125534,-0.100274,-1.676167,0.511306,-1.641047
0.231084,0.171471,-0.077150,-0.921732,-1.184710,-1.752735
0.218214,0.256870,-0.111664,-0.793842,-0.265007,-2.397352
0.217964,0.317149,-0.096086,-0.646079,-1.041110,-1.850186
0.261657,0.381991,-0.093237,-0.136330,0.080601,-3.666639
0.368218,0.475140,-0.093099,-0.466353,1.137582,-3.268862
0.416735,0.521232,-0.105159,0.181843,2.852308,-5.350933
0.427686,0.579203,-0.080829,-1.309572,2.994976,-4.514981
0.462184,0.649247,-0.086830,-0.497641,4.844222,-4.808701
0.520913,0.739343,-0.087942,-2.133224,4.892737,-4.059340
0.580122,0.824765,-0.068543,-1.754897,4.716348,-2.040801
0.603385,0.866669,-0.096674,-2.690572,5.078519,0.168110
0.586753,0.895778,-0.067443,-2.387318,3.676623,1.532776
0.646047,0.951464,-0.096076,-3.443967,3.321076,4.169173
0.684513,0.940379,-0.065569,-2.325953,2.249465,3.745719
0.722183,0.949245,-0.084568,-2.752955,0.758677,2.644459
0.718841,0.942838,-0.087460,-1.964727,0.310338,2.182813
0.731465,0.933092,-0.110082,-2.145012,0.309724,1.151626
0.770178,0.905937,-0.082142,-1.413520,0.648643,0.553022
0.819044,0.891507,-0.129527,-1.557265,2.660393,2.607603
0.832420,0.836717,-0.084709,-0.619108,2.355744,4.011581
0.820718,0.785822,-0.105017,-1.350002,4.292477,4.569088
0.870178,0.729401,-0.070824,-0.248596,4.550552,2.875781
0.927696,0.696044,-0.093151,-1.692045,5.522902,0.778016
0.976142,0.658621,-0.056398,-0.614341,6.594724,-1.044078
0.964285,0.637118,-0.070939,-1.824704,6.632058,-2.377575
0.965175,0.585810,-0.060721,-1.525205,5.885520,-0.090246
0.987574,0.530445,-0.075538,-1.598676,6.990284,1.742925
1.010853,0.488798,-0.041148,-2.255606,4.682050,3.942341
1.022874,0.444751,-0.076772,-1.932844,5.561478,3.364301
0.994514,0.378934,-0.070253,-2.314093,3.656131,3.437326
0.981325,0.312127,-0.073847,-2.040895,3.473342,0.954795
1.017724,0.289406,-0.088550,-2.803334,2.241292,-0.780800
1.053397,0.228382,-0.061161,-1.811755,2.405758,-3.627201
1.013811,0.177104,-0.082667,-2.792482,1.918093,-2.707947
0.990588,0.136090,-0.069026,-2.000259,1.391229,-2.023677
0.992623,0.104477,-0.102300,-2.734035,2.915623,0.485173
0.979063,0.045393,-0.032961,-1.545549,2.156799,0.197865
0.983189,0.012722,-0.099155,-1.501975,4.662310,-1.110718
0.952127,-0.058424,-0.057169,-1.159721,3.762049,-2.935458
0.924739,-0.092319,-0.071162,-0.420221,6.689389,-5.346617
0.962628,-0.129322,-0.062425,0.141690,7.311438,-5.202943
0.975912,-0.189532,-0.065618,0.966980,8.001262,-5.146852
0.942264,-0.240885,-0.035627,1.568234,6.595738,-4.715024
0.930247,-0.284565,-0.070700,2.265395,7.860583,-4.617099
0.907437,-0.359690,-0.049492,3.105036,5.688400,-3.354157
0.877912,-0.417215,-0.060074,3.151587,4.674229,-3.547516
0.885668,-0.438485,-0.043216,3.830274,2.723508,-3.528654
0.827008,-0.492435,-0.051940,3.697014,2.326442,-4.756822
0.760873,-0.556965,-0.026758,4.034944,-1.798523,-5.906146
0.755916,-0.594187,-0.068917,4.009574,0.524741,-5.507257
0.739150,-0.642282,-0.047486,3.661527,-0.709843,-2.668170
0.709329,-0.681540,-0.055377,4.210817,0.893388,-2.029398
0.706618,-0.723187,-0.062096,3.876865,1.253909,0.541773
0.698815,-0.801549,-0.062940,4.084932,4.037905,0.364840
0.707330,-0.834941,-0.073493,3.035865,5.288540,0.943757
0.686598,-0.903531,-0.038850,3.654900,6.129238,0.415009
0.639833,-0.944880,-0.059644,2.354579,6.838291,1.327060
0.642653,-0.961437,-0.050033,3.008749,7.636189,1.289486
0.637749,-0.964979,-0.050864,1.640373,6.780034,3.113521
0.596003,-1.000721,-0.056227,1.870879,6.576474,2.995638
0.564610,-1.044473,-0.055906,2.010113,4.144122,5.994862
0.554562,-1.081531,-0.066383,1.741226,4.253798,6.546736
0.583592,-1.082004,-0.049479,2.557309,2.707789,5.909477
0.579768,-1.118721,-0.065632,2.154399,2.192722,3.011379
0.527449,-1.164656,-0.046538,3.280719,-0.294391,0.689430
0.502348,-1.171890,-0.079963,3.786421,0.519092,-1.143645
0.512967,-1.180310,-0.055784,4.255101,-1.093596,-0.965205
0.528588,-1.161403,-0.059621,4.203941,0.847054,-0.738480
0.528759,-1.168253,-0.055426,4.819627,1.004716,1.375168
0.469498,-1.191805,-0.058932,5.672237,2.989882,1.358236
0.460350,-1.196230,-0.075210,5.386455,3.174227,1.149797
0.495941,-1.217559,-0.047128,6.078068,6.172435,-1.807250
0.518173,-1.197786,-0.024601,5.392052,4.898721,-3.870830
0.546116,-1.157779,-0.044818,5.953510,6.922564,-6.143955
0.511375,-1.127952,-0.059352,5.185544,6.829021,-5.596170
0.491792,-1.123133,-0.032032,5.330939,5.976960,-5.441633
0.559578,-1.077373,-0.064515,4.352241,5.842265,-2.636830
0.589241,-1.070013,-0.023042,4.576054,5.215864,-2.344968
0.549474,-1.031760,-0.053995,3.461978,3.826093,-2.511376
0.533505,-1.003862,-0.050155,4.075371,3.032501,-4.593201
0.563103,-0.961365,-0.091100,2.522991,2.107201,-5.189633
0.656738,-0.935693,-0.042375,3.488878,1.816522,-6.348102
0.732848,-0.873126,-0.076752,1.832192,2.181401,-5.245251
0.743968,-0.871386,-0.062687,2.733523,2.435921,-3.250335
0.768649,-0.847257,-0.077461,1.371856,2.995656,-2.096977
0.875827,-0.810651,-0.073710,2.450843,4.043502,-1.765442
0.958811,-0.785551,-0.081240,1.648900,5.523100,-3.415614
0.971576,-0.745590,-0.035446,1.320351,4.546680,-4.366281
0.980301,-0.678891,-0.072512,1.514659,6.437305,-5.138581
1.038738,-0.599019,-0.069078,0.713806,6.449447,-3.252540
1.079696,-0.573738,-0.039123,1.527001,7.002816,-2.225093
1.125447,-0.497887,-0.083951,0.877632,7.229859,0.797492
1.113423,-0.472320,-0.053772,1.484063,6.690023,1.795970
1.113742,-0.393831,-0.090017,0.509175,7.205609,1.063860
1.195258,-0.324456,-0.064181,1.735104,6.831657,-0.839733
1.237204,-0.251662,-0.084046,0.497920,6.152195,-0.366999
1.215914,-0.210034,-0.052088,1.341024,4.064197,0.572919
1.230889,-0.108262,-0.095452,0.310227,5.236618,3.226389
1.246739,-0.060355,-0.053746,1.317948,4.236174,5.062529
1.254470,0.026617,-0.064588,0.028981,2.368007,5.128105
1.264852,0.088110,-0.069932,0.550219,3.530085,4.050312
1.239423,0.158840,-0.083957,-0.413525,4.245417,2.640034
1.233357,0.205956,-0.050788,0.398869,5.048823,-0.045077
1.311617,0.295921,-0.090617,-0.096130,7.780636,-0.914808
1.356796,0.351421,-0.062162,-0.139615,7.331546,-1.174245
1.371465,0.421563,-0.054179,-0.765668,7.806820,0.118756
1.365413,0.454467,-0.064886,-0.127280,8.962665,1.882757
1.402301,0.507685,-0.091691,-1.076919,9.973179,2.486887
1.456474,0.540946,-0.048586,-0.363809,8.471576,0.428037
1.474189,0.600955,-0.060419,-1.377196,7.703429,-2.460295
1.471330,0.617282,-0.052889,-0.678316,6.090475,-3.980869
1.475148,0.627185,-0.082162,-1.151571,6.969778,-3.960022
1.538879,0.648954,-0.049397,-1.091769,5.286541,-2.769523
1.633407,0.674850,-0.076624,-1.239603,5.648620,-1.703463
1.657070,0.678526,-0.047805,-1.245695,3.346557,-1.077511
1.641705,0.684355,-0.068343,-1.203286,5.656301,-2.620176
1.674014,0.721752,-0.065858,-1.480173,4.905279,-3.896072
1.711519,0.715873,-0.067503,-1.907310,5.584189,-6.257526
1.725558,0.715811,-0.063629,-2.276968,5.673776,-5.851662
1.690187,0.718211,-0.059221,-2.150923,6.326269,-6.397549
1.656624,0.743180,-0.063245,-3.649257,6.451061,-4.789996
1.630571,0.716261,-0.031714,-2.641394,7.616658,-4.075190
1.670433,0.735562,-0.055295,-3.945556,7.271103,-1.921837
1.649691,0.723433,-0.047352,-3.693288,8.253786,-2.399925
1.607085,0.740508,-0.051031,-4.471327,8.127468,-3.177539
1.593611,0.729295,-0.056546,-4.061745,9.170597,-3.953616
1.610443,0.729148,-0.036562,-4.552807,6.229913,-2.939309
1.657132,0.745212,-0.044496,-3.961007,9.073916,-0.730779
1.650141,0.754094,-0.046826,-4.501260,8.614943,2.295343
1.569642,0.712164,-0.053444,-3.537050,7.417079,2.851823
1.569104,0.750129,-0.053201,-3.704757,6.525070,4.605301
1.595626,0.734656,-0.061542,-2.519124,6.540790,3.899903
1.620793,0.740636,-0.042192,-3.005958,4.538598,3.217048
1.595216,0.691623,-0.037498,-1.473907,5.413148,2.193246
1.548008,0.674892,-0.037750,-1.611986,4.076716,3.343077
1.597779,0.656215,-0.070549,-0.032493,6.147583,3.776206
1.654976,0.626496,-0.051543,0.186843,5.557703,5.416324
1.631034,0.553675,-0.044749,1.427069,6.152871,4.011799
1.572863,0.489874,-0.051097,1.502595,6.722072,3.215695
1.564496,0.464878,-0.035774,2.231165,8.933671,0.801242
1.623222,0.433748,-0.032298,2.024086,7.765904,-0.040006
1.632803,0.370256,-0.045195,1.896839,9.927173,-1.095775
1.596148,0.314592,-0.019717,2.813978,8.274495,-0.354689
1.523127,0.243432,-0.049439,2.110700,8.144560,0.065197
1.512233,0.161437,-0.009259,2.530205,6.540869,-0.343075
1.529278,0.121791,-0.043354,0.931362,7.495277,-0.755651
1.484874,0.046545,0.004488,1.597271,5.166781,-3.040641
1.434127,0.006226,-0.048819,1.236948,5.623096,-4.680499
1.375985,-0.089736,-0.009466,0.452402,3.642975,-5.141679
1.425593,-0.154738,-0.039740,-0.218909,5.085255,-4.037159
1.444844,-0.236805,-0.022254,-0.194399,4.137376,-2.716865
1.410989,-0.298180,-0.050982,-0.455812,6.718117,-3.246221
1.345833,-0.382680,-0.008389,-0.664391,3.787813,-2.962514
1.310169,-0.477487,-0.030509,-0.629624,6.127226,-4.565125
1.367195,-0.519420,-0.038259,-0.028993,6.372638,-5.621001
1.397587,-0.561045,-0.052114,-0.250732,9.492257,-7.351341
1.377784,-0.620270,-0.018233,0.005571,8.087813,-7.257962
1.390041,-0.678120,-0.036858,0.153878,10.167070,-6.446119
1.411150,-0.727425,0.003159,0.552425,7.409035,-4.560842
1.484375,-0.753701,-0.046124,0.643769,8.859859,-4.225932
1.471609,-0.818017,-0.005455,2.107205,8.593778,-4.893902
1.450083,-0.825413,-0.057567,1.844488,9.019372,-5.600414
1.419333,-0.840978,-0.027519,2.924709,6.595919,-6.448731
1.435470,-0.826762,-0.049725,2.512198,6.708057,-6.377689
1.449945,-0.841526,-0.034786,3.371823,4.850466,-4.761744
1.409545,-0.854672,-0.043462,3.177250,5.274393,-2.582921
1.410963,-0.828199,-0.045628,3.572075,4.132692,0.217948
1.424375,-0.812900,-0.028753,3.366669,5.640083,1.214696
1.439803,-0.785547,-0.015587,2.896706,4.325145,2.401764
1.430599,-0.754299,-0.058088,3.589376,6.841045,2.793230
1.394420,-0.731564,-0.035420,3.377807,6.233226,3.377079
1.349769,-0.709345,-0.033592,3.508691,7.280652,2.554302
1.335447,-0.688341,-0.028537,3.009579,6.010142,2.845332
1.314561,-0.679193,-0.028113,3.643254,8.084226,2.361030
1.312408,-0.627488,-0.033470,3.036640,7.879257,3.408744
1.273695,-0.625207,-0.041729,3.720657,8.373451,3.764110
1.273426,-0.589563,-0.028251,3.360314,7.475937,4.893350
1.281940,-0.574079,-0.038952,3.975368,7.346130,5.135647
1.275415,-0.549504,-0.035390,3.755953,6.488452,6.438351
1.242541,-0.569353,-0.030135,4.400992,6.313386,6.329879
1.239469,-0.572297,-0.054396,3.792684,6.045930,7.136660
1.226182,-0.596160,-0.002077,4.946356,4.346517,5.230551
1.249795,-0.580736,-0.044066,4.747295,3.687469,4.272428
1.219531,-0.632917,-0.030106,5.662892,4.410560,1.926216
1.213364,-0.634585,-0.031297,4.624024,3.727393,1.664585
1.246989,-0.669657,-0.029203,5.930542,5.690114,0.297608
1.270613,-0.676409,-0.025779,4.440624,5.986357,-0.020659
1.289214,-0.701169,-0.003961,5.202826,6.707364,-1.487108
1.272684,-0.715040,-0.025202,3.847222,7.171475,-2.150876
1.273839,-0.706568,-0.005185,3.835786,7.754830,-4.524323
1.325393,-0.673550,-0.008504,2.512517,8.927710,-5.087326
1.321796,-0.664517,0.001084,1.672386,6.776660,-5.973253
1.324218,-0.632730,-0.012600,0.008807,6.257532,-3.708839
1.307944,-0.636173,0.000654,0.248028,7.387446,-2.526689
1.354856,-0.589474,-0.034504,-0.561027,6.448016,-1.414398
1.379573,-0.588338,-0.023754,-0.783301,6.445002,-1.407478
1.388935,-0.525923,-0.037563,-2.128670,5.950280,-1.652027
1.371305,-0.490551,-0.048586,-1.342271,5.473072,-4.309273
1.375798,-0.446573,-0.029777,-2.346142,3.176465,-4.377394
1.425343,-0.407394,-0.032692,-1.812660,5.309249,-5.707529
1.475584,-0.355833,-0.035571,-1.902760,5.738106,-4.149440
1.470723,-0.318998,-0.020025,-1.110770,6.521089,-3.648209
1.500770,-0.249420,-0.031035,-0.881580,7.068524,-2.365423
1.545789,-0.193569,-0.015315,-0.599790,7.899811,-3.890637
1.570952,-0.127477,0.002725,-0.201019,7.472428,-5.261859
1.599198,-0.032050,-0.046163,0.535455,9.616658,-6.181760
1.585316,0.007526,-0.007831,1.026323,8.367565,-4.601175
1.580419,0.081913,-0.009912,1.145102,8.628407,-3.240428
1.657172,0.161857,0.000277,2.108990,8.452446,-0.881381
1.643080,0.213312,-0.029236,1.740408,7.922903,0.310747
1.622848,0.269173,0.005102,2.637167,6.945035,1.306837
1.622178,0.328293,-0.016251,1.711421,7.784017,1.205491
1.650187,0.408617,0.040516,1.543737,2.620292,1.070153
1.693023,0.469224,-0.008721,2.082116,6.565070,-0.813038
1.693111,0.515343,-0.005294,1.491576,6.004771,1.503391
1.657612,0.559961,-0.026544,1.255260,6.466426,2.920635
1.687561,0.601484,-0.013044,0.677492,5.052398,5.123952
1.723139,0.613038,-0.000400,0.745199,7.096891,4.794127
1.762512,0.628229,-0.004440,0.250483,7.028652,4.376749
1.717067,0.628475,-0.025898,-0.603181,7.859027,2.856201
1.685647,0.656796,-0.000311,-1.214965,6.238861,1.627793
1.733544,0.677095,-0.029626,-1.189542,8.533817,0.067336
1.761511,0.666634,-0.004765,-2.019694,7.777448,1.641112
1.741954,0.650376,0.004478,-2.531285,7.979801,2.157482
1.720329,0.661244,-0.023423,-2.438641,8.065131,3.873100
1.698212,0.631328,-0.015335,-2.832078,8.501571,2.684850
1.697785,0.637266,0.011857,-3.252614,6.003885,2.317999
1.718865,0.628232,-0.006853,-3.733928,7.189879,0.075802
1.682427,0.608282,0.044225,-3.789939,2.561697,-2.317414
1.655797,0.606391,-0.041916,-3.824937,6.264865,-3.352493
1.627161,0.569181,-0.002838,-3.116379,5.055106,-3.562480
1.647866,0.614745,-0.024023,-4.541896,6.378815,-3.862088
1.663336,0.626716,0.008282,-3.426898,6.648995,-4.584405
1.651785,0.629601,0.004544,-4.266792,6.554806,-5.468402
1.655449,0.629732,-0.005225,-3.578977,7.523903,-4.657427
1.668890,0.651820,-0.017793,-4.281753,8.360524,-3.755380
1.678705,0.662915,0.016735,-3.728997,8.021399,-2.638540
1.710413,0.697531,-0.052630,-4.077665,9.900693,-1.247213
1.716961,0.697479,0.001478,-3.215690,9.531186,-0.179170
1.750347,0.728363,-0.001115,-3.964716,9.183641,1.006297
1.801862,0.726374,-0.002218,-2.092695,9.157474,0.998972
1.832694,0.726659,-0.013464,-2.987268,9.024778,2.367290
1.838704,0.705691,0.025837,-1.401926,8.508398,2.708434
1.869539,0.719070,-0.017925,-1.696364,8.161224,3.306590
1.873396,0.675657,0.024386,-0.121598,5.049112,4.023469
1.888187,0.664204,-0.012679,-0.074905,6.107262,6.050812
1.877762,0.611538,0.015550,1.275129,3.960629,6.389071
1.849546,0.594039,-0.012108,1.469557,5.491946,5.606446
1.827882,0.550905,0.022174,2.526686,4.361753,3.808270
1.818865,0.483280,-0.006856,2.638352,6.382314,3.863426
1.764554,0.384501,0.032382,3.439549,5.322789,5.009365
1.729251,0.324095,-0.019920,3.943426,8.676482,5.498992
1.632780,0.228750,0.017083,3.894239,6.511310,5.939235
1.572163,0.164785,0.011355,3.387988,8.073616,5.592133
1.567571,0.084989,0.018038,3.057027,8.081882,5.279298
1.501309,-0.008246,0.033918,2.663413,8.908239,4.285122
1.466896,-0.084989,0.016718,2.311181,9.240559,3.945436
1.407257,-0.199881,0.018832,1.790643,9.994004,3.261960
1.396386,-0.245944,0.017148,0.875016,9.220546,2.172916
1.396898,-0.336578,0.029589,0.720877,9.190719,0.788257
1.373100,-0.432104,0.043237,-0.376643,7.386707,1.943076
1.348269,-0.505401,0.022925,-0.431968,7.736241,2.174074
1.353274,-0.545729,0.014532,-1.148232,6.867534,2.333881
1.336780,-0.636951,0.035763,-0.679004,5.899084,-0.988085
1.374935,-0.701881,0.018773,-0.885545,4.121033,-1.800263
1.365107,-0.797545,0.001924,-0.466670,6.289133,-3.685547
1.344783,-0.855194,0.021570,-0.229442,4.210460,-3.601355
1.384201,-0.886042,0.009247,0.910887,5.303692,-6.038555
1.402317,-0.942084,0.026992,0.662226,5.510916,-5.906111
1.385580,-0.988757,0.007186,1.045858,7.226518,-7.125199
1.442655,-1.023541,0.031273,2.175148,6.368814,-6.590576
1.466184,-1.064821,0.021770,2.411250,8.410303,-7.030405
1.467762,-1.074461,0.058940,3.058042,8.075609,-7.711468
1.453950,-1.063222,0.005282,3.495863,9.113598,-9.974517
1.434403,-1.067273,0.043421,3.959813,7.191787,-11.130280
1.438473,-1.058344,0.017112,4.254835,8.509620,-12.026695
1.455647,-1.051845,0.034654,4.453212,7.983806,-9.375659
1.423712,-1.018863,0.006526,4.436859,8.088437,-7.837359
1.420597,-0.947244,0.028568,4.458543,6.247537,-4.972752
1.393251,-0.924565,0.037558,4.398563,6.509594,-3.751870
1.360115,-0.922904,0.013387,4.270978,5.129556,-1.360059
1.339006,-0.863939,0.007163,3.427516,5.313707,-0.352923
1.297699,-0.795053,0.012274,3.431645,3.489039,0.394808
1.220001,-0.757322,-0.008081,3.049113,4.138085,0.216428
1.147065,-0.722521,0.026543,3.206575,3.077388,2.069457
1.105660,-0.677411,-0.019231,2.170949,3.892887,5.154695
1.056338,-0.672497,0.026159,3.360639,4.708540,6.569963
1.013440,-0.639715,0.007176,2.179887,5.393089,7.167146
0.967138,-0.604212,0.013639,3.077723,5.720316,7.347035
0.943646,-0.550400,0.002226,2.400369,7.317051,6.435401
0.901122,-0.544377,0.036012,2.815840,7.090769,4.810117
0.859500,-0.513252,0.019174,2.466920,7.721818,5.345580
0.812906,-0.494293,0.027869,3.000149,7.327890,6.211430
0.800046,-0.436338,0.030836,2.287650,6.240621,8.763965
0.782189,-0.403898,0.040221,2.943110,5.758710,9.281228
0.798421,-0.376421,0.023431,2.423136,4.835761,12.127765
0.787878,-0.383097,0.022246,2.960494,4.376541,12.590051
0.826571,-0.351241,0.018885,2.803636,3.587446,12.987328
0.868107,-0.347542,0.030885,3.334639,2.879825,9.720895
0.884907,-0.329974,-0.005264,2.803504,1.932044,7.592467
0.855246,-0.331704,0.010938,3.606957,2.785359,4.130747
0.866912,-0.304404,0.009369,2.426060,1.526039,3.198115
0.908412,-0.296175,0.018241,3.292151,1.969877,1.100059
0.928025,-0.275121,0.006644,1.657799,3.090446,1.139820
0.918909,-0.237738,0.032806,1.709389,3.920059,0.538230
0.937399,-0.188071,-0.000124,0.604327,4.587661,0.298126
0.979966,-0.198414,0.025948,1.057497,5.953861,-1.468997
1.009449,-0.170208,0.036787,-0.670825,5.723178,-2.335876
1.017724,-0.145839,0.012346,-0.718463,6.719906,-4.094255
0.992488,-0.096350,0.026982,-1.365734,6.314154,-4.603484
0.967141,-0.070244,0.032740,-1.702745,6.422691,-4.768159
0.990463,-0.043660,0.014591,-1.763614,5.932801,-3.355679
0.989212,-0.048223,0.018963,-1.878989,4.958081,-2.652390
0.961735,-0.037666,0.035648,-1.838451,3.190678,-2.527711
0.957051,-0.015126,0.003421,-1.452134,3.805741,-3.702713
0.965037,0.001316,0.022827,-1.374573,2.993765,-3.767166
0.978279,0.034981,0.030770,-0.822589,3.113025,-5.850120
1.004312,0.069752,0.020339,-0.797501,2.560716,-5.545628
0.975955,0.070730,0.028463,0.294967,3.314285,-5.973429
0.964358,0.073835,0.001337,0.080134,3.740503,-3.524415
0.956257,0.094967,0.034132,0.973427,4.294368,-3.077341
1.002362,0.141056,0.025473,0.100193,5.055667,-2.565526
1.020793,0.132774,0.055422,0.817836,6.169307,-3.977007
1.020307,0.164926,0.050865,0.267926,6.025149,-3.148572
1.040310,0.199300,0.031168,0.714728,7.196697,-3.599133
1.084912,0.252350,0.044100,-0.302102,6.659910,-0.865902
1.094280,0.265500,0.045082,0.060971,6.781429,1.673376
1.104298,0.311776,0.029874,-0.901745,7.490613,4.889142
1.094401,0.335189,0.043014,-0.819611,5.344469,4.894899
1.129707,0.375383,0.016994,-1.653256,4.701942,5.132643
1.182131,0.379725,0.027577,-0.785944,4.745723,4.822690
1.209008,0.421879,0.026099,-1.928137,3.804277,5.399083
1.222206,0.440191,0.017716,-0.907400,4.135101,4.526059
1.264730,0.445775,-0.008553,-1.849989,4.623190,5.867570
1.297643,0.416653,0.043175,-1.133199,4.553687,4.452643
1.397459,0.455445,0.003109,-1.705020,5.038756,4.355830
1.433730,0.447938,0.024320,-0.824036,4.854582,2.120848
1.454826,0.437395,0.006536,-1.011729,6.537015,0.992911
1.453493,0.416932,0.032868,-0.872482,6.864438,-2.122524
1.511671,0.446585,0.020851,-0.954169,7.030969,-1.360156
1.550184,0.430534,0.012418,-0.171428,7.977339,-2.314074
1.565310,0.428082,0.035343,-1.128666,7.817593,-0.273753
1.544230,0.401813,0.037490,-0.239293,7.924633,-0.367237
1.600087,0.448765,0.030271,-1.105535,7.715561,0.388302
1.631474,0.431096,0.023421,-0.071550,7.152295,-2.249661
1.655475,0.408896,0.026024,-1.173895,6.850593,-3.800592
1.628762,0.361275,0.033925,-0.327069,6.229316,-5.034733
1.628070,0.353154,0.042206,-0.880287,6.231394,-4.290450
1.630430,0.341055,0.038996,-0.529667,5.946875,-5.347995
1.650010,0.330128,0.049431,-1.021760,3.280321,-4.530569
1.627082,0.300307,0.020083,-1.168377,5.796540,-4.426601
1.611329,0.276338,0.027810,-0.953489,6.619966,-4.627257
1.594274,0.281951,0.013075,-1.898053,7.280786,-5.628447
1.633358,0.284682,0.032897,-1.823299,7.143596,-4.040393
1.649054,0.284466,0.017493,-2.417627,8.317245,-1.949072
1.636752,0.276562,0.041488,-2.368285,8.235483,1.511258
1.639066,0.259083,0.036367,-2.381182,9.375021,3.215172
1.660225,0.230141,0.043890,-2.503197,9.039218,5.515962
1.678898,0.178508,0.022896,-1.323219,10.100171,4.677264
1.690502,0.194875,0.046572,-1.906292,8.722502,5.529940
1.669484,0.161249,0.024934,-1.009172,8.716052,4.233019
1.677805,0.117485,0.031660,-0.688284,7.679264,4.822169
1.701981,0.093671,0.046444,-0.009555,6.942908,4.080766
1.741649,0.082989,0.029313,0.451037,6.050377,5.723716
1.688424,0.031783,0.035999,1.604955,5.738644,7.148333
1.637507,0.007254,0.040825,1.416990,3.570207,10.416827
1.646281,-0.024346,0.033019,3.015836,5.032582,11.833058
1.678922,-0.045600,0.017289,2.592056,6.013115,11.992163
1.617530,-0.133711,0.058878,3.873405,4.599799,10.043802
1.557386,-0.201847,0.000848,4.384858,7.524425,9.127482
1.502625,-0.291123,0.043634,5.457146,6.310590,7.526561
1.540669,-0.309640,0.052517,4.401980,7.911632,4.830584
1.549305,-0.399716,0.044560,5.559853,8.561649,2.362457
1.508924,-0.463126,0.031739,4.697701,9.279666,1.274463
1.433615,-0.528362,0.054801,4.728888,8.337784,0.498474
1.447634,-0.534405,-0.019018,3.649067,13.596653,1.503133
1.440311,-0.583316,0.053521,3.605178,9.441576,2.233020
1.434419,-0.599893,0.026536,1.922837,8.501620,2.571726
1.391892,-0.658497,0.041251,2.471549,7.563336,1.032918
1.326033,-0.722515,0.002735,0.890999,6.153755,0.837110
1.300726,-0.797105,0.024547,2.138037,7.440316,0.306428
1.313442,-0.854902,-0.011110,1.068260,4.808710,-0.761666
1.333307,-0.925527,0.053994,2.329268,3.633739,-2.727941
1.281281,-0.990769,0.033662,1.508842,3.301077,-6.530758
1.233679,-1.103534,0.027261,2.888445,2.609926,-8.115415
1.234013,-1.163704,0.029841,2.485604,4.021956,-7.235028
1.251653,-1.204511,0.054975,4.023755,4.444990,-7.221057
1.253147,-1.221531,0.027767,3.681150,6.176506,-9.964753
1.178941,-1.275865,0.051955,4.119008,5.689077,-10.346318
1.087728,-1.321639,0.016085,4.408844,7.871140,-11.905469
1.050555,-1.313367,0.039869,4.511627,6.651199,-12.274249
1.068828,-1.275921,-0.006873,3.931548,8.929818,-11.366507
1.027568,-1.284495,0.059587,4.196444,6.645356,-9.914603
0.958820,-1.251788,0.027386,2.970250,6.432759,-7.499006
0.888176,-1.267176,0.047294,3.752957,5.899435,-6.702728
0.883731,-1.241485,0.021593,2.693327,5.154286,-4.967726
0.870710,-1.204268,0.053061,3.042558,4.512615,-4.642686
0.860400,-1.113660,0.026805,2.247847,3.427159,-5.209945
0.770080,-1.077901,0.063861,2.410013,2.298203,-5.471664
0.728137,-0.997524,0.021120,1.283437,3.176183,-2.625102
0.709510,-0.970135,0.032372,2.120344,2.629634,0.437902
0.734788,-0.855161,0.017673,1.210196,3.516671,3.277471
0.702373,-0.784001,0.022630,1.854040,2.017489,2.884542
0.639009,-0.706706,0.013685,0.935354,2.012749,2.798310
0.578425,-0.614621,0.036636,1.513641,1.987497,2.496424
0.621084,-0.529215,0.006497,0.695736,3.818251,3.535040
0.622866,-0.484620,0.036419,2.436420,4.072627,2.552488
0.603454,-0.394041,0.014864,1.384408,4.557679,3.608027
0.566608,-0.323357,0.042512,2.728602,4.495559,3.966667
0.546730,-0.256891,-0.003177,1.951945,5.706286,3.965714
0.598517,-0.203141,0.046047,3.029336,4.583381,3.455962
0.621747,-0.145718,0.020365,2.327009,4.787443,3.832365
0.622407,-0.061638,0.047852,2.715253,3.748056,4.530890
0.627251,0.011603,0.008575,2.107565,3.856537,4.762692
0.664241,0.063781,0.044031,2.832511,3.180040,6.071939
0.678691,0.124496,0.012123,1.755510,2.718818,6.392935
0.708643,0.163314,0.043713,1.834046,1.334341,6.700923
0.706555,0.206114,0.027028,1.550312,1.081331,4.257501
0.728085,0.239070,0.009408,1.844454,0.119819,3.115469
0.711554,0.241853,0.025814,1.658705,1.277955,1.490530
0.728557,0.283786,0.017276,0.597735,1.164396,1.613083
0.745728,0.267762,0.018757,0.902483,1.924724,0.857036
0.753340,0.283143,0.024169,-0.512329,2.335580,2.126926
0.744244,0.287128,0.007938,0.177393,3.454294,1.915983
0.742662,0.312570,0.008883,-1.329788,3.763470,2.307226
0.774997,0.347653,0.040171,-1.459795,4.082132,1.064341
0.813871,0.353338,0.028647,-3.155608,5.222688,1.409438
0.801270,0.316227,0.059314,-2.000616,5.542542,1.087477
0.812492,0.327847,0.011942,-3.279215,5.176251,1.828445
0.826489,0.342273,0.054000,-2.822572,5.072917,1.845970
0.840239,0.353285,0.012566,-4.174260,4.237736,0.199607
0.843741,0.317179,0.046874,-2.915727,4.024831,-0.812441
0.876700,0.329104,0.028213,-3.356867,3.094319,-0.473055
0.919805,0.305986,0.029582,-2.170686,2.576865,-0.774418
0.949029,0.284873,0.019302,-2.462193,2.764082,-0.808817
0.895748,0.272482,0.138697,-2.915028,-11.925640,-1.401300
1.014041,0.292514,0.017759,-1.207566,4.077537,-1.523055
1.064485,0.262247,0.061005,-0.651541,3.393618,-2.050702
1.083963,0.237599,0.055356,-0.668882,3.248705,-1.928857
1.124150,0.231802,0.055595,-0.094672,4.360759,-1.625312
1.166050,0.272984,0.022666,-0.707818,6.023307,-1.290785
1.195303,0.273837,0.079383,0.352029,6.091093,-1.422617
1.263746,0.296955,0.040184,-0.907019,6.941517,0.048563
1.298795,0.250663,0.051680,0.755765,6.791135,1.001102
1.329457,0.271864,0.050111,-0.564395,6.751565,2.003254
1.364598,0.249708,0.093019,0.437543,5.873776,1.138451
1.392138,0.229626,0.047179,-0.531600,6.727022,0.727140
1.425688,0.195206,0.094489,1.178675,5.685570,-0.255325
1.422767,0.173831,0.040880,0.847923,4.825946,-0.932683
1.426374,0.072033,0.050281,1.981309,4.920664,-2.038567
1.486377,0.055772,0.050767,1.468038,4.941534,-1.451895
1.507680,0.020636,0.059827,2.511935,4.615161,-4.026475
1.515082,-0.006641,0.052812,1.855234,4.505777,-4.235572
1.490247,-0.090520,0.059131,2.484806,5.103138,-5.787046
1.542428,-0.137725,0.027701,1.838569,5.355781,-4.628960
1.567332,-0.186453,0.046414,2.412750,6.634343,-6.011259
1.532981,-0.187697,0.049326,0.833454,5.749627,-7.881902
1.462871,-0.215571,0.049946,0.783400,7.118906,-10.282249
1.450172,-0.237573,0.051883,-0.222851,6.927494,-8.216072
1.519726,-0.244801,0.043664,-0.271835,8.445402,-7.313764
1.538834,-0.291248,0.046254,-0.853125,7.876381,-4.348391
1.484644,-0.294422,0.027705,-1.682938,9.234287,-2.446837
1.464135,-0.326199,0.026766,-1.186535,7.868717,-2.184403
1.467641,-0.342241,0.034693,-1.350572,7.249094,-3.205861
1.471583,-0.350141,0.042725,-1.618215,6.429919,-5.959705
1.407290,-0.374366,0.034161,-1.390276,5.688725,-8.287205
1.343683,-0.352846,0.019955,-1.714919,4.773033,-7.169508
1.321500,-0.306538,0.031657,-0.648731,4.140609,-6.086432
1.319649,-0.277977,0.013685,-1.587915,4.237480,-2.724598
1.307067,-0.302589,0.041097,-0.264239,4.452756,-0.862149
1.291341,-0.270634,-0.011038,-0.662107,4.777461,1.974790
1.274318,-0.257928,0.007153,0.906662,6.164124,2.304762
1.281333,-0.222189,0.011470,0.159087,6.365446,1.984327
1.298864,-0.199248,0.046132,1.546327,6.934988,0.698734
1.283020,-0.194767,0.021622,1.274525,7.512993,1.659391
1.256429,-0.192844,0.010672,2.818528,8.454671,2.901295
1.212077,-0.182593,0.006579,2.374762,6.472072,6.347480
1.160149,-0.199313,0.040240,3.598143,6.286362,7.442596
1.158954,-0.148961,0.017253,3.686129,5.550088,9.130120
1.126615,-0.159845,0.026434,4.443538,4.869064,9.343724
1.076200,-0.175391,0.032280,4.201862,2.600171,9.281777
1.023320,-0.217807,0.022840,4.326621,3.465399,7.529272
1.025250,-0.189105,0.035248,4.231916,2.693356,8.909590
1.005904,-0.197721,0.023195,4.775596,2.903892,8.037019
0.977954,-0.235742,0.028755,3.974997,2.546697,8.925293
0.915128,-0.324381,0.032146,4.452263,2.911208,9.234390
0.901420,-0.362753,0.008778,4.621670,2.285484,8.949665
0.852742,-0.450879,0.027557,4.856387,3.697736,5.975601
0.806640,-0.504794,0.026717,3.639988,2.675936,4.425715
0.726604,-0.652484,0.036892,4.377762,4.416728,-0.281845
0.737853,-0.603697,0.025998,2.894166,4.618503,2.344024
0.721723,-0.671092,0.039347,3.045936,5.225567,1.846042
0.694538,-0.725318,0.038576,1.257880,4.596323,3.916703
0.674043,-0.810123,0.029497,2.499331,5.054430,4.132199
0.663651,-0.831813,0.012615,0.851281,5.488119,4.913571
0.653334,-0.907450,0.078750,1.654645,4.268385,2.785067
0.651860,-0.964975,0.020506,1.138711,3.807029,1.195202
0.618337,-1.050329,0.061389,2.224056,2.383189,-1.576512
0.588890,-1.071993,0.031955,1.215937,1.371958,-3.966781
0.549937,-1.146455,0.067590,2.263849,-0.193036,-6.387383
0.513623,-1.196545,0.044130,2.108547,0.565155,-6.848954
0.519046,-1.242253,0.068010,3.624318,0.718392,-6.753474
0.475403,-1.261186,0.042023,2.967079,0.469692,-7.560997
0.421971,-1.286287,0.079748,3.658596,-0.240543,-9.706066
0.377215,-1.293216,0.053117,3.087790,0.942212,-11.276058
0.343705,-1.274828,0.087094,3.197269,-0.451840,-11.268752
0.322782,-1.226553,0.042988,3.410913,2.795030,-11.131968
0.250877,-1.216226,0.053130,3.044193,2.391415,-7.898012
0.166962,-1.201176,0.074309,3.172441,3.746303,-6.502258
0.139058,-1.123218,0.055047,2.493370,3.372037,-4.974983
0.097138,-1.093545,0.062111,3.123585,3.589416,-6.280027
0.043168,-1.078203,0.071565,2.394585,2.584074,-6.484928
0.013626,-1.045129,0.072244,2.893887,2.388753,-6.013462
0.024379,-1.000531,0.074575,2.999663,1.000409,-5.552302
0.006684,-0.964880,0.075960,2.904706,0.931668,-5.916457
0.024826,-0.896802,0.054519,3.047971,0.754023,-4.446699
0.005407,-0.853444,0.055983,3.853058,0.824290,-3.441771
0.017401,-0.781927,0.065164,3.231150,-1.443602,-1.755250
0.037532,-0.729729,0.050209,4.092636,-0.354795,-2.032266
0.005728,-0.694732,0.050669,3.693971,-1.961223,-0.936683
-0.004910,-0.646972,0.053393,3.741133,-0.474522,-1.071835
0.038461,-0.579544,0.063175,3.567246,-1.623352,-1.546912
0.051404,-0.548131,0.042912,4.049856,1.239787,-3.904249
0.056600,-0.487288,0.045147,2.895035,0.375016,-3.085530
0.087025,-0.428834,0.036410,2.524714,1.467342,-2.781081
0.150454,-0.341279,0.056882,1.880240,2.372087,-1.380930
0.188252,-0.276969,0.038789,1.132179,2.989589,-1.218190
0.191971,-0.223111,0.075641,0.446077,2.227181,0.892605
0.160085,-0.163256,0.043424,-0.629946,2.480309,2.815759
0.179609,-0.072142,0.050212,-0.819556,1.373136,4.143695
0.201657,-0.007379,0.037411,-1.397485,1.213715,3.408954
0.193408,0.036090,0.034246,-2.465101,-0.343733,2.463424
0.173067,0.101595,0.035198,-2.158111,-0.367390,0.720227
0.158227,0.188796,0.025207,-2.967971,-1.816796,1.370898
0.157485,0.237882,0.037522,-2.744141,-0.951083,-0.003352
0.237383,0.330850,0.009973,-3.411582,-0.344439,1.769727
0.274573,0.384357,0.031089,-2.615654,0.788284,2.805592
0.265858,0.435882,0.027593,-3.413801,0.125839,4.583679
0.270418,0.466910,0.040388,-2.518470,1.437249,5.038733
0.253575,0.523401,0.025059,-3.298617,1.304684,4.632976
0.305264,0.586683,0.037664,-1.352414,1.955040,2.998604
0.298154,0.638188,0.049503,-1.876632,1.679312,2.881141
0.240721,0.630333,0.042528,-1.486968,1.062030,2.403559
0.273135,0.661973,0.025118,-1.239012,2.147729,4.502383
0.316152,0.706840,0.072480,-0.397133,1.148289,4.258994
0.414536,0.742435,0.035816,-0.286242,1.513178,4.612619
0.422690,0.693789,0.056872,0.694147,2.586873,3.981948
0.468010,0.693517,0.043447,0.453219,1.244901,5.523566
0.509546,0.663768,0.079255,1.492711,2.137442,4.897009
0.527278,0.656320,0.085971,0.665810,-1.165108,4.009172
0.540076,0.629408,0.068686,1.755041,0.836730,2.588943
0.501741,0.608151,0.043395,0.499268,-0.484481,3.796989
0.458541,0.548413,0.072625,1.138812,-0.841003,2.903525
0.538022,0.540286,0.017060,0.175584,0.179218,4.372287
0.585066,0.448489,0.058307,0.769781,0.670543,4.038842
0.603828,0.411204,0.037588,-0.733146,1.878179,4.294814
0.624271,0.347354,0.074542,-0.317182,2.972258,3.190134
0.681664,0.275278,0.064008,-1.903220,4.982462,2.879230
0.739993,0.205484,0.085262,-0.979115,4.729547,2.422766
0.774889,0.152856,0.047504,-2.409483,6.040602,2.623912
0.752227,0.090342,0.107113,-1.700552,4.956777,0.641257
0.720617,0.014006,0.038704,-2.584457,4.758604,-0.629230
0.733166,-0.081897,0.082672,-1.665565,4.047808,-1.189229
0.777433,-0.129929,0.065410,-2.324035,3.253753,-1.803746
0.790500,-0.231376,0.098651,-1.235470,1.331945,-2.826670
0.791252,-0.292187,0.062758,-1.041921,2.364022,-3.202857
0.843357,-0.365546,0.083401,-0.141945,2.249009,-3.585098
0.899792,-0.428135,0.063729,0.622315,3.814479,-5.332794
0.909331,-0.498042,0.084199,1.454679,1.894283,-7.980293
0.883177,-0.559571,0.062308,1.317479,2.499229,-9.177996
0.840380,-0.613501,0.081563,2.169561,1.520721,-9.459446
0.814406,-0.614102,0.070114,3.179613,2.638667,-10.317719
0.820840,-0.640877,0.064763,3.204382,3.268075,-9.295961
0.776186,-0.669277,0.048200,2.457949,3.984874,-9.225764
0.717112,-0.731351,0.089559,2.767145,2.405490,-8.642712
0.683805,-0.735533,0.058638,2.384918,3.814939,-8.944136
0.704385,-0.718379,0.091253,2.786899,3.979973,-9.911582
0.649257,-0.708699,0.055678,1.777454,4.275675,-9.942386
0.550180,-0.738503,0.083903,2.251011,2.553068,-9.718791
0.485283,-0.735995,0.048062,1.732570,3.238572,-8.234349
0.416739,-0.764773,0.067619,2.265831,1.098593,-6.932266
0.334967,-0.756790,0.046392,1.669107,1.764630,-6.606745
0.278591,-0.714154,0.040936,1.723428,0.329397,-5.805608
0.201910,-0.703617,0.044097,1.540229,0.511703,-6.797977
0.174439,-0.677502,0.051581,1.294331,0.094919,-5.632613
0.134390,-0.666335,0.038405,1.029314,0.541180,-4.431773
0.096731,-0.647527,0.042426,1.298372,-0.499265,-0.839312
0.063949,-0.611095,0.006622,1.588004,0.864460,0.897370
0.008069,-0.613600,0.031433,1.309191,-0.978484,2.502954
-0.026183,-0.605033,0.040434,1.568914,0.479837,1.352931
-0.052660,-0.584343,0.024419,2.055565,-0.609630,1.634630
-0.093460,-0.573915,0.025906,2.947800,1.202899,0.115548
-0.134015,-0.536919,0.026260,2.378235,-0.047066,1.600674
-0.139178,-0.524068,0.024530,2.959745,0.922070,2.589164
-0.143271,-0.478465,0.033511,2.591725,-0.118055,6.199380
-0.163169,-0.474582,0.052238,3.346797,0.057309,6.919958
-0.176752,-0.452022,0.033620,2.382679,-0.686702,9.816730
-0.206960,-0.471578,0.061852,3.829027,-0.385233,10.071817
-0.204709,-0.432511,0.013035,3.026077,-1.465414,10.407286
-0.241226,-0.458117,0.048650,4.452821,-1.616049,8.826958
-0.313653,-0.461938,0.033954,3.280978,-3.286061,8.565353
-0.353853,-0.486435,0.067081,4.112977,-2.769343,6.880533
-0.373708,-0.456857,0.042876,3.140082,-3.309344,5.682199
-0.364504,-0.460996,0.065082,3.750094,-2.810843,4.050147
-0.415556,-0.475918,0.030012,2.512421,-2.378973,4.634217
-0.499206,-0.493627,0.075773,3.160630,-2.867935,4.581004
-0.517683,-0.476417,0.024491,2.406067,-1.875535,3.853943
-0.538401,-0.486773,0.048420,2.046705,-1.324142,2.601052
-0.583174,-0.482867,0.061428,1.623707,-0.965670,1.132721
-0.641037,-0.490915,0.058090,1.355792,-1.414743,2.630087
-0.704693,-0.523690,0.066608,1.199446,-0.928693,1.898300
-0.730398,-0.522670,0.047307,0.132762,-1.842596,1.697769
-0.732656,-0.560772,0.084586,0.733448,-1.456883,0.004969
-0.739523,-0.586260,0.087665,0.481816,-3.003627,-0.790379
-0.758423,-0.604048,0.084904,1.086385,-2.048910,-2.118953
-0.796319,-0.617361,0.083135,0.770533,-2.552958,-2.379412
-0.793565,-0.673143,0.081957,1.813206,-3.052043,-2.776433
-0.746393,-0.669020,0.099272,1.795047,-3.894740,-1.900030
-0.758134,-0.702321,0.098796,2.071133,-3.699439,-2.307266
-0.772269,-0.741336,0.119971,2.585130,-3.883708,-1.399343
-0.769331,-0.762806,0.095615,2.492999,-3.209919,-2.391542
-0.771812,-0.767687,0.114564,2.827263,-4.827984,-4.978912
-0.782270,-0.772145,0.118369,3.121917,-3.958564,-9.457000
-0.742077,-0.781339,0.115267,3.324857,-4.671526,-10.742905
-0.721762,-0.794367,0.110159,3.218057,-2.737963,-9.684078
-0.726420,-0.766952,0.131298,2.907082,-3.254432,-6.163304
-0.707936,-0.750684,0.119642,2.907988,-1.856238,-4.173463
-0.656566,-0.727425,0.108449,2.186613,-2.442662,-1.613931
-0.607700,-0.730852,0.122446,2.543384,-0.667805,-1.720830
-0.563397,-0.682262,0.113206,1.281471,-0.793795,-2.901244
-0.549621,-0.664980,0.111545,1.917414,-0.584119,-4.591963
-0.539924,-0.642423,0.100542,0.758398,-1.982697,-3.918600
-0.539222,-0.635444,0.125863,1.436444,-2.717609,-3.769327
-0.520995,-0.594118,0.087563,1.255037,-3.025692,-2.887566
-0.544175,-0.585541,0.100115,1.243946,-4.520245,-1.654275
-0.593658,-0.566316,0.097125,1.085932,-4.984937,-2.493651
-0.603059,-0.510196,0.089421,0.924210,-5.318400,-3.110232
-0.579754,-0.449176,0.099360,1.091847,-3.857866,-6.326557
-0.530888,-0.389133,0.097040,0.112607,-3.862215,-7.649941
-0.487143,-0.378157,0.108682,0.772007,-1.756787,-8.023561
-0.467767,-0.323678,0.082019,-0.100360,-0.644043,-4.557085
-0.494696,-0.271514,0.119866,0.328191,-0.699799,-4.278440
-0.460952,-0.179011,0.083161,-0.103377,0.457756,-3.596385
-0.441038,-0.134830,0.087629,-0.010638,0.572313,-4.446741
-0.439255,-0.074331,0.086979,-0.591502,-0.546355,-4.723930
-0.463907,-0.053307,0.074023,0.768701,-0.138637,-6.699486
-0.460975,-0.005439,0.083733,-0.108219,-1.186644,-7.250185
-0.414499,0.060118,0.087048,0.198518,-1.558442,-7.659521
-0.318353,0.155305,0.067182,-0.417090,-2.976866,-6.302819
-0.281301,0.187641,0.075477,0.013287,-1.947316,-4.622860
-0.266967,0.243928,0.058415,-0.682097,-2.588823,-2.307625
-0.261925,0.264998,0.048558,-0.472573,-3.022150,-2.420560
-0.211024,0.353614,0.045269,-1.266109,-3.283396,-2.181412
-0.184863,0.417855,0.042177,-1.179991,-3.220403,-3.496813
-0.174133,0.462489,0.030367,-1.979402,-3.097207,-2.441208
-0.220537,0.475740,0.046457,-1.726582,-3.487147,-1.074250
-0.179536,0.549152,0.006067,-2.653001,-2.704168,1.298862
-0.183836,0.579544,0.045925,-2.107949,-1.986413,1.518368
-0.182352,0.645351,0.024527,-3.267789,-1.692993,2.427803
-0.183422,0.663768,0.045899,-3.319871,-1.107593,4.426043
-0.209790,0.706197,0.035868,-3.301230,-0.695827,6.010229
-0.214533,0.727241,0.004284,-3.133147,-0.368119,8.310690
-0.238255,0.706115,0.028588,-2.605038,0.519147,7.637905
-0.237852,0.734236,0.025164,-2.705448,-1.015484,8.460970
-0.254608,0.703131,0.027130,-1.210761,-0.395813,6.710990
-0.297169,0.690241,0.021928,-1.670952,-1.691919,6.607314
-0.336614,0.639498,0.029270,-0.783545,-1.606382,5.875931
-0.332553,0.655080,0.043608,-0.906912,-2.258130,6.422096
-0.302043,0.642583,0.051463,0.188927,-2.032958,5.234099
-0.309891,0.609178,0.014407,-0.201506,-2.356521,7.480397
-0.358215,0.512819,0.063480,1.129693,-3.063673,9.019721
-0.349097,0.502948,0.022879,0.376535,-2.471095,10.071395
-0.319200,0.443924,0.058504,1.621928,-2.318120,8.197313
-0.291451,0.401360,0.058907,0.348155,-2.091087,6.493328
-0.297425,0.311165,0.075819,1.722535,-1.108955,5.311007
-0.333174,0.238555,0.040677,0.888090,-0.789869,4.504762
-0.353705,0.159533,0.096255,1.255175,-2.735702,1.606116
-0.300156,0.093251,0.042732,0.683328,-1.421184,0.159034
-0.277530,0.009122,0.095086,1.235736,-1.373982,-0.484165
-0.340664,-0.057883,0.086503,0.535011,-1.367647,-0.478014
-0.402866,-0.148150,0.074588,0.751399,-2.476783,-0.298137
-0.446270,-0.261141,0.072526,0.629582,-2.492197,-2.646111
-0.472273,-0.330752,0.080250,0.229656,-3.469162,-3.507863
-0.482285,-0.407459,0.072910,1.034027,-3.182333,-7.087898
-0.534469,-0.504665,0.074758,0.011945,-4.089103,-7.487866
-0.616199,-0.624665,0.095539,1.022204,-3.828537,-8.709840
-0.584713,-0.673911,0.057778,0.410338,-3.000384,-8.836843
-0.567175,-0.741306,0.095018,1.160963,-2.306710,-11.028557
-0.614764,-0.796287,0.087435,0.134223,-2.320910,-10.970071
-0.705402,-0.888399,0.090882,1.309496,-1.589297,-11.503038
-0.769656,-0.915584,0.062876,-0.137012,-2.488888,-10.471900
-0.831146,-0.947480,0.126565,1.029501,-3.837206,-12.006569
-0.871274,-0.967033,0.068758,0.361508,-2.990123,-12.304927
-0.967610,-1.004939,0.107051,1.113085,-3.404554,-12.035601
-1.005079,-0.989449,0.081320,1.003373,-2.835731,-10.985677
-0.996413,-0.987991,0.099984,0.823282,-3.948786,-8.969478
-1.040706,-1.012298,0.101878,1.733433,-3.555661,-7.927350
-1.066976,-1.011477,0.085476,1.209251,-4.412709,-6.223669
-1.114755,-1.035186,0.110980,2.767069,-4.180047,-6.266699
-1.137926,-1.014727,0.081487,2.480673,-4.649681,-5.315904
-1.156905,-1.017845,0.112139,3.835956,-4.928735,-6.023145
-1.208767,-0.988884,0.067803,3.421922,-4.730846,-5.067605
-1.282163,-0.965270,0.094030,4.588983,-5.413472,-4.468124
-1.318466,-0.900088,0.062728,3.860377,-5.234599,-3.271341
-1.313339,-0.883603,0.087731,4.437719,-5.479052,-2.133749
-1.319812,-0.826489,0.080447,3.394064,-5.293811,-0.831974
-1.302806,-0.777124,0.093465,4.156847,-6.108821,0.292249
-1.324237,-0.739031,0.060257,3.256018,-4.316504,0.733789
-1.357363,-0.712306,0.088318,3.472642,-4.901349,0.217080
-1.344086,-0.641454,0.058533,2.909271,-3.476798,1.087904
-1.349078,-0.578458,0.080729,2.872104,-6.222167,2.263828
-1.438692,-0.555717,0.068843,2.160140,-6.560455,3.081384
-1.499503,-0.546661,0.060995,2.724808,-7.199555,5.084319
-1.521686,-0.515274,0.029234,2.198971,-5.971398,4.831872
-1.500432,-0.470403,0.073058,2.138357,-7.817025,3.635991
-1.480996,-0.447324,0.040381,2.027092,-6.768167,3.236912
-1.522454,-0.467853,0.062850,2.140077,-7.406966,4.827080
-1.587128,-0.461675,0.050038,2.071766,-6.893202,4.486824
-1.556122,-0.388109,0.021819,1.732303,-6.602342,4.344278
-1.549265,-0.381685,0.070764,2.410898,-6.517642,2.654241
-1.609376,-0.356827,0.050629,0.702182,-6.885863,2.883549
-1.692540,-0.366389,0.040250,2.208047,-6.279833,1.151411
-1.724852,-0.338567,0.022236,0.775555,-6.173518,-0.593032
-1.682331,-0.299155,0.063706,0.832968,-6.669891,-2.049985
-1.668811,-0.275964,0.046303,0.911749,-6.536063,-2.791630
-1.706205,-0.273151,0.048866,-0.090116,-6.694047,-0.178618
-1.758924,-0.291005,0.083306,0.802159,-6.908009,-0.274052
-1.685506,-0.249065,0.035185,-0.363855,-5.072821,-0.176579
-1.623874,-0.241709,0.064740,0.443608,-6.508766,-1.336701
-1.614132,-0.214251,0.048361,-0.663164,-6.554701,-1.884330
-1.611940,-0.210132,0.069966,0.078473,-7.771209,-1.099371
-1.604255,-0.193198,0.023437,-0.995337,-6.129838,-0.591348
-1.552652,-0.170027,0.064586,-0.551975,-7.009424,0.552750
-1.507568,-0.122481,0.060762,-0.767375,-6.780529,1.355835
-1.463744,-0.115434,0.072365,-0.922454,-7.150670,4.617596
-1.481486,-0.159710,0.065118,-0.472012,-7.828106,5.623637
-1.464561,-0.126613,0.047448,-0.499302,-8.203607,5.158263
-1.477084,-0.113306,0.053331,0.109735,-7.158958,1.497417
-1.458788,-0.066834,0.081458,-0.695280,-8.140181,-1.692225
-1.418397,-0.081467,0.056452,0.108583,-6.617120,-3.239531
-1.388064,-0.074193,0.078674,-0.172555,-7.065209,-0.748983
-1.413004,-0.046016,0.066073,-0.109634,-5.729089,0.213064
-1.364821,0.012660,0.070087,-0.094528,-5.364393,1.579317
-1.335959,0.038076,0.071965,-0.426386,-4.501247,1.947886
-1.346121,0.039892,0.084133,0.139638,-5.430633,3.078177
-1.358992,0.047533,0.064918,-0.350259,-4.811368,2.658773
-1.347884,0.030720,0.078710,0.584280,-7.036061,0.684833
-1.299826,0.013875,0.059209,0.477946,-4.717097,-0.706875
-1.276776,0.034242,0.089949,0.754439,-6.268482,-1.979267
-1.258171,0.032060,0.078054,1.535977,-5.197068,-1.755595
-1.278910,-0.015185,0.074381,1.460475,-6.837194,0.570240
-1.253615,-0.088468,0.082695,2.789094,-6.313169,1.290064
-1.199810,-0.084930,0.083345,1.729444,-6.325101,-0.832358
-1.176859,-0.097140,0.073806,2.907590,-6.471025,-5.519904
-1.197387,-0.114761,0.055861,1.368126,-5.601317,-8.932933
-1.220742,-0.149781,0.075234,1.725843,-7.109636,-9.796483
-1.194811,-0.108675,0.068676,0.510186,-5.757055,-10.113528
-1.158021,-0.079392,0.093301,-0.200570,-6.891032,-9.470058
-1.139974,-0.075348,0.034952,-0.402470,-4.532164,-8.093150
-1.115924,-0.087549,0.068584,-2.117032,-5.108403,-5.313087
-1.094542,-0.086361,0.069959,-1.798875,-2.755062,-6.749315
-1.025620,-0.044973,0.064842,-3.276126,-3.239858,-8.448168
-0.975015,-0.044713,0.063936,-2.842431,-2.312169,-12.057774
-0.961140,-0.040436,0.048564,-4.127190,-2.576435,-12.128507
-0.990912,-0.024008,0.063720,-3.514494,-3.939451,-11.960437
-0.962118,0.017643,0.007265,-4.576737,-2.997723,-10.203481
-0.914198,0.045212,0.045453,-3.668230,-4.051326,-7.871531
-0.873322,0.090677,0.019768,-4.242233,-4.077349,-6.405567
-0.834671,0.136871,0.032845,-3.547243,-5.185025,-5.144969
-0.852140,0.150467,0.001301,-3.418798,-4.675784,-5.016793
-0.858446,0.172627,0.030065,-2.857885,-6.066717,-2.780868
-0.865739,0.241601,0.030058,-1.834519,-5.733527,-2.917349
-0.885326,0.333854,0.011581,-2.464672,-6.459454,-2.376466
-0.921390,0.359010,0.013748,-1.367904,-5.898879,-1.525265
-0.965716,0.418672,0.011217,-2.011892,-6.043953,0.932155
-0.961879,0.462204,0.018195,-0.291842,-4.821235,2.650732
-0.985266,0.522860,0.000565,-0.754682,-3.480980,4.292184
-1.024376,0.549238,0.049155,0.462738,-3.694190,5.127666
-1.032228,0.584222,0.013104,-0.108170,-2.637918,6.593645
-1.056088,0.603421,0.046365,0.758853,-3.054650,7.458351
-1.115924,0.615970,0.005174,1.282720,-3.142331,6.997706
-1.173757,0.616728,0.056285,0.937418,-7.829072,6.793371
-1.212070,0.611184,0.015405,1.611214,-4.857529,8.204882
-1.202734,0.628154,0.024104,1.627517,-5.145737,10.224320
-1.209381,0.594191,0.035156,2.110719,-5.866685,10.145693
-1.225790,0.534923,-0.009160,1.987693,-5.187638,10.275806
-1.245081,0.444373,0.024357,2.204527,-6.626307,9.838182
-1.216120,0.435347,0.012359,1.491592,-5.498704,9.303696
-1.167169,0.391529,0.021461,1.909899,-6.468448,8.648108
-1.155254,0.301630,0.007908,0.732164,-5.523231,8.852014
-1.185905,0.214416,0.039482,0.428213,-8.036364,8.920408
-1.177082,0.179146,-0.005507,-0.434927,-5.090855,6.328187
-1.167967,0.119235,0.023690,-0.891540,-5.532448,3.854850
-1.161691,0.076113,0.006566,-2.029929,-4.668323,2.313078
-1.127376,0.014088,0.033797,-1.827206,-6.054421,4.605505
-1.110665,-0.063325,0.022466,-2.512047,-4.457899,5.411749
-1.126555,-0.165980,0.015248,-2.269074,-5.430186,4.286572
-1.161789,-0.261459,0.022423,-2.257080,-5.149574,0.299777
-1.177121,-0.320625,0.021386,-2.230098,-7.198157,-2.150045
-1.201891,-0.403560,0.020185,-1.048135,-6.053794,-5.354284
-1.245514,-0.475704,0.046575,-0.937008,-8.605985,-6.252080
-1.303417,-0.580601,0.009858,0.248812,-7.073204,-7.097670
-1.357810,-0.648961,0.018169,0.636993,-8.063894,-6.835163
-1.370887,-0.677860,0.049841,1.328669,-7.288119,-8.473091
-1.382175,-0.712404,0.017033,0.936903,-6.958365,-7.811003
-1.444965,-0.771895,0.053298,2.103370,-6.482008,-6.587221
-1.537018,-0.753779,0.050065,0.793785,-7.016336,-5.216725
-1.603238,-0.766696,0.056255,2.016372,-5.703873,-6.908620
-1.624984,-0.775312,0.027038,1.061803,-5.047126,-7.611446
-1.642240,-0.790530,0.070485,1.725404,-5.249485,-7.746161
-1.685982,-0.787703,0.048299,2.158069,-4.049412,-7.838464
-1.750212,-0.785553,0.057657,2.156447,-5.286826,-5.929345
-1.786913,-0.840426,0.042318,2.438362,-4.851296,-4.177490
-1.759587,-0.818860,0.070481,2.194021,-6.296895,-2.793101
-1.757880,-0.805829,0.042410,3.479759,-5.919129,-3.041283
-1.786618,-0.807191,0.054749,3.109024,-7.300855,-2.129661
-1.848879,-0.846338,0.070472,3.419244,-8.054988,-2.189179
-1.821083,-0.807536,0.053856,3.372324,-9.619605,-1.003237
-1.781366,-0.801972,0.067862,3.712244,-8.524515,-1.621947
-1.784294,-0.814682,0.043411,3.754768,-8.138310,-0.362173
-1.811338,-0.829121,0.058556,4.249385,-9.401422,0.964869
-1.793544,-0.778949,0.002194,3.989249,-7.193565,2.446217
-1.764031,-0.738555,0.043299,3.821372,-8.008729,2.283713
-1.759012,-0.717223,0.033232,3.013308,-6.358155,0.059342
-1.740788,-0.708416,0.034092,2.506542,-7.388998,0.356212
-1.749182,-0.686801,0.032901,1.994226,-6.494314,0.102870
-1.754286,-0.653425,0.046181,2.328667,-6.692543,0.183214
-1.725725,-0.600319,0.020116,1.559965,-6.224638,0.923247
-1.730035,-0.615602,0.047599,1.506649,-6.451412,1.220068
-1.728781,-0.596104,0.022505,1.237817,-6.407086,1.316670
-1.705253,-0.574479,0.026861,1.532189,-6.905357,1.288792
-1.707961,-0.554079,0.002299,1.050249,-6.073183,-0.153397
-1.735087,-0.543431,0.040362,1.059463,-8.023664,-1.034709
-1.717010,-0.466307,0.004478,0.716415,-7.962273,-1.339717
-1.710577,-0.448174,0.002712,1.072428,-8.475059,-2.023978
-1.728053,-0.434418,0.007225,0.527616,-8.389502,-2.881611
-1.718337,-0.413489,-0.014668,1.000933,-8.549370,-1.151883
-1.727833,-0.376450,-0.010995,0.849833,-7.955596,-1.759503
-1.706237,-0.288743,0.001051,-0.173556,-8.262563,-1.497164
-1.708991,-0.253943,-0.006105,-0.111981,-7.063269,-2.483146
-1.711292,-0.177255,0.007199,-1.316018,-8.383347,-2.069848
-1.705033,-0.105941,-0.018072,-0.447105,-5.141651,-3.863853
-1.691434,-0.017328,-0.015305,-1.863710,-5.678241,-2.536734
-1.700119,-0.001503,-0.002510,-1.614665,-5.713100,-1.388005
-1.685693,0.074922,-0.007467,-2.126755,-6.386030,1.952839
-1.686999,0.124234,-0.017216,-1.523383,-6.402868,2.785397
-1.674897,0.164756,-0.013533,-1.656014,-6.908863,3.757872
-1.674569,0.191242,0.009723,-1.145187,-7.635240,2.875027
-1.651115,0.228704,-0.025812,-0.854419,-7.142024,2.764110
-1.664820,0.262746,-0.005533,-0.210323,-8.295503,2.833753
-1.645808,0.310585,-0.010693,-0.591043,-8.839672,3.564024
-1.620274,0.298952,-0.015427,0.712751,-8.806523,4.482841
-1.605306,0.325162,0.001957,0.642822,-8.627242,6.759817
-1.598314,0.358659,0.005023,1.044415,-8.181300,5.951532
-1.573945,0.403839,-0.042142,0.630201,-7.002606,6.509327
-1.568119,0.404866,0.002065,0.652866,-7.080216,7.045448
-1.569104,0.444971,-0.018184,-0.468270,-6.848315,7.471925
-1.561633,0.474828,0.005932,0.251624,-6.722749,7.289907
-1.552055,0.494542,-0.023840,-1.305443,-5.123505,7.797254
-1.549987,0.465096,0.025571,-0.119540,-5.917642,8.169880
-1.503127,0.492514,-0.022523,-1.257460,-3.837955,8.224598
-1.468947,0.487482,0.025502,-0.970759,-5.038730,8.065617
-1.448169,0.446166,-0.000373,-1.574310,-4.233971,7.041874
-1.369354,0.410042,-0.012495,-0.855043,-4.021292,7.763922
-1.329985,0.352091,0.012727,-0.633409,-4.222368,5.153202
-1.265741,0.350778,0.019663,-1.175097,-5.340911,4.064916
-1.215047,0.284834,0.006070,-0.706837,-4.963778,1.938527
-1.169322,0.238253,0.041836,-0.876050,-7.229954,1.410055
-1.144008,0.223715,0.023434,-0.668124,-6.431836,-1.211360
-1.137791,0.203029,0.005220,-0.495793,-7.606095,-2.721787
-1.125203,0.135985,0.021665,-0.522886,-7.731504,-3.890440
-1.123877,0.121897,0.004110,-1.281615,-8.094099,-2.750531
-1.131338,0.088675,0.008381,-0.316815,-8.134561,-4.273894
-1.156078,0.069667,0.003359,-1.394738,-7.891428,-4.965895
-1.231945,0.002081,0.034604,-0.880902,-8.290385,-7.390584
-1.245321,0.003420,-0.011727,-2.107706,-7.101141,-8.712636
-1.278198,-0.004947,0.029530,-1.519736,-6.462448,-10.479932
-1.342832,-0.005121,0.001504,-2.856690,-5.696757,-11.294348
-1.402202,-0.030717,0.029162,-2.397457,-6.121793,-10.491451
-1.475075,-0.026492,0.006159,-3.249365,-4.440049,-9.211970
-1.549268,-0.009450,0.031555,-2.953804,-4.904869,-9.011959
-1.598715,0.020958,0.005256,-3.713593,-4.383276,-8.129298
-1.617346,0.029142,0.002482,-2.949461,-4.908240,-5.700290
-1.665801,0.026273,-0.005080,-3.209526,-4.812589,-4.881676
-1.709044,0.046325,0.021379,-2.985191,-6.993222,-5.263243
-1.689149,0.051728,-0.013549,-2.140633,-5.538064,-6.677916
-1.655813,0.054328,0.006832,-2.264446,-6.650263,-5.400452
-1.640937,0.049443,0.022837,-1.040684,-6.722141,-4.855941
-1.583612,0.096632,-0.015302,-0.714962,-6.787488,-3.040391
-1.539490,0.076760,0.010452,0.237999,-7.164486,-0.502989
-1.485858,0.091951,0.002174,0.648869,-6.444309,1.403029
-1.428172,0.107979,0.005821,1.175112,-7.504586,1.999622
-1.389137,0.128455,-0.026206,1.251980,-7.160176,2.287962
-1.358735,0.132771,-0.009787,1.338919,-7.651784,3.550825
-1.321145,0.153323,-0.011022,1.646198,-6.811673,4.761162
-1.275424,0.211330,-0.012147,0.625744,-6.999895,8.110511
-1.266253,0.201437,0.003713,1.524351,-7.149052,8.383397
-1.247467,0.201427,-0.017885,0.785129,-6.942104,10.742345
-1.257088,0.155883,0.002397,1.423898,-6.417652,12.641562
-1.263535,0.140971,-0.013822,1.159311,-6.703251,14.215688
-1.262507,0.110832,0.019840,2.175888,-6.581177,12.290065
-1.281001,0.082242,-0.013513,0.951441,-6.349197,10.682113
-1.312263,0.011128,0.018661,2.072055,-7.392842,8.662277
-1.360590,-0.002245,-0.013037,1.072247,-6.753495,6.236554
-1.424634,-0.068895,-0.007293,1.935282,-8.226864,4.455102
-1.475137,-0.125891,-0.020665,1.328235,-6.786809,4.439750
-1.514615,-0.139504,0.004888,1.189719,-7.408365,5.405870
-1.550591,-0.155867,-0.037619,0.781745,-6.390776,4.406498
-1.619742,-0.213615,-0.008300,0.631334,-7.268378,3.481595
-1.688040,-0.268753,-0.014846,0.175699,-6.350500,1.524187
-1.704810,-0.299024,-0.003508,-0.128242,-6.959842,1.607020
-1.723746,-0.351493,-0.010263,-0.012428,-5.851586,0.018444
-1.741478,-0.419033,-0.003846,-0.265136,-6.449216,-0.294579
-1.747330,-0.503763,-0.002514,0.322191,-5.441055,-1.733574
-1.746654,-0.540217,-0.026275,-0.327906,-5.525407,-2.488181
-1.763093,-0.587481,0.005778,0.733379,-5.403139,-5.047325
-1.784054,-0.598648,-0.001998,-0.662971,-6.677704,-5.446706
-1.771118,-0.637512,0.014289,0.647878,-7.204390,-5.542605
-1.751542,-0.633816,-0.010542,-0.428086,-6.730853,-3.527417
-1.744888,-0.679491,0.025584,0.937891,-6.958467,-3.428894
-1.715533,-0.699366,-0.038289,-0.420973,-6.608362,-2.481411
-1.671181,-0.722540,0.030807,1.119938,-7.081338,-3.190775
-1.643402,-0.710422,-0.011547,0.602554,-6.951242,-4.287556
-1.604636,-0.715257,0.021855,1.470486,-6.980512,-6.902384
-1.572924,-0.714256,-0.014018,0.910929,-7.343746,-5.938738
-1.556345,-0.745120,0.008850,2.196640,-7.111570,-3.426525
-1.555541,-0.715191,0.006369,1.593978,-8.219005,-0.704011
-1.530197,-0.721877,0.011604,2.655020,-7.169363,1.199920
-1.511362,-0.723903,-0.001949,1.809001,-7.185753,4.187409
-1.508809,-0.743768,0.001353,3.235089,-6.494005,4.438011
-1.486547,-0.708058,-0.001759,2.643173,-6.147701,4.300949
-1.475108,-0.703883,0.007311,4.200992,-6.196212,1.398022
-1.454021,-0.700827,0.000103,3.085482,-5.655142,1.976060
-1.467496,-0.689424,0.025052,3.939927,-5.652604,2.143001
-1.451671,-0.637469,-0.012505,3.067796,-5.697036,4.267238
-1.487387,-0.675188,0.021297,3.846975,-6.179003,4.525875
-1.544610,-0.672766,-0.008264,2.984905,-6.554953,5.175160
-1.529314,-0.657919,0.007347,4.102867,-4.451912,4.397672
-1.531628,-0.613915,-0.021003,2.774999,-6.474143,3.468827
-1.541899,-0.634512,0.011388,3.416601,-7.417641,1.238238
-1.566271,-0.627218,-0.002405,1.977587,-7.094629,0.303773
-1.538626,-0.611794,0.009156,2.563141,-6.061652,0.985168
-1.470342,-0.566227,-0.015476,1.490082,-4.341943,0.607373
-1.440921,-0.584862,0.032077,1.652127,-5.669148,0.388018
-1.412617,-0.553656,0.000116,0.704582,-4.427280,0.865248
-1.417445,-0.531240,0.011525,1.129257,-6.225098,1.013621
-1.406354,-0.500595,-0.017754,0.336282,-4.347747,-1.264189
-1.388251,-0.489573,0.013744,0.250729,-5.740653,-3.332267
-1.326919,-0.449179,-0.019697,-0.273476,-4.665510,-4.561789
-1.323630,-0.415869,-0.019641,0.038956,-6.341618,-3.918480
-1.322474,-0.397805,-0.035627,-0.164404,-5.149502,-5.570290
-1.263371,-0.367925,-0.009062,-0.447055,-6.540317,-5.307149
-1.182357,-0.327843,-0.024755,0.346192,-4.555591,-6.383625
-1.127442,-0.290502,-0.021637,-0.507541,-5.481452,-5.299293
-1.129198,-0.292836,0.003845,0.213112,-5.116835,-5.288103
-1.095435,-0.264959,-0.038519,-0.488086,-4.200707,-2.794309
-1.073406,-0.221597,-0.024667,-0.016875,-5.079698,-3.312547
-1.064757,-0.143964,-0.025569,-0.643595,-5.462427,-5.013688
-1.055888,-0.103046,-0.022523,-0.123496,-4.863989,-6.545711
-1.081685,-0.065606,-0.035299,-1.262741,-5.083768,-5.951892
-1.128056,-0.021503,-0.008461,-0.893575,-5.223646,-4.968008
-1.088660,0.103804,-0.042398,-1.192947,-4.620731,-3.696014
-1.074617,0.131839,-0.018857,-0.822747,-4.638069,-1.796322
-1.091870,0.169673,-0.016116,-1.914693,-7.037538,1.390480
-1.120857,0.197150,-0.041778,-1.084374,-4.533648,3.684051
-1.138008,0.252377,-0.027621,-1.470398,-5.698703,4.816833
-1.142479,0.302382,-0.025159,-1.317673,-5.075224,3.316968
-1.116603,0.348484,-0.046863,-1.199207,-5.711469,4.217358
-1.147455,0.346370,-0.035994,-0.676633,-4.517863,5.282719
-1.149585,0.381443,-0.033828,-0.924919,-4.803934,6.983410
-1.122758,0.378935,-0.054589,-0.132532,-4.292822,7.789305
-1.098267,0.407764,-0.025924,-0.992456,-5.321476,9.017341
-1.101862,0.445844,-0.009541,-0.399716,-4.888217,8.452895
-1.085738,0.489802,-0.036982,-0.624389,-4.997384,9.239466
-1.078369,0.488480,-0.029141,-0.477484,-3.739186,9.005625
-1.068476,0.479985,-0.030989,-0.653816,-5.043824,9.230400
-1.065889,0.492661,-0.017413,-0.212486,-5.736202,6.864490
-1.041658,0.485745,-0.049928,0.150158,-5.128321,5.814103
-1.041179,0.409580,-0.052502,0.033805,-4.664423,4.168141
-1.043891,0.369580,0.010780,0.158062,-9.179778,3.718946
-0.999860,0.363832,-0.043718,0.209888,-4.206047,1.890047
-1.008352,0.325474,0.012195,0.289963,-6.852398,0.584007
-1.011943,0.274730,-0.037672,-0.195099,-4.250928,0.482383
-1.017808,0.242090,0.000690,0.144207,-5.970384,1.181395
-1.011614,0.211622,-0.045691,-0.231744,-3.963600,0.589657
-1.051814,0.139169,-0.008596,0.025576,-5.104477,-0.245730
-1.087708,0.106180,-0.021289,-1.181688,-5.613583,-1.954680
-1.107534,0.080925,-0.014334,-0.935023,-5.881785,-2.869594
-1.131220,0.075394,-0.032965,-2.262995,-4.098354,-5.394766
-1.181142,0.003204,0.005108,-1.395578,-5.318269,-7.018014
-1.231502,-0.037886,-0.024401,-2.873919,-5.385316,-7.069463
-1.257436,-0.094311,-0.001923,-1.916110,-6.204474,-7.128882
-1.280945,-0.106541,-0.035719,-3.183693,-4.727630,-7.900377
-1.329857,-0.162067,0.013091,-2.010119,-6.175159,-9.124097
-1.327703,-0.172161,-0.011813,-3.092280,-5.734879,-8.108011
-1.386466,-0.216680,0.011000,-2.051698,-5.730090,-7.695773
-1.426991,-0.227519,-0.015049,-1.988163,-6.016817,-6.861233
-1.484003,-0.269954,0.009320,-1.898654,-6.357213,-6.493528
-1.473299,-0.273752,-0.024608,-1.872684,-4.580931,-3.973530
-1.505257,-0.272095,-0.006295,-1.008185,-5.905155,-3.095251
-1.552839,-0.282145,-0.004949,-0.749138,-6.715416,-2.751393
-1.586048,-0.297533,-0.016155,-0.085505,-5.342299,-3.531110
-1.598806,-0.315009,-0.002192,0.010133,-6.691798,-1.913350
-1.624761,-0.311454,-0.003003,0.485850,-6.723973,-2.061316
-1.624817,-0.293407,0.010137,1.050472,-7.556527,-2.115059
-1.642046,-0.304256,-0.017495,0.851205,-5.886557,-1.400456
-1.647383,-0.291809,-0.002330,1.789765,-6.390182,0.273070
-1.636679,-0.267545,-0.007831,1.223135,-6.351042,0.653833
-1.631825,-0.264351,-0.006157,2.626830,-5.973808,0.923685
-1.612189,-0.276910,-0.012121,1.839288,-5.382398,3.145582
-1.587492,-0.300199,0.019594,2.456803,-6.583954,5.590285
-1.570128,-0.272511,-0.006495,1.928731,-5.762415,6.419025
-1.572629,-0.291136,-0.003557,2.734494,-6.387982,6.630040
-1.607682,-0.326301,0.000034,2.441812,-6.677041,5.112791
-1.577438,-0.334461,-0.002901,3.002400,-7.541763,6.374972
-1.575025,-0.361118,-0.004266,3.007540,-7.424074,4.301836
-1.570948,-0.383563,0.002354,2.498309,-8.732530,3.899707
-1.582713,-0.431073,-0.012594,2.917079,-7.644444,4.234631
-1.582322,-0.452514,0.000355,2.364527,-7.744555,5.142761
-1.576515,-0.447813,-0.008179,2.933872,-7.331506,3.255069
-1.578144,-0.490403,-0.029922,2.089990,-6.604817,2.455418
-1.604347,-0.563716,0.008187,2.365824,-6.662145,1.479001
-1.596574,-0.558025,-0.032548,1.124675,-6.379999,2.459019
-1.598042,-0.599961,0.013219,2.237060,-5.375055,-1.689670
-1.575399,-0.621491,-0.006492,1.064974,-5.260888,-3.323953
-1.607905,-0.690917,0.009950,1.546074,-5.719514,-4.797391
-1.662007,-0.719796,-0.022461,0.428135,-4.852349,-5.136655
-1.652291,-0.736586,-0.009249,1.574530,-5.562400,-5.780046
-1.616778,-0.746286,-0.009945,0.311129,-6.080776,-4.732730
-1.640877,-0.789453,0.019374,1.017536,-6.827517,-4.248367
-1.664721,-0.775217,-0.028396,0.266990,-6.256448,-3.349199
-1.653689,-0.825534,-0.014534,1.218622,-6.255864,-3.251296
-1.612422,-0.855890,-0.018486,0.349242,-5.928306,-3.993669
-1.502418,-0.853615,-0.020035,1.362629,-5.421774,-4.309773
-1.489275,-0.839061,-0.027861,0.740669,-4.681357,-5.229299
-1.485687,-0.830513,0.004291,0.854130,-5.910824,-4.613989
-1.423386,-0.829102,-0.015712,1.396431,-4.819226,-3.573662
-1.364604,-0.818046,-0.023715,1.345947,-4.415696,-2.471615
-1.387102,-0.809384,-0.003449,1.924861,-5.880110,-2.951580
-1.398535,-0.785301,-0.056966,1.760306,-5.663584,-1.907716
-1.402996,-0.804989,-0.028862,2.470747,-6.682506,-1.803032
-1.352180,-0.738506,-0.037209,1.419763,-6.891748,-2.162840
-1.338804,-0.710166,-0.020436,2.797212,-6.848577,-2.753350
-1.352692,-0.695385,-0.040948,2.223911,-6.548753,-1.573648
-1.310293,-0.673156,-0.023629,2.924012,-5.610576,1.145161
-1.193776,-0.609526,-0.070801,1.932499,-3.878913,4.203666
-1.170862,-0.595346,-0.016717,3.196074,-3.515783,5.676386
-1.205114,-0.595047,-0.042238,2.501694,-2.937693,5.991001
-1.188777,-0.609247,-0.026534,3.572313,-3.086023,5.839060
-1.120319,-0.583464,-0.042546,2.905089,-3.205215,5.843452
-1.107964,-0.565417,0.000290,3.780712,-3.251255,3.596655
-1.134217,-0.551233,-0.029594,3.091321,-3.559469,2.312880
-1.146050,-0.559978,-0.019067,3.111774,-5.071652,2.225925
-1.087481,-0.529484,-0.055226,2.686088,-4.144252,0.591631
-1.044314,-0.491959,-0.002999,3.129805,-5.282519,-0.055433
-1.050350,-0.516338,-0.070237,2.967150,-2.759680,-0.026452
-1.064297,-0.516183,-0.028258,2.018781,-7.240461,2.295083
-1.021110,-0.496627,-0.037183,1.967014,-4.374361,0.642979
-0.931730,-0.449773,-0.049206,1.486957,-4.022766,-1.566391
-0.947945,-0.481934,-0.033500,1.783106,-3.519978,-3.094061
-0.972934,-0.481918,-0.023068,0.223596,-6.061842,-2.970146
-0.907705,-0.459581,-0.038180,0.845828,-2.222230,-3.434013
-0.831510,-0.416190,-0.059845,-0.832203,-1.697201,-2.705951
-0.838410,-0.445020,-0.029797,0.028537,-2.397364,-3.127246
-0.857481,-0.412951,-0.063019,-1.712333,-3.310063,-3.348407
-0.854238,-0.413105,-0.041122,-0.662455,-2.400821,-4.956533
-0.816982,-0.380802,-0.055003,-1.104495,-2.347865,-6.618311
-0.782868,-0.359060,-0.032233,-0.909107,-3.279257,-6.774449
-0.807302,-0.307072,-0.060908,-1.860312,-3.156320,-5.850178
-0.829304,-0.268474,-0.045422,-1.876734,-3.932827,-5.812909
-0.784821,-0.227837,-0.054662,-1.327540,-3.286341,-6.040845
-0.735847,-0.210280,-0.041289,-1.533037,-3.519745,-4.588250
-0.741571,-0.187033,-0.033549,-0.682314,-2.439839,-5.118407
-0.726170,-0.116760,-0.056388,-0.759684,-3.444725,-3.471194
-0.741949,-0.102199,-0.061125,-0.950128,-2.898622,-2.946303
-0.756976,-0.065012,-0.051589,-1.546167,-3.893339,-0.336127
-0.748904,-0.012024,-0.066551,-0.145642,-2.726278,0.710173
-0.762261,0.034584,-0.063665,-0.219070,-2.871641,1.440762
-0.787995,0.039593,-0.038949,0.721663,-3.012618,1.334276
-0.809715,0.051091,-0.061072,0.991549,-3.429862,3.196836
-0.821735,0.073724,-0.030014,1.962205,-3.510334,3.118576
-0.797071,0.127323,-0.043941,1.413903,-2.631402,1.308652
-0.767076,0.124766,-0.035026,2.325643,-2.048448,-0.279471
-0.780908,0.125504,-0.043695,2.080153,-1.632583,1.806789
-0.817527,0.155620,-0.017787,1.903029,-3.633921,4.170397
-0.835561,0.205097,-0.080064,1.203013,-2.693631,5.652487
-0.834133,0.165248,-0.044250,1.044288,-4.556205,6.593175
-0.882545,0.146892,-0.045339,1.067445,-4.685848,6.787981
-0.928162,0.154652,-0.062874,0.751474,-5.372665,5.606171
-0.977871,0.101260,-0.038364,1.091791,-5.435721,2.138339
-0.948591,0.089748,-0.041637,0.561812,-4.983621,1.704326
-0.920704,0.070996,-0.064414,0.983845,-3.866981,0.437022
-0.911231,0.063807,-0.050775,-0.220505,-3.046129,1.517746
-0.906189,0.019133,-0.014665,-0.146315,-2.432181,1.525381
-0.848937,-0.030619,-0.066646,-0.735365,-2.015341,4.399910
-0.823731,-0.058385,-0.026167,-0.679675,-0.642245,4.309637
-0.863212,-0.041493,-0.036362,-1.816593,-2.318169,1.017241
-0.934296,-0.065235,-0.016270,-1.087354,-3.699738,-3.879204
-0.978780,-0.118801,-0.052833,-2.723787,-3.720834,-5.663890
-0.975488,-0.176789,-0.009689,-1.152015,-4.686974,-5.775440
-0.955235,-0.179346,-0.058768,-1.867983,-4.750696,-3.395746
-0.979476,-0.241719,-0.013270,-0.800633,-5.294346,-1.924156
-1.007475,-0.298315,-0.050752,-1.292401,-4.679874,-1.364756
-0.949763,-0.307617,-0.025185,-0.274189,-4.558768,-3.217939
-0.923740,-0.338498,-0.041430,-0.134823,-3.501967,-6.442994
-0.912531,-0.373762,-0.006374,-0.052989,-4.163582,-8.491459
-0.952813,-0.397510,-0.048120,-0.022445,-3.231537,-9.389722
-1.019866,-0.391349,-0.031376,0.502390,-4.641456,-7.622411
-1.095405,-0.394014,-0.009725,0.632952,-4.363496,-7.628895
-1.093885,-0.388490,-0.035157,0.627654,-4.009478,-4.396277
-1.119587,-0.411618,-0.025024,0.784722,-4.353632,-2.631719
-1.173110,-0.403162,-0.031524,0.864013,-4.360318,-2.638840
-1.222140,-0.406688,-0.021959,1.401365,-4.219216,-5.267434
-1.208735,-0.395518,-0.066849,1.034299,-4.370707,-4.917375
-1.181710,-0.430613,-0.021939,1.785006,-3.544518,-3.691042
-1.189588,-0.423921,-0.037596,0.512582,-4.046281,-2.172064
-1.229296,-0.440031,-0.029892,2.053401,-3.904096,-0.079039
-1.250225,-0.459210,-0.059411,0.888438,-3.738529,1.621002
-1.250366,-0.466986,-0.014412,1.204911,-5.270089,1.734430
-1.227792,-0.424728,-0.041844,1.074014,-4.528901,0.965636
-1.276504,-0.421341,-0.035564,1.397370,-5.474841,1.460982
-1.327139,-0.451713,-0.047877,1.097148,-5.048183,1.888244
-1.316435,-0.412616,-0.035249,0.391234,-6.818041,2.243227
-1.239419,-0.375695,-0.050959,1.440665,-4.363164,1.684195
-1.216304,-0.386379,-0.061381,0.288254,-4.785289,3.643493
-1.241979,-0.443165,-0.012945,1.323745,-4.797158,5.162738
-1.203558,-0.425276,-0.051090,0.800232,-4.392312,7.265085
-1.153964,-0.425355,-0.016342,2.141791,-3.285517,6.103151
-1.146224,-0.437907,-0.035092,1.440813,-4.081695,4.694167
-1.158845,-0.494500,-0.022996,3.130734,-4.008405,3.523059
-1.175201,-0.507619,-0.062802,2.224351,-2.763517,3.917900
-1.161927,-0.530209,-0.041748,3.686765,-4.367845,2.985960
-1.119400,-0.535668,-0.046945,2.879174,-3.256392,2.295132
-1.088338,-0.571624,-0.032311,3.821644,-4.340863,2.851210
-1.070307,-0.586657,-0.049866,3.126250,-3.156189,2.583840
-1.042466,-0.598924,-0.030096,3.724399,-3.271514,0.782352
-0.981051,-0.608761,-0.033631,2.666682,-2.494987,-1.915163
-0.899361,-0.621064,-0.033542,2.858235,-2.535476,-2.244302
-0.845464,-0.628896,-0.054196,2.586535,-0.370488,-2.224032
-0.819920,-0.645774,-0.027030,2.008547,-2.085080,-2.040166
-0.798101,-0.708935,-0.027496,2.565193,-1.911944,-4.178799
-0.765149,-0.707471,-0.061949,0.936240,-2.222276,-4.931905
-0.736546,-0.703903,-0.018430,1.681675,-2.399849,-8.116028
-0.654212,-0.657535,-0.059050,0.061454,-2.022067,-7.953094
-0.605816,-0.702833,-0.047581,0.861394,-2.354023,-5.249134
-0.610608,-0.709260,-0.055131,-0.420116,-2.448646,-0.748473
-0.583548,-0.706128,-0.031182,0.492622,-3.993496,2.183295
-0.556159,-0.706906,-0.070831,0.292433,-2.865473,1.950340
-0.512605,-0.746801,-0.036385,0.934464,-3.686181,2.106211
-0.516721,-0.743387,-0.047348,1.000638,-2.743287,-1.488093
-0.560029,-0.733497,-0.028537,1.070009,-6.903568,-4.480562
-0.588491,-0.752135,-0.066094,1.722686,-2.111060,-8.146874
-0.561579,-0.741661,-0.035535,1.999576,-2.704335,-8.052471
-0.503768,-0.723456,-0.044407,2.111448,-1.244047,-5.762768
-0.492579,-0.724490,-0.024214,2.849212,-1.046142,-2.496787
-0.470373,-0.743962,-0.041407,3.440284,0.842898,-0.885794
-0.424734,-0.742537,-0.046026,3.195808,1.736220,-0.514228
-0.401048,-0.721641,-0.028763,3.871823,1.023724,-3.864394
-0.364944,-0.637637,-0.040905,2.798741,0.615559,-6.725624
-0.376341,-0.637351,-0.062178,3.799767,0.061487,-6.769527
-0.386887,-0.615261,-0.077800,2.446280,0.586329,-3.110001
-0.382131,-0.589983,-0.048507,2.621116,-1.215273,2.305436
-0.325581,-0.521160,-0.068395,2.045110,-1.064839,4.536465
-0.255928,-0.497129,-0.060895,1.818300,-1.503819,6.416109
-0.222375,-0.512481,-0.059191,1.563409,-0.775548,5.829829
-0.182523,-0.482315,-0.070319,1.360640,-1.303183,4.850452
-0.129518,-0.455701,-0.047877,1.315450,-0.612617,0.710325
-0.030966,-0.420914,-0.068730,0.630222,0.452344,-1.436218
0.042160,-0.414835,-0.044427,1.241494,2.475960,-1.882412
0.049700,-0.372006,-0.072876,0.540342,1.013883,-1.375637
0.022127,-0.370532,-0.043354,1.531510,0.481124,-0.995150
0.015103,-0.363944,-0.096237,0.927574,0.388290,-1.444825
0.030737,-0.367000,-0.052672,1.240515,-0.815590,-1.927940
0.044133,-0.303928,-0.065632,0.481304,-0.302342,-5.636795
0.041005,-0.255013,-0.085123,1.182400,0.076399,-6.619912
0.031249,-0.254287,-0.101321,0.205579,1.412762,-6.673439
0.029388,-0.211366,-0.073050,-0.327331,-0.407114,-4.068673
0.078388,-0.158378,-0.083357,0.337375,0.818732,-2.377777
0.107189,-0.132269,-0.082608,-0.469353,0.807201,0.948959
0.047041,-0.164401,-0.054488,0.147910,0.588076,0.878908
0.009411,-0.096615,-0.098128,-0.853966,-0.267650,1.544762
-0.041089,-0.073372,-0.064578,0.353866,-0.012325,-1.153965
-0.080423,-0.040745,-0.102086,-0.769253,0.978357,-3.272535
-0.096182,-0.022350,-0.061571,-0.329531,-0.937743,-2.955638
-0.146905,0.009306,-0.115886,-0.625544,1.060307,-2.078890
-0.174707,0.040945,-0.088192,-0.191055,0.184080,-0.038396
-0.218492,0.035178,-0.064732,-0.024454,0.683932,-0.783205
-0.170269,0.085235,-0.079257,-0.902792,0.485745,0.495017
-0.189143,0.089249,-0.078748,-0.267453,1.399451,-0.687194
-0.263842,0.096156,-0.077386,-0.279828,0.295541,-1.139128
-0.333541,0.094636,-0.079966,0.083607,0.244703,-2.675868
-0.342762,0.117662,-0.088359,-1.041485,-0.347035,-0.781698
-0.367278,0.156566,-0.042723,-0.241617,-1.767504,0.149431
-0.354040,0.200669,-0.097110,-0.976119,-0.631337,2.369453
-0.354943,0.161903,-0.072003,-0.517283,-0.536898,5.211498
-0.338304,0.136865,-0.082500,-0.357120,0.055168,7.303009
-0.285493,0.162149,-0.051665,-0.008801,-1.584649,7.325452
-0.245500,0.176897,-0.090007,-0.373417,0.128665,5.494074
-0.225940,0.136825,-0.046679,0.541717,-0.362305,5.707437
-0.237018,0.103541,-0.093391,0.289242,0.355196,5.211060
-0.254467,0.098604,-0.059132,0.768346,-3.362260,5.639474
-0.253318,0.073546,-0.085008,1.145147,-1.381296,3.186488
-0.267167,0.031196,-0.071980,1.237193,-3.832279,2.473759
-0.279601,-0.006644,-0.082644,1.386863,-2.257887,0.968862
-0.239696,-0.029335,-0.069373,1.596702,-3.134085,0.827420
-0.215042,-0.079199,-0.069308,1.816836,-0.663164,-0.869180
-0.161988,-0.143653,-0.082884,1.756350,-1.499621,-0.075826
-0.109528,-0.197485,-0.067673,2.464559,1.636536,-0.538718
-0.111103,-0.223176,-0.052433,1.402963,0.491368,-1.734658
-0.140445,-0.287988,-0.062930,2.268785,1.266805,-4.646484
-0.180327,-0.343136,-0.074192,1.294262,-0.079477,-5.194516
-0.224502,-0.364183,-0.050135,1.217381,-0.450856,-6.468494
-0.241787,-0.362316,-0.078509,0.366441,-0.788622,-6.540075
-0.295045,-0.419745,-0.049722,0.796149,-1.387522,-6.829875
-0.343109,-0.467712,-0.076165,-0.430315,-1.559479,-4.983165
-0.325007,-0.476545,-0.052062,0.150191,-1.777410,-3.493072
-0.326005,-0.506766,-0.102355,-0.327065,-0.652322,-5.591844
-0.294979,-0.557454,-0.071379,-0.481914,-0.487218,-7.102221
-0.327817,-0.607051,-0.048711,-0.678798,-0.743252,-9.557345
-0.336433,-0.585223,-0.067896,-0.933427,-0.512237,-9.288694
-0.357365,-0.602702,-0.031294,-0.205543,-1.449977,-11.030868
-0.369897,-0.614827,-0.073818,-0.700617,0.363875,-10.458506
-0.360638,-0.613262,-0.040751,-0.080311,-0.723140,-9.153654
-0.358498,-0.590173,-0.070568,-0.114889,0.447998,-8.760297
-0.360152,-0.589625,-0.053726,0.374638,-1.323341,-8.842204
-0.349563,-0.582003,-0.053063,0.729706,0.614962,-8.974818
-0.288119,-0.539479,-0.083760,0.361482,-0.051350,-5.193168
-0.257139,-0.510400,-0.068940,1.349227,0.193645,-4.395633
-0.240382,-0.468125,-0.069436,0.760383,-0.407143,-2.625738
-0.222184,-0.496554,-0.056030,1.740677,-0.360598,-1.072402
-0.199197,-0.467032,-0.083317,1.162292,-0.584529,1.299663
-0.158298,-0.422834,-0.057304,2.882936,-0.305654,0.488520
-0.133916,-0.392097,-0.078600,1.741642,-0.566496,0.877207
-0.137478,-0.392478,-0.037005,2.607178,-2.856331,0.302708
-0.088560,-0.344466,-0.098082,2.130565,-0.120747,1.409349
-0.066859,-0.311011,-0.068750,2.689577,-0.585987,3.056149
-0.049361,-0.281338,-0.068494,2.485941,-0.173207,3.882044
-0.017577,-0.261479,-0.051208,2.398825,-0.737304,6.337082
0.012441,-0.246117,-0.081821,2.797182,1.147006,6.013414
0.028742,-0.207129,-0.066232,1.748312,0.846420,4.990160
0.020995,-0.235686,-0.066882,2.663065,1.219584,2.820563
0.037962,-0.243885,-0.085651,2.157908,0.990791,3.357275
0.039219,-0.230355,-0.049997,2.873029,0.346006,2.821965
0.034568,-0.192082,-0.083518,1.528710,0.308822,4.140310
-0.008593,-0.254373,-0.061968,2.620794,-0.392723,4.693207
-0.013713,-0.249863,-0.096933,1.165938,-0.136326,7.006998
0.012231,-0.258400,-0.049019,1.892342,-1.947779,6.262102
0.045154,-0.262142,-0.082881,0.814960,0.740952,4.287118
0.056806,-0.306715,-0.043964,1.586127,0.250897,1.285164
0.088216,-0.320327,-0.091074,0.665504,2.446838,-0.071169
0.155092,-0.312075,-0.040061,1.125308,2.064874,-1.326320
0.218273,-0.304417,-0.067115,0.106673,3.024249,-2.227634
0.211248,-0.350683,-0.047663,0.706204,2.196897,-1.616706
0.210024,-0.363048,-0.076710,-0.351808,2.719960,-0.237044
0.204411,-0.370420,-0.045041,0.663099,1.830613,-1.504371
0.283501,-0.357816,-0.108865,0.664539,4.642983,-4.223513
0.314639,-0.414195,-0.067683,0.801168,1.734776,-5.166760
0.348645,-0.414513,-0.084699,0.317041,1.899948,-6.666893
0.376454,-0.418409,-0.053569,0.238663,1.804626,-5.793573
0.440743,-0.426990,-0.066275,0.641438,2.300074,-5.762043
0.524885,-0.445572,-0.076615,0.613166,2.604326,-2.558115
0.548243,-0.451319,-0.054865,0.824115,2.580539,-1.195446
0.561435,-0.415908,-0.083721,0.970305,2.222694,-0.725597
0.561212,-0.432590,-0.095912,1.101235,4.137727,-3.459968
0.602246,-0.429061,-0.064982,1.038994,2.675877,-3.603918
0.648932,-0.428733,-0.084039,0.866833,4.405449,-3.588604
0.648617,-0.414740,-0.040498,1.330907,2.355912,-2.750319
0.662308,-0.425985,-0.090233,1.749021,3.890228,-3.068242
0.704546,-0.444987,-0.074688,2.022468,3.155316,-2.831741
0.765170,-0.414241,-0.048149,2.264860,4.429487,-4.141099
0.832568,-0.384367,-0.070493,1.998191,4.954703,-4.204803
0.829853,-0.427564,-0.072124,2.624277,4.933594,-4.140785
0.814974,-0.411287,-0.071550,1.714414,3.761232,-3.110395
0.837544,-0.389367,-0.067634,2.485433,4.134757,-2.517360
0.874222,-0.342329,-0.075042,1.716794,3.844435,-1.921141
0.855591,-0.371041,-0.058029,2.220826,2.994799,-0.057447
0.846722,-0.366186,-0.089173,2.188014,3.451524,1.580266
0.840449,-0.346889,-0.083288,2.021299,2.665262,2.939918
0.846788,-0.332249,-0.072029,2.050933,3.637362,0.516664
0.882189,-0.324630,-0.093427,2.007096,4.206031,-0.359543
0.865310,-0.355557,-0.093575,1.644433,4.412753,-1.156060
0.867188,-0.341633,-0.069932,1.948656,4.127092,-2.009012
0.879678,-0.360799,-0.085297,2.285831,5.366209,-3.298947
0.909121,-0.369734,-0.082910,1.554734,6.019447,-2.532471
0.914813,-0.369029,-0.063908,1.904704,5.594706,-3.445560
0.949295,-0.320757,-0.073040,0.890516,6.074438,-4.631941
0.925018,-0.341151,-0.060869,1.614513,6.373419,-6.723620
0.976129,-0.325763,-0.096670,0.821962,6.788969,-6.236649
0.978049,-0.344308,-0.057915,1.184698,4.502055,-6.370947
0.960432,-0.290985,-0.079815,0.168002,5.059741,-6.730828
0.948678,-0.288727,-0.080576,0.801201,2.011738,-7.950802
0.939293,-0.281522,-0.099470,-0.239775,3.276159,-7.638124
0.896063,-0.254580,-0.072361,-0.519823,0.427879,-7.007276
0.888740,-0.196277,-0.107174,-0.671350,2.198916,-7.465831
0.875377,-0.163919,-0.087827,-1.462513,0.619190,-7.088528
0.828432,-0.116770,-0.107115,-1.904838,1.905262,-7.635214
0.815502,-0.054528,-0.106042,-1.577740,2.385489,-6.041013
0.776858,-0.012759,-0.110404,-1.874866,4.218347,-5.096437
0.731055,0.019363,-0.092978,-2.440237,2.747293,-2.930072
0.699797,0.054784,-0.105851,-2.469933,4.113499,-1.362344
0.638418,0.113274,-0.088687,-2.707132,3.858891,-0.357890
0.574283,0.182664,-0.112564,-2.637643,6.079811,-1.586854
0.546306,0.214862,-0.086908,-1.934613,4.354732,-1.430657
0.511404,0.220471,-0.124381,-1.757007,4.751947,-0.570967
0.476187,0.278978,-0.076181,-0.751695,3.867438,1.197363
0.414888,0.324433,-0.101042,-0.745294,3.740572,2.076733
0.392551,0.326511,-0.080383,0.109938,2.583617,3.406692
0.391684,0.350062,-0.106944,0.541316,2.185802,4.449821
0.366613,0.357618,-0.068179,1.435157,0.353092,6.596214
0.324378,0.394713,-0.095948,2.029876,0.641756,6.345421
0.307059,0.391063,-0.094888,2.102687,-1.180801,7.478877
0.306948,0.364784,-0.090460,2.592509,0.239635,6.973197
0.320449,0.401472,-0.071251,2.175961,-0.570652,7.678328
0.299927,0.363776,-0.089226,3.154807,0.752178,7.141406
0.289515,0.331431,-0.097566,1.947316,1.626613,10.115821
0.297557,0.292459,-0.064919,2.741275,2.455976,9.163944
0.357898,0.297025,-0.085231,1.623123,3.052671,8.159945
0.377307,0.220252,-0.062835,2.521437,4.238386,5.272339
0.359940,0.143019,-0.060888,0.953896,3.738543,5.174306
0.378544,0.095591,-0.045162,1.222912,3.398552,4.394154
0.387187,0.081230,-0.071077,0.743511,2.977648,2.631376
0.370046,0.014305,-0.049981,0.447088,2.621008,0.890440
0.335377,-0.042823,-0.057025,-0.792325,1.553818,1.188587
0.313224,-0.116652,-0.051346,0.051675,0.763154,0.956450
0.314228,-0.165694,-0.078440,-0.938597,1.212353,0.807136
0.287040,-0.252873,-0.041302,-0.572907,-0.538516,-2.304901
0.313582,-0.297337,-0.059917,-1.535564,-0.658614,-3.338573
0.307897,-0.362155,-0.050611,-0.406415,-0.112709,-5.176020
0.317261,-0.411828,-0.065083,-0.933108,0.277383,-6.716868
0.308540,-0.503402,-0.036520,-0.387662,1.319633,-7.768446
0.347522,-0.530442,-0.079615,-1.110225,2.578783,-7.225674
0.330266,-0.577060,-0.026905,0.428217,3.199469,-8.363614
0.323527,-0.606979,-0.075669,0.398042,5.684898,-10.967153
0.317957,-0.662653,-0.035873,0.760768,4.002018,-12.784186
0.365027,-0.694607,-0.056001,0.712624,5.736084,-12.624343
0.408047,-0.702360,-0.026853,1.669350,4.704233,-12.293035
0.429206,-0.721162,-0.058413,1.843959,5.105167,-13.133789
0.447636,-0.740932,-0.027302,1.817342,3.705801,-13.486299
0.507387,-0.727175,-0.044332,1.967884,4.154162,-13.196169
0.598064,-0.691886,-0.039510,2.259194,2.429162,-13.101869
0.626385,-0.685072,-0.056021,1.588503,3.301303,-11.957863
0.653557,-0.673600,-0.038046,1.733512,1.873039,-9.191242
0.708193,-0.614427,-0.051268,1.735419,2.577955,-6.947064
0.802780,-0.550062,-0.047542,1.246030,2.181355,-4.656777
0.867890,-0.529235,-0.079582,2.013546,4.463834,-3.755874
0.909239,-0.513147,-0.050201,0.654798,2.529080,-0.109339
0.942602,-0.475435,-0.038945,1.601482,4.373475,0.816512
1.031979,-0.396293,-0.065845,0.784634,4.793690,0.992120
1.110203,-0.392239,-0.048110,2.142704,6.002795,-0.324884
1.152094,-0.365129,-0.064378,0.879211,6.614399,0.925083
1.162437,-0.354871,-0.039474,2.199766,6.560272,1.578898
1.196006,-0.297570,-0.063180,1.739968,6.622513,1.930369
1.245298,-0.272289,-0.065546,3.053623,6.681879,1.733437
1.284704,-0.246144,-0.071665,1.968163,6.277421,2.733475
1.287799,-0.217728,-0.033303,2.779168,5.054952,3.205165
1.314177,-0.160682,-0.058400,2.536849,5.634818,2.068335
1.358877,-0.129122,-0.056050,2.594508,5.472015,2.078708
1.400161,-0.108436,-0.078627,2.566906,6.088664,3.694689
1.456106,-0.071643,-0.058095,2.455589,5.577519,5.612590
1.457593,-0.042646,-0.040334,2.328532,4.884078,5.484588
1.491491,-0.028430,-0.083314,1.284792,6.354226,5.917676
1.514603,-0.015411,-0.069971,1.448255,7.227233,4.860840
1.548819,0.047313,-0.071668,0.573242,6.903890,4.092464
1.604952,0.074137,-0.058722,1.039903,7.855863,1.691637
1.637852,0.084906,-0.105454,-0.549598,7.532162,1.707932
1.644797,0.089420,-0.072774,0.048098,9.200822,2.885585
1.668693,0.144358,-0.095059,-1.086753,8.337203,3.307251
1.727321,0.149498,-0.051264,-0.789137,8.194817,1.762281
1.780309,0.165320,-0.094143,-1.642187,9.056555,2.063557
1.779571,0.156267,-0.060074,-0.338721,8.307894,1.298201
1.754939,0.186724,-0.104446,-1.845912,8.134538,0.275422
1.764938,0.175745,-0.052919,-0.662491,7.145648,-0.855591
1.860939,0.190178,-0.079723,-1.376234,8.227773,-0.236740
1.902265,0.188572,-0.056014,-0.294815,7.835676,0.667596
1.891380,0.196605,-0.080872,-0.656875,8.293195,0.637331
1.856793,0.153033,-0.075361,0.546378,7.840163,0.495638
1.932985,0.150112,-0.074051,0.057784,8.201763,2.149923
2.015309,0.162356,-0.068707,1.299531,8.819412,1.004210
2.012486,0.176907,-0.076838,0.484406,8.219974,0.282691
1.933012,0.114416,-0.076139,1.775737,7.990344,0.486348
1.868804,0.089610,-0.081134,1.342268,7.892294,0.969610
1.931817,0.113949,-0.059946,1.654408,7.239033,1.683906
1.994006,0.110575,-0.081692,1.749914,9.302847,0.897009
1.930980,0.073017,-0.051481,1.880929,8.606395,1.819389
1.833711,0.017223,-0.080764,1.672741,8.722311,3.077139
1.846516,0.020387,-0.046803,2.084897,8.880561,3.433425
1.941008,0.012630,-0.064135,1.435440,9.689669,2.376870
1.926122,-0.032838,-0.049662,1.736834,8.987083,2.820164
1.831397,-0.113747,-0.065727,2.003561,10.095989,2.251223
1.770436,-0.122449,-0.062989,1.412000,8.697224,2.417832
1.824173,-0.139445,-0.056089,1.887527,9.447543,-0.041980
1.877886,-0.164979,-0.070585,1.016699,9.221698,-0.840877
1.844340,-0.202881,-0.034514,1.740553,9.256623,-2.097461
1.749175,-0.210815,-0.060882,0.329853,8.722617,-2.266897
1.758406,-0.227552,-0.036162,1.078022,7.919742,-2.369495
1.804852,-0.243472,-0.066876,0.235965,8.279346,-2.658650
1.832054,-0.249403,-0.050299,0.115867,8.272247,-2.098261
1.733059,-0.243600,-0.056070,-0.407938,7.076303,-2.896665
1.674385,-0.244824,-0.038243,-0.300326,6.237788,-2.979552
1.666668,-0.290657,-0.039205,-0.262378,6.211992,-4.486725
1.690833,-0.287490,-0.047165,-0.416758,6.553342,-3.915538
1.634159,-0.306475,-0.024558,0.705997,6.514741,-7.041241
1.586248,-0.294432,-0.053434,0.306951,6.707059,-8.271271
1.580737,-0.325878,-0.034662,0.858095,7.468236,-8.661488
1.623770,-0.295518,-0.049495,0.547971,7.776099,-8.345089
1.596496,-0.265822,-0.024122,1.080251,7.730145,-9.096985
1.557980,-0.239179,-0.103297,1.302636,15.760951,-8.713002
1.423879,-0.241161,-0.037173,1.141718,7.759796,-9.130554
1.381516,-0.175939,-0.049144,0.054912,6.277525,-9.397307
1.378086,-0.129617,-0.027010,0.972508,5.813316,-9.983617
1.319445,-0.091633,-0.069314,-0.300638,4.992592,-7.903718
1.205154,-0.084333,-0.021312,0.267361,4.518657,-7.081329
1.162669,-0.008101,-0.065582,-0.537105,5.338991,-6.891600
1.179177,0.030083,-0.013762,-0.146052,4.716125,-6.346180
1.199781,0.076435,-0.042671,-1.071384,5.218358,-3.425263
1.120467,0.096116,-0.066626,-0.613150,5.308474,-1.140248
1.034658,0.190204,-0.035601,-1.527663,5.056360,1.108104
0.996174,0.250177,-0.049397,-1.292562,5.504245,1.067390
1.060435,0.298137,-0.044575,-1.564820,6.265883,3.396603
1.068158,0.317546,-0.042392,-1.050620,6.678121,5.607736
1.014789,0.376738,-0.059047,-1.360443,5.714636,7.745596
0.951235,0.389691,-0.050007,-0.553862,6.331410,6.580935
0.985877,0.449963,-0.033375,-1.262281,5.445870,5.689533
1.059050,0.485942,-0.036950,-0.567255,5.453220,4.701714
1.053519,0.508509,-0.040803,-0.790638,4.310882,5.412858
0.959940,0.506992,-0.060452,-0.002922,5.104471,5.885461
0.921755,0.527809,-0.033431,-0.347952,2.469490,8.447302
1.000767,0.576065,-0.042638,0.038063,3.937173,10.770586
1.065532,0.633041,-0.034974,-0.246715,2.712338,12.359556
1.043235,0.594305,-0.041466,-0.104309,3.596397,11.924226
1.000212,0.558874,-0.022287,0.066853,3.023615,14.324027
1.039673,0.551233,-0.014898,1.125538,3.962711,15.829863
1.081117,0.586404,-0.010943,0.020043,3.647262,14.678915
1.067997,0.528115,-0.015817,1.324920,4.457922,10.543211
1.007210,0.475642,0.009320,0.630546,1.697648,9.403528
0.969400,0.438058,-0.069131,1.774847,4.601391,8.510041
0.990046,0.410971,-0.013956,0.906452,3.377675,6.458856
1.001912,0.356745,-0.002527,0.878351,4.714261,3.918712
1.019513,0.301649,-0.003065,1.252743,4.859463,4.692561
0.986432,0.244466,-0.024972,1.090889,5.714459,3.990008
1.009564,0.165468,-0.004726,1.449922,5.411871,2.756909
1.042542,0.095335,-0.016464,0.428775,6.643150,0.184801
1.065460,0.030720,0.019272,1.085890,5.529789,-2.262725
1.030643,0.012135,-0.010240,-0.859674,5.241805,-4.276649
1.005050,-0.066128,0.028936,0.496994,4.729469,-6.366984
1.033703,-0.142734,0.006464,-0.541041,4.649630,-4.376311
1.092284,-0.217098,0.040926,0.539443,4.201154,-1.867807
1.106379,-0.249069,-0.004959,-0.780258,4.683436,-1.826362
1.096098,-0.291172,0.017552,-0.516294,4.388781,-3.510322
1.143254,-0.333844,-0.053050,-1.211597,6.678180,-4.816550
1.214542,-0.416178,-0.003475,-0.695036,6.230685,-5.574876
1.291174,-0.433538,0.013206,-0.397148,6.602641,-7.917159
1.318802,-0.466655,0.004915,-0.367019,6.769665,-9.379754
1.333540,-0.510771,0.018176,-0.224945,7.730113,-10.458592
1.387067,-0.523372,0.012238,0.618438,8.087071,-8.261247
1.493076,-0.525752,-0.010716,0.440038,9.360651,-6.408629
1.546912,-0.576174,0.009904,1.935569,8.117903,-4.913682
1.564857,-0.594568,-0.024256,0.523080,8.195999,-3.533725
1.576519,-0.600759,0.037900,2.396627,6.781541,-5.096142
1.646258,-0.532150,-0.010204,2.204926,7.328582,-6.157698
1.714447,-0.544226,0.010498,2.364505,6.044170,-6.026719
1.778353,-0.556246,0.017250,2.579360,6.439596,-3.810726
1.812950,-0.514828,-0.006321,2.972258,6.528422,-0.545635
1.809270,-0.489041,-0.016136,3.452768,8.603537,0.220167
1.835238,-0.460497,0.015143,3.202909,6.953127,1.757944
1.950931,-0.442825,-0.015738,4.840855,13.496696,2.253493
1.971525,-0.404345,-0.009279,3.236941,8.064189,2.283062
1.929388,-0.371651,-0.006052,3.108407,10.132161,0.381744
1.903201,-0.350588,-0.007739,2.868438,8.842741,1.471270
1.944612,-0.325008,0.004816,2.959289,9.724988,0.034816
2.000197,-0.262734,0.006195,2.207050,9.803185,0.118201
2.014692,-0.235496,0.008154,2.930867,10.265770,-0.651016
1.964897,-0.239297,-0.010237,1.652216,9.567283,1.617827
1.948662,-0.213005,-0.003035,1.605283,9.608356,2.136862
2.047326,-0.115470,-0.001726,1.385478,9.998011,0.914073
2.085839,-0.073333,-0.005307,0.536466,10.101992,-0.750339
2.027825,-0.045587,-0.020629,-0.300435,8.696498,0.847524
1.991633,-0.010048,-0.065513,0.520785,9.392858,1.681396
2.034308,0.050854,-0.043222,-1.007843,8.307030,2.726981
2.097902,0.089548,-0.004283,-0.057144,8.199084,1.561769
2.128195,0.126196,-0.065247,-1.191702,8.889647,3.629381
2.066210,0.114970,-0.034800,-0.241492,9.393711,3.723348
2.095666,0.182342,-0.050385,-1.433604,9.196046,3.647836
2.167345,0.192134,-0.014229,0.132460,10.027225,1.464032
2.215252,0.225795,-0.041404,-0.594036,10.220662,2.104144
2.194520,0.279804,-0.025963,-0.820839,10.017305,1.239939
2.186196,0.321784,-0.099244,-0.388726,17.998572,2.185364
2.151671,0.309517,-0.028428,-0.139431,9.405807,2.269743
2.187558,0.356984,-0.041666,-1.339520,8.639439,5.276815
2.179949,0.379003,-0.024936,0.116671,9.285627,7.268571
2.106662,0.424278,-0.040715,-0.992192,8.122426,8.194692
2.034567,0.381872,-0.016323,0.663558,7.854425,6.485528
2.033825,0.402266,-0.068015,-0.472996,7.759500,6.857595
2.003725,0.407866,-0.021913,0.791475,7.151566,5.438051
1.900716,0.435484,-0.040820,-0.171616,7.062346,4.585411
1.856734,0.406648,-0.029072,0.753431,7.811596,4.965845
1.843273,0.406963,-0.045553,-0.042960,8.037188,7.821320
1.829122,0.419055,0.008108,0.276145,6.859465,9.271622
1.802686,0.431319,-0.048819,-0.046624,8.824763,9.889589
1.742217,0.384042,-0.016516,0.304427,9.671143,10.210489
1.749418,0.393318,-0.028684,-0.481071,11.261047,10.866034
1.769257,0.388332,-0.002221,0.018103,10.485493,10.383609
1.723162,0.363996,0.001100,-1.017526,8.929945,8.694609
1.690577,0.278928,-0.010687,0.422247,9.330948,8.126052
1.643205,0.239660,-0.025028,-0.368017,8.446606,7.664830
1.670939,0.222963,0.016098,0.371070,5.997638,5.798929
1.700786,0.168287,0.007491,0.252656,7.546989,3.181468
1.688542,0.074573,0.009284,0.632615,5.864861,4.423797
1.670476,0.037580,0.006375,1.560412,6.522379,3.750982
1.670627,0.022330,0.001074,1.328101,5.909761,2.242686
1.679453,-0.045252,0.031506,1.831410,5.668075,-0.795584
1.720920,-0.111692,-0.022097,1.545185,6.920552,-0.507190
1.679361,-0.179901,0.022407,2.171730,6.307110,-0.400938
1.622720,-0.188790,-0.002642,1.419661,7.769121,-2.353157
1.577983,-0.251931,0.035884,1.995848,6.240024,-4.582366
1.561614,-0.332167,0.019000,1.534120,7.249216,-5.783475
1.549111,-0.358840,0.046969,1.321546,5.671207,-4.791657
1.472824,-0.411730,0.051945,1.773285,6.718002,-7.223821
1.382530,-0.470742,0.028338,0.907115,6.299081,-8.657438
1.331065,-0.506523,0.037808,1.285114,6.890252,-10.670687
1.344743,-0.478908,0.014322,0.456279,6.941192,-11.832713
1.305419,-0.491322,0.041711,0.914944,6.914282,-12.722392
1.192238,-0.507141,0.018294,-0.898186,5.631827,-11.837358
1.094592,-0.540894,0.037286,-0.088681,3.466199,-10.354026
1.065808,-0.483707,0.006464,-1.456568,5.384131,-8.410834
1.024282,-0.466261,0.054174,-0.918055,3.835930,-8.934443
0.984056,-0.444646,0.003973,-1.893054,4.544100,-8.944558
0.912778,-0.433204,0.017217,-1.643204,3.187593,-7.878003
0.877544,-0.376532,0.023795,-1.231718,4.665376,-8.137715
0.906308,-0.310194,0.016288,-2.187098,4.723166,-7.146182
0.910217,-0.316680,0.035989,-0.765714,5.455209,-6.314773
0.944003,-0.246699,-0.000275,-1.542808,6.302794,-3.097622
0.932564,-0.203298,0.032162,0.126752,6.453825,-0.600475
0.909315,-0.150316,0.011926,-0.476068,6.081991,0.311267
0.930647,-0.107904,0.003385,0.590856,5.172115,2.301748
0.943675,-0.022153,0.001160,0.352866,5.108006,2.909422
0.925970,0.032345,0.028939,1.643963,4.284094,2.104245
0.928103,0.076615,-0.013808,1.592173,4.364173,2.659042
0.929863,0.077039,0.019269,2.541822,3.701064,4.686089
0.992373,0.167936,-0.001020,2.451410,3.842551,6.426012
1.005136,0.218118,0.051670,2.311184,-1.141431,6.199570
1.034934,0.246298,-0.003495,2.179434,4.283960,7.368393
1.074241,0.252803,0.027892,2.778443,2.963067,10.220965
1.099499,0.300425,0.009408,2.103570,4.175147,11.937483
1.086717,0.346261,0.012655,2.464143,4.162352,11.987060
1.060980,0.355071,0.000861,2.004404,4.370193,10.446614
1.042398,0.347722,0.000963,1.401821,4.350531,11.297941
1.048467,0.378856,-0.003403,0.917392,5.575313,11.552283
1.081065,0.379335,0.014135,0.905979,4.244590,12.092373
1.064705,0.329865,-0.006068,0.040650,6.165762,11.938322
1.014950,0.293998,0.024954,0.290867,4.848867,11.681392
1.020629,0.312042,0.002466,-0.317632,5.436246,9.905980
1.055153,0.261131,0.013593,-0.119231,5.528421,7.561575
1.058777,0.197061,0.010738,-0.726797,5.022718,5.360960
1.071845,0.164552,-0.005553,-0.243806,5.067576,5.484223
1.046412,0.125327,-0.000354,-0.393128,5.606723,3.527181
1.063642,0.105277,0.013840,-0.501606,4.915635,3.323128
1.097585,0.034787,-0.002504,-0.576908,5.999861,2.592023
1.090115,-0.034151,0.029963,-0.525705,4.598621,2.873552
1.091776,-0.056189,-0.016208,-0.177941,5.753504,2.047720
1.089218,-0.116507,0.003592,0.015277,4.952382,0.943223
1.110075,-0.155604,0.004179,-0.483555,4.996974,-0.426062
1.173610,-0.194649,0.016784,-0.075919,4.884544,-1.048889
1.194627,-0.229725,0.002561,0.056931,5.808646,-1.891310
1.249520,-0.278995,0.027439,0.603867,5.544869,-0.394443
1.284540,-0.334796,0.010777,0.526996,6.526551,0.373436
1.326145,-0.366189,0.028611,0.794639,5.455170,1.227134
1.351617,-0.387604,0.025978,1.975221,7.383087,0.043668
1.374453,-0.449501,0.014949,1.723944,7.041825,-0.554456
1.378421,-0.541488,0.031184,2.731353,7.365358,-2.842023
1.439245,-0.526898,0.014982,2.340904,6.982465,-3.115497
1.457964,-0.570886,0.032881,3.161471,7.043007,-6.954243
1.482192,-0.597818,0.036774,2.710582,6.578850,-7.670286
1.569203,-0.627360,0.024997,3.165535,7.557502,-6.344348
1.650121,-0.626618,0.020516,2.346084,7.671186,-3.269134
1.648044,-0.635261,0.053419,2.768475,5.989577,-1.412596
1.653440,-0.639640,0.006704,2.479095,7.608177,-0.169218
1.675258,-0.657627,0.017670,2.271947,6.586511,1.003329
1.695527,-0.653702,0.020995,2.330725,7.578960,-1.174106
1.728631,-0.652733,0.014227,2.377359,7.566578,-2.805050
1.720359,-0.692493,0.021064,2.138286,7.535904,-2.725303
1.724075,-0.715260,0.021369,2.370082,7.136038,-0.386873
1.773400,-0.687015,0.000345,2.466612,9.049682,0.095420
1.800631,-0.692585,0.005532,3.032842,8.255385,-0.396794
1.797004,-0.733209,0.001432,2.760105,9.070539,-1.617953
1.768965,-0.732401,0.021819,2.668019,8.142991,-2.429494
1.765463,-0.690734,0.019160,3.229729,9.108533,-5.274430
1.802847,-0.670718,0.008256,2.265461,10.066155,-6.908700
1.791782,-0.694867,0.025276,3.044961,8.654405,-7.465926
1.817197,-0.644297,0.010636,2.697446,9.025005,-5.852148
1.787465,-0.613712,0.017930,2.362526,8.312151,-5.011543
1.770649,-0.572189,-0.017478,1.604821,9.435090,-4.026186
1.745178,-0.556863,0.009096,2.139917,7.726574,-3.579657
1.758209,-0.480504,-0.038893,1.493431,8.720595,-3.210278
1.731486,-0.463192,-0.005904,1.859581,7.430475,-3.745517
1.706760,-0.420435,-0.032482,0.538803,7.688626,-3.967766
1.679860,-0.395183,0.008407,1.152888,6.747574,-3.738446
1.647653,-0.304174,-0.022087,-0.576254,6.880063,-2.500473
1.674484,-0.238575,-0.006574,0.748465,7.298767,-2.600440
1.680405,-0.206702,-0.023574,-0.653067,8.005617,-1.015702
1.668034,-0.171633,0.009412,-0.407865,7.754941,0.364920
1.663382,-0.082820,-0.032223,-0.829619,8.417980,-0.056382
1.641095,-0.006861,-0.005773,-1.015287,6.485405,-1.322000
1.619749,0.039067,-0.011616,-1.064616,7.815052,-2.492076
1.644453,0.106275,-0.022540,-0.819579,7.737846,0.483917
1.606452,0.147030,-0.020610,-0.612046,7.787069,1.524002
1.539802,0.202021,-0.009482,-0.612037,6.018433,3.564625
1.537796,0.245090,-0.017839,-0.276381,6.593844,5.477308
1.542917,0.291703,-0.010267,-0.327633,5.619003,7.853166
1.501020,0.336062,0.006654,0.125642,4.689531,7.522797
1.478552,0.379476,-0.023498,0.379585,4.614199,8.551951
1.431406,0.368496,-0.014107,0.858535,4.988243,9.256522
1.416825,0.408489,-0.008901,0.730487,5.138624,12.194389
1.404090,0.431611,-0.006951,1.857378,5.321604,13.143594
1.361339,0.434982,-0.027001,1.337597,6.911085,13.607611
1.273235,0.346839,0.021878,2.464090,5.696780,12.684103
1.286943,0.356807,-0.008740,1.591881,6.366978,12.151190
1.280204,0.350026,0.027504,3.064730,6.861195,8.562933
1.241087,0.311359,0.008036,1.914929,6.376852,6.618737
1.187199,0.242254,0.031154,2.500374,5.693471,6.376398
1.164258,0.225812,0.010964,1.819239,4.965210,7.707026
1.152409,0.159155,0.044494,2.714235,5.841070,6.683510
1.139020,0.106200,0.016705,1.862521,4.601739,6.896429
1.096870,0.004861,0.022975,2.155449,5.517073,6.313468
1.050066,-0.027300,0.031351,0.742005,3.702430,5.265628
1.056870,-0.077571,0.031250,1.568064,4.258550,2.316407
1.070715,-0.148202,0.000884,-0.119526,4.517262,0.799616
1.039161,-0.220954,0.034174,-0.229160,3.079505,0.294216
1.021443,-0.260268,-0.007395,-0.595779,4.054169,-0.390871
0.977527,-0.320957,0.036584,-0.927968,2.191317,-0.785943
0.944571,-0.389396,0.022335,-0.904630,3.641899,-3.114360
0.954389,-0.446077,0.031831,-1.797748,2.884991,-3.610109
0.931488,-0.506261,0.032195,-0.551242,4.972809,-6.518951
0.918689,-0.525059,0.007803,-1.722895,4.543062,-9.089596
0.867637,-0.630209,0.044117,-0.071028,5.431973,-11.744177
0.848767,-0.656918,0.031982,-1.190523,4.675847,-10.636102
0.878227,-0.673022,0.061271,0.621146,3.588464,-11.309785
0.867913,-0.708075,0.028594,-0.022629,5.257574,-12.692634
0.810707,-0.783968,0.055746,1.197894,4.519885,-12.832506
0.795906,-0.772181,0.012231,0.947906,4.985643,-10.863260
0.804339,-0.774160,0.069267,1.764380,0.658139,-10.467669
0.837413,-0.764684,0.041054,1.551681,4.513287,-11.507464
0.856172,-0.787661,0.052306,2.850893,3.092087,-9.893930
0.829085,-0.798483,0.033423,2.981981,4.157307,-8.067237
0.821257,-0.774630,0.053482,2.961547,2.602039,-7.849084
0.883961,-0.750474,0.040480,3.507250,3.952762,-9.121658
0.919451,-0.726115,0.034542,2.377999,3.850448,-8.183464
0.852778,-0.702813,0.053915,3.612740,3.415666,-8.112234
0.811944,-0.643398,0.017247,2.555461,3.128076,-6.350376
0.825629,-0.650905,0.037010,3.235171,3.973691,-5.119875
0.869128,-0.638747,0.010439,2.058903,3.436346,-0.628870
0.864178,-0.585909,0.043391,2.935488,4.167568,-0.249736
0.805701,-0.519213,-0.014688,1.488235,4.013293,-0.797913
0.787901,-0.512488,0.039718,1.942702,4.752502,-2.587207
0.822363,-0.475278,0.016393,0.184733,4.689328,-1.292186
0.886538,-0.404275,0.045302,1.207843,5.788190,0.194766
0.859225,-0.356893,0.009648,0.110133,5.179964,1.890292
0.790802,-0.355564,0.050632,0.418607,3.014559,3.637927
0.833097,-0.308005,0.020322,-0.119477,4.979000,5.924606
0.883708,-0.247979,0.030422,0.459164,3.329680,6.643986
0.919021,-0.203124,0.001343,0.546106,5.914760,5.167745
0.897097,-0.185517,0.022961,0.286639,3.920006,4.998196
0.907056,-0.152798,0.002216,0.503471,5.661967,4.021286
0.958361,-0.099363,0.007688,0.902533,3.540829,3.798698
0.996447,-0.085193,0.030816,1.299209,3.799140,3.189705
1.023356,-0.100880,0.006050,1.555147,4.327216,6.058016
1.036348,-0.102609,0.027399,2.202641,5.042748,7.530118
1.096555,-0.037325,0.027298,2.195406,4.190837,8.126065
1.116361,-0.027264,-0.009000,2.563955,5.183026,4.823373
1.131290,-0.039698,0.017519,1.809247,4.538096,4.667954
1.128815,-0.044717,0.037805,2.329688,4.927981,3.358960
1.190879,-0.016564,0.015757,2.461215,4.789816,4.129638
1.216039,-0.063719,0.031053,2.844174,5.752785,2.734794
1.242909,-0.057492,0.027655,1.897243,6.157907,3.459048
1.252077,-0.078533,0.044993,2.365420,5.000214,2.387670
1.312349,-0.077131,0.027534,1.850445,6.542494,2.486073
1.373622,-0.116448,0.055723,1.560396,6.205295,1.235650
1.419724,-0.123236,0.010304,1.408209,6.851673,1.306637
1.427017,-0.138726,0.040391,1.177706,6.613020,2.059353
1.406276,-0.139127,0.037158,0.545880,5.931836,1.514054
1.461808,-0.180449,0.030137,0.426694,5.632717,3.015828
1.522376,-0.241565,-0.007207,-0.616842,7.004021,3.230404
1.523255,-0.256129,0.042833,0.588726,5.608118,2.951449
1.467500,-0.288494,0.014486,0.447200,5.288081,0.295680
1.453375,-0.342769,0.024110,0.099921,4.814225,-0.550451
1.478660,-0.385290,0.034164,-0.068405,6.096811,0.726958
1.533447,-0.394005,0.050271,0.648174,4.521411,2.894551
1.506758,-0.429974,0.033308,0.914793,6.462711,3.468045
1.467323,-0.487666,0.050202,0.916602,7.114856,2.783692
1.483541,-0.541071,0.052490,2.350469,7.699957,0.831213
1.524896,-0.562853,0.034155,1.581972,7.529631,-0.994458
1.508327,-0.633193,0.072539,2.931451,7.763216,-3.854788
1.502842,-0.647130,0.041451,3.074253,8.344526,-3.964530
1.491951,-0.676905,0.061235,3.436749,8.270087,-3.296350
1.473287,-0.661632,0.045085,2.793122,7.950305,-1.521326
1.486508,-0.685643,0.064156,4.225116,7.582790,-0.002784
1.471948,-0.743036,0.022797,3.189155,7.557263,1.080609
1.486374,-0.784254,0.078819,4.398540,6.192931,0.873298
1.507395,-0.755352,0.020542,2.872377,6.917552,-2.283913
1.510871,-0.804405,0.076649,4.303822,4.426096,-4.632575
1.502747,-0.845147,0.058254,3.857978,6.122385,-6.440487
1.543803,-0.854032,0.066411,4.070480,4.589729,-6.226293
1.565192,-0.829676,0.033518,3.204323,6.577711,-7.293479
1.550624,-0.825281,0.071837,3.360426,5.937810,-7.668823
1.575256,-0.820532,0.058642,3.179193,7.959765,-8.328941
1.561295,-0.804976,0.045302,2.027323,7.024060,-7.426028
1.530733,-0.787628,0.056416,1.936065,7.591781,-9.681501
1.524483,-0.787428,0.036035,1.402360,7.007087,-9.950819
1.503961,-0.756606,0.007091,0.419920,8.283302,-8.853445
1.451337,-0.710399,0.052776,0.393181,5.907716,-8.919542
1.412486,-0.639777,-0.011987,-0.520174,6.596392,-9.171662
1.360374,-0.654795,0.031479,0.303393,5.871780,-8.382709
1.304602,-0.617992,0.016830,-1.151134,5.838263,-6.866595
1.310202,-0.540303,0.025338,-0.593316,5.210783,-6.424593
1.279672,-0.495750,0.021458,-0.274122,5.582033,-7.830660
1.239909,-0.435324,0.016121,-1.341617,4.986661,-5.921868
1.189464,-0.409517,-0.005553,-0.057038,5.807589,-3.834780
1.175419,-0.322543,0.010176,0.002597,4.590224,-1.370885
1.125368,-0.261260,0.032362,0.281735,4.901160,-2.607588
1.076325,-0.194390,-0.010418,0.554752,4.518359,-1.241594
0.988812,-0.154288,0.028443,1.589216,4.361484,-1.198387
0.926308,-0.059101,0.014171,0.662708,3.363475,-0.153454
0.911996,-0.017867,-0.003879,2.414565,3.937360,-1.098703
0.907109,0.021795,0.004114,1.033299,3.913126,1.613395
0.850034,0.042002,0.056541,2.212560,2.264289,3.852132
0.830011,0.145707,0.005663,1.533332,4.213515,7.096292
0.804155,0.162582,0.047977,2.127860,3.483646,8.401573
0.761086,0.192036,0.025827,1.425057,2.577095,9.171396
0.743604,0.245703,0.026329,1.910839,2.240908,9.681361
0.690094,0.295757,0.005781,1.715540,4.306215,8.431527
0.602991,0.294044,0.040670,1.351304,1.329243,7.305200
0.601435,0.327988,0.002962,0.627198,2.478474,9.319517
0.603030,0.334559,0.029425,0.756888,2.619783,11.390243
0.581461,0.375924,0.008742,-0.338964,2.858574,11.527980
0.574562,0.343156,0.015363,0.343107,2.927893,11.513150
0.563631,0.306974,0.003841,-0.728048,3.400862,11.808324
0.555780,0.297011,0.050088,0.088173,2.334172,9.032008
0.564452,0.293653,0.006946,-1.003323,2.979522,6.884476
0.524058,0.215118,0.050554,0.383372,2.394365,4.879526
0.506714,0.147486,-0.007903,-0.655962,2.232849,4.869364
0.461472,0.102806,0.035136,0.676993,1.764262,4.756185
0.413680,0.088872,0.031493,-0.354736,0.745298,3.922921
0.406087,0.010494,0.043027,1.141885,1.055285,3.596103
0.398423,-0.044671,0.016551,-0.073894,1.382655,3.543039
0.382661,-0.090858,0.061412,1.129632,0.693652,1.085799
0.375344,-0.137521,0.010242,0.404456,1.920949,-1.133563
0.375876,-0.245911,0.073439,1.283877,1.382619,-2.381226
0.387226,-0.277744,0.053406,0.477904,1.899433,-2.177669
0.388996,-0.303570,0.066365,1.680865,1.905170,-2.984965
0.353857,-0.392436,0.041383,1.147573,3.277302,-5.648565
0.321309,-0.498209,0.081031,1.980322,2.104260,-6.362584
0.331704,-0.533466,0.050307,1.258779,2.065232,-5.859976
0.326327,-0.568765,0.068761,2.270679,2.156566,-7.661572
0.357849,-0.578445,0.064481,1.613493,2.411772,-7.938495
0.380146,-0.672579,0.061740,1.817007,2.717022,-8.779608
0.418495,-0.721487,0.058369,1.002897,2.621609,-7.720764
0.486133,-0.730123,0.090294,2.007664,3.229359,-8.194071
0.503047,-0.740683,0.073091,0.510817,2.986550,-8.439111
0.524629,-0.789788,0.091043,1.414869,2.313965,-7.945332
0.562995,-0.753983,0.061123,0.699764,2.719068,-6.607078
0.545351,-0.789273,0.066710,1.005490,1.991866,-8.169417
0.526888,-0.795926,0.077608,0.057525,0.530528,-7.011652
0.555399,-0.810874,0.077808,0.966853,1.091303,-6.054456
0.583398,-0.749463,0.102538,0.220443,-1.737315,-3.816899
0.596072,-0.744963,0.063821,1.383328,1.699296,-4.836684
0.591112,-0.776127,0.085718,1.206691,0.627380,-3.703530
0.570492,-0.809581,0.074072,1.541959,2.207500,-3.653525
0.604340,-0.770130,0.084990,2.738910,1.292159,-3.981723
0.594207,-0.704290,0.058080,2.521678,4.360408,-4.477993
0.515363,-0.713320,0.093206,3.239705,2.150464,-5.281926
0.489389,-0.677768,0.054781,2.812167,2.897800,-3.448859
0.464164,-0.636649,0.087376,3.574644,2.725038,-2.751388
0.462673,-0.585899,0.075737,2.918282,2.583847,-2.049681
0.432084,-0.593331,0.089756,3.582063,2.951825,-2.098397
0.425405,-0.544931,0.070718,2.453889,3.191072,-0.006010
0.466757,-0.479850,0.093061,3.588263,3.874827,-0.849718
0.499597,-0.425857,0.074437,2.220376,3.824789,-1.614349
0.518698,-0.452297,0.103683,2.848287,3.464178,-1.528266
0.555044,-0.380977,0.077585,1.535564,3.551215,0.196964
0.587905,-0.318594,0.080194,1.915723,4.199020,-0.371413
0.635448,-0.291921,0.089063,1.612711,4.016822,-1.173060
0.677821,-0.279162,0.075195,1.446065,3.389187,-0.684691
0.707251,-0.252758,0.071995,0.483802,2.451483,1.207665
0.733432,-0.186374,0.080703,0.975331,2.653924,0.608068
0.801546,-0.120111,0.070475,-0.572427,1.092639,0.701586
0.817039,-0.111190,0.104386,-0.344649,0.902904,0.852011
0.871462,-0.026778,0.055461,-1.082653,1.474708,2.573305
0.879031,-0.013212,0.064488,-0.410528,2.339020,2.114342
0.929597,0.003633,0.064435,-1.481745,2.386202,2.388577
0.988215,-0.004093,0.066214,-0.708196,3.384690,3.806812
1.002995,0.032026,0.054470,-0.591101,4.330971,4.230529
0.992623,0.060725,0.073390,0.190661,4.342594,3.242826
0.998275,0.046292,0.044235,-0.252662,5.736530,3.230560
1.017812,0.023893,0.085892,0.400674,4.172856,3.959991
1.026951,0.079927,0.069195,0.396053,4.657527,4.126003
0.977281,0.092765,0.068545,1.051470,4.350242,4.248341
0.900426,0.063725,0.066693,0.665019,3.571333,4.025245
0.916001,0.057659,0.081412,1.429033,2.562314,4.329177
0.945119,0.080173,0.066966,1.305731,3.850616,4.288498
0.950421,0.067168,0.076285,1.931180,3.266749,4.915844
0.916264,0.023958,0.072316,1.911433,3.713705,5.576652
0.895538,0.027635,0.060280,1.126855,3.326414,6.835194
0.884197,0.041595,0.090901,2.697452,3.589327,5.769284
0.877111,0.011583,0.058947,1.708601,3.870911,5.098606
0.804247,-0.089988,0.092996,2.786652,3.026674,4.347938
0.768022,-0.102905,0.054850,1.745374,2.760344,4.900641
0.751945,-0.111137,0.081802,2.003256,2.833483,4.331256
0.752926,-0.143637,0.062068,1.274748,3.635042,2.506056
0.780387,-0.205409,0.081005,1.815274,4.061929,1.185073
0.779629,-0.247805,0.075142,0.798362,4.201344,2.058455
0.759160,-0.278542,0.098822,1.162942,4.012496,2.067840
0.748830,-0.321975,0.078825,0.808938,4.434817,0.681695
0.736990,-0.373667,0.103552,0.492750,0.493203,0.169028
0.703621,-0.415465,0.079931,0.707546,2.879506,-2.264707
0.660542,-0.441882,0.057404,1.185568,1.771221,-4.948282
0.595812,-0.538852,0.073744,1.225426,1.567549,-7.333004
0.595638,-0.565387,0.059722,0.956004,0.645916,-6.817533
0.621005,-0.578570,0.070091,1.321339,2.057485,-7.374972
0.619255,-0.577063,0.085577,1.364067,1.870675,-7.832026
0.624392,-0.635313,0.051210,1.315831,3.285994,-8.456125
0.616935,-0.716127,0.083667,1.495962,2.661608,-7.782765
0.574703,-0.707973,0.077548,1.080953,2.862976,-8.625726
0.586516,-0.675569,0.073649,1.353671,3.159905,-10.801248
0.517907,-0.708672,0.063916,1.239062,2.701267,-12.404356
0.443182,-0.693009,0.069920,0.916119,1.361461,-11.850361
0.417487,-0.668144,0.046401,1.439034,1.960982,-11.202182
0.401413,-0.655093,0.051680,0.485854,0.391563,-10.708878
0.358991,-0.654433,0.069516,0.859070,1.208699,-11.062975
0.359086,-0.603293,0.018012,0.334139,1.530608,-9.850587
0.333555,-0.567560,0.061977,1.137989,1.641666,-10.719089
0.314136,-0.510157,0.039009,0.104172,0.959333,-10.513333
0.258565,-0.525059,0.074575,0.584163,1.009843,-9.017402
0.207520,-0.451841,0.023490,-0.404849,1.251975,-5.995906
0.152381,-0.355876,0.032067,0.859759,0.615113,-5.310846
0.111817,-0.296056,0.023913,-0.217724,0.479033,-3.535511
0.089526,-0.264443,0.050885,-0.015319,-0.052696,-1.208328
0.057575,-0.198420,0.028502,-0.854208,0.116590,0.862125
-0.017639,-0.145340,0.070527,0.249764,-0.774917,0.761736
-0.018975,-0.068140,0.017936,-0.296998,0.347345,0.125589
-0.049108,-0.054433,0.079659,0.271563,-4.083376,0.348788
-0.088425,0.016987,0.049648,0.215262,-0.502777,1.313761
-0.134412,0.075979,0.042567,1.389328,-0.409464,2.369005
-0.221436,0.094672,0.038720,1.221566,-1.126437,3.369120
-0.286346,0.140009,0.048558,0.769131,-2.684706,5.142321
-0.323172,0.224473,0.042009,1.476943,-2.064640,6.819824
-0.340884,0.275164,0.037831,1.135392,-1.717723,7.400844
-0.421133,0.250204,0.079127,1.353388,-3.480822,5.643672
-0.424941,0.263051,0.047311,0.640879,-2.053112,6.391739
-0.409096,0.300067,0.056741,1.781487,-1.870241,7.827347
-0.416337,0.331316,0.041333,1.253720,-1.129050,8.095709
-0.461924,0.308011,0.077739,1.066034,-1.763161,8.108690
-0.472145,0.313109,0.024163,0.552332,-0.472638,9.777108
-0.478366,0.304138,0.066976,1.369541,-0.817150,8.725795
-0.488295,0.313591,0.068643,0.114642,-0.626453,5.530760
-0.472615,0.255065,0.065374,0.845129,-1.248107,3.767212
-0.467987,0.213743,0.068295,-0.220741,-1.514431,4.452934
-0.448525,0.216874,0.089316,0.085333,-2.840714,3.673374
-0.406779,0.190211,0.049274,-0.464009,-1.426482,1.726875
-0.343717,0.109397,0.096692,-0.420024,-1.942898,2.778469
-0.330370,0.073408,0.084156,-0.799674,-1.861437,3.325294
-0.303829,0.052821,0.070567,-0.552283,-2.667709,2.599430
-0.320677,-0.016458,0.088384,-0.405972,-2.593884,-0.057301
-0.302181,-0.070697,0.100663,-0.500050,-3.593012,-1.093251
-0.285214,-0.120137,0.081983,-0.087408,-2.746445,-3.205546
-0.273735,-0.134885,0.078500,-0.769472,-2.679756,-3.425203
-0.292665,-0.203524,0.110983,0.011200,-2.600859,-4.844155
-0.259650,-0.246580,0.078966,-0.663407,-2.204938,-2.592861
-0.254704,-0.297333,0.110941,0.684572,-0.874054,-2.841032
-0.240097,-0.286505,0.104300,-0.594581,-1.642338,-2.646314
-0.213781,-0.357868,0.127179,0.204972,-0.725911,-4.262426
-0.216962,-0.393368,0.103302,-0.552759,0.270437,-4.557763
-0.214806,-0.430243,0.141303,1.055153,0.456223,-5.971831
-0.193693,-0.425257,0.108492,0.282388,0.103932,-6.474149
-0.191018,-0.497260,0.141323,1.451202,0.257862,-6.161545
-0.194228,-0.542591,0.111019,0.860249,-0.521237,-3.708006
-0.183855,-0.552973,0.136570,2.402259,-2.334118,-2.831526
-0.192954,-0.549586,0.102190,1.527000,-0.243973,-3.931531
-0.198347,-0.602541,0.142948,2.621746,-1.395114,-4.872701
-0.132610,-0.592566,0.107038,2.382095,-2.511898,-3.354440
-0.121180,-0.608807,0.135030,3.152044,-1.655385,-3.429903
-0.126124,-0.635661,0.103988,3.281349,0.618094,-2.323606
-0.125497,-0.688282,0.122042,3.868606,-0.932967,-1.885449
-0.052308,-0.682390,0.089332,3.488073,-0.513366,-1.565843
-0.018227,-0.692536,0.108590,4.062572,0.160889,-3.221226
-0.045048,-0.698182,0.101586,3.451284,1.324911,-6.025818
-0.034032,-0.723644,0.087307,3.741786,0.106867,-6.801133
-0.003220,-0.713310,0.086247,2.996873,0.859281,-7.341586
0.018310,-0.660535,0.102761,2.680735,0.471897,-7.435224
0.024898,-0.673137,0.078405,3.088089,2.064562,-6.793107
0.041871,-0.699331,0.060358,1.642171,1.210488,-3.263509
0.087894,-0.682298,0.099065,1.939078,1.037783,-2.615834
0.140276,-0.623575,0.053577,1.070650,0.983912,-3.445962
0.148675,-0.631771,0.086145,1.488616,1.484812,-5.465745
0.132627,-0.590180,0.057801,-0.194248,0.225192,-4.040251
0.133921,-0.557893,0.067609,0.751213,-0.216621,-2.462590
0.099183,-0.517759,0.046070,-0.183078,-1.572195,-0.013458
0.013275,-0.534907,0.077552,0.794547,-4.375788,1.693340
-0.078633,-0.552556,0.016561,0.978022,-3.002734,2.938562
-0.127404,-0.559807,0.062380,2.062366,-4.111762,0.632046
-0.109997,-0.543490,0.021931,2.359768,-1.544154,-4.957718
-0.065103,-0.557352,0.045876,3.087117,-0.021535,-9.177884
-0.070687,-0.547055,0.040765,2.426641,0.933349,-12.587331
-0.008452,-0.471168,0.019942,2.908375,3.441693,-12.588207
0.047087,-0.416890,0.046352,2.450527,4.758265,-12.398101
0.084251,-0.362224,0.057860,0.944889,4.174776,-8.561103
0.044290,-0.304545,0.038675,0.879959,3.916619,-4.846519
-0.026518,-0.183200,0.032087,-0.684208,2.604284,-1.547693
-0.089928,-0.131068,0.025397,-0.238380,0.554135,-1.995448
-0.074796,-0.052079,0.021475,-1.921667,-1.383688,-0.134526
-0.059382,-0.027074,0.022371,-1.109687,-2.292579,1.409018
-0.051580,0.041664,-0.005212,-2.312363,-3.410492,4.342895
-0.060098,0.079757,0.025476,-1.644935,-3.565778,3.908838
0.015858,0.121309,0.000211,-2.666046,-2.595361,5.572060
0.080187,0.160619,0.023582,-1.693098,-2.919177,5.986203
0.102902,0.216605,0.003625,-2.392438,-1.423767,6.681079
0.024533,0.237599,0.046746,-1.521105,-3.420655,6.358239
-0.046023,0.286921,-0.003236,-1.987280,-1.524239,6.905000
-0.104460,0.358794,0.055097,-1.441755,-1.670350,6.822113
-0.157150,0.453384,0.047642,-1.836429,-1.606402,5.174058
-0.176844,0.474805,0.045190,-0.403937,-0.390042,5.253374
-0.214730,0.442932,0.030134,-0.631486,0.274744,7.663098
-0.276699,0.429363,0.081714,1.108157,-0.217103,8.379909
-0.283287,0.462401,0.066211,1.456585,0.098549,8.344734
-0.321672,0.410545,0.067120,2.925102,-0.627861,8.208920
-0.369202,0.335413,0.065886,3.453216,-0.975265,9.281559
-0.463033,0.279808,0.098481,4.520334,-3.165659,8.329300
-0.497630,0.273982,0.039489,4.336104,-1.941729,7.766092
-0.556360,0.205947,0.089966,4.870586,-4.069448,6.020665
-0.611160,0.179090,0.063509,3.323202,-5.210201,6.670522
-0.667766,0.144027,0.086181,4.033578,-4.922567,5.384810
-0.737767,0.106863,0.079009,2.074510,-4.996695,4.332088
-0.787033,0.007487,0.120161,2.289149,-4.554478,2.660073
-0.782900,-0.026292,0.092067,0.198473,-4.506889,2.082344
-0.789032,-0.073855,0.120230,0.967108,-2.577515,-1.423422
-0.850561,-0.125218,0.101001,-1.133610,-2.441960,-5.012583
-0.905582,-0.240586,0.119501,-0.850631,-2.042510,-7.576185
-0.858127,-0.298650,0.083867,-2.030766,1.081859,-7.084218
-0.835098,-0.350315,0.105745,-1.569626,-0.753933,-7.278508
-0.826304,-0.405198,0.091338,-2.478779,-0.372067,-7.925562
-0.867315,-0.502725,0.114660,-2.520558,-2.082611,-8.021770
-0.880720,-0.539787,0.085755,-2.593448,-2.139896,-9.214996
-0.857990,-0.565134,0.115851,-2.591862,-3.977310,-10.634575
-0.859181,-0.619741,0.082692,-2.326349,-3.281328,-13.185949
-0.872747,-0.659235,0.114889,-2.217654,-5.982358,-12.116159
-0.933564,-0.676777,0.065794,-1.133314,-6.561712,-10.411008
-1.006467,-0.653366,0.099964,-1.213593,-8.155319,-10.793948
-1.023395,-0.633396,0.108302,-0.684145,-7.679261,-14.411263
-1.005479,-0.613997,0.116153,-1.103795,-8.179176,-15.431156
-1.062003,-0.629710,0.114486,0.188373,-6.352289,-16.322727
-1.127310,-0.583385,0.107835,0.370679,-6.334262,-14.464362
-1.192775,-0.585853,0.123227,0.969462,-4.705900,-13.322543
-1.190917,-0.534496,0.099186,1.133354,-3.076983,-10.372628
-1.228964,-0.471687,0.120831,2.157812,-3.030563,-7.811420
-1.350913,-0.430663,0.087031,1.900883,-3.708784,-7.738285
-1.463222,-0.420733,0.102180,2.554321,-3.718221,-8.082034
-1.454583,-0.325493,0.093238,1.196189,-2.935616,-8.257881
-1.428464,-0.218880,0.084865,2.225339,-3.465043,-8.534056
-1.457560,-0.129065,0.066204,0.827670,-4.146852,-6.383639
-1.552216,-0.126177,0.103624,1.286699,-5.321164,-1.851037
-1.531989,-0.069017,0.061297,0.266054,-6.366939,3.604552
-1.460507,0.006322,0.079879,1.473145,-6.120007,4.634142
-1.418564,0.077062,0.078963,0.185871,-7.428509,4.212279
-1.417140,0.071298,0.063618,1.116580,-6.848223,3.856249
-1.423958,0.077137,0.044770,0.082822,-7.726728,7.211270
-1.407851,0.090412,0.078257,1.568703,-7.668160,7.237763
-1.329043,0.135558,0.036410,1.162222,-7.309681,9.008643
-1.327323,0.092325,0.041222,1.501633,-7.228536,10.041098
-1.357127,0.096418,0.041517,1.012500,-8.113111,11.550360
-1.380626,0.106985,0.031282,0.944945,-6.756128,9.262949
-1.370815,0.140413,0.066208,1.046608,-6.780808,6.566704
-1.346689,0.168675,0.025377,-0.086102,-4.834861,3.570815
-1.336599,0.189223,0.074538,-0.119363,-5.148002,2.600023
-1.368415,0.221781,0.057260,-1.199101,-5.087329,0.852340
-1.335296,0.206866,0.044501,-0.647845,-4.178422,0.651869
-1.289916,0.208353,0.040752,-1.649078,-3.833047,4.362132
-1.272292,0.205757,0.042400,-1.384717,-3.701858,4.212312
-1.258555,0.215752,0.045377,-1.996071,-5.371057,4.376986
-1.295503,0.168130,0.043112,-1.285909,-5.292577,2.510344
-1.288527,0.136024,0.005210,-1.313455,-6.756778,3.603794
-1.258267,0.104516,0.034381,-0.568430,-6.188285,2.701163
-1.203391,0.082432,0.038560,-0.732148,-7.744749,2.837776
-1.161369,-0.004549,0.040037,0.301114,-7.749564,3.470497
-1.161914,-0.088239,0.029599,0.088603,-7.108330,5.788205
-1.156810,-0.114212,0.042430,1.277938,-6.313021,3.909809
-1.138224,-0.101480,0.042302,0.267666,-6.642601,1.679316
-1.179288,-0.130871,0.063792,0.973049,-6.690804,-2.597122
-1.197702,-0.103420,0.026441,0.042304,-5.854166,-3.409542
-1.271524,-0.133152,0.050997,0.830952,-4.965282,-5.299499
-1.237925,-0.115322,0.029159,-0.472849,-4.341103,-5.972691
-1.181947,-0.178099,0.093317,0.281646,-6.525635,-6.420924
-1.131489,-0.218233,0.047350,-0.118453,-2.623134,-4.342807
-1.161691,-0.257589,0.056242,0.341922,-2.362626,-3.525224
-1.140322,-0.279450,0.046789,0.651915,-2.138472,-1.479670
-1.066378,-0.326160,0.072786,0.855380,-2.201751,-0.504462
-1.015002,-0.336411,0.077374,0.550924,-2.995700,0.091262
-1.054565,-0.392445,0.060243,2.000528,-4.287429,-0.322256
-1.102259,-0.442676,0.036498,1.270944,-5.183734,0.397638
-1.070715,-0.505506,0.078829,2.420181,-6.225318,0.886453
-0.983428,-0.511627,0.070366,1.939064,-6.485520,1.208629
-0.971050,-0.554834,0.081185,2.886750,-6.761405,0.045389
-0.983011,-0.587104,0.065794,2.403631,-7.514515,-0.032037
-0.998583,-0.631213,0.053859,3.120765,-5.795952,-0.346695
-0.961147,-0.594699,0.082466,2.140983,-6.082325,-2.188570
-0.886603,-0.570577,0.064970,2.894434,-3.567797,-5.283224
-0.893903,-0.631883,0.086943,2.409339,-3.605784,-5.219856
-0.935399,-0.710097,0.069759,2.689778,-2.345807,-5.960690
-0.944951,-0.723204,0.080210,1.900115,-2.213108,-3.387031
-0.948066,-0.714141,0.074794,2.454177,-1.227116,-4.961387
-0.913381,-0.696120,0.089201,2.075630,-2.536192,-5.221940
-0.952209,-0.717728,0.074023,1.522339,-2.207321,-6.180305
-1.033104,-0.719265,0.079341,1.536257,-3.370112,-6.940552
-1.072993,-0.693002,0.061563,0.875824,-4.135376,-8.127867
-1.048886,-0.682567,0.059285,0.836454,-5.162113,-6.764101
-1.054509,-0.653435,0.069260,0.249971,-6.022095,-6.100494
-1.063759,-0.598615,0.066467,0.710914,-6.724340,-5.197535
-1.159698,-0.602141,0.038271,0.085993,-6.164379,-6.741316
-1.187415,-0.575694,0.048029,-0.598897,-6.526019,-7.825947
-1.159058,-0.518740,0.051099,-0.632910,-5.866662,-9.553370
-1.135014,-0.406684,0.057224,-1.467640,-5.812469,-11.157741
-1.141399,-0.345713,0.040129,-0.817593,-4.408967,-10.988391
-1.172851,-0.301216,0.040040,-1.839278,-3.717988,-7.938303
-1.136728,-0.261026,0.017930,-0.524839,-2.768868,-4.804495
-1.118274,-0.198309,0.022052,-1.237020,-2.353810,-3.410910
-1.140155,-0.151110,0.048643,-0.006375,-2.299111,-4.600020
-1.155979,-0.085842,0.029595,-1.129658,-3.289137,-2.659058
-1.163076,-0.026473,0.062587,0.138062,-4.172533,-1.929005
-1.133071,0.081592,-0.000698,-0.417093,-4.218399,-0.999605
-1.133563,0.093609,0.078024,0.476761,-9.617222,-1.181557
-1.115625,0.138568,0.008811,0.463733,-5.971832,2.465469
-1.158654,0.154340,0.053528,1.614358,-11.274076,5.892989
-1.183739,0.215578,0.001448,1.627465,-7.485220,7.269121
-1.213379,0.211048,0.021386,2.980289,-8.483019,8.286424
-1.234620,0.230713,-0.004821,2.196633,-8.594556,7.615250
-1.279556,0.249902,0.038441,2.692400,-8.445421,5.574826
-1.328947,0.288720,-0.001627,2.235517,-7.212508,2.804102
-1.362783,0.306445,0.025968,1.632349,-8.434816,3.729211
-1.370326,0.337510,0.020582,0.795708,-5.494244,6.812236
-1.396421,0.379644,0.035136,0.215170,-6.517176,10.267718
-1.446360,0.391152,0.029031,-0.305517,-4.573310,9.467951
-1.497806,0.369028,0.022584,-1.142588,-4.711533,8.924425
-1.542618,0.346160,0.047744,-1.194723,-4.464382,7.099937
-1.527821,0.382552,0.012802,-2.536810,-4.331844,6.936806
-1.574717,0.353049,0.056436,-2.037715,-6.495978,5.444448
-1.552534,0.346918,-0.014675,-3.008716,-5.249472,6.879971
-1.537491,0.280678,0.030193,-2.300435,-5.802875,7.274491
-1.488553,0.287138,0.001054,-2.970420,-6.394679,8.033273
-1.479844,0.206406,0.024274,-1.466715,-7.457106,7.277302
-1.507981,0.145701,-0.002651,-1.935566,-8.679797,8.567967
-1.538410,0.076048,0.026126,-0.812896,-7.861778,9.126208
-1.583070,0.064477,0.018553,-1.209480,-10.738608,6.966668
-1.595012,0.011213,0.030984,0.203836,-11.874033,2.431909
-1.626602,-0.046794,0.025259,-0.230099,-10.012720,-1.007890
-1.665138,-0.081496,0.034522,0.991696,-9.815032,-2.324654
-1.702000,-0.076110,0.016108,0.601007,-7.093690,-3.478606
-1.742256,-0.094839,0.052044,0.759231,-7.476390,-5.601905
-1.751368,-0.100876,0.039843,-0.242182,-6.719903,-6.444924
-1.820460,-0.131698,0.082466,0.335947,-7.802372,-7.285275
-1.895526,-0.132233,0.048807,-0.150293,-5.408398,-10.330586
-1.955854,-0.165169,0.071571,-0.185760,-7.446349,-12.765260
-1.971340,-0.210680,0.071535,-0.165954,-6.176971,-13.530206
-1.954216,-0.200708,0.052070,0.339397,-6.572275,-8.808016
-2.004916,-0.238968,0.043657,0.729325,-5.670786,-6.568152
-2.048596,-0.299588,0.054995,0.681135,-8.511018,-4.663933
-2.026571,-0.348313,0.030829,1.169634,-8.209178,-6.175745
-1.976898,-0.382489,0.056892,1.171732,-8.622076,-8.794771
-1.938916,-0.443602,0.065380,1.900308,-9.182073,-11.874697
-1.947126,-0.507265,0.059091,1.069832,-10.336812,-8.250538
-1.998247,-0.555898,0.054709,1.438958,-9.708868,-4.643130
-2.002031,-0.472642,0.048821,0.735026,-10.156593,-0.042279
-2.031649,-0.448624,0.037230,0.430413,-10.162783,-0.654960
-2.039343,-0.438278,0.055727,-1.011900,-10.729710,-1.712644
-2.040357,-0.447068,0.034745,-0.771787,-9.141472,-3.951193
-2.041522,-0.370860,0.059830,-2.138939,-10.980852,-5.765175
-2.049738,-0.318951,0.067645,-1.983797,-7.854366,-8.051726
-2.025248,-0.241410,0.043263,-3.341476,-6.985124,-4.399624
-2.043124,-0.200760,0.042085,-2.602622,-6.222430,-1.922361
-2.021791,-0.153405,0.042334,-2.901226,-6.301133,0.907434
-2.031032,-0.181483,0.054525,-1.816232,-6.673981,2.565758
-2.026219,-0.173513,0.028732,-1.625812,-6.987353,4.106020
-2.012591,-0.142520,0.035934,-0.249666,-8.274751,4.578114
-2.009404,-0.072079,0.012418,-0.256470,-8.732028,3.606531
-2.022930,-0.090405,0.040644,2.079394,-10.120397,1.512725
-2.010589,-0.119369,0.012684,1.958670,-9.666407,2.146069
-1.997764,-0.119691,0.048640,3.840754,-11.053500,1.814569
-1.960469,-0.070267,-0.002904,3.463438,-10.846220,1.844768
-1.951052,-0.050586,0.034155,4.169155,-10.540028,1.859637
-1.964195,0.016396,0.012090,2.887501,-9.960772,2.946843
-1.996490,0.069604,0.030925,2.980506,-9.989799,0.886222
-2.008662,0.145537,0.003936,1.703460,-8.583245,-1.726525
-1.983971,0.182993,0.040674,1.214735,-8.769221,-4.259741
-1.934282,0.230756,0.017939,-0.930851,-6.598495,-1.675198
-1.939990,0.260573,0.038100,-0.831317,-6.412795,1.378410
-1.916304,0.290483,0.000542,-1.342442,-5.508325,5.290894
-1.908823,0.230825,0.018488,-1.570913,-5.568899,4.485876
-1.835825,0.218998,0.002052,-1.847212,-6.726051,3.935661
-1.772845,0.198584,0.006234,-1.626202,-6.311883,1.735898
-1.748647,0.163787,0.003283,-1.527956,-7.181666,0.843361
-1.731220,0.095069,-0.016031,-0.833274,-7.732440,1.331696
-1.682459,0.065304,-0.025251,-1.233006,-9.133178,4.065382
-1.664971,0.042721,-0.001529,0.026820,-9.213295,3.971156
-1.585056,0.040161,-0.037124,-0.390627,-8.303190,5.001544
-1.565723,-0.055962,-0.004329,0.449310,-9.315159,5.281038
-1.551635,-0.042156,-0.052265,-0.910503,-7.779681,5.017149
-1.555508,-0.035339,0.004376,-0.134699,-9.192432,1.560429
-1.565762,0.011206,-0.009246,-1.974453,-8.642158,-1.379830
-1.510558,0.012677,0.004038,-1.072777,-7.981045,-1.617390
-1.496687,0.020102,-0.016776,-1.995050,-5.754616,1.152106
-1.497005,0.022797,0.008184,-1.258323,-4.770994,2.087299
-1.480087,0.013323,-0.012390,-2.388286,-4.214096,2.931937
-1.440826,-0.035303,0.040309,-1.115927,-4.014048,3.408873
-1.386607,0.012355,0.001219,-1.800106,-3.686792,4.163791
-1.397898,-0.017394,0.015228,-0.049660,-4.031336,4.106979
-1.405668,-0.034456,-0.010024,-0.623854,-4.575397,4.152792
-1.407030,-0.106732,0.004222,0.684319,-6.120477,5.340862
-1.382477,-0.114577,0.000693,1.151833,-6.589393,4.811333
-1.351947,-0.127273,-0.013001,2.609387,-7.867463,5.746297
-1.362333,-0.235531,0.008479,3.647044,-7.447206,4.839707
-1.336320,-0.288093,-0.005652,3.355249,-7.879467,4.566120
-1.325123,-0.303714,-0.010135,3.772112,-7.593031,1.140398
-1.296382,-0.273362,0.017555,3.637936,-7.664582,-3.136279
-1.263916,-0.301843,0.012218,3.730054,-6.116476,-5.804104
-1.216031,-0.319785,0.009451,2.233830,-4.512876,-5.905318
-1.146434,-0.332669,0.036987,3.017978,-3.099383,-5.480362
-1.089283,-0.335452,0.006533,1.405284,-1.897013,-5.459197
-1.029842,-0.380382,0.035372,1.395446,-1.288163,-4.357179
-0.980362,-0.373630,0.001908,0.313532,-0.975353,-2.458202
-0.967633,-0.373936,0.010393,0.386921,-1.553568,-1.998089
-0.957835,-0.395327,0.012362,0.041191,-2.325778,-4.660938
-0.955183,-0.440730,0.005693,-0.940862,-4.576903,-5.139192
-0.992304,-0.473781,-0.023659,-1.023579,-4.754693,-5.926761
-1.007098,-0.487032,-0.004322,-0.186292,-8.319323,-5.902399
-1.050777,-0.516942,-0.023002,-0.292554,-8.040283,-5.988504
-1.036318,-0.566959,-0.018286,-0.244397,-8.919340,-4.949717
-1.026507,-0.611466,-0.015919,-0.347164,-8.430562,-4.286430
-1.067842,-0.608266,0.012185,0.062228,-11.472171,-4.207117
-1.108955,-0.575231,-0.021351,-0.041441,-6.939438,-4.492973
-1.179101,-0.540017,-0.010752,-0.898423,-8.009218,-3.764364
-1.261093,-0.457323,0.001914,-0.348661,-5.451539,-5.262179
-1.304933,-0.354559,-0.013529,-1.315506,-4.787452,-7.342082
-1.344184,-0.372925,-0.012476,-0.468588,-2.535585,-8.328511
-1.382957,-0.364098,-0.016950,-0.866672,-2.341616,-5.144397
-1.440688,-0.351444,-0.008251,0.178381,-2.634101,-1.577463
-1.499312,-0.272951,-0.028960,-0.234521,-2.633976,1.342036
-1.522834,-0.246354,0.006825,1.003894,-4.054271,2.862564
-1.500163,-0.221394,-0.037491,0.253555,-3.572136,4.122315
-1.497524,-0.210703,0.009067,1.967171,-5.327499,2.845958
-1.501367,-0.186987,-0.056352,1.949508,-5.572707,0.248390
-1.499808,-0.192843,0.000546,2.665743,-6.984989,-0.431646
-1.449872,-0.138059,-0.044414,2.431534,-7.348499,0.873419
-1.399123,-0.104569,-0.002701,3.064704,-9.365043,4.136634
-1.403574,-0.110359,-0.027539,2.850259,-8.910093,6.205933
-1.402927,-0.116957,-0.012912,2.536783,-11.383493,8.686089
-1.383242,-0.095476,-0.039290,1.718651,-8.199314,8.447209
-1.392856,0.023325,-0.034471,0.926028,-8.435115,6.586554
-1.383574,0.104185,-0.024903,0.626226,-7.321075,3.467907
-1.386823,0.099694,-0.056867,-0.562089,-6.257076,3.971660
-1.406465,0.074781,-0.009167,-0.178368,-6.089517,4.104425
-1.394514,0.085941,-0.057599,-0.886157,-4.835767,6.054086
-1.397879,0.055178,-0.014760,-0.228150,-4.231637,6.291363
-1.423419,0.041992,-0.031960,-1.252559,-4.479002,8.095950
-1.441952,0.047185,-0.025215,-0.793320,-5.315370,8.974794
-1.524627,0.008685,-0.031021,-0.444029,-5.779133,5.736713
-1.550456,-0.034242,-0.012463,0.026633,-7.579389,2.393131
-1.570614,-0.099773,-0.040317,-0.304755,-7.345247,0.795358
-1.610564,-0.140836,-0.003728,0.831208,-9.926392,1.458910
-1.680792,-0.142898,-0.020846,0.897858,-9.890755,1.623435
-1.764179,-0.193191,-0.031566,0.957677,-11.604398,2.799021
-1.811975,-0.259864,-0.029485,1.928639,-9.641975,2.339988
-1.833790,-0.248211,-0.021699,1.261450,-10.245691,1.373838
-1.894761,-0.269193,-0.004864,1.437707,-10.395098,-3.054735
-1.958844,-0.309797,-0.022231,0.518510,-8.941122,-3.863273
-2.020029,-0.312022,-0.006587,0.135134,-7.935035,-4.953719
-2.035801,-0.249518,-0.016973,-0.612654,-6.728070,-3.678742
-2.045455,-0.253647,0.004829,-0.762022,-5.456525,-3.904396
-2.044746,-0.275640,-0.002221,-1.722194,-4.914765,-1.528120
-2.039119,-0.305090,0.023608,-1.678491,-4.805086,-0.052860
-2.031642,-0.279588,0.011302,-2.162562,-5.597535,-0.523775
-2.014498,-0.256529,0.014414,-1.393852,-5.605653,-1.462917
-1.964848,-0.266698,-0.002871,-2.016632,-5.840725,-0.209429
-1.980991,-0.323770,0.027790,-0.763371,-7.841400,1.050671
-1.937531,-0.317028,-0.003807,-0.742192,-9.443542,1.491033
-1.919366,-0.377684,0.020834,0.847755,-9.786189,-0.871785
-1.871902,-0.416489,-0.014380,0.854530,-10.663752,-0.755740
-1.817269,-0.431828,0.016324,2.617918,-11.475079,-0.393522
-1.781018,-0.397093,-0.024486,2.062749,-10.644107,0.359637
-1.783621,-0.430531,0.028233,3.240032,-11.518572,-1.786799
-1.771056,-0.443815,0.006520,2.042635,-10.248639,-3.301110
-1.756866,-0.411785,0.029100,2.436199,-10.186374,-4.307286
-1.768459,-0.333489,0.007081,1.847625,-8.741862,-4.358312
-1.793127,-0.316266,0.016022,1.650928,-7.700813,-3.187811
-1.832181,-0.277711,0.009891,0.337050,-5.923774,-1.840600
-1.840148,-0.233926,0.027133,0.233141,-6.917154,-0.852858
-1.802403,-0.191573,-0.047273,-0.047307,-2.013080,-1.704625
-1.781494,-0.215111,0.012848,0.270351,-4.252093,-1.322447
-1.753551,-0.232426,0.008890,-0.977481,-3.693964,0.360818
-1.729812,-0.221673,0.012477,0.092601,-4.645395,1.572691
-1.743408,-0.206715,-0.000876,-0.424643,-5.118884,0.236623
-1.731854,-0.248257,0.022282,0.550652,-6.738068,-1.590687
-1.706582,-0.283852,-0.016395,0.358278,-7.596123,-2.389246
-1.672806,-0.300671,-0.000085,1.376349,-9.517843,-1.877582
-1.683914,-0.321144,-0.017137,1.530696,-9.739135,-3.167255
-1.644925,-0.319220,-0.012525,1.466682,-9.913751,-1.629508
-1.628798,-0.310794,-0.014586,1.460330,-9.849314,-1.174519
-1.606172,-0.253299,-0.030109,0.389369,-8.969413,-0.813644
-1.591605,-0.214652,0.000149,0.704595,-8.937564,-2.732890
-1.532485,-0.204204,-0.048093,-0.716123,-6.505326,-2.229951
-1.525355,-0.210972,-0.017580,-0.371651,-5.723860,-2.538779
-1.506222,-0.093638,-0.026633,-1.891866,-5.003880,-1.494547
-1.513374,-0.059668,0.008857,-1.753288,-4.143983,-1.907259
-1.496056,-0.040633,-0.008478,-2.930548,-3.426104,0.811596
-1.422654,-0.034416,-0.006942,-1.800135,-2.315681,1.261632
-1.378131,-0.000584,-0.026255,-2.512579,-2.838948,2.563422
-1.367116,-0.020568,-0.002402,-1.300213,-2.762437,1.325020
-1.312351,-0.016140,-0.029193,-1.611825,-4.085897,2.104547
-1.259189,0.001372,-0.032561,-1.027456,-4.244028,1.980941
-1.209306,0.035145,-0.012170,0.030461,-6.179443,1.282382
-1.152145,-0.004070,-0.031927,0.769456,-6.434797,0.088396
-1.086933,-0.057604,-0.037002,0.933065,-7.415412,1.993984
-1.063969,-0.076927,-0.027742,2.491744,-8.090997,2.622250
-1.038934,-0.017568,-0.029915,2.192199,-7.659563,2.485441
-1.043661,-0.008807,-0.026272,2.730059,-7.824650,2.712507
-1.030807,-0.003079,-0.045687,1.727104,-5.891599,3.606575
-1.043395,0.007632,-0.005993,2.043806,-7.045662,2.781097
-0.982929,0.048994,-0.064417,1.098812,-3.625561,1.851454
-0.933870,-0.007579,-0.013707,1.552051,-2.878396,1.272174
-0.907032,-0.009148,-0.016165,-0.101188,-1.535285,3.574067
-0.908024,-0.000620,0.000976,0.681969,-3.692812,4.926701
-0.902578,0.016826,-0.029101,-0.174682,-0.229672,5.905140
-0.897979,-0.036301,0.023444,-0.180068,-5.163925,6.048354
-0.851224,-0.079908,-0.036818,-0.225537,-0.997628,6.224402
-0.872695,-0.119034,-0.013700,0.290318,-2.690237,5.237917
-0.936469,-0.144165,-0.027608,0.079080,-4.614382,1.288249
-0.929166,-0.195617,-0.021194,0.193053,-7.067224,0.970444
-0.887902,-0.263862,-0.033089,1.006261,-5.441176,1.061644
-0.842677,-0.284486,-0.030050,0.926048,-6.213517,1.902747
-0.827620,-0.355288,-0.033378,2.157546,-4.815648,1.436192
-0.808513,-0.432064,-0.033999,1.354459,-5.089062,1.276397
-0.795121,-0.467009,-0.005258,1.830642,-4.648861,-1.439992
-0.735141,-0.420989,-0.042684,1.224527,-3.546881,-3.779084
-0.736296,-0.474208,-0.012262,2.465774,-2.243306,-7.293165
-0.730145,-0.520119,-0.021220,0.449569,-1.930572,-7.320320
-0.703718,-0.542426,-0.003239,1.546517,-0.837940,-4.485001
-0.697432,-0.514998,-0.030808,0.180764,-0.070979,-2.633108
-0.691721,-0.531608,0.001553,0.557732,-1.550876,-2.105406
-0.688077,-0.556807,-0.012243,0.056166,-1.085745,-1.618282
-0.725967,-0.582945,-0.009367,0.363366,-3.426317,-1.183612
-0.758075,-0.598582,-0.007395,0.822408,-2.888516,-4.790948
-0.775978,-0.602544,-0.033277,0.557473,-4.417863,-5.916634
-0.778180,-0.637069,-0.029078,1.212165,-4.338152,-5.973085
-0.796447,-0.591282,-0.031721,0.160606,-5.912153,-3.795903
-0.848093,-0.595763,-0.029164,1.521174,-5.617115,-3.487591
-0.899214,-0.622840,-0.049439,0.863019,-5.772295,-1.597536
-0.929763,-0.642787,-0.002001,1.474097,-5.836198,-1.228571
-0.917786,-0.560040,-0.033529,0.986094,-4.523360,-1.731382
-0.951444,-0.524757,-0.003413,1.701114,-3.740656,-4.515456
-0.994605,-0.542213,-0.018184,1.221720,-2.843188,-4.761157
-1.000277,-0.557831,-0.002461,1.945238,-2.995809,-3.927260
-0.986582,-0.511270,-0.043121,1.602998,-1.317948,-3.476112
-0.999364,-0.492871,0.004393,2.194159,-2.194864,-1.753442
-1.063024,-0.473036,-0.010766,1.626727,-1.795096,-0.607031
-1.104432,-0.460815,-0.007125,2.167368,-3.906761,2.984463
-1.146952,-0.426185,-0.019654,2.539593,-3.825547,3.639217
-1.168114,-0.392176,-0.018949,2.492946,-4.936623,2.652663
-1.216212,-0.444849,-0.025816,2.829041,-5.741690,1.188646
-1.275007,-0.440369,-0.032515,1.930434,-8.477688,3.309029
-1.310835,-0.427265,-0.011104,3.546287,-8.089707,3.028042
-1.344414,-0.420786,-0.033171,2.691064,-8.680401,3.869744
-1.336375,-0.450951,-0.023498,3.442457,-7.718220,2.519402
-1.347112,-0.458580,-0.034238,2.210610,-6.867701,1.900609
-1.379625,-0.423405,-0.014238,2.560544,-6.107961,-0.984032
-1.404178,-0.386973,-0.024463,1.097352,-4.407034,-2.030902
-1.393112,-0.372022,-0.012778,0.307348,-4.172442,-1.076857
-1.364168,-0.329806,-0.048349,-0.384777,-2.334204,0.787851
-1.390178,-0.326521,0.005601,0.093067,-4.100664,1.500885
-1.446104,-0.338840,-0.024460,-0.704083,-2.887978,0.118521
-1.465963,-0.329760,-0.031550,-1.556168,-3.940157,1.702075
-1.487637,-0.290965,0.002374,-0.677216,-4.815264,1.801418
-1.466281,-0.236900,-0.014862,-0.858653,-6.424122,1.721086
-1.508395,-0.306248,-0.015696,-0.045213,-7.336492,0.282009
-1.530299,-0.356562,-0.059175,-0.727247,-6.716541,0.588986
-1.510286,-0.377448,-0.026249,0.980346,-8.640280,0.363857
-1.480287,-0.373519,-0.053313,0.759198,-8.573249,-0.309341
-1.483084,-0.394779,-0.010391,1.372210,-8.955115,1.531129
-1.508763,-0.413518,-0.030624,2.280336,-8.243013,2.766892
-1.566264,-0.382995,-0.020751,1.831022,-8.357071,3.054098
-1.616292,-0.333837,-0.021663,1.521935,-6.564259,-1.467099
-1.640326,-0.317097,-0.017252,1.137079,-7.469658,-3.685172
-1.717214,-0.307266,-0.021456,0.451332,-6.522553,-4.555777
-1.744649,-0.224909,-0.014169,0.755436,-6.133095,-3.285339
-1.787836,-0.201250,-0.020183,-0.775578,-5.226928,-2.798905
-1.787448,-0.232065,-0.001755,-0.313453,-5.112539,-1.183442
-1.755418,-0.231353,-0.019366,-0.260518,-4.002369,-0.709002
-1.746782,-0.188130,-0.017685,-0.605699,-4.237674,-0.701288
-1.750416,-0.199818,-0.009325,0.525584,-4.402485,-1.524399
-1.744553,-0.219730,0.007587,-0.754200,-7.569322,-0.060569
-1.686175,-0.214580,0.003556,0.472457,-5.759668,0.987160
-1.641833,-0.204519,-0.018752,0.954828,-5.874455,0.349882
-1.607236,-0.276486,-0.007765,2.025566,-7.464836,0.930940
-1.547610,-0.330506,-0.026042,1.399979,-8.240965,3.557277
-1.529278,-0.358314,-0.016986,2.688175,-9.465735,5.897847
-1.540944,-0.337546,-0.050627,2.636779,-7.556517,4.505731
-1.576263,-0.346340,-0.004985,2.128946,-10.757896,1.439299
-1.545372,-0.336864,-0.039566,1.448832,-8.870648,-2.687486
-1.528375,-0.303747,-0.031964,1.060631,-8.516467,-4.469300
-1.524768,-0.270736,-0.009311,0.407843,-7.004920,-6.392668
-1.450181,-0.240032,-0.027493,-0.463904,-4.541187,-4.409109
-1.387736,-0.254225,-0.022924,-0.858381,-2.763133,-2.294893
-1.342494,-0.197042,-0.000176,-2.151323,-2.543673,-0.074437
-1.307480,-0.192259,-0.042389,-1.085473,0.748931,-0.194643
-1.284280,-0.210821,-0.033946,-2.656143,-1.209559,0.387258
-1.267664,-0.214937,0.001160,-2.094330,-2.270124,-0.496981
-1.206381,-0.141700,-0.053529,-2.126121,-1.796869,-0.876011
-1.227385,-0.129427,-0.020974,-1.113009,-4.687282,-2.383147
-1.206585,-0.164191,-0.052193,-1.225174,-4.163743,-2.104648
-1.142377,-0.213963,-0.039260,-0.084448,-6.663966,-0.864931
-1.056544,-0.185573,-0.042792,0.179024,-6.869487,-0.636965
-1.009602,-0.185248,-0.042691,1.016213,-7.348549,-0.546970
-0.995048,-0.237547,-0.038804,1.413539,-7.287784,-1.164495
-0.981353,-0.198880,-0.049935,0.755479,-7.220379,-0.191957
-0.960681,-0.117757,-0.019277,1.961680,-6.006724,-4.008798
-0.952419,-0.061913,-0.046334,0.601759,-5.148836,-6.563531
-0.921971,-0.099494,-0.002047,1.426058,-3.642068,-6.429787
-0.829508,-0.077469,-0.055866,0.478530,-1.392065,-3.447208
-0.734399,-0.064631,-0.026269,1.055799,0.173740,-0.598072
-0.735558,-0.090805,-0.016930,1.149890,1.138596,0.204941
-0.703045,-0.079343,-0.015745,0.541254,0.323215,1.652874
-0.650740,-0.056675,-0.015318,0.181023,1.072107,0.724860
-0.613546,-0.028298,-0.015141,0.174133,-0.545049,-0.306479
-0.580968,-0.058306,-0.037087,1.113331,-0.876096,-1.917663
-0.588354,-0.089003,-0.061302,-0.209630,-2.148756,-0.072696
-0.589831,-0.103906,-0.035377,1.238762,-4.192845,-0.046931
-0.517538,-0.056314,-0.076815,-0.049480,-4.079739,-0.454531
-0.442761,-0.105803,-0.051478,0.069958,-4.883503,0.489828
-0.379705,-0.159054,-0.059730,0.109906,-4.655971,3.569375
-0.358333,-0.155804,-0.053191,-0.185612,-4.278530,4.920309
-0.361531,-0.137892,-0.058594,0.539288,-4.090906,3.150989
-0.322620,-0.132988,-0.073319,-0.969327,-1.851928,2.225880
-0.305489,-0.160774,-0.020357,-0.501960,-2.677461,1.722709
-0.257441,-0.152427,-0.048510,-0.696474,0.075690,0.903425
-0.244114,-0.187693,-0.033946,-0.502906,-0.540588,0.711692
-0.276742,-0.254048,-0.050237,0.005770,2.000384,-0.149623
-0.259575,-0.232095,-0.051484,-0.158325,1.232523,1.830758
-0.222125,-0.195975,-0.033175,0.463556,2.321246,1.883372
-0.209334,-0.225477,-0.025967,0.282963,1.167511,2.507985
-0.189081,-0.280458,-0.046111,1.985461,1.461063,3.287621
-0.218551,-0.329718,-0.063554,1.119206,-0.708448,3.751394
-0.287026,-0.324088,-0.021818,1.952854,-4.180900,0.181937
-0.310938,-0.317576,-0.063698,1.678130,-3.317343,-1.777726
-0.340625,-0.392222,-0.031990,2.377831,-6.917472,-1.592514
-0.413478,-0.421728,-0.054819,2.613313,-5.651977,-1.050338
-0.494574,-0.437159,-0.076168,2.884311,-6.828272,-0.980521
-0.552263,-0.454470,-0.051202,3.152017,-4.666051,-2.546220
-0.536120,-0.445135,-0.055367,1.921762,-3.411812,-3.111902
-0.478549,-0.451917,-0.055998,2.424405,-0.664293,-4.825689
-0.445774,-0.438298,-0.048540,1.212592,0.900879,-3.350515
-0.444261,-0.494483,-0.027838,1.598945,3.016128,-3.411049
-0.413977,-0.521997,-0.045697,-0.292074,4.208598,-0.377464
-0.403316,-0.508286,0.002033,0.604931,2.480066,0.028679
-0.403349,-0.445552,-0.069840,-0.043683,3.326184,-0.799498
-0.497952,-0.511982,-0.031583,0.809801,1.274115,-3.121995
-0.599087,-0.550994,-0.060557,-0.320625,-1.574559,-4.023397
-0.611229,-0.564488,-0.053427,0.710464,-4.108407,-4.045674
-0.609693,-0.557772,-0.064387,0.685833,-5.173060,-4.480289
-0.623587,-0.557703,-0.052945,0.798391,-6.760713,-2.799979
-0.657291,-0.591975,-0.069511,0.966622,-6.886187,-0.151661
-0.665904,-0.584182,-0.045267,1.224336,-7.617616,1.455333
-0.619100,-0.575996,-0.060668,1.592711,-5.378458,-0.110472
-0.593474,-0.602817,-0.028734,1.218287,-5.277034,-0.163230
-0.638965,-0.613449,-0.062392,1.896859,-2.970603,-0.520715
-0.766242,-0.577503,-0.056234,1.872165,-3.418488,-0.173865
-0.863455,-0.562656,-0.029029,2.334519,-1.632734,-1.941490
-0.859447,-0.556436,-0.051924,1.389719,-0.524763,-1.806172
-0.883589,-0.565532,-0.018870,2.262224,-0.806747,-2.208615
-0.944741,-0.502676,-0.052164,1.612649,-0.733779,-1.068711
-1.062512,-0.511381,-0.033815,2.440686,-0.355461,-0.796680
-1.089999,-0.498868,-0.051858,0.742287,-1.670101,1.312586
-1.034230,-0.464859,-0.034544,1.960282,-2.818807,2.251814
-1.039482,-0.420064,-0.064555,1.190616,-2.868457,3.041286
-1.122971,-0.433197,-0.024936,1.579335,-5.410544,3.941747
-1.203732,-0.484170,-0.062408,1.884224,-6.140250,4.717965
-1.212847,-0.482693,-0.062247,2.015479,-7.614403,4.703965
-1.205055,-0.466609,-0.048901,2.931503,-7.787525,2.693845
-1.224996,-0.487557,-0.056454,2.399994,-8.461495,2.328444
-1.316261,-0.555031,-0.034891,3.242474,-9.583620,1.610971
-1.344601,-0.520972,-0.056989,2.138229,-7.081670,0.126582
-1.342635,-0.465571,-0.038880,2.451515,-7.674094,-2.998265
-1.323761,-0.444278,-0.045930,1.919264,-3.712270,-4.925720
-1.335414,-0.476833,0.026385,0.088612,-12.429228,-4.348315
-1.258614,-0.473604,-0.054973,1.705289,-1.154118,-3.537776
-1.262445,-0.479706,-0.035390,0.863642,-1.118753,-2.730532
-1.304460,-0.462213,-0.023574,0.829209,-1.392604,-4.861121
-1.294373,-0.417214,-0.064575,-0.300796,-2.159805,-5.516182
-1.303787,-0.402434,-0.025038,0.447452,-3.775027,-6.651722
-1.290050,-0.393010,-0.066665,-0.694689,-4.309447,-6.246347
-1.298578,-0.433384,-0.048763,-0.035073,-5.872338,-3.626123
-1.294547,-0.442335,-0.071077,-0.935128,-7.018496,-1.860961
-1.216347,-0.399223,-0.062339,0.203353,-7.606909,-0.978434
-1.154676,-0.402896,-0.068556,-0.080397,-6.859505,-1.233308
-1.093889,-0.429652,-0.047726,0.195801,-7.448745,0.918283
-1.068354,-0.462181,-0.052860,0.143268,-6.520278,2.340233
-1.056653,-0.401485,-0.052768,0.231704,-6.504240,1.755354
-1.074539,-0.340228,-0.050887,0.446418,-5.507160,-2.204227
-1.103365,-0.278850,-0.058318,-0.611249,-5.126013,-4.586258
-1.130665,-0.253030,-0.055335,-0.012063,-3.906538,-6.464310
-1.050892,-0.179625,-0.067043,-0.966639,-3.192273,-6.710657
-0.982742,-0.204161,-0.050841,0.194501,-1.996201,-5.680131
-0.954188,-0.202576,-0.068779,0.004887,0.014105,-2.590229
-0.966543,-0.153917,-0.039904,-0.125127,-1.311846,0.566338
-0.921869,-0.083177,-0.046541,0.455989,-0.281633,1.628989
-0.850558,-0.068537,-0.048569,0.410465,-1.550630,3.009341
-0.840901,-0.100502,-0.026314,0.809613,-2.437384,1.692115
-0.844016,-0.075470,-0.072617,0.708412,-4.463482,1.499967
-0.896030,-0.082573,-0.048878,2.393787,-5.438061,0.398436
-0.876473,-0.040069,-0.081226,1.175677,-4.496139,2.599935
-0.834149,-0.056796,-0.051602,2.208188,-6.333323,5.642891
-0.775482,-0.072722,-0.068504,1.784665,-5.233706,7.392807
-0.743344,-0.063804,-0.045271,1.959842,-4.854723,6.625307
-0.726705,-0.081083,-0.087092,1.603392,-2.753959,2.354062
-0.687940,-0.081654,-0.050884,1.416043,-2.999209,-1.228923
-0.787164,-0.036832,0.134535,-1.966575,-32.421510,-6.147301
-0.594912,0.016734,-0.050513,0.545088,0.312360,-5.717353
-0.577948,-0.056849,-0.051957,0.350676,1.133649,-4.712844
-0.583450,-0.092992,-0.039697,-0.299562,0.024612,-1.285052
-0.562239,-0.088527,-0.055755,0.105648,0.337721,-0.393853
-0.515913,-0.078070,-0.056821,-1.004387,0.835975,-0.439806
-0.464691,-0.090185,-0.020682,-0.837961,-0.745353,-2.019394
-0.371821,-0.087316,-0.084716,-1.568467,0.402969,-2.754928
-0.342620,-0.122350,-0.049039,-0.989928,-1.749805,-3.605046
-0.270965,-0.119770,-0.065950,-1.979645,-1.261857,-3.193919
-0.175876,-0.138654,-0.050992,-1.471859,-1.761257,-0.471958
-0.118233,-0.134186,-0.073568,-1.782443,-2.121157,1.601882
-0.099769,-0.106922,-0.053063,-1.577573,-3.539010,1.603047
-0.097511,-0.140351,-0.077944,-0.913709,-2.745992,-0.529297
-0.038004,-0.174931,-0.092754,-1.002759,-1.466087,-2.486920
-0.002688,-0.166302,-0.042878,-0.658080,-2.763209,-5.235811
0.059134,-0.105389,-0.089807,-0.406652,-0.018339,-8.287557
0.087461,-0.119133,-0.062494,-0.070832,1.054891,-7.031875
0.144467,-0.142704,-0.056730,0.471864,3.596187,-4.579695
0.231429,-0.144628,-0.051514,0.320113,3.098927,0.133111
0.269876,-0.167854,-0.028087,1.356661,4.638699,0.608396
0.277252,-0.157863,-0.063852,0.568856,3.943873,0.797609
0.259786,-0.164910,-0.036470,1.589787,3.103418,-0.391461
0.283557,-0.139284,-0.073857,1.432508,3.072198,-1.403112
0.283022,-0.122967,-0.039884,1.560698,0.571306,-1.512782
0.253871,-0.151048,-0.081998,1.571723,0.440169,0.413718
0.242071,-0.185448,-0.060478,1.617188,-0.598874,4.635676
0.220715,-0.153612,-0.060245,2.192459,-1.138175,7.062885
0.238611,-0.153868,-0.046183,1.557999,-1.285471,6.294092
0.219225,-0.219776,-0.037888,2.467638,-1.933392,4.269307
0.233855,-0.257051,-0.071901,1.660789,-1.081635,3.168289
0.193973,-0.282109,-0.039490,2.376013,-1.736583,0.792069
0.111725,-0.304026,-0.064568,2.167706,0.132253,-1.044464
0.084970,-0.334021,-0.047611,2.420713,-0.172249,-0.569085
0.080476,-0.382995,-0.063971,2.531666,2.351539,0.787954
0.076337,-0.409754,-0.061226,2.027940,3.307408,1.368733
0.076875,-0.441964,-0.052692,2.558401,4.391883,-0.627998
0.088085,-0.472862,-0.067959,1.354725,5.621612,-0.225364
0.118218,-0.494542,-0.025415,1.986125,4.878163,-2.759856
0.191294,-0.469885,-0.057580,0.857494,5.083568,-3.276422
0.207159,-0.536420,-0.043918,1.579253,4.505780,-2.727846
0.186322,-0.586093,-0.053529,0.310795,2.474447,-0.064104
0.144336,-0.584672,-0.050687,1.036568,0.176648,0.208542
0.137105,-0.574746,-0.089127,0.443874,0.565138,-1.168114
0.099659,-0.576859,-0.029331,0.282487,-5.272147,-3.833848
0.097141,-0.642669,-0.086836,0.697600,-3.132565,-5.707612
0.101792,-0.681504,-0.072187,0.713527,-3.797574,-4.250025
0.105327,-0.682163,-0.061496,1.619283,-2.605648,-5.415113
0.162110,-0.676304,-0.086180,0.996243,-0.103573,-5.982952
0.163578,-0.698464,-0.053808,1.729162,0.422263,-7.122473
0.156967,-0.665804,-0.074383,1.210586,2.129125,-5.651593
0.117354,-0.654509,-0.057737,1.462543,3.152244,-6.304947
0.066142,-0.657191,-0.057944,1.344805,3.762929,-7.984330
0.046145,-0.617420,-0.065599,1.486564,4.185936,-6.699223
-0.031206,-0.577933,-0.076887,0.930729,4.076467,-5.246929
-0.151582,-0.557368,-0.046055,1.619703,1.558830,-4.846743
-0.188493,-0.556777,-0.100704,1.603894,2.251428,-3.145577
-0.180232,-0.563175,-0.076926,1.755074,0.604340,0.327894
-0.214750,-0.512126,-0.057061,2.497702,-0.375875,-0.517532
-0.271152,-0.449878,-0.052945,0.892259,-1.962339,-0.532406
-0.347984,-0.473354,-0.060869,2.793007,-2.344117,-0.496225
-0.376013,-0.464997,-0.085326,1.975765,-3.658428,0.907316
-0.419301,-0.460270,-0.047729,2.692325,-4.848821,0.658536
-0.492398,-0.438248,-0.090611,2.350130,-3.878010,-0.595170
-0.562813,-0.419246,-0.056904,2.484625,-6.424079,-0.503460
-0.605705,-0.372547,-0.084634,1.540264,-3.105905,-0.378318
-0.601881,-0.304584,-0.065700,1.884356,-2.043472,0.409119
-0.591616,-0.289711,-0.096920,1.949742,0.627855,0.300890
-0.591761,-0.306153,-0.081614,1.016781,0.768157,3.164172
-0.599064,-0.274471,-0.063091,1.219925,1.729566,4.359836
-0.594725,-0.212430,-0.066560,0.085701,1.619034,5.520999
-0.592270,-0.202471,-0.051701,0.991720,1.865702,3.875282
-0.572949,-0.218309,-0.080412,-0.249360,0.659971,3.796819
-0.579954,-0.216641,-0.046196,0.757360,-0.861938,2.686501
-0.568616,-0.185724,-0.104699,0.246064,-1.518462,2.489506
-0.588170,-0.229945,-0.050352,1.095727,-4.842292,1.681514
-0.553957,-0.195830,-0.104407,-0.370880,-4.264806,2.792876
-0.534023,-0.182520,-0.063889,1.235546,-5.068521,2.097711
-0.547001,-0.161805,-0.074366,0.368831,-5.726397,1.797522
-0.539892,-0.192420,-0.070618,1.191988,-5.598897,1.082124
-0.539751,-0.209196,-0.106081,0.463086,-3.073077,1.393382
-0.519852,-0.142914,-0.084456,0.573274,-3.540677,0.085470
-0.529286,-0.121470,-0.077212,0.605613,-1.884907,-2.419356
-0.539682,-0.117528,-0.076848,0.112883,-0.819638,-3.253845
-0.536934,-0.153415,-0.063193,0.268651,0.672510,-4.349605
-0.527793,-0.137259,-0.055239,-0.451756,0.803364,-3.812089
-0.507921,-0.118814,-0.058729,0.411155,2.896946,-4.498851
-0.496974,-0.111580,-0.064456,-0.261348,2.674396,-4.280943
-0.473961,-0.090910,-0.053766,-0.099301,3.050088,-4.244090
-0.429260,-0.048157,-0.057123,-1.245577,2.296532,-3.005140
-0.426756,-0.080804,-0.046265,-0.299487,0.411608,-4.006996
-0.380116,-0.075762,-0.062421,-0.960862,-0.555405,-1.736210
-0.367524,-0.080650,-0.072479,-0.363366,-1.390001,-0.992891
-0.326234,-0.027149,-0.059411,-0.499259,-3.161342,-0.553248
-0.313206,-0.036343,-0.056670,0.113861,-3.813700,-1.229817
-0.282821,-0.072549,-0.056611,-0.179947,-5.245562,-0.069786
-0.232902,-0.095384,-0.072196,1.287996,-4.659700,-0.196769
-0.187085,-0.082944,-0.081574,0.573212,-2.151907,-1.505802
-0.159844,-0.081273,-0.050910,1.400646,-2.477003,-3.661770
-0.053707,-0.073015,-0.083915,0.704949,0.210050,-4.184277
0.024671,-0.086634,-0.053316,1.566744,2.368060,-4.109833
0.103223,-0.052739,-0.088704,0.274330,4.638269,-3.413637
0.147441,-0.094042,-0.038945,1.572232,5.135900,-2.727737
0.193858,-0.108078,-0.054104,0.220527,5.473341,-0.896759
0.315226,-0.062974,-0.039956,1.079341,6.434088,-0.407375
0.365467,-0.024244,-0.057143,-0.294303,4.973876,-0.059862
0.397422,-0.045718,-0.043446,0.532579,5.259655,-1.176820
0.428615,-0.064878,-0.071855,-1.110820,2.626995,-0.226618
0.468811,-0.062153,-0.038650,0.180239,0.936214,0.803901
0.535448,-0.021277,-0.091980,-0.666765,-0.475690,0.850280
0.569655,-0.057715,-0.041332,0.089515,-0.965801,1.418488
0.594654,-0.068931,-0.088074,-0.469668,-1.867562,1.689326
0.614407,-0.084756,-0.054386,0.427603,-4.148654,0.969140
0.661934,-0.073514,-0.086386,-0.145534,-0.226032,-1.005913
0.742810,-0.086519,-0.072548,0.556925,1.353169,-1.572191
0.783131,-0.087989,-0.070237,0.468502,3.832240,-3.015121
0.824378,-0.055992,-0.054255,0.325966,4.585708,-3.989745
0.864289,-0.078828,-0.057297,0.635211,7.169853,-4.858527
0.891662,-0.132191,-0.055814,0.135562,7.363838,-4.236293
0.953250,-0.135371,-0.053109,1.355696,8.829375,-4.685461
0.971146,-0.085659,-0.067361,0.109913,9.048917,-5.227109
0.947693,-0.087093,-0.037238,0.877255,7.766712,-6.719247
0.964466,-0.081841,-0.088792,-0.029050,6.668254,-6.539786
0.995111,-0.083968,-0.064122,0.647527,4.969369,-6.331783
1.017208,-0.043217,-0.081558,-0.350932,3.511993,-5.549073
1.018856,-0.045209,-0.074832,0.124660,1.057336,-3.981744
1.030863,-0.038379,-0.102057,-1.055143,1.590036,-0.956550
1.054372,-0.020995,-0.056890,-0.732637,-0.550967,0.742349
1.116476,0.026279,-0.114822,-1.126004,2.293286,0.374152
1.127626,0.001759,-0.091031,-0.791760,2.296246,0.465845
1.144961,0.002563,-0.089859,-0.747411,3.788384,0.378762
1.176475,0.031915,-0.111271,-0.827460,4.598555,1.546989
1.187180,0.042104,-0.081633,0.161299,6.670601,0.683845
1.182016,0.036546,-0.089439,-1.174364,7.102540,0.779406
1.182036,0.003827,-0.068212,0.312459,5.703673,0.839945
1.202656,0.008357,-0.088963,0.236874,9.012147,1.268080
1.215911,0.034780,-0.053519,0.591985,8.367615,0.712173
1.204593,0.029729,-0.084309,0.485588,8.655619,0.645904
1.193781,0.019678,-0.069331,0.848694,7.561103,2.775195
1.171706,0.036747,-0.102149,1.824793,6.518003,4.768666
1.139840,0.033356,-0.090292,1.448474,4.015696,6.363202
1.093410,-0.010750,-0.072531,2.458750,2.687733,7.382786
1.064590,-0.023283,-0.087200,1.888127,0.252886,10.258615
0.980048,-0.041586,-0.062786,2.725861,-0.917969,9.804222
0.958111,-0.050937,-0.103508,3.000549,0.184313,9.746353
0.924105,-0.152204,-0.082759,3.644576,1.215409,7.761702
0.933516,-0.185560,-0.089583,3.283584,3.184179,5.745743
0.929597,-0.218584,-0.077455,3.843863,3.806710,2.433733
0.892909,-0.246823,-0.091901,3.116212,6.007230,-0.711908
0.875808,-0.304463,-0.071031,3.285094,6.634960,-0.847620
0.872548,-0.359720,-0.074205,2.773211,8.502257,-0.550779
0.847772,-0.386832,-0.057704,2.219500,7.990387,-0.643475
0.793425,-0.438216,-0.072521,2.629325,8.256130,-2.625048
0.722629,-0.470768,-0.074501,0.911343,6.682913,-2.455015
0.675441,-0.516614,-0.048369,1.471573,5.797863,-4.790629
0.690750,-0.506573,-0.098272,0.576245,4.073854,-4.965326
0.685534,-0.587971,-0.053444,0.948592,2.384813,-4.502222
0.663138,-0.616091,-0.085428,-0.372681,1.739594,-3.546445
0.651794,-0.631939,-0.070017,0.089965,0.965622,-2.623246
0.624944,-0.657394,-0.081308,-0.361074,0.877580,-4.040092
0.652736,-0.672162,-0.075505,0.209893,0.658228,-4.922975
0.633265,-0.736215,-0.080425,-0.074974,1.136469,-5.995640
0.564882,-0.734797,-0.076812,0.130494,0.243338,-6.558462
0.515192,-0.733520,-0.089744,1.023205,1.953347,-9.182487
0.507528,-0.751049,-0.103078,0.843649,2.979837,-10.489706
0.493210,-0.770924,-0.059096,2.018086,3.824642,-11.603008
0.501944,-0.749985,-0.079736,1.674326,4.520739,-10.604802
0.472133,-0.769509,-0.062146,3.011207,6.654110,-10.875456
0.430519,-0.754929,-0.070864,1.672527,5.139061,-10.098379
0.509648,-0.737128,-0.052206,3.047682,7.147565,-9.764671
0.532533,-0.670691,-0.074238,1.823775,6.434420,-8.390304
0.461012,-0.653206,-0.039795,3.015379,5.188400,-8.687242
0.439391,-0.604934,-0.084102,1.782354,3.764357,-5.447361
0.433394,-0.568164,-0.049311,2.357388,1.755019,-2.873397
0.435400,-0.457067,-0.059480,1.049924,0.292426,-1.322869
0.409629,-0.396713,-0.051740,1.457563,-2.959958,-1.845848
0.342447,-0.363373,-0.089203,0.912006,-1.598271,-0.280560
0.326304,-0.328927,-0.062333,1.091864,-2.030729,1.515981
0.360813,-0.249787,-0.091930,0.525696,-1.278535,1.671066
0.404075,-0.191662,-0.076102,0.096034,-1.036282,1.818392
0.370539,-0.162465,-0.066331,0.276943,1.069284,1.470964
0.375085,-0.079668,-0.095741,-0.652175,2.564126,4.014256
0.378945,-0.032677,-0.056972,0.273365,4.078889,4.217179
0.387164,0.003302,-0.076332,-0.553695,5.795818,4.166193
0.398367,0.014790,-0.068343,0.749600,5.720069,4.461241
0.378279,0.073901,-0.075676,-0.033727,6.606216,3.882356
0.351123,0.122386,-0.032952,0.699028,4.688553,1.191999
0.401850,0.150024,-0.080918,0.144181,4.869986,0.987490
0.454323,0.156313,-0.026830,0.159159,2.899411,3.318959
0.446678,0.179093,-0.063839,0.730539,2.632933,4.536989
0.457782,0.248156,-0.061640,0.895840,0.906268,4.948465
0.465073,0.251376,-0.087440,1.165790,0.085222,3.927880
0.528942,0.255866,-0.089226,0.807355,-0.952097,5.507440
0.539893,0.282306,-0.059868,1.254249,-1.500209,4.070739
0.548250,0.297005,-0.091661,0.529775,-1.080844,2.165271
0.548903,0.260521,-0.068576,0.941748,-0.213608,-0.087293
0.609687,0.284262,-0.086347,-0.371034,0.539597,-0.100228
0.669322,0.303668,-0.053431,0.315413,3.190835,-0.577940
0.702485,0.307784,-0.070503,-1.166165,4.644880,0.653326
0.733176,0.289987,-0.055190,-0.463608,7.218722,0.442092
0.750264,0.291536,-0.082319,-2.493340,7.311943,0.420212
0.769850,0.290693,-0.023623,-1.519014,6.836777,-1.002010
0.818414,0.313788,-0.076618,-2.445302,7.501238,-1.013684
0.844992,0.248976,-0.037839,-1.518801,7.186219,-1.171427
0.891166,0.275009,-0.058108,-3.195749,6.043067,0.034886
0.916385,0.275426,-0.017435,-2.409661,5.014542,-0.613637
0.913306,0.266209,-0.053756,-3.011502,3.575711,-1.392967
0.987217,0.231927,-0.053043,-1.706595,2.031012,0.525079
1.040284,0.215702,-0.079930,-1.905498,2.055348,2.402104
1.057996,0.218984,-0.047450,-1.196787,1.393359,1.483475
1.040405,0.192052,-0.080698,-1.093587,1.736213,0.003590
1.061022,0.155236,-0.048405,-0.389530,1.759351,0.329252
1.188831,0.144896,-0.064808,0.228005,3.606970,0.946636
1.283027,0.128379,-0.036339,0.388657,4.966582,1.884832
1.300437,0.061962,-0.031868,1.330615,6.818127,0.745209
1.371009,0.020476,-0.031760,1.580146,7.235640,1.038977
1.460784,0.002379,-0.020409,2.743613,10.682235,-0.766490
1.548980,-0.020319,-0.007696,2.482761,9.531951,-1.885759
1.608375,-0.069706,-0.020836,3.356923,12.082231,-2.963391
1.631195,-0.104480,-0.043360,2.247272,10.569812,-1.886057
1.654346,-0.117998,-0.008849,3.343045,9.921481,-1.722391
1.747869,-0.089913,-0.047759,1.805676,8.868488,-1.202423
1.820624,-0.169020,-0.020892,2.800826,7.362453,-1.752300
1.857545,-0.206962,-0.033510,1.230101,6.009600,0.335231
1.891512,-0.220292,-0.015742,2.399295,5.167960,-0.598382
1.914440,-0.222268,-0.061460,1.119584,5.555947,-2.208283
1.938365,-0.282786,-0.020068,1.161472,3.895050,-3.238497
1.978165,-0.284762,-0.070010,0.552868,5.815516,-2.444123
1.942406,-0.329049,-0.030765,0.939126,5.311727,-2.513054
1.905630,-0.352984,-0.047883,0.196569,7.108622,-3.461651
1.918572,-0.406655,-0.047004,0.251882,7.862254,-3.973352
1.945432,-0.427637,-0.051940,0.183712,10.574768,-5.703643
1.953688,-0.414980,-0.034271,0.198693,10.886633,-7.918855
1.950195,-0.431277,-0.047165,-0.171940,13.921844,-9.355198
1.937748,-0.478623,-0.018309,0.253257,13.117522,-8.210283
1.968124,-0.462477,-0.047736,0.357291,14.569692,-8.824670
1.991012,-0.434494,-0.045445,0.750395,13.557838,-8.231864
1.957190,-0.443186,-0.036900,0.198982,11.934922,-8.624215
1.934121,-0.455777,-0.063905,1.165296,10.745994,-8.120778
1.948314,-0.430207,-0.065001,0.656078,9.995254,-8.129660
1.978194,-0.368326,-0.047467,0.929987,6.993139,-7.874716
1.995486,-0.330539,-0.065382,0.577312,6.396661,-6.993689
1.959990,-0.303895,-0.051885,0.429570,4.650907,-4.303460
1.942875,-0.222619,-0.068632,0.171646,5.072631,-1.476675
1.960220,-0.165055,-0.063157,0.076616,2.894077,0.894027
2.007365,-0.142219,-0.073378,0.005689,6.473408,2.205949
2.067185,-0.104586,-0.078824,0.436122,7.158699,4.260333
2.019898,-0.079862,-0.073664,0.547646,9.045074,4.751105
1.978657,-0.039117,-0.054911,0.955882,10.012690,4.010236
2.010136,-0.018481,-0.101896,1.332769,11.159735,2.583817
2.040131,-0.000132,-0.068399,1.259600,11.358634,3.782817
1.993146,0.061460,-0.080954,1.586445,12.516176,3.166034
1.897059,0.087838,-0.049554,1.704472,10.205363,5.178281
1.836843,0.081371,-0.063107,2.111767,10.743532,7.110847
1.888817,0.116168,-0.082507,2.237543,9.128569,10.311886
1.874627,0.150250,-0.088284,2.623594,10.576876,9.942686
1.766375,0.158177,-0.063337,2.436154,6.548937,8.572737
1.695902,0.141565,-0.080616,2.141013,5.848301,8.175127
1.683973,0.133703,-0.058262,2.111885,4.363227,10.643180
1.694818,0.153637,-0.093069,1.938260,5.096691,10.349575
1.601663,0.119093,-0.082986,2.237697,4.516084,10.407269
1.492295,0.084732,-0.078259,1.824310,4.994151,10.280643
1.465501,0.064785,-0.050788,1.789727,5.011341,10.202511
1.473969,0.054806,-0.059231,0.886833,6.666819,7.895744
1.482346,0.014820,-0.019323,1.096679,4.263517,6.173168
1.421995,-0.063772,-0.049439,1.392493,9.256601,5.271097
1.363745,-0.087612,-0.030086,1.224616,8.924529,5.173554
1.342045,-0.106220,-0.039871,1.016798,9.925118,3.676772
1.332834,-0.165311,-0.020807,1.023035,8.842291,2.237998
1.283726,-0.219536,-0.041571,0.773333,8.933619,0.548496
1.205866,-0.256142,-0.028008,0.535215,7.696940,-0.499142
1.148585,-0.290706,-0.023094,0.823971,6.220752,-4.060211
1.199321,-0.325490,-0.006495,0.465578,5.208235,-4.344419
1.217936,-0.392715,-0.009042,0.935613,4.614032,-4.404660
1.197329,-0.411352,-0.007142,0.699744,3.597684,-2.321040
1.132599,-0.429189,-0.067608,1.017415,3.772828,-2.649522
1.099289,-0.493541,-0.027887,0.694272,1.935139,-2.851966
1.087246,-0.521570,-0.022464,1.080704,2.858643,-4.195728
1.074956,-0.514329,-0.031455,1.000225,2.841220,-5.194581
1.019404,-0.539978,-0.011133,1.190314,3.784031,-9.381573
0.982267,-0.543244,-0.016296,0.423776,4.629482,-10.256672
1.030620,-0.569553,0.007255,1.052363,7.217750,-10.532041
1.063766,-0.555271,0.010856,0.111974,7.818811,-9.543521
1.094677,-0.563037,0.022653,1.519986,9.409178,-8.658995
1.072714,-0.567219,0.002932,0.302405,8.747114,-6.280616
1.012774,-0.569973,0.044905,1.506935,8.378982,-5.646306
1.010036,-0.486934,0.017289,0.548306,6.960384,-5.508733
0.990004,-0.458455,0.014841,0.771370,6.742591,-7.183129
0.980855,-0.453085,0.022295,0.345585,3.768932,-6.130149
0.988343,-0.429895,0.014424,1.413523,3.066999,-4.516393
0.952640,-0.381748,-0.002878,0.754163,2.428900,-0.839197
0.941207,-0.369580,0.042869,1.994938,1.426762,0.153416
1.030663,-0.324762,0.004964,1.865013,2.019672,2.938668
1.059237,-0.303908,0.014769,2.331073,2.834045,2.558405
1.026350,-0.263803,0.009234,1.653492,2.053281,2.567814
1.019802,-0.243222,-0.003154,2.867000,4.940795,-0.249589
1.077398,-0.221312,0.021767,2.184496,5.167694,-1.482226
1.130013,-0.182412,0.006933,2.593543,7.090861,-2.898624
1.151486,-0.129181,0.012829,2.562153,7.233312,-2.324486
1.129261,-0.136763,-0.001749,1.974587,8.515390,-1.115010
1.159075,-0.117311,0.014384,2.110293,8.114493,1.280410
1.256990,-0.036416,-0.013628,1.851972,9.472880,1.359731
1.276803,0.021047,0.012950,1.330861,8.300830,-0.894756
1.247708,0.077810,-0.004457,-0.009509,7.449458,-1.473018
1.275155,0.108399,0.006067,-0.005298,5.955013,-0.545187
1.356931,0.179907,-0.010513,-0.874934,5.404078,2.010366
1.408547,0.227404,0.022026,-0.976089,3.233704,2.481785
1.425393,0.252258,-0.017426,-2.399091,4.351424,4.679866
1.406870,0.270013,-0.009206,-2.083294,3.994947,4.216756
1.482080,0.353341,-0.036907,-3.309062,4.129311,4.520212
1.551852,0.398150,-0.024004,-2.764811,5.092355,2.604112
1.564220,0.415090,0.003099,-2.727735,4.686219,2.661732
1.573516,0.451040,-0.035341,-3.013590,6.459553,2.133177
1.575794,0.491227,-0.013897,-2.675213,6.314134,1.529976
1.597034,0.506618,-0.022405,-2.775991,7.630851,0.843192
1.671460,0.517132,-0.022290,-1.486111,7.540932,3.376875
1.683156,0.517982,-0.011350,-1.068079,9.122956,4.430991
1.654493,0.570868,-0.034104,-2.200720,8.852864,4.658305
1.657277,0.557657,-0.007982,-0.162284,9.695200,2.991486
1.733965,0.545810,0.011686,0.268852,8.895978,3.657423
1.777365,0.563086,-0.009682,-0.100498,8.723890,4.586442
1.798287,0.579124,-0.007765,0.919519,6.816367,5.826528
1.791007,0.544638,-0.024437,1.116827,7.961038,6.090213
1.838412,0.534220,0.019187,1.094063,5.402608,8.300143
1.915710,0.533951,-0.024476,1.081639,7.510511,8.478487
1.956271,0.520319,-0.004145,1.170150,6.670039,8.934560
1.985002,0.488699,0.002988,1.881139,7.584159,8.650420
2.026407,0.437916,-0.024266,1.155248,6.882163,9.065205
2.090460,0.419958,-0.030900,1.025112,9.533487,7.958716
2.110903,0.383933,0.009914,0.998945,7.925611,6.857591
2.154097,0.317070,-0.055929,0.593127,10.017007,6.139321
2.153431,0.244594,0.001622,0.346747,8.428802,6.751408
2.138292,0.219536,0.009671,0.130504,9.216817,6.216719
2.146383,0.182339,-0.008402,0.068190,9.695754,5.519900
2.131218,0.080682,-0.008658,-0.204088,9.704939,5.387679
2.159877,0.005635,-0.008875,0.581960,11.308406,5.508976
2.159588,-0.046155,-0.021335,-0.354020,10.887398,4.514461
2.133739,-0.107277,0.020050,0.696688,10.811284,2.080277
2.147916,-0.168061,-0.020898,-0.808667,10.422460,0.675796
2.180238,-0.243515,0.020086,0.783227,10.217301,-0.978249
2.217504,-0.272958,-0.013313,-0.273702,10.540769,-1.611682
2.181049,-0.368809,0.027751,1.245788,10.059242,-4.686880
2.219483,-0.420964,-0.008153,1.660658,10.925507,-3.105508
2.246964,-0.471887,-0.001371,2.021070,10.986248,-3.486200
2.242578,-0.485020,0.011578,1.700035,9.520669,-4.572999
2.231365,-0.565545,-0.001650,2.630783,10.310729,-7.443040
2.240008,-0.634988,-0.004598,2.213549,10.017545,-8.840422
2.285542,-0.669697,0.023339,4.052847,10.770352,-10.370266
2.290384,-0.655678,0.006546,2.523680,9.619730,-10.256395
2.255403,-0.681044,0.019732,2.788954,8.869223,-12.057827
2.288516,-0.691975,-0.025103,1.961661,10.966971,-10.805379
2.319026,-0.704028,0.012261,2.571955,10.750326,-9.753616
2.329635,-0.678044,0.010721,1.896869,10.411884,-9.961778
2.293515,-0.666385,0.003365,1.479882,11.070613,-9.306037
2.262490,-0.629100,-0.032699,0.208301,10.806932,-7.676449
2.244774,-0.591076,0.019357,1.102158,9.952566,-6.305159
2.234392,-0.550009,-0.032673,0.150517,11.636988,-4.390429
2.154501,-0.572954,0.006605,0.753563,9.265660,-4.098836
2.079054,-0.530869,-0.013014,0.475626,9.561221,-2.304018
1.991823,-0.471510,-0.004109,0.362067,7.675916,-2.340204
1.934659,-0.415800,-0.021342,0.433791,9.723258,-3.275315
1.883030,-0.396798,-0.001122,0.573436,6.639726,-2.220974
1.816843,-0.371244,-0.029912,0.568624,7.358593,-0.257580
1.742489,-0.328340,0.000267,1.399196,7.265218,2.353712
1.682322,-0.248458,-0.006968,0.748347,8.229161,3.592760
1.674927,-0.211744,-0.012968,1.714356,8.610607,5.187965
1.644955,-0.200331,-0.005313,1.989210,9.622766,5.366378
1.573847,-0.132870,0.006060,2.043033,9.898668,4.704280
1.521437,-0.093103,0.001468,3.112073,9.602720,2.760730
1.500639,-0.032451,0.015852,1.869913,7.144874,4.446514
1.496576,0.027959,0.008302,2.266530,8.737614,5.529438
1.470336,0.109029,0.004688,1.251213,6.384336,7.762020
1.397364,0.129794,0.022968,1.790304,5.888156,8.576115
1.432282,0.174080,-0.024795,1.381976,5.647583,11.901813
1.433271,0.203682,-0.012594,1.358798,5.331675,13.958169
1.407231,0.266091,-0.003636,0.654381,4.262985,14.734024
1.345242,0.267200,-0.026259,1.359369,3.949604,13.355004
1.326867,0.239890,-0.027706,0.923961,3.222042,13.177165
1.340102,0.243862,-0.009318,1.335792,3.623369,9.852387
1.336892,0.264049,-0.032669,1.125184,3.380787,7.890161
1.296078,0.226005,-0.019211,1.722354,5.298738,5.737337
1.262935,0.219684,-0.011514,0.137846,5.588174,6.295373
1.264153,0.204643,0.003185,0.922086,6.117612,6.413049
1.278274,0.206852,-0.023108,0.033438,7.823829,6.153133
1.232050,0.131563,0.019219,1.446794,7.999204,3.938878
1.204498,0.129669,0.007498,-0.013845,6.814916,3.859708
1.154762,0.101572,0.005020,0.878794,7.198857,1.052573
1.121921,0.074935,0.011296,0.132506,6.360742,0.544441
1.053289,0.003358,0.026736,0.204818,5.145761,-0.606127
1.014179,-0.025449,-0.000127,-0.216923,3.711555,0.537195
0.929646,-0.045492,-0.002136,-0.137445,3.602457,0.577971
0.836687,-0.080729,0.025118,-0.571669,1.148289,1.190414
0.796622,-0.123978,-0.001926,-0.385086,1.842610,1.435782
0.775280,-0.153251,0.015028,-0.939043,1.094267,2.228130
0.722626,-0.193602,0.006933,-0.136923,1.916088,0.647842
0.651236,-0.222057,0.026126,-0.607559,2.263947,-0.550906
0.604675,-0.268651,0.021760,-0.099405,3.628848,-1.555908
0.585670,-0.290499,0.023831,-0.139539,3.989597,-0.655151
0.563060,-0.343810,0.029966,0.810822,4.936161,-2.385456
0.528217,-0.356933,0.054437,0.437083,4.876571,-3.212854
0.511552,-0.400898,0.023355,0.514526,6.290954,-5.213711
0.555865,-0.406219,0.036492,0.836159,7.036379,-3.950506
0.574174,-0.435252,0.047248,1.551652,6.739673,-4.554658
0.618392,-0.458393,0.040063,1.238166,6.120730,-3.517235
0.648722,-0.499190,0.048975,1.786943,5.355203,-3.181542
0.681481,-0.486599,0.034788,1.875254,4.264528,-2.608743
0.718205,-0.472009,0.043083,2.524412,3.801865,-3.455122
0.772201,-0.464521,0.038940,1.237273,2.158988,-1.730419
0.770484,-0.497726,0.040388,2.439853,1.363706,-1.153333
0.800121,-0.452783,0.027662,1.738455,-0.172212,-0.490063
0.831741,-0.453328,0.023122,2.506362,0.960885,-0.988829
0.888222,-0.482749,0.040286,1.794033,0.347562,-0.736663
0.949961,-0.495363,0.045988,2.470715,1.502074,-1.602766
0.991569,-0.478905,0.034634,1.732133,2.867148,-3.681632
0.991047,-0.485650,0.051781,2.571351,4.343467,-5.486721
1.016493,-0.472951,0.020464,1.648976,5.236701,-6.437154
1.037507,-0.472442,0.028607,2.406559,5.987181,-6.900953
1.049511,-0.447003,0.017998,1.432663,7.222185,-6.923726
1.021331,-0.423428,0.046057,1.768168,6.414833,-6.951053
1.032866,-0.392176,0.005903,0.780535,7.019698,-6.979135
1.078432,-0.376279,0.037532,0.926134,7.119077,-7.453164
1.114575,-0.314684,0.037023,-0.271687,6.076772,-7.746495
1.144258,-0.283619,0.022161,0.110431,6.071267,-6.768502
1.127206,-0.244345,-0.001463,-1.073058,5.314199,-4.679868
1.109957,-0.190726,0.033364,-1.079672,3.786217,-3.072760
1.148207,-0.093819,-0.005363,-1.297876,4.043377,-3.040783
1.164084,-0.050343,0.003310,-1.997383,2.929665,-1.753424
1.157565,-0.026746,0.001875,-1.552783,3.380974,-0.955936
1.221497,0.044966,-0.028074,-2.087926,3.403692,1.541498
1.273173,0.077469,0.008919,-1.086890,5.175335,0.957100
1.345669,0.143679,0.002801,-2.050795,5.011604,0.824967
1.398680,0.157885,-0.005015,-0.864696,7.321062,0.897713
1.408409,0.210598,-0.003186,-1.056686,7.496393,2.628014
1.408107,0.277986,0.008781,-0.693628,8.483836,2.454365
1.454199,0.325053,0.026707,-0.552556,8.464020,3.838527
1.501276,0.361964,0.010938,-0.310065,8.536164,4.346679
1.545924,0.433420,0.022732,0.118555,7.951296,5.820215
1.532423,0.464219,-0.018466,0.404541,7.950016,6.722825
1.581384,0.471030,-0.011783,0.374343,7.659730,8.826955
1.657231,0.482558,0.035313,0.635999,6.297555,11.663991
1.741892,0.557775,0.013245,0.420418,4.629774,13.972820
1.747885,0.549398,-0.003485,1.470109,6.466738,13.754000
1.745132,0.531374,-0.004815,0.803032,5.988697,15.630295
1.819242,0.501136,-0.012446,2.278268,6.435667,15.644661
1.905318,0.489211,-0.001621,1.601105,6.413500,15.344206
1.899603,0.441212,0.012061,2.556196,6.831811,11.905606
1.885735,0.378251,0.005082,1.965721,6.725220,10.465880
1.905935,0.298875,0.021041,2.379535,7.960428,8.933653
1.983417,0.283619,0.002138,3.003753,8.033098,8.920542
2.004602,0.197297,0.018556,2.152108,9.474981,6.983801
1.978349,0.115541,0.033738,1.717530,9.572003,6.457042
1.965757,0.053178,-0.010572,2.269751,9.695922,5.600418
1.970737,-0.011591,0.011594,1.570903,9.964957,4.182721
1.955099,-0.103512,0.040211,1.457836,9.021795,1.019988
1.955404,-0.196927,0.019213,0.398193,9.016241,-0.195983
1.905669,-0.284631,0.029067,1.099588,8.324450,-1.199756
1.870688,-0.318230,0.013268,0.182928,7.467038,-1.531211
1.869579,-0.419559,0.034171,0.505962,7.716021,-2.361177
1.893508,-0.505513,0.009438,-0.343972,8.112336,-1.545660
1.886949,-0.592428,0.012038,0.632221,7.817005,-2.817903
1.856281,-0.638337,0.011148,-0.270262,7.358488,-5.430455
1.795507,-0.714880,0.031627,0.270392,7.658119,-9.618102
1.823450,-0.763069,0.015021,-0.146462,8.058852,-11.894826
1.840801,-0.798940,0.042275,0.349548,8.079489,-13.629893
1.810632,-0.815171,0.014151,-0.116056,8.484647,-14.917181
1.759390,-0.877003,0.025903,0.689296,8.350159,-13.860900
1.768102,-0.877278,-0.008110,0.345061,10.209295,-10.322099
1.777329,-0.896277,0.018944,1.522350,9.101453,-9.316602
1.759065,-0.901175,0.013272,1.288821,9.867748,-9.108414
1.732025,-0.942343,0.021369,2.624980,8.306847,-9.561066
1.687170,-0.941020,-0.001670,2.300563,8.208466,-9.670333
1.649166,-0.910736,0.036715,3.195188,7.192558,-10.900048
1.618840,-0.879264,0.006789,2.546372,7.088150,-11.022071
1.582178,-0.894039,0.041507,3.826877,6.655777,-9.504965
1.560163,-0.842691,-0.008747,2.928769,6.226274,-5.639274
1.504998,-0.809079,0.034191,4.181636,4.701397,-2.594388
1.464191,-0.781477,-0.007385,3.632521,6.510297,-2.347307
1.417800,-0.760138,0.041353,4.159296,5.309512,-3.516261
1.420646,-0.698884,-0.004086,3.355148,6.852901,-4.500928
1.382078,-0.646244,0.027156,3.927976,6.509765,-5.279206
1.273189,-0.628502,0.009346,2.840869,6.453816,-6.510383
1.257896,-0.577273,0.001718,3.421483,6.909080,-2.992900
1.246910,-0.534158,0.004370,2.412661,7.137511,0.286998
1.234529,-0.441426,0.016423,2.587497,6.154011,2.681342
1.154529,-0.422549,-0.001585,1.775192,6.481519,2.101273
1.107613,-0.378758,0.013085,1.140960,4.793956,3.377132
1.100894,-0.321272,0.008072,0.702294,5.716495,2.498465
1.044705,-0.252039,0.053541,-0.302109,-2.392697,2.338314
1.040011,-0.191928,0.010091,0.192121,4.812314,2.257150
0.987552,-0.148649,0.006520,-0.547176,3.567463,4.645700
0.975177,-0.100925,-0.035321,-0.001158,4.510346,6.046300
0.939848,-0.061060,-0.006088,-0.293397,2.702603,7.183066
0.921847,-0.028699,-0.002353,0.246200,5.252568,5.757754
0.870011,-0.017840,0.000792,-0.183209,2.510632,5.681867
0.811048,0.027569,-0.005569,-0.102602,3.128699,2.965184
0.775769,0.030881,0.012182,0.836927,2.696067,-0.378677
0.718930,0.042911,-0.004726,-0.115808,2.654820,-1.574832
0.712444,0.060764,0.038491,0.883511,-1.402539,-0.867253
0.702672,0.107930,-0.008596,0.325434,4.151894,1.238519
0.643578,0.133756,0.039311,1.258831,3.946190,1.442520
0.606139,0.161690,-0.006584,0.130861,4.388578,2.653601
0.591230,0.156392,0.046608,0.940691,4.093634,3.848839
0.583667,0.208586,0.029979,0.044257,3.657730,3.005498
0.558652,0.192919,0.036961,0.421544,3.914196,2.192191
0.541856,0.207601,0.034204,-1.177000,2.171494,2.047648
0.570862,0.223284,0.016062,-0.091682,3.218234,1.977749
0.580690,0.270168,0.019915,-1.332742,3.255175,3.475617
0.566149,0.248756,0.040687,-0.361997,1.793502,4.385172
0.561773,0.217714,0.000989,-1.189181,2.752217,6.544728
0.557572,0.197143,0.042991,-0.531978,0.686056,8.297324
0.560716,0.203708,0.006815,-0.322687,0.551778,7.027473
0.540195,0.152623,0.035642,0.129656,0.199717,5.815170
0.514145,0.085146,0.027009,-0.021851,1.457150,4.412798
0.548010,0.034331,0.020631,1.422356,1.438273,4.994765
0.584974,-0.004330,0.022180,1.378782,3.079712,3.931752
0.570725,-0.078135,0.056712,2.204463,2.901131,2.737788
0.596610,-0.124523,0.028932,2.099146,3.998466,1.753265
0.621721,-0.178801,0.063877,2.638545,4.012998,1.637786
0.657253,-0.233086,0.035599,2.222559,5.765905,0.131083
0.708318,-0.311169,0.045666,3.911373,5.799609,-1.666832
0.726854,-0.382618,0.037536,2.224262,5.544042,-2.517097
0.742944,-0.415124,0.087156,3.138323,5.007583,-4.556019
0.796809,-0.422152,0.057742,1.602241,4.069902,-4.055085
0.821250,-0.503628,0.091624,2.332865,4.351532,-3.234726
0.865921,-0.525749,0.032205,0.977448,3.014178,-1.489770
0.858834,-0.559574,0.066638,1.828827,1.423079,-2.538762
0.815053,-0.573213,0.040368,0.201490,0.497064,-3.612055
0.826387,-0.634886,0.052320,1.096965,-0.325607,-5.258656
0.865186,-0.687783,0.028581,-0.000518,0.902737,-4.187112
0.886525,-0.725945,0.044035,1.323260,2.342398,-6.542672
0.898269,-0.731794,0.027097,0.108301,3.330635,-7.968589
0.914353,-0.785649,0.067478,0.990762,3.877466,-11.158505
0.994254,-0.773655,0.029116,0.119708,6.088497,-12.985141
1.018390,-0.794676,0.078504,1.454035,7.849731,-14.376294
1.012321,-0.809243,0.057680,0.549517,7.503851,-14.656959
1.050039,-0.827687,0.055169,2.137311,8.165804,-14.748258
1.072583,-0.806775,0.035015,0.878293,8.608802,-14.777518
1.065782,-0.776580,0.086506,2.086003,7.207257,-16.474483
1.078121,-0.737361,0.020257,1.338395,7.071784,-15.056292
1.109455,-0.738208,0.070284,1.287629,4.019917,-12.912248
1.174378,-0.643897,0.022193,0.675792,5.486307,-11.393634
1.187481,-0.582788,0.092992,0.793612,-0.156194,-9.824512
1.189507,-0.535389,0.038780,0.361834,3.444329,-8.465029
1.237132,-0.496161,0.025203,1.396524,3.785614,-5.463189
1.295090,-0.462857,0.030327,1.083510,3.997547,-3.930262
1.361457,-0.351336,0.044146,0.572737,4.140406,-2.634723
1.363020,-0.307778,0.026103,0.320170,4.964396,-3.065274
1.370445,-0.240002,0.043949,0.142596,4.016188,-2.800641
1.420108,-0.160833,0.041501,0.832886,6.779617,-0.961554
1.472197,-0.090346,0.042187,0.324896,8.369331,0.683116
1.484161,-0.044517,0.043506,0.357986,8.283985,2.909551
1.498978,0.016904,0.039439,0.113251,7.830575,4.953427
1.507729,0.081128,0.026034,1.259321,8.539257,5.870555
1.516953,0.142878,0.029864,0.748445,8.133186,5.847762
1.512889,0.179270,0.039814,0.992019,7.008633,6.161756
1.518673,0.198256,0.016393,0.741483,6.575574,7.862577
1.525963,0.257376,0.037096,1.517186,5.914064,9.621905
1.533109,0.314264,0.007856,0.383852,6.218222,10.876846
1.517347,0.308322,0.034141,1.506593,5.220705,11.687480
1.547164,0.343001,0.001793,0.969856,5.450390,12.657986
1.536723,0.368906,0.045115,1.468957,4.104374,12.619561
1.496917,0.366271,0.007990,0.793684,4.336127,11.578259
1.473503,0.354575,0.034644,1.376412,4.360142,11.131564
1.452640,0.356532,0.013298,0.406593,5.368937,10.445012
1.454852,0.323195,0.048564,1.561403,4.500515,8.908628
1.443860,0.298941,0.029599,0.976588,6.603865,7.653446
1.437800,0.233903,0.041261,1.326256,6.027305,7.558033
1.437597,0.196621,0.015891,1.283128,9.091881,6.297282
1.438952,0.160606,0.059915,1.698537,8.468638,4.912474
1.451311,0.093221,0.041314,0.856835,8.762282,2.284197
1.421595,-0.004323,0.071761,1.338769,6.231151,0.995004
1.395135,-0.050858,0.035822,1.098383,7.004224,0.178169
1.333504,-0.107467,0.046887,1.486567,4.423296,0.092398
1.281103,-0.146656,0.040109,0.475448,3.779039,-0.690247
1.263017,-0.224621,0.041760,1.003875,2.407085,0.045617
1.213991,-0.281542,0.035218,0.226095,1.745874,-0.992760
1.192770,-0.351477,0.029385,0.959674,1.266844,-2.378182
1.169770,-0.447952,0.027810,0.673455,3.056121,-4.246073
1.196154,-0.496725,0.047448,0.436673,2.122445,-4.614932
1.195917,-0.553804,0.029155,0.671555,4.700964,-7.245524
1.155875,-0.630997,0.048893,0.638346,5.161244,-8.869120
1.126510,-0.708367,0.042160,1.366700,6.393406,-10.611492
1.088411,-0.754719,0.045029,0.741901,6.001676,-7.734589
0.996565,-0.776412,0.060017,1.393934,6.718308,-8.850368
0.945425,-0.794951,0.039712,1.189812,5.220594,-8.739557
0.917009,-0.844881,0.050839,1.625221,6.910114,-10.061274
0.896142,-0.843289,0.049766,0.771810,4.963576,-9.354289
0.861998,-0.850297,0.045453,1.428311,5.192650,-10.106041
0.806328,-0.835279,0.034348,0.827956,4.468180,-8.234616
0.792785,-0.840151,0.077036,1.588057,3.581161,-6.060637
0.802983,-0.802350,0.046103,0.910700,3.269139,-1.999886
0.728869,-0.813277,0.063083,1.857043,2.421958,-2.482587
0.670852,-0.801506,0.035152,2.129929,1.442475,-2.493561
0.628489,-0.822498,0.051620,2.609237,1.784515,-3.835046
0.632205,-0.778165,0.059380,2.757610,1.568327,-4.494429
0.606424,-0.758759,0.043070,3.826814,2.246383,-6.261705
0.546533,-0.769542,0.045791,3.689533,1.576822,-5.600791
0.533321,-0.750087,0.034092,4.042691,3.712524,-5.292915
0.578484,-0.701330,0.070951,3.967542,4.234103,-3.279683
0.567964,-0.666027,0.050836,4.511222,5.528365,-4.328643
0.547429,-0.642682,0.048670,4.731471,4.736135,-3.600185
0.532750,-0.626378,0.028272,3.796133,6.291417,-4.065632
0.504679,-0.583710,0.071601,4.218442,3.917774,-5.811943
0.514063,-0.512235,0.015071,3.366646,5.801352,-6.858684
0.449271,-0.509799,0.064635,3.261687,1.726186,-6.862631
0.420885,-0.446629,0.025489,1.428855,0.747123,-3.945512
0.393489,-0.399946,0.064202,1.702286,0.628286,-2.554928
0.355709,-0.353995,0.030216,0.487035,-0.289612,-1.020615
0.336680,-0.311707,0.050009,0.447771,-0.341698,-1.181790
0.329035,-0.258745,0.018041,-0.536409,2.158837,0.228148
0.269318,-0.213500,0.002427,-0.856375,0.863961,-0.828419
0.242684,-0.178404,0.056912,-1.239846,-0.679451,-1.560801
0.217593,-0.145425,0.014345,-1.693278,0.629864,-1.218748
0.185810,-0.115473,0.049513,-1.819669,0.515448,-0.033326
0.117981,-0.053901,0.035825,-2.007575,1.519133,-1.551266
0.061077,-0.009342,0.038533,-1.631014,2.324108,-2.162743
0.022246,0.019819,0.028338,-2.392333,2.406215,-2.407450
0.024435,0.065071,0.076446,-1.833800,0.100758,-1.174478
0.039311,0.151435,0.030606,-1.797269,2.642235,-1.063030
0.016902,0.182730,0.072211,-1.666349,1.920535,-0.021214
-0.010470,0.205760,0.036052,-1.117815,3.436083,2.438586
0.057410,0.264985,0.059889,-0.633156,1.392759,6.460822
0.123952,0.320757,0.028689,-0.119048,2.873752,8.533522
0.144864,0.310555,0.051709,0.609992,0.557493,9.990512
0.161290,0.334060,0.030902,0.256017,1.737168,10.011552
0.147940,0.345660,0.045755,1.494110,-1.170872,9.521323
0.186771,0.369077,0.021018,1.432942,-0.214655,7.397221
0.195027,0.357208,0.059744,2.015210,-1.646425,6.836833
0.236589,0.356332,0.036255,1.096479,-0.924682,8.159585
0.250247,0.333000,0.065574,2.441028,-1.184904,8.408194
0.302812,0.339194,0.066979,2.019005,-1.175995,8.660811
0.344919,0.285959,0.073219,2.301048,1.083034,8.848998
0.410335,0.259700,0.071949,1.378552,1.371735,8.535707
0.462992,0.227555,0.065344,2.482964,2.931667,7.659514
0.469379,0.194629,0.058323,1.441969,3.816567,6.369431
0.475908,0.112381,0.074108,1.929414,4.214887,4.108452
0.515580,0.046998,0.059928,0.955790,3.433368,5.093221
0.514539,-0.016114,0.091768,2.009325,3.146874,4.140845
0.494536,-0.079123,0.065958,0.545016,2.444514,3.566416
0.454198,-0.182730,0.106096,1.405869,1.168394,2.952863
0.513978,-0.222215,0.065502,0.798581,0.887670,2.315261
0.552825,-0.305287,0.109582,1.201612,-0.269507,-1.318667
0.561120,-0.368260,0.073061,0.067399,1.044656,-3.096146
0.583388,-0.478737,0.107524,1.180510,1.322137,-3.502277
0.588030,-0.548949,0.090179,-0.025606,1.688477,-2.881258
0.615405,-0.596827,0.106621,1.449351,2.245090,-5.790920
0.618747,-0.667340,0.099199,0.847106,2.446402,-8.226607
0.602095,-0.757962,0.106454,1.353698,2.782858,-11.380328
0.585141,-0.802744,0.095441,0.987998,2.908264,-11.839367
0.575415,-0.831610,0.109628,1.381543,3.476736,-13.669714
0.585010,-0.856156,0.095523,0.694755,4.100898,-14.065083
0.632090,-0.885937,0.128814,1.234437,4.535772,-14.414494
0.677476,-0.888343,0.112972,0.417996,5.057000,-12.821660
0.686851,-0.908219,0.127865,1.597741,5.083230,-13.401604
0.714738,-0.912519,0.086424,0.887083,4.794084,-12.548836
0.710957,-0.904979,0.120197,1.041623,3.700087,-12.443784
0.730993,-0.811075,0.101090,0.047097,2.961974,-13.078874
0.676829,-0.782229,0.114876,0.839780,1.683921,-13.048707
0.598514,-0.753524,0.070242,0.022722,2.202038,-11.150032
0.594765,-0.709322,0.074788,0.848708,-0.007457,-8.194419
0.654059,-0.611424,0.057900,0.189558,0.211170,-5.591599
0.638474,-0.570390,0.082436,0.620148,-0.096227,-6.299914
0.648351,-0.525847,0.045535,0.905671,1.047545,-4.878671
0.658395,-0.516266,0.046910,1.504854,3.167376,-3.904003
0.702383,-0.420520,0.066634,1.589577,2.876158,-2.888548
0.717827,-0.354290,0.061268,1.900118,5.379240,-3.763200
0.679905,-0.288579,0.058592,1.887448,4.722152,-2.494549
0.633941,-0.226879,0.038871,2.263875,5.594989,-2.062789
0.611922,-0.151042,0.044527,2.062172,4.381783,1.018097
0.644957,-0.090083,0.040765,2.743465,5.595287,2.000603
0.673160,-0.027553,0.029868,1.657999,4.390012,4.405591
0.672713,0.032338,0.038973,2.880284,4.505347,6.649009
0.681477,0.124165,0.016134,1.679460,3.080959,8.177193
0.675201,0.125849,0.054486,2.299807,1.394101,8.226751
0.678366,0.143826,0.027990,1.076174,0.743135,10.286351
0.695851,0.189754,0.024268,2.602268,0.712549,9.977702
0.632986,0.224945,-0.005185,1.473404,-0.086295,10.165676
0.552353,0.223455,0.033672,1.995210,-0.828520,8.464387
0.557375,0.229771,-0.000876,0.644920,0.113100,9.414823
0.563063,0.231448,0.039269,1.478627,0.164500,8.918456
0.539059,0.253824,-0.018794,0.919368,1.092120,7.258385
0.471172,0.211461,0.017010,0.718598,-0.221843,7.878775
0.455823,0.210759,0.006241,0.359519,3.784080,9.008436
0.434576,0.206951,0.012579,0.625081,2.914366,7.554243
0.376601,0.199920,0.001504,-0.518924,4.040462,4.266941
0.271504,0.156155,0.025223,-0.764335,1.919921,1.389501
0.180475,0.127595,0.009106,-0.901797,2.002022,-0.541447
0.126089,0.121119,0.015750,-1.484693,1.309480,0.825235
0.106837,0.110805,0.026566,-1.010633,1.161061,0.237881
0.073803,0.084450,0.006943,-1.956967,0.807073,2.037455
-0.011163,0.021037,0.031450,-1.264497,-0.097406,3.213326
-0.057629,0.029191,0.020089,-1.984070,-0.936486,4.267563
-0.065563,-0.027179,0.049589,-0.873506,-1.197833,3.634433
-0.099887,-0.073054,0.035658,-1.579434,-1.680175,3.360973
-0.138174,-0.108442,0.060513,-0.155243,-1.248849,1.605898
-0.218193,-0.112450,0.035930,-0.981321,-1.722344,-0.685176
-0.277887,-0.171639,0.076409,0.486874,-1.697014,-4.697102
-0.255311,-0.198414,0.050452,-0.145652,-0.640928,-3.775419
-0.237996,-0.241240,0.094561,1.246844,-0.100065,-1.196823
-0.264072,-0.264187,0.074712,1.041482,0.590439,0.049989
-0.280763,-0.326737,0.099994,2.569913,0.276500,-1.060900
-0.252009,-0.374293,0.077713,1.857949,1.690282,-1.829453
-0.227879,-0.421712,0.126260,3.137571,0.154909,-3.545321
-0.211011,-0.424978,0.086326,3.169279,1.057274,-4.462483
-0.250817,-0.490324,0.111207,3.560970,-1.230651,-4.022374
-0.284754,-0.534962,0.092733,3.114328,-1.848347,-2.076281
-0.314828,-0.554814,0.107258,3.940515,-3.106328,-0.647646
-0.344298,-0.564882,0.088400,3.238851,-3.231941,1.224644
-0.388095,-0.624058,0.119285,3.778884,-4.983456,0.899696
-0.367951,-0.648915,0.102360,2.533018,-5.339640,0.923100
-0.400007,-0.688256,0.120220,3.223666,-4.918168,-0.331389
-0.430163,-0.703591,0.087770,2.640712,-2.795603,-2.645382
-0.458648,-0.752785,0.117660,2.578933,-2.582697,-4.617484
-0.438126,-0.746437,0.106513,1.483219,-0.173401,-4.709340
-0.461806,-0.759852,0.125442,1.789730,-1.433896,-5.098835
-0.564605,-0.767605,0.119380,0.859274,-1.401420,-4.925537
-0.636445,-0.817035,0.118146,1.567063,-0.791389,-5.254789
-0.649788,-0.800390,0.098750,0.149489,-0.207528,-4.962226
-0.667339,-0.787402,0.133642,0.889377,-0.789820,-8.381826
-0.655450,-0.748987,0.068049,0.373824,-0.427560,-9.534622
-0.696651,-0.787674,0.101773,0.741982,-0.803097,-10.910279
-0.707900,-0.744237,0.099107,-0.103544,-2.422770,-8.964102
-0.684056,-0.690041,0.097197,0.976877,-2.542320,-8.608098
-0.678007,-0.652605,0.076436,-0.487836,-2.927199,-6.551250
-0.700511,-0.639938,0.111016,0.636892,-3.203774,-5.250941
-0.694970,-0.569838,0.067685,-0.157826,-4.504745,-2.589924
-0.704913,-0.544846,0.107126,1.389985,-4.676670,-4.432544
-0.741854,-0.484419,0.080595,0.387016,-4.931003,-7.189358
-0.732722,-0.445640,0.087130,1.485113,-4.030798,-9.161215
-0.686006,-0.358820,0.073541,0.177636,-3.880117,-8.600019
-0.636881,-0.287739,0.112326,1.504725,-3.275604,-7.228708
-0.642596,-0.213070,0.073002,0.186328,-2.266773,-4.337529
-0.657032,-0.195433,0.088052,1.435351,-1.400544,-1.903726
-0.606085,-0.093254,0.053061,0.396420,-0.455783,0.384978
-0.573881,-0.034640,0.100368,1.190583,-0.428384,-0.255607
-0.556028,0.017561,0.081205,-0.096084,-0.103945,-0.639905
-0.517154,0.074091,0.079035,0.711294,-0.256801,0.363359
-0.523706,0.149610,0.052858,-0.254796,-1.088141,1.804635
-0.548137,0.210447,0.094341,0.261105,-3.030245,3.157049
-0.561992,0.248504,0.046076,-0.503868,-3.223843,5.584937
-0.559977,0.267086,0.073308,-0.006565,-5.204200,9.920747
-0.567868,0.337619,0.022210,-0.087592,-4.843398,13.584228
-0.601716,0.358127,0.053308,-0.107687,-6.384375,13.926477
-0.601736,0.354103,0.029267,-0.012585,-5.133428,11.674353
-0.563922,0.361456,0.040618,-0.299611,-5.609664,11.826127
-0.540397,0.385595,0.052464,0.252767,-2.868956,8.858667
-0.516915,0.408871,0.025568,-0.035749,-2.039848,9.187209
-0.503207,0.394159,0.037654,-0.163446,-0.261036,10.809463
-0.474404,0.404626,0.056702,-0.469376,-0.252685,13.304971
-0.454033,0.397950,-0.000833,0.328529,1.365875,12.453142
-0.487635,0.335101,0.042049,0.336223,0.261466,11.004989
-0.504192,0.305250,0.043634,-0.329009,0.773579,8.493457
-0.487166,0.298751,0.043864,0.161706,-1.020421,7.572783
-0.459479,0.274517,0.049461,0.086860,-1.046654,4.086439
-0.394017,0.224982,0.069687,0.796815,-1.768472,3.534935
-0.367518,0.124467,0.035261,0.337132,-2.061919,3.814669
-0.318869,0.070484,0.077417,1.054703,-2.913813,5.219210
-0.275255,0.046522,0.047255,0.833526,-3.241519,5.514650
-0.250761,-0.028268,0.088735,1.246332,-4.363880,3.861441
-0.210095,-0.089466,0.031020,0.766495,-2.996475,2.357966
-0.239325,-0.183377,0.086286,1.243269,-4.696959,-0.049298
-0.274408,-0.229262,0.038451,1.381486,-3.977130,-5.102584
-0.316735,-0.288582,0.061652,1.117887,-3.744191,-8.396798
-0.311857,-0.320727,0.054804,0.713553,-2.427563,-9.722696
-0.295481,-0.354727,0.077191,0.749190,-2.129531,-8.032725
-0.298747,-0.402808,0.070212,0.638425,0.589221,-8.232692
-0.346323,-0.486701,0.066388,0.269577,-0.415297,-7.867323
-0.409589,-0.566342,0.084330,-0.061841,0.122892,-9.685355
-0.404764,-0.549993,0.063362,-0.225369,0.242425,-10.929341
-0.403746,-0.547327,0.057562,-0.577820,1.757654,-13.839870
-0.411604,-0.571880,0.084268,-0.851786,0.752582,-12.688157
-0.459639,-0.620184,0.081760,-0.714199,0.623854,-10.773987
-0.522199,-0.619954,0.084855,-0.880336,-1.014171,-6.859800
-0.540030,-0.609204,0.065866,-0.599294,-1.267956,-5.650313
-0.526581,-0.610606,0.065709,-0.934323,-2.878708,-3.945676
-0.519183,-0.619485,0.110291,0.190070,-3.594880,-4.398761
-0.555185,-0.605357,0.058556,-0.018152,-3.429232,-4.235392
-0.619717,-0.637795,0.092956,1.441709,-3.952918,-6.903733
-0.620643,-0.591374,0.055090,0.846669,-3.862211,-8.225697
-0.567467,-0.560857,0.086339,2.059825,-3.884575,-9.214416
-0.572289,-0.483277,0.071354,1.473700,-3.456935,-7.024698
-0.616159,-0.489960,0.096925,2.795922,-2.802440,-3.390418
-0.626072,-0.475153,0.061780,1.885771,-1.917918,0.920852
-0.626886,-0.431007,0.100965,3.080778,-1.242580,1.678180
-0.633359,-0.349127,0.050760,2.170617,-1.424256,0.054002
-0.699802,-0.338643,0.088134,3.315246,-2.052209,-2.526204
-0.746193,-0.290407,0.058061,1.691279,-2.165601,-2.940813
-0.736405,-0.249564,0.088807,2.219105,-3.866006,-1.333859
-0.757839,-0.177288,0.068315,1.342071,-2.746741,0.952432
-0.804135,-0.158214,0.065272,2.019766,-5.140833,2.589830
-0.834386,-0.114787,0.045404,0.952252,-3.915971,4.821986
-0.796608,-0.046689,0.073941,1.015780,-4.751454,5.412921
-0.784538,-0.000788,0.053685,0.013809,-4.378871,4.980354
-0.848726,-0.024710,0.073665,0.614036,-5.962824,4.919169
-0.885598,-0.000256,0.045738,-0.098129,-5.248769,4.635913
-0.920422,0.016337,0.063345,0.322749,-7.112348,2.698131
-0.947823,0.050415,0.050143,-0.190332,-5.869396,0.226713
-1.002345,0.037180,0.061642,0.517542,-8.153471,1.026561
-1.107393,-0.005718,0.043697,0.106229,-6.007686,2.037831
-1.176632,0.017948,0.058855,0.278997,-6.019007,0.386720
-1.167714,0.055992,0.047494,0.094547,-4.742926,-2.615117
-1.165830,0.083315,0.065528,-0.621878,-5.747979,-2.257302
-1.255503,0.041677,0.072316,-0.431260,-4.419468,-1.339050
-1.318729,0.065239,0.058540,-0.925188,-5.543854,1.124696
-1.299048,0.052660,0.067809,-0.723118,-2.983976,1.250909
-1.268134,0.072375,0.061556,-1.670994,-3.664222,0.402766
-1.291705,0.079635,0.057480,-1.200375,-4.305653,0.616541
-1.374435,0.095568,0.062603,-1.903171,-5.018122,2.092125
-1.411780,0.072821,0.054069,-0.954064,-5.369140,2.802386
-1.382392,0.061349,0.032202,-1.667768,-6.045128,3.674836
-1.382592,0.029854,0.068364,-0.539912,-7.445837,2.567052
-1.357124,0.021372,0.023014,-0.664379,-7.033681,4.180201
-1.392994,-0.064579,0.072211,0.606154,-8.284841,5.086410
-1.356405,-0.075237,0.033150,-0.144736,-7.242158,6.783567
-1.350736,-0.088042,0.067015,1.091981,-9.059139,6.426129
-1.362264,-0.072880,0.047137,0.625508,-7.578497,4.270688
-1.391192,-0.118979,0.068985,1.225120,-9.145411,3.212263
-1.420957,-0.140423,0.058648,0.661099,-6.826014,3.112962
-1.446994,-0.109184,0.076245,0.857960,-9.184279,2.399960
-1.502060,-0.109456,0.050770,0.508361,-6.286142,0.576479
-1.511812,-0.124483,0.070301,0.578717,-6.079899,0.861513
-1.505375,-0.166177,0.048919,1.215772,-5.535080,1.868959
-1.515436,-0.175098,0.069864,0.727106,-5.647517,3.789515
-1.551313,-0.209255,0.090911,1.353766,-5.176415,2.997416
-1.542211,-0.231921,0.073564,0.953046,-5.712092,4.064265
-1.546406,-0.287318,0.080010,1.587581,-5.034948,1.972613
-1.554165,-0.304965,0.078576,1.817696,-6.483836,0.660924
-1.597021,-0.405660,0.078438,2.621834,-6.122236,-2.177060
-1.599099,-0.468683,0.075960,2.155495,-7.459580,-2.328164
-1.580425,-0.511906,0.099649,3.320741,-8.606376,-3.153536
-1.585394,-0.526372,0.084113,2.470035,-8.224093,-3.894885
-1.628243,-0.572562,0.076127,3.415515,-8.044609,-5.388796
-1.651339,-0.613728,0.070334,2.127535,-8.426232,-4.651146
-1.660979,-0.625180,0.091253,2.608176,-8.118083,-5.385618
-1.620119,-0.607721,0.064474,1.730551,-7.743039,-7.458715
-1.632373,-0.643076,0.087245,1.405635,-6.830179,-10.107093
-1.637313,-0.646276,0.075819,0.558307,-6.393054,-11.113873
-1.621859,-0.668482,0.095910,0.212915,-5.074708,-12.197301
-1.591940,-0.640696,0.081901,-0.403208,-4.878638,-11.542602
-1.573939,-0.643828,0.061891,-0.219431,-4.450218,-12.307833
-1.569865,-0.654036,0.074624,-0.938771,-5.639849,-9.039065
-1.573903,-0.631463,0.069723,-0.617561,-4.924028,-8.207255
-1.570125,-0.592664,0.075753,-1.696745,-6.831043,-7.936379
-1.567344,-0.575051,0.067104,-1.194433,-6.289437,-9.763808
-1.509577,-0.535221,0.042259,-1.304513,-7.139487,-8.707384
-1.487345,-0.523822,0.049385,-0.358150,-7.159250,-9.027320
-1.488966,-0.457762,0.035911,-1.338142,-7.616120,-7.484607
-1.449790,-0.424735,0.031854,-0.281065,-7.160022,-6.772255
-1.395476,-0.357451,0.027334,-1.145558,-6.820371,-3.898895
-1.353884,-0.264049,0.044727,0.011515,-6.539808,-3.140015
-1.367267,-0.193391,0.001757,-1.249270,-6.017979,-1.782681
-1.398118,-0.159792,0.042810,-0.119149,-6.305741,-1.329774
-1.354974,-0.047494,-0.008986,-0.965671,-5.376368,-0.269510
-1.326476,0.037548,0.032126,0.308972,-5.329560,-0.967941
-1.313490,0.145698,0.033367,-0.624209,-5.425247,-0.114110
-1.314396,0.172620,0.029247,0.462262,-3.862675,1.460062
-1.331156,0.215440,0.025371,0.014623,-5.170792,6.700516
-1.304165,0.285431,0.031942,1.266673,-4.476983,9.618525
-1.273671,0.342112,0.009448,0.706899,-4.956396,11.986976
-1.265439,0.361649,0.035251,1.706743,-5.305516,11.188824
-1.274442,0.392229,0.003395,1.697470,-6.208131,10.284811
-1.308481,0.377093,0.032113,3.087159,-6.126448,6.932301
-1.322228,0.387801,0.012189,1.761152,-7.098227,5.469127
-1.284812,0.379145,0.027691,3.095224,-7.539692,5.865223
-1.234416,0.387154,0.003165,2.220864,-6.356849,8.569963
-1.244536,0.372688,0.048945,2.979557,-6.146185,7.943184
-1.243414,0.350771,0.003057,1.347565,-5.325543,7.319469
-1.207543,0.311582,0.050518,1.816681,-5.204929,5.675482
-1.102695,0.340832,0.006874,0.610103,-2.299985,4.052336
-1.071168,0.328008,0.059662,-0.211583,-3.200466,2.757825
-1.119994,0.268389,0.029766,-1.293419,-3.413420,2.613361
-1.086014,0.238965,0.034969,-1.242262,-2.973938,2.901242
-1.016446,0.219402,0.009779,-2.865451,-2.980454,2.225661
-0.984564,0.167359,0.056991,-2.086800,-3.665223,1.298924
-0.958669,0.124099,0.007580,-3.395732,-3.749227,1.104354
-0.968342,0.045600,0.060109,-3.279041,-6.654677,1.921203
-0.945371,0.010304,0.028417,-3.404896,-5.960940,1.611644
-0.915042,-0.044188,0.043713,-2.370797,-6.146136,-1.059730
-0.903497,-0.105731,-0.009029,-2.621145,-6.278267,-2.314317
-0.953023,-0.203304,0.030439,-1.304828,-6.857883,-4.040607
-0.996295,-0.215177,0.028030,-1.915359,-6.913579,-5.020882
-1.032921,-0.217783,0.046959,-1.254958,-6.780657,-6.253199
-1.034713,-0.197163,0.030524,-1.966194,-5.659458,-6.848657
-1.056626,-0.208307,0.050432,-0.963130,-5.225028,-5.597411
-1.079649,-0.188947,0.035028,-1.575406,-4.334000,-5.637815
-1.123907,-0.224200,0.055756,-0.354412,-3.534503,-6.364330
-1.141366,-0.235164,0.025679,-0.799678,-2.021729,-5.119108
-1.167264,-0.250591,0.068456,0.414204,-2.185056,-4.867509
-1.174784,-0.212525,0.028558,0.027221,-1.435092,-3.967550
-1.205370,-0.245766,0.075215,1.300003,-3.028564,-4.002265
-1.194315,-0.266613,0.031076,1.358256,-2.089094,-2.834835
-1.187553,-0.266360,0.076731,2.357388,-4.539290,-1.797597
-1.193471,-0.258774,0.039226,2.159874,-4.096998,-1.640188
-1.213382,-0.303366,0.068111,3.153185,-6.002834,-1.373660
-1.196928,-0.331907,0.015862,3.324095,-4.521036,-0.416914
-1.194394,-0.333023,0.051131,4.017290,-6.897263,0.104039
-1.215789,-0.341810,0.010449,3.312879,-6.066392,-0.422728
-1.241034,-0.363015,0.037703,3.764654,-7.289232,-1.193950
-1.207848,-0.333269,0.015822,2.490422,-5.692887,-1.811426
-1.137305,-0.305776,0.045922,2.657107,-5.499817,-0.381939
-1.121822,-0.317018,0.029668,1.363259,-4.280486,0.652177
-1.111154,-0.355222,0.053324,1.997711,-2.509253,0.611912
-1.061100,-0.362053,0.004908,0.651725,-0.141936,0.665774
-1.030797,-0.363277,0.046178,1.048762,-2.052511,-1.748985
-1.040739,-0.336421,0.031049,-0.736943,-1.842209,-3.938061
-1.091775,-0.366734,0.041996,0.102153,-2.792600,-3.926304
-1.124291,-0.372806,0.020660,-1.046934,-4.477107,-1.301560
-1.123431,-0.351008,0.032014,-0.371323,-5.653464,-0.926939
-1.130324,-0.343314,0.000477,-1.071864,-6.341276,-1.581546
-1.150888,-0.379181,0.023625,-0.455432,-7.645156,-2.743723
-1.175454,-0.402969,0.010002,-0.781060,-7.979144,-2.341795
-1.169483,-0.383760,0.014726,0.215636,-9.627010,-1.442338
-1.186926,-0.395928,-0.003285,-0.282891,-7.604103,-1.747559
-1.260285,-0.407049,0.033560,0.315396,-8.847904,-2.267708
-1.327654,-0.358016,-0.025143,0.139077,-8.085200,-3.081652
-1.420718,-0.324266,0.012989,0.346231,-8.831968,-4.917095
-1.487348,-0.265001,-0.013539,-0.324075,-6.660635,-7.526682
-1.521357,-0.223866,0.021527,-0.288625,-6.099883,-7.706810
-1.546695,-0.158735,0.010373,-0.598379,-3.934957,-7.401544
-1.544013,-0.111888,0.013160,-0.467259,-3.811958,-5.151031
-1.548595,-0.099688,0.003014,-0.969892,-2.528652,-3.293666
-1.552737,-0.050615,0.008693,-0.846308,-2.782762,0.844167
-1.548661,0.017239,-0.001050,-0.614844,-2.525551,2.230039
-1.565247,0.050110,0.012697,-0.528739,-3.875056,2.205391
-1.573289,0.070668,-0.014094,-0.354340,-4.225358,1.702449
-1.570801,0.048173,-0.011731,0.121683,-6.534691,1.393952
-1.564561,0.063279,0.012083,0.905020,-8.132572,0.261947
-1.514133,0.094216,-0.039592,1.404505,-9.094606,2.304042
-1.482995,0.061506,-0.003554,2.086711,-8.626635,4.194110
-1.433585,0.057630,-0.016575,1.381515,-9.533428,9.282667
-1.422802,0.026808,0.028699,2.446896,-9.177198,11.379070
-1.435423,0.049926,-0.001168,1.791879,-9.524293,12.100842
-1.435449,0.032526,0.021442,2.438762,-9.788871,10.787715
-1.444108,0.072302,-0.007969,1.217636,-8.160066,8.035842
-1.495229,0.067861,0.032599,1.493023,-8.419132,4.781378
-1.519007,0.094124,-0.014544,0.307200,-6.887629,2.867246
-1.539562,0.044031,0.014529,0.517607,-7.216424,3.275818
-1.542086,0.045485,0.013813,-0.499230,-5.258266,4.232984
-1.544377,0.056970,0.017447,-0.130405,-5.247739,5.459746
-1.564068,0.035910,0.009077,-0.542732,-4.079844,6.692726
-1.565798,-0.014403,0.033876,-1.112386,-6.061321,7.562461
-1.576102,-0.067779,0.021583,-0.425030,-5.095119,6.657975
-1.607699,-0.109413,0.015980,-0.239970,-6.761091,4.757709
-1.639794,-0.171379,0.036807,0.811806,-7.325611,0.401964
-1.623684,-0.231317,0.008053,-0.201063,-8.614562,0.485059
-1.615071,-0.317432,0.025837,1.954288,-7.891060,-0.175584
-1.597237,-0.328690,0.010025,1.127005,-8.558515,0.734956
-1.593660,-0.405096,0.036849,2.011530,-9.094369,-0.820366
-1.607557,-0.461714,0.011404,1.335447,-8.967562,-1.249190
-1.627643,-0.471352,0.049904,2.180024,-9.499206,-3.113091
-1.641521,-0.461179,-0.005169,1.011680,-8.162945,-5.385905
-1.661340,-0.473515,0.055894,1.181461,-8.030472,-7.909681
-1.690577,-0.483109,0.023835,-0.138995,-6.617267,-8.887549
-1.699354,-0.476646,0.072920,-0.048278,-9.096552,-10.117677
-1.716607,-0.464751,-0.006866,-0.944243,-5.264437,-12.803455
-1.705824,-0.495773,0.046158,-0.401022,-4.993780,-13.532176
-1.710377,-0.499610,0.031972,-1.723123,-4.899269,-13.157679
-1.684737,-0.460467,0.040181,-0.919345,-5.210956,-10.116420
-1.711562,-0.456236,0.013741,-1.234158,-5.379263,-9.026528
-1.704557,-0.447236,0.035671,-1.498574,-6.680234,-7.263376
-1.676814,-0.444974,0.001987,-0.518468,-6.685004,-7.727706
-1.637362,-0.439545,0.006723,-0.750933,-7.324830,-7.590834
-1.632737,-0.457687,0.026267,0.238669,-7.904633,-8.272781
-1.579867,-0.417523,0.007383,-0.175995,-8.161993,-6.378179
-1.555226,-0.395261,0.005371,0.581155,-7.655427,-3.343564
-1.540031,-0.290749,-0.010565,-0.397740,-7.393518,-0.918468
-1.547656,-0.245789,0.005732,0.655627,-7.977881,-0.000826
-1.539273,-0.210608,-0.020071,-0.503795,-5.462227,1.096795
-1.479319,-0.128763,-0.010345,0.260950,-6.951784,1.257825
-1.419188,-0.057236,-0.022661,-0.401859,-4.064167,0.700608
-1.405947,0.024251,0.013666,-0.434411,-5.458741,0.193539
-1.361552,0.067431,-0.033329,-0.205878,-2.874795,1.340210
-1.301582,0.106134,0.010377,-0.527127,-3.495186,4.440032
-1.257410,0.141385,0.005453,0.120419,-3.020824,6.001557
-1.213773,0.165891,-0.017429,0.600400,-3.717821,8.517761
-1.219613,0.147726,0.008227,1.721294,-4.365104,9.240410
-1.217220,0.200603,-0.009380,1.105823,-5.933490,9.909472
-1.211387,0.214373,0.006205,2.731352,-6.790826,7.101440
-1.212660,0.203137,-0.020091,1.910848,-7.465545,5.952935
-1.199166,0.158650,0.005289,3.298039,-8.293074,4.597491
-1.180085,0.166000,-0.018745,2.151391,-8.161520,5.736380
-1.202107,0.146010,0.011266,3.459518,-8.272726,5.758684
-1.220335,0.153510,-0.008261,1.986935,-8.075432,6.630887
-1.231971,0.142583,-0.005615,2.206106,-8.071066,6.419629
-1.283056,0.134577,-0.025487,0.885099,-6.261221,3.673769
-1.320994,0.145786,0.007692,0.348765,-7.200990,-0.634157
-1.351524,0.128275,-0.016152,-0.973719,-4.807498,-3.524572
-1.347634,0.122678,0.003047,-1.529009,-4.953294,-2.978824
-1.350690,0.128399,-0.021013,-2.552828,-3.190110,-2.232610
-1.387893,0.113379,-0.006965,-3.348616,-3.167179,0.832144
-1.439287,0.064976,-0.015190,-3.489505,-3.660276,1.543150
-1.403797,0.047720,0.010272,-4.005451,-6.927628,3.298901
-1.361292,0.022074,0.003378,-3.200568,-4.142965,1.877953
-1.350602,-0.033277,-0.023081,-3.637904,-4.299492,-0.334706
-1.322012,-0.102872,-0.016864,-2.044231,-5.763275,-2.158560
-1.265206,-0.139369,-0.020711,-2.182352,-5.973689,-3.802933
-1.230097,-0.182389,0.011141,-0.653658,-7.050917,-4.468910
-1.167038,-0.200701,-0.028474,-0.120430,-5.535349,-3.369699
-1.152428,-0.260229,-0.000413,0.530980,-7.097311,-0.984881
-1.172844,-0.278449,-0.014619,0.214153,-7.641142,-0.720530
-1.138119,-0.251464,-0.001890,1.132608,-7.886189,-2.524939
-1.118038,-0.247690,-0.021177,1.081172,-6.096046,-6.014783
-1.108230,-0.243107,-0.000390,0.748921,-6.534986,-6.014658
-1.068085,-0.228500,-0.012190,1.352381,-4.492148,-4.407891
-1.044718,-0.250060,0.000542,1.140243,-4.307799,-0.474228
-1.065735,-0.281512,0.023835,1.881441,-3.039127,0.947708
-1.062013,-0.279313,-0.009046,1.264700,-2.830827,4.939237
-1.072162,-0.284630,-0.001155,1.671358,-2.400450,5.462822
-1.099255,-0.269147,0.018156,1.085469,-3.229630,4.934773
-1.132073,-0.304837,0.018231,2.372746,-3.490046,2.101830
-1.150832,-0.324131,-0.000597,1.120769,-4.904845,2.102194
-1.194682,-0.342017,0.039246,2.322111,-5.408818,1.605489
-1.239983,-0.347532,-0.003337,1.959041,-6.000303,3.451615
-1.307631,-0.404196,0.035382,2.529903,-9.370258,4.792635
-1.301907,-0.395879,-0.004795,1.501804,-7.029466,6.008615
-1.322258,-0.425499,0.031217,2.609870,-7.308135,3.797882
-1.395102,-0.450459,0.021228,1.722856,-7.501405,-0.158843
-1.433762,-0.470813,0.024412,1.877269,-9.592410,-2.564222
-1.450634,-0.475865,0.007206,1.422001,-5.999598,-3.493882
-1.430309,-0.444741,0.029467,1.447588,-5.510373,-3.568331
-1.446551,-0.471345,0.007462,1.328143,-4.245482,-3.610736
-1.480888,-0.520240,0.029648,0.895833,-4.719102,-1.959154
-1.477051,-0.532861,0.018980,0.685179,-3.650192,-1.129724
-1.462762,-0.518842,0.069674,-0.075640,-4.808946,-0.931957
-1.468277,-0.529835,0.027193,0.576465,-3.695543,-3.826931
-1.435128,-0.518406,0.001544,0.294835,-4.327149,-5.003383
-1.421594,-0.532638,-0.000715,0.319260,-3.844099,-6.443829
-1.421732,-0.524465,0.007298,0.062731,-5.583880,-5.617104
-1.388261,-0.528683,-0.007349,0.198410,-5.993276,-5.897953
-1.358985,-0.522128,0.000546,0.302719,-6.723996,-3.439546
-1.348202,-0.498704,0.010790,0.749236,-6.501725,-4.103055
-1.316487,-0.475386,-0.021942,0.284613,-7.611183,-4.728209
-1.317088,-0.497962,0.000500,0.836224,-7.403887,-7.049238
-1.300807,-0.477083,0.000388,-0.076803,-8.021514,-6.583338
-1.290694,-0.438291,-0.010825,0.623722,-7.365949,-6.643725
-1.293691,-0.359772,-0.030316,-0.422506,-6.510053,-4.461087
-1.276336,-0.330443,0.014174,0.290430,-5.249574,-2.657476
-1.254758,-0.297606,-0.027178,-0.740899,-4.547404,1.281705
-1.266328,-0.261469,0.020700,-0.038480,-4.660898,2.615510
-1.288691,-0.212774,-0.035472,-1.019358,-3.859668,3.123632
-1.321493,-0.183022,0.025676,-0.502266,-7.707444,2.981209
-1.345717,-0.131271,-0.024837,-0.143817,-5.099432,2.581634
-1.377475,-0.084474,-0.008333,0.070474,-5.589027,3.535176
-1.464460,-0.088084,-0.011370,0.769813,-7.104273,3.599563
-1.480731,-0.069105,-0.037097,1.229141,-7.657626,4.396356
-1.494238,-0.056579,-0.033336,1.387854,-7.462157,5.445338
-1.489025,0.006270,-0.025622,1.735631,-8.029061,6.963709
-1.495843,-0.016993,-0.011304,2.544391,-7.047661,6.550774
-1.499030,-0.027845,-0.030723,2.016231,-6.964339,8.433214
-1.495249,-0.036176,-0.005425,3.145393,-6.505579,6.368652
-1.469537,0.009736,-0.027096,2.095987,-6.002043,6.879337
-1.493437,0.021461,0.003615,2.509007,-5.368996,4.135647
-1.484473,0.045157,-0.016244,1.715067,-5.474086,4.440330
-1.451382,0.051400,-0.010142,1.933165,-3.423931,5.572670
-1.437727,0.056836,-0.009866,0.549302,-5.268408,6.647081
-1.396300,0.034062,-0.015886,0.662041,-5.213625,6.532216
-1.362934,-0.014062,-0.016884,0.052880,-4.804101,7.332882
-1.342986,-0.039931,0.009195,0.857589,-4.756177,5.663053
-1.307155,-0.039114,-0.016605,-0.155135,-5.226718,4.293905
-1.293855,-0.110145,-0.013283,0.708603,-6.468793,0.654153
-1.250294,-0.161775,-0.015771,0.345742,-6.089560,-1.067459
-1.227904,-0.197065,-0.007089,0.783291,-6.061935,-2.554141
-1.221283,-0.232807,-0.023938,0.324564,-7.715555,-3.281983
-1.244060,-0.308290,0.013918,0.980635,-7.950357,-4.074005
-1.210251,-0.331562,-0.018821,0.519948,-6.422192,-3.042459
-1.233911,-0.367430,0.004537,1.068299,-7.188333,-4.153460
-1.268534,-0.354907,-0.011921,-0.526093,-6.119302,-6.369514
-1.294117,-0.369901,-0.001699,-0.776806,-6.330123,-7.350764
-1.308399,-0.370988,-0.009846,-1.212526,-4.379540,-8.352138
-1.290635,-0.327427,0.000844,-1.667567,-4.644479,-6.931793
-1.309033,-0.350620,0.009549,-1.526583,-2.738666,-7.152856
-1.335358,-0.369081,0.017749,-2.525518,-4.103428,-6.028322
-1.318463,-0.373115,-0.000597,-1.663300,-2.627158,-5.290075
-1.327894,-0.341548,-0.003531,-2.472644,-3.448552,-4.592757
-1.358785,-0.336168,0.025325,-1.518259,-3.840689,-6.507355
-1.362799,-0.309580,-0.041066,-2.559481,-4.438129,-5.572198
-1.353884,-0.317806,0.013419,-0.803955,-5.249741,-5.374900
-1.349013,-0.267210,-0.007785,-1.542474,-6.220910,-3.892708
-1.342904,-0.267732,-0.029804,-0.031377,-7.405059,-2.406101
-1.316346,-0.245540,-0.027365,-0.009880,-6.614865,0.783859
-1.298631,-0.233342,0.013380,0.860117,-7.321459,3.152498
-1.292555,-0.192522,-0.060222,1.010213,-6.603872,3.698603
-1.295739,-0.195778,-0.002326,2.076145,-7.113428,1.906244
-1.292988,-0.163124,-0.023019,1.155116,-6.233009,-0.425546
-1.244789,-0.106837,0.012221,2.001243,-6.884684,-1.898383
-1.216031,-0.066909,-0.025267,1.815388,-4.683813,-2.536066
-1.230924,-0.066663,0.002259,2.285007,-5.838456,-0.811755
-1.183325,-0.056497,0.004160,1.714926,-3.998042,1.541220
-1.132654,-0.025373,-0.025776,2.170518,-4.435358,4.681172
-1.128101,0.006588,-0.018095,1.313441,-3.421574,4.557559
-1.132221,0.018500,-0.007273,1.059974,-4.317942,5.027525
-1.113685,0.025905,-0.024617,1.054319,-3.752322,5.011077
-1.091745,0.042124,-0.014297,0.379328,-5.706089,5.723078
-1.144825,0.018323,-0.005714,0.969527,-6.457153,3.447595
-1.148108,0.000233,-0.057626,0.711665,-6.915149,3.944763
-1.159482,-0.046775,-0.012220,0.947367,-6.448012,3.187564
-1.109621,-0.041090,-0.054054,0.465843,-7.129823,5.124568
-1.103723,-0.079337,-0.032564,1.048873,-6.597248,4.490125
-1.094735,-0.123203,-0.053378,0.354874,-4.613916,4.451797
-1.113770,-0.157593,-0.015834,0.543923,-5.472084,3.242218
-1.142341,-0.131288,-0.023570,-0.759694,-5.926373,0.360216
-1.150714,-0.129929,-0.021296,0.048038,-4.392001,-3.777053
-1.185492,-0.138857,-0.037048,-1.516162,-3.528296,-5.319633
-1.189496,-0.177902,-0.032994,-0.490131,-3.178053,-5.832566
-1.202291,-0.170398,-0.038860,-1.918234,-3.132887,-4.028308
-1.212303,-0.172000,-0.007444,-1.599953,-5.161614,-2.888241
-1.228702,-0.184447,-0.031258,-1.779249,-3.380534,-2.339579
-1.244172,-0.186666,-0.004677,-1.652691,-6.059719,-0.451473
-1.239393,-0.195660,-0.041243,-0.863163,-4.996458,-0.072168
-1.244083,-0.229748,-0.028455,-0.803121,-5.566086,0.057791
-1.255572,-0.274632,-0.032197,-0.132749,-6.128502,-2.042278
-1.249801,-0.273755,-0.027247,-0.100696,-8.228213,-2.434759
-1.271839,-0.275548,-0.030434,1.081868,-7.617879,-1.975621
-1.267287,-0.265428,-0.042884,1.205042,-6.812119,-0.366871
-1.267674,-0.306659,-0.041785,1.695340,-6.045138,1.255475
-1.242531,-0.282168,-0.053152,0.731186,-5.367426,2.791230
-1.244582,-0.282369,-0.040452,2.060655,-5.410823,0.603323
-1.265452,-0.273066,-0.038995,1.224011,-4.269582,-1.268741
-1.253730,-0.247903,-0.044082,1.715172,-4.021223,-2.173543
-1.234475,-0.196677,-0.067118,0.927853,-2.500384,-2.114964
-1.223079,-0.225359,-0.026397,1.719121,-2.962276,-0.356194
-1.233267,-0.236946,-0.047388,0.744798,-2.920644,2.912030
-1.228134,-0.267279,-0.038630,2.099063,-4.034326,6.659700
-1.260003,-0.271195,-0.062648,1.360419,-4.318510,8.035183
-1.301411,-0.284561,-0.012981,1.907923,-6.139860,5.577321
-1.274124,-0.302805,-0.057714,2.027010,-5.530475,3.802054
-1.251987,-0.358905,-0.015784,2.414722,-7.573402,3.461800
-1.256136,-0.403934,-0.016717,2.523453,-6.353172,2.021837
-1.258326,-0.433791,-0.046199,2.906264,-6.273691,4.315993
-1.295378,-0.487715,-0.028054,3.246571,-6.287973,4.645356
-1.303873,-0.462236,-0.010313,2.333859,-7.341143,4.641929
-1.313461,-0.471027,-0.024493,3.313628,-6.695120,2.464267
-1.378404,-0.490298,-0.048845,2.227443,-5.456147,0.032067
-1.439024,-0.544731,0.001045,2.207650,-6.778307,-2.733816
-1.438088,-0.549031,-0.069767,1.625013,-5.349606,-4.574588
-1.430394,-0.562824,-0.028320,2.093532,-5.086033,-4.944073
-1.447253,-0.570770,-0.031110,1.114903,-3.887293,-5.355297
-1.449173,-0.619324,-0.048714,1.273008,-3.829135,-3.245646
-1.418482,-0.635904,-0.040353,0.851166,-2.567556,-2.889468
-1.409127,-0.618162,-0.018824,-0.065888,-3.802757,-2.248664
-1.386912,-0.615369,-0.022369,0.477273,-2.796250,-3.391872
-1.378174,-0.636708,-0.036241,-0.397976,-3.711699,-4.829682
-1.363981,-0.658740,-0.022202,0.523112,-3.911429,-6.321452
-1.349413,-0.624829,-0.042231,-0.709614,-5.954185,-6.601231
-1.403560,-0.654643,-0.027952,-0.007766,-10.424899,-7.568776
-1.397478,-0.603519,-0.070690,-0.999069,-7.356640,-5.335299
-1.390641,-0.559580,-0.021604,-0.120062,-8.059085,-6.201342
-1.373290,-0.498885,-0.066482,-0.699189,-7.222634,-6.548650
-1.400626,-0.514634,-0.055755,0.017127,-8.094319,-6.675366
-1.381732,-0.490846,-0.083783,-0.582410,-5.868668,-4.342129
-1.361378,-0.424341,-0.029978,-0.198292,-6.507427,-3.569013
-1.291400,-0.349508,-0.061949,-0.361013,-3.821411,-3.640363
-1.275309,-0.317425,-0.032902,-0.395045,-3.722879,-1.389712
-1.318979,-0.307085,-0.022947,0.529359,-2.821718,0.429711
-1.310497,-0.231593,-0.051018,-0.131629,-3.108288,2.356785
-1.307106,-0.194544,-0.015558,1.066743,-2.650615,2.225497
-1.329788,-0.140351,-0.050673,0.401596,-3.626428,3.499086
-1.320393,-0.109647,-0.035082,1.878316,-4.556493,5.566517
-1.335752,-0.073871,-0.059989,0.989799,-4.710798,7.663119
-1.308517,-0.068852,-0.018236,2.717704,-4.901891,6.739654
-1.302412,-0.060348,-0.072830,2.327878,-6.266129,5.115087
-1.302281,-0.066863,-0.021982,3.572805,-6.927930,4.812804
-1.288314,-0.037170,-0.066610,2.875707,-6.495650,4.330767
-1.261109,-0.057843,-0.028921,3.428467,-7.644828,5.109812
-1.237203,-0.060745,-0.038049,2.703186,-6.893708,5.899016
-1.199340,-0.065924,-0.022156,3.218735,-7.691885,6.479581
-1.181474,-0.064841,-0.050204,2.138055,-4.706846,5.780235
-1.092067,-0.067815,-0.025264,1.950323,-3.709109,6.293852
-1.061488,-0.103223,-0.031514,1.029231,-2.982367,5.287066
-1.039160,-0.071462,-0.017859,0.337621,-3.050035,5.578957
-1.036377,-0.075256,-0.038955,0.330823,-2.525787,2.361690
-1.008345,-0.086200,-0.029315,-1.514560,-3.341236,1.489934
-0.976732,-0.108343,-0.021059,-1.132133,-3.293171,1.798369
-0.948992,-0.126006,-0.056280,-1.932313,-3.388155,2.569247
-0.975222,-0.162228,-0.039096,-1.776840,-4.435614,2.990023
-0.955110,-0.197426,-0.047499,-1.554753,-4.660701,0.165593
-0.901236,-0.207444,-0.049617,-2.354539,-5.208389,-1.406682
-0.885713,-0.256047,-0.024132,-1.092399,-5.373735,-4.459281
-0.889383,-0.278111,-0.072718,-1.710945,-5.631019,-4.819686
-0.892022,-0.341722,-0.040252,-0.347765,-4.992542,-4.715393
-0.883645,-0.333647,-0.064036,-1.203516,-4.918825,-4.008362
-0.864794,-0.322887,-0.031563,-0.297271,-5.472858,-4.052074
-0.894044,-0.341075,-0.049626,-0.179615,-3.406547,-4.641860
-0.905260,-0.344617,-0.044420,0.088563,-3.003779,-5.068571
-0.911546,-0.352308,-0.036638,-0.154813,-2.712564,-7.576594
-0.918754,-0.341459,-0.032013,0.082215,-3.119028,-9.790777
-0.903461,-0.295058,-0.027742,0.513209,-1.029448,-11.064994
-0.892951,-0.281266,-0.037373,-0.071498,-2.096952,-8.535878
-0.892488,-0.285789,-0.024384,0.575349,-1.394964,-5.062348
-0.869288,-0.251950,-0.059457,0.424465,-2.849967,-0.643977
-0.912425,-0.277685,-0.025333,1.361407,-2.572256,0.302997
-0.918426,-0.254153,-0.048891,0.330837,-4.271118,0.642279
-0.898616,-0.251215,-0.027759,1.753639,-4.980171,-0.209947
-0.973794,-0.247890,-0.062034,0.780921,-5.843170,-0.767805
-1.042325,-0.268225,-0.042018,1.831498,-7.013641,-1.444605
-1.052382,-0.259306,-0.065395,0.832577,-6.378956,0.464685
-1.010226,-0.224089,-0.040954,1.195595,-6.209759,3.014051
-0.985923,-0.185678,-0.054018,0.833214,-5.124989,3.505225
-0.974716,-0.177134,-0.048556,0.054354,-3.490485,5.869474
-0.939955,-0.199287,-0.047772,1.060424,-1.342435,6.099163
-0.870919,-0.154626,-0.055078,-0.194426,-0.402318,5.869577
-0.856059,-0.149673,-0.034110,0.798085,0.087356,3.340162
-0.867289,-0.136379,-0.067864,-0.224985,0.919342,2.344624
-0.878918,-0.141887,-0.038620,0.231211,-1.468776,1.719496
-0.881666,-0.139129,-0.060836,-0.380734,-0.981649,1.438362
-0.894372,-0.160840,-0.047089,0.409855,-3.767320,2.004599
-0.880405,-0.183698,-0.063189,0.988998,-3.363701,3.347462
-0.836851,-0.189065,-0.050959,0.941738,-4.743760,6.266920
-0.801886,-0.196644,-0.051271,0.920789,-5.157390,5.449380
-0.754612,-0.229741,-0.040399,1.458748,-7.150476,3.984208
-0.762457,-0.283153,-0.055748,1.680631,-5.114009,1.158320
-0.768796,-0.274123,-0.037298,0.729390,-6.113964,0.342641
-0.766144,-0.247102,-0.050555,1.358775,-5.171839,-1.417463
-0.787043,-0.232190,-0.054566,0.644339,-5.058217,-0.576735
-0.862385,-0.278377,-0.044168,1.295529,-4.231791,-0.289897
-0.884610,-0.275213,-0.070516,0.546847,-2.790591,1.068711
-0.886957,-0.290227,-0.027677,0.493482,-3.009126,-1.213500
-0.900468,-0.309767,-0.051307,0.467645,-0.823242,-3.977600
-0.881784,-0.301233,-0.050155,0.554532,-0.279240,-5.247126
-0.896315,-0.323695,-0.060445,0.180468,0.454969,-6.150906
-0.919204,-0.352783,-0.039310,0.314628,-0.796710,-5.490821
-0.893233,-0.374914,-0.054747,0.484622,-0.060124,-4.653667
-0.879496,-0.392127,-0.042044,-0.214255,-1.185475,-2.660884
-0.933719,-0.387456,-0.026390,0.391181,-3.139849,-2.757792
-0.938278,-0.356250,-0.056474,-0.516354,-4.074516,-1.844999
-0.973955,-0.399299,-0.040770,0.226705,-6.168443,-1.708922
-0.987669,-0.407000,-0.057048,0.038070,-5.956345,-1.246761
-0.975150,-0.393545,-0.062182,0.816969,-6.465592,-0.537823
-0.966041,-0.380891,-0.056116,-0.217045,-7.471548,-0.292244
-0.980329,-0.397487,-0.045806,0.484560,-6.738199,0.848804
-0.935777,-0.384233,-0.079211,0.188543,-5.224381,2.110565
-0.919059,-0.410033,-0.050503,1.095753,-3.133090,0.590871
-0.882811,-0.390774,-0.054196,0.230545,-2.667407,0.217444
-0.846337,-0.393171,-0.042966,1.411012,-0.542826,0.329451
-0.826311,-0.358685,-0.042359,0.079353,-0.679238,2.233647
-0.855734,-0.359444,-0.017606,1.569439,-0.227561,1.817670
-0.858449,-0.345309,-0.058962,0.970321,-0.356948,3.382920
-0.841781,-0.383730,-0.008172,1.324536,-1.230014,3.611139
-0.817425,-0.376305,-0.044292,1.485746,-1.589816,4.567610
-0.820934,-0.363248,-0.042536,2.761728,-3.138841,4.445979
-0.825221,-0.340021,-0.059113,1.920147,-4.126120,4.249964
-0.794149,-0.376151,-0.040248,2.786672,-4.513457,3.518536
-0.743967,-0.363957,-0.070545,1.882232,-4.527562,3.998682
-0.715670,-0.393095,-0.045041,3.613869,-4.536730,4.292477
-0.714196,-0.421176,-0.071730,2.667769,-3.903682,4.129140
-0.705123,-0.440865,-0.043354,3.837190,-4.037661,3.502775
-0.697974,-0.442962,-0.077649,2.889061,-3.076314,1.775392
-0.722067,-0.473853,-0.025783,3.753330,-3.517437,-2.373576
-0.693510,-0.477339,-0.062283,2.340001,-2.114717,-4.150646
-0.653001,-0.533232,-0.015187,2.649459,-3.114643,-4.561150
-0.619350,-0.529441,-0.054468,1.622243,0.561875,-3.504765
-0.600361,-0.521803,-0.027933,2.007398,0.364220,-3.657090
-0.605931,-0.529684,-0.047102,0.739034,0.600444,-4.780026
-0.607454,-0.545302,-0.030322,0.790247,-0.581218,-4.986566
-0.590330,-0.542193,-0.054878,0.180101,-0.136007,-6.967131
-0.596087,-0.525886,-0.034937,-0.386750,-1.801402,-7.463472
-0.658516,-0.537578,-0.045783,-0.319207,-2.866408,-7.478546
-0.669193,-0.499341,-0.088891,-1.266040,-2.397725,-4.969630
-0.692502,-0.504376,-0.057294,-0.755614,-4.709248,-3.061906
-0.702993,-0.503943,-0.062815,-1.350412,-4.991242,-2.987257
-0.646702,-0.512560,-0.044328,-0.750503,-5.959608,-3.041337
-0.603016,-0.499883,-0.082520,-1.651240,-2.886861,-2.896637
-0.611649,-0.465621,-0.042848,-0.350407,-3.345854,-4.119638
-0.636740,-0.411411,-0.068819,-1.549692,-1.681149,-4.350812
-0.632594,-0.388460,-0.036355,-0.428115,-1.521449,-5.474086
-0.602389,-0.334303,-0.088362,-0.396378,0.138214,-4.498502
-0.638000,-0.307108,-0.058742,0.519508,-0.612099,-3.490905
-0.698240,-0.264253,-0.065221,-0.003598,0.472770,-2.619370
-0.710185,-0.221263,-0.054475,0.557322,-0.523670,0.180862
-0.657902,-0.146469,-0.070010,0.204880,-0.489638,0.319178
-0.588426,-0.080735,-0.053486,0.947883,-0.795009,0.478390
-0.572900,-0.070339,-0.082759,1.002538,0.756501,1.591793
-0.556176,-0.071209,-0.059319,1.798441,-0.686535,4.813235
-0.468998,-0.010960,-0.060363,1.152073,-1.610846,7.043722
-0.398753,0.043958,-0.032318,1.761372,-4.979905,8.556078
-0.372241,0.059540,-0.076057,1.717286,-1.740913,8.131212
-0.417696,0.037466,-0.018099,2.528649,-3.426120,7.980282
-0.398271,0.053832,-0.076729,2.130945,-3.202707,8.346822
-0.354204,0.054328,-0.044171,2.939498,-3.351770,6.403553
-0.310124,0.061713,-0.068504,2.039014,-2.575017,5.063035
-0.283914,0.061434,-0.061085,2.999003,-2.273167,3.102411
-0.255422,0.060876,-0.063271,1.827579,-0.741204,2.331429
-0.232984,0.023955,-0.040948,2.377358,-0.129328,3.115772
-0.156562,0.007848,-0.058725,1.462444,1.330970,4.261384
-0.136319,-0.036744,-0.033188,1.623274,1.044784,5.461533
-0.160333,-0.037318,-0.043071,0.698920,0.715493,3.248909
-0.170112,-0.078362,-0.044765,1.249995,1.280854,0.043128
-0.188789,-0.148875,-0.054123,0.102540,0.967650,-1.883781
-0.176243,-0.215420,-0.031461,0.731261,-0.025547,-3.093087
-0.159605,-0.215880,-0.075827,-0.337661,-0.158302,-2.349155
-0.186334,-0.269029,-0.035374,0.173201,-1.190313,-1.984305
-0.226514,-0.302694,-0.078292,-0.694022,-0.946336,-1.557384
-0.206570,-0.340488,-0.029091,0.086538,-2.464651,-2.079354
-0.177287,-0.343632,-0.078738,-1.359665,-1.930569,-3.025644
-0.230020,-0.398885,-0.047581,-0.749660,-4.231880,-5.019398
-0.308316,-0.424498,-0.061512,-1.198648,-2.482485,-6.676474
-0.343533,-0.441741,-0.060166,-0.998088,-4.183063,-8.194057
-0.369727,-0.454986,-0.063866,-0.896680,-1.229217,-10.480914
-0.336587,-0.467570,-0.061164,-0.531059,0.091344,-9.751775
-0.319489,-0.483989,-0.069377,-0.697682,1.504319,-8.828959
-0.296899,-0.483648,-0.041693,-0.366934,1.895789,-6.389312
-0.240376,-0.459670,-0.079195,-0.654456,4.454899,-6.527801
-0.226212,-0.467495,-0.043665,-0.024070,3.587072,-6.640694
-0.196627,-0.443582,-0.061092,-0.199552,4.547359,-7.112416
-0.157346,-0.406268,-0.049492,-0.274221,1.813607,-5.645487
-0.193713,-0.380497,-0.026761,0.101674,0.158644,-4.928035
-0.196322,-0.342762,-0.074064,0.163311,-0.789685,-2.697552
-0.209032,-0.328868,-0.070122,1.325206,-2.058646,-0.677326
-0.190401,-0.269738,-0.069784,0.685527,-3.718697,1.052090
-0.163101,-0.265113,-0.061643,2.075013,-3.504291,-0.224828
-0.107939,-0.257104,-0.091494,1.541397,-1.531638,0.643851
-0.059671,-0.240488,-0.053615,2.543052,-2.043944,0.757269
-0.012184,-0.196415,-0.080938,1.952440,-0.463224,1.013297
-0.040482,-0.204463,-0.040882,2.950055,-0.758919,-0.064033
-0.022455,-0.187729,-0.099654,2.389638,1.803221,1.371056
-0.030717,-0.219832,-0.038778,3.277587,-1.487525,2.814624
-0.014226,-0.181253,-0.073847,2.660761,3.200896,4.106424
-0.097678,-0.177590,-0.043255,2.680065,0.721162,3.483773
-0.167995,-0.169069,-0.055403,1.836691,1.186776,2.228830
-0.156614,-0.164903,-0.039480,2.241367,-0.456528,0.844576
-0.119966,-0.133855,-0.068645,1.131571,0.653176,1.076281
-0.171123,-0.154183,-0.043498,1.523819,0.116622,1.941026
-0.201088,-0.148855,-0.073503,0.818551,-0.292888,3.815541
-0.206701,-0.166266,-0.062425,1.208653,-0.672689,4.528904
-0.195554,-0.166282,-0.055269,0.441127,-1.650748,4.158996
-0.232386,-0.208957,-0.069314,0.877100,-2.180172,1.861137
-0.276368,-0.247004,-0.078075,-0.055647,-1.972115,1.428830
-0.312580,-0.270562,-0.044322,0.348214,-3.155555,0.036731
-0.293525,-0.226482,-0.097891,-0.311261,-1.314386,-0.873697
-0.323205,-0.273086,-0.065589,0.425762,-0.806081,-2.877173
-0.340224,-0.287873,-0.089968,-0.805248,0.483950,-1.998300
-0.310879,-0.315095,-0.075942,0.581356,0.694259,-1.695176
-0.269809,-0.308224,-0.077091,-0.784345,2.357881,-2.043262
-0.243333,-0.312557,-0.045714,0.051915,2.128685,-4.286162
-0.231664,-0.310591,-0.084341,-0.690815,3.241188,-5.723923
-0.238377,-0.320980,-0.027641,0.012703,-0.483312,-7.616922
-0.166465,-0.311648,-0.082615,-0.768944,2.368230,-6.865528
-0.126350,-0.334175,-0.048386,0.105225,1.672094,-4.843692
-0.100002,-0.279195,-0.078630,-0.535901,1.633381,-2.213139
-0.116713,-0.268481,-0.062106,0.528036,-0.181318,-1.334886
-0.144197,-0.265487,-0.062306,0.069240,-1.531185,-1.969792
-0.082293,-0.286574,-0.075436,0.735732,-2.318208,-1.589960
-0.051826,-0.308904,-0.084240,0.711097,-2.109859,-2.417082
-0.034541,-0.277911,-0.048425,0.977461,-3.618051,-2.671073
-0.032597,-0.243104,-0.068264,1.173491,-1.723040,-3.517845
-0.044486,-0.233168,-0.057189,0.712824,-1.313234,-2.314076
0.012425,-0.200531,-0.059858,1.273405,-0.150322,-0.112520
0.061323,-0.187477,-0.044194,0.794229,-0.414798,3.221851
0.019055,-0.218233,-0.039956,1.980334,1.211946,4.728004
-0.010677,-0.220327,-0.089170,1.992256,1.853111,5.447455
-0.006689,-0.235732,-0.052357,2.573313,2.615835,3.342522
0.025233,-0.227582,-0.046045,1.985199,1.962462,0.162446
0.032323,-0.278561,-0.064719,3.352512,3.167662,-3.188484
0.031919,-0.301374,-0.078765,2.425387,2.712013,-2.406672
0.044783,-0.306403,-0.037869,3.343042,1.966309,-1.136112
0.106640,-0.259004,-0.089252,2.824820,3.204674,1.603800
0.124822,-0.287447,-0.040042,3.448644,1.090876,4.157007
0.089779,-0.330309,-0.051616,1.993714,-0.228365,6.018856
0.099501,-0.360074,-0.059182,3.045443,-0.857530,6.870748
0.100693,-0.375396,-0.072387,1.962222,-0.633759,3.719035
0.129883,-0.392307,-0.037261,2.307479,-0.737744,-0.022541
0.130523,-0.414356,-0.110722,1.438394,-0.458674,-2.299973
0.145875,-0.454730,-0.058719,2.170657,0.960665,-4.684500
0.186377,-0.468069,-0.056634,0.645948,-0.387882,-4.984799
0.291665,-0.518087,-0.051865,2.049797,2.647799,-4.225126
0.367417,-0.532885,-0.068294,0.623660,4.462984,-2.242764
0.366186,-0.542197,-0.022917,1.066215,4.845838,-3.294159
0.417592,-0.543956,-0.071287,0.776070,6.494990,-5.160549
0.459184,-0.584104,-0.057176,0.866019,5.691952,-8.044706
0.497989,-0.559952,-0.056418,-0.243429,4.081371,-10.250294
0.499020,-0.538983,-0.068520,0.583913,3.324214,-11.668934
0.491555,-0.514053,-0.085044,-0.508469,2.858548,-11.566890
0.486093,-0.517575,-0.050158,-0.141781,0.757692,-10.519539
0.523100,-0.486487,-0.099506,-0.619534,0.406298,-7.895816
0.513597,-0.466002,-0.065996,-0.051130,-0.354647,-7.660357
0.524813,-0.404942,-0.078236,-1.414038,-1.283531,-6.633729
0.549779,-0.386087,-0.064729,-0.317812,-0.003046,-6.271413
0.563100,-0.339437,-0.087772,-1.272604,1.021157,-4.480813
0.550754,-0.303603,-0.074350,-0.449527,2.189055,-5.263971
0.573938,-0.246144,-0.077120,-0.914024,3.368235,-5.074874
0.610728,-0.216054,-0.076874,-0.503342,5.613367,-5.102029
0.636012,-0.174117,-0.062773,-0.010146,5.900373,-2.910052
0.613728,-0.126610,-0.068100,0.569506,6.919216,-2.085846
0.599561,-0.089499,-0.084410,0.879723,6.197418,0.357013
0.587265,-0.079025,-0.067329,1.492075,6.370678,0.808144
0.598149,0.004418,-0.051090,1.080290,3.785699,1.319948
0.589641,0.044867,-0.056027,2.264252,3.754975,0.764237
0.572310,0.077735,-0.083107,1.376412,2.868664,3.068896
0.552248,0.057774,-0.059313,2.601847,1.532206,3.987316
0.619416,0.106709,-0.100258,1.980318,1.475102,6.363038
0.640335,0.143016,-0.060902,3.066148,1.024558,6.633914
0.652402,0.145051,-0.084962,1.959976,0.991536,6.057912
0.685856,0.128658,-0.071139,3.015192,1.957738,7.051287
0.693760,0.145336,-0.076575,1.123427,2.169006,9.029472
0.691531,0.123544,-0.064072,2.431367,2.963090,8.893221
0.707090,0.149613,-0.077980,0.899139,3.617037,8.915424
0.751164,0.139953,-0.084588,1.626464,4.318383,7.744428
0.780571,0.137206,-0.083242,0.390548,5.836546,6.849718
0.726834,0.085100,-0.060672,0.961708,5.552021,5.747327
0.732841,0.055476,-0.106708,-0.041234,5.957202,5.741731
0.779498,-0.009578,-0.062795,0.978807,6.204209,4.214627
0.774462,-0.004793,-0.076913,-0.161768,4.410357,2.118297
0.731928,-0.062682,-0.073962,1.410155,6.140943,-1.019662
0.664051,-0.116642,-0.088678,-0.413610,2.992547,-1.479900
0.641934,-0.198798,-0.064998,1.248498,2.007924,-2.464687
0.660096,-0.199694,-0.072393,-0.383372,0.295945,-3.814612
0.625814,-0.231914,-0.068763,0.606010,0.613327,-5.365358
0.559115,-0.266551,-0.072475,-0.444600,-0.037616,-5.038642
0.504984,-0.315321,-0.046787,0.328116,-0.106964,-3.462254
0.528949,-0.336490,-0.065740,-0.192541,0.554910,-2.005944
0.528706,-0.406744,-0.041594,0.544429,2.743755,-3.347276
0.505302,-0.456745,-0.049429,0.579564,3.034828,-5.386025
0.496345,-0.484721,-0.058604,1.305610,5.038084,-9.964151
0.506051,-0.487771,-0.057599,0.935902,5.663454,-13.431647
0.484373,-0.543083,-0.036103,1.452131,6.577275,-15.108354
0.523513,-0.532254,-0.074084,0.793490,6.426735,-12.853442
0.506448,-0.547711,-0.035857,1.485717,5.286334,-10.354478
0.459591,-0.535622,-0.067335,0.531699,4.624940,-7.546461
0.454956,-0.550991,-0.040833,1.457193,2.482344,-6.095718
0.483238,-0.533187,-0.080478,-0.067073,2.394004,-4.345866
0.510416,-0.537332,-0.049804,1.325629,1.738518,-6.707879
0.494260,-0.490971,-0.085336,-0.232708,0.370575,-8.078665
0.483589,-0.492675,-0.040426,1.074280,0.336231,-7.707228
0.518567,-0.465562,-0.076152,0.023604,0.442444,-4.577914
0.585827,-0.433988,-0.048766,1.086494,1.232559,-0.583480
0.591437,-0.401298,-0.073047,0.081260,1.851027,0.895866
0.563500,-0.427617,-0.044745,1.010436,1.304835,1.432393
0.603539,-0.387427,-0.090831,0.467275,3.488615,0.729886
0.651079,-0.336030,-0.041282,1.361549,4.249717,0.150552
0.636597,-0.301085,-0.076326,1.157936,4.975438,-1.269301
0.599938,-0.282694,-0.055676,1.798340,4.707437,-0.235987
0.575176,-0.249361,-0.069863,1.295884,3.926427,2.129975
0.591795,-0.244270,-0.050191,2.684624,3.900305,3.797973
0.595478,-0.216707,-0.075997,2.121591,4.088363,3.329509
0.544665,-0.228481,-0.056667,2.831930,2.382680,2.011757
0.512586,-0.203873,-0.073844,2.290761,2.493209,-0.703474
0.540464,-0.161972,-0.064758,2.900188,1.886441,-2.449952
0.591621,-0.141739,-0.062060,2.457854,3.025056,-2.766466
0.596662,-0.122202,-0.043298,1.860158,1.672235,0.631045
0.581491,-0.082816,-0.078715,1.946305,2.532631,3.220229
0.564967,-0.055808,-0.079293,1.574244,2.091501,4.682085
0.572130,-0.072897,-0.086731,0.935902,2.956286,4.036554
0.605187,-0.065590,-0.063695,0.556127,2.246777,1.765577
0.622810,-0.039284,-0.080622,0.444787,3.609113,-2.458253
0.600217,-0.027809,-0.071116,-0.502912,3.381516,-3.981508
0.593219,-0.035713,-0.064407,0.026578,4.261455,-5.316046
0.661714,-0.022071,-0.080997,-0.947230,4.450918,-1.890728
0.716087,-0.020450,-0.080938,0.224565,6.218061,-1.061573
0.733126,-0.006982,-0.087693,-1.450138,4.940129,0.399329
0.720876,-0.040282,-0.049475,-0.693080,4.681269,-0.993639
0.798795,0.003371,-0.084384,-1.564174,4.770138,-1.676536
0.852591,-0.004760,-0.042914,-0.556797,4.125809,-4.030812
0.877321,-0.003526,-0.071793,-1.646625,4.215478,-4.042253
0.901286,-0.032313,-0.049475,-0.507990,3.635662,-2.262422
0.935961,-0.023440,-0.081607,-1.020779,3.833084,0.129167
0.976089,-0.001195,-0.046833,-0.532411,0.777036,0.991176
1.035153,0.002379,-0.061561,0.357874,3.569770,0.528494
1.071802,0.002327,-0.076467,-0.379210,4.634458,0.949871
1.080146,-0.021461,-0.054780,0.877872,3.648742,0.222575
1.112035,0.013638,-0.071727,0.402657,3.769618,0.421350
1.135626,0.008659,-0.060918,0.880117,4.419892,1.358563
1.122053,-0.005882,-0.080924,1.149927,5.300547,3.400696
1.137349,-0.000755,-0.054993,1.486308,4.643653,4.631295
1.168374,-0.008975,-0.084456,1.337600,7.344876,5.429047
1.151007,-0.044116,-0.050069,1.508011,5.640017,4.222567
1.166993,-0.069224,-0.073299,2.050086,7.092447,2.876837
1.224173,-0.067589,-0.054090,1.715993,7.444111,2.525955
1.276869,-0.079334,-0.040984,2.232695,7.460825,0.905725
1.294574,-0.099347,-0.061574,1.112885,8.023960,1.864658
1.304484,-0.160978,-0.033109,2.357808,7.867371,1.732833
1.419816,-0.124168,-0.053582,1.618498,7.817183,3.527253
1.486105,-0.133281,-0.046121,2.078489,7.618250,3.019596
1.506850,-0.159274,-0.050627,1.118527,7.203301,2.660856
1.525953,-0.214304,-0.066150,2.309222,7.156681,1.682996
1.592849,-0.237879,-0.063337,1.527706,6.516641,1.824554
1.669061,-0.293592,-0.036608,2.220517,6.100582,-0.948161
1.715009,-0.325060,-0.075062,1.444962,6.283342,-2.475800
1.721833,-0.383311,-0.047982,2.553219,6.616664,-3.862002
1.743917,-0.397845,-0.059099,1.459143,6.516753,-4.906880
1.830015,-0.427942,-0.042454,2.273427,6.825975,-5.972734
1.864327,-0.473821,-0.046672,1.128129,8.225817,-6.738407
1.895090,-0.481508,-0.055328,1.753860,8.622598,-6.384552
1.868190,-0.480084,-0.075206,0.908747,9.441231,-6.942837
1.867826,-0.484416,-0.025576,1.083996,8.644816,-7.516650
1.914026,-0.501196,-0.062008,0.476588,9.254733,-7.449470
1.899390,-0.528526,-0.038952,0.547672,8.356723,-7.060291
1.845751,-0.510600,-0.063170,0.484465,9.459550,-8.534016
1.806099,-0.506126,-0.058804,0.192020,7.548259,-8.048203
1.807596,-0.496929,-0.055909,0.446097,8.368836,-9.001798
1.835822,-0.464052,-0.052485,-0.142037,7.106013,-7.342048
1.792166,-0.466314,-0.060780,0.667330,7.919736,-8.383141
1.738455,-0.429501,-0.067007,-0.056343,6.711175,-6.913838
1.711253,-0.407735,-0.083669,0.768813,8.290950,-6.232172
1.723037,-0.346560,-0.090119,-0.033284,7.319338,-4.260816
1.739942,-0.285602,-0.066505,0.340599,9.386388,-3.912812
1.711336,-0.255397,-0.079972,-0.667106,8.084908,-2.812067
1.671145,-0.236201,-0.063692,0.443359,8.818392,-2.512720
1.668608,-0.148114,-0.074524,-0.546890,8.080644,-1.196306
1.686658,-0.085695,-0.073398,0.395846,9.072784,-0.656572
1.717920,-0.041727,-0.084949,0.052257,9.395805,0.885009
1.734355,-0.011571,-0.059306,0.769601,9.308292,2.357173
1.767449,0.074649,-0.103439,0.688968,10.517762,4.058746
1.771979,0.096342,-0.055312,1.436090,9.028678,3.822627
1.777464,0.147581,-0.070814,0.822586,9.504201,4.402367
1.800060,0.196555,-0.069186,1.589376,7.920563,5.292216
1.807321,0.267935,-0.078220,0.721736,6.396681,6.229270
1.773656,0.283274,-0.069869,2.019166,6.295785,7.389387
1.777352,0.321938,-0.091379,1.097634,6.265535,9.182898
1.778031,0.335130,-0.090654,2.104824,5.602498,10.596883
1.804084,0.380516,-0.115997,0.583289,6.387369,11.036966
1.753859,0.365604,-0.057974,1.937929,5.812998,9.274916
1.759138,0.375202,-0.095942,1.277440,6.679827,9.532676
1.734871,0.343264,-0.058082,2.282709,6.429269,8.788360
1.676709,0.327361,-0.093499,1.758323,7.654886,8.257601
1.597208,0.284042,-0.062690,2.790351,7.547740,5.881508
1.540770,0.261991,-0.087955,1.385235,7.316345,6.139740
1.523075,0.201742,-0.049045,2.546713,8.093872,5.610772
1.466364,0.192367,-0.060639,1.021455,7.641359,4.649164
1.389486,0.145356,-0.027001,1.552521,5.774390,2.669186
1.335792,0.084454,-0.065215,0.327016,7.974303,1.690477
1.327668,0.045146,-0.033296,0.844335,7.363385,0.636306
1.308255,0.011761,-0.041735,0.444833,6.784015,-1.671321
1.230859,-0.037578,-0.032331,-0.444192,4.511426,-2.323779
1.159272,-0.093852,-0.059214,-0.854507,5.869929,-3.377712
1.166152,-0.110408,-0.037101,-0.930482,5.359155,-2.876595
1.197477,-0.123046,-0.071569,-1.274918,7.588656,-3.992574
1.180608,-0.186948,-0.025057,-1.292998,5.272669,-4.182682
1.146891,-0.194170,-0.051422,-2.553441,4.595568,-3.399231
1.125906,-0.215939,-0.033050,-1.854305,5.350375,-3.573768
1.146011,-0.218325,-0.049571,-2.396783,6.541726,-4.189517
1.162308,-0.255798,-0.020117,-1.973122,5.357947,-4.818385
1.148581,-0.273411,-0.056510,-1.943397,6.629912,-5.418731
1.143674,-0.292889,-0.024503,-0.921794,5.839225,-5.411109
1.148269,-0.278991,-0.035630,-1.220407,6.560265,-5.986369
1.216902,-0.280649,-0.024040,-0.012184,6.433878,-6.140143
1.241110,-0.278364,-0.037606,-0.621710,7.182001,-5.320022
1.228046,-0.272554,0.005433,0.844516,6.182945,-3.559375
1.250826,-0.260367,-0.024965,1.294243,6.254732,-2.529194
1.280824,-0.275827,0.010889,1.519641,4.416656,-1.091442
1.277171,-0.254288,-0.011248,2.394063,5.519939,-2.274351
1.244389,-0.211705,-0.001227,2.659885,3.700877,-2.556813
1.209602,-0.226495,-0.018988,3.597434,4.923832,-3.077563
1.222561,-0.229640,-0.026771,3.528982,3.904418,-0.695825
1.243985,-0.212246,0.014893,4.083711,3.886260,0.212571
1.236039,-0.167510,-0.019812,3.375581,4.611652,2.589961
1.176462,-0.192729,0.006923,4.078400,4.900733,2.600270
1.190712,-0.200406,-0.028117,3.646828,5.553213,4.889099
1.220378,-0.207037,0.013830,3.758484,5.902376,2.546249
1.235999,-0.179271,-0.010257,2.922828,5.838207,0.930492
1.176105,-0.200971,0.014168,2.947393,7.792200,-1.241319
1.124541,-0.187027,-0.014327,1.706441,6.885252,-2.419535
1.181130,-0.169922,0.006878,1.741235,7.469287,-3.248334
1.209776,-0.150474,0.005876,0.331008,6.847147,-1.587406
1.180372,-0.187907,-0.001900,0.454277,7.152574,-0.720885
1.184678,-0.158230,-0.007385,-0.979932,4.728733,1.001466
1.214148,-0.127881,-0.012981,-0.948880,6.239446,0.351541
1.273012,-0.094968,-0.020334,-1.802715,5.901440,-0.655287
1.298067,-0.077463,-0.015837,-1.831850,5.950549,-1.001916
1.326325,-0.047340,-0.045740,-3.183764,6.056440,0.625170
1.345915,-0.059475,-0.023180,-2.023708,4.945351,0.747898
1.398096,-0.017456,-0.033382,-2.592463,5.888944,0.327763
1.414190,-0.025738,-0.012719,-2.090256,4.986011,-0.193501
1.443676,-0.013504,-0.037590,-1.776035,5.539253,-0.911586
1.494606,0.030461,-0.026032,-1.019676,5.505220,-1.986998
1.548389,0.054078,-0.051566,-1.484246,8.440855,-2.829645
1.568632,0.067995,-0.012709,-0.409284,7.119796,-2.412312
1.631815,0.134379,-0.048779,-0.492786,9.248588,-1.227646
1.655370,0.169003,-0.004588,0.309990,8.286558,-0.433132
1.667643,0.178965,-0.037071,0.196917,9.093141,0.608652
1.720290,0.199454,-0.001591,1.051050,7.815548,1.459964
1.756095,0.243924,-0.034534,1.609242,9.021433,1.902972
1.768644,0.286195,-0.018532,1.620894,7.944761,2.069785
1.726504,0.283399,-0.021276,1.686166,7.394421,2.286878
1.754746,0.305250,-0.006101,1.459546,5.250224,4.779598
1.796049,0.322827,-0.028162,2.073559,6.920092,6.215600
1.827560,0.363658,-0.004401,0.875535,5.545456,7.803378
1.783848,0.354368,-0.008376,1.791069,6.714221,7.338807
1.814749,0.353699,-0.037288,1.133666,7.773759,8.052403
1.870468,0.344465,-0.022894,1.711962,7.361058,8.922547
1.905758,0.342588,-0.019494,0.988296,8.111029,8.887058
1.891249,0.299200,0.001196,0.883508,7.927147,8.870036
1.899767,0.298153,-0.059136,1.089632,10.274274,8.629623
1.923982,0.276978,-0.004683,1.218287,9.966943,8.219631
1.929877,0.235275,-0.017557,0.435458,10.204440,6.911029
1.972148,0.154960,-0.006502,1.509820,10.886902,6.781247
1.990139,0.095545,-0.044338,0.490902,10.314606,7.669060
2.009315,0.051531,0.005519,1.700438,10.332328,6.504436
2.034144,0.030434,0.002719,0.406521,9.628041,4.066078
2.114196,-0.052588,0.005223,1.386578,9.798718,2.036475
2.138732,-0.104441,-0.026836,0.536184,9.704722,1.490226
2.129590,-0.142842,-0.008918,1.627259,9.324396,0.695499
2.109653,-0.166223,-0.015532,0.239546,7.911782,-0.222280
2.155567,-0.199189,0.018415,0.340685,6.427536,0.106977
2.206839,-0.220827,-0.008612,0.132644,8.240161,-0.078614
2.184998,-0.280048,0.013085,0.819878,7.953909,-0.579471
2.141371,-0.305484,-0.004795,0.269817,7.955659,-1.908843
2.124230,-0.359684,-0.013982,0.723250,8.175273,-4.156486
2.145523,-0.371445,-0.008090,0.541655,9.220654,-7.045172
2.143518,-0.362687,0.009412,0.518964,9.067575,-8.160939
2.052761,-0.418699,-0.023853,0.712280,10.215798,-9.694024
1.991885,-0.465079,-0.002957,0.969488,9.752462,-7.862517
1.967369,-0.440858,-0.003659,0.142721,9.912904,-8.431716
1.995476,-0.415705,0.007938,1.126481,10.691909,-9.010380
1.949860,-0.407719,-0.010063,-0.030099,11.124150,-9.422140
1.873261,-0.414284,0.029346,0.555448,9.865059,-9.164891
1.904619,-0.380632,-0.024739,-0.070322,11.176390,-7.896238
1.916475,-0.362270,0.016827,0.373962,9.115511,-6.048645
1.873199,-0.327023,0.026884,-0.130755,8.602542,-5.117344
1.830383,-0.308195,0.009507,0.937682,7.904384,-3.034307
1.800805,-0.270707,-0.014468,0.681346,8.430575,-2.469562
1.782433,-0.256658,0.031214,1.236367,4.868985,-3.539972
1.812855,-0.260229,-0.024417,1.465898,7.062353,-4.990464
1.818054,-0.241618,-0.013835,1.991649,7.188474,-3.761444
1.799607,-0.156241,-0.001883,1.530329,6.913133,-2.794600
1.799525,-0.118260,-0.014941,2.147063,7.292429,-0.926148
1.834516,-0.103811,-0.021850,1.605559,8.337245,1.966019
1.846044,-0.065600,0.007498,1.250741,8.186079,4.524387
1.810528,-0.001395,-0.030736,1.591963,9.643846,4.789721
1.761511,0.057084,-0.013244,0.716337,8.395509,5.651037
1.738160,0.079412,0.010278,0.808652,8.349239,4.855032
1.780510,0.149124,0.002994,-0.132883,8.111171,5.218509
1.772727,0.172443,0.001022,0.572034,8.967014,5.115860
1.699214,0.192456,-0.001059,-0.131002,7.307138,6.923149
1.639516,0.208736,-0.008822,-0.071488,7.551820,8.537178
1.609925,0.256952,0.014512,-0.132092,6.018564,10.961083
1.595036,0.284131,0.007715,0.504918,6.066645,10.155946
1.497426,0.274228,-0.013044,-0.330807,4.754152,9.742911
1.361129,0.256992,0.001885,0.393302,3.030646,7.304991
1.327185,0.297293,-0.034967,-0.180780,3.257863,5.446762
1.285751,0.305004,0.013475,0.342726,3.188436,3.403479
1.243526,0.326586,-0.022346,-0.216601,5.075218,4.021111
1.157221,0.292399,0.016584,-0.066876,3.283115,4.979749
1.111352,0.281866,-0.009686,-0.195673,5.902126,5.669211
1.127196,0.286353,-0.000771,0.065252,6.341704,4.286753
1.126553,0.262276,0.013429,0.138887,7.843862,1.246050
1.104068,0.258833,0.026277,0.283288,8.037414,-0.063907
1.086809,0.242930,0.009139,0.718309,8.428425,-2.415899
1.090590,0.226403,0.002968,-0.228421,7.640223,-1.927396
1.088145,0.183780,0.031985,0.314084,6.949772,-1.728076
1.098724,0.195548,-0.010450,-0.540260,5.792095,0.536905
1.095921,0.188891,0.028647,-0.082993,4.831950,1.802745
1.074539,0.186062,-0.000455,-1.142075,3.926725,3.490962
1.067912,0.126912,0.010462,-0.358879,2.314487,3.621844
1.083126,0.104690,-0.028356,-1.402376,2.058956,3.156303
1.102765,0.063548,0.006868,0.181594,2.461543,1.111118
1.109586,0.035345,0.008368,-0.752873,1.449394,-0.514171
1.152937,-0.005587,-0.000462,0.139271,3.419103,-0.179298
1.184682,-0.069903,0.001439,0.467206,5.189250,0.481747
1.188942,-0.109417,0.051716,0.469714,5.013807,0.852167
1.201310,-0.150077,0.000707,0.993411,7.667707,0.215641
1.222948,-0.193996,0.029976,1.421168,7.967515,-0.106172
1.205279,-0.235545,0.056403,1.707745,7.464990,-1.632154
1.215970,-0.225012,0.049667,1.309654,7.266833,-1.494210
1.163654,-0.292590,0.028913,1.443400,7.297904,-3.139881
1.148220,-0.313155,0.038166,1.235113,6.175399,-2.544646
1.153498,-0.293487,0.032011,1.473776,5.566615,-1.960231
1.162230,-0.281164,0.029415,0.585630,4.809186,0.206356
1.096972,-0.330050,0.055674,1.388862,3.326758,1.412802
1.088880,-0.332315,0.002216,0.472343,2.705718,5.001896
1.076499,-0.339825,0.033951,1.511261,2.714032,4.672027
1.071815,-0.318794,0.023352,-0.000423,2.751649,2.286731
1.094763,-0.351251,0.029487,1.561709,3.428780,0.106677
1.094251,-0.398649,0.008716,0.378978,4.864144,-0.210806
1.093089,-0.411444,0.037811,1.643934,5.532593,-1.312393
1.085260,-0.408749,0.017992,0.955295,6.763238,-2.002073
1.095646,-0.435852,0.059797,2.106357,6.260011,-3.000915
1.131765,-0.423602,0.015543,2.007586,7.866186,-3.935543
1.159062,-0.431339,0.048545,2.633304,7.922037,-3.822715
1.166336,-0.444206,0.039620,2.748563,8.234889,-4.962125
1.214056,-0.465936,0.023779,2.367961,7.901476,-4.446225
1.255753,-0.471493,0.048932,2.688127,8.066142,-5.909726
1.336908,-0.441702,0.033754,2.771760,7.256509,-5.766320
1.375779,-0.462558,0.030685,3.156921,7.512503,-5.995883
1.365104,-0.470781,0.048528,2.344416,4.740147,-3.941421
1.394728,-0.472439,0.037457,3.526544,5.258118,-3.499850
1.410947,-0.437881,0.019505,1.861517,3.459726,-3.747572
1.399163,-0.457267,0.045049,2.224315,2.440070,-6.128154
1.426742,-0.436887,-0.010549,1.669202,2.862008,-5.994630
1.451783,-0.430935,0.020483,1.662079,3.575239,-5.436625
1.470556,-0.357852,0.005689,0.302730,5.466809,-6.231376
1.503025,-0.323186,0.009914,-0.001742,6.014839,-5.567201
1.533762,-0.287365,-0.005327,-1.214495,7.705379,-3.307655
1.527975,-0.235722,0.026881,-1.467853,8.484565,-1.773149
1.521785,-0.176491,-0.019681,-2.036664,9.731536,-1.487460
1.535981,-0.149781,0.003040,-1.951488,11.027282,-0.425535
1.580488,-0.092037,0.004764,-2.775639,10.945950,0.163007
1.624512,-0.008046,0.022180,-3.425824,10.389685,2.059275
1.581479,0.012716,0.044491,-1.993726,9.344511,2.260782
1.604587,0.072036,-0.017504,-2.466647,8.147711,5.168127
1.629301,0.094137,0.019344,-1.410512,6.827662,7.925333
1.660021,0.191376,-0.004755,-1.929696,5.672513,10.092956
1.666123,0.224699,0.004708,-0.048780,4.580580,9.534006
1.665116,0.241436,-0.015968,-0.253243,4.830272,9.653739
1.695376,0.253732,0.014893,1.776223,4.288719,10.647580
1.730045,0.300861,-0.034718,1.991574,4.704348,11.003810
1.756092,0.299617,0.004879,3.224733,4.836089,10.449390
1.747895,0.304081,0.006221,3.583339,5.900150,9.731737
1.754483,0.294178,0.009018,4.432890,5.640575,9.924016
1.746100,0.287092,-0.004572,5.611115,9.416340,9.021512
1.741954,0.264256,0.016613,5.179648,8.158451,8.568103
1.730364,0.209272,0.020421,5.397451,9.203904,7.395843
1.726789,0.174140,0.025968,5.254012,9.045070,7.354961
1.732077,0.163577,0.016607,5.411762,11.549574,5.656512
1.686192,0.100416,0.007012,4.272261,9.848516,5.468087
1.669954,0.030513,0.035303,3.913871,9.705454,3.718712
1.718170,0.011426,0.030967,2.419870,8.860906,5.523330
1.702381,-0.042298,0.024288,1.858891,8.369095,4.129689
1.688477,-0.074440,0.019843,0.217853,7.008475,4.123167
1.673775,-0.171199,0.011050,-0.112869,6.513293,3.807792
1.682224,-0.233205,0.026421,-1.266098,4.886967,2.459128
1.669786,-0.298144,0.006014,-0.611252,4.883362,-1.259297
1.610345,-0.369718,-0.005386,-2.011927,4.067128,-5.346797
1.565392,-0.452160,0.017582,-1.899691,4.529036,-7.829073
1.623087,-0.468601,-0.012660,-2.690174,5.829588,-7.468334
1.628812,-0.527167,0.023375,-1.743831,6.789310,-9.639886
1.569304,-0.581110,-0.004683,-3.116074,7.246853,-9.570185
1.526131,-0.629415,0.039620,-1.642817,7.146633,-9.582705
1.548359,-0.624534,-0.000922,-2.394544,9.076759,-7.989514
1.525550,-0.656469,0.059206,-0.802447,9.407399,-9.878833
1.506810,-0.655228,0.003063,-1.302425,10.724395,-8.516895
1.425875,-0.679931,0.023283,-0.195642,8.429581,-9.178121
1.373277,-0.643536,0.026231,-0.090158,7.980921,-9.231814
1.357636,-0.626021,0.027045,1.127098,7.180176,-11.085158
1.382898,-0.584179,0.008492,1.270826,7.393272,-9.485015
1.315795,-0.587157,0.033455,2.272065,5.312620,-7.513932
1.278858,-0.527974,0.015277,2.338721,4.473481,-5.792271
1.264665,-0.502407,0.032530,3.273990,4.259949,-5.220389
1.268318,-0.469159,0.016584,2.919082,4.074386,-4.381431
1.241120,-0.418748,0.033354,3.661002,3.442592,-4.488870
1.175904,-0.355863,0.013383,3.299005,4.354818,-4.656727
1.136699,-0.321745,0.014109,3.753347,4.644296,-3.646276
1.165148,-0.259589,0.003976,2.950134,5.414369,-2.764921
1.173748,-0.201657,0.034923,2.741187,5.853681,-0.210965
1.101537,-0.149657,0.008808,2.150519,7.235732,1.422886
1.039959,-0.128291,0.010633,2.296552,5.858611,4.400516
1.027686,-0.124083,0.012477,1.530808,6.509495,6.129694
1.039890,-0.070041,0.029766,1.498962,4.824955,6.270787
0.992380,-0.051000,0.006090,1.718048,5.956562,4.104303
0.910306,-0.032257,0.007137,0.956618,3.898700,3.209098
0.867309,-0.034479,0.019528,0.856070,3.884231,2.807300
0.931422,0.027717,0.015195,0.193861,2.993656,4.311659
0.910802,0.008685,0.012241,1.007453,3.105640,4.820857
0.839550,-0.016902,0.007619,0.491992,3.300512,6.340461
0.822652,-0.027343,0.017352,0.912699,3.388544,7.234489
0.859855,-0.008426,-0.015827,0.548693,4.511528,5.065247
0.839336,-0.026191,0.031171,0.911277,2.444531,1.981428
0.766680,-0.034157,0.008453,0.023562,2.800701,0.466542
0.775923,-0.058352,0.030265,0.587255,3.422097,0.239177
0.795677,-0.029621,0.013541,-0.464015,3.935700,1.188334
0.780039,-0.036028,0.066126,0.061592,0.028810,0.784699
0.767920,-0.043867,0.004363,-0.691879,4.304308,0.833295
0.761418,-0.069992,0.010948,0.206886,4.553990,1.869719
0.786634,-0.065117,0.002312,-0.717797,4.859690,0.810043
0.794932,-0.061365,0.054841,-0.692177,3.667222,-0.280091
0.807959,-0.040542,0.007918,-1.120883,5.370611,-1.653483
0.794886,-0.029772,0.031384,-1.012179,4.031255,-1.631796
0.782219,-0.026151,0.011585,-1.178520,5.108525,-1.414151
0.769906,-0.021894,0.020936,-0.964971,3.010774,0.856459
0.769857,-0.034722,0.006763,-1.397997,2.662357,2.654126
0.745830,-0.043312,0.036948,-0.819946,2.409064,3.756605
0.764316,-0.041316,0.009146,-0.204955,2.969048,1.431602
0.752155,-0.091085,0.029631,-0.052102,1.983407,-0.621258
0.738359,-0.129975,0.037394,0.565758,2.494617,-2.154055
0.794593,-0.132850,0.040611,0.894264,1.497551,-1.566937
0.804135,-0.137328,0.037975,1.682542,3.963069,-2.178777
0.777577,-0.152972,0.041931,1.707249,3.551861,-1.143591
0.809318,-0.197849,0.043283,2.809436,5.258729,0.696282
0.879812,-0.215496,0.041914,2.425781,5.470696,2.866049
0.899205,-0.252765,0.064448,3.595586,6.134093,1.919982
0.896182,-0.258627,0.024386,2.707716,7.012759,0.999668
0.907756,-0.300751,0.070662,2.911060,5.783016,-0.353553
0.956821,-0.304348,0.048932,2.403447,5.236934,-0.674682
1.026576,-0.336815,0.047849,3.316280,4.565541,0.291463
0.989416,-0.391746,0.032789,2.039891,3.963285,3.106036
0.990036,-0.421564,0.064576,2.552684,2.684677,5.407033
1.024699,-0.420911,0.015126,2.213194,3.287825,6.115207
1.047161,-0.465450,0.059551,2.444373,1.388564,4.305262
1.033161,-0.522046,0.041497,1.358730,1.890521,1.976234
1.043347,-0.583129,0.036081,2.348513,2.979450,1.629603
1.076355,-0.602896,0.026224,1.700034,3.901398,0.753544
1.121531,-0.632188,0.062899,2.283071,4.283018,-1.228605
1.163336,-0.679199,0.029799,2.154941,7.218305,-2.190371
1.194362,-0.737200,0.052467,2.624136,7.746404,-2.092927
1.253997,-0.737036,0.052375,2.085911,8.478437,-4.702284
1.293987,-0.773675,0.056157,2.356736,8.595213,-5.766501
1.303686,-0.821346,0.055605,2.627596,8.723723,-6.752752
1.325216,-0.817023,0.051785,2.043223,7.777889,-6.998724
1.340512,-0.807924,0.031827,2.400707,7.929403,-9.124237
1.366985,-0.820860,0.051515,2.151468,5.740906,-9.279453
1.356790,-0.843896,0.051059,2.062357,5.069408,-9.504638
1.331627,-0.802685,0.028545,1.287366,3.789375,-8.648855
1.302088,-0.790369,0.058136,1.675147,1.987103,-9.103312
1.323122,-0.737742,0.026812,0.862008,3.245662,-8.830023
1.315099,-0.733593,0.055126,0.998174,3.043024,-8.167739
1.297158,-0.687629,0.031775,0.336529,3.445093,-7.174445
1.314932,-0.641694,0.029812,1.127590,5.654939,-7.034111
1.328164,-0.609740,0.005748,0.130290,7.592053,-6.856095
1.317148,-0.584094,0.051785,0.686385,7.456817,-7.558498
1.305607,-0.502906,0.020680,0.214373,8.627833,-7.762838
1.279629,-0.446760,0.054013,0.458820,9.067539,-6.748562
1.272152,-0.413259,0.031575,0.764914,9.873505,-5.923348
1.312720,-0.369367,0.044990,0.231462,9.279725,-2.573914
1.290977,-0.311487,0.045847,1.110574,8.112060,-1.602323
1.287376,-0.242537,0.015369,1.017300,6.659687,-0.679559
1.255435,-0.226407,0.021406,1.786323,6.309477,-0.022514
1.272251,-0.154886,0.016262,1.241921,4.546204,2.373929
1.321008,-0.091104,0.033849,2.062268,4.246996,3.366722
1.312874,-0.028669,0.001786,1.733459,4.846097,5.342549
1.290767,-0.010734,0.012750,2.233772,3.036774,7.899709
1.287698,0.001706,-0.008120,2.193302,3.083539,9.760691
1.311758,0.076320,0.026470,2.191848,3.445402,10.314464
1.326618,0.093516,0.014145,1.957696,4.566883,8.472428
1.320817,0.103551,0.030143,1.465064,4.444048,8.448230
1.305561,0.109459,0.023073,2.086321,5.715270,7.046116
1.293928,0.156634,0.041044,1.298434,4.682070,7.450485
1.290996,0.167253,0.031440,1.762935,7.120557,7.712617
1.290475,0.176460,0.014266,0.365618,8.115691,10.436079
1.244589,0.163898,0.046792,1.498377,7.574640,10.565091
1.221950,0.168323,0.007321,0.234915,7.657797,10.103973
1.176295,0.119188,0.038652,1.022004,6.351072,7.756491
1.165552,0.103689,0.024396,-0.172508,5.628578,4.912695
1.157411,0.102330,0.042459,0.931310,4.260090,2.743534
1.121921,0.092709,0.014119,0.126302,3.914446,2.051376
1.062142,0.037623,0.033213,0.391868,2.035450,3.449074
1.025766,0.000571,0.018212,0.015178,1.788082,5.422630
0.965989,-0.035861,0.041993,0.456880,0.428789,4.592398
0.921374,-0.057771,-0.020255,0.145432,2.202090,0.741194
0.879247,-0.126102,0.021845,0.904837,2.256457,-3.546062
0.876917,-0.175742,0.018074,0.731035,3.563829,-6.902024
0.866134,-0.205350,0.040381,0.498356,4.051586,-6.792364
0.821939,-0.248008,0.042646,0.988723,5.396411,-8.128294
0.797987,-0.289351,0.035635,0.382395,5.761907,-5.774684
0.750661,-0.340763,0.061908,0.921082,5.869555,-4.272664
0.740348,-0.373345,0.042036,1.006675,5.011808,-3.866960
0.665321,-0.445824,0.042449,1.425521,5.271449,-6.790138
0.581140,-0.482256,0.054601,0.944919,3.300774,-9.081042
0.551519,-0.492579,0.036075,1.387352,3.420127,-11.419678
0.560667,-0.481862,0.028492,0.522830,3.043471,-12.671019
0.554851,-0.495363,0.050888,1.202725,2.271829,-12.041467
0.556686,-0.531056,0.023408,0.101598,3.317016,-6.898456
0.523536,-0.554582,0.073130,0.716796,1.311440,-2.413292
0.541764,-0.500215,0.035064,-0.114015,1.486971,-0.054913
0.548401,-0.515363,0.058418,0.927233,2.139011,-1.346509
0.527863,-0.519584,0.049582,0.074554,0.125508,-1.850105
0.496673,-0.552510,0.048079,1.466764,0.782734,-4.526622
0.447476,-0.562541,0.034703,0.814081,1.059096,-5.712674
0.407712,-0.566477,0.052707,1.616362,1.514134,-7.328764
0.423773,-0.539325,0.052119,0.740410,0.276238,-5.049297
0.390312,-0.492195,0.074571,1.451668,1.281228,-2.590541
0.358689,-0.450341,0.041238,1.627453,1.936833,-0.871414
0.298148,-0.483865,0.056478,1.922967,2.653622,1.074057
0.342044,-0.468605,0.013232,1.577563,3.832487,3.279079
0.338601,-0.439762,0.072044,2.805543,3.104032,1.990376
0.319868,-0.389688,0.034621,2.356272,3.569350,-0.599207
0.266541,-0.427538,0.062367,3.541055,2.771554,-3.953013
0.259753,-0.393322,0.041090,2.334273,1.807140,-3.771501
0.274586,-0.383218,0.068026,3.055402,1.870252,-4.545779
0.265832,-0.319592,0.056679,2.009807,0.754489,-3.697627
0.243423,-0.310489,0.049428,2.676773,0.898538,-2.310479
0.249075,-0.274281,0.044478,1.371560,0.049782,0.983603
0.272125,-0.234399,0.061274,1.327904,0.452170,1.389476
0.299300,-0.222152,0.068469,0.619692,0.702826,0.861270
0.293178,-0.243413,0.066194,0.688820,1.032173,-1.384023
0.343344,-0.179189,0.053977,-0.231536,0.633370,-2.734195
0.391799,-0.127933,0.064740,0.177639,2.853142,-5.122914
0.411822,-0.080912,0.061090,-1.096876,2.017453,-4.758117
0.457165,-0.104090,0.054532,0.180222,2.099819,-2.429780
0.476555,-0.097840,0.040125,-1.115612,3.113876,1.596670
0.453624,-0.082757,0.083385,-0.046161,2.453068,0.270222
0.476010,-0.028895,0.046828,-1.402303,2.112302,0.491318
0.487085,-0.046772,0.064104,-0.715358,1.139194,-0.051771
0.530764,-0.004796,0.048535,-0.884193,1.792166,-1.233413
0.516804,0.001969,0.061806,-0.143226,0.776084,-1.855471
0.492271,-0.001037,0.032034,-0.381140,2.413689,-0.584055
0.522210,0.011511,0.051469,0.154222,0.325586,2.466920
0.538662,0.050625,0.053560,0.130467,1.048313,5.394717
0.507357,0.033642,0.064599,0.624622,0.104100,6.445301
0.446452,-0.005961,0.055451,0.905237,1.209645,5.052476
0.424065,-0.018789,0.049073,0.833240,1.183277,4.641110
0.425628,0.023732,0.061025,1.038288,2.509132,1.338825
0.473719,0.053382,0.049759,1.223214,2.307243,0.926407
0.461065,0.016409,0.069487,1.447703,3.481141,3.156778
0.445421,0.012742,0.075979,0.496371,4.146977,6.892883
0.485739,0.015690,0.084035,1.652691,4.588330,8.618353
0.557208,0.025350,0.076862,0.722297,4.502534,8.558477
0.585578,-0.027412,0.104412,1.616017,4.620994,7.213935
0.644570,-0.031124,0.044737,1.310015,4.737980,6.810886
0.664540,-0.074302,0.080384,2.018125,4.208621,5.932394
0.698786,-0.091160,0.054243,1.307733,4.863976,5.302111
0.731475,-0.150507,0.093321,1.703159,2.507774,5.630767
0.767704,-0.183807,0.060847,1.618607,2.624093,5.637599
0.808051,-0.200669,0.074246,2.249409,0.401108,5.260061
0.838532,-0.271018,0.067327,2.447110,2.073363,3.469857
0.865238,-0.344240,0.088423,2.540122,0.843275,1.954488
0.937081,-0.400461,0.071505,2.820885,2.231176,-0.717120
0.990404,-0.439650,0.079666,2.984751,2.722068,-2.451989
1.002874,-0.512560,0.100345,3.393520,3.910993,-5.409846
1.028100,-0.582991,0.082219,3.032750,5.277219,-6.106165
1.008894,-0.631768,0.094604,3.369660,4.797163,-6.796146
1.010223,-0.632736,0.098202,2.148120,4.526509,-10.931011
0.980813,-0.669743,0.095073,2.055092,4.834362,-16.242136
0.935712,-0.686188,0.059009,0.397566,6.603114,-19.361140
0.903646,-0.663171,0.084261,0.347063,4.341084,-19.609349
0.826636,-0.634197,0.054535,-1.408723,3.980082,-20.026175
0.733757,-0.573708,0.090731,-2.872861,2.582003,-18.722384
0.676166,-0.510833,0.049162,-4.275503,1.597137,-17.707229
0.641497,-0.405112,0.064589,-5.780061,0.292275,-15.288179
0.521245,-0.317744,0.073583,-6.489370,-0.642350,-14.853578
0.400455,-0.223465,0.029162,-8.037378,-2.350097,-13.569222
0.261102,-0.136898,0.033367,-8.085505,-1.995591,-13.563787
0.165649,0.061070,-0.000236,-9.386825,-1.117282,-13.662770
0.041405,0.203235,0.024570,-8.688250,-2.007939,-14.178747
-0.121236,0.343839,-0.006200,-9.634563,-1.749375,-10.764037
-0.270305,0.477073,0.012024,-8.634093,-2.075695,-7.064974
-0.400930,0.661051,-0.018893,-8.934512,-1.703703,-3.295976
-0.541323,0.830231,0.021212,-7.781276,-2.610395,-1.311768
-0.681257,1.028296,-0.014475,-7.845087,-2.333603,-0.561462
-0.838696,1.193919,0.004156,-6.432654,-2.476327,-0.646871
-1.000159,1.383969,-0.006876,-5.418364,-3.010180,0.818227
-1.082883,1.567920,-0.018259,-4.222060,-3.569944,4.256701
-1.158776,1.694917,0.009766,-3.129435,-3.793580,6.961209
-1.226782,1.852087,0.009851,-2.778985,-6.380794,9.334323
-1.299786,1.963073,0.003247,-1.075423,-5.795526,10.714781
-1.341644,2.084201,-0.019717,-0.961221,-3.750544,14.625868
-1.378831,2.207309,0.007061,-0.371130,-6.756214,17.244649
-1.394701,2.301889,-0.016651,-1.087437,-7.520149,18.571207
-1.439904,2.353716,0.007088,-0.626642,-9.048642,19.253100
-1.453349,2.402079,-0.046478,-0.654411,-8.545596,18.943750
-1.473897,2.392672,-0.005284,-1.029016,-9.620693,19.634290
-1.480396,2.410692,-0.020682,-2.322133,-9.866291,20.737163
-1.515085,2.382483,-0.031369,-2.050399,-10.096738,21.836380
-1.583044,2.325395,-0.061955,-3.427536,-9.686079,21.626514
-1.612124,2.257225,-0.032357,-4.170303,-10.756587,18.532626
-1.658665,2.179005,-0.032105,-5.925803,-10.577392,15.994389
-1.755546,2.076566,-0.036336,-6.662625,-11.459088,15.080979
-1.857115,1.987501,-0.024598,-7.454796,-11.118321,13.887573
-1.940958,1.900638,-0.045730,-9.198033,-11.313219,12.187067
-2.031928,1.804236,-0.006160,-9.644034,-11.148904,7.390672
-2.103130,1.718131,-0.041433,-11.349639,-11.166445,5.048968
-2.248109,1.555095,-0.023830,-10.608487,-11.125904,2.461851
-2.418455,1.439685,-0.034553,-11.940747,-11.814884,-0.862829
-2.528981,1.361083,-0.021109,-11.594341,-12.701901,-4.309466
-2.634154,1.303910,-0.029850,-12.341670,-10.787370,-8.040237
-2.781322,1.209740,0.014407,-11.767115,-13.655308,-11.532680
-2.912721,1.110085,-0.017859,-12.229847,-13.753591,-11.619750
-3.025831,1.015108,0.034975,-10.801140,-13.645044,-11.664263
-3.107019,0.990713,0.015432,-11.420670,-13.181380,-13.325111
-3.214857,0.944923,0.051066,-10.198395,-14.431664,-15.821003
-3.329873,0.917212,0.032471,-9.971251,-13.313754,-17.080136
-3.433904,0.895361,0.080119,-9.481225,-15.265226,-18.288287
-3.516382,0.879691,0.059571,-7.784274,-14.229827,-19.462337
-3.570880,0.913979,0.090750,-8.382491,-15.132961,-18.736428
-3.677690,0.897406,0.131774,-6.839791,-16.387174,-19.758133
-3.724127,0.965149,0.111653,-7.385874,-16.499699,-18.198951
-3.745479,0.992653,0.170084,-6.186632,-16.657000,-16.422855
-3.764042,1.023445,0.147970,-6.224262,-16.226636,-13.837346
-3.746467,1.054343,0.179435,-5.295542,-16.693970,-12.165928
-3.742361,1.093545,0.172818,-4.963307,-15.685582,-11.647049
-3.725063,1.151319,0.172306,-4.905444,-16.070724,-10.637358
-3.714730,1.187761,0.159774,-3.561427,-15.619215,-9.847928
-3.691953,1.214129,0.171367,-4.186347,-16.393053,-5.530407
-3.659801,1.238474,0.192076,-3.163546,-16.425500,-2.177516
-3.599509,1.248315,0.154328,-3.121981,-16.592468,0.365576
-3.530296,1.230308,0.185317,-2.314222,-15.991975,-0.503013
-3.481463,1.252408,0.180748,-3.874177,-16.261732,-0.326681
-3.404782,1.265338,0.207845,-2.780200,-16.657289,-0.079445
-3.325163,1.313199,0.171072,-4.447002,-15.443982,1.390956
-3.277374,1.328584,0.207014,-3.972733,-16.423609,1.915112
-3.192145,1.353688,0.156320,-4.981068,-14.573384,2.733378
-3.117092,1.349332,0.167415,-5.716268,-15.668402,5.932164
-3.032337,1.361743,0.166040,-5.638616,-13.939748,6.674997
-2.962171,1.363979,0.149989,-7.128288,-14.307381,7.604419
-2.919998,1.350770,0.158172,-6.139706,-12.721274,4.698186
-2.848343,1.371085,0.122324,-7.738487,-13.375073,3.387229
-2.755893,1.354144,0.147018,-7.048912,-12.312125,0.782025
-2.691107,1.336111,0.114203,-8.310704,-12.010830,0.941880
-2.583598,1.318871,0.111252,-7.115759,-12.695966,2.948573
-2.518024,1.288397,0.105794,-7.525381,-11.305591,4.149663
-2.470885,1.279078,0.138969,-7.799717,-15.348387,3.334936
-2.358872,1.264964,0.105636,-6.352234,-11.105874,1.170462
-2.285844,1.265932,0.070609,-7.338006,-10.889155,-1.621423
-2.271270,1.250800,0.089483,-6.714573,-11.603459,-5.014067
-2.202368,1.283309,0.027252,-7.062003,-11.559340,-5.988154
-2.116460,1.316219,0.044731,-6.575900,-10.121875,-5.510822
-2.027024,1.366916,0.038760,-7.037627,-8.626534,-5.488324
-1.934712,1.356304,0.024133,-7.221181,-9.197153,-2.999126
-1.866076,1.307737,0.013600,-6.042970,-6.480843,-2.259769
-1.740375,1.325971,0.013731,-7.090668,-7.238706,-2.301160
-1.622942,1.339071,0.034591,-6.298855,-6.406059,-5.158500
-1.502996,1.383227,0.006287,-7.438436,-5.839277,-7.626694
-1.383984,1.405065,0.020818,-6.532437,-5.795020,-7.349226
-1.294800,1.415165,-0.023108,-7.488391,-4.620153,-4.160746
-1.172927,1.402728,-0.006036,-6.573556,-5.168741,1.587816
-1.052583,1.397591,-0.007296,-6.460525,-5.398528,5.489091
-0.912662,1.390451,-0.053267,-5.820863,-5.880771,8.031065
-0.816020,1.353800,-0.036943,-4.792833,-5.256113,8.261418
-0.756310,1.328544,-0.047112,-4.806163,-6.038597,9.090218
-0.655700,1.292769,-0.044036,-3.384858,-5.454966,8.129292
-0.536327,1.284596,-0.063262,-4.206416,-5.275164,8.677996
-0.452671,1.234847,-0.042996,-2.443435,-4.655430,9.117355
-0.397736,1.203063,-0.066265,-3.137290,-3.863807,9.992549
-0.358455,1.143700,-0.062336,-2.051459,-4.224012,13.063019
-0.337175,1.087623,-0.053552,-1.937952,-3.079935,15.230115
-0.292012,1.077566,-0.027125,-2.255449,-4.374456,15.891278
-0.265395,1.025651,-0.026305,-1.693624,-2.017354,14.378242
-0.270945,0.975515,-0.036198,-2.342401,-1.947809,10.972315
-0.261991,0.900777,-0.030985,-1.440876,-1.650088,8.246024
-0.242683,0.832775,-0.061748,-2.303458,0.632736,7.470345
-0.226206,0.757584,0.000231,-0.787293,0.129762,5.376380
-0.152886,0.709755,-0.050926,-1.616729,2.186987,4.559320
-0.118450,0.593826,0.002722,-1.112127,0.660824,2.465611
-0.063978,0.496659,-0.015197,-0.930463,1.355385,-0.507473
-0.006351,0.378899,0.008771,-0.406783,0.107956,-1.872857
0.039498,0.291399,-0.029820,-1.191824,1.744514,-4.249813
0.105757,0.214589,-0.003127,-0.716215,0.119514,-6.439457
0.145655,0.139668,-0.029108,-1.106743,-0.163376,-8.717019
0.172076,0.052808,-0.011609,-0.747946,-1.473145,-10.475764
0.176576,-0.019498,-0.020603,-1.318697,-1.145121,-12.047143
0.229705,-0.085662,-0.019500,-1.217046,-1.628828,-11.993453
0.252141,-0.121030,-0.037517,-2.245299,-1.216895,-13.169918
0.222819,-0.173014,-0.014675,-1.890773,-2.210098,-14.315282
0.208763,-0.212650,-0.055548,-2.613044,-0.857044,-16.183187
0.201706,-0.270952,-0.030260,-2.422344,-0.014498,-17.362859
0.189351,-0.304630,-0.062776,-3.113015,1.957282,-18.986203
0.171101,-0.292206,-0.017481,-2.765953,0.425211,-19.415008
0.095424,-0.310273,-0.053880,-2.928165,1.026898,-20.756795
0.000082,-0.287827,-0.032682,-3.480300,0.337898,-20.770232
-0.075033,-0.276733,-0.026534,-3.263472,1.020596,-20.976585
-0.123298,-0.236260,-0.044781,-3.626280,0.475586,-18.983121
-0.226343,-0.201030,-0.043790,-3.174722,-0.370341,-17.696181
-0.321849,-0.152912,-0.033605,-2.799428,-0.775472,-14.746229
-0.427176,-0.091944,-0.020954,-2.960743,-1.484643,-12.736781
-0.490104,-0.010166,-0.060898,-3.294777,-2.496977,-9.862833
-0.585990,0.036904,-0.035686,-2.125412,-2.304941,-9.317602
-0.675141,0.128934,-0.029482,-2.756766,-3.628194,-6.768228
-0.743659,0.200423,-0.060193,-1.671008,-3.309771,-5.560167
-0.802208,0.297176,-0.036552,-2.452494,-4.337978,-2.106416
-0.915770,0.373486,-0.036667,-1.869835,-5.080315,-0.394573
-0.987157,0.486996,-0.051317,-1.797552,-4.686265,5.280697
-1.085683,0.560844,-0.044109,-1.247721,-4.655000,8.650753
-1.168029,0.688505,-0.048136,-2.629198,-5.711978,11.862855
-1.215647,0.784877,-0.022241,-1.393061,-5.395354,12.029319
-1.300758,0.882865,-0.052755,-2.733412,-5.523300,13.258805
-1.408904,0.935417,-0.025763,-1.209048,-5.795115,12.631047
-1.506252,1.043642,-0.052000,-2.813835,-6.568947,13.610076
-1.584709,1.114293,-0.026364,-1.546676,-8.457816,14.547937
-1.651194,1.160162,-0.034058,-1.368985,-7.174721,15.054158
-1.744878,1.213262,-0.010966,-2.160134,-9.402266,16.074520
-1.841353,1.222610,-0.054491,-0.831925,-8.424976,14.367431
-1.904907,1.274624,-0.029055,-1.838734,-9.314231,14.877368
-1.971646,1.302272,-0.000685,-1.364593,-9.243353,13.002573
-2.037442,1.319282,-0.025937,-2.153714,-9.947220,11.879099
-2.149521,1.294693,-0.021082,-2.122856,-10.529974,9.567313
-2.227207,1.296012,-0.012774,-2.202671,-10.755445,8.496594
-2.316870,1.261087,-0.004378,-1.952152,-11.303878,6.341735
-2.412445,1.258819,-0.026932,-3.855284,-12.652727,4.993897
-2.483309,1.234220,-0.015157,-2.536643,-12.657726,3.930147
-2.583617,1.203864,-0.011757,-3.890810,-12.459214,2.443980
-2.691271,1.172996,-0.002340,-4.786626,-14.340570,0.818910
-2.768386,1.136085,-0.019093,-5.469899,-12.524548,-0.969914
-2.838781,1.107154,0.009782,-6.021355,-13.640088,-1.281828
-2.897015,1.077274,-0.020465,-5.959566,-11.659556,-2.483345
-2.979466,1.025487,0.009024,-6.396232,-13.459488,-2.391088
-3.067544,0.995594,-0.016145,-7.146562,-11.851874,-4.332717
-3.136456,0.977212,-0.005648,-7.888471,-13.457138,-3.682433
-3.212250,0.919878,0.013941,-7.385172,-13.804856,-5.098145
-3.237394,0.914586,-0.011859,-8.597127,-13.710588,-4.371482
-3.294259,0.859064,0.008322,-7.501853,-13.542527,-4.691054
-3.358929,0.856333,0.003802,-9.047120,-16.528447,-4.637612
-3.365882,0.857656,0.020523,-7.150107,-14.597319,-3.113460
-3.389578,0.846561,0.001622,-8.506932,-14.412377,-2.573003
-3.393247,0.866118,0.061494,-6.566699,-14.752296,-0.962182
-3.436093,0.859395,0.030629,-7.010252,-14.905202,0.097163
-3.466370,0.855883,0.053744,-6.190098,-16.646221,0.021523
-3.469164,0.870434,0.039751,-5.690255,-15.166497,-1.043931
-3.478052,0.893815,0.057155,-5.374728,-16.115221,-1.014297
-3.482615,0.918978,0.075336,-4.075020,-15.051523,-1.955336
-3.492154,0.951986,0.059498,-5.078314,-15.398618,-1.782722
-3.494291,0.962822,0.095182,-3.269319,-15.166212,-3.811181
-3.434957,1.030624,0.067114,-4.091219,-14.483658,-2.612215
-3.410556,1.054832,0.106769,-3.523124,-16.967256,-2.808137
-3.353911,1.094405,0.087501,-3.797073,-13.043223,-1.475273
-3.280289,1.124958,0.110268,-3.282574,-12.604104,-1.834431
-3.202462,1.178701,0.082938,-4.144224,-12.043385,-1.726197
-3.129264,1.200763,0.137742,-3.204238,-12.826115,-2.137296
-3.049957,1.235576,0.063736,-3.762013,-12.518144,-2.751940
-2.974250,1.234706,0.109720,-4.047894,-14.031158,-2.917185
-2.879716,1.251345,0.095132,-3.981667,-12.730271,-3.341109
-2.772131,1.265056,0.079150,-4.483795,-12.291294,-3.833780
-2.687549,1.280926,0.089464,-4.326987,-13.420988,-4.627202
-2.590441,1.295474,0.066198,-5.676594,-13.851743,-4.680686
-2.518047,1.270301,0.124251,-4.121397,-13.809931,-5.531652
-2.412635,1.301077,0.039912,-6.065277,-12.823276,-5.633073
-2.319125,1.305735,0.067209,-6.168375,-12.252762,-5.319410
-2.262306,1.313892,0.072448,-5.870386,-11.261147,-6.555055
-2.186964,1.347799,0.042797,-7.305793,-11.354555,-5.942312
-2.144755,1.340509,0.046106,-7.059413,-9.868175,-7.821292
-2.056589,1.400460,0.006907,-8.277558,-9.247935,-7.235163
-1.980620,1.394646,0.044714,-7.621369,-7.870798,-7.858915
-1.922196,1.445754,0.012888,-9.240406,-7.522643,-6.709372
-1.828971,1.458040,0.044632,-8.252799,-6.758616,-6.448687
-1.748821,1.499963,0.000956,-10.332253,-5.984591,-4.875782
-1.615458,1.531472,0.013508,-8.646435,-5.361377,-3.653201
-1.518111,1.554383,-0.011796,-9.682554,-4.836995,-2.836044
-1.387020,1.594215,0.005637,-9.054941,-5.348034,-0.451040
-1.257312,1.613024,-0.006292,-8.309149,-4.443000,0.664596
-1.137936,1.647604,-0.003016,-8.425980,-6.267770,2.785836
-0.977864,1.663596,-0.044059,-7.738907,-4.464825,3.884922
-0.857392,1.686494,-0.039608,-7.639942,-5.483458,5.964991
-0.701792,1.684039,-0.032810,-5.288403,-4.392198,6.579793
-0.562472,1.716220,-0.059221,-6.020219,-3.424138,9.040103
-0.417631,1.721374,-0.027355,-4.677525,-4.838209,10.043378
-0.293650,1.725135,-0.035932,-4.431066,-3.484965,11.595480
-0.202254,1.735245,-0.032341,-4.291313,-5.398964,12.668526
-0.079569,1.737930,-0.056519,-3.295933,-2.626978,13.157749
0.014295,1.738823,-0.038013,-3.940187,-2.599015,14.598658
0.085042,1.732324,-0.024119,-3.362238,-1.639023,14.560481
0.161457,1.722880,-0.056408,-3.535279,-1.027272,15.242136
0.188353,1.671510,-0.022806,-3.029209,-1.128699,14.348060
0.276030,1.662073,-0.057163,-4.191024,-0.246577,13.344121
0.302415,1.581036,-0.023646,-2.730970,-0.255686,12.901817
0.308799,1.529282,-0.050473,-4.063557,0.339581,11.323717
0.347062,1.448163,-0.027897,-2.914057,-1.030361,10.392159
0.374717,1.367809,-0.049055,-2.845632,1.957183,10.140200
0.400487,1.274049,-0.028638,-2.315373,2.222572,10.244226
0.410732,1.156236,-0.044588,-2.069440,2.878718,9.436794
0.418810,1.048506,-0.038121,-2.345585,1.229162,8.521612
0.469747,0.891950,-0.015798,-1.420856,2.078000,6.723009
0.501941,0.764457,-0.011146,-1.392604,2.037249,6.490080
0.523992,0.622675,-0.029495,-0.814501,2.039730,4.154863
0.539975,0.471762,-0.030253,-1.144711,1.886161,2.963344
0.560782,0.323990,-0.005235,-0.074364,1.705634,1.577829
0.601051,0.181138,-0.029538,-1.098350,2.536462,0.014803
0.624872,0.017318,0.000037,0.466595,2.822605,-1.544727
0.646680,-0.119773,-0.022487,0.722543,3.260446,-4.033697
0.659130,-0.258033,-0.033493,0.362296,3.436181,-5.946300
0.683805,-0.366255,-0.007805,0.588039,3.051798,-8.445833
0.715611,-0.488989,-0.046137,-0.464566,3.854994,-8.893762
0.716901,-0.630508,-0.004506,1.108227,3.477465,-9.610110
0.746502,-0.718434,-0.035190,1.021709,4.842408,-8.910365
0.742534,-0.805938,-0.020918,0.505391,3.389121,-9.185412
0.739780,-0.869863,-0.025084,-0.601946,3.432135,-10.388714
0.735592,-0.926791,-0.026846,-0.496622,2.230562,-10.339822
0.693816,-0.998472,-0.032909,-0.257507,3.023002,-11.342818
0.661717,-1.009065,-0.037488,-1.049237,2.179405,-9.768846
0.621717,-1.055262,-0.028041,-0.768412,1.845946,-9.105823
0.566336,-1.051776,-0.022162,-1.027137,0.868360,-7.900175
0.516719,-1.062132,-0.026518,-0.164522,1.384878,-7.648472
0.450016,-1.060842,-0.041062,-0.360723,2.080794,-6.369176
0.382375,-1.055403,-0.013447,0.531312,0.623851,-5.950929
0.324141,-1.033424,-0.021850,0.716819,1.286431,-5.549121
0.219238,-1.002402,-0.007651,1.041160,-0.130611,-5.495219
0.120115,-0.957186,-0.053401,2.053474,0.662082,-5.379217
0.018862,-0.926869,-0.027020,3.022174,0.547968,-3.314181
-0.078210,-0.872043,-0.027752,3.410066,1.031445,-2.184946
-0.145822,-0.825202,-0.027138,3.806801,0.019620,0.073751
-0.260730,-0.798962,-0.012899,5.091846,0.102498,0.292074
-0.360414,-0.729056,-0.044548,5.232384,1.718291,1.476533
-0.467809,-0.699747,0.007344,5.605338,-0.852514,-0.024450
-0.543030,-0.617729,-0.015768,4.834033,-1.556098,1.026848
-0.623902,-0.569569,0.015294,5.325464,-2.993547,1.180205
-0.699996,-0.497608,-0.029013,5.034229,-2.354463,3.041833
-0.801010,-0.455885,-0.007093,5.132112,-2.579546,4.388491
-0.862644,-0.385017,-0.023590,3.904939,-1.586596,5.879965
-0.913463,-0.329314,-0.008350,3.919195,-3.775106,5.537359
-0.972678,-0.284325,-0.014146,2.397118,-3.914941,4.692363
-1.049947,-0.243344,0.011627,1.992555,-5.355944,4.015700
-1.093426,-0.179576,-0.032374,1.282110,-3.567623,1.569937
-1.125571,-0.148074,-0.011688,0.032932,-4.730902,1.334240
-1.176386,-0.089814,-0.013572,-0.298643,-3.733241,0.338245
-1.192431,-0.039987,-0.007585,-1.598692,-5.947761,2.293460
-1.227888,-0.021927,0.000083,-1.659348,-5.044756,3.173658
-1.282593,0.008026,-0.031438,-3.300216,-5.610573,4.683603
-1.304447,0.048472,-0.007444,-2.565206,-5.683371,4.403538
-1.338503,0.120731,-0.017340,-4.315586,-6.487421,5.582442
-1.391012,0.133927,0.007718,-3.189624,-6.404946,4.869489
-1.405356,0.190103,-0.043206,-4.717957,-6.968298,4.847135
-1.435325,0.206377,-0.007877,-3.734194,-7.836381,4.717462
-1.498236,0.268986,-0.008547,-4.257352,-8.014542,3.896992
-1.531316,0.329980,-0.009922,-3.417872,-7.740288,4.934078
-1.587203,0.397162,-0.025750,-3.679371,-7.753047,5.029974
-1.654299,0.474378,0.016167,-3.466941,-8.508346,5.270606
-1.696860,0.555825,-0.006676,-3.868321,-7.529159,4.961159
-1.739915,0.614286,0.017542,-3.205436,-7.827752,4.547916
-1.773386,0.690648,0.003638,-2.937793,-7.020016,3.129042
-1.786224,0.772220,0.020290,-3.191076,-7.235774,3.349454
-1.814007,0.820856,0.024058,-2.155788,-6.516733,1.734017
-1.836984,0.897048,0.040322,-2.864654,-7.444061,2.434850
-1.835996,0.935118,0.034837,-1.703370,-6.371390,2.540088
-1.800929,0.972754,0.046743,-2.407213,-6.117595,3.906925
-1.785351,0.987565,0.075014,-1.439409,-6.756253,5.043995
-1.712819,1.040816,0.042069,-1.543958,-5.122567,5.976303
-1.688279,1.029527,0.072730,-0.671007,-7.133349,5.836524
-1.654204,1.029124,0.057752,-0.875903,-5.834360,5.384778
-1.590637,1.041489,0.063060,-0.853605,-7.526034,4.191576
-1.530594,1.022976,0.077132,-0.881897,-6.761094,1.785410
-1.465569,1.044151,0.069027,-1.998887,-7.560050,1.038659
-1.399720,1.042447,0.099544,-1.807367,-8.044193,0.564429
-1.321874,1.067719,0.070409,-3.215592,-6.489302,1.417502
-1.268974,1.041380,0.112457,-3.119613,-7.138013,1.927912
-1.188640,1.052370,0.067350,-4.398986,-6.847399,2.287418
-1.119564,1.017451,0.072169,-4.215734,-5.906538,2.499159
-1.067544,1.001610,0.078001,-5.524777,-5.733523,0.300080
-0.982086,0.988753,0.073298,-4.984225,-4.702684,-0.513088
-0.941308,0.960058,0.062144,-6.137848,-2.782845,-2.344748
-0.902805,0.950552,0.107025,-6.583426,-5.406593,-4.040412
-0.833654,0.912400,0.086759,-5.586228,-2.985410,-5.936037
-0.747358,0.900065,0.081192,-6.737917,-2.547497,-5.479530
-0.702100,0.867365,0.111705,-6.130771,-3.001973,-6.566703
-0.601808,0.883462,0.084346,-6.511741,-2.552358,-6.316941
-0.552444,0.864969,0.103391,-5.992600,-2.268457,-7.573711
-0.508157,0.877301,0.090061,-6.242374,-2.114432,-8.825252
-0.444169,0.896999,0.085866,-5.322628,-1.872788,-10.483503
-0.366385,0.926554,0.067570,-5.704930,-1.286630,-11.082042
-0.330978,0.921128,0.104425,-4.813187,-2.807144,-10.905148
-0.277169,0.941223,0.084379,-5.382854,-2.586860,-9.791350
-0.196053,0.939815,0.095041,-3.906693,-1.941260,-8.266731
-0.136231,0.925737,0.074128,-4.233538,-1.295345,-7.547315
-0.063000,0.914248,0.114473,-3.493670,-5.319526,-8.166916
0.047976,0.936125,0.073124,-3.261221,0.276667,-9.006245
0.140157,0.964125,0.090924,-3.097870,-0.373052,-9.840443
0.226288,0.965231,0.073481,-2.424458,1.890271,-10.397120
0.334422,1.009156,0.066595,-3.046743,1.511924,-7.578882
0.410728,1.006980,0.066250,-2.185471,2.916732,-4.500397
0.490643,1.011799,0.057332,-3.439457,2.743078,-1.667526
0.561054,1.010515,0.074968,-2.338248,0.327295,0.383960
0.644514,1.017556,0.023421,-3.429150,2.558904,1.957159
0.689657,0.996263,0.084002,-2.778994,-1.745364,0.698542
0.798647,1.006750,0.007170,-2.943858,2.901908,0.586006
0.890710,0.974238,0.020467,-2.327994,2.660974,1.373646
0.974389,0.948953,0.014621,-2.846265,2.869563,2.415451
1.064721,0.920091,0.015973,-2.250341,1.988314,5.864496
1.143612,0.857649,0.010469,-1.675245,3.892693,7.441237
1.223749,0.834002,-0.016644,-2.709774,4.663088,9.130034
1.265646,0.782602,0.037394,-1.864343,4.401822,7.974227
1.295671,0.753027,0.001855,-2.733230,4.717015,7.079442
1.357439,0.727638,0.002285,-1.450063,6.133941,6.338850
1.404345,0.696343,-0.036264,-2.879030,6.115415,7.631660
1.428793,0.622081,0.018064,-1.233458,4.837730,9.442285
1.475289,0.576353,-0.036411,-1.594247,6.434160,12.511645
1.480570,0.475362,0.008847,-0.572903,4.292310,13.941740
1.487424,0.389858,-0.009023,-0.206856,5.898204,12.993340
1.501109,0.288730,-0.031931,0.819428,5.164710,10.183522
1.493067,0.196995,-0.019228,1.989364,6.216068,6.814665
1.502041,0.118121,-0.030910,1.205883,5.876969,4.379520
1.517229,0.019402,-0.014219,3.064222,6.376488,3.935444
1.518207,-0.073570,-0.035837,2.834809,7.604635,4.992749
1.501243,-0.158985,0.004386,3.439592,6.507848,6.701607
1.493231,-0.251678,-0.019316,2.547359,6.465009,7.358454
1.471222,-0.367220,0.016400,3.593610,5.217206,6.739705
1.433891,-0.460766,-0.015906,3.005355,6.248909,4.465264
1.397065,-0.550374,0.009750,4.119277,6.226136,2.485809
1.299997,-0.664816,-0.025553,3.704662,5.805649,-0.442094
1.272992,-0.747363,-0.014974,3.342366,4.589424,-0.805338
1.217628,-0.868380,0.003674,4.166038,5.340741,-0.783701
1.172852,-0.975637,-0.021870,4.044371,6.456524,-0.094622
1.126573,-1.086560,-0.016270,4.868904,5.516407,-1.278748
1.070834,-1.185631,-0.021033,3.978050,7.376545,-3.339280
1.018814,-1.250777,0.001924,3.994465,4.912567,-5.495833
0.958010,-1.321455,0.009323,3.794558,5.586944,-7.477962
0.875926,-1.385883,0.008808,2.993424,4.919598,-5.807733
0.792086,-1.452775,0.021924,3.787075,3.274138,-4.125268
0.692602,-1.497988,-0.017984,2.735893,3.436550,-1.351389
0.571907,-1.545281,0.031348,3.397531,1.034229,-0.671274
0.507594,-1.559996,-0.015614,3.865072,3.465156,-1.224242
0.417888,-1.631928,0.016541,4.294881,1.972284,-2.554386
0.343780,-1.672105,-0.006436,4.426228,3.024610,-5.253416
0.274928,-1.708852,0.014076,4.870207,1.904524,-6.179170
0.197814,-1.741394,0.021366,5.780998,2.994491,-7.345469
0.178759,-1.725543,0.009438,5.514280,2.955656,-6.055658
0.128118,-1.748940,0.040762,6.747161,2.901716,-5.411877
0.045085,-1.723655,0.024330,5.915667,2.642065,-3.701968
-0.039792,-1.720107,0.037870,6.891148,2.193359,-3.311553
-0.131011,-1.684417,0.021356,6.337919,1.091448,-3.559796
-0.191615,-1.627772,0.052819,6.777073,-0.571557,-4.455277
-0.280989,-1.583754,0.035944,6.297000,-0.667798,-5.376273
-0.378543,-1.541503,0.037276,5.888806,-1.845790,-4.366587
-0.425364,-1.489962,0.027255,6.320398,-2.279935,-2.914650
-0.455694,-1.435119,0.027803,5.643959,-1.775585,-2.169101
-0.503483,-1.384757,0.044865,5.544633,-2.330980,-3.113328
-0.524103,-1.322065,0.034161,5.811833,-1.132407,-5.054344
-0.570527,-1.263615,0.021865,4.551633,-1.604537,-6.243747
-0.625790,-1.178856,0.032392,4.096309,-0.978422,-8.016447
-0.642901,-1.065631,0.020063,2.581471,-1.137518,-7.552866
-0.728481,-0.995068,0.056416,2.601122,-2.620504,-7.795775
-0.758013,-0.850710,0.015579,1.553151,-2.139125,-4.853867
-0.813053,-0.771025,0.029868,1.294558,-3.390686,-3.204351
-0.823104,-0.631926,0.010784,0.723939,-0.577676,-2.094933
-0.848395,-0.541307,0.025656,0.165881,-3.020755,-0.772899
-0.879000,-0.459259,0.026943,-0.057361,-2.418021,-2.196428
-0.865116,-0.347971,0.007994,-0.478724,-3.075421,-2.523833
-0.851359,-0.255774,0.011325,-0.714974,-2.440670,-4.030145
-0.860018,-0.171987,0.035366,-1.054372,-4.682795,-2.770434
-0.838686,-0.077948,0.006786,0.284144,-1.201349,-2.081135
-0.826432,0.020062,0.010889,-0.474001,-3.145173,0.164411
-0.827542,0.118706,0.036590,-0.214833,-4.244580,0.064847
-0.802106,0.238643,-0.001463,-0.741434,-4.015741,0.818008
-0.795298,0.320284,0.017762,-0.414933,-4.312930,0.415249
-0.791671,0.458619,0.004649,-1.095353,-2.797356,1.263220
-0.759641,0.556295,0.018809,-1.084160,-3.826049,0.952993
-0.714987,0.663581,0.024642,-1.555436,-3.249213,3.325467
-0.663636,0.759041,0.016653,-1.348958,-2.917145,4.391003
-0.611390,0.851311,-0.004614,-2.280934,-1.094394,6.682309
-0.579399,0.920458,0.026073,-2.026627,-2.285749,8.667587
-0.512831,1.001863,-0.024210,-2.656225,-0.161837,8.652917
-0.461606,1.047545,0.031729,-2.560693,-1.575472,8.850980
-0.394417,1.107351,-0.001585,-2.500132,-0.051341,8.242622
-0.334227,1.134946,0.010426,-2.606857,-1.025112,8.471550
-0.289970,1.176344,0.045886,-2.317067,-0.913460,7.657443
-0.212249,1.235720,-0.006699,-3.317000,-1.483409,8.877086
-0.150089,1.251972,0.030452,-2.749939,-0.777547,8.161541
-0.052811,1.327235,0.020444,-3.957367,-1.240542,8.837579
0.020814,1.333993,0.027596,-3.365429,-1.022837,8.237209
0.123226,1.340811,0.006658,-4.014954,1.056830,8.504118
0.192732,1.323581,0.043828,-3.533617,-0.149797,8.070302
0.297543,1.324641,-0.003603,-3.923564,0.799878,7.370219
0.374773,1.286027,0.042797,-3.062922,0.852709,6.536491
0.443596,1.263030,0.011033,-3.234522,1.227015,5.353643
0.527104,1.201392,0.035527,-2.414890,1.999730,4.949068
0.597617,1.132940,0.012625,-2.601802,3.582000,3.746985
0.698392,1.068198,0.038146,-1.529820,2.394870,2.106691
0.779074,0.996371,0.031506,-1.710699,3.203384,0.853475
0.839828,0.916683,0.059144,-0.966222,2.472802,-0.490927
0.935781,0.834097,0.030872,-0.557434,3.938470,-1.823397
1.045775,0.753441,0.043129,-0.508801,4.787784,-1.554624
1.121964,0.670448,0.027022,-0.216444,5.047166,-3.389193
1.217535,0.587143,0.029290,-1.006366,5.226580,-4.410188
1.270911,0.477375,0.052067,-0.151353,5.908297,-7.100006
1.353556,0.419512,0.015645,-1.120785,5.971247,-7.031511
1.410037,0.309235,0.062554,-0.512467,4.326618,-9.252173
1.485776,0.231021,0.011627,-1.655166,6.705004,-9.445594
1.562017,0.134324,0.052927,-0.531528,6.700146,-9.587989
1.622421,0.064411,0.006589,-1.928025,6.620287,-8.883828
1.654119,-0.017072,0.046119,-1.747238,4.633355,-7.935069
1.722466,-0.072713,0.007058,-2.607178,6.742703,-6.936831
1.749028,-0.135936,0.033199,-1.754597,6.172458,-6.883338
1.797362,-0.179625,-0.000587,-2.039588,8.101074,-7.131955
1.800848,-0.260081,0.026874,-1.890556,4.835619,-6.873153
1.844143,-0.312741,-0.009344,-0.718226,8.129510,-6.922876
1.872697,-0.376618,-0.016897,-0.925588,8.331925,-5.578086
1.896051,-0.440786,0.026858,0.262179,8.759758,-6.695761
1.931078,-0.485349,-0.017990,0.178349,9.152839,-5.595844
1.941234,-0.554290,0.020368,1.971627,9.565678,-6.950354
1.962993,-0.587777,-0.013418,1.633119,9.863776,-6.474169
1.955828,-0.630800,0.010222,3.131148,9.168221,-5.389691
1.977495,-0.670774,-0.016159,4.281508,9.951821,-4.472711
1.988964,-0.706349,0.000697,4.270371,8.424644,-1.820850
1.994551,-0.749345,0.005423,5.676163,8.956569,-1.123903
1.994909,-0.777584,-0.015738,5.132152,8.318926,-0.029534
1.981697,-0.815857,0.003431,6.598830,8.555826,-0.102036
1.996304,-0.814118,-0.024509,6.044430,8.772563,-0.113889
1.985639,-0.849762,-0.004995,6.262200,7.999765,0.526784
1.954935,-0.891964,-0.018702,6.786855,8.881421,1.010628
1.951889,-0.913041,-0.025369,6.174300,7.925832,2.575715
1.914614,-0.955975,-0.028166,6.663865,8.694290,3.240159
1.865719,-0.971117,-0.030257,5.073166,7.643860,4.272238
1.853751,-1.018525,-0.027887,6.228197,8.172513,3.698708
1.821189,-1.047050,-0.045819,4.787555,8.704895,3.484748
1.754762,-1.093595,-0.008110,5.450893,7.820209,2.776393
1.718521,-1.110161,-0.054888,5.093331,8.543921,2.544468
1.672915,-1.132104,-0.039710,4.223399,8.484099,3.701936
1.622664,-1.175075,-0.020665,4.497676,8.492604,3.263287
1.577570,-1.199000,-0.037701,3.803234,7.664287,4.469588
1.491038,-1.259909,-0.032430,4.578441,7.726119,5.192265
1.420870,-1.273587,-0.049337,4.161765,7.178657,5.396887
1.358014,-1.302348,-0.028038,4.169557,6.615207,5.353905
1.283027,-1.327715,-0.041683,3.925941,6.813611,3.848018
1.222387,-1.345308,-0.038988,4.428227,4.631626,3.483446
1.126346,-1.391423,-0.022159,5.143211,4.306704,3.193132
1.030765,-1.411098,-0.029042,4.921810,4.461015,3.423179
0.972137,-1.441861,-0.038561,6.378106,4.020459,3.392468
0.923239,-1.458008,-0.051501,6.019543,5.652822,3.769316
0.851239,-1.474804,-0.010267,6.443752,3.693811,4.122289
0.767116,-1.498152,-0.039372,7.138667,5.028696,3.346157
0.690078,-1.511173,-0.025333,6.679076,4.425509,3.928729
0.648355,-1.521208,-0.000472,7.580887,4.916201,2.721867
0.599056,-1.515880,-0.029705,6.454676,5.309804,2.757257
0.523320,-1.540006,0.011427,7.684369,4.276214,2.261177
0.472088,-1.522849,-0.020629,6.769370,4.687031,3.233585
0.426176,-1.532673,0.001951,6.917634,3.234828,3.623118
0.371327,-1.542156,0.007688,7.063601,2.967388,2.956473
0.354097,-1.513720,0.004222,6.659421,0.795618,3.513821
0.321345,-1.532578,0.005450,6.905312,2.218618,2.226832
0.280899,-1.516323,0.001773,5.981161,1.034228,2.301926
0.253517,-1.525196,-0.010749,7.026890,1.731868,1.784039
0.251495,-1.520715,-0.008484,6.254788,1.989149,1.980588
0.231728,-1.497403,0.005302,6.056536,1.497604,1.705538
0.210494,-1.500413,0.004773,5.865163,1.346927,0.404248
0.184950,-1.501858,-0.007733,5.578580,1.598141,-0.064390
0.170162,-1.500637,0.006093,6.221491,1.762989,-0.419639
0.166076,-1.477958,-0.015148,5.024494,1.784006,-1.040785
0.149654,-1.466158,0.027724,5.575675,0.660060,-2.085074
0.152276,-1.438953,-0.030450,5.608650,2.682987,-2.773106
0.140614,-1.433091,0.005036,5.731387,1.598811,-3.116036
0.119793,-1.415536,0.021957,5.094466,1.849517,-4.338798
0.147927,-1.364133,0.009828,5.102613,1.151953,-3.642803
0.148350,-1.348187,0.010144,5.143381,2.650534,-5.951812
0.151173,-1.292628,0.001741,4.183228,2.145603,-6.598610
0.152913,-1.259472,0.003707,4.749360,1.558739,-8.534807
0.160797,-1.199236,0.002988,3.451392,1.173262,-9.873005
0.188632,-1.137615,0.012940,4.031507,1.550073,-10.658827
0.195404,-1.053982,-0.019116,2.780354,1.509571,-10.764158
0.193809,-0.972242,0.014979,2.367285,-0.067686,-11.285699
0.219038,-0.870438,-0.016690,1.260171,1.912198,-11.989819
0.229834,-0.771144,0.006723,0.520444,1.056788,-12.209979
0.272075,-0.636754,-0.024427,-0.758236,2.235505,-11.687606
0.283971,-0.506960,0.002988,-1.414074,1.314430,-11.609665
0.313805,-0.374149,-0.022664,-2.343359,2.184391,-10.561757
0.363435,-0.227693,-0.017426,-3.069191,3.134187,-8.691644
0.362441,-0.102429,0.008867,-3.335118,1.524017,-8.190394
0.393342,0.060627,-0.043360,-3.925281,2.654383,-6.601616
0.381600,0.204591,-0.006768,-3.983659,1.653043,-5.357974
0.402355,0.389422,-0.046813,-4.487950,2.569529,-4.623487
0.400908,0.528348,-0.023199,-4.537154,1.477042,-3.293720
0.397195,0.682682,-0.041010,-4.511682,1.695258,-2.488172
0.455166,0.844690,-0.052633,-4.284275,3.702787,0.143144
0.466235,0.967860,-0.026692,-3.661426,0.560660,2.067020
0.484449,1.120854,-0.030480,-4.494115,1.231850,4.470495
0.520339,1.244839,-0.020948,-2.614932,2.005386,5.080604
0.531420,1.383844,-0.055154,-3.405510,1.818917,7.062952
0.534749,1.489233,-0.003626,-2.071134,1.256189,7.758007
0.565285,1.612196,-0.053871,-2.376870,1.805075,8.545446
0.582997,1.687236,-0.023784,-1.573434,1.170301,9.347756
0.582278,1.772235,-0.031474,-1.939459,1.764022,10.337534
0.612191,1.846726,-0.009942,-1.830423,-0.677781,12.371808
0.636324,1.899662,-0.044092,-1.637245,2.270147,12.820310
0.649490,1.934903,-0.018069,-1.929818,0.949704,14.095068
0.707303,1.975204,-0.052594,-1.510753,4.576588,13.681625
0.711104,2.001723,-0.046561,-2.980898,1.309345,14.355638
0.712056,1.993970,-0.028547,-2.371211,2.454909,13.443336
0.706650,1.992460,-0.033884,-4.454535,1.411133,13.512596
0.745176,1.952267,-0.024384,-3.760135,2.117182,12.671154
0.761874,1.937502,-0.039136,-5.850415,1.770028,13.242164
0.762708,1.862564,-0.030335,-4.708189,1.567745,11.659859
0.727004,1.827994,-0.031274,-6.955779,0.460309,10.677997
0.727930,1.768887,-0.016040,-6.657081,-0.387919,10.160259
0.730812,1.702371,-0.038702,-7.657673,1.915788,8.247872
0.729519,1.623297,0.000391,-7.782848,0.517821,6.631913
0.695414,1.546735,-0.018752,-7.609811,1.283079,5.001208
0.677765,1.458283,-0.040245,-7.627487,2.369723,3.633029
0.633924,1.355756,-0.005054,-7.182641,1.428110,2.029191
0.609815,1.272050,-0.005458,-7.700919,0.759812,0.767363
0.594036,1.154660,-0.014288,-6.181774,1.333957,-0.605522
0.541855,1.057579,-0.034169,-6.290773,2.211297,-1.825273
0.480858,0.939575,-0.006521,-4.725303,1.138514,-3.590328
0.356759,0.829801,0.081182,-6.217011,-16.756651,-4.820251
0.412984,0.749364,-0.024506,-3.239708,1.504493,-4.898753
0.349403,0.628495,-0.023052,-2.315606,2.071504,-6.152274
0.291849,0.525591,0.010833,-1.782193,0.958357,-6.045922
0.248103,0.409507,0.007619,-0.116645,0.951595,-6.740066
0.228819,0.299349,-0.002366,-0.002275,1.426325,-6.856739
0.165386,0.173684,0.025440,1.350283,0.309836,-7.093029
0.145741,0.088353,-0.025110,1.628759,2.025176,-7.003887
0.112240,-0.045912,0.011338,2.680715,0.818821,-6.708697
0.082813,-0.115171,0.017719,2.494942,0.810996,-7.037006
0.049014,-0.243935,0.015668,3.207260,0.924716,-6.577034
0.013560,-0.347929,-0.018821,2.661634,2.966881,-5.753394
0.000207,-0.435954,0.019410,3.134761,0.636613,-6.367853
-0.021280,-0.541580,-0.006594,2.684368,1.702463,-6.635296
-0.057353,-0.631391,0.037601,2.656740,-0.282775,-6.115987
-0.075732,-0.705794,0.012415,2.165556,0.623047,-6.163819
-0.113047,-0.784900,0.020283,1.574419,-0.474843,-5.609638
-0.119382,-0.858381,-0.003961,2.276243,-0.079287,-5.484803
-0.128254,-0.931442,0.012540,1.254502,0.095041,-5.046745
-0.155699,-0.984811,0.020930,1.419330,-0.586502,-4.258037
-0.174914,-1.033923,0.000936,0.380576,-0.659063,-3.887108
-0.199723,-1.090916,0.017188,0.944283,-0.918790,-4.859780
-0.199293,-1.114257,-0.024319,0.107054,0.904684,-4.124619
-0.237704,-1.144761,0.008335,0.642085,-0.671094,-3.728589
-0.236286,-1.154575,-0.013858,1.129829,1.154881,-3.906708
-0.283438,-1.178898,0.004386,0.758149,-0.990783,-2.402655
-0.269684,-1.201120,-0.009981,2.422213,-0.260523,-3.036819
-0.296830,-1.208053,-0.023419,1.905410,-0.146379,-2.075662
-0.333810,-1.198071,0.015386,3.377820,-0.724617,-3.106660
-0.354690,-1.187580,-0.014688,3.031306,-1.045843,-3.425261
-0.387888,-1.188368,0.008594,4.250906,-1.450262,-3.039224
-0.405134,-1.149931,-0.023370,3.960534,-0.940296,-1.763662
-0.413498,-1.141206,-0.011606,4.957792,-1.142396,-1.404609
-0.430284,-1.116837,0.013406,5.519604,-2.054802,-0.758986
-0.414335,-1.071822,-0.005583,4.786002,-1.162074,0.193279
-0.439446,-1.051599,0.029960,5.546792,-2.403830,0.334840
-0.432165,-0.985270,-0.043406,5.803453,-0.902772,0.614123
-0.452227,-0.978955,-0.005208,5.936267,-2.264960,0.630052
-0.439068,-0.930349,-0.022937,5.174652,-1.287680,1.669626
-0.413153,-0.882878,-0.016799,5.406241,-1.189893,3.148323
-0.445177,-0.859061,-0.026495,4.866005,-1.178355,3.796784
-0.442433,-0.811505,-0.003721,4.305778,-2.266109,5.319265
-0.419918,-0.759169,-0.028409,3.556958,-1.069526,6.532701
-0.396469,-0.725606,-0.005924,3.067041,-2.075413,7.568734
-0.387196,-0.695132,-0.014649,2.658197,-1.683148,7.117779
-0.353003,-0.653068,-0.046383,2.289898,-1.370775,9.202978
-0.339896,-0.644740,-0.017495,1.973034,-0.903674,9.537009
-0.318642,-0.596751,-0.010703,1.278753,-2.745175,10.556528
-0.281390,-0.590833,-0.017048,1.783664,-0.746531,10.448084
-0.231700,-0.577463,-0.039615,1.364342,0.325733,11.448398
-0.218140,-0.571594,-0.002435,1.867304,-1.017007,11.626352
-0.157428,-0.530091,-0.042855,1.727449,1.678167,11.571684
-0.114235,-0.524324,-0.026042,1.981234,0.310299,11.070978
-0.084072,-0.518445,-0.011091,2.328417,0.848120,9.492834
-0.016822,-0.500454,-0.021729,2.183662,0.567042,10.472751
0.018842,-0.514109,-0.016736,2.904754,1.012853,9.266505
0.057243,-0.491030,-0.002645,2.647198,0.216629,8.555756
0.118996,-0.483802,-0.029128,3.602594,1.887534,6.627954
0.174452,-0.463484,-0.016461,2.945680,1.199397,5.719126
0.214416,-0.453656,-0.008222,3.379165,1.559211,3.526188
0.256707,-0.434303,-0.003160,2.456948,1.095994,3.108859
0.274511,-0.443592,0.017050,3.292903,0.535734,1.481722
0.337468,-0.391825,-0.013953,2.329356,1.324789,0.573757
0.368960,-0.386970,0.004419,2.766442,0.481272,-0.675929
0.405634,-0.358557,-0.003702,1.802374,2.282625,-2.303661
0.430115,-0.336713,0.002817,1.724386,1.440725,-3.742222
0.444108,-0.291294,-0.021795,0.273815,2.434559,-4.989303
0.483139,-0.257373,0.010580,0.433177,0.924893,-5.813995
0.505266,-0.230923,-0.014334,-0.282132,2.544419,-6.716984
0.498606,-0.191823,0.017775,-1.097513,0.858096,-7.027796
0.522978,-0.162251,-0.011875,-1.099180,2.481934,-8.502684
0.532799,-0.121933,-0.006131,-1.736823,2.116602,-8.066714
0.545689,-0.088619,0.002459,-1.438663,2.496196,-9.128767
0.558993,-0.028820,-0.011557,-2.457896,1.771815,-8.822713
0.566786,-0.003585,-0.003557,-1.192621,2.923602,-10.340460
0.562459,0.053940,-0.004851,-2.409684,2.081240,-10.215022
0.575537,0.082274,0.003483,-1.253389,2.772325,-10.394762
0.595251,0.145960,-0.020423,-2.691307,2.617187,-9.739105
0.589037,0.167733,0.004902,-0.948434,2.695818,-9.738492
0.596222,0.247463,-0.019461,-2.050014,2.121210,-8.395709
0.598648,0.301049,-0.002182,-1.397298,0.579127,-7.853136
0.609782,0.359109,-0.022395,-1.661350,2.789685,-7.318631
0.602508,0.429271,0.008617,-1.381818,1.705844,-6.874229
0.623890,0.512126,-0.018483,-1.565720,3.299661,-6.088496
0.615812,0.578783,-0.020715,-1.786677,2.272399,-5.015083
0.583569,0.648666,-0.017035,-1.918470,2.234986,-5.169215
0.609654,0.738907,-0.019907,-2.090375,2.163596,-3.551351
0.614913,0.813080,-0.042001,-2.615270,3.653252,-2.086550
0.602088,0.911382,-0.015486,-3.342405,2.311424,-0.338870
0.579784,0.980366,-0.034005,-3.818034,2.440138,-0.385426
0.560775,1.058022,-0.032098,-4.346969,1.429285,1.335503
0.557591,1.138288,-0.012115,-4.477525,1.271380,1.667737
0.546832,1.225715,-0.049577,-5.897738,1.902275,2.423310
0.496141,1.267754,-0.027381,-4.744433,1.030902,2.712666
0.479489,1.362905,-0.040695,-5.815545,0.966238,4.255830
0.441002,1.407044,-0.024542,-5.391084,0.656261,5.303364
0.409826,1.465648,-0.050893,-5.548903,1.092947,5.036950
0.365395,1.495085,-0.020974,-4.885982,0.361327,4.390311
0.317327,1.550690,-0.060826,-5.823742,-0.077452,5.429264
0.273139,1.553247,-0.037632,-4.356147,0.003985,5.070939
0.226626,1.583212,-0.051058,-5.087360,0.756789,4.637528
0.177002,1.587329,-0.054228,-3.900256,-0.374766,4.775594
0.113077,1.571422,-0.060009,-3.599923,0.301246,5.127845
0.042166,1.569052,-0.015249,-3.607732,-1.543970,5.830824
-0.028015,1.543538,-0.059234,-3.213698,-0.912193,4.641432
-0.076953,1.509124,-0.029718,-2.822313,-1.190695,5.012367
-0.162349,1.465977,-0.020731,-2.482440,-1.513972,4.353801
-0.206534,1.425803,-0.020938,-2.368648,-2.457296,4.529408
-0.293538,1.355917,-0.013342,-1.916698,-1.948298,4.250023
-0.334483,1.321481,-0.026836,-2.512773,-2.198075,4.882250
-0.397782,1.229448,-0.016671,-1.930806,-2.248250,5.154299
-0.470074,1.158770,-0.017403,-2.824618,-2.598299,5.289204
-0.508508,1.075363,-0.036178,-2.073986,-2.837569,5.867918
-0.561517,0.967197,-0.030467,-2.476082,-1.391599,5.264537
-0.600121,0.890040,-0.021453,-2.983015,-2.297395,5.668948
-0.650185,0.774731,-0.015637,-2.857235,-2.323661,4.857359
-0.683403,0.674269,0.010908,-3.445277,-3.557756,5.096994
-0.731238,0.566897,-0.017747,-2.739235,-3.338926,4.163708
-0.753260,0.452415,-0.014452,-3.274886,-3.818687,5.938255
-0.788481,0.335442,0.000812,-2.534482,-3.473899,5.587284
-0.797218,0.248655,-0.006187,-3.251518,-3.174587,6.332536
-0.850739,0.109853,0.035671,-1.813006,-3.854084,3.894675
-0.864295,0.024247,-0.004585,-2.604208,-3.824831,4.965959
-0.895790,-0.097370,0.030199,-1.170084,-3.663424,3.996199
-0.941396,-0.193037,0.008253,-1.497432,-4.030509,3.312681
-0.959460,-0.305254,0.015674,0.217406,-3.802255,2.000841
-0.981173,-0.402965,0.014798,-0.007530,-4.008681,1.339699
-1.008447,-0.504767,0.045564,1.761773,-4.001039,-0.392896
-1.031109,-0.597896,0.012340,1.730639,-4.050548,-1.012814
-1.039426,-0.726437,0.049513,2.999617,-5.169630,-1.565261
-1.037411,-0.802625,0.013062,3.838588,-1.502910,-2.644448
-1.056633,-0.906318,0.024586,5.062902,-3.593331,-3.847081
-1.080463,-1.008004,0.031548,5.308231,-2.950301,-5.042020
-1.097548,-1.115563,0.063473,5.872518,-3.749213,-6.204574
-1.072392,-1.196312,0.034529,6.123887,-2.079132,-7.859681
-1.072526,-1.269707,0.077949,6.359826,-4.581604,-8.165689
-1.075779,-1.356862,0.049283,6.769297,-3.329534,-9.285044
-1.072133,-1.410297,0.052041,6.259265,-4.113026,-9.886774
-1.077545,-1.473550,0.040788,6.610135,-3.597046,-10.817404
-1.048463,-1.522022,0.045272,5.607340,-4.667807,-10.327923
-1.047163,-1.574429,0.074420,5.753767,-3.620939,-11.410162
-1.023329,-1.577836,0.022719,3.877558,-3.505945,-10.490715
-1.019403,-1.620708,0.068509,4.107017,-3.431030,-11.660428
-0.974887,-1.611114,0.018799,3.074683,-2.617278,-11.264352
-0.928450,-1.618614,0.023109,2.728265,-2.873442,-10.307878
-0.902171,-1.608589,0.035779,2.136346,-2.343430,-10.988193
-0.854677,-1.577692,0.017198,0.946656,-1.501321,-9.462691
-0.827574,-1.567877,0.034414,1.102303,-1.804428,-8.492152
-0.776772,-1.515736,0.027970,0.121106,-3.843104,-6.473549
-0.741978,-1.493681,0.010872,1.051198,-1.691272,-6.655295
-0.665363,-1.411827,0.007347,0.708246,-1.578153,-5.423040
-0.618312,-1.369943,0.012576,1.513073,-1.357829,-4.458987
-0.555848,-1.263444,-0.010848,1.126054,-0.927662,-3.879908
-0.474945,-1.202745,-0.002983,2.014193,-0.685572,-1.671242
-0.416511,-1.124702,-0.016979,2.222700,0.630541,-0.334462
-0.343996,-1.038594,0.014788,3.283354,-0.224932,0.844791
-0.266418,-0.953372,-0.000121,3.535889,0.067117,1.739148
-0.253909,-0.877488,0.098133,2.870794,-12.723728,2.834220
-0.125336,-0.773379,-0.003354,4.790387,-0.429450,3.223022
-0.068205,-0.675063,0.006802,4.540213,-1.183620,3.816898
0.022577,-0.568604,-0.008209,6.077119,0.932870,4.642116
0.105656,-0.486087,-0.036497,5.562626,0.373211,6.183475
0.152943,-0.384571,-0.002970,5.670809,0.519883,6.917212
0.221309,-0.283967,-0.053263,5.139484,2.571633,8.133523
0.245691,-0.223531,0.004133,5.365227,0.894078,8.058020
0.322707,-0.108931,-0.064749,4.365245,2.110017,7.832405
0.388274,-0.052266,-0.014307,3.936306,2.012214,6.894928
0.443645,0.044257,-0.047713,2.625369,4.035315,6.582594
0.466231,0.121512,-0.011114,1.574188,0.517779,7.118908
0.508729,0.193056,-0.020921,0.500536,1.895218,6.369222
0.553341,0.259404,-0.010762,-0.849994,-2.137428,7.149353
0.592228,0.291526,-0.034793,-0.538346,2.124618,6.548197
0.650199,0.370863,-0.063275,-2.306221,2.746531,7.648146
0.650412,0.391585,-0.036329,-1.851555,2.508193,5.846290
0.690488,0.453177,-0.048297,-3.154492,2.757678,4.566789
0.725242,0.478172,-0.023403,-3.038642,2.765756,3.474889
0.726752,0.521986,-0.067634,-4.325088,4.080238,3.136801
0.747999,0.535359,-0.031632,-3.303466,2.408893,2.790274
0.768111,0.547150,-0.027677,-3.145291,3.376014,3.068484
0.774124,0.579974,-0.015775,-3.091305,2.599396,2.673350
0.785596,0.613291,-0.056162,-3.207018,3.111732,1.936731
0.781943,0.618063,-0.019287,-3.167993,2.191395,1.551077
0.778788,0.641549,-0.020258,-2.962883,2.842057,0.446914
0.782734,0.655293,-0.013155,-2.437883,1.411481,0.363064
0.777009,0.657548,-0.028963,-1.637106,3.067698,-0.963058
0.767231,0.685527,-0.011872,-1.854719,1.953793,-1.210328
0.771245,0.695867,-0.028839,-0.648856,3.651443,-1.455467
0.762494,0.699678,-0.012088,-0.908087,2.497410,-0.556007
0.752594,0.705915,0.000759,-0.086522,4.943454,-1.249104
0.744520,0.737479,-0.051323,-1.142597,4.414745,-0.196827
0.724835,0.715693,-0.016060,-0.236208,3.474504,-1.466731
0.714978,0.734705,-0.002464,-1.403105,2.746712,-1.295699
0.679800,0.721142,-0.010739,-0.748912,2.276647,-2.662836
0.664225,0.730070,-0.005908,-1.426774,2.614449,-2.710694
0.617719,0.716681,0.016081,-1.289342,1.356609,-3.557298
0.607652,0.740889,-0.016651,-1.718511,2.705937,-3.728035
0.569717,0.730001,-0.000721,-1.961605,1.201192,-3.193073
0.515888,0.726673,-0.003846,-2.911772,0.795460,-4.077032
0.482250,0.713212,0.005588,-2.985329,1.018961,-3.626301
0.449189,0.702764,-0.046511,-3.751850,3.127740,-3.552772
0.372938,0.683085,0.011292,-3.649159,0.616071,-4.492134
0.322789,0.682997,-0.032998,-3.472600,2.001129,-6.288890
0.248061,0.660007,-0.004746,-4.048415,0.403681,-7.204373
0.190726,0.657016,-0.019274,-3.778927,0.890335,-7.252462
0.134580,0.643227,-0.008730,-4.168057,-0.032263,-6.824147
0.026634,0.612595,0.048318,-3.772175,-4.137966,-7.417262
-0.020321,0.613475,-0.024965,-4.215524,-0.222313,-6.666195
-0.107263,0.570304,0.020119,-2.942683,-0.623420,-7.542883
-0.166153,0.600591,-0.005487,-3.712369,-1.516329,-7.412932
-0.253611,0.559150,0.004337,-2.635683,-1.592340,-8.340081
-0.332852,0.579761,0.006648,-3.317249,-2.029088,-8.329126
-0.391142,0.584278,-0.004486,-2.633904,-1.665650,-7.957390
-0.475526,0.564849,-0.001663,-2.654659,-1.250281,-8.009395
-0.527829,0.579554,-0.005034,-2.306215,-2.081381,-6.096581
-0.603289,0.579853,-0.016572,-2.765632,-2.398510,-5.714670
-0.659205,0.584983,0.005489,-2.272912,-2.433961,-4.891553
-0.712466,0.577316,0.000526,-2.679655,-2.884085,-4.197039
-0.774258,0.585932,0.013088,-2.728330,-4.324146,-3.247276
-0.818341,0.597529,-0.009456,-2.366931,-2.182290,-2.958126
-0.880872,0.589753,0.002180,-2.617249,-3.845708,-0.996643
-0.893003,0.587087,-0.015676,-2.029243,-3.113347,-0.053378
-0.935613,0.580437,0.007281,-2.742862,-4.282866,1.851474
-0.955803,0.560848,0.012720,-1.907767,-3.930139,1.493757
-0.974158,0.553236,-0.002087,-2.347430,-4.370557,4.204835
-1.012218,0.529592,0.022131,-1.999383,-4.488117,4.436545
-1.018251,0.525745,-0.021181,-2.168881,-3.951373,5.501927
-1.046356,0.484954,0.018277,-0.975564,-4.524345,5.083334
-1.053147,0.479896,-0.012325,-1.162978,-3.766135,6.581997
-1.070242,0.422933,0.009073,-0.546782,-4.794966,8.159915
-1.072136,0.405240,-0.014146,-0.676301,-4.231726,8.551957
-1.090160,0.351132,0.022400,-0.173615,-4.838698,8.535811
-1.118710,0.290207,0.005368,-0.233983,-5.340172,8.131260
-1.116918,0.247306,0.013131,0.620413,-6.270790,8.733746
-1.132779,0.178959,0.012710,0.780911,-5.144542,7.666536
-1.163949,0.126266,0.059426,0.457240,-9.909297,7.756528
-1.157748,0.055053,0.012730,0.980713,-4.904412,6.697705
-1.178530,-0.002429,0.040345,1.388271,-6.137122,7.117933
-1.163959,-0.065468,0.025184,1.499234,-4.611044,6.309213
-1.143555,-0.141696,0.020792,1.901647,-5.270683,6.079752
-1.147872,-0.219044,0.040217,2.376797,-4.016966,3.906984
-1.136252,-0.285326,0.032628,1.462621,-4.672770,4.337687
-1.131558,-0.381518,0.039613,2.488410,-3.533892,2.866298
-1.082367,-0.437379,0.028489,1.289844,-3.860662,2.820289
-1.069989,-0.540424,0.061061,2.254067,-3.219156,0.520494
-1.023546,-0.606592,0.030459,1.303348,-3.608640,0.816772
-0.991411,-0.697912,0.055766,2.324160,-3.189564,-0.797708
-0.929563,-0.736146,0.018790,1.699502,-3.148911,-0.883802
-0.901127,-0.838499,0.068023,2.104549,-4.326722,-2.252027
-0.836096,-0.871202,0.008929,1.330533,-2.876318,-2.209380
-0.785608,-0.967811,0.045072,2.238013,-4.051336,-2.341586
-0.712686,-0.990040,0.024255,1.680379,-1.692923,-3.098088
-0.650365,-1.053072,0.041799,2.342762,-2.478864,-3.797463
-0.581431,-1.095360,0.027002,2.330988,-0.942463,-5.406497
-0.525232,-1.151171,0.039942,2.747687,-1.937334,-4.721158
-0.457263,-1.180779,0.040972,2.172403,-1.598313,-5.174662
-0.353722,-1.213210,0.029668,3.581705,-0.829878,-5.528149
-0.288601,-1.243986,0.029976,3.604436,0.058720,-5.962201
-0.211766,-1.252796,0.036977,3.684938,-0.066741,-5.615298
-0.122864,-1.289323,0.031286,4.316463,1.344622,-5.861472
