1.060579,-1.311413,0.049306,4.241116,3.258309,3.473726
1.112937,-1.223523,0.043093,3.930049,4.023632,3.581269
1.175244,-1.168657,0.038395,4.389669,5.136898,2.858523
1.213406,-1.127052,0.027682,3.946901,4.510536,1.407607
1.254906,-1.044269,0.041353,2.860838,4.908827,-0.387959
1.254486,-0.954428,0.026339,3.084086,5.528010,-1.564836
1.248420,-0.870378,0.013350,2.613936,4.582382,-3.383811
1.251978,-0.789929,0.020191,2.291965,3.790431,-4.506061
1.270267,-0.726607,0.039265,2.256042,3.054745,-4.969660
1.297036,-0.661326,0.033114,2.944841,3.794764,-5.549207
1.305646,-0.601149,0.018763,3.085310,3.594388,-6.593138
1.297397,-0.521094,0.058907,2.174998,1.714811,-7.708532
1.311862,-0.451545,0.035550,2.277413,3.442916,-8.784483
1.325383,-0.412570,0.022164,2.461804,4.042588,-9.663300
1.344841,-0.377408,0.036974,1.894497,3.835627,-9.846851
1.386475,-0.335268,0.012733,1.599849,5.356210,-9.864096
1.416372,-0.300327,0.009566,2.238507,6.431622,-9.642879
1.421834,-0.286458,0.016292,2.532967,6.959943,-10.284537
1.442162,-0.276670,0.015093,2.992437,6.732894,-10.747653
1.467391,-0.289586,0.039278,3.341941,6.934872,-10.641711
1.496670,-0.320602,0.034348,4.043404,6.456447,-10.703088
1.503701,-0.353587,0.037933,3.929261,5.647628,-9.840705
1.504811,-0.373440,0.032244,3.375898,5.459603,-8.650033
1.510945,-0.394391,0.024793,3.114215,4.283158,-7.164282
1.539378,-0.436912,0.028771,3.004260,4.379149,-6.298032
1.581600,-0.476768,0.016357,3.140560,4.722870,-5.122908
1.605552,-0.536600,0.001248,3.554521,4.756223,-4.161063
1.628631,-0.590878,0.017411,3.105143,4.382941,-3.181952
1.646435,-0.635021,0.026221,2.536473,4.463915,-2.275023
1.671929,-0.686315,0.028282,2.606855,5.436702,-0.501103
1.705529,-0.730221,0.035658,1.860958,5.804975,2.145610
1.715740,-0.774712,0.016850,1.502289,5.691567,3.787060
1.724481,-0.825327,0.011758,0.972894,6.238372,5.292345
1.713019,-0.859375,0.019039,0.337178,5.976062,5.959826
1.689034,-0.889640,0.020864,0.726373,5.683184,6.457660
1.666566,-0.904109,0.002561,0.479816,7.698256,7.371670
1.623908,-0.930588,0.031535,0.551209,5.636816,7.602593
1.585559,-0.957435,0.035300,1.160683,5.317307,8.022419
1.558423,-0.962277,0.038809,2.163228,4.937046,8.657757
1.533736,-0.967174,0.053239,2.435624,4.918077,9.017607
1.489597,-0.964867,0.065469,2.623521,2.092321,9.527602
1.475203,-0.937163,0.035106,2.897571,4.033874,9.950999
1.434307,-0.929085,0.039863,2.854092,4.187071,9.534600
1.407907,-0.882093,0.049040,2.503721,4.559172,9.469662
1.385146,-0.843393,0.050462,2.061200,4.003189,8.881648
1.363620,-0.777797,0.049854,2.077612,5.669027,8.607399
1.325380,-0.720768,0.041245,1.976591,6.028683,7.779461
1.281648,-0.645577,0.050593,1.375413,5.208363,7.210946
1.225853,-0.563358,0.072477,1.280688,5.020860,6.466063
1.195247,-0.468850,0.076770,0.826005,4.422777,5.657599
1.185397,-0.374014,0.065696,0.179049,4.897266,5.017713
1.141540,-0.269938,0.056777,-0.700733,3.142997,4.491506
1.111210,-0.154071,0.029503,-0.906266,4.338549,4.200163
1.076965,-0.059202,0.020575,-1.428101,3.746945,3.198975
1.056013,0.045314,0.026546,-1.596816,4.553664,1.848380
1.021777,0.144204,0.032418,-1.681250,4.048890,0.381771
0.988296,0.237957,0.051929,-1.457168,3.247079,-1.133119
0.942440,0.332360,0.055280,-0.802722,2.564867,-2.860679
0.897415,0.432386,0.056872,-0.542759,2.898944,-4.027401
0.840823,0.506914,0.068778,-0.282918,1.941246,-5.020985
0.807631,0.591978,0.066874,-0.080385,1.750225,-5.115393
0.753096,0.652146,0.060316,0.174955,1.757669,-4.987840
0.695417,0.706060,0.020296,-0.095015,3.557742,-5.246705
0.634626,0.748331,0.041727,0.540409,2.303319,-5.643632
0.562295,0.785656,0.044708,0.618012,2.261806,-6.363608
0.511584,0.807691,0.032996,1.449982,2.164107,-6.552776
0.471371,0.826404,0.053495,1.428453,2.696148,-6.791886
0.406835,0.836960,0.057903,0.143408,1.150218,-6.346342
0.365079,0.837423,0.054824,0.115379,2.089589,-5.424992
0.331270,0.828790,0.036209,-0.516950,2.869799,-4.454960
0.293611,0.823686,0.055077,-1.371060,2.159676,-4.158589
0.262044,0.796639,0.042302,-1.860586,1.923922,-4.297341
0.213930,0.740968,0.018208,-2.504423,2.038150,-4.167856
0.189334,0.704428,0.028968,-3.200779,1.629933,-3.652395
0.166390,0.663145,0.045079,-3.031990,1.235043,-3.446605
0.141562,0.602952,0.050065,-2.648453,1.446100,-3.806305
0.120607,0.558852,0.059259,-2.725384,0.435582,-3.459587
0.087976,0.491497,0.059462,-2.830760,-1.813239,-2.697033
0.069670,0.427932,0.028276,-2.814259,-0.544836,-1.444582
0.040397,0.368993,0.012520,-1.834924,-0.371691,-0.759862
0.014029,0.307591,0.006510,-1.320133,1.142695,-0.925185
-0.046030,0.244943,0.008607,-1.529835,-0.695648,-1.260703
-0.092492,0.181352,0.011765,-0.911108,-0.027708,-1.299557
-0.137248,0.087208,0.035786,-0.145929,-1.201471,-1.745873
-0.175561,0.024911,0.023391,0.898434,-0.848783,-1.706914
-0.195403,-0.042885,0.042374,1.734360,0.364203,-0.945782
-0.239322,-0.120669,0.038546,2.132779,-0.337586,-0.387829
-0.296309,-0.191993,0.042019,2.390096,-2.089561,1.115580
-0.334507,-0.254933,0.033459,2.471956,-0.283810,2.138726
-0.386468,-0.309287,0.036941,2.272745,-0.266025,2.136461
-0.418353,-0.364649,0.034384,1.737902,1.142104,1.893583
-0.467714,-0.400306,0.009999,0.764291,0.267709,1.982701
-0.526670,-0.455865,0.022577,0.596611,-1.814992,1.922692
-0.568981,-0.486319,0.026116,0.418273,-2.154563,2.356764
-0.602183,-0.519029,0.022016,0.949424,-2.020282,2.192803
-0.638175,-0.543854,0.044616,0.141255,-3.060221,2.512542
-0.654666,-0.564477,0.033583,0.106921,-2.918511,2.665333
-0.667992,-0.587310,0.025978,-0.125633,-2.465751,2.439225
-0.672962,-0.602790,0.015638,0.200821,-2.834261,2.707798
-0.691183,-0.619025,0.046316,-0.502835,-4.256105,2.788444
-0.691514,-0.633829,0.026027,0.271716,-2.413413,3.867595
-0.673671,-0.646269,0.033662,0.421513,-1.497179,4.363677
-0.664231,-0.657531,0.023766,1.100147,-1.563320,4.518733
-0.667014,-0.650917,0.024823,1.626772,-2.456508,4.857635
-0.668288,-0.655532,0.004196,2.147868,-1.327595,4.825904
-0.658887,-0.636865,-0.004076,2.450995,-1.276442,4.627638
-0.652138,-0.624182,0.001137,3.019858,0.137416,4.130407
-0.657679,-0.588597,-0.011626,2.755540,-1.534054,4.320874
-0.649095,-0.563322,0.002584,2.962497,-2.678417,3.341676
-0.637899,-0.529188,-0.011107,2.539224,-2.724112,2.727515
-0.640062,-0.489976,-0.008149,2.850950,-2.582790,2.107501
-0.650330,-0.461960,0.006933,2.729930,-2.920343,1.025294
-0.659760,-0.407724,0.008282,2.103772,-4.295117,0.894235
-0.657449,-0.355278,0.012569,1.490045,-4.024214,1.103940
-0.676953,-0.311739,0.012323,0.687495,-3.604817,0.320631
-0.685859,-0.258350,0.014677,-0.311032,-3.727859,0.023186
-0.687763,-0.218925,0.005896,-0.968124,-3.252614,-0.254851
-0.709850,-0.183278,0.006674,-1.251172,-2.482682,-0.881525
-0.717426,-0.130673,0.012143,-2.444489,-2.083200,-0.746988
-0.722668,-0.095177,0.011676,-1.709407,-2.230105,-1.677662
-0.727411,-0.048547,-0.000318,-1.083958,-1.072764,-2.016784
-0.742908,-0.002291,0.009356,-0.974295,-1.151470,-2.468580
-0.764411,0.031377,0.022167,-0.180346,-1.824652,-2.972612
-0.761371,0.058802,0.036058,0.041002,-2.379358,-3.460415
-0.754902,0.086207,0.034480,0.948022,-2.114406,-3.418709
-0.762402,0.099616,0.032307,1.313751,-2.540759,-4.568544
-0.765648,0.117870,0.052943,1.134346,-3.959580,-5.326926
-0.735814,0.164887,0.034503,1.328578,-3.047387,-5.495824
-0.703184,0.183345,0.023441,1.540413,-2.210972,-5.896068
-0.664464,0.188784,0.019889,1.439048,-2.671219,-6.864035
-0.629007,0.186230,0.016905,1.900894,-1.421592,-7.005590
-0.612953,0.180978,-0.003941,1.404041,-1.192471,-7.175200
-0.578526,0.165823,0.010209,1.117822,-1.408386,-7.042756
-0.531919,0.144310,0.034850,1.304403,-1.435247,-6.466166
-0.505184,0.100318,0.048377,1.520092,-2.556140,-4.783665
-0.456686,0.046821,0.045486,1.052502,-1.423384,-3.110152
-0.409809,0.016587,0.050783,1.198328,-0.989170,-1.574317
-0.376197,-0.016996,0.055313,0.678488,-0.690730,-0.404107
-0.325536,-0.027135,0.062338,0.093695,-0.707510,0.334121
-0.283195,-0.050625,0.050330,-0.883371,-1.630703,1.127304
-0.246961,-0.081223,0.044412,-1.166393,-0.660886,1.918930
-0.220809,-0.100958,0.032231,-1.986924,-0.945740,2.740004
-0.196506,-0.135243,0.020185,-2.336904,-1.138287,3.028564
-0.158742,-0.148185,0.013538,-1.925427,-0.993992,3.326098
-0.134045,-0.177356,0.019804,-0.923200,-0.010727,3.242386
-0.117038,-0.204663,0.040385,-0.906401,-0.517549,3.402038
-0.087867,-0.227916,0.042705,-0.887648,-0.816842,3.446858
-0.059638,-0.220964,0.031873,-0.173761,-0.606864,4.502458
-0.035851,-0.228904,0.019141,0.448642,0.105011,4.449000
-0.026643,-0.226836,0.043050,0.425071,-0.031177,4.380667
-0.024703,-0.238190,0.037637,0.670039,-0.296214,4.041407
-0.018391,-0.236824,0.018428,1.082487,-0.222005,3.618485
-0.004379,-0.220350,0.025420,1.083626,-0.189092,3.800900
0.013868,-0.205789,0.025279,1.721788,0.804328,3.638278
0.020978,-0.187200,0.025610,1.773683,0.687677,3.438961
0.042882,-0.172735,0.009435,1.470412,0.819684,3.917810
0.050655,-0.145172,0.003667,1.817130,0.598677,4.317053
0.079517,-0.100249,0.017263,1.197182,1.014572,3.994819
0.089752,-0.059389,0.059354,0.006366,-2.952714,3.253875
0.133054,-0.012949,0.036190,-0.700979,-0.328169,3.198526
0.163475,0.038011,0.010436,-1.267275,0.874553,2.656467
0.186741,0.084838,-0.011350,-1.929383,1.244605,1.405566
0.227522,0.126840,-0.002628,-2.561482,1.353913,1.094611
0.257396,0.180928,-0.017028,-2.695425,2.533205,0.649246
0.292373,0.217987,0.008840,-2.891291,1.768843,-0.068879
0.323041,0.265159,0.024915,-2.683385,0.771320,0.253689
0.371953,0.327532,0.022991,-2.464568,0.672994,-0.000013
0.412156,0.376017,0.022387,-2.047074,1.298686,-0.159750
0.469618,0.427118,0.014585,-1.489973,1.497221,-0.193434
0.493249,0.470502,0.022929,-1.481589,0.169035,-0.655076
0.528144,0.514158,-0.006896,-1.083528,1.876057,-0.752200
0.541780,0.555681,-0.019799,-0.819590,1.574582,-0.904227
0.555484,0.609343,-0.024187,-0.867632,1.906748,-1.380939
0.567950,0.652109,-0.028996,-0.476041,1.305789,-2.157640
0.576173,0.689677,-0.010483,-0.127016,1.700834,-2.999385
0.567655,0.715480,-0.003813,0.535705,1.718218,-3.975537
0.566017,0.766243,0.014640,-0.410513,1.512717,-4.428344
0.564760,0.804566,0.013478,-1.084172,1.179222,-4.293456
0.562692,0.837820,0.008929,-1.637607,1.034210,-4.333712
0.561271,0.847887,-0.013070,-2.257131,2.469502,-4.492116
0.531220,0.861188,0.005525,-2.869539,1.947581,-5.013493
0.516009,0.856711,0.002781,-2.886131,2.034914,-4.059728
0.495980,0.865537,0.002640,-2.785564,2.471232,-3.554269
0.490432,0.848055,0.011506,-2.587755,2.772301,-3.047425
0.493393,0.837459,-0.015952,-2.633351,4.832641,-3.132650
0.456538,0.806401,0.008673,-2.465136,2.157027,-2.543236
0.453955,0.784654,0.032523,-2.485159,2.139016,-2.373221
0.447091,0.746877,0.038661,-1.706184,1.790507,-1.564454
0.434398,0.708072,0.035733,-1.638286,2.118721,-1.268106
0.414378,0.673347,0.037765,-1.757820,1.170753,-1.242805
0.408020,0.644993,0.028358,-1.496987,1.060233,-1.034310
0.381721,0.597017,0.007015,-1.244594,1.474608,-1.540580
0.359276,0.551414,0.025653,-1.198912,1.444696,-1.165263
0.348464,0.516407,0.030859,-1.082583,0.516406,-1.234112
0.329639,0.463261,0.011542,-0.795629,2.435959,-1.601288
0.288218,0.395961,0.025427,-1.151330,0.902132,-0.952642
0.266376,0.355118,0.042873,-0.721314,0.025694,-0.325670
0.259854,0.303344,0.034660,-0.064840,1.691844,-0.042077
0.243058,0.257990,0.036646,-0.143855,1.348330,1.035010
0.229321,0.226988,0.034289,-0.508704,1.133274,1.980028
0.208350,0.189335,0.027540,-0.931541,0.874402,3.108780
0.186242,0.156002,0.009008,-1.187108,1.352082,3.882542
0.149381,0.138657,0.031328,-1.758745,0.447685,4.107015
0.132246,0.133839,0.023178,-2.320574,0.268053,3.735393
0.113031,0.134466,0.009001,-3.018899,0.304886,3.150807
0.089795,0.134502,0.007852,-3.224961,0.507908,2.101756
0.059514,0.121825,0.007255,-2.370851,0.534801,1.312739
0.020998,0.106266,0.011880,-2.179652,-0.778641,1.387801
-0.003909,0.094144,0.028325,-1.242739,-0.340376,1.730488
-0.033967,0.086368,0.020280,-1.184315,-1.956688,2.454252
-0.062635,0.084113,0.002578,-0.195002,-1.017402,3.473957
-0.114741,0.060187,0.006208,0.450759,-1.324001,3.592532
-0.177790,0.057804,0.029641,-0.100733,-4.191461,4.862867
-0.220084,0.077430,0.000506,-0.152156,-2.329980,6.182423
-0.265904,0.091653,-0.007332,0.036397,-0.939657,6.750054
-0.325211,0.133980,-0.012745,-0.454685,-0.993539,6.148608
-0.379302,0.179973,-0.004109,-0.586032,-1.007075,5.029184
-0.448049,0.230195,0.005591,-1.019606,-1.111313,2.937015
-0.524652,0.287933,0.032179,-1.258800,-1.142348,1.257655
-0.591505,0.338515,0.034036,-2.068860,-3.062476,-0.146226
-0.623519,0.409314,0.014949,-2.956681,-2.119924,-0.521377
-0.670445,0.455672,0.009737,-3.255035,-1.957916,-0.919492
-0.708239,0.477920,-0.005185,-3.331555,-1.846523,-1.898080
-0.736733,0.493830,-0.026439,-3.349957,-0.963098,-2.186459
-0.753615,0.521968,-0.019303,-2.848633,-1.615197,-1.487651
-0.774501,0.550065,-0.001214,-2.215444,-1.577225,-1.797113
-0.805290,0.575022,0.001182,-1.815725,-1.877181,-2.208482
-0.829748,0.601675,0.010455,-1.506405,-3.343420,-1.625174
-0.838899,0.637989,0.010189,-0.983706,-3.015416,-1.351737
-0.854714,0.668456,-0.009443,-1.435970,-3.119728,-1.186345
-0.868458,0.703943,-0.021969,-1.204148,-2.757987,-2.070467
-0.876336,0.731102,-0.016415,-1.085711,-2.211888,-3.048562
-0.902178,0.752907,-0.010930,-1.689247,-3.572442,-4.507210
-0.909577,0.774079,-0.020971,-1.507990,-3.257791,-5.053785
-0.915961,0.773117,-0.031691,-1.862786,-3.166031,-5.228316
-0.908648,0.790320,-0.044627,-1.566487,-0.629060,-5.201098
-0.931185,0.759928,-0.008717,-1.246078,-2.096179,-5.841666
-0.934799,0.756317,-0.023252,-1.755119,-2.645580,-5.370662
-0.964325,0.754505,-0.010621,-1.622574,-3.462776,-4.676085
-1.007390,0.749464,-0.007870,-1.219382,-3.715370,-4.550358
-1.051749,0.726119,0.011391,-1.774209,-4.043000,-4.286743
-1.099745,0.712021,0.010255,-2.073643,-4.892091,-3.470948
-1.124757,0.716478,-0.005638,-2.206181,-5.622739,-1.956238
-1.158924,0.700808,-0.027463,-2.312759,-4.619524,-1.004012
-1.205912,0.674703,-0.012784,-2.884477,-5.293014,-0.822067
-1.239025,0.644153,-0.007083,-2.931840,-4.904443,-0.827046
-1.273875,0.619364,-0.034462,-2.727222,-4.711711,0.143761
-1.310763,0.575793,-0.054652,-2.705739,-4.142520,-0.171330
-1.348911,0.539811,-0.030926,-2.885918,-4.607162,0.331520
-1.403331,0.502880,-0.029210,-2.470549,-3.640146,1.080766
-1.441306,0.482562,-0.024289,-1.980632,-3.881737,2.194462
-1.485228,0.462040,-0.015095,-2.125076,-4.241820,2.896254
-1.501643,0.454110,-0.005934,-2.168328,-4.691255,3.790196
-1.526143,0.453627,-0.006538,-2.059716,-4.847502,4.088783
-1.558085,0.456293,-0.027414,-2.106664,-4.155426,3.856406
-1.588339,0.460842,-0.011928,-2.544735,-5.483731,4.073959
-1.588966,0.464554,-0.021667,-2.496280,-5.287513,4.671199
-1.602719,0.480908,-0.028533,-2.724708,-4.782855,4.160350
-1.638577,0.486261,-0.037163,-3.324557,-5.986669,3.887999
-1.663231,0.495797,-0.028960,-3.169849,-6.310091,2.714057
-1.685119,0.510253,-0.028625,-2.964109,-6.488104,2.522455
-1.669507,0.543917,-0.033437,-2.764186,-6.052456,2.528576
-1.664406,0.549268,-0.035341,-2.403738,-5.918096,2.112484
-1.635206,0.577694,-0.031314,-1.856122,-1.632873,1.795722
-1.658698,0.604511,-0.028310,-2.235221,-5.943774,1.858164
-1.664360,0.640825,-0.028336,-2.093938,-5.287405,1.706561
-1.656837,0.691371,-0.009177,-2.349749,-5.428960,1.785493
-1.660579,0.732661,-0.002907,-3.125628,-7.175693,1.284846
-1.669048,0.770268,-0.018942,-2.996438,-5.642703,0.738555
-1.685900,0.791613,-0.032630,-2.748988,-5.131177,0.461869
-1.706881,0.819714,-0.015722,-2.857246,-5.960489,-0.047668
-1.721659,0.859635,-0.025405,-2.997522,-6.523680,0.210394
-1.733827,0.892283,-0.044732,-3.009565,-4.661838,0.112291
-1.765479,0.896963,-0.017235,-2.860923,-7.142360,-0.546117
-1.767557,0.920784,-0.019645,-2.625162,-6.698430,-1.444540
-1.767895,0.945521,-0.014301,-2.033647,-6.318727,-1.817068
-1.785029,0.961424,-0.029295,-1.633990,-6.408016,-1.487038
-1.781823,0.996602,-0.010339,-2.525586,-6.194989,-1.471404
-1.804714,1.022536,-0.008507,-3.204844,-7.743105,-1.335978
-1.802620,1.041519,-0.024549,-3.283606,-5.924490,-1.157137
-1.823841,1.059589,-0.020672,-3.947978,-5.877239,-1.581731
-1.832818,1.088254,-0.009394,-4.406472,-6.065093,-2.181472
-1.825410,1.111326,-0.011652,-4.603809,-6.315727,-2.320956
-1.802134,1.121069,-0.049804,-4.680195,-3.715862,-2.350501
-1.800224,1.113194,-0.055761,-4.504545,-4.985693,-2.825392
-1.771342,1.100022,-0.040288,-4.336313,-5.103234,-2.230453
-1.740083,1.097648,-0.035456,-3.471489,-4.561865,-1.887625
-1.705910,1.061075,-0.031468,-2.993550,-4.674154,-1.722685
-1.683983,1.044647,-0.006459,-2.822062,-6.727936,-1.423445
-1.649173,1.028172,-0.021647,-2.659663,-6.200182,-0.890557
-1.602752,1.009285,-0.024319,-2.711716,-5.691325,-0.349138
-1.558718,1.002461,-0.034150,-2.873422,-5.536043,0.764814
-1.512354,0.995131,-0.030332,-2.843424,-5.616620,1.735274
-1.475134,0.988048,-0.050270,-3.082100,-5.039131,2.423605
-1.433950,0.988235,-0.069413,-3.285404,-4.720465,2.158148
-1.382954,0.979858,-0.049219,-4.359375,-4.864417,2.308106
-1.338447,0.966069,-0.050450,-4.197243,-4.679100,2.816573
-1.322153,0.968094,-0.049095,-4.131873,-3.615557,2.723371
-1.308541,0.980045,-0.031294,-4.590472,-4.650392,2.615248
-1.263696,0.992774,-0.035285,-4.937390,-4.510806,2.909187
-1.224609,1.002274,-0.038118,-5.250118,-4.374290,2.221437
-1.203847,1.016710,-0.050211,-4.879662,-3.958795,1.349336
-1.191463,1.033532,-0.027273,-5.396196,-4.326258,0.693301
-1.189743,1.063327,-0.027660,-5.618568,-4.379558,0.838989
-1.190865,1.077603,-0.041906,-5.459005,-4.330377,0.259799
-1.166923,1.098338,-0.048241,-5.166054,-3.890570,-0.646358
-1.150488,1.109816,-0.021588,-4.893031,-4.505256,-1.612048
-1.142840,1.135991,-0.039828,-4.368835,-2.412721,-1.726435
-1.160591,1.149662,-0.032328,-4.078855,-4.599081,-1.890878
-1.137227,1.166783,-0.059592,-3.287495,-2.272016,-1.562884
-1.096118,1.177855,-0.028172,-2.812648,-3.692777,-2.201564
-1.052123,1.179375,-0.027893,-2.146756,-3.189251,-3.068929
-1.025417,1.182824,-0.026485,-1.890821,-2.717873,-3.735743
-1.010607,1.174195,-0.024634,-1.014240,-2.442092,-3.175434
-0.974694,1.167033,0.010406,-1.310033,-6.125159,-3.085462
-0.895633,1.177599,-0.000515,-1.945517,-2.862963,-2.037323
-0.849751,1.161738,-0.025402,-1.999591,-2.002433,-2.756682
-0.829705,1.128001,-0.019162,-2.497403,-1.954647,-3.747295
-0.791160,1.130263,-0.014961,-3.309373,-2.451900,-2.853549
-0.743167,1.129655,-0.021417,-3.827276,-2.882316,-1.913928
-0.687625,1.113004,-0.045596,-4.163036,-1.230833,-1.431405
-0.651472,1.078722,-0.040698,-4.426324,-2.453899,-1.243376
-0.619990,1.023426,-0.024348,-4.828692,-2.670445,-1.342049
-0.616087,0.981988,-0.017823,-4.078894,-2.700335,-0.926800
-0.605879,0.935621,-0.003708,-3.755597,-1.995904,0.014794
-0.572625,0.902002,0.004816,-3.932507,-3.488904,1.082930
-0.549625,0.862458,-0.017974,-3.563269,-3.302980,1.564064
-0.538346,0.814906,-0.001706,-4.038963,-2.763371,1.289334
-0.546848,0.767658,-0.012620,-3.708524,-2.001454,1.953874
-0.570836,0.744310,-0.017143,-3.475516,-1.626157,2.817146
-0.590602,0.729920,-0.000150,-3.594666,-2.652903,3.761497
-0.596819,0.710150,-0.008169,-3.498326,-0.571319,3.308028
-0.610829,0.690485,0.002614,-2.782216,-1.309309,3.155638
-0.636488,0.685078,0.005807,-2.580753,-2.228684,3.098086
-0.668846,0.692953,0.022272,-2.772060,-1.594543,4.836433
-0.693848,0.692677,0.018044,-2.475765,-2.248612,5.321528
-0.720059,0.705873,0.028716,-3.057774,-2.218272,5.418560
-0.725061,0.733773,0.007879,-3.304859,-3.217420,5.320427
-0.740498,0.759882,-0.016628,-3.724683,-1.967547,4.158168
-0.769922,0.784451,-0.025632,-4.120673,-2.632979,4.386162
-0.787569,0.818969,-0.009246,-4.536046,-2.581855,3.779971
-0.794032,0.858194,-0.021299,-4.244874,-0.903203,3.272361
-0.821509,0.886131,-0.015006,-4.091299,-2.255039,2.028529
-0.864506,0.920173,0.010183,-4.649415,-3.598049,0.828600
-0.887092,0.969499,0.023756,-4.444305,-3.926962,0.572005
-0.915032,1.021854,0.014421,-4.270343,-4.435484,0.631856
-0.911481,1.072699,0.006178,-4.080092,-3.890212,0.121358
-0.929321,1.112879,-0.005921,-4.297236,-3.954423,-0.623153
-0.952524,1.150893,0.006077,-4.298920,-5.076160,-1.130497
-0.980917,1.169232,-0.040071,-3.697012,-3.473083,-1.343895
-1.012534,1.200678,-0.024263,-3.622038,-3.129655,-2.027818
-1.029448,1.227935,-0.016267,-3.746288,-2.812135,-2.022077
-1.072186,1.241875,-0.018479,-3.172922,-3.398555,-3.203165
-1.096407,1.258169,-0.023341,-2.483971,-2.428687,-3.771099
-1.140450,1.277057,-0.021420,-2.355825,-3.378181,-4.570436
-1.188899,1.302089,0.003388,-2.756361,-4.115755,-4.396451
-1.247031,1.320411,0.005620,-2.875021,-4.887315,-4.636099
-1.305078,1.343139,0.022837,-3.772922,-8.245184,-4.738150
-1.356835,1.349123,0.025587,-4.033485,-8.185650,-4.969526
-1.396300,1.358934,0.002571,-4.340334,-6.402528,-4.569591
-1.432866,1.373255,-0.010421,-5.019385,-6.059608,-4.102497
-1.455427,1.370859,-0.032390,-5.073056,-4.474082,-3.744045
-1.476073,1.363096,-0.031435,-5.547165,-5.414800,-3.135215
-1.489022,1.342190,-0.038660,-5.645438,-4.502055,-2.401048
-1.523987,1.313794,-0.031855,-5.936830,-4.022406,-1.629537
-1.527909,1.296272,-0.051704,-5.960654,-3.463905,-0.375232
-1.535945,1.273853,-0.053450,-5.677127,-3.885295,-0.070021
-1.558141,1.264987,-0.032348,-5.169747,-4.303717,-0.227331
-1.609810,1.245670,-0.041883,-5.214136,-4.178230,-0.340700
-1.671775,1.228815,-0.032023,-5.154733,-5.611867,-0.416715
-1.710256,1.224111,-0.027519,-4.260578,-6.181584,0.021743
-1.730318,1.216263,-0.005783,-4.079371,-6.604602,0.325963
-1.724081,1.210187,0.004806,-4.123385,-7.726221,0.855076
-1.726005,1.221114,-0.019418,-4.183887,-7.192092,1.896032
-1.751877,1.216847,-0.028822,-4.387270,-7.183358,3.301595
-1.785775,1.207088,-0.032075,-4.108397,-7.228856,4.465269
-1.800116,1.226051,-0.005980,-4.989682,-6.880576,5.051519
-1.837883,1.246714,-0.022123,-5.165198,-7.012359,4.839309
-1.902039,1.252921,-0.031921,-5.269586,-6.817402,3.371961
-1.974384,1.260868,-0.026462,-5.934161,-6.937795,1.951695
-2.002137,1.286727,-0.025671,-6.025590,-5.963269,1.673531
-2.020965,1.314483,-0.025688,-5.695574,-6.086049,1.945491
-2.043929,1.314884,-0.011662,-5.534610,-5.970592,2.010286
-2.062497,1.334296,-0.008973,-5.626879,-6.727030,1.975400
-2.108931,1.348318,-0.017770,-4.990218,-6.794858,2.075344
-2.164102,1.377211,-0.011370,-5.059228,-6.863540,2.276636
-2.211218,1.402948,0.007790,-5.165421,-7.938263,1.843656
-2.273827,1.416048,0.005253,-5.332645,-9.152371,0.787801
-2.335163,1.436885,0.007002,-5.221748,-8.978235,-0.279435
-2.363290,1.458451,-0.006512,-5.104591,-8.796716,-1.648967
-2.371132,1.478283,-0.031488,-4.704836,-7.708515,-0.433388
-2.395563,1.492939,-0.007332,-5.024181,-8.765582,-0.445510
-2.414414,1.501162,-0.002431,-4.632849,-8.151421,-0.220949
-2.417185,1.520666,-0.011038,-4.071447,-6.732164,-1.392993
-2.431043,1.532555,0.037526,-4.554589,-7.860916,-3.099605
-2.397493,1.565544,0.025827,-4.615002,-7.290464,-2.661173
-2.416046,1.587264,0.010577,-4.556522,-6.982742,-2.686875
-2.458721,1.586561,0.003556,-4.410460,-7.540235,-1.681907
-2.496147,1.591452,0.034427,-5.439807,-10.637530,-0.838077
-2.509618,1.601785,0.015103,-5.638844,-9.403823,0.596615
-2.517657,1.607756,0.010672,-5.872750,-8.586709,-0.232893
-2.529569,1.624421,0.020194,-6.366964,-9.554847,-0.872460
-2.524094,1.642359,0.000549,-6.753048,-9.627107,-0.632494
-2.543217,1.647726,0.020319,-6.464748,-9.374734,-0.017516
-2.565292,1.640587,0.024153,-5.780694,-9.705968,1.021530
-2.577502,1.642862,0.045935,-6.374885,-10.763143,2.006695
-2.563575,1.659579,0.028190,-6.044908,-9.178687,2.554498
-2.578572,1.659822,0.025056,-6.207966,-9.244719,2.121351
-2.604261,1.659891,0.037316,-6.697447,-9.251688,1.760312
-2.644615,1.677147,0.032451,-6.832207,-8.772432,1.669389
-2.683801,1.698627,0.017096,-7.231719,-8.382170,2.762789
-2.699983,1.722559,0.018599,-6.859087,-8.050276,3.462611
-2.703000,1.750421,0.027619,-7.069695,-8.346887,2.704174
-2.713878,1.763810,0.039544,-6.746476,-8.798022,1.432259
-2.752092,1.784125,0.027452,-6.266128,-8.552529,0.330594
-2.788986,1.796811,0.031269,-6.308392,-8.610536,0.961873
-2.806702,1.815042,0.048837,-6.622538,-9.357786,1.345711
-2.809167,1.834970,0.042233,-6.325848,-9.681812,1.475627
-2.822763,1.856460,0.051627,-5.993659,-9.440241,-0.261752
-2.840406,1.885851,0.072835,-6.323304,-10.797838,-0.755247
-2.876273,1.900290,0.066447,-6.651348,-11.370752,-1.212769
-2.907414,1.934884,0.040631,-6.418974,-10.250222,-1.181340
-2.893135,1.941028,-0.003557,-6.018730,-9.382766,-1.943876
-2.842408,1.956170,0.028003,-6.927381,-9.341098,-3.124957
-2.788126,1.933351,0.037683,-6.251353,-8.842411,-4.649651
-2.777104,1.927016,0.048085,-5.803855,-8.085907,-3.896620
-2.806915,1.907846,0.041061,-5.677074,-8.624949,-2.354727
-2.804969,1.911690,0.037407,-5.550307,-8.701496,-0.610255
-2.757498,1.909612,0.037746,-5.069246,-9.090107,-0.771564
-2.709240,1.890390,0.062961,-5.266911,-9.620319,-3.518644
-2.761053,1.857704,0.052280,-4.829149,-10.013421,-5.174907
-2.854639,1.825149,0.074555,-5.615696,-11.248448,-3.725634
-2.843567,1.820589,0.049310,-5.939752,-10.360128,-0.734781
-2.730897,1.824981,0.047915,-6.257127,-10.014064,0.416091
-2.613793,1.813430,0.061110,-6.900452,-9.696399,-2.409489
-2.627799,1.776335,0.032920,-6.752299,-9.640043,-5.123229
-2.722760,1.755407,0.017224,-7.085818,-8.066350,-3.579484
-2.747313,1.732009,0.031053,-7.361398,-8.695676,-1.092416
-2.652125,1.718958,0.053679,-6.854990,-8.431712,-0.488595
-2.602626,1.678512,0.083897,-6.578225,-10.617553,-2.010439
-2.653018,1.618552,0.072559,-6.168203,-9.166853,-2.816173
-2.717193,1.583499,0.064415,-6.001977,-8.632614,-0.621911
-2.664795,1.564766,0.087589,-6.004560,-8.577203,3.302189
-2.546326,1.569102,0.082790,-5.416311,-8.663915,5.091804
-2.516574,1.541369,0.078648,-5.628823,-8.910603,3.649605
-2.577798,1.493136,0.056984,-5.412480,-8.386861,1.472662
-2.601395,1.469897,0.042174,-5.399016,-7.783867,1.730606
-2.551574,1.475090,0.073524,-5.215931,-8.556839,4.155721
-2.478487,1.469240,0.089910,-4.561295,-8.263287,4.867771
-2.474447,1.421218,0.087025,-4.795796,-8.461198,3.939931
-2.457431,1.377732,0.091545,-4.606182,-8.254644,3.263948
-2.423188,1.362975,0.107425,-4.452062,-7.987076,3.371123
-2.378025,1.392733,0.112126,-4.831732,-8.788178,4.036995
-2.347098,1.429313,0.113619,-5.429395,-8.853016,4.269238
-2.332504,1.435700,0.091292,-6.335787,-7.659029,2.813377
-2.301387,1.403601,0.078750,-6.099238,-6.363556,0.699867
-2.270545,1.378445,0.081025,-5.818817,-8.110056,-1.141029
-2.284587,1.359807,0.082124,-5.216243,-8.112616,-2.963000
-2.292659,1.331112,0.084185,-4.971921,-6.855820,-3.116588
-2.283983,1.274513,0.112034,-4.024623,-7.562985,-2.922573
-2.215406,1.205818,0.115523,-3.193165,-7.715165,-2.533367
-2.144480,1.137691,0.131978,-1.915633,-6.222066,-3.734940
-2.112338,1.076647,0.139865,-0.929717,-6.579471,-3.766451
-2.082139,1.023029,0.133744,-0.586866,-5.911164,-1.736810
-2.032003,0.955391,0.127520,0.150162,-5.920364,-0.134753
-1.941523,0.883889,0.141060,0.112155,-5.176186,-0.233465
-1.896117,0.806043,0.182819,-0.587460,-7.465414,-1.688179
-1.864323,0.721661,0.155263,-0.394345,-5.561708,-1.366765
-1.844251,0.681330,0.151108,-1.010672,-5.922261,-0.025262
-1.775264,0.656173,0.152188,-1.939592,-5.615596,0.415268
-1.677559,0.604682,0.153369,-2.863053,-5.718228,-0.545609
-1.626635,0.526314,0.150396,-3.293180,-6.943227,-1.382972
-1.591349,0.458062,0.122029,-3.716979,-4.617147,-0.885071
-1.552492,0.408832,0.115034,-3.948844,-5.674335,-0.422233
-1.482290,0.377596,0.132903,-3.683672,-5.788039,-0.757790
-1.377994,0.318542,0.151833,-2.860099,-4.835222,-1.853332
-1.270258,0.216025,0.163932,-2.120211,-4.345604,-3.012284
-1.219068,0.095477,0.153232,-1.061424,-4.881590,-3.005780
-1.187104,0.002965,0.163903,-0.569689,-4.445078,-1.241829
-1.133222,-0.098496,0.144589,0.561718,-3.650430,0.833012
-1.036715,-0.206357,0.148820,1.978904,-2.975882,2.857110
-0.932156,-0.310009,0.146903,3.298596,-2.929373,5.909154
-0.848044,-0.403155,0.130881,3.969726,-0.990883,7.725619
-0.822057,-0.491039,0.133649,4.166403,-2.179198,8.234083
-0.784716,-0.545991,0.137584,4.330640,-2.542649,7.556845
-0.712643,-0.575332,0.169558,4.251783,-2.511476,6.915316
-0.652913,-0.637249,0.180564,4.017995,-3.449711,5.303512
-0.595122,-0.682104,0.163122,2.737420,-3.475423,5.162884
-0.554072,-0.710155,0.159734,1.189856,-3.160443,4.643783
-0.501182,-0.741506,0.148964,0.308062,-2.088560,4.201729
-0.436295,-0.749811,0.166690,-0.460885,-2.422026,3.280838
-0.381028,-0.781250,0.147346,-0.727856,-1.101228,1.131055
-0.341623,-0.844581,0.153606,-0.911793,-0.778335,-1.194066
-0.262263,-0.929639,0.167602,-0.175040,-0.783876,-1.536323
-0.168382,-0.978183,0.194226,0.664217,-1.657996,0.824101
-0.076244,-1.005844,0.192230,1.353946,-0.139572,3.423506
0.000631,-1.023067,0.183525,1.924036,-0.034154,5.738093
0.033271,-1.048824,0.160784,2.446505,1.097057,5.375342
0.041093,-1.047364,0.156632,2.847813,0.177623,3.653785
0.066224,-1.017894,0.149513,2.919347,0.884909,2.183298
0.125580,-0.974073,0.156117,3.030930,0.936342,2.557789
0.246800,-0.918712,0.157715,3.305867,0.854258,4.990285
0.354894,-0.896877,0.158001,3.524290,1.468648,4.489089
0.427298,-0.854980,0.184106,2.398260,-2.191494,1.919722
0.532976,-0.759484,0.174883,1.662157,2.074537,-0.742956
0.609424,-0.650303,0.168226,0.905584,1.610423,-4.001606
0.690166,-0.553852,0.150793,-0.047928,2.763087,-5.683924
0.728616,-0.494178,0.144881,-0.302990,2.484674,-5.702466
0.777088,-0.436164,0.136255,-0.355017,2.286989,-4.261466
0.854790,-0.376637,0.148564,-0.101813,2.223602,-2.902275
0.926833,-0.304886,0.147464,0.071228,2.350810,-2.688726
0.978337,-0.217950,0.163046,0.021804,1.693643,-2.973848
1.017234,-0.134603,0.157604,0.474695,2.487622,-3.954277
1.076541,-0.063265,0.151000,0.504795,3.058444,-3.472230
1.168220,0.008141,0.152726,0.222236,3.061513,-2.196716
1.237948,0.067615,0.121024,0.000547,4.296803,-2.038662
1.255542,0.117695,0.128265,0.464207,4.356809,-2.275120
1.256015,0.173182,0.132132,-0.074414,4.658084,-3.336701
1.239235,0.226239,0.138031,0.417679,4.215671,-4.824710
1.257548,0.273575,0.149273,1.014777,4.969670,-6.669680
1.292607,0.328979,0.140318,0.944398,4.929811,-7.440610
1.341404,0.364335,0.154712,0.921241,3.537670,-7.713255
1.356310,0.361505,0.130251,0.971945,4.962074,-7.243659
1.338854,0.369527,0.119846,0.806648,4.124215,-6.413987
1.332020,0.392866,0.113005,0.200660,4.836760,-5.804341
1.349574,0.397871,0.112375,-0.272802,3.765908,-5.102341
1.371182,0.369698,0.101727,-0.036588,5.326490,-5.150395
1.384768,0.334412,0.111302,-0.767127,4.742604,-5.101000
1.364759,0.318282,0.097420,-0.317387,4.757168,-2.566686
1.360495,0.306491,0.110081,-0.168312,4.753439,-0.554689
1.371658,0.288087,0.110478,-0.213219,4.790209,0.230740
1.358302,0.259303,0.124783,-0.787892,4.770738,0.244901
1.337180,0.239280,0.120532,-1.618959,2.892911,0.781825
1.335457,0.204125,0.102144,-2.045495,5.638286,0.753436
1.335558,0.177918,0.094066,-2.793074,5.327925,-0.299143
1.361575,0.175079,0.108508,-2.852341,4.996812,0.153296
1.333924,0.177518,0.102807,-2.670265,5.070001,1.357218
1.291899,0.182464,0.081737,-2.531460,6.003500,2.091971
1.252565,0.180777,0.110475,-2.415226,4.698895,2.907892
1.255171,0.196858,0.113347,-2.219382,4.486721,3.609628
1.266568,0.218187,0.110770,-1.905631,4.069734,3.883902
1.245275,0.239093,0.119386,-1.744499,2.433363,3.798009
1.222859,0.255518,0.110271,-1.493159,3.545453,4.378954
1.213701,0.302201,0.099163,-1.509168,3.780804,6.755648
1.209933,0.328572,0.101884,-1.632368,3.554148,8.067963
1.200722,0.365405,0.099577,-1.402791,3.673816,7.891738
1.158307,0.394907,0.078287,-1.590215,3.976601,7.344410
1.113606,0.441058,0.101366,-1.305726,3.821128,6.378206
1.056183,0.489734,0.093005,-1.326730,3.122734,6.755320
0.994375,0.558957,0.105630,-1.102300,3.893030,6.301730
0.920031,0.599603,0.120246,-1.225664,2.701200,6.152977
0.844013,0.669716,0.125144,-2.002246,1.253628,6.466891
0.786518,0.735923,0.111170,-2.343380,1.704044,6.175611
0.698555,0.778858,0.105541,-2.774112,1.603900,5.412590
0.628298,0.838572,0.118014,-3.331266,-0.097033,4.515878
0.546500,0.885616,0.088925,-3.514955,1.229515,3.912980
0.441846,0.925120,0.091784,-3.724791,0.797898,3.493295
0.310886,0.957239,0.094870,-3.963483,1.055884,2.221734
0.199854,0.990499,0.100640,-3.513310,0.310449,1.890875
0.112791,1.031474,0.097371,-3.032860,0.757067,1.234783
0.028885,1.058298,0.086569,-3.354378,0.811690,0.466162
-0.050566,1.100625,0.111738,-2.671857,0.293485,-0.181025
-0.147237,1.121009,0.101641,-2.857223,0.609909,-1.194082
-0.230092,1.150948,0.108558,-2.999845,-0.253645,-2.055051
-0.288172,1.193193,0.107310,-3.351719,0.049141,-2.236243
-0.362086,1.233656,0.104323,-3.829951,-0.071712,-2.991310
-0.441196,1.234723,0.093120,-4.190182,-0.358893,-4.200765
-0.498189,1.239542,0.098513,-4.362888,-0.920856,-5.689722
-0.553826,1.244229,0.089697,-3.911309,-0.555642,-6.330668
-0.583723,1.267383,0.071975,-4.101865,-0.391727,-6.630516
-0.637794,1.266832,0.086720,-3.743665,-1.719463,-6.600794
-0.671984,1.241117,0.085170,-3.464694,-1.998011,-7.156157
-0.696658,1.253554,0.092273,-3.057879,-1.729373,-7.182617
-0.717633,1.233512,0.093265,-3.407291,-2.892072,-6.782638
-0.730241,1.223060,0.090251,-3.092712,-3.175366,-5.836226
-0.754892,1.214175,0.076679,-2.867622,-3.017884,-5.571475
-0.833877,1.166570,0.093764,-3.080958,-5.758274,-6.435544
-0.886646,1.134825,0.060805,-3.348401,-3.912959,-5.949947
-0.953430,1.091957,0.047334,-2.821284,-4.494112,-5.669275
-0.987479,1.041975,0.056656,-2.704065,-3.642788,-5.574114
-1.040172,0.982766,0.065955,-2.443492,-4.220550,-5.756480
-1.129878,0.895010,0.052720,-1.527862,-3.795094,-6.372403
-1.212139,0.792956,0.060857,-0.969372,-3.880371,-5.382341
-1.256294,0.683007,0.076948,-0.017380,-3.963036,-4.288566
-1.283778,0.587702,0.081047,0.824297,-3.511074,-2.522222
-1.333976,0.467581,0.087560,1.203083,-4.494857,-1.473407
-1.413129,0.365156,0.096278,0.697276,-4.597144,-0.092662
-1.492456,0.244890,0.093790,0.247802,-5.510745,1.716041
-1.552426,0.153573,0.085062,0.100178,-4.944347,1.973214
-1.599851,0.045266,0.087783,0.022699,-5.193478,1.356851
-1.668808,-0.046859,0.084185,-0.309936,-4.785415,1.697900
-1.766461,-0.142779,0.077105,-1.097626,-5.027101,2.424566
-1.843581,-0.235419,0.090865,-1.439932,-5.726815,3.194079
-1.836823,-0.306061,0.090140,-1.522114,-5.862048,4.639708
-1.785292,-0.370410,0.101684,-1.260094,-4.509818,4.579998
-1.789753,-0.451768,0.120939,-1.244029,-6.150190,4.023710
-1.839199,-0.519452,0.122748,-1.277323,-5.676968,4.127114
-1.894433,-0.575214,0.110658,-1.423280,-6.729718,4.417899
-1.884589,-0.600768,0.101231,-1.126357,-5.729089,5.204900
-1.861540,-0.621346,0.126099,-1.367675,-6.217135,3.836051
-1.842252,-0.630884,0.107947,-1.063088,-5.898910,3.070678
-1.838730,-0.669036,0.109480,-0.481627,-6.118334,2.384425
-1.838897,-0.668091,0.123292,0.206464,-6.293613,2.936325
-1.797020,-0.642202,0.117312,1.145218,-5.097906,3.424502
-1.757467,-0.629496,0.135421,1.808050,-6.345295,2.007017
-1.736101,-0.616025,0.144510,2.582391,-6.408160,0.122260
-1.729753,-0.601907,0.139048,3.082769,-5.776442,-1.416364
-1.707843,-0.585419,0.147960,3.743871,-6.423873,-1.133854
-1.655662,-0.544139,0.153186,3.746812,-6.955182,-0.282927
-1.618009,-0.508407,0.164497,3.811739,-6.819135,-0.625459
-1.604114,-0.508705,0.155946,4.123932,-5.944611,-0.757830
-1.630719,-0.514811,0.169768,3.792251,-8.010630,-1.310219
-1.627016,-0.506769,0.154420,3.406515,-7.808895,-0.218785
-1.572846,-0.461583,0.126194,2.896175,-5.500507,0.929045
-1.519697,-0.403339,0.137650,1.849531,-5.454723,1.585270
-1.471382,-0.352241,0.135149,1.282017,-2.449993,2.204686
-1.481683,-0.330807,0.128173,-0.111795,-4.373396,1.839291
-1.495860,-0.299798,0.149467,-1.261039,-4.582918,0.784095
-1.476286,-0.254333,0.147474,-1.877724,-4.746649,-0.521663
-1.430283,-0.205923,0.157683,-1.552191,-4.272622,-1.486382
-1.406377,-0.168523,0.161100,-1.460116,-4.719802,-1.878961
-1.383761,-0.159654,0.163771,-1.454289,-4.185428,-1.984111
-1.339382,-0.156230,0.181585,-0.935142,-4.675555,-2.347943
-1.262324,-0.140064,0.169270,0.091483,-3.743966,-4.022340
-1.165397,-0.146222,0.176842,0.948987,-3.926525,-5.776826
-1.081514,-0.154290,0.169713,1.673480,-4.686239,-5.833388
-1.036190,-0.177858,0.155772,2.649838,-2.891316,-5.038814
-0.981807,-0.222188,0.147517,3.341546,-3.430079,-2.267630
-0.887167,-0.228195,0.155303,3.949844,-3.644761,0.725237
-0.782481,-0.219191,0.146949,3.947163,-2.404501,1.545832
-0.683607,-0.206698,0.157925,3.252280,-3.091342,0.176613
-0.620834,-0.204876,0.153534,2.977327,-3.157529,-0.882124
-0.554597,-0.204893,0.117144,2.408287,-1.390563,-0.724280
-0.461215,-0.205585,0.137446,0.913386,-2.342056,0.139679
-0.345654,-0.195259,0.139879,0.462258,-2.111914,0.334484
-0.239434,-0.178571,0.140112,-0.377571,-0.778417,0.834473
-0.182668,-0.186856,0.146962,-1.356111,-1.606839,1.118950
-0.144729,-0.168595,0.144930,-2.220607,-1.834562,1.140614
-0.089328,-0.160514,0.136465,-2.558189,-0.641868,-0.578746
0.001526,-0.118837,0.159544,-3.221744,-1.575554,-0.749487
0.095841,-0.077958,0.150373,-3.566958,-0.764999,-0.982326
0.145560,-0.073612,0.128896,-3.393878,-0.545233,-0.589568
0.162796,-0.057659,0.128633,-3.385856,-0.298499,0.772421
0.203840,-0.041713,0.125777,-2.748813,-0.491408,2.177719
0.291211,-0.001500,0.112158,-1.768277,0.458556,3.200594
0.355777,0.036317,0.104924,-1.144378,1.126486,2.902601
0.384111,0.041661,0.113143,-0.167665,1.568250,1.746396
0.380733,0.055805,0.117945,0.855691,1.654575,1.314856
0.413889,0.114617,0.108039,1.572083,2.247984,2.311736
0.480579,0.183531,0.124307,2.635215,2.869940,2.562443
0.539718,0.261105,0.132027,2.356533,2.226402,3.575702
0.581753,0.292282,0.120739,2.142219,2.650319,3.344110
0.605042,0.302973,0.117578,1.648616,2.969716,3.219919
0.620571,0.340074,0.120627,0.090679,0.902102,2.866197
0.695342,0.447955,0.108098,-0.869647,4.263499,2.029467
0.745918,0.572504,0.098169,-2.396240,3.280245,0.892141
0.781102,0.673685,0.122406,-3.753469,2.916593,1.005526
0.806331,0.745830,0.116754,-4.561058,3.832653,1.421334
0.857507,0.806279,0.126851,-5.717772,3.967095,1.152129
0.948857,0.871836,0.147343,-6.441576,3.528299,-0.698410
1.036679,0.949518,0.139347,-6.508206,4.076062,-2.117759
1.079059,0.985740,0.149654,-5.834965,5.177546,-4.160515
1.099948,1.008405,0.132280,-4.892426,4.793819,-3.436025
1.149434,1.026475,0.140138,-4.338482,2.857007,-2.346291
1.237590,1.070223,0.121776,-3.045330,4.584603,-1.680509
1.309581,1.109770,0.119452,-2.446219,4.103572,-3.802089
1.317656,1.115685,0.146581,-1.517532,4.776570,-6.316266
1.308619,1.128089,0.138326,-0.712941,3.785641,-7.577655
1.308176,1.133627,0.126966,0.129832,4.577264,-7.693627
1.319855,1.133325,0.132080,0.707974,4.027987,-8.057944
1.345953,1.133870,0.152152,0.819032,3.527202,-8.050076
1.343501,1.106392,0.162216,1.183035,3.131474,-6.981605
1.329157,1.077001,0.159521,1.572007,3.526408,-5.995236
1.331658,1.043002,0.148961,1.030004,4.409236,-5.284282
1.341745,1.015941,0.167881,-0.071625,2.973323,-4.736892
1.350667,0.972232,0.128876,-1.018001,5.319860,-3.246829
1.343035,0.925921,0.142101,-2.645125,5.298222,-2.033179
1.316011,0.862143,0.122587,-3.521463,5.901554,-0.859944
1.295768,0.811400,0.126562,-4.243340,6.639557,0.059002
1.283203,0.772539,0.129345,-5.468116,6.962155,0.014604
1.279405,0.727441,0.140525,-5.879373,5.912379,-0.288240
1.250139,0.683854,0.148423,-5.988445,4.942278,0.013807
1.204349,0.630347,0.159445,-5.595964,4.490394,1.679142
1.196773,0.580854,0.153888,-5.496283,4.385271,2.916359
1.200066,0.542423,0.146660,-5.368087,3.793805,4.021770
1.219567,0.494142,0.123614,-4.367019,4.581453,4.331469
1.255903,0.442384,0.107258,-3.703340,4.910678,4.721244
1.277466,0.372646,0.128354,-2.407617,4.961103,5.055556
1.282035,0.319638,0.130104,-0.700116,5.344347,3.465294
1.264992,0.271038,0.130921,0.644554,4.987116,1.669469
1.244947,0.253835,0.131531,1.921446,4.152786,1.511919
1.194180,0.222395,0.135776,2.496791,3.319979,1.505307
1.142558,0.211278,0.132766,2.515488,3.093215,2.194644
1.090800,0.151665,0.137758,2.896192,2.490933,2.533976
1.070915,0.103391,0.123995,3.054057,2.451029,3.186915
1.083562,0.033074,0.097348,2.773396,3.169745,3.049166
1.086037,-0.013589,0.107497,2.614194,3.839792,2.994097
1.069241,-0.051124,0.111804,2.641879,4.136285,4.571535
1.031943,-0.079953,0.123181,1.786751,4.551858,5.994626
0.992823,-0.109545,0.107103,0.741364,4.056141,7.455354
0.956145,-0.120600,0.120578,-1.460447,2.636585,6.371137
0.920694,-0.161256,0.105019,-2.150133,3.587232,4.512213
0.848356,-0.189748,0.102449,-2.975390,3.041792,3.022632
0.787395,-0.199575,0.105380,-3.873534,2.093348,3.043326
0.710356,-0.198203,0.093386,-4.567218,1.615583,2.033751
0.671137,-0.189347,0.072589,-4.448079,1.812851,1.182647
0.627760,-0.198052,0.091331,-4.058115,1.085729,0.724565
0.582682,-0.197324,0.088998,-3.095741,1.297866,-0.801225
0.526999,-0.195298,0.086775,-1.814648,2.380128,-1.335171
0.470777,-0.186528,0.076596,-0.703152,1.159977,-1.577466
0.458278,-0.166551,0.099147,0.221593,1.410427,-1.346369
0.443576,-0.155469,0.108978,0.987993,1.403337,-2.010755
0.408227,-0.145303,0.115300,2.080408,1.579154,-1.817247
0.361387,-0.126544,0.101740,3.138488,1.391025,-1.316249
0.294891,-0.100702,0.088873,3.380312,1.182445,-1.489190
0.228271,-0.078929,0.087520,3.322557,1.584203,-2.693774
0.179832,-0.050444,0.087195,3.195445,1.277840,-3.693068
0.144565,-0.031350,0.090202,3.517232,0.919532,-3.721616
0.121969,-0.019346,0.075231,2.977327,0.700899,-3.770863
0.100439,0.005650,0.071916,2.451264,1.324559,-4.004702
0.078500,0.035047,0.080023,1.704119,-0.223315,-4.687154
0.052069,0.047291,0.077348,1.130158,-0.056833,-4.826143
-0.009785,0.049864,0.082131,0.551832,-0.634722,-4.153852
-0.073960,0.037640,0.072845,-0.053505,-1.975815,-4.480508
-0.126029,0.019337,0.083972,-1.041939,-1.660734,-3.398571
-0.180357,-0.008383,0.092306,-1.877566,-2.581746,-3.294728
-0.205310,-0.049059,0.085023,-2.142613,-1.684705,-3.117650
-0.237530,-0.087628,0.071098,-1.966415,-1.094973,-3.479339
-0.284607,-0.117908,0.065348,-1.603814,-0.081654,-3.026209
-0.367380,-0.163091,0.075247,-1.280110,-1.405491,-3.254690
-0.432208,-0.215088,0.060601,-0.519398,0.161135,-3.674735
-0.479928,-0.258872,0.067120,-0.222489,-1.383450,-3.509175
-0.509178,-0.301738,0.086286,1.140724,-1.217470,-3.021136
-0.546907,-0.339801,0.064146,2.125200,-0.852174,-2.425656
-0.595628,-0.384206,0.060854,2.720992,-1.415745,-2.050759
-0.630392,-0.407242,0.080828,2.741024,-1.615830,-2.253279
-0.640837,-0.425223,0.076738,3.534009,-1.443475,-2.664569
-0.678847,-0.458218,0.093452,3.116909,-2.287801,-2.853312
-0.726023,-0.483946,0.089096,2.904749,-4.254546,-2.831983
-0.796871,-0.509556,0.059807,2.781612,-3.402966,-2.965340
-0.854107,-0.550140,0.069136,2.786096,-3.921808,-2.108420
-0.865503,-0.587195,0.051538,2.654060,-2.782530,-1.015489
-0.877865,-0.624677,0.070229,2.076800,-3.691657,-0.412587
-0.879818,-0.672545,0.054237,1.846176,-2.336860,0.532385
-0.904236,-0.708498,0.085508,1.224752,-3.586638,1.996251
-0.911382,-0.697157,0.084465,0.900529,-3.198224,4.065307
-0.898987,-0.681132,0.082580,1.118712,-1.624016,4.679140
-0.897592,-0.654918,0.085042,0.044617,-2.469513,4.766840
-0.935459,-0.632995,0.093301,-1.005708,-4.224222,5.317668
-0.972455,-0.620042,0.068755,-1.374749,-2.655526,6.087695
-1.004006,-0.587182,0.060989,-1.559150,-3.455196,6.147806
-0.991710,-0.528919,0.057424,-1.514679,-3.027669,6.613659
-0.960592,-0.468358,0.058185,-1.319781,-3.367854,6.972935
-0.947837,-0.426401,0.043569,-1.082051,-2.571295,5.793380
-0.956666,-0.401911,0.056245,-0.980610,-3.426616,4.349931
-0.972442,-0.358176,0.068013,-0.408833,-3.636788,2.920365
-0.971155,-0.298061,0.061002,0.699453,-3.334925,2.975835
-0.992291,-0.239197,0.052366,1.253286,-4.593914,2.382379
-1.026953,-0.194783,0.051762,2.185012,-3.283729,2.544018
-1.058737,-0.157839,0.082633,2.648794,-4.550664,2.717875
-1.051588,-0.117741,0.094148,3.252612,-4.666646,4.044539
-1.009300,-0.050073,0.075766,3.400683,-3.233028,4.368463
-0.978052,0.031348,0.082022,2.822445,-3.637346,3.293076
-0.991444,0.114243,0.106972,1.873052,-6.983568,4.092119
-1.013108,0.193392,0.102590,0.683631,-3.678760,4.794846
-1.034240,0.256697,0.076219,-0.860546,-2.588118,3.949505
-1.038954,0.316149,0.077466,-1.536452,-2.322148,3.405946
-1.015212,0.387713,0.065453,-2.986095,-2.581632,2.363220
-0.986504,0.483832,0.066365,-3.583187,-0.912374,2.116169
-0.952012,0.548106,0.059833,-4.955663,-0.572192,0.590252
-0.893709,0.595586,0.062603,-5.361966,-1.335809,-1.765801
-0.844929,0.675980,0.068676,-6.013652,-1.679102,-3.612045
-0.820130,0.764281,0.069818,-5.785342,-1.984034,-5.974128
-0.804322,0.862419,0.094226,-5.470234,-2.890237,-6.799018
-0.767336,0.942898,0.094240,-4.877016,-2.889449,-6.040185
-0.715401,0.990713,0.070980,-4.380987,-3.558879,-5.631327
-0.646171,1.013122,0.064337,-3.436885,-2.950548,-5.321074
-0.587835,1.025100,0.069214,-2.418286,-2.778316,-6.365962
-0.525673,1.048714,0.080828,-1.262428,-4.497332,-6.428646
-0.439141,1.086458,0.066148,-0.343418,-1.859653,-5.543257
-0.363048,1.101971,0.046733,0.455200,-0.978821,-4.628937
-0.310499,1.109370,0.065919,0.651109,-1.236138,-2.720625
-0.264059,1.115012,0.059807,0.481423,-1.024637,-1.511965
-0.244407,1.120300,0.051962,0.355243,-0.259711,-0.198457
-0.215003,1.139076,0.057962,-0.258691,-0.306997,-1.098627
-0.190700,1.157760,0.059656,-1.459003,-0.417996,-2.799008
-0.165753,1.175833,0.057604,-2.453904,-0.785685,-4.240823
-0.146101,1.182611,0.040916,-4.113271,-0.667291,-4.963592
-0.112200,1.179358,0.053869,-5.223444,-0.716718,-4.809567
-0.067579,1.180999,0.038008,-6.181059,-0.875388,-3.569615
-0.029368,1.161813,0.050524,-5.960585,0.673454,-2.810081
-0.015021,1.104033,0.053843,-6.241368,0.487648,-1.497742
0.013609,1.044072,0.052559,-6.525190,0.164190,-0.432714
0.031449,0.952669,0.057821,-5.108372,0.849422,-0.364362
0.059261,0.869384,0.070018,-4.111748,0.770345,0.202828
0.090257,0.810212,0.049182,-3.880585,0.454640,1.464553
0.145376,0.741766,0.052073,-2.499785,1.477697,2.552716
0.210877,0.687570,0.073557,-1.549844,1.986541,2.701176
0.292386,0.638835,0.090320,-1.314989,2.794227,3.774020
0.355317,0.590951,0.073734,-0.574717,2.941011,4.063283
0.402315,0.558274,0.066277,-0.091523,2.898435,3.883128
0.458054,0.518600,0.058356,0.429161,3.681484,3.450179
0.478898,0.471132,0.095585,0.296415,2.056831,2.504907
0.523953,0.419155,0.076180,0.175172,1.579141,1.486660
0.558008,0.362303,0.077089,0.238070,1.692185,-0.643821
0.614026,0.317406,0.093931,0.040632,0.084506,-1.435057
0.702068,0.278830,0.088968,0.004837,1.149237,0.106759
0.797583,0.223246,0.079449,-0.285216,2.388154,1.432860
0.897540,0.168330,0.088840,-1.217898,3.045295,2.722786
0.975941,0.115457,0.077059,-1.620098,3.336713,3.419359
1.038242,0.083194,0.078136,-1.417502,4.136965,5.203944
1.090157,0.077522,0.069385,-2.734833,4.533109,5.964716
1.095826,0.053918,0.077893,-2.608266,3.942273,4.591065
1.082341,0.032670,0.084327,-2.545906,3.714928,2.104123
1.060841,0.004812,0.090898,-2.997704,3.627881,0.554401
1.073515,-0.013389,0.110199,-2.774850,2.777234,0.516270
1.099078,-0.018129,0.099695,-1.994719,3.661418,1.107950
1.124947,-0.021382,0.126949,-1.379853,4.038327,1.780739
1.161264,-0.018322,0.136425,-1.240142,3.745485,2.597368
1.166129,-0.031406,0.129733,-0.642043,3.661835,1.352884
1.178829,-0.038805,0.112959,-0.026077,4.685207,0.219314
1.190074,-0.020669,0.114903,0.974961,4.695005,0.113170
1.172470,-0.022288,0.131886,1.449910,3.528666,-1.556348
1.151046,-0.020115,0.105909,1.877425,3.668101,-2.041706
1.106891,-0.025255,0.107274,2.108988,4.236396,-1.619376
1.088745,-0.032256,0.110330,2.479913,3.622695,-0.218001
1.092737,-0.040669,0.094998,3.178446,4.112835,1.142156
1.107944,-0.050697,0.085065,2.604062,3.873444,2.490014
1.129612,-0.075473,0.089946,2.710859,4.423469,2.678033
1.152457,-0.115158,0.090140,2.235930,4.757539,2.119564
1.181806,-0.136979,0.087895,2.078474,5.646433,2.002431
1.204793,-0.174235,0.080233,1.244479,5.069436,1.038265
1.215086,-0.194452,0.085718,0.425632,4.529479,0.151013
1.209756,-0.213578,0.082242,-0.229385,4.369539,0.046704
1.198792,-0.226728,0.080847,-0.951944,4.545845,0.250563
1.188505,-0.220590,0.068298,-1.541940,3.665590,-0.476566
1.190819,-0.225346,0.068811,-1.925302,3.947617,-1.603460
1.213409,-0.233352,0.074227,-2.263794,3.954353,-2.510115
1.233698,-0.250434,0.067593,-1.912451,4.531297,-2.789420
1.268357,-0.258023,0.069090,-1.620327,4.588352,-2.507674
1.284362,-0.268727,0.058553,-1.494748,4.125312,-1.330775
1.305120,-0.277182,0.066792,-0.799679,4.753219,-0.710561
1.307910,-0.289928,0.070731,-0.176258,4.801153,-0.075497
1.279678,-0.302851,0.082269,0.193082,2.375103,-1.310495
1.244103,-0.304095,0.046319,1.454391,3.910499,-1.956352
1.189618,-0.312311,0.040854,2.216622,3.703512,-2.338781
1.118665,-0.317431,0.038858,2.671434,3.419460,-2.950068
1.093144,-0.319164,0.051207,3.168680,3.044047,-3.414028
1.082604,-0.321548,0.041182,3.458654,2.707565,-3.049763
1.087797,-0.334362,0.042541,3.431922,3.544245,-2.685767
1.069563,-0.336538,0.040408,3.806346,3.589244,-2.933726
1.028096,-0.328986,0.032133,3.229842,4.066550,-1.794616
0.991506,-0.310830,0.036623,2.951606,3.864762,-0.661352
0.957366,-0.296992,0.066674,1.751353,3.681379,0.031734
0.904082,-0.288119,0.049264,0.815179,3.574542,-0.007375
0.826905,-0.283960,0.051200,0.279567,3.517089,0.223336
0.746226,-0.262598,0.073636,-0.702591,2.991985,1.141642
0.704418,-0.234871,0.061537,-1.812101,1.810520,1.249524
0.676442,-0.199654,0.053390,-2.582515,1.800538,-0.135150
0.658437,-0.181656,0.056465,-3.282810,2.471167,-1.840312
0.645649,-0.155568,0.054128,-3.034408,2.141246,-1.699861
0.545745,-0.149088,0.091075,-4.369396,-10.790934,-1.799231
0.591495,-0.132515,0.022893,-2.600493,2.514787,-0.954125
0.573669,-0.133172,0.029622,-1.417768,2.626955,-2.500876
0.560148,-0.138361,0.036715,0.142620,2.298258,-2.965506
0.520441,-0.159894,0.038592,1.906176,3.480638,-2.315026
0.448627,-0.202303,0.051660,3.269950,1.624455,-1.943622
0.407489,-0.212607,0.036748,4.528361,0.451167,-0.483134
0.388070,-0.220304,0.038176,5.473986,0.414375,0.099193
0.382273,-0.230883,0.068003,5.584341,0.715076,-0.120137
0.358984,-0.238577,0.061346,5.329151,0.693901,-0.034304
0.322395,-0.227620,0.062039,4.467849,0.337126,2.076021
0.290450,-0.218121,0.039646,3.872720,1.100834,3.447623
0.285933,-0.221781,0.034319,2.597378,1.484637,2.409039
0.279762,-0.212518,0.036561,0.826185,1.108656,0.399816
0.234465,-0.219841,0.055513,-0.613112,0.963031,-0.294286
0.186735,-0.216716,0.030170,-1.210512,1.080742,0.829104
0.135253,-0.217849,0.016708,-2.544964,1.241677,2.331768
0.102133,-0.222385,0.020194,-3.145946,0.365306,2.332463
0.063873,-0.246215,0.030268,-2.929587,0.613468,1.564507
0.025380,-0.276726,0.038796,-2.822658,-0.378265,1.343562
-0.047641,-0.284068,0.036547,-2.901723,-1.516529,0.893177
-0.103764,-0.244975,0.037998,-2.595264,-1.189047,1.865749
-0.142848,-0.187663,0.034227,-1.835895,-0.942661,3.043513
-0.192233,-0.176769,0.047865,-1.452060,-3.005145,4.270649
-0.204020,-0.166770,0.037910,-1.216270,-1.572574,6.776426
-0.229268,-0.155659,0.029612,-0.696407,-0.535980,7.369267
-0.244692,-0.097997,0.035402,-0.154650,-0.454326,7.646875
-0.268779,-0.007296,0.025088,0.184691,1.372784,7.226419
-0.316164,0.090875,0.032090,0.399313,0.568098,5.602270
-0.355097,0.177039,0.014453,0.235356,1.030971,4.582904
-0.385338,0.226952,0.028197,0.200122,0.436091,4.101576
-0.412021,0.294721,0.037053,0.189799,-0.573915,3.007524
-0.434939,0.370992,0.033495,0.336382,-0.961423,1.004333
-0.445834,0.462713,0.047357,-0.571235,-1.653480,0.555727
-0.443155,0.558531,0.039354,-0.858025,-1.671871,1.291344
-0.445085,0.638616,0.021241,-1.448178,-1.042280,2.938753
-0.430058,0.692041,0.034716,-1.983688,-1.564237,2.603389
-0.398179,0.758474,0.031709,-2.821907,-1.741462,1.625163
-0.371703,0.824415,0.014004,-3.618430,-1.162552,0.479211
-0.357940,0.886102,-0.003285,-4.154055,-0.953743,-0.961840
-0.355268,0.960537,0.013636,-4.850247,-0.282701,-1.985219
-0.350292,1.019822,0.026812,-4.764169,-0.194288,-1.703242
-0.332058,1.067749,0.020395,-4.632277,-0.427433,-2.935273
-0.314497,1.103544,0.027472,-4.487003,-0.598127,-5.004627
-0.308894,1.145578,0.026677,-4.301942,-1.138672,-6.303141
-0.321804,1.192399,0.032638,-3.920064,-1.063531,-6.039155
-0.344574,1.229202,0.046713,-3.266757,-1.588025,-6.746298
-0.360829,1.248312,0.054049,-2.620789,-2.054377,-7.758041
-0.344853,1.249507,0.031476,-2.394495,-1.476412,-8.269812
-0.331257,1.232583,0.014657,-1.410023,-0.727819,-8.430770
-0.310368,1.215389,0.029516,-1.318229,-0.903357,-7.956614
-0.321915,1.203517,0.023877,-1.177886,-1.048740,-7.167585
-0.327108,1.184072,0.007898,-0.909881,-0.167064,-6.666383
-0.306130,1.156834,0.023848,-0.998737,-0.048335,-5.466648
-0.280514,1.125562,0.025804,-1.133379,-0.099393,-4.375870
-0.271655,1.070391,0.011781,-1.152873,1.138871,-3.684591
-0.280813,1.025074,0.025991,-1.936897,0.280628,-3.437249
-0.294927,0.988793,0.044701,-2.546140,-1.226192,-4.037084
-0.273046,0.953710,0.030659,-2.300013,-0.554894,-4.359695
-0.252118,0.903758,0.039994,-2.685115,-0.833343,-4.437140
-0.236985,0.831794,0.044008,-3.234684,-0.677283,-4.506759
-0.247778,0.764983,0.025666,-3.618181,-1.969798,-3.272821
-0.221020,0.695940,-0.003413,-4.069605,0.822240,-1.833270
-0.197173,0.611194,0.010734,-3.648258,-1.029793,0.295061
-0.160183,0.535895,0.006251,-3.300106,-0.277649,2.087425
-0.143915,0.455229,-0.011320,-3.038932,-0.273716,4.194141
-0.149190,0.346866,-0.007289,-2.313871,-0.133789,4.313712
-0.138424,0.264897,0.019521,-2.196212,0.320543,3.896637
-0.088570,0.210139,0.024025,-1.493051,0.439255,4.238937
-0.041293,0.153724,0.038602,-0.051730,1.823601,5.529236
-0.012417,0.079186,0.045804,0.429128,1.378197,7.223104
0.004376,0.010658,0.040158,0.341119,0.173175,7.772526
0.018516,-0.060508,0.029851,0.716784,0.947154,7.980792
0.055828,-0.111389,0.032277,0.764134,1.314016,7.329639
0.105087,-0.150299,0.045033,0.829667,1.539591,6.383924
0.111544,-0.192318,0.026487,0.748680,0.520808,5.269996
0.114131,-0.241587,0.020007,0.963998,-0.178434,5.285316
0.128396,-0.300034,0.035901,1.021405,-0.561396,5.454750
0.156231,-0.322772,0.042131,1.015227,-0.589142,4.750382
0.200167,-0.338938,0.046789,0.875589,-0.110914,4.045240
0.204414,-0.357546,0.070422,0.566091,-1.527860,4.625756
0.202126,-0.358012,0.074886,-0.520695,-2.254415,5.532963
0.213562,-0.364025,0.055786,-0.691322,-0.175384,5.352685
0.263662,-0.344088,0.070173,-1.295209,0.771891,4.690523
0.316050,-0.317851,0.057470,-1.580325,2.871818,4.501691
0.331579,-0.296296,0.052326,-2.176094,1.940256,3.574028
0.312147,-0.275311,0.048866,-2.344003,2.456471,2.776710
0.315531,-0.247000,0.023231,-2.050458,3.097072,1.603704
0.341495,-0.212518,0.030068,-1.402387,3.049657,-0.577493
0.376394,-0.167850,0.041822,-0.126402,2.685805,-1.750525
0.391405,-0.149154,0.070455,0.518929,1.473811,-3.066448
0.416594,-0.120426,0.065423,1.119228,1.787934,-2.575999
0.413305,-0.098460,0.042541,1.895314,0.955639,-2.261719
0.458553,-0.066623,0.060309,2.179813,0.814734,-2.665245
0.494004,-0.044125,0.074601,2.488421,0.182776,-4.002625
0.516426,-0.018450,0.066401,2.533538,-0.254892,-3.746213
0.500395,-0.022918,0.034850,3.284770,0.436094,-4.190091
0.503172,-0.002458,0.051611,2.732838,1.332683,-4.157671
0.541852,0.006805,0.048010,2.590820,1.056524,-4.429148
0.570632,0.018782,0.060956,2.634348,1.996529,-4.597444
0.586887,0.017296,0.053377,2.319129,2.983453,-3.855823
0.589250,0.000762,0.065019,1.455986,2.694697,-3.130476
0.602882,0.005794,0.063644,0.745525,3.433758,-2.136987
0.643322,0.006145,0.054223,-0.170186,3.494710,-1.395893
0.689719,0.014430,0.048164,-0.645165,3.871425,-1.254527
0.711048,0.003982,0.042968,-1.580722,4.167609,-1.467094
0.704474,-0.006437,0.034125,-2.216005,2.783445,-1.845507
0.700246,-0.025009,0.033843,-2.603362,3.087658,-1.000781
0.710123,-0.034557,0.037936,-2.670540,1.823565,-1.358238
0.727536,-0.065294,0.037604,-2.742130,1.327670,-2.229649
0.755456,-0.076188,0.013354,-2.168482,2.550999,-2.323660
0.746344,-0.097830,0.026969,-1.657193,1.172841,-1.494897
0.750385,-0.108534,0.017916,-0.812891,1.467725,-0.388219
0.781352,-0.125402,0.019197,0.415985,3.770372,-0.598049
0.812367,-0.147969,0.006221,1.486615,2.894391,-1.652829
0.840997,-0.154163,0.012602,1.168770,2.855754,-1.543422
0.862448,-0.161693,0.016036,1.565334,3.260846,-1.941436
0.848166,-0.167555,0.019265,2.146316,3.931507,-2.284839
0.849958,-0.145284,0.031197,2.569468,4.016634,-1.291212
0.862825,-0.117317,0.026021,2.079548,3.488910,0.114019
0.871441,-0.102540,0.034962,1.320484,3.686161,0.024740
0.889501,-0.092305,0.029182,0.907872,4.301283,-0.436980
0.887194,-0.102635,0.025709,0.777211,3.209463,-0.903254
0.900261,-0.078617,0.002656,-0.429305,3.560175,-1.268048
0.909961,-0.063938,-0.005261,-0.535036,3.483402,-1.732358
0.906462,-0.040288,-0.002330,-0.898287,2.977378,-1.329384
0.910607,-0.042445,-0.015765,-0.918841,2.994899,-0.208595
0.905198,-0.051465,-0.012449,-0.892257,2.676050,0.186040
0.903409,-0.042553,0.007632,-1.015660,2.481523,0.038077
0.907374,-0.023292,0.020267,-1.030247,2.461996,-0.113936
0.925874,0.008846,0.038835,-1.366323,2.026295,-0.609522
0.933312,0.018047,0.038136,-0.750373,3.153290,-0.335514
0.932918,0.017322,0.035336,-0.616968,2.839089,-0.010861
0.939404,0.032119,0.026605,-0.685959,2.668579,0.015707
0.980057,0.047635,0.006599,-0.263253,4.367914,-0.688123
1.007843,0.039974,0.014880,0.421933,5.288933,-1.224249
1.011651,0.015487,0.013623,0.998670,5.429408,-2.496424
0.996249,-0.020505,0.015241,2.046297,5.013172,-2.082662
0.963510,-0.046387,0.027183,2.398811,4.530207,0.478224
0.963730,-0.063082,0.034420,2.706661,3.775450,3.615841
0.976795,-0.059776,0.027796,3.202125,2.655738,5.170352
0.997274,-0.066013,0.035448,3.545826,2.683731,5.757417
0.993578,-0.089020,0.031217,2.838273,2.240021,5.352072
0.968116,-0.091767,0.025656,1.637078,0.658539,4.476583
0.954303,-0.056776,0.012697,0.674618,2.111405,3.475812
0.941758,-0.032276,-0.000567,-0.563327,2.191201,2.912637
0.941558,-0.025537,-0.002989,-1.782506,2.447205,4.429839
0.928047,-0.021421,0.013071,-2.591624,3.050619,6.386806
0.917264,-0.024011,0.003421,-3.268548,3.749457,7.084678
0.886580,0.013484,0.022164,-3.965666,3.611634,7.287761
0.870270,0.053218,0.025948,-4.178049,4.145922,5.828848
0.841893,0.105291,0.023726,-4.084372,4.635052,4.285969
0.830953,0.145245,0.028673,-4.575044,4.122066,4.344553
0.823971,0.201293,0.024242,-3.952848,4.391761,5.119722
0.801352,0.255115,0.011397,-3.624351,4.218550,6.285929
0.755046,0.323435,0.027038,-3.412312,3.424446,5.725815
0.723620,0.417330,0.012691,-2.738172,2.761948,4.794733
0.704290,0.512251,0.006769,-2.161395,3.533039,1.519678
0.679924,0.579426,0.003464,-1.721076,2.245670,-1.315835
0.652214,0.649205,0.016006,-0.963417,1.765229,-3.698483
0.639763,0.707753,0.003851,-0.037606,2.315549,-3.388728
0.646250,0.780423,0.006264,0.148765,2.602497,-0.903125
0.670477,0.847428,0.029434,0.531901,1.987959,-0.715291
0.669315,0.903324,0.036662,1.534006,2.503318,-2.679008
0.629827,0.928770,0.029398,1.060783,3.009391,-4.670326
0.606775,0.984447,0.040782,-0.049232,1.573607,-4.588418
0.612670,1.047079,0.026828,-0.592778,2.164383,-3.883807
0.618940,1.112350,0.027544,-1.689896,2.381375,-4.635732
0.603703,1.154631,0.023716,-2.374472,2.182167,-4.539463
0.573681,1.188145,0.018753,-4.033833,1.345129,-3.452756
0.545807,1.204180,-0.033001,-4.889499,3.487462,-4.141436
0.537945,1.212921,-0.023472,-5.176213,3.617029,-6.017898
0.513888,1.211513,-0.020360,-5.218560,2.466088,-7.781861
0.501008,1.191414,-0.011304,-4.808872,1.924709,-8.926421
0.477604,1.125336,-0.002944,-3.981905,1.930063,-9.869337
0.462932,1.060058,-0.010326,-3.480683,1.721920,-8.917531
0.461261,1.016595,-0.016300,-3.081837,0.362223,-8.119845
0.437569,0.955315,-0.028773,-2.411698,0.935885,-8.236355
0.397677,0.884841,-0.022897,-1.637515,1.996966,-7.104202
0.363041,0.804159,-0.010198,-1.171763,1.047274,-6.128211
0.352478,0.726125,-0.044555,0.015215,1.843712,-5.531135
0.355055,0.635061,-0.024782,0.763024,1.891140,-5.452109
0.347023,0.562758,-0.011553,1.027102,1.921056,-4.622400
0.314093,0.478134,0.029109,1.183957,1.861736,-1.749642
0.282204,0.397573,-0.008422,1.717002,1.684169,1.557776
0.285969,0.317960,0.001386,1.065130,2.207974,3.315622
0.288753,0.235154,-0.001775,0.543412,1.501370,2.558982
0.278380,0.149896,-0.010943,-0.384631,2.099444,1.581597
0.247565,0.073530,-0.024151,-1.181847,1.409111,2.051364
0.212338,0.009556,-0.023249,-2.012960,1.899547,3.471130
0.209407,-0.060055,-0.007010,-2.178493,0.770631,4.003589
0.211711,-0.119073,0.010298,-2.016813,0.145034,2.882811
0.208412,-0.183639,0.016183,-2.501045,-0.458941,3.356034
0.186666,-0.236404,0.010432,-2.724517,-1.769740,5.126874
0.156467,-0.269002,-0.021637,-2.683683,-0.521333,5.792353
0.126033,-0.289524,-0.009059,-2.603927,-0.595753,5.368209
0.117485,-0.320838,-0.015230,-1.765648,-0.048800,5.040090
0.115726,-0.371129,-0.023974,-1.088546,-0.207634,5.533996
0.109348,-0.413449,-0.037337,-0.586452,1.669871,6.396256
0.082012,-0.463211,-0.038489,0.557084,0.597299,7.345659
0.064815,-0.485348,-0.025540,1.739175,0.863747,8.113159
0.042475,-0.497155,-0.042425,2.740756,1.411330,7.061794
0.028088,-0.510389,-0.011094,3.205772,0.922985,5.778947
0.027799,-0.500759,0.006943,3.510110,0.628964,5.530414
0.004711,-0.508502,-0.000721,4.165537,1.402412,4.845106
-0.022862,-0.491496,0.014631,3.988335,0.309908,3.684642
-0.035739,-0.455077,0.011552,3.231792,0.394749,2.726907
-0.034515,-0.420772,0.009737,2.407132,-0.109834,1.766616
-0.023065,-0.404166,0.015691,1.825805,-0.836730,0.661039
-0.020377,-0.390761,0.001166,1.093142,-1.356622,-0.121416
-0.024930,-0.376174,-0.019241,0.551517,0.192666,0.657700
-0.035686,-0.355829,-0.013060,-0.305623,-0.774803,1.228808
-0.014876,-0.315432,-0.004539,-0.890136,-0.941584,0.948002
0.012667,-0.276204,-0.012387,-0.417344,0.417949,-0.470813
0.003969,-0.284886,-0.001476,-0.487621,0.330236,-2.091353
-0.014928,-0.270945,0.004363,-0.583205,-0.171698,-2.295124
-0.012082,-0.259460,0.003122,-0.567765,-0.265018,-1.867173
0.029677,-0.230145,0.007938,-0.364838,0.478756,-1.589754
0.084349,-0.176838,0.015166,-0.267274,1.256005,-1.331642
0.097141,-0.135141,0.005890,-0.442701,0.000794,-0.826265
0.086443,-0.107828,-0.009587,-0.400873,1.264497,-0.764973
0.069348,-0.062606,-0.003469,-0.194965,0.655368,-0.787458
0.081332,-0.009072,-0.000213,-0.295671,-0.111003,-1.751990
0.120525,0.043014,-0.022776,0.345367,1.525454,-2.772996
0.116228,0.063411,0.002010,0.611733,0.819227,-3.312652
0.094820,0.064468,0.015149,1.440138,-0.362099,-2.973350
0.100407,0.091603,0.004337,1.859864,-0.208586,-1.707740
0.140554,0.116012,0.022256,1.662182,-0.917915,-0.683882
0.167854,0.156021,0.017030,1.301278,-0.090760,-0.910370
0.167470,0.196090,-0.006856,0.328921,-0.333723,-0.981163
0.142419,0.237715,-0.020997,0.053095,-0.049089,-0.904027
0.126738,0.274360,-0.003124,-1.318334,0.131678,-0.992046
0.140406,0.313995,-0.011491,-1.382230,2.147059,-2.051102
0.125347,0.339395,0.000306,-1.461566,0.726938,-4.340965
0.113740,0.363357,0.004895,-1.979417,0.767998,-5.135246
0.088094,0.368684,0.015002,-2.298555,0.681841,-4.139539
0.088235,0.378249,-0.001677,-2.120818,1.716764,-3.669583
0.102432,0.401994,0.000641,-2.573414,1.745118,-2.848362
0.129115,0.424272,0.009402,-2.660956,1.559676,-1.876206
0.144877,0.426892,-0.015893,-2.347703,2.293258,-1.439158
0.149466,0.411129,-0.020859,-2.229381,2.475243,-3.113767
0.190398,0.402217,-0.018998,-1.370925,2.350356,-4.450490
0.246383,0.372186,-0.019822,-0.521939,2.589272,-5.322507
0.293424,0.347548,-0.006278,0.616246,1.416319,-4.899314
0.346429,0.324542,-0.009902,1.048671,2.046879,-3.531380
0.385184,0.301568,0.004032,1.724217,1.538163,-2.724033
0.440129,0.285182,0.005138,1.714937,1.760785,-1.985076
0.481770,0.256116,0.032737,1.656700,-1.032055,-1.876272
0.547691,0.245543,0.017519,1.393800,1.320380,-1.555041
0.604363,0.232686,0.008089,0.650870,0.514489,-1.267353
0.664677,0.208255,-0.016855,0.324464,1.772746,-0.763110
0.737222,0.185156,-0.010099,-0.375736,1.634188,-1.438338
0.810765,0.172706,-0.018430,-1.120104,2.817579,-2.053623
0.873490,0.160548,-0.045970,-1.534909,4.906352,-1.940010
0.907430,0.131452,-0.035495,-2.150977,3.988086,-0.946103
0.956325,0.103962,-0.021355,-2.334570,3.942175,-0.139136
1.010807,0.077177,-0.023620,-1.952084,4.879577,-0.272595
1.010164,0.018973,-0.003101,-1.273193,3.045534,-0.344604
1.006382,-0.024070,-0.001811,-1.359259,2.902955,2.239775
0.987371,-0.054275,0.002620,-0.688726,2.032078,4.977033
0.973374,-0.069975,-0.003784,-0.220870,2.224734,5.934235
0.962007,-0.086758,0.011749,0.158892,0.636386,6.032291
0.947092,-0.100698,-0.000455,0.304675,0.961301,6.439313
0.916736,-0.117830,-0.030486,0.532673,2.236331,6.905183
0.898778,-0.115804,-0.037406,0.129566,3.178805,7.584187
0.911582,-0.089213,-0.026705,0.084256,3.759294,9.336829
0.948621,-0.064976,-0.022028,0.379363,5.173001,10.769056
0.946081,-0.050608,-0.021755,-0.164727,5.429008,9.554911
0.940911,-0.023016,-0.012860,-0.344864,5.751294,9.145134
0.950975,0.034479,0.001425,-0.824077,6.342579,9.120948
0.977740,0.114344,0.012651,-1.621687,6.971714,8.214669
1.021665,0.179855,-0.003794,-2.045656,7.001463,6.614635
1.046041,0.248195,0.007738,-2.752319,4.477718,4.672583
1.064846,0.288589,-0.030637,-2.349984,5.744483,4.373868
1.058235,0.337963,-0.014061,-2.969482,3.876349,5.149829
1.076006,0.395931,-0.009308,-3.073135,3.584652,4.268921
1.124366,0.472865,-0.008248,-2.963328,2.132839,1.746095
1.187369,0.550199,-0.023997,-2.322556,3.358511,-0.387086
1.214984,0.581836,-0.014051,-1.985854,2.229215,-1.060006
1.220282,0.630386,-0.033316,-0.969493,2.450448,-1.254094
1.237436,0.689388,0.002994,-0.835763,2.274039,-2.107059
1.287319,0.758805,0.005282,-0.894013,3.754869,-1.962963
1.326193,0.807306,-0.000459,-0.991121,4.351885,-2.407523
1.329082,0.838522,-0.008156,-0.946119,4.894646,-4.675403
1.311649,0.875873,-0.009650,-1.172567,5.822782,-5.388711
1.293267,0.927299,-0.034855,-1.859926,6.201775,-4.543179
1.293434,0.966656,-0.019257,-1.665688,6.704471,-6.377068
1.292335,1.003028,-0.012381,-2.142295,6.344430,-8.301519
1.267671,1.002792,-0.009279,-1.619212,5.856236,-8.849671
1.224740,0.974550,-0.008950,-0.951820,6.000227,-8.583521
1.174929,0.957711,-0.007513,-1.437664,4.628427,-8.187033
1.171023,0.970664,-0.003843,-1.767601,4.127163,-7.629633
1.157686,0.968317,0.004032,-2.098202,3.087825,-7.218751
1.154443,0.951970,-0.008540,-2.250691,2.808023,-7.618676
1.118372,0.904900,-0.014206,-2.483219,2.481883,-7.620156
1.098277,0.876277,-0.030949,-2.803637,3.495569,-6.677706
1.079318,0.832637,-0.043298,-2.808174,3.508725,-6.418321
1.063034,0.784297,-0.021273,-2.582719,3.420021,-6.209341
1.045535,0.718293,-0.030116,-2.306991,4.003796,-5.267570
1.012898,0.639731,-0.034609,-1.826866,4.820309,-4.232269
0.993863,0.577549,-0.028438,-1.417214,4.795116,-2.529769
0.991329,0.508319,-0.016480,-0.871377,4.737280,-1.582391
1.007380,0.445168,-0.035814,-0.602851,6.192873,-0.997003
0.999591,0.365943,-0.022467,-0.628611,5.082146,0.503634
0.994352,0.282832,-0.030306,-0.358240,4.800437,2.334885
0.962782,0.188665,-0.055742,-0.136636,4.758770,4.972233
0.959493,0.118723,-0.045418,-0.648493,4.333149,4.819167
0.963100,0.052434,-0.049121,-0.289046,3.648948,3.388416
0.950144,-0.009240,-0.042142,0.484861,3.780285,2.972656
0.880511,-0.066922,-0.034573,0.362268,2.469017,2.351966
0.823948,-0.119474,-0.005727,-0.280210,0.276364,1.719312
0.808396,-0.165461,-0.024801,0.134546,0.540066,1.596270
0.814491,-0.232117,-0.024434,0.107791,1.000497,1.932947
0.815121,-0.305125,-0.030874,0.144370,1.340298,2.798216
0.782356,-0.364177,-0.043790,-0.019696,1.429370,3.603431
0.758296,-0.420687,-0.044010,-0.033407,2.546778,4.842532
0.736816,-0.456393,-0.048622,0.048992,3.798654,5.358754
0.735352,-0.485620,-0.045720,0.248965,5.603959,4.756653
0.704077,-0.501835,-0.024785,0.372877,4.080553,2.948817
0.689601,-0.518799,-0.022517,0.396416,4.355260,2.632258
0.649099,-0.537522,-0.018998,1.045081,3.748373,3.114668
0.608630,-0.563214,-0.030736,1.700771,3.642676,3.581670
0.600900,-0.561097,-0.003676,1.567153,3.068669,2.421019
0.605544,-0.579344,-0.028297,1.963803,2.356193,1.863369
0.608124,-0.584655,-0.036093,2.171348,2.094566,0.628283
0.581898,-0.586778,-0.030509,1.861935,1.100372,0.035648
0.566050,-0.580962,-0.049912,2.424601,1.139396,0.045518
0.531004,-0.578172,-0.040898,2.277252,1.015261,1.008775
0.506494,-0.586470,-0.026154,2.122515,-0.181020,1.540211
0.497913,-0.579816,-0.031356,2.431461,0.157882,1.713415
0.499870,-0.560759,-0.041000,2.358539,1.077391,1.963517
0.489405,-0.543352,-0.031163,2.045696,1.240909,2.408615
0.477700,-0.500276,-0.023551,1.449474,1.660808,2.375064
0.466550,-0.445522,-0.038456,1.251271,1.866529,2.604575
0.463520,-0.397158,-0.026646,0.769307,2.716828,3.192226
0.452399,-0.335557,-0.015522,-0.232890,2.701972,4.208448
0.424482,-0.291142,-0.023232,-0.888226,2.765549,4.007158
0.378741,-0.245428,-0.026603,-1.624132,2.531744,2.607009
0.342693,-0.205569,-0.026164,-1.759611,0.158801,2.065973
0.338958,-0.148556,-0.047696,-1.391069,2.485097,1.698628
0.308366,-0.097052,-0.038279,-1.781305,1.230802,0.696252
0.297842,-0.042602,-0.026282,-1.509710,0.376748,-0.854094
0.293864,0.010573,-0.039782,-0.527302,1.447269,-1.161968
0.250631,0.038257,-0.033129,0.194719,0.243661,-1.307286
0.225714,0.094810,-0.034199,0.655859,-0.312718,-0.760840
0.216401,0.148432,-0.020915,1.106360,-0.823679,-0.752185
0.202549,0.195145,-0.040409,1.862119,-0.235854,-1.690563
0.183245,0.213805,-0.037416,2.189486,0.230788,-1.512875
0.145445,0.235181,-0.028940,1.441822,-1.211378,-2.115460
0.146869,0.287637,-0.039457,0.614884,0.821285,-1.746751
0.147539,0.335712,-0.046200,0.498499,1.808295,-0.910681
0.177560,0.379496,-0.052840,-0.361956,2.884393,-1.216030
0.192659,0.422319,-0.045842,-1.056103,2.993041,-2.245167
0.168346,0.459079,-0.042165,-1.219349,4.215251,-3.735743
0.133953,0.497697,-0.016717,-2.370076,2.399189,-4.499075
0.132000,0.562167,-0.011737,-3.147335,1.026986,-4.346600
0.146151,0.625203,-0.029111,-3.731842,0.898196,-5.531357
0.150565,0.654279,-0.032505,-3.743064,0.211060,-6.941234
0.144979,0.656616,-0.037137,-3.895882,-0.125879,-7.932645
0.133300,0.653429,-0.059231,-3.801466,-0.751617,-8.313106
0.154150,0.650869,-0.082749,-3.342026,-0.668450,-8.694620
0.186058,0.654532,-0.050079,-2.730314,-1.089852,-8.225346
0.211333,0.654719,-0.055781,-1.665866,1.467144,-7.845906
0.174166,0.599170,-0.042648,-0.522041,0.013490,-7.753610
0.168730,0.564386,-0.041621,0.303857,0.443293,-5.689022
0.191478,0.523720,-0.038272,1.331591,0.677301,-4.615621
0.233221,0.493013,-0.026541,1.758502,1.420878,-3.353699
0.209443,0.445716,-0.010516,2.152857,-1.069655,-3.570849
0.183557,0.410932,-0.019999,1.898005,0.306625,-3.162822
0.155574,0.371520,-0.033674,2.019617,2.105004,-1.261775
0.170408,0.348897,-0.036503,1.450097,2.299594,1.615749
0.209164,0.310808,-0.027306,0.735054,2.598932,2.642819
0.226019,0.262097,-0.043728,-0.274991,2.032052,1.861170
0.203209,0.195722,-0.041460,-1.191605,1.386449,1.057826
0.184834,0.138050,-0.046764,-1.796378,0.523562,2.923053
0.194970,0.110382,-0.052709,-2.115513,1.697936,5.672907
0.218105,0.072434,-0.056923,-2.735431,0.198846,6.073556
0.231793,0.036580,-0.051812,-2.983951,0.168861,5.976400
0.193536,-0.023039,-0.036431,-2.978049,-0.956588,5.354483
0.167303,-0.066029,-0.039792,-2.792335,-0.295436,5.581782
0.166305,-0.052545,-0.027755,-2.758477,-2.050119,6.545962
0.245536,-0.051669,-0.036884,-2.550676,0.234796,7.795598
0.308480,-0.066659,-0.043160,-2.591982,0.555864,8.205457
0.324151,-0.102399,-0.059234,-2.014329,2.563755,7.854490
0.336693,-0.120216,-0.059848,-1.395609,2.778978,8.765400
0.346504,-0.083177,-0.054258,-0.877578,3.675434,10.794002
0.378633,-0.049125,-0.064013,-0.370109,4.382977,10.094311
0.380057,-0.016546,-0.040757,-0.263903,2.815596,7.210987
0.382834,0.015526,-0.048471,-0.010870,2.018414,5.413100
0.373135,0.041940,-0.020186,1.121962,1.746592,5.127675
0.370059,0.091029,-0.019773,1.115210,1.172772,4.909704
0.389022,0.179819,-0.015184,0.467102,-0.246754,3.638753
0.429166,0.260363,-0.017288,0.372670,-0.290450,2.231669
0.458934,0.315042,-0.023003,-0.026008,0.175387,1.165441
0.476367,0.362437,-0.021926,-1.101860,0.698496,-0.077238
0.490275,0.446560,-0.030139,-2.001718,0.315084,-0.768635
0.511187,0.535425,-0.063560,-2.823781,2.396317,-1.055780
0.541862,0.586960,-0.038702,-2.963672,2.009065,-1.499694
0.554758,0.633541,-0.045379,-2.813852,2.201708,-2.680023
0.533577,0.651213,-0.034606,-2.549150,2.998283,-4.131052
0.517187,0.682984,-0.037071,-1.998143,3.352980,-3.316841
0.528587,0.735707,-0.039868,-1.821305,3.029765,-2.937116
0.549500,0.784274,-0.039136,-2.065391,2.817605,-4.186087
0.568915,0.822846,-0.039126,-1.642009,2.738514,-5.758648
0.580735,0.838572,-0.033743,-1.943602,2.796682,-5.622784
0.574978,0.843922,-0.055282,-1.542374,2.790341,-5.188938
0.593222,0.851547,-0.042746,-1.339089,2.736243,-4.740271
0.638441,0.870822,-0.055463,-1.023121,3.503716,-5.466504
0.672095,0.862090,-0.050795,-0.584854,2.114493,-6.702331
0.677482,0.829621,-0.067266,-0.396415,3.365197,-6.816293
0.663193,0.772145,-0.075462,-0.511196,2.748792,-6.416370
0.681208,0.752933,-0.044095,0.349427,2.537363,-4.936981
0.724930,0.717591,-0.041965,0.524804,2.792753,-3.635437
0.760744,0.678865,-0.014284,-0.202161,1.844359,-2.831527
0.787316,0.629004,-0.043491,-0.314922,3.065508,-3.238361
0.797068,0.573915,-0.029978,-0.503597,3.352494,-2.784035
0.834488,0.541206,-0.033208,-1.643916,3.029440,-0.969872
0.869160,0.492389,-0.033641,-2.224087,2.015649,-1.213312
0.900373,0.457087,-0.054045,-2.615708,3.637804,-1.920250
0.903974,0.399883,-0.046341,-3.237103,3.140403,-2.054337
0.894661,0.342290,-0.051291,-3.028602,3.019869,-0.308883
0.904033,0.276083,-0.082142,-2.913402,3.610327,0.881560
0.939151,0.231507,-0.061227,-3.439153,3.892594,0.449255
0.963405,0.187798,-0.045445,-3.184298,3.007908,-0.322672
0.963970,0.126699,-0.044000,-1.684306,3.585725,-0.318020
0.947371,0.067307,-0.041555,-1.086009,3.758171,-0.379722
0.941131,0.011459,-0.023354,-1.116536,1.483947,-0.232366
0.972632,-0.002678,-0.037183,-0.217158,2.849638,0.642391
0.995521,-0.052243,-0.037997,0.189399,3.168777,0.740334
0.997234,-0.099822,-0.040363,0.495913,3.320494,0.369396
1.018852,-0.130752,-0.054543,1.187329,5.049676,0.472544
1.031191,-0.167069,-0.078085,2.137522,4.276363,0.368850
1.042650,-0.196126,-0.054944,2.295204,4.815392,0.816838
1.039269,-0.248887,-0.040567,3.008474,4.187334,0.501163
1.012317,-0.311149,-0.042664,3.483929,3.617368,-0.017564
1.010177,-0.352842,-0.043501,3.447350,3.608594,0.633729
1.009928,-0.393239,-0.024667,2.866818,2.972651,1.836195
1.015744,-0.440588,-0.035591,2.498243,3.216766,1.093183
1.008204,-0.458783,-0.033237,1.869370,2.634698,0.955111
1.002618,-0.504419,-0.040048,1.514227,3.256766,2.167296
1.010029,-0.524750,-0.044795,1.346179,4.413635,3.095340
1.016942,-0.543559,-0.067371,0.788795,4.259922,2.567521
1.025936,-0.563775,-0.025950,0.265085,3.208819,1.407600
1.049849,-0.581031,-0.025146,0.129258,3.512540,1.014368
1.037592,-0.618946,-0.037173,0.218465,4.011070,2.053273
1.020008,-0.641034,-0.048162,0.117793,3.883324,3.151406
1.003484,-0.634361,-0.048944,-0.134735,3.199957,4.809027
0.985103,-0.664448,-0.044667,0.162178,3.256261,4.215323
0.945480,-0.682737,-0.036352,0.030499,2.739099,3.451814
0.914487,-0.691419,-0.038079,1.114781,3.451198,3.291210
0.873769,-0.684549,-0.018184,1.557959,2.004900,4.005845
0.880225,-0.657279,-0.012105,1.744506,1.565756,5.433397
0.913155,-0.630757,-0.014882,2.267507,2.946290,5.710809
0.920009,-0.599728,-0.020928,2.094053,3.918962,5.100919
0.914570,-0.553843,-0.013881,1.978997,1.482848,5.272741
0.939221,-0.482610,-0.034642,1.405939,4.413251,6.244316
0.952242,-0.409258,-0.053930,0.950701,4.865436,5.501318
0.966629,-0.346031,-0.064371,0.558263,5.304098,3.845003
0.974152,-0.285405,-0.077107,0.233574,4.464355,2.527756
0.951159,-0.216956,-0.081784,0.130600,4.369112,2.183715
0.914136,-0.151360,-0.061223,-0.436326,3.791150,1.509983
0.904361,-0.056632,-0.047204,-0.729021,2.319036,0.012382
0.912751,0.040877,-0.053605,-0.262816,2.534810,-1.788496
0.916933,0.125734,-0.037508,-0.859613,2.070942,-2.538068
0.895462,0.185773,-0.057964,-1.411342,1.468290,-3.689158
0.871674,0.244788,-0.064322,-1.588344,1.589225,-3.908745
0.868540,0.315525,-0.052476,-1.661532,2.248673,-2.937355
0.895475,0.391950,-0.044683,-1.312448,2.698748,-2.928145
0.886399,0.422989,-0.080055,-1.127089,3.941413,-4.611117
0.830549,0.469284,-0.059395,-0.974597,3.413397,-5.135814
0.768543,0.512944,-0.070893,-0.719489,3.457408,-3.860851
0.733267,0.563700,-0.058765,0.121238,4.409371,-3.706825
0.691823,0.602804,-0.045428,0.548451,3.635831,-5.121833
0.651216,0.640276,-0.057938,0.199413,3.137377,-6.560609
0.594620,0.667481,-0.056188,0.088122,2.820191,-8.397991
0.543568,0.687852,-0.035262,-0.017579,0.049219,-8.599518
0.549739,0.704497,-0.048642,-0.498683,2.139440,-7.782326
0.556626,0.735759,-0.043334,-1.018831,2.098705,-9.041601
0.549313,0.734210,-0.070056,-1.617354,2.669140,-9.297427
0.528656,0.702915,-0.069925,-1.804529,3.336525,-9.118469
0.483743,0.664465,-0.064667,-1.711426,1.991300,-7.932698
0.462111,0.636639,-0.080416,-1.726604,1.265307,-7.065534
0.461163,0.597680,-0.081105,-1.380300,1.382306,-5.852810
0.461662,0.534930,-0.084735,-0.690522,2.097001,-5.093637
0.453341,0.467137,-0.064404,-0.514642,1.452967,-3.833154
0.463461,0.408388,-0.061089,-0.491967,1.096455,-1.318621
0.465430,0.377248,-0.056798,-0.656417,1.487187,0.510331
0.488433,0.338637,-0.076414,-0.552840,3.066709,2.004413
0.502912,0.299454,-0.075062,-0.969844,2.012935,1.960009
0.537329,0.273838,-0.070385,-1.740150,2.193019,2.528532
0.522226,0.211206,-0.071153,-2.004928,2.565852,3.311217
0.488591,0.149138,-0.079930,-2.002233,2.467989,3.418487
0.464547,0.117883,-0.087808,-1.659176,2.652108,4.149906
0.447469,0.087287,-0.099946,-1.843534,2.644069,5.243618
0.424344,0.040965,-0.098824,-1.423405,2.173555,5.790358
0.376653,0.002026,-0.062398,-1.281787,0.288152,5.281570
0.337550,-0.023791,-0.061991,-1.000850,-0.048705,4.891780
0.317139,-0.035699,-0.057862,-0.172362,-0.057430,6.960852
0.308513,-0.049164,-0.066741,0.071395,-0.419217,7.968229
0.299871,-0.035020,-0.054767,-0.500193,-0.351231,8.061023
0.270181,-0.047395,-0.073621,-0.989414,0.996715,7.835315
0.231757,-0.053986,-0.074379,-1.017534,0.817317,8.830957
0.210043,-0.036294,-0.086524,-0.857795,2.930869,8.968152
0.206229,0.000529,-0.097760,-1.259263,3.031354,7.730354
0.169653,0.041829,-0.065300,-1.600627,2.165070,5.780069
0.135420,0.092775,-0.055410,-1.987853,1.358259,4.818562
0.104546,0.124795,-0.059313,-1.251260,1.958942,4.141693
0.096688,0.168544,-0.057235,-1.166432,1.863784,2.550694
0.109739,0.203331,-0.018788,-1.423244,-2.886570,0.325329
0.153917,0.245363,-0.037902,-0.666113,0.709357,-0.497995
0.131508,0.242340,-0.069124,-0.555952,0.577121,-0.788281
0.120210,0.251655,-0.059405,-0.472811,0.919401,-0.136094
0.114429,0.294393,-0.056562,-0.594264,-0.411704,1.437510
0.138082,0.336326,-0.064433,-0.535351,-0.783312,1.327860
0.154577,0.378476,-0.063961,-0.705703,-0.370831,-0.241957
0.136001,0.423130,-0.058003,-0.853501,-0.818168,-1.310667
0.122717,0.454897,-0.060609,-0.288843,0.922936,-1.576986
0.139963,0.479483,-0.049836,-1.155640,-0.626825,-1.769536
0.192771,0.524068,-0.048376,-1.176546,0.544260,-3.718776
0.224663,0.564015,-0.049889,-1.549470,1.056413,-4.968657
0.226820,0.595041,-0.053411,-1.851317,1.716856,-3.372489
0.234790,0.624245,-0.073270,-2.379474,2.294023,-1.514271
0.246957,0.659131,-0.073513,-2.574385,2.180920,-2.356903
0.262451,0.677811,-0.094464,-2.529127,1.780486,-3.799696
0.261742,0.679012,-0.075200,-2.614772,1.645006,-4.707185
0.207368,0.654355,-0.067437,-2.527945,0.207354,-4.927440
0.187920,0.661799,-0.109232,-2.658015,1.581681,-4.200154
0.189272,0.649549,-0.098059,-2.207169,0.450136,-3.632696
0.203721,0.651486,-0.086275,-1.710129,-0.388556,-2.393670
0.194350,0.628522,-0.074763,-0.662326,0.523240,-2.709369
0.171054,0.598497,-0.062277,-0.495847,0.418852,-2.422077
0.174813,0.576548,-0.068477,-0.411134,0.408180,-1.141882
0.197471,0.567800,-0.071031,-0.654612,0.870499,0.657538
0.212160,0.551907,-0.057928,-0.437482,1.562604,-0.078939
0.204407,0.533929,-0.076345,-1.052204,2.352641,-0.761037
0.198223,0.515908,-0.070004,-1.526211,2.533083,-0.215443
0.233349,0.508457,-0.084338,-1.997047,2.883162,-0.059441
0.294136,0.494142,-0.076040,-2.449830,3.223649,-2.223919
0.359529,0.475363,-0.074941,-2.502257,3.458875,-4.261911
0.350889,0.436168,-0.098719,-2.217702,3.299263,-3.313903
0.341859,0.394267,-0.080508,-1.711245,1.770487,-0.744955
0.373049,0.377940,-0.058528,-1.587687,1.680437,0.252336
0.416092,0.372058,-0.056277,-1.983474,-0.453302,-1.104265
0.465161,0.337885,-0.063948,-1.437289,0.111438,-3.522209
0.489681,0.268855,-0.087433,-1.297392,0.583916,-4.985890
0.500293,0.187116,-0.084108,-0.801757,0.495815,-4.654014
0.555756,0.144188,-0.076647,0.122752,1.288832,-3.287770
0.609004,0.093941,-0.064906,0.879386,1.916169,-3.488269
0.660755,0.040131,-0.059641,0.703504,1.721881,-2.810063
0.675582,-0.030667,-0.066885,1.662297,1.727809,-2.934499
0.686443,-0.085681,-0.048904,2.384299,2.316689,-2.410046
0.689785,-0.146104,-0.050043,2.480012,2.452102,-1.410845
0.718260,-0.202408,-0.050194,2.866122,2.584857,-0.793738
0.724080,-0.253824,-0.057206,2.285426,2.374249,-2.162586
0.731610,-0.313332,-0.076388,1.999387,3.369065,-1.937522
0.729870,-0.373272,-0.084785,1.287867,2.758997,1.489030
0.739228,-0.413846,-0.084548,1.033822,2.593694,3.955121
0.744785,-0.454851,-0.092935,0.652649,3.659478,2.816400
0.738024,-0.500319,-0.070815,0.503443,2.311224,2.326143
0.725340,-0.563746,-0.049971,0.570070,1.864369,3.587923
0.717416,-0.590271,-0.061023,0.249458,1.872926,4.515524
0.729335,-0.611141,-0.041525,-0.156396,-0.243570,4.289450
0.754784,-0.618536,-0.047099,-0.510640,1.150124,5.124296
0.750372,-0.652985,-0.053680,-0.732031,1.637267,5.651499
0.752430,-0.675368,-0.066885,-0.686910,2.810890,5.507446
0.766207,-0.663204,-0.073158,-0.583084,2.988699,5.702830
0.784181,-0.631111,-0.071504,-0.076439,3.480189,6.430779
0.783249,-0.619347,-0.057957,0.761163,4.932786,5.619721
0.793684,-0.611206,-0.040058,1.063791,3.817741,5.261863
0.818391,-0.572749,-0.023140,1.067920,3.559325,5.989794
0.844864,-0.526654,-0.040498,1.800961,3.578563,8.192477
0.868205,-0.503710,-0.031455,2.163828,3.453634,7.217416
0.886551,-0.460969,-0.049800,1.854488,3.435652,5.923971
0.914008,-0.403638,-0.060268,1.920478,3.451385,4.908026
0.920163,-0.352051,-0.062169,1.257527,2.622001,5.419696
0.919175,-0.287568,-0.069656,1.177449,2.416202,5.941836
0.901433,-0.206495,-0.068523,0.875389,2.242250,3.666884
0.887118,-0.138414,-0.077442,0.994453,2.190013,1.552579
0.883488,-0.072460,-0.057990,0.703333,1.625062,0.017319
0.877806,0.003444,-0.042956,-0.567282,-0.133793,-1.381507
0.891786,0.091978,-0.048182,-1.095564,2.359396,-2.812421
0.908687,0.173838,-0.075128,-1.370219,3.444505,-3.707359
0.892068,0.235483,-0.062300,-1.754100,2.974528,-4.507445
0.880386,0.301473,-0.065077,-2.417094,3.456535,-4.291948
0.852889,0.344716,-0.085641,-2.389997,4.689248,-5.737528
0.834937,0.393233,-0.071038,-2.168308,4.458768,-6.005455
0.828697,0.431549,-0.072292,-1.884833,4.652012,-5.359623
0.835144,0.452970,-0.060619,-0.950327,5.240280,-5.807765
0.839332,0.486563,-0.054675,-0.516490,4.822288,-7.310663
0.855738,0.534431,-0.042110,-0.170193,1.667409,-6.972732
0.893266,0.576745,-0.060150,-0.147994,2.834020,-6.356435
0.910637,0.612723,-0.081538,-0.220532,3.560401,-7.438290
0.901055,0.634266,-0.092505,-0.384710,3.182713,-9.322998
0.894133,0.654703,-0.089918,-0.101324,3.513216,-7.833743
0.870640,0.641681,-0.099644,0.222055,1.598747,-6.476593
0.858587,0.640890,-0.107479,0.246982,2.303037,-6.736119
0.848858,0.631026,-0.099194,-0.386227,1.365382,-7.680267
0.852758,0.600926,-0.089275,-0.064315,1.474618,-7.191252
0.839950,0.551493,-0.066416,0.217184,1.653015,-6.561230
0.829899,0.519007,-0.059267,-0.509026,2.690276,-4.491610
0.797865,0.478495,-0.065116,-1.134662,1.710468,-2.373387
0.804010,0.433650,-0.082956,-1.175036,3.828015,0.188176
0.799441,0.402198,-0.076752,-1.750162,4.411429,1.349090
0.785704,0.362812,-0.059848,-2.441213,4.592964,1.391470
0.755653,0.348014,-0.081886,-3.010473,3.539361,2.376811
0.738161,0.316864,-0.077012,-2.873313,5.030828,3.102926
0.737173,0.279743,-0.087883,-2.888938,4.673564,2.883886
0.723728,0.257271,-0.086724,-2.743394,3.562049,2.312063
0.714807,0.221742,-0.085605,-1.630986,5.253607,2.110318
0.682750,0.177009,-0.093598,-1.108264,2.168152,2.822715
0.653970,0.128836,-0.086068,-1.178735,0.869636,4.392578
0.648305,0.091226,-0.102572,-0.600737,0.311145,5.112768
0.633639,0.055539,-0.111917,0.070502,0.419702,5.670028
0.621599,0.012608,-0.113014,0.023757,1.236166,5.292033
0.606477,-0.027789,-0.107062,0.852037,1.434707,4.898186
0.607921,-0.031094,-0.103590,1.130562,2.069478,4.748474
0.595579,-0.032066,-0.077366,0.537803,2.620025,4.787663
0.600010,-0.025327,-0.074048,0.470959,2.793325,6.436826
0.587077,-0.028672,-0.077862,0.581246,3.992662,6.212418
0.601257,-0.007717,-0.064873,0.253672,4.384300,5.530718
0.616426,0.030192,-0.068156,-0.476264,3.093671,5.443031
0.616465,0.069312,-0.082828,-1.369395,4.354321,4.874745
0.598986,0.096035,-0.076716,-2.097988,3.774436,2.331035
0.578625,0.115542,-0.067709,-2.608798,2.682506,-0.955554
0.565426,0.145215,-0.074780,-2.541006,1.588913,-1.240184
0.558336,0.155181,-0.099500,-2.340892,2.523774,-1.002205
0.537640,0.158221,-0.084995,-1.987698,0.371122,-1.019270
0.503867,0.160735,-0.060501,-1.253801,-1.505314,-1.684198
0.499942,0.187355,-0.067414,-0.374623,-1.048595,-0.370474
0.494851,0.201083,-0.065582,0.077559,-0.979995,-0.240060
0.489159,0.247227,-0.055315,-0.093394,-2.692115,-0.689164
0.462952,0.270083,-0.089652,0.422573,-0.513604,-0.364181
0.403103,0.269695,-0.092170,0.529757,0.561687,0.032215
0.361505,0.282172,-0.086301,-0.338493,1.066903,0.255673
0.351845,0.301847,-0.100878,0.205810,3.778506,0.147207
0.343872,0.315712,-0.116499,0.325938,4.652626,0.710013
0.310240,0.341121,-0.096335,-0.279665,3.828891,2.039925
0.262474,0.356358,-0.074826,-0.493398,3.836474,1.724456
0.240780,0.382047,-0.070513,-0.654756,3.802589,0.802185
0.249396,0.407269,-0.055243,-1.111527,2.315057,-0.779593
0.247033,0.434842,-0.073585,-2.127225,2.365830,-1.344475
0.199720,0.437139,-0.092160,-2.478679,0.988401,-1.621441
0.153457,0.434658,-0.106760,-3.012400,0.729649,-2.236942
0.134846,0.443438,-0.098935,-2.751666,-0.652388,-0.949813
0.138532,0.443704,-0.095689,-2.140076,0.129639,-0.595473
0.145166,0.430171,-0.095695,-2.071949,-0.970618,-0.350541
0.144457,0.412895,-0.106774,-1.040807,1.583861,-1.091092
0.120278,0.403524,-0.107335,-1.122674,-1.130229,-0.561963
0.118325,0.408228,-0.105966,-1.136254,-0.690589,1.239981
0.142720,0.417967,-0.099713,-1.468693,0.590467,1.590270
0.186846,0.433512,-0.088953,-1.875708,1.728846,0.256461
0.216769,0.430768,-0.082917,-1.643187,2.189077,0.384924
0.217645,0.423731,-0.108855,-1.970581,3.670717,0.130521
0.216569,0.435866,-0.101266,-1.780744,3.874632,-1.579521
0.190664,0.465555,-0.096066,-2.029878,3.420661,-2.678433
0.160252,0.467348,-0.090174,-0.762069,2.812901,-2.894763
0.155010,0.473794,-0.082983,-0.658941,1.554273,-2.511023
0.135982,0.459168,-0.079178,-1.232465,-1.084009,-4.042973
0.143676,0.458780,-0.106951,-0.973727,0.076822,-5.199708
0.131816,0.450745,-0.111267,-1.130260,-0.834780,-5.653574
0.133365,0.438731,-0.114504,-1.352878,-1.002799,-6.001417
0.158906,0.419184,-0.110283,-0.600517,-1.178429,-6.930031
0.178151,0.388727,-0.118718,-0.400952,0.299000,-6.497159
0.173158,0.330161,-0.097051,0.036331,-0.303954,-5.378047
0.178535,0.299661,-0.090949,0.228482,-0.240843,-4.517164
0.175824,0.274846,-0.082543,0.720664,1.044511,-4.290390
0.166489,0.237643,-0.068756,0.522493,-0.622607,-4.671672
0.185070,0.181690,-0.073040,0.321017,1.864470,-3.044336
0.189216,0.135834,-0.093739,0.097766,2.335513,-2.454928
0.197892,0.052401,-0.095922,0.311807,3.144178,-2.728961
0.229639,-0.004336,-0.091474,0.361720,2.762335,-1.919671
0.245845,-0.062284,-0.096608,0.454160,3.180676,0.175997
0.243321,-0.142267,-0.095603,0.740339,2.593001,0.151333
0.238647,-0.209212,-0.098860,0.715938,1.530620,0.872164
0.232052,-0.258383,-0.100626,0.692773,0.331244,3.767329
0.201181,-0.333184,-0.094179,1.045045,-0.300225,5.425046
0.189650,-0.390620,-0.073496,0.738977,-2.109295,5.291103
0.171107,-0.430561,-0.099976,0.781163,-1.691500,3.771151
0.170155,-0.461816,-0.088165,0.440036,-1.694483,3.800296
0.184263,-0.495934,-0.082047,-0.388268,-1.420190,4.066200
0.221109,-0.508548,-0.095223,-0.704698,-0.153454,4.759423
0.268149,-0.514860,-0.099529,-0.711611,1.237111,6.530483
0.320107,-0.520890,-0.101128,-1.047043,2.691071,8.815137
0.346202,-0.544504,-0.093427,-0.755533,4.583180,9.670233
0.364101,-0.552717,-0.110936,-1.048924,5.514099,8.602423
0.388044,-0.541760,-0.107680,-0.586724,4.444562,8.025003
0.421462,-0.485236,-0.073404,-0.176442,3.716370,9.087171
0.433640,-0.438317,-0.068494,0.547680,3.229630,9.201051
0.435110,-0.403566,-0.073214,0.269996,1.876957,7.401106
0.446431,-0.331040,-0.072538,-0.048552,0.331080,5.497567
0.447538,-0.269842,-0.080911,-0.207596,0.104952,3.782912
0.458425,-0.206761,-0.082093,-0.244402,-1.171273,2.589010
0.463526,-0.151996,-0.076299,0.210875,-1.902416,-0.380410
0.485522,-0.074498,-0.087676,0.466932,-1.309798,-2.394193
0.497834,-0.044687,-0.053270,1.515139,-1.019801,-0.389201
0.478228,0.006014,-0.061414,1.396469,-0.668288,0.314326
0.458928,0.066956,-0.066876,1.322483,-0.250559,-0.928610
0.459374,0.153431,-0.070509,0.954275,1.024974,-2.016854
0.465158,0.217945,-0.082037,0.479947,1.115484,-2.299664
0.472809,0.286488,-0.114294,-0.453562,2.919666,-3.343201
0.455195,0.366787,-0.108579,-1.140744,4.174479,-5.115151
0.460464,0.421715,-0.091015,-1.462673,5.287298,-4.133532
0.458901,0.454956,-0.075006,-1.198676,5.149787,-3.946253
0.473593,0.477605,-0.101857,-0.910356,5.404123,-5.886503
0.486881,0.506143,-0.072196,-1.150664,4.513585,-7.444466
0.461557,0.519181,-0.055804,-1.186029,2.003376,-6.875394
0.485709,0.534598,-0.078075,-0.702493,1.745085,-6.216139
0.502876,0.542315,-0.089042,-0.426640,1.481646,-6.516156
0.533252,0.549372,-0.094333,-0.279387,0.370583,-6.493937
0.551518,0.542732,-0.102162,-0.149514,-1.526207,-5.912078
0.599849,0.531444,-0.099661,-0.908692,0.785631,-5.173781
0.628390,0.508230,-0.130358,-1.212111,0.390314,-5.127452
0.650169,0.512192,-0.113765,-0.956590,0.689626,-4.157524
0.648718,0.483120,-0.107003,-0.418998,1.344302,-3.835037
0.641923,0.459621,-0.098197,-0.721298,2.033759,-3.551526
0.638766,0.439453,-0.091090,-1.223242,2.164557,-2.208267
0.641001,0.441735,-0.079956,-1.211944,2.510418,-0.020650
0.663102,0.413154,-0.079053,-1.127434,3.595418,0.476795
0.666578,0.388802,-0.079369,-1.475011,4.032629,1.079947
0.677948,0.367358,-0.087460,-1.703498,3.558980,0.967301
0.706453,0.350864,-0.116027,-1.729187,4.960755,1.665256
0.726384,0.332813,-0.117264,-2.562601,4.159334,2.628134
0.732191,0.315443,-0.104899,-2.875522,3.253562,2.544593
0.718247,0.304233,-0.110699,-2.560848,4.788519,1.896860
0.706784,0.288819,-0.127968,-3.207183,2.712423,1.382095
0.689699,0.271064,-0.100156,-1.749620,1.623841,2.002338
0.656258,0.235026,-0.093664,-0.923089,0.969349,0.801510
0.650615,0.219481,-0.102076,-1.043167,0.653674,0.237452
0.653734,0.207890,-0.081886,-0.557944,-1.736637,0.304086
0.663230,0.184562,-0.076982,0.089018,0.031655,2.717857
0.682386,0.169121,-0.089652,0.177710,0.982256,3.059527
0.708534,0.160193,-0.104696,-0.272250,1.995233,2.618063
0.728593,0.146253,-0.085018,-0.162646,1.663280,2.259890
0.765100,0.105925,-0.083058,0.902984,5.323202,1.581014
0.772673,0.093648,-0.081253,0.747295,5.461094,1.256857
0.761654,0.096209,-0.080366,0.527499,5.356252,1.496225
0.750566,0.105311,-0.087978,0.302163,4.938726,2.527292
0.745268,0.095933,-0.079674,0.091670,3.135138,2.366846
0.745563,0.079918,-0.070381,-0.319347,2.251926,0.054460
0.725826,0.090333,-0.080524,-0.546550,2.004555,-1.979050
0.702734,0.076560,-0.074648,-0.352923,1.201890,-2.081335
0.675165,0.065255,-0.073296,-0.544305,-0.198270,-0.944485
0.678618,0.063256,-0.080005,-0.831689,-0.675612,0.013997
0.698624,0.060000,-0.087647,-0.896675,-0.209246,0.183946
0.692956,0.027215,-0.103895,-0.514182,0.284994,0.075281
0.668840,0.002977,-0.098075,-0.518666,-0.150264,0.281641
0.678726,-0.000597,-0.118223,-0.368852,1.786818,1.679110
0.682632,-0.000423,-0.113867,-0.061928,2.921219,1.870098
0.674190,0.005564,-0.099211,-0.072665,3.459916,2.220167
0.674508,-0.003528,-0.104092,0.080812,4.752199,2.481876
0.659934,-0.002905,-0.106258,0.441217,5.724266,3.410812
0.659002,0.031088,-0.108671,-0.259675,5.417480,4.000229
0.656261,0.064323,-0.092774,-0.404943,4.553463,5.006664
0.649030,0.087999,-0.082973,-0.467611,4.716935,4.120076
0.640673,0.105675,-0.086718,-0.578318,3.183233,2.230754
0.646312,0.140338,-0.105454,-1.577843,2.525077,3.029082
0.618313,0.162530,-0.115423,-1.615197,1.679535,4.053084
0.595027,0.196523,-0.106124,-1.666896,0.182401,3.716889
0.586962,0.221985,-0.098019,-1.550163,-1.202246,0.732499
0.586060,0.261548,-0.130036,-1.382286,0.246373,-0.424240
0.535760,0.264782,-0.130049,-0.885883,0.379951,-0.490031
0.493154,0.262484,-0.124834,-1.314661,-0.687596,-0.607451
0.470593,0.296346,-0.109344,-1.086686,-0.229492,-0.102233
0.475734,0.332751,-0.110027,-0.515985,0.974483,0.054178
0.474243,0.354258,-0.097077,-0.776357,2.114631,1.036855
0.451529,0.376545,-0.111500,-0.804728,3.312794,0.751013
0.430367,0.411979,-0.133263,-1.402804,4.075740,0.706196
0.417178,0.453588,-0.124932,-1.451778,4.347228,1.253092
0.420178,0.487833,-0.119595,-2.204520,4.898825,0.849428
0.408375,0.519079,-0.132623,-2.032543,4.930556,-1.621714
0.357389,0.524557,-0.131389,-2.122003,3.871517,-3.904717
0.295744,0.542525,-0.131993,-2.479300,2.706097,-5.099234
0.264016,0.569333,-0.130978,-2.318260,1.508289,-5.559859
0.282427,0.593466,-0.137139,-1.819192,1.104589,-8.299835
0.290942,0.589425,-0.112104,-1.182894,-0.926223,-9.650552
0.269422,0.549071,-0.117698,-0.407175,-1.038948,-9.018203
0.240944,0.503661,-0.127364,-0.042519,-1.583137,-8.324066
0.223032,0.485207,-0.142011,0.608930,-1.852809,-7.371922
0.221932,0.460970,-0.145237,1.400755,-2.148130,-7.095449
0.215840,0.422789,-0.119490,1.157369,-0.997845,-6.415656
0.189045,0.371205,-0.126550,1.155216,0.018919,-6.279516
0.167578,0.331730,-0.134435,0.889975,0.491594,-5.657622
0.164736,0.300889,-0.139381,0.750432,2.072363,-3.587342
0.168153,0.249814,-0.124029,0.474567,2.146474,-2.142254
0.156172,0.189325,-0.135206,-0.361398,2.743668,-2.089715
0.133773,0.111590,-0.139775,-0.356622,3.079665,-1.880380
0.125035,0.052313,-0.124633,-0.360735,3.050560,-0.772396
0.112086,-0.004408,-0.158364,-0.858271,2.190840,1.130543
0.114541,-0.058719,-0.148523,-1.064644,2.193243,2.155492
0.121555,-0.106856,-0.136516,-1.114557,0.921199,2.078014
0.115647,-0.169725,-0.154947,-0.568389,1.376438,2.651276
0.086748,-0.235570,-0.168365,-0.515961,-0.625377,3.433679
0.079589,-0.280543,-0.164702,-0.825663,-1.387257,3.878877
0.065196,-0.316666,-0.135541,-0.658820,-2.337493,3.540822
0.057902,-0.346898,-0.121016,-0.140680,-2.356925,4.899903
0.036380,-0.406750,-0.109833,0.306444,-2.658805,6.442564
0.022449,-0.441862,-0.125506,0.804015,-1.641830,7.216468
0.003503,-0.456196,-0.105727,0.211283,-2.000213,7.120542
0.019065,-0.462889,-0.121883,0.265016,0.233453,8.389283
0.036655,-0.457884,-0.112124,-0.066051,1.095067,8.813414
0.030826,-0.461307,-0.118528,-0.105460,1.869302,8.033441
0.023660,-0.433521,-0.131710,0.520111,4.415079,8.348164
0.007665,-0.410117,-0.110998,0.411557,3.103437,9.096014
0.018782,-0.360838,-0.115475,0.226296,2.926221,7.450767
0.031311,-0.304525,-0.109721,0.075613,1.865311,4.599450
0.013327,-0.252705,-0.108677,0.348160,1.322471,3.493638
-0.033517,-0.222460,-0.110585,0.342898,-0.134475,2.777136
-0.056573,-0.158170,-0.114556,0.002956,-1.058419,2.233336
-0.029558,-0.095807,-0.114875,-0.294459,-2.128455,0.872726
0.007166,-0.048005,-0.136831,-0.003786,-2.070835,0.271377
0.019278,-0.023256,-0.123406,-0.167577,-2.241230,-0.571262
0.005577,-0.000905,-0.139004,-0.109176,-1.877368,-2.340730
0.005029,0.057771,-0.148546,0.228515,-1.253173,-2.219333
0.038047,0.132529,-0.149813,-0.068139,0.744125,-0.743975
0.067251,0.190608,-0.111074,-0.380906,0.367203,-0.680513
0.079232,0.236671,-0.104716,-0.595997,0.920300,-3.126423
0.050356,0.280597,-0.101200,-0.385048,1.643720,-4.907183
0.039990,0.333116,-0.107591,-0.107722,1.651099,-4.367150
0.009798,0.389892,-0.100823,-0.873337,0.273981,-4.175808
-0.006978,0.454208,-0.112068,-1.241991,1.257465,-6.166622
-0.035591,0.488418,-0.110647,-1.584704,0.421648,-7.341824
-0.044031,0.491103,-0.110296,-1.521904,0.629889,-7.004590
-0.041378,0.478685,-0.109856,-0.928134,-0.172243,-5.677017
-0.026033,0.478948,-0.109075,-1.030507,-0.501377,-5.606152
0.008528,0.498682,-0.124696,-0.171749,0.045730,-5.129204
0.051406,0.501472,-0.125280,-0.598499,0.905279,-2.939662
0.068462,0.482063,-0.111852,-0.039903,0.197336,-1.308395
0.073346,0.469665,-0.132583,0.238428,-0.419273,-2.322514
0.080009,0.484334,-0.119615,-0.060743,-0.102521,-2.203089
0.078762,0.479499,-0.110342,-0.448442,-0.234196,-1.516268
0.096297,0.495760,-0.087332,-1.699008,-0.638432,0.205322
0.105842,0.501813,-0.103271,-2.264753,-0.226689,-0.176130
0.128248,0.496010,-0.118869,-2.915884,1.240446,0.166088
0.155039,0.450302,-0.124883,-2.741668,1.294449,1.129452
0.186360,0.421157,-0.129862,-3.082786,2.276193,1.183947
0.214205,0.420694,-0.124752,-2.575120,2.593670,0.711264
0.244709,0.429849,-0.110388,-2.923115,2.356475,1.203814
0.239562,0.423402,-0.108264,-2.893205,1.874537,1.291557
0.229964,0.393962,-0.098863,-2.241618,1.360002,0.063203
0.220219,0.379109,-0.097580,-1.716888,1.209630,-1.467540
0.247207,0.389560,-0.101932,-1.291356,0.065290,-0.664894
0.270755,0.364857,-0.110122,-1.159645,-0.532251,-0.042661
0.260754,0.327667,-0.148937,-0.378368,0.536862,-0.613343
0.226249,0.283876,-0.118190,-0.562293,-0.630869,-0.648264
0.217655,0.259553,-0.124807,0.327556,-0.489547,1.099391
0.217531,0.232368,-0.109846,0.771591,-0.176589,1.802658
0.236168,0.216215,-0.090713,1.342187,0.316702,1.289843
0.265474,0.214134,-0.103137,1.177845,0.657757,-0.221428
0.261883,0.198962,-0.101863,1.006397,1.452068,-0.356218
0.256368,0.181982,-0.113135,0.387763,2.197868,-0.679922
0.280022,0.153884,-0.125145,0.424562,2.678410,-1.450139
0.312334,0.160311,-0.106826,-0.310849,2.306753,-2.058610
0.313273,0.132096,-0.114468,-0.881110,2.271450,-1.998709
0.285743,0.088012,-0.115108,-1.347994,2.582011,-0.895589
0.284676,0.064609,-0.128871,-1.386451,1.701245,-0.827830
0.325332,0.044359,-0.125227,-1.265559,1.463123,-0.222908
0.364643,0.002472,-0.114317,-0.562694,1.522217,0.447121
0.391565,-0.020210,-0.099871,-1.002068,0.669220,1.044733
0.377412,-0.053178,-0.084808,-0.442514,-0.232423,1.423366
0.376151,-0.057403,-0.101088,0.029347,0.187749,2.296993
0.400802,-0.064198,-0.086055,-0.015281,-0.334038,2.896568
0.432911,-0.085918,-0.096316,-0.091378,-1.957893,2.999545
0.447758,-0.087949,-0.106196,-0.280302,0.452136,1.950797
0.408598,-0.106791,-0.106353,-0.480954,0.500545,2.185254
0.376811,-0.116920,-0.110857,0.022992,0.787194,4.475936
0.392445,-0.111140,-0.128356,-0.063031,2.198984,5.562555
0.426612,-0.095706,-0.120432,0.298165,2.662878,4.241997
0.434385,-0.097852,-0.115318,0.003642,3.394779,3.181885
0.411598,-0.111540,-0.105323,0.259400,3.155828,3.368238
0.403084,-0.096549,-0.097100,-0.167504,3.387338,4.748759
0.425824,-0.053490,-0.098476,0.358917,3.199947,5.090556
0.432557,-0.009660,-0.072689,0.332234,2.297752,5.783685
0.426809,0.003467,-0.086413,-0.067091,2.127144,5.678595
0.393725,0.025147,-0.124660,-0.516004,1.949253,4.255456
0.372531,0.046696,-0.090762,-1.045734,-0.058651,4.379246
0.356191,0.093277,-0.071313,-2.182957,-2.913831,4.550487
0.363432,0.140735,-0.126058,-1.950994,-0.150382,3.223452
0.350157,0.161372,-0.124482,-2.248820,-0.054968,0.536900
0.359854,0.199615,-0.111645,-2.128269,0.316164,-0.884665
0.383067,0.248064,-0.103905,-2.220374,1.142239,-0.524618
0.390338,0.308149,-0.101269,-2.245606,1.897744,-0.715991
0.369537,0.360698,-0.122057,-2.524909,2.346562,-2.198693
0.375117,0.416355,-0.104725,-2.164274,2.331407,-3.349559
0.389829,0.453811,-0.099923,-1.484793,2.966060,-3.148464
0.402463,0.476538,-0.117517,-0.981280,3.420710,-3.789636
0.387859,0.501291,-0.092827,-1.003519,1.990102,-5.234090
0.406208,0.549934,-0.089780,-0.438916,2.929946,-6.057356
0.408680,0.563290,-0.096450,0.159209,2.592850,-6.632173
0.388385,0.564150,-0.102460,0.683960,2.207101,-7.203846
0.380188,0.575396,-0.092856,0.526238,1.178444,-8.179945
0.392291,0.584747,-0.092571,0.729677,0.298439,-8.288998
0.424488,0.573649,-0.106642,0.658147,-0.010747,-7.693477
0.433912,0.552799,-0.104656,0.718895,-0.255332,-7.261583
0.400553,0.518567,-0.138456,0.778189,-0.523034,-7.869767
0.372068,0.497707,-0.148050,0.343305,-0.098185,-7.483651
0.361488,0.473052,-0.129189,-0.360443,0.166849,-6.732245
0.382273,0.432117,-0.128297,-0.267284,1.258604,-7.217037
0.362598,0.393860,-0.115315,-0.106497,1.373775,-6.991090
0.331907,0.331120,-0.095246,-0.370326,0.597259,-5.297808
0.300579,0.264306,-0.091041,-0.800881,1.376936,-3.112445
0.313827,0.205435,-0.097044,-0.790058,2.239971,-0.675322
0.343136,0.135266,-0.099165,-0.764071,2.663416,0.718655
0.364581,0.071945,-0.112140,-1.150404,3.002876,1.823634
0.348782,-0.016937,-0.125428,-1.135062,3.374740,3.444887
0.321134,-0.076241,-0.142749,-1.250551,3.342881,4.534637
0.317330,-0.118870,-0.134402,-1.250637,1.740421,4.036088
0.322076,-0.135371,-0.132777,-0.227442,1.760486,4.957078
0.305139,-0.201239,-0.133870,0.044495,1.112917,3.099957
0.269826,-0.260021,-0.081942,-0.389624,-1.582628,2.249878
0.267992,-0.315990,-0.101423,0.254512,-0.615907,3.029146
0.297849,-0.354365,-0.109065,0.969667,-0.276352,5.276567
0.329833,-0.391500,-0.097307,0.937752,0.517785,6.183299
0.354907,-0.412021,-0.102431,0.258471,-0.562535,7.293543
0.348736,-0.436055,-0.115485,0.717254,0.350489,8.281938
0.337251,-0.453830,-0.122451,0.772891,1.655077,9.573075
0.321738,-0.448043,-0.109508,0.420778,1.118438,8.853735
0.324584,-0.434851,-0.099359,0.979560,1.918641,7.944148
0.306626,-0.413036,-0.091461,1.021031,1.397160,6.874696
0.247736,-0.396512,-0.074583,0.289388,-0.158706,6.352087
0.225491,-0.363034,-0.079254,-0.350136,0.550238,6.041847
0.211717,-0.303353,-0.096490,-1.077209,1.193130,4.239734
0.207447,-0.235081,-0.102520,-1.524376,0.926094,3.276282
0.202139,-0.174632,-0.107742,-1.493130,1.531339,2.672335
0.189646,-0.129344,-0.129912,-1.186567,2.045211,0.963700
0.158082,-0.081516,-0.113411,-1.456469,1.068949,-1.644974
0.126863,-0.061959,-0.098318,-1.028557,0.663722,-1.751604
0.125373,-0.029236,-0.102723,-0.061928,0.359778,-1.097254
0.119592,-0.000091,-0.093060,0.928331,1.445359,-3.013575
0.091948,0.044199,-0.061873,1.184729,-0.456817,-3.356962
0.070211,0.095624,-0.072932,1.287078,-1.057888,-1.563744
0.057676,0.144017,-0.078459,1.808438,0.251707,-0.944795
0.069187,0.199428,-0.088812,1.753877,0.790027,-2.329742
0.088967,0.243823,-0.096509,1.593474,0.895737,-3.309796
0.092529,0.268836,-0.081860,1.048688,0.273909,-2.501538
0.075578,0.278932,-0.094156,0.661193,1.445234,-1.875295
0.044874,0.300957,-0.098653,0.093600,1.562292,-2.490957
0.037318,0.343235,-0.097635,-0.248200,0.932163,-1.956176
0.047494,0.375518,-0.089984,-0.537334,1.307775,-1.339108
0.054833,0.406084,-0.075137,-0.972779,0.796732,-3.875002
0.044887,0.416467,-0.065037,-1.931897,-0.538508,-5.596664
0.024766,0.447692,-0.058962,-2.183296,-0.470502,-4.613305
0.012736,0.471037,-0.065284,-2.429265,-0.593482,-2.540833
0.011771,0.470971,-0.065783,-2.727002,-1.999488,-1.558458
0.034603,0.483888,-0.081404,-2.649839,-0.977261,-2.157217
0.023492,0.467630,-0.104338,-1.821131,-0.723105,-2.814161
-0.029056,0.433709,-0.082927,-1.890447,-0.806637,-1.950073
-0.062714,0.428703,-0.099483,-1.878682,-1.099529,-0.247643
-0.088626,0.435298,-0.097061,-1.798446,-0.893447,1.411278
-0.066870,0.447272,-0.091983,-2.261628,-0.457264,2.394388
-0.054469,0.444866,-0.090207,-1.665757,-0.233914,3.044009
-0.069673,0.433243,-0.112265,-1.070037,1.516292,1.441066
-0.096415,0.435935,-0.115800,-0.562428,3.731862,0.740721
-0.109840,0.463858,-0.090394,-1.120863,1.490384,0.560134
-0.083417,0.485818,-0.088339,-1.218049,1.421847,-0.027685
-0.097200,0.453808,-0.083803,-0.793807,-0.025981,-2.471076
-0.116799,0.454566,-0.093355,-1.166305,-0.285763,-2.799232
-0.136845,0.465063,-0.087033,-1.456794,-0.142993,-0.646166
-0.106788,0.492609,-0.108759,-1.268530,0.571039,0.515676
-0.061070,0.497247,-0.086537,-1.327092,-0.642354,-1.939587
-0.039691,0.485086,-0.105963,-1.544025,-1.000924,-3.996747
-0.073080,0.435803,-0.125792,-1.433489,-1.465928,-4.435878
-0.099891,0.389899,-0.132862,-1.239926,-1.175110,-3.002187
-0.107661,0.384755,-0.133309,-1.245520,-2.297494,-3.157913
-0.065508,0.383225,-0.103465,-0.997315,-1.825043,-2.358057
-0.042957,0.344624,-0.110844,-0.592242,-0.206561,-2.546741
-0.060883,0.266741,-0.121610,-0.385396,-0.662574,-2.832847
-0.073586,0.215772,-0.110854,0.311603,0.397742,-3.011881
-0.070375,0.201047,-0.101285,0.598833,1.115264,-2.061274
-0.042524,0.180942,-0.077471,0.292907,-0.352840,0.487515
-0.046286,0.131557,-0.075311,0.159705,0.053700,-0.119490
-0.072253,0.074948,-0.078541,0.497389,0.760691,-1.776222
-0.111504,0.020568,-0.082946,0.334659,-0.136153,-0.638656
-0.151038,-0.021775,-0.097051,0.272194,-0.956585,2.042952
-0.134481,-0.035506,-0.104289,0.237453,-1.105791,2.023179
-0.119142,-0.075857,-0.112515,-0.062030,-0.738126,0.924035
-0.128983,-0.145087,-0.104699,-0.112954,-0.269951,1.927339
-0.147000,-0.227719,-0.102697,0.441427,-0.644103,5.382731
-0.155404,-0.267430,-0.100173,-0.034336,-0.256090,6.832870
-0.109138,-0.251484,-0.086377,-0.113246,-1.025936,6.368481
-0.102441,-0.251326,-0.076231,0.193912,-0.905113,6.499473
-0.113191,-0.276539,-0.075295,-0.323922,-1.735192,6.270107
-0.124555,-0.301666,-0.090581,-0.599217,-0.045567,5.308060
-0.136687,-0.260927,-0.087479,-1.536714,-0.403550,6.419585
-0.109883,-0.224102,-0.079467,-2.051824,-0.438649,7.349589
-0.082944,-0.199066,-0.087808,-2.032481,0.840005,7.406230
-0.068009,-0.181496,-0.088779,-2.243535,1.190865,6.237590
-0.062790,-0.181233,-0.082323,-1.494473,0.979381,5.307836
-0.031564,-0.148615,-0.076572,-0.600176,1.454816,6.939734
-0.019744,-0.117872,-0.067647,-0.420794,-1.128335,6.890710
-0.017098,-0.055565,-0.058285,-0.449988,-0.183236,5.925863
-0.030947,0.007356,-0.074901,0.034999,-0.752900,5.401200
-0.057515,0.052904,-0.057475,-0.372828,-1.741780,5.228313
-0.058687,0.121520,-0.069154,-0.385892,-1.973973,2.793813
-0.051902,0.194712,-0.093604,-0.471120,-0.619692,-0.989744
-0.058916,0.246118,-0.062366,0.068640,-1.431249,-3.127590
-0.070142,0.300879,-0.067919,0.545438,-1.243775,-3.265821
-0.069916,0.340071,-0.082914,0.725876,-0.630760,-3.154823
-0.059678,0.384775,-0.058660,0.063146,-0.956011,-4.791329
-0.035332,0.459956,-0.056805,-0.422130,-0.345743,-4.971676
-0.049502,0.477028,-0.060849,-0.776991,0.162168,-5.015222
-0.076829,0.502732,-0.085175,-1.126315,1.500743,-5.990242
-0.091912,0.527439,-0.084555,-1.217626,1.349088,-7.591435
-0.082127,0.546500,-0.088760,-1.216034,1.577047,-7.700806
-0.078565,0.540940,-0.085211,-0.575138,1.602640,-7.818124
-0.111038,0.523815,-0.075413,-0.484139,0.439702,-8.367509
-0.132177,0.525401,-0.050184,-0.667502,-0.433020,-8.641298
-0.111311,0.534227,-0.066777,-0.383223,-0.179324,-7.191441
-0.076369,0.520392,-0.065353,-0.751697,-1.008592,-6.007937
-0.040765,0.495307,-0.072886,-0.772241,-1.272786,-7.077411
-0.040981,0.459847,-0.098476,-0.803224,-0.920823,-7.634755
-0.032795,0.419746,-0.097120,-1.280836,-0.251035,-6.332847
-0.018024,0.363567,-0.095525,-1.162103,-0.350877,-5.067214
0.009798,0.329928,-0.099611,-0.647036,0.651504,-5.314935
0.012641,0.267175,-0.118246,-0.418093,1.399319,-5.152083
-0.003102,0.206880,-0.086570,-0.655767,0.011609,-4.782237
0.029480,0.151954,-0.078965,-0.195264,0.319883,-3.360034
0.066732,0.097499,-0.085595,0.103402,0.874730,-1.543455
0.124339,0.064313,-0.084775,0.329841,1.791613,0.748667
0.173589,0.009103,-0.072594,-0.050666,-0.182455,3.415791
0.194245,-0.051557,-0.110095,-0.282180,1.692520,4.333273
0.201601,-0.100012,-0.118974,-0.257223,1.702965,4.095245
0.191199,-0.151392,-0.108599,-0.765811,0.189574,5.027297
0.182225,-0.190916,-0.118994,-0.681702,0.306494,5.851072
0.156215,-0.234714,-0.117327,-0.296990,0.972018,4.898189
0.127438,-0.272521,-0.083435,-0.536411,-0.918883,3.922150
0.138073,-0.304137,-0.077560,-0.012150,-1.700910,4.232794
0.154711,-0.312199,-0.094730,0.379012,-0.695693,5.774605
0.148110,-0.343533,-0.079720,0.234972,-0.648768,5.320795
0.149643,-0.360195,-0.090703,0.218737,-0.775466,5.598033
0.152886,-0.344784,-0.077222,-0.348928,-0.392442,6.387765
0.150720,-0.363750,-0.108602,-0.318198,0.922736,6.666139
0.140013,-0.371496,-0.102710,-0.345672,1.754292,5.569151
0.116041,-0.350088,-0.081699,-0.534704,1.430496,4.493117
0.102573,-0.335189,-0.087552,0.354282,1.621695,4.314293
0.085869,-0.307413,-0.081807,0.564335,2.164197,4.339705
0.082130,-0.286018,-0.070329,0.746484,1.254768,2.589360
0.082084,-0.252117,-0.069022,0.783195,-0.114853,1.065806
0.105271,-0.224745,-0.069337,0.951974,0.790906,1.090198
0.117682,-0.212419,-0.074586,1.199365,1.072664,0.591852
0.129601,-0.206009,-0.063078,1.054324,0.656599,-0.634825
0.149515,-0.165960,-0.074392,0.936777,-0.792003,-1.316584
0.195584,-0.118210,-0.073877,0.956928,0.466963,-0.125381
0.225605,-0.085855,-0.074908,0.787442,0.018066,0.233105
0.238285,-0.055519,-0.079782,0.396855,0.357989,-1.217510
0.219920,-0.018857,-0.067716,0.222475,-0.604507,-2.877125
0.212676,0.017240,-0.075515,0.543186,0.184735,-3.613436
0.203035,0.021290,-0.070086,0.230514,0.345860,-3.990657
0.201063,0.031456,-0.060261,0.360696,-0.131889,-3.484082
0.193999,0.040292,-0.041348,0.378496,-0.486074,-1.756361
0.158814,0.039052,-0.046882,0.607709,0.226173,0.030556
0.145442,0.062370,-0.029666,0.051949,0.746672,0.273039
0.157075,0.122353,-0.034081,-0.749231,0.533865,0.489187
0.152410,0.168239,-0.037452,-1.265789,0.594403,0.392298
0.108219,0.191048,-0.057770,-1.758013,0.750470,0.191504
0.071810,0.204378,-0.050719,-2.261247,1.193264,-0.127301
0.076547,0.232207,-0.071661,-1.948542,3.462082,0.184199
0.053724,0.263377,-0.041791,-1.590921,1.223889,1.108097
0.054528,0.294665,-0.049006,-2.126227,1.113393,2.461895
0.015247,0.317514,-0.047112,-1.857182,0.227994,0.669676
-0.003509,0.332282,-0.047828,-1.287256,0.255219,-0.733370
-0.014318,0.352354,-0.033789,-1.312744,-0.618005,-0.305987
-0.033875,0.379254,-0.027483,-1.310955,-2.571866,0.019069
-0.038201,0.403465,-0.054626,-1.016694,-0.793944,0.837318
-0.051045,0.419335,-0.045559,-1.080114,-1.393231,0.846876
-0.039107,0.431943,-0.043295,-1.053671,-1.702115,1.490615
-0.010471,0.441518,-0.080944,-1.000276,0.341169,1.642789
-0.014223,0.438347,-0.078505,-1.239930,0.790109,0.093242
-0.006978,0.496670,-0.094041,-1.485348,0.892081,-0.144053
-0.011777,0.551293,-0.087936,-1.232446,1.459847,0.238813
0.002692,0.582722,-0.064959,-1.864988,1.672605,-0.316145
0.040998,0.622604,-0.049104,-2.641997,1.061034,-2.860757
0.043157,0.643227,-0.077809,-2.282298,1.482010,-4.808809
0.004172,0.629897,-0.064844,-2.203191,0.727519,-4.632264
-0.036891,0.609382,-0.066167,-2.091119,-0.027209,-4.973661
-0.061336,0.613249,-0.081633,-1.941948,-1.848939,-5.721207
-0.056264,0.603493,-0.092515,-1.927194,-1.185919,-6.559896
-0.073536,0.574168,-0.089032,-1.636829,-1.890685,-5.833341
-0.086207,0.538399,-0.095525,-1.187493,-0.664090,-5.922315
-0.101785,0.521951,-0.105769,-0.912937,-0.402418,-7.053355
-0.098897,0.501485,-0.087489,-0.191148,-0.885074,-6.323413
-0.093520,0.466471,-0.089334,0.300804,-0.723558,-5.480495
-0.101201,0.418558,-0.082592,1.075538,-0.186394,-6.830647
-0.141936,0.338492,-0.076680,1.691389,-0.559584,-7.468146
-0.166777,0.259878,-0.079854,1.748957,-1.039841,-4.038748
-0.191612,0.199041,-0.070979,1.154471,-0.286022,-0.753736
-0.209351,0.153983,-0.089797,1.024194,0.331194,0.228541
-0.197842,0.116094,-0.093358,0.534205,0.399154,1.014147
-0.198971,0.058389,-0.070815,-0.018695,-1.926536,1.528437
-0.166932,-0.019074,-0.095558,-0.346177,0.969635,1.551445
-0.169275,-0.093959,-0.101952,-0.709888,0.775810,1.410639
-0.153201,-0.155751,-0.105103,-1.138702,0.291336,2.560984
-0.134724,-0.195761,-0.104830,-0.889972,-0.109138,5.265633
-0.133923,-0.249278,-0.091061,-0.735770,-0.519988,7.185020
-0.129745,-0.290413,-0.072226,-0.991370,-0.742159,7.707056
-0.162333,-0.327475,-0.063160,-1.513757,-3.064747,7.796450
-0.183961,-0.352721,-0.072679,-1.141322,-2.064155,8.204910
-0.200127,-0.357497,-0.072026,-1.021716,-1.856183,8.487223
-0.171917,-0.368726,-0.048743,-1.389871,-3.279189,8.280965
-0.113510,-0.360421,-0.056670,-1.139260,-2.228730,7.969101
-0.111521,-0.383412,-0.078660,-0.893964,-0.587041,9.702561
-0.144903,-0.385673,-0.074534,-0.755694,0.116763,10.416041
-0.140534,-0.350124,-0.065848,-0.499671,0.507803,8.861776
-0.116779,-0.292350,-0.055797,0.535187,1.443925,7.872623
-0.114058,-0.249813,-0.045582,1.104214,0.064897,7.819667
-0.172105,-0.219165,-0.047857,0.756758,-0.502171,6.644769
-0.236115,-0.174963,-0.049508,0.391633,-1.488606,5.234996
-0.257760,-0.108018,-0.066357,0.370769,-0.491782,4.791288
-0.236719,-0.023485,-0.055023,-0.023386,-0.956841,4.888418
-0.191760,0.044829,-0.051940,-0.119266,-0.671394,2.712436
-0.199159,0.095618,-0.063550,-0.320962,0.965847,-2.012189
-0.257445,0.117207,-0.054511,-0.225994,-0.758638,-3.795529
-0.281269,0.176402,-0.042536,-0.379301,-1.265147,-1.825663
-0.273992,0.254823,-0.024283,-0.584535,-1.673785,-2.048450
-0.251927,0.341634,0.001248,-0.174171,-1.395917,-4.234282
-0.244322,0.395498,-0.006672,-0.894575,-1.375234,-5.950607
-0.271888,0.411395,-0.026577,-0.683360,-0.426186,-7.320163
-0.290253,0.448533,-0.033775,-0.692613,-0.769959,-9.338368
-0.258853,0.519719,-0.029206,-0.798872,-0.363649,-10.389376
-0.212236,0.569481,-0.009105,-1.288109,-0.728741,-9.130160
-0.186685,0.578964,-0.035105,-1.009536,0.295744,-8.514837
-0.179014,0.542233,-0.040803,-0.777480,0.261994,-9.024356
-0.204132,0.520001,-0.040025,-0.325131,0.352461,-7.964821
-0.209607,0.520792,-0.047601,-0.481454,-0.337009,-6.132636
-0.189233,0.527646,-0.056388,0.137532,0.923425,-5.968333
-0.179562,0.512573,-0.047004,0.062131,-1.327658,-7.807490
-0.183879,0.468913,-0.041036,0.217853,-1.579454,-7.302887
-0.216730,0.400005,-0.047073,0.775727,-1.899538,-5.614275
-0.226150,0.358180,-0.048908,0.676456,-1.371160,-4.582942
-0.193677,0.348612,-0.052164,0.433044,-2.465620,-3.550927
-0.152276,0.337888,-0.050417,0.283181,-1.510785,-3.070029
-0.145996,0.297547,-0.037898,-0.675843,-1.201603,-1.879209
-0.170798,0.236553,-0.064532,-1.801617,-0.190385,-1.991806
-0.177997,0.184825,-0.090384,-1.732995,1.168226,-1.286419
-0.155180,0.157489,-0.079936,-1.860468,0.968329,0.209412
-0.125849,0.114544,-0.061358,-2.446682,1.123467,1.854115
-0.140360,0.038625,-0.066990,-2.005949,0.627654,1.010713
-0.150595,-0.023029,-0.068287,-1.368847,0.560217,0.854860
-0.154741,-0.071271,-0.057409,-0.796042,-0.696534,3.949580
-0.141621,-0.107063,-0.070404,-0.915185,-0.905566,6.841475
-0.128717,-0.146439,-0.084840,-0.449659,-0.506888,6.399876
-0.095542,-0.159818,-0.095600,0.213836,-0.044586,4.705472
-0.080525,-0.193184,-0.060550,-0.034054,-0.663181,4.735796
-0.075243,-0.230355,-0.076477,-0.220555,-1.421312,6.412433
-0.119855,-0.259329,-0.096546,0.148138,-1.621604,5.475004
-0.147286,-0.257041,-0.083646,-0.180240,-1.236849,3.866011
-0.137015,-0.266166,-0.073854,0.428967,-1.912346,2.677529
-0.106991,-0.265913,-0.067450,1.378977,-0.727389,2.358946
-0.113014,-0.288831,-0.077714,1.583640,-0.269735,1.726850
-0.133040,-0.272340,-0.048038,0.810518,-1.567742,1.524435
-0.120777,-0.262224,-0.064699,0.902629,0.113808,2.102193
-0.082015,-0.254920,-0.079375,1.023834,1.153895,2.204081
-0.067749,-0.255725,-0.051619,0.742007,0.899004,0.260500
-0.082077,-0.246603,-0.043314,0.729527,0.570865,-0.486722
-0.105996,-0.233023,-0.071540,0.237178,0.296801,0.404637
-0.100817,-0.225638,-0.087604,0.190724,0.888605,0.988721
-0.072877,-0.203186,-0.073358,-0.128588,0.338580,0.201940
-0.039625,-0.169242,-0.062031,0.222679,-0.074810,-0.786875
-0.044303,-0.171477,-0.034839,0.907241,-0.695615,-1.379562
-0.066804,-0.170306,-0.046682,0.618416,-1.182620,-1.654594
-0.088458,-0.160399,-0.044243,1.465531,-1.977170,-1.753944
-0.081539,-0.138299,-0.034714,1.116218,-1.753633,-1.080017
-0.071347,-0.148697,-0.018105,1.841919,-2.322962,-0.673175
-0.068347,-0.154685,-0.019070,1.159700,-2.039937,0.130274
-0.092469,-0.134891,-0.029702,0.796889,-2.571797,0.574092
-0.105931,-0.105642,-0.054442,0.560580,-0.620640,2.429625
-0.088238,-0.068452,-0.046482,0.243312,-0.220160,3.518820
-0.058972,-0.025015,-0.055289,-0.496411,2.563088,2.075469
-0.053051,-0.008905,-0.045707,-0.373645,2.117832,0.563019
-0.077380,0.007918,-0.037980,-0.655843,1.989065,2.302885
-0.108967,0.024589,-0.031153,-0.680136,1.806686,3.731927
-0.131678,0.070737,-0.029397,-1.061470,1.298457,3.514429
-0.127444,0.108826,0.006037,-0.995145,0.593034,2.260911
-0.149758,0.148823,0.017775,-1.769689,-2.617509,3.192772
-0.178207,0.172552,-0.027414,-1.619383,-0.702094,3.750779
-0.203485,0.205783,-0.045898,-1.772338,-1.577777,2.407538
-0.182517,0.259113,-0.028277,-2.392026,-1.920903,0.929994
-0.155640,0.296717,-0.037380,-1.613583,-1.722946,0.329735
-0.181985,0.296034,-0.042746,-1.385860,-1.357755,0.971943
-0.235587,0.309876,-0.022553,-1.493068,-1.770292,0.430320
-0.260153,0.357609,-0.014557,-1.275502,-1.893774,0.916347
-0.239572,0.426114,0.000726,-1.139559,-2.176789,1.118029
-0.212407,0.489724,0.002088,-0.923401,-0.355246,0.344069
-0.245274,0.525480,-0.011251,-1.131924,0.431889,-2.247746
-0.257248,0.577240,-0.020531,-1.482000,-0.101586,-4.000726
-0.255590,0.607400,-0.050132,-1.319801,0.985141,-2.790882
-0.200179,0.646733,-0.048730,-1.383822,4.413736,-2.350448
-0.199608,0.668893,-0.025422,-2.189579,0.487786,-4.160630
-0.206347,0.681202,-0.042973,-2.016653,0.163448,-5.217103
-0.233362,0.677979,-0.057521,-1.853086,0.384944,-4.826365
-0.244870,0.698668,-0.058876,-2.428179,-0.250753,-4.901225
-0.238870,0.728568,-0.052439,-2.053673,-0.955627,-7.321843
-0.212856,0.755303,-0.064946,-1.830569,0.140094,-9.217980
-0.190355,0.721907,-0.049994,-1.716011,-1.808644,-9.097947
-0.163702,0.679978,-0.048038,-0.970258,-2.299496,-10.296991
-0.164010,0.635904,-0.032279,-0.220989,-2.762215,-11.068114
-0.145100,0.625679,-0.042523,0.507259,-1.959767,-9.801739
-0.158778,0.581938,-0.050457,0.532905,-3.024364,-8.520278
-0.160206,0.508188,-0.046958,0.944808,-1.946598,-7.775732
-0.158735,0.419267,-0.060806,1.111451,-1.115646,-5.863878
-0.178699,0.317586,-0.048126,1.165651,-1.271962,-2.013793
-0.210877,0.241644,-0.055167,1.007007,-1.431882,0.095115
-0.226774,0.171229,-0.070486,0.999251,0.152620,-0.352940
-0.206620,0.127129,-0.058305,0.403364,0.224167,0.219521
-0.183836,0.047396,-0.060097,0.178953,0.290463,1.619873
-0.186501,-0.041818,-0.084939,-0.409240,1.039699,3.310941
-0.203800,-0.121657,-0.089928,-1.077606,1.160877,2.992240
-0.207433,-0.159684,-0.080183,-1.227768,0.298839,3.786889
-0.224597,-0.218735,-0.089062,-0.771164,-0.059340,6.306457
-0.241013,-0.289724,-0.060383,-1.240760,-1.193117,7.486839
-0.269718,-0.363966,-0.055239,-1.179900,-2.101749,7.302491
-0.281863,-0.434969,-0.054609,-0.699292,-2.044592,8.094856
-0.272193,-0.480480,-0.055115,-0.621977,-2.341518,9.183324
-0.243268,-0.508236,-0.044552,-0.680103,-2.457562,10.214296
-0.239746,-0.514716,-0.047965,-0.962576,-2.487727,9.778342
-0.239109,-0.529221,-0.059894,-0.730308,-0.904528,10.671881
-0.218331,-0.528134,-0.060839,-0.629744,-0.115099,12.435493
-0.185027,-0.507071,-0.074642,-0.634332,1.209401,12.624467
-0.170562,-0.464012,-0.051812,-0.431494,0.561842,10.721276
-0.180058,-0.393764,-0.039720,-0.464007,0.388992,9.538201
-0.228664,-0.345982,-0.023154,0.101176,0.605354,8.315370
-0.232416,-0.295902,-0.037271,0.402603,0.817176,5.814072
-0.188622,-0.217031,-0.025750,0.137782,-1.154539,3.292942
-0.149915,-0.149685,-0.006377,0.269404,-0.312347,2.817307
-0.155489,-0.088796,-0.023377,0.401056,-0.070527,3.324065
-0.175827,-0.023489,-0.004411,0.257286,-0.995646,2.334662
-0.193355,0.049162,-0.004411,0.143671,-1.977939,-0.619256
-0.182001,0.120331,-0.028021,0.249352,-1.347202,-1.583253
-0.197156,0.168967,-0.017478,-0.159335,-2.661060,-2.715678
-0.242415,0.226702,-0.002533,0.210409,-2.955249,-4.988680
-0.301902,0.309984,-0.003997,0.465691,-2.475474,-6.679808
-0.330440,0.390762,0.007399,0.488792,-2.002997,-5.525090
-0.310522,0.448011,0.027481,-0.311502,-3.158878,-5.639250
-0.259749,0.495406,0.004839,-0.262597,-0.483625,-8.991545
-0.240675,0.520517,-0.013185,-0.231082,0.701122,-10.661004
-0.252630,0.533893,0.001133,-0.742417,0.687020,-7.195215
-0.260061,0.552465,-0.007539,-0.932165,1.201083,-5.173226
-0.269961,0.567357,-0.016274,-0.936160,1.308455,-6.914564
-0.258151,0.579558,-0.010168,-1.040778,0.885542,-8.265520
-0.267381,0.556121,-0.021158,-0.418963,1.850694,-7.447934
-0.327509,0.516233,-0.026869,-0.626357,0.692354,-8.233678
-0.376926,0.493053,-0.007158,-0.417735,-1.693630,-8.819436
-0.374802,0.492800,0.007685,-0.223677,-3.220207,-7.640108
-0.341653,0.454310,0.005729,0.467082,-3.325196,-5.024571
-0.338400,0.388477,0.003677,0.240144,-3.663248,-4.336945
-0.348083,0.332817,0.000756,-0.104725,-4.145960,-3.025824
-0.355632,0.289000,-0.017849,0.032307,-3.047393,-0.945736
-0.338367,0.260639,-0.013638,-0.672147,-2.568820,0.813639
-0.303534,0.236595,-0.014567,-1.311831,-1.719532,1.656429
-0.304899,0.209318,-0.012065,-1.928562,-1.647912,1.194154
-0.331247,0.172936,-0.036733,-2.355522,0.545170,1.200206
-0.357592,0.116731,-0.040619,-2.804133,0.778092,2.474036
-0.334342,0.090100,-0.040078,-2.963784,1.155024,2.384469
-0.291329,0.077102,-0.012079,-2.813169,0.968040,1.240037
-0.264853,0.052887,-0.025340,-2.672126,1.008105,1.568137
-0.289770,0.001471,-0.012266,-2.169089,-0.753711,3.441196
-0.334907,-0.030822,0.004698,-1.849567,-7.184060,3.898295
-0.280766,-0.029564,-0.046895,-0.779128,-1.154647,3.948898
-0.262605,-0.032588,-0.029101,-0.625263,-4.674160,4.749390
-0.264039,-0.057206,-0.059126,-0.109527,-2.675696,4.440280
-0.295603,-0.096503,-0.049617,0.070633,-3.671828,1.130862
-0.325093,-0.110900,-0.058561,0.561600,-3.387910,0.694645
-0.320290,-0.125280,-0.060718,1.116881,-3.066549,3.281638
-0.296489,-0.122743,-0.062090,1.117698,-1.920158,2.257451
-0.288766,-0.117314,-0.062431,1.303645,-1.298352,-0.767375
-0.299913,-0.122096,-0.039326,1.094527,-1.226332,-1.051487
-0.329366,-0.121689,-0.042904,1.606249,0.010471,-0.515997
-0.320645,-0.114297,-0.036280,1.359591,1.261313,-1.222342
-0.311907,-0.122763,-0.026800,1.146849,0.136474,-3.033545
-0.311119,-0.135430,-0.032525,1.265513,1.382320,-2.473578
-0.331382,-0.182132,-0.030962,1.457503,0.963989,-0.924545
-0.372379,-0.230578,-0.030867,1.189130,-0.031564,0.616753
-0.399765,-0.226288,-0.035998,0.590939,-1.667574,1.776409
-0.383589,-0.200783,-0.040813,0.674191,-1.381989,2.807233
-0.383589,-0.204653,-0.031343,0.259268,-2.607920,2.218711
-0.406484,-0.236926,-0.026259,0.271203,-3.220420,-0.266663
-0.421537,-0.258977,-0.053595,0.255480,-1.713617,-2.680444
-0.439443,-0.277395,-0.025878,-0.070620,-3.332896,-1.876371
-0.417076,-0.292695,-0.028179,-0.116259,-3.330313,1.303614
-0.406842,-0.300441,-0.026190,0.163841,-1.731368,2.688203
-0.415849,-0.297510,-0.022943,0.315707,-1.357361,2.430446
-0.415314,-0.275685,-0.007976,-0.314571,-1.371196,3.775179
-0.393715,-0.266376,-0.012108,-0.019545,-0.414208,4.424255
-0.377021,-0.248661,-0.000656,0.436727,0.337625,3.455879
-0.378140,-0.226754,0.000979,0.322130,0.765001,2.996551
-0.408095,-0.201502,0.003428,-0.167498,-1.303223,5.491959
-0.399256,-0.182168,0.000089,-0.476063,0.247670,7.419066
-0.398530,-0.152285,-0.008163,-0.693879,-0.162967,7.230939
-0.403933,-0.099349,0.000322,-1.144870,-1.229569,6.602135
-0.406628,-0.046397,-0.007857,-1.219956,-0.381754,6.675726
-0.416787,-0.009312,-0.022408,-1.118496,-1.093092,5.999228
-0.420769,0.049053,-0.002776,-1.573914,-2.810165,3.839773
-0.423493,0.121257,-0.001358,-1.601956,-3.351747,3.895994
-0.435530,0.198381,0.010107,-1.369002,-3.412538,3.637987
-0.438895,0.238716,0.029392,-0.925580,-3.212844,1.645871
-0.433416,0.305005,0.022938,-1.473725,-2.664966,-0.880722
-0.429133,0.388953,0.028601,-1.946589,-4.371138,-1.924617
-0.421527,0.473085,0.004636,-2.084819,-1.321664,-1.256080
-0.418737,0.533118,0.004921,-2.194069,-0.759698,-2.152121
-0.414316,0.592113,-0.003475,-2.090820,-0.983846,-3.559635
-0.423904,0.626566,-0.037137,-1.743246,0.834228,-4.066861
-0.446093,0.648302,-0.017485,-1.474654,0.267239,-4.172175
-0.459387,0.668010,0.001301,-1.492468,0.023268,-5.252675
-0.461780,0.694437,0.006644,-0.407097,0.490980,-6.668250
-0.471608,0.715563,-0.008002,0.458810,-0.483622,-6.156919
-0.498455,0.728584,0.013495,-0.237201,-2.494047,-6.059808
-0.520247,0.732241,0.009054,-0.085762,-2.654036,-8.202542
-0.519833,0.775431,0.000874,-0.865145,-2.686913,-10.174303
-0.517749,0.783148,0.002653,-0.978953,-2.656386,-9.720191
-0.488709,0.779902,-0.001348,-1.038684,-2.120804,-9.174669
-0.472110,0.749231,-0.022024,-1.214012,-2.398567,-10.409926
-0.461842,0.686703,-0.036950,-1.195548,-1.241491,-11.670129
-0.463365,0.639554,-0.025645,-1.020525,-1.741932,-10.704290
-0.471621,0.582863,-0.038007,-0.408958,-1.092137,-9.038915
-0.459403,0.537621,-0.007674,-0.421710,-0.795693,-8.100229
-0.441317,0.469419,-0.010894,-0.405019,-1.905390,-6.101305
-0.418445,0.386770,-0.034455,0.043553,-0.506740,-2.677461
-0.415639,0.285097,-0.033007,-0.237995,-0.441679,-0.777659
-0.405109,0.214144,-0.019966,-0.509600,-0.461403,-0.432671
-0.382404,0.146545,-0.016293,-1.086922,-1.682880,0.528681
-0.356673,0.091528,-0.038010,-0.732205,0.385322,2.449694
-0.355101,0.005925,-0.034304,-0.980463,-0.773028,3.003032
-0.342703,-0.062760,-0.036520,-0.776919,-1.111444,3.478845
-0.362141,-0.127959,-0.025753,-0.261638,-1.449111,4.805210
-0.372445,-0.181036,-0.048264,-0.647774,-1.738225,7.349183
-0.359801,-0.235757,-0.024805,-0.872198,-2.766032,7.901845
-0.338193,-0.283405,-0.018932,-0.173498,-2.275757,6.788170
-0.310141,-0.335005,-0.020157,-0.028618,-1.116019,7.560785
-0.307489,-0.381714,-0.012292,-0.043438,-1.621397,10.337572
-0.311080,-0.406192,-0.018210,-0.415575,-2.247328,11.074601
-0.309862,-0.400181,-0.021955,-0.724564,-1.142994,9.689336
-0.294622,-0.393994,-0.020780,-0.690784,-0.488361,9.268399
-0.310088,-0.401622,0.000451,-0.895936,-2.651761,10.111885
-0.326008,-0.409211,-0.040173,-0.626688,0.715969,9.543996
-0.353164,-0.404022,-0.023623,-0.519772,-0.609677,6.913468
-0.347029,-0.385870,-0.017550,-0.115977,-0.406517,7.368510
-0.318583,-0.353403,-0.010388,0.263243,-0.576088,9.108879
-0.305339,-0.327479,0.013731,0.914896,-0.874255,7.329688
-0.325877,-0.283402,0.005656,0.867731,-1.722942,4.996720
-0.341406,-0.227289,0.007160,0.287524,-2.768248,4.956385
-0.347091,-0.187122,0.001406,0.195500,-1.972243,4.131074
-0.342719,-0.110726,-0.005855,-0.307494,-1.613588,1.273306
-0.359033,-0.034074,-0.010004,-0.045851,-1.814716,-1.943570
-0.375002,0.016278,-0.011356,0.350677,-1.292244,-2.092437
-0.359781,0.048315,-0.021975,0.401808,-0.898460,-2.416161
-0.343770,0.102229,-0.001365,0.450011,-1.507811,-4.532520
-0.339358,0.167920,0.017125,0.588625,-1.005047,-4.795995
-0.352242,0.209053,0.008187,0.514701,-0.756123,-3.704090
-0.364938,0.253907,0.025249,-0.091881,-2.792886,-4.198022
-0.351158,0.321191,0.009907,-0.456107,-0.841966,-5.221529
-0.379213,0.364758,0.015077,-0.427116,-0.853510,-5.843424
-0.405378,0.391372,0.013275,-0.409302,-1.289014,-5.759864
-0.424705,0.397281,-0.008842,-0.482540,-1.202696,-6.217932
-0.427055,0.423176,-0.007624,-0.608248,-0.921246,-6.405241
-0.392744,0.450952,-0.006902,-0.625579,-1.024249,-5.464796
-0.394940,0.459654,0.014434,-0.550903,-1.111710,-5.230348
-0.401170,0.454881,0.034246,-0.207675,-1.668175,-5.832518
-0.383464,0.467085,0.041583,-0.351922,-0.928258,-6.171873
-0.373830,0.472564,0.042952,-0.735760,-2.721972,-3.930998
-0.363615,0.449248,0.019600,-0.574310,-1.240926,-2.563596
-0.377175,0.414750,0.006303,-0.746254,-0.736951,-3.009197
-0.400690,0.383836,0.003296,-0.546544,-1.005086,-3.493278
-0.399502,0.354366,0.006881,-0.717789,-1.544151,-0.554401
-0.406812,0.330270,0.000283,-0.865522,-1.252018,1.905882
-0.416262,0.304355,0.017903,-0.982396,-1.714589,0.962480
-0.412343,0.304696,0.021780,-0.827226,-1.089675,0.299804
-0.398012,0.284595,0.023851,-0.907514,-0.582597,1.922223
-0.381961,0.258246,0.019837,-1.615375,-0.771577,3.490451
-0.387416,0.255177,0.017798,-2.221700,-2.008843,2.894166
-0.396893,0.255831,0.012802,-2.665699,-1.110170,1.299991
-0.406845,0.243659,0.004202,-2.895178,-1.322971,1.714031
-0.410850,0.221454,0.000782,-2.922258,-0.261076,1.094799
-0.410840,0.209358,-0.013132,-2.927526,-0.615490,-0.992507
-0.430603,0.197876,0.004521,-2.391038,-2.159005,-1.509209
-0.438872,0.190198,-0.000987,-1.576229,-1.891811,0.289564
-0.445378,0.162606,-0.006324,-0.899725,-1.717011,-0.284491
-0.440559,0.146463,0.010547,0.100487,-2.570964,-2.816571
-0.446576,0.131072,0.005377,0.080260,-4.697416,-2.854106
-0.459817,0.093192,-0.014780,1.212308,-2.065921,-1.876165
-0.486398,0.055687,-0.030509,1.357250,-2.039832,-1.972748
-0.480421,0.027891,-0.034737,1.684611,-1.193833,-3.372251
-0.469638,0.020394,-0.034905,1.914565,-0.994458,-2.841487
-0.448368,-0.012154,-0.054839,2.363209,-0.173957,-1.732702
-0.456718,-0.050575,-0.028041,2.288304,-0.464577,-1.904767
-0.464032,-0.079904,-0.015981,2.186049,-0.882208,-2.704402
-0.446369,-0.095121,-0.033172,2.252762,-0.136291,-2.027185
-0.419525,-0.116263,-0.017695,1.328706,-0.820600,-0.869928
-0.407938,-0.138692,-0.023984,0.752727,-1.351354,-1.274681
-0.430111,-0.167666,-0.027559,0.235379,-1.321113,-1.455435
-0.465335,-0.209202,-0.035121,-0.255264,-1.904822,-0.313239
-0.469992,-0.261715,-0.045254,-0.383709,-2.009942,0.187048
-0.435140,-0.290666,-0.018657,-0.059650,-2.086633,0.623095
-0.427308,-0.330994,-0.006518,0.124544,-2.461527,0.338928
-0.449284,-0.363651,0.012625,-0.143726,-3.244329,4.121243
-0.462942,-0.405010,0.014874,0.187281,-2.889606,6.796028
-0.458044,-0.411079,0.006733,-0.013827,-2.540404,6.097403
-0.459032,-0.395438,0.036321,-0.015564,-5.822130,4.683220
-0.451686,-0.392399,0.010219,-0.067423,-1.963706,6.696783
-0.487767,-0.407488,0.008427,-0.224871,-1.715658,7.221743
-0.495152,-0.386021,0.002105,-0.552587,-0.810375,5.473043
-0.477004,-0.366083,0.002292,-0.070361,0.211783,6.613901
-0.460647,-0.340438,0.011808,0.387743,-0.276342,8.396029
-0.478402,-0.324072,0.014158,0.975234,-0.069598,8.959863
-0.476478,-0.299614,0.020313,0.987356,-0.497454,7.219714
-0.487695,-0.253286,0.024110,0.851374,-1.314006,7.552126
-0.481842,-0.220202,0.008529,1.064716,-1.522697,8.696521
-0.485197,-0.175370,0.010291,0.353556,-2.158427,8.771708
-0.499974,-0.095233,0.016436,-0.125246,-2.788041,7.092737
-0.516400,-0.012282,-0.003039,-0.734716,-2.191471,6.511212
-0.512428,0.073800,-0.007395,-1.836306,-2.638122,6.059544
-0.505810,0.167037,0.008791,-2.200125,-2.508847,2.858640
-0.517391,0.259720,0.041852,-1.956936,-2.536068,-2.170665
-0.535156,0.344184,0.041491,-2.406692,-2.268224,-4.017238
-0.533042,0.417294,0.041412,-2.882452,-3.030561,-2.988158
-0.508246,0.497497,0.036393,-3.446982,-2.384804,-3.015912
-0.488581,0.573466,0.011040,-3.204298,-0.682754,-5.023321
-0.502138,0.624741,0.025863,-2.694582,-0.980353,-6.141576
-0.538934,0.659331,0.010288,-1.790605,-0.648066,-6.330902
-0.562347,0.687672,0.007078,-1.080187,-0.397333,-8.253525
-0.559882,0.755802,0.034440,-0.260250,-1.125930,-9.591435
-0.564346,0.800305,0.042663,0.569084,-1.439199,-9.157654
-0.573153,0.803673,0.059420,0.820958,-2.287099,-9.098282
-0.585200,0.810881,0.048391,0.623211,-2.997727,-10.246735
-0.582347,0.838720,0.026897,0.738077,-2.720115,-10.096344
-0.579318,0.849164,0.022512,0.717365,-2.427489,-8.702066
-0.584996,0.825846,0.025578,0.289548,-3.489256,-9.437768
-0.559268,0.812227,-0.020770,-0.046964,-0.632589,-11.391508
-0.578599,0.769739,0.000273,-0.296062,-2.548391,-11.041554
-0.581911,0.723792,0.004101,-0.674553,-2.151544,-7.717520
-0.582163,0.667944,0.006887,-1.162937,-1.724410,-7.334429
-0.575123,0.626152,-0.006278,-1.150369,-1.061955,-8.292507
-0.565413,0.579325,0.001662,-2.033492,-1.917233,-6.432440
-0.564589,0.494064,0.005102,-1.755584,-1.727318,-3.436597
-0.568945,0.416348,0.011312,-2.630269,-1.766264,-2.408933
-0.550590,0.345323,0.001143,-2.568792,-1.063852,-1.442415
-0.550865,0.265005,0.012271,-2.652465,-2.642636,1.120367
-0.529503,0.188780,-0.016671,-2.710833,-0.703273,4.200897
-0.531998,0.103621,-0.009968,-2.121819,-1.161229,4.202983
-0.523841,0.031125,-0.005215,-1.929846,-1.879649,4.104550
-0.522833,-0.046430,-0.017442,-0.131257,-1.563787,5.492130
-0.515681,-0.120393,0.006907,0.459162,-2.452294,6.626217
-0.493852,-0.196798,0.018773,0.747449,-2.359410,6.379723
-0.489201,-0.233368,0.013561,0.462783,-4.083390,6.344592
-0.491932,-0.282398,0.005292,0.974239,-2.476583,7.923931
-0.492690,-0.338823,-0.006630,0.971896,-2.087253,10.067765
-0.495835,-0.356857,-0.001338,0.444250,-2.141194,9.519017
-0.491535,-0.361678,-0.005002,0.232201,-2.019337,7.584826
-0.497329,-0.361895,0.006891,-0.220332,-1.692494,6.857776
-0.503719,-0.369563,0.004265,-0.479415,-1.567128,7.232607
-0.520056,-0.379351,-0.003754,-0.319002,-1.659660,6.782296
-0.529260,-0.367416,-0.004063,-0.078235,-0.985349,5.923327
-0.515812,-0.368250,-0.017682,0.105785,-0.988382,6.593923
-0.497227,-0.359033,0.025367,0.014116,-1.181931,6.953354
-0.486116,-0.338609,0.030449,-0.639683,-1.247918,5.684563
-0.492697,-0.311506,0.028926,-0.199895,-0.937698,4.508002
-0.505456,-0.251772,0.026753,-0.442258,-1.727794,4.035632
-0.534893,-0.225428,0.014151,-0.797545,-2.281751,2.533856
-0.547757,-0.168119,0.021159,-1.285257,-3.588628,-1.326628
-0.524107,-0.104161,0.026887,-0.783152,-2.829689,-2.465831
-0.529057,-0.063482,0.012202,0.095625,-2.378524,-2.597687
-0.535874,-0.030812,0.013032,-0.294125,-2.862881,-2.876879
-0.539134,-0.017239,0.026664,0.335614,-2.524885,-4.023150
-0.551302,0.028239,0.058671,1.159276,-2.561750,-2.862936
-0.568183,0.035198,0.053249,2.002318,-3.782535,-1.098474
-0.578293,0.071285,0.059968,2.107556,-2.916342,-0.822917
-0.599081,0.117935,0.054158,1.925913,-2.738460,-2.673715
-0.617285,0.166765,0.061284,1.281107,-2.426014,-2.323555
-0.621277,0.175371,0.050777,0.926555,-2.003778,-2.486256
-0.596540,0.211807,0.035753,0.291991,-1.384369,-3.338068
-0.588295,0.231889,0.005299,0.217840,0.533169,-4.622339
-0.592920,0.276832,0.050288,-0.738052,-0.282244,-1.350999
-0.597420,0.287171,0.036623,-0.923513,-0.815066,-0.432989
-0.588705,0.322047,0.067481,-1.002849,-0.728587,-1.418030
-0.578553,0.363488,0.083526,-2.219393,-3.835500,-2.345096
-0.568092,0.377865,0.042446,-2.459447,-1.495079,-1.331246
-0.583801,0.382129,0.030892,-2.580271,-2.370203,-0.363642
-0.594298,0.372817,0.029395,-2.891941,-2.729266,-1.398224
-0.606857,0.381121,0.036846,-2.810698,-3.258812,-2.268290
-0.597476,0.392525,0.047741,-1.845891,-3.827786,-0.580083
-0.614955,0.371560,0.043762,-1.495848,-3.556946,-0.282175
-0.622741,0.370706,0.043208,-0.988469,-3.518078,-1.408804
-0.601851,0.403357,0.057247,-1.504800,-3.455253,-1.004263
-0.595703,0.418938,0.046454,-1.393157,-3.036807,0.523575
-0.595913,0.407739,0.033922,-1.317796,-1.632826,0.842145
-0.616166,0.393496,0.036794,-1.520729,-0.955952,-0.396572
-0.609844,0.398718,0.034519,-1.038352,-0.976342,-0.359362
-0.600033,0.405063,0.034778,-0.707000,-0.395531,-0.259757
-0.583302,0.409268,0.019751,-0.890271,0.529627,-0.838329
-0.565692,0.429603,0.009786,-0.907232,0.235757,-2.485266
-0.555497,0.459450,0.026037,-0.830938,0.001168,-3.126117
-0.538875,0.455830,0.037644,-1.038349,-1.532282,-2.733451
-0.511686,0.439365,0.013288,-1.178722,-1.696765,-4.112239
-0.489192,0.447676,0.011765,-1.475849,-1.956193,-6.568380
-0.494319,0.433473,0.009031,-1.429871,-3.131837,-6.895133
-0.499036,0.387758,0.021461,-1.439952,-3.963213,-6.503932
-0.488660,0.353552,-0.000780,-1.049181,-2.743751,-6.806136
-0.481478,0.318676,-0.011337,-0.604072,-3.672954,-8.137286
-0.464238,0.294084,-0.001732,-0.064978,-3.036397,-6.462545
-0.443569,0.230917,0.007744,0.480987,-2.806075,-4.933447
-0.441895,0.180203,-0.002589,1.112354,-1.958910,-5.758264
-0.434887,0.120998,0.016528,1.604020,-0.752729,-4.953255
-0.404465,0.058776,0.023825,1.951171,-0.383363,-1.885572
-0.347075,-0.005626,0.017024,1.903596,0.783442,1.309297
-0.321774,-0.084227,0.020276,1.476111,1.464824,1.121155
-0.314408,-0.146386,0.010386,1.502482,1.221221,1.838454
-0.311877,-0.199148,0.007199,1.315718,1.523012,4.047205
-0.304663,-0.242867,-0.016070,0.996149,2.757241,4.499059
-0.270384,-0.292527,-0.026626,0.599168,0.863330,2.935067
-0.244568,-0.341107,-0.000600,0.439074,-0.702941,3.030321
-0.269682,-0.397103,0.012021,0.339498,-2.249728,4.555254
-0.322785,-0.475573,0.019672,0.348301,-3.338617,6.438501
-0.369310,-0.503798,0.024212,-0.005805,-5.438442,7.228233
-0.391966,-0.512080,0.021218,0.038728,-5.254915,7.742190
-0.441100,-0.517634,0.022807,-0.260867,-5.094925,9.049483
-0.473386,-0.518343,0.043529,-0.874328,-3.787566,8.745158
-0.493298,-0.504665,0.028243,-1.422426,-3.337009,8.182097
-0.484478,-0.471381,0.023949,-1.896351,-1.753771,8.903748
-0.453967,-0.456012,0.026438,-1.812419,-0.093523,11.230673
-0.476180,-0.437673,0.031164,-1.193345,1.101770,12.366442
-0.514217,-0.404219,0.043867,-0.716617,2.861882,11.051696
-0.529244,-0.351555,0.056541,-0.453073,2.046948,10.736735
-0.519501,-0.289563,0.071821,0.033693,2.260878,11.270407
-0.524179,-0.208720,0.070376,-0.074890,1.148124,9.098101
-0.551620,-0.120015,0.086815,-0.153971,-0.277005,5.684678
-0.584339,-0.016218,0.082807,-0.277808,-4.018230,5.576776
-0.567648,0.084477,0.040818,-0.421779,-2.412484,5.913878
-0.536685,0.195549,0.044914,-0.797677,-3.633860,1.434904
-0.499200,0.287063,0.033738,-0.774733,-4.045300,-4.254049
-0.495313,0.372892,0.045909,-0.480692,-4.756346,-5.175263
-0.498691,0.445520,0.059994,-0.471790,-5.025328,-4.377145
-0.489064,0.526143,0.078934,-0.631468,-4.833867,-5.871204
-0.454857,0.612139,0.067173,-0.452683,-4.142868,-8.103321
-0.436656,0.672428,0.060880,-0.534734,-3.212809,-7.932136
-0.443736,0.703138,0.048292,-0.638351,-2.182445,-7.606401
-0.452812,0.758723,0.058159,-1.144309,-0.808971,-10.002480
-0.467688,0.824901,0.064376,-1.531722,-0.498853,-10.656933
-0.464255,0.866085,0.030216,-1.594696,2.100796,-8.772712
-0.475320,0.875004,0.048893,-1.896703,0.910666,-8.784979
-0.495537,0.885501,0.044842,-1.550800,0.478749,-10.912774
-0.555609,0.872880,0.029086,-1.126978,0.199342,-11.426148
-0.617821,0.851662,0.070347,-0.695846,-2.915279,-9.952892
-0.656051,0.830031,0.068184,-0.819207,-2.993765,-10.428324
-0.670714,0.804392,0.052986,-0.627063,-2.814324,-11.595608
-0.691232,0.750146,0.046451,-0.220405,-3.282170,-10.292637
-0.746387,0.671765,0.056528,-0.419252,-4.470865,-7.401045
-0.768783,0.591933,0.043519,-0.411121,-4.609200,-6.600064
-0.788113,0.529035,0.014670,-0.474564,-2.591587,-6.975630
-0.794573,0.466235,0.039557,-0.344103,-3.611247,-5.154404
-0.805011,0.389948,0.050032,-0.608569,-3.811102,-2.741292
-0.831481,0.311113,0.052723,-0.209110,-2.850667,-1.313103
-0.835443,0.259894,0.052756,-1.042553,-1.929149,0.534642
-0.827575,0.193038,0.042111,-1.475372,-1.902036,4.087692
-0.812013,0.133212,0.017440,-2.060913,-0.769440,6.734268
-0.807325,0.071249,0.026214,-2.578724,-0.686736,6.375393
-0.831369,0.013317,0.011755,-2.716367,-0.794167,5.605999
-0.858531,-0.040554,0.024885,-2.034027,-1.066520,7.117297
-0.907505,-0.092843,0.024271,-2.259583,-2.632122,7.880500
-0.928303,-0.124795,0.046615,-2.171384,-3.859846,6.100571
-0.920133,-0.144204,0.046106,-1.117547,-4.607536,4.861172
-0.908805,-0.184617,0.036836,-0.811900,-4.621453,5.619429
-0.906892,-0.235360,0.037611,-0.413014,-6.635794,5.860774
-0.885027,-0.253102,0.009933,0.010151,-4.441238,5.155644
-0.859812,-0.258370,0.016374,0.130735,-4.445006,4.075637
-0.817957,-0.268181,0.027107,0.558617,-3.684928,5.915277
-0.787992,-0.283704,0.024780,1.144351,-3.070400,6.702738
-0.812298,-0.289294,0.015940,1.377454,-1.449023,5.032196
-0.828254,-0.276220,0.037414,1.285854,-3.135687,4.760820
-0.821381,-0.281823,0.040473,1.938176,-2.034735,5.183562
-0.792942,-0.284049,0.043657,2.650652,-1.858366,4.047652
-0.774297,-0.272399,0.056518,2.334901,-1.598820,2.969965
-0.794918,-0.242526,0.054916,1.424077,-3.440521,2.727776
-0.804125,-0.226767,0.033764,1.120380,-2.040889,3.601712
-0.787253,-0.223173,0.046392,0.260227,-3.012271,1.560307
-0.788940,-0.177186,0.060279,-0.273255,-4.209153,-1.853371
-0.797708,-0.134911,0.035691,-0.598919,-2.714367,-2.790242
-0.847358,-0.144164,0.043624,-0.822124,-4.324035,-2.745706
-0.880333,-0.130700,0.045479,-0.996967,-4.476777,-3.377836
-0.893092,-0.113168,0.040079,-0.415664,-4.500982,-5.020217
-0.895291,-0.099096,0.050751,-0.550030,-4.602031,-3.895815
-0.912442,-0.097225,0.072083,-0.025352,-4.474591,-2.782297
-0.917586,-0.102809,0.066388,0.020668,-3.649205,-1.765479
-0.921508,-0.090171,0.078871,0.616328,-2.839218,-0.523818
-0.914182,-0.064726,0.091466,0.589514,-4.219808,1.935356
-0.917727,-0.057846,0.071791,0.920046,-2.095470,2.692913
-0.938610,-0.054265,0.088033,0.444769,-2.180426,1.819561
-0.941196,-0.024181,0.083073,0.357127,-1.832569,1.979793
-0.948730,0.004888,0.086247,0.394035,-2.313890,3.354934
-0.938702,0.035047,0.060007,-0.272759,-1.987904,4.307288
-0.919729,0.075933,0.045282,-0.847019,-2.299211,3.075598
-0.927975,0.111190,0.059475,-1.116569,-3.076584,2.273127
-0.945388,0.164208,0.036452,-0.833242,-2.384794,3.242046
-0.952202,0.203837,0.050974,-1.323780,-3.707094,3.271447
-0.926649,0.266919,0.076462,-2.302304,-4.339571,0.690822
-0.902211,0.308570,0.084954,-2.367805,-4.814425,-0.857101
-0.913135,0.317107,0.077177,-1.938157,-4.366832,-0.062199
-0.921640,0.350188,0.091098,-2.588812,-4.939059,0.491246
-0.899024,0.410220,0.083847,-3.246343,-5.096321,0.418093
-0.864922,0.478961,0.066277,-3.255787,-4.020292,0.949257
-0.844991,0.520934,0.063326,-3.365407,-2.998255,1.647684
-0.836713,0.537211,0.060693,-2.799186,-2.939831,0.297778
-0.816168,0.569698,0.050636,-2.418591,-1.178422,-2.506561
-0.798955,0.598422,0.052405,-1.995140,-1.499310,-3.539554
-0.760570,0.626238,0.052467,-0.881127,0.139880,-2.494268
-0.750552,0.627974,0.065699,-0.081305,-0.844894,-3.348677
-0.750280,0.656196,0.070573,-0.303411,-1.506262,-4.951220
-0.749397,0.687150,0.059823,-0.117038,-2.374953,-5.478951
-0.748626,0.709539,0.045170,-0.163740,-2.059127,-5.501603
-0.717065,0.720903,0.049681,-0.107456,-3.822508,-7.657380
-0.698966,0.733455,0.058110,-0.786727,-4.886622,-10.514914
-0.686506,0.707255,0.032911,-0.524828,-3.122630,-11.334837
-0.690720,0.658517,0.034985,-0.839125,-3.733886,-10.283130
-0.657870,0.626773,0.043125,-0.801898,-3.376185,-9.740451
-0.597095,0.588473,0.033987,-0.648743,-1.544447,-10.705178
-0.565571,0.526698,0.047846,-0.141423,-1.819945,-9.186888
-0.563069,0.439788,0.046648,0.078054,-1.949244,-7.670240
-0.546706,0.366134,0.041973,0.266197,-1.586219,-6.808579
-0.505233,0.321581,0.048190,-0.447631,-0.798336,-4.727945
-0.466707,0.264503,0.046040,-0.399051,-1.086038,-1.880497
-0.462968,0.175874,0.046191,-0.843716,-0.464928,0.106942
-0.466707,0.076150,0.039961,-1.036126,-0.920048,-0.311039
-0.460332,0.012700,0.037142,-0.616316,-0.509143,0.075767
-0.437815,-0.057977,0.037227,-0.358211,-0.935567,1.369762
-0.410781,-0.126199,0.048676,-0.092488,-1.368790,3.109515
-0.385752,-0.172544,0.042249,0.044584,-2.054285,3.289922
-0.380749,-0.239211,0.039009,0.377298,-2.269596,4.647274
-0.374004,-0.316732,0.048223,0.229070,-2.391401,7.334660
-0.361268,-0.375084,0.035454,-0.353822,-1.818445,8.618285
-0.324981,-0.432993,0.031338,-0.129028,-2.152338,7.799853
-0.298324,-0.481425,0.039761,0.270701,-1.811453,8.470499
-0.314690,-0.526749,0.048180,0.542077,-1.431787,10.242451
-0.325000,-0.551495,0.053058,0.436934,-1.336363,10.965156
-0.309806,-0.535251,0.081829,0.940115,-1.491963,11.474788
-0.291851,-0.502761,0.077053,0.531908,-0.775765,13.939824
-0.290486,-0.494486,0.071440,-0.310490,-0.833792,14.923190
-0.304118,-0.478031,0.070764,-0.605670,-1.302603,13.201754
-0.306415,-0.446372,0.049424,-0.822692,0.512756,11.874453
-0.320257,-0.411476,0.069946,-0.669087,-0.397628,11.973490
-0.308145,-0.366136,0.072920,-1.271122,-0.273657,11.108311
-0.299939,-0.297454,0.075940,-0.880296,-0.386025,7.801539
-0.279168,-0.220182,0.083378,-0.929145,-0.706355,4.445720
-0.273926,-0.142956,0.100703,-0.655754,-0.836819,4.884634
-0.317628,-0.068218,0.146463,-2.190517,-11.146314,4.586246
-0.256788,0.032546,0.089024,-1.161381,-0.971720,1.123023
-0.227243,0.143115,0.092808,-1.452602,-2.024047,-0.864419
-0.196142,0.225635,0.071545,-1.644503,-1.150587,-1.050780
-0.214527,0.290234,0.058464,-0.796302,-1.226582,-3.367940
-0.241157,0.367992,0.073967,-1.254832,-1.556618,-6.881589
-0.252403,0.450492,0.079564,-0.500728,-1.057930,-7.359815
-0.268251,0.511726,0.090140,0.508950,-2.381515,-6.673885
-0.258656,0.565279,0.111732,0.750147,-2.058437,-7.331161
-0.255193,0.632697,0.115136,0.449048,-1.902925,-9.506548
-0.281157,0.678402,0.102101,0.526005,-1.881941,-8.461109
-0.283983,0.713028,0.083276,0.193409,-0.996798,-5.707025
-0.271720,0.751961,0.083069,-0.111073,-0.524301,-7.604186
-0.262264,0.797033,0.062633,-0.759036,0.430159,-11.855549
-0.255111,0.815854,0.055835,-1.061201,0.638768,-12.469158
-0.283734,0.819741,0.073987,-1.129601,0.045720,-10.274917
-0.329869,0.811482,0.095690,-1.395268,-0.083404,-9.874506
-0.350062,0.804674,0.100411,-1.502673,-0.883407,-10.528060
-0.345861,0.794400,0.096780,-1.781122,-1.555309,-9.398375
-0.362535,0.749969,0.073065,-1.888970,-2.089512,-6.787169
-0.405506,0.684445,0.084031,-2.584426,-2.265293,-6.293326
-0.431736,0.644416,0.076478,-2.078412,-2.993210,-6.321112
-0.433160,0.604334,0.048164,-2.545191,-1.555427,-4.098293
-0.414076,0.529809,0.052464,-1.439738,-1.429407,-0.497811
-0.394096,0.479174,0.062541,-1.511975,-2.256962,0.286456
-0.415110,0.422943,0.089933,-1.221092,-0.786653,0.301950
-0.463113,0.343738,0.082692,-0.624213,-1.490851,2.020914
-0.491719,0.271809,0.072569,-0.590174,-1.194309,3.438298
-0.488696,0.228892,0.092589,-1.053517,-1.671795,1.745600
-0.472303,0.202668,0.088055,-1.175666,-1.353015,0.555221
-0.492444,0.137650,0.073314,-0.667341,-1.166582,3.263848
-0.512855,0.058730,0.037276,-0.947202,0.975655,5.032347
-0.513242,-0.002146,0.047878,-1.186944,-0.211622,3.317254
-0.484783,-0.027972,0.057375,-0.529564,-1.239682,3.417179
-0.490419,-0.082737,0.051246,0.132169,-1.792825,5.510279
-0.501615,-0.151300,0.060217,0.312519,-1.377735,4.234566
-0.530494,-0.183206,0.082321,-0.334495,-3.721471,2.635418
-0.553064,-0.214651,0.059863,0.377557,-3.534458,4.247969
-0.595132,-0.244492,0.074913,0.398831,-4.320946,5.335910
-0.609581,-0.274132,0.062462,0.225154,-4.058220,3.516421
-0.630212,-0.276489,0.051778,-0.402094,-3.499020,0.968982
-0.638198,-0.287938,0.064809,-0.724954,-3.521961,2.140074
-0.647070,-0.311342,0.048430,-0.087534,-2.849738,3.706920
-0.645843,-0.325489,0.054755,0.276088,-1.422652,1.344503
-0.653047,-0.329120,0.076761,0.792175,-0.897252,-1.984100
-0.650717,-0.324180,0.061576,0.583908,-1.206132,0.048796
-0.668340,-0.338632,0.061740,1.422778,-1.697773,2.028248
-0.679862,-0.341350,0.078924,1.659707,-0.856907,0.932350
-0.697072,-0.338215,0.085364,1.321619,-1.397538,0.348095
-0.724903,-0.336085,0.081221,1.351601,-2.746410,2.094359
-0.747444,-0.347630,0.061248,1.416429,-2.129466,3.188950
-0.763364,-0.333095,0.063943,1.237179,-3.218914,1.680696
-0.758394,-0.292094,0.065633,1.053408,-3.321312,-0.060731
-0.759087,-0.268316,0.068331,1.157560,-3.832618,0.495229
-0.779595,-0.255613,0.069474,0.717693,-3.780174,0.692651
-0.822306,-0.240996,0.087796,0.870205,-4.463752,-0.168514
-0.827814,-0.215836,0.089936,1.229064,-4.101289,0.598759
-0.816227,-0.189744,0.098927,0.417728,-4.579080,1.750790
-0.813887,-0.192295,0.099124,0.049058,-4.702838,2.072833
-0.823800,-0.164499,0.091036,-0.331105,-2.974083,3.039275
-0.824345,-0.132965,0.064241,-0.638928,-2.673336,3.058375
-0.825077,-0.114498,0.088026,-0.751910,-2.431335,4.112675
-0.831126,-0.102763,0.099413,-0.435594,-2.546375,4.847892
-0.830069,-0.081125,0.089244,0.013200,-1.534481,4.201261
-0.842530,-0.037157,0.108873,-0.007164,-1.342787,5.132521
-0.873824,0.009480,0.097466,-1.244213,-4.203704,7.018108
-0.885891,0.066975,0.075054,-1.200366,-2.505354,6.738315
-0.888490,0.144257,0.079088,-2.062525,-3.053535,5.714449
-0.917970,0.210691,0.065932,-2.764241,-3.413700,3.401277
-0.956913,0.265698,0.079544,-2.339386,-4.333607,0.769269
-0.967134,0.318456,0.056787,-3.345371,-3.785174,-1.634248
-0.943442,0.370677,0.055566,-3.099145,-3.852178,-4.033603
-0.930831,0.427853,0.078743,-1.734656,-3.727337,-2.685266
-0.946064,0.447679,0.091121,-1.196182,-4.079366,-0.769780
-0.973489,0.485181,0.093544,-1.685429,-6.240247,-1.394684
-0.950315,0.558245,0.078641,-1.907535,-3.629908,-2.314838
-0.932679,0.623927,0.056055,-1.868619,-1.929959,-2.464931
-0.948868,0.663976,0.068653,-1.974681,-2.197987,-3.988604
-0.977234,0.709313,0.082383,-1.437109,-2.903045,-6.994514
-1.002854,0.756580,0.098628,-1.196641,-3.068575,-9.472556
-1.013715,0.793947,0.081665,-0.926743,-2.884424,-7.131672
-1.012041,0.812664,0.085200,-1.556656,-4.336610,-5.886765
-0.981246,0.832890,0.064816,-1.893477,-2.496604,-7.109549
-0.962178,0.857085,0.068417,-1.859861,-2.705298,-10.258704
-0.956414,0.858644,0.071647,-1.492271,-2.846810,-9.603851
-0.932636,0.834190,0.088229,-1.220111,-3.219948,-9.363960
-0.891625,0.833960,0.087202,-1.008387,-2.964850,-11.388469
-0.853171,0.826384,0.083729,-1.131994,-3.565566,-11.645697
-0.839287,0.770960,0.069283,-0.992569,-3.333632,-9.273402
-0.851734,0.698783,0.053675,-1.181453,-3.569905,-8.291903
-0.838824,0.638596,0.065292,-1.158168,-3.893471,-9.558113
-0.832814,0.590262,0.059787,-0.145959,-3.338739,-8.149211
-0.803478,0.486701,0.069730,1.158341,-2.237077,-5.061810
-0.801479,0.379021,0.081921,0.298959,-4.678929,-2.164400
-0.771412,0.291507,0.073327,0.594434,-2.347443,-1.859759
-0.742346,0.219878,0.080519,0.130370,-2.614177,1.406758
-0.710191,0.124910,0.067895,-0.279675,-2.376880,5.379603
-0.695102,0.042833,0.074768,-0.412998,-2.000558,5.873549
-0.693737,-0.045632,0.050422,-0.536444,-0.488910,3.228370
-0.706249,-0.121112,0.072576,-1.081460,-1.958211,3.032051
-0.705438,-0.186468,0.083096,-0.673335,-2.048639,5.739956
-0.699520,-0.240947,0.088656,-0.430592,-1.968469,6.690676
-0.693054,-0.275629,0.092076,-0.891495,-2.923281,6.792560
-0.698322,-0.330042,0.067045,-1.111517,-2.613215,8.640955
-0.689276,-0.405509,0.065223,-1.114074,-2.663065,10.289465
-0.654958,-0.467813,0.063319,-1.170522,-2.859959,9.150939
-0.633684,-0.481113,0.060581,-0.901146,-0.756605,9.353420
-0.655526,-0.518894,0.076045,-0.398361,-2.600272,11.350371
-0.659405,-0.546063,0.073307,-0.230924,-2.074409,13.864441
-0.651679,-0.552579,0.095136,0.247192,-3.179590,11.856977
-0.633326,-0.514430,0.107120,0.751316,-2.575759,10.935596
-0.670336,-0.498146,0.120719,0.628746,-3.433257,11.920478
-0.697606,-0.452687,0.110612,-0.165351,-2.304236,12.194108
-0.692128,-0.382368,0.094653,-0.676778,-2.439758,9.193889
-0.634482,-0.281817,0.093350,-1.263852,-0.779176,6.067270
-0.585472,-0.206137,0.088587,-1.203914,-1.102332,5.766506
-0.574059,-0.144066,0.088804,-0.969585,-0.052280,5.163508
-0.572871,-0.053828,0.093892,-1.396430,-0.160548,1.712752
-0.551945,0.047839,0.098382,-1.016583,-0.734282,-0.651561
-0.494719,0.127297,0.101225,-0.271013,-0.992672,-0.807703
-0.478655,0.183633,0.120302,-0.125506,-2.518284,-2.887450
-0.519840,0.250152,0.114125,-0.380607,-4.135114,-4.710439
-0.560063,0.309745,0.094131,0.081429,-3.415591,-3.501702
-0.557949,0.370263,0.104504,0.157138,-4.013487,-2.962187
-0.486109,0.442372,0.104701,0.437363,-3.282869,-4.959801
-0.440063,0.511661,0.090074,0.317291,-2.944111,-8.318914
-0.443484,0.547459,0.083532,0.189733,-2.051144,-8.131376
-0.444629,0.573206,0.062420,0.202252,-1.241527,-6.547393
-0.397579,0.606760,0.084724,0.049740,-0.455039,-7.558925
-0.341186,0.656557,0.108899,0.171236,-0.126457,-7.808748
-0.346750,0.659810,0.113094,0.034985,-1.134431,-6.837379
-0.412698,0.643989,0.108554,-0.204688,-0.368513,-5.414220
-0.473216,0.632274,0.104340,-0.738721,-0.880019,-7.243225
-0.463690,0.657368,0.105062,-1.412717,-1.488235,-7.008530
-0.447078,0.660404,0.095513,-1.770618,-1.406099,-5.521956
-0.443178,0.657388,0.071404,-2.500530,-1.178074,-4.493122
-0.474490,0.606274,0.054831,-2.648585,-2.027343,-5.555808
-0.491095,0.585115,0.079554,-3.287872,-2.518468,-5.324061
-0.490754,0.561229,0.084593,-2.691388,-2.262618,-2.794847
-0.487498,0.525362,0.077404,-2.300417,-1.190006,-2.696613
-0.481767,0.470075,0.103887,-1.761663,-1.784682,-4.457191
-0.484442,0.439122,0.089194,-1.652811,-2.032253,-3.060903
-0.500056,0.387296,0.091187,-1.646788,-2.108803,1.418008
-0.509424,0.346823,0.089529,-1.897894,-1.523932,3.061722
-0.486779,0.334107,0.076872,-1.735443,0.056996,1.451201
-0.456807,0.331514,0.076551,-1.849948,-0.373404,1.662885
-0.432310,0.299769,0.076967,-1.822175,0.379065,2.117835
-0.438281,0.241614,0.086299,-1.479374,-0.071975,0.169479
-0.432363,0.228212,0.085666,-1.076517,0.193010,-1.744695
-0.442240,0.198250,0.077995,-0.550115,-0.927601,-0.721158
-0.418842,0.161625,0.103847,-0.029544,-1.187120,1.653914
-0.413686,0.123542,0.100414,0.501696,-1.821333,0.207954
-0.407301,0.099449,0.106004,0.826926,-2.289143,-2.088627
-0.400861,0.075959,0.110527,0.703822,-2.893611,-0.447762
-0.390938,0.041619,0.084310,0.273783,-3.185810,0.983392
-0.349645,0.013554,0.066011,0.146943,-1.445041,-0.221269
-0.310729,-0.027135,0.067324,0.121501,-1.677773,-1.451834
-0.279381,-0.049013,0.073006,0.449236,0.415990,0.604391
-0.314106,-0.115820,0.074292,0.549938,-1.012035,1.284329
-0.324722,-0.129804,0.102935,0.398276,-1.397452,0.102316
-0.325851,-0.124397,0.103782,0.099453,-1.616447,-1.302932
-0.332849,-0.154868,0.106191,0.062995,-1.477921,-0.793602
-0.349090,-0.201558,0.082836,0.251893,-0.272049,0.756973
-0.382952,-0.246937,0.085397,0.421161,-1.013236,-0.716232
-0.404101,-0.287784,0.079249,0.496182,-0.917796,-1.774444
-0.389300,-0.337969,0.075425,0.882945,-0.008308,0.645426
-0.373774,-0.405647,0.107012,1.179185,-1.558325,3.015056
-0.389116,-0.442302,0.120788,1.512982,-1.854299,2.424634
-0.405273,-0.441547,0.119413,2.220262,-1.617231,2.654198
-0.413374,-0.450317,0.131462,1.899132,-2.829944,4.937630
-0.386976,-0.439613,0.117643,1.220337,-1.469571,5.541120
-0.395803,-0.432513,0.107773,0.660930,-3.183266,2.718629
-0.429559,-0.425279,0.090032,0.366161,-2.477847,2.658957
-0.479827,-0.449835,0.085256,0.180907,-1.855776,5.191867
-0.464737,-0.460559,0.085942,0.484089,-1.172441,6.388641
-0.410935,-0.421934,0.100063,0.439458,-1.134729,6.166522
-0.401993,-0.390991,0.127973,0.450326,-1.532475,6.859373
-0.427317,-0.375458,0.105420,0.091592,-1.650302,9.111776
-0.467636,-0.347731,0.088568,-0.318601,-1.898710,7.867468
-0.437523,-0.279542,0.107780,-0.924871,-1.196613,6.545304
-0.398731,-0.202362,0.114410,-1.355209,-1.606048,6.583534
-0.408650,-0.147824,0.104369,-1.878784,-1.585598,8.016220
-0.450810,-0.098381,0.066080,-2.009658,0.025169,7.172326
-0.506575,-0.010687,0.070678,-2.379572,-1.418257,4.745105
-0.507225,0.097496,0.091650,-2.391632,-2.624484,4.145189
-0.504596,0.179389,0.114758,-2.206233,-2.423185,2.212501
-0.501153,0.270605,0.113025,-1.604520,-2.397365,-2.406731
-0.532822,0.337248,0.112129,-1.086502,-3.028303,-4.018502
-0.553097,0.400777,0.099288,-0.479540,-2.303770,-0.681621
-0.545003,0.450082,0.079656,0.031060,-2.172019,0.851467
-0.516101,0.531224,0.105584,-0.272159,-2.540710,-1.293541
-0.508486,0.600388,0.089247,-0.119729,-1.928003,-3.659543
-0.551584,0.639436,0.079905,-0.255021,-0.853586,-3.552475
-0.594903,0.662732,0.066464,-0.444096,-1.332211,-4.941361
-0.604934,0.749549,0.075441,-0.592817,-1.176725,-8.271786
-0.592861,0.822849,0.080450,-0.521418,-0.942871,-9.588498
-0.599918,0.865708,0.093760,-0.540085,-1.322653,-7.836809
-0.629132,0.854502,0.087104,-0.953560,-1.623203,-7.657387
-0.668255,0.852345,0.082446,-1.329974,-1.792849,-10.243565
-0.667609,0.881244,0.107468,-1.451716,-2.174301,-10.847718
-0.643305,0.876602,0.114522,-1.742448,-2.196464,-9.229403
-0.624546,0.870133,0.111791,-2.604643,-2.713927,-9.880665
-0.619856,0.867444,0.071437,-2.820240,-2.033832,-10.669415
-0.652007,0.844169,0.068985,-2.904842,-2.769315,-10.190554
-0.650143,0.800909,0.076104,-2.618259,-3.010863,-7.856450
-0.641559,0.748564,0.049257,-2.739019,-1.599562,-8.425234
-0.643693,0.701313,0.054079,-1.927922,-2.332406,-10.243370
-0.658923,0.618888,0.078819,-1.452642,-2.893115,-9.067039
-0.666785,0.522082,0.088069,-0.479517,-2.428920,-5.324788
-0.659868,0.430535,0.084120,0.347749,-2.090960,-2.232382
-0.633058,0.364650,0.087107,0.767993,-2.556977,-1.494321
-0.618828,0.295975,0.087731,0.445333,-3.115635,0.675792
-0.625052,0.210927,0.072733,0.325488,-1.743763,2.680907
-0.650747,0.134636,0.066726,-0.090082,-1.346877,2.562188
-0.653757,0.079629,0.076931,-0.146336,-1.955378,2.879669
-0.650149,0.031345,0.081898,-0.121718,-1.636532,4.657935
-0.633901,-0.069407,0.074043,-0.197201,-1.488107,5.500065
-0.625209,-0.133546,0.072638,-0.536145,-2.806350,5.051550
-0.654203,-0.181771,0.093058,-0.390720,-2.839063,5.774002
-0.688534,-0.224935,0.087222,-0.698101,-2.629023,8.754526
-0.698237,-0.277028,0.087868,-1.178433,-3.705748,9.737407
-0.682143,-0.291227,0.104553,-1.702254,-3.940702,8.106032
-0.685481,-0.320152,0.095884,-1.772252,-4.075988,7.209056
-0.713270,-0.375609,0.083247,-1.583282,-3.337705,8.813857
-0.763610,-0.421898,0.085876,-0.871978,-2.864003,9.696702
-0.777258,-0.439318,0.078277,-0.731040,-1.952893,8.563456
-0.753332,-0.421540,0.098448,0.028894,-2.410022,8.864341
-0.740216,-0.415172,0.080345,0.376511,-2.056080,9.286263
-0.755857,-0.424005,0.095516,0.880752,-2.590281,7.312850
-0.777147,-0.411483,0.108594,0.557547,-2.180409,5.702019
-0.765799,-0.362276,0.118352,1.045793,-1.682030,6.893531
-0.746098,-0.306839,0.119094,1.119320,-2.160475,7.411247
-0.734944,-0.286625,0.159816,1.097688,-6.320076,3.986399
-0.694688,-0.243629,0.125357,0.976977,-1.920890,1.555113
-0.699563,-0.216201,0.108180,1.362709,-2.758867,1.618670
-0.711856,-0.177468,0.104235,1.004339,-2.212127,1.706222
-0.727372,-0.117632,0.115480,0.501558,-3.920118,-0.526402
-0.704191,-0.037905,0.106273,0.455036,-2.263763,-3.103068
-0.717807,0.005069,0.133074,0.703799,-4.187637,-2.929260
-0.746121,0.015090,0.116458,0.407828,-4.767240,-2.455509
-0.762353,0.044245,0.120017,0.329913,-4.716697,-3.383527
-0.720265,0.101418,0.122472,0.427624,-3.343023,-4.020977
-0.688636,0.159626,0.142800,0.005437,-3.936287,-2.509174
-0.685721,0.200551,0.118809,-0.354738,-2.842402,-1.224546
-0.703499,0.251774,0.108873,-0.892802,-2.372488,-2.762948
-0.712558,0.318016,0.099199,-1.420149,-1.213213,-2.871193
-0.708606,0.373890,0.102971,-2.349299,-0.279454,-1.367545
-0.703955,0.404745,0.102419,-2.269224,-0.637151,-1.475803
-0.707336,0.443626,0.094039,-2.645788,0.052683,-3.555626
-0.741516,0.477878,0.101517,-2.722341,-1.308308,-4.403198
-0.757206,0.482582,0.094200,-1.613182,-1.950192,-3.540557
-0.741470,0.501436,0.091791,-1.164805,-2.708173,-3.098622
-0.742504,0.526688,0.126247,-1.356154,-3.978158,-4.758496
-0.751147,0.547554,0.127094,-0.428029,-4.086489,-5.255238
-0.795903,0.532744,0.110156,0.224937,-4.210903,-4.202570
-0.818295,0.530115,0.120250,0.224359,-4.096861,-3.280129
-0.788987,0.526064,0.124097,-0.210659,-5.423485,-2.791223
-0.747365,0.547265,0.105987,-0.138964,-3.645447,-1.443696
-0.717272,0.533988,0.099925,-0.577294,-2.870155,0.225786
-0.707891,0.505395,0.093869,-0.567470,-1.876081,-0.602866
-0.691807,0.520011,0.061153,-0.937246,0.793237,-0.930191
-0.665669,0.524764,0.089286,-1.894077,-0.441905,-0.663755
-0.635529,0.513072,0.108925,-2.049612,-0.313237,0.124494
-0.631308,0.494920,0.103641,-1.864965,-0.337668,-1.827136
-0.634364,0.471106,0.116534,-2.160224,-0.580277,-3.572648
-0.640144,0.458968,0.126509,-2.627925,-3.076289,-3.439144
-0.610586,0.430489,0.104153,-2.522345,-2.603128,-2.890717
-0.586138,0.396119,0.095054,-2.278171,-2.179336,-4.970171
-0.569332,0.368280,0.095884,-2.026976,-3.698649,-6.822966
-0.576439,0.329597,0.073278,-1.496869,-4.222375,-4.829573
-0.577706,0.268964,0.071571,-1.224860,-4.003604,-3.805645
-0.549217,0.232719,0.081198,-0.937030,-3.841638,-5.590881
-0.511991,0.187310,0.087918,-0.106707,-3.141566,-4.758336
-0.506434,0.126063,0.095809,0.725509,-2.614902,-2.008560
-0.517102,0.040962,0.084990,1.364947,-1.788292,-1.525857
-0.525827,-0.016595,0.090974,2.317498,-0.517037,-2.796417
-0.515228,-0.049942,0.098034,2.493171,-0.474762,-2.373037
-0.503486,-0.099579,0.122147,2.461265,-1.353901,1.096111
-0.488712,-0.143767,0.128823,1.734905,-1.615856,2.012998
-0.492172,-0.191943,0.110327,1.317782,-0.145554,-0.524294
-0.501441,-0.220776,0.104254,0.944382,-0.275026,0.153648
-0.481448,-0.258528,0.106115,0.674828,-0.366320,2.859636
-0.479111,-0.309662,0.100844,0.650029,-1.302226,2.544047
-0.473662,-0.353525,0.098737,-0.042168,-0.849627,0.627178
-0.478281,-0.402213,0.117384,0.137867,-2.040282,1.763510
-0.467117,-0.439715,0.119954,0.276373,-2.800130,5.557574
-0.460998,-0.459472,0.123148,0.025352,-3.388868,6.791994
-0.426395,-0.462397,0.130044,-0.562907,-4.825398,5.865241
-0.410196,-0.462715,0.122908,-0.709307,-3.256898,7.562223
-0.408200,-0.508758,0.110934,-0.910146,-2.600295,9.569924
-0.387173,-0.519085,0.104395,-0.928035,-2.438858,10.030313
-0.348877,-0.501688,0.104668,-0.455351,-1.296957,8.494985
-0.305808,-0.471732,0.094154,0.683986,2.995215,10.272436
-0.331661,-0.477237,0.124776,0.394754,-0.262273,11.762889
-0.348713,-0.467852,0.141306,0.617740,0.166229,9.391898
-0.337789,-0.410954,0.127048,0.551090,-0.998387,7.607281
-0.324124,-0.337145,0.120739,0.282879,-0.571844,8.675422
-0.346704,-0.303330,0.106112,0.290629,-0.661782,9.490464
-0.375297,-0.246524,0.105564,-0.127715,-0.649368,6.932367
-0.404075,-0.168244,0.107422,0.162794,-1.758120,3.091114
-0.412071,-0.093067,0.121989,0.427854,-1.582723,2.861083
-0.387026,-0.029259,0.147921,0.082164,-3.502657,3.736900
-0.362506,0.063151,0.157998,-0.372046,-3.179222,1.077050
-0.379351,0.168117,0.137417,-1.157859,-3.362904,-1.179966
-0.403421,0.256756,0.118142,-1.384971,-2.487557,0.697509
-0.403116,0.318656,0.104435,-2.020631,-2.266101,0.731668
-0.377861,0.423002,0.103746,-2.401161,-1.811289,-3.474157
-0.372156,0.522519,0.112080,-2.054802,-1.317785,-6.448307
-0.421472,0.575465,0.113015,-1.984984,-1.459881,-5.660195
-0.433873,0.617848,0.117962,-1.693842,-1.290898,-5.831844
-0.420973,0.707918,0.107543,-1.857829,-0.866873,-9.589371
-0.394703,0.776110,0.093412,-1.568909,-0.685006,-10.540576
-0.386812,0.812306,0.101838,-2.003842,-1.282229,-8.409174
-0.390423,0.829109,0.075753,-1.898206,0.792580,-9.022866
-0.415363,0.839763,0.100125,-1.224788,-0.436683,-12.268197
-0.415816,0.867014,0.113324,-0.607115,-1.391571,-10.546433
-0.413177,0.853976,0.113166,0.377281,-1.470248,-8.486837
-0.414070,0.855227,0.110038,-0.143960,-2.408874,-9.218565
-0.445319,0.854567,0.115493,-0.436783,-3.310724,-10.389201
-0.474601,0.845202,0.085000,-0.589013,-1.119142,-8.685041
-0.477559,0.806355,0.089145,-1.100682,-2.543789,-6.290190
-0.437227,0.785771,0.099039,-1.277905,-2.180475,-7.289554
-0.392882,0.769634,0.101694,-0.756273,-1.567033,-9.183967
-0.400490,0.697319,0.109319,-0.907691,-1.152770,-6.999838
-0.427741,0.613101,0.094203,-1.321075,-0.708715,-3.716539
-0.411276,0.558442,0.099606,-1.525075,-0.345395,-2.984390
-0.375524,0.513788,0.094328,-1.861738,-0.518518,-1.948051
-0.356942,0.443301,0.080187,-1.700718,0.034731,0.596589
-0.389474,0.355840,0.061983,-1.874835,0.461195,1.309131
-0.430094,0.263183,0.074762,-2.124612,-0.758477,-0.477582
-0.416042,0.217643,0.075789,-2.114781,-0.012704,-0.401773
-0.372064,0.153819,0.098014,-1.357310,-1.019634,2.929113
-0.375544,0.054768,0.095287,-1.107555,-1.548021,5.204093
-0.391394,-0.022481,0.100726,-0.324549,-1.573847,4.875240
-0.405194,-0.089925,0.102672,-0.288731,-2.037104,5.759398
-0.390374,-0.148628,0.086536,-0.341625,-2.669936,7.892324
-0.365266,-0.194573,0.087133,-0.472426,-1.923243,7.754473
-0.381350,-0.224515,0.102022,-0.613453,-2.310528,5.365924
-0.402791,-0.257530,0.105653,-0.145358,-1.385603,6.177986
-0.436173,-0.295810,0.096265,0.592692,-1.669819,7.080253
-0.436485,-0.330827,0.123007,0.203864,-2.311628,5.952073
-0.415212,-0.320481,0.133504,0.598695,-2.029384,4.572772
-0.402656,-0.325168,0.119905,0.667302,-1.659755,4.746131
-0.432280,-0.357218,0.118658,0.774365,-1.354137,5.719056
-0.448555,-0.380723,0.113370,0.484588,-1.224192,5.060979
-0.443132,-0.358698,0.085416,0.048858,-0.631801,3.212680
-0.441146,-0.335202,0.093731,0.248262,-0.958741,3.777427
-0.441484,-0.328614,0.115910,-0.335549,-1.196784,4.299689
-0.456731,-0.329297,0.110987,0.075544,-1.494163,3.557185
-0.500040,-0.316256,0.122659,0.748562,-1.541637,1.783981
-0.510872,-0.308145,0.133688,1.039960,-1.873852,1.924509
-0.500276,-0.291828,0.149969,0.615475,-3.406639,2.258215
-0.465400,-0.260537,0.135943,0.817972,-2.708573,1.879983
-0.467728,-0.211172,0.127438,0.444808,-3.452699,1.765822
-0.474654,-0.171707,0.118622,0.604193,-1.844146,1.995730
-0.481612,-0.144614,0.112191,0.117917,-1.360988,1.726534
-0.484288,-0.102320,0.115378,0.115671,-2.077357,-1.129645
-0.501015,-0.061007,0.099068,0.285370,-1.810314,-2.007629
-0.535375,-0.038059,0.129759,0.125154,-2.199493,-0.609186
-0.561894,-0.044503,0.133350,0.251597,-2.153053,0.358050
-0.563568,-0.019113,0.123217,0.779617,-1.497928,0.885593
-0.531896,0.046083,0.148492,0.586498,-3.087403,1.450711
-0.522082,0.100607,0.143676,-0.008500,-2.497929,2.804519
-0.529457,0.130228,0.122475,-0.842482,-1.405517,1.819233
-0.561664,0.175394,0.116330,-1.880678,-1.641144,-0.561403
-0.555966,0.238979,0.117945,-2.064334,-1.517721,-0.674861
-0.544376,0.288675,0.114118,-2.092796,-1.214240,1.472536
-0.542006,0.317133,0.110694,-1.809692,-1.452808,1.610444
-0.571771,0.355082,0.105114,-2.308199,-2.185694,-1.186815
-0.603302,0.384686,0.106591,-2.040530,-2.851809,-2.673494
-0.628098,0.394832,0.094748,-1.478478,-2.702563,-3.094927
-0.612660,0.409291,0.095700,-0.738189,-2.584973,-4.323524
-0.601658,0.455186,0.128078,-1.241630,-4.755804,-4.209883
-0.615464,0.489478,0.120936,-1.059878,-3.303223,-0.717746
-0.644779,0.488841,0.103348,-0.942331,-2.250614,1.583791
-0.659593,0.487850,0.114499,-1.251829,-3.082601,0.124077
-0.637541,0.535478,0.105925,-1.669926,-2.516567,-2.410928
-0.632191,0.582410,0.089621,-2.000612,-1.369096,-2.795272
-0.643771,0.595698,0.079226,-1.850345,-0.345070,-2.038365
-0.691222,0.605115,0.094312,-2.299672,-1.282561,-4.814383
-0.714511,0.639115,0.102196,-1.982220,-1.362048,-6.643582
-0.722655,0.650597,0.112611,-1.924118,-1.521657,-5.862739
-0.731176,0.655235,0.110875,-2.083766,-3.539162,-5.672555
-0.741857,0.646241,0.098809,-1.612644,-2.608873,-8.470959
-0.750897,0.621452,0.092411,-1.121358,-2.662587,-10.041744
-0.759937,0.581344,0.106293,-0.851713,-3.244576,-9.149379
-0.729437,0.538153,0.096406,-0.325062,-3.362153,-7.601669
-0.697679,0.500891,0.072648,-0.398818,-2.440067,-7.982514
-0.667503,0.467538,0.095841,0.053666,-2.784204,-7.419995
-0.652037,0.414858,0.083434,0.616003,-2.499955,-4.373185
-0.642485,0.342526,0.069523,0.144274,-1.077326,-3.705976
-0.653484,0.265711,0.093596,0.677109,-1.791385,-5.257555
-0.646624,0.217200,0.100611,0.863821,-2.413325,-3.521259
-0.627970,0.147618,0.103316,1.920001,-1.123556,0.071916
-0.610287,0.050068,0.110435,1.394745,-2.151895,0.977684
-0.593639,0.000650,0.114781,0.613545,-3.165758,0.244161
-0.579111,-0.050641,0.101668,0.500009,-2.052453,0.499510
-0.548846,-0.121525,0.091873,-0.229644,-1.954469,2.300234
-0.512878,-0.187952,0.071988,-0.520908,-1.759656,2.552143
-0.495589,-0.238521,0.099226,-1.448456,-1.948656,1.842470
-0.497220,-0.297970,0.096531,-1.152393,-0.870700,3.649207
-0.524615,-0.389980,0.097745,-0.986180,-1.159055,5.949298
-0.519419,-0.436462,0.105374,-1.065927,-2.352796,6.475261
-0.501770,-0.454946,0.106972,-0.720369,-2.779070,6.682892
-0.511988,-0.478556,0.114354,0.079283,-2.998649,8.725491
-0.568505,-0.531344,0.146709,-0.642174,-7.400602,10.151147
-0.573629,-0.552634,0.107031,-0.570775,-2.488873,9.501322
-0.569115,-0.548111,0.102009,-0.308659,-2.853719,9.320975
-0.535799,-0.535152,0.114075,-0.181310,-2.331956,11.246940
-0.523772,-0.525068,0.113025,0.632728,-1.564752,12.030215
-0.532608,-0.525669,0.124858,1.972130,0.005882,10.245238
-0.556225,-0.501064,0.127425,1.519472,-0.595001,8.847772
-0.540447,-0.455313,0.134092,1.459902,-0.340235,9.287726
-0.535329,-0.403218,0.119928,0.908003,-1.909299,9.270953
-0.525160,-0.323225,0.125968,0.737470,-1.200926,6.157069
-0.535894,-0.249291,0.116084,0.162604,-0.975321,4.516036
-0.532552,-0.181115,0.122761,-0.432561,-0.718290,6.004283
-0.513688,-0.112131,0.118733,-0.698337,-2.024106,4.952429
-0.491177,-0.012735,0.122866,-1.261233,-3.503468,1.192768
-0.484189,0.080115,0.125731,-1.149239,-2.296424,-1.155792
-0.481566,0.147284,0.128866,-1.251395,-2.200183,-0.662350
-0.487806,0.217252,0.115257,-1.073198,-2.633212,-1.443043
-0.476748,0.296047,0.119268,-0.599027,-2.531522,-3.408916
-0.471844,0.366380,0.145039,-1.516337,-4.759142,-2.770035
-0.457273,0.413581,0.119711,-1.048705,-3.462976,-2.256219
-0.427104,0.472452,0.100306,-0.774598,-1.592045,-3.882734
-0.405693,0.543490,0.106332,-1.028662,-1.064620,-7.709569
-0.399693,0.615143,0.128344,-0.968705,-1.105043,-7.065742
-0.387613,0.656420,0.091495,-1.055017,0.249038,-5.686458
-0.378386,0.696688,0.110524,-0.930773,-0.088686,-7.432670
-0.361479,0.740237,0.096150,-0.473645,0.373298,-9.337548
-0.384154,0.782084,0.124395,-0.359088,-0.434080,-8.274935
-0.416985,0.777302,0.132162,-0.120674,-1.920191,-7.357060
-0.403408,0.789348,0.115162,-0.546154,-1.325397,-7.937924
-0.388608,0.808790,0.130383,-0.787219,-1.860178,-8.354787
-0.368933,0.816931,0.130110,-1.084956,-2.799264,-6.779728
-0.356043,0.785272,0.108804,-1.350584,-1.901734,-4.930619
-0.335958,0.760302,0.116767,-1.776152,-4.212130,-6.012142
-0.296043,0.767954,0.097466,-2.074772,-1.598981,-5.622575
-0.286957,0.729185,0.072723,-2.257364,-1.469417,-4.062504
-0.312239,0.675960,0.108357,-3.045382,-0.979963,-1.821704
-0.324876,0.640588,0.087941,-2.748039,-0.792641,-3.534467
-0.318994,0.624947,0.085837,-2.852007,-0.329045,-4.202762
-0.302349,0.602345,0.102347,-2.900994,0.044749,-1.880669
-0.273066,0.561672,0.115664,-3.300707,-0.910309,-1.149262
-0.259473,0.525394,0.109555,-2.430221,-0.261923,-3.500676
-0.259769,0.467902,0.113094,-1.912537,-0.035887,-4.041975
-0.249731,0.390722,0.116787,-1.517608,-0.737883,0.273907
-0.217773,0.321542,0.109162,-1.064651,-0.831980,2.158275
-0.216654,0.261220,0.093511,-0.642359,-1.146202,0.007576
-0.235955,0.190989,0.085269,-0.259265,-0.887115,0.352997
-0.251733,0.110097,0.072986,0.633732,-1.070702,4.183519
-0.227873,0.037666,0.071118,1.210913,-0.864673,3.753629
-0.191789,0.021143,0.072730,0.935329,-1.179466,1.905564
-0.175509,-0.021496,0.093022,0.951557,-0.395275,2.494109
-0.186147,-0.096316,0.103795,0.994958,-0.759836,4.007170
-0.172597,-0.148402,0.110747,0.536536,-0.849531,1.766020
-0.152472,-0.169272,0.105134,0.663770,-0.101300,0.785392
-0.172512,-0.196756,0.134472,0.090121,-3.389544,3.760099
-0.188185,-0.230430,0.125209,-0.648923,-1.928426,5.558606
-0.183321,-0.266166,0.116728,-1.083449,-1.508894,2.491289
-0.159320,-0.278019,0.100811,-1.176089,-0.008758,0.118529
-0.138525,-0.310046,0.095805,-1.218593,0.130339,1.440408
-0.123758,-0.346110,0.097427,-0.698842,0.458602,3.158673
-0.145461,-0.372527,0.109034,-0.075008,0.088517,1.893283
-0.161066,-0.392950,0.132667,0.414521,-1.398893,2.342446
-0.169840,-0.402171,0.129890,0.920785,-1.000543,5.061185
-0.158610,-0.418051,0.116908,1.030592,-0.911566,5.535934
-0.144631,-0.416715,0.123913,1.412550,-1.097621,3.395561
-0.153194,-0.394470,0.125554,1.058325,-2.887637,3.511939
-0.161637,-0.380628,0.100417,1.343635,0.214140,5.700154
-0.165031,-0.383343,0.121297,1.033284,-0.160951,5.356299
-0.147266,-0.367695,0.119954,0.963105,-0.054410,3.714232
-0.121187,-0.344577,0.108453,1.745986,0.226360,4.160746
-0.116969,-0.324849,0.129923,1.877743,0.523893,5.185701
-0.120780,-0.285398,0.144852,1.056927,-0.300951,5.270860
-0.125589,-0.237944,0.136688,0.620734,-0.003499,3.649987
-0.119428,-0.155469,0.136501,0.470464,0.191668,3.368196
-0.107355,-0.098112,0.128269,-0.299787,-0.460766,5.389505
-0.102018,-0.050122,0.109411,-1.060659,0.349399,4.469502
-0.123548,0.011217,0.115726,-2.030514,-1.222512,1.880290
-0.140242,0.067908,0.104560,-2.261680,-1.085010,2.357307
-0.180816,0.115385,0.101136,-2.158444,-1.578830,1.934340
-0.199290,0.155798,0.124215,-1.948693,-1.403154,1.117242
-0.218121,0.229860,0.149710,-1.429353,-2.199451,0.148905
-0.246990,0.300432,0.142344,-1.583627,-2.822563,0.614104
-0.257038,0.347571,0.121402,-1.514968,-1.406174,0.813501
-0.243376,0.397294,0.103368,-1.721614,-0.708653,-1.534897
-0.223787,0.459995,0.088847,-1.200797,0.562409,-3.673948
-0.238623,0.517146,0.079662,-1.051570,2.391814,-2.564980
-0.268205,0.541882,0.098339,-1.293355,1.322881,-1.865007
-0.290000,0.574125,0.099446,-0.934171,0.888913,-3.850112
-0.280977,0.645847,0.105676,-0.397853,0.775554,-5.396191
-0.281420,0.692467,0.109201,-0.752074,-0.024025,-5.178654
-0.303895,0.723066,0.127057,-0.887997,-1.550657,-5.897926
-0.329882,0.744392,0.109953,-0.834700,-1.501838,-8.707809
-0.350811,0.772831,0.112588,-0.735744,-1.986358,-8.987828
-0.348165,0.792903,0.096711,-0.999101,-2.375679,-6.965973
-0.336650,0.790392,0.082292,-1.375721,-3.422343,-7.073874
-0.328283,0.786358,0.091975,-2.169188,-2.338820,-8.781835
-0.331211,0.788170,0.082249,-2.412968,-2.428775,-9.026255
-0.355705,0.761431,0.089234,-2.443882,-2.299473,-7.952254
-0.365729,0.714676,0.069198,-2.488133,-1.208355,-8.507226
-0.355117,0.695976,0.066388,-2.214200,-0.535511,-10.840498
-0.345916,0.660976,0.086148,-1.811550,-0.489606,-9.957380
-0.345349,0.621704,0.103834,-1.706876,-0.545877,-5.959655
-0.370085,0.540805,0.105338,-1.356102,-0.937875,-5.441695
-0.367177,0.487991,0.103020,-0.795501,-0.332370,-6.301260
-0.358767,0.425441,0.099373,-0.021193,-0.127645,-4.750832
-0.351900,0.340590,0.106227,0.581298,-1.080868,-1.656598
-0.341249,0.249069,0.092316,0.615843,-1.082693,-0.091293
-0.368184,0.176560,0.072671,0.783710,-1.599129,0.132231
-0.379725,0.094029,0.072297,0.970054,-1.775445,2.916735
-0.358360,0.002416,0.076209,0.906250,-0.188652,5.822296
-0.344026,-0.057025,0.065607,0.106435,-1.656089,4.564679
-0.358206,-0.094580,0.079360,-0.065348,-1.729031,2.781068
-0.376692,-0.163252,0.070678,-0.282455,-1.567765,3.893126
-0.356532,-0.215357,0.089999,-0.517921,-1.510926,6.485085
-0.328444,-0.257392,0.091092,-0.582549,-1.209674,5.568100
-0.330308,-0.269442,0.124635,-1.067385,-2.630943,5.447858
-0.339794,-0.309734,0.113071,-1.195003,-1.555164,7.510300
-0.382351,-0.363152,0.102380,-1.524070,-2.164663,8.196951
-0.412304,-0.388155,0.108607,-1.565672,-2.272570,6.118884
-0.417263,-0.404882,0.103237,-0.921667,-1.700526,6.230244
-0.423270,-0.430216,0.092516,-0.634845,-0.431214,9.380578
-0.415054,-0.469421,0.086240,-0.496828,-0.448263,10.349903
-0.390715,-0.481261,0.087261,0.220805,-1.001685,8.888138
-0.366359,-0.459981,0.090668,1.296210,-0.716028,8.322968
-0.368404,-0.438058,0.125777,1.424678,-0.227755,8.891194
-0.392537,-0.433561,0.126966,1.272846,-1.719358,7.919043
-0.429865,-0.390636,0.108567,1.581470,-2.119717,5.954562
-0.444990,-0.329642,0.118372,1.572529,-1.478607,6.129846
-0.437549,-0.287206,0.121743,0.639480,-2.673763,6.517200
-0.423917,-0.240166,0.122465,0.473431,-3.075563,4.928673
-0.435986,-0.166728,0.094131,0.117716,-0.967007,1.754452
-0.474181,-0.090464,0.107143,-0.735396,-2.027986,0.894645
-0.457490,-0.025675,0.110750,-1.008265,-2.005061,2.041496
-0.411893,0.046450,0.130199,-0.736607,-1.428314,-0.683195
-0.404593,0.135099,0.153760,-1.285874,-3.713928,-3.297651
-0.425509,0.204730,0.140099,-1.718404,-2.691908,-2.764407
-0.461353,0.243984,0.116403,-1.642409,-2.408473,-1.561430
-0.463638,0.307371,0.115940,-2.204845,-0.674896,-2.750458
-0.444678,0.379930,0.112250,-2.064613,-1.448790,-4.261451
-0.423333,0.438223,0.109762,-1.248543,0.451522,-3.071321
-0.457083,0.462237,0.122117,-0.998657,-0.939766,-3.563221
-0.458859,0.505270,0.128807,-1.179280,-1.444667,-5.482146
-0.422016,0.576623,0.116258,-0.554025,-1.159492,-6.134954
-0.402168,0.607692,0.105594,0.378414,-1.046777,-4.632716
-0.381885,0.633876,0.122557,0.443186,-1.107397,-4.664720
-0.387108,0.634476,0.131738,-0.053526,-2.917238,-5.388521
-0.402946,0.667980,0.118717,-0.022795,-1.648031,-4.063132
-0.386596,0.692343,0.122091,-0.335057,-2.205911,-2.149375
-0.329905,0.709004,0.098805,-0.881297,-1.014323,-3.136709
-0.296614,0.728548,0.105315,-1.485804,-1.554288,-6.438051
-0.306078,0.736235,0.061885,-1.809088,-0.227917,-6.427314
-0.343271,0.717496,0.085128,-2.480859,-1.006869,-2.492790
-0.345093,0.689549,0.087077,-2.768463,-0.790829,-0.883866
-0.300002,0.712592,0.086923,-3.096923,-0.328898,-2.620466
-0.257757,0.705019,0.107054,-2.873852,-0.609871,-3.026434
-0.274487,0.671144,0.094161,-3.123380,-1.120110,-1.252909
-0.312491,0.644760,0.090567,-3.345945,-0.940662,-0.535267
-0.321662,0.645568,0.098057,-3.640298,-0.639984,-0.608945
-0.237396,0.678822,0.092342,-4.172827,0.491873,0.968813
-0.131212,0.690852,0.086631,-4.429701,-0.369390,3.287454
-0.088902,0.681957,0.077562,-4.547974,0.221574,0.493613
-0.130024,0.700778,0.053048,-4.221733,0.064850,-3.018065
-0.172876,0.718779,0.058514,-4.155772,-0.065279,-4.301257
-0.159743,0.713810,0.056334,-3.477814,0.775141,-4.664324
-0.138352,0.682613,0.037316,-1.857074,0.414233,-8.316978
-0.165481,0.634644,0.077197,-1.249547,-2.104723,-10.731409
-0.220268,0.570932,0.081047,0.310270,-2.563634,-7.352617
-0.240402,0.483123,0.072779,2.285011,-2.072240,-5.027692
-0.183738,0.416319,0.080969,3.402921,-1.512660,-4.955256
-0.131760,0.357041,0.104002,3.954528,-3.027183,-4.987482
-0.109827,0.262898,0.104530,4.434696,-0.287017,-3.007422
-0.136106,0.148744,0.084891,4.604123,0.687093,-0.437993
-0.136500,0.086903,0.107136,3.561335,0.772374,1.203893
-0.062383,0.092306,0.097542,2.196671,1.252401,3.605862
-0.012483,0.046854,0.079764,1.207545,1.887553,3.142350
-0.011354,-0.079353,0.067169,0.186224,1.758405,1.062175
-0.054606,-0.195203,0.071266,-0.954249,1.570308,-1.820016
-0.089650,-0.267512,0.079117,-0.628296,0.690477,-0.828522
-0.088583,-0.319401,0.119685,-1.848877,-1.726316,2.486381
-0.039021,-0.360520,0.111121,-2.219336,-1.810511,4.305149
-0.019084,-0.442758,0.109503,-1.910991,-2.171320,2.118984
-0.052217,-0.562131,0.098133,-1.310078,-2.160613,1.911088
-0.066915,-0.653839,0.119340,-1.925338,-3.538567,5.109629
-0.025429,-0.685777,0.092858,-1.110017,-1.721773,7.008156
0.032277,-0.689443,0.117991,-0.966705,-0.774662,7.147986
0.059399,-0.714252,0.143516,-0.200857,-1.821064,8.280652
0.025167,-0.777728,0.107707,0.800520,0.286485,11.114900
-0.005343,-0.822290,0.095802,1.266560,1.706051,11.759239
0.034817,-0.800347,0.102876,1.567360,2.050257,11.097602
0.086210,-0.735525,0.118313,2.287133,2.440463,12.446799
0.042741,-0.693796,0.129946,2.375312,2.040154,13.723348
-0.017639,-0.653241,0.124139,2.319908,1.881454,12.835473
-0.028842,-0.609046,0.127983,2.217745,1.188916,12.375770
0.035004,-0.565518,0.136425,2.577372,0.974448,12.908196
0.075940,-0.480063,0.150835,1.455405,-2.941606,11.760721
0.071078,-0.374605,0.133448,0.180428,-2.232416,7.248029
0.012237,-0.220970,0.124829,-0.874719,-1.228676,4.811881
-0.046650,-0.091402,0.121655,-1.585721,-1.801468,5.807948
-0.058608,0.026365,0.117483,-2.600618,-2.652585,5.666657
-0.034298,0.149824,0.131935,-3.671976,-3.121031,2.533637
-0.020574,0.242678,0.126844,-3.751845,-2.989799,-2.334713
-0.061982,0.315085,0.110964,-3.877365,-1.644400,-3.618765
-0.108777,0.403393,0.087954,-3.782733,-0.700965,-4.396229
-0.117922,0.553994,0.092149,-3.201679,1.164454,-6.063550
-0.104752,0.676849,0.094125,-2.022420,1.192818,-7.064481
-0.084776,0.709027,0.096967,-1.091012,1.669017,-5.359579
-0.077728,0.717588,0.110527,-0.554760,2.298353,-7.114706
-0.081628,0.749953,0.092057,1.131950,2.674320,-11.595862
-0.101939,0.825747,0.123552,1.696605,2.172369,-13.330186
-0.085629,0.898335,0.110557,2.030681,2.051428,-10.877125
-0.085570,0.932978,0.103056,1.965476,0.339065,-10.521650
-0.103538,0.937938,0.066552,1.457837,0.481832,-11.402572
-0.125770,0.922973,0.065909,1.474784,-1.360056,-12.446650
-0.114633,0.916031,0.066726,1.081955,-1.666931,-12.381191
-0.084940,0.923219,0.081491,0.360308,-2.526379,-14.725219
-0.076796,0.921716,0.095178,-0.181757,-2.268172,-16.192893
-0.099622,0.863623,0.099793,-0.651990,-2.321079,-14.145353
-0.098979,0.775851,0.103329,-1.771360,-3.841130,-11.431261
-0.055624,0.703119,0.072658,-2.504574,-1.285600,-11.310577
-0.025249,0.651893,0.075513,-3.341494,-0.548306,-12.220042
-0.030103,0.583172,0.069710,-3.312435,0.518165,-10.775656
-0.058079,0.481456,0.052300,-3.652417,1.290956,-7.081376
-0.060676,0.382175,0.047501,-3.985351,2.717661,-3.843039
-0.026108,0.295463,0.052743,-3.526640,2.049130,-1.988765
0.004297,0.179379,0.053501,-2.590160,1.821595,1.134875
0.002042,0.078457,0.063697,-1.629578,1.958532,3.553672
-0.015982,-0.003522,0.063306,-0.557320,1.568129,4.196673
-0.004841,-0.060771,0.075346,-0.432647,0.577384,5.905085
0.013160,-0.125221,0.080962,0.021938,-0.238995,8.380114
0.035011,-0.219851,0.058871,0.633516,-0.200774,8.494666
0.015237,-0.296450,0.065975,0.841429,-1.114903,7.195008
-0.040554,-0.341807,0.072165,0.809307,-2.549368,6.673547
-0.091271,-0.385348,0.066227,1.064579,-2.946822,7.728677
-0.085786,-0.432399,0.059564,1.055371,-2.494693,6.589362
-0.059031,-0.466152,0.067727,1.751238,-1.916915,5.130821
-0.051915,-0.494913,0.080565,2.139892,-1.097559,7.396716
-0.074678,-0.524973,0.071423,1.966067,-0.290765,10.787583
-0.099077,-0.527301,0.096347,0.772195,0.107109,10.682010
-0.100600,-0.513780,0.078083,0.500469,1.467204,8.469531
-0.108648,-0.506142,0.106263,-0.005933,-2.454456,9.181912
-0.088081,-0.507268,0.069053,-0.390286,1.923121,11.485180
-0.100794,-0.527107,0.071020,-0.822232,2.140990,10.482644
-0.117882,-0.510957,0.064146,-0.851131,1.614218,8.918791
-0.137120,-0.472796,0.063523,-0.816051,1.464122,8.788704
-0.129840,-0.438576,0.072661,-0.506245,0.363192,7.082709
-0.151511,-0.402840,0.076656,-0.426879,-0.457067,2.762201
-0.197429,-0.371529,0.103345,-0.212480,-2.308624,-0.615325
-0.221968,-0.324282,0.092359,0.394561,-3.294291,-0.217084
-0.223058,-0.280546,0.110882,0.811903,-3.929338,-0.593193
-0.160196,-0.206997,0.107858,1.451289,-2.264712,-2.441472
-0.132939,-0.130270,0.100470,1.188602,-2.651144,-3.667302
-0.136799,-0.081466,0.107734,1.093930,-2.089807,-2.597208
-0.145615,-0.068090,0.081471,1.480197,-0.592595,-1.326839
-0.135949,-0.000689,0.104730,0.889457,-0.637046,-1.317445
-0.114068,0.062265,0.099761,0.774033,0.669210,-1.059843
-0.089551,0.102344,0.102482,0.677152,1.535550,1.081823
-0.065921,0.134344,0.090186,0.523028,2.970524,1.734467
-0.066597,0.180088,0.092841,0.407368,3.029503,0.168750
-0.064674,0.254619,0.108164,-0.526840,2.160211,0.123901
-0.063315,0.328829,0.113117,-0.977440,0.742155,0.729684
-0.049131,0.389472,0.123726,-1.341715,0.265739,-1.307552
-0.065324,0.442946,0.128160,-2.000615,-0.907339,-4.760271
-0.084963,0.506330,0.111170,-2.369279,-1.888069,-4.339047
-0.114636,0.559906,0.091079,-2.558088,-2.521130,-1.471434
-0.120219,0.603155,0.120007,-3.568570,-3.266654,0.020752
-0.111836,0.647110,0.104688,-3.354578,-3.618019,-0.681913
-0.098614,0.670275,0.095792,-3.163320,-2.931641,-0.107355
-0.131944,0.700969,0.100220,-3.729922,-2.206039,-0.221034
-0.139116,0.728715,0.096170,-3.841764,-1.554360,-1.619179
-0.117817,0.790720,0.078697,-3.196233,0.353321,-1.936329
-0.113366,0.838516,0.084724,-2.934570,1.239461,0.775982
-0.125560,0.842931,0.043398,-2.411442,3.362197,3.448718
-0.151465,0.833737,0.049198,-2.035803,3.453036,1.869910
-0.150812,0.848255,0.067875,-1.837028,2.556152,-0.645209
-0.146466,0.872985,0.066011,-1.609099,2.742489,-1.820283
-0.148573,0.903899,0.059718,-2.020490,2.688431,-2.705226
-0.140413,0.931675,0.066664,-1.864115,1.253333,-5.257089
-0.147605,0.949597,0.071085,-0.920030,0.616467,-6.561018
-0.140459,0.939248,0.075270,-1.252216,-0.198096,-6.064024
-0.139323,0.911186,0.084494,-1.723640,-2.010550,-6.778942
-0.136307,0.902172,0.079436,-1.326632,-2.519617,-10.548842
-0.128101,0.880938,0.079863,-1.399883,-3.079693,-10.928744
-0.106180,0.839343,0.084120,-1.268615,-3.092967,-8.415531
-0.081460,0.778825,0.059052,-1.513416,-2.251323,-7.528589
-0.037085,0.719501,0.057562,-0.971292,-1.366444,-9.389750
-0.001372,0.679259,0.066812,-1.284568,-1.844015,-8.649930
0.005928,0.594165,0.048039,-0.926939,-0.361010,-6.066591
-0.004783,0.511821,0.056879,-1.449005,1.118411,-6.144719
-0.009230,0.438193,0.066766,-1.131314,1.432012,-7.279611
0.004356,0.357589,0.052723,-0.881100,1.469265,-5.064722
0.014187,0.253881,0.038373,-0.238077,3.115148,-1.596473
0.017308,0.154301,0.053721,-0.344300,2.062083,-1.729345
0.016117,0.095303,0.063749,-0.058600,1.131600,-2.622532
0.006329,0.029382,0.081162,0.168768,0.546279,-1.607388
-0.014144,-0.054314,0.074164,0.338093,-0.047271,0.602187
0.009493,-0.131891,0.071151,0.243007,-1.130515,0.909976
0.022656,-0.194806,0.083027,0.763178,-1.411866,-0.276651
0.022363,-0.296637,0.073071,1.010159,-2.413790,1.748031
0.016967,-0.414299,0.059935,1.883544,-1.713873,5.980944
0.003165,-0.501829,0.073442,1.163954,-2.052036,7.106060
0.017965,-0.526024,0.070307,0.933376,-2.156641,7.752320
0.060000,-0.554515,0.074778,0.703376,-0.425686,9.856227
0.062921,-0.607816,0.099849,0.727505,-0.213020,11.851770
0.047868,-0.660019,0.081015,0.425327,-0.408910,10.374272
0.021691,-0.685639,0.075884,0.226201,2.168602,10.458339
-0.005567,-0.707251,0.057690,0.284731,2.015210,13.331218
0.019212,-0.731163,0.086795,0.345515,1.631943,15.582450
0.052565,-0.752929,0.078451,1.245100,2.348509,14.012962
0.061356,-0.754232,0.082817,1.436489,2.552224,13.389561
0.031912,-0.776697,0.108206,1.031705,0.898430,15.070075
0.003119,-0.743354,0.104560,0.801596,0.417976,15.290125
0.025400,-0.664503,0.110750,0.348249,0.186725,12.196075
0.055277,-0.546135,0.143082,-0.570066,-2.505278,10.320879
0.046138,-0.465945,0.124166,-0.826168,-2.608869,9.164498
0.026667,-0.398780,0.111994,-1.270036,-1.634297,7.988940
0.007291,-0.290233,0.102938,-1.780287,-1.783244,4.342395
0.024323,-0.150769,0.108226,-2.004396,-2.642567,0.586758
0.043886,-0.035529,0.095326,-2.115667,-1.194227,0.092550
0.053307,0.045771,0.084606,-1.553399,-0.973142,-1.635701
0.014105,0.145166,0.097266,-1.814212,-0.133215,-5.894730
-0.010944,0.233093,0.082951,-1.428880,0.517673,-4.763058
0.005301,0.295039,0.082705,-0.269493,1.338634,-3.350779
0.071469,0.389436,0.081159,0.373106,2.090069,-5.870997
0.109801,0.473364,0.108860,1.279312,2.185650,-9.902452
0.078056,0.531444,0.112273,1.515782,2.067082,-10.242310
0.027451,0.548838,0.126394,2.538580,1.743148,-9.805317
0.020985,0.616902,0.110914,2.147878,1.006933,-10.586161
0.053940,0.708518,0.111167,2.098674,0.567096,-11.883594
0.081454,0.771426,0.118421,2.195374,-0.091965,-10.812266
0.063417,0.772309,0.088925,1.128503,-0.469813,-10.175493
0.039918,0.793845,0.088686,-0.355011,-2.527239,-11.521746
0.081844,0.826072,0.078986,-0.976478,-0.714161,-12.385647
0.130546,0.830550,0.068305,-1.385565,-0.722557,-10.005636
0.151435,0.794912,0.078205,-2.013138,0.016323,-9.517185
0.120570,0.740903,0.069917,-2.881786,-0.130632,-10.850919
0.082901,0.709651,0.067662,-3.007516,0.580889,-11.279061
0.066985,0.682374,0.075924,-3.188746,-0.205573,-7.927320
0.094554,0.625240,0.078504,-3.243438,0.212777,-6.217657
0.122392,0.576216,0.084025,-2.222134,1.949794,-6.500186
0.121106,0.490482,0.084432,-1.859063,1.206167,-5.695373
0.120787,0.391379,0.075582,-1.577299,1.813931,0.052992
0.138677,0.306840,0.058205,-0.902068,2.686301,3.152860
0.171294,0.239070,0.072595,-0.379698,1.918972,2.191921
0.204191,0.198188,0.059508,-0.238694,1.709067,3.430714
0.184119,0.118624,0.047320,0.053269,1.709677,6.251374
0.159139,0.034085,0.039620,0.715895,0.803078,5.915873
0.173132,0.010878,0.037670,0.279580,0.133467,4.153513
0.192082,-0.026312,0.026602,0.066048,-0.316007,4.325116
0.216421,-0.101109,0.041245,-0.115300,-0.698447,4.769104
0.200275,-0.187063,0.035303,0.809195,0.493705,2.797301
0.152686,-0.246741,0.030964,0.520491,0.274966,1.233465
0.118427,-0.282529,0.039745,-0.157591,-1.136108,2.430997
0.143597,-0.306435,0.064340,-0.064173,-1.528681,5.850373
0.186462,-0.325549,0.055402,-0.151115,0.254881,5.561050
0.196004,-0.328808,0.061878,-0.458108,1.270458,3.910656
0.185274,-0.344974,0.050718,-0.997997,0.658759,4.823815
0.202622,-0.349113,0.035487,-1.473727,2.417200,6.353385
0.248143,-0.335580,0.058661,-1.836778,2.572959,5.033590
0.259815,-0.322746,0.061724,-1.118948,2.846195,3.672034
0.209256,-0.335675,0.049694,-0.557711,2.621381,4.835073
0.161870,-0.361754,0.037066,-1.016566,1.514710,5.019018
0.168028,-0.339683,0.036423,-0.237226,0.534798,2.958447
0.211363,-0.285221,0.053048,0.299193,0.434608,-0.034523
0.228556,-0.258456,0.051936,1.054698,0.387052,-0.009767
0.204148,-0.266846,0.041238,1.713828,-1.092294,-0.162358
0.195778,-0.247082,0.069717,2.105433,-1.419917,-1.929456
0.216405,-0.191093,0.077798,2.282691,-1.052458,-2.487534
0.237964,-0.157192,0.083450,2.553289,-0.947443,-1.391485
0.243649,-0.149590,0.093455,2.206952,-0.648265,-0.772217
0.223856,-0.134606,0.074279,2.235693,-0.495350,-1.217762
0.205425,-0.125848,0.063785,2.371744,0.642090,-0.487771
0.214206,-0.132272,0.068870,2.217164,1.691141,2.394666
0.251940,-0.132315,0.065692,1.675463,3.568991,4.026170
0.281499,-0.082015,0.066710,0.551770,3.739635,4.142759
0.302956,-0.045649,0.073301,0.073528,3.347663,6.371611
0.304446,-0.037433,0.071633,-0.473441,3.444416,8.013283
0.293007,-0.026381,0.073173,-0.720329,3.217741,5.051837
0.287000,0.007888,0.069667,-1.455352,2.293341,2.380548
0.279969,0.053862,0.083247,-1.604575,1.401752,3.595910
0.233060,0.111869,0.086198,-3.289881,-1.369181,5.254055
0.208464,0.173569,0.089631,-3.636772,-1.079926,5.291487
0.203698,0.245655,0.091016,-3.562852,-1.373336,3.302151
0.182815,0.297622,0.106568,-3.913163,-3.203174,1.724508
0.176720,0.338276,0.092464,-4.370400,-3.294167,1.075264
0.170053,0.381748,0.084691,-3.876361,-1.325269,-0.916967
0.152308,0.444203,0.076068,-3.236433,-0.125291,-1.258910
0.154455,0.494004,0.055126,-2.775963,2.425327,1.119945
0.121417,0.524176,0.036170,-2.145423,2.414190,2.748142
0.103023,0.561045,0.056945,-1.333995,2.671852,2.367874
0.102074,0.635704,0.051689,-0.845105,2.766793,1.432640
0.129052,0.710370,0.059249,-0.428784,3.985431,1.400065
0.148392,0.741487,0.067117,-0.383965,4.641853,-1.428012
0.157961,0.802340,0.059203,-0.531668,3.928224,-5.467631
0.139940,0.871534,0.075156,-0.611117,2.304330,-6.511586
0.106338,0.920672,0.068367,-0.463413,1.876310,-6.007224
0.089755,0.952134,0.068597,-1.051915,0.561007,-7.370680
0.082950,0.994563,0.071371,-1.811980,-2.147296,-11.130159
0.072191,1.021496,0.073038,-1.713093,-1.852970,-13.684077
0.076819,1.001433,0.065019,-2.122351,-1.541033,-13.394139
0.123104,0.990795,0.061977,-2.700533,-1.650647,-12.494586
0.186364,0.974908,0.047527,-2.535656,-1.214812,-12.715198
0.251277,0.953566,0.028506,-2.198044,0.060127,-11.808396
0.269035,0.868951,0.028102,-2.175999,0.876138,-9.485659
0.237599,0.781343,0.021376,-1.523257,0.793266,-9.659382
0.233604,0.721523,0.053833,-0.521883,1.873992,-9.418119
0.238380,0.637092,0.060542,-0.110696,2.356330,-7.547269
0.255797,0.548814,0.053994,0.277315,1.982086,-3.299319
0.244693,0.433808,0.042233,0.688342,2.614534,-2.489843
0.234796,0.344227,0.058228,0.565556,2.444710,-2.506795
0.224772,0.261358,0.059173,0.471668,0.887032,-0.017120
0.224765,0.159576,0.059242,0.115353,0.187368,1.031712
0.230716,0.075395,0.033629,0.400945,0.620597,-1.129280
0.183823,-0.024424,0.045814,0.138402,-0.770005,-1.682072
0.108091,-0.145756,-0.003646,0.417406,-1.076532,1.324563
0.067737,-0.255945,0.017463,-0.166825,-0.733366,5.477394
0.090884,-0.341570,0.042072,-0.224415,-1.369663,6.156286
0.100742,-0.392461,0.048243,-0.393543,-0.941338,6.205097
0.086932,-0.459945,0.051279,0.064302,0.052716,8.415045
0.070734,-0.541313,0.060844,-0.770800,-0.242073,10.174689
0.090596,-0.556025,0.058484,-1.574508,0.365755,10.390024
0.125882,-0.568170,0.051919,-1.565993,1.423075,11.730343
0.126650,-0.607533,0.047567,-1.595391,1.686773,13.581626
0.083190,-0.652312,0.032228,-1.027325,1.947133,13.966659
0.040378,-0.665541,0.013511,-1.004539,3.280636,11.930792
0.041087,-0.653937,0.031945,-0.914104,1.967917,11.934691
0.066158,-0.641424,0.040247,-0.084806,1.031785,12.347780
0.080384,-0.632056,0.047531,0.446788,1.233455,10.931227
0.094334,-0.603056,0.079058,0.581368,-0.080499,8.048215
0.119432,-0.533508,0.084136,1.071754,-0.110070,8.766993
0.164322,-0.462033,0.075231,1.356483,0.069634,9.596305
0.198601,-0.383687,0.075123,1.507284,-0.413561,6.645877
0.191550,-0.291749,0.087232,0.954833,-2.296903,2.065866
0.146151,-0.228927,0.055517,1.397303,-1.047331,1.112966
0.101782,-0.177616,0.070130,0.814933,-1.849969,1.802549
0.108514,-0.084824,0.074387,0.583251,-1.462474,0.179733
0.110113,-0.002366,0.063043,0.518059,-1.058682,-3.693526
0.102586,0.068177,0.065590,0.536582,-0.080174,-4.133709
0.093687,0.096714,0.067471,0.155862,1.453571,-3.482592
0.105754,0.135572,0.074909,0.598994,1.728262,-5.572373
0.149873,0.227319,0.074197,0.995112,3.409425,-6.890138
0.158844,0.277120,0.081697,0.416861,2.750981,-5.163648
0.156553,0.301965,0.042925,1.306261,8.494010,-4.882866
0.085064,0.314645,0.073928,0.718419,2.072941,-8.296698
0.065754,0.353847,0.086326,0.559588,0.963999,-8.845841
0.058165,0.386042,0.093511,0.261310,-0.607281,-6.522685
0.047185,0.415495,0.081615,-0.246723,-0.378259,-5.740829
0.025958,0.423603,0.088101,-1.077974,-1.938950,-8.075743
0.042642,0.449366,0.086234,-1.000519,-0.375554,-8.156350
0.065137,0.448460,0.067058,-1.220110,-1.770604,-5.344179
0.099579,0.430739,0.053301,-1.387242,-0.704274,-4.382926
0.120571,0.432984,0.070015,-1.806859,-0.338610,-5.899268
0.119917,0.418876,0.042216,-1.144877,0.994342,-5.628256
0.099868,0.385786,0.036820,-1.621175,1.506396,-1.900312
0.102576,0.372515,0.051355,-2.018767,1.008289,-0.760816
0.127070,0.381147,0.068042,-2.020392,1.504833,-2.303585
0.131708,0.386911,0.053442,-1.184276,1.835023,-2.665018
0.117019,0.365152,0.065206,-1.378242,1.917048,0.131105
0.139481,0.350332,0.067806,-2.132572,0.801994,1.435373
0.205510,0.363055,0.054191,-2.250435,2.131749,-0.177853
0.247650,0.347453,0.045243,-1.745471,1.582765,-0.042100
0.290450,0.305116,0.030935,-1.806038,1.560503,1.093349
0.280960,0.256241,0.025702,-1.091288,1.484413,-0.192280
0.257048,0.238585,0.016525,-0.519014,0.617236,-0.754683
0.241154,0.207953,0.028364,0.397321,-0.037410,1.826873
0.238016,0.167470,0.006500,0.822794,-0.873720,2.121193
0.238440,0.127779,0.018113,1.324009,-1.106130,0.135253
0.232252,0.114062,0.050987,1.001529,-1.656270,-1.439927
0.197094,0.085987,0.049277,0.746996,-1.506249,-0.196356
0.212479,0.056839,0.047806,0.576985,0.031646,1.624735
0.257340,0.039613,0.043713,0.220595,0.067490,0.681961
0.297307,0.052693,0.022486,-0.169786,1.942182,-0.900529
0.288500,0.011381,0.026365,-0.681301,3.013757,0.371984
0.267522,-0.034787,0.032819,-1.314647,3.154337,1.233671
0.266272,-0.050336,0.029651,-1.077275,2.931834,-1.114172
0.284968,-0.055453,0.024002,-0.799928,3.968510,-1.395342
0.269291,-0.100400,0.030055,-0.535062,2.809908,-0.297471
0.252850,-0.147233,0.037709,-0.233728,1.937974,-0.790835
0.246810,-0.175039,0.028082,1.008935,1.510916,-3.395436
0.274891,-0.181873,0.032093,0.538371,0.179713,-2.240440
0.293004,-0.209377,0.063486,0.512220,-1.793029,0.136647
0.331658,-0.230538,0.038261,0.755635,-0.269410,-0.293611
0.375790,-0.253959,0.026375,1.083709,-0.007809,-1.462706
0.380251,-0.272199,0.048187,1.106164,-1.275228,0.670745
0.391145,-0.315600,0.025194,1.583391,1.118461,3.633721
0.381334,-0.349721,0.041087,1.034183,0.175476,3.050366
0.404127,-0.337398,0.068413,1.117252,0.072952,1.626248
0.419952,-0.326382,0.063267,1.687037,1.215457,2.628882
0.419105,-0.353886,0.055700,1.253683,2.160464,5.159045
0.413259,-0.364160,0.059715,1.186278,2.378468,5.858234
0.431611,-0.340861,0.047481,0.972398,3.237347,5.735395
0.456157,-0.307128,0.063142,0.677678,3.932843,7.725275
0.488608,-0.292209,0.082462,-0.321421,2.765598,10.260497
0.513291,-0.256598,0.051617,-0.868387,3.631686,8.462650
0.515415,-0.216782,0.053961,-1.479613,3.130684,7.696085
0.527330,-0.180583,0.056620,-2.177003,2.391545,8.837218
0.539229,-0.123528,0.059928,-2.558278,1.858385,9.677430
0.525985,-0.037820,0.042942,-3.031205,1.059446,7.803254
0.490866,0.044376,0.047764,-3.125549,-0.220124,5.560365
0.445017,0.130093,0.038376,-2.097568,-0.474684,5.166247
0.399791,0.140466,0.062167,-1.579452,-1.404641,3.447361
0.361909,0.177285,0.076166,-1.173690,-2.982805,0.015774
0.312853,0.246584,0.080598,-0.540173,-2.304860,-2.179795
0.287827,0.325077,0.073465,-0.314302,-0.685945,-0.600127
0.300566,0.395393,0.058609,-0.288298,1.026303,1.720343
0.331930,0.478744,0.051289,0.036640,2.712242,0.488909
0.339913,0.540553,0.062193,-0.255595,4.279764,-1.170522
0.325244,0.574158,0.026467,0.036128,6.449852,-0.704243
0.321827,0.620532,0.051407,-0.815064,5.662523,-1.300495
0.323980,0.703759,0.047058,-0.558184,5.477758,-5.076800
0.315048,0.771062,0.033787,-0.104538,4.899297,-6.127218
0.278469,0.803732,0.028053,-0.702641,3.434349,-5.420191
0.258787,0.811889,0.033971,-0.938861,1.401512,-6.728700
0.273798,0.859304,0.056840,-1.462436,0.480069,-10.161943
0.307069,0.898667,0.061451,-1.764697,-1.113601,-10.546146
0.325486,0.903810,0.047721,-2.081685,-1.345518,-10.401751
0.344692,0.887506,0.032904,-3.046180,-1.663061,-11.707984
0.366057,0.891337,0.045893,-3.498808,-1.954791,-13.686059
0.384258,0.881513,0.037673,-3.166806,-0.764330,-12.349063
0.394985,0.846834,0.032126,-2.802551,0.163333,-11.166045
0.421865,0.819980,0.030738,-2.708946,0.903484,-10.971264
0.454010,0.787724,0.040250,-2.353523,1.500054,-11.930248
0.466454,0.724648,0.033331,-1.089053,2.946529,-8.754635
0.475665,0.629303,0.040470,0.100037,5.114937,-4.043294
0.489100,0.546372,0.046966,0.198326,4.438256,-2.585733
0.533613,0.481692,0.040756,0.743185,4.385360,-2.763970
0.543316,0.403566,0.035806,0.975966,4.102368,0.206270
0.520411,0.298233,0.034936,0.961451,2.338651,3.524997
0.495346,0.211186,0.003802,0.807107,2.576579,3.019086
0.464452,0.148002,0.005837,0.754841,1.162915,1.702011
0.456893,0.082990,0.012461,0.435411,-0.052903,2.687869
0.440851,0.027806,0.009533,0.339284,-0.067592,3.089394
0.402486,-0.038624,0.022797,-0.395243,-1.957630,1.352298
0.371516,-0.104558,0.030189,-0.505362,-1.968245,2.803963
0.343901,-0.194688,0.016603,-0.761491,-1.133758,6.760452
0.337816,-0.276056,0.014627,-1.034324,-1.051903,8.653655
0.343543,-0.309517,0.025784,-2.210444,-1.516582,6.829686
0.352422,-0.331158,0.007951,-2.298368,1.665043,6.375302
0.336641,-0.401797,-0.006062,-2.305162,3.548033,10.059794
0.305815,-0.460506,0.004337,-2.313614,3.746992,12.089973
0.308034,-0.477513,0.011565,-1.735899,4.881369,10.269742
0.329491,-0.473889,0.024475,-1.277602,4.758422,10.094717
0.316427,-0.482840,0.036508,-0.795241,3.991546,10.897365
0.292203,-0.470777,0.045988,-0.029773,2.908808,8.050846
0.260875,-0.451841,0.045049,0.585487,2.191651,4.964956
0.255978,-0.419121,0.042669,0.696335,-0.120764,5.775642
0.268258,-0.409323,0.022121,1.297333,-0.145586,6.451313
0.285198,-0.389323,0.028604,1.413459,-1.546944,4.015159
0.273756,-0.314530,0.024058,1.637705,-0.361400,-0.974924
0.233477,-0.270092,0.022453,1.825641,-1.090489,-0.990392
0.253388,-0.238915,0.033981,1.658723,-1.371291,-0.918714
0.282415,-0.203455,0.042052,1.924738,-1.047321,-3.128760
0.307473,-0.139119,0.064110,2.026471,-0.297379,-4.563964
0.327752,-0.094271,0.067911,1.946796,1.346603,-2.775337
0.326862,-0.068928,0.066109,1.325214,0.736950,-0.833184
0.368930,-0.006778,0.057900,0.918851,2.954982,-1.858602
0.373574,0.060286,0.042817,0.364474,3.833415,-2.840275
0.365132,0.092956,0.039331,-0.244445,4.145315,0.042175
0.347791,0.113615,0.019623,-0.948715,4.213669,0.034953
0.364072,0.159793,0.012763,-1.163495,3.884335,-3.520164
0.383540,0.208931,0.021468,-1.479616,2.449631,-3.878059
0.363990,0.219865,0.022817,-1.155092,1.255174,-1.638638
0.333233,0.218919,0.026493,-0.535797,0.076352,-1.406196
0.311425,0.246837,0.052480,-1.137032,-1.557846,-2.881709
0.307532,0.282054,0.067885,-1.127598,-1.432141,-2.948107
0.316398,0.296372,0.053885,-0.549505,-1.149520,-2.931199
0.329793,0.308990,0.053278,-0.840345,-1.497807,-2.868386
0.303291,0.327939,0.048971,-0.837142,-1.374328,-4.176964
0.272570,0.351494,0.007829,-0.728365,0.878567,-2.631422
0.268415,0.326124,0.024363,-0.688290,1.597805,-0.528557
0.300809,0.320028,0.022945,-0.854365,2.242180,-1.038857
0.328149,0.333844,0.038652,-0.344566,2.997630,-1.747834
0.295961,0.329761,0.041002,0.200834,3.953187,1.125559
0.247670,0.321814,0.048821,0.095018,3.751905,4.743006
0.257576,0.319529,0.045505,-0.517485,4.269434,4.152449
0.300376,0.362418,0.036761,-0.925564,3.550504,1.805286
0.299270,0.377606,0.037608,-1.022114,2.821134,0.125761
0.270201,0.353733,0.032661,-1.768090,1.185472,0.017128
0.220747,0.337031,0.021363,-2.158008,0.079661,-2.839142
0.205898,0.363028,0.013390,-2.085115,-0.389140,-4.881722
0.222080,0.365323,0.031322,-2.147291,-1.291325,-3.705900
0.245766,0.360278,0.024110,-2.256520,-1.872700,-3.330168
0.247013,0.345832,0.023769,-1.493925,-1.414242,-6.261058
0.245293,0.351274,0.015176,-1.565042,-1.136528,-6.588940
0.242014,0.341804,0.026769,-1.415753,-2.161729,-3.688614
0.280964,0.335587,-0.000327,-1.148944,0.527106,-3.187621
0.312291,0.308107,0.010800,-1.101197,1.758388,-5.350813
0.344584,0.286636,0.013662,-0.833833,2.503551,-5.267855
0.330542,0.231284,-0.008918,-0.043192,4.212014,-1.624105
0.329734,0.178053,-0.017458,0.538430,5.448857,-0.170168
0.333450,0.164946,-0.011228,0.759893,4.226355,-3.056951
0.335551,0.140082,0.004892,1.664234,4.196528,-3.272708
0.321088,0.090845,0.014493,1.836030,2.736141,-1.561162
0.338666,0.050350,0.018760,1.879440,1.930109,-1.637869
0.352019,0.020365,0.026789,2.084251,0.693080,-3.896333
0.342414,-0.026019,0.013626,1.748691,-0.475780,-2.861751
0.313827,-0.091432,-0.002084,1.248864,-0.878578,-0.229015
0.314937,-0.142064,-0.008340,1.208464,-0.933611,-0.775908
0.332971,-0.154012,-0.002409,0.648044,-1.188712,-1.057288
0.345631,-0.194711,0.006822,0.063333,-0.407124,2.097261
0.354169,-0.241364,0.008598,-0.493683,-0.292764,5.477583
0.335987,-0.268628,0.023674,-0.773186,0.895807,4.656205
0.332908,-0.271625,0.045364,-0.975279,0.837780,3.925482
0.354021,-0.297481,0.034588,-1.057872,-0.439545,5.394259
0.403963,-0.331762,0.019518,-1.571508,2.835567,7.161650
0.428500,-0.366277,0.004606,-1.116641,4.077231,6.421734
0.410863,-0.387245,-0.005402,-0.754273,3.795270,7.071046
0.359631,-0.396637,0.024261,-1.397276,3.552793,10.898569
0.342457,-0.423894,0.007642,-0.142137,3.153218,12.271899
0.356896,-0.395672,0.030590,0.367090,2.467366,9.751472
0.370177,-0.342204,0.048617,0.169625,0.582334,7.257409
0.356985,-0.315058,0.049411,0.646491,-0.239779,8.278096
0.320980,-0.303277,0.030537,0.911643,0.272038,9.202009
0.322913,-0.219555,0.029300,0.305075,-2.424865,7.349420
0.385759,-0.099090,0.047373,-0.386666,-1.457528,6.749878
0.406570,-0.053389,0.032540,-0.657290,-0.102061,5.654190
0.386573,-0.022504,0.023634,-0.934131,0.038460,3.173906
0.364623,0.047727,0.011913,-1.006256,2.231191,0.513492
0.353010,0.143023,0.014936,-1.053073,1.997012,0.659726
0.366317,0.231764,0.025791,-1.386379,2.812173,1.636605
0.386730,0.302766,0.058136,-1.636090,1.685190,0.866338
0.402982,0.381518,0.050363,-1.026466,3.222336,-3.417003
0.388483,0.432219,0.048217,-0.878251,3.730100,-4.971294
0.379286,0.479453,0.046874,-0.678350,3.146758,-3.419050
0.395649,0.565427,0.034043,-1.460907,1.955472,-3.931061
0.417579,0.654460,0.031483,-1.484773,1.806226,-7.683546
0.410626,0.696120,0.038612,-0.941346,1.185307,-7.090725
0.367584,0.720397,0.006608,-1.068491,0.807098,-4.257503
0.342102,0.717657,-0.005310,-0.818524,0.247974,-6.034727
0.366776,0.768830,-0.005113,-0.644719,0.719825,-8.720136
0.386681,0.816251,0.009720,-0.915490,-0.134472,-8.410061
0.403671,0.804996,0.016390,-0.760241,0.426207,-7.550842
0.396975,0.801424,0.016045,-1.086673,1.374130,-9.717042
0.403119,0.803427,0.014056,-0.759401,1.391221,-11.093897
0.415251,0.813238,0.024813,-1.046056,1.814961,-9.039336
0.432123,0.797774,0.027508,-0.995693,3.262103,-8.964109
0.436164,0.776504,0.062567,-1.359499,2.095948,-9.996780
0.442617,0.760213,0.029165,-1.556396,2.619148,-9.109931
0.435911,0.698838,0.025653,-1.152840,3.035030,-5.450106
0.466320,0.590744,0.016971,-0.992611,2.815816,-3.093313
0.493922,0.511657,0.009940,-0.951134,2.711004,-2.100449
0.529001,0.443199,-0.009177,-0.377929,3.783065,-0.775797
0.536853,0.360514,-0.034695,-0.261953,4.003307,2.422078
0.564918,0.295472,-0.014823,-0.711831,2.484520,4.670356
0.601389,0.271297,-0.004486,-0.594143,1.607048,4.281234
0.635549,0.244788,0.007107,-0.627545,1.806909,3.579437
0.620890,0.184985,0.009300,-1.595362,1.803860,3.231279
0.583483,0.118375,-0.008455,-1.994381,0.273548,1.234112
0.575146,0.083945,-0.013168,-2.116760,0.120974,-0.401920
0.605219,0.052811,-0.019874,-2.494405,1.149591,1.058457
0.624806,-0.008820,-0.003728,-2.473099,1.050334,3.913967
0.616012,-0.078942,-0.004503,-1.558047,2.102831,4.593114
0.582574,-0.126357,-0.007719,-1.528899,2.151589,4.230838
0.565889,-0.141030,-0.006164,-1.199421,2.687076,4.880160
0.588975,-0.161076,0.006510,-0.511970,2.878941,6.360002
0.612421,-0.182139,-0.012883,0.781370,3.461446,4.513759
0.583296,-0.213066,0.029083,0.699942,0.413879,3.803400
0.559656,-0.235164,0.008755,0.822952,3.368116,7.123123
0.535139,-0.249022,0.007695,0.464185,2.749422,8.804322
0.579669,-0.220993,-0.005166,0.604181,3.406432,5.984173
0.624225,-0.184030,0.004078,0.334312,3.198499,2.902499
0.605728,-0.181870,-0.009272,0.477380,2.733224,1.852023
0.574591,-0.181637,-0.008832,0.158987,2.484457,1.689144
0.566769,-0.161338,-0.000823,0.380062,2.132104,0.043877
0.613767,-0.110342,0.013071,0.276022,1.704100,-1.844884
0.634853,-0.086256,0.028630,0.484775,1.210953,-2.752629
0.636153,-0.104775,0.038914,0.667187,0.635844,-3.626026
0.590967,-0.132860,0.025052,1.048609,0.252179,-5.434079
0.594801,-0.123764,0.027412,0.988324,0.903931,-4.287127
0.649490,-0.103587,0.038241,1.006460,1.317370,-1.415993
0.709643,-0.082455,0.028049,0.855776,1.952899,0.157389
0.696625,-0.077022,0.025571,0.749300,2.030732,0.455067
0.647018,-0.095158,0.003854,0.905262,2.874999,1.418360
0.624287,-0.122464,-0.019526,1.094829,3.160239,3.859414
0.686515,-0.129646,-0.004444,1.651843,5.060108,2.918261
0.753152,-0.108632,0.028115,0.946362,4.465589,0.064120
0.752863,-0.094426,0.021176,0.806668,4.466515,0.805209
0.700971,-0.090185,0.021067,0.424641,3.543031,4.324484
0.683039,-0.071495,0.038297,-0.352105,3.209019,5.058650
0.710556,-0.006440,0.057450,-1.506086,-0.940117,2.877440
0.753366,0.055267,0.034476,-1.939949,0.631232,1.421515
0.731419,0.085075,0.022771,-2.439135,0.900445,0.267953
0.664674,0.088131,-0.001860,-2.594375,1.015533,-1.415480
0.622147,0.120341,0.005571,-2.763329,0.112604,-0.616302
0.615218,0.138217,0.023772,-2.302077,0.079595,0.912060
0.642245,0.166748,0.005755,-2.106244,1.542470,1.309619
0.635611,0.194935,0.009855,-1.495205,1.684809,-0.763097
0.594788,0.225993,0.017778,-1.021145,1.528148,-0.934885
0.586349,0.265363,0.030938,-0.317148,2.895694,2.591684
0.591377,0.292420,0.020194,0.015350,2.707551,4.170950
0.629493,0.322057,-0.002796,0.168630,5.266018,2.644639
0.643765,0.346373,0.015133,0.116279,4.333760,1.119822
0.633465,0.376388,0.009507,-0.288725,4.388895,0.617178
0.636087,0.414513,-0.005638,-0.393484,5.577197,0.088285
0.655943,0.461580,-0.030654,-0.475325,5.600196,-2.669716
0.645731,0.518127,0.003841,-0.610831,3.504383,-5.292532
0.612578,0.528506,0.009658,-0.632682,2.139919,-5.567424
0.584346,0.541134,0.014132,-0.505563,1.009704,-5.742425
0.577670,0.581826,0.023602,-1.094853,-1.372789,-8.020444
0.599170,0.612704,0.003385,-1.518875,-1.649137,-8.698563
0.612463,0.589825,-0.003922,-1.408598,-0.788167,-7.373849
0.613934,0.545250,-0.016963,-1.484924,-0.163164,-7.403738
0.623131,0.528608,-0.026682,-1.281640,0.401048,-8.605708
0.636734,0.515672,-0.005307,-1.519780,1.335499,-8.315671
0.646168,0.484163,-0.011944,-0.774112,2.699614,-6.844213
0.651039,0.429373,-0.004526,-0.692238,3.593714,-6.538023
0.616091,0.375456,-0.006587,-0.102545,3.638408,-6.053010
0.576176,0.314245,-0.002953,0.579247,3.644510,-3.275709
0.550599,0.246512,0.017194,1.028606,3.577112,-1.540280
0.558865,0.197219,0.012307,1.013228,3.622725,-2.671946
0.549313,0.143033,0.013521,0.814033,1.430749,-3.848781
0.522643,0.081146,-0.003978,1.263537,2.399294,-2.036839
0.501429,0.003595,-0.019651,0.963499,3.023299,1.632278
0.500263,-0.059963,-0.040642,0.777756,2.478782,1.829383
0.519889,-0.085924,-0.030299,0.462494,0.955376,0.915303
0.530879,-0.135656,-0.025441,0.088158,2.058207,2.535073
0.484728,-0.220852,-0.024745,-0.088545,0.247289,4.131530
0.430124,-0.279851,-0.009512,-0.078931,-0.682206,4.977972
0.409586,-0.299670,0.002226,-0.150541,-0.592779,5.654771
0.427659,-0.323523,0.004980,-0.345832,0.693185,7.241158
0.418268,-0.344259,-0.027887,-0.947897,0.762825,8.119224
0.390052,-0.356509,-0.000406,-2.049713,1.019423,7.652543
0.370410,-0.367265,-0.009167,-2.032185,1.768266,8.654382
0.347821,-0.356128,-0.011891,-2.083982,2.405105,11.996758
0.370689,-0.354887,-0.020094,-1.723662,3.407883,12.914121
0.393739,-0.318738,-0.009630,-2.260301,4.675163,10.214791
0.400106,-0.287893,0.001271,-1.822890,4.009675,7.870020
0.374103,-0.255735,-0.016014,-1.236614,3.473066,9.157244
0.355593,-0.235170,-0.020600,-0.303591,3.704576,8.793621
0.363058,-0.174163,-0.033739,-0.020192,3.110724,5.398843
0.394234,-0.104818,0.017161,0.106816,1.546274,2.889373
0.402709,-0.064788,0.002203,0.621850,0.956660,3.656587
0.384167,-0.020860,0.003506,1.473291,0.415294,3.528584
0.365772,0.051121,0.012546,1.411837,-0.306711,1.811230
0.381029,0.130143,0.025610,0.815494,-1.580215,0.786114
0.403339,0.185534,0.005755,0.737260,-1.006462,0.238521
0.419745,0.246715,0.004600,-0.218028,-0.685114,-2.643103
0.419899,0.318748,-0.000199,-0.119929,0.999938,-5.946931
0.401846,0.389399,-0.010519,-1.103919,1.490289,-4.242841
0.401166,0.435245,-0.000738,-0.596591,2.217024,-2.604278
0.429317,0.492196,-0.013474,-0.876035,3.164798,-4.617447
0.441028,0.531831,-0.004460,-0.665263,3.201975,-7.548061
0.423635,0.574043,0.010226,-1.389054,2.299580,-7.218939
0.422627,0.590882,0.014831,-1.878820,3.543053,-6.234024
0.414434,0.602299,-0.013996,-1.602665,3.140695,-7.171616
0.402755,0.633364,-0.013703,-1.452458,1.986065,-7.834663
0.372481,0.630754,0.007678,-1.770762,1.699997,-7.437754
0.342683,0.627787,-0.019625,-1.968063,0.259939,-6.487160
0.345184,0.632408,-0.019369,-1.753168,-0.077072,-7.770328
0.344794,0.647659,-0.025950,-1.519190,1.311481,-8.080522
0.329120,0.617480,-0.039011,-0.813085,0.190089,-5.640882
0.327594,0.569346,-0.016841,-0.501092,0.547933,-3.747223
0.336049,0.538452,-0.011366,-0.361123,0.828999,-4.682931
0.334441,0.517214,-0.010549,0.102148,1.110681,-4.315163
0.335094,0.493656,-0.005648,-0.143051,1.963472,-2.218630
0.374795,0.459801,0.005394,-0.095117,2.987012,-1.514260
0.414139,0.451132,0.003497,-0.702526,2.985472,-2.156038
0.430961,0.415153,-0.003643,-0.987779,2.608182,-0.465037
0.445798,0.347739,-0.020140,-1.140130,3.563296,3.255192
0.485098,0.299070,-0.033812,-1.422249,4.092724,3.395035
0.530088,0.284338,-0.036861,-1.991660,3.369104,2.436597
0.547416,0.254494,-0.018880,-1.769725,3.767513,3.418913
0.523687,0.181595,-0.032577,-1.471988,2.364478,5.275904
0.506562,0.148948,-0.025671,-1.974283,0.873463,4.593315
0.527747,0.149509,-0.004634,-1.723068,-0.500894,3.069279
0.572575,0.149148,-0.000071,-1.310636,-0.341870,3.867330
0.588485,0.117154,-0.007565,-1.353302,0.112055,3.484168
0.575677,0.072500,-0.017961,-1.294845,-1.815363,1.255495
0.586434,0.062163,-0.013526,-1.391292,0.535204,0.547644
0.620453,0.035595,-0.024998,-0.815303,1.659676,2.040767
0.643148,0.005666,-0.027578,-0.787987,2.441684,2.800298
0.666217,-0.008767,-0.013759,-0.382025,3.943179,0.348418
0.659143,-0.029220,-0.011563,0.122561,4.245951,-1.383186
0.655188,-0.056172,-0.030063,0.745466,5.095607,0.546819
0.671226,-0.074334,-0.038492,1.168005,4.986204,2.565165
0.709361,-0.061234,-0.010086,1.153601,5.029476,1.318328
0.712240,-0.061913,0.007015,1.469339,2.084581,-0.222898
0.681126,-0.094229,0.011404,1.609378,2.993186,0.895192
0.655959,-0.118863,0.010127,1.359794,1.821484,0.306122
0.667645,-0.091320,-0.003869,0.651215,1.545027,-1.973718
0.679393,-0.078742,-0.010766,0.598469,0.403710,-3.412706
0.681398,-0.086321,-0.030670,0.030427,-0.247293,-2.378433
0.669237,-0.113172,-0.021814,0.534196,-0.111981,-2.545092
0.653504,-0.123741,-0.025208,0.349893,0.730785,-3.879633
0.670448,-0.119277,0.000835,0.005060,0.757206,-3.385925
0.712273,-0.126193,0.003703,0.223618,1.664721,-1.654523
0.741332,-0.136835,0.007422,-0.256458,2.454938,-1.204660
0.752729,-0.133309,0.000736,0.053171,3.438081,-1.109896
0.735808,-0.134032,-0.012029,-0.563461,4.236492,1.322374
0.716911,-0.149899,0.013741,-1.102503,2.195511,3.880162
0.765816,-0.138952,-0.011553,-0.731598,5.603929,4.131052
0.790103,-0.134662,-0.019861,-0.197292,5.674327,2.546209
0.766889,-0.136989,-0.014731,-0.053607,4.957427,3.671071
0.749026,-0.152613,-0.028668,1.015611,4.384516,5.674442
0.753369,-0.139779,-0.014596,1.123745,3.494030,5.500833
0.792679,-0.125156,0.010337,1.187082,2.768707,4.704695
0.814143,-0.115555,0.013147,0.581131,-0.176287,4.746544
0.791770,-0.116858,-0.003347,0.651100,1.070061,5.032594
0.745714,-0.072978,-0.011396,-0.099545,0.350590,3.194375
0.737367,-0.005734,-0.004680,-0.900276,0.345483,2.278337
0.730073,0.038497,-0.009295,-0.925747,1.423472,2.763562
0.728061,0.052578,-0.022651,-1.249534,1.667193,1.859053
0.727923,0.069933,-0.017787,-1.349051,2.090781,0.523852
0.707615,0.121365,-0.009036,-1.456167,2.465380,0.087221
0.699232,0.162960,0.000549,-1.290095,4.204816,1.983767
0.728199,0.210424,-0.009541,-1.292156,5.500292,3.323189
0.757764,0.245130,-0.000672,-1.964642,4.625903,1.116084
0.786679,0.276260,-0.014911,-1.215098,5.960733,0.001558
0.787998,0.303829,-0.043436,-1.276407,5.909593,0.394604
0.770513,0.333572,-0.029482,-1.615654,5.383063,-0.902420
0.782530,0.402637,-0.049413,-1.309734,5.356626,-2.749147
0.773053,0.449711,-0.048333,-1.104788,3.392182,-4.509805
0.765202,0.482660,-0.057796,-0.627046,2.344596,-5.227829
0.735401,0.476115,-0.026252,-0.802010,0.596287,-7.691132
0.732693,0.502082,-0.031386,-0.207787,-0.038540,-10.244301
0.747257,0.551322,-0.017334,0.319993,-0.376385,-10.644474
0.748767,0.564140,0.000171,-0.004197,-3.482789,-9.855096
0.766935,0.564803,0.001481,0.028010,-0.254698,-9.783785
0.755784,0.551260,-0.026863,-0.161829,1.381952,-11.452991
0.744181,0.524990,-0.034947,-0.085467,2.052967,-10.167187
0.755069,0.472173,-0.034235,0.508011,3.368139,-7.775021
0.781007,0.432472,-0.041200,0.960111,5.418024,-6.025825
0.789354,0.393155,-0.054878,0.627118,5.312806,-5.340901
0.774386,0.326423,-0.057530,1.187299,7.851621,-2.043067
0.747963,0.266272,-0.061748,0.847110,5.879585,1.599796
0.761792,0.230559,-0.024227,0.475784,5.482039,1.093425
0.776257,0.208675,-0.022792,0.296573,5.395789,-1.249381
0.770703,0.175164,-0.026643,-0.051368,3.767930,-0.100127
0.705488,0.114410,-0.009673,-1.620748,1.240902,0.239063
0.674935,0.079064,-0.044952,-1.581838,0.574794,-0.422410
0.653891,0.028649,-0.045543,-1.702881,0.211579,-0.401560
0.647865,-0.032680,-0.055105,-1.959098,0.164765,1.989290
0.663243,-0.113848,-0.033126,-2.006017,-0.591515,2.715111
0.644188,-0.186485,-0.030460,-0.852628,-0.011811,2.109259
0.605502,-0.218236,-0.046301,-0.965885,1.189043,3.608663
0.608095,-0.264788,-0.023305,-0.227025,0.912554,8.269448
0.630842,-0.297937,-0.017531,0.046317,2.120212,8.964141
0.654817,-0.309783,-0.028238,0.323122,3.727061,8.827746
0.600972,-0.342723,0.002571,0.262761,0.118105,9.221678
0.572126,-0.353581,-0.023610,0.206165,2.971457,11.319963
0.545230,-0.316437,-0.015860,-0.486616,3.822803,11.187633
0.549480,-0.257267,-0.039274,-0.670091,4.451311,10.015205
0.546378,-0.220465,-0.015482,-0.673065,3.386908,9.041698
0.541323,-0.206613,-0.054301,-0.272381,4.477455,8.389271
0.537486,-0.183288,-0.044424,-1.429736,3.435980,6.514522
0.534499,-0.126722,-0.037668,-0.831673,1.989978,4.379817
0.519325,-0.040663,-0.000731,-1.023715,0.289616,3.236607
0.501455,0.015431,-0.019080,-1.043144,-0.031003,1.828693
0.485069,0.075080,-0.036795,-0.923177,-0.864201,-0.255319
0.467006,0.134295,-0.025008,-1.284397,-2.754495,-2.487046
0.472379,0.201444,-0.041854,-1.727634,-0.768787,-2.114139
0.468207,0.261732,-0.042402,-1.512848,0.455372,-1.376977
0.455937,0.317629,-0.036323,-1.606141,1.229870,-4.247293
0.444212,0.365500,-0.019014,-0.856104,1.544449,-6.110003
0.451476,0.398945,-0.028835,0.306250,3.586559,-4.021841
0.480142,0.419739,-0.024768,0.484466,4.127951,-1.923364
0.496252,0.456424,-0.011317,0.348459,3.768501,-3.044393
0.477588,0.517474,-0.035262,0.955519,4.202994,-3.900306
0.438937,0.530324,-0.032197,1.040347,4.060526,-3.051288
0.402614,0.542781,-0.017183,0.533378,2.245400,-4.505511
0.412799,0.565105,-0.045809,0.321572,2.292641,-6.655731
0.410065,0.573426,-0.056677,-0.026104,2.623728,-7.391871
0.365345,0.553807,-0.061361,-0.224416,1.085836,-6.692492
0.343005,0.536085,-0.055390,-0.305256,0.355996,-5.890182
0.359591,0.547922,-0.036529,-0.536733,0.053772,-6.002996
0.362148,0.542417,-0.017245,-0.790544,-0.591007,-5.896714
0.400832,0.517077,-0.029341,-1.065373,0.157235,-3.532336
0.405555,0.480349,-0.031776,-1.970902,-0.652362,-3.041450
0.413850,0.470190,-0.063445,-2.219363,1.316615,-4.981548
0.422453,0.447220,-0.050933,-3.206297,2.543882,-2.702521
0.437710,0.393388,-0.059845,-2.745915,2.998320,1.215434
0.456935,0.348421,-0.059756,-2.179222,3.819451,2.851820
0.464399,0.295413,-0.036713,-1.554758,4.122515,1.450912
0.462850,0.258506,-0.030273,-1.737478,3.363855,2.492237
0.474779,0.223557,-0.024608,-1.297960,2.907380,4.996121
0.482023,0.210113,-0.041722,-1.281620,2.832406,3.662122
0.480608,0.215676,-0.035574,-1.005534,1.886423,0.958485
0.475461,0.201706,-0.060747,-0.938287,1.633242,2.002728
0.459518,0.152401,-0.046817,-0.203703,0.325483,3.257023
0.456075,0.131672,-0.084118,-0.808535,1.751151,1.320733
0.427511,0.107106,-0.072761,-0.786247,-0.197918,-0.474338
0.401922,0.091288,-0.061489,-0.218215,-0.087402,2.115398
0.421091,0.087208,-0.044686,-0.059896,0.774520,3.474964
0.446044,0.080505,-0.049580,-0.066504,0.987393,0.741567
0.467446,0.110543,-0.042333,-0.305196,1.930753,-0.396383
0.453512,0.105340,-0.045461,-0.332234,2.019776,0.648683
0.432583,0.091315,-0.045162,-0.108621,2.474781,1.015207
0.434910,0.097371,-0.043084,-0.079240,3.353381,-0.405883
0.457149,0.089398,-0.040196,-0.163270,3.150710,-1.328398
0.439381,0.055132,-0.045461,-0.392443,2.644456,-0.706301
0.418406,0.017890,-0.044401,-0.137880,2.729944,-0.552978
0.422657,0.006585,-0.048523,-0.111713,2.804173,-2.220397
0.446553,-0.004477,-0.064778,0.311203,2.846330,-2.945832
0.468427,-0.011856,-0.065005,1.420930,2.605829,-1.710594
0.516370,-0.042320,-0.051760,1.170138,2.082825,-1.646631
0.515957,-0.087162,-0.028822,1.553005,1.022026,-2.949890
0.527107,-0.100777,-0.038440,1.686916,1.457231,-1.580896
0.524885,-0.128034,-0.034754,1.809062,0.725277,0.612795
0.580788,-0.129722,-0.021877,1.643387,0.491712,0.167914
0.605997,-0.147526,-0.036280,1.146337,0.269731,-3.115335
0.597236,-0.180737,-0.027913,0.789399,0.933502,-2.215024
0.579823,-0.220192,-0.040170,0.193364,1.128571,1.359303
0.603365,-0.237829,-0.039208,0.172596,2.484746,2.885916
0.649421,-0.239808,-0.044601,0.238228,3.339595,1.733135
0.666197,-0.254559,-0.010670,0.403469,2.515204,1.278879
0.652201,-0.293246,-0.014787,0.295792,2.639093,2.421361
0.609224,-0.339827,-0.011662,0.644650,2.995254,2.099088
0.594066,-0.317510,-0.011701,0.353514,2.943027,3.792179
0.615228,-0.295600,-0.014435,-0.091847,2.086071,7.214617
0.657765,-0.272882,-0.013139,-0.635192,2.184334,8.859789
0.662078,-0.261118,-0.022540,-1.140297,1.936218,5.846927
0.655247,-0.233854,-0.023912,-1.205250,2.440561,5.083750
0.656836,-0.182667,-0.057892,-1.812662,3.796409,7.960101
0.678250,-0.130447,-0.067361,-1.683639,3.597128,6.699109
0.709913,-0.068501,-0.053336,-1.935534,2.163576,3.257131
0.698267,-0.031770,-0.047007,-1.759011,2.063941,1.076258
0.640535,-0.017636,-0.051077,-1.358304,2.021863,1.540068
0.594016,0.013892,-0.063265,-0.973596,2.267052,2.233045
0.596498,0.096494,-0.039280,-0.969496,1.189253,0.235126
0.606654,0.177790,-0.032499,0.103953,0.950160,-1.677822
0.576537,0.202005,-0.021053,0.614274,1.632815,-2.093800
0.513537,0.221194,0.002335,0.343236,-0.575596,-2.391039
0.512018,0.271166,-0.004004,0.238336,1.242461,-2.469608
0.544360,0.350220,-0.026331,0.207363,2.989296,-1.193554
0.609972,0.391481,-0.039388,0.742302,4.496930,-0.158775
0.644605,0.406819,-0.071684,0.271400,4.607751,-2.082723
0.641188,0.432206,-0.049196,-0.289365,4.506462,-4.145657
0.601819,0.455193,-0.067785,-0.525015,5.252708,-3.292996
0.584999,0.511372,-0.069984,-0.643921,4.253409,-1.978380
0.584369,0.561235,-0.031970,-1.412865,1.941739,-5.627789
0.618309,0.636863,-0.023725,-1.639924,1.333654,-9.777153
0.576373,0.634713,-0.030985,-1.614101,0.200852,-10.875024
0.539748,0.617611,-0.046620,-1.722494,-0.029743,-9.854163
0.540870,0.612934,-0.065737,-1.732263,-1.087571,-10.506853
0.604576,0.628686,-0.059477,-2.146194,0.199007,-10.282353
0.659481,0.592829,-0.050821,-1.405299,1.326905,-9.313435
0.664746,0.505509,-0.051796,-0.984589,0.956498,-8.651927
0.651639,0.429261,-0.084880,-0.215382,4.279681,-7.699766
0.656442,0.378682,-0.055551,-0.235339,3.334110,-5.406884
0.695089,0.355781,-0.053414,0.672511,3.920271,-0.962097
0.725337,0.293615,-0.046114,1.442088,4.420623,1.748999
0.718864,0.231304,-0.042221,1.657544,2.476871,0.220207
0.695998,0.166203,-0.042418,1.695693,2.798196,-0.541600
0.700899,0.098382,-0.033385,0.894781,3.852308,2.647530
0.716681,0.054610,-0.061965,0.778448,3.672598,5.354082
0.734268,0.042019,-0.056477,-0.083073,2.990465,4.219563
0.725048,0.021796,-0.061348,-1.095643,3.611423,3.462009
0.715467,-0.033018,-0.078643,-1.877159,3.183151,4.197913
0.701175,-0.088655,-0.050119,-2.438823,1.276576,5.015697
0.732135,-0.105169,-0.054123,-2.366918,0.977861,3.687565
0.729351,-0.117111,-0.054412,-2.163440,0.926389,4.070110
0.709411,-0.145464,-0.044972,-1.925594,1.429869,6.935554
0.687139,-0.175778,-0.046387,-2.033583,1.273514,7.253419
0.670143,-0.159018,-0.040787,-2.247191,-0.114262,5.315873
0.662245,-0.154603,-0.069177,-1.984163,2.622812,5.576597
0.625196,-0.167883,-0.062992,-1.555496,3.319907,7.728796
0.608190,-0.172095,-0.075055,-0.935102,3.486011,8.930050
0.606614,-0.160468,-0.073056,-0.602667,3.741444,7.553658
0.619741,-0.117006,-0.079749,-0.434875,4.622516,9.073781
0.630662,-0.108458,-0.082319,-0.067236,5.024083,9.437922
0.631892,-0.065324,-0.064735,0.619109,4.398106,6.212790
0.620030,-0.006515,-0.049968,1.357405,5.027923,1.794985
0.589214,0.031929,-0.041890,1.325864,3.290581,0.426069
0.572638,0.070133,-0.039283,1.091645,2.231473,-0.187581
0.553176,0.125452,-0.037491,1.093966,1.092027,-2.608196
0.533242,0.175352,-0.050211,1.328683,0.563207,-4.353247
0.535635,0.208192,-0.047467,1.039103,0.039028,-2.381887
0.542233,0.219382,-0.052554,0.470697,-1.659506,-1.204683
0.568722,0.266495,-0.058328,0.060861,-0.099048,-2.718938
0.585252,0.319973,-0.062818,-1.040889,1.173281,-4.501548
0.611544,0.355725,-0.073677,-1.326103,1.951747,-3.962897
0.632568,0.385753,-0.073956,-1.662701,3.072841,-3.605646
0.680289,0.412918,-0.092853,-1.933338,4.498200,-4.233917
0.693980,0.417369,-0.083698,-1.928395,4.744294,-4.082823
0.679996,0.403553,-0.068208,-2.080329,4.245685,-1.749620
0.681050,0.401843,-0.065907,-1.286058,4.186972,-1.008784
0.676921,0.429117,-0.048359,-1.059504,3.403379,-3.016038
0.658536,0.446169,-0.048980,-0.815638,2.995520,-3.071088
0.617637,0.445608,-0.044985,-1.669735,1.110110,-2.258229
0.618789,0.452875,-0.055259,-1.462062,0.847515,-2.771353
0.634141,0.475833,-0.034478,-1.358626,0.660071,-4.885293
0.623614,0.494497,-0.055259,-1.262066,-0.384391,-4.229695
0.591413,0.466744,-0.072121,-1.145244,0.176791,-2.499742
0.569326,0.431648,-0.096762,-0.888344,1.193579,-2.501646
0.583122,0.430591,-0.099175,-0.770932,1.414221,-2.073612
0.562055,0.415931,-0.082106,-0.406922,1.542578,0.135219
0.548771,0.390936,-0.072009,-0.286198,2.515883,2.579457
0.521543,0.374589,-0.072190,-0.344073,2.776968,2.984175
0.524179,0.376394,-0.067171,-0.566121,3.484787,1.816178
0.529040,0.368983,-0.056723,-0.505543,4.084905,2.162715
0.563066,0.345234,-0.064030,-0.714710,5.037117,2.302414
0.569940,0.335643,-0.048218,-1.773480,3.225914,0.791692
0.557886,0.349295,-0.055019,-1.654734,4.048135,0.125267
0.537447,0.335114,-0.066360,-2.118087,3.432619,1.223545
0.545098,0.323839,-0.061016,-2.334380,2.102585,1.286874
0.569365,0.315613,-0.080183,-2.381739,2.045231,-1.466786
0.553084,0.305428,-0.086964,-2.138746,0.982617,-3.000148
0.505502,0.268829,-0.093325,-1.667145,0.149954,-0.507885
0.483572,0.236910,-0.072535,-0.949657,1.138953,0.305595
0.523188,0.220672,-0.064223,-0.421273,0.306303,-2.876603
0.570281,0.219599,-0.049292,-0.327038,-1.299515,-3.846638
0.595395,0.195755,-0.072531,0.080960,0.764469,-2.773228
0.590281,0.143108,-0.077626,0.264681,1.741497,-2.695620
0.588311,0.140961,-0.064424,0.451616,2.360017,-3.095904
0.602029,0.119514,-0.097002,0.492600,4.646753,-2.095075
0.606329,0.076087,-0.078184,0.397157,4.032767,-0.434364
0.612739,0.037860,-0.062841,1.025928,3.019340,-2.000907
0.578494,0.002968,-0.061322,1.646578,3.339335,-4.817131
0.538704,-0.029167,-0.057265,1.835751,2.840086,-3.326146
0.527724,-0.073106,-0.066498,2.099390,2.490047,-0.928843
0.541182,-0.096924,-0.076913,2.014913,1.681511,-0.972866
0.546575,-0.123544,-0.050296,1.578549,1.229374,-2.752808
0.504508,-0.176936,-0.054045,1.321715,-0.111393,-0.111754
0.444879,-0.221673,-0.070654,0.260444,-0.311776,1.851731
0.445929,-0.237087,-0.074530,-0.305262,-0.077390,1.524367
0.468388,-0.222349,-0.068435,-0.485244,-0.309597,1.699860
0.494811,-0.249074,-0.070772,-0.811112,1.394245,3.445442
0.471056,-0.291740,-0.085822,-0.748049,1.651946,4.798959
0.458271,-0.321485,-0.076772,-1.015922,2.437128,4.242221
0.469533,-0.313647,-0.055863,-1.066203,2.568288,4.432832
0.499591,-0.311382,-0.056625,-0.750052,3.337478,5.492703
0.513055,-0.323812,-0.056352,-0.491044,3.898588,6.671240
0.498593,-0.327837,-0.038345,-0.516171,2.834231,4.993933
0.495097,-0.297425,-0.050785,-0.372174,2.316718,6.245963
0.493623,-0.272472,-0.072278,-0.125220,2.908713,8.130450
0.516341,-0.257592,-0.081870,-0.142357,2.855422,8.600978
0.564113,-0.227066,-0.096792,0.219167,2.467704,6.279064
0.568046,-0.190473,-0.079149,0.034543,1.437389,5.172997
0.556078,-0.177711,-0.070319,0.672065,1.540993,5.865758
0.556396,-0.138236,-0.085369,0.666416,0.974434,5.017756
0.585722,-0.051104,-0.042582,0.860010,0.191891,2.087303
0.594893,0.021120,-0.049367,0.627771,0.002576,2.013516
0.556344,0.064024,-0.057928,0.321100,0.183471,1.711149
0.512753,0.123745,-0.064709,-0.531149,0.111310,0.924806
0.477818,0.163430,-0.086383,-0.721800,-0.147050,-3.187395
0.490721,0.235778,-0.107709,-1.101867,1.483701,-3.981342
0.486516,0.287913,-0.097950,-1.358836,2.282302,-2.006500
0.468975,0.321591,-0.089577,-1.404308,3.696957,-2.440219
0.453479,0.378906,-0.077133,-1.498566,4.043162,-4.724417
0.444235,0.407568,-0.068034,-1.582363,3.892196,-4.902929
0.446960,0.434756,-0.075869,-1.127211,4.155599,-3.438102
0.447675,0.488247,-0.067571,-1.184755,3.797449,-5.783087
0.400858,0.531657,-0.054343,-0.688598,3.001293,-8.519158
0.362201,0.543156,-0.055469,-0.666153,1.627094,-6.285998
0.330328,0.542253,-0.063882,-0.478263,0.230207,-4.558386
0.365736,0.571096,-0.078765,-0.344842,0.287620,-6.844180
0.382095,0.583697,-0.087969,-0.276741,-0.116770,-9.240990
0.373512,0.588302,-0.077114,-0.739351,-1.341950,-8.307967
0.378288,0.558836,-0.113732,-0.721039,0.664109,-7.236858
0.387754,0.559837,-0.110161,-0.329644,0.743770,-7.830050
0.400999,0.565440,-0.082694,-0.519907,0.870656,-7.756386
0.400884,0.540057,-0.080468,0.160476,1.452629,-5.922379
0.407226,0.500330,-0.062733,-0.031822,1.930460,-5.392474
0.434532,0.465582,-0.056949,-0.122952,1.591572,-5.542477
0.463408,0.441420,-0.074579,-0.328141,3.114665,-3.989578
0.489756,0.371888,-0.088674,-0.227229,4.071884,-0.002845
0.529365,0.300183,-0.084043,-0.509013,3.481816,3.122114
0.563877,0.268471,-0.110581,-0.762653,3.729548,3.648999
0.541501,0.217593,-0.111760,-0.860404,2.702254,3.966435
0.505926,0.180387,-0.115406,-1.341803,2.674297,6.296739
0.514434,0.156806,-0.124010,-1.763432,2.185043,5.662632
0.527304,0.144713,-0.094875,-2.124917,1.116367,2.475535
0.540250,0.121057,-0.093847,-2.059275,1.501538,1.080680
0.531502,0.048669,-0.084909,-1.789442,0.426201,1.696601
0.526369,-0.008678,-0.085674,-1.021713,0.632184,1.955169
0.509136,-0.032538,-0.059608,-1.007802,-1.638771,1.756142
0.514322,-0.039218,-0.062664,-1.098916,-0.542000,5.883156
0.498452,-0.061683,-0.083232,-1.085763,0.224223,8.352163
0.491023,-0.081263,-0.111038,-1.387511,2.666039,6.196307
0.481724,-0.082655,-0.085691,-0.435233,2.001571,2.900807
0.499466,-0.096723,-0.122296,0.243903,4.427050,3.164236
0.509602,-0.104444,-0.093713,-0.461030,4.055931,4.657832
0.537870,-0.116674,-0.076985,0.117044,4.374157,4.266881
0.543142,-0.129052,-0.086442,1.444084,5.070126,5.036902
0.513941,-0.137987,-0.068018,0.853012,3.750527,5.631430
0.529027,-0.111123,-0.071412,1.078634,3.451011,4.562812
0.540923,-0.060948,-0.060888,0.589436,2.158912,1.973782
0.543536,-0.009831,-0.064227,0.112350,0.421159,0.814197
0.534086,0.030622,-0.095699,-0.160034,0.130463,1.260946
0.532618,0.046211,-0.112465,-1.390672,0.784187,0.250756
0.561047,0.074479,-0.083547,-1.674265,-0.186249,-2.268716
0.577246,0.127625,-0.096073,-1.312435,0.208044,-3.260393
0.558920,0.137459,-0.105155,-1.420339,0.916873,-3.028023
0.516807,0.149236,-0.084739,-1.691179,0.169032,-3.525127
0.491653,0.185035,-0.077603,-1.252294,0.312451,-4.797358
0.490728,0.230648,-0.048359,-0.748250,0.362807,-3.425658
0.524038,0.252761,-0.056510,-0.375355,1.934987,-0.600269
0.549733,0.268484,-0.076254,-0.569918,2.898077,0.281424
0.536285,0.268770,-0.099903,-0.048050,3.760653,-0.038900
0.507229,0.265172,-0.103074,0.039676,4.794916,1.329896
0.510068,0.256595,-0.098745,0.421998,5.366362,2.244160
0.538707,0.274491,-0.084026,0.194210,4.446157,0.614279
0.532677,0.285507,-0.086997,0.392168,3.963511,-0.794416
0.490882,0.292508,-0.087217,0.434531,2.872510,1.564702
0.437493,0.313086,-0.066643,0.215618,0.849760,2.662729
0.457792,0.350522,-0.046774,-0.339993,0.441625,0.521597
0.517240,0.409307,-0.054593,-0.956271,0.329701,-1.503510
0.540207,0.419109,-0.071333,-1.455609,0.760859,-1.863747
0.519607,0.386179,-0.081331,-1.968440,0.242417,-1.759772
0.501616,0.374074,-0.079398,-2.459336,-0.720197,-2.088384
0.518812,0.385139,-0.105004,-2.464650,0.175124,-1.413314
0.539209,0.398666,-0.109935,-2.708135,0.989106,0.377187
0.561438,0.406983,-0.086216,-2.750636,3.096950,1.067018
0.532093,0.392922,-0.089045,-2.459651,2.729189,-0.427959
0.498084,0.385352,-0.081771,-2.235250,2.719473,-0.047249
0.490918,0.379450,-0.061053,-2.005604,2.907291,1.883714
0.526040,0.389324,-0.065842,-1.292734,3.725793,1.484386
0.560384,0.405063,-0.072436,-1.280093,3.609647,-0.272821
0.565561,0.401663,-0.069905,-1.074613,4.078813,-0.733367
0.532178,0.405618,-0.085700,-1.106197,2.588855,-0.279931
0.526234,0.421134,-0.116326,-0.814217,3.120617,-0.771273
0.541852,0.459118,-0.098075,-1.177462,1.683417,-3.872997
0.533557,0.481518,-0.106370,-1.042777,1.465936,-5.456426
0.482738,0.460487,-0.115232,-0.966171,0.481287,-4.600895
0.443139,0.442529,-0.112908,-1.190161,-0.001908,-5.496542
0.425827,0.436529,-0.102424,-0.815612,-0.799251,-6.564556
0.424439,0.403829,-0.101243,0.049924,-0.050757,-6.506686
0.435432,0.382815,-0.102053,0.336310,0.400040,-6.292297
0.431874,0.360445,-0.088592,0.539047,0.672039,-7.966941
0.424478,0.325986,-0.065851,0.888433,1.498813,-8.144671
0.417641,0.280869,-0.052453,0.829680,1.819297,-5.113451
0.427255,0.228179,-0.085569,1.192400,3.140613,-1.346934
0.435878,0.158207,-0.088602,0.831896,3.371296,-0.009588
0.435432,0.117961,-0.087440,0.611192,3.246400,0.982418
0.424025,0.053793,-0.104233,0.540494,3.614387,2.742088
0.403766,-0.003614,-0.104249,0.191273,3.282556,2.360653
0.431999,-0.043302,-0.099943,-0.002106,2.898537,0.211149
0.446596,-0.096382,-0.094041,0.012826,2.423522,-1.257965
0.426267,-0.145822,-0.099076,0.298723,1.818854,0.790340
0.406707,-0.204597,-0.103701,-0.240946,0.792147,2.683868
0.419483,-0.245543,-0.080974,-0.287898,0.086699,2.024650
0.448844,-0.276864,-0.088806,0.356980,-0.269712,2.561956
0.457493,-0.354818,-0.081364,0.177122,-0.957487,5.056519
0.446934,-0.408591,-0.099089,-0.074788,-1.462294,6.829227
0.460297,-0.429041,-0.123117,0.081905,0.596363,6.360420
0.477851,-0.436059,-0.116647,-0.639197,0.487324,7.633439
0.471270,-0.450977,-0.098134,-0.584735,1.885830,9.104677
0.457044,-0.462072,-0.106032,-0.561814,3.377593,8.947592
0.431529,-0.454713,-0.099050,-0.838237,2.547041,7.163695
0.431831,-0.434867,-0.086350,-0.304552,3.113950,8.533298
0.414086,-0.411565,-0.082195,-0.168830,3.701379,9.789339
0.418422,-0.363152,-0.074120,-0.924152,3.646999,8.096739
0.440064,-0.295491,-0.080619,-0.500747,3.460280,4.845004
0.423234,-0.239175,-0.059162,-0.249572,2.068599,3.941249
0.408486,-0.198541,-0.062346,-0.293195,1.754745,4.689270
0.405427,-0.135919,-0.074192,-0.325967,1.116613,2.932541
0.410476,-0.057711,-0.086317,-0.357649,0.579465,-1.096795
0.389717,0.013301,-0.081719,-0.660664,-0.226430,-0.759161
0.370591,0.051748,-0.085805,-0.224717,-0.264220,0.796579
0.353975,0.113123,-0.095032,-0.141294,0.536626,-0.111118
0.367039,0.193687,-0.080908,-0.119972,-0.309318,-1.787290
0.371808,0.259776,-0.075449,0.343978,-0.145636,-1.588191
0.397920,0.314645,-0.068619,0.511793,1.299720,-1.261864
0.408434,0.375042,-0.070916,0.351321,1.829312,-4.674167
0.411188,0.443507,-0.052321,-0.239758,1.057985,-7.013732
0.408660,0.496663,-0.087368,-0.130787,3.640121,-5.418658
0.414119,0.526674,-0.086350,-0.497702,3.025377,-4.395985
0.427613,0.573213,-0.089853,-0.885742,3.092184,-5.259086
0.406047,0.589684,-0.097051,-0.927665,2.561079,-7.018448
0.378248,0.581599,-0.101610,-1.224273,2.786701,-6.391962
0.358176,0.576338,-0.102477,-1.524300,2.080796,-6.499065
0.377910,0.593321,-0.107450,-1.107247,2.502116,-8.205664
0.379479,0.598537,-0.098623,-0.774126,1.099655,-8.415720
0.372035,0.590616,-0.077954,-0.649406,0.065051,-5.882839
0.365319,0.556380,-0.087378,-0.612456,0.555211,-4.821594
0.386855,0.552537,-0.074566,-0.866690,0.188050,-6.195530
0.402670,0.547616,-0.067877,-1.536094,-1.369276,-6.050853
0.425453,0.513705,-0.099267,-1.309235,1.583661,-3.468029
0.440710,0.473499,-0.112616,-1.913542,2.031369,-1.895035
0.461311,0.442099,-0.108310,-1.681477,2.620586,-2.424012
0.477303,0.403967,-0.127752,-1.172252,2.941934,-1.040532
0.489904,0.359910,-0.086843,-1.092151,3.640896,0.993090
0.517398,0.302937,-0.077908,-1.062714,2.505163,0.211645
0.559485,0.299205,-0.096234,-0.807051,3.316010,-0.884866
0.558428,0.257022,-0.091034,-1.096067,2.934818,0.639378
0.522407,0.220472,-0.087319,-1.673658,1.660572,4.254514
0.503244,0.196169,-0.096834,-1.479140,1.006986,4.461039
0.491388,0.199300,-0.140071,-1.814753,2.763307,2.403625
0.459646,0.165452,-0.109065,-1.362407,0.243428,1.930728
0.429008,0.129102,-0.113624,-1.290820,-0.179064,1.983342
0.412255,0.113061,-0.104604,-0.732248,0.190440,0.915748
0.436479,0.098693,-0.081985,-0.786021,1.004242,1.633900
0.457808,0.056422,-0.090181,-0.489246,0.637653,3.848523
0.484813,0.038100,-0.081916,-0.367707,1.986994,5.813310
0.493941,0.036731,-0.082858,-0.526219,2.322285,4.036549
0.498602,0.038799,-0.077763,-0.349279,3.233654,1.766670
0.488729,0.031604,-0.106006,-0.857762,3.815634,1.827648
0.465814,0.012152,-0.104919,-0.361411,2.746288,1.577224
0.476397,0.013133,-0.123061,0.200792,4.739033,0.312149
0.477408,0.005968,-0.107601,0.440859,3.148426,-0.396053
0.499958,-0.035411,-0.113407,0.912562,2.838084,1.640531
0.519131,-0.076566,-0.110017,1.740925,2.649058,1.825120
0.558228,-0.081690,-0.101400,1.831392,1.936326,0.638430
0.584832,-0.062980,-0.087614,1.443628,0.833335,0.865654
0.579387,-0.083748,-0.101840,1.330840,0.700101,2.906084
0.579347,-0.092141,-0.100087,0.584719,0.589063,2.599340
0.569201,-0.081693,-0.090860,-0.102627,0.399216,-0.297428
0.550038,-0.060741,-0.091967,-0.492351,-0.538596,-0.386626
0.513462,-0.071071,-0.103901,-0.720254,0.659153,0.008966
0.517867,-0.061188,-0.093585,-1.181719,0.660633,0.247018
0.518484,-0.030818,-0.107450,-0.560566,1.646352,-0.601765
0.512645,-0.019376,-0.076825,-0.766379,2.193279,-0.585425
0.508834,-0.021207,-0.078518,-1.228923,2.413898,1.956403
0.502929,-0.009309,-0.093014,-1.421192,2.953567,1.691172
0.499538,0.010169,-0.095452,-1.590208,3.648610,1.490693
0.482440,0.031164,-0.089127,-1.575641,3.673429,3.022669
0.460552,0.025479,-0.092114,-1.017718,3.017817,4.365800
0.459640,0.038113,-0.089879,-0.374807,3.274218,3.422509
0.448414,0.072569,-0.088093,0.073469,2.423863,3.147217
0.437677,0.112204,-0.083117,0.142259,1.884168,4.627133
0.428706,0.141391,-0.089232,0.161970,1.784579,5.914669
0.436765,0.206138,-0.067962,-0.420065,-0.105623,3.792785
0.454375,0.280531,-0.092262,-0.889871,-0.085492,1.754387
0.450909,0.330352,-0.096125,-1.448719,0.544280,1.130076
0.454861,0.361092,-0.103961,-1.855899,0.693290,-0.763445
0.454368,0.399289,-0.111274,-2.073771,0.706160,-2.676953
0.460782,0.451273,-0.109206,-1.970328,1.500655,-2.815361
0.435520,0.471973,-0.108861,-1.429185,2.269297,-1.200304
0.415589,0.496446,-0.103511,-1.422935,1.412327,-0.041751
0.419377,0.536430,-0.101932,-1.305214,1.309633,-0.979879
0.418058,0.583457,-0.103977,-1.178755,2.185634,-1.887464
0.390512,0.591276,-0.089462,-1.562469,1.841477,-1.709268
0.362437,0.602975,-0.094353,-2.241795,1.721428,-3.327829
0.355373,0.622459,-0.127075,-1.881623,3.595195,-4.179386
0.345391,0.640001,-0.111159,-1.953099,2.475690,-3.243028
0.331986,0.629822,-0.103524,-1.580365,2.141879,-2.848867
0.319982,0.630731,-0.102044,-0.898208,2.612961,-4.156459
0.302851,0.651716,-0.099815,-1.105767,0.855458,-7.496820
0.281016,0.667534,-0.104174,-0.807190,1.271337,-8.677816
0.283829,0.650288,-0.113903,-0.742604,1.624580,-8.139469
0.290515,0.629556,-0.107085,-0.954023,0.937834,-8.976084
0.293365,0.606385,-0.113171,-0.789822,0.246123,-9.376885
0.271802,0.563914,-0.134422,-0.726652,0.904048,-7.479268
0.249905,0.485939,-0.128736,-0.346046,0.621371,-6.288031
0.267112,0.445405,-0.118229,-0.067899,0.792899,-7.129753
0.263744,0.393092,-0.126403,-0.196141,1.612884,-7.701750
0.245467,0.319484,-0.099595,0.764055,0.529493,-4.809320
0.220606,0.243009,-0.095275,0.839826,0.384448,-1.425467
0.229571,0.202084,-0.091747,0.327586,0.665927,-0.455128
0.257589,0.162068,-0.100498,-0.046868,0.941747,0.896893
0.260432,0.103978,-0.150551,-0.390691,3.728889,2.462023
0.243347,0.012027,-0.136197,-0.642184,2.120034,2.238030
0.250516,-0.055420,-0.136923,-0.587355,2.047194,1.181411
0.257189,-0.098328,-0.129032,-0.007817,1.859852,1.461003
0.258571,-0.161115,-0.124003,0.096696,1.758093,5.092166
0.254573,-0.198899,-0.119467,-0.694227,0.880123,6.482762
0.248904,-0.220731,-0.131766,-0.942186,0.687677,5.562022
0.237133,-0.252121,-0.131051,-1.048455,0.274323,5.832288
0.226367,-0.289980,-0.128989,-1.349234,0.415205,6.311958
0.249131,-0.323504,-0.140310,-1.574971,0.776523,6.448968
0.250811,-0.347121,-0.127121,-1.114813,0.410331,4.849793
0.242750,-0.357681,-0.115577,-0.646005,0.123777,6.495034
0.205268,-0.411263,-0.109908,0.629029,0.531003,8.334223
0.203295,-0.441337,-0.119496,1.861738,1.174630,8.022996
0.223364,-0.435090,-0.110683,1.839543,0.879926,6.911333
0.221880,-0.431657,-0.090004,2.120719,0.647103,7.811778
0.208491,-0.433886,-0.093352,2.294275,1.037923,9.061908
0.219418,-0.408053,-0.096831,2.349965,1.242810,8.793427
0.222517,-0.345601,-0.102720,1.621096,1.342556,7.673366
0.219773,-0.289816,-0.108618,0.944382,0.967636,6.842541
0.185491,-0.263875,-0.117343,0.428334,1.311747,5.465031
0.160564,-0.190473,-0.148346,-0.703274,0.804712,2.397686
0.127369,-0.119802,-0.142382,-1.104578,0.645045,0.190136
0.112003,-0.050828,-0.117786,-2.193770,0.054045,-0.003388
0.133362,0.023742,-0.108789,-2.293865,0.625245,-0.257321
0.159090,0.088275,-0.101059,-2.369548,0.121384,-3.205240
0.158877,0.137384,-0.095111,-2.158435,0.053572,-4.440229
0.117538,0.186725,-0.107604,-1.740173,0.012443,-2.838341
0.101221,0.226246,-0.100068,-1.018670,0.516196,-2.820390
0.119540,0.279448,-0.086416,-0.699525,0.287229,-5.692830
0.150480,0.336119,-0.080796,-0.534530,-0.257961,-5.730141
0.161430,0.353152,-0.089462,0.236921,1.426714,-4.101799
0.136520,0.365405,-0.078289,0.027334,-1.296656,-3.123702
0.153191,0.425684,-0.090975,0.650128,0.949861,-4.512295
0.177429,0.487423,-0.106166,0.673699,1.040099,-4.268526
0.223570,0.527502,-0.106875,0.701005,1.308934,-3.840991
0.225110,0.550423,-0.118302,0.771893,3.006739,-4.607628
0.195318,0.552822,-0.117816,0.210996,1.360123,-6.013766
0.167788,0.552051,-0.108494,0.053364,0.647608,-4.582344
0.180301,0.565601,-0.105402,0.321119,0.498612,-3.499756
0.214478,0.567236,-0.099579,-0.133594,0.858905,-4.748881
0.238338,0.581668,-0.092580,-1.219946,-0.614263,-5.690051
0.212298,0.568342,-0.108218,-1.825632,0.048550,-3.812736
0.181158,0.538675,-0.113250,-2.704718,0.657849,-1.112031
0.220196,0.542903,-0.106386,-3.014081,0.123915,-0.726692
0.288014,0.557086,-0.123271,-3.236059,2.431177,-2.320482
0.286544,0.513308,-0.116624,-3.533313,1.857561,-2.279560
0.238965,0.446455,-0.121259,-3.375156,1.674476,-0.446249
0.217009,0.401380,-0.113293,-2.357616,2.996176,-0.667551
0.262569,0.400255,-0.103961,-2.182242,1.863036,-0.879231
0.322703,0.394166,-0.091642,-1.747916,2.609577,2.030780
0.332347,0.342126,-0.102122,-1.062314,1.848948,3.153949
0.308264,0.302940,-0.121719,-0.508881,2.428613,0.185968
0.295781,0.287348,-0.127735,-0.379435,2.285968,-0.038600
0.316309,0.266905,-0.127282,-0.232215,0.896571,1.295443
0.359096,0.249958,-0.136191,-0.211611,1.617375,1.014061
0.373112,0.215102,-0.123882,-0.122676,0.409828,-2.094693
0.349918,0.175667,-0.135328,0.876524,1.187999,-1.655999
0.293329,0.128757,-0.137330,0.840102,0.844121,0.080644
0.293365,0.125101,-0.116129,0.539907,-0.361069,0.363298
0.318561,0.139517,-0.115617,1.169078,0.045635,-2.014832
0.290007,0.124700,-0.101154,0.740936,0.137524,-3.058707
0.231044,0.084894,-0.109593,0.188804,-0.070271,-0.847883
0.195729,0.036403,-0.105881,-0.034366,-0.020952,1.033680
0.243462,0.033724,-0.096411,-0.662358,1.351688,0.128932
0.291422,0.025928,-0.106455,-0.970412,2.619809,0.111999
0.297356,-0.019166,-0.118210,-1.178213,3.232604,1.221277
0.318104,-0.063518,-0.123905,-1.236197,4.356488,0.787086
0.348900,-0.075273,-0.133611,-0.627929,3.664445,-0.035400
0.395980,-0.092387,-0.144029,-0.200234,5.422994,2.204252
0.384150,-0.143318,-0.122362,-0.393165,3.282592,2.972609
0.401373,-0.165858,-0.122831,0.332582,2.256715,1.265653
0.418357,-0.185956,-0.111750,1.358875,1.172437,-0.252464
0.409904,-0.217468,-0.099001,1.781519,0.173129,1.761637
0.433213,-0.245841,-0.101847,1.739392,-0.933782,4.966848
0.449478,-0.258406,-0.105589,1.730513,-1.068408,5.045778
0.461081,-0.249770,-0.091894,1.050933,-3.107353,3.837506
0.466740,-0.253657,-0.123452,1.156237,-0.143794,4.624126
0.468375,-0.254878,-0.118971,0.649091,-0.150825,5.167947
0.485217,-0.248398,-0.101771,0.102352,0.505068,4.205769
0.490780,-0.228842,-0.105818,0.248335,1.764501,3.417610
0.444094,-0.242217,-0.117405,-0.058777,3.418308,5.836638
0.398186,-0.247479,-0.105356,-0.595334,2.744217,7.743317
0.413715,-0.198298,-0.092741,-0.506058,3.542249,6.426251
0.423589,-0.147529,-0.079211,-0.908282,3.696790,4.256319
0.382585,-0.117373,-0.086432,-1.212564,3.184611,5.493646
0.311336,-0.089318,-0.090604,-1.437896,2.309526,5.919272
0.298351,-0.012873,-0.091225,-1.877563,2.776821,4.542622
0.280064,0.070560,-0.099490,-2.712428,0.868743,3.885966
0.259884,0.120266,-0.106235,-2.367785,0.684687,4.092663
0.244059,0.175919,-0.092410,-2.636426,0.036999,1.893714
0.233637,0.236891,-0.092068,-2.061957,-0.876595,-0.933668
0.207053,0.294274,-0.114156,-1.623794,1.150113,-1.910189
0.183679,0.346006,-0.091323,-1.690126,0.006325,-1.358349
0.192528,0.409951,-0.111198,-0.621230,1.207362,-2.469633
0.207000,0.483760,-0.083757,-0.180375,0.363122,-5.116917
0.195295,0.531322,-0.072817,-0.009429,0.693007,-5.356346
0.162812,0.557858,-0.084506,0.600494,1.542729,-4.713964
0.165422,0.581094,-0.078436,0.858923,1.064290,-5.691096
0.215466,0.644074,-0.075449,0.573945,1.101261,-6.487216
0.244328,0.689303,-0.084604,0.293658,2.538847,-5.584942
0.236674,0.699219,-0.097235,-0.315306,3.058063,-4.157614
0.234826,0.740427,-0.094208,-1.100439,3.297051,-4.811726
0.237274,0.788268,-0.125861,-1.994749,3.156461,-6.083353
0.240553,0.807471,-0.104000,-2.193376,1.358561,-7.326455
0.225110,0.806975,-0.112600,-2.462057,0.396747,-8.334807
0.190122,0.791928,-0.093158,-1.917497,-0.329495,-10.327054
0.162208,0.771200,-0.091776,-1.905720,-1.468288,-10.677773
0.150644,0.733862,-0.089524,-2.174840,-3.208742,-8.546938
0.162973,0.683427,-0.099444,-2.168180,-1.694441,-7.439022
0.185340,0.629221,-0.101180,-2.048463,-1.034041,-9.693866
0.188274,0.579348,-0.119795,-1.577000,0.013500,-9.353539
0.156753,0.495760,-0.127430,-1.204545,0.424826,-5.787468
0.146804,0.404774,-0.132643,-0.405232,1.486632,-3.691003
0.167463,0.345438,-0.115433,0.428734,2.074188,-2.709723
0.179215,0.250976,-0.098856,1.470862,1.783345,-1.290888
0.159359,0.153786,-0.094632,1.548712,1.747097,2.727898
0.128373,0.051807,-0.116785,1.773207,2.463880,3.911582
0.099967,-0.011032,-0.094140,1.290765,-0.735227,3.292820
0.114774,-0.054091,-0.124315,0.907057,1.373808,6.042464
0.115956,-0.131346,-0.131458,-0.136200,0.960746,7.338214
0.147014,-0.188523,-0.143809,-0.223992,3.047133,6.094188
0.113254,-0.235203,-0.143862,-0.921280,0.483004,3.591880
0.091131,-0.283005,-0.128172,-1.283231,-0.428536,4.565753
0.081651,-0.327029,-0.129239,-1.669876,-1.092314,6.137376
0.096944,-0.339017,-0.128408,-1.687191,-0.479725,5.410854
0.121441,-0.363316,-0.113897,-1.803301,-0.924660,4.772388
0.129207,-0.371923,-0.124660,-1.794261,-0.811908,6.436072
0.105426,-0.404468,-0.126721,-1.841295,-0.344039,7.273682
0.097919,-0.395301,-0.112886,-2.158523,-0.850276,6.557145
0.118614,-0.373105,-0.126209,-1.703058,0.882099,5.031969
0.140965,-0.388325,-0.134428,-0.654733,1.497537,5.915891
0.175033,-0.415711,-0.137130,0.451180,3.258676,7.790605
0.183705,-0.431125,-0.132593,1.267594,3.305218,7.846600
0.180964,-0.399154,-0.110332,2.376858,2.030526,7.620200
0.155965,-0.356167,-0.101528,2.953057,2.007230,8.428674
0.152233,-0.318098,-0.093181,2.873011,1.672477,6.630852
0.178552,-0.247824,-0.101860,2.369758,0.372661,2.525384
0.157016,-0.195321,-0.101170,2.176606,-1.206451,-1.300014
0.090060,-0.162448,-0.121873,1.535109,-0.876329,-0.488610
0.054906,-0.121561,-0.122116,2.104067,-1.168617,0.745973
0.065911,-0.048439,-0.124108,1.606207,-1.269969,-1.686948
0.090530,0.019180,-0.082060,0.638127,-3.337265,-2.208242
0.084506,0.028915,-0.089167,0.142492,-1.560557,-1.804375
0.054935,0.065144,-0.090050,-0.646724,-0.552441,-1.166559
0.046171,0.122091,-0.088960,-1.479725,-0.539883,-1.740579
0.043125,0.183266,-0.120399,-1.747496,2.188069,-1.243813
0.058375,0.236851,-0.109560,-2.606701,2.049301,-0.364638
0.102888,0.247398,-0.105493,-2.544282,2.797789,-1.850794
0.107096,0.256802,-0.098879,-1.766019,3.369583,-3.529467
0.081851,0.275272,-0.105336,-1.112886,2.908555,-2.285282
0.058221,0.309896,-0.107378,-1.270259,0.860996,-0.520748
0.096711,0.362730,-0.090135,-1.338203,1.318532,-1.028886
0.150661,0.402099,-0.095180,-1.227909,1.119623,-2.911102
0.151215,0.409370,-0.109971,-0.956330,1.135605,-2.666235
0.120285,0.398695,-0.113122,-0.622621,-0.185754,-2.219345
0.116307,0.408969,-0.122181,-0.274630,-0.375429,-2.617442
0.164128,0.460944,-0.079460,-0.038088,-1.456418,-3.694328
0.178778,0.472997,-0.080924,0.515689,-1.609918,-4.208266
0.160757,0.455147,-0.067214,0.373316,-1.698636,-2.731740
0.153352,0.455770,-0.084092,0.013955,-0.903081,-1.553440
0.136504,0.489990,-0.088408,-0.501506,-1.252343,-0.770536
0.097541,0.507758,-0.087299,-1.232518,-0.319464,0.968751
0.094423,0.535084,-0.094402,-1.919138,-0.512553,0.108769
0.127277,0.532954,-0.102753,-2.322596,1.563119,-2.944782
0.146607,0.533587,-0.138630,-2.597753,2.949874,-2.772142
0.115470,0.527449,-0.100557,-3.125572,2.640143,0.382262
0.077256,0.523202,-0.090233,-3.553940,2.750325,1.349612
0.079753,0.552455,-0.106718,-3.078102,2.857634,-1.740358
0.117239,0.580598,-0.098262,-3.179204,1.876051,-3.646066
0.090960,0.558130,-0.090516,-3.296866,0.305447,-4.007544
0.040932,0.513525,-0.109721,-3.058279,0.116378,-4.467309
-0.011108,0.491300,-0.125155,-2.490453,-0.995098,-5.594929
0.003919,0.475977,-0.126882,-0.976061,-0.034640,-4.330754
0.057023,0.453207,-0.126015,-0.205722,-0.293579,-2.741684
0.111275,0.405562,-0.093989,0.508858,-1.394594,-3.553174
0.126906,0.351481,-0.103393,1.548150,-0.593653,-5.677994
0.073366,0.281030,-0.097606,2.327089,-1.948177,-4.602372
0.056986,0.239517,-0.098837,1.939883,-1.123307,-1.464734
0.115880,0.223587,-0.110798,1.870528,0.589791,-1.706005
0.172479,0.185918,-0.108947,1.686741,1.168301,-3.612418
0.174449,0.109673,-0.106038,1.481829,1.271701,-2.278208
0.113280,-0.003095,-0.119122,1.971522,2.383844,0.821288
0.107283,-0.066302,-0.122234,1.583023,2.881028,1.843230
0.159435,-0.085038,-0.129157,1.055122,2.250236,2.256405
0.235587,-0.092295,-0.087712,-0.054067,1.396697,3.286823
0.238469,-0.160997,-0.097602,-0.379051,1.290927,2.746505
0.188780,-0.229852,-0.098682,-1.271716,-0.318141,1.057530
0.132056,-0.264249,-0.107525,-1.920930,-0.481616,1.024505
0.122090,-0.268053,-0.114080,-1.954306,-1.500935,3.830212
0.156806,-0.291497,-0.108303,-2.407351,-1.561640,5.382852
0.158355,-0.326428,-0.132826,-2.157243,-1.733092,3.734678
0.130490,-0.391388,-0.109505,-2.094312,-1.486163,3.876299
0.070441,-0.438947,-0.114422,-1.044726,-1.306864,6.554644
0.057509,-0.445611,-0.101623,-0.340462,-0.514916,9.098816
0.106630,-0.397713,-0.077064,0.010946,-0.006407,7.960040
0.158122,-0.377099,-0.079565,0.924648,1.001015,6.927953
0.144844,-0.399689,-0.082786,1.835689,2.321393,6.843295
0.116786,-0.420483,-0.082900,2.442861,2.947347,7.909871
0.106945,-0.382102,-0.080324,2.227005,2.108484,8.470193
0.112384,-0.335009,-0.080583,2.573551,2.595535,9.997934
0.099901,-0.281948,-0.087105,2.047554,2.034248,10.413356
0.096130,-0.254415,-0.067365,1.270975,1.278503,8.837039
0.090261,-0.203196,-0.096861,1.117459,0.449192,5.935852
0.085156,-0.130050,-0.108264,0.133078,0.435724,4.890135
0.076330,-0.051242,-0.092518,-0.795924,-0.280790,5.094896
0.078766,0.033160,-0.091999,-1.716195,-0.605856,3.110956
0.112256,0.129112,-0.078535,-1.681897,-0.456945,-0.411292
0.119369,0.202914,-0.061266,-2.504321,-1.458499,-1.299268
0.089430,0.256119,-0.087128,-2.900233,-1.349719,-1.069906
0.066545,0.319976,-0.068763,-2.920013,-1.240723,-2.492988
0.066151,0.403462,-0.080048,-2.757148,-1.131598,-5.280932
0.026112,0.485388,-0.065044,-3.590933,-1.204550,-4.686711
-0.004901,0.514375,-0.082264,-3.259683,0.233624,-4.182949
0.009266,0.563464,-0.085477,-2.343942,1.456417,-5.757870
0.047845,0.622019,-0.077655,-1.945398,1.719665,-7.878316
0.038487,0.633114,-0.079237,-0.841045,2.513054,-5.930337
0.019639,0.643267,-0.091084,-0.035009,2.591983,-5.517781
0.029017,0.675018,-0.084167,1.137281,3.382306,-7.816863
0.051862,0.717338,-0.069859,1.483919,1.495993,-9.734319
0.039977,0.734473,-0.091481,2.405887,1.043788,-7.826393
-0.019731,0.708719,-0.091881,1.904317,-0.186266,-7.748251
-0.085360,0.695894,-0.087200,1.199850,-1.575420,-9.751964
-0.077538,0.678317,-0.086235,1.098095,-2.143558,-8.961166
-0.055490,0.640647,-0.100386,0.558373,-2.351320,-5.876975
-0.030665,0.622289,-0.087296,-0.044909,-2.170070,-5.936991
-0.027310,0.607078,-0.098213,-1.071157,-0.879730,-6.741713
-0.038533,0.569527,-0.098948,-2.078859,-0.789654,-6.672526
-0.042124,0.523940,-0.096286,-2.525283,0.320552,-4.657187
-0.018621,0.493837,-0.079142,-2.722617,1.193041,-4.202841
0.006118,0.467978,-0.070217,-3.819739,0.469283,-4.822433
0.007556,0.405736,-0.080665,-3.335120,1.210993,-3.751790
-0.019031,0.305228,-0.089528,-3.260356,1.733140,-0.568857
-0.038244,0.200663,-0.060783,-3.792065,-3.843621,1.187804
0.028511,0.154902,-0.116847,-2.308209,1.978322,3.277990
0.075391,0.106598,-0.125480,-2.134289,1.822547,4.558901
0.078831,0.045492,-0.110164,-1.271086,0.783222,6.119334
0.074735,-0.012453,-0.108201,0.091043,0.962749,5.277648
0.064211,-0.069187,-0.111917,1.482781,-0.174268,2.555581
0.057771,-0.119910,-0.104660,1.459738,-2.083354,1.895175
0.044717,-0.169580,-0.091445,1.649197,-2.098890,2.886495
0.033665,-0.209048,-0.103856,2.067993,-1.950724,4.127365
0.018375,-0.241052,-0.090503,1.925995,-2.193808,4.458590
0.001412,-0.274090,-0.126544,1.567491,-1.193767,6.272748
-0.007520,-0.318603,-0.117130,1.600821,-0.184989,6.493853
0.015260,-0.346999,-0.109951,1.220018,0.063581,3.692158
0.008459,-0.334621,-0.098873,1.387912,1.081317,2.513286
-0.023282,-0.338137,-0.097202,0.570355,2.047105,3.494120
-0.044644,-0.356315,-0.074671,-0.115855,1.312788,4.780551
-0.029223,-0.355632,-0.076188,-0.759521,1.658238,5.142453
-0.001595,-0.351257,-0.094245,-0.748502,2.189928,5.225276
0.005337,-0.342683,-0.094921,-1.325735,1.575317,5.335520
0.002104,-0.336889,-0.104279,-1.524093,2.297769,3.438533
-0.015440,-0.307827,-0.129006,-0.893123,1.516850,1.514084
-0.031616,-0.269350,-0.096316,-1.418694,-0.440993,0.921610
-0.032420,-0.259358,-0.081561,-0.760562,-1.624239,0.730506
-0.014403,-0.247630,-0.081276,-0.022985,-1.454606,0.111987
0.012575,-0.217835,-0.068848,0.615170,-2.233020,-0.394411
0.013760,-0.193204,-0.065064,0.882180,-3.732454,0.602468
0.002459,-0.203534,-0.084597,1.564973,-0.982556,0.486418
0.008377,-0.187338,-0.086820,1.440381,-1.127183,-1.492772
0.066030,-0.154983,-0.078512,1.857612,0.187771,-2.443159
0.076537,-0.121890,-0.062201,2.495544,-0.078579,0.424806
0.048616,-0.106298,-0.058558,2.257118,0.921876,3.200797
0.036517,-0.071583,-0.053828,2.299346,1.287070,3.863163
0.036383,-0.029351,-0.052026,2.220929,1.566021,3.402403
0.035355,0.012520,-0.045914,1.684171,1.386495,4.135197
0.060115,0.062341,-0.085828,0.641695,7.367406,4.177599
0.031810,0.130536,-0.066104,-1.118118,2.064148,1.142734
0.003929,0.187129,-0.050880,-2.232595,0.827020,0.372558
-0.024651,0.250835,-0.081098,-2.843184,0.497817,1.338972
-0.049319,0.275906,-0.093358,-3.506982,-0.626277,0.598496
-0.057406,0.318716,-0.083363,-3.678981,-1.143950,-2.717976
-0.085924,0.337143,-0.088474,-3.032732,-0.941765,-4.242190
-0.106124,0.339346,-0.068418,-2.488963,-1.574196,-2.674107
-0.103370,0.362434,-0.064955,-2.456743,-1.805873,-1.391419
-0.089279,0.398617,-0.054087,-1.721893,-1.350320,-1.687557
-0.090940,0.453808,-0.031822,-1.792541,-1.642132,-0.081077
-0.125806,0.471467,-0.049318,-1.589605,-1.356757,1.685899
-0.127040,0.502069,-0.052485,-1.398537,0.011586,0.630581
-0.116356,0.526799,-0.080268,-0.770400,1.533574,-3.675204
-0.113828,0.558577,-0.072141,-0.351679,1.939267,-4.922974
-0.124020,0.562210,-0.063698,0.119758,1.916188,-3.755979
-0.135673,0.557779,-0.035640,0.177118,0.754113,-1.808337
-0.087132,0.602043,-0.043931,0.344999,0.985476,-0.870771
-0.053556,0.638448,-0.075111,0.197010,1.749565,-1.482391
-0.044917,0.664468,-0.070864,-0.794391,0.203034,-3.615487
-0.045672,0.675668,-0.088471,-1.735719,-0.227418,-7.257425
-0.060791,0.693508,-0.098190,-1.976873,-0.712129,-10.330970
-0.075854,0.680480,-0.091766,-2.456635,-1.685109,-9.945428
-0.095860,0.661225,-0.081496,-2.057431,-2.434500,-7.764973
-0.085501,0.636689,-0.082963,-1.822129,-2.437040,-7.585600
-0.088097,0.603031,-0.062323,-1.833204,-4.365752,-7.841042
-0.102767,0.561327,-0.077668,-1.766755,-3.073863,-7.343753
-0.126778,0.514165,-0.097799,-1.885293,-1.599900,-6.697339
-0.139254,0.458035,-0.104443,-1.740272,-0.911462,-7.315008
-0.127858,0.405103,-0.089922,-1.200606,0.051816,-6.301167
-0.116753,0.319040,-0.082782,0.086842,1.157453,-2.696004
-0.116392,0.209003,-0.065694,1.038125,1.232319,-0.330264
-0.125035,0.137518,-0.079904,1.164345,0.544947,1.196311
-0.134984,0.076668,-0.092091,1.582160,1.584403,1.858779
-0.164148,-0.004766,-0.091855,2.283059,1.531851,1.711674
-0.160994,-0.065665,-0.099093,2.016269,1.346715,2.161467
-0.151911,-0.138522,-0.107319,1.354129,-0.093845,2.213065
-0.148412,-0.192853,-0.114694,0.865052,-0.278052,3.817099
-0.172988,-0.264751,-0.110004,0.538545,-1.481890,6.718234
-0.176322,-0.312045,-0.130558,1.068928,-0.788022,7.159184
-0.154708,-0.346934,-0.107922,0.351482,-1.707771,5.237077
-0.137823,-0.362752,-0.078203,-0.193367,-2.770001,5.414737
-0.146830,-0.419676,-0.067365,-0.970303,-2.757603,6.727099
-0.152735,-0.453689,-0.098548,-1.121962,-1.885695,8.308775
-0.130096,-0.464544,-0.099293,-1.910630,-1.064446,7.463820
-0.101148,-0.450659,-0.070348,-2.137171,-1.745154,9.231864
-0.095341,-0.450419,-0.104318,-1.965932,0.943054,10.495914
-0.120636,-0.469083,-0.088943,-1.984048,1.001698,8.572582
-0.134672,-0.461169,-0.086780,-1.073093,0.820695,6.066902
-0.149594,-0.442154,-0.088116,-0.275303,0.295084,7.319625
-0.149137,-0.411998,-0.056661,0.150784,1.055514,8.061200
-0.133053,-0.359394,-0.039907,0.533027,0.673527,7.716579
-0.120984,-0.293926,-0.061775,0.815789,0.268858,7.625153
-0.133529,-0.244111,-0.064194,1.064900,-0.143252,8.131514
-0.198758,-0.217944,-0.054921,0.908098,-1.684423,6.416170
-0.199175,-0.129236,-0.066912,0.684124,-1.297453,2.904993
-0.202316,-0.043708,-0.065267,0.870406,-1.798727,-0.280773
-0.215928,0.038008,-0.088517,0.591917,-2.137180,0.203497
-0.258347,0.090698,-0.061903,0.849418,-2.640893,0.199370
-0.288808,0.155618,-0.039664,0.820985,-2.028088,-1.549049
-0.267824,0.254521,-0.034324,-0.025323,-1.803894,-2.675106
-0.273847,0.342031,-0.024841,-1.197091,-2.664185,-3.544058
-0.261289,0.427420,-0.048655,-1.955393,-0.659705,-4.228243
-0.276778,0.506005,-0.044243,-2.426912,0.098712,-7.262902
-0.262323,0.572714,-0.056149,-2.703720,1.810090,-8.479801
-0.245471,0.620227,-0.054350,-2.391662,1.919287,-7.400729
-0.225116,0.635487,-0.047601,-1.606286,1.835417,-7.398251
-0.209452,0.644659,-0.036677,-1.314372,0.198387,-8.158122
-0.197314,0.653288,-0.040642,-0.937076,0.628294,-6.895361
-0.220488,0.619463,-0.058939,-0.462740,0.404021,-5.965929
-0.222753,0.598996,-0.051458,-0.036719,-1.383647,-5.962856
-0.221581,0.599643,-0.054396,0.362300,-1.148237,-7.133512
-0.205989,0.592898,-0.065270,0.412138,-2.498750,-6.155935
-0.196628,0.571427,-0.045129,0.896199,-2.811521,-4.389773
-0.173703,0.548109,-0.041483,1.196798,-2.527143,-3.834771
-0.150861,0.553394,-0.059959,0.425034,-2.444646,-4.293370
-0.144007,0.518390,-0.054872,-0.015026,-2.046125,-4.137552
-0.152299,0.484466,-0.046593,-1.680971,-1.585852,-3.426100
-0.162500,0.453059,-0.085937,-2.121373,-0.004077,-2.685772
-0.170667,0.431753,-0.077622,-2.892657,0.289294,-2.957151
-0.184676,0.407942,-0.056211,-3.103422,0.322013,-1.867794
-0.183889,0.374350,-0.045182,-2.476631,1.117830,-1.178039
-0.151655,0.337514,-0.057215,-2.862688,2.238307,-0.091633
-0.110818,0.311386,-0.068540,-3.181157,1.106782,0.420229
-0.110654,0.254695,-0.098456,-2.704393,1.688420,1.150267
-0.130122,0.195345,-0.083629,-3.008343,1.219409,2.681758
-0.124309,0.148403,-0.088572,-1.973522,0.350705,1.428399
-0.117439,0.142435,-0.087923,-1.019973,-0.562046,1.972237
-0.139375,0.106276,-0.040705,0.223211,-1.865495,2.595992
-0.161768,0.071515,-0.067949,0.130232,-3.818901,1.459349
-0.152072,0.039997,-0.086626,0.593594,-2.554958,-0.730490
-0.116681,0.018553,-0.108228,1.309845,-2.291238,-0.624273
-0.085612,-0.002396,-0.095361,1.069495,-2.051429,1.392518
-0.079248,-0.042274,-0.092692,1.273095,-0.426218,2.664906
-0.084106,-0.094888,-0.087322,2.262947,0.090546,1.214604
-0.053353,-0.109456,-0.069613,2.273756,0.100534,0.577618
-0.028642,-0.124118,-0.091002,1.804699,1.105476,1.673648
-0.026036,-0.155292,-0.089551,1.597794,1.362343,1.576662
-0.045970,-0.162086,-0.067916,0.752084,1.331143,0.675071
-0.060584,-0.187860,-0.093102,0.598581,1.532911,0.825141
-0.049821,-0.231910,-0.097432,-0.093321,1.564797,1.435491
-0.018020,-0.255091,-0.079736,-0.108575,0.457545,1.841057
-0.001329,-0.256125,-0.068609,0.270448,0.569972,0.870641
0.015592,-0.275088,-0.079477,0.413520,1.994872,1.282515
-0.008902,-0.301488,-0.075394,-0.172773,-2.575661,1.578690
0.011712,-0.303277,-0.075531,-0.798274,-1.511770,1.338619
0.041290,-0.324219,-0.093115,-0.791535,-0.968602,1.485972
0.049634,-0.331687,-0.085113,-0.564088,-1.915835,2.877247
0.018743,-0.332307,-0.072791,-0.220644,-0.740627,2.996277
-0.016947,-0.348092,-0.049978,0.233432,-1.890622,1.770017
-0.020558,-0.331454,-0.046196,0.685066,-2.040722,1.255363
-0.008905,-0.312613,-0.042612,1.108268,-1.465405,1.053069
-0.006542,-0.312169,-0.054990,1.356689,-0.051210,2.002984
-0.017833,-0.323349,-0.047759,1.325618,0.082842,3.340319
-0.020810,-0.301416,-0.064424,1.080249,1.665578,5.425721
-0.029213,-0.282132,-0.080393,1.399417,2.028704,7.379621
-0.011777,-0.245815,-0.066501,1.101398,2.295527,7.794495
0.007684,-0.191835,-0.049177,1.004211,2.995805,5.588391
-0.007300,-0.156103,-0.023288,0.585868,1.260417,4.706153
-0.040856,-0.124742,-0.020137,0.305547,0.916017,6.233241
-0.092693,-0.083935,-0.048697,-0.309371,0.165723,6.523394
-0.112279,-0.003170,-0.017035,-1.367862,-1.093407,5.096497
-0.082918,0.101431,-0.005172,-2.412311,-2.373161,3.137914
-0.070224,0.176041,-0.038988,-3.028576,-1.464204,2.554017
-0.081326,0.232535,-0.046446,-3.591708,-1.687440,-0.179937
-0.093487,0.296503,-0.053483,-3.543262,-1.745939,-3.022905
-0.106420,0.378771,-0.035282,-3.041135,-1.402842,-3.339697
-0.116963,0.443278,-0.019464,-2.750692,-1.157287,-2.457343
-0.122612,0.501085,-0.011629,-2.519611,-1.360614,-1.774964
-0.150257,0.554585,-0.007697,-2.147616,-1.200172,-2.910147
-0.174278,0.594611,-0.029344,-1.771974,-0.502325,-3.681475
-0.170815,0.627327,-0.030972,-1.253818,-0.536098,-4.087720
-0.128025,0.669723,-0.054865,-0.581128,2.328446,-5.226405
-0.116261,0.724901,-0.036992,-0.271854,1.551388,-5.826376
-0.145757,0.750504,-0.033198,0.715668,1.176908,-5.289652
-0.183734,0.779258,-0.039950,1.139838,0.753509,-5.039567
-0.212046,0.786466,-0.043163,1.111937,-1.360056,-7.311051
-0.211849,0.818907,-0.043629,0.249089,-1.180031,-9.438403
-0.255942,0.834183,-0.062349,-0.443197,-1.659139,-10.453895
-0.287469,0.810711,-0.058653,-1.018776,-1.048543,-10.610451
-0.275049,0.807822,-0.063636,-1.169860,-1.864823,-11.039929
-0.238893,0.778989,-0.059838,-0.852517,-1.397144,-10.658715
-0.205907,0.726578,-0.054714,-0.655653,-1.461552,-9.034373
-0.234445,0.656708,-0.032354,-1.576560,-2.888221,-8.014995
-0.271694,0.605072,-0.051642,-1.429297,-1.640767,-8.878523
-0.295334,0.554730,-0.057058,-1.520322,-1.492131,-7.686327
-0.301443,0.491713,-0.071973,-1.530350,-1.287685,-5.242561
-0.306117,0.404269,-0.085874,-1.825596,0.592552,-3.413142
-0.313489,0.306797,-0.087417,-1.563276,-0.012894,-1.898742
-0.324919,0.223426,-0.067381,-1.064185,0.064644,-0.450766
-0.358334,0.125541,-0.058049,-0.612652,-0.607964,1.909181
-0.332002,0.038159,-0.055958,0.380561,0.150887,3.126799
-0.289445,-0.010631,-0.069751,0.220217,0.170700,3.282638
-0.269787,-0.077951,-0.072354,0.324323,-0.501665,3.878726
-0.307495,-0.176490,-0.083196,0.125788,-0.741605,4.600286
-0.371989,-0.240530,-0.108586,0.588789,-1.544860,6.183921
-0.373837,-0.282178,-0.125044,0.494235,-0.417710,7.023268
-0.353709,-0.316775,-0.086652,0.316199,-2.319217,6.868820
-0.340737,-0.378117,-0.072377,1.122277,-2.301712,7.156372
-0.349606,-0.450081,-0.074281,1.039021,-2.279384,7.238939
-0.380411,-0.459256,-0.049127,-0.037641,-4.114553,8.612998
-0.392638,-0.468463,-0.076382,-0.153019,-2.340457,9.973454
-0.396367,-0.468486,-0.090073,-0.678324,-1.896668,10.699244
-0.358015,-0.461652,-0.103166,-0.451396,-0.302982,9.407870
-0.358649,-0.471305,-0.088208,-1.133552,0.884952,8.778029
-0.397365,-0.485745,-0.068310,-1.070112,0.060892,9.429590
-0.420188,-0.466907,-0.068842,-0.850832,-0.117075,9.676599
-0.400602,-0.400076,-0.042267,-0.482093,0.469034,8.089943
-0.348017,-0.323481,-0.030641,-0.644541,0.321515,6.653535
-0.318738,-0.264981,-0.043902,-0.592958,-0.201237,5.432254
-0.356243,-0.237395,-0.044791,-0.718777,-1.253800,3.183720
-0.386947,-0.173536,-0.065047,-0.249716,-1.424414,1.450715
-0.405854,-0.095381,-0.057882,-0.311686,-2.407508,0.660989
-0.419354,-0.031202,-0.039595,-0.186927,-3.063132,-0.225700
-0.428506,0.014230,-0.058568,0.293297,-3.254873,-1.853462
-0.454000,0.053449,-0.042398,0.418411,-3.711965,-4.113272
-0.473928,0.107717,-0.030463,1.329592,-3.620825,-3.656423
-0.460766,0.156323,-0.014317,1.949474,-2.723026,-2.961485
-0.439187,0.222573,-0.039569,1.984133,-2.202041,-2.779563
-0.427052,0.278059,-0.018962,1.725382,-0.869361,-3.510474
-0.439203,0.312548,-0.011567,1.223100,-0.913523,-3.434919
-0.458770,0.345300,-0.018368,0.723250,-1.565100,-2.816666
-0.486421,0.376848,-0.027476,0.207291,0.138938,-3.437277
-0.487114,0.432892,-0.024233,-0.711871,0.552296,-4.940681
-0.470849,0.480737,-0.030647,-1.114488,1.554706,-4.754862
-0.456961,0.505191,-0.047562,-1.674794,1.821936,-4.519859
-0.457949,0.498469,-0.066800,-1.803984,0.325870,-5.634933
-0.441406,0.495301,-0.013480,-2.466472,-0.988924,-5.484400
-0.425762,0.499588,-0.015722,-1.736707,-1.242650,-4.383352
-0.438284,0.494356,-0.008261,-1.839241,-3.022030,-3.304969
-0.434500,0.498564,-0.004312,-2.065703,-3.026944,-3.415518
-0.428096,0.492160,-0.025940,-1.788642,-2.716021,-3.467948
-0.441012,0.473456,-0.003866,-2.013617,-3.949017,-2.163717
-0.441918,0.466176,-0.016661,-2.016903,-4.126597,-0.090673
-0.422414,0.449882,-0.055889,-1.917799,-1.784715,-1.009611
-0.409934,0.437793,-0.062359,-1.269547,-1.716575,-1.372494
-0.365191,0.429291,-0.038844,-1.591403,-0.554244,-0.231144
-0.333381,0.406271,-0.017445,-0.965328,0.165063,0.448328
-0.316099,0.381742,-0.009472,-0.720274,1.047196,0.031088
-0.312097,0.371057,-0.011593,-0.764357,0.105691,0.729851
-0.315692,0.353733,-0.025970,-0.585198,1.117955,1.555384
-0.312035,0.341745,-0.013904,-0.722749,0.771202,1.026718
-0.303950,0.342937,-0.017078,-1.040561,-0.211833,-0.234904
-0.303156,0.338522,-0.027844,-1.358189,-1.130147,-1.030987
-0.329980,0.309535,-0.019858,-1.502745,-2.035818,-1.008844
-0.326576,0.299126,-0.044844,-1.479889,-1.474255,-1.862845
-0.294123,0.292669,-0.066180,-1.263009,-1.592334,-3.810050
-0.256844,0.277744,-0.046902,-1.316525,-2.681739,-3.580662
-0.247391,0.237797,-0.054379,-0.544555,-2.617541,-2.152729
-0.269281,0.189890,-0.037856,-0.110216,-2.557381,-2.950092
-0.277684,0.145678,-0.027916,-0.076644,-3.404460,-3.319701
-0.243275,0.122396,-0.040872,0.363696,-1.620924,-2.378543
-0.231793,0.093176,-0.048921,0.745384,-0.470522,-2.022975
-0.224597,0.056928,-0.041883,0.554569,-0.508000,-1.893778
-0.218033,0.019659,-0.049610,0.569301,0.349697,-2.633721
-0.208310,-0.039799,-0.054113,0.622201,1.211347,-1.772228
-0.228073,-0.109528,-0.050332,0.621820,1.043542,-0.593320
-0.199460,-0.130240,-0.055033,1.218991,1.644019,-0.213449
-0.154114,-0.161578,-0.058479,1.309189,1.767914,-0.072569
-0.154567,-0.218256,-0.043997,1.641877,0.967239,0.934376
-0.186314,-0.266783,-0.049196,2.143923,-0.413804,1.962157
-0.216903,-0.315465,-0.051645,2.030902,-1.494471,1.831158
-0.222139,-0.349051,-0.018486,1.268014,-5.786003,1.449667
-0.194593,-0.358114,-0.045238,0.615846,-3.520044,2.995624
-0.210693,-0.413456,-0.057061,0.492033,-2.916033,3.524625
-0.231878,-0.448538,-0.044919,0.432289,-3.200775,3.949002
-0.227972,-0.463247,-0.038604,0.161202,-1.089671,3.442433
-0.225694,-0.478392,-0.024742,-0.052783,-1.642421,5.201447
-0.187260,-0.474027,-0.034714,-0.573640,-0.338022,6.436678
-0.159267,-0.469641,-0.032568,-0.336684,0.462738,6.201764
-0.142625,-0.458872,-0.031524,0.412388,1.556168,6.648586
-0.131307,-0.478395,0.004668,-0.093078,1.327887,8.430301
-0.127109,-0.478940,-0.013756,-0.374219,1.597586,10.608508
-0.115729,-0.437411,-0.023465,-0.315778,1.124629,10.338682
-0.115571,-0.393059,-0.034741,-0.432600,1.511592,8.931929
-0.135387,-0.353305,-0.021105,-0.402441,-0.015556,9.170437
-0.146853,-0.306202,-0.023672,-0.399474,0.962036,7.434817
-0.147765,-0.240789,-0.017747,-0.674808,-0.890289,5.618604
-0.175088,-0.157494,0.006270,-0.635938,-2.805444,4.561286
-0.189104,-0.084949,0.002404,-0.188909,-3.848288,3.658293
-0.196995,-0.011941,0.007915,0.052688,-3.334551,1.701817
-0.184250,0.062459,0.000946,0.028273,-2.858141,-0.010826
-0.198663,0.145390,-0.004703,-0.071375,-2.947541,-0.801974
-0.222854,0.227451,0.003474,-0.810620,-2.191110,-0.506877
-0.232764,0.322480,0.022430,-1.294497,-0.888698,-0.919790
-0.221972,0.424223,0.022508,-1.648124,-1.259761,-2.895743
-0.220104,0.499982,-0.000485,-1.794396,0.170072,-4.289497
-0.231038,0.543297,-0.009052,-1.466283,1.932633,-6.089341
-0.253151,0.597805,-0.010917,-1.460772,1.868439,-6.069257
-0.278574,0.652986,-0.005330,-1.391303,1.665837,-6.563991
-0.300025,0.688413,-0.004434,-1.339706,1.225747,-6.452001
-0.317612,0.714689,0.005203,-1.059872,-0.069703,-6.370830
-0.315610,0.746260,-0.016825,-0.635128,0.498743,-8.563736
-0.338209,0.754502,0.003526,-0.329943,-1.509817,-10.402246
-0.370962,0.771325,-0.001762,-0.408439,-2.589598,-9.089472
-0.377064,0.774463,-0.001217,-0.501020,-3.320637,-8.804057
-0.347138,0.781691,0.005075,-0.035147,-3.439136,-9.684955
-0.341905,0.775759,-0.009193,0.052658,-3.405435,-9.621581
-0.360244,0.755287,-0.022540,-0.417830,-3.178231,-8.378587
-0.390157,0.706155,-0.022001,-0.901281,-2.084589,-8.948418
-0.370518,0.680811,0.007380,-1.415823,-1.874870,-9.026333
-0.330965,0.656321,0.006060,-1.837672,-1.311804,-7.498446
-0.323616,0.604298,-0.018456,-2.101708,-0.092657,-5.019012
-0.344187,0.514927,-0.035607,-1.952793,1.082781,-3.540670
-0.347476,0.425027,-0.032613,-1.993906,0.938599,-2.007222
-0.337464,0.352062,-0.037058,-1.225129,2.983250,-0.340543
-0.354444,0.260695,-0.043268,-0.880575,1.456568,2.281168
-0.353092,0.175309,-0.037028,-0.713518,0.418885,3.671413
-0.307922,0.114439,-0.034389,-0.379540,-0.488168,3.601935
-0.312107,0.050911,-0.033887,0.198126,-1.012613,4.270007
-0.336305,-0.022241,-0.027004,-0.185338,-2.675174,5.069348
-0.338442,-0.060761,-0.025911,-0.373885,-2.655480,5.267450
-0.318659,-0.083121,-0.029548,-0.524460,-3.029586,3.778037
-0.330686,-0.125724,-0.031711,-0.954164,-3.386429,4.694911
-0.348680,-0.184322,-0.033017,-1.011462,-3.951189,5.625736
-0.390997,-0.215987,-0.035975,-1.371897,-3.880289,5.241638
-0.403008,-0.255652,-0.056539,-1.333797,-3.047895,4.879362
-0.402482,-0.262096,-0.034711,-1.277464,-2.513885,7.190543
-0.408178,-0.296266,-0.044184,-0.586485,-1.489308,6.731091
-0.400487,-0.313679,-0.037124,-0.665549,-0.548522,5.977246
-0.424609,-0.315780,-0.029656,-0.178825,-0.384699,5.138002
-0.439394,-0.321560,-0.009732,0.495115,0.456351,5.576775
-0.623663,-0.346563,0.206696,-2.663478,-37.211347,4.682461
-0.452257,-0.311109,-0.001988,0.611786,-0.146597,6.344855
-0.469352,-0.272445,-0.013930,0.791663,-0.701136,6.253790
-0.494739,-0.255508,-0.018371,0.802207,-0.552947,6.150485
-0.522525,-0.226596,-0.030001,0.113955,-1.326778,4.197370
-0.507754,-0.175167,-0.029725,0.027380,-2.004832,1.394764
-0.463693,-0.128996,-0.030391,0.073505,-2.449917,0.005105
-0.469894,-0.102582,-0.020790,0.726146,-1.680297,-0.092220
-0.499784,-0.092751,-0.014317,0.405048,-2.614709,-1.278547
-0.479085,-0.043137,0.004642,0.505740,-3.019450,-2.489160
-0.453272,0.001570,0.001980,0.866903,-3.024432,-2.047146
-0.460418,0.021573,0.013065,0.943456,-3.329762,-1.461497
-0.491246,0.040302,0.019197,0.256901,-3.301815,-1.316158
-0.508706,0.091997,0.011348,-0.009485,-2.389442,-1.451041
-0.491236,0.136698,0.003073,-0.338677,-1.230721,-0.846390
-0.454247,0.163325,-0.012837,-0.107420,-0.878548,-0.525472
-0.424504,0.170372,-0.028409,-0.580301,0.153736,-0.708169
-0.423884,0.176645,0.004028,-0.872694,0.791888,-0.700042
-0.459554,0.177469,-0.002999,-0.303880,0.205841,-0.365956
-0.474427,0.202799,0.017266,-0.260125,0.028054,-0.382332
-0.456111,0.251554,0.028919,-0.629498,-1.468849,-0.493371
-0.472353,0.269509,0.038911,-0.454908,-2.077725,-1.223225
-0.499236,0.256845,0.036009,0.099453,-2.589116,-2.049113
-0.521359,0.248642,0.027652,-0.113239,-3.077624,-1.104896
-0.523792,0.262179,0.010944,-0.305213,-3.268580,-0.013088
-0.497060,0.289085,0.002797,-1.045271,-3.411238,0.003918
-0.475724,0.322595,0.019183,-1.297162,-2.953246,0.828473
-0.490944,0.317557,-0.007834,-1.393295,-3.225236,-0.042916
-0.510393,0.326469,-0.018072,-1.706774,-1.031966,0.153685
-0.514670,0.354314,0.006159,-2.508011,-1.617885,1.128244
-0.536400,0.376217,0.010104,-1.927453,-0.946190,1.201071
-0.535546,0.382552,0.023956,-1.726023,-0.163066,0.893940
-0.530517,0.399844,0.029973,-2.610604,-0.565200,-0.277684
-0.522636,0.401262,0.017385,-2.232999,-0.109690,0.485686
-0.534039,0.408169,0.010239,-2.055048,0.292337,0.749082
-0.526982,0.440622,-0.001512,-2.471839,-0.117666,-0.494588
-0.517348,0.478026,0.000313,-2.577894,-0.445263,-2.459735
-0.507695,0.503688,0.013252,-2.744855,-1.210347,-4.304151
-0.505318,0.506793,0.003950,-2.237006,-1.447848,-4.668446
-0.543263,0.478265,-0.000301,-1.313539,-1.902141,-6.682134
-0.551781,0.489744,0.002968,-0.761469,-3.759170,-6.398403
-0.545791,0.501157,-0.004782,0.128413,-3.376802,-5.547434
-0.542534,0.479004,0.000894,1.171441,-2.293663,-5.629876
-0.547373,0.446189,0.010754,1.132094,-3.860975,-6.589943
-0.533413,0.411474,0.009697,1.228825,-3.320059,-6.953916
-0.539587,0.361167,-0.014954,1.603338,-2.749256,-5.486100
-0.518343,0.322648,-0.002366,1.532460,-1.542727,-4.474797
-0.494240,0.293221,-0.008517,1.079359,-1.335671,-4.139442
-0.479380,0.242415,-0.007175,0.827179,-0.490587,-4.107451
-0.471076,0.169614,-0.021791,0.602539,0.310840,-3.081951
-0.487636,0.088285,-0.023104,0.668490,0.150023,-2.868523
-0.485712,0.036488,-0.030401,0.381125,0.743478,-2.616762
-0.464297,-0.005501,-0.040376,-0.042808,0.825122,-2.563537
-0.450872,-0.075558,-0.006758,0.585070,-0.844053,-1.813416
-0.456994,-0.143948,-0.017097,0.009691,-1.696187,-0.074333
-0.479459,-0.234845,0.014933,-0.428639,-4.141945,0.621453
-0.488834,-0.300825,-0.000387,-0.431380,-5.006795,2.274969
-0.478369,-0.348273,-0.004985,-0.205213,-3.780276,4.345850
-0.470652,-0.410114,-0.020144,-0.220617,-3.392653,4.898699
-0.478930,-0.458675,0.016456,-0.456582,-5.648295,4.687767
-0.486552,-0.508587,-0.017803,-0.308449,-2.833493,6.374232
-0.507642,-0.562593,-0.007930,-0.107465,-2.749932,7.953108
-0.493271,-0.588029,-0.020551,-0.043760,-2.086584,7.907463
-0.465118,-0.586890,0.012162,1.358951,-0.993056,8.354279
-0.459561,-0.597696,0.015077,1.209239,-0.148540,8.990294
-0.459498,-0.605603,-0.003075,0.991912,0.650379,10.015092
-0.465075,-0.605153,-0.006190,1.076868,0.043633,9.362720
-0.463917,-0.591190,-0.025550,0.661587,0.630711,10.220441
-0.454552,-0.547796,0.021317,0.264606,-0.577630,11.548624
-0.466536,-0.519534,0.014900,0.433451,-0.710192,10.681734
-0.488578,-0.481970,-0.009141,0.116351,-0.224910,8.842905
-0.522278,-0.433416,-0.000344,-0.189273,-2.399522,7.647561
-0.540407,-0.344314,0.020585,-0.025821,-2.981114,7.167703
-0.548764,-0.268372,0.022958,0.061554,-3.162800,5.263924
-0.524018,-0.179339,0.040115,-0.845909,-4.585563,2.443701
-0.494594,-0.082139,0.035934,-1.022711,-3.815008,0.838636
-0.496268,-0.014294,0.035674,-1.159822,-3.594930,0.042497
-0.509244,0.072231,0.030029,-1.393804,-2.388194,-0.225122
-0.491033,0.176881,0.019745,-2.056183,-2.700899,-2.123370
-0.459725,0.273592,0.020175,-1.533025,-0.312151,-4.262143
-0.459998,0.331714,0.015901,-1.352074,-0.738306,-4.689159
-0.495642,0.368520,0.014568,-0.926605,-0.130980,-5.153569
-0.503227,0.419224,0.030452,0.335545,-0.006664,-5.700723
-0.503556,0.460386,0.029782,1.012138,-0.013390,-6.319309
-0.492697,0.503041,0.056515,1.579701,-0.911796,-5.504906
-0.490370,0.554641,0.050255,1.475657,-1.400446,-4.537658
-0.517138,0.587629,0.056268,1.502704,-2.023611,-7.212925
-0.533134,0.620749,0.060742,1.222798,-3.326683,-8.092162
-0.529986,0.662571,0.036738,0.319560,-3.133669,-7.535678
-0.533724,0.678094,0.017765,-0.007112,-3.208115,-8.903122
-0.510990,0.690130,0.012313,-0.486112,-2.546861,-10.113160
-0.502026,0.669874,0.023582,-0.771431,-2.421446,-9.150933
-0.519761,0.623454,0.009750,-0.528921,-1.812422,-7.342755
-0.518691,0.609651,0.014424,-1.618740,-1.958540,-7.005271
-0.480746,0.599952,0.020411,-1.857114,-1.669652,-6.701015
-0.458478,0.584478,0.018648,-2.117559,-1.874145,-5.169944
-0.459266,0.533906,0.010052,-2.956176,-1.089734,-4.114547
-0.467859,0.508798,0.002945,-2.984798,-0.926827,-3.277597
-0.475195,0.462460,0.014906,-2.213662,-0.219310,-2.455871
-0.474883,0.406714,0.039459,-2.457481,-1.122033,-1.258759
-0.446471,0.347086,0.024317,-2.410427,-2.164188,1.036495
-0.441251,0.279927,0.002955,-2.327050,-1.347215,2.605068
-0.466697,0.211485,0.011092,-1.226767,-1.606820,2.860846
-0.453886,0.177623,-0.022546,-1.376827,-0.446235,3.754516
-0.419450,0.151580,-0.027870,-1.015431,-0.354274,3.632319
-0.369589,0.127143,-0.015729,-0.360998,-1.059851,3.223817
-0.356085,0.090186,0.001294,-0.247724,-1.784137,2.884528
-0.391933,0.039183,0.001704,0.091365,-1.982915,2.679665
-0.426448,-0.014879,0.012231,0.439097,-2.709282,3.226838
-0.400779,-0.022753,0.031007,0.694979,-2.050123,4.046555
-0.367889,-0.015069,0.020244,0.310317,-2.736664,4.866561
-0.369606,-0.019845,-0.007903,-0.004876,-1.916429,4.189689
-0.424560,-0.052187,-0.002504,-0.404313,-2.312875,3.155609
-0.448105,-0.056165,-0.018266,-1.065911,-1.459993,1.695343
-0.418005,-0.052059,-0.024427,-1.117193,-0.609257,1.659099
-0.389110,-0.061752,-0.010329,-0.767475,-0.351231,1.706551
-0.385214,-0.107562,0.025709,0.151752,-0.450712,0.989519
-0.425312,-0.163091,0.028246,0.312601,-0.935075,1.061227
-0.457053,-0.184935,0.027488,0.142922,-1.708582,2.585283
-0.430341,-0.176874,0.004045,0.237177,-1.206162,3.877327
-0.386766,-0.157960,0.022916,0.347037,-1.361119,3.662190
-0.375324,-0.124187,0.009714,-0.439911,-2.507251,2.070834
-0.406241,-0.110900,-0.038112,-0.638331,-0.798746,1.182050
-0.464058,-0.129498,-0.004939,-0.520590,-2.146991,-0.148694
-0.459108,-0.114803,0.022374,0.315529,-1.990707,-1.659640
-0.421803,-0.093080,0.032937,0.971078,-2.509257,-2.823701
-0.395970,-0.094356,0.038560,0.723293,-2.830263,-2.699595
-0.447518,-0.137504,0.030915,1.162546,-2.328240,-1.469672
-0.482738,-0.150729,0.033196,1.130828,-2.081982,-0.818571
-0.463309,-0.135610,0.041986,1.314070,-2.417066,1.191043
-0.422532,-0.104699,0.028716,0.734037,-1.856301,3.147791
-0.393292,-0.103774,0.038957,1.370968,-0.827562,1.991634
-0.411476,-0.112522,0.002036,0.670062,-0.098743,0.969436
-0.446041,-0.118256,0.016836,1.479603,-0.417018,1.791611
-0.456433,-0.113963,0.036508,1.390616,-0.616029,2.912397
-0.420477,-0.083521,0.045213,0.347238,-0.471713,3.990567
-0.378156,-0.048914,0.058573,-0.217870,-1.342209,4.274275
-0.373000,-0.028435,0.030902,-0.572620,-1.150485,3.915081
-0.432251,-0.036280,0.040647,-1.262440,-1.291929,3.875989
-0.479843,-0.013691,0.055960,-2.028424,-2.624392,3.850323
-0.446280,0.070094,0.014883,-2.294173,-0.507679,4.167715
-0.426037,0.106161,0.055353,-1.584402,-2.015010,3.506681
-0.416975,0.144960,0.050199,-1.833529,-2.549979,2.006609
-0.459508,0.149017,0.051259,-1.723905,-3.012511,0.092273
-0.486342,0.175280,0.028660,-1.241013,-2.489572,-0.766945
-0.484708,0.225110,0.041983,-1.783603,-3.190914,-0.440871
-0.484114,0.276832,0.041540,-1.874911,-3.174630,0.809360
-0.485965,0.307053,0.027721,-1.541290,-1.644338,-0.139397
-0.517811,0.324709,0.042551,-0.931847,-1.650404,-1.541938
-0.561461,0.349216,0.036672,0.296241,0.198521,-0.489182
-0.589864,0.369360,0.054456,0.543596,-0.227250,-0.644684
-0.559692,0.440350,0.048000,-0.100215,-0.714161,-1.956748
-0.516291,0.489255,0.041350,0.138110,-0.532488,-3.323316
-0.542672,0.513253,0.030875,-0.149563,-0.608653,-3.996426
-0.573859,0.541570,0.012664,-0.933570,-1.304707,-4.768470
-0.592881,0.564534,-0.009545,-0.735186,-1.914296,-6.489203
-0.585466,0.592212,0.000940,-1.674997,-2.525669,-8.432933
-0.580424,0.593233,0.002925,-1.122140,-2.621891,-9.348950
-0.634741,0.558993,0.018471,-0.278067,-3.442543,-10.310596
-0.657886,0.530331,0.033288,-0.104220,-3.457524,-10.607289
-0.666092,0.517851,0.042019,-0.342932,-4.627411,-8.718797
-0.642596,0.499486,0.035651,-0.489066,-4.186813,-7.605646
-0.604405,0.471103,0.017158,-0.872379,-3.398611,-8.308649
-0.590658,0.411907,0.022719,-0.483732,-3.104399,-8.304525
-0.608853,0.343619,0.003864,-0.318244,-2.096970,-6.405401
-0.634239,0.282957,-0.022579,-0.975913,-1.006721,-2.796477
-0.621953,0.208284,-0.008655,0.375630,-0.083578,-0.812074
-0.596655,0.132644,-0.000121,0.712143,-0.235962,-0.729422
-0.584290,0.061152,0.030170,1.019868,-1.089520,-0.122202
-0.609299,-0.009821,0.020395,1.246750,-0.749414,0.413315
-0.591807,-0.059382,-0.022346,1.871027,7.319374,1.190180
-0.628682,-0.089978,0.020329,-0.126612,-3.726838,0.932660
-0.591466,-0.138889,0.001977,0.388475,-2.405003,1.144231
-0.585931,-0.209150,-0.006850,0.248259,-2.283209,1.861618
-0.634758,-0.305237,0.016003,0.158632,-3.792566,2.902369
-0.667992,-0.378376,-0.022054,0.062883,-2.976207,4.537552
-0.673215,-0.428959,-0.000777,0.083208,-3.951442,6.564698
-0.666601,-0.468926,0.017798,0.435637,-3.645558,7.872048
-0.659340,-0.519199,0.008749,0.980246,-2.305549,7.610957
-0.664848,-0.544116,0.037096,0.660550,-3.672126,7.844273
-0.681674,-0.557249,0.009677,0.547700,-2.544628,10.454186
-0.680502,-0.563391,0.003418,0.126740,-1.799078,12.190863
-0.661286,-0.541592,0.016022,-0.277827,-0.837294,11.570662
-0.623991,-0.511056,0.028860,-0.548953,-1.015797,10.280017
-0.618309,-0.510255,0.028505,-1.066081,0.186331,9.113970
-0.630415,-0.501405,0.010137,-1.249714,0.234632,8.428225
-0.627005,-0.455756,0.008693,-0.968997,-0.013612,6.760661
-0.594249,-0.388772,-0.001995,-0.763795,0.253099,5.805313
-0.589713,-0.328706,0.011903,-0.491238,-0.668216,5.739276
-0.600899,-0.275373,0.026513,-0.875992,-2.845631,3.897306
-0.609677,-0.212892,0.030275,-0.274089,-3.578022,2.327399
-0.619488,-0.151064,0.061310,0.413579,-5.741188,0.786300
-0.615204,-0.067946,0.056908,0.377324,-5.431060,0.592146
-0.605583,0.022758,0.054699,0.334334,-4.552384,-1.215277
-0.592877,0.100003,0.054394,0.338204,-3.593532,-3.836870
-0.550386,0.173349,0.060263,-0.149320,-2.834294,-3.828464
-0.523985,0.230080,0.059193,-0.040284,-2.158483,-2.107964
-0.507343,0.289403,0.044507,0.068765,-1.139099,-3.009483
-0.478028,0.367273,0.012950,-1.070405,0.473330,-4.511951
-0.440185,0.426022,0.052188,0.236993,-0.046178,-4.685490
-0.409927,0.458305,0.055165,0.793833,-0.991507,-5.212965
-0.404807,0.487042,0.061271,0.102646,-0.312932,-5.944151
-0.460112,0.508030,0.045564,0.545214,-1.410389,-6.417821
-0.534322,0.527341,0.046631,1.007355,-2.290171,-5.879420
-0.608272,0.546153,0.040083,0.462917,-4.276630,-6.136495
-0.652552,0.576906,0.036863,-0.392313,-6.513284,-6.324225
-0.675414,0.601173,0.027117,-0.820871,-5.577608,-6.679363
-0.697482,0.580303,0.042141,-1.411165,-5.874528,-6.577144
-0.714600,0.547433,0.027028,-1.951727,-4.426618,-6.001680
-0.707743,0.519358,0.036524,-1.333542,-2.814475,-5.372706
-0.680620,0.512869,0.062229,-1.677374,-2.797846,-3.705377
-0.679281,0.496676,0.066871,-1.712772,-1.263700,-1.318972
-0.715850,0.460379,0.063188,-2.170284,-1.836000,-0.214641
-0.730149,0.425884,0.040043,-2.068148,0.051301,-0.366510
-0.738670,0.402900,0.036229,-2.304756,-0.287027,-1.077407
-0.722284,0.382569,0.009123,-2.457383,0.779014,0.354285
-0.713497,0.354694,0.027130,-2.183283,0.078617,0.995841
-0.684881,0.323626,0.006631,-2.188213,0.728228,1.165534
-0.650842,0.292413,0.024803,-1.677452,-0.925569,1.720707
-0.628068,0.256740,0.020900,-1.539623,-1.556165,3.045283
-0.605777,0.224582,0.023552,-1.432865,-2.565613,3.124640
-0.567770,0.223187,0.001363,-0.306188,-3.221116,1.641576
-0.534834,0.207717,0.045778,-0.157950,-3.728785,1.176645
-0.528059,0.170638,0.054850,-0.715472,-5.229522,0.704730
-0.525210,0.143102,0.018291,-0.404776,-4.555309,0.226945
-0.496140,0.117906,0.043601,-0.221196,-4.003131,-0.387856
-0.515622,0.113156,0.126250,-1.642409,-17.209215,0.002617
-0.427295,0.116924,0.027941,-0.571517,-2.897560,1.219155
-0.450508,0.095503,0.023792,-1.074882,-2.392668,0.821836
-0.467692,0.080696,0.008991,-0.600507,-1.317617,-0.475542
-0.485243,0.069959,0.003963,-1.023394,-0.708456,-0.301218
-0.476295,0.054348,0.027921,-0.673758,0.166941,1.193595
-0.488003,0.033291,-0.005510,-0.870984,0.866658,1.030280
-0.539715,0.016373,0.024783,-0.423056,-0.370013,0.431366
-0.569030,0.000309,0.030071,0.054569,-0.841979,-0.213827
-0.587192,-0.019793,0.027426,0.360443,-0.721175,-0.739257
-0.616691,-0.041112,0.033265,0.722223,-2.368010,-1.421450
-0.682100,-0.046374,0.046736,0.755737,-3.632652,-1.607818
-0.733727,-0.076618,0.039876,1.159569,-4.948864,-1.020452
-0.759737,-0.097593,0.035536,0.818208,-4.957549,-0.639866
-0.751813,-0.113388,0.030524,0.756393,-4.813210,-1.060140
-0.740140,-0.129551,0.030537,0.683234,-3.850543,-0.143033
-0.760331,-0.155876,0.035041,0.800605,-4.339433,0.743656
-0.767962,-0.172666,-0.009902,0.874860,-1.723901,-0.008679
-0.776608,-0.181948,0.019574,0.303328,-2.481012,-0.755851
-0.773241,-0.190936,0.038642,0.633102,-2.051925,-0.024655
-0.800806,-0.221380,0.041602,1.288575,-1.641062,1.453178
-0.859020,-0.272567,0.066247,0.919294,-2.971611,2.966008
-0.848353,-0.287091,0.055907,0.951459,-2.186386,4.568515
-0.820606,-0.299269,0.051850,0.943394,-1.811762,6.075083
-0.799881,-0.312711,0.052989,0.772875,-2.995557,7.794999
-0.784562,-0.314145,0.025903,0.304966,-1.917200,8.767261
-0.775036,-0.316085,0.023116,-0.530283,-2.132650,7.297513
-0.745963,-0.288057,0.047901,-1.154435,-2.122425,6.533122
-0.732174,-0.245037,0.035944,-1.344196,-1.799975,6.882166
-0.707808,-0.182300,0.040549,-1.872800,-2.359302,5.353797
-0.677728,-0.104959,0.058264,-2.360393,-3.287375,3.339216
-0.676021,-0.051721,0.053055,-2.384732,-3.414373,2.831376
-0.697180,-0.034934,0.048295,-1.860044,-3.741701,2.939575
-0.680387,0.023217,0.059209,-2.282754,-4.008626,2.345423
-0.647947,0.092244,0.062259,-2.229421,-4.629932,1.687931
-0.653517,0.151255,0.060677,-1.874064,-4.056736,1.771937
-0.687661,0.199186,0.063999,-1.359236,-3.625257,0.968563
-0.731971,0.249200,0.057903,-1.194340,-4.037258,-0.688141
-0.727579,0.313112,0.033341,-0.571330,-1.841317,-1.614285
-0.726079,0.358210,0.051364,0.361224,-1.928889,-2.712389
-0.753208,0.386734,0.034391,0.804924,-2.212226,-3.665692
-0.766295,0.423619,0.067288,1.529555,-0.445844,-4.261965
-0.790713,0.469278,0.075300,1.465580,-1.164853,-2.647114
-0.818853,0.512544,0.072441,0.862104,-2.801995,-1.844092
-0.807578,0.583425,0.058533,-0.007109,-1.281977,-3.117777
-0.788176,0.648985,0.057594,-0.645684,-1.576191,-5.963452
-0.789364,0.695875,0.055031,-1.279093,-1.378539,-8.120504
-0.836529,0.710163,0.045512,-1.986662,-2.506060,-9.922389
-0.870677,0.707580,0.028407,-1.839261,-2.021454,-10.942559
-0.859697,0.703112,0.035385,-1.607842,-3.627295,-11.234827
-0.841850,0.696019,0.033052,-1.536292,-3.619529,-10.012597
-0.836684,0.650656,0.049152,-1.398367,-4.013274,-8.664108
-0.842339,0.598327,0.044698,-1.667399,-4.338212,-8.302327
-0.816165,0.541245,0.024590,-1.333086,-3.174910,-8.844395
-0.773861,0.473834,0.025692,-1.020548,-2.701237,-7.719059
-0.746847,0.401161,0.020224,-0.698836,-2.579344,-5.130478
-0.725061,0.330995,0.016987,-0.007978,-1.796059,-3.112509
-0.725665,0.245350,0.023798,0.808876,-1.260946,-1.258294
-0.748071,0.164920,0.035198,0.912250,-2.297297,0.114311
-0.770086,0.092756,0.045394,1.158705,-2.131714,1.406959
-0.775381,0.027327,0.044977,1.432526,-2.226377,1.667273
-0.767916,-0.015607,0.064209,0.824576,-3.996783,1.567924
-0.761614,-0.057340,0.051108,0.017231,-3.694605,3.541002
-0.762438,-0.121936,0.035605,-0.852457,-2.575726,4.050582
-0.757587,-0.165638,0.029648,-1.456528,-2.821420,3.693896
-0.720761,-0.216368,0.028345,-1.330226,-2.867023,3.831008
-0.673875,-0.251382,0.009812,-1.436830,-1.239006,5.390745
-0.674521,-0.299581,0.027081,-1.550740,-2.231566,6.054406
-0.669568,-0.333036,0.044015,-1.384284,-2.889741,5.710538
-0.650257,-0.332176,0.042003,-1.464468,-2.327022,7.056269
-0.657351,-0.351785,0.053777,-1.414926,-3.928685,8.466999
-0.654738,-0.354401,0.027206,-1.774629,-3.305438,8.664330
-0.632975,-0.352333,0.021520,-1.170325,-2.312297,8.061904
-0.618473,-0.353311,0.020710,-0.758911,-2.642396,8.652392
-0.610054,-0.366303,0.007189,0.047958,-1.641705,9.546030
-0.592680,-0.353118,0.029457,0.126950,-1.166461,9.383897
-0.558044,-0.290466,0.036685,-0.155878,-1.608369,8.249453
-0.532027,-0.231185,0.056045,0.195294,-1.256071,7.703714
-0.521789,-0.155062,0.064881,0.394922,-0.978203,6.305483
-0.537361,-0.091163,0.064678,0.109907,-2.275652,2.197063
-0.527560,-0.014744,0.069378,0.026179,-1.745043,-0.949979
-0.518166,0.046749,0.069526,0.137086,-2.133749,-1.891350
-0.507314,0.090051,0.076524,0.088959,-2.857658,-1.760014
-0.504950,0.142514,0.056577,0.334682,-2.512950,-2.157911
-0.487183,0.168426,0.049044,0.328649,-2.054232,-3.771391
-0.470846,0.198847,0.053419,0.147727,-2.199858,-3.301487
-0.483011,0.240095,0.046920,0.145712,-1.308443,-2.605916
-0.500851,0.295995,0.064481,-0.011806,-2.487189,-2.648099
-0.477253,0.360403,0.071656,-0.407697,-2.689696,-3.017341
-0.449261,0.392101,0.070389,-0.146688,-2.126735,-3.418229
-0.442007,0.403146,0.075855,-0.131802,-1.043763,-4.233163
-0.457286,0.414642,0.076889,-0.458345,-1.352388,-6.377978
-0.446668,0.438354,0.077962,-0.071221,-0.749391,-8.107948
-0.419466,0.448050,0.080529,-0.147108,-0.529533,-6.592354
-0.414188,0.456936,0.090718,-0.837657,-2.881111,-4.067784
-0.409845,0.448454,0.076291,-0.985866,-1.606252,-3.573547
-0.422013,0.443173,0.048089,-0.945357,-0.744051,-3.245655
-0.417405,0.437231,0.047471,-1.356348,-1.603491,-2.473973
-0.412957,0.433624,0.071279,-2.172313,-2.616974,-2.450375
-0.389002,0.435324,0.049040,-2.257961,-0.322379,-2.604879
-0.422551,0.398925,0.050235,-2.076525,-1.659145,-2.862032
-0.441248,0.365868,0.061563,-2.027193,-1.932864,-1.250620
-0.442597,0.349600,0.058166,-1.654262,-1.649239,-0.295559
-0.426323,0.353132,0.059403,-1.654928,-1.973205,0.599277
-0.416554,0.350851,0.082058,-1.205415,-1.994131,1.680312
-0.433026,0.323600,0.074049,-1.149912,-1.398805,1.819274
-0.423257,0.290943,0.064261,-1.302969,-0.595878,1.263108
-0.383645,0.271455,0.065853,-1.283721,-0.313529,1.381283
-0.345532,0.280554,0.071650,-1.369271,-0.855194,3.346759
-0.345936,0.265921,0.053025,-1.404052,0.009364,5.075649
-0.352465,0.259622,0.056354,-1.828441,-0.511637,2.860706
-0.344311,0.273441,0.041717,-1.461136,0.544096,0.445228
-0.344843,0.266843,0.038806,-1.375064,-0.101382,-0.904170
-0.341518,0.259464,0.052881,-1.159136,-0.808048,-1.148931
-0.357352,0.249528,0.046674,-1.162103,-2.060771,-1.780420
-0.359877,0.228924,0.034821,0.211522,-2.071853,-0.789767
-0.379105,0.201165,0.051345,0.041623,-3.119846,0.823503
-0.358193,0.193868,0.046625,-0.456241,-2.864446,2.241418
-0.333660,0.200023,0.057138,-0.528438,-2.234405,0.159351
-0.308395,0.201447,0.037618,-0.222088,-1.219718,-1.389907
-0.326901,0.165852,0.046237,-0.390605,-1.165230,-2.072063
-0.378803,0.129749,0.034850,-0.286969,-1.606790,-3.603131
-0.383261,0.123259,0.026828,-0.276311,-0.631538,-3.777816
-0.371503,0.119879,0.035619,-0.407969,-0.227624,-3.631495
-0.375127,0.119951,0.051289,-0.356498,-0.751761,-2.232975
-0.405217,0.068000,0.051922,0.574911,-0.203892,-3.369431
-0.426041,0.027383,0.043368,0.225715,-0.779609,-4.081947
-0.434654,-0.015095,0.055595,0.822252,-1.397279,-4.272059
-0.440657,-0.038601,0.066444,1.200570,-2.326081,-1.344546
-0.447308,-0.061594,0.066953,1.551321,-0.155959,0.282056
-0.471883,-0.075538,0.071397,0.856472,-3.672396,0.943875
-0.479554,-0.101476,0.059863,0.880197,-2.941186,0.482338
-0.501218,-0.139106,0.067800,0.952161,-2.892633,1.027709
-0.522134,-0.177035,0.054204,0.478279,-2.679789,0.195167
-0.531082,-0.195945,0.049057,0.316957,-2.891474,-0.329064
-0.542390,-0.209918,0.028926,0.317459,-2.364590,1.977978
-0.563526,-0.239608,0.029881,-0.359399,-1.864369,4.174970
-0.578031,-0.267282,0.045548,-0.721130,-1.729806,4.693277
-0.569969,-0.289248,0.055490,0.007098,-1.037881,4.562157
-0.555017,-0.281600,0.056977,-0.027735,-1.010840,4.940111
-0.567569,-0.276985,0.077522,-0.576739,-1.253330,6.095145
-0.604789,-0.284091,0.094545,-0.260115,-1.239108,5.917364
-0.610363,-0.253771,0.083411,-0.354827,-1.328216,5.874676
-0.615395,-0.238548,0.091627,-0.531999,-2.926737,6.435677
-0.624648,-0.207203,0.080447,-0.611326,-2.474831,8.417601
-0.670622,-0.164046,0.048210,-0.944819,-3.016935,7.315360
-0.700705,-0.117291,0.050606,-0.937345,-3.569199,4.701382
-0.706236,-0.073585,0.071453,-1.045626,-4.329100,3.273031
-0.707602,-0.058473,0.045390,-0.819420,-2.788287,2.546269
-0.709417,-0.030011,0.064415,-1.013812,-3.065686,2.301938
-0.730014,0.006014,0.067163,-0.481558,-3.375207,2.383486
-0.756635,0.058881,0.067918,0.001334,-2.603161,3.091182
-0.770661,0.106854,0.065338,-0.145207,-2.522942,2.322910
-0.784801,0.185944,0.093301,-0.518670,-3.039627,-0.114581
-0.805212,0.253379,0.086388,-0.254138,-1.947865,-3.078995
-0.844361,0.307943,0.060033,0.134151,-1.898996,-3.726372
-0.856880,0.363935,0.078428,-0.981769,-0.918985,-3.754897
-0.853014,0.418663,0.083355,-1.109683,-1.821767,-3.754024
-0.840993,0.470801,0.066316,-1.086804,-1.210958,-3.167525
-0.844066,0.505595,0.072953,-1.638116,-2.008856,-3.466336
-0.854327,0.535091,0.084071,-1.725219,-3.378834,-4.794450
-0.845924,0.585657,0.061537,-1.641241,-1.697953,-6.867327
-0.865375,0.630725,0.049326,-1.804181,-2.997710,-7.913576
-0.907850,0.650350,0.050944,-1.470150,-3.785105,-8.706604
-0.914589,0.668506,0.064826,-1.433318,-3.907822,-9.661682
-0.903823,0.655921,0.079173,-0.414804,-3.919944,-9.815927
-0.904187,0.641301,0.083132,-0.755370,-5.741458,-8.043695
-0.899913,0.632251,0.078162,-0.549860,-4.084444,-7.418148
-0.890680,0.619581,0.068962,-0.382633,-3.217768,-8.332241
-0.889941,0.596942,0.093435,-0.688116,-6.849868,-8.462432
-0.871238,0.559424,0.075310,-0.278176,-4.278304,-7.008170
-0.884249,0.505644,0.044773,0.009619,-2.538901,-4.249497
-0.925464,0.435413,0.022791,0.139981,-2.427049,-2.413556
-0.948460,0.378614,0.037368,0.208334,-2.915905,-1.119871
-0.934753,0.324775,0.054138,0.463088,-1.672334,0.532030
-0.920931,0.236484,0.022975,0.583675,-1.088618,0.967946
-0.918078,0.151124,0.056078,0.226539,-2.364551,0.617031
-0.910817,0.102718,0.067997,-0.354078,-2.540736,1.845245
-0.914228,0.058448,0.067383,-0.349138,-2.762612,3.476988
-0.891914,0.010583,0.072031,-1.012483,-3.218369,4.432051
-0.875797,-0.016037,0.062462,-1.712611,-3.364007,4.737505
-0.855193,-0.040889,0.057617,-1.747526,-3.345097,4.889295
-0.885031,-0.092259,0.069438,-2.260443,-6.332208,5.058361
-0.887164,-0.129026,0.058356,-2.482706,-3.854331,5.899175
-0.894182,-0.158463,0.039620,-1.995960,-3.797479,5.014571
-0.856884,-0.169597,0.052717,-1.771235,-3.587137,5.931176
-0.836467,-0.182506,0.034023,-1.612335,-4.446824,7.553709
-0.838026,-0.213519,0.034667,-1.447882,-3.492905,6.575848
-0.846744,-0.229409,0.037332,-1.107401,-2.877149,5.571188
-0.841696,-0.227239,0.065275,-0.892812,-2.914868,5.805203
-0.824030,-0.211028,0.057086,0.011293,-2.092141,6.484566
-0.801591,-0.191940,0.048814,0.437019,-0.755020,5.074174
-0.774773,-0.165677,0.057342,0.723585,-1.430497,4.328828
-0.774153,-0.144079,0.070668,0.885246,-1.681039,5.017995
-0.786823,-0.115469,0.082295,1.491078,-1.642142,4.738613
-0.783728,-0.049843,0.095441,1.050582,-1.859160,2.135379
-0.747089,0.031062,0.096265,0.552492,-3.280715,0.380938
-0.717738,0.104490,0.086411,0.536847,-1.972391,0.431313
-0.727871,0.131072,0.078543,-0.098216,-3.189024,-0.116378
-0.755145,0.170487,0.072641,-0.528258,-3.294945,-2.860239
-0.736139,0.229226,0.076905,-0.618111,-3.963308,-4.039521
-0.664178,0.286200,0.055776,-1.326425,-1.752225,-2.655651
-0.616806,0.318834,0.055884,-1.741115,-2.443064,-4.000266
-0.612175,0.330683,0.081533,-1.478087,-2.472113,-5.239944
-0.630747,0.339260,0.082341,-1.016025,-1.435985,-4.615677
-0.636619,0.346826,0.080558,-0.406919,-1.842026,-3.951420
-0.609342,0.365668,0.096199,-0.021597,-2.528597,-3.533155
-0.595930,0.379395,0.105485,0.217085,-2.529477,-3.380502
-0.646604,0.363990,0.093924,0.643530,-2.001704,-3.907895
-0.677922,0.338722,0.109572,0.448248,-1.871394,-3.021805
-0.664681,0.335351,0.095408,0.099325,-2.369550,-1.788159
-0.588377,0.354658,0.065810,0.130481,0.260674,-1.214624
-0.537919,0.349492,0.079442,-0.201531,-0.541097,-1.066267
-0.534128,0.321358,0.093160,-0.300890,-0.669546,-0.714074
-0.546979,0.295716,0.086867,-0.161626,-0.450351,-0.449549
-0.547822,0.273126,0.080355,-0.239157,-1.523964,0.379182
-0.543578,0.297058,0.107849,-0.866677,-2.831012,0.552547
-0.548220,0.305333,0.111728,-1.071216,-3.059279,1.100688
-0.580013,0.285799,0.098073,-1.882398,-3.559365,0.077677
-0.596685,0.281161,0.089460,-2.665627,-4.515835,-1.035241
-0.605071,0.287296,0.081852,-3.089098,-3.900033,0.498009
-0.594272,0.282688,0.069405,-3.093870,-0.189207,1.849405
-0.569720,0.281066,0.082278,-2.856905,-2.464531,0.596982
-0.517916,0.279438,0.099281,-2.821352,-1.603481,0.342029
-0.481468,0.264529,0.098103,-2.148302,-0.648486,2.627076
-0.492884,0.244106,0.122462,-2.696065,-4.029190,3.174932
-0.442246,0.282930,0.084435,-2.865429,0.075893,2.714806
-0.410620,0.324266,0.072119,-2.680162,0.379669,1.972949
-0.405115,0.364213,0.067882,-2.418450,0.521073,1.658507
-0.426589,0.362178,0.070570,-1.806121,-0.711866,-1.136263
-0.447590,0.370250,0.080151,-0.715229,-0.097322,-3.947837
-0.441045,0.381377,0.095287,-0.110203,-2.016199,-4.581292
-0.421842,0.370952,0.096166,0.646487,-3.242656,-3.248155
-0.384603,0.375295,0.082718,1.121656,-2.485643,-3.351443
-0.336896,0.356290,0.078950,1.572519,-2.378652,-4.783652
-0.318173,0.340035,0.103109,1.125027,-4.057127,-4.278517
-0.328372,0.302133,0.078684,1.540965,-2.493370,-3.084284
-0.349045,0.281942,0.071433,1.048412,-1.570519,-4.304156
-0.351588,0.261736,0.087481,0.912053,-1.739299,-5.843676
-0.334891,0.248173,0.097739,1.028799,-1.597048,-4.504614
-0.349757,0.204497,0.095241,0.759039,-2.133083,-3.041467
-0.383064,0.160449,0.104789,0.291718,-1.214453,-2.926168
-0.393955,0.134722,0.078776,-0.076305,-0.737075,-3.918370
-0.365119,0.110156,0.089680,-0.654674,-0.232522,-3.221557
-0.333788,0.064386,0.078031,-1.054130,-0.231921,-0.666043
-0.354365,-0.021588,0.057686,-1.283461,-0.074732,-1.903600
-0.393774,-0.083574,0.079725,-1.556613,-0.602105,-1.923351
-0.430505,-0.145050,0.081839,-1.251405,-0.856257,0.021803
-0.424911,-0.214080,0.075395,-0.146802,-1.070922,3.582384
-0.436091,-0.246035,0.092329,-0.081564,-2.419827,2.976938
-0.469766,-0.303517,0.114630,0.095793,-3.046539,1.336858
-0.501730,-0.353620,0.107891,0.589623,-3.139173,2.773795
-0.512956,-0.377897,0.117834,0.698902,-4.804548,4.662560
-0.486890,-0.383004,0.112785,0.539372,-3.704737,4.881824
-0.448722,-0.366205,0.091151,1.187260,-2.438878,5.397443
-0.475930,-0.398983,0.104149,0.918326,-2.299171,6.133871
-0.478957,-0.415579,0.124064,0.411800,-1.065302,6.888917
-0.466339,-0.405932,0.082383,0.021942,-1.039230,7.942439
-0.454453,-0.382249,0.090439,0.247898,-0.426074,8.745616
-0.449448,-0.359761,0.090596,-0.002243,-0.025905,9.552209
-0.449789,-0.350357,0.089034,-0.232369,0.314602,7.911915
-0.453925,-0.307541,0.103575,-0.580556,0.195564,7.582538
-0.451276,-0.246724,0.116337,-1.166777,-1.225223,7.764369
-0.458714,-0.157123,0.112887,-0.841126,-1.759292,8.000936
-0.464458,-0.083226,0.112336,-1.216135,-2.037413,5.234995
-0.462003,0.000191,0.106437,-1.645009,-1.372404,2.400476
-0.483152,0.062935,0.098822,-1.902477,-3.343827,0.241842
-0.501481,0.132345,0.084225,-1.604356,-3.038918,0.004025
-0.528811,0.186253,0.103105,-1.726925,-5.699777,-1.402885
-0.501307,0.268957,0.082797,-1.167634,-3.388071,-2.647524
-0.503933,0.320603,0.069736,-0.659614,-3.188919,-3.170831
-0.531220,0.330135,0.066910,-0.741337,-2.289921,-3.583923
-0.557598,0.365001,0.086017,-0.344202,-1.925144,-4.582232
-0.544862,0.403934,0.087964,0.669061,-0.494329,-4.944561
-0.525597,0.452951,0.093025,1.269451,-0.486540,-4.662262
-0.551026,0.461958,0.101310,1.083193,-0.316726,-5.359367
-0.585147,0.491904,0.115828,1.221265,-1.060963,-5.700534
-0.627018,0.520090,0.143919,0.814735,-6.773269,-7.183623
-0.605856,0.577828,0.103165,0.747025,-0.906695,-6.519412
-0.633067,0.604209,0.092431,-0.030460,-2.476984,-6.806997
-0.648055,0.604636,0.060174,-0.786120,-2.146919,-8.611377
-0.667300,0.595406,0.072247,-1.536863,-2.497099,-9.356829
-0.688383,0.571165,0.098408,-2.099052,-3.371107,-8.324140
-0.701431,0.549717,0.089904,-1.992508,-3.175927,-6.931257
-0.673885,0.527873,0.088522,-2.393480,-3.143920,-7.363741
-0.644412,0.513496,0.088177,-2.304756,-2.838958,-6.971341
-0.649617,0.458646,0.089250,-1.668354,-2.366639,-5.859214
-0.684129,0.400872,0.087954,-2.160076,-3.578915,-5.113634
-0.683111,0.372666,0.080165,-1.528660,-2.157705,-4.581768
-0.673395,0.332019,0.091371,-1.236884,-1.881392,-2.030875
-0.643775,0.268130,0.074929,-0.959288,-1.590037,1.019037
-0.646758,0.193225,0.069595,-1.126564,-1.178954,2.350536
-0.658848,0.136983,0.075152,-0.672659,-0.289137,3.333764
-0.647536,0.087182,0.070511,-0.490533,-0.705885,5.399617
-0.604119,0.072920,0.092595,-0.131706,-1.883349,6.232695
-0.578576,0.046769,0.094906,0.698393,-0.901414,5.077454
-0.577995,0.016741,0.110278,0.409564,-1.763165,3.401743
-0.610983,-0.034137,0.099495,0.555436,-3.180716,4.031102
-0.641828,-0.075676,0.086726,0.184813,-4.161187,4.232735
-0.647385,-0.085891,0.078005,-0.387651,-3.850783,4.103575
-0.639268,-0.080619,0.088551,-0.761823,-4.551849,5.013129
-0.629647,-0.077478,0.086378,-0.930980,-2.983858,6.484636
-0.653225,-0.105576,0.076708,-0.935155,-2.725261,4.892122
-0.661431,-0.109101,0.087123,-1.556511,-2.858830,2.868911
-0.648249,-0.095528,0.115411,-1.350574,-2.441895,2.232296
-0.624146,-0.075033,0.101747,-0.908426,-1.398224,2.295351
-0.603627,-0.092499,0.115260,-0.925728,-0.033809,3.403106
-0.609457,-0.107985,0.102321,-1.018312,-1.192067,3.779599
-0.623437,-0.122106,0.093301,-0.945682,-0.049050,4.188426
-0.632010,-0.122779,0.085331,-0.514432,-0.093898,4.985465
-0.626086,-0.093477,0.103581,-0.020789,-0.945690,4.297117
-0.611534,-0.055617,0.106893,0.292375,-1.499526,2.261660
-0.620614,-0.017121,0.138438,0.250524,-5.902379,0.423770
-0.622655,0.010189,0.114528,0.512226,-2.966872,-0.648541
-0.638923,0.036025,0.113160,0.439933,-3.137010,-1.949467
-0.626181,0.092424,0.105600,-0.070463,-4.000656,-3.271020
-0.595979,0.127973,0.119134,-0.110807,-3.528628,-4.635405
-0.601136,0.138490,0.103050,-0.311558,-3.982573,-5.045944
-0.637682,0.117709,0.103755,-0.255622,-4.861413,-5.970922
-0.653694,0.124888,0.090334,-0.217972,-3.268886,-4.954673
-0.646906,0.148222,0.106916,0.696095,-3.202882,-2.075534
-0.613770,0.169381,0.122285,1.145375,-2.810976,0.074395
-0.575241,0.179251,0.123092,0.889227,-1.254148,-0.396687
-0.604382,0.164303,0.113708,0.384591,-3.048946,-1.581957
-0.630638,0.143007,0.100371,-0.183841,-1.385449,-0.722099
-0.615408,0.129453,0.078838,-0.436648,0.292409,1.504760
-0.569848,0.146197,0.099025,-0.621630,-0.009155,2.412362
-0.544566,0.174656,0.094203,-0.742857,1.148518,2.696112
-0.602544,0.176435,0.099931,-1.559610,-0.613672,3.310519
-0.673898,0.173159,0.112165,-2.147120,-1.959564,4.468661
-0.677449,0.222566,0.126670,-2.713879,-3.858602,3.463660
-0.638651,0.292643,0.128804,-2.365783,-3.729861,1.029872
-0.614246,0.314980,0.107031,-2.555925,-3.618232,0.257803
-0.631781,0.292906,0.101934,-2.989495,-4.049909,-0.448601
-0.647037,0.281798,0.083391,-2.798497,-4.247584,-2.102057
-0.642265,0.287404,0.076564,-2.466724,-3.012110,0.397405
-0.635972,0.301473,0.070412,-1.678923,-2.717163,2.300944
-0.619032,0.318545,0.098051,-0.958648,-2.563220,2.156218
-0.617522,0.336319,0.098819,-0.179650,-1.433363,0.560594
-0.622455,0.333240,0.103302,-0.177158,-0.973352,0.122766
-0.632503,0.340462,0.110754,-0.262896,-1.018426,1.609593
-0.595395,0.368855,0.106027,-0.083986,-0.063854,2.878334
-0.550573,0.399145,0.120923,-0.084535,0.043827,1.355627
-0.537227,0.406547,0.109319,-0.423725,-0.344145,0.991946
-0.564343,0.423517,0.103621,-1.339542,-0.937872,0.968365
-0.610133,0.458255,0.074007,-1.402315,-0.294494,-0.607075
-0.621421,0.500986,0.073468,-1.871340,-2.165510,-3.614053
-0.595730,0.551024,0.077174,-2.364162,-2.187270,-5.969304
-0.593757,0.548736,0.091059,-2.309775,-3.455781,-7.337661
-0.586588,0.538859,0.090593,-1.725337,-3.178356,-8.152835
-0.606306,0.518035,0.105226,-2.008526,-5.037959,-9.283540
-0.608295,0.537037,0.121546,-2.065296,-4.034866,-7.160524
-0.615621,0.530833,0.103233,-1.961249,-3.620205,-6.605001
-0.574840,0.514956,0.102311,-2.089573,-3.245088,-8.193556
-0.540792,0.487262,0.086595,-0.928253,-0.838243,-10.596908
-0.552034,0.417468,0.102308,-0.090604,-1.226887,-8.095115
-0.577932,0.335561,0.082295,0.727816,-0.285701,-3.886601
-0.577870,0.281647,0.087944,1.322456,-0.348760,-2.990557
-0.532352,0.232509,0.097886,3.131575,0.385837,-2.053545
-0.507055,0.134856,0.102754,3.106839,-0.136757,0.267854
-0.525761,0.033596,0.114364,3.055091,-1.030207,1.222549
-0.559925,-0.042497,0.095457,2.740689,-1.164705,0.416700
-0.580007,-0.092650,0.101333,2.080939,-2.043646,0.520133
-0.575142,-0.132485,0.097062,1.421215,-2.876014,2.608002
-0.535297,-0.185664,0.076656,0.555436,-1.494524,3.837227
-0.521441,-0.240389,0.116521,0.067899,-3.161438,3.520335
-0.536367,-0.299637,0.115513,-0.593870,-3.275043,4.581745
-0.565301,-0.364869,0.120565,-0.875464,-2.672187,5.675693
-0.542498,-0.405410,0.117528,-1.636264,-3.543537,6.169852
-0.489408,-0.407757,0.112395,-2.091732,-2.585534,6.297287
-0.465164,-0.441100,0.114111,-2.376828,-2.195902,6.835450
-0.513865,-0.489306,0.123676,-2.551559,-2.650149,9.350261
-0.525626,-0.512083,0.098372,-2.577739,-0.822202,11.856518
-0.482137,-0.498596,0.092828,-2.518921,-0.097347,11.507950
-0.432116,-0.483053,0.110924,-1.858422,-0.053090,11.206422
-0.423152,-0.482883,0.115874,-0.855549,-0.284604,11.378439
-0.457086,-0.473262,0.091873,-0.643546,0.984288,9.012508
-0.476173,-0.427632,0.116025,-0.071549,-1.169395,7.174063
-0.464182,-0.337221,0.134312,0.811335,-2.011567,7.203515
-0.466923,-0.249980,0.138123,1.184026,-2.413928,6.914968
-0.495714,-0.185106,0.137331,1.135827,-4.871155,4.040037
-0.489907,-0.104673,0.103736,1.361009,-3.207589,1.052983
-0.514522,-0.040613,0.113639,0.980443,-3.963735,0.648274
-0.522190,0.039803,0.117886,0.730216,-3.378194,2.453234
-0.515937,0.113589,0.112611,0.880824,-3.088207,0.521219
-0.493068,0.199770,0.101464,0.097979,-2.321164,-3.520045
-0.495080,0.267257,0.092004,-0.039188,-1.669744,-4.150694
-0.517122,0.316477,0.100762,-0.076873,-0.720840,-3.565230
-0.523234,0.420855,0.111216,-0.822026,-0.507167,-5.570906
-0.496137,0.532826,0.125784,-1.876588,-1.301642,-7.589049
-0.463218,0.583238,0.115710,-2.056019,0.315993,-7.073571
-0.476715,0.599627,0.102462,-2.056847,-0.022180,-7.108848
-0.502262,0.625903,0.097328,-2.204835,-0.503986,-9.611580
-0.526250,0.642879,0.087189,-1.670041,-1.124682,-10.620110
-0.511414,0.652500,0.096915,-1.410860,-1.290787,-9.119825
-0.484235,0.639505,0.113501,-0.912352,-2.574604,-8.913047
-0.469694,0.605036,0.104688,0.237778,-2.347571,-10.742829
-0.484629,0.571483,0.118050,1.453648,-2.857179,-10.019219
-0.493971,0.530229,0.113819,1.387724,-3.418348,-6.191865
-0.472271,0.497504,0.117571,1.713247,-3.081928,-5.429193
-0.411070,0.471923,0.114213,1.661811,-2.836631,-6.198025
-0.367837,0.410732,0.107080,1.290672,-2.326819,-4.773612
-0.390653,0.335955,0.113629,0.625109,-4.060682,-2.161079
-0.420054,0.282507,0.071082,0.127117,-0.582092,-0.118772
-0.439512,0.261788,0.084336,-0.584148,-0.477379,0.235984
-0.410800,0.246341,0.095730,-1.598385,-0.348851,1.345324
-0.394802,0.211065,0.109552,-2.104146,0.883113,1.897063
-0.406622,0.142445,0.087868,-2.888084,0.451066,0.834860
-0.419814,0.106913,0.110970,-3.316987,-0.078923,0.948354
-0.400191,0.050156,0.106568,-3.349493,-0.718549,3.799209
-0.385673,0.017913,0.123634,-3.296026,-2.332297,5.126658
-0.352534,-0.016087,0.108797,-2.788249,-0.913194,5.268801
-0.361826,-0.039586,0.108344,-2.900951,-3.324165,6.080115
-0.401803,-0.067894,0.092631,-2.481065,-2.389589,6.701409
-0.433692,-0.072614,0.096288,-2.216688,-3.121829,7.020113
-0.421816,-0.069105,0.099889,-1.864528,-4.327836,5.734763
-0.381770,-0.045685,0.085091,-1.365043,-2.592506,4.095805
-0.378957,-0.070293,0.077906,-0.351603,-1.899816,3.228063
-0.403293,-0.098289,0.096921,0.135517,-2.046381,3.582832
-0.416338,-0.096247,0.098261,1.346297,-0.867112,2.941621
-0.392780,-0.063186,0.077713,2.118385,-0.493735,2.118575
-0.379771,-0.038883,0.100411,2.206446,-1.481486,3.036798
-0.391122,-0.043406,0.113373,2.485290,-0.481209,2.159908
-0.413672,-0.046942,0.123453,2.696252,-0.036045,0.897980
-0.430945,-0.035624,0.119075,2.226998,-0.916542,0.547031
-0.399322,-0.019842,0.111348,1.697856,-1.177683,1.708999
-0.377802,-0.004703,0.102935,1.073395,-0.714016,1.226766
-0.366435,0.014693,0.101451,0.079870,-0.952265,-1.485149
-0.376798,0.037338,0.105400,-0.226592,-0.533410,-1.985206
-0.395251,0.057922,0.063549,-0.768352,-0.673491,-1.232432
-0.374424,0.080506,0.081113,-1.618664,-2.139789,-2.960084
-0.359598,0.115746,0.098697,-1.722445,-2.531318,-5.173689
-0.368368,0.106437,0.088476,-1.448148,-2.435402,-4.816780
-0.401852,0.074732,0.098891,-1.276673,-3.590774,-3.682901
-0.401810,0.054315,0.109391,-0.906427,-3.012583,-2.604051
-0.371135,0.055165,0.099196,-0.461388,-2.607714,-1.567069
-0.370896,0.049299,0.114827,-0.232208,-2.466477,-1.035058
-0.386533,0.033347,0.091239,-0.089261,-1.298215,-0.992725
-0.394382,0.013009,0.085114,0.134227,-1.093492,-0.862750
-0.400211,0.022255,0.085978,0.502490,-0.100830,-0.189903
-0.404823,0.011532,0.098018,0.781914,-0.521924,2.432198
-0.405542,-0.005645,0.099823,1.273417,0.397198,4.747480
-0.418031,-0.005747,0.117098,1.310259,-0.186426,4.579399
-0.403723,0.017870,0.110429,1.376892,-0.228859,4.506316
-0.400841,0.040558,0.100076,1.029647,2.356813,5.567518
-0.441895,0.055031,0.114788,0.441092,-1.710436,6.536401
-0.433935,0.101123,0.111269,-1.208031,-2.492736,6.068388
-0.437375,0.166817,0.102308,-2.230884,-1.487982,4.637073
-0.461964,0.198355,0.102173,-2.796422,-2.665235,3.158681
-0.479879,0.232000,0.098494,-3.220723,-2.886649,1.687452
-0.480152,0.261962,0.122058,-3.586453,-2.854596,-0.498511
-0.474302,0.298230,0.137020,-3.398861,-2.989199,-0.470141
-0.466579,0.329902,0.139823,-3.366020,-2.956529,1.030665
-0.467442,0.342825,0.117611,-3.100652,-2.233447,1.531250
-0.448476,0.386793,0.123299,-2.661225,-2.094071,0.549698
-0.468174,0.419749,0.128863,-2.445474,-3.125771,0.402070
-0.498556,0.432577,0.085912,-1.928221,-0.613222,1.522858
-0.531945,0.444902,0.084711,-1.151849,-1.057422,0.724188
-0.529329,0.463031,0.108830,-0.769271,-1.408964,-0.996283
-0.514827,0.511057,0.114217,0.414862,-1.190886,-0.729887
-0.514493,0.532301,0.112999,0.484276,0.427025,-0.686451
-0.527980,0.578576,0.118254,0.052402,-2.321508,-1.886836
-0.525998,0.626087,0.105974,-0.027496,-1.164728,-4.464349
-0.527209,0.661481,0.102465,-0.835386,-0.903502,-5.958007
-0.542502,0.669326,0.093892,-1.137754,-1.631953,-8.094546
-0.566319,0.676731,0.068266,-1.571578,-1.664732,-9.097450
-0.580827,0.683194,0.082702,-2.030824,-2.952711,-9.203693
-0.587264,0.677821,0.085892,-2.310536,-2.610612,-8.210364
-0.589588,0.650597,0.098740,-2.301044,-2.710635,-7.485785
-0.569575,0.629057,0.103486,-1.807339,-2.601366,-10.355053
-0.554154,0.599745,0.118349,-1.431391,-2.703269,-11.112945
-0.542613,0.545788,0.113343,-1.310555,-1.863671,-7.529260
-0.554204,0.478928,0.096449,-1.021303,-1.608185,-5.048005
-0.552221,0.427634,0.107793,-0.546210,-1.149359,-4.683023
-0.539997,0.363560,0.127441,-0.502917,-4.354408,-2.859506
-0.489782,0.298177,0.092986,0.046402,-1.087197,0.282226
-0.469556,0.207303,0.089086,0.279964,-0.044934,1.146195
-0.469687,0.126946,0.096701,0.131286,-1.088299,-0.219210
-0.483661,0.056189,0.097542,0.685516,-1.265318,0.514714
-0.507691,-0.025537,0.078730,0.769464,-0.122708,2.951847
-0.529217,-0.085274,0.100381,0.768768,-2.204555,3.508509
-0.513275,-0.134786,0.115822,0.848187,-2.753559,3.853721
-0.505249,-0.193276,0.125909,0.962924,-3.217092,4.799668
-0.532933,-0.274379,0.130980,0.601092,-3.470699,6.804202
-0.552332,-0.332130,0.112346,-0.455988,-3.474002,7.324889
-0.546473,-0.363119,0.116383,-0.398046,-3.175565,7.139737
-0.530846,-0.370830,0.115959,-0.844885,-2.910965,9.178627
-0.546696,-0.397966,0.103296,-1.430544,-2.738670,11.052467
-0.592276,-0.440145,0.109657,-1.736647,-2.452129,11.049877
-0.629785,-0.448279,0.091246,-2.222520,-1.112750,9.635099
-0.625475,-0.428693,0.112391,-2.192549,-1.154138,9.760964
-0.593822,-0.411450,0.102518,-2.075027,-0.330000,9.604894
-0.576055,-0.395629,0.115868,-1.725855,0.126091,7.226081
-0.588308,-0.388555,0.116337,-0.973796,-0.633681,5.652132
-0.606099,-0.360566,0.120968,-0.262144,-0.859277,7.609712
-0.625432,-0.325591,0.128584,0.385665,-2.456459,7.608261
-0.602744,-0.259493,0.129969,0.562342,-2.068212,5.061501
-0.560260,-0.168996,0.122354,0.760969,-3.094617,2.754182
-0.555359,-0.117511,0.114998,0.606232,-2.818397,2.602819
-0.591873,-0.072679,0.105580,0.398742,-3.456605,1.379752
-0.596343,-0.007467,0.106483,0.868663,-3.354196,-1.141927
-0.549986,0.091968,0.093517,0.877459,-1.670624,-2.296516
-0.503756,0.163407,0.099787,0.335329,-2.482505,-2.484787
-0.489894,0.218969,0.120686,0.236478,-2.371132,-4.161608
-0.493229,0.269617,0.128341,0.984148,-1.400345,-7.247928
-0.491827,0.313300,0.131282,0.752080,-1.018085,-7.570829
-0.475159,0.350450,0.124543,0.219902,-1.999307,-4.931397
-0.440950,0.396089,0.126247,-0.000954,-0.963508,-4.660491
-0.417323,0.427453,0.134804,-0.273715,-0.785232,-6.601318
-0.422066,0.452203,0.143207,-0.805177,-3.059459,-6.573821
-0.435816,0.473194,0.115736,-1.032687,-0.287385,-4.550103
-0.454982,0.491575,0.104842,-1.749994,-1.790393,-6.356364
-0.448365,0.524324,0.119331,-1.776211,-2.172246,-9.098297
-0.456725,0.532842,0.117026,-1.338446,-1.690423,-8.133122
-0.481507,0.482234,0.121425,-0.600757,-3.335838,-6.147122
-0.479922,0.440008,0.127855,-0.388758,-3.103575,-5.489330
-0.458425,0.425113,0.119317,-0.292320,-2.782087,-4.600695
-0.429041,0.393749,0.125984,-0.160388,-2.729062,-1.693733
-0.412484,0.353562,0.118950,-0.236324,-0.877068,1.251366
-0.429185,0.314094,0.110025,-0.784363,-1.346309,0.799188
-0.447121,0.291452,0.093101,-1.269826,-1.055183,-1.156253
-0.440861,0.286328,0.104678,-1.583854,-0.371622,-0.177508
-0.434132,0.279960,0.112218,-1.361317,-0.464364,1.717890
-0.424314,0.252240,0.098179,-1.364495,0.125507,0.106440
-0.420191,0.208823,0.106129,-1.565823,0.084713,0.200429
-0.412379,0.160942,0.089602,-1.158226,-0.520484,2.527804
-0.385046,0.127559,0.097949,-0.954676,-0.061201,4.344343
-0.353601,0.129233,0.098799,-1.493688,-1.077727,4.202004
-0.351624,0.146558,0.113704,-1.754478,-1.983519,4.798157
-0.357933,0.146335,0.084826,-2.207346,-2.085731,5.518419
-0.355514,0.127579,0.078989,-2.371031,-1.569009,4.018135
-0.344446,0.127622,0.093485,-2.470998,-2.649266,-0.091124
-0.335921,0.154397,0.090626,-1.648554,-0.573909,-1.903474
-0.339929,0.147188,0.094745,-1.223672,-1.125427,-0.067957
-0.299588,0.135605,0.095654,-1.113838,-1.384782,0.777439
-0.222044,0.168075,0.116330,-0.346138,-0.864605,-1.328931
-0.191524,0.134761,0.114203,0.102049,-0.346580,-1.803613
-0.198735,0.124349,0.097302,0.468392,-0.270070,-0.628989
-0.222316,0.117509,0.095687,0.577179,-0.156796,-0.914427
-0.215689,0.108754,0.082029,0.924418,0.140426,-2.588139
-0.191159,0.098165,0.082311,1.884751,1.722869,-1.912764
-0.202441,0.041825,0.088696,2.097775,0.615693,-0.645312
-0.214593,-0.015903,0.100900,1.810145,-0.759937,-2.334041
-0.213033,-0.017462,0.101950,2.246157,-1.366745,-2.278315
-0.216237,-0.002635,0.119731,2.345372,-0.951044,1.007853
-0.221679,-0.028018,0.113537,2.008683,-1.240227,1.005818
-0.193736,-0.029699,0.132066,0.845623,-1.621659,-1.627663
-0.177911,-0.050349,0.119186,0.349197,-1.048618,-4.070427
-0.200796,-0.081601,0.115063,-0.220335,-1.026524,-0.966247
-0.234258,-0.100600,0.108823,-1.088881,-1.348150,1.982610
-0.233719,-0.127680,0.087586,-1.447783,1.195963,1.870915
-0.219227,-0.128330,0.104878,-1.839220,-0.537417,0.904457
-0.216923,-0.156690,0.100132,-1.427754,-0.474556,1.369878
-0.251740,-0.188563,0.117913,-0.994849,-0.037207,2.551021
-0.284088,-0.188500,0.115749,-1.316092,-1.470739,3.294178
-0.267594,-0.159181,0.104540,-0.741491,-0.199924,5.135422
-0.220944,-0.170877,0.118320,-0.631218,-0.515517,6.253934
-0.194872,-0.207972,0.105203,-0.224435,0.647743,5.708114
-0.221167,-0.225011,0.106916,0.025756,0.217435,5.579246
-0.273325,-0.212820,0.089792,0.479087,-0.228806,7.019677
-0.278012,-0.194914,0.099446,0.589163,-0.432530,9.892451
-0.234756,-0.151241,0.112244,0.896990,-0.349865,9.474479
-0.188307,-0.101276,0.145019,0.699722,-2.054511,7.163783
-0.204125,-0.076792,0.138303,0.253324,-2.524868,6.044218
-0.230358,-0.008550,0.115014,-0.213426,-1.650184,7.692789
-0.245034,0.082432,0.103211,-1.279847,-1.545546,7.499012
-0.218584,0.198795,0.106939,-2.396477,-1.266733,4.296523
-0.204236,0.292564,0.112569,-2.997701,-2.760853,1.459175
-0.234658,0.325747,0.092858,-3.385751,-1.586242,-0.760611
-0.289383,0.385100,0.067711,-3.481198,-0.860321,-2.056785
-0.329698,0.482969,0.104737,-4.106059,-1.699516,-3.142401
-0.332261,0.573111,0.106831,-3.260123,-0.916553,-3.262687
-0.341813,0.606776,0.123224,-2.466462,-2.349573,-3.997376
-0.348713,0.627964,0.116439,-2.057040,-0.879166,-6.746032
-0.365230,0.665029,0.108292,-1.570645,-1.033805,-8.864436
-0.380920,0.677483,0.102938,-0.693919,-0.466150,-8.690747
-0.358255,0.683871,0.103142,-0.143317,0.288906,-8.782113
-0.314970,0.702974,0.103007,1.051126,0.616914,-10.633927
-0.301702,0.678189,0.104402,2.700820,0.757520,-14.094326
-0.316837,0.611086,0.114768,3.607056,0.486233,-14.797128
-0.306554,0.552819,0.121461,4.237829,-0.563405,-14.311674
-0.251372,0.488309,0.127281,4.941311,-0.461200,-14.843503
-0.167549,0.411622,0.121760,5.370243,-0.292745,-14.277366
-0.107634,0.279822,0.114190,5.139084,-1.719329,-13.282840
-0.092105,0.108971,0.107120,4.919450,-1.266687,-13.684825
-0.066095,-0.062957,0.100345,4.991162,-1.733519,-12.854750
0.019360,-0.205966,0.091988,4.784017,-0.748016,-10.947981
0.095099,-0.379128,0.092132,4.598707,-0.114784,-9.147353
0.171537,-0.578480,0.091797,4.297008,0.546926,-7.631673
0.182474,-0.811757,0.106401,3.697964,-1.407464,-6.356239
0.239208,-1.016512,0.086198,3.944258,0.552310,-2.917277
0.302001,-1.209979,0.085242,3.165579,0.632441,0.866900
0.375620,-1.411672,0.088033,2.823382,0.587150,3.901539
0.427039,-1.608303,0.080634,2.079473,1.254190,5.621340
0.464003,-1.811598,0.057296,2.145700,2.621684,6.430087
0.483806,-1.989063,0.078287,2.433386,1.633657,7.897878
0.483599,-2.133218,0.081638,2.821108,1.906201,10.901702
0.500270,-2.267864,0.085689,3.308996,1.507119,14.074192
0.529875,-2.386662,0.090416,4.098245,1.233282,16.517139
0.550768,-2.508746,0.085147,5.198548,2.508572,18.061867
0.578494,-2.602699,0.109299,5.435553,-0.425025,18.770827
0.603809,-2.669871,0.095290,6.145876,0.755159,18.351506
0.638622,-2.696055,0.092589,6.429518,1.546108,18.731102
0.692989,-2.713770,0.067957,6.773784,5.017569,18.212149
0.712198,-2.726076,0.070695,6.933727,2.953532,18.274195
0.740476,-2.728453,0.069017,7.682884,2.193326,18.487475
0.736695,-2.729303,0.062134,7.959302,2.257902,18.207171
0.733399,-2.687419,0.064921,8.439818,4.387987,16.588350
0.769480,-2.622518,0.097036,8.421577,3.157546,15.220729
0.871869,-2.509366,0.112618,7.785917,3.610955,13.035303
0.969003,-2.433296,0.110540,8.177367,4.216106,9.947488
1.014582,-2.404381,0.126624,7.363992,2.591729,6.343716
1.068730,-2.331002,0.112523,6.697496,4.217303,5.428178
1.152579,-2.219458,0.101362,6.507259,5.100903,4.512478
1.244776,-2.094761,0.110888,5.758834,3.931314,1.465106
1.316954,-2.001024,0.106253,6.002909,3.884165,-3.658222
1.377748,-1.932093,0.091384,6.538521,5.243800,-6.375545
1.439467,-1.858540,0.105840,6.747540,4.342682,-6.917064
1.575695,-1.754126,0.109739,6.754114,4.609068,-7.087422
1.731719,-1.665267,0.115438,7.071552,4.805673,-8.388885
1.857945,-1.614130,0.121664,7.569863,5.387357,-11.461968
1.959405,-1.583994,0.131197,7.725174,6.201733,-14.899771
2.023633,-1.532105,0.107218,7.661741,5.141831,-15.007928
2.108438,-1.470559,0.078070,7.793761,6.744320,-13.804739
2.219827,-1.412000,0.094653,7.551520,6.900682,-13.876528
2.321261,-1.390248,0.108751,7.325462,7.478355,-14.679760
2.391114,-1.402662,0.098917,7.214082,8.954346,-15.759170
2.430409,-1.428669,0.102715,7.013030,8.119691,-15.520952
2.497909,-1.418112,0.103526,7.451521,8.330591,-13.222832
2.597728,-1.395588,0.125072,7.614257,8.815712,-10.648553
2.692436,-1.411259,0.128728,7.047026,7.403831,-9.265618
2.753052,-1.478631,0.100355,7.133486,8.870618,-9.497981
2.781419,-1.543594,0.093403,6.159196,8.723958,-9.401770
2.799614,-1.584342,0.104113,5.376190,8.421298,-7.348144
2.858557,-1.591491,0.060716,5.108012,9.820792,-4.257779
2.916968,-1.596740,0.077099,4.311696,9.689947,-2.055818
2.959393,-1.639645,0.087822,3.831202,9.868778,-1.794268
3.002777,-1.699707,0.073311,3.923964,10.725225,-0.761754
3.055959,-1.764811,0.067064,3.598878,11.268836,2.249643
3.098099,-1.772308,0.087944,3.619239,10.747585,5.742848
3.130159,-1.752413,0.069552,3.815122,10.911346,6.456852
3.138939,-1.741978,0.069122,3.395735,10.382158,6.238117
3.145740,-1.759122,0.076898,3.701592,10.733395,5.546643
3.131623,-1.762451,0.086204,3.183568,9.152704,4.613006
3.154015,-1.752462,0.079321,3.536006,8.529829,4.862039
3.195555,-1.719726,0.074808,3.991455,10.034229,5.283577
3.225523,-1.703593,0.050390,4.239636,10.460657,4.386685
3.237389,-1.699270,0.045187,5.191826,11.089493,4.135421
3.242569,-1.673887,0.047058,5.594092,11.159307,3.875921
3.260724,-1.654511,0.053429,6.474317,11.010445,3.114557
3.303041,-1.602921,0.041763,6.756281,12.110023,3.157473
3.304062,-1.557190,0.056478,6.679032,10.875222,2.667503
3.285753,-1.509975,0.067265,6.720155,11.237882,1.309376
3.253398,-1.478109,0.085302,6.793320,11.006365,-1.519306
3.253611,-1.446171,0.077742,6.149385,9.723772,-1.677172
3.283868,-1.391335,0.055756,6.306633,11.090090,-0.565164
3.296043,-1.356597,0.054657,5.716891,11.373122,-0.467853
3.305447,-1.342269,0.065449,5.226494,12.207613,-0.941683
3.303353,-1.319544,0.053718,4.855008,11.938417,-1.568829
3.304341,-1.271860,0.058612,4.112337,11.486461,-2.875256
3.317159,-1.211198,0.067143,3.627488,10.788611,-3.748913
3.331112,-1.161222,0.060332,4.183746,12.368737,-3.440483
3.320940,-1.157290,0.067652,3.995836,11.796697,-3.819122
3.312698,-1.167403,0.064307,3.729447,10.995845,-3.924492
3.319558,-1.176249,0.065328,4.440846,10.085037,-2.382438
3.310709,-1.162230,0.075339,4.737303,10.702848,0.256900
3.292636,-1.125391,0.092999,4.555393,10.309136,3.726465
3.262510,-1.084092,0.083929,4.378152,10.200343,4.437537
3.232108,-1.057602,0.076403,4.179597,10.283615,4.181895
3.226140,-1.048861,0.066775,4.346243,10.461270,2.957056
3.192426,-1.049793,0.081448,3.990115,9.855450,2.956858
3.147411,-1.023554,0.068138,3.585423,9.489830,6.315469
3.066450,-0.992705,0.065134,3.241194,10.463992,10.192883
3.013760,-0.947516,0.070199,3.492077,9.988636,12.852055
2.973025,-0.912233,0.059236,2.756230,10.118804,12.207126
2.936551,-0.872575,0.044284,2.309372,10.359896,10.840431
2.869241,-0.816954,0.058103,1.978010,10.486831,9.915361
2.787105,-0.744917,0.070875,1.485050,10.675981,9.289680
2.707279,-0.670865,0.065745,0.889960,10.623351,9.986432
2.646206,-0.584524,0.077132,0.191533,9.716229,11.089347
2.603344,-0.494621,0.086240,0.053241,9.570896,11.149570
2.535355,-0.451739,0.071627,-0.058559,9.117496,9.306093
2.440758,-0.401331,0.092526,-0.392672,8.248832,7.340237
2.325236,-0.312616,0.079173,-0.381217,7.639661,5.346192
2.230994,-0.212233,0.095641,-0.408182,7.145647,2.754125
2.190187,-0.094925,0.095165,-0.407631,6.627882,1.523758
2.141738,-0.006883,0.095661,-0.260912,6.791035,0.470850
2.099286,0.053028,0.097778,0.040967,7.573486,0.723362
2.031734,0.107516,0.084215,0.291473,6.927883,-0.828617
1.974675,0.188770,0.065367,0.679207,7.997794,-2.886493
1.926538,0.296857,0.071637,0.616477,7.099118,-6.615769
1.881289,0.398767,0.089053,0.596523,6.985172,-10.197687
1.806095,0.477211,0.063802,-0.013164,6.663164,-10.955888
1.708725,0.522679,0.033498,0.290448,6.877599,-11.573515
1.625049,0.580726,0.043267,0.335454,5.649813,-11.803299
1.577254,0.635451,0.065403,0.116285,5.045261,-13.745317
1.540904,0.650675,0.053583,0.324126,5.703219,-16.987310
1.486218,0.623667,0.057729,0.739029,4.975633,-20.017126
1.406098,0.561120,0.051844,1.709390,4.644252,-20.587169
1.330336,0.493551,0.055412,1.877372,4.695986,-18.912637
1.260518,0.436296,0.071263,2.102656,3.692532,-16.302693
1.216665,0.389908,0.070603,2.739692,3.603440,-14.402031
1.157381,0.314941,0.088223,3.403003,3.842654,-13.674935
1.075307,0.203892,0.070242,3.161544,3.797557,-13.567800
0.988316,0.083227,0.065994,3.383306,3.202871,-13.523744
0.920034,-0.040108,0.065282,3.606022,3.305447,-12.410722
0.879516,-0.182871,0.069296,3.702943,3.583224,-9.678468
0.809886,-0.342220,0.073212,3.575827,2.987064,-6.020069
0.721313,-0.528512,0.066976,3.806777,2.753965,-2.383422
0.621586,-0.688642,0.077545,3.307170,1.460009,0.688448
0.543730,-0.844404,0.078044,3.515487,1.918224,2.751757
0.471263,-1.004124,0.074506,3.557220,1.242915,2.904338
0.420376,-1.155084,0.079748,3.092049,0.563923,3.023747
0.347660,-1.325784,0.070475,3.032253,-0.029315,4.641632
0.252755,-1.484811,0.042663,3.183514,0.610202,7.705592
0.191652,-1.630197,0.053774,3.272370,0.346216,11.189776
0.138956,-1.762260,0.040257,3.604612,0.037722,13.309730
0.088406,-1.888653,0.011791,3.589923,0.057279,13.223474
0.019209,-2.004258,0.054194,3.359020,-0.887538,12.345730
-0.071573,-2.112745,0.044340,4.338349,-0.197697,12.255183
-0.156975,-2.187204,0.044603,3.784457,-0.535378,13.524518
-0.195603,-2.250276,0.056856,4.181084,-1.144310,14.365308
-0.197556,-2.276749,0.057657,4.885374,-0.460867,15.407778
-0.217343,-2.333020,0.050646,5.185093,0.211288,14.461080
-0.276561,-2.363035,0.031584,5.389464,-0.067201,13.496265
-0.340411,-2.374901,0.042059,6.171449,-0.445216,12.414900
-0.370311,-2.347811,0.050803,6.458810,-0.272790,11.349866
-0.390291,-2.299283,0.069808,5.998373,-2.453599,10.252536
-0.418409,-2.259671,0.068134,6.359126,-2.366217,8.790028
-0.475717,-2.199884,0.089792,6.073261,-2.988026,7.678503
-0.510632,-2.127605,0.074637,5.899400,-4.045224,6.336303
-0.529696,-2.031315,0.084661,5.713375,-4.291410,3.926613
-0.527458,-1.944064,0.058067,5.675505,-2.797083,1.416738
-0.525026,-1.871135,0.072641,6.195755,-2.633126,-0.821552
-0.515520,-1.794217,0.048141,5.619224,-1.513614,-2.082577
-0.539632,-1.720661,0.049352,5.543764,-2.506765,-2.990123
-0.542104,-1.616562,0.041458,5.776043,-2.015049,-2.199293
-0.539130,-1.499192,0.062095,5.680586,-1.516401,-1.924797
-0.529290,-1.425891,0.048230,6.093382,-0.533330,-3.545180
-0.530035,-1.377354,0.057194,6.014741,-1.227389,-5.958554
-0.529687,-1.331147,0.065039,6.567231,-0.555323,-7.939546
-0.520197,-1.272457,0.075362,6.922184,-1.239225,-8.157271
-0.496488,-1.196052,0.083220,6.828398,-1.831194,-6.814694
-0.480086,-1.129822,0.065837,6.948440,-1.761878,-5.424362
-0.461891,-1.095707,0.097709,6.483992,-2.632880,-4.122566
-0.421609,-1.086228,0.094771,6.060922,-2.102891,-2.959137
-0.379190,-1.063671,0.088229,5.756413,-2.125986,-2.406144
-0.335668,-1.023563,0.085712,5.146188,-1.597904,-2.324237
-0.307623,-0.979985,0.089949,4.523691,-1.558613,-2.898218
-0.273430,-0.926678,0.090767,2.970336,-1.181409,-3.275455
-0.244797,-0.895548,0.076419,1.803045,-1.056840,-2.767005
-0.183780,-0.856355,0.081930,1.148786,-1.183053,-1.546321
-0.118023,-0.812206,0.082715,0.417958,-0.537965,-0.279112
-0.050556,-0.760301,0.050550,-0.087987,0.961242,0.066267
-0.020955,-0.726193,0.066460,-0.672018,0.239825,-1.936719
0.010698,-0.695742,0.082101,-0.314771,0.314208,-3.194310
0.054610,-0.678398,0.052713,0.032731,1.372013,-4.279182
0.086250,-0.661464,0.062160,0.156873,0.092460,-3.934066
0.111357,-0.640801,0.059449,1.568275,-0.268333,-2.283517
0.110356,-0.622728,0.069493,2.538282,-0.679534,-1.451685
0.141227,-0.597604,0.090721,3.029902,0.030878,-1.200716
0.175325,-0.556849,0.083847,3.091034,-0.616478,-2.299407
0.227391,-0.517437,0.076528,3.962059,0.538041,-4.206687
0.293565,-0.496436,0.088824,3.819026,0.522419,-4.849712
0.340018,-0.468755,0.090773,3.728467,1.135973,-4.262818
0.403766,-0.447248,0.080499,3.673788,2.640754,-3.322747
0.469957,-0.428673,0.061681,3.081131,3.775066,-3.737639
0.551716,-0.407098,0.077148,3.087227,3.443911,-4.040360
0.621366,-0.395983,0.076958,3.118873,4.225548,-4.728860
0.678720,-0.392294,0.056633,2.644757,5.135279,-5.650335
0.741739,-0.392107,0.066946,2.132264,4.053591,-6.021353
0.826521,-0.408391,0.067438,2.175448,3.719481,-6.735613
0.929810,-0.398127,0.072306,2.055964,3.459348,-7.017486
1.014818,-0.426901,0.078448,2.260624,2.364665,-6.669633
1.090288,-0.451132,0.083710,2.273169,2.623377,-5.411672
1.170501,-0.496630,0.074696,2.218346,3.099429,-4.002335
1.264737,-0.546542,0.099715,2.105775,3.083217,-3.978603
1.362494,-0.591065,0.077630,2.595600,3.232883,-2.879783
1.449541,-0.643154,0.053304,2.726270,4.565599,-1.917703
1.513788,-0.695907,0.044583,2.331836,4.522963,0.124170
1.568851,-0.752210,0.057601,2.732556,4.594645,1.722628
1.614057,-0.797508,0.054191,3.398264,5.532290,2.935678
1.647492,-0.825186,0.073028,3.311208,5.631095,4.218952
1.665864,-0.848540,0.093737,3.523102,5.517965,5.810421
1.692021,-0.866771,0.095050,3.572749,5.620663,7.469481
1.716499,-0.911793,0.098057,3.315806,5.917222,9.118274
1.752369,-0.929200,0.093097,2.871578,6.029931,10.900748
1.783057,-0.946574,0.086890,2.617908,6.039056,12.221182
1.818103,-0.942960,0.078881,2.087252,6.599050,11.864359
1.828975,-0.929443,0.089073,1.424115,6.351400,11.759935
1.851663,-0.903803,0.088853,1.103890,6.691788,12.348687
1.866834,-0.892899,0.087258,0.819391,7.135026,12.172030
1.904878,-0.856339,0.087625,0.235843,6.273691,11.903242
1.926653,-0.806131,0.091971,0.510051,6.450076,11.300848
1.963479,-0.743427,0.091784,0.420168,7.285174,10.448038
1.982382,-0.680368,0.106385,0.320877,6.510735,9.916453
2.027857,-0.603037,0.108899,0.289832,6.630620,9.218085
2.069390,-0.551305,0.118385,0.403611,7.060012,7.878231
2.119798,-0.478078,0.110731,0.510527,7.252136,7.208656
2.155114,-0.402690,0.107586,0.603896,7.532831,6.553797
2.190062,-0.317547,0.112060,0.784197,7.771053,5.067046
2.230275,-0.220905,0.099130,0.997417,8.419932,3.978681
2.268299,-0.137383,0.093468,1.032057,7.823057,2.657844
2.297979,-0.069860,0.092365,1.644405,9.330986,0.726808
2.330311,-0.001884,0.113074,2.006166,8.948001,-1.591029
2.358221,0.087894,0.100726,2.378637,8.648005,-2.771644
2.382399,0.158758,0.118067,2.468343,8.454978,-3.913401
2.410717,0.228983,0.115753,1.351477,7.319537,-5.050477
2.431521,0.293227,0.118759,1.848576,8.059881,-6.449981
2.432282,0.352698,0.117138,0.930878,8.083620,-8.164964
2.412808,0.407649,0.134226,-0.211308,5.207505,-9.781917
2.423784,0.466067,0.104615,-0.708115,7.332959,-10.363989
2.441496,0.488929,0.097525,-0.466262,9.475678,-10.729243
2.437098,0.507219,0.116731,-0.883850,8.467740,-11.197660
2.443219,0.502085,0.109660,-0.983581,8.250817,-11.192401
2.431015,0.496531,0.136649,-0.220473,7.939061,-10.910746
2.414108,0.489747,0.139767,-0.316428,8.501677,-10.169033
2.391275,0.471476,0.143634,-0.398394,8.015755,-9.412422
2.369443,0.460044,0.116806,-0.720385,8.313518,-9.180479
2.326165,0.417254,0.102961,-0.775973,8.659248,-8.824680
2.288207,0.378718,0.099669,-0.874669,8.260264,-8.872424
2.258113,0.321259,0.098825,0.565891,8.260057,-8.382129
2.235852,0.246994,0.139518,1.313213,8.355642,-8.104645
2.204698,0.158630,0.133127,1.745031,8.037958,-7.248338
2.172294,0.056323,0.133970,2.478174,7.800450,-6.383872
2.117553,-0.065836,0.142915,3.143412,7.114250,-4.679019
2.079861,-0.150004,0.149152,2.906886,7.191430,-2.174266
2.042871,-0.221151,0.155313,2.497786,5.845736,0.187068
2.004483,-0.304627,0.142327,2.368140,6.489865,1.416397
1.956034,-0.396335,0.111948,1.758381,6.880364,1.052499
1.903958,-0.499725,0.115428,1.886669,6.520218,0.581682
1.862954,-0.576702,0.124159,1.725150,7.449755,1.079297
1.827389,-0.670940,0.154380,1.956099,7.100146,1.780495
1.787836,-0.744631,0.141474,1.280393,6.362343,1.890427
1.734936,-0.840058,0.135014,1.454063,6.386873,2.072526
1.657001,-0.958541,0.167966,1.584078,3.659311,2.258017
1.601928,-1.036525,0.176504,1.314399,2.567549,3.300371
1.581377,-1.108221,0.139659,1.847099,5.135827,3.882295
1.528520,-1.178268,0.135785,2.189123,5.085012,3.472511
1.480222,-1.256413,0.159997,2.462973,4.690059,3.847690
1.430211,-1.322705,0.129237,2.712724,4.854024,4.163755
1.364053,-1.395260,0.133573,3.259779,4.451571,3.404034
1.310954,-1.433750,0.146739,3.910089,3.814387,2.910075
1.263371,-1.461234,0.154902,4.817821,3.950782,2.906427
1.211417,-1.500052,0.142534,5.374053,4.500564,2.716044
1.149422,-1.527339,0.155795,5.840428,3.190399,2.855750
1.088831,-1.561063,0.163765,6.553472,3.419648,3.074769
1.035580,-1.584873,0.136787,6.795975,3.072572,3.954977
0.974336,-1.591822,0.154259,6.059774,1.355765,3.743429
0.921052,-1.602782,0.142987,5.699808,2.978042,3.178438
0.870890,-1.595236,0.164891,5.217769,2.392202,2.798852
0.819494,-1.586885,0.136380,4.885701,2.942814,2.340914
0.754351,-1.582878,0.148574,4.514819,2.453009,2.182764
0.694614,-1.582815,0.142656,4.278083,2.462206,2.844259
0.633337,-1.571576,0.151338,4.507965,1.888876,3.891907
0.564613,-1.550194,0.153008,4.731778,1.182075,4.452421
0.495869,-1.529459,0.173035,4.406718,0.635723,5.563475
0.419568,-1.476188,0.172230,3.551039,0.322671,6.639482
0.341643,-1.418828,0.164372,3.515211,0.385112,5.560256
0.265665,-1.369824,0.176786,3.062048,-0.283963,4.249231
0.201217,-1.298553,0.164467,2.571080,-0.740583,4.045462
0.149145,-1.240421,0.147619,2.622352,-0.286163,3.083187
0.088987,-1.193107,0.150963,2.553903,-0.097912,3.673686
0.020955,-1.143126,0.129900,3.099576,-0.414033,4.767199
-0.061706,-1.092524,0.133813,2.965298,-0.352081,5.535307
-0.131041,-1.043989,0.152644,2.931163,0.118053,5.241464
-0.182661,-0.989284,0.146266,3.794126,0.112854,3.645245
-0.247161,-0.918984,0.148236,4.118782,-0.076816,1.854761
-0.325943,-0.839562,0.170041,4.007484,-2.120915,2.347519
-0.381307,-0.746620,0.161530,3.533034,-1.114949,3.111882
-0.423172,-0.646860,0.140988,2.675442,-0.618543,3.874532
-0.446612,-0.543322,0.144471,1.472224,-1.322718,3.725915
-0.456177,-0.439948,0.136836,1.198351,-1.114368,2.002003
-0.475074,-0.348178,0.132221,0.579017,-0.639121,0.578476
-0.512717,-0.273400,0.130386,0.361651,-1.122483,-2.090309
-0.542744,-0.197914,0.149234,-0.219364,-2.000394,-4.492159
-0.538556,-0.112820,0.152441,0.091142,-1.420758,-6.030702
-0.560302,-0.035312,0.152086,-0.111437,-2.204440,-7.398639
-0.562981,0.026805,0.155815,-0.624564,-3.572941,-7.985080
-0.586595,0.093829,0.136754,-0.638574,-2.619508,-7.863300
-0.606847,0.154022,0.138543,-0.961838,-3.031230,-8.367122
-0.633612,0.238969,0.153215,-1.344800,-4.622176,-8.793794
-0.647490,0.327165,0.110885,-1.208848,-2.087684,-8.927434
-0.676865,0.409107,0.125987,-1.479213,-2.981580,-9.439170
-0.710096,0.469793,0.126020,-1.427154,-2.893112,-10.328174
-0.736208,0.521731,0.134466,-0.280427,-2.966212,-10.447898
-0.774751,0.559082,0.160568,-0.063819,-4.102953,-10.740456
-0.789558,0.582847,0.153497,0.242350,-3.652360,-11.294447
-0.822832,0.595084,0.132762,0.171508,-3.207432,-10.852349
-0.841988,0.592389,0.104606,0.859077,-2.348109,-9.751459
-0.872374,0.574224,0.106519,0.728968,-2.126423,-8.748283
-0.877278,0.556075,0.110507,1.285361,-1.043337,-7.666286
-0.894724,0.525319,0.112598,0.992643,-1.674303,-6.422540
-0.909258,0.495948,0.113947,0.947821,-2.088665,-5.783010
-0.918702,0.459283,0.134128,0.859383,-2.958790,-5.159034
-0.922408,0.415735,0.117272,0.901756,-2.748737,-3.792630
-0.928205,0.381837,0.121530,0.423114,-3.224120,-1.512457
-0.933637,0.339878,0.116961,-0.738167,-3.464447,0.583046
-0.938639,0.299884,0.102419,-1.968874,-4.084598,1.951278
-0.963021,0.264848,0.092910,-2.299642,-3.806099,1.605477
-0.976670,0.211544,0.096265,-2.657529,-4.240080,1.730436
-0.980966,0.153937,0.095733,-2.552698,-3.304966,2.375922
-0.980202,0.077778,0.105347,-2.324555,-3.495075,3.341121
-0.971214,0.006411,0.095516,-1.858630,-4.077540,4.412460
-0.951730,-0.044851,0.099176,-1.584894,-3.670472,6.811012
-0.946668,-0.100990,0.092539,-1.540768,-3.239058,8.540520
-0.931438,-0.130614,0.100437,-1.354414,-2.602413,9.935192
-0.908106,-0.151284,0.076679,-1.510343,-1.942413,10.415505
-0.914523,-0.162149,0.084146,-0.967678,-2.584149,8.957275
-0.907364,-0.155216,0.093409,-0.980440,-2.727125,8.567985
-0.908093,-0.160672,0.096971,-0.025122,-2.656133,8.701889
-0.897212,-0.146511,0.100424,0.613430,-2.252672,9.255567
-0.875662,-0.136611,0.106135,0.374419,-2.677817,9.484494
-0.856299,-0.116874,0.100762,0.630079,-3.153127,9.155253
-0.832413,-0.099257,0.077647,0.766812,-1.985501,8.408225
-0.792154,-0.072673,0.087465,0.351560,-2.044191,7.543657
-0.744335,-0.030254,0.072900,-0.109632,-2.629916,7.345667
-0.679698,0.032733,0.070403,-0.686560,-2.088701,7.444331
-0.631347,0.078464,0.077716,-1.317874,-1.802496,6.935123
-0.593205,0.142741,0.093094,-1.463720,-1.874785,6.378641
-0.562314,0.214859,0.101362,-1.667795,-2.106558,4.977505
-0.521307,0.295643,0.101727,-2.124284,-3.163273,3.931320
-0.476876,0.407821,0.098973,-2.961260,-3.062355,2.027022
-0.445128,0.499739,0.065502,-3.183796,-1.799279,0.332817
-0.418301,0.570357,0.058973,-3.392891,-1.610191,-1.038495
-0.387587,0.619403,0.068295,-3.823415,-1.426299,-2.027865
-0.345920,0.659554,0.071962,-2.887143,-0.835109,-2.694118
-0.301292,0.689346,0.065715,-1.122435,-0.234869,-2.054981
-0.255065,0.725154,0.088312,-1.224286,-1.590749,-1.525237
-0.210595,0.757128,0.086001,-0.426883,-1.011015,-2.050641
-0.174330,0.778470,0.092612,0.165361,-0.977225,-2.953712
-0.109827,0.824372,0.082659,0.156478,0.261055,-3.504373
-0.059767,0.863144,0.050823,0.187553,0.796079,-4.425182
-0.020341,0.910342,0.066634,-0.468889,0.806681,-4.430349
0.019100,0.918178,0.059544,-0.890449,1.351363,-4.587984
0.035956,0.916477,0.064658,-1.325556,0.556599,-5.096558
0.062658,0.920984,0.058428,-1.182244,0.849783,-5.390989
0.092919,0.906039,0.091735,-1.179014,0.455119,-5.763450
0.117859,0.883134,0.091065,-1.542233,-0.275535,-6.024820
0.162267,0.858165,0.076951,-1.669224,0.143396,-5.784932
0.204200,0.811807,0.080171,-2.021262,1.354786,-5.048496
0.264052,0.782701,0.069096,-2.866066,0.625973,-4.121678
0.339207,0.755349,0.045469,-2.977455,1.197942,-2.145803
0.389868,0.713554,0.030399,-3.589912,3.923931,-1.674361
0.430948,0.688489,0.049815,-4.012628,1.885300,-2.404315
0.474165,0.659945,0.030895,-4.284873,3.141293,-3.199635
0.502295,0.631555,0.026336,-4.208333,2.728322,-4.574661
0.537831,0.610521,0.042974,-4.339713,2.950074,-4.496160
0.559492,0.575386,0.064271,-3.393166,2.907892,-4.374693
0.574587,0.507790,0.067675,-2.081071,2.839361,-4.581072
0.597788,0.444535,0.076337,-1.559153,0.790401,-4.060919
0.619885,0.365654,0.064015,-0.476733,1.831127,-3.784572
0.658795,0.294104,0.070993,-0.025559,1.965093,-3.054369
0.704762,0.230135,0.061937,0.628674,2.000734,-2.331482
0.725225,0.177485,0.062475,1.030159,2.456468,-1.823096
0.744135,0.139258,0.057174,1.237947,2.430704,-2.029820
0.764365,0.100216,0.057959,1.731468,2.770456,-2.880312
0.785448,0.065583,0.068548,2.116242,2.855895,-3.285669
0.810555,-0.000453,0.080020,1.927426,2.528206,-3.741628
0.820189,-0.055378,0.084264,1.663033,2.312100,-2.884953
0.831176,-0.126328,0.084300,1.518668,2.675023,-2.421901
0.831553,-0.187050,0.081609,0.963896,2.496281,-1.555626
0.845346,-0.253834,0.070790,0.775130,3.008397,-1.556383
0.832059,-0.342831,0.065203,0.507237,2.553595,-1.402639
0.839976,-0.424488,0.075379,0.709468,2.346556,-1.115493
0.833651,-0.533396,0.058642,0.982163,3.222025,-0.284939
0.843153,-0.627773,0.075894,0.988459,3.032579,-0.092702
0.859165,-0.705150,0.069408,1.909656,2.773493,0.952320
0.859303,-0.787004,0.078133,2.323968,2.722582,1.896048
0.864775,-0.855190,0.080086,2.769346,3.452662,4.066411
0.842346,-0.903340,0.083719,2.054720,1.809267,5.305273
0.822697,-0.943402,0.072960,1.977698,2.022881,5.892462
0.806000,-0.956299,0.079777,1.554030,1.552734,5.504165
0.806932,-0.971451,0.060723,1.412396,2.248982,4.735034
0.774406,-0.998613,0.054112,1.780072,2.564871,4.941742
0.751062,-1.040294,0.059616,2.036158,2.279637,5.347192
0.716543,-1.062453,0.066004,2.627089,2.236273,6.713129
0.716347,-1.075252,0.070675,2.990497,2.685074,7.632554
0.721323,-1.077930,0.088072,2.796331,1.669957,8.533869
0.714469,-1.066697,0.080818,3.140573,2.063945,9.385231
0.703305,-1.033197,0.079170,2.448501,2.532053,9.314402
0.669368,-0.988359,0.081372,1.873772,3.209499,8.926544
0.638999,-0.930118,0.051318,1.364640,3.249279,7.952476
0.606864,-0.861410,0.059072,1.285786,2.110926,7.511048
0.580926,-0.792834,0.059978,0.469644,1.770757,6.629761
0.535228,-0.713458,0.077758,0.391751,0.964873,6.363764
0.478540,-0.632976,0.086214,0.583275,1.149549,6.150074
0.433879,-0.524612,0.105846,-0.259635,-0.878807,5.189388
0.416581,-0.414053,0.095579,-0.378076,0.574696,4.612805
0.396854,-0.290387,0.092155,-0.496743,0.121378,3.247571
0.357750,-0.186570,0.089021,-0.805515,0.830315,2.132108
0.294185,-0.077317,0.084018,-0.756282,0.857635,1.425104
0.240452,0.017847,0.069956,-0.651680,0.648110,0.117982
0.207434,0.120318,0.084412,-0.812851,0.326146,-1.953380
0.171461,0.221582,0.059265,-0.292362,0.556612,-3.603786
0.131806,0.313874,0.039091,-0.019687,1.844667,-4.282905
0.065731,0.406491,0.044800,-0.028792,0.982692,-4.348490
0.023788,0.506691,0.045082,-0.151011,0.338045,-4.436031
-0.016429,0.609448,0.064993,0.661038,0.260720,-4.311599
-0.054338,0.714978,0.084057,-0.366598,0.200399,-4.825910
-0.100301,0.802698,0.058241,-0.685237,1.380255,-5.561274
-0.137662,0.857646,0.049280,-1.468916,-0.311031,-7.478760
-0.156320,0.918614,0.046864,-1.876139,1.258591,-7.968265
-0.172502,0.965911,0.034949,-1.649847,1.729306,-8.869065
-0.217491,1.010726,0.049740,-1.554516,0.037248,-10.266315
-0.253549,1.042700,0.028098,-2.376996,-0.065092,-10.120464
-0.284729,1.053273,0.055021,-2.804717,-0.882005,-10.447080
-0.328378,1.078840,0.048259,-2.718734,-0.790747,-10.143482
-0.379834,1.100048,0.075943,-3.179559,-1.948650,-9.370623
-0.417470,1.112849,0.065531,-3.242752,-2.372564,-8.041059
-0.461711,1.131270,0.053409,-4.243896,-3.829940,-7.143699
-0.500165,1.135889,0.033167,-4.094322,-2.298912,-6.775168
-0.552608,1.128710,0.025532,-4.208478,-1.811424,-6.361620
-0.607021,1.111408,0.018744,-4.362720,-1.447041,-5.428384
-0.661503,1.088970,0.026661,-3.780599,-1.680094,-5.004530
-0.682678,1.074484,0.026667,-3.656950,-1.259262,-3.011482
-0.740876,1.034845,0.040027,-2.890619,-1.990544,-1.450295
-0.797245,0.994544,0.042069,-2.243792,-1.672636,-0.135367
-0.848914,0.943754,0.049264,-2.243348,-2.318242,0.781881
-0.890007,0.928196,0.049090,-2.173150,-3.036643,1.622829
-0.946750,0.910090,0.038740,-2.395493,-3.642457,1.237890
-0.994937,0.895151,0.039666,-2.606337,-3.252221,1.661495
-1.066648,0.873031,0.018563,-3.007323,-3.926992,2.234983
-1.117631,0.852066,0.004058,-3.207115,-3.156587,2.476784
-1.173245,0.828255,0.012310,-3.558119,-4.349615,2.899358
-1.216262,0.807205,0.010524,-3.828815,-4.710424,3.671850
-1.258539,0.791909,0.009681,-3.129390,-3.614169,4.140944
-1.316714,0.750862,0.048318,-3.004362,-4.518776,4.272957
-1.352919,0.730320,0.035999,-3.469874,-4.856345,4.022378
-1.386696,0.710419,0.033882,-3.078913,-4.793716,3.901375
-1.413172,0.687268,0.048000,-3.308020,-5.584771,4.223434
-1.443301,0.682019,0.042623,-3.269314,-5.784727,5.136770
-1.457895,0.678241,0.007856,-3.442403,-3.639348,5.527219
-1.481873,0.667619,0.003083,-3.619008,-3.753252,5.150628
-1.507608,0.665371,0.001012,-3.410898,-4.989740,4.371817
-1.531976,0.664705,-0.008356,-3.084407,-3.935073,4.322002
-1.575968,0.654286,-0.008694,-2.960627,-4.888933,3.644766
-1.601764,0.671680,-0.000022,-2.711903,-6.045530,3.780774
-1.630502,0.681704,-0.014599,-1.759100,-5.074736,3.717068
-1.658271,0.684934,-0.003912,-1.725777,-6.011849,3.191165
-1.674477,0.706720,0.004409,-2.053949,-6.851349,3.279623
-1.691953,0.721589,-0.009630,-1.425296,-6.186182,3.359104
-1.706674,0.744428,-0.001384,-1.836146,-6.507681,3.268676
-1.718757,0.766217,-0.007408,-2.183782,-6.706977,3.154650
-1.732425,0.792076,-0.015561,-2.693446,-6.107932,2.996043
-1.737598,0.823637,-0.033181,-3.644388,-5.392459,2.531433
-1.757332,0.846965,-0.024250,-3.816165,-4.225507,2.133896
-1.780976,0.878480,0.011804,-3.432553,-5.123493,2.333249
-1.794933,0.903948,-0.002047,-3.473728,-5.181228,1.678379
-1.809057,0.947621,0.006178,-3.540719,-6.101893,1.956178
-1.827018,0.977505,-0.005596,-3.553179,-5.955805,1.643309
-1.838008,1.003922,-0.011484,-3.953604,-5.543054,1.924709
-1.842370,1.043853,-0.009137,-4.188246,-6.258580,2.150232
-1.856826,1.065100,-0.024739,-4.392630,-6.419735,2.179012
-1.842374,1.083179,-0.011642,-4.228561,-6.486664,2.297711
-1.851029,1.114566,-0.012233,-3.971099,-6.319433,2.270214
-1.857781,1.133535,-0.028425,-3.967777,-6.117996,1.300897
-1.856810,1.158850,-0.026843,-4.057447,-6.234848,0.719987
-1.847580,1.189251,0.008916,-3.424534,-6.339367,0.157659
-1.823178,1.222752,0.019042,-3.516675,-6.485827,-0.679970
-1.807678,1.256676,0.007646,-4.007209,-7.230402,-0.836812
-1.806428,1.276610,-0.006328,-4.022095,-6.221318,-1.477955
-1.800033,1.300628,-0.025038,-4.657887,-5.033059,-2.002374
-1.782358,1.325929,-0.040094,-3.994076,-4.926307,-2.233720
-1.763159,1.337365,-0.057790,-4.698140,-5.797325,-3.352490
-1.753968,1.345138,-0.045211,-4.942760,-5.895716,-4.246400
-1.749727,1.348374,-0.034081,-5.280877,-6.191585,-4.684418
-1.736141,1.340621,-0.030276,-4.551470,-5.053433,-5.173128
-1.710328,1.327724,-0.024775,-4.176150,-5.481702,-5.887120
-1.687919,1.312061,-0.022277,-3.718762,-6.228871,-6.871471
-1.688864,1.284757,-0.004818,-3.416101,-6.075807,-7.820316
-1.677602,1.258567,-0.024969,-3.077991,-5.607331,-8.080908
-1.663619,1.225549,-0.010634,-3.272344,-6.183931,-8.560899
-1.627010,1.193026,-0.024404,-3.150683,-5.201074,-8.989352
-1.599598,1.131313,-0.016661,-3.284561,-6.012059,-9.629125
-1.562917,1.087716,-0.013884,-2.917289,-5.600011,-10.014447
-1.531120,1.005537,-0.017744,-1.626093,-4.293745,-10.003654
-1.487178,0.929886,-0.015102,-1.038185,-3.961746,-9.469377
-1.444667,0.829266,0.000503,-0.060810,-4.743594,-9.147615
-1.379290,0.729385,-0.008264,0.060483,-4.432720,-8.394990
-1.345629,0.606152,-0.014179,0.326827,-4.615513,-7.141380
-1.297968,0.485365,-0.024785,0.348770,-3.864478,-5.794994
-1.249693,0.351054,-0.031960,0.766887,-3.369108,-4.512573
-1.189798,0.224529,-0.017051,1.178659,-3.525618,-3.907057
-1.129723,0.082104,-0.016444,1.422554,-3.171453,-2.751154
-1.069238,-0.056592,-0.005878,1.693585,-3.560740,-0.966565
-1.015691,-0.196509,-0.012125,1.539219,-3.893599,0.365437
-0.938843,-0.333361,-0.024506,1.772426,-3.176984,0.680547
-0.866426,-0.456009,-0.036273,1.231024,-3.801930,2.770600
-0.813552,-0.590671,-0.027631,1.007280,-3.688489,4.220915
-0.764654,-0.726197,-0.032617,0.506791,-2.680541,5.429284
-0.706673,-0.855521,-0.014091,0.634937,-3.039019,6.199357
-0.644011,-0.978377,-0.026534,1.376433,-1.159045,7.168017
-0.598135,-1.093334,-0.025684,1.688531,-2.276994,8.013408
-0.554935,-1.198379,-0.009633,1.546480,-2.629463,9.230433
-0.509802,-1.286286,0.004668,1.985286,-2.480768,9.826460
-0.457312,-1.360656,0.005341,2.493188,-1.738743,11.166206
-0.414365,-1.412233,0.008361,2.176843,-2.185723,11.852463
-0.373997,-1.444575,0.014558,2.082119,-2.919046,11.820946
-0.327889,-1.454209,-0.000833,2.269762,-1.927717,11.897014
-0.303730,-1.456267,-0.016126,2.321421,-1.091450,11.633205
-0.268506,-1.468511,-0.015949,2.381579,-0.951775,11.735106
-0.229439,-1.461240,-0.028438,3.191241,-0.501274,11.110820
-0.169341,-1.441283,-0.031369,3.697373,-0.018276,10.471651
-0.114107,-1.410198,0.015179,3.684185,-0.283274,10.040464
-0.060574,-1.351708,0.004350,3.696979,0.038113,9.929042
-0.021214,-1.290300,0.014555,3.625987,0.205596,8.510864
0.029119,-1.215871,0.030537,2.869631,-1.243745,7.479706
0.098040,-1.129986,0.003894,2.981588,0.421725,6.643892
0.185461,-1.058751,0.009467,2.629232,0.884627,4.823938
0.239825,-0.960737,0.003572,1.780751,-0.702954,2.953030
0.308188,-0.861368,-0.013234,2.069438,1.822140,1.878833
0.353499,-0.773585,-0.017557,1.558500,1.132933,0.720644
0.410062,-0.674331,-0.006676,1.831038,0.995307,-1.482208
0.498360,-0.565571,-0.013188,1.969179,2.565081,-2.786839
0.553019,-0.496252,0.013206,2.506862,1.984801,-3.749108
0.603696,-0.397300,0.016584,1.946586,1.696259,-4.457311
0.647878,-0.299624,0.023933,1.872866,1.145272,-5.104315
0.731439,-0.217172,0.008575,2.197889,1.930280,-5.690250
0.815039,-0.126111,0.013278,1.642852,2.435414,-6.348351
0.870677,-0.059487,-0.031297,1.872121,2.850584,-6.868539
0.906396,-0.002714,-0.001585,1.038266,2.868447,-6.903168
0.954802,0.051617,-0.018056,0.962908,4.004725,-6.877365
1.003198,0.112109,0.018914,0.805440,3.925388,-6.710964
1.056032,0.150812,-0.004683,1.278964,4.331268,-6.632448
1.096137,0.185363,0.012441,1.101371,3.670944,-6.754682
1.140329,0.233264,0.015701,0.444992,4.507847,-6.470015
1.183660,0.288894,0.005804,0.020412,4.850461,-5.448074
1.220131,0.331143,0.011227,-0.935766,4.936629,-4.935327
1.267300,0.381722,-0.000370,-1.314976,4.346459,-6.183060
1.314944,0.415413,0.000132,-2.135822,4.356225,-6.662449
1.340705,0.423638,-0.024260,-2.275007,5.247876,-6.821749
1.359087,0.446235,-0.002326,-2.987778,4.415230,-5.772586
1.369485,0.453407,-0.008271,-2.121835,5.463430,-5.377289
1.406193,0.462312,-0.037557,-1.965791,6.403901,-5.002650
1.447657,0.457503,-0.006866,-1.902096,4.767248,-5.187683
1.479178,0.456916,0.003723,-1.543476,4.677303,-4.712490
1.482106,0.446011,0.010239,-0.979596,5.188831,-4.715497
1.494714,0.430942,0.018425,-0.525339,5.219985,-3.690663
1.513555,0.426314,0.006054,-0.840972,3.823954,-3.982619
1.547469,0.422788,-0.008642,-0.166054,5.624053,-3.697226
1.550397,0.399164,-0.007155,-0.277650,5.431843,-2.747607
1.532137,0.369757,-0.031186,0.273951,6.686352,-2.474350
1.514218,0.333578,-0.011616,0.564982,5.865828,-2.277463
1.519604,0.323274,-0.013319,0.471416,6.323626,-1.467432
1.526091,0.280409,0.015579,0.958776,5.756578,-1.166859
1.531126,0.246242,0.004721,1.070054,5.390488,-1.259436
1.520530,0.183764,0.004501,0.707341,5.330784,-1.155326
1.495616,0.139277,0.012943,0.104557,4.701373,0.098365
1.494418,0.107822,0.010452,0.155872,5.247564,1.221531
1.487246,0.075500,0.008752,-0.229687,5.371276,0.835513
1.491573,0.036235,0.002341,-0.572527,5.359502,1.007340
1.494478,-0.011469,0.009198,-0.045420,5.406280,1.822577
1.471284,-0.075217,0.011565,0.338487,5.579022,2.474266
1.448960,-0.101352,0.021392,-0.113606,4.429006,3.705476
1.420715,-0.135076,0.024032,-0.145190,4.238517,4.230019
1.399927,-0.158575,0.021747,-0.820289,4.344310,4.878222
1.377262,-0.192220,0.008742,-0.667551,4.078147,5.593245
1.355690,-0.225441,0.003618,-0.468333,4.364054,6.465251
1.341224,-0.248179,-0.003531,-0.491159,6.211334,6.490982
1.307996,-0.265073,-0.002238,-0.070853,5.003775,6.796881
1.270071,-0.269679,0.017726,0.184288,4.428317,8.318868
1.223348,-0.268395,0.036173,0.812123,4.831873,8.164980
1.136731,-0.245576,0.100913,-0.587367,-6.516838,7.829799
1.143598,-0.214858,0.041576,-0.037726,2.665737,9.050628
1.104170,-0.186669,0.037296,-0.170314,2.948190,9.467713
1.041610,-0.158036,-0.009761,-0.137050,3.706207,9.557127
0.987262,-0.119871,0.020519,-0.977275,3.334740,8.176466
0.937842,-0.060013,0.010698,-0.963033,3.788265,8.658546
0.879753,-0.017128,0.006040,-0.747147,3.862497,8.752484
0.815000,0.040092,0.014736,-0.800033,3.029703,8.316646
0.749331,0.111600,0.038284,-1.240668,2.139220,6.431693
0.672762,0.188760,0.043733,-1.041168,2.219325,6.769092
0.610373,0.260032,0.034903,-1.539501,2.634891,6.066599
0.547832,0.349084,0.025427,-2.092277,1.353063,3.863656
0.486493,0.417005,0.014939,-2.300951,1.755172,1.800894
0.424613,0.489698,0.019344,-2.700066,1.305806,1.706817
0.341226,0.555635,0.010826,-2.512068,1.664071,1.285494
0.251323,0.612159,-0.013546,-1.770707,1.402483,-0.588909
0.193240,0.684094,-0.011340,-1.736024,1.715497,-1.636816
0.135427,0.733770,0.010994,-2.028401,1.285487,-2.721858
0.074026,0.782015,0.022354,-1.376003,0.988768,-4.137371
0.009608,0.810622,0.014112,-0.748473,0.897260,-5.762554
-0.063246,0.836586,0.018235,-0.806448,-0.487568,-5.992097
-0.121257,0.868160,0.013869,-0.316899,0.066528,-6.225348
-0.183003,0.892466,0.033446,-0.478404,-0.431313,-7.639732
-0.218601,0.905612,0.023293,-0.622090,-0.024491,-8.433128
-0.273017,0.906302,0.017289,-1.030176,-0.974317,-8.798201
-0.323658,0.891642,-0.011836,-1.318311,0.068179,-8.918208
-0.386359,0.882153,-0.016546,-1.536554,-0.991543,-9.595054
-0.427708,0.872926,-0.007713,-1.853513,-1.271821,-9.235624
-0.483438,0.847182,-0.009108,-1.537266,-1.734999,-10.027730
-0.553048,0.806125,-0.001791,-1.551939,-2.236395,-9.878461
-0.602357,0.767235,0.003838,-1.826462,-1.904419,-8.839573
-0.648712,0.737138,-0.023180,-2.004338,-3.370858,-8.265740
-0.694360,0.697421,-0.027309,-2.623688,-2.533830,-7.999856
-0.746965,0.644672,-0.020255,-2.800115,-2.360392,-7.531295
-0.801151,0.583871,-0.014281,-2.951331,-1.989680,-6.797959
-0.857435,0.504679,-0.032722,-2.548274,-1.921766,-6.159859
-0.911100,0.426337,-0.024332,-2.392135,-2.856680,-5.242027
-0.954887,0.352072,-0.013149,-1.559853,-3.354416,-4.484729
-1.004853,0.265497,-0.022165,-0.386788,-3.144576,-4.243259
-1.077270,0.170993,-0.028090,0.185295,-3.132402,-3.629256
-1.127334,0.076462,-0.012495,1.029338,-3.522536,-1.605523
-1.166099,-0.021243,-0.022812,1.597616,-3.701823,-0.518950
-1.211039,-0.114379,-0.008734,2.456246,-3.673945,-0.454263
-1.244126,-0.198141,-0.005176,2.515265,-4.269773,-0.045389
-1.306299,-0.302831,-0.009850,2.741789,-5.277199,1.920051
-1.344191,-0.385532,-0.025579,2.823177,-4.320841,2.719804
-1.367716,-0.477404,-0.023091,2.566330,-4.379052,2.762503
-1.398965,-0.565557,-0.023009,2.158185,-4.882102,3.831288
-1.422815,-0.667434,-0.038739,2.316395,-3.205400,3.781868
-1.475935,-0.761683,-0.021568,1.751484,-4.667726,2.729716
-1.513046,-0.838630,-0.006429,1.846596,-5.325520,2.987656
-1.520573,-0.908004,-0.007618,1.976896,-5.409649,5.030372
-1.513926,-0.973000,0.001406,2.541607,-4.711862,5.594748
-1.527844,-1.035081,0.012894,1.653474,-6.660028,4.566918
-1.531677,-1.086018,-0.010913,1.665419,-5.427640,4.921340
-1.552777,-1.136265,-0.016073,1.659544,-5.151032,6.007805
-1.558436,-1.180388,0.000670,1.628794,-7.544442,6.050011
-1.538160,-1.207353,-0.008435,1.383848,-5.531345,6.195236
-1.535780,-1.242708,-0.023721,1.682750,-5.324440,6.687858
-1.534779,-1.263479,-0.013099,1.893539,-5.517976,6.494086
-1.535301,-1.263279,-0.005487,2.572695,-4.983569,5.863844
-1.523452,-1.246043,-0.006745,2.847727,-5.547209,5.582782
-1.497235,-1.219918,0.004061,3.139421,-5.659501,5.375516
-1.457054,-1.193662,0.022886,3.480387,-5.563917,5.288177
-1.439858,-1.153885,-0.010444,3.784131,-5.107271,5.240365
-1.418121,-1.107852,-0.003945,3.251073,-5.312653,4.791242
-1.395082,-1.053384,0.003457,2.955207,-5.528772,5.265781
-1.347579,-0.975849,-0.023452,2.561301,-3.638363,5.382064
-1.328416,-0.915482,0.002601,2.252883,-4.605872,4.975971
-1.305895,-0.854826,-0.002684,2.102160,-4.367278,3.338945
-1.273947,-0.767450,-0.001148,2.177522,-4.350124,3.529025
-1.232063,-0.671445,0.013935,2.375079,-4.142608,3.491716
-1.191916,-0.583591,0.033705,1.815827,-5.580671,3.428956
-1.144537,-0.484789,0.021166,1.115338,-3.862642,3.011271
-1.110445,-0.405476,0.009421,0.812077,-4.711133,2.548460
-1.077194,-0.330292,-0.022556,0.080996,-3.488123,2.024760
-1.037483,-0.237848,-0.000570,-0.181376,-3.386439,1.215586
-0.993962,-0.141876,0.001468,-0.527949,-3.847655,-0.327909
-0.937825,-0.064263,0.005814,0.076850,-1.554205,0.162477
-0.898108,0.006625,0.009819,0.290730,-2.991539,-0.346399
-0.852472,0.094010,0.009070,-0.026465,-2.557312,-1.004437
-0.786265,0.189512,-0.004171,-0.032725,-2.733477,-1.545931
-0.708596,0.286663,-0.000153,-0.419855,-1.816725,-1.995245
-0.661346,0.363127,0.027219,-1.167270,-2.280268,-2.928452
-0.632194,0.423212,0.009060,-1.070221,-2.215495,-3.577801
-0.590412,0.480904,-0.010697,-0.875366,-1.766373,-4.815832
-0.526808,0.545509,-0.022934,-1.519722,-0.963235,-6.123972
-0.448883,0.617962,0.000493,-1.727585,-1.409476,-6.912912
-0.379108,0.674896,0.006096,-1.290588,-0.467292,-6.360642
-0.336653,0.714522,0.014073,-0.960722,-0.557073,-7.158392
-0.269816,0.757965,0.011644,-1.518681,-1.476629,-8.160540
-0.184709,0.815592,-0.000800,-1.637801,-0.344631,-8.448793
-0.099773,0.841565,-0.011347,-1.621097,-0.001609,-8.769375
-0.040079,0.863600,-0.013365,-2.043687,-0.362950,-8.762399
0.018959,0.877272,-0.010339,-2.183293,0.382200,-8.889005
0.087332,0.874426,-0.020967,-2.508297,1.977015,-8.476490
0.166003,0.873129,-0.009121,-1.920245,1.092546,-7.879489
0.251399,0.873031,-0.005044,-1.442627,1.037368,-7.550909
0.307574,0.854101,0.007941,-1.439614,1.539121,-7.825326
0.365818,0.824838,0.013554,-1.568318,1.223853,-7.009983
0.413817,0.791170,0.014946,-1.738975,-1.541332,-5.994868
0.503716,0.765488,-0.000426,-1.711938,1.197633,-4.690661
0.592779,0.727632,-0.017429,-1.698857,1.590771,-4.054877
0.671780,0.671840,-0.027890,-1.396259,2.747633,-3.060374
0.716366,0.615622,-0.020235,-1.160938,3.168881,-2.009322
0.764513,0.554477,-0.024138,-1.199585,3.251182,-1.415767
0.814370,0.496755,-0.010720,-0.578784,2.814910,-1.354216
0.882188,0.437182,-0.009771,-0.755333,3.577607,0.505659
0.939486,0.361722,0.009254,-0.206569,3.440960,1.880557
0.978216,0.305920,0.011407,-0.390129,2.933797,2.724198
1.017713,0.247634,0.007852,-0.872480,2.609571,4.255588
1.037382,0.199553,-0.006206,-1.147345,3.380546,5.739137
1.076223,0.145872,-0.007903,-1.277631,2.722572,6.201480
1.119351,0.091551,-0.026292,-1.289231,4.818221,6.021096
1.147882,0.020962,-0.009164,-0.928790,4.404851,6.349381
1.175822,-0.032690,-0.005668,-0.718540,4.106464,6.612844
1.193294,-0.073366,0.004242,-0.428543,4.539822,7.473123
1.207048,-0.102524,-0.003830,-0.242747,4.129517,7.898147
