0.160989,1.127758,-0.029361,-5.550965,-0.401459,-1.480314
0.171565,1.066812,-0.051839,-5.510014,0.254057,-1.551024
0.172343,1.011457,-0.060072,-6.429746,-0.128242,-2.358765
0.151995,0.931743,-0.058378,-6.391224,-0.229899,-4.138135
0.181170,0.878217,-0.030224,-6.061667,-0.042219,-4.453875
0.168329,0.819730,-0.069226,-6.795321,-0.161523,-6.044473
0.150528,0.737279,-0.053986,-5.455489,0.927718,-7.920035
0.149261,0.681776,-0.034035,-5.333602,-0.475567,-8.999415
0.152074,0.629966,-0.033395,-5.184744,-0.793993,-9.973363
0.164088,0.594949,-0.067132,-5.189779,1.594756,-10.579130
0.149150,0.546031,-0.036212,-4.488834,0.311916,-12.798272
0.165467,0.507038,-0.024132,-3.867179,0.291201,-13.259772
0.165929,0.496928,-0.058860,-4.024333,1.647541,-13.432734
0.161869,0.451775,-0.032571,-3.142424,1.423087,-14.174768
0.172442,0.468939,-0.030044,-2.725892,1.594831,-13.576300
0.160723,0.471709,-0.024073,-3.404648,1.267106,-12.201838
0.176345,0.473771,-0.045731,-3.403853,2.343477,-11.198364
0.176325,0.473068,-0.026561,-2.696875,0.773319,-9.773231
0.157753,0.467656,0.003283,-3.029908,-2.241390,-7.769702
0.186720,0.497250,-0.036947,-3.545290,0.299404,-7.058539
0.195639,0.512422,-0.051593,-2.640696,0.586837,-6.841481
0.187272,0.514529,-0.007943,-2.534050,-0.567577,-6.052416
0.224337,0.548066,-0.025809,-3.194365,-0.241634,-4.666612
0.226526,0.577164,-0.062041,-3.049504,1.720138,-3.052208
0.218928,0.584658,-0.036330,-2.785770,0.176188,-0.936055
0.238301,0.621756,-0.023019,-2.674217,0.238157,2.083568
0.219574,0.645652,-0.049939,-3.508875,-0.165888,4.515858
0.202942,0.651137,-0.031501,-2.698740,0.255508,5.147120
0.207442,0.674000,-0.028970,-2.223305,2.301727,6.563545
0.180438,0.697804,-0.040413,-2.448510,-0.219694,7.224447
0.149475,0.702537,-0.033247,-2.627087,0.091245,7.721086
0.135226,0.702222,-0.026039,-2.072795,0.029148,8.797981
0.121511,0.688974,-0.017469,-1.264432,-0.580142,9.766711
0.079060,0.672040,-0.041677,-1.630808,0.042478,11.554517
0.061046,0.643115,-0.034981,-0.102157,0.216549,12.050753
0.030010,0.624491,-0.006381,-0.063369,-2.077255,12.689368
0.024296,0.602544,-0.046916,-0.062341,0.214218,11.789530
-0.001242,0.572054,-0.059589,0.862906,0.416108,10.160909
-0.049444,0.523224,-0.010996,0.845772,-0.752568,9.127390
-0.043490,0.497184,-0.021349,0.828621,-0.991979,9.628044
-0.055586,0.449484,-0.033451,0.343657,-0.058720,9.394942
-0.087718,0.378807,-0.024936,1.369790,0.501658,9.544491
-0.083388,0.336329,-0.017249,1.443481,-1.253583,10.373665
-0.097299,0.261912,-0.021782,1.007379,0.695709,9.496109
-0.102338,0.185346,-0.019885,1.055766,0.608623,7.306660
-0.109956,0.109118,-0.016793,1.340287,-0.371126,6.342018
-0.093882,0.028898,-0.027608,1.072473,-0.187897,4.900191
-0.093331,-0.043446,-0.064093,0.603337,0.512983,2.765340
-0.115201,-0.136438,-0.013264,1.113225,-0.380317,0.772338
-0.084488,-0.193014,0.003595,-0.368392,-1.807921,1.086279
-0.100844,-0.280130,-0.023348,-0.190300,-0.807404,-0.026832
-0.091092,-0.356644,-0.017026,0.700898,-0.706089,-0.749342
-0.091417,-0.406399,-0.021802,-0.308018,-1.156239,-2.185175
-0.110668,-0.493610,-0.030667,-0.186624,0.451286,-4.526175
-0.124908,-0.536791,-0.010894,-0.106887,-1.045214,-5.312913
-0.100749,-0.562095,-0.018716,-0.714702,-1.202840,-6.121866
-0.118766,-0.615589,-0.035676,-0.646825,0.097643,-6.563767
-0.137696,-0.666408,-0.030024,-0.126210,-0.369645,-7.228645
-0.145370,-0.694006,-0.013960,-0.546336,-0.355229,-5.679504
-0.150130,-0.722580,-0.045649,-0.688528,-0.168428,-6.320620
-0.139258,-0.721809,-0.030835,0.199138,0.942421,-6.054172
-0.148896,-0.753287,-0.011859,0.351060,-0.001159,-5.727519
-0.151124,-0.739429,-0.030402,-0.090117,-0.086079,-6.042729
-0.151896,-0.730533,-0.057209,0.107742,2.383181,-5.250657
-0.165318,-0.726499,-0.031019,0.813283,0.185369,-5.799320
-0.149729,-0.703752,-0.004785,1.066382,-2.248743,-3.937533
-0.137515,-0.662219,-0.051278,1.010902,0.208658,-3.380868
-0.142505,-0.647186,-0.037488,1.715234,0.476462,-3.243554
-0.140975,-0.617391,-0.018168,2.302393,0.670625,-3.370972
-0.131683,-0.563920,-0.050103,1.689697,-0.350381,-1.794013
-0.118297,-0.517949,-0.038867,2.505497,-0.250135,-2.656494
-0.117102,-0.479784,-0.013458,2.645953,-1.473962,-1.506554
-0.104918,-0.423862,-0.051718,2.542694,-0.622432,-0.589500
-0.108820,-0.369327,-0.044322,2.316353,-0.549477,-0.381512
-0.089828,-0.319480,-0.028508,2.540045,-1.271476,-0.416825
-0.095523,-0.252285,-0.005947,1.894229,-1.595485,-0.234512
-0.083214,-0.186771,-0.058096,1.127796,-0.427466,-0.414591
-0.113541,-0.150218,-0.021299,2.235858,-0.442141,-0.758680
-0.098852,-0.073674,-0.029154,1.110507,-2.580873,0.140997
-0.094555,-0.006768,-0.029916,0.389385,0.212895,0.610254
-0.088545,0.067664,-0.064234,0.440798,0.600922,0.539113
-0.091939,0.110950,-0.027749,-0.187405,-0.725521,0.797089
-0.074407,0.191580,-0.064450,-0.708745,0.890397,1.107889
-0.091637,0.229334,-0.041943,-1.495017,0.463972,-0.090441
-0.067688,0.287588,-0.036487,-1.182165,0.019504,-0.280501
-0.067183,0.347371,-0.024556,-2.122347,-0.193576,0.250127
-0.059590,0.396558,-0.049213,-2.853878,0.087444,1.233437
-0.057030,0.414132,-0.030441,-1.642152,-0.277458,1.677623
-0.040497,0.467140,-0.024332,-2.542309,-1.333583,3.498543
-0.024718,0.494910,-0.037055,-2.694541,-0.496778,3.578090
0.004601,0.512701,-0.038939,-1.467802,0.157159,2.824255
0.030578,0.562761,-0.060242,-1.721929,2.177096,2.660129
0.037977,0.577785,-0.032788,-1.948571,0.413803,1.382171
0.069478,0.599469,-0.056215,-1.262959,-0.221142,0.303079
0.092173,0.625863,-0.024910,-1.359610,0.019901,1.029909
0.148395,0.659367,-0.045626,-1.340628,2.596841,1.428690
0.144351,0.653422,-0.005150,-1.354768,0.356413,1.536229
0.184025,0.691646,-0.033481,-1.022412,0.298544,2.318271
0.205759,0.699261,-0.028337,-1.780018,1.736705,2.229238
0.238393,0.722347,-0.047844,-1.952422,1.635353,2.240277
0.229264,0.711948,0.015612,-1.168838,0.341741,2.573599
0.270268,0.725238,-0.003778,-2.213224,-0.179149,3.668260
0.275254,0.711833,-0.010914,-2.311218,0.082241,3.946050
0.301698,0.689851,0.001438,-1.614452,0.855515,2.846811
0.305893,0.681769,-0.005918,-1.505216,-0.342588,2.702824
0.279541,0.661185,-0.010228,-2.067927,-0.842290,0.811932
0.237992,0.656196,-0.023407,-2.218723,-0.302966,-1.588096
0.196660,0.664005,0.018034,-2.423744,-1.983995,-2.955534
0.185000,0.682107,-0.009824,-3.550916,-1.587673,-2.595714
0.147446,0.710228,-0.009250,-3.843628,-0.521984,-2.353681
0.100350,0.694735,0.012543,-3.767689,-0.552175,-0.158885
0.069422,0.720794,-0.021720,-5.049251,-0.295722,2.760617
0.023265,0.713848,0.004336,-5.202321,0.141236,3.615613
0.029285,0.717633,0.001038,-5.048338,1.119347,3.884283
0.010634,0.730756,0.008305,-5.050941,1.287398,3.872023
-0.001649,0.709542,-0.013973,-5.275270,3.189295,3.164579
-0.031811,0.698454,-0.002586,-4.725612,2.133374,1.251133
-0.044941,0.671558,0.017932,-3.462277,1.156133,0.294880
-0.011329,0.693648,-0.003184,-3.925131,1.606271,1.082524
-0.022709,0.666637,0.002948,-2.939365,1.434090,0.891562
-0.003234,0.650973,0.007520,-1.733207,0.474752,2.295127
0.016739,0.631906,0.028321,-1.368538,-0.362802,3.347720
0.041584,0.616193,-0.003600,-1.520249,-0.011062,3.284363
0.058197,0.588499,0.025121,0.060222,-1.598105,1.890677
0.088759,0.555028,0.009582,1.155154,-1.461536,1.310592
0.100678,0.516160,0.002725,1.185839,-1.313343,0.857901
0.100865,0.451864,-0.004168,1.862277,-0.588535,0.963813
0.107010,0.396377,0.007044,2.981201,-1.782138,1.204676
0.114566,0.338649,0.027694,2.719125,-1.642559,1.726214
0.124069,0.275360,0.007813,2.366995,-0.171278,1.693640
0.111599,0.204736,0.023591,3.160435,0.439997,1.093702
0.094520,0.142553,0.021848,2.235366,-0.905162,0.732914
0.090358,0.104290,0.007685,1.358351,0.626437,-1.192867
0.057392,0.031344,0.055385,1.520188,0.976909,-2.539816
0.044558,0.005216,0.008311,0.475661,1.693351,-1.795007
0.002395,-0.042179,0.015369,-1.282590,2.098571,-1.123076
-0.025791,-0.105304,0.022652,-0.841880,1.090157,-0.283634
-0.062078,-0.148252,0.038264,-1.638131,-0.610816,0.467808
-0.080125,-0.214432,-0.011574,-2.173743,1.431770,0.432118
-0.115284,-0.271350,0.013862,-1.721584,-0.325467,-0.901757
-0.160732,-0.347463,0.045465,-2.394014,-4.838462,-1.734626
-0.161546,-0.401672,0.011177,-2.374001,-1.188325,-2.712445
-0.180919,-0.457923,0.011023,-0.914347,-1.035636,-2.565598
-0.207110,-0.520372,0.037847,-0.961056,-2.758738,-2.398036
-0.232496,-0.565052,0.010813,-0.800994,-1.528306,-2.077719
-0.238375,-0.604074,-0.011193,1.129388,1.733108,-2.565532
-0.274764,-0.637722,0.052106,0.686951,-2.272176,-2.337725
-0.280045,-0.633094,0.001461,0.745471,-0.124332,-3.017695
-0.304434,-0.675136,0.015598,2.279656,1.791259,-4.215884
-0.299284,-0.670360,0.040256,2.732816,-0.215466,-4.433096
-0.299162,-0.701080,0.030527,2.967215,0.584822,-4.540645
-0.282445,-0.715263,-0.003138,3.513111,2.156529,-4.158710
-0.279021,-0.750015,0.049591,4.686021,0.903163,-3.804554
-0.234981,-0.741792,0.035483,4.975227,1.198572,-3.405136
-0.227815,-0.762294,0.018645,4.355818,1.760854,-3.762607
-0.187855,-0.781621,0.041251,5.316443,0.515330,-4.718298
-0.192897,-0.789555,0.102984,4.720825,-6.286050,-4.642181
-0.128567,-0.769965,0.019098,4.545585,0.185934,-2.985113
-0.104382,-0.763440,0.045797,4.943138,-0.815328,-2.643345
-0.067448,-0.738447,0.043118,4.126106,-0.949688,-0.515815
-0.040306,-0.716590,0.024225,2.806766,-1.394925,1.314421
-0.037834,-0.725524,0.023933,2.783760,-1.319176,1.906412
-0.000657,-0.689674,0.014689,2.732472,-0.683788,3.592746
-0.011217,-0.679232,0.022045,1.246909,-1.416789,3.897284
0.000633,-0.669444,0.003430,1.068653,-0.510294,2.536959
-0.009615,-0.688183,0.051906,1.388707,-1.152251,2.335670
-0.004265,-0.672723,0.013603,1.065850,-0.426008,3.030080
-0.034398,-0.683007,0.009096,0.995021,0.650957,2.981247
-0.051099,-0.694125,0.019383,1.457993,0.837672,3.230361
-0.074410,-0.684208,0.027048,1.791032,0.742498,4.102363
-0.097453,-0.697079,-0.005222,1.694010,1.550440,4.415117
-0.132657,-0.691502,0.016028,2.481001,1.089156,3.659994
-0.164825,-0.691604,0.035802,2.422127,-0.957028,3.648889
-0.176560,-0.660342,-0.004227,2.227925,0.856549,3.796595
-0.208544,-0.655008,0.034473,3.034220,0.846226,4.003654
-0.206427,-0.626352,0.034696,2.944094,-1.076925,4.437254
-0.226768,-0.623184,0.022964,2.594737,-0.331451,4.443792
-0.198480,-0.606674,0.041257,3.548778,1.809421,3.704568
-0.206312,-0.587061,0.026654,3.550363,-0.803236,3.012990
-0.204543,-0.583063,0.015326,3.009929,-0.503053,1.535003
-0.172887,-0.567140,0.017726,4.082870,0.199851,0.737991
-0.159357,-0.542049,0.038582,3.245815,-1.120286,0.955702
-0.121855,-0.516325,0.012999,2.359006,-0.428092,1.503318
-0.106099,-0.499036,0.033511,3.097200,-0.014535,1.199900
-0.071072,-0.468417,0.013859,2.378319,-0.687953,2.491343
-0.037880,-0.433696,0.005814,1.671167,1.101764,2.512817
-0.014161,-0.420244,0.004717,1.785974,1.204497,1.808281
0.019500,-0.382585,0.019130,1.868124,1.208459,1.783515
0.052429,-0.370099,0.026838,1.126713,0.768882,2.131645
0.074583,-0.347798,-0.016376,0.506568,0.811524,0.972448
0.077872,-0.373584,0.022298,1.582532,0.564934,0.265700
0.137313,-0.348628,0.008075,1.304168,-0.415760,0.269134
0.134602,-0.363983,-0.009666,0.869291,0.820052,-0.810165
0.147847,-0.364689,0.010806,2.030712,0.015657,-2.113857
0.149192,-0.388142,0.031758,2.052071,-1.624653,-3.427709
0.170679,-0.360497,0.008042,1.791049,0.265457,-3.945130
0.155163,-0.371129,0.011193,2.284136,0.930745,-4.757327
0.151113,-0.359756,-0.002297,2.717494,-0.383077,-4.055843
0.142201,-0.345874,0.002318,1.631243,1.374032,-2.555099
0.124272,-0.328986,0.008955,1.303712,0.397835,-2.738319
0.116713,-0.305956,0.024359,1.805307,0.707786,-1.858636
0.108165,-0.286997,0.008938,0.827919,0.202533,-1.759749
0.076952,-0.257675,-0.010339,0.314145,1.149293,-2.335529
0.059710,-0.267542,0.001756,1.601967,1.804501,-2.878169
0.060419,-0.226689,0.002895,0.514196,0.287840,-2.502971
0.028471,-0.224644,0.013281,-0.184287,1.522851,-2.879789
0.037547,-0.203495,0.037269,0.566036,1.585145,-2.866094
0.031061,-0.168567,0.014194,-0.334468,1.007429,-2.016429
0.040297,-0.145258,0.005640,-0.673767,1.789753,-2.967765
0.043111,-0.118385,0.028715,-0.338643,0.741470,-3.451384
0.060137,-0.077981,-0.002993,-0.962444,0.756306,-2.393920
0.078751,-0.024799,-0.019090,-0.673032,1.940653,-2.256212
0.073883,-0.019005,0.037030,-0.564413,-0.342677,-1.822208
0.119119,0.041723,-0.016655,-1.234979,0.655007,-0.078333
0.123497,0.059360,-0.000476,-0.595051,0.728934,-0.467690
0.168457,0.109866,0.012191,-0.444492,0.082944,-0.478620
0.173065,0.132528,0.017302,-1.127817,-0.422870,-0.822997
0.197073,0.146695,0.002354,-0.226282,1.357429,-1.673927
0.199282,0.177639,0.017545,0.301435,-0.155496,-0.913809
0.220257,0.195804,0.019912,0.043163,1.730806,-0.483668
0.231096,0.213204,-0.022583,0.821570,3.043591,-0.611093
0.205322,0.216093,0.031348,0.965213,0.179805,-0.372319
0.218238,0.257471,-0.004943,0.521496,-0.041796,0.092018
0.186363,0.255965,0.015513,0.938291,0.783324,-0.701742
0.185339,0.271362,0.018162,1.358623,0.635870,-0.527635
0.183963,0.289439,0.025104,0.470783,-0.232252,0.750104
0.170128,0.279299,-0.008600,0.535299,1.196360,0.913684
0.153555,0.284939,0.028774,1.146597,1.233891,2.464984
0.125007,0.264689,0.015431,0.408338,0.786961,3.234420
0.116808,0.234271,-0.021897,1.072027,1.411146,3.305547
0.086465,0.197101,0.048725,1.417320,-0.163134,3.490792
0.087098,0.176415,0.038408,0.749281,-0.559850,3.893213
0.053782,0.124270,0.025223,0.790745,0.212252,3.262039
0.037471,0.073661,0.038635,1.505818,-0.452176,4.040913
0.036503,0.035014,0.037230,1.507833,-0.075644,4.724353
0.018607,-0.023545,0.015740,1.282398,-0.188104,4.591510
-0.016659,-0.079534,0.036977,1.430075,0.014873,3.779444
-0.043700,-0.134938,0.046739,1.629894,-1.021853,3.697955
-0.058310,-0.178509,-0.010333,1.066568,-0.606664,2.595377
-0.088857,-0.238427,0.048879,0.923169,-1.105574,1.796326
-0.089973,-0.291061,0.063916,1.077456,-2.138499,2.256584
-0.100214,-0.336844,0.028045,0.793827,0.237770,2.936121
-0.120982,-0.423839,0.024648,1.321030,0.431424,2.056799
-0.126076,-0.469268,0.034975,1.774751,-0.355058,2.294622
-0.139784,-0.527193,0.050340,1.538271,-0.288730,2.191524
-0.128101,-0.594870,0.020693,1.214669,1.624699,0.928984
-0.142485,-0.651043,0.039770,2.243615,0.168301,-0.049445
-0.147327,-0.723486,0.059495,2.673270,0.554512,-0.169457
-0.136166,-0.763913,0.008764,2.532463,0.651206,-0.065403
-0.153002,-0.819225,0.056357,2.707798,0.604652,-0.310322
-0.139905,-0.892807,0.079347,3.126089,-0.928398,-0.630687
-0.133169,-0.932564,0.047839,3.387660,-0.097606,-1.011607
-0.126644,-1.011067,0.048420,5.116799,0.589904,-2.624489
-0.112845,-1.048526,0.058812,4.976038,-0.800787,-3.432493
-0.102443,-1.094490,0.040978,4.321507,-0.010172,-3.509847
-0.099278,-1.148467,0.046713,5.163554,0.215302,-4.486132
-0.095244,-1.219253,0.063703,6.542821,-0.064536,-4.365466
-0.077263,-1.240588,0.050025,5.951710,-0.118748,-3.631046
-0.089746,-1.302170,0.048777,5.749909,1.216482,-3.958298
-0.088131,-1.345495,0.050330,6.218845,0.226761,-4.677165
-0.097982,-1.373209,0.085157,6.342333,-0.552769,-5.120002
-0.097115,-1.393590,0.055625,5.232741,0.475251,-5.195235
-0.131935,-1.429989,0.073921,5.873020,0.006089,-5.999686
-0.134656,-1.450350,0.077233,5.477568,-1.960131,-4.481925
-0.137276,-1.447668,0.031328,4.790679,2.181975,-3.714679
-0.157128,-1.470605,0.039820,4.647604,1.397850,-3.602902
-0.182153,-1.467697,0.072749,5.047569,0.188810,-3.289666
-0.204395,-1.469900,0.062954,3.968743,-0.441258,-2.895645
-0.205931,-1.456826,0.043699,4.026971,0.304391,-3.464870
-0.233005,-1.466371,0.079534,4.106323,-0.865634,-2.885480
-0.219123,-1.442560,0.057289,3.417409,0.023660,-1.581725
-0.227628,-1.455014,0.048810,3.387086,1.042460,-1.372013
-0.224887,-1.438628,0.058070,4.544654,0.438610,0.044905
-0.218592,-1.412070,0.073425,3.680565,-0.663479,1.629551
-0.189926,-1.395037,0.037853,4.169241,1.335897,1.494634
-0.180988,-1.382872,0.069611,5.467616,0.235207,1.606640
-0.140939,-1.348358,0.043850,4.775018,0.227519,3.000509
-0.117492,-1.321392,0.039104,5.119300,1.020392,2.141810
-0.095782,-1.306447,0.052549,6.089986,1.171493,2.169537
-0.043119,-1.258310,0.027629,6.099686,0.490085,2.875479
-0.033744,-1.234861,0.043565,5.907046,0.402933,1.995716
0.009705,-1.201902,0.050757,6.497596,0.388592,1.377249
0.040436,-1.149317,0.048292,6.075550,0.033484,1.634337
0.079172,-1.114382,0.020985,6.165594,2.215544,0.963735
0.080603,-1.063957,0.053543,6.163270,-0.354759,1.782293
0.093782,-1.029626,0.038635,5.514108,0.344722,2.714899
0.102113,-0.974159,0.016068,5.275761,0.469097,3.308905
0.107768,-0.935387,0.029306,5.816605,-0.085123,3.903243
0.104263,-0.910155,0.020854,4.781892,-0.805284,4.678378
0.116079,-0.865685,-0.002317,4.387510,0.747211,3.254679
0.126074,-0.857780,0.030074,4.889470,1.295280,2.539258
0.142024,-0.815578,0.002232,4.304861,1.016056,2.726541
0.145395,-0.794626,0.005518,2.886339,2.357103,2.277174
0.158698,-0.785202,0.016347,3.470896,2.169780,1.603894
0.173453,-0.762504,0.038474,3.690543,1.744915,2.227400
0.188815,-0.757847,-0.003742,2.875885,2.504199,2.739083
0.199558,-0.745183,0.023834,3.869131,2.059415,2.084230
0.200238,-0.761654,0.010314,4.182259,1.681396,2.387101
0.209747,-0.757056,-0.020807,3.667389,1.786323,1.983525
0.202624,-0.778903,0.025131,4.434800,1.505802,0.272866
0.220093,-0.765298,0.010130,4.482369,0.375321,0.573797
0.227137,-0.776885,0.020949,3.998288,0.006178,0.162678
0.228257,-0.811308,-0.009243,4.582858,0.780932,-0.282263
0.220201,-0.810569,0.014121,5.094314,0.294809,-0.719366
0.233456,-0.806437,0.017663,4.231134,-0.943645,-0.163612
0.226438,-0.800719,-0.010149,3.813444,0.477382,-1.845850
0.223595,-0.811311,0.004261,4.523347,0.949550,-2.695683
0.234024,-0.779586,-0.000394,3.113310,0.175043,-2.734668
0.205775,-0.776255,-0.005150,2.845411,1.399523,-3.384920
0.222660,-0.758506,0.005879,3.506113,2.645100,-3.981520
0.216834,-0.749595,0.008426,2.156069,2.656412,-3.430806
0.241692,-0.716074,-0.024536,1.843627,4.474390,-3.486364
0.207958,-0.715260,0.027185,1.239212,2.475517,-3.285460
0.230452,-0.683165,-0.004178,1.462076,2.689850,-3.072446
0.219680,-0.653498,-0.006739,0.107424,3.036127,-3.284039
0.233896,-0.640174,0.010186,0.938209,2.089045,-3.908201
0.235324,-0.618944,0.027704,1.056216,0.847933,-3.240163
0.245716,-0.598428,-0.009634,0.456478,1.241674,-2.653000
0.250639,-0.570642,-0.009138,1.715116,1.291157,-3.090040
0.246618,-0.544751,-0.002465,1.774738,0.139714,-1.511933
0.256180,-0.499391,-0.003423,1.204635,-0.462952,-1.831528
0.240349,-0.500792,-0.008140,2.145910,0.567967,-2.568662
0.245342,-0.459673,0.002758,2.919997,-0.295295,-1.541521
0.228211,-0.448779,0.010983,2.826103,0.054013,-0.937071
0.226386,-0.412130,-0.027503,3.199510,1.228518,-1.123346
0.189353,-0.419644,0.027888,4.101462,0.560263,-1.723643
0.191999,-0.404745,0.034535,4.218323,-1.381762,-1.250909
0.173873,-0.406783,-0.008353,4.142643,3.909456,-1.500756
0.157760,-0.407013,0.003519,5.100934,1.892828,-1.590574
0.125864,-0.411264,0.066447,4.726572,1.549088,-1.201385
0.121302,-0.389294,0.017985,4.474911,2.465249,-0.449418
0.070893,-0.407817,0.053918,4.568165,0.684484,-1.053732
0.074806,-0.418803,0.061592,4.808820,1.782410,0.462226
0.055981,-0.409123,0.054794,3.636107,0.632792,1.512669
0.051661,-0.417717,0.051489,3.486333,1.581754,1.284556
0.037045,-0.425598,0.085531,3.417920,0.059415,1.797972
0.042113,-0.433584,0.071347,2.546042,0.036035,2.408391
0.031888,-0.461449,0.063509,2.791510,0.177209,2.637397
0.035833,-0.501422,0.063650,2.661125,0.186242,3.530621
0.034255,-0.503244,0.069306,1.131879,-2.029899,3.861784
0.032160,-0.545860,0.059314,1.407585,0.562544,3.547201
0.028665,-0.569868,0.090858,1.832503,-0.320793,3.479787
0.028697,-0.603191,0.046043,1.264053,0.754016,4.232096
-0.000257,-0.640178,0.065708,1.123148,0.102360,3.444763
-0.021714,-0.683857,0.096235,2.195465,-0.708704,3.392146
-0.031936,-0.685567,0.078746,1.552803,-1.077828,4.023635
-0.041993,-0.742741,0.087668,1.935187,0.133832,3.665659
-0.060985,-0.781227,0.117364,3.240344,-0.820245,2.772950
-0.076446,-0.817777,0.094236,2.927370,0.626490,3.227174
-0.071916,-0.845665,0.092713,4.103431,1.915024,1.733172
-0.080857,-0.904030,0.130815,4.732773,0.780443,0.141957
-0.055412,-0.935000,0.118116,4.921274,0.921305,-0.266055
-0.065571,-0.980334,0.120453,5.009919,2.004444,-1.156509
-0.063102,-1.043212,0.134357,6.337892,1.106530,-1.459317
-0.047517,-1.046921,0.163643,6.226128,-0.520253,-0.935472
-0.042492,-1.103291,0.139639,6.307392,1.467618,-0.802729
-0.056255,-1.147397,0.170490,7.252369,0.129558,-1.024340
-0.056045,-1.202745,0.171609,7.245296,-0.708714,0.736483
-0.046060,-1.225913,0.140856,6.447004,-0.329350,-0.111673
-0.063109,-1.288299,0.161805,7.433997,0.108600,-1.047831
-0.034391,-1.301494,0.155329,6.840844,-0.626643,-0.215098
-0.051066,-1.345476,0.174459,6.307933,-2.247035,-0.399548
-0.040719,-1.412631,0.145380,5.798089,0.359529,-0.653575
-0.037778,-1.458730,0.162960,6.812753,0.010691,-0.150843
-0.016754,-1.500026,0.152355,5.921390,0.029592,0.448774
-0.027957,-1.525534,0.143213,5.339795,0.820617,-1.372471
-0.053242,-1.609765,0.171271,6.725095,1.700458,-2.096699
-0.042758,-1.627959,0.154130,5.943475,1.345531,-0.930694
-0.050353,-1.685543,0.153369,5.683857,2.082192,-0.974813
-0.056229,-1.720261,0.156796,5.904453,1.268351,-1.347999
-0.042512,-1.748707,0.165829,6.264359,1.130226,-0.639832
-0.052668,-1.799220,0.147497,6.237194,1.742998,-0.934444
-0.057138,-1.847833,0.175630,6.933740,0.596160,-2.564293
-0.056600,-1.874730,0.170992,6.730869,0.464187,-3.314462
-0.046605,-1.880566,0.133783,6.634247,0.557316,-4.423099
-0.070452,-1.894529,0.161736,6.778136,0.065039,-4.630237
-0.066503,-1.887393,0.184523,7.004017,-0.461458,-3.187205
-0.092897,-1.902575,0.158319,6.643261,-0.246054,-1.184973
-0.102534,-1.933755,0.150293,7.373000,0.104898,-0.966579
-0.061025,-1.905365,0.145704,7.960743,0.788419,0.271958
-0.053678,-1.901908,0.156162,6.776866,0.808196,-0.688736
-0.026159,-1.889852,0.146821,7.496728,1.563324,-2.430329
-0.015343,-1.883596,0.158821,7.760393,1.654596,-3.504114
-0.000257,-1.865115,0.128738,6.992526,1.851549,-2.843726
0.003498,-1.845116,0.126935,7.633120,2.095637,-2.874653
-0.002535,-1.809173,0.150238,7.800809,1.036736,0.600341
0.027516,-1.768697,0.121779,6.884681,1.671595,2.208516
0.033611,-1.765296,0.126184,7.707772,1.494452,1.965370
0.061739,-1.766865,0.100318,7.993081,1.196801,1.152743
0.083747,-1.707046,0.083361,7.425735,0.745239,-0.563700
0.059254,-1.688363,0.109325,7.559425,-0.087493,-2.462516
0.084995,-1.626351,0.120893,6.805856,0.094298,-0.479441
0.076467,-1.634215,0.093484,7.191536,-0.464251,0.300510
0.112216,-1.641250,0.093993,8.273251,0.230825,2.248809
0.116562,-1.628182,0.093195,8.304260,0.804799,2.455688
0.101886,-1.612722,0.049831,7.955750,0.600811,0.609581
0.091432,-1.582937,0.015871,8.570649,1.019805,-2.107495
0.087975,-1.565242,0.069473,7.953141,0.918381,-3.320557
0.109587,-1.542324,0.055887,7.119086,1.708359,-3.139149
0.112718,-1.539773,0.077817,7.923907,1.996586,-2.305117
0.129823,-1.522199,0.062692,7.444310,1.814463,0.814632
0.121499,-1.494137,0.026145,6.381033,2.191839,1.936063
0.116496,-1.479865,0.029634,7.233108,2.932225,1.498914
0.115308,-1.438582,0.048328,6.078107,2.048324,0.333011
0.115561,-1.424783,0.043588,5.464737,1.984910,-1.775940
0.128897,-1.389454,0.037850,5.830276,0.055283,-1.897646
0.132954,-1.359331,0.028928,4.828972,1.150400,0.192398
0.150013,-1.327002,0.025331,3.874990,0.819960,1.135866
0.150450,-1.328909,0.043253,5.127585,1.298953,2.422399
0.150699,-1.288584,0.026434,3.961896,0.610908,4.599850
0.160960,-1.235875,-0.001969,3.501531,0.431543,3.095226
0.194704,-1.223346,0.043381,4.458920,0.999956,2.703992
0.236866,-1.169212,0.020217,3.591145,0.584901,2.676154
0.202532,-1.149379,0.014555,3.694233,0.759182,1.987120
0.195084,-1.131835,0.026434,4.581656,0.972803,2.285441
0.175807,-1.108598,0.040476,4.446499,1.008172,2.892905
0.208214,-1.072196,0.016337,5.341029,2.431706,2.645613
0.230371,-1.052712,0.064192,5.493183,1.483078,2.303613
0.245732,-1.037488,0.047386,5.900356,1.930852,3.114109
0.176850,-1.038554,0.032057,5.665432,2.106745,1.310263
0.154005,-1.041266,0.046900,6.504200,1.591175,-0.359189
0.187991,-1.014159,0.080732,6.874183,0.687149,-0.849871
0.241373,-1.000504,0.041182,6.901513,3.157519,1.209624
0.220208,-1.018466,0.084244,7.199968,1.113814,1.723615
0.169025,-1.038784,0.091633,7.569282,0.795394,2.155435
0.135459,-1.032863,0.050780,7.089111,1.748693,0.032681
0.170798,-1.028595,0.076074,6.942363,1.317509,-2.344701
0.233082,-1.025073,0.116159,7.238800,0.117968,-2.860160
0.248043,-1.043636,0.079839,6.129966,2.411913,-0.349389
0.149357,-1.086701,0.095966,5.823179,0.761759,-0.323591
0.113023,-1.100740,0.111078,6.102147,1.162830,-0.305942
0.144328,-1.089977,0.105649,4.865912,0.580473,-1.796307
0.218294,-1.091283,0.102409,3.959382,1.731335,-2.878637
0.188838,-1.128017,0.116419,4.704187,2.309593,-2.226203
0.105277,-1.165595,0.123518,3.784523,1.023964,0.093669
0.053841,-1.181327,0.126771,2.860586,0.253063,-1.081353
0.127952,-1.140244,0.143456,3.458567,1.926815,-1.709056
0.165431,-1.203543,0.177666,2.757242,-0.401107,-3.712304
0.120429,-1.220044,0.109269,2.848841,1.458972,-1.811156
0.008061,-1.264967,0.141198,3.814055,1.448688,-1.113951
0.040091,-1.256469,0.133484,3.949252,0.415777,-0.868398
0.114047,-1.263753,0.140482,3.546743,1.106267,-2.500422
0.107837,-1.273656,0.160196,4.715554,1.383029,-3.148014
0.006180,-1.325453,0.171097,4.791030,0.276575,-0.534081
-0.063093,-1.357512,0.166587,4.715107,-0.341619,-0.187982
0.008120,-1.327425,0.136655,6.367201,1.157444,-1.227024
0.067138,-1.328433,0.168038,7.043285,0.302687,-3.327268
0.018309,-1.342758,0.163101,6.486091,0.087589,-4.027643
-0.101116,-1.411380,0.156514,7.772862,1.196879,-2.704320
-0.087012,-1.391374,0.178893,7.797871,0.466225,0.099484
0.045490,-1.371896,0.153605,7.265972,0.736665,0.456084
0.028698,-1.372759,0.170723,7.609318,0.535658,-1.704920
-0.098763,-1.396475,0.160561,8.012484,0.202297,-3.292313
-0.146299,-1.409628,0.154062,7.190351,0.969222,-3.764109
-0.038973,-1.400414,0.132686,6.506550,0.698674,-5.193416
-0.004449,-1.358989,0.151830,6.778648,0.229755,-6.330574
-0.058944,-1.317467,0.129519,5.932531,-0.489030,-6.629740
-0.178703,-1.313212,0.089273,4.055754,0.041156,-5.243779
-0.180853,-1.271568,0.102058,4.350753,0.101841,-5.090187
-0.087928,-1.246418,0.132427,3.040050,-1.422740,-4.644266
-0.051453,-1.167653,0.102750,1.379113,-0.238167,-3.563240
-0.191308,-1.129228,0.099869,1.198825,-0.185674,-3.453886
-0.302117,-1.062247,0.082189,0.858213,-0.897110,-2.635787
-0.186043,-0.996244,0.073727,-0.682918,-0.394293,-2.108770
-0.094227,-0.960550,0.094860,-0.160570,0.253513,-0.902173
-0.151114,-0.929597,0.073058,-0.346911,0.442368,1.696674
-0.247136,-0.863059,0.045767,-0.040036,0.684050,3.061297
-0.281316,-0.825304,0.059350,0.369750,-0.204627,2.644528
-0.202609,-0.724602,0.039478,0.842004,0.260235,1.946140
-0.142974,-0.669135,0.028705,1.019252,0.698818,1.234832
-0.205124,-0.658402,0.028909,2.106416,-0.540476,2.891633
-0.311399,-0.614483,-0.003528,2.709619,-0.925710,4.844833
-0.307621,-0.518087,-0.005389,3.165904,-1.469600,5.205136
-0.187169,-0.448765,0.001067,3.634000,-0.839717,5.608611
-0.165314,-0.419988,0.017703,4.144724,-1.790609,6.226205
-0.259392,-0.371667,-0.049624,4.303820,-1.027150,7.277637
-0.283321,-0.342148,-0.053454,5.048349,-0.752292,7.263207
-0.173914,-0.262887,-0.025117,5.015479,-0.650842,8.579266
-0.163525,-0.197071,-0.054124,4.215733,-0.529201,6.862635
-0.169299,-0.175220,-0.032033,4.663326,-0.380349,5.584735
-0.209230,-0.155115,-0.038942,3.858193,-1.715278,7.008565
-0.212046,-0.109509,-0.093385,2.815865,-0.071817,7.972022
-0.129585,-0.057538,-0.058119,2.248627,1.071831,7.250254
-0.041064,0.007563,-0.043252,1.588696,0.055483,6.699711
-0.073790,0.028265,-0.045649,-0.319477,-2.708035,6.531111
-0.115326,0.056369,-0.091475,-1.145854,0.210732,4.935467
-0.064402,0.073799,-0.080728,-0.967414,0.618103,4.078810
0.013838,0.096753,-0.042652,-2.463809,-1.695370,4.199247
0.077665,0.142130,-0.067687,-3.521840,0.783144,4.212840
0.041843,0.139704,-0.074938,-3.626603,0.787887,2.890033
0.034110,0.155886,-0.089088,-3.370146,-0.450239,4.055893
0.068398,0.157852,-0.101637,-3.922945,-0.091977,3.267914
0.186648,0.184690,-0.085291,-3.627000,0.727519,2.357489
0.231368,0.184243,-0.047191,-2.917274,0.670083,2.502981
0.177927,0.196464,-0.054600,-3.169697,0.185595,1.949245
0.150276,0.178683,-0.080817,-2.897324,0.864473,0.524591
0.225348,0.187224,-0.037948,-1.067581,0.583358,-1.577094
0.310885,0.186715,-0.034902,-1.111973,-0.344354,-1.550554
0.301786,0.201460,-0.051147,-0.906555,1.278408,-3.056922
0.271148,0.180800,-0.033520,0.171250,2.106977,-4.505774
0.266530,0.175262,-0.012315,0.950665,0.419797,-5.517619
0.330987,0.208294,-0.037830,0.870177,1.730570,-7.598484
0.365026,0.201161,-0.005869,0.973905,1.590032,-10.035507
0.338934,0.193628,-0.017823,2.534622,1.876599,-9.881217
0.283211,0.203304,-0.009338,1.289423,1.446225,-7.759265
0.330084,0.230260,-0.014180,0.838475,2.479038,-7.337216
0.365479,0.237117,0.011883,0.559950,0.458924,-7.276966
0.363542,0.264660,0.018333,-0.523632,1.238040,-6.921901
0.351696,0.292583,0.015730,-1.495893,2.210036,-6.574935
0.319751,0.305247,0.029752,-1.776089,0.370722,-6.440887
0.374272,0.354379,-0.006102,-2.506970,5.535897,-4.754551
0.383453,0.381455,-0.001684,-4.194845,2.617731,-4.432786
0.398477,0.397644,0.009188,-4.340796,1.627895,-3.808791
0.362045,0.410275,0.045301,-4.711429,1.730334,-2.030866
0.371531,0.459325,-0.008134,-5.406373,3.268944,-1.775610
0.395326,0.474152,0.031627,-5.612074,1.915210,-3.012922
0.452975,0.514105,0.057249,-5.639026,0.161624,-2.544127
0.434449,0.547695,0.024372,-6.024105,2.047880,-1.659048
0.434262,0.565485,0.022567,-4.459344,3.815916,-0.592364
0.446749,0.595812,0.048121,-4.397808,1.240019,2.597999
0.467027,0.605548,0.029926,-3.734546,0.812236,5.924124
0.466112,0.605068,0.016242,-2.271008,2.066157,7.724880
0.410504,0.579820,0.054312,-0.386977,0.065813,9.622996
0.383499,0.564957,0.044445,0.371187,-1.005516,10.983140
0.344616,0.498747,0.034541,1.900065,-0.259966,10.114505
0.311007,0.448512,0.056790,4.482539,-1.234676,8.082337
0.280267,0.351795,0.064549,6.041812,-0.753369,6.158346
0.263178,0.246925,0.058178,6.448017,0.455940,1.828252
0.252970,0.148297,0.067084,8.413570,1.682079,-1.918477
0.231811,0.105425,0.043916,8.455572,1.709766,-4.392488
0.217149,0.030976,0.054919,7.758973,3.947798,-5.619942
0.252455,-0.021237,0.048859,7.215244,3.213759,-3.633527
0.193147,-0.111688,0.078198,6.497572,2.998829,-2.189408
0.143340,-0.160902,0.050090,4.618583,1.540583,-1.349462
0.104847,-0.230293,0.050639,2.764071,2.781180,-1.617598
0.121837,-0.272272,0.022134,1.706821,1.836797,-1.193657
0.091218,-0.321052,0.050980,-0.910657,-0.973174,-1.955576
0.061046,-0.377084,0.026096,-2.540736,0.080476,-3.361596
0.017396,-0.496909,0.040854,-3.193137,-0.861981,-4.151268
0.022188,-0.525676,0.041480,-5.314241,-2.218206,-1.441660
0.017773,-0.574788,-0.008229,-6.375835,-0.832932,-1.496746
0.008514,-0.597453,0.026155,-5.660276,0.027950,-0.304482
-0.045118,-0.652313,0.022905,-6.606094,-2.667276,2.213362
-0.124185,-0.705820,0.019590,-6.633578,-2.140294,1.055435
-0.151919,-0.754997,0.009270,-4.969526,-0.281482,-1.542518
-0.192815,-0.777699,0.034450,-4.251959,-1.869276,-3.448466
-0.192542,-0.768091,0.018126,-3.138760,-0.921452,-4.114867
-0.254295,-0.813471,0.018986,-1.503088,0.338571,-4.081276
-0.291787,-0.857551,0.018966,1.403101,0.919132,-2.372717
-0.324270,-0.913073,0.057105,2.705769,-3.567938,-0.527608
-0.266443,-0.967086,0.012053,4.983279,1.333228,0.327796
-0.300157,-1.003514,0.017909,7.814533,1.298342,0.416278
-0.334701,-1.024755,0.032615,9.530653,-0.363231,0.723766
-0.352023,-1.047138,0.025183,10.141935,-0.819536,0.320026
-0.335164,-1.049675,0.002239,11.794886,0.286219,-0.254532
-0.346571,-1.069504,0.025676,11.782642,-2.094517,-0.248915
-0.323866,-1.059742,-0.006509,11.412469,-1.657950,1.399405
-0.334104,-1.040895,-0.042268,10.565869,-1.239632,3.064182
-0.326292,-1.034822,-0.015844,9.975578,-2.505977,3.792326
-0.323337,-0.996995,-0.025077,8.532960,-2.018808,3.777893
-0.268590,-0.993332,-0.074465,6.589166,-0.125044,2.668042
-0.277761,-0.985691,-0.044457,4.928219,-1.576827,1.255424
-0.278362,-0.969669,-0.045521,3.331195,-0.906711,1.414208
-0.245386,-0.929233,-0.063902,0.641086,0.173470,1.597083
-0.206772,-0.921690,-0.042694,-0.526556,0.426550,2.309107
-0.204553,-0.887605,-0.041188,-2.819116,0.167697,3.130853
-0.225787,-0.889830,-0.066741,-3.651568,1.202420,2.226067
-0.207727,-0.865609,-0.011642,-4.182207,-2.686905,2.340576
-0.175995,-0.808531,-0.048993,-5.491421,0.671748,3.869716
-0.172746,-0.761218,-0.092197,-5.172582,0.763318,2.624217
-0.166145,-0.744812,-0.030162,-4.923795,-0.520269,3.141592
-0.161418,-0.690547,-0.069837,-4.644572,-0.994631,3.747645
-0.183079,-0.660181,-0.068310,-3.338033,0.456443,3.044033
-0.158116,-0.605505,-0.043771,-1.629485,-1.875149,2.327146
-0.146309,-0.567609,-0.016382,-0.400084,-2.143133,1.521280
-0.170832,-0.524806,-0.064575,1.552780,-1.972804,0.369954
-0.190816,-0.517851,-0.020702,3.770995,-1.819045,-0.841579
-0.113636,-0.490561,-0.016802,5.345912,-1.207832,-0.264357
-0.109096,-0.463231,-0.030759,5.821049,-1.110088,-0.563683
-0.110156,-0.440221,0.031860,8.233440,0.035992,-0.277819
-0.094059,-0.390331,-0.001224,9.118714,1.391852,-0.535776
-0.053991,-0.356388,-0.020646,8.777872,0.825097,0.278902
-0.021294,-0.324742,0.001445,9.493653,2.146984,-0.399220
0.010693,-0.288628,0.020273,9.347847,2.070040,-0.340861
0.038958,-0.237577,-0.023187,7.810866,2.670306,-0.550209
0.010326,-0.211596,0.000128,7.194962,1.938884,-0.778670
0.077819,-0.144890,-0.018191,5.654580,3.494536,-0.794826
0.094970,-0.122747,-0.000590,3.135374,-0.877842,-0.871609
0.078679,-0.089420,0.001871,1.703246,0.557545,-0.748495
0.053319,-0.069148,0.021937,0.444891,-1.927005,0.030808
0.083068,-0.014403,-0.006108,-2.339214,-2.646197,1.611227
0.020104,-0.013458,-0.005944,-3.417734,-2.442604,1.640430
0.040593,-0.012782,0.000299,-3.468931,-1.923391,2.323437
0.059273,-0.038191,0.006726,-5.224605,-2.393173,2.496560
0.029206,-0.040515,-0.017643,-5.527725,-1.276987,0.627854
-0.004265,-0.063181,0.020230,-5.291583,-1.768243,-2.169888
0.055594,-0.035569,-0.011521,-5.310562,0.991552,-4.202538
0.057491,-0.039219,0.011906,-5.239704,2.268657,-7.054157
0.066281,-0.010865,0.020003,-4.416587,3.049171,-8.333655
0.052899,0.005442,0.020548,-4.248907,3.683913,-8.601598
0.081197,0.045734,0.000696,-4.091432,3.289282,-8.232320
0.092468,0.082379,0.033048,-2.717689,2.468285,-7.209190
0.115045,0.126873,0.024911,-1.413878,2.409234,-4.753342
0.084210,0.146873,0.001287,-1.303132,1.449180,-4.199877
0.073690,0.147309,0.030520,0.274723,0.224985,-5.322114
0.108237,0.182789,0.027405,1.804660,-0.543293,-7.703802
0.125024,0.215246,0.023624,1.852075,-1.284162,-9.649943
0.167951,0.283970,0.026385,2.506567,-0.916730,-9.838398
0.114467,0.323094,0.030061,2.744284,-2.265113,-8.481495
0.135350,0.391323,0.033675,2.405097,-1.675416,-6.639752
0.200707,0.427564,0.027409,1.918387,-1.440915,-3.567910
0.183336,0.486697,0.011059,1.044779,-0.179550,-2.109862
0.160983,0.537979,0.045485,0.885597,0.063518,-1.793971
0.169383,0.620896,0.032976,-0.907116,0.563506,-1.724508
0.168247,0.693021,0.016560,-2.474539,2.211352,-3.758286
0.181964,0.729772,0.034824,-2.741700,3.086358,-5.561999
0.230511,0.783669,0.006470,-3.737710,3.108396,-4.318486
0.217881,0.802530,0.003467,-5.198585,3.541317,-2.242279
0.215113,0.842779,0.013337,-4.559006,3.420579,0.701816
0.256594,0.894301,0.024704,-5.736042,3.276825,3.590004
0.313573,0.933253,-0.019041,-6.977352,1.839064,5.510376
0.266644,0.928241,0.017666,-6.808520,0.771346,6.077902
0.272766,0.923819,0.001323,-5.718760,-0.389823,6.409193
0.332467,0.935452,-0.011859,-6.201600,-1.506042,7.909471
0.338120,0.968763,-0.022120,-5.408816,-1.608763,7.821837
0.317279,0.959706,0.007593,-4.246065,-2.045422,8.469832
0.322807,0.976473,-0.028147,-4.161562,-3.031568,10.149670
0.287501,0.952715,-0.000886,-3.245574,-1.846103,9.941799
0.294148,0.938226,-0.007641,-1.509841,-0.906771,10.303475
0.308285,0.919602,0.011065,-1.266156,-0.133888,9.938422
0.320069,0.897530,-0.040728,-0.396441,1.685042,9.782723
0.247807,0.811632,-0.004739,1.181233,2.226838,8.857236
0.265752,0.767641,-0.011501,2.270386,3.564951,9.066427
0.290426,0.695227,-0.002859,1.866931,3.062912,9.004630
0.256003,0.645131,0.003355,3.158440,3.499144,8.539367
0.262230,0.587783,0.009936,3.142316,3.463238,8.217850
0.258731,0.540654,-0.027996,2.117703,3.603903,7.783524
0.214752,0.456479,-0.021401,2.331826,2.431590,7.584908
0.223684,0.392530,-0.011012,2.652235,1.561918,7.149930
0.265223,0.333118,-0.042583,1.251143,1.082912,6.986039
0.259013,0.262382,-0.029112,0.292980,0.560991,6.511977
0.198065,0.162090,-0.012187,1.057627,-1.245761,5.221079
0.205437,0.101355,-0.029473,-0.427591,-1.733794,3.842003
0.246924,-0.017775,-0.037377,-1.294079,-1.351675,1.811367
0.248768,-0.106371,0.000893,-1.049091,-1.281359,0.231117
0.263398,-0.193635,-0.023984,-1.583455,0.182707,-0.445925
0.270006,-0.309308,-0.016970,-1.643557,2.049518,-1.595693
0.273731,-0.435639,0.004635,-0.744415,1.693758,-1.950251
0.269815,-0.535914,-0.010763,-0.837813,2.368401,-2.213413
0.291135,-0.652822,0.001668,-0.409658,4.135114,-4.970601
0.272996,-0.763440,0.009148,0.431693,3.030984,-7.853071
0.231217,-0.843292,0.000624,0.813582,2.989126,-8.409930
0.197270,-0.919586,-0.002114,1.559985,2.015867,-9.433207
0.191007,-1.011392,0.037565,2.219850,1.513634,-9.967220
0.137934,-1.084771,0.017880,3.619291,0.763663,-8.441976
0.100826,-1.168316,-0.021936,4.536474,0.864611,-8.228742
0.045815,-1.274148,0.013202,5.007838,-1.133829,-8.175495
0.007240,-1.316777,-0.001227,6.199639,-1.723917,-7.917879
-0.051614,-1.385370,-0.006656,6.416907,-1.713416,-9.661180
-0.056728,-1.442590,0.010777,7.194339,-1.960600,-12.045646
-0.119377,-1.479714,0.028210,6.916103,-1.699200,-12.458899
-0.186486,-1.501034,-0.005593,6.258329,-0.685773,-13.261707
-0.239576,-1.519484,0.007488,6.098829,-0.235213,-12.967732
-0.248452,-1.501201,0.036872,6.078018,0.512343,-11.335481
-0.293398,-1.467605,0.016307,4.228496,0.975472,-10.078383
-0.344696,-1.416271,-0.019888,3.728465,2.419049,-10.218545
-0.413102,-1.387842,0.037295,2.044545,-0.114271,-9.731931
-0.410959,-1.285243,-0.007651,0.237107,1.439205,-8.452552
-0.431441,-1.213541,0.012411,-0.243728,1.572131,-8.398248
-0.415663,-1.110702,0.020026,-0.740764,0.712982,-6.916795
-0.455331,-1.044364,0.003158,-1.687935,-0.006916,-5.137754
-0.456155,-0.944887,-0.036001,-2.061447,0.385355,-2.868729
-0.431379,-0.869239,0.015516,-1.385399,-1.151059,-1.364246
-0.377947,-0.750638,-0.010408,-2.243534,-2.339220,0.185542
-0.376572,-0.666398,-0.009591,-2.120669,-2.033946,-0.405219
-0.371905,-0.569645,-0.000653,-0.204533,-2.415467,-0.064861
-0.347966,-0.464344,-0.018296,-0.285855,-3.134988,1.993146
-0.294649,-0.349202,-0.014163,0.007989,-2.861784,2.714777
-0.248281,-0.244772,-0.007937,2.189021,-1.940394,4.226914
-0.233011,-0.113218,-0.008101,1.857967,-1.993257,7.082094
-0.262501,-0.041759,-0.006752,2.527585,-1.837772,8.159963
-0.227057,0.036744,-0.009299,4.347247,-1.158130,10.016819
-0.203250,0.106581,0.006247,5.231371,-0.785796,12.472595
-0.182698,0.174540,-0.012391,5.678682,-0.299923,13.037588
-0.227733,0.194015,0.023883,6.949596,-0.663988,13.248802
-0.252558,0.230106,-0.000755,7.930835,-0.288468,13.792862
-0.256845,0.230316,0.006884,7.474704,-0.613376,12.621786
-0.228721,0.225868,0.001842,7.785814,-1.632695,10.124891
-0.258496,0.231848,0.024399,7.655357,-0.812676,8.904992
-0.265954,0.255883,-0.023335,6.701411,-0.312748,6.537145
-0.277869,0.248563,0.047310,4.960436,-2.006437,4.835775
-0.239452,0.297461,0.033173,3.026568,-1.493559,5.603134
-0.238654,0.324318,-0.000266,0.972861,0.325050,5.969808
-0.204408,0.334451,0.026348,-1.103757,-1.042841,7.024968
-0.204497,0.334008,0.036127,-2.664162,-1.419661,8.722964
-0.207556,0.334106,-0.000302,-4.890456,0.021309,8.915400
-0.167757,0.303806,0.029332,-5.268839,-0.447728,7.541783
-0.109690,0.269882,0.033205,-6.549364,-0.825412,6.509010
-0.080060,0.246357,0.001454,-7.354228,0.792013,4.055844
-0.026730,0.208885,0.014151,-7.336043,1.352972,1.538244
0.000747,0.193848,0.056442,-7.397740,0.304682,1.282119
0.074146,0.177606,0.025065,-7.707359,1.594510,0.714344
0.119759,0.143341,0.020955,-6.697382,1.681865,-0.161689
0.183651,0.147362,0.044684,-5.120561,1.042880,0.004890
0.191132,0.129788,0.039071,-5.093547,-1.347090,-1.432818
0.227741,0.142182,0.015950,-4.025150,0.558697,-3.795304
0.255389,0.135903,0.064720,-2.183649,-0.705941,-6.381379
0.327737,0.160363,0.017548,-1.143704,-0.488171,-7.328565
0.357693,0.127382,0.024290,0.361504,0.712985,-9.543311
0.411669,0.119238,0.035950,2.531294,0.941124,-9.770215
0.443995,0.109564,0.014420,2.902607,1.544452,-7.601819
0.475076,0.103899,0.033754,3.706574,1.612448,-8.273894
0.510878,0.101667,0.029900,5.089308,1.871357,-8.378482
0.507680,0.128543,0.021116,4.198365,1.428234,-9.171723
0.493901,0.118614,0.040561,4.362491,2.045451,-11.563984
0.481382,0.150867,0.026838,4.317511,1.652691,-12.451113
0.493543,0.186761,0.003808,2.673906,2.172918,-11.869905
0.500508,0.253552,0.001041,1.168343,2.219601,-10.512762
0.481231,0.290568,0.019544,-0.021366,1.192175,-8.032194
0.509167,0.347105,-0.013208,-1.457817,2.854775,-4.880626
0.531931,0.363612,-0.015450,-2.848412,2.614350,-3.319439
0.559563,0.376000,-0.007746,-4.098900,2.863454,-2.380805
0.557249,0.398609,-0.026134,-4.674876,2.594577,-1.765237
0.577304,0.404643,-0.074130,-5.510509,4.137172,-2.723492
0.587086,0.419026,-0.062599,-4.494194,3.715736,-2.937655
0.603961,0.409638,-0.027835,-5.729362,1.576420,-1.569428
0.619615,0.423418,-0.077324,-6.076014,2.199716,0.473082
0.572532,0.418711,-0.035864,-4.631692,1.626750,2.291352
0.562809,0.414020,-0.043446,-4.432671,0.130467,5.392551
0.594645,0.428142,-0.056963,-4.217609,0.593438,5.867760
0.566006,0.407833,-0.040613,-1.619966,1.602568,4.421350
0.560262,0.388450,-0.059251,-0.490099,1.328484,3.875303
0.555325,0.388257,-0.076822,-0.172126,1.692060,1.604840
0.522133,0.361954,-0.040626,0.539497,1.390572,-1.344684
0.517167,0.349544,-0.020105,2.377541,1.653790,-3.015945
0.515161,0.354116,-0.059911,2.638948,2.789698,-3.279695
0.506384,0.321233,-0.051455,3.396528,2.929523,-3.325118
0.458231,0.327738,-0.033142,3.634262,2.367074,-2.287819
0.405400,0.325618,-0.043489,3.151819,2.280871,-1.291659
0.377246,0.354444,-0.063968,2.275070,3.131889,-1.437236
0.331811,0.364229,-0.024986,2.031526,1.255808,-0.584751
0.305781,0.388920,-0.036993,0.559481,0.268332,3.171238
0.250616,0.392176,-0.046279,-0.868222,-0.071971,4.431733
0.203392,0.389307,-0.054626,-1.339988,0.294864,5.314403
0.187617,0.425923,-0.039307,-2.178864,0.336807,5.592011
0.147961,0.408477,-0.057272,-3.690545,-0.003837,4.632311
0.128552,0.385736,-0.056625,-3.977834,-0.226413,3.159461
0.064279,0.335304,-0.007096,-3.934814,-4.716424,2.989775
0.063872,0.324006,-0.054623,-4.718959,0.026230,3.412064
0.039992,0.272580,-0.027480,-4.209337,0.418077,2.362304
0.026439,0.239142,-0.018549,-3.612324,-0.270706,2.535922
0.018075,0.205435,-0.024185,-3.086409,0.820357,2.423210
0.012942,0.142950,-0.041920,-2.577273,1.391911,1.882616
-0.012845,0.085544,-0.009460,-0.951199,1.432909,1.516723
-0.011847,0.019448,0.005882,-0.152523,-0.180511,1.625664
-0.001245,-0.007707,-0.016730,0.463000,1.125108,2.580615
-0.017943,-0.089410,-0.017006,1.980038,1.747524,3.650198
-0.044514,-0.164431,0.009746,3.336463,-0.926114,5.559193
-0.062636,-0.236674,0.007300,3.907029,-0.335787,7.272351
-0.051154,-0.285891,-0.019881,5.007667,-0.960885,6.685980
-0.066973,-0.380704,0.018090,5.982141,-1.700139,5.417932
-0.099058,-0.438189,0.006375,6.127792,-1.871929,4.911806
-0.136301,-0.524554,-0.002324,5.856699,-1.268419,3.081499
-0.158342,-0.596052,0.021569,6.411238,-2.184305,1.868113
-0.183420,-0.679219,0.040975,5.984120,-6.165657,1.284433
-0.177929,-0.712411,0.000053,4.839889,-0.528935,1.521905
-0.230080,-0.768396,0.012910,4.943909,0.677942,0.701698
-0.263952,-0.799192,0.049867,3.461262,-1.359927,0.693787
-0.264076,-0.833641,0.039373,1.891639,-0.111984,0.385488
-0.249085,-0.852538,-0.024106,1.481955,4.801173,-0.192087
-0.310428,-0.888143,0.040640,0.146331,0.693343,-0.119720
-0.321266,-0.879760,0.017666,-1.574914,1.674047,-0.405086
-0.368842,-0.911511,0.006158,-2.405187,0.655772,-1.092288
-0.348501,-0.912161,0.018379,-1.809320,-0.024027,-1.112166
-0.354078,-0.917498,0.034804,-2.940182,-0.525863,-2.096244
-0.363029,-0.920019,-0.013297,-3.200624,-0.719359,-3.407595
-0.384233,-0.946830,0.037988,-2.128448,-1.786047,-5.639576
-0.362766,-0.920166,0.041356,-1.600885,-2.240983,-6.450177
-0.358706,-0.920610,0.031508,-1.554868,-3.175079,-8.758283
-0.312003,-0.909814,0.019564,0.544625,-1.158891,-10.536095
-0.346377,-0.906515,0.109588,0.511673,-13.052015,-9.952033
-0.245465,-0.875381,0.029867,1.946000,-0.646729,-7.555793
-0.200617,-0.854482,0.007058,3.349678,0.997760,-5.771892
-0.144707,-0.859953,0.029116,5.311890,0.843679,-5.125627
-0.107294,-0.847772,0.051206,6.468595,0.475041,-3.432518
-0.068243,-0.855982,0.021550,6.694437,1.837772,-3.525575
-0.030432,-0.840942,0.038247,8.803787,1.831945,-5.346872
0.005894,-0.834797,0.045295,8.853903,-0.626660,-5.062585
0.024233,-0.794738,0.024251,8.224118,0.740856,-6.031699
0.021253,-0.779268,0.015713,8.629020,0.719422,-6.343459
0.029255,-0.740112,0.040972,7.965374,-0.923018,-4.594615
0.039506,-0.691469,0.036609,6.857433,-1.709743,-1.734222
0.032728,-0.642032,-0.019330,5.577574,-2.086200,-0.568294
-0.012047,-0.617240,0.021064,4.545759,-2.326192,0.571342
-0.008762,-0.563749,-0.014032,3.168924,-1.765072,1.529623
-0.022282,-0.532149,-0.020531,0.985601,-0.647504,1.370605
-0.030150,-0.512287,0.006168,0.648616,-0.745415,-0.132762
-0.026861,-0.475202,0.001743,-0.988339,0.402552,-0.585667
-0.006970,-0.434159,-0.054052,-2.472911,3.302070,-1.779376
-0.022141,-0.423064,0.014647,-2.991592,1.775136,-2.720573
-0.000287,-0.361377,0.016682,-3.909699,1.327116,-1.703069
-0.021284,-0.294425,-0.024812,-5.304539,2.803990,-0.940704
0.010759,-0.218804,-0.012414,-4.823921,3.683519,-0.065803
0.044972,-0.145294,-0.010691,-5.098881,2.130719,1.319836
0.056500,-0.076694,-0.036487,-6.008973,2.252255,2.450156
0.067401,0.018693,-0.032023,-5.003385,1.718471,3.266439
0.104984,0.091170,-0.044848,-4.165602,1.018898,5.113809
0.132803,0.174100,-0.064352,-4.154452,-0.003516,5.462987
0.146235,0.214120,-0.036471,-1.773141,-1.199016,4.772457
0.181268,0.281233,-0.049269,-0.825813,-2.957136,4.872309
0.181084,0.304535,-0.044493,0.229143,-2.058611,3.545786
0.210574,0.342677,-0.056592,2.764711,-0.890831,1.562622
0.238114,0.379998,-0.032338,3.156296,-1.845699,0.382703
0.274890,0.432018,-0.051321,3.867472,-0.692027,-0.728868
0.273446,0.446385,-0.013884,5.178977,-2.555894,-1.387043
0.322331,0.481957,-0.045337,5.513707,2.163116,0.047934
0.324278,0.546365,-0.061834,4.557940,2.484454,0.668353
0.318300,0.570504,-0.043715,4.427853,2.879929,-0.017959
0.339685,0.606486,-0.046620,4.428510,1.846709,-0.096363
0.318550,0.634075,-0.048928,2.681659,2.622221,1.823866
0.297099,0.636304,-0.065908,1.208205,2.501926,2.619818
0.296531,0.631341,-0.041811,0.689977,2.410878,3.454200
0.311680,0.612017,-0.045832,-0.407867,1.758563,4.084741
0.325298,0.596715,-0.064470,-1.673844,0.587182,3.513574
0.299892,0.550852,-0.058230,-3.249858,0.482449,2.030762
0.300142,0.504915,-0.021500,-3.393491,-2.091544,1.716880
0.334033,0.494158,-0.056195,-5.030800,-1.803270,2.480353
0.349454,0.459968,-0.052913,-5.790074,-0.275896,2.524762
0.325591,0.433521,-0.020134,-5.504141,-2.812571,3.188366
0.309244,0.417552,-0.051160,-6.768582,-0.555599,5.712128
0.317302,0.371142,-0.063850,-6.562320,1.740572,5.904263
0.300972,0.321603,-0.050461,-5.687642,1.210635,5.197554
0.311814,0.281059,-0.036569,-4.984396,1.949876,3.668657
0.318986,0.239024,-0.044490,-4.507090,1.806611,0.771157
0.315609,0.179251,-0.009712,-3.571697,2.713073,-1.347706
0.335106,0.116481,-0.010261,-1.702004,3.277015,-2.040582
0.332457,0.089620,-0.023758,-1.337132,2.571524,-1.691196
0.323585,0.051186,-0.009758,-0.116797,3.308369,-2.487013
0.330068,0.023006,0.013993,1.185251,2.222821,-1.809596
0.317887,0.008288,0.012372,1.928645,1.427450,-1.422934
0.300418,-0.025039,-0.027428,2.318503,2.457650,-2.024251
0.292553,-0.033803,0.015372,3.641812,0.442610,-4.055237
0.287925,-0.029631,0.038362,2.995953,-1.587643,-5.185532
0.289963,-0.010169,-0.014853,2.727370,-0.005853,-6.109758
0.273396,-0.032211,0.003966,2.550608,0.489566,-6.978916
0.279466,-0.045511,0.011978,2.903270,0.006423,-6.270013
0.271453,-0.062406,0.012375,1.431099,-0.929347,-5.094624
0.283408,-0.057623,-0.017374,1.007061,2.297050,-4.890145
0.254693,-0.073304,0.027094,1.132637,0.777409,-6.658517
0.240546,-0.075001,0.040437,-0.391730,-0.355534,-6.248622
0.220832,-0.093409,0.011706,-0.998788,1.691135,-6.784412
0.204803,-0.113861,0.019807,-0.441167,2.468603,-6.792490
0.186996,-0.101007,0.044569,-1.823008,0.397503,-5.289869
0.181311,-0.110786,0.004730,-2.653284,2.584542,-4.221812
0.154858,-0.117603,0.029598,-1.679181,0.880566,-4.472332
0.123369,-0.152926,0.039275,-2.487111,0.671902,-3.320537
0.144715,-0.158614,-0.006174,-2.231186,1.256672,-3.431217
0.136522,-0.174918,0.022255,-2.161801,1.392551,-4.089570
0.129422,-0.167710,0.030931,-1.565241,0.024786,-3.039642
0.104036,-0.187165,0.033960,-1.403348,-0.749538,-2.246733
0.111425,-0.214800,0.008482,-0.796977,0.036284,-0.607522
0.110276,-0.250470,0.039232,1.318315,-0.460871,1.240291
0.112242,-0.286114,0.038323,1.299677,-1.540084,3.524384
0.057573,-0.313706,0.002764,2.164111,-0.641310,3.187365
0.020147,-0.354733,0.039994,3.604901,-1.314817,2.701804
0.046771,-0.362322,0.037942,4.196209,-0.683515,3.371911
0.036303,-0.393578,0.008935,3.715762,0.507143,4.014816
0.001260,-0.445378,0.023329,4.978460,0.344374,4.372484
-0.050166,-0.434352,0.052624,4.992988,-1.537117,6.256764
-0.062686,-0.440901,0.008581,4.286043,1.140637,7.193217
-0.042630,-0.451135,-0.001631,4.719252,1.494619,6.469095
-0.084425,-0.489727,0.047983,4.251059,-0.833155,6.432043
-0.103588,-0.478875,-0.008025,3.319493,0.851291,5.315077
-0.169516,-0.506812,0.010826,3.199408,0.285129,2.910683
-0.172618,-0.494047,0.027514,2.513392,-0.471155,1.759751
-0.180131,-0.491266,0.015644,1.291393,-0.570343,1.542585
-0.197092,-0.519955,-0.004464,0.677308,-0.588938,1.196626
-0.242343,-0.542663,0.008059,0.468400,-1.915427,1.400691
-0.272781,-0.539463,-0.009243,-0.371684,-2.037662,1.691807
-0.280942,-0.520047,-0.030385,-1.492942,-1.083589,0.114896
-0.269446,-0.526993,-0.001263,-1.174257,-1.863765,-1.478380
-0.275811,-0.529865,-0.009900,-1.251821,-1.636492,-0.870094
-0.330063,-0.572976,-0.018778,-1.775179,-1.021954,-0.710943
-0.342418,-0.574102,-0.011777,-0.648824,-1.006399,-1.394993
-0.344792,-0.589119,0.008321,0.200507,-1.679758,-1.800440
-0.306252,-0.591174,-0.057439,0.268454,0.442125,-3.143053
-0.350549,-0.642337,-0.012909,1.293155,0.258778,-4.608134
-0.365087,-0.659249,-0.018608,2.738285,-0.181260,-4.354040
-0.365267,-0.679701,-0.015233,2.759072,0.413558,-3.928971
-0.324910,-0.702754,-0.023216,3.380989,-0.149686,-4.358362
-0.320482,-0.728262,-0.007352,4.999504,-1.544745,-4.034066
-0.350431,-0.746351,-0.019776,5.791169,-0.394815,-2.493526
-0.365418,-0.757390,-0.036015,5.762976,-1.882426,-1.852594
-0.366016,-0.797551,-0.026873,5.693812,-1.539355,-2.779013
-0.308422,-0.777823,-0.013911,6.561774,-1.577523,-2.121152
-0.316001,-0.766555,-0.017889,5.041141,-1.920302,-1.838672
-0.329049,-0.765173,-0.035601,4.746943,-2.072728,-1.592945
-0.368698,-0.784654,-0.007644,5.038555,-2.020377,-0.712382
-0.340314,-0.777190,-0.019222,3.587241,-2.226694,-0.201532
-0.334547,-0.757817,-0.035220,2.650663,-1.520442,-1.767988
-0.369807,-0.751433,-0.026256,1.810024,-1.770705,-3.692651
-0.413746,-0.703906,-0.039569,1.397507,-1.399845,-5.005309
-0.414580,-0.649001,-0.054652,-1.206037,0.018913,-4.966738
-0.348310,-0.594020,-0.026712,-2.397638,0.327266,-4.343743
-0.294967,-0.534710,0.013025,-2.714107,-1.700273,-1.343879
-0.277508,-0.487669,-0.047520,-4.277109,1.764281,2.278838
-0.279954,-0.429868,-0.032538,-3.806828,2.749748,4.528483
-0.257118,-0.392061,-0.005609,-4.026873,0.134445,4.695428
-0.180250,-0.316729,-0.037479,-4.305745,0.417168,2.831627
-0.147415,-0.257465,-0.031665,-4.385686,0.427239,0.112520
-0.126871,-0.205990,-0.033389,-2.984206,-0.449907,-1.355840
-0.090593,-0.114606,-0.024720,-2.609437,-1.116515,-1.081787
-0.037926,-0.070632,-0.043206,-2.115148,-1.227494,-0.292517
0.024371,-0.004484,-0.028872,0.119191,-1.531678,2.220296
0.065441,0.036917,0.013659,0.837799,-3.601557,3.988257
0.095396,0.064309,-0.034610,2.052045,-1.411879,3.857107
0.132718,0.095072,-0.032660,3.855931,-0.928277,0.349985
0.154530,0.134586,0.002951,4.735113,-1.023136,-2.571323
0.198051,0.173057,-0.009555,4.856317,-0.278581,-5.802536
0.227702,0.222411,-0.028767,5.506210,1.649947,-6.911741
0.237592,0.218643,0.018746,6.102258,1.685768,-5.037340
0.250754,0.253769,-0.008334,5.036142,0.265572,-2.325990
0.262230,0.278085,0.002127,4.323242,2.432316,-0.667978
0.300253,0.303422,0.009421,4.686920,3.156766,-0.527361
0.322098,0.352363,-0.012775,2.758452,2.370038,-0.236360
0.298776,0.339030,-0.002160,1.069818,2.395782,-1.162812
0.297381,0.367085,0.041385,0.376183,0.099858,-0.791709
0.307153,0.394418,-0.004277,-1.482586,0.811901,0.763474
0.322387,0.387843,-0.012151,-2.682915,1.084567,1.437123
0.334141,0.391825,0.002662,-3.180733,1.864474,1.771695
0.328003,0.374526,-0.001775,-5.084169,0.028961,2.783540
0.364688,0.357825,-0.021191,-5.331294,0.824519,2.103899
0.376462,0.327351,0.021753,-5.704862,-1.354866,1.928686
0.397643,0.335409,-0.010868,-6.466575,0.458376,0.581892
0.403374,0.342250,-0.011800,-6.326726,1.452636,-0.434972
0.426759,0.329186,0.009057,-5.626779,1.238109,0.809467
0.452391,0.323300,-0.011016,-5.522115,1.497845,2.593936
0.433222,0.298413,-0.001503,-5.610498,2.095288,3.528289
0.439091,0.294129,-0.006945,-3.350497,2.619618,2.529101
0.442051,0.307423,0.035303,-3.092770,1.919560,1.487413
0.467421,0.278095,0.006260,-2.762021,2.905991,0.643604
0.451167,0.256916,0.009907,-0.350555,2.736713,-0.929555
0.453071,0.244397,0.018901,1.274005,2.543098,-0.200252
0.457423,0.251898,0.013898,1.501554,1.887832,-0.114443
0.437443,0.222096,0.005981,2.197066,1.632638,-1.400814
0.414961,0.225418,0.029959,3.572939,0.607609,-2.187428
0.393133,0.224190,0.019777,3.153490,-0.417310,-2.254991
0.371587,0.219241,-0.000374,3.198922,0.842631,-3.297097
0.334394,0.202503,0.021566,4.091538,-1.008119,-3.650957
0.318967,0.229521,0.007642,3.277185,-1.205134,-3.632914
0.270846,0.205605,-0.015883,2.329050,0.248602,-4.161739
0.256620,0.203797,0.008361,2.175802,1.220289,-3.682503
0.237785,0.179635,-0.002691,1.526162,0.974293,-2.149430
0.216472,0.177101,-0.001145,-0.507709,1.446301,-2.561757
0.202348,0.144529,-0.003604,-0.174000,2.436586,-4.009838
0.184022,0.154629,-0.003374,-1.726508,1.639591,-3.297825
0.142148,0.118443,-0.022645,-2.588138,1.717765,-2.709750
0.114743,0.095752,-0.020242,-2.952810,2.446086,-1.339825
0.084085,0.057728,-0.023659,-2.991497,0.962887,-0.150561
0.070844,0.028741,-0.025317,-3.769786,0.093356,0.075980
0.045681,-0.026210,-0.026190,-2.987604,0.400851,-0.698449
-0.000851,-0.057797,-0.008478,-2.728314,-1.253990,-1.614552
0.007972,-0.078634,-0.029630,-2.757475,-1.222725,-1.797997
-0.012274,-0.149003,-0.016028,-1.841954,-1.030889,-2.321943
-0.028627,-0.192791,-0.030576,-0.668371,-1.221802,-0.522306
-0.087350,-0.245379,-0.016885,-0.477619,-2.733398,0.401969
-0.114039,-0.297465,-0.027782,0.588829,-1.472961,0.752659
-0.135132,-0.347351,0.001569,2.270015,-1.654861,0.422157
-0.149454,-0.377881,-0.033999,2.213196,-0.699353,1.378656
-0.181471,-0.406297,-0.030654,3.209721,-0.642367,0.198399
-0.207773,-0.454165,-0.008869,4.153459,-0.416794,-0.581177
-0.213839,-0.458990,-0.024848,3.933013,0.130598,0.141012
-0.255509,-0.481324,-0.045179,3.711931,1.162863,1.166357
-0.289857,-0.488742,-0.039523,4.313468,0.473876,2.433394
-0.319248,-0.488427,-0.024792,3.421294,-0.057078,3.967514
-0.362579,-0.480388,-0.050631,2.347681,-0.187526,3.774759
-0.402132,-0.497516,-0.035102,2.873915,-0.694498,2.583942
-0.444282,-0.476335,-0.022497,1.599899,-4.123954,1.755234
-0.445123,-0.468319,-0.055752,0.559218,-1.473411,0.320683
-0.454323,-0.456768,-0.047513,0.538496,-1.487644,-1.096183
-0.467489,-0.479256,-0.032384,0.749994,-2.207653,-1.084497
-0.465283,-0.462299,-0.050920,-0.344187,-1.989286,-0.369937
-0.475479,-0.474933,-0.064053,-0.819905,-0.138397,-0.544064
-0.455475,-0.467291,-0.042363,0.012666,-1.828791,-1.158933
-0.449104,-0.467695,-0.035949,-1.071385,-1.789142,-1.373562
-0.418755,-0.456374,-0.059773,-0.976378,-0.233864,-1.650074
-0.425500,-0.471096,-0.030201,0.462705,-0.437237,-2.695551
-0.409502,-0.468417,-0.017364,-0.033462,-1.883463,-2.065798
-0.377170,-0.457953,-0.028278,-0.026474,-0.563056,-1.699642
-0.348727,-0.470745,-0.055870,1.029152,1.234610,-1.351112
-0.332814,-0.489251,-0.013609,2.233951,-1.074280,-1.080851
-0.296920,-0.515763,-0.009374,2.473005,-0.949104,-0.552427
-0.294770,-0.519692,-0.043016,3.177796,0.451092,-0.594088
-0.273389,-0.544961,-0.001946,4.347982,-1.538082,-1.099599
-0.251725,-0.554526,0.008259,4.356271,-3.088449,-1.152078
-0.222550,-0.571798,-0.022530,4.477783,-1.356911,-0.753222
-0.237738,-0.603217,0.008289,5.868585,-2.119615,0.272852
-0.209657,-0.586730,-0.016432,5.113355,-1.877338,1.536900
-0.245202,-0.609411,-0.009322,4.163854,-1.762886,0.412441
-0.210097,-0.607274,-0.014761,5.007408,-1.046152,-0.459420
-0.186654,-0.603257,0.019219,4.029340,-0.922345,-0.493275
-0.185012,-0.601730,-0.018536,2.556073,0.089620,-0.062110
-0.189847,-0.589956,0.009690,2.442491,-0.037318,-0.266567
-0.179357,-0.579252,0.000394,1.852755,-0.174081,0.590613
-0.146237,-0.540477,0.008732,0.552266,0.871714,1.311492
-0.151761,-0.541160,-0.024510,-0.570895,1.371094,1.198507
-0.149703,-0.535616,0.028482,-0.975997,-1.175119,0.565240
-0.146542,-0.504019,-0.016002,-1.801284,0.231891,1.143448
-0.114122,-0.444147,-0.009276,-2.738191,0.807309,-0.541665
-0.090879,-0.421049,0.011962,-2.312698,0.795473,-2.384387
-0.035189,-0.358101,0.009148,-2.754672,0.410827,-1.448376
-0.025686,-0.341991,-0.011340,-3.239019,-0.283212,0.087622
-0.013049,-0.292685,-0.023653,-2.989576,0.453255,0.744142
0.012961,-0.242129,0.022531,-1.925118,-0.520687,1.163648
0.077113,-0.180321,-0.002944,-1.852530,-0.855170,0.836485
0.084538,-0.154895,-0.003663,-0.714624,0.025481,-0.432448
0.122765,-0.109676,-0.009512,0.465403,1.874485,-1.904549
0.140271,-0.078638,0.014384,0.643308,-1.008093,-2.785431
0.179509,-0.027369,-0.013143,1.223088,-0.004537,-3.481790
0.204025,-0.007960,0.016760,2.628425,0.683262,-4.171257
0.226330,0.035040,0.008272,3.572802,-0.853841,-2.803021
0.225302,0.061490,0.012454,3.280701,0.570927,-2.558447
0.253377,0.088347,-0.010467,3.918643,2.159273,-2.549946
0.264314,0.122189,0.021060,4.262235,0.804519,-2.232265
0.287160,0.173661,0.010731,3.625577,1.067232,-2.606174
0.257775,0.194242,0.004373,3.260356,1.185206,-3.372706
0.243172,0.203636,-0.000440,3.841600,1.370972,-2.572402
0.243533,0.238794,-0.001598,2.339826,0.158466,-0.312049
0.252225,0.238617,-0.000164,1.396027,0.820567,0.087187
0.265571,0.265618,-0.018342,1.078976,1.180857,0.766202
0.240293,0.274924,-0.002173,-0.064005,0.055516,1.200918
0.233420,0.252577,-0.011902,-0.734384,1.387989,1.036048
0.262499,0.260524,-0.035657,-2.100043,1.656984,-0.298558
0.292205,0.254747,0.003995,-2.573961,1.339468,0.510432
0.307304,0.276903,-0.000187,-3.289759,1.294836,1.605687
0.246691,0.277021,-0.026157,-4.166196,1.096121,1.637726
0.248322,0.290903,-0.013113,-4.448240,0.480224,2.560642
0.286444,0.310509,-0.032020,-5.615025,0.775673,3.070993
0.282361,0.293621,-0.030369,-4.467058,1.942412,2.378664
0.273374,0.304151,-0.043147,-3.975204,0.770125,2.807505
0.245588,0.315016,-0.017876,-4.201587,0.905257,2.944494
0.256548,0.335308,-0.100698,-4.669036,2.280365,2.556079
0.258990,0.317208,-0.026512,-3.589469,0.164214,1.516784
0.279879,0.328936,-0.015972,-2.466143,0.241400,2.016368
0.250863,0.336237,-0.021339,-1.252494,0.780291,1.433643
0.223993,0.326691,-0.044096,-0.436290,1.322908,1.190791
0.219532,0.342818,-0.029496,0.435670,0.343438,0.178056
0.231519,0.346498,-0.025987,0.177510,0.276667,-1.399753
0.241291,0.355665,-0.048475,1.616869,1.875145,-2.448482
0.192232,0.351743,-0.020988,2.397987,0.956016,-2.497483
0.194070,0.383428,-0.034633,0.924445,1.001606,-1.512945
0.185434,0.377110,-0.007946,2.126457,1.091299,-2.973792
0.228240,0.387738,-0.027874,2.327549,1.918608,-3.074473
0.198193,0.399312,-0.021109,1.790070,0.603361,-1.958123
0.143451,0.395261,-0.067854,0.258537,1.180272,-1.804614
0.137566,0.402118,-0.022475,0.981231,0.857533,-0.886185
0.174759,0.409583,-0.051524,-0.935250,0.458927,-0.497753
0.169218,0.393906,-0.069423,-1.017905,0.911457,-0.588723
0.117904,0.363258,-0.055840,-0.673219,0.218961,0.568153
0.099096,0.347686,-0.047802,-1.350544,0.436679,0.249710
0.093112,0.336644,-0.059202,-3.179220,-0.754344,0.330035
0.142772,0.303649,-0.057862,-2.263196,0.954319,-0.755943
0.121594,0.267322,-0.019973,-2.123962,-1.458706,-0.828878
0.082165,0.230480,-0.044683,-2.581819,0.622494,0.092636
0.086097,0.202497,-0.067109,-2.556646,0.492421,0.801483
0.095502,0.135450,-0.023971,-1.918691,0.693658,1.628012
0.103051,0.111902,-0.042681,-1.794805,0.181811,2.274945
0.061157,0.058687,-0.030385,-1.372697,0.686637,2.418177
0.024223,-0.002853,-0.032319,-0.357035,-0.300701,1.887617
0.007637,-0.041723,-0.008406,-0.400140,-0.443897,0.953845
0.029528,-0.083502,-0.039629,-0.415022,1.093446,-0.005972
0.018679,-0.101775,-0.001979,0.628054,-0.765242,-0.103611
-0.021261,-0.144234,-0.009328,0.733086,-0.590376,1.173497
-0.045135,-0.157846,-0.031954,0.835458,0.964324,2.705811
-0.045653,-0.194865,-0.007237,1.499305,-0.062655,4.036371
-0.012629,-0.195453,0.003575,1.612284,1.017205,4.507766
-0.043155,-0.219116,-0.012939,0.999475,-0.050671,4.195902
-0.080030,-0.243508,0.003716,2.095573,-0.032001,3.300104
-0.114525,-0.251970,0.012812,1.313152,-0.629877,2.917391
-0.082016,-0.251520,0.007133,0.871148,-0.329445,1.008801
-0.075284,-0.291599,0.028922,2.020629,0.347137,0.026216
-0.102676,-0.283626,0.024500,1.491838,0.212164,1.106742
-0.138382,-0.304000,0.019744,1.044793,0.352468,1.558851
-0.150419,-0.314169,0.020447,1.325146,-0.155430,0.786349
-0.122413,-0.336427,0.028797,1.661976,-0.781358,1.228284
-0.153120,-0.364285,0.018540,1.009526,-0.939404,-0.326059
-0.203955,-0.404814,0.030829,1.991287,-0.542026,-1.845737
-0.231242,-0.384728,0.033639,1.371983,-1.159141,-3.257052
-0.212782,-0.398964,0.019206,1.040621,-0.093307,-5.023424
-0.196166,-0.427361,0.049552,1.688046,-0.669828,-5.743808
-0.198004,-0.446937,0.046243,1.737811,-0.817911,-4.260913
-0.235168,-0.446169,0.016544,0.953702,0.068967,-2.613113
-0.250215,-0.465325,0.045728,2.188686,-0.230844,-1.968324
-0.242734,-0.478757,0.058493,1.914481,-1.849142,-1.648400
-0.229128,-0.523362,0.022032,1.689762,-0.181430,-0.604279
-0.246611,-0.556659,0.025219,2.480626,0.398918,-1.910525
-0.266775,-0.596137,0.031673,3.329993,-0.192545,-2.425881
-0.270421,-0.601169,0.023365,2.562986,-1.302737,-3.182241
-0.243318,-0.619334,0.010455,2.654579,-0.316358,-3.978599
-0.226584,-0.635986,0.034738,3.556849,0.162779,-3.802017
-0.224031,-0.647350,0.022863,3.038191,-0.795266,-0.438061
-0.242560,-0.662446,-0.000367,2.620209,-0.655785,0.766033
-0.265488,-0.671108,0.027038,2.555207,-1.381985,1.952391
-0.225836,-0.653701,0.039711,2.923083,-0.977425,2.175342
-0.217886,-0.646943,0.014217,1.852542,-1.676699,2.265179
-0.245678,-0.669664,-0.006591,1.579617,-0.771842,0.741562
-0.254377,-0.667698,0.002131,2.702135,-0.473456,-0.269141
-0.251524,-0.637204,0.006181,1.111656,-1.319044,-0.655464
-0.217551,-0.609090,-0.011111,0.695945,0.360500,-1.035314
-0.245537,-0.594545,0.011449,0.715899,-2.499852,-0.428113
-0.237341,-0.571430,-0.008504,0.637127,-0.715496,1.149601
-0.234902,-0.515205,-0.038860,-0.145902,-0.097849,2.608215
-0.244136,-0.500992,-0.007648,-0.223978,-0.425125,1.643903
-0.230310,-0.445667,0.004524,-0.612553,-1.859606,0.625168
-0.237082,-0.359854,-0.023607,-0.962684,-0.565098,0.099964
-0.230809,-0.305182,-0.051452,-1.592584,0.853598,-1.932845
-0.242895,-0.254813,-0.005340,-0.681563,-0.976913,-2.868741
-0.211410,-0.185898,-0.025593,-1.427261,-0.409878,-2.009379
-0.177847,-0.119097,-0.034846,-1.671461,-0.067937,-1.431601
-0.142029,-0.061477,-0.009499,-0.577227,0.242674,-1.181676
-0.115963,-0.022002,0.004615,-0.721415,-1.233583,0.266983
-0.038438,0.043952,-0.031547,-0.806673,1.052858,1.178425
-0.007879,0.071537,-0.018805,-0.265931,1.647748,1.828551
0.062388,0.135384,-0.027175,1.325224,0.940632,2.711101
0.083517,0.173628,0.000545,0.633775,-0.933427,2.956657
0.115528,0.219306,-0.028389,1.124336,0.704339,2.423346
0.155262,0.227089,0.007182,2.694086,-1.828876,3.181511
0.209560,0.260228,-0.025274,2.621787,-0.346386,4.600993
0.225479,0.242306,-0.034324,2.928804,0.181840,4.714379
0.211785,0.244568,-0.021674,3.346845,-0.523828,3.944407
0.244403,0.251310,-0.023374,3.756799,-0.406924,3.441954
0.257546,0.265963,-0.021096,2.672527,-1.138681,2.323578
0.224839,0.237038,-0.021995,2.893376,-0.895748,0.642779
0.240559,0.241046,-0.020561,3.167102,-0.198332,1.255312
0.229927,0.235804,-0.024391,1.431930,0.872472,1.503576
0.231204,0.235620,-0.032689,1.570140,0.744375,1.015303
0.222525,0.219625,0.007622,-0.139265,1.074286,1.278568
0.227948,0.222687,-0.040400,-0.550525,3.231143,2.108211
0.230869,0.206757,0.003900,-1.598121,2.640488,2.432746
0.279042,0.232761,-0.021076,-3.022000,2.841958,4.263284
0.236942,0.226268,-0.030848,-4.398586,4.692367,3.969006
0.219840,0.231678,-0.018273,-4.252134,2.483627,3.595983
0.230731,0.233808,0.009608,-5.081199,1.770091,3.550403
0.263992,0.238597,-0.042090,-5.633403,1.694703,3.104133
0.222952,0.208038,-0.003545,-4.819641,-0.160804,2.076936
0.220228,0.227844,-0.027457,-5.241247,-1.160145,2.326963
0.208926,0.230798,-0.045307,-5.012786,-0.763948,0.404970
0.248995,0.219516,-0.013809,-3.123329,-0.650957,-1.756906
0.232937,0.217261,0.024789,-3.870101,-8.359094,-2.936693
0.272960,0.212049,-0.053730,-2.227690,-0.262566,-2.425716
0.244862,0.213043,-0.003062,-0.873251,0.054311,-3.231322
0.279518,0.242825,-0.039609,0.118255,1.005745,-4.106532
0.301455,0.248773,-0.018926,0.301327,1.717723,-5.080750
0.323450,0.253913,-0.000308,1.393739,2.511698,-5.611014
0.317224,0.240337,-0.013507,1.797643,2.940237,-4.790743
0.303736,0.255272,-0.026876,1.503927,3.791455,-4.567304
0.285535,0.250713,-0.000554,2.387441,2.392175,-4.948044
0.304248,0.292452,0.012759,2.479513,0.622960,-4.876481
0.301386,0.296444,-0.020157,2.426446,3.018914,-4.530725
0.280785,0.294678,-0.010018,2.063786,1.273339,-4.429974
0.248955,0.263675,0.016022,1.966741,-1.283578,-2.389535
0.274105,0.286064,-0.026220,1.172030,-0.402601,-1.517236
0.253722,0.259621,-0.018749,0.755347,-0.299178,-2.729362
0.242282,0.249331,-0.005859,0.959324,-0.757114,-1.660439
0.189875,0.223934,-0.013261,-0.705889,-1.821274,-0.249431
0.171188,0.202215,-0.039327,-1.677688,-0.667556,-0.513621
0.161199,0.184903,-0.013953,-0.712773,-0.711344,-0.718446
0.122598,0.154278,-0.039182,-1.170633,-0.676212,-0.053309
0.061079,0.153201,-0.055591,-2.181884,-0.224352,-0.422552
0.004210,0.105248,-0.019993,-2.562262,-0.254356,0.026942
0.024269,0.061946,-0.013448,-2.424554,1.130714,1.409965
0.009902,0.068435,-0.036267,-3.193485,1.757713,2.386077
-0.058543,0.030937,-0.010996,-3.019105,1.505687,1.465319
-0.073157,0.037620,-0.010753,-2.479912,1.912929,1.750717
-0.099078,0.024654,-0.000781,-3.181635,1.329046,1.729759
-0.096288,0.007369,-0.020649,-2.702120,1.509606,2.085818
-0.118228,-0.007678,0.004720,-1.939104,0.221968,2.339396
-0.140223,0.003076,-0.030484,-2.176261,0.421554,3.172551
-0.164770,0.000059,-0.009443,-0.754161,-0.757278,2.788758
-0.161612,-0.012483,-0.012059,-0.339569,-1.873317,3.680128
-0.141343,0.000164,-0.013687,-0.307867,-2.684329,3.696494
-0.162380,-0.022088,-0.022911,0.589164,-2.663535,3.579997
-0.196462,-0.004546,-0.020315,1.317727,-3.720651,2.664715
-0.222747,-0.003365,0.004770,0.679116,-4.826534,2.520218
-0.192805,0.005967,-0.043906,1.325178,-0.532402,1.535624
-0.182813,-0.010970,-0.008127,2.390270,-1.768443,1.116149
-0.162429,-0.021526,-0.014744,2.055058,-0.182973,1.779175
-0.207294,-0.019849,-0.035007,1.835725,0.124906,0.853369
-0.212030,-0.024684,-0.010776,2.593496,0.781565,-0.004943
-0.189838,-0.009385,0.014253,1.646529,-1.639906,-0.786678
-0.188374,-0.010409,-0.023761,1.232220,0.628987,-0.726505
-0.208347,-0.008016,-0.006000,1.528132,1.792155,0.115903
-0.217321,-0.019856,0.008380,0.802690,-0.912564,2.653449
-0.201487,-0.027054,-0.027464,0.490822,-0.030852,4.172171
-0.169204,-0.102419,-0.008669,1.372098,0.004743,4.517919
-0.177276,-0.133156,-0.004503,1.048193,-1.313773,4.631301
-0.213776,-0.199878,-0.036875,0.813903,-1.645375,3.481354
-0.209217,-0.263836,-0.018690,2.121327,-2.121926,0.301288
-0.178484,-0.299313,-0.021047,1.519138,-2.618010,-0.126849
-0.174344,-0.353440,-0.051216,2.081012,-1.666648,-0.667492
-0.234479,-0.429921,-0.003778,2.548845,-3.245639,0.084836
-0.223670,-0.475829,-0.045199,2.575033,-1.855943,2.469525
-0.246305,-0.546576,-0.025343,2.417354,-1.895303,2.818899
-0.231925,-0.600637,-0.009706,2.400286,-1.354964,1.392703
-0.242330,-0.647639,-0.011816,2.613293,-0.579025,-0.485486
-0.243502,-0.676954,-0.044211,1.647298,0.831314,-2.206423
-0.254042,-0.707474,-0.024050,2.068644,2.096881,-3.369047
-0.247339,-0.728826,-0.014446,1.869151,1.421785,-1.252237
-0.229594,-0.734545,-0.034111,0.568039,1.221070,0.823926
-0.230582,-0.780554,-0.018404,1.515918,1.651365,2.504319
-0.239530,-0.781309,-0.041555,0.990170,0.595851,3.193362
-0.243568,-0.803335,-0.041372,0.516754,1.014960,2.439576
-0.214886,-0.809424,-0.067703,1.225399,0.094905,-0.839587
-0.202367,-0.801871,-0.031058,0.825739,-1.461650,-3.399158
-0.156544,-0.777879,-0.064706,0.030529,-1.914699,-4.977492
-0.193337,-0.767284,-0.072223,0.032272,-1.932089,-5.600795
-0.170199,-0.729470,-0.054347,1.015303,-1.875864,-4.177381
-0.129040,-0.675838,-0.085277,0.104112,-0.727362,-3.303264
-0.116439,-0.671279,-0.073730,0.732508,-0.533209,-2.697500
-0.122600,-0.656436,-0.075666,1.709989,-1.289798,-3.382387
-0.125183,-0.610629,-0.029492,1.251649,-2.938734,-4.102565
-0.077614,-0.570879,-0.087427,0.975491,0.999955,-5.097538
-0.044967,-0.537073,-0.056789,1.561682,1.169162,-7.386990
-0.021212,-0.508923,-0.046778,2.655669,1.574073,-6.964234
0.000898,-0.450561,-0.060918,1.855650,2.494115,-5.828576
0.007260,-0.435166,-0.052689,2.966398,2.489161,-4.963795
0.034376,-0.379348,-0.057817,2.524017,0.895249,-3.075453
0.015732,-0.335731,-0.063439,2.080569,1.502936,-3.085856
0.032571,-0.282385,-0.028642,3.037475,0.828812,-2.530858
0.038230,-0.245418,-0.051632,2.568385,-0.414877,-2.163987
0.031832,-0.223790,-0.073306,2.277978,-0.842776,-2.225303
0.037737,-0.182625,-0.068455,2.641804,-1.553188,-2.254589
0.048461,-0.131439,-0.033812,1.878791,-3.160808,-1.899062
0.061167,-0.105911,-0.092666,1.435823,-0.429399,-1.522415
0.064295,-0.107155,-0.061040,1.624307,-1.671112,-0.748908
0.065349,-0.095749,-0.035631,1.245888,-2.333312,1.329322
0.076250,-0.062544,-0.082189,0.560324,-0.166449,3.308810
0.054753,-0.041799,-0.051875,0.764932,1.039988,2.512322
0.041463,-0.019334,-0.043193,-0.165908,-0.658352,3.121109
0.053513,0.047251,-0.059336,-1.656966,1.197033,3.295708
0.053453,0.077433,-0.065520,-2.139576,3.302310,3.406700
0.054251,0.122688,-0.045550,-1.859719,1.792234,5.255129
0.033605,0.156976,-0.030224,-3.111332,1.554113,7.710386
0.056749,0.189088,-0.062225,-3.653768,2.872711,7.865702
0.096480,0.214714,-0.022635,-2.406668,1.816882,7.600835
0.119634,0.210358,-0.034104,-3.077881,0.607829,6.609073
0.097651,0.238187,-0.045626,-3.580281,0.689624,3.810042
0.081292,0.282746,-0.052144,-2.599118,0.924098,2.353160
0.110847,0.330391,-0.046646,-1.939535,-1.026675,1.647967
0.160592,0.386497,-0.024841,-2.436900,-2.252012,1.885941
0.154379,0.388306,-0.036658,-2.077036,-1.458788,3.417182
0.122867,0.396837,-0.020003,-0.883427,-1.828604,6.187734
0.113197,0.412314,-0.050828,-0.907599,-1.828666,7.218843
0.140087,0.431119,-0.053838,-0.408143,-0.994641,4.959117
0.137907,0.415938,0.008843,0.228677,-1.760500,2.228804
0.154267,0.443211,-0.025018,-0.069799,0.226124,-0.002500
0.138364,0.431168,-0.013766,1.188429,1.361004,-1.414221
0.162020,0.416988,0.010077,1.652066,2.022756,-0.237847
0.198370,0.415934,-0.024562,1.436075,2.976078,0.035354
0.174250,0.380769,0.018589,2.235674,2.928883,1.117088
0.134907,0.350827,0.019137,1.608965,0.588735,1.486665
0.083983,0.308477,-0.018943,1.315505,1.960291,-1.589411
0.073837,0.261729,0.003388,2.156942,1.742242,-4.218077
0.113108,0.266534,-0.007641,1.382913,0.106781,-5.238986
0.081141,0.237642,0.008968,0.301488,0.044880,-6.001648
0.028769,0.182441,-0.013179,-0.006950,-0.777784,-4.060513
0.015062,0.125537,0.002282,0.105369,-1.542333,-2.516036
0.047417,0.072312,-0.021565,-0.673203,-1.389066,-0.565435
0.064236,0.023299,-0.012604,-0.802547,-1.290428,-1.865445
0.035978,-0.051190,0.016902,-1.006971,-1.814181,-3.860189
-0.009386,-0.074068,-0.007644,-2.583273,-0.643785,-5.502857
-0.021403,-0.089476,-0.007444,-2.282375,1.757253,-6.723472
0.032534,-0.120190,0.007071,-2.495054,1.047281,-5.478152
0.061098,-0.131052,-0.008166,-3.769956,1.370352,-2.472166
0.006656,-0.182901,-0.009660,-3.546091,3.071568,0.308952
-0.021970,-0.202802,-0.011052,-2.514585,1.856015,1.594769
-0.016114,-0.225934,0.032690,-3.684711,0.527567,0.651882
0.029702,-0.232387,0.008331,-3.008552,1.684531,-1.903598
0.026620,-0.245888,0.034377,-1.997043,-0.205257,-3.687574
0.018939,-0.240800,-0.012768,-1.834631,-0.064658,-1.787199
-0.012212,-0.242425,-0.012161,-1.128703,-0.562587,-0.654125
0.006958,-0.268139,0.005226,0.558024,-0.920796,0.793960
0.030434,-0.230401,-0.021877,0.048832,-1.688181,2.176192
0.000580,-0.269498,0.002121,1.950375,-1.990592,1.075794
-0.029582,-0.275673,-0.006397,2.744826,-3.349689,-0.847437
-0.048591,-0.267250,0.005354,2.366079,-2.506375,-3.498017
-0.024232,-0.250427,-0.024523,2.745637,0.394431,-5.799489
-0.026247,-0.231287,0.017703,4.046195,-0.916273,-6.481390
-0.038908,-0.242284,0.014558,3.327817,-3.309558,-4.542368
-0.058507,-0.232239,-0.029837,2.900729,1.325553,-1.554561
-0.097644,-0.239848,0.005771,3.960280,1.769339,0.582542
-0.084862,-0.202215,-0.025091,3.195896,1.483156,0.665667
-0.125364,-0.211763,-0.016642,2.075491,1.665640,-1.592705
-0.150865,-0.220626,-0.029853,2.482126,1.339714,-2.999335
-0.176593,-0.231025,0.001773,1.824578,0.171126,-3.220040
-0.160752,-0.230414,-0.043009,1.071499,1.610203,-1.872549
-0.189844,-0.259579,-0.009739,1.114768,-1.096003,-0.597519
-0.187330,-0.265474,-0.021493,0.363303,-0.955879,1.417016
-0.194095,-0.264443,-0.042986,-0.215687,-0.923521,1.236646
-0.208433,-0.299972,-0.017827,0.336072,-1.733397,0.180462
-0.217177,-0.313099,-0.024365,-0.481315,-3.591930,-0.594321
-0.258641,-0.334257,-0.040039,-1.395959,-2.270210,-2.369367
-0.260334,-0.347788,-0.022251,-0.376408,-1.850678,-3.430852
-0.248465,-0.341600,-0.028984,-0.723023,-2.377667,-1.471445
-0.257607,-0.377750,-0.052670,-0.663027,-1.276166,1.001230
-0.272755,-0.392321,-0.048823,-0.760706,-0.996256,1.826898
-0.291419,-0.413118,-0.019330,0.083583,-0.356561,2.164851
-0.287313,-0.395646,-0.059543,-0.548496,0.754114,1.513697
-0.284244,-0.392153,-0.059386,0.097665,2.547763,0.511850
-0.261861,-0.395121,-0.029732,0.625721,1.002923,1.453838
-0.249680,-0.399509,-0.005403,-0.167727,-0.505098,3.318740
-0.218257,-0.389107,-0.041349,0.405285,1.980722,5.059014
-0.238539,-0.381065,-0.026351,1.365175,0.751902,7.323451
-0.236694,-0.362270,-0.025248,1.136829,-1.015580,8.248528
-0.219836,-0.335718,-0.040472,1.105856,-0.394772,6.777286
-0.220502,-0.346517,-0.018165,2.569055,-0.784115,5.542255
-0.207658,-0.322014,-0.043627,2.297555,-2.822267,4.973100
-0.245324,-0.314691,-0.024792,1.832177,-3.312492,3.831526
-0.216445,-0.311980,-0.049410,2.678065,-2.117869,3.638611
-0.176734,-0.309892,-0.032663,3.105819,-2.191366,5.074642
-0.205360,-0.343783,-0.030497,2.966601,-3.221877,5.259677
-0.222475,-0.377422,-0.007871,3.646893,-2.256939,4.473690
-0.208794,-0.363878,-0.029121,3.702222,-0.465552,2.606615
-0.196557,-0.377792,-0.039471,3.596557,0.008117,-0.368771
-0.157574,-0.388290,0.000099,3.529707,0.598379,-2.810111
-0.157259,-0.420927,0.013727,3.352357,1.151384,-1.976279
-0.158920,-0.443533,-0.013625,3.064657,1.904313,-0.369272
-0.173593,-0.481143,-0.016077,3.198985,1.950110,-0.882757
-0.162432,-0.519000,0.015658,3.139458,1.618935,-1.904865
-0.123772,-0.509642,-0.034216,1.323419,0.485345,-3.243430
-0.150780,-0.537145,-0.009909,1.820627,-0.054873,-5.607857
-0.174115,-0.579219,0.004560,2.410527,-1.764314,-6.212587
-0.176934,-0.593866,-0.034941,1.365924,-1.421860,-5.892008
-0.152595,-0.621901,-0.025750,0.839312,-1.003622,-6.498526
-0.092087,-0.635671,0.002797,0.931992,-2.491065,-5.923560
-0.109224,-0.674345,-0.004562,0.419292,-2.203858,-5.002172
-0.139902,-0.700607,-0.033871,-0.160124,-1.802370,-5.323622
-0.128758,-0.691968,-0.017525,0.049078,-1.276993,-6.573256
-0.077312,-0.677653,0.000752,-0.096652,-0.869383,-7.596310
-0.037916,-0.655924,-0.019566,-1.350113,0.423891,-7.865857
-0.087704,-0.675562,-0.005918,-0.133743,0.945158,-8.076882
-0.084189,-0.662147,-0.001513,0.180251,1.142899,-6.238322
-0.028292,-0.600158,-0.048458,-1.058774,2.798902,-5.834260
0.000823,-0.570134,0.030773,-0.355443,1.568431,-6.790983
0.032131,-0.525561,0.014499,-0.450620,2.094468,-6.304932
0.014960,-0.467600,-0.021585,-1.076437,1.724714,-5.823150
0.000084,-0.431060,-0.019015,-0.324066,1.771883,-5.306468
0.051615,-0.350755,-0.011350,-0.056918,0.593655,-3.782408
0.090857,-0.279250,-0.018188,-0.506386,0.366350,-2.563727
0.099175,-0.207283,-0.054199,-0.780525,0.352379,-1.220619
0.066583,-0.153996,-0.026663,0.312546,-1.359986,-0.881574
0.077225,-0.084835,-0.022987,0.622330,-1.082026,0.145044
0.115058,0.011879,-0.040866,0.256673,-1.065663,-0.051171
0.123990,0.091787,-0.004723,0.874336,-1.124514,-0.254272
0.165043,0.169029,-0.008711,0.112029,-1.554950,1.589608
0.145424,0.205067,-0.027270,0.246346,0.615982,2.248774
0.148956,0.239608,-0.002041,1.486146,-0.842366,2.280843
0.221429,0.332649,-0.009584,0.911946,1.373375,2.510229
0.256065,0.379542,-0.003512,0.660209,2.442652,1.853929
0.238307,0.417529,0.006467,1.841804,1.455127,1.414800
0.201465,0.458350,0.011758,1.068695,2.292018,3.340251
0.214349,0.480940,-0.014078,0.169734,2.150614,4.821232
0.220835,0.509428,-0.007809,1.312728,1.719895,5.832180
0.193088,0.519672,0.002104,1.077187,0.017843,7.614902
0.179414,0.511296,-0.028839,0.627434,-0.983947,7.385633
0.162325,0.490318,-0.009233,0.502350,-1.201373,6.571933
0.158882,0.471549,-0.017827,0.880457,-1.089996,5.732742
0.153069,0.460956,-0.027405,0.439307,-1.310287,3.863150
0.140546,0.426983,-0.025051,0.012380,-1.156902,2.259452
0.139696,0.404196,0.025971,0.271896,-5.297957,2.163819
0.124479,0.352396,0.002715,-0.462375,-0.739973,3.430778
0.102211,0.311027,-0.045980,-1.382344,0.609329,3.363984
0.069580,0.280488,0.023637,-0.648263,-0.479650,1.864391
0.073588,0.274583,-0.043787,-2.765412,1.598829,0.256364
0.060248,0.245300,-0.006922,-2.068981,1.623782,-2.433746
0.050299,0.202050,-0.004408,-2.759832,1.685719,-1.631409
-0.012592,0.199756,-0.040758,-3.931042,1.251725,-0.244406
-0.026884,0.176979,-0.036438,-3.401336,2.681811,0.555695
-0.008141,0.156077,-0.011780,-4.076300,-1.086379,1.881969
-0.019085,0.115053,-0.015509,-4.397897,0.308848,2.094192
-0.046612,0.099950,-0.029466,-3.777746,0.692680,1.335295
-0.095067,0.073648,-0.020630,-3.165591,-1.338496,0.287386
-0.078599,0.063443,-0.042655,-3.381995,-1.053220,-1.436722
-0.040670,0.050444,-0.038762,-2.335426,-0.216395,-3.596868
-0.054713,0.023860,0.002446,-1.458536,-1.030019,-2.743676
-0.052080,-0.004940,-0.009529,-1.120366,-1.547972,-1.192379
-0.099764,-0.047914,-0.026637,-0.425612,-0.419118,-1.435034
-0.041120,-0.056872,-0.014446,1.501081,0.458724,-1.971416
0.002956,-0.037958,-0.022081,0.699789,0.166777,-3.810021
-0.026471,-0.081762,-0.006725,1.513896,0.682061,-5.089004
-0.065624,-0.118260,-0.003640,2.688007,1.081868,-4.809853
-0.087938,-0.131928,0.006683,3.434522,0.190513,-2.867499
-0.037595,-0.148954,0.000286,3.357766,0.876319,-1.402191
-0.048699,-0.172683,-0.022914,3.112492,0.829744,-1.618671
-0.109812,-0.240609,-0.013120,4.300837,0.085629,-1.582052
-0.146188,-0.244174,-0.018237,3.405663,-1.057208,-0.413390
-0.146460,-0.287837,0.016091,3.745159,-1.487864,-2.789678
-0.103933,-0.323954,0.037016,4.100532,-0.294018,-4.137082
-0.119584,-0.344564,0.002955,3.300724,-1.480531,-3.393246
-0.175083,-0.398396,0.020529,3.792177,-0.692801,-1.299001
-0.204753,-0.433276,-0.005547,2.649160,-1.701111,-0.633253
-0.177975,-0.491595,0.008863,2.559523,-1.344917,1.090807
-0.171830,-0.544918,0.014263,2.081219,-0.511624,-0.518507
-0.208951,-0.593094,0.019967,2.092380,-0.753362,-2.323823
-0.243407,-0.612530,0.014660,0.810171,-2.697304,-5.066698
-0.255542,-0.644570,-0.034216,0.123842,-0.250358,-5.799050
-0.229210,-0.672733,0.006687,0.574649,0.275538,-5.854414
-0.200666,-0.712900,0.022748,0.288441,-0.419381,-3.996172
-0.226433,-0.715651,-0.007106,-0.723151,0.245257,-1.025259
-0.251285,-0.740502,0.020132,-0.595487,1.207228,-0.242634
-0.249808,-0.746568,0.019593,-0.571598,-1.756715,-1.497031
-0.215805,-0.734111,-0.034052,-1.001863,0.205628,-3.197574
-0.182354,-0.703916,-0.016238,-0.594082,1.210333,-6.057836
-0.207129,-0.733593,0.010885,0.145221,-1.219836,-7.428855
-0.211511,-0.695287,0.013353,-0.070816,-0.745107,-6.498878
-0.203414,-0.662390,-0.028698,-0.191196,-1.208646,-6.172498
-0.175342,-0.592612,0.003654,0.197697,-2.562517,-5.235884
-0.153622,-0.553538,-0.050589,-0.850500,-0.512080,-4.455862
-0.169595,-0.527574,0.004665,1.149962,-1.011549,-4.682633
-0.162429,-0.470170,-0.006768,0.966891,-2.322512,-3.425830
-0.167803,-0.386868,-0.044874,0.249359,-0.766495,-3.051485
-0.165689,-0.342651,0.007140,1.863157,0.148084,-3.162570
-0.146424,-0.271960,-0.020866,1.324867,-0.686512,-1.296349
-0.135136,-0.214859,-0.022714,0.570257,-0.407206,1.637642
-0.129096,-0.163246,-0.036340,2.039647,0.854432,3.263979
-0.129907,-0.125609,-0.009663,2.068759,0.684352,5.579578
-0.107875,-0.070770,-0.030454,2.231857,1.138848,4.740262
-0.121579,-0.031495,-0.014492,1.802543,0.884916,2.751021
-0.080056,0.012926,-0.020951,2.937821,0.970922,3.627734
-0.076767,0.009466,-0.017190,2.135714,0.894484,5.248357
-0.062111,0.023325,-0.030792,1.943465,-0.503680,7.057568
-0.069431,0.045271,0.001812,3.446319,-0.731442,8.067384
-0.058927,0.061490,-0.030818,2.603606,-0.845661,8.554784
-0.052330,0.027979,-0.020869,3.777527,-0.943160,7.181940
-0.041668,-0.016160,-0.018148,3.818909,-1.751358,7.928804
-0.056137,-0.012454,-0.030602,2.667101,-2.158988,7.432949
-0.074148,-0.029309,-0.047972,2.557731,0.279001,5.897670
-0.090600,-0.056179,-0.003568,2.742122,-1.719824,5.157253
-0.049595,-0.072033,-0.011419,2.110206,-0.656622,6.010419
-0.048890,-0.105363,-0.040452,0.978327,-0.151898,7.210739
-0.050570,-0.164825,-0.015621,1.214721,1.055287,7.881627
-0.087120,-0.186472,-0.016779,0.062937,0.555264,7.944160
-0.061494,-0.205487,-0.035562,-0.167251,2.677363,4.676476
-0.047481,-0.218112,-0.001572,-0.559975,1.402313,1.692976
-0.042315,-0.252909,-0.038506,-1.157546,1.770068,0.695505
-0.058681,-0.289728,-0.025750,-1.185617,1.041216,0.218121
-0.055015,-0.303271,-0.016005,-1.497649,0.780140,1.108309
-0.033150,-0.293545,-0.019002,-2.059813,0.498954,0.181716
-0.014503,-0.333588,-0.050073,-1.917952,2.142500,-2.109758
-0.021737,-0.371185,-0.015486,-1.287937,-0.796205,-4.400844
-0.004314,-0.369885,-0.025041,-1.756374,-0.956466,-4.736092
-0.031286,-0.365667,-0.046469,-1.955336,-1.075557,-7.637713
-0.026586,-0.355341,-0.011981,-1.134822,-2.484671,-10.269084
-0.001537,-0.343097,-0.005258,-0.379188,-1.708394,-10.318826
0.002077,-0.318784,-0.013300,-0.884073,-1.142568,-8.529759
-0.009953,-0.320031,-0.037941,-0.405651,0.315009,-8.175390
0.005097,-0.333089,-0.005718,0.522938,0.126413,-7.605657
0.001650,-0.283206,-0.013825,0.712449,0.499574,-8.883150
0.037888,-0.250191,-0.052853,1.021514,3.452412,-12.661608
0.060868,-0.219293,-0.008150,1.480809,2.134271,-15.397278
0.076693,-0.213263,-0.001887,1.359815,2.234611,-13.852447
0.070371,-0.152893,-0.026088,0.485573,2.598509,-10.561908
0.090161,-0.104697,-0.001020,1.854875,2.296807,-6.808156
0.102073,-0.060387,0.034210,0.839758,-1.855540,-4.025130
0.099847,-0.039757,-0.025228,0.580676,0.973902,-2.611726
0.083324,0.006095,-0.030920,1.334983,0.731593,-2.618994
0.073020,0.022074,0.001727,0.782273,-2.712066,-2.783313
0.088907,0.080535,-0.044349,0.110791,-1.593949,-3.576173
0.059326,0.105547,-0.025150,0.599622,-1.744948,-3.956806
0.086055,0.129161,-0.014134,0.590168,-2.243754,-1.059784
0.081699,0.154586,-0.026538,-0.076561,-0.143101,2.265684
0.029029,0.157324,-0.052525,-0.374911,-0.456184,3.990674
0.019073,0.192105,-0.021624,-0.006776,-0.470623,3.589838
0.077937,0.233792,-0.019222,-0.728801,0.859316,2.197966
0.077251,0.276175,-0.029732,-1.570201,1.683881,0.262433
0.062388,0.279867,-0.035640,-1.427376,2.793102,-0.634986
0.055472,0.303238,-0.006079,-1.748116,2.229169,1.407639
0.070722,0.344354,-0.010297,-2.566319,2.163655,4.790045
0.129980,0.410948,-0.045609,-2.559249,3.721044,7.000941
0.147915,0.414989,-0.000794,-1.968308,2.269267,9.285395
0.140632,0.440799,-0.036687,-3.092146,1.496742,12.089126
0.100970,0.432199,-0.025806,-2.781680,-0.231360,10.635638
0.148378,0.438488,-0.011203,-1.252038,-0.573616,7.767828
0.194559,0.446572,-0.034229,-1.839023,-1.530536,4.850137
0.185611,0.433134,-0.045064,-0.986659,-1.282249,2.203359
0.152616,0.435225,-0.036527,-0.161133,-2.888251,1.400556
0.159686,0.416735,-0.029880,0.400066,-3.083483,1.342871
0.155045,0.438724,-0.048373,-0.293632,-2.957753,0.974693
0.159916,0.432586,-0.034058,0.397325,-1.552827,-0.232329
0.174516,0.443083,-0.011830,0.682611,0.033211,-0.677910
0.128854,0.420008,-0.049886,0.027427,0.224390,-1.191038
0.097550,0.407436,-0.034505,-0.257929,1.584085,-3.005804
0.089659,0.390298,0.011427,-0.056324,0.798896,-3.371458
0.117838,0.405273,-0.002931,-0.546770,2.295822,-2.989195
0.075817,0.383635,-0.010224,-1.210847,2.895287,-2.318475
0.017501,0.336847,0.004225,-0.502529,2.610877,-0.655532
0.000849,0.313286,-0.000367,-0.975850,2.266838,1.064485
-0.001613,0.274254,-0.024769,-1.598102,1.375857,0.330490
-0.018501,0.242063,0.007451,-0.463816,0.803800,-0.657183
-0.055875,0.158772,0.010054,-0.636236,-2.832633,-1.332121
-0.060926,0.140035,-0.030707,-1.485357,-1.447414,-0.983247
-0.098034,0.093536,-0.008002,0.060796,-1.662696,-0.881649
-0.091302,0.076333,-0.002885,-0.711778,-3.300278,0.137470
-0.082449,0.018398,-0.008872,-1.087653,-2.899844,0.942263
-0.112855,-0.034725,0.006654,0.204646,-2.607412,1.935063
-0.165364,-0.093829,0.012966,0.099529,-2.255656,2.041404
-0.147330,-0.138201,-0.010385,0.146475,-0.929541,1.114361
-0.177098,-0.206607,0.027845,0.638108,-1.140063,-0.631496
-0.163027,-0.218748,0.000207,0.687765,0.964813,-1.060221
-0.155664,-0.258541,0.011210,0.679208,2.289734,-1.523934
-0.172562,-0.305004,0.010767,1.081271,1.587968,0.549996
-0.197325,-0.341072,0.014171,1.175605,2.405295,3.473711
-0.178172,-0.329485,0.012332,0.518421,2.272754,4.254567
-0.172132,-0.364761,0.025150,0.841991,1.380006,4.004285
-0.191561,-0.384410,0.038001,1.333887,0.541665,3.107063
-0.207251,-0.411989,-0.023249,1.224464,0.091521,3.973703
-0.206686,-0.433174,0.014640,1.608023,-1.356907,2.919252
-0.217853,-0.467400,0.031059,2.151244,-5.255522,1.784064
-0.207464,-0.485345,-0.000101,1.756635,-2.296860,0.629568
-0.212903,-0.550823,0.001993,3.246554,-2.819099,0.031872
-0.190422,-0.561061,0.013504,3.032417,-3.723043,-0.984266
-0.208219,-0.603818,-0.019350,3.008584,-2.146219,-3.431810
-0.216130,-0.617319,0.001152,3.931825,-1.413822,-5.670933
-0.220430,-0.653137,0.038667,3.450420,-3.027058,-6.674824
-0.217794,-0.648797,-0.001933,3.171701,-0.740203,-6.717115
-0.263574,-0.667330,0.020969,3.262733,-0.002478,-7.936282
-0.244552,-0.683818,0.018970,2.968564,-0.139789,-6.786653
-0.278729,-0.666808,0.006152,1.936933,0.983566,-6.582690
-0.311452,-0.665236,-0.009696,2.291473,1.791030,-7.844851
-0.285609,-0.652142,0.007445,2.438162,1.654096,-8.525363
-0.271731,-0.679701,-0.016510,1.116219,0.688170,-8.072435
-0.322652,-0.690937,-0.026039,0.987767,0.852393,-8.835186
-0.350877,-0.674843,-0.000183,2.041440,-0.264640,-9.383400
-0.302044,-0.662574,-0.021486,0.798735,-1.309896,-9.330168
-0.305947,-0.663696,-0.026939,0.401560,-0.046371,-8.871043
-0.341480,-0.630983,-0.024864,0.535532,-2.113913,-8.521320
-0.321798,-0.614880,-0.009010,0.249002,-3.578258,-7.612789
-0.297390,-0.558790,-0.045977,-0.601895,-2.615312,-6.371886
-0.316737,-0.516971,-0.023295,-0.482388,-1.926900,-5.585014
-0.231183,-0.448542,-0.008649,-0.898555,-2.504005,-2.888969
-0.241263,-0.390272,-0.052112,-1.673670,-0.791386,-0.264850
-0.257768,-0.352462,-0.028019,-0.763630,-1.060457,1.162817
-0.202019,-0.281207,-0.024776,-0.647265,0.289918,3.850748
-0.155362,-0.215686,-0.032867,-1.336357,0.744989,5.765769
-0.160348,-0.157134,-0.038516,-1.220940,1.382947,5.491451
-0.145764,-0.107539,-0.028892,0.186484,1.130419,5.910491
-0.131610,-0.055145,-0.038000,-0.358762,0.126351,6.054100
-0.093265,0.000545,-0.019189,0.212347,0.368861,5.994777
-0.052789,0.095850,-0.030037,1.406947,1.352194,7.300156
-0.071578,0.125038,-0.059126,0.964881,-0.560565,9.258548
-0.079938,0.161407,-0.048901,1.498990,-1.288794,11.666131
-0.072812,0.223695,-0.028219,2.845508,-1.904198,13.540935
-0.028614,0.266124,-0.063745,2.429239,-1.476323,13.670680
-0.007127,0.267161,-0.051232,3.339276,-1.793557,11.554039
-0.035570,0.264768,-0.046709,3.897694,-2.641684,10.464961
-0.058816,0.297238,-0.035237,3.597968,-3.185088,7.377200
-0.021307,0.264830,-0.046906,3.631061,-0.641911,5.274178
0.005422,0.284315,-0.043016,3.756559,-0.575628,3.978176
-0.030459,0.277396,0.003762,2.545119,-2.347617,4.192502
0.002819,0.283475,-0.035230,1.569927,0.857491,3.920424
-0.020657,0.275498,-0.019881,1.904578,1.465533,2.350607
-0.031293,0.283389,-0.051271,0.294187,0.910095,2.432717
0.030155,0.287407,-0.041893,-1.150223,2.153227,1.782835
0.045986,0.252593,-0.000124,-1.077681,1.612849,2.668395
-0.007206,0.247493,-0.032775,-2.361830,0.621589,4.288846
-0.004377,0.169764,-0.036635,-2.507245,-0.028974,3.026765
0.047640,0.109289,-0.022176,-1.623091,0.249459,1.708786
0.033529,0.075440,-0.034334,-2.022219,0.283895,-2.037859
0.052659,0.011902,-0.049020,-2.485007,-0.394205,-6.075803
0.062736,-0.066450,-0.021408,-1.624388,-1.450099,-7.886671
0.039569,-0.094994,-0.021053,-1.570011,-1.195556,-7.440972
0.065395,-0.102688,-0.052509,-1.148556,-0.821998,-8.430236
0.095314,-0.167073,0.006575,-1.261304,-1.591595,-8.061187
0.090076,-0.188799,-0.023650,-1.439750,-0.895961,-6.626341
0.018702,-0.204805,-0.012374,-1.070581,-0.483713,-7.748864
0.051504,-0.198250,0.013403,-0.960393,-0.162501,-9.147649
0.050476,-0.190234,0.020729,-1.686360,0.179497,-9.724944
0.057934,-0.174028,-0.010907,-1.376416,1.870215,-9.980535
0.068736,-0.154491,0.015661,-1.008829,1.297013,-8.024093
0.065083,-0.150126,0.013248,-1.696604,1.093442,-5.281208
0.044122,-0.144454,-0.016629,-1.282718,3.426077,-2.938227
0.052639,-0.123463,0.016475,-0.543523,1.863627,-1.657455
0.082854,-0.087668,0.031226,-0.842557,-1.094395,-1.602296
0.036647,-0.056681,0.014765,-1.284668,-0.021566,-2.856711
-0.003730,-0.034581,0.010209,-0.225107,0.223048,-3.790002
0.010096,0.003013,0.014788,-0.091325,-1.521876,-2.435543
0.018975,0.047946,-0.002941,-0.028515,-1.860017,-0.213145
-0.027797,0.092722,-0.016136,-0.229076,-1.548957,0.935757
-0.058849,0.095657,0.018881,1.202589,-2.376541,2.484500
-0.055432,0.132144,-0.028652,0.706015,-2.958698,3.953283
-0.093892,0.166613,-0.009039,0.183576,-1.374226,2.128049
-0.067275,0.184555,0.021894,1.616971,-2.656130,-0.263005
-0.033695,0.191721,0.007274,1.007104,0.030382,-0.112445
-0.065331,0.200918,-0.010034,1.528069,1.996654,-1.894134
-0.073833,0.221637,0.013225,1.941988,1.038987,-1.081675
-0.051598,0.213667,0.040657,1.084198,1.193327,0.742830
-0.034706,0.243091,-0.017689,0.547388,3.345228,1.974525
-0.085348,0.251917,0.025321,1.131360,1.524252,1.445320
-0.068125,0.268481,0.017719,0.383450,-0.221345,2.584054
-0.077496,0.265628,0.011591,-0.474418,-0.615142,2.073953
-0.089681,0.233667,-0.002071,-0.103480,-0.136514,2.064779
-0.076945,0.237061,0.006368,0.326083,-1.303338,1.582795
-0.067921,0.215180,0.009277,-0.510427,-3.407316,0.390693
-0.102659,0.185077,-0.047149,-0.549855,-2.500503,-0.533380
-0.140690,0.155483,0.006335,-0.264408,-2.730526,-0.795125
-0.057713,0.135256,0.007369,-1.253807,-3.464423,-0.160631
-0.051893,0.134074,-0.021706,-2.043247,-2.199812,-0.691723
-0.106749,0.103932,-0.013773,-0.740082,-0.870316,-0.379442
-0.130091,0.109804,0.001586,-2.090825,-2.863842,0.139724
-0.136363,0.101286,-0.035246,-3.236262,0.239483,0.560877
-0.152835,0.126696,-0.012630,-1.934670,0.942171,1.385783
-0.139396,0.133484,0.001845,-2.837199,0.878571,2.908770
-0.161723,0.103991,-0.013504,-3.804462,1.404010,3.758928
-0.183404,0.111183,0.017299,-2.648964,1.361306,3.538479
-0.198986,0.115627,0.022327,-2.855279,0.168776,4.093861
-0.177062,0.093956,-0.004913,-2.738329,0.482137,3.580895
-0.193297,0.075604,-0.005622,-1.432490,0.562613,3.356858
-0.225084,0.081178,0.004665,-0.785383,-1.114329,4.168622
-0.188098,0.060000,-0.010326,-0.298296,-2.339502,4.393545
-0.247004,-0.001914,0.011732,0.239249,-2.722074,3.825555
-0.289538,-0.001257,-0.007484,2.049143,-2.889462,4.395743
-0.262882,-0.002157,0.012313,2.127830,-3.319156,4.169252
-0.223673,-0.025872,-0.005517,1.805041,-2.695831,3.655614
-0.259648,-0.063886,0.022157,3.538556,-2.437191,3.823763
-0.244779,-0.058060,-0.003203,3.505922,-2.021588,5.041338
-0.223207,-0.104158,0.000115,2.956183,-0.392481,4.240358
-0.228587,-0.123679,0.019636,3.731901,-0.143682,4.025572
-0.236386,-0.144578,0.006230,3.131186,0.084437,4.640120
-0.186772,-0.184916,0.013901,2.885676,0.536075,4.779283
-0.212841,-0.246905,0.035753,3.667845,1.394577,5.324273
-0.249309,-0.269840,0.015146,2.914916,1.106136,4.975166
-0.231879,-0.337264,0.011712,2.476422,0.296759,3.677264
-0.214784,-0.387860,0.017584,2.945525,0.241781,2.272187
-0.249532,-0.442273,0.029224,2.705339,-1.035229,1.885185
-0.229299,-0.506796,-0.006368,2.515174,-1.680034,1.086040
-0.267296,-0.614430,0.027261,2.155110,-3.225291,0.444583
-0.266926,-0.661517,0.004382,2.722132,-2.584605,-1.786163
-0.235010,-0.694811,-0.002104,2.022444,-3.096078,-4.577295
-0.215637,-0.788862,-0.014088,1.975732,-1.976317,-6.569535
-0.235339,-0.845868,0.007904,2.296124,-1.722939,-6.586255
-0.265041,-0.866853,0.000450,1.283515,-1.282229,-6.434899
-0.248265,-0.866282,-0.015686,0.665655,-0.885211,-8.685208
-0.249279,-0.899697,0.017397,0.399413,-0.655736,-10.383332
-0.245337,-0.909019,0.009933,0.287689,0.743026,-9.205425
-0.246532,-0.891274,-0.018017,-0.707120,1.301582,-7.508250
-0.259642,-0.916598,-0.019297,-0.897192,1.309959,-6.454856
-0.279780,-0.897521,0.007596,-0.361426,0.221460,-5.308744
-0.266604,-0.869289,-0.018992,-0.707133,1.486377,-6.045071
-0.240341,-0.846430,-0.026128,-0.856005,0.040020,-8.608678
-0.302402,-0.843853,0.009598,-0.072933,-0.821883,-9.868158
-0.321286,-0.772542,-0.051695,-0.425362,0.088258,-9.492175
-0.291518,-0.720427,-0.022399,-0.341437,-2.102924,-9.825247
-0.239054,-0.622781,-0.001556,-0.468060,-2.028783,-7.812564
-0.286141,-0.549779,-0.027927,-0.349052,-1.974817,-6.264682
-0.267625,-0.506806,-0.025120,0.737852,-1.208055,-3.550311
-0.238772,-0.444377,-0.002974,0.406372,-2.497473,0.116229
-0.239455,-0.346599,-0.050050,0.145080,-1.376763,-0.273260
-0.225921,-0.257767,-0.013001,2.039762,-0.924282,-1.650792
-0.176967,-0.190917,0.003483,1.318463,-2.017154,-0.438091
-0.196265,-0.128058,-0.025261,1.041182,-0.459381,1.571680
-0.202137,-0.067234,-0.024247,2.762981,0.882979,3.194025
-0.115287,0.014262,-0.022589,2.595397,0.526162,6.503672
-0.110599,0.049978,-0.034160,2.032790,1.165692,7.849505
-0.140873,0.125419,-0.013966,2.778612,0.864174,9.125059
-0.100513,0.185520,-0.008225,3.196257,0.441875,9.547969
-0.090636,0.184555,-0.040098,2.419221,-0.373890,9.003741
-0.089493,0.239887,-0.028997,2.218733,-0.637207,8.606361
-0.072589,0.277543,0.011390,3.102274,-1.467349,7.817394
-0.080135,0.317970,-0.032240,1.582150,-1.944507,8.813998
-0.104645,0.299119,-0.023092,2.038482,-1.830783,9.212729
-0.071355,0.285858,-0.018476,2.304822,-2.260399,9.854108
-0.027702,0.287420,-0.046502,1.084470,-0.975383,9.390084
-0.029110,0.250824,-0.012128,1.388385,-0.865727,6.705459
-0.035254,0.249725,-0.030270,1.106972,-1.410021,5.617370
-0.033692,0.239237,-0.034905,-0.433309,0.146932,5.278104
0.010401,0.244056,-0.032279,-0.938033,1.353740,3.921026
0.001739,0.235768,0.019150,-1.498260,-0.325982,3.941692
0.033434,0.239972,0.010783,-2.620785,0.963248,5.749207
0.010539,0.224089,-0.019307,-3.464076,0.965838,6.234249
0.004850,0.207880,-0.001043,-3.066553,0.756109,6.318812
-0.001025,0.200941,-0.027060,-3.971177,0.232708,5.672608
0.064765,0.170946,-0.008879,-3.713627,0.901594,3.080648
0.082746,0.138099,0.011610,-3.254939,-0.536259,1.149924
0.070801,0.124010,-0.016041,-3.907766,0.251182,-1.147524
0.080127,0.105649,-0.022169,-2.671262,0.062793,-4.227380
0.133473,0.049683,-0.010080,-1.605674,-0.162652,-4.406416
0.152668,0.047182,0.006230,-1.812478,-0.446825,-4.150385
0.110483,0.024244,-0.025645,-1.479297,-0.020099,-5.345873
0.123517,0.000542,-0.018769,0.337227,-1.384684,-6.915216
0.119135,-0.001188,0.015365,-0.677811,-2.075420,-6.317517
0.129045,0.030468,-0.011718,-0.423593,0.070812,-7.982453
0.135035,0.041218,0.005466,0.914821,0.846846,-8.078287
0.129183,0.043755,0.008728,0.163455,0.381862,-5.357775
0.108372,0.037758,-0.022724,-0.036754,0.865001,-3.023466
0.134201,0.060554,0.011604,0.722241,2.171871,-1.812121
0.151766,0.049621,0.013829,0.670910,1.324135,-0.356785
0.130010,0.039120,-0.008048,0.185697,2.543991,0.346349
0.116237,0.017712,-0.000394,1.766653,2.341494,-0.180821
0.159082,0.022767,-0.016583,1.285530,1.271469,-0.476059
0.142992,-0.011147,0.002902,0.442446,0.596160,-1.037586
0.100878,-0.019774,0.001084,2.286326,1.267300,-1.905161
0.079224,-0.010881,0.001779,1.079993,-0.577430,-0.035044
0.087387,-0.036928,-0.007382,0.775429,-0.414539,0.745458
0.056821,-0.071718,0.022800,1.775181,-1.268722,1.435597
0.032423,-0.079294,0.007251,1.485480,-1.198363,2.804114
0.036844,-0.106512,-0.001749,1.515580,-1.413713,2.557292
-0.005286,-0.146463,0.024737,1.384292,-2.499587,1.009710
-0.033991,-0.128494,-0.022363,0.918724,-0.551036,-1.497789
-0.028765,-0.187017,0.020992,0.947068,-0.499692,-3.519403
-0.003280,-0.191228,0.022918,-0.338148,-0.730648,-2.528201
-0.043237,-0.180282,-0.016320,-0.760913,1.568221,-3.507025
-0.020687,-0.184486,0.004573,0.396363,2.290978,-2.153948
-0.017565,-0.182934,-0.010819,-1.015669,1.360344,0.094632
-0.088115,-0.188809,0.025676,-0.967644,1.188541,0.444617
-0.077194,-0.140003,0.047825,-1.394646,1.502434,1.251316
-0.070790,-0.145156,0.024724,-2.029746,0.337379,0.999290
-0.112720,-0.179458,-0.000558,-2.314655,0.890141,-1.185055
-0.143798,-0.107992,0.023470,-1.394856,-0.997566,-2.000050
-0.119094,-0.093934,0.008748,-2.055592,-1.392857,-3.622907
-0.125121,-0.105931,0.004153,-1.807075,-0.431175,-3.527598
-0.170268,-0.094580,-0.002547,-1.535591,-1.819173,-2.817325
-0.120053,-0.040167,-0.017360,-0.985103,-1.134401,-2.131042
-0.140542,-0.052385,0.013908,-1.284547,-1.911948,-0.700441
-0.167573,-0.012614,0.007258,-0.672635,-0.958452,-0.199345
-0.186473,0.023880,0.017726,-0.722416,-1.766169,-0.304232
-0.160949,0.052066,0.036012,-0.477477,-0.813136,0.239520
-0.215546,0.037242,0.051633,0.538729,-0.773313,-0.049972
-0.220492,0.071393,0.003952,0.556287,0.440368,2.041407
-0.236189,0.062432,0.014584,1.530199,0.408680,1.436112
-0.230093,0.054380,0.057738,1.292482,-1.371285,1.307201
-0.230779,0.084874,0.023381,1.960773,0.080498,1.560822
-0.214111,0.065498,0.027799,2.462888,0.561543,2.302893
-0.231328,0.038381,0.049263,2.576099,-0.974323,3.332765
-0.252591,0.057827,0.022341,2.610670,-0.209032,4.301041
-0.240476,0.053202,0.004268,2.360555,-0.185599,4.040511
-0.214804,0.004540,0.036170,2.603163,-2.403398,5.022303
-0.289844,-0.004733,0.039143,1.544590,-3.477688,6.768908
-0.289492,0.000778,-0.025051,2.277204,-0.943199,6.530497
-0.246355,-0.049076,0.035848,1.937222,-3.087878,7.452621
-0.241772,-0.091153,0.006240,0.931230,-3.537930,8.280666
-0.284007,-0.108669,-0.002997,0.430553,-0.920947,8.011808
-0.233704,-0.138673,0.017486,1.701737,-0.955557,8.318290
-0.209670,-0.196539,0.038411,-0.600651,-0.900097,8.805943
-0.216228,-0.223265,0.001107,-0.297294,0.838791,7.136498
-0.176504,-0.231015,0.047340,0.509480,0.503359,6.496850
-0.141540,-0.270129,0.015973,-0.966012,-0.211885,6.125292
-0.225882,-0.332862,0.011909,-1.420499,0.566834,4.496696
-0.190304,-0.355938,0.024212,0.494147,0.547642,3.447409
-0.149595,-0.394782,0.057630,-0.172690,-0.526441,4.010194
-0.182784,-0.443681,-0.003525,-0.297278,-0.576088,1.911570
-0.181651,-0.489983,0.026815,1.324194,-0.934188,0.529893
-0.122124,-0.525046,0.015969,1.760483,-0.933122,0.170274
-0.129283,-0.568834,0.023335,0.941810,-1.411222,-2.192695
-0.107442,-0.589326,0.023480,2.396242,-0.704792,-6.217342
-0.118986,-0.618944,0.056439,2.665795,-2.513950,-6.777795
-0.102479,-0.633606,0.007077,2.018794,-0.495852,-6.439576
-0.107058,-0.627632,-0.005229,2.438267,0.951434,-8.070791
-0.081990,-0.642183,0.022390,3.469425,-0.273709,-8.218618
-0.079643,-0.651925,0.013173,2.276784,-0.959516,-7.425659
-0.149093,-0.656918,0.007583,1.921480,0.365752,-7.871610
-0.117611,-0.640237,0.020168,2.535266,0.263560,-9.650051
-0.053104,-0.625489,0.029194,1.573787,-0.858456,-9.214359
-0.070912,-0.620805,-0.008285,0.756834,1.330198,-9.394516
-0.104271,-0.577417,0.008229,1.478357,1.456421,-9.802997
-0.074962,-0.578386,0.016252,0.881761,-0.328664,-7.669762
-0.089454,-0.574765,-0.035112,0.121699,0.768196,-8.083527
-0.147684,-0.563657,0.023371,0.900963,-0.329547,-8.631928
-0.104465,-0.504239,-0.002721,0.510714,-1.699220,-7.079856
-0.107960,-0.472931,-0.010028,-1.289592,-1.348304,-5.957095
-0.134991,-0.421662,-0.017374,-0.103434,-0.231235,-5.235120
-0.119912,-0.366291,-0.003561,-0.358558,-2.045044,-2.709933
-0.087097,-0.342349,-0.040902,-1.675196,-0.789571,-0.534930
-0.129066,-0.300980,-0.012099,-0.180082,-0.668075,0.019939
-0.101954,-0.236769,-0.015522,-0.496433,-2.283326,1.478895
-0.087219,-0.208514,-0.032125,-0.837410,-1.215198,2.166142
-0.100174,-0.166049,-0.042885,-0.123013,1.271820,1.961199
-0.105220,-0.088872,-0.006512,0.224163,-0.487649,1.388271
-0.052159,-0.033264,-0.062172,-0.300282,0.636031,1.584282
-0.084163,-0.020611,-0.028767,0.436668,0.511748,2.710831
-0.092333,0.088563,-0.052719,0.730236,0.021073,5.987311
-0.094177,0.145822,-0.057754,0.215448,0.461438,7.933961
-0.086877,0.177793,-0.054262,0.868332,0.305047,9.728953
-0.104987,0.224854,-0.035814,0.903543,-0.454818,11.302475
-0.069960,0.272689,-0.066298,1.290745,0.157366,11.047715
-0.096859,0.251208,-0.008859,1.337494,-2.069121,9.234466
-0.086805,0.285129,-0.037259,1.433742,-1.030413,9.237919
-0.068427,0.311480,-0.047831,1.560637,-1.000176,5.917265
0.003639,0.325670,-0.009965,2.040740,-0.386655,4.304276
-0.014788,0.340205,-0.007618,1.418002,-0.992567,3.526436
-0.033600,0.347607,-0.070920,1.268983,-0.075716,2.567674
-0.028670,0.329035,-0.011564,1.085170,-0.492556,2.741247
-0.014132,0.354759,-0.044555,0.545602,-0.198292,2.273118
-0.035642,0.379335,-0.049650,-0.026231,0.477493,0.388568
-0.004288,0.367528,-0.003361,0.132698,0.295609,-0.415725
-0.016909,0.343409,-0.042018,-1.842811,-0.401170,0.872997
-0.078222,0.351349,-0.031170,-1.778039,-0.370785,-0.350326
-0.031673,0.330026,-0.013100,-1.486010,0.465495,-1.040911
0.058334,0.317277,-0.013559,-2.998108,0.077173,-0.832668
0.016743,0.278892,-0.044306,-3.108536,1.255083,-1.477320
-0.018465,0.273240,-0.018943,-2.031705,0.548548,-1.842987
0.026767,0.206331,-0.034416,-2.948697,1.115431,-1.622846
0.022832,0.182510,-0.033566,-3.103832,0.844473,-1.270456
0.028743,0.174035,0.000476,-1.651432,0.160875,-1.257671
0.069373,0.169019,-0.005724,-2.355229,-0.196526,0.003519
0.009003,0.079117,-0.022891,-2.377993,0.047930,0.025774
0.019408,0.071767,-0.008813,-0.642742,0.190864,-1.125755
0.068224,0.080420,-0.010526,-0.834643,-0.652467,-3.328185
0.065490,0.033510,-0.012381,-1.124879,-0.171695,-6.338182
0.030279,0.006069,0.016541,-0.070294,-1.284934,-6.905611
0.062503,-0.013557,-0.029673,-0.079213,0.600827,-4.375256
0.090749,-0.019944,-0.018211,0.106225,0.537788,-2.200604
0.074284,-0.033199,0.011745,0.894857,0.430669,-0.719705
0.092679,-0.005863,-0.007077,0.299266,0.770851,1.959254
0.082969,-0.026128,-0.007562,0.672932,2.348755,2.478795
0.085854,-0.037141,0.010248,0.829468,-0.013563,1.758648
0.093109,-0.030281,0.014026,0.386171,0.822582,1.636761
0.117947,-0.039104,-0.016865,0.284058,2.242706,1.689849
0.090630,-0.060161,0.018937,0.956134,0.509759,1.742325
0.088878,-0.045859,0.031650,0.347925,-2.443483,2.498540
0.093289,-0.076776,0.009375,0.366336,-0.002537,2.769446
0.095830,-0.117498,0.024622,1.278292,0.216795,2.315610
0.048047,-0.104477,0.007576,0.773857,-1.063251,1.407450
0.049285,-0.101194,-0.003010,0.761292,-0.147779,-1.480210
0.082677,-0.122166,0.011420,0.985361,-0.103686,-2.686968
0.057084,-0.166758,0.003345,1.176894,0.144109,-1.906349
0.019808,-0.148987,-0.003866,1.084940,0.731225,-1.616405
0.013743,-0.179349,0.004671,0.901271,0.413338,-1.978691
0.015354,-0.184995,-0.007339,1.387105,0.707500,-1.681134
-0.026963,-0.179454,0.008847,0.433554,0.630143,-1.469973
0.003232,-0.192095,0.004304,0.627523,1.197138,-2.735346
-0.019525,-0.263872,0.047976,1.129762,-2.256516,-4.122547
-0.057667,-0.291034,0.002288,0.531482,0.017469,-4.661350
-0.037913,-0.284227,-0.012250,0.784981,1.576716,-6.588795
-0.021189,-0.299066,0.042006,1.295922,0.317405,-7.613319
-0.043201,-0.279904,0.005443,0.702264,-0.321899,-6.592780
-0.092976,-0.302595,0.005124,0.464888,0.096202,-6.546436
-0.073091,-0.321361,0.009667,0.947107,-0.658913,-5.887311
-0.090629,-0.310752,-0.007802,-0.297045,-1.139069,-5.130696
-0.113498,-0.284469,-0.013441,0.131697,0.118496,-6.320775
-0.115487,-0.284712,0.022764,-0.045719,-1.077346,-5.816720
-0.125068,-0.289088,0.006106,-0.995088,-1.262166,-3.190867
-0.146362,-0.233477,-0.029167,-1.298766,-0.517014,-2.081719
-0.130816,-0.230385,-0.010070,-0.838805,-0.879264,-1.481899
-0.135100,-0.223268,0.006280,-1.514075,-3.397228,-0.104246
-0.176616,-0.185100,-0.017505,-2.150822,0.079018,2.276020
-0.154738,-0.119776,-0.016717,-0.968012,0.379141,3.876914
-0.171932,-0.112315,0.016839,-1.644394,-3.678261,5.410529
-0.179432,-0.081950,-0.031399,-1.864925,0.301728,6.465399
-0.210041,-0.061090,0.007727,0.238554,-0.035027,6.657556
-0.187615,-0.055618,-0.000351,0.096280,-0.597315,6.185010
-0.238221,-0.067517,-0.025658,0.212662,-0.744638,4.803194
-0.241339,-0.029414,-0.019950,1.780886,-0.102931,4.619833
-0.221539,-0.012785,0.010852,1.779021,-2.253742,5.301885
-0.228938,-0.007202,-0.028931,1.639373,-1.491067,5.445971
-0.281201,-0.003069,0.000240,3.971739,-1.126832,5.758448
-0.225964,-0.023243,-0.003246,3.742175,-1.886759,8.955187
-0.228019,-0.025889,-0.015233,2.566774,-1.834253,10.531940
-0.275489,-0.020725,-0.001277,4.317590,0.270348,9.208026
-0.218188,-0.033730,-0.000558,4.738704,-0.917740,8.483583
-0.209122,-0.084592,0.023654,2.786625,-0.690976,7.219365
-0.252417,-0.107392,0.016413,4.730419,0.489769,4.035674
-0.233438,-0.118050,0.018848,3.899368,0.129807,2.466311
-0.164294,-0.149213,0.021605,2.228203,-0.125228,1.620241
-0.170786,-0.210122,0.037118,2.752524,0.987715,1.861172
-0.152490,-0.187404,0.034886,2.726034,0.547028,2.317044
-0.149900,-0.243334,0.036859,1.357563,0.192712,2.241250
-0.168994,-0.348461,0.011161,0.666052,-0.494361,0.347382
-0.139272,-0.362621,0.012106,1.670983,-0.444754,-1.911129
-0.110737,-0.377796,0.036186,0.320254,-1.590939,-3.589903
-0.120690,-0.440546,0.003368,-0.474080,-1.537993,-5.536270
-0.176448,-0.517601,0.033123,0.163681,-1.353976,-6.185298
-0.124222,-0.520336,0.010202,-0.741044,-2.284429,-6.232787
-0.070590,-0.565837,0.013580,-1.446880,-1.752553,-8.733600
-0.052028,-0.597181,0.039170,-0.448575,-0.116786,-9.726626
-0.073186,-0.591765,0.000552,-1.158534,0.318961,-9.294090
-0.080979,-0.598802,-0.022724,-2.021250,2.237192,-8.560235
-0.060336,-0.561314,0.006335,-1.525717,0.628593,-10.353202
-0.016768,-0.542131,0.009483,-1.526804,0.439213,-10.359953
-0.037339,-0.523024,-0.034337,-2.218295,1.599637,-9.656583
-0.090429,-0.506090,0.018592,-1.469778,0.871369,-8.053717
-0.057181,-0.435475,0.006585,-1.807055,-0.122648,-6.333951
-0.037523,-0.406163,-0.002015,-2.076862,0.766968,-6.499954
-0.014900,-0.378219,0.008590,-0.666716,0.339883,-6.526450
-0.047232,-0.345129,0.008863,-0.049976,-0.682019,-4.804444
-0.090104,-0.293893,-0.007425,0.107384,-0.926009,-3.442791
-0.057342,-0.261663,-0.005974,1.307407,-0.742173,-2.607068
-0.015205,-0.204089,0.009513,1.596269,-1.846040,-0.852627
-0.071870,-0.137314,-0.008839,1.454572,-1.605234,-0.004401
-0.117240,-0.073645,-0.022780,2.683816,-0.797180,0.318875
-0.093084,-0.046985,0.006122,2.718944,-1.251269,1.557547
-0.034293,0.012345,-0.013586,2.022503,-0.295246,3.319770
-0.027209,0.094055,-0.023797,2.806598,1.841211,3.045656
-0.039522,0.109745,-0.000193,3.001168,0.341977,2.293852
-0.033833,0.163295,-0.016133,2.042746,0.718266,2.533473
-0.059121,0.200918,-0.027861,1.861765,1.718858,2.688489
0.012807,0.275308,-0.026266,2.846253,1.166073,3.561418
-0.006769,0.276486,0.028748,0.858691,-2.399019,5.476009
-0.073613,0.271727,-0.036875,0.467996,0.147979,6.778437
-0.078645,0.272528,-0.020695,2.165899,-0.072283,6.702294
-0.004081,0.303947,-0.012854,0.542373,-1.218409,6.161365
0.008599,0.271760,-0.048311,-0.347775,-0.659294,5.198899
-0.010298,0.278118,-0.025504,0.882302,-0.620722,4.658586
-0.013256,0.252446,-0.022675,0.205601,-1.795231,4.587101
0.000298,0.259812,-0.037692,-1.466151,-0.759652,2.954170
0.022369,0.238174,-0.020794,0.117793,-0.596291,1.933910
0.016703,0.232203,0.001218,-1.248384,-1.850898,2.610499
-0.026914,0.185018,-0.036681,-2.278289,-0.227424,2.103454
-0.051447,0.193070,-0.020774,-1.508780,0.384977,-0.408679
-0.022699,0.197547,-0.002274,-2.104569,-0.786042,-1.593524
-0.005706,0.189308,-0.021546,-3.252159,1.054608,-3.528315
-0.054345,0.137521,0.017982,-1.885322,0.623627,-4.022720
-0.067685,0.151035,-0.025110,-2.203088,0.131412,-2.034402
-0.062660,0.110694,-0.018001,-2.696993,0.568633,-2.467592
-0.036042,0.110605,0.013537,-2.027839,0.178131,-3.395146
-0.035396,0.112529,-0.005563,-2.011637,0.546293,-3.948569
-0.045414,0.106472,-0.021749,-2.117469,0.913056,-4.837995
-0.084931,0.084707,0.022390,-1.878937,-0.821069,-4.927107
-0.037634,0.121929,0.011486,-2.356381,-0.470242,-2.433267
-0.025269,0.140282,-0.011400,-1.861642,-0.763325,-1.289632
-0.052809,0.114964,0.001422,-0.279126,-0.616931,0.917785
-0.081721,0.105914,-0.011642,-0.873143,-1.512679,3.190122
-0.097181,0.090044,-0.002918,-0.525362,-1.421325,2.610420
-0.074191,0.089430,-0.002573,0.894447,-0.823928,0.029642
-0.069510,0.087805,0.026440,0.751178,-0.699800,-1.648603
-0.084524,0.075621,-0.005544,0.178751,-0.897655,-2.916048
-0.117470,0.056770,0.012611,0.796735,-0.732988,-3.143922
-0.068535,0.070960,0.031413,1.471907,0.399686,-0.773341
-0.079912,0.070001,0.006411,0.814273,0.690388,1.089341
-0.087980,0.065458,0.014673,1.567150,1.384201,3.956752
-0.103710,0.057699,0.015520,1.512750,0.217839,7.013537
-0.101898,0.015647,0.003867,1.304122,0.351572,6.651432
-0.115937,-0.027684,0.015946,2.285338,0.907876,4.021663
-0.116160,-0.060026,0.024343,1.944338,-0.819993,3.751729
-0.100302,-0.081776,-0.010480,1.860436,-0.029460,2.341800
-0.115933,-0.138398,0.024212,2.575197,-0.109187,1.839407
-0.077335,-0.172683,0.016196,2.963125,-1.121018,3.801880
-0.069507,-0.259690,0.011922,2.301871,-0.618185,4.419646
-0.058491,-0.329688,0.013938,3.184808,-0.171278,2.492346
-0.075579,-0.373968,0.037758,3.353784,-0.649053,0.243557
-0.061967,-0.408684,0.000161,2.220982,-1.074093,-2.558953
-0.081251,-0.477894,0.030406,2.203346,0.350817,-5.503304
-0.049096,-0.468657,0.033399,2.175990,0.224716,-5.726880
-0.054444,-0.480884,0.038690,0.622297,-0.752991,-6.112875
-0.044294,-0.523763,0.030898,0.320618,0.843203,-5.382608
-0.057565,-0.537700,0.052874,-0.065554,0.331247,-3.634308
-0.055281,-0.536584,0.028154,-1.135018,0.338390,-2.346299
-0.032445,-0.566116,0.031407,-1.091707,0.847657,-4.455118
-0.023552,-0.622055,0.029217,-0.521849,0.654502,-6.779973
-0.079285,-0.601507,0.033064,-1.747895,-1.376835,-8.315047
-0.100135,-0.598914,0.007809,-1.556664,-0.399463,-10.531882
-0.088331,-0.595225,0.038425,-0.342313,1.741064,-11.900511
-0.139948,-0.577529,0.027878,-1.791713,-0.957628,-9.531920
-0.132139,-0.527114,-0.008626,-1.200927,-0.985299,-7.199938
-0.145836,-0.507613,0.045718,-0.786364,-1.209060,-5.311745
-0.148774,-0.472983,0.007826,-1.204606,-0.510787,-3.502852
-0.182022,-0.433752,0.009365,-0.690258,0.263366,-4.033450
-0.162567,-0.382411,0.016682,0.383398,-0.815016,-3.709115
-0.188748,-0.355012,0.041845,-0.084779,-1.372230,-3.370742
-0.207198,-0.281578,-0.005708,0.324071,1.464824,-3.669094
-0.211160,-0.243436,0.018677,1.706641,0.317838,-1.686544
-0.180857,-0.195699,0.029270,1.260373,-0.248743,1.927402
-0.229532,-0.176362,0.009047,1.629845,0.688252,2.821370
-0.231127,-0.124700,-0.002370,3.960428,1.033177,4.071650
-0.205636,-0.132732,0.040003,2.662125,-1.436615,6.092038
-0.184960,-0.116445,0.012418,3.124227,0.004494,6.740425
-0.205189,-0.060154,0.047366,4.455068,-3.483074,6.815221
-0.201963,-0.049969,0.020253,3.949491,-0.853240,6.948321
-0.237594,-0.057006,0.012638,3.752778,-1.022575,7.450901
-0.217252,-0.045702,0.038697,4.568877,-1.995283,9.218840
-0.165377,-0.020059,0.000470,3.995438,-1.415647,9.910683
-0.206785,-0.084598,0.037213,4.055464,-1.768722,9.563726
-0.214643,-0.085173,0.011427,3.477617,-3.367408,10.498145
-0.197893,-0.086643,0.003972,2.563866,-0.379601,8.446088
-0.122502,-0.091505,0.000079,3.021684,-0.368818,6.463953
-0.091742,-0.130270,0.023946,1.906449,-0.367755,7.172862
-0.094670,-0.154580,-0.012765,0.606226,0.449257,7.265571
-0.115766,-0.189902,-0.003371,0.848014,-0.490751,7.088120
-0.106231,-0.185560,0.008111,-0.127825,0.047198,4.747087
-0.089989,-0.190927,-0.024421,-1.042592,0.422588,2.530900
-0.062699,-0.213500,-0.011344,-1.289884,0.472645,1.815066
-0.074811,-0.279979,0.009523,-1.688874,-1.914551,3.005952
-0.083175,-0.290624,-0.035230,-1.588491,-0.347417,2.083468
-0.095192,-0.337504,-0.019061,-1.205118,-0.586975,-0.743217
-0.066185,-0.355469,-0.006036,-0.802957,-0.839566,-1.476480
-0.082157,-0.375564,-0.005160,-1.263654,-1.239928,-3.972464
-0.081560,-0.400198,-0.038414,-0.158913,-0.364909,-7.235760
-0.102039,-0.450046,0.008929,-0.024196,-1.489154,-8.419739
-0.090298,-0.446343,-0.033103,-0.120200,0.185737,-9.375283
-0.105177,-0.432698,-0.005833,0.356255,-0.182487,-11.094828
-0.070262,-0.409865,-0.001516,0.646981,0.614469,-11.137933
-0.086697,-0.420172,0.002971,-0.005230,0.032417,-9.462225
-0.104465,-0.391040,0.007182,0.823202,0.959739,-7.725822
-0.104908,-0.356059,0.030619,0.611780,0.926770,-7.318137
-0.058550,-0.306337,-0.033287,0.045336,1.878254,-7.738220
-0.062633,-0.309006,0.017529,0.738124,0.784489,-8.476522
-0.047944,-0.258095,-0.003797,1.246748,0.617577,-6.941352
-0.052251,-0.229728,-0.009689,0.119592,1.377853,-5.672686
-0.051194,-0.217357,-0.003026,0.656835,-0.124867,-5.250276
-0.037299,-0.198735,0.021668,1.023188,-0.806906,-3.980589
-0.008824,-0.154354,-0.027835,0.279148,0.852777,-2.084833
-0.066539,-0.137058,-0.001752,1.194235,-1.950481,-1.037010
-0.080119,-0.110077,-0.036458,0.862138,-1.808617,0.738188
-0.078241,-0.081700,-0.039497,0.936850,-0.925667,1.687988
-0.060549,-0.062908,-0.012053,1.377153,-1.486055,2.375899
-0.091525,-0.013530,-0.010402,0.950967,-1.484683,2.602708
-0.143250,0.001208,-0.031895,0.546161,-0.228254,3.033195
-0.121074,0.010175,-0.024539,0.867905,-0.374267,4.367320
-0.087002,0.059924,-0.025924,0.176049,0.222175,6.139138
-0.091972,0.104578,-0.038972,0.001919,1.745029,5.526076
-0.117916,0.081572,-0.020167,0.601503,1.414993,5.511101
-0.144238,0.090201,-0.036793,-0.155411,1.870642,5.611156
-0.150442,0.125891,-0.003827,0.091054,1.153783,4.872974
-0.099190,0.177823,-0.031508,0.074566,1.381883,4.132164
-0.104937,0.155407,-0.012683,-0.527778,0.899122,4.205133
-0.119810,0.141916,-0.018900,0.012909,-0.284515,5.207626
-0.138005,0.154449,-0.012279,-0.152565,-0.816205,4.494306
-0.093147,0.176313,-0.040771,-0.235729,0.321396,3.002733
-0.066418,0.161095,-0.003095,0.241435,-2.545909,1.440644
-0.046303,0.154734,-0.005636,-0.599755,-2.040672,2.400026
-0.098084,0.158476,-0.003262,0.012797,-1.738117,1.484855
-0.091680,0.152390,-0.006932,0.358435,-1.638754,-0.151326
-0.061694,0.165491,-0.017800,-0.952525,-1.690472,-1.455268
-0.051916,0.153388,-0.009886,-0.429071,-0.510587,-2.870492
-0.069385,0.181673,0.007300,-0.519417,-1.480219,-2.454325
-0.065876,0.172305,-0.016678,-1.471722,0.993696,-2.714478
-0.082538,0.154531,0.013261,-1.382429,0.383215,-4.322781
-0.056938,0.201259,0.005013,-1.758935,0.713992,-4.704549
-0.073492,0.225924,0.002360,-2.061303,1.456263,-5.869612
-0.077197,0.191914,0.031390,-2.085613,1.092615,-4.991152
-0.103565,0.184407,0.017666,-2.263593,0.377677,-2.390354
-0.096268,0.193063,0.006024,-2.269521,1.411714,-0.909708
-0.115362,0.182149,0.029943,-1.556773,-0.040013,-1.469361
-0.119620,0.159110,0.030580,-1.170289,-0.361229,-0.858975
-0.128843,0.148386,0.018835,-1.128690,-1.136984,-0.273483
-0.156675,0.093267,0.066420,-0.141592,-2.031432,0.038490
-0.143690,0.094219,0.037210,-0.209276,-1.630095,0.873234
-0.149270,0.078509,0.020883,0.060025,-0.842428,0.181152
-0.143453,0.039271,0.054108,1.150651,-1.588231,0.501223
-0.150675,0.043194,0.040273,0.591320,-1.248512,1.951746
-0.171709,0.037945,0.049841,1.001819,-0.667300,2.650377
-0.165095,0.029568,0.073776,1.280711,-0.515517,3.254953
-0.144711,0.018910,0.066706,0.511800,-0.036957,4.686228
-0.146716,0.023807,0.065534,0.577190,1.514678,4.449334
-0.157657,0.008583,0.079127,1.046601,1.152182,4.837144
-0.147812,-0.010038,0.054653,0.124489,0.807365,5.704198
-0.150248,-0.056783,0.099209,0.539685,0.560598,6.444113
-0.084294,-0.043745,0.109680,0.566496,0.874760,7.260620
-0.084727,-0.064211,0.064835,0.524477,0.562167,6.785002
-0.083500,-0.135575,0.049503,1.103374,0.262359,6.273713
-0.087672,-0.170730,0.061517,1.762350,-0.896112,6.384601
-0.072008,-0.215141,0.047386,1.689227,-1.608815,5.773793
-0.048988,-0.249357,0.021074,1.854245,-1.569262,3.153901
-0.060916,-0.307135,0.061631,2.662766,-1.818861,1.457298
-0.038163,-0.325914,0.019340,2.485268,-1.485701,0.814675
-0.057119,-0.366872,0.030622,2.403555,-0.760548,-1.680041
-0.030695,-0.371510,0.036238,2.668963,-0.772781,-2.665872
-0.020503,-0.406176,0.040499,1.421305,-0.053822,-3.582676
0.001489,-0.429389,0.016741,2.365931,0.034101,-4.255923
-0.018629,-0.451549,0.056599,1.495590,0.808533,-4.367448
-0.014831,-0.470745,0.006591,1.242041,2.116726,-5.852446
-0.054535,-0.518622,0.053215,0.949205,0.630734,-7.628935
-0.025279,-0.514841,0.028899,0.303428,0.891149,-8.238799
-0.020096,-0.527212,0.009372,0.702510,2.567727,-10.622440
-0.048594,-0.570902,0.042797,0.420690,-1.416983,-11.067099
-0.069710,-0.575441,-0.007763,-0.148915,0.117954,-10.958198
-0.116715,-0.574450,0.022859,-0.141884,-0.328667,-10.834865
-0.105105,-0.544478,0.012707,0.129426,-1.135967,-9.914511
-0.111528,-0.512297,0.009017,-1.208378,-1.427893,-7.979041
-0.122042,-0.517066,0.007776,-0.127861,-1.964799,-5.462589
-0.142561,-0.487610,0.006424,-0.289571,-1.846004,-2.753832
-0.162170,-0.454050,0.009825,-1.091969,-1.411842,-2.045233
-0.135333,-0.422916,-0.038585,-0.527689,0.649867,-3.446844
-0.146739,-0.409146,0.004038,-0.184168,-0.917671,-2.928459
-0.139488,-0.363763,0.020873,-1.242748,-0.905126,-1.866655
-0.175520,-0.333788,-0.004336,-0.164366,0.068160,-2.123603
-0.160430,-0.295078,-0.000069,0.564638,0.776756,-0.216568
-0.158792,-0.229502,-0.003187,0.297756,0.163314,0.548811
-0.148164,-0.190293,-0.013635,0.817934,1.013344,1.971561
-0.150842,-0.139297,0.002859,1.460037,0.322490,4.151061
-0.156045,-0.116130,-0.014472,0.943008,-0.021480,6.155571
-0.159537,-0.069962,-0.000669,1.235926,0.078217,7.459923
-0.136852,0.002202,-0.002678,1.929022,-0.798621,9.030517
-0.122285,0.074902,-0.012765,1.434362,-0.447653,8.862052
-0.166135,0.057892,0.019935,2.399248,-1.833554,9.893495
-0.147080,0.073382,-0.009903,2.169261,-1.306788,13.583450
-0.142301,0.089167,-0.018181,2.476201,-1.094185,14.638031
-0.107770,0.080961,0.010068,3.510186,-1.386148,14.196731
-0.073465,0.099655,-0.015030,2.915802,-0.953023,12.835379
-0.077696,0.071941,0.024034,3.469950,-0.580828,9.809935
-0.063956,0.065993,0.027691,3.627126,-0.915062,7.440169
-0.059252,0.066942,0.007025,2.651484,0.476945,4.891207
-0.041419,0.030251,0.012395,3.473255,1.209529,3.061192
-0.039577,0.034341,0.023723,2.363466,-0.725557,3.183677
-0.045391,0.031954,0.015474,1.296867,0.466625,2.756552
-0.036830,-0.002574,0.033819,1.526694,1.028145,1.733640
-0.047032,-0.036937,0.046539,0.967603,-0.074075,1.739335
-0.027721,-0.076021,0.005889,0.257178,1.429787,0.468690
-0.020464,-0.116957,0.032408,0.616645,-0.609940,-2.753463
-0.017838,-0.158243,0.046207,-0.868862,-2.750447,-4.049753
0.023002,-0.218985,0.004176,-0.901696,0.749118,-5.626741
0.042533,-0.262441,0.000312,-0.096094,3.461288,-6.235912
0.029787,-0.278916,0.017729,-1.641279,-0.552973,-7.685361
0.049278,-0.297038,0.005751,-1.548300,1.329525,-9.745531
0.045290,-0.311077,0.036107,-1.591107,-0.665380,-9.641835
0.029062,-0.332196,0.022780,-2.586884,0.019511,-8.274197
0.018338,-0.318955,0.028367,-2.283468,0.392133,-8.083173
0.021673,-0.301709,0.016147,-2.406930,-0.231405,-6.569719
0.020898,-0.303829,-0.000361,-3.162269,0.492369,-6.727850
0.006337,-0.294691,0.034571,-1.758734,0.585282,-8.109082
-0.025095,-0.258282,0.026838,-2.597023,-0.221758,-8.871560
-0.027170,-0.234314,0.022780,-2.550514,0.186462,-9.258793
-0.026067,-0.210007,0.037039,-1.675278,0.561024,-7.323136
-0.025476,-0.160269,0.000791,-1.735488,0.494959,-4.950166
-0.020680,-0.132939,-0.001139,-0.596305,0.847237,-3.224647
-0.058317,-0.124539,0.028521,-0.366190,-0.625029,0.476782
-0.056393,-0.085767,-0.006535,-0.124651,0.596511,3.624877
-0.046713,-0.052555,0.018835,1.487242,0.032194,3.583918
-0.018458,0.013432,0.018654,1.130609,0.191057,3.636063
-0.039774,0.046650,-0.011807,1.648856,1.315634,1.615668
-0.058205,0.048954,0.007123,2.807294,-0.615428,2.654721
-0.050597,0.110651,-0.008252,2.470661,0.426185,3.980369
-0.050613,0.119090,0.002872,3.102802,-0.439043,4.568605
-0.046628,0.149732,-0.008951,3.588009,-1.206490,4.934052
-0.074470,0.165143,-0.000466,2.555666,-0.498091,6.081944
-0.062407,0.190463,-0.007461,2.700057,-0.370647,6.678993
-0.034447,0.226278,-0.031386,2.833354,3.220951,6.309961
-0.058386,0.204046,-0.016067,1.564786,-0.319490,4.418840
-0.052083,0.195571,0.005114,2.260611,-0.051518,3.908158
-0.068880,0.219401,-0.007605,0.525304,-0.614463,3.788230
-0.060779,0.202819,-0.007201,0.721029,0.037511,2.220626
-0.047695,0.201496,-0.008179,-0.284391,0.421796,2.140204
-0.049083,0.179973,-0.026358,-0.678182,1.496132,3.218656
-0.056896,0.184063,-0.019717,-0.871337,-0.167254,3.281222
-0.046861,0.190447,-0.008268,-1.955297,0.288175,1.943422
-0.032330,0.141910,-0.023026,-1.903457,0.613491,0.243598
-0.032011,0.134829,-0.008071,-1.982771,-0.004999,0.187672
-0.049983,0.106436,-0.028087,-2.806249,1.148886,-1.224102
-0.075277,0.077078,-0.023886,-2.273070,-1.133039,-4.238405
-0.060014,0.053924,0.029227,-2.410531,-1.632875,-4.800640
-0.056876,0.038890,-0.022304,-3.125420,-0.910962,-4.904267
-0.072684,0.042294,-0.008029,-1.515099,-0.408148,-4.404657
-0.071621,0.018900,-0.021106,-2.067914,-0.883038,-2.558724
-0.090413,0.004556,-0.003788,-2.325782,-0.824815,-2.886384
-0.087800,-0.009027,0.016856,-1.174428,-0.257501,-2.926315
-0.067498,0.021392,-0.042008,-1.720609,0.308470,-4.236087
-0.098983,-0.007254,0.012789,-1.191903,0.365040,-5.870322
-0.102305,0.004129,0.015641,-1.318583,-1.399652,-5.634662
-0.087485,0.045646,-0.004687,-1.601102,0.702100,-5.248044
-0.048030,0.085363,0.023480,-0.716679,1.614897,-3.801108
-0.053905,0.094954,0.014404,-0.994504,0.817304,-0.327192
-0.081977,0.072496,0.001425,-1.018374,0.879116,2.477728
-0.093521,0.085790,0.022367,0.352582,0.031784,3.815568
-0.064140,0.113887,0.024737,-0.045338,-1.373461,4.473218
-0.033216,0.119848,-0.003774,-0.000195,-0.279831,3.372734
-0.026704,0.109778,0.023417,1.385647,-0.092542,4.361464
-0.037920,0.084733,0.026253,1.103099,-1.104954,7.305428
-0.016439,0.102442,-0.003105,1.267903,0.078952,7.833064
0.005763,0.076372,0.029532,1.638822,-0.999677,7.535085
0.028658,0.067520,0.018828,1.783709,-0.383353,8.313614
0.024447,0.068367,0.000732,1.689112,1.086989,7.446775
0.012492,0.045718,0.020092,2.510230,0.050533,7.088089
0.039165,0.033235,0.018264,1.987197,0.687667,6.345418
0.042710,0.002662,0.025836,1.953493,1.369968,6.122955
0.061128,-0.016458,0.042436,2.575873,0.709886,5.949016
0.044322,-0.075677,0.030983,1.848094,0.456731,5.098891
0.049698,-0.182510,0.047107,3.270118,1.487483,4.023479
0.081620,-0.208799,0.036176,2.542615,0.909239,3.020653
0.082851,-0.265083,0.035828,2.444861,0.768356,-0.520147
0.078646,-0.301965,0.045639,3.429310,1.123946,-2.941914
0.063215,-0.374661,0.045495,2.215776,0.421337,-2.700329
0.093516,-0.409222,0.016590,2.361920,1.800519,-1.805010
0.101856,-0.462089,0.057981,2.197073,0.196060,-1.335151
0.117494,-0.482263,0.031975,0.616244,-0.166633,-1.948983
0.084154,-0.541711,0.026046,0.389530,0.853207,-4.308840
0.104220,-0.541544,0.044461,-0.056915,-0.073379,-5.688488
0.126603,-0.538829,0.042265,-0.957694,-0.760157,-7.849948
0.134418,-0.575625,0.024258,-0.898016,0.850152,-10.608486
0.132800,-0.589681,0.020676,-0.931763,1.099886,-10.175244
0.089915,-0.604409,0.049027,-1.851496,-0.192761,-9.397736
0.105093,-0.608292,0.032126,-1.812710,1.115202,-9.760547
0.129777,-0.596373,0.037824,-1.248269,1.282682,-9.339945
0.119076,-0.600838,0.010205,-2.020121,1.291183,-9.106518
0.080025,-0.560746,0.019777,-1.101751,0.856598,-10.059375
0.065031,-0.551506,0.027251,-0.613606,0.545820,-9.336224
0.048796,-0.501147,-0.016914,-1.436179,0.519896,-8.201223
0.027109,-0.493732,0.027747,0.174123,0.207650,-5.758721
0.021361,-0.426793,0.033442,-0.136090,-0.803817,-3.020042
-0.033859,-0.395826,0.015618,-0.077158,0.015638,-1.371721
-0.041898,-0.358725,0.005479,1.317672,0.232232,-0.828221
-0.060854,-0.309334,0.018602,1.529107,-0.855108,0.353226
-0.049041,-0.249498,0.012326,1.209423,-0.164417,0.068028
-0.081235,-0.180380,0.034282,1.926938,-0.778053,-0.843550
-0.077654,-0.142937,0.020017,2.224681,0.011498,0.275210
-0.087560,-0.081588,0.004990,1.857590,0.412888,2.169085
-0.079216,-0.035890,0.003723,2.543317,0.814038,4.759451
-0.051319,0.033711,0.005748,2.855957,0.777948,7.442119
-0.095490,0.050855,-0.016806,2.028575,1.029228,10.036929
-0.111883,0.076645,-0.024907,2.632511,0.432402,10.830629
-0.109664,0.103085,0.022997,2.914056,0.327098,11.127955
-0.071794,0.159983,-0.018785,2.366890,-0.748376,10.890166
-0.080076,0.126902,-0.000364,2.614179,-0.274005,9.750601
-0.074027,0.113057,0.002856,2.780178,0.406769,10.856380
-0.056039,0.126397,-0.020817,1.929472,-0.320701,11.244348
-0.020887,0.127427,-0.022071,1.878926,0.287807,8.998159
-0.000785,0.097600,0.022186,1.879313,-1.451517,8.668025
0.016674,0.107913,-0.032420,0.890416,-0.026837,8.442545
-0.010551,0.079199,0.007156,1.218394,0.253709,6.235600
0.017419,0.091042,-0.018815,0.457102,-0.183843,4.677712
0.019776,0.052174,0.000299,-0.347851,-0.522604,2.636403
0.037678,0.016002,0.015349,-0.468014,-0.590655,2.409541
0.053447,0.002931,0.003401,-0.349439,-0.096724,3.088183
0.069649,-0.041208,-0.017541,-0.621790,0.579278,-0.299376
0.077494,-0.092073,0.007747,-0.495633,0.216221,-2.552645
0.066012,-0.136615,0.008922,-0.796127,-0.847992,-3.960620
0.061105,-0.116888,-0.015575,-1.416649,0.282001,-6.663092
0.055951,-0.150749,0.007517,-0.955154,0.360234,-8.272748
0.065963,-0.147644,-0.002248,-1.344225,-1.779955,-6.079888
0.026190,-0.169879,0.000706,-1.929083,-0.632467,-4.476771
0.011937,-0.178325,-0.013362,-1.355687,0.396889,-3.341990
0.018899,-0.206045,0.014115,-1.148043,-0.362562,-2.885861
0.062815,-0.204598,0.001559,-1.674527,-0.562351,-4.256286
0.037248,-0.215755,0.029122,-1.191276,0.642143,-7.172973
0.045100,-0.171225,0.022334,-0.634647,1.079610,-8.530475
0.043071,-0.166801,0.001875,-1.235625,0.921344,-9.569965
0.074054,-0.157311,0.026673,-0.809250,1.242416,-9.453730
0.082362,-0.139927,0.037420,-0.254212,0.942286,-6.170972
0.060182,-0.124119,-0.017065,-1.236584,1.082509,-2.943386
0.025661,-0.154324,0.027133,0.711313,0.546191,-2.557963
0.036884,-0.134025,0.042925,0.495913,-0.945408,-1.995773
0.068723,-0.075089,-0.009916,0.466722,0.286018,-2.847454
0.052347,-0.063683,0.030872,0.695748,-0.334054,-4.489606
0.062329,-0.041910,0.024688,0.680636,-0.105196,-3.135482
0.064374,-0.026210,0.026004,0.810013,0.248720,-0.382208
0.098124,0.014072,0.040204,1.379795,-0.522308,3.311038
0.124430,0.058834,0.038461,1.175384,0.631708,6.440190
0.114261,0.040709,0.019557,0.959170,1.665634,7.344847
0.093322,0.022609,0.043841,1.755014,-0.043574,8.555223
0.111064,0.047018,0.029828,1.026145,0.230230,7.800804
0.090043,0.024090,0.031778,2.019450,0.302660,4.768237
0.096742,0.030251,0.043709,1.880472,0.190053,3.575799
0.066770,0.013212,0.031761,1.050284,-0.243426,1.844700
0.060639,0.026604,0.056711,2.546810,-0.249790,0.672537
0.047532,0.016563,0.039636,1.470200,-0.202720,0.828722
0.068848,0.003873,0.031558,0.823675,0.696911,1.383494
0.060435,-0.021569,0.065213,1.754265,0.652923,2.163149
0.073509,0.005127,0.055339,0.733079,0.478563,2.143490
0.039503,-0.014124,0.045035,-0.055028,0.019215,-0.878458
0.034547,-0.024733,0.059327,-0.353956,0.119179,-1.477562
0.013979,-0.029132,0.033028,-0.862708,0.494483,-2.124817
0.027529,-0.015044,0.039399,-1.353872,0.704877,-3.175595
0.001545,-0.020046,0.043732,-1.226720,-0.461846,-3.624120
-0.000398,-0.042544,0.018897,-1.902991,0.656399,-2.727230
-0.024928,-0.038684,0.019363,-1.999816,0.263744,-2.488830
-0.016568,-0.030668,0.022784,-1.719854,0.281354,-2.324823
-0.000277,-0.010750,0.031289,-2.509402,-1.038120,-3.535655
-0.031946,-0.027408,0.010461,-2.162560,0.267752,-4.310666
-0.048772,0.005921,0.016307,-1.981789,0.042268,-3.554629
-0.066854,0.049388,0.008929,-3.627962,-0.753313,-3.691058
-0.063516,0.060400,0.029349,-2.683210,-0.045984,-4.032350
-0.057624,0.062077,0.040696,-1.539212,-0.337484,-2.994475
-0.068663,0.072512,0.013777,-1.796423,-0.392376,-1.489592
-0.092435,0.088380,0.031587,-1.035892,-0.363757,-1.942218
-0.093629,0.090474,0.039514,-0.091026,-0.501419,-1.464416
-0.151732,0.107135,0.073455,-1.882381,-13.024670,-0.002602
-0.108725,0.104017,0.003135,0.507727,0.034157,2.114932
-0.121724,0.129243,0.041467,1.447173,-1.694546,4.352433
-0.117890,0.122277,0.024589,1.328123,0.634548,5.497905
-0.111354,0.102609,0.014029,2.071825,0.053783,5.411181
-0.094069,0.086991,0.047107,2.597822,0.021099,6.837877
-0.075205,0.072893,-0.001030,2.587785,1.046405,5.902569
-0.050971,0.071823,0.008610,3.564188,0.316351,5.120240
-0.040946,0.065747,0.035891,2.204599,0.418957,5.376240
-0.030879,0.070054,0.006283,1.917823,0.870502,5.981286
-0.026218,0.065468,0.032352,2.538092,0.113241,6.479485
0.006974,0.036688,0.013373,1.367657,0.092023,7.280204
0.012646,0.004556,0.013796,1.282412,-0.064037,7.974480
0.021259,-0.032270,0.024651,1.442549,0.273440,9.040961
0.039634,-0.036803,-0.004986,0.635154,-0.111606,7.526415
0.051835,-0.108298,0.055503,0.687923,-1.380085,4.883205
0.108365,-0.145146,0.007629,0.346920,0.542820,4.798631
0.099916,-0.186823,0.021845,0.406789,0.780130,3.463181
0.115767,-0.223731,0.025209,0.272711,0.245109,2.799102
0.140071,-0.254580,0.004747,-0.997084,1.024272,1.768341
0.154674,-0.309078,0.012267,0.060140,1.845360,0.557378
0.157257,-0.323370,0.026519,0.096697,0.912048,-0.056329
0.139079,-0.354435,0.035365,-0.351294,0.395265,-1.741550
0.129846,-0.403369,0.015966,-0.159294,0.842956,-4.052052
0.117077,-0.432665,0.040906,0.387337,0.222592,-5.239576
0.127535,-0.426862,0.010461,-0.147448,0.822566,-4.908532
0.107312,-0.453164,0.022505,0.957808,0.922542,-6.954260
0.061837,-0.532550,0.043401,1.388126,-0.776960,-7.418272
0.072531,-0.546697,0.004954,0.594045,0.883117,-8.219821
0.076838,-0.555094,0.041018,1.621557,-0.315423,-10.569085
0.117445,-0.567993,0.021661,1.931721,1.124294,-11.650970
0.105349,-0.573991,0.019160,1.465533,0.966632,-12.864258
0.093509,-0.580989,0.030383,2.460512,2.411141,-12.446200
0.088569,-0.528479,0.001550,2.048503,1.620701,-10.075357
0.085864,-0.519709,0.021704,0.784574,1.019315,-9.690344
0.112006,-0.503280,0.044353,1.263663,0.648968,-7.063069
0.094540,-0.448181,0.020545,0.480824,0.821745,-4.517318
0.046176,-0.426497,0.014594,0.488361,0.355225,-4.953424
0.059605,-0.395432,0.021546,0.576780,-0.204880,-5.631343
0.101009,-0.367942,0.033911,-0.083988,-0.365526,-4.690796
0.099020,-0.347118,0.001638,-0.186141,1.160473,-3.948959
0.067410,-0.307089,0.002416,0.899171,-0.087477,-2.406574
0.039808,-0.263104,0.019672,-0.267168,-0.359230,0.065180
0.048747,-0.230437,-0.008029,-0.897938,0.447580,1.109633
0.087647,-0.167802,0.018776,0.451824,0.251628,1.932471
0.062644,-0.107280,-0.005091,-0.911485,-0.749696,3.085443
0.005369,-0.080522,-0.017948,-0.407059,0.022488,3.787795
-0.067074,-0.065114,0.011781,0.099710,-1.149943,4.646227
-0.044764,0.037879,-0.032982,-0.412416,0.197616,6.216243
-0.059137,0.092250,0.018231,0.153378,-0.252961,4.934171
-0.079892,0.123551,0.007294,0.504992,-2.608199,6.955631
-0.136120,0.119596,-0.002114,-0.262255,0.202231,8.260478
-0.141596,0.176109,-0.027283,1.545968,0.537752,9.799649
-0.113045,0.228179,0.018612,1.093274,0.890620,10.211057
-0.094345,0.252219,-0.022504,1.406806,1.286958,8.843215
-0.153393,0.223908,0.025186,2.176485,-0.334756,9.019370
-0.184947,0.230801,0.001300,1.549727,-0.493577,9.253043
-0.186506,0.234035,0.011190,2.076926,-0.454716,7.373371
-0.155241,0.232948,0.021894,2.942225,-1.403243,5.902333
-0.150727,0.255413,-0.015007,1.807729,-0.775017,5.477474
-0.184980,0.235111,0.005600,2.201386,0.054183,4.503702
-0.192001,0.225405,0.013731,1.881584,-1.805450,3.352353
-0.169155,0.221502,0.029171,0.347649,-1.761741,1.283610
-0.116337,0.222940,0.007583,-0.038914,0.940861,-0.132861
-0.096370,0.220672,0.025682,0.374368,0.181633,-0.479860
-0.096620,0.179178,0.014020,-0.725600,-0.759675,-1.502362
-0.102676,0.138132,0.007018,-0.856058,0.288815,-3.215979
-0.084048,0.081651,0.045275,-1.010332,-0.743525,-4.443650
-0.055386,0.104359,0.011896,-2.354737,-0.523355,-5.339516
-0.047455,0.094987,0.023430,-2.072588,-0.186620,-6.638163
-0.034027,0.094101,0.032283,-2.751843,-0.235020,-5.176227
-0.049001,0.055847,0.003335,-3.554438,-0.147047,-2.455022
-0.041284,0.043991,0.023407,-2.725071,-0.272662,0.783882
-0.028214,0.018250,0.007481,-3.136124,-0.381259,2.633130
-0.005607,-0.036639,-0.002366,-2.445686,-0.055923,2.154689
-0.026287,-0.091534,0.050904,-1.739115,-1.026533,-0.341382
-0.021629,-0.075805,0.007767,-2.133740,0.186951,-1.857653
-0.045607,-0.098473,0.040545,-0.706536,-0.748751,-5.941056
-0.034457,-0.115365,0.019692,-0.124077,-0.379384,-7.113366
-0.047061,-0.111288,0.005285,-0.549018,0.065691,-7.149083
-0.055569,-0.149637,0.034318,1.535770,0.301272,-4.545695
-0.051670,-0.158545,0.008374,1.315010,-0.636885,-1.449077
-0.070216,-0.204358,0.005341,1.446819,0.906961,-0.688310
-0.041655,-0.193904,0.015329,2.688526,-0.135775,-1.556130
-0.043372,-0.158276,0.020942,1.492635,-0.290910,-3.479226
-0.020776,-0.146466,0.011827,1.595747,1.550778,-6.175373
-0.010899,-0.149335,0.023214,1.909466,1.361460,-4.778189
0.017353,-0.125960,-0.023646,1.125967,2.801544,-0.828121
0.029456,-0.080774,0.014200,0.988226,0.690352,1.428076
0.032928,-0.071689,0.030652,0.798295,-2.139195,3.850536
0.063967,-0.083942,-0.031560,0.690056,2.114366,5.521436
0.038666,-0.111918,0.010767,1.002600,-0.473032,6.215465
0.079739,-0.099671,-0.011350,0.696270,-0.465982,4.216178
0.080307,-0.110428,-0.021076,-0.124776,0.697374,-0.520808
0.100218,-0.094636,-0.011035,0.757655,-0.526205,-3.159748
0.068530,-0.089732,0.017023,-0.148209,-2.644080,-4.273184
0.068848,-0.087625,-0.038148,0.303201,0.197599,-4.056774
0.048467,-0.127864,0.000539,0.993203,-0.243465,-3.278537
0.060957,-0.130287,-0.014859,0.734061,-0.256628,-1.551474
0.026104,-0.162261,-0.018647,0.429014,0.615552,-2.836231
0.015699,-0.138782,-0.000482,1.482411,0.917244,-4.412876
-0.020513,-0.139993,-0.010510,0.221495,0.977152,-6.877099
-0.039174,-0.152729,-0.020643,0.120438,1.132044,-8.646432
-0.059915,-0.152660,0.018497,0.523190,-0.328746,-7.701517
-0.039440,-0.107667,-0.021933,-0.480589,1.084071,-6.005648
-0.049878,-0.109765,-0.016113,0.519642,1.707957,-3.530427
-0.071506,-0.123282,-0.006135,-0.235759,0.240320,-1.588792
-0.099997,-0.113362,-0.021657,-0.814755,0.083502,0.119491
-0.112825,-0.104145,-0.020338,0.262171,-0.035556,-0.865264
-0.121596,-0.109561,-0.009673,-0.716281,-0.915525,-1.578099
-0.116212,-0.094623,-0.025895,-0.598659,-0.784762,-3.160014
-0.156242,-0.056484,-0.003374,-0.597736,-2.645678,-2.774378
-0.152877,-0.028797,-0.023065,-0.847654,-1.191896,-1.572661
-0.157949,-0.016166,-0.027310,-1.343634,-0.566158,-1.127188
-0.129240,-0.007097,-0.009552,-0.396808,-0.900485,1.372380
-0.104356,0.038043,-0.053628,-1.031254,1.202094,2.306319
-0.164057,0.033615,-0.009250,-1.141170,-0.827244,2.045512
-0.164612,0.058716,0.007176,-1.035906,-0.332367,2.293700
-0.178677,0.085156,-0.027218,-1.595469,-0.422486,2.714072
-0.157630,0.151468,-0.007106,-1.056185,-0.091314,3.774188
-0.154279,0.169013,0.010287,-1.220628,-0.450600,5.876363
-0.147451,0.181410,-0.019074,-1.577570,0.530990,8.604172
-0.162367,0.177373,0.017250,-0.007856,-0.628748,11.291715
-0.123956,0.213877,0.000949,-0.492075,-0.319221,14.231310
-0.118710,0.199920,-0.012437,0.301773,0.966967,12.731284
-0.136462,0.149597,0.033114,1.476886,-3.033646,10.321945
-0.139662,0.126265,-0.005435,1.800850,-1.075947,10.089063
-0.124625,0.104516,0.003565,2.998621,-1.259068,7.720009
-0.105315,0.082327,0.017364,3.856168,-1.838825,6.145397
-0.111591,0.023135,-0.006686,3.433449,-1.592229,6.359616
-0.131141,-0.018287,0.017108,4.349682,-1.204990,5.765669
-0.116564,-0.065373,0.006063,4.468123,-1.079036,5.765683
-0.099561,-0.112043,0.005272,4.262206,-0.100679,3.587207
-0.070468,-0.196467,0.019442,5.023794,0.346865,2.315706
-0.036942,-0.220702,0.006605,3.285037,0.261502,1.128823
-0.035730,-0.289226,0.018090,3.371903,1.008575,-1.309204
-0.013912,-0.336670,0.029253,3.369924,1.831019,-3.600829
-0.017654,-0.411113,0.015841,1.709825,1.503255,-5.464807
0.002526,-0.459949,0.003184,1.618497,1.670397,-5.518678
-0.000438,-0.481511,0.066821,0.193834,-2.318865,-5.613142
0.026606,-0.512885,-0.006614,-0.800315,0.688764,-6.009598
0.005533,-0.582735,0.032897,-0.748245,0.111793,-6.651646
0.024716,-0.624832,0.024605,-2.112788,-0.631735,-5.651076
0.027240,-0.648771,0.007123,-2.589716,-0.104316,-7.084815
0.068172,-0.683033,0.036288,-2.009476,-0.820678,-9.096263
0.064312,-0.709043,-0.003377,-2.538287,-0.974126,-10.766907
0.048940,-0.712240,0.017286,-2.594807,-0.838131,-11.746383
0.028120,-0.698333,0.045905,-2.449796,-1.484479,-12.056348
0.055558,-0.690750,-0.008751,-3.056269,0.247778,-13.787595
0.071257,-0.684999,0.051495,-1.581781,0.180626,-13.398225
0.079674,-0.645938,0.039308,-1.945682,-0.327938,-10.356129
0.067007,-0.601422,0.015546,-1.453845,3.509783,-10.003826
0.054872,-0.598793,0.031085,-0.095096,2.089016,-9.854859
0.078617,-0.502561,0.037174,-0.098612,1.453103,-8.359604
0.060809,-0.439621,0.029529,-0.179888,1.753892,-7.065418
0.021121,-0.366468,0.027356,1.639797,1.290838,-5.494398
-0.013679,-0.333936,0.035546,1.632559,0.070677,-3.030731
-0.016778,-0.271901,0.015592,1.521892,-0.438097,-0.546198
-0.013754,-0.231701,0.030173,3.760738,0.045787,0.653198
-0.020933,-0.149909,0.002009,3.406067,-1.160037,2.057070
-0.068916,-0.133106,0.007947,3.798331,-1.104531,2.116882
-0.094607,-0.081227,0.042774,4.221362,-4.100642,2.441528
-0.067389,0.007241,-0.019186,3.757475,0.073710,3.762403
-0.081478,0.083036,0.009795,3.485197,-0.534056,2.993389
-0.095993,0.113389,0.020450,3.360832,-0.868921,4.755077
-0.105748,0.162921,-0.008944,2.355198,0.406139,7.390596
-0.120063,0.207903,0.003506,1.938719,0.273594,8.786715
-0.115211,0.236414,0.038343,2.045135,-1.399773,9.004367
-0.100224,0.252177,0.001264,0.615345,0.882651,8.756306
-0.121517,0.255331,0.009894,0.974066,1.273678,6.161324
-0.123982,0.270906,0.014768,0.162985,0.136310,5.368625
-0.136721,0.291458,0.003263,-0.432538,-0.185061,4.424024
-0.167110,0.256851,0.008623,-0.531267,-0.462450,5.005295
-0.180427,0.272170,0.010100,-1.149140,-1.136265,6.631582
-0.180978,0.255676,-0.002852,-1.643856,-1.371367,7.284715
-0.161471,0.224138,-0.004142,-0.889621,-1.412282,6.509394
-0.154407,0.180176,-0.000413,-1.578821,-0.834616,5.861956
-0.146578,0.172197,0.006631,-1.998225,-1.304129,3.844714
-0.145754,0.177337,0.020548,-1.660209,-1.149641,2.408939
-0.128627,0.208707,0.017476,-2.368520,-0.740174,-0.450568
-0.145134,0.175259,0.040844,-2.242520,0.179175,-2.703729
-0.150731,0.173172,0.022071,-1.978028,-0.867805,-1.445025
-0.168095,0.165185,0.045918,-2.998150,-1.514425,-0.909916
-0.170494,0.151166,0.007691,-2.185179,0.006108,-2.320580
-0.164835,0.138040,0.050254,-2.191901,-0.346045,-3.101708
-0.152326,0.150300,0.009542,-2.127356,-0.164825,-3.350461
-0.186096,0.121870,0.065698,-1.022891,-0.237232,-2.516148
-0.140972,0.122806,0.036219,-1.204544,0.402889,-2.712929
-0.114821,0.121621,0.044261,-1.098308,0.485899,-2.934024
-0.106405,0.136218,0.083519,-0.334688,-0.257071,-1.791660
-0.132746,0.138699,0.053816,-0.617454,-0.745373,-0.377664
-0.144169,0.120767,0.025511,0.140153,0.182828,0.437897
-0.155822,0.078066,0.069906,0.538184,-2.383858,1.349480
-0.104675,0.098004,0.045236,0.588970,-1.051336,1.195400
-0.124120,0.072962,0.051554,0.787167,-0.941709,0.821143
-0.126165,0.048271,0.075513,1.729828,-1.090042,0.085955
-0.096689,0.032555,0.055730,1.375278,-0.001989,0.179791
-0.076518,0.041516,0.054252,1.029365,0.680279,-0.467105
-0.029146,0.047697,0.081129,1.637371,1.100775,-1.149028
-0.015048,0.006145,0.093461,1.138017,0.555037,-1.010023
-0.022840,-0.029834,0.055572,1.092073,1.480245,-0.391657
-0.018425,-0.045337,0.095936,1.608099,0.555369,1.318097
0.022329,-0.047707,0.043555,1.027448,1.391547,2.452256
0.007079,-0.101007,0.075887,1.306557,-0.051334,2.071336
0.010552,-0.148245,0.069536,1.169972,0.194261,2.482866
0.009521,-0.179015,0.055611,1.171905,-0.369274,2.140094
0.032164,-0.216900,0.074650,1.325441,-0.206285,1.683990
0.051891,-0.258341,0.072775,1.330247,-0.755332,0.743178
0.068398,-0.295193,0.036563,0.677097,1.257994,0.498089
0.067430,-0.342661,0.071150,1.555337,-0.295094,-0.692225
0.088126,-0.372294,0.079616,1.227575,-2.143764,-1.933399
0.091477,-0.418659,0.042889,0.782424,0.548059,-3.331994
0.103599,-0.457516,0.057118,1.360718,0.609312,-4.375392
0.114451,-0.449937,0.046920,1.080782,1.601098,-5.654818
0.095774,-0.459489,0.034151,0.369001,1.235103,-7.278316
0.117983,-0.468634,0.039869,0.924840,1.649891,-8.629925
0.107709,-0.499752,0.076064,-0.128793,-1.968330,-8.456399
0.135646,-0.495498,0.026217,-0.320987,2.209911,-8.376425
0.124259,-0.500697,0.051384,0.627644,1.516969,-9.045938
0.110959,-0.495960,0.019406,-0.337091,0.849354,-8.791418
0.116706,-0.475232,0.012743,-0.860643,0.704231,-9.717847
0.089265,-0.451861,0.045977,-0.221857,-2.018522,-10.235780
0.089777,-0.399631,0.029605,-1.272011,-0.964686,-9.131355
0.060146,-0.390075,0.016363,-1.332503,-0.560194,-8.672527
0.051970,-0.331126,0.013665,-0.984545,-1.369345,-7.094550
0.039464,-0.259772,0.036012,-1.952040,-0.922572,-5.064947
0.038482,-0.196471,0.015910,-1.975838,-0.087595,-3.842689
0.005694,-0.183009,0.035438,-1.509876,-0.575014,-2.783305
0.001056,-0.112772,0.010448,-1.853301,0.451929,0.254690
-0.006097,-0.032591,0.017824,-1.306103,0.432773,0.159432
-0.004728,0.016481,0.022774,-0.632589,-0.403921,0.796317
-0.005374,0.056661,-0.002396,-0.965612,1.431392,1.347205
-0.031683,0.066637,0.007189,0.993957,1.700076,3.190139
-0.041658,0.130369,0.003723,1.155598,0.610392,5.665826
-0.069119,0.142172,0.006421,1.100676,0.303389,5.857727
-0.051197,0.172167,0.019475,2.586931,0.368020,6.664472
-0.079896,0.205920,0.014551,2.387267,-1.181550,9.611547
-0.112313,0.197206,-0.006476,2.807636,-0.875568,10.603473
-0.140473,0.198082,-0.001624,4.340931,-0.528594,11.020027
-0.136961,0.220583,-0.001405,2.828541,-2.140019,12.301954
-0.096662,0.240478,-0.004122,3.070710,-1.368097,12.783610
-0.096515,0.233440,0.023119,3.899910,-1.471494,12.823019
-0.134453,0.205415,-0.011656,2.690705,-1.186792,13.952581
-0.135559,0.162228,0.001848,3.161995,-0.145484,13.666281
-0.088020,0.165100,0.018011,2.415965,-0.496285,13.771615
-0.049359,0.150986,-0.006230,1.606930,1.222399,11.117718
-0.047790,0.091862,0.010278,2.245636,1.686182,9.497710
-0.044997,0.057183,0.011669,0.471905,-0.399250,9.585969
-0.028407,-0.005626,-0.003922,0.168024,1.905734,7.856528
0.017675,-0.027097,0.029139,0.530848,1.255060,5.248332
0.064013,-0.059396,-0.003679,-0.659613,1.313940,4.715587
0.045329,-0.131879,0.013737,-1.093712,0.362680,3.105515
0.013821,-0.211826,0.041330,-0.465995,-2.873676,3.236508
0.058548,-0.236500,-0.003430,-1.229786,0.083883,1.976141
0.100714,-0.308618,0.009818,-1.098922,-0.554273,-1.556133
0.121669,-0.355160,0.030258,-0.210149,-1.541413,-4.033632
0.124735,-0.397320,-0.016786,-1.026856,0.480838,-4.996246
0.106255,-0.448644,0.015697,-0.504029,-0.680591,-7.577303
0.130670,-0.509592,0.019623,0.243691,-0.148517,-8.314679
0.187899,-0.516282,0.013432,-0.468680,-0.060115,-7.756164
0.162732,-0.560749,0.034302,0.006279,1.295168,-9.060767
0.140195,-0.588903,0.015825,1.758034,2.704112,-10.941746
0.115833,-0.621274,0.031965,0.374542,1.532282,-11.328896
0.159128,-0.632162,0.025200,0.490028,2.704417,-11.582782
0.176437,-0.626877,0.072306,1.823361,2.359604,-12.685320
0.157428,-0.623647,0.046857,1.202557,1.412417,-13.257253
0.125237,-0.653685,0.033777,1.448336,2.024782,-13.241964
0.149311,-0.657351,0.041116,2.203556,3.160748,-12.408250
0.182850,-0.595162,0.045912,1.810044,1.262035,-12.044713
0.193279,-0.563014,0.039747,1.253195,1.108959,-11.180942
0.087699,-0.568926,0.144451,0.448945,-14.765954,-10.015661
0.147157,-0.520523,0.029575,0.711609,0.378006,-6.091240
0.174057,-0.440267,0.024632,0.506368,-0.421741,-4.761300
0.236699,-0.411205,0.028124,0.846327,0.474506,-3.020757
0.246330,-0.363304,0.029401,-0.019987,2.071701,-1.058147
0.196988,-0.322467,-0.003121,0.112328,1.322793,1.573074
0.194510,-0.267870,0.037719,0.380592,0.931766,3.459501
0.228887,-0.233152,0.022180,0.011879,0.798942,3.287282
0.233804,-0.182261,0.013032,-0.082311,1.681061,2.891685
0.219282,-0.145038,0.032004,0.934555,1.772930,3.477337
0.194697,-0.090454,0.028019,0.629259,0.614991,4.024998
0.168168,-0.076632,0.003184,0.711707,1.806017,3.663042
0.150413,-0.041943,0.029654,1.622695,0.937943,3.607345
0.168703,0.006693,0.021464,1.438807,0.846442,4.343609
0.110460,0.041661,0.021989,0.865430,0.416840,2.980316
0.096634,0.077669,0.042347,1.967775,0.348470,2.407066
0.067332,0.117508,0.014282,0.752475,-1.455440,3.494938
0.071550,0.177531,0.000667,1.022377,0.200045,4.905316
0.057343,0.197396,0.049096,1.445841,-0.906807,4.891950
0.047082,0.238085,0.016616,0.227131,-1.060385,5.215381
0.012718,0.232321,-0.005373,0.179827,0.231589,4.748723
0.006183,0.281085,0.024553,0.643370,0.250102,3.648547
0.027102,0.332012,0.008413,-0.452406,0.275196,3.641670
0.025123,0.354658,0.011046,-1.315944,0.876552,1.474452
0.017970,0.348946,0.026545,-1.162513,0.100971,1.689143
-0.006156,0.402900,0.020466,-1.929792,0.219565,2.373006
-0.002099,0.431240,-0.007451,-2.498997,0.959965,2.267935
0.025513,0.437605,0.005239,-2.170300,0.714797,0.872593
0.015289,0.438970,0.043374,-2.809249,-0.487629,1.905258
0.015046,0.459768,0.013160,-3.264212,0.933768,2.228043
-0.021731,0.449123,0.012802,-3.013811,-0.023965,0.375976
0.025697,0.445798,0.015520,-2.504157,-0.109361,1.313080
0.070824,0.462272,0.025974,-3.287560,-1.359547,1.779519
0.055991,0.450850,0.018549,-2.093238,-0.723000,1.554399
0.055659,0.442364,0.002347,-1.515713,-0.910388,2.681753
0.048943,0.381003,0.015589,-1.770758,0.785395,3.465636
0.069098,0.375202,0.013393,-1.336180,-0.291694,3.747804
0.093401,0.387098,0.025856,-0.294117,-0.913184,3.948322
0.101114,0.365424,0.007451,-0.512445,0.853122,4.217272
0.028989,0.294162,0.032953,0.590342,-1.096827,4.631171
0.022185,0.266025,0.024563,0.899742,-0.661375,5.836867
0.065592,0.289669,0.005659,0.142444,0.220563,5.427863
0.081787,0.240501,0.029664,1.726755,0.606749,4.781617
0.060895,0.194934,0.007346,1.464620,-0.018841,6.985456
0.005005,0.138453,0.005157,0.775964,1.588529,7.652920
0.044410,0.121709,0.012326,2.290507,1.004869,6.544773
0.094376,0.066899,0.043036,1.476935,0.301078,6.332693
0.106311,-0.003273,0.015342,0.986431,1.338890,5.475245
0.040741,-0.071173,0.034253,2.342475,1.150619,4.199653
0.058656,-0.110090,0.039544,1.731167,0.690146,4.465518
0.088287,-0.176638,0.019908,1.059153,0.756100,1.772728
0.143337,-0.211888,0.023027,1.536128,1.240643,-0.011319
0.147134,-0.253752,0.052050,0.997096,-0.270969,-0.522496
0.161397,-0.304591,-0.008774,0.482029,0.879342,-0.648055
0.155432,-0.380002,0.028311,1.083874,1.184438,-2.722451
0.229711,-0.396870,0.016478,0.708097,1.056029,-3.502711
0.261117,-0.428782,0.024336,-0.260830,0.760636,-4.525991
0.268824,-0.448401,0.029562,-0.378009,1.610797,-6.006485
0.232179,-0.509671,0.042308,0.292914,0.360179,-6.204026
0.268076,-0.539650,-0.009726,-0.109335,1.434048,-6.190678
0.302466,-0.593629,0.043036,0.095430,1.188472,-7.593818
0.328118,-0.588620,0.009848,0.809390,1.777660,-9.466387
0.316833,-0.630856,0.010028,0.389372,4.323408,-11.776128
0.341681,-0.668755,0.047543,0.658302,2.089613,-13.177226
0.359268,-0.668495,0.046470,1.107934,0.790496,-12.570007
0.386582,-0.640614,-0.010303,0.793083,3.113626,-13.404675
0.357191,-0.659731,0.028236,0.946028,1.399323,-14.403019
0.344120,-0.646116,0.033872,0.922667,1.502100,-13.111088
0.308128,-0.604970,0.000289,0.671816,2.382095,-12.352688
0.305505,-0.576196,0.024363,1.350542,0.874740,-11.191250
0.275107,-0.560467,0.033724,1.049700,-0.002541,-9.976909
0.228145,-0.526428,-0.004211,0.361757,0.368736,-8.290616
0.201820,-0.452846,0.024294,1.191423,0.055742,-7.864741
0.210114,-0.412711,0.007392,0.189678,0.651498,-6.187881
0.189376,-0.366599,-0.004726,-0.293139,1.055399,-4.771585
0.139237,-0.315541,0.009188,0.554305,0.008820,-2.121325
0.109550,-0.217432,-0.001391,-0.337130,0.789357,1.751675
0.084962,-0.152972,-0.010687,-0.960629,2.183504,3.469693
0.098134,-0.091498,-0.009584,-0.569090,2.217796,5.887324
0.083619,-0.053192,0.030691,0.059008,1.900512,8.460542
0.063540,0.014695,0.008590,-0.869574,1.524279,10.985347
0.016933,0.065357,-0.014935,-0.509176,1.296140,9.754874
0.031215,0.112108,0.016925,0.576573,1.787573,8.262053
0.059940,0.182024,0.013455,0.117954,0.329589,7.710803
0.079053,0.253342,-0.013661,0.181882,2.019904,7.739245
0.003541,0.257868,0.008840,1.040821,-0.432041,8.652231
0.007004,0.291546,-0.014071,1.178342,-0.892646,11.530458
0.027480,0.343225,-0.029880,0.771283,-1.101360,13.971945
0.071875,0.400343,-0.027959,1.363648,-0.756015,15.086668
0.055902,0.399381,0.007918,1.865110,-1.287409,14.774363
0.043413,0.397575,-0.018142,1.539617,-0.917701,15.975165
0.040061,0.377992,-0.035624,1.927230,0.098693,16.823800
0.101400,0.408102,0.002948,2.405744,0.193355,14.790077
0.111241,0.405956,-0.024181,1.820902,0.049253,12.528270
0.092344,0.358084,-0.021792,1.597827,0.933351,10.934114
0.077323,0.299181,-0.000443,2.703533,1.451087,10.438397
0.077724,0.287292,0.002301,1.815204,0.854576,8.292247
0.117097,0.232229,-0.003088,1.385191,1.666648,4.184804
0.125194,0.164942,0.012283,2.492223,2.373777,2.404384
0.078561,0.105241,0.019383,1.275505,-0.125829,3.714002
0.068517,0.065389,-0.007654,0.826743,1.285944,0.980528
0.121003,-0.004687,0.018284,1.620342,1.983423,-2.586110
0.138406,-0.066433,0.029697,0.063587,-1.035829,-4.129222
0.079122,-0.127067,0.017282,-0.392144,0.219165,-5.537337
0.070260,-0.174330,0.010849,0.195314,0.136116,-6.966140
0.081840,-0.223685,0.025787,-1.780993,-0.779474,-5.993598
0.135104,-0.288225,0.007517,-2.015815,0.740019,-5.780080
0.123616,-0.323255,0.036626,-1.366841,-0.027028,-4.693468
0.093565,-0.364558,0.041717,-2.274921,-1.222879,-5.088365
0.087617,-0.385076,0.023857,-3.223128,1.183611,-6.647599
0.106947,-0.430246,0.027849,-2.238791,2.010014,-8.144539
0.153066,-0.412498,0.029680,-2.043709,1.723927,-7.428963
0.124305,-0.433926,0.036613,-2.967423,1.466994,-8.830666
0.118548,-0.460474,0.018933,-2.405279,2.500568,-8.662146
0.129169,-0.453673,0.049099,-1.378644,2.169596,-7.727540
0.173026,-0.433269,0.027917,-1.559113,2.534899,-6.609475
0.179509,-0.433312,0.039701,-0.434622,1.790902,-6.210297
0.179522,-0.460654,0.048820,0.487258,0.019977,-5.347117
0.184902,-0.421370,0.012126,0.454049,1.396897,-4.394308
0.189488,-0.405503,0.026828,2.187620,2.020022,-4.845623
0.196824,-0.363225,0.018776,2.630499,0.022183,-4.302889
0.211910,-0.347617,0.011019,2.387097,0.529621,-2.798586
0.226707,-0.326678,-0.024460,3.509497,1.159551,-1.105855
0.198209,-0.301784,0.027248,4.189444,-0.168396,0.252408
0.192173,-0.279575,0.003174,4.272677,-0.367256,0.095667
0.185089,-0.266216,0.011676,3.647940,0.231435,0.454398
0.229015,-0.208478,0.011420,4.623536,0.831560,-0.041430
0.209271,-0.159015,0.017693,3.632033,0.592956,-0.082196
0.163727,-0.150644,0.007104,2.870406,1.155172,-0.524158
0.118196,-0.164598,0.009424,3.515339,1.688427,-1.190700
0.158820,-0.118749,0.005787,2.842397,1.470578,-0.521975
0.164193,-0.056534,0.005820,1.340064,2.206494,-3.081222
0.111608,-0.066968,0.024330,1.496420,1.287178,-4.402322
0.087739,-0.048616,0.002357,0.479298,1.064258,-1.714330
0.080189,-0.016025,0.005157,-0.883883,0.252620,-1.280060
0.129682,0.022419,0.002291,-0.979661,1.144248,-3.194792
0.108871,0.037705,0.020102,-1.626259,0.247739,-2.809280
0.053345,0.060059,-0.013425,-3.071273,-0.507203,-1.296924
-0.013013,0.077525,0.019111,-3.080211,-0.844069,-1.465370
0.036887,0.129804,0.027478,-3.205640,-1.211650,-1.019457
0.073352,0.147966,0.006473,-4.369661,-0.980816,-1.237003
0.064791,0.153989,0.001822,-4.115289,-0.101319,-0.663233
-0.003228,0.192009,0.025163,-3.558174,-1.731742,-0.086704
0.019523,0.235210,0.003828,-3.967244,0.013468,-0.216994
0.067256,0.259549,0.007750,-3.489804,0.911940,-1.060813
0.093575,0.301426,0.012995,-2.805077,0.531305,-0.403633
0.054441,0.372032,0.004153,-2.985201,-0.171245,0.164605
-0.018117,0.354224,0.005144,-2.218749,0.493019,0.092742
-0.008601,0.396850,0.023644,-1.753932,-0.321338,1.984230
0.011786,0.435422,-0.012437,-1.884400,2.057041,4.590641
0.014957,0.490968,0.016636,-0.526025,-0.511119,6.957318
-0.026947,0.500178,0.030882,-0.448838,-1.521424,7.638099
-0.053636,0.480989,-0.013320,-0.081468,-0.495432,7.010700
-0.051660,0.480795,0.018572,1.389921,-1.322754,7.795784
-0.008506,0.535596,0.045272,1.000145,-2.226311,7.962190
-0.020943,0.541924,0.012575,1.032204,-1.140070,6.699249
-0.038169,0.498153,0.021126,2.045417,-0.080384,7.779969
-0.059210,0.513698,0.007396,1.439712,-0.718542,11.053512
-0.033905,0.529667,-0.011048,1.761618,1.068949,11.730095
-0.010219,0.495826,0.017876,1.536383,-0.710002,11.549391
-0.027639,0.456847,0.013655,0.833502,-0.211225,13.007763
-0.048440,0.441183,-0.023082,1.029240,0.423927,13.293046
-0.056104,0.393276,0.036573,1.079429,-0.685403,12.513766
-0.031677,0.330102,-0.000055,0.457239,-0.049250,10.546033
-0.045798,0.216818,0.030629,0.678325,0.275153,8.866469
-0.022102,0.155407,0.021861,1.619590,0.100255,7.615667
-0.018996,0.081024,0.017666,0.841039,0.872751,5.609363
-0.001412,-0.010035,0.001445,0.491442,0.217199,2.957649
0.021794,-0.115897,0.034456,1.623313,0.596146,1.647429
0.052909,-0.163656,0.032217,0.729488,0.413863,1.453645
0.035590,-0.235771,0.009890,0.713355,1.024537,-2.381823
0.043202,-0.357044,0.041310,1.373122,0.100187,-4.182308
0.069002,-0.420195,0.004392,0.450314,0.590524,-3.937089
0.067397,-0.489218,0.026838,0.846960,0.706801,-4.624090
0.070036,-0.536370,0.035319,0.978304,-0.088636,-6.791264
0.085641,-0.622942,0.023910,0.145307,0.622212,-8.129576
0.102001,-0.703516,0.025091,-0.055736,1.108483,-9.336550
0.126307,-0.757357,0.062472,1.103372,0.907506,-10.877740
0.154057,-0.793773,0.026522,-0.056951,1.630210,-12.699870
0.146822,-0.864864,0.027274,0.630799,1.834453,-15.495297
0.149708,-0.886229,0.020975,0.574784,1.313028,-15.069200
0.190026,-0.855181,0.001658,0.425725,2.289658,-16.214967
0.178800,-0.877347,0.045469,-0.062465,1.095534,-16.839432
0.176292,-0.870966,0.046532,-0.264614,1.017947,-14.231025
0.138797,-0.830753,0.010219,-0.518527,1.045352,-11.808281
0.135895,-0.797449,0.029588,0.068672,0.924857,-12.346532
0.131139,-0.774278,0.040936,-0.260186,-1.103388,-11.826515
0.123005,-0.751528,0.018037,-0.856723,0.560407,-11.022384
0.120008,-0.704261,0.010396,0.360214,1.468185,-10.140669
0.089508,-0.647248,0.043204,0.073782,-1.185912,-8.708302
0.075758,-0.580358,-0.016586,0.072029,0.376551,-9.351303
0.063120,-0.543103,0.057335,0.947626,0.460129,-7.918395
0.091927,-0.463261,0.015237,0.836562,0.940809,-3.286906
0.062493,-0.373082,0.005170,1.022692,2.291454,-0.364184
-0.000694,-0.325677,0.014295,1.838920,0.724362,0.876914
-0.006802,-0.242362,-0.005626,1.774101,0.777097,3.736837
-0.032707,-0.173142,0.019626,1.626897,0.892915,4.730568
-0.055674,-0.107536,0.047510,2.880253,0.601612,4.456148
-0.056676,-0.034902,0.005429,2.322800,0.907450,4.712919
-0.075136,-0.025685,0.009398,2.502632,-0.160846,6.104962
-0.077115,0.056176,0.012526,3.603565,0.286504,6.761351
-0.066054,0.135059,0.018379,2.513536,0.437293,7.446067
-0.025463,0.159786,0.023132,2.983847,-0.104050,7.785435
-0.040395,0.173270,0.041933,2.275753,-0.079054,10.953327
-0.058156,0.234612,0.010291,1.720683,0.277720,12.365746
-0.070751,0.268608,0.023916,2.682378,-0.350985,11.612925
-0.082049,0.275377,0.004238,1.556800,-0.948169,11.599758
-0.077230,0.303015,-0.017242,1.139993,0.096182,11.518193
-0.102882,0.313827,0.023450,0.792278,-1.223995,10.350694
-0.067324,0.323501,0.039321,0.237198,-0.788055,10.681020
-0.052051,0.311372,0.000896,-0.639538,0.225221,10.468797
-0.036699,0.287637,-0.008160,-0.359280,0.161561,8.831379
0.001233,0.287617,0.019905,-0.225810,0.270955,7.926540
-0.036810,0.274051,0.028581,-1.559028,-0.226229,5.228007
-0.026677,0.246951,-0.011994,-1.579500,1.156294,2.788098
-0.017523,0.219956,0.054354,-1.527355,0.129062,2.254485
-0.005053,0.220137,0.012825,-2.519856,-0.198811,2.065230
-0.038202,0.213647,0.006414,-2.060656,0.688856,0.173786
-0.050944,0.153979,0.015014,-1.784177,-0.107795,0.043970
-0.011992,0.137977,-0.000164,-1.919833,-0.553656,1.039830
-0.030994,0.125261,0.015237,-2.158939,0.462538,0.721449
-0.018832,0.111409,0.021556,-1.589259,-0.297511,-0.241959
-0.002000,0.067218,0.024087,-1.998763,-0.659334,-0.456597
-0.012757,0.034738,-0.025242,-2.179330,0.810142,-1.344287
-0.032415,0.045911,0.006614,-0.374448,0.178479,-2.669483
-0.002496,0.019425,0.036321,-1.331876,-1.020418,-2.028146
0.003770,-0.026319,0.011233,-1.066268,0.671826,-1.076964
-0.021908,-0.042422,0.027875,0.374719,-0.133408,0.104766
-0.016069,-0.059852,0.026358,0.376334,-0.829768,0.607626
0.001991,-0.110746,0.017604,0.412415,0.668482,0.056427
0.019480,-0.172837,0.046742,2.154956,0.846377,-1.003990
0.050079,-0.152880,0.028226,1.943025,0.812154,-2.484672
0.039828,-0.222973,0.028095,2.208768,0.670500,-5.023806
0.009873,-0.251655,0.034830,2.811808,0.473068,-6.556757
0.044374,-0.271954,0.041855,2.970261,0.958514,-5.359664
0.120048,-0.258581,0.024041,1.903968,1.271475,-2.777703
0.087985,-0.301088,0.052759,2.366069,0.330965,-2.058383
0.062264,-0.313010,0.039964,2.374000,-0.130559,0.513947
0.046711,-0.328523,0.015618,1.306022,0.294093,1.641034
0.076358,-0.349193,0.049647,1.872860,-0.029283,1.025312
0.111047,-0.329747,0.022964,1.559141,-0.304981,-0.586608
0.073818,-0.395301,0.029188,0.844023,0.182858,-1.892458
0.050608,-0.439844,0.037105,1.538097,-0.047845,-1.359980
0.042946,-0.423648,0.024228,0.440535,0.644520,-1.128713
0.095387,-0.416053,0.046588,0.698135,1.270428,-3.463840
0.121492,-0.459660,0.070254,0.474985,-0.889899,-3.919366
0.076421,-0.482896,0.045899,-0.072887,0.863239,-3.868377
0.023285,-0.484721,0.029503,0.797816,1.412755,-5.818721
0.055449,-0.473571,0.039843,0.636359,0.590156,-8.102734
0.100153,-0.475146,0.019518,-0.114745,0.610593,-9.295578
0.069235,-0.465647,0.043099,0.478018,1.269723,-9.585953
0.055797,-0.437884,0.018093,0.740357,1.220187,-8.930119
0.017025,-0.435964,0.033846,-0.304227,-0.476521,-8.538134
0.019871,-0.399174,0.014860,-0.014673,0.517243,-7.972098
0.041374,-0.365802,0.042606,0.319925,-0.436108,-7.453433
0.047220,-0.319949,-0.009440,-0.610616,0.529237,-7.167664
-0.040319,-0.323265,0.030117,-0.176435,-0.968185,-7.566029
-0.034207,-0.284072,0.013284,-0.267349,-0.536882,-5.344366
0.005418,-0.215942,-0.002724,-0.979654,-0.184257,-5.157024
0.009403,-0.172299,0.036147,-0.016387,0.146321,-5.464579
-0.028033,-0.080669,0.002544,-0.191754,0.484261,-4.246947
-0.037109,-0.053264,0.008164,-1.107479,1.176327,-3.053475
-0.028709,-0.005577,0.004143,-1.216338,0.878692,-2.087746
-0.055320,0.079153,0.039363,-0.758096,0.200297,-1.833083
-0.001544,0.150897,0.005863,-1.508514,1.326804,-1.100015
-0.002913,0.184017,-0.006315,-1.333761,1.882324,0.293590
-0.059466,0.212341,0.008801,-0.693547,-0.156707,2.959316
-0.044777,0.305342,0.003644,-0.589757,0.122382,4.602258
-0.042079,0.312350,-0.011446,-0.823141,-0.116996,6.011111
-0.049687,0.345897,0.014722,-0.493969,-1.883736,8.708776
-0.051079,0.409163,0.021362,-0.292847,-1.395069,9.803347
-0.056804,0.441255,-0.014597,-0.331514,0.017905,11.451791
-0.080644,0.429087,0.003972,0.080911,-1.308820,13.402896
-0.041333,0.442791,0.017135,0.474567,-1.075061,17.239611
-0.024823,0.479666,-0.013257,0.683596,-0.348493,16.928265
-0.035369,0.446080,0.047678,1.664152,-0.655231,16.038186
-0.055494,0.428585,-0.000545,1.137951,-0.259487,16.561347
-0.089753,0.390965,0.023142,1.435268,-0.699872,15.145953
0.011405,0.385851,0.043693,2.371104,0.826186,13.292355
0.000984,0.349402,0.054177,1.790638,-0.076146,11.018869
-0.042177,0.274304,0.011620,2.107991,0.735942,10.253824
-0.036951,0.218633,0.031328,2.569761,0.626164,10.955020
-0.016659,0.166525,0.022305,2.934676,0.608081,10.973294
0.002303,0.116202,0.012030,2.391587,0.283448,7.632684
0.040087,0.009568,0.049066,2.416783,0.240356,5.708829
0.049557,-0.067802,0.026792,2.093003,0.251179,6.369516
-0.021928,-0.117718,0.022012,1.245271,0.150536,4.106684
0.051038,-0.197944,0.034246,1.653193,-0.023099,0.643549
0.139683,-0.271021,0.041451,0.178026,-0.214432,0.603735
0.078728,-0.344679,0.035011,-0.061169,0.949645,-0.586235
0.087847,-0.374828,0.040000,0.270144,0.060745,-2.558570
0.093686,-0.482076,0.036196,-1.211745,-0.018437,-4.451968
0.102569,-0.580854,0.033288,-0.812479,1.055819,-6.365905
0.163553,-0.574667,0.033846,-0.497680,0.854314,-7.562599
0.188953,-0.640526,0.032752,-1.595525,1.204615,-9.665256
0.149783,-0.736232,0.044034,-1.638620,1.439346,-12.793581
0.137966,-0.770527,0.023463,-0.463133,1.366696,-13.778703
0.187206,-0.795877,0.016787,-0.943751,1.357548,-13.200379
0.205263,-0.821559,0.022964,-0.610882,0.995462,-15.192182
0.153811,-0.849722,0.032457,0.141686,1.206664,-15.251113
0.167384,-0.874354,-0.003774,-0.093294,1.219961,-12.941749
0.167945,-0.889361,0.005722,0.603331,0.874215,-11.469240
0.148457,-0.865550,0.036947,1.376119,0.197872,-11.593694
0.235333,-0.864674,0.016567,1.015944,1.335457,-11.084143
0.250889,-0.885845,0.008758,2.104725,1.710239,-9.673888
0.173295,-0.848038,0.011584,2.267137,0.359256,-8.608348
0.208165,-0.790612,-0.006912,2.450343,1.272388,-9.606803
0.233062,-0.786381,0.016278,1.842856,1.294183,-9.675655
0.206560,-0.722189,0.029181,2.722992,0.842064,-7.259049
0.168464,-0.627655,-0.001168,3.086269,1.854220,-5.087222
0.126764,-0.624714,0.001481,2.752655,0.297064,-2.843663
0.124778,-0.597831,-0.000331,2.856101,0.790762,0.526135
0.128001,-0.508890,-0.005721,2.592627,0.198509,1.661310
0.130916,-0.452550,-0.000417,2.504697,0.724986,0.969214
0.090959,-0.418235,0.002374,2.775488,0.424974,-0.229058
0.056677,-0.352068,-0.003591,1.398200,0.880550,0.741472
0.099559,-0.278873,0.008755,1.796123,1.430995,2.180671
0.119683,-0.196254,0.017968,1.001681,1.149493,4.160447
0.034904,-0.141864,0.001070,0.381304,1.513486,5.381207
0.025563,-0.101559,-0.012230,0.579215,1.657762,7.336752
0.079572,-0.042311,0.028141,-0.013715,-1.320394,9.409042
0.050112,0.028534,-0.030507,-0.960432,0.975810,8.267152
0.049531,0.076084,-0.032588,0.587296,1.855050,5.937414
0.044230,0.111199,-0.007247,-0.304286,-0.648150,6.227884
0.031954,0.149308,-0.011606,-0.908235,0.500197,5.119712
0.061042,0.198499,0.020424,0.332080,0.397323,4.565869
0.094179,0.208878,0.003427,0.381336,-0.521307,5.680106
0.051661,0.199736,-0.045553,-1.060875,-0.037699,7.437714
0.037642,0.259198,-0.039980,-0.005381,0.233289,6.387933
0.071192,0.293506,0.009188,0.442977,-0.020440,4.149241
0.094080,0.308618,-0.032315,-1.001246,0.425381,4.405560
0.037452,0.301197,-0.023210,-0.325251,-0.024346,3.677856
0.019234,0.308244,-0.015306,0.865076,0.316876,3.356597
0.040800,0.330502,-0.025228,-0.376116,0.277553,3.208414
0.055718,0.304026,-0.006935,-0.481814,0.575867,2.152349
0.084325,0.304019,0.002721,0.599146,1.379943,1.974504
0.058768,0.312423,-0.011665,-0.736836,0.687382,1.771951
0.060754,0.307844,-0.027936,-0.715011,3.501980,1.444008
0.079713,0.297569,0.006907,-0.526504,1.035947,0.643399
0.125933,0.296178,0.020873,-1.325811,0.067782,1.596348
0.064647,0.303166,-0.017561,-1.524743,0.814077,2.516021
0.012531,0.271517,0.006326,-0.778536,-0.065298,3.233479
0.073388,0.223632,0.012648,-1.582336,-0.478609,5.627429
0.104321,0.216398,-0.012936,-2.287237,-0.165458,5.180828
0.087673,0.213165,0.027931,-0.863847,0.415609,3.239609
0.096000,0.194796,0.023407,-1.795984,-0.846298,3.443824
0.090650,0.144493,0.013412,-2.278180,-0.007432,3.786242
0.094970,0.114682,0.027080,-1.396724,0.136907,4.809565
0.122434,0.127956,0.022081,-0.619082,0.735489,6.005270
0.132353,0.078385,0.041123,-0.900360,-0.120669,5.557729
0.117024,-0.009844,0.029247,-0.078225,1.031375,5.546340
0.098259,-0.031590,0.049618,1.009395,0.413544,4.071511
0.116430,-0.056635,0.032388,0.584139,0.771553,1.804311
0.168808,-0.110041,0.032759,0.862877,1.446206,-1.498504
0.167846,-0.148924,0.065121,1.862547,0.309383,-2.052491
0.198695,-0.147854,0.033094,2.019976,1.704521,0.277533
0.190479,-0.175440,0.015621,2.193232,1.559880,1.059151
0.124138,-0.270299,0.064487,2.779670,0.201397,2.676461
0.174214,-0.297383,0.044051,2.607827,0.688025,3.747857
0.230859,-0.331858,0.039954,3.159517,0.344791,2.087847
0.186445,-0.395915,0.065695,3.322247,0.083338,-1.639225
0.166415,-0.462138,0.044366,3.077732,0.714410,-5.617846
0.204383,-0.507416,0.007931,2.590486,1.055691,-6.698542
0.236003,-0.518379,0.060230,2.945502,0.922355,-8.945420
0.266280,-0.505588,0.047740,2.104443,0.058723,-10.218898
0.291197,-0.549684,0.003007,1.734633,5.106371,-10.333500
0.230997,-0.608637,0.043263,1.094735,1.545001,-9.814157
0.252635,-0.577621,0.034817,0.628691,1.987858,-8.383771
0.257601,-0.568532,0.018064,-0.307568,0.631479,-10.576378
0.263090,-0.608850,0.029874,-0.379142,1.306942,-12.300712
0.210544,-0.590265,0.018966,-0.756461,0.937980,-12.068090
0.136972,-0.551965,-0.011606,-1.997577,1.028335,-13.679773
0.151615,-0.568440,0.007304,-1.744239,-0.151055,-13.410832
0.180717,-0.550994,-0.001250,-2.252150,0.420073,-11.424506
0.146783,-0.484656,-0.045081,-2.280983,2.765556,-9.684366
0.136673,-0.452465,-0.003276,-1.858849,0.984255,-8.242738
0.108979,-0.423848,0.009145,-2.709752,-2.140504,-6.850377
0.099296,-0.373102,-0.017104,-2.576278,2.599934,-4.990404
0.164052,-0.293493,-0.015837,-1.669905,1.317948,-3.845033
0.164951,-0.206285,0.015031,-1.872198,0.598891,-3.369388
0.101200,-0.161677,-0.033513,-1.967031,2.079717,-3.268442
0.087913,-0.094433,-0.022429,-0.033866,2.400040,-1.427897
0.107345,-0.033616,-0.011262,-0.249919,-0.091899,1.749172
0.105651,0.055230,-0.017006,-0.132405,0.153447,2.598400
0.070069,0.087067,-0.024149,2.206615,0.653540,3.103265
0.079516,0.150936,-0.031252,1.499696,-0.860301,5.893895
0.043107,0.179572,-0.010379,1.666299,-1.127029,7.817453
0.057471,0.257409,-0.003578,2.631283,-0.686476,9.835092
0.100320,0.295698,-0.004559,2.809119,-0.980606,11.962878
0.076132,0.319857,-0.041913,2.655698,1.625470,13.736132
0.048655,0.376230,-0.023357,3.581339,-0.141441,13.772100
0.078351,0.403060,0.007514,2.897693,0.060141,13.490986
0.103763,0.402483,-0.031619,1.985529,1.054201,12.886538
0.125126,0.418649,-0.006752,2.965797,1.193228,13.954542
0.107919,0.436975,0.007041,1.961794,-0.575533,14.295265
0.097845,0.429294,-0.054659,1.242520,1.374711,13.377755
0.051934,0.365851,0.007675,1.569326,0.487691,12.730694
0.121072,0.398994,-0.024401,0.361750,0.723088,13.935901
0.145211,0.371165,-0.022278,-0.036948,-0.131380,10.817779
0.089321,0.274835,-0.019507,0.654901,-0.015126,7.048735
0.066754,0.243787,-0.047434,-0.083910,-0.239677,6.804219
0.104413,0.182605,-0.011081,-0.542690,-0.440165,6.623375
0.154297,0.142422,0.024064,-0.536515,-0.642629,6.148739
0.110604,0.095860,-0.021572,-1.177333,-0.391149,5.505230
0.081295,0.007133,-0.024756,-0.798027,0.851809,5.006624
0.101154,-0.041615,-0.001999,-1.100461,0.137107,3.341171
0.098167,-0.081129,-0.019609,-1.234427,-0.183462,1.017271
0.130824,-0.134541,-0.040768,-1.101521,1.356234,-2.259223
0.152268,-0.227099,0.027783,-0.656219,1.182042,-2.686529
0.113411,-0.273056,-0.006601,-1.261964,1.050482,-3.249691
0.088346,-0.311015,-0.013966,-0.554739,1.914072,-6.002798
0.171588,-0.408057,0.005718,0.103550,1.730137,-7.720541
0.172780,-0.460182,0.011883,0.174497,1.265521,-7.073854
0.134855,-0.493846,-0.016054,0.296797,1.694739,-7.723476
0.130059,-0.517661,0.010553,1.349600,0.524284,-9.979795
0.172189,-0.578087,0.014709,0.919748,0.472829,-9.732002
0.201790,-0.592090,-0.016284,1.000956,2.415047,-9.555262
0.194566,-0.620818,0.043118,1.391507,0.066062,-10.474686
0.163550,-0.633330,0.039600,1.542233,-0.770103,-9.494953
0.168805,-0.648062,-0.005787,0.961019,1.848118,-8.516448
0.204590,-0.609205,0.022347,1.660329,0.436266,-8.075961
0.219443,-0.604327,0.032858,1.552176,0.572461,-6.678456
0.170358,-0.586789,0.015251,0.301285,0.296358,-6.179057
0.143675,-0.586871,-0.002435,1.001074,2.925398,-5.224514
0.181410,-0.545896,0.038205,0.859483,1.262459,-3.841678
0.238685,-0.513974,0.030717,0.863163,2.205753,-3.004747
0.186671,-0.495511,0.019521,0.653822,2.019527,-3.162837
0.142109,-0.523264,0.014417,1.335811,2.034248,-1.711327
0.171250,-0.498836,0.045360,1.542670,1.167494,-1.243855
0.181078,-0.443753,0.019334,0.974811,1.444933,-1.916092
0.125615,-0.410394,0.046329,2.006570,0.361692,-3.741015
0.106872,-0.386373,0.036810,1.372850,-0.836520,-2.523089
0.067151,-0.339056,0.012674,1.021947,-0.451926,-1.512116
0.058449,-0.284870,0.010087,2.320539,0.369875,-1.958755
0.091612,-0.258023,0.037085,2.121574,-0.588988,-0.739023
0.099568,-0.245628,-0.004155,1.068951,-0.174823,1.039586
0.020573,-0.209663,0.027730,1.854331,0.510820,1.248164
0.040248,-0.135397,0.022183,2.057917,0.199329,-0.034253
0.093289,-0.116241,0.031440,1.068912,-0.031856,-1.325954
0.080324,-0.097607,0.008554,0.629088,1.238631,-1.062119
0.034133,-0.034157,0.027396,1.379184,0.292747,-1.998787
0.068799,0.015155,0.005456,0.522077,0.416433,-1.727188
0.044683,0.007536,0.019137,-0.361276,0.686180,-1.884454
0.064151,0.061651,-0.002347,0.275297,1.841129,0.287979
0.090023,0.134133,0.004786,-0.729913,0.322273,1.668376
0.073027,0.161493,-0.021263,-1.731599,0.219034,-0.464390
0.017658,0.189380,-0.002396,-1.689560,-0.731541,-1.462495
0.063386,0.259142,-0.041614,-1.870636,-0.381777,0.267488
0.058239,0.308638,-0.017429,-3.190462,-1.209585,-0.136512
0.033401,0.342470,-0.018966,-2.600017,-1.124373,0.152033
0.043071,0.350440,-0.008741,-2.622318,-1.439688,2.135562
0.075091,0.390210,-0.052174,-3.366292,0.302522,4.129391
0.022684,0.414602,-0.006962,-2.939208,-0.858259,4.340910
0.041981,0.438009,0.009877,-2.076501,0.315071,3.942905
0.060041,0.438826,-0.005728,-2.786765,-0.703217,3.662516
0.034547,0.447370,-0.016353,-1.636772,0.704611,3.511566
-0.007991,0.503191,-0.011813,-1.129646,-0.000270,3.899664
-0.018980,0.504156,0.001139,-1.990370,-0.693731,4.232030
-0.014962,0.479617,0.003769,-0.751643,0.318088,6.120739
-0.048873,0.504842,-0.010766,-0.416096,-0.038772,7.716083
-0.049553,0.509438,-0.009391,0.054044,0.946592,7.063688
-0.047321,0.470728,0.010146,0.175465,-0.699570,7.135259
-0.077723,0.458435,0.018756,0.468537,-0.464557,7.889002
-0.050183,0.468949,-0.002793,0.484520,0.027579,7.919640
0.000212,0.433587,0.011610,1.203419,0.088366,6.996741
-0.064852,0.368529,0.001586,1.141214,-0.923419,8.451524
-0.091148,0.330003,-0.028590,1.263879,0.072929,8.026353
-0.031680,0.282536,0.021658,1.548486,-0.232817,7.134030
0.000291,0.254373,0.019672,1.631712,-0.601967,5.957763
-0.020063,0.189518,-0.006607,0.916567,1.091437,5.651282
-0.002853,0.117869,0.031325,1.125895,-0.381764,5.529974
-0.008644,0.085911,0.051374,0.546965,-4.381963,4.971937
0.008546,0.030287,0.019856,0.237073,0.298945,3.140842
0.064433,-0.035257,0.044963,0.796017,0.525177,1.470147
0.063970,-0.105705,0.019373,-0.067770,-0.274330,2.535054
0.027552,-0.180951,0.001668,-0.225967,0.719694,-0.222448
0.033155,-0.231163,0.036898,1.083854,1.069520,-4.406248
0.044062,-0.327135,0.007983,-0.043431,-0.239401,-5.337129
0.033483,-0.387600,-0.015496,-0.403947,1.009015,-6.682654
0.012124,-0.436696,0.037417,0.320556,0.321544,-8.241553
0.040540,-0.457201,0.018796,0.296223,0.389563,-8.976562
0.049045,-0.545909,0.005170,-1.083894,2.384983,-8.903560
0.076798,-0.569251,0.026322,-0.140282,0.751074,-9.614309
0.097976,-0.592737,0.047487,-0.131344,0.816654,-10.272158
0.100117,-0.651660,0.020808,-0.721736,1.567627,-11.684319
0.074898,-0.674213,0.044753,0.604707,1.594966,-12.811637
0.088090,-0.670583,0.036452,-0.152309,0.686443,-12.349512
0.136010,-0.650077,0.020200,-0.707356,0.871254,-13.728611
0.077340,-0.668951,0.047425,0.801144,0.584018,-14.839203
0.054642,-0.671584,0.019058,0.244013,1.001452,-12.819847
0.114911,-0.630970,0.018211,0.123065,0.225408,-12.568414
0.108270,-0.611588,0.039337,0.741223,0.460904,-12.609491
0.121988,-0.574578,0.034617,0.429418,0.419689,-11.410160
0.136066,-0.539033,0.018218,-0.184119,0.768209,-9.421885
0.131815,-0.486852,0.026949,0.629830,1.660658,-8.080589
0.135810,-0.404692,0.037840,0.126505,-1.305370,-6.185430
0.170302,-0.371352,0.017177,-0.143469,1.151279,-3.925215
0.160136,-0.338899,0.043394,0.435405,1.139564,-0.935481
0.105996,-0.244207,0.006089,0.446207,1.316602,2.093765
0.140944,-0.189453,0.005203,0.668159,1.113134,0.044036
0.196121,-0.157991,0.019465,1.186072,1.105351,0.764588
0.162647,-0.107224,0.009165,0.530651,0.666125,2.019900
0.148208,-0.024156,-0.015723,1.615760,1.278979,2.001087
0.140169,0.015434,0.017726,1.452688,0.257881,3.102354
0.161328,0.081756,0.028495,0.700297,-1.088082,5.727734
0.195527,0.138670,-0.002862,0.603147,0.736750,8.558752
0.198596,0.195676,0.001973,1.992708,1.170750,9.831875
0.147052,0.232676,-0.003935,1.191977,-0.516118,9.650463
0.135656,0.238472,-0.020564,0.451393,0.147739,9.440548
0.201249,0.261584,-0.005570,1.398869,0.663351,10.318614
0.232645,0.311313,-0.003899,1.686270,1.023238,10.733494
0.175261,0.307903,-0.014925,1.162573,0.554814,9.566370
0.158514,0.298764,-0.009489,1.074988,0.374628,10.481336
0.210108,0.303648,-0.000010,1.228002,0.287144,11.456314
0.228703,0.322972,-0.028022,1.006096,1.672110,10.193894
0.231811,0.299808,-0.023568,1.470512,1.716876,7.005760
0.243244,0.242933,-0.004792,0.422971,-0.079740,7.436496
0.220306,0.238663,-0.037794,-0.043221,1.911403,6.382606
0.243395,0.231967,0.003007,1.112322,1.941286,3.627393
0.330242,0.199900,-0.014899,-0.139902,1.109063,3.693693
0.310879,0.158686,-0.039189,-0.327463,3.163958,3.494289
0.225099,0.117580,-0.022212,0.174979,0.710733,3.457652
0.233820,0.104096,-0.016671,-0.077722,0.048462,1.692941
0.270869,0.036025,-0.041362,-1.551084,0.924088,0.529308
0.276643,-0.005150,-0.027319,-0.109812,1.507643,-1.991365
0.245709,-0.040364,-0.002442,-0.505204,0.103196,-3.078722
0.250977,-0.069473,-0.003866,-1.364583,0.363875,-3.564838
0.216896,-0.135919,-0.012909,-1.351771,1.151210,-4.453686
0.263264,-0.136704,-0.009903,-0.730813,1.785029,-3.054132
0.289773,-0.141710,-0.004287,-1.566127,1.511077,-2.219525
0.197923,-0.196224,0.009467,-1.851621,1.668319,-3.513687
0.172123,-0.227870,0.021658,-0.980498,0.671715,-3.934978
0.209149,-0.237783,0.004635,-1.743894,1.698770,-4.106787
0.214267,-0.252177,-0.006213,-0.898742,2.554206,-5.988695
0.176840,-0.269449,0.019925,0.141525,1.583704,-6.376400
0.188621,-0.326209,0.022872,-0.075874,0.211333,-4.821242
0.167558,-0.345191,-0.005652,0.018230,1.431097,-3.233300
0.102690,-0.337757,0.030527,1.635533,-0.083052,-3.277581
0.129767,-0.328428,0.014975,0.913380,-0.813178,-2.867480
0.107482,-0.367696,0.036186,1.098444,-0.270381,-2.714761
0.082523,-0.373489,0.041198,2.623741,0.818368,-1.856413
0.071868,-0.355449,0.015612,2.160513,-0.138762,-1.687857
0.074806,-0.390686,0.002416,2.863749,1.191010,-1.363739
0.066616,-0.420783,0.031440,3.384616,1.271026,-0.299615
0.066606,-0.402824,0.050514,3.677285,0.018017,-0.673573
0.089554,-0.394592,0.011489,3.311559,0.814507,-2.007825
0.031064,-0.446734,0.047796,3.361899,0.703164,-3.466650
-0.006924,-0.427223,0.046529,2.681971,-1.465408,-3.852085
0.003416,-0.381551,0.030970,1.870664,-0.257399,-5.607632
0.037317,-0.368336,0.032917,2.183897,1.053837,-7.014892
-0.022998,-0.391060,0.049966,1.836602,-0.030471,-4.830988
-0.035908,-0.384223,0.011922,1.062370,-1.573982,-1.564170
-0.017066,-0.379529,0.024215,0.228424,0.023932,-0.849146
-0.016213,-0.325969,0.016888,0.703245,-0.078079,-2.292882
-0.054834,-0.321850,0.020765,-0.840308,-1.088880,-3.801406
-0.055694,-0.307666,-0.001240,-1.208043,-0.490905,-3.592669
-0.101080,-0.281778,0.037410,-0.545542,-1.631894,-2.303105
-0.131870,-0.237737,-0.011593,-0.696485,-1.505402,-0.042740
-0.177742,-0.263859,0.000220,-0.635993,-1.095701,1.543013
-0.225925,-0.284174,0.028512,-0.225041,-2.086912,1.122840
-0.236425,-0.282510,0.015658,0.850256,-1.372026,-0.507177
-0.247083,-0.288458,0.004927,0.951076,-0.330775,-5.927400
-0.234085,-0.322487,0.024238,1.343193,-0.058240,-10.062866
-0.220876,-0.277511,0.032733,1.109670,1.322967,-13.431112
-0.179176,-0.208826,-0.001185,0.765871,2.598900,-15.933305
-0.115559,-0.169095,0.023762,1.193047,3.293943,-15.267396
-0.101041,-0.141509,0.029096,-0.166424,2.610250,-10.390197
-0.153668,-0.063817,-0.002041,-0.600851,2.595827,-6.082667
-0.185423,0.018821,0.002321,-1.445137,1.246689,-1.912615
-0.139817,0.084743,0.010931,-1.842604,-1.299170,0.334924
-0.092966,0.156320,-0.005688,-3.229569,-0.666782,2.893218
-0.136160,0.199684,-0.009732,-2.791508,-2.299900,4.021634
-0.135031,0.251825,-0.013083,-2.466359,-2.976735,4.968778
-0.125508,0.312734,-0.006732,-3.815583,-3.744258,4.299406
-0.074312,0.341170,-0.013661,-3.388843,-2.080265,4.360952
0.011389,0.417894,0.008502,-2.639203,-1.868768,5.279763
-0.004268,0.448306,-0.021073,-3.449374,-2.333056,7.075651
-0.115474,0.464225,-0.002606,-2.477664,-0.713054,8.775388
-0.073314,0.520125,0.015818,-2.417559,-0.249285,10.106633
-0.000326,0.610133,-0.004434,-2.752470,0.932222,10.074761
-0.049602,0.671974,0.065656,-2.410138,1.060155,8.159144
-0.077368,0.662633,0.026184,-0.998460,1.415311,8.251738
-0.036416,0.639235,-0.003433,-1.139900,1.632789,10.959531
-0.016075,0.642183,0.022285,1.133609,0.479771,11.557871
0.050785,0.620433,0.032523,1.823564,2.079969,12.491532
0.059165,0.560526,0.030484,2.139935,1.028059,13.405134
-0.018150,0.483864,-0.021322,3.563906,0.593491,13.614488
-0.016492,0.458051,-0.019799,5.260697,-0.751534,11.974661
0.055131,0.422739,-0.012591,4.395485,-2.088760,10.457598
0.069032,0.367400,-0.005340,3.698594,-2.318006,9.095150
0.022753,0.312058,-0.007638,4.875755,-1.803648,8.445490
0.012505,0.282647,-0.006949,4.008319,-2.302463,7.889219
-0.002729,0.175916,0.019898,2.597701,-2.438937,5.290542
0.067627,0.092568,0.011660,2.282948,-1.000793,4.793442
0.123740,0.016497,0.023444,2.070220,0.132377,3.604229
0.112541,-0.038047,0.008722,0.565219,0.475691,-0.752516
0.042329,-0.147076,0.012191,-0.345041,2.114350,-5.498273
0.095554,-0.236871,0.048443,-0.716540,2.499787,-7.324476
0.175137,-0.309455,0.029549,-1.679506,3.252141,-7.139817
0.219945,-0.385766,0.025528,-2.329438,3.957261,-8.823096
0.169619,-0.468926,0.052808,-2.133467,1.432246,-10.026077
0.134963,-0.523815,0.028814,-3.608851,2.464202,-9.542380
0.213453,-0.558819,0.036166,-3.348481,2.415523,-10.174727
0.269638,-0.595625,0.052116,-2.908185,0.742727,-11.669535
0.296748,-0.656101,0.031912,-3.950323,0.295278,-12.631675
0.261888,-0.686083,0.011650,-3.837246,-0.868651,-12.892915
0.177333,-0.670330,0.028738,-2.844479,-1.780578,-14.286621
0.193660,-0.638579,0.046496,-2.704700,-2.269025,-15.980123
0.272802,-0.659839,0.010524,-2.846534,-2.275984,-16.486681
0.247708,-0.651515,0.008541,-1.102201,-1.772175,-16.198424
0.164639,-0.641724,0.038155,-0.398587,-2.031984,-15.123142
0.170019,-0.632805,-0.007438,-0.260839,0.944426,-13.337278
0.199703,-0.605732,0.025498,1.533010,2.581798,-12.046347
0.233564,-0.557073,0.059842,1.988957,1.977223,-9.292535
0.267045,-0.502033,0.027570,2.351509,4.845617,-8.142286
0.203658,-0.502663,0.024573,3.256240,5.083561,-8.794535
0.174743,-0.448161,0.009618,3.958577,4.940270,-6.947186
0.247301,-0.336444,0.012877,3.232902,4.364356,-5.297500
0.282965,-0.257852,0.021054,3.031134,3.989413,-5.175574
0.236607,-0.177298,0.023650,3.651636,3.186496,-2.942854
0.200018,-0.122763,0.000939,2.823474,0.760931,1.470771
0.224419,-0.064004,-0.021687,2.141189,0.001979,4.427277
0.271293,0.036162,-0.027559,3.035575,-0.240022,5.677571
0.291007,0.110260,-0.011052,1.375173,-2.061585,6.494583
0.293213,0.152029,-0.045219,0.979928,-1.704646,8.841756
0.258173,0.168172,-0.020157,1.235144,-1.350553,10.605781
0.248765,0.186761,-0.042911,1.160866,-1.999232,12.036441
0.258333,0.204404,-0.054652,0.860050,-1.702453,11.951091
0.243310,0.190171,0.000775,0.628409,-1.798878,11.409909
0.220599,0.215692,-0.012690,0.581706,-0.772972,11.051039
0.210124,0.246495,-0.052325,-0.122951,2.024814,9.087444
0.216489,0.209390,-0.036103,0.300398,3.252948,6.512348
0.252468,0.231156,-0.029656,0.653431,4.527260,5.833129
0.232661,0.256194,-0.041289,-0.751669,4.938454,4.828791
0.236617,0.265444,-0.038795,-0.157374,4.484342,2.877571
0.205952,0.241492,-0.017725,-0.883381,3.602508,3.725386
0.220392,0.238902,-0.061572,-1.486847,3.028239,5.589096
0.227964,0.235669,-0.034948,-0.750918,1.022916,4.604781
0.221931,0.224903,-0.038519,-0.579670,-0.378797,3.531654
0.172311,0.215177,-0.053625,-1.627752,-2.059835,3.345378
0.119644,0.179280,-0.042294,-0.863033,-2.040725,3.064906
0.160208,0.192791,-0.037367,-0.818963,-3.114240,4.179472
0.172603,0.157163,-0.039159,-1.425702,-2.703538,4.354299
0.154372,0.083945,-0.026371,-0.057017,-2.015565,3.583281
0.164961,0.069853,-0.040262,-0.034329,-1.478949,3.119023
0.130075,0.056885,-0.030983,-0.712493,0.268182,0.670670
0.126002,0.040223,-0.026299,-0.220010,1.398742,-2.357232
0.146425,0.033254,-0.001917,-0.082200,2.292556,-4.448776
0.155987,0.001960,-0.028888,-0.641616,3.586264,-4.285152
0.104531,-0.017958,-0.039757,0.070716,4.279147,-4.347880
0.064003,-0.064832,-0.004365,0.433695,4.138015,-4.303568
0.099851,-0.101861,-0.034948,-0.409593,3.589953,-3.324901
0.080527,-0.126023,0.012884,0.401048,2.412526,-2.935981
0.083980,-0.131127,0.011272,0.859607,1.532334,-2.218269
0.066610,-0.171376,-0.008767,0.349444,0.383868,-1.872457
0.036733,-0.224512,-0.001693,0.679159,-0.830838,-0.398589
0.033651,-0.210569,0.014059,1.107261,-2.519892,1.535296
0.028024,-0.216247,-0.020436,0.956791,-1.816593,2.823807
-0.048259,-0.251878,-0.020095,1.106808,-3.623782,2.399200
-0.064521,-0.297842,0.036728,1.322041,-4.439068,4.127043
-0.051607,-0.317383,-0.009368,0.812971,-3.109326,3.849336
-0.051355,-0.332662,0.014633,1.529734,-1.775612,0.684710
-0.065840,-0.380103,0.024333,1.799527,-1.033768,-1.233350
-0.051657,-0.381909,-0.003985,1.262018,0.924558,-1.871518
-0.059403,-0.414868,0.009057,1.645453,2.710733,-2.547658
-0.060923,-0.441620,0.031295,2.400666,2.694363,-2.345437
-0.111732,-0.479755,0.032211,2.206917,2.260947,-1.741176
-0.129299,-0.534614,0.015595,2.278904,3.037952,-1.928387
-0.149716,-0.512734,0.026962,3.072227,2.493970,-2.207917
-0.188659,-0.536072,0.011016,2.618046,2.145444,-3.909058
-0.200075,-0.561849,0.000979,2.323785,0.036566,-5.606719
-0.217154,-0.550846,0.030363,2.286470,-1.408347,-5.409100
-0.217558,-0.511224,-0.005071,1.059039,-2.232504,-5.741811
-0.226286,-0.475038,-0.011429,0.855957,-2.777412,-6.632118
-0.255385,-0.486435,0.041395,0.677921,-6.447562,-5.958413
-0.229109,-0.442946,0.001825,-0.753977,-3.497113,-3.948802
-0.239163,-0.421689,0.011453,-0.299458,-3.146522,-6.090719
-0.230113,-0.415458,0.028800,-0.172105,-2.225480,-8.497026
-0.224165,-0.370089,-0.031577,-1.330143,-0.633133,-9.590726
-0.212884,-0.332610,0.018664,-0.872066,0.680039,-11.018009
-0.187734,-0.281909,0.017965,-1.370130,0.808162,-10.685488
-0.193232,-0.223774,-0.003774,-1.929756,1.435154,-9.865188
-0.193819,-0.189801,0.013071,-1.934545,2.293413,-8.031125
-0.142774,-0.146101,0.032109,-1.095262,1.808584,-4.810665
-0.166037,-0.067185,-0.009217,-1.687371,0.941213,-3.785343
-0.228767,-0.039754,0.004464,-1.818160,0.769019,-4.419751
-0.166884,0.015729,0.032168,-0.859428,0.087135,-3.315154
-0.142597,0.096815,0.008236,-1.336757,-0.800708,-2.075479
-0.096708,0.168192,0.001861,-0.459821,-0.149410,-1.368399
-0.098914,0.214547,-0.008613,-0.067301,-2.037699,-0.160357
-0.131860,0.249245,0.004954,-0.138750,-3.997134,5.175283
-0.132401,0.303609,-0.036021,0.276715,-3.155287,7.143512
-0.121911,0.331136,0.017972,1.690399,-2.793588,6.345189
-0.078862,0.353775,0.002600,1.829876,-2.871408,6.789619
-0.105893,0.356978,-0.008718,1.593957,-1.577346,6.966955
-0.116728,0.361016,-0.012171,2.476293,-0.910142,6.574733
-0.092963,0.401111,0.008397,2.853931,-1.314417,6.216616
-0.060523,0.418176,-0.007070,1.501967,0.971723,7.525777
-0.019459,0.421462,-0.013251,1.416873,1.994114,9.359037
-0.009924,0.461622,0.009286,1.511447,2.398156,11.621405
-0.056554,0.458905,-0.020229,0.633290,1.939776,11.420867
-0.034375,0.459072,-0.035929,0.258560,3.025449,10.362123
0.007933,0.434697,0.006631,-0.076039,1.853507,10.006629
0.080694,0.464787,-0.031925,-1.038650,1.326597,10.142818
0.048192,0.436338,-0.029798,-1.744568,1.624764,8.937753
0.066235,0.401633,-0.028065,-1.783747,-0.492323,9.423200
0.106120,0.397008,-0.006519,-2.743857,-2.475891,9.904055
0.194963,0.389258,-0.036074,-2.430709,-0.009654,9.289167
0.215993,0.351401,-0.013441,-1.933062,-1.257384,8.713406
0.178042,0.263908,-0.027244,-2.644914,-2.558241,8.539319
0.154792,0.222907,-0.040127,-1.907232,-2.271707,8.300085
0.102119,0.169341,0.069224,-2.085928,-14.672464,5.226606
0.210338,0.146735,-0.034728,-1.628340,-0.927729,2.302778
0.202493,0.060302,-0.038132,-0.340767,-0.130638,-0.767966
0.185339,-0.025826,-0.009726,0.528212,-0.926567,-2.232954
0.201761,-0.069302,-0.036228,1.228337,2.436954,-3.502062
0.232320,-0.161496,-0.019044,1.551913,3.491260,-7.701442
0.285804,-0.221381,0.005321,2.780904,3.914826,-10.026701
0.292727,-0.274980,-0.015677,2.750495,4.482527,-10.585965
0.233160,-0.316611,-0.033914,2.245522,4.171890,-12.155123
0.201196,-0.389718,-0.017141,3.305208,3.545808,-11.889065
0.260516,-0.397861,-0.002491,2.054021,0.576846,-9.709271
0.271713,-0.408441,-0.021972,1.329587,1.230277,-8.605317
0.232350,-0.406662,-0.048642,1.819172,0.716960,-8.986557
0.180504,-0.473604,-0.001697,0.353091,-1.399733,-8.083736
0.221426,-0.498350,-0.025537,0.065231,-1.421509,-7.516299
0.256771,-0.495176,-0.006325,-0.113143,-1.602125,-8.015298
0.272861,-0.473049,-0.023525,-0.985687,-1.330172,-9.519466
0.218439,-0.478150,-0.036717,-2.205602,-0.752870,-10.431637
0.172993,-0.500228,-0.011275,-1.405642,-0.134721,-7.736552
0.238022,-0.445434,-0.012420,-2.519856,-0.049007,-4.152544
0.257194,-0.432078,-0.011748,-2.958396,1.659466,-2.795962
0.215921,-0.457293,-0.001198,-2.109331,2.596917,-2.214590
0.205299,-0.418219,-0.023778,-1.532637,3.493712,-2.515958
0.215760,-0.380645,-0.029456,-1.602175,5.165222,-3.515257
0.262755,-0.370013,0.000578,-0.907739,4.249963,-4.821749
0.259121,-0.360199,0.018714,-0.321574,3.854219,-3.511065
0.250449,-0.297901,-0.030871,-0.195119,3.661648,-0.866487
0.245223,-0.220977,-0.009683,1.140538,2.500059,1.925752
0.217145,-0.218831,0.018809,1.937281,0.523546,3.588294
0.222299,-0.186170,0.000706,2.066294,-0.377973,6.341213
0.197576,-0.147398,-0.010668,2.122660,-2.786810,7.836843
0.203704,-0.083046,0.005761,3.902844,-1.875201,6.922351
0.175357,-0.046164,-0.009296,4.096272,-2.305765,4.033456
0.139992,-0.056662,-0.026669,3.414552,-2.340359,3.501211
0.140372,-0.025593,-0.017426,4.825692,-2.571991,3.198435
0.130469,0.006447,0.019075,4.294216,-2.416554,3.413736
0.146616,0.019974,-0.011268,3.621034,0.292239,3.068962
0.129435,0.004674,0.001287,4.214456,2.342554,2.021680
0.116480,0.019094,0.019331,3.288044,2.476744,2.462042
0.151024,0.065330,0.009533,1.872958,3.472777,1.426711
0.138840,0.085662,-0.018641,0.934122,4.649498,-0.435010
0.136575,0.072230,0.012047,1.007068,3.210579,0.443991
0.135823,0.136694,-0.021004,-0.664603,3.253648,2.837850
0.076181,0.136861,0.004353,-1.481917,1.623336,2.961450
0.081233,0.117485,0.013347,-1.761817,0.727428,4.648289
0.071284,0.102314,-0.034688,-3.102886,-0.505226,4.180141
0.056467,0.100554,-0.020909,-2.718969,-1.476562,2.526189
0.048753,0.104135,0.015077,-2.929318,-3.225462,0.962261
0.012256,0.070559,-0.007713,-3.078179,-3.451445,0.290352
-0.007856,0.047336,-0.030392,-3.537613,-3.384631,0.517139
0.015200,0.054741,-0.012765,-2.372124,-2.370318,1.635663
0.005635,0.043427,0.006024,-1.788536,-1.263427,1.673746
-0.045929,0.009549,0.016340,-2.457172,-2.956496,2.087372
-0.059361,-0.019426,-0.026075,-1.493661,0.890575,1.941126
-0.061090,0.000578,0.011886,0.103271,1.044390,1.472623
-0.068673,-0.025075,0.008922,0.083534,2.248506,-0.393404
-0.058940,-0.051699,-0.008176,0.333584,4.484828,-1.372270
-0.079899,-0.081382,0.021940,1.349931,3.543937,-0.527160
-0.079420,-0.082885,0.018402,2.138038,2.833318,1.319990
-0.093468,-0.085065,-0.004457,2.171673,2.390616,1.907921
-0.103004,-0.114639,-0.011081,2.401815,1.170987,2.852325
-0.081156,-0.121329,0.015720,2.903467,0.180915,3.712268
-0.099518,-0.090484,0.011259,2.135790,-1.284146,4.908477
-0.148735,-0.076389,-0.028110,2.394479,-2.103091,4.233499
-0.191712,-0.086949,0.022554,1.992396,-4.230439,5.508411
-0.166598,-0.080131,0.008177,1.416063,-4.881413,6.006416
-0.184746,-0.079770,-0.010822,0.570231,-4.842890,6.253361
-0.212329,-0.126259,0.016317,1.460953,-4.140612,5.860137
-0.246978,-0.170181,0.033859,0.834024,-7.067891,6.414601
-0.192401,-0.195794,0.001136,0.422219,-1.248718,3.541364
-0.172884,-0.219605,0.049224,1.640893,0.747083,-1.152261
-0.170563,-0.260015,0.029710,1.487827,1.554326,-3.437587
-0.181477,-0.307401,0.026158,0.444254,2.964261,-4.066479
-0.172720,-0.317307,-0.007759,0.526844,4.630959,-3.730895
-0.178927,-0.292170,0.027707,1.150612,3.537841,-4.035880
-0.179833,-0.311323,0.005535,0.157776,2.505416,-4.114941
-0.205967,-0.337487,-0.016146,-0.414875,2.840927,-4.031547
-0.235595,-0.366133,0.014912,0.826570,0.527993,-3.638406
-0.199869,-0.344538,-0.011577,-0.209194,-0.882592,-3.398771
-0.213005,-0.379037,0.000509,-0.649382,-2.091035,-5.519654
-0.202134,-0.376079,-0.020800,0.567897,-3.628598,-5.916956
-0.204766,-0.362230,0.002613,-0.056813,-4.307577,-5.361765
-0.209742,-0.362040,-0.040157,0.079762,-4.598946,-7.230911
-0.223282,-0.406100,-0.002780,0.284324,-4.282568,-6.832997
-0.195759,-0.408569,-0.000876,0.542885,-2.906704,-6.461112
-0.179491,-0.365720,-0.016359,0.273430,-1.649448,-6.470202
-0.167760,-0.326412,-0.011032,0.648737,0.741601,-7.909260
-0.172300,-0.357986,0.006332,0.875330,0.433055,-7.783742
-0.123086,-0.313844,-0.015345,0.043977,2.547146,-6.192163
-0.113918,-0.262136,-0.039579,-0.223952,4.224015,-6.201928
-0.114985,-0.214055,0.003197,0.186205,3.156809,-6.210049
-0.120217,-0.177255,-0.006131,-0.524909,2.480936,-4.112440
-0.105630,-0.130963,-0.051974,-0.807399,3.344870,-2.146978
-0.111781,-0.102386,-0.015552,-0.290441,1.069083,-0.389449
-0.101025,-0.043007,-0.038467,-0.213051,-0.684382,1.718199
-0.104038,-0.017778,-0.046712,-1.055200,0.275606,3.215732
-0.056049,0.045278,-0.031419,-0.124396,-1.792612,4.383480
-0.046779,0.084703,-0.011350,-0.010646,-3.304247,5.263384
-0.026142,0.132807,-0.043006,-0.505700,-2.777409,5.360728
-0.023986,0.143219,-0.046804,-0.088610,-2.018582,4.546249
0.043905,0.224092,-0.067135,0.502655,0.022015,6.232999
0.066560,0.248372,-0.033874,-0.035963,-2.132738,6.102487
0.053119,0.285145,-0.039684,-0.345796,-1.030860,7.009394
0.068369,0.256864,-0.005570,0.287600,0.826665,7.834876
0.136345,0.297051,-0.019753,0.425744,0.949521,9.768430
0.164288,0.336177,-0.029118,-0.101894,3.109099,9.116842
0.143547,0.304252,-0.007497,1.482227,2.889356,7.259904
0.196295,0.311825,-0.043275,1.359362,2.531885,8.618723
0.204252,0.289176,-0.046102,1.175237,3.565952,8.613905
0.202197,0.286990,-0.027083,1.835177,2.353012,7.075400
0.191391,0.236388,-0.022097,2.314663,0.654636,6.616768
0.196026,0.226245,-0.048334,1.218755,0.053595,7.501340
0.205430,0.201827,-0.027720,1.751984,-0.608305,7.174413
0.225437,0.185776,-0.003010,1.865586,-2.498494,5.710797
0.226300,0.141483,-0.038014,1.267992,-1.565234,4.602971
0.228224,0.100426,-0.029706,0.684850,-1.757992,2.813681
0.235698,0.063358,-0.025478,0.927843,-1.604138,1.092246
0.242056,0.058014,-0.028879,0.627916,-0.870066,-0.568642
0.216279,-0.011426,-0.026171,-0.770527,0.368956,-1.797882
0.260214,-0.054732,-0.042977,-0.138763,1.627459,-0.890054
0.245010,-0.111554,0.023700,-0.975203,-0.106256,-0.290847
0.248027,-0.133835,-0.010530,-1.565743,2.792039,-1.333094
0.232277,-0.204667,-0.011190,-1.368915,4.092639,-4.018687
0.264091,-0.218811,0.020365,-1.691001,3.987004,-4.751713
0.293111,-0.230687,0.003000,-2.446674,3.938115,-4.920279
0.264350,-0.249781,-0.003335,-2.187102,4.175366,-6.180326
0.220989,-0.286170,0.029880,-2.102435,2.771070,-5.200475
0.269809,-0.259953,-0.003390,-2.971868,2.448476,-2.827983
0.283300,-0.246643,0.014289,-2.452546,0.708390,-1.948887
0.305203,-0.245287,0.049115,-2.129305,-0.087037,-0.585854
0.278826,-0.264962,-0.018687,-2.115841,-0.902556,0.514154
0.280332,-0.292968,0.024300,0.012709,-1.123861,0.826363
0.297092,-0.281807,0.042032,0.470639,-2.766738,-0.104828
0.284202,-0.305080,-0.014872,0.655361,-0.939020,-2.181414
0.289297,-0.324561,0.014663,1.981282,-0.615766,-2.538917
0.267409,-0.367830,0.037020,3.121962,-1.685102,-1.339622
0.291168,-0.349803,0.003037,3.422338,1.048312,-0.610773
0.251165,-0.385992,0.044254,4.272920,1.952663,-2.409905
0.254575,-0.397694,0.032549,4.545536,1.708972,-2.014879
0.234766,-0.368237,0.015910,3.957143,3.033321,-2.517294
0.235822,-0.338699,0.049490,4.525119,3.920242,-2.398719
0.218721,-0.324289,0.038881,3.767388,3.006615,-1.344000
0.211362,-0.310486,0.007888,3.189863,4.201777,-0.840704
0.171936,-0.293736,0.022482,2.940132,2.090457,0.412376
0.186645,-0.217918,0.018533,2.107377,1.721980,3.356766
0.146996,-0.233956,-0.004782,1.052323,1.124658,2.932698
0.122894,-0.257928,-0.003233,0.136641,0.197255,3.207960
0.120507,-0.227733,0.029848,0.103977,-1.134437,3.930726
0.112265,-0.194501,-0.015181,-1.020347,-1.426364,3.444478
0.073227,-0.210667,-0.020485,-1.427930,-1.519313,1.087427
0.071664,-0.243501,0.012004,-0.540165,-1.931991,0.708605
0.093686,-0.194386,-0.018893,-1.842240,-1.452377,1.969557
0.086258,-0.177016,-0.011951,-1.933258,-0.423917,1.244177
0.030033,-0.202586,0.015287,-1.483417,-0.316841,-0.909613
0.054103,-0.187598,-0.015851,-1.360243,1.227953,0.511907
0.056421,-0.157436,-0.014626,-0.951179,2.249343,-1.123444
0.028487,-0.159070,-0.009808,0.034626,2.007660,-2.413329
0.010503,-0.154852,-0.003643,-0.563687,1.825091,-2.791210
-0.004022,-0.157226,-0.028133,-0.463668,2.487911,-2.824346
0.017291,-0.105153,-0.017544,1.352652,2.034055,-2.225879
-0.007373,-0.097423,-0.010228,0.633332,1.255782,-0.891995
-0.011946,-0.098060,-0.033671,0.923424,0.534400,0.408750
-0.058619,-0.132906,0.004153,1.849138,-0.172509,0.136718
-0.015333,-0.047756,-0.037413,1.998331,-1.036171,2.769483
-0.029589,-0.023289,-0.021224,1.260708,-2.049853,1.840513
-0.055773,-0.040564,-0.010136,1.860383,-2.765507,2.563533
-0.054667,-0.007711,-0.041552,1.015684,-1.663261,3.139499
-0.049179,0.011843,-0.046906,1.608558,-1.337863,2.266045
-0.061494,0.047494,0.006024,1.074886,-4.421724,1.460878
-0.091502,0.021946,-0.038273,0.260293,-1.830829,1.594395
-0.086155,0.046345,-0.069338,0.748543,0.483995,2.450379
-0.103995,0.055086,0.008919,0.647171,-3.228794,2.679404
-0.097230,0.057554,-0.038637,-0.285176,0.670723,2.493086
-0.120644,0.054528,-0.053641,-0.716689,1.631578,3.280451
-0.118582,0.040830,-0.023978,0.147495,1.669855,4.292181
-0.115113,0.074387,-0.035457,-1.106655,0.490350,5.647402
-0.127662,0.053123,-0.050779,-1.244491,1.569711,4.917207
-0.142295,-0.005721,-0.020407,-0.322848,1.643136,3.251963
-0.130448,0.017673,-0.007753,-0.533302,0.204837,5.671580
-0.111584,0.053379,-0.053497,-0.699334,0.829360,5.437286
-0.148203,0.002065,-0.014580,-1.028793,-1.703989,4.333038
-0.124182,-0.000873,-0.031800,-0.527659,-2.063725,5.507219
-0.114903,-0.001257,-0.056783,-0.784422,-1.575787,6.857966
-0.158897,-0.030970,-0.026857,0.359938,-2.618486,5.007123
-0.186700,-0.051695,-0.018056,0.942896,-3.277223,3.456463
-0.163217,-0.088590,-0.079120,-0.385838,-2.691252,3.334603
-0.144625,-0.137918,-0.017397,1.741641,-2.081706,1.518413
-0.139012,-0.177938,-0.000607,3.132289,-1.371035,0.454710
-0.155930,-0.217724,-0.039379,2.303099,-0.345798,-1.083172
-0.144507,-0.288829,-0.015161,2.918175,1.203266,-3.090681
-0.089546,-0.300681,-0.010740,4.056597,1.490335,-4.607903
-0.068906,-0.304515,0.015877,2.085667,0.006479,-4.248688
-0.091847,-0.337425,-0.002068,2.298563,2.380785,-5.991237
-0.117995,-0.351228,0.011751,2.337588,2.013372,-5.512917
-0.079370,-0.305159,-0.007894,0.658512,1.352197,-4.802662
-0.062728,-0.287742,-0.025015,-0.030560,0.973735,-5.121410
-0.097424,-0.303747,0.006070,-0.559249,-1.143500,-3.557194
-0.088860,-0.298896,-0.042425,-2.769939,-1.655862,-2.610669
-0.079439,-0.288930,0.006946,-0.943633,-2.025005,-2.877472
-0.065433,-0.285011,-0.018516,-2.241991,-2.448922,-3.826573
-0.061038,-0.281919,-0.013963,-2.644750,-1.704570,-5.889579
-0.073567,-0.286738,0.031433,-3.468970,-8.888275,-6.668787
-0.001252,-0.248793,-0.000220,-2.586280,-1.271242,-4.289941
-0.020835,-0.229452,-0.012962,-2.334448,-0.859142,-4.545647
-0.070531,-0.234708,0.015067,-2.093211,0.196300,-4.125752
-0.030282,-0.182123,0.014066,-2.476482,0.607573,-2.032340
0.018630,-0.131587,-0.018424,-2.039015,2.621263,-1.710785
0.013894,-0.142044,0.009519,-0.771938,2.287659,-1.755043
0.018446,-0.135128,0.015713,0.052902,2.077855,-1.658962
0.039447,-0.111994,-0.009699,-0.543221,3.041005,-1.370419
0.098840,-0.067569,-0.001687,1.722199,3.080289,-2.194922
0.100652,-0.049765,0.032464,2.087302,1.623533,-2.385247
0.125933,-0.010609,0.002101,1.388822,1.657145,0.642731
0.123090,0.017965,-0.020302,1.591565,0.387065,3.879649
0.155925,0.063157,0.012313,3.496423,-0.590242,6.772850
0.146281,0.106968,0.018159,2.428422,-3.224891,6.993107
0.130949,0.095696,0.001799,2.266818,-2.247555,6.663652
0.141843,0.109958,-0.015900,3.206347,-1.636886,7.116087
0.143717,0.121529,0.014870,2.891377,-2.354595,8.072179
0.167374,0.128845,-0.013625,1.972452,-1.301385,6.625182
0.160481,0.099839,0.011121,1.923153,-0.395137,5.379844
0.221429,0.139087,0.014200,2.079900,1.055405,5.003165
0.221202,0.146223,-0.000151,0.718000,1.720299,3.693173
0.212566,0.114350,0.003815,0.253794,3.343239,2.359568
0.230321,0.090316,0.011039,0.383496,4.359176,2.940301
0.254007,0.109003,-0.008393,-0.943236,4.102614,5.155081
0.261097,0.140295,-0.007441,-1.621558,2.990219,4.426238
0.230229,0.096431,0.010054,-1.634087,2.905397,2.952557
0.246435,0.083643,-0.029509,-2.169978,2.712922,3.751701
0.262391,0.086226,-0.016523,-3.257479,2.121259,4.102144
0.281997,0.090323,-0.000108,-2.461688,-0.079071,3.679340
0.268660,0.069860,0.011955,-2.644474,-1.750127,2.640973
0.244288,0.021418,-0.025094,-2.689985,-1.264441,2.193416
0.234017,-0.003141,-0.015322,-1.289789,-1.603740,2.393730
0.253016,-0.015956,-0.000508,-0.886499,-3.181480,1.218674
0.267015,-0.040505,-0.036829,-1.172255,-0.690395,-0.535195
0.261028,-0.086122,-0.014495,0.227121,0.210132,-1.806953
0.277086,-0.095440,-0.020226,0.955336,0.164805,-1.434275
0.239811,-0.124759,-0.015841,1.059800,1.472420,-3.147698
0.249077,-0.164516,-0.000302,1.721389,2.843504,-4.544799
0.263776,-0.197170,0.014581,2.155143,1.794016,-4.435546
0.281146,-0.189518,-0.017065,2.187265,4.186553,-3.382992
0.243638,-0.205625,-0.006194,2.622982,4.376685,-4.197215
0.226691,-0.252535,-0.014032,3.191031,4.046652,-3.615222
0.248552,-0.254314,-0.021431,2.247015,2.465012,-3.399700
0.230196,-0.256559,-0.007385,2.121147,2.133818,-3.314911
0.203156,-0.234265,-0.028856,2.666658,0.278646,-2.770641
0.169941,-0.238020,-0.039504,0.481717,0.782238,-0.521041
0.182726,-0.225681,-0.070464,0.411975,-0.554972,1.150715
0.178449,-0.213779,-0.008527,0.453869,-2.293354,2.149013
0.145532,-0.199162,-0.040387,-0.970411,-2.549014,3.121123
0.102703,-0.235190,-0.035378,-1.143520,-2.555096,2.217122
0.134398,-0.259001,-0.031189,-0.461354,-2.374985,3.193501
0.152179,-0.239802,-0.025593,-0.986629,-1.546790,3.330349
0.094783,-0.275407,-0.056983,-0.464755,1.980315,0.782880
0.042943,-0.314162,-0.031774,-0.071171,0.600867,-1.800771
0.059802,-0.304039,-0.019530,-0.434517,1.237184,-2.494261
0.099519,-0.289134,-0.042143,0.269468,3.490456,-3.111271
0.057652,-0.296378,-0.025324,0.815823,3.258657,-3.480074
-0.002683,-0.330040,-0.011124,0.630575,2.773952,-2.233693
0.016214,-0.299126,-0.046092,0.225582,2.822060,-0.669289
0.033230,-0.270194,-0.015926,1.312387,1.970218,-0.426700
0.020012,-0.274110,-0.032959,1.560073,1.148436,0.525992
-0.032129,-0.248717,-0.054636,1.047169,0.584366,0.162490
-0.066405,-0.230851,-0.028452,0.824932,-0.981259,0.101692
-0.025108,-0.180698,-0.030415,1.452934,-1.523577,0.195898
-0.041537,-0.173274,-0.047286,1.056728,-2.618631,-0.899577
-0.111299,-0.228648,-0.017049,1.567042,-3.066080,-0.976242
-0.080358,-0.169998,-0.017685,0.790666,-3.175982,0.786224
-0.057066,-0.167976,-0.056313,1.503549,-0.644573,-1.091757
-0.045991,-0.188675,-0.024841,1.975144,-1.177322,-1.472254
-0.067367,-0.161004,-0.031738,1.205012,-1.038984,-2.493044
-0.122567,-0.146440,-0.040429,0.367465,0.357086,-3.887147
-0.122820,-0.098710,0.004868,0.980838,0.753644,-5.036152
-0.136340,-0.069992,-0.023262,-0.293103,0.822290,-4.521207
-0.145554,-0.073356,-0.032108,-0.485552,1.773298,-2.643199
-0.138435,-0.034206,-0.002350,-0.292611,1.684659,0.599044
-0.145915,-0.019389,-0.041920,-1.077809,1.791154,2.120408
-0.144238,-0.021579,-0.031524,-1.067765,1.740595,1.744677
-0.147212,-0.052503,0.001816,-0.640861,0.142530,1.363097
-0.123916,0.009384,-0.017899,-1.008428,-0.214488,0.851240
-0.139728,0.037827,-0.036146,-1.388689,0.446756,0.216485
-0.143342,0.018798,-0.004661,-0.782048,-1.683280,-0.541867
-0.144799,0.043345,-0.003279,-1.010201,-2.816608,1.274819
-0.169358,0.054515,-0.021706,-1.277736,-3.076505,2.049946
-0.175438,0.061723,0.000004,-0.288728,-2.853391,2.120558
-0.149690,0.072995,-0.004585,-0.320347,-2.919414,3.311289
-0.098596,0.066830,-0.017830,-0.267142,-0.730884,4.446925
-0.102095,0.075926,-0.012296,-0.061813,-0.904207,4.440607
-0.135425,0.066328,0.013258,1.390512,0.114970,2.935516
-0.139098,0.065639,-0.026134,0.681627,0.455044,2.831088
-0.142859,0.049952,0.028003,0.715932,0.513757,3.250292
-0.100631,0.055283,0.038320,1.807434,0.944833,4.358871
-0.130888,0.041897,0.027123,1.489520,1.213484,4.231298
-0.162872,-0.000476,-0.004378,1.254212,1.990529,3.264935
-0.148338,0.004832,0.003102,1.839635,0.221827,2.850199
-0.121802,0.022537,0.049099,1.580234,-0.441974,2.853094
-0.107435,0.013245,0.009418,0.790046,-0.085514,2.339958
-0.126677,-0.020384,0.026762,1.628351,-0.355518,2.037924
-0.123480,-0.026801,0.026887,0.606298,-1.983607,2.989589
-0.108998,-0.002209,0.011377,-0.109903,-1.968577,1.829118
-0.143792,-0.045573,0.016068,0.361540,-2.452576,-0.853091
-0.107353,-0.086039,0.018231,0.271322,-1.887799,-1.564256
-0.083119,-0.082727,-0.013694,-0.586733,-1.365685,-2.112249
-0.078720,-0.102819,-0.007927,-0.124241,0.954214,-2.630176
-0.116541,-0.126886,0.005351,0.060156,-0.757544,-4.910526
-0.116964,-0.150428,0.030130,-0.952371,0.093001,-4.687851
-0.042446,-0.136615,0.007740,-1.733190,1.397432,-4.180520
-0.016200,-0.146226,0.009158,-0.956789,2.488449,-4.620905
-0.027570,-0.172955,0.026913,-0.884293,1.894718,-4.210787
-0.039151,-0.172745,0.031092,-1.813774,0.675568,-4.699522
0.034898,-0.184811,0.003243,-1.412591,2.940408,-4.872456
0.097412,-0.166495,0.028649,-0.290674,2.394250,-5.281788
0.079441,-0.196431,0.007612,-0.955220,1.134752,-4.567142
0.056076,-0.201959,-0.015128,-1.076355,1.076479,-4.521678
0.079155,-0.198020,0.010550,0.389122,-0.357251,-3.219632
0.128428,-0.166390,-0.007946,0.721413,-1.428521,-3.963373
0.112143,-0.172679,0.012552,-0.217380,-3.483603,-4.550949
0.089928,-0.191816,-0.033192,-0.032609,-1.988101,-5.191527
0.062759,-0.157652,-0.013586,1.458688,-2.129886,-5.309909
0.096319,-0.121752,-0.018532,0.887403,-1.839410,-3.921195
0.122742,-0.114833,-0.025882,0.469220,-0.927410,-2.926865
0.120291,-0.134386,-0.015611,1.302838,0.112837,-0.205956
0.097648,-0.093668,-0.014232,1.149814,0.313745,1.634484
0.059063,-0.102100,-0.028728,1.142209,2.012387,0.985191
0.069281,-0.075414,-0.035745,0.510546,2.671934,-1.123895
0.110036,-0.058585,0.000138,0.855170,3.533955,-2.993998
0.131480,0.007888,-0.039176,-0.461236,4.363722,-2.687426
0.067256,0.020115,-0.008114,-0.391028,2.352750,-2.629675
0.064443,0.047500,-0.007415,-1.054267,1.607387,1.038122
0.109147,0.086046,-0.042455,-1.569059,2.546279,4.001754
0.165966,0.137902,-0.033490,-0.496519,2.044096,5.772351
0.164777,0.185113,-0.038959,-1.232924,0.187860,8.018869
0.116361,0.171507,-0.055105,-1.683882,-0.272495,8.504800
0.124929,0.153835,-0.039888,-0.855303,-1.778451,8.578380
0.171280,0.160984,-0.042878,0.678207,-0.191265,6.443302
0.188844,0.147509,-0.068278,0.494800,-2.341495,4.915560
0.162273,0.113523,-0.066190,1.368132,-1.139216,2.577925
0.149901,0.059957,-0.038897,1.929685,-1.730416,1.525805
0.198301,0.058463,-0.049926,2.665175,-0.136231,1.407300
0.206353,0.033297,-0.068330,2.516634,0.594699,-0.436843
0.200756,-0.017289,-0.002635,2.904074,1.355936,-1.950618
0.241238,-0.037292,-0.013819,3.243077,1.252755,-2.200502
0.267800,-0.027445,-0.055840,2.861179,6.742538,-1.244843
0.199053,-0.066506,-0.029364,2.227521,3.613078,-2.651366
0.177562,-0.082632,-0.035690,2.219515,1.859665,-4.294975
0.185086,-0.061812,-0.026922,0.618867,2.505928,-4.052767
0.179509,-0.062396,-0.023197,-0.249942,1.560786,-4.316757
0.118203,-0.085652,-0.020223,-0.516190,0.169863,-3.482339
0.064784,-0.121585,0.006959,-1.389463,-4.638745,-1.891571
0.063652,-0.082645,-0.050356,-2.296933,-1.688414,0.433351
0.055942,-0.086325,-0.003121,-2.174810,-2.227351,-0.496203
0.033004,-0.096678,0.001372,-2.976355,-4.016165,0.194753
0.021286,-0.104838,-0.027726,-3.773748,-1.649754,0.640275
0.011235,-0.117449,-0.008163,-2.716678,-1.957144,0.960592
0.016460,-0.124323,0.007277,-2.861863,-1.411970,0.837842
0.005422,-0.131413,-0.023052,-2.612191,1.169920,-1.537827
-0.000293,-0.162297,-0.003843,-1.910974,0.993190,-3.603358
0.022694,-0.187404,0.004665,-0.265442,2.852773,-3.621729
0.030683,-0.191803,-0.019655,-0.113836,2.519255,-3.552052
0.011507,-0.216585,0.014226,0.045573,2.663698,-4.443350
0.029374,-0.230526,0.009467,2.246776,3.479079,-3.350543
0.040951,-0.209594,0.020361,2.296245,1.760654,-1.675820
0.037967,-0.232915,0.014138,2.523351,3.279185,-0.716569
0.021210,-0.260255,0.036806,3.544028,0.294254,-0.006978
0.026715,-0.239073,0.046128,3.496695,-1.600441,1.786232
0.046649,-0.213848,0.004202,3.230404,-0.706446,2.733192
0.026610,-0.200413,0.038779,4.219964,-2.130995,2.167454
-0.051338,-0.231123,0.060030,3.695437,-4.871746,2.946606
-0.057995,-0.221299,0.018966,2.565487,-3.286968,4.003285
-0.064281,-0.225839,0.045567,3.466283,-2.699343,3.685594
-0.081291,-0.258371,0.055293,3.130972,-3.065246,2.291854
-0.090350,-0.288576,0.053350,1.870858,-1.775688,-0.432709
-0.108367,-0.311254,0.033754,2.212251,0.663916,-3.216641
-0.142370,-0.316526,0.034413,1.721316,0.710290,-4.123323
-0.152749,-0.310962,0.024251,0.651941,1.496181,-5.002856
-0.163378,-0.321220,0.027031,0.100563,3.149145,-5.161156
-0.182711,-0.336604,0.040808,0.235639,2.961123,-3.111762
-0.173698,-0.323320,0.038316,-1.009675,2.316518,-1.219777
-0.230169,-0.325756,0.000375,-1.528888,2.093267,-1.115974
-0.267776,-0.341899,0.046713,-1.445307,1.173173,-2.074978
-0.225436,-0.312997,0.008183,-1.951551,-0.058004,-2.332078
-0.195382,-0.284443,-0.032601,-1.999925,0.245392,-4.056560
-0.216360,-0.279549,0.013104,-2.319775,-3.555521,-4.574765
-0.249263,-0.308881,0.009306,-1.859958,-4.048625,-4.337455
-0.250595,-0.255312,-0.055289,-1.899702,-3.768699,-3.066016
-0.238096,-0.241693,0.000959,-1.165450,-4.178511,-2.500648
-0.194308,-0.240071,0.005183,-0.410043,-4.466181,-2.449602
-0.208039,-0.233359,-0.025734,-0.504725,-3.255519,-3.155964
-0.240154,-0.255948,-0.017121,0.175823,-1.719387,-5.120041
-0.226138,-0.200754,-0.005829,1.177416,-1.060645,-5.659304
-0.204641,-0.172256,-0.006601,0.954247,-1.899928,-6.554133
-0.179974,-0.156612,-0.040525,1.372048,1.748029,-5.156135
-0.162370,-0.126623,-0.013294,2.456031,1.376608,-2.623950
-0.196937,-0.096294,-0.007037,1.747096,1.317383,0.176997
-0.214288,-0.064598,-0.018122,1.385119,1.692359,0.584698
-0.219032,-0.034666,0.004425,2.233304,0.369678,0.598704
-0.202061,0.017932,-0.014364,1.208471,0.165858,0.696265
-0.175362,0.067149,-0.017311,1.081697,1.949719,2.218318
-0.215552,0.078375,-0.011199,1.297708,-2.806977,2.982473
-0.219494,0.115456,-0.015037,0.212737,-2.768350,5.255772
-0.190487,0.115637,-0.021401,0.164180,-2.560410,6.342959
-0.159396,0.139671,-0.008774,0.568192,-3.308265,7.814788
-0.138796,0.132335,0.000992,0.115840,-2.446579,7.252632
-0.142524,0.099290,-0.027992,-0.085042,-1.508648,6.765715
-0.138205,0.102179,-0.021880,0.578811,-1.989286,5.411922
-0.143194,0.100531,0.007474,0.243461,-2.797202,4.512117
-0.151728,0.086919,-0.032401,-0.274524,-0.557601,3.540160
-0.154305,0.049624,-0.010307,0.738840,0.072076,2.779285
-0.133258,0.024303,0.001737,0.961671,0.204148,3.865622
-0.122928,0.021776,-0.017626,0.373160,1.889676,3.528006
-0.158044,-0.029023,-0.011554,0.664319,2.174865,0.705092
-0.140729,-0.057032,-0.006952,1.276362,1.412804,-1.210516
-0.100618,-0.062176,0.021871,0.167108,0.133897,-1.190049
-0.086277,-0.093665,0.000000,0.084122,1.481351,-1.256787
-0.090498,-0.115388,0.017410,0.788582,0.874507,-0.561067
-0.083066,-0.139100,-0.012525,-0.125200,-0.120423,0.773944
-0.055451,-0.123010,-0.023784,-0.051079,-0.607973,0.727317
-0.043740,-0.153914,0.038556,0.282351,-1.736489,-0.777963
-0.049553,-0.176845,-0.015050,-0.613955,-1.954981,-1.874540
-0.058215,-0.206246,-0.032040,-0.644022,-1.922501,-3.891543
-0.035478,-0.233933,0.007425,0.361340,-2.062507,-4.427752
-0.006799,-0.215299,-0.026932,0.002589,-2.086242,-6.356575
-0.024350,-0.251737,-0.003935,-0.595970,-1.582572,-8.891636
-0.022949,-0.280544,-0.001638,-0.019022,-0.574752,-9.033312
-0.016830,-0.249377,-0.006814,-0.062584,-0.217225,-7.302860
-0.040552,-0.241387,-0.019570,-1.316084,1.329647,-6.924142
-0.026178,-0.228179,-0.009863,-1.070076,1.472896,-7.250013
-0.000979,-0.210175,0.013209,-1.011898,1.114516,-6.089214
-0.017877,-0.217061,-0.010162,-1.398585,2.397210,-5.050155
-0.019968,-0.205803,0.009651,-0.471172,2.623380,-5.258016
-0.007613,-0.208123,0.017729,-0.942133,2.142191,-3.735840
0.049846,-0.197071,-0.004812,-1.030693,2.322883,-2.713622
0.090506,-0.152712,-0.001070,0.731776,2.262575,-1.154309
0.067427,-0.146344,0.024333,0.221196,-0.357133,-0.285434
0.069748,-0.147040,-0.012010,0.075315,-0.544652,-0.036481
0.090844,-0.137101,0.001940,1.272085,-0.921751,0.049007
0.102848,-0.118706,0.007415,1.704655,-1.850317,0.267352
0.097868,-0.098710,-0.048435,2.000008,-0.101109,-0.945743
0.041144,-0.121900,-0.013198,2.113328,-2.213480,-2.596853
0.091231,-0.086286,0.002088,2.269726,-1.739581,-1.014375
0.133673,-0.053035,0.011239,1.400714,-1.483127,0.879727
0.137799,-0.052936,-0.000397,1.555130,0.303629,1.776831
0.127358,-0.052756,-0.001441,2.058833,2.502455,2.442489
0.118797,-0.040607,-0.005691,1.078477,1.439500,4.776490
0.137162,-0.015086,-0.012824,0.961603,2.884574,4.978176
0.114057,-0.036576,0.036343,1.154082,2.505288,4.016783
0.143005,-0.021671,0.001225,0.285630,3.391116,4.144329
0.138071,-0.013258,-0.005531,0.074983,3.100404,3.565858
0.128162,-0.004415,-0.004585,0.189307,2.474883,3.551500
0.094989,-0.007310,0.009388,0.239676,0.385847,2.480407
0.113388,-0.007330,-0.024336,-0.423189,-0.458206,4.074143
0.141607,0.013458,-0.030267,-0.911311,-0.247604,3.274646
0.115515,0.003400,-0.023367,0.253669,-0.903209,2.055079
0.086412,0.018903,-0.043686,-0.782580,-2.343159,0.896124
0.060156,0.003305,-0.048849,-1.248266,-1.217335,-0.535827
0.085342,-0.002291,-0.044585,-0.747176,-1.492952,-1.020245
0.093289,0.002540,-0.021473,-0.546268,-1.992581,-0.242947
0.067499,-0.030455,-0.053474,-0.945540,0.032476,0.239909
0.006288,-0.039898,-0.033366,-0.405438,-0.107966,-0.547746
0.030398,-0.043266,-0.027004,0.356150,1.509508,-1.053314
0.064194,-0.039301,-0.038591,-0.391760,3.324184,-2.956209
0.061367,-0.083253,-0.021647,0.122739,3.312462,-4.242252
0.055439,-0.086312,0.001796,0.651127,3.186702,-3.819030
0.073411,-0.060065,-0.022750,-0.298887,3.514549,-1.297556
0.068668,-0.064608,-0.019044,0.083810,3.365644,-0.833622
0.067095,-0.091790,-0.006085,1.140532,2.473593,-0.164080
0.051405,-0.069611,-0.008636,0.004834,-0.805986,1.136117
0.020925,-0.084841,-0.034232,0.204249,-0.807473,1.035658
-0.023556,-0.069992,-0.027999,1.568735,-1.688962,0.462132
-0.058143,-0.088564,-0.029187,0.838176,-3.199695,0.420409
-0.039577,-0.108623,-0.060905,0.574491,-3.955916,-0.013227
-0.055878,-0.152099,-0.011646,1.439946,-4.502970,0.520140
-0.058130,-0.175811,-0.040843,1.605728,-3.443173,1.122150
-0.095750,-0.213769,-0.040124,1.198611,-2.048304,1.295025
-0.075980,-0.223098,-0.028908,2.156945,-0.762947,0.514265
-0.056682,-0.227536,0.018418,1.226334,-3.696157,0.222617
-0.050879,-0.242014,-0.028156,1.062774,1.486829,-1.042143
-0.112119,-0.283649,-0.016395,1.859543,2.715499,-1.682593
-0.118520,-0.292157,-0.020426,1.466786,2.807220,0.524319
-0.083224,-0.244115,-0.024434,0.610559,2.924413,1.961755
-0.099738,-0.261991,-0.029437,0.185841,2.848024,1.914277
-0.112671,-0.279956,-0.021470,0.771674,2.105664,2.973163
-0.135251,-0.288192,-0.046203,-0.236491,1.194016,4.069448
-0.147727,-0.304794,-0.055926,-0.034138,-0.357087,3.021516
-0.147744,-0.304056,-0.039264,0.487211,-1.812471,1.829311
-0.132671,-0.320649,-0.067066,0.691622,-3.045775,1.425592
-0.157463,-0.345539,-0.089787,0.771132,-3.055507,1.099635
-0.200184,-0.385441,-0.058309,1.472343,-4.041020,0.439898
-0.180197,-0.374838,-0.066439,1.647438,-3.867503,-0.045864
-0.192099,-0.406931,-0.065858,1.213966,-3.685473,-1.863442
-0.168584,-0.419430,-0.067362,2.196669,-0.640174,-3.783843
-0.184799,-0.428864,-0.041214,2.375204,-2.734846,-4.961073
-0.202150,-0.452327,-0.072742,2.249313,0.625081,-4.960204
-0.182452,-0.460930,-0.095765,2.564187,3.528545,-5.978301
-0.190881,-0.452534,-0.036116,2.034599,0.727250,-7.108074
-0.160598,-0.425020,-0.048961,1.561951,2.981228,-8.060428
-0.205580,-0.428644,-0.055000,1.744369,3.284220,-9.814253
-0.213908,-0.432291,-0.051590,1.468296,1.981303,-8.579753
-0.200696,-0.388818,-0.050113,0.494476,-0.135627,-7.430946
-0.210533,-0.342014,-0.084417,-0.446393,0.496636,-6.047884
-0.230871,-0.294428,-0.093529,-0.412416,-1.420482,-4.763187
-0.268708,-0.251396,-0.050057,-1.511488,-3.058425,-2.567742
-0.266082,-0.208645,-0.095640,-2.330985,-3.439355,-0.973149
-0.269844,-0.189321,-0.066042,-1.705201,-4.343716,-1.031154
-0.248101,-0.126985,-0.077541,-2.599331,-5.392921,0.362222
-0.229588,-0.090599,-0.085186,-3.034054,-3.905025,-0.197441
-0.219297,-0.062353,-0.082425,-2.046319,-2.216273,0.375742
-0.218611,-0.023473,-0.078391,-1.295533,-1.541949,1.570451
-0.229919,-0.025167,-0.082090,-1.337440,1.022831,2.615848
-0.228390,0.002646,-0.091032,-0.740391,1.328196,1.531960
-0.191347,0.049670,-0.039510,0.306894,1.110623,2.006220
-0.162810,0.097968,-0.070382,0.202348,2.700104,1.224790
-0.210340,0.091268,-0.048731,0.530004,2.381908,1.031568
-0.159915,0.128120,-0.028015,1.919198,2.633703,2.481835
-0.120998,0.169663,-0.022084,1.456870,0.735630,5.614198
-0.095829,0.223695,-0.035233,1.191593,1.081901,7.912096
-0.117365,0.225408,-0.033277,2.343775,-0.018500,9.870809
-0.139803,0.238512,-0.023220,2.556372,-2.015398,13.271265
-0.112113,0.269068,-0.058910,1.948973,-2.330252,14.883556
-0.121671,0.261545,-0.034738,2.380479,-4.366339,12.540587
-0.105528,0.238026,-0.023581,3.059527,-3.503156,10.230768
-0.081481,0.228251,-0.040413,2.304372,-3.579089,7.698469
-0.062715,0.196904,-0.021119,2.360410,-1.810990,5.528022
-0.032484,0.155614,-0.005107,2.953599,-1.423518,3.296943
-0.019023,0.135968,-0.010192,1.667248,-0.850641,2.672150
0.022802,0.105084,-0.018555,1.414349,2.157356,3.183401
0.014074,0.074403,0.016990,1.131469,1.866749,3.163661
0.023751,0.040564,0.017893,0.739293,1.643326,2.333394
-0.000293,0.015933,-0.014584,-1.143471,2.405305,0.588036
-0.016364,-0.024418,-0.001470,-0.992131,2.646859,-1.546225
0.005651,-0.027080,-0.016015,-0.659682,2.338225,-2.615283
-0.028732,-0.045501,-0.003902,-2.603608,0.876795,-2.698260
-0.030669,-0.091390,-0.006643,-2.089237,1.208239,-2.500036
-0.050633,-0.122320,0.018080,-2.840472,-2.862992,-0.478437
-0.045358,-0.144628,-0.020646,-2.982756,-1.673643,-0.631986
-0.059594,-0.177068,0.002685,-1.759535,-2.159844,-2.578459
-0.029021,-0.219480,-0.025780,-1.987550,-2.090569,-3.793082
-0.020080,-0.243163,-0.021260,-1.882331,-1.312207,-5.032108
-0.045263,-0.281876,0.004350,-0.624041,-1.620231,-6.755414
-0.062817,-0.285205,0.009270,-0.478209,-1.469676,-8.005259
-0.048381,-0.318965,0.010163,-0.016577,-0.595093,-8.114219
0.000885,-0.332035,-0.017016,0.413186,1.550827,-8.149386
-0.022121,-0.364666,0.039600,1.756258,1.012698,-8.910085
-0.023461,-0.353411,0.028794,1.687294,2.387767,-8.346310
-0.021160,-0.373319,0.035848,1.370059,2.257185,-8.853440
0.049101,-0.348772,0.023194,2.414203,3.628295,-7.938857
0.084256,-0.302333,0.029398,2.116552,3.333194,-5.876562
0.068264,-0.304867,0.007570,1.371146,1.939107,-4.717937
0.050795,-0.268074,-0.003371,0.923976,1.494435,-3.879858
0.088270,-0.229817,0.017023,1.708377,-0.341236,-1.229078
0.131868,-0.161348,-0.031022,0.530290,-1.098514,1.296332
0.071103,-0.147953,-0.015821,-0.083933,-2.021936,1.077793
0.060629,-0.130021,-0.011725,0.458526,-2.199375,2.218995
0.078650,-0.078706,-0.025609,-0.739255,-2.837215,3.523235
0.121108,-0.050281,-0.036514,-0.647488,-0.984164,3.709925
0.110453,-0.032854,-0.016740,-0.386505,-1.274502,2.084060
0.096430,-0.012857,0.021005,-0.993460,-5.030609,2.939010
0.126425,0.025905,-0.038568,-0.957399,0.274507,4.170253
0.122119,0.035046,-0.015634,-0.117102,1.267589,4.192232
0.124059,0.024828,-0.001739,0.061404,1.080352,4.693979
0.118305,0.042202,-0.043055,-0.248225,2.067014,5.141034
0.096325,0.065268,-0.018733,0.452605,3.261841,3.261430
0.074139,0.070796,-0.030021,1.301584,2.297854,1.863077
0.071628,0.075864,-0.043892,0.478995,1.338992,1.023026
0.081673,0.075745,-0.057130,0.480761,1.909762,2.212253
0.086544,0.091662,-0.029647,2.097996,-0.252994,3.123619
0.042556,0.108068,-0.035420,0.726494,-0.926780,4.225244
0.017764,0.094685,-0.054866,1.023768,-0.623207,3.495932
0.034685,0.106797,-0.015575,1.251054,-2.589713,3.722884
0.044637,0.114541,-0.033523,0.664355,-2.173181,2.804546
0.034077,0.118388,-0.066571,0.765723,-1.598407,0.323987
-0.004088,0.100003,-0.014055,0.676723,-2.430895,-1.215448
0.015705,0.112529,-0.036983,-0.235651,-1.355378,-0.873234
0.038984,0.130434,-0.055099,-0.318109,0.682149,-1.498683
0.046580,0.112069,-0.034839,-0.613623,0.040462,-0.658972
0.018328,0.100718,-0.035959,-1.548475,0.535503,0.524862
-0.023205,0.108583,-0.059169,-2.016173,1.233422,1.228682
-0.018173,0.138473,-0.033920,-1.689807,1.533890,1.310092
-0.022423,0.144650,-0.065484,-2.605105,1.663815,0.841826
-0.049185,0.119340,-0.057446,-2.681228,1.692671,-0.672839
-0.073150,0.098197,-0.022970,-2.406471,-0.091731,0.320213
-0.077857,0.149138,-0.048688,-2.726982,1.070731,1.166274
-0.102617,0.138358,-0.055233,-2.789565,0.613553,1.094218
-0.062200,0.128028,-0.037442,-2.126332,-0.698703,2.960394
-0.067902,0.130766,-0.039789,-1.854743,-0.869154,4.687961
-0.094811,0.122704,-0.064230,-1.210725,-0.290158,5.057997
-0.120595,0.111951,-0.045104,-0.131607,-1.585372,4.925311
-0.127228,0.094675,-0.040656,0.218009,-3.446153,4.133908
-0.107212,0.071084,-0.044674,0.787502,-1.880571,3.848583
-0.107662,0.051291,-0.038391,1.922822,-1.652150,3.448273
-0.132008,-0.007389,-0.005399,3.115486,-1.529653,3.967696
-0.119856,-0.054794,-0.028258,2.870501,-0.569697,4.607746
-0.114138,-0.057216,-0.023098,3.394605,-0.175190,3.271383
-0.133964,-0.089387,0.014318,4.170898,-0.747182,1.807133
-0.127406,-0.122071,-0.012059,3.611682,0.971631,1.434567
-0.117578,-0.161834,-0.006624,3.791570,1.547660,0.127854
-0.127882,-0.183351,0.014187,3.596957,-0.078211,0.608437
-0.106460,-0.176421,-0.004726,2.534163,1.404729,1.186297
-0.104750,-0.209403,-0.030471,2.333878,1.957840,0.640178
-0.123926,-0.257632,0.006165,1.878814,-0.470357,0.697943
-0.089044,-0.275377,0.008390,1.066995,-0.956470,1.696176
-0.122859,-0.298679,-0.028068,0.397220,-0.687169,0.626872
-0.150435,-0.343951,-0.018621,0.436849,-1.429778,-0.841905
-0.124885,-0.342949,-0.017649,-0.781881,-1.912404,-2.093311
-0.127209,-0.371881,-0.015233,-0.985937,-2.066984,-3.049147
-0.184346,-0.403717,-0.007966,-0.495094,-2.421153,-3.728875
-0.204710,-0.446934,-0.007615,-1.410592,-2.118610,-3.817751
-0.176120,-0.480287,-0.040144,-1.620120,-1.304018,-5.144469
-0.164267,-0.473646,-0.002576,-0.191954,-0.141634,-7.279427
-0.187468,-0.480001,0.008860,-1.135064,-0.794741,-9.164736
-0.195191,-0.503385,-0.020623,-1.188749,2.433196,-9.939693
-0.192884,-0.505105,-0.000325,-0.501780,1.649074,-10.350944
-0.141310,-0.495156,0.019363,-0.093333,2.004595,-10.645286
-0.141665,-0.454526,-0.004579,-0.638310,1.749231,-10.384480
-0.189952,-0.464675,0.010846,0.377368,1.817026,-10.414732
-0.185173,-0.447502,0.017417,0.580823,-0.619239,-8.123668
-0.117342,-0.380189,-0.011869,0.350081,0.316296,-7.443644
-0.109434,-0.337258,-0.000584,0.361097,0.129075,-7.312961
-0.132237,-0.286633,-0.009312,0.604726,-1.679778,-6.295911
-0.149496,-0.192003,-0.009374,-0.285639,-1.818011,-3.961838
-0.147753,-0.112657,-0.023305,-0.527036,-2.333879,-2.071896
-0.141015,-0.048272,-0.003801,0.363129,-3.223351,-0.151069
-0.127776,-0.030550,-0.029624,-0.405028,-2.902122,2.977749
-0.127655,0.030349,-0.056376,-0.104245,-2.685530,4.984471
-0.152290,0.068544,-0.004352,0.714957,-1.503928,4.666503
-0.130947,0.132798,-0.008626,-0.033895,-0.871908,4.571877
-0.098064,0.166367,-0.006722,-0.285632,0.000712,3.470182
-0.050922,0.197580,-0.003745,0.870324,0.977730,3.335267
-0.026100,0.265270,-0.011895,0.671927,1.857295,4.566717
-0.035277,0.272101,-0.041286,0.569302,4.466545,6.340015
-0.032212,0.313374,-0.019885,1.055149,2.568557,8.473150
-0.004784,0.330939,0.022524,1.133747,1.466301,9.944346
0.021351,0.372288,-0.009706,0.183244,1.300462,9.188797
-0.023759,0.377011,-0.004293,1.022278,1.120004,7.961739
-0.019925,0.375508,0.007015,0.558273,-2.329488,9.711926
0.025943,0.405233,-0.033924,0.248762,-1.394515,10.501724
0.013647,0.391887,-0.010349,1.091931,-2.327466,10.276217
0.006114,0.382043,-0.019481,0.480866,-3.592672,10.863271
-0.016078,0.354487,-0.029683,0.251568,-3.636397,9.646750
-0.005315,0.329012,-0.019760,0.572725,-2.854175,8.853126
0.042966,0.332416,-0.014446,0.540656,-2.131796,6.004383
0.044735,0.288077,-0.034521,-0.221044,0.671928,4.563205
0.013372,0.247145,-0.006867,-0.183384,0.557709,4.001203
0.006226,0.211721,0.000565,-0.192844,0.352534,4.536992
0.031215,0.194586,-0.038851,-0.758179,2.811769,3.520139
0.023944,0.128501,0.004451,-0.748755,3.282198,0.844095
0.041742,0.101388,-0.004241,-0.814528,2.668720,-0.648013
0.000307,0.085967,-0.000791,-1.304169,2.205349,-2.003309
0.006925,0.031744,0.004015,-1.407556,2.241147,-4.269229
0.018863,-0.005633,0.035270,-0.895509,0.365315,-4.999942
0.031619,-0.037535,0.001947,-1.645031,-0.621195,-3.342821
0.022802,-0.051859,-0.017715,-1.662930,-1.018478,-3.343770
-0.031726,-0.111820,-0.007106,-0.586445,-1.938424,-3.094019
-0.048529,-0.129722,-0.032630,-0.789739,-3.173842,-2.471866
-0.027577,-0.146285,-0.023545,-1.711435,-2.891940,-3.160777
-0.013853,-0.165192,-0.017200,-1.191782,-2.864787,-5.576868
-0.054726,-0.196914,0.013235,-0.188551,-2.702021,-8.268078
-0.037854,-0.229475,-0.020088,-0.708650,-1.162525,-9.094642
-0.022919,-0.241010,-0.008682,-0.464354,-0.323133,-9.225480
0.019546,-0.240488,0.018917,0.692830,1.561689,-7.173167
0.011415,-0.260363,-0.000922,-0.071791,2.410501,-5.134700
0.028386,-0.284030,-0.008097,0.140763,3.640995,-4.096267
0.020252,-0.273073,0.011269,0.839677,3.865350,-3.171348
0.001332,-0.257517,0.023151,0.587598,1.404329,-3.289529
0.004650,-0.241279,-0.042599,0.479816,4.253652,-4.622111
0.015994,-0.256221,0.019830,0.720705,1.322071,-4.340783
0.049134,-0.242100,0.013064,0.695919,0.052926,-1.554310
0.029003,-0.226380,-0.014328,0.678489,-0.659481,0.826036
-0.004678,-0.256103,0.000995,1.254577,-1.678347,2.351618
0.046465,-0.253257,-0.005005,1.814016,-1.687735,4.739338
0.080445,-0.221214,-0.022061,1.641917,-2.869557,4.675475
0.063219,-0.244650,-0.020308,2.538929,-2.324823,1.643755
0.027680,-0.271586,-0.016054,2.760740,-2.670113,-1.008735
0.010056,-0.278230,0.004675,2.233035,-3.026454,-2.013208
0.065838,-0.259290,-0.016205,1.802452,-0.525351,-3.212732
0.065635,-0.247857,0.013511,2.775268,0.177268,-3.814265
0.039582,-0.270588,-0.005376,2.255389,1.027259,-1.679128
0.054031,-0.266006,-0.015732,1.266814,1.937354,-0.742109
0.032118,-0.253293,0.004622,1.121996,2.480877,-1.369971
0.001906,-0.207841,0.041152,0.418884,-1.540058,-3.355533
-0.020825,-0.183754,-0.021378,-0.771925,2.274710,-4.999908
-0.022187,-0.159418,-0.007818,-0.573761,2.643160,-5.018726
0.008028,-0.110454,-0.007280,-1.006899,1.205239,-2.772537
-0.009458,-0.099225,-0.033398,-2.093612,1.190035,-0.884649
-0.052303,-0.091971,-0.035476,-2.112358,0.100288,0.328491
-0.042121,-0.051449,-0.012535,-2.007386,-0.802087,1.463499
-0.026707,0.010540,-0.019543,-2.917941,-4.057205,0.742317
-0.035921,0.023003,-0.037580,-2.698027,-1.189372,-1.026071
-0.028145,0.031469,-0.049138,-1.906362,-1.868499,-1.862269
-0.040257,0.066972,-0.021316,-2.299831,-2.607517,-1.521352
-0.022870,0.121115,-0.032991,-2.356076,-1.441322,-2.422398
-0.036154,0.129646,0.000903,-1.146540,-1.647512,-2.680457
-0.026356,0.135791,-0.027894,-0.845879,-0.393089,0.317841
-0.018573,0.169249,-0.039100,-1.009791,0.708619,3.076097
-0.048929,0.188760,-0.010828,-0.095142,0.592184,2.504879
-0.060093,0.194169,0.039994,0.437535,-2.547002,1.250896
-0.031555,0.217645,-0.018037,0.458122,1.498479,1.496317
-0.014309,0.229157,-0.006794,1.292443,2.687056,2.455544
-0.035021,0.246436,-0.010096,2.105936,1.307257,3.679126
-0.059453,0.243186,0.015287,1.943235,0.787729,5.639014
-0.045138,0.244594,-0.008718,1.167444,0.327003,8.321761
-0.047025,0.266994,-0.004247,1.658914,-0.895440,9.016827
-0.043257,0.271120,0.000926,2.204008,-0.744858,9.316557
-0.058770,0.262887,-0.015887,1.025741,-1.756144,8.928395
-0.072428,0.209498,-0.011150,1.402831,-1.204573,8.957626
-0.057624,0.209209,0.014647,1.345703,-3.508392,9.322738
-0.052779,0.185605,-0.009358,0.711385,-1.664915,8.347546
-0.065374,0.123705,-0.023216,0.590867,-1.140191,7.075975
-0.071916,0.103160,0.001701,0.759148,-1.389112,7.916628
-0.083109,0.074830,0.016816,0.052587,-1.181366,7.447075
-0.091844,0.042882,-0.033559,0.016316,0.472428,6.087039
-0.133947,-0.044710,0.006138,-0.014480,0.019117,4.826609
-0.093130,-0.090858,0.008233,-0.490026,-0.086446,5.694152
-0.076200,-0.122655,0.009913,-0.383508,0.996643,4.937232
-0.107435,-0.195381,0.018750,0.352786,1.585802,2.428136
-0.126381,-0.245914,-0.010018,0.471328,1.711683,1.031130
-0.086677,-0.316083,-0.008111,-0.236468,1.030994,-0.977987
-0.069411,-0.350643,-0.005632,0.918176,1.419625,-3.802286
-0.138234,-0.411395,0.030580,1.342142,-0.710707,-6.263568
-0.142436,-0.457247,-0.011117,0.926576,-1.747347,-6.055296
-0.129441,-0.486464,-0.017594,1.002197,-0.791064,-6.421324
-0.138106,-0.516705,0.027208,1.564928,-3.394304,-6.156014
-0.124507,-0.545899,0.011952,0.685054,-2.060928,-7.806729
-0.148128,-0.607507,-0.024667,1.590196,0.154990,-10.283405
-0.154548,-0.649116,0.003398,1.767717,-2.278350,-11.356424
-0.112864,-0.634122,0.013071,1.669818,-1.802669,-12.844094
-0.126168,-0.645882,-0.007241,1.178427,-0.122721,-14.632023
-0.121908,-0.673399,0.005331,1.229968,0.788694,-14.621840
-0.105938,-0.636485,0.006936,0.845391,0.366281,-12.458198
-0.106211,-0.611190,-0.001283,-0.463445,1.362790,-11.918814
-0.074893,-0.600634,0.009795,-0.516292,2.635030,-11.252032
-0.045732,-0.574312,0.000132,-0.031709,4.501033,-8.684157
-0.061668,-0.516804,0.005764,-1.043809,1.642132,-6.702697
-0.048309,-0.473341,-0.014715,-1.620921,1.504384,-6.121091
-0.055451,-0.440113,0.000378,-0.368146,-0.336965,-6.167282
-0.054230,-0.415324,-0.005787,-1.100346,-1.512377,-3.773790
-0.049953,-0.367374,-0.027510,-1.191624,-1.619158,-1.764724
-0.062489,-0.318531,-0.004359,0.556300,-1.839058,-0.921292
-0.088338,-0.293572,-0.030146,-0.340675,-3.563668,-0.803588
-0.062190,-0.256808,-0.039875,0.586335,-1.425484,-0.912654
-0.060969,-0.182927,-0.018552,1.211590,-2.351818,0.742887
-0.061284,-0.138703,-0.007356,1.139888,-1.700576,2.414521
-0.046736,-0.108370,-0.040961,1.160886,1.278060,3.786120
-0.070491,-0.053842,-0.015952,1.928464,-0.233034,4.820695
-0.058763,0.007057,-0.009775,1.897852,0.393840,6.183104
-0.039768,0.052785,-0.011600,1.153953,2.027447,4.283119
-0.054969,0.095253,-0.016717,2.343640,2.870626,3.671134
-0.033259,0.140961,-0.013287,1.357658,2.443903,4.537311
0.022503,0.216667,-0.034859,0.645671,3.133957,5.225369
0.015787,0.255860,-0.047936,1.790260,4.885439,5.580633
-0.009546,0.288841,-0.019849,0.098800,1.142607,7.992510
0.053870,0.319729,-0.035975,0.151080,0.476167,11.345069
0.059247,0.368706,-0.048416,0.203710,-1.001958,13.534643
0.006945,0.376161,-0.034636,-0.051831,-2.712308,13.041806
0.003075,0.371090,-0.056425,-0.643333,-2.695053,10.995649
0.029823,0.367676,-0.052414,-0.436844,-3.369958,7.781567
0.024450,0.366632,-0.035132,-0.210458,-3.544824,4.859267
0.050027,0.365877,-0.084224,-0.525142,-0.731620,2.852302
0.049580,0.311077,-0.042130,-0.158185,-1.705378,2.633998
0.056539,0.300973,-0.047270,-0.242153,-1.141511,4.346076
0.072019,0.305300,-0.060836,-0.752113,1.153701,4.130360
0.079631,0.248901,-0.029827,-0.196228,2.215409,1.995610
0.067975,0.216877,-0.033569,-0.228012,2.133916,0.730365
0.054307,0.200767,-0.033934,-1.014058,2.612837,-0.804182
0.057547,0.183928,-0.039304,-1.224928,2.912015,-3.438362
0.047358,0.125977,-0.018161,0.035883,4.209910,-4.449163
0.039211,0.088265,-0.044024,-1.252934,2.090145,-2.148822
0.033552,0.078129,-0.012105,-0.849831,0.455497,-0.816776
0.015266,0.046850,0.001064,-0.943308,-2.216421,1.489880
0.001844,0.027139,-0.053224,-1.087643,1.304211,3.065063
-0.038291,-0.012063,-0.039192,-1.663006,-1.303506,1.873521
-0.013617,-0.027494,-0.016221,-1.089987,-3.217925,0.892792
-0.023979,-0.046391,-0.021903,-1.334558,-2.364701,-0.249379
-0.046021,-0.098966,-0.032397,-1.125913,-1.290192,-0.661722
-0.043040,-0.142537,-0.003111,-0.470361,-2.252862,0.203020
-0.037148,-0.161053,-0.007306,-0.817472,-2.162037,1.280120
-0.048131,-0.177879,-0.018815,0.143317,0.521629,-0.241793
-0.045998,-0.235955,0.017492,0.758151,1.327247,-0.808403
-0.015025,-0.266019,-0.005015,0.146104,2.861656,-0.626753
-0.040887,-0.291221,0.025446,1.256638,1.948278,-1.901987
-0.017007,-0.306298,0.032211,1.491385,1.979550,-2.712306
-0.008657,-0.341269,0.012881,1.049106,2.308706,-2.282568
-0.017844,-0.381196,0.026398,2.439845,2.583174,-1.571103
0.000186,-0.362595,0.019505,2.826730,1.787186,-0.572706
0.030152,-0.390492,0.034285,1.647186,0.852436,0.185522
0.011199,-0.415317,0.030058,1.945533,-0.854694,0.475775
-0.019289,-0.410479,0.028846,2.699998,-1.582119,0.913609
0.012997,-0.403277,0.018782,2.150466,-2.305805,0.060281
0.009328,-0.449616,0.015638,2.046662,-2.451761,-1.435145
-0.003687,-0.512520,0.022052,3.109532,-2.152735,-1.018069
0.018305,-0.507127,0.020076,2.572344,-2.481829,-1.104373
0.004407,-0.547626,0.007560,2.503347,-1.346259,-4.033179
-0.009372,-0.558845,0.049913,2.875143,-1.183611,-6.425431
0.018752,-0.581100,0.013764,2.485701,0.714255,-6.981758
0.016753,-0.568318,-0.005498,1.941489,2.122631,-7.424572
-0.036121,-0.592943,0.048081,2.057816,1.600550,-8.229030
-0.031870,-0.582870,0.036675,1.295982,2.879804,-8.823772
-0.062630,-0.566612,0.006096,0.196864,2.413734,-9.386261
-0.054713,-0.557260,0.021563,0.650336,2.813427,-9.186699
-0.085935,-0.519778,0.034509,-0.044382,0.099803,-9.300456
-0.087524,-0.508926,-0.009309,-1.481798,1.004807,-7.927645
-0.103404,-0.464429,-0.010835,-1.089133,0.196290,-7.161911
-0.144323,-0.413243,0.020762,-1.614110,-2.076382,-6.289627
-0.132789,-0.343754,-0.014803,-2.063847,-1.841218,-4.481775
-0.173652,-0.314422,-0.059829,-2.647215,-1.882485,-3.670784
-0.202984,-0.286196,-0.004762,-2.038835,-2.730618,-1.452614
-0.165872,-0.199576,-0.022074,-2.695414,-2.787391,0.261023
-0.171702,-0.150333,-0.028800,-2.794619,-2.041270,-0.366813
-0.142623,-0.117488,-0.009131,-1.738094,-1.759223,-0.536430
-0.145495,-0.054794,-0.049112,-1.557741,-0.589296,1.474497
-0.152726,0.000587,-0.041870,-1.149970,0.437811,1.607861
-0.108141,0.070947,-0.022452,-0.036603,1.221576,2.417774
-0.141106,0.136454,-0.012818,-0.402917,1.358667,4.285891
-0.113357,0.194025,-0.035361,0.156161,2.517682,5.984296
-0.109359,0.240366,-0.029752,1.244926,0.858397,8.203901
-0.143785,0.284660,-0.021056,1.439552,0.554853,9.479295
-0.121523,0.313079,-0.068786,1.800833,1.092865,9.528545
-0.077444,0.345421,-0.019110,2.284809,-1.106238,11.412383
-0.070150,0.387436,-0.017876,2.545287,-2.293568,13.769220
-0.127386,0.425913,-0.059605,2.291055,-1.766904,14.934626
-0.099209,0.392176,-0.045373,2.832677,-1.698813,15.928404
-0.056863,0.373880,-0.006371,3.141860,-4.262857,17.092280
-0.082804,0.374333,-0.050388,3.214359,-2.507543,15.666069
-0.112024,0.348930,-0.052945,3.540939,-0.344765,13.466185
-0.113655,0.264683,-0.026344,3.321629,-2.924009,11.374251
-0.112503,0.254238,-0.033602,3.042894,-2.155709,9.706937
-0.123243,0.222050,-0.017052,2.617888,-0.708311,6.504248
-0.121097,0.163124,-0.029758,2.141074,-0.204582,5.726520
-0.175562,0.068022,-0.016737,1.877229,0.770592,5.856741
-0.168633,0.054502,-0.066929,0.550388,1.295220,7.077734
-0.170346,-0.000095,-0.012269,0.153371,0.390469,3.886035
-0.208337,-0.065905,-0.001766,-0.804241,-0.699800,1.424750
-0.218959,-0.140981,-0.027004,-1.647690,1.021593,-1.091400
-0.177391,-0.200954,-0.056796,-1.099375,1.345429,-2.457973
-0.204897,-0.264630,-0.033595,-1.467612,-0.346045,-2.841217
-0.247756,-0.340212,-0.033136,-2.069946,-1.571805,-2.766712
-0.214416,-0.404265,-0.060393,-2.378344,-1.050827,-2.546128
-0.201674,-0.447695,-0.007556,-1.534163,-2.129708,-1.585039
-0.219386,-0.476604,-0.029988,-2.178473,-2.615611,-4.673410
-0.235440,-0.547590,-0.037255,-2.041415,-2.867134,-9.483323
-0.213753,-0.606670,-0.019908,-1.598689,-2.924108,-12.142757
-0.207829,-0.599150,-0.023732,-0.956739,-1.305813,-14.579929
-0.173219,-0.582876,-0.053070,-1.194152,0.478993,-15.502846
-0.174820,-0.616987,-0.018253,-1.142177,-0.940776,-14.278407
-0.166257,-0.636528,0.001218,0.174116,-0.164401,-10.237231
-0.193291,-0.599058,-0.026712,0.292369,0.427974,-7.797618
-0.154945,-0.593304,-0.031728,0.335412,2.145608,-6.998902
-0.118976,-0.608689,-0.002560,1.318401,0.876362,-7.734719
-0.129267,-0.571332,-0.023272,1.618839,2.123961,-6.743892
-0.162331,-0.547268,-0.015132,2.294732,1.878661,-8.781254
-0.109953,-0.533246,0.016288,2.331538,0.095824,-8.255209
-0.109139,-0.488079,0.015129,2.499681,-0.814127,-6.071954
-0.118963,-0.456430,-0.031527,2.751155,1.147583,-2.605666
-0.108669,-0.422581,-0.005222,3.377402,-1.145578,-1.407021
-0.132648,-0.400688,0.016997,2.593122,-2.100091,0.966051
-0.120312,-0.336211,-0.025278,2.310836,-1.086766,0.713417
-0.096081,-0.292689,0.019524,2.809966,-2.075223,-0.894594
-0.128266,-0.257235,0.017384,2.416103,-2.669666,-2.776680
-0.181943,-0.222093,0.015451,1.862120,-2.421737,-3.008520
-0.146194,-0.185392,-0.020755,1.269738,-1.135011,-1.175996
-0.094325,-0.140344,0.028971,1.782603,-0.095854,1.606446
-0.087202,-0.086115,0.034922,0.922223,0.007070,3.843782
-0.141543,-0.067458,-0.003640,0.343569,0.677298,3.960498
-0.148512,-0.058158,-0.016254,-0.172178,2.205358,4.879312
-0.096515,-0.011991,0.018195,-0.009671,0.815820,4.137254
-0.064048,0.053848,0.010081,-0.541432,1.417396,3.415364
-0.097279,0.095834,-0.022927,-1.385902,1.465241,2.975719
-0.101947,0.111426,-0.021191,-1.076509,1.330254,3.762434
-0.122131,0.158831,0.004698,-1.342213,-0.953647,5.009642
-0.113685,0.198551,-0.003660,-1.509177,-1.311137,6.058959
-0.076150,0.204594,-0.025530,-2.071331,-2.022301,7.161948
-0.084202,0.178640,-0.025987,-1.468475,-2.035673,5.836624
-0.136744,0.224335,-0.028662,-0.775109,-2.323445,3.557618
-0.106227,0.253877,-0.047099,-0.698212,-1.716450,0.312350
-0.039735,0.260150,-0.033412,-1.149383,-2.108530,-2.283619
-0.089333,0.240064,-0.021539,-0.069185,-1.402488,-2.602538
-0.110406,0.301876,-0.046528,-0.033229,-0.733694,-1.325549
-0.117220,0.308566,-0.032355,-1.424642,0.023410,-0.015012
-0.123618,0.326268,-0.057232,-0.694460,0.212964,1.523887
-0.120614,0.355652,-0.027040,-0.423350,0.845808,3.554748
-0.076741,0.401941,-0.043607,-1.617442,0.840537,3.823436
-0.118175,0.357037,-0.022409,-0.799275,2.327439,2.132319
-0.116081,0.369189,-0.030930,-0.928380,1.243919,2.244592
-0.061416,0.410472,-0.012053,-1.964150,2.039589,2.580537
-0.056725,0.444869,-0.019333,-2.163978,0.438396,3.232245
-0.122955,0.418216,0.036600,-1.640423,-6.852038,3.981934
-0.094575,0.415271,-0.016655,-1.950675,-1.796311,7.913446
-0.098080,0.382289,-0.031524,-1.482288,-2.297677,8.769500
-0.128426,0.356673,-0.013845,-0.031102,-2.224088,9.342191
-0.129602,0.327893,-0.031117,0.075344,-3.292197,8.331039
-0.102003,0.267611,-0.033881,0.166182,-3.483727,8.347912
-0.127540,0.221479,-0.024329,0.642992,-2.595191,7.796823
-0.165249,0.166502,0.025058,1.874452,-6.027240,6.540946
-0.129411,0.117180,-0.012266,1.517493,-1.010630,6.082915
-0.107228,0.036025,-0.013953,2.051871,2.095909,5.774052
-0.103460,0.003364,0.005170,3.107592,0.958423,4.631169
-0.098569,-0.060121,0.002758,2.716368,1.539565,3.327825
-0.090514,-0.152643,-0.009420,2.096158,2.814021,1.402725
-0.119826,-0.231730,0.016084,3.071409,1.971980,0.467423
-0.106267,-0.233267,0.037335,2.310711,0.172009,-0.747381
-0.048578,-0.274360,-0.005760,1.344496,3.246000,-1.561779
-0.101776,-0.344597,0.015772,1.551339,0.490321,-1.570294
-0.143270,-0.416699,0.024671,1.408064,-0.987600,0.573976
-0.091473,-0.432291,0.000253,0.459163,-1.293497,0.614700
-0.088715,-0.507682,-0.023909,0.066085,-1.118944,-1.523717
-0.138412,-0.556617,0.005912,0.843878,-2.284341,-3.260646
-0.128548,-0.610120,-0.002885,-0.012671,-3.675185,-3.731830
-0.123266,-0.653366,-0.024267,-0.633702,-2.469641,-5.748018
-0.175664,-0.709618,0.023217,0.476189,-2.181659,-8.824177
-0.116016,-0.711508,-0.011285,0.036635,-0.459998,-10.196127
-0.093347,-0.736898,-0.022527,-0.538196,1.226437,-11.357995
-0.128673,-0.743712,0.008590,-0.222185,0.726532,-12.637533
-0.153829,-0.765708,0.040105,0.461071,0.702054,-14.332812
-0.101822,-0.781546,0.008892,-0.401341,1.850717,-13.896003
-0.121202,-0.790937,0.024192,0.317100,1.781763,-15.332015
-0.153002,-0.744270,0.010022,0.988171,1.590387,-15.633117
-0.179416,-0.722852,-0.001280,0.209636,1.047328,-15.675068
-0.178736,-0.719068,-0.012286,0.472815,1.050731,-14.100163
-0.215749,-0.647514,-0.007142,1.060663,-1.201684,-11.197352
-0.227920,-0.580378,-0.004845,0.653871,-1.668263,-9.654390
-0.219327,-0.538839,-0.026105,0.245004,-1.748604,-7.478789
-0.253221,-0.494972,-0.021703,0.978927,-2.473682,-3.690901
-0.232296,-0.433873,-0.009305,0.834411,-4.174946,-1.590898
-0.207323,-0.368579,-0.033336,0.513599,-2.376571,-0.558046
-0.258890,-0.331484,-0.005668,1.398689,-1.976199,-0.607488
-0.244841,-0.246879,-0.060991,0.645543,-0.162395,-0.661071
-0.237919,-0.184142,-0.021752,0.564982,-0.830634,-0.723024
-0.215362,-0.121818,-0.003443,1.130924,0.130247,0.191174
-0.257023,-0.040013,-0.039852,0.522845,0.272810,2.095762
-0.236698,0.021621,-0.032742,1.013806,0.946241,4.894448
-0.199432,0.091472,-0.007818,0.638029,-1.466233,7.307389
-0.237124,0.156372,-0.025504,0.116667,0.995708,8.707748
-0.236822,0.187650,-0.018509,1.688534,1.473509,8.691805
-0.209467,0.216286,-0.014206,0.823559,-0.316591,12.014175
-0.219911,0.278994,-0.046328,0.424060,-1.269208,12.345110
-0.262481,0.326652,-0.039885,0.569164,-1.123034,10.946776
-0.204375,0.342247,-0.028462,1.080075,-2.183793,11.818947
-0.209375,0.354802,-0.045849,-0.033026,-3.834085,14.155676
-0.277022,0.394556,-0.053631,0.522051,-2.753280,13.451595
-0.244585,0.407594,-0.014528,1.364840,-3.842990,13.160469
-0.227595,0.394237,-0.039635,-0.112372,-3.752287,14.209120
-0.250015,0.392563,-0.058486,0.445091,-1.669114,12.362052
-0.248012,0.403540,-0.014094,1.482663,-1.783411,9.453099
-0.235634,0.365792,-0.024089,0.101817,-1.361900,8.036215
-0.256425,0.332682,-0.054843,-0.140020,0.632893,6.877753
-0.265737,0.307551,-0.021066,0.748172,0.279568,4.854048
-0.220653,0.290397,-0.014226,0.872822,0.345867,4.676895
-0.226890,0.231986,-0.053011,-0.204438,1.679049,2.857893
-0.259268,0.144014,-0.035374,0.810436,1.079679,1.442548
-0.223896,0.110090,-0.018585,0.853945,-1.032747,0.774816
-0.241250,0.062908,-0.022717,-0.739255,-0.481888,-0.194928
-0.241592,0.005452,-0.013543,0.584926,0.344071,-1.850971
-0.217062,-0.023141,0.002446,0.151933,-2.320809,-1.252831
-0.237906,-0.095693,-0.036031,-1.068569,-2.607162,-0.429069
-0.279126,-0.146361,-0.028028,-0.214078,-2.550389,-2.036191
-0.261398,-0.198676,-0.014564,-0.031473,-2.793014,-3.603726
-0.209155,-0.261670,-0.009046,-0.795890,-2.149630,-4.548923
-0.187556,-0.292610,-0.014810,-1.229198,-1.724898,-6.978337
-0.226233,-0.331215,-0.006880,0.034481,-0.231901,-9.141025
-0.210825,-0.387341,-0.011203,-1.480656,-1.234670,-8.408184
-0.164904,-0.434346,0.001733,-1.463433,0.220869,-7.646177
-0.188403,-0.415590,0.009201,-0.258552,0.861374,-6.798426
-0.186673,-0.452658,0.007058,-0.765951,1.366735,-6.600892
-0.179373,-0.483970,-0.004165,-1.115189,1.106937,-6.761783
-0.201188,-0.510827,0.037056,-0.780144,0.385457,-7.266018
-0.165088,-0.455255,0.021766,-0.571549,1.981529,-7.317126
-0.117391,-0.451313,-0.018450,-1.182085,1.452512,-7.224166
-0.150875,-0.479236,0.027629,-0.503438,-0.365066,-4.831629
-0.132349,-0.438042,0.029985,0.239496,-0.529539,-1.840878
-0.126191,-0.405352,-0.022022,-0.220226,-1.282547,0.384212
-0.139301,-0.441469,0.010159,0.788644,-1.694559,0.307699
-0.155529,-0.426163,0.018224,1.754801,-3.015799,-0.120062
-0.112369,-0.395938,0.014269,2.232136,-2.316387,-0.280393
-0.093885,-0.393407,-0.021355,2.109934,-0.844332,-2.141483
-0.139111,-0.415015,0.024156,3.429031,-1.566055,-4.372774
-0.093084,-0.373315,0.009224,3.606637,-1.005568,-3.775491
-0.044419,-0.349596,0.019807,3.103633,0.290469,-3.885584
-0.043172,-0.336467,0.002456,3.428181,1.816544,-4.298643
-0.081225,-0.319680,0.023709,4.431494,1.221389,-4.264746
-0.075556,-0.315866,0.015802,2.919918,0.999581,-2.245521
-0.060464,-0.272804,-0.000010,2.161596,1.765545,-3.396882
-0.093859,-0.228619,0.041484,2.720159,-1.333747,-5.677391
-0.038412,-0.209951,-0.003233,1.650698,1.063408,-5.671176
-0.033580,-0.198673,-0.008258,0.469102,0.478143,-4.976993
-0.086743,-0.169673,0.038497,0.294319,-1.837699,-3.159951
-0.037165,-0.100610,-0.041585,-0.611000,2.409155,-2.456101
-0.026224,-0.103604,-0.005622,-1.837214,-0.954090,-1.643467
0.000905,-0.094505,-0.000558,-1.421274,-0.960537,-0.934755
-0.031230,-0.027346,-0.016048,-2.161358,-1.538548,-0.665498
-0.010410,-0.008571,-0.035617,-2.648334,-1.507197,-1.807750
0.011297,-0.010133,-0.018158,-3.160395,-1.602976,-2.254677
-0.016528,0.032526,0.019465,-2.817386,-1.328446,-2.146974
-0.019289,0.108110,-0.037383,-3.773548,-0.610514,-2.014604
-0.024521,0.107017,-0.021441,-2.653215,0.930000,-1.903185
-0.087235,0.103095,-0.015122,-2.521192,-0.116497,0.060444
-0.060910,0.195669,-0.013638,-2.736721,0.463588,0.108269
-0.011529,0.239037,-0.003663,-2.824096,1.837023,-0.774034
-0.031253,0.259559,0.008587,-2.001596,0.959824,-0.335829
-0.086956,0.299444,-0.000883,-2.303616,1.409406,1.881844
-0.049119,0.350735,0.003664,-1.868893,1.296665,5.865343
-0.023395,0.372652,0.022541,-0.589589,1.310769,8.621860
-0.025913,0.400480,0.002820,-0.290421,0.925352,9.786804
-0.019374,0.424301,-0.019632,-0.095553,1.263131,11.318649
-0.075435,0.396075,0.002502,0.682989,-1.063221,11.001621
-0.084012,0.408339,0.017161,1.901315,-1.564112,9.993725
-0.054647,0.424725,0.014437,2.011034,-1.926453,8.078356
0.008070,0.415078,-0.007838,1.974313,-0.822231,8.309943
-0.036049,0.393144,0.010747,2.492433,-1.581390,8.373179
-0.070705,0.385601,0.012349,2.849963,-1.898668,9.815998
-0.023310,0.340898,-0.018033,2.328672,-0.619669,9.941030
0.000183,0.274888,0.054771,2.895063,-0.925969,9.899834
0.024259,0.289331,0.032211,2.153643,-0.713514,9.875317
0.009679,0.255275,0.023411,1.466159,0.925211,7.734301
0.011008,0.133507,0.021090,1.990214,1.844047,6.135981
0.025287,0.079094,-0.010464,2.263033,1.691010,5.587607
0.044292,0.045458,0.031597,1.236146,0.896696,4.738208
0.074353,-0.045541,0.043155,0.495723,1.350379,2.678331
0.010887,-0.151324,0.039468,1.017059,1.200768,2.280740
0.013273,-0.208008,0.015057,0.515345,1.019532,3.312273
0.099861,-0.262192,0.020246,0.033254,0.981922,1.159540
0.087407,-0.382949,0.009198,-0.358367,-0.184463,-1.503170
0.032177,-0.454241,0.026135,0.447668,-0.755775,-4.132578
0.048103,-0.530193,0.002843,0.101561,0.287643,-5.020553
0.057022,-0.595717,0.010061,-0.620575,-1.204464,-6.612203
0.026574,-0.667763,0.041211,0.939932,-0.944249,-9.652605
0.065713,-0.727707,0.013025,-0.052224,-0.924669,-10.197308
0.034793,-0.810028,0.013320,0.414818,0.598201,-11.776913
-0.020047,-0.867378,0.041464,0.960067,0.202244,-13.560962
-0.002712,-0.864112,0.026457,0.961790,1.167596,-14.103976
0.011212,-0.920127,0.002334,0.447169,2.376633,-13.798790
-0.000270,-0.917009,0.031991,0.280011,2.025146,-14.545201
-0.042200,-0.927447,0.048997,1.329751,1.385852,-15.789509
-0.020608,-0.929482,0.030543,0.224197,2.129899,-14.852296
-0.036722,-0.928346,0.014194,-0.160656,1.628070,-13.591397
-0.021475,-0.860351,0.008820,0.749833,1.490401,-13.531502
-0.056459,-0.785941,0.025183,0.400112,0.271074,-11.962347
-0.131338,-0.780509,0.003778,-0.332282,-0.400244,-10.420711
-0.178937,-0.722439,-0.005770,0.536071,-1.184556,-8.401376
-0.179810,-0.656472,0.022649,0.402298,-2.908821,-6.176926
-0.151742,-0.582666,0.014532,-0.345677,-2.788421,-5.120440
-0.206017,-0.547974,-0.011183,0.174353,-2.215432,-4.316493
-0.224651,-0.514217,0.012671,1.726476,-1.668568,-3.088071
-0.193238,-0.428506,0.030898,1.229693,-2.535661,-1.876152
-0.168748,-0.366580,-0.017541,0.777793,0.184112,-2.152163
-0.183283,-0.283212,-0.030228,2.009623,1.392998,-3.120907
-0.197837,-0.226157,0.035677,2.259600,0.436604,-0.944319
-0.181339,-0.121273,-0.004973,1.831140,3.411412,2.100372
-0.243194,-0.065117,0.001297,1.160978,0.346865,2.667409
-0.215437,-0.017948,-0.001667,2.214604,1.516647,4.922884
-0.187172,0.047539,-0.001979,2.330592,-0.478297,7.974414
-0.215388,0.112105,-0.026102,1.655851,0.525649,8.616510
-0.269148,0.163380,-0.048938,2.672163,0.246714,8.097929
-0.203246,0.173874,-0.014104,2.490194,-1.979110,9.284247
-0.164024,0.204269,-0.044185,2.454688,-1.941093,10.371213
-0.253727,0.245037,-0.047634,1.768593,-2.449838,9.221163
-0.246722,0.245408,-0.003719,2.478108,-3.489744,9.272563
-0.252759,0.217074,-0.002022,1.601586,-4.325085,10.632511
-0.271475,0.252971,-0.046656,0.993452,-1.707564,10.088977
-0.259442,0.270578,-0.007523,1.270690,-3.909962,7.647578
-0.264776,0.234501,-0.045471,0.191857,-2.139533,7.529489
-0.296070,0.218217,-0.053615,0.120996,0.997664,6.453203
-0.265826,0.240081,-0.018979,0.079920,-0.419026,5.207272
-0.240085,0.243843,-0.012286,-1.196860,-1.946214,3.151119
-0.275657,0.210401,-0.057232,-2.171423,2.087351,0.548256
-0.295509,0.208084,-0.031918,-1.476839,0.603476,-1.124557
-0.231597,0.195394,-0.017646,-2.680000,0.647615,-1.045216
-0.212601,0.194100,-0.046298,-3.916583,0.482603,-1.459896
-0.234958,0.180295,-0.046939,-2.459207,1.303554,-0.835727
-0.251964,0.171307,-0.028137,-2.695733,-1.524342,1.170371
-0.235033,0.148629,-0.043564,-4.129308,-2.121985,2.918839
-0.252703,0.117840,-0.023357,-2.871386,-2.267962,1.505854
-0.186161,0.109955,-0.047625,-1.795455,-2.442059,2.056409
-0.171771,0.038999,-0.018801,-2.470840,-3.894088,1.962168
-0.231442,0.031830,-0.040764,-0.973818,-2.278725,-0.892725
-0.253914,0.045872,-0.030812,-0.225363,-1.840992,-3.637160
-0.163299,0.048409,-0.036586,-1.739877,-2.387623,-2.823717
-0.130744,0.002869,-0.000436,-0.459306,-0.837035,-2.410631
-0.165820,0.006437,0.007599,1.274885,0.554571,-1.109142
-0.146188,-0.047188,-0.005278,1.429291,1.005516,-0.718225
-0.110235,-0.076963,-0.001355,1.242271,1.362468,-2.093127
-0.102147,-0.075582,0.036731,2.669668,1.448353,-2.536489
-0.046690,-0.069434,0.019780,2.560793,2.042664,-3.490864
-0.100683,-0.141289,0.036888,2.874447,1.354649,-3.239045
-0.119853,-0.171865,0.031220,2.810610,0.216441,-1.700884
-0.072497,-0.172906,0.009546,2.485504,-1.129993,0.118688
-0.029316,-0.206390,0.004317,2.869960,0.305762,1.220883
-0.027298,-0.218151,0.018766,3.007957,-1.101521,3.106142
-0.002368,-0.259487,0.000988,2.511934,-0.048935,3.749849
0.027611,-0.301282,-0.011373,2.797188,-1.246046,2.376609
0.021883,-0.356598,0.037637,2.440026,-1.491510,-1.049099
0.055049,-0.357215,0.004871,1.076948,-1.136124,-4.628884
0.077845,-0.383048,0.025807,1.427656,-1.228650,-5.428485
0.123904,-0.384879,0.028443,0.353341,-0.592667,-4.157553
0.077908,-0.389816,0.012365,0.444307,0.205123,-4.305605
0.070870,-0.437303,-0.002701,0.353984,1.992975,-3.919492
0.116473,-0.460648,0.028709,-0.490856,0.694541,-3.876701
0.156250,-0.464298,0.022311,-1.194375,2.197294,-5.636409
0.157904,-0.452291,0.016416,0.239394,3.811771,-8.797618
0.138216,-0.459440,0.025932,-0.814249,2.134356,-9.803584
0.176745,-0.438642,-0.011377,-1.580577,2.210630,-10.430749
0.173006,-0.426468,0.027268,-1.592269,1.896376,-11.070727
0.189310,-0.388237,0.011939,-1.586101,1.367634,-9.582167
0.151182,-0.383537,-0.011839,-1.659719,1.792093,-6.778019
0.145109,-0.361669,-0.006952,-1.409657,-0.577591,-3.963768
0.130302,-0.307089,0.010534,-0.621064,-1.768066,-4.200859
0.134776,-0.270509,-0.029532,-0.898184,0.913821,-6.989262
0.157654,-0.256421,-0.004047,-0.511447,-1.084879,-8.824903
0.167187,-0.220596,-0.005147,0.022445,-1.615209,-8.514910
0.133414,-0.116671,-0.025061,-0.041619,0.190250,-8.429188
0.171628,-0.070116,0.004008,0.523157,1.116912,-7.019291
0.172869,-0.031722,0.014430,0.588156,1.688145,-3.761619
0.125490,0.016438,-0.013888,0.574616,2.364163,-0.988195
0.133404,0.077905,0.012950,1.915663,2.497285,-1.870896
0.134960,0.101982,0.019193,0.721866,0.251530,-1.665019
0.146048,0.169508,-0.014882,0.387209,3.039124,-0.479642
0.127699,0.249958,0.019967,0.392178,1.475702,0.754281
0.137599,0.314517,-0.007024,0.649154,1.219547,3.862501
0.093988,0.323320,-0.039202,-0.912351,1.275870,6.354558
0.110089,0.372468,-0.034843,0.543636,0.158873,9.984314
0.138561,0.410587,0.011617,-0.064869,-0.549513,13.788789
0.124374,0.457542,-0.048393,-0.292089,-0.545669,14.584967
0.063819,0.440566,-0.009693,0.418536,-1.602116,13.104783
0.104876,0.432494,-0.019435,0.016674,-2.847217,12.915164
0.103228,0.425109,-0.042258,-0.471950,-2.007618,11.724423
0.076079,0.416558,-0.044752,0.510720,-0.106220,10.279736
0.097921,0.420641,-0.032489,0.621883,-0.663194,11.578588
0.138544,0.394615,-0.018086,-0.024485,0.286993,13.739123
0.088779,0.394241,-0.041683,0.287865,1.525066,13.197936
0.055357,0.337277,-0.032187,1.468667,1.640182,10.944227
0.082913,0.271543,-0.022606,0.841285,0.855397,10.480354
0.043501,0.221256,-0.031255,0.065421,1.945317,8.596930
0.047450,0.226780,0.004579,1.564363,0.804387,6.095455
0.051248,0.172223,-0.008088,0.872579,0.505315,4.860100
0.010135,0.072174,-0.041818,1.167227,2.897625,3.491576
0.002609,0.025406,-0.013776,1.491175,1.000054,3.120924
0.065983,-0.031390,-0.016376,1.205022,-0.332203,3.287844
0.058860,-0.087152,-0.027608,0.198501,0.136178,2.405778
0.000587,-0.170772,0.001087,1.631660,-0.323189,1.727714
0.043856,-0.215981,-0.018949,1.028850,-0.557434,-0.006335
0.002648,-0.311786,-0.034071,0.254753,-1.422451,-4.957254
-0.045949,-0.377166,-0.001043,0.887305,-1.572318,-9.958198
-0.009806,-0.416138,0.010137,0.891227,-1.384011,-10.831437
0.000278,-0.451342,-0.007559,-0.134653,0.128363,-9.269918
-0.036003,-0.485315,0.023375,-0.033422,0.047874,-8.999383
-0.060897,-0.519069,0.009424,0.135991,-0.356791,-9.534381
-0.030974,-0.580024,0.002226,-1.459399,1.277115,-9.569575
-0.036151,-0.619938,0.041871,-0.373591,0.934573,-12.121487
-0.041258,-0.586743,0.039252,-0.764402,2.009870,-13.317658
-0.055556,-0.615159,0.016816,-1.776735,0.753517,-13.416203
-0.061727,-0.640929,0.014715,-1.075081,1.606409,-11.783121
-0.114972,-0.620703,0.029234,-0.302031,0.444180,-9.397711
-0.111988,-0.604973,-0.002038,-0.633055,-0.521254,-7.418423
-0.129769,-0.641139,0.011364,-0.809748,-0.437795,-5.418052
-0.140168,-0.611144,0.008692,1.220078,-0.690195,-4.138498
-0.158878,-0.594903,0.032707,0.817885,-2.366523,-4.683147
-0.190140,-0.579095,-0.018572,0.496334,-1.848065,-6.176563
-0.233369,-0.584724,0.008499,2.286602,-1.840480,-7.196263
-0.225114,-0.522791,0.041989,1.945471,-4.631077,-6.201179
-0.211682,-0.476331,-0.002639,1.729824,-1.363321,-4.297709
-0.250661,-0.434582,-0.000046,2.815757,-0.198995,-2.136578
-0.300617,-0.395193,0.024517,2.657244,-2.259890,0.358596
-0.277449,-0.325421,-0.005491,2.225197,0.494864,1.350063
-0.274905,-0.293746,0.032608,3.073142,0.440835,1.364250
-0.316090,-0.226505,0.011561,1.900163,-0.282881,0.515675
-0.338089,-0.195972,-0.014232,1.663339,1.333277,0.097285
-0.285878,-0.134239,0.023460,2.137086,0.284380,0.536082
-0.284881,-0.076589,0.020095,1.438642,-1.315053,2.361295
-0.320669,-0.015277,-0.011593,0.692653,0.319627,2.078866
-0.308944,-0.001001,0.003529,1.673796,-0.522121,4.269277
-0.277892,0.078257,-0.005885,-0.339090,-1.933793,6.987163
-0.295499,0.116484,-0.024460,-0.010626,-1.789113,6.213685
-0.321995,0.143239,-0.002544,1.325342,-1.659338,4.982559
-0.322789,0.127844,-0.003371,-0.233159,-3.924572,6.139912
-0.333323,0.154314,-0.024487,-0.431231,-3.373306,3.848539
-0.305586,0.197603,0.003020,1.133832,-2.359634,1.040442
-0.255687,0.195965,-0.021171,-0.088473,-2.863471,0.876987
-0.288278,0.203603,-0.024818,-0.694368,-1.724341,0.183689
-0.336838,0.218981,0.004251,-0.135947,-1.150803,-0.788941
-0.270156,0.271848,-0.017617,0.008284,-0.366314,-0.524691
-0.246709,0.258961,-0.013556,-1.569013,1.469836,-0.890762
-0.248249,0.277396,0.022492,-1.524392,0.381869,-1.318841
-0.243955,0.299342,-0.011075,-0.416746,6.159577,-1.202946
-0.301848,0.283288,0.008679,-2.113281,0.008652,-1.168503
-0.265826,0.298219,-0.013576,-2.215214,0.309278,-1.286894
-0.236786,0.324735,0.020177,-1.259394,-0.839106,0.283691
-0.219140,0.338127,-0.004099,-2.314655,-1.633036,2.487784
-0.259993,0.322162,-0.024372,-1.736795,-1.320056,2.870246
-0.295286,0.302828,0.011637,-1.508623,-3.125876,4.436121
-0.215309,0.310312,0.008978,-2.086164,-2.592568,5.056650
-0.192802,0.313975,-0.020039,-1.810637,-1.224222,4.277836
-0.189821,0.288779,0.005800,-0.596722,-1.733495,5.027352
-0.165196,0.264867,-0.004822,-0.771811,-3.372640,6.102936
-0.168761,0.253470,-0.008859,-1.533566,-1.234929,6.619936
-0.162689,0.257287,0.016019,0.297312,0.326642,5.035171
-0.143302,0.284233,0.010803,-0.275585,-1.148095,3.798910
-0.119429,0.249272,0.026358,-0.939244,-0.542085,2.398235
-0.109602,0.239057,0.045879,-0.045758,0.988358,2.139060
-0.118179,0.248901,0.025104,0.245456,0.824013,1.975660
-0.091683,0.188166,0.011088,0.322873,0.924597,2.587209
-0.057621,0.146016,0.026368,0.364586,0.408601,4.419064
-0.046493,0.142937,0.037282,1.327952,0.610002,5.551896
-0.014749,0.129574,-0.007461,1.075775,1.282934,5.329616
-0.013039,0.064513,0.010025,0.848221,-0.207280,4.732830
-0.034700,0.018043,0.024523,1.766647,-1.504214,3.688828
0.021144,0.019675,-0.012804,1.676839,-1.059361,2.696899
0.030237,-0.067871,0.011581,1.703237,-1.314876,0.296876
0.031812,-0.124437,0.028754,1.971865,-1.365061,0.965263
0.052420,-0.161122,-0.002064,1.852995,-0.912666,0.495169
0.092249,-0.217639,-0.002251,1.750487,0.337395,-1.695690
0.116844,-0.250713,0.056832,1.973230,-1.961963,-5.880271
0.142010,-0.286452,0.017250,1.290040,0.996243,-6.983445
0.148017,-0.332426,0.016478,1.060841,1.387585,-7.509892
0.123967,-0.382631,0.054788,0.978547,0.338321,-7.714112
0.129347,-0.383468,0.017561,0.523049,1.868416,-8.091442
0.151447,-0.418646,0.015621,0.108907,2.713109,-9.987690
0.157966,-0.486077,0.054728,0.353479,1.918165,-10.833728
0.172340,-0.473026,0.019203,-0.588561,2.097160,-11.605846
0.173049,-0.493590,0.006165,-0.562371,1.721757,-12.695264
0.191037,-0.512934,0.026467,-0.719055,0.601602,-11.271752
0.198399,-0.483848,0.000115,-1.140067,1.039187,-8.966400
0.161009,-0.477979,-0.003581,-1.509190,1.598131,-8.815989
0.150456,-0.471470,0.005636,-1.278231,-0.566815,-7.466539
0.124289,-0.455061,0.012067,-2.460037,-1.981096,-6.306207
0.100284,-0.416857,-0.012499,-2.029204,-0.079563,-7.063641
0.093575,-0.348139,0.014601,-1.098915,-0.356627,-7.687286
0.092452,-0.326741,0.017584,-2.174009,-0.300392,-7.366565
0.101873,-0.284361,0.004389,-1.881245,0.511811,-5.644175
0.106229,-0.234849,0.029414,-0.937068,1.088906,-3.155912
0.089166,-0.166817,0.001120,-1.431035,1.461785,-1.444942
0.048835,-0.112256,0.017643,0.107883,2.094757,-0.787064
0.032374,-0.058237,0.030941,-0.061970,0.047946,0.104183
0.052794,0.014315,-0.007234,-0.128951,1.068982,1.255249
-0.007081,0.051324,0.029539,1.068544,0.270400,1.414679
-0.029487,0.106403,0.025239,1.167887,-1.140208,4.221176
-0.001531,0.155899,-0.007283,1.270851,0.416443,7.127940
0.007004,0.200337,0.007133,2.343361,0.089223,10.392273
-0.021606,0.264587,-0.000462,2.806250,-0.005610,12.616167
-0.035474,0.259884,-0.006630,2.688805,-0.057243,13.205752
-0.039673,0.250811,-0.002379,3.120603,-1.248515,14.026739
-0.060555,0.279943,0.025689,3.717731,-1.693450,12.409330
-0.047472,0.309810,-0.022494,3.170076,-1.068437,9.608644
-0.080628,0.269652,-0.010448,3.668521,-1.501995,7.780404
-0.118602,0.239323,0.030754,3.507927,-2.137393,7.770508
-0.106690,0.259336,-0.018798,2.837276,-0.402414,8.001887
-0.125584,0.225100,-0.016025,2.526144,0.298826,7.347316
-0.133445,0.171127,0.035280,2.231095,-3.455390,7.987189
-0.077890,0.177797,-0.028632,1.242428,0.984564,8.711115
-0.086822,0.141972,0.005561,0.624128,1.222370,6.869673
-0.087357,0.087231,0.015858,0.314381,0.813424,4.529117
-0.094781,0.047658,-0.005360,-1.299469,1.207812,2.261645
-0.089776,-0.002718,0.006825,-1.001049,0.917868,0.614209
-0.074023,-0.012592,0.000004,-1.665690,-1.000934,0.621989
-0.107386,-0.072155,-0.004401,-3.009271,-0.821847,1.194246
-0.133399,-0.131974,0.001668,-2.082363,0.165855,1.909276
-0.114292,-0.176375,0.012720,-1.831434,-1.497813,2.769910
-0.079147,-0.222579,-0.006325,-2.564737,-1.681380,0.619139
-0.084025,-0.282359,0.008315,-1.679191,-2.002855,-2.980285
-0.113380,-0.350427,-0.002645,-1.210751,-2.044959,-4.772927
-0.122577,-0.366928,-0.042478,-1.396590,-0.846666,-6.285258
-0.153508,-0.386084,0.025058,-0.854124,-2.209078,-8.710636
-0.146424,-0.370509,0.005049,-1.238904,-0.919102,-9.778562
-0.175598,-0.401488,-0.005639,-0.972548,-0.691186,-8.737730
-0.204769,-0.418853,0.015267,0.239821,0.059576,-5.649641
-0.222879,-0.388588,0.001051,-0.153166,0.510915,-4.311854
-0.227074,-0.408444,0.001034,-0.100053,2.946625,-4.105812
-0.199462,-0.394723,0.032421,0.811320,0.904528,-4.068090
-0.212070,-0.368293,0.018845,0.733490,0.510147,-4.397743
-0.229545,-0.358042,0.008239,0.981973,1.445116,-4.603434
-0.234774,-0.353644,0.021901,2.049160,0.771583,-3.749727
-0.212916,-0.337366,0.002019,1.663188,0.355367,-0.839559
-0.219402,-0.311957,-0.010362,1.582545,-0.872210,0.658175
-0.264287,-0.316851,0.046037,2.862830,-2.021979,1.033302
-0.263049,-0.309534,0.023316,2.476533,-2.418077,1.568818
-0.328934,-0.314363,0.090110,1.429189,-17.181120,-0.447584
-0.278322,-0.310004,0.030517,3.462377,-3.272995,-0.006996
-0.295686,-0.277970,0.009080,2.800480,-3.296441,0.081620
-0.328031,-0.278528,0.018444,2.344648,-3.155136,-0.487047
-0.302143,-0.242323,0.035497,2.713217,-1.741967,1.585571
-0.274584,-0.194915,0.020391,2.348134,0.251376,2.353192
-0.316382,-0.225556,0.006411,1.497300,-0.066939,2.122032
-0.308908,-0.241555,0.000650,2.111395,1.421292,1.339059
-0.281552,-0.220931,0.030671,1.252788,1.206759,1.073379
-0.274616,-0.190372,0.010114,0.193220,1.532321,-0.854421
-0.307720,-0.181430,0.012323,0.954014,1.602913,-2.234648
-0.330076,-0.179648,-0.000961,0.648898,0.404331,-2.154984
-0.300318,-0.158089,-0.020400,-0.219606,0.097304,-0.859011
-0.304956,-0.152506,0.002101,0.080947,-0.261023,-0.714153
-0.264083,-0.121473,-0.006279,-0.417760,-1.277709,0.974672
-0.284155,-0.132309,-0.019156,-0.871452,-2.149574,1.425236
-0.281933,-0.128258,-0.038581,-1.121528,-2.253883,0.683569
-0.249962,-0.104861,-0.000095,-0.074785,-2.446145,-1.542394
-0.234282,-0.106850,-0.025238,-0.609179,-3.301437,-2.977312
-0.236376,-0.104185,-0.034071,-1.032164,-2.693625,-3.946206
-0.256973,-0.088081,-0.001027,-0.272227,-2.017630,-4.253808
-0.264503,-0.008108,-0.049420,-0.785856,-2.079582,-4.094860
-0.290090,0.002882,-0.016579,-1.723471,-1.426554,-5.743537
-0.253432,0.055864,-0.016717,-1.353478,-0.860124,-5.448374
-0.237784,0.111921,-0.022113,-1.965052,0.068905,-4.721307
-0.223637,0.152423,-0.022261,-2.159008,0.927098,-3.639344
-0.221845,0.191790,-0.008790,-2.023388,1.260252,-2.031546
-0.206745,0.241528,0.007465,-2.437274,-2.285454,1.016478
-0.188292,0.311083,-0.040088,-2.423576,1.291921,1.945010
-0.200056,0.337789,0.004248,-1.539914,0.139812,2.012884
-0.187025,0.349281,-0.001641,-1.832849,-1.575587,3.729609
-0.198063,0.349425,-0.033307,-1.790962,-1.750085,3.453494
-0.187848,0.377917,-0.002205,-0.190806,-2.234832,3.546200
-0.178044,0.420599,-0.017932,-0.130472,-2.645435,3.967024
-0.158215,0.416345,-0.039149,-0.670449,-2.395970,6.202615
-0.125390,0.404255,0.006440,0.917591,-3.508802,9.727200
-0.120279,0.405322,0.011216,1.138860,-2.933210,12.187543
-0.099131,0.418908,-0.012594,0.872878,-0.777511,12.818149
-0.122941,0.409980,0.017036,1.685137,-1.528372,11.514242
-0.128998,0.401403,0.058365,1.388835,-4.601785,9.960467
-0.095947,0.412941,-0.002691,1.282122,1.764914,7.173404
-0.089346,0.343507,0.023145,2.179059,1.091299,4.937689
-0.036981,0.314431,0.040296,1.463093,1.782479,4.935009
-0.023838,0.261463,0.025699,0.879781,2.766055,4.615405
-0.011355,0.258039,0.074528,1.828130,2.189265,5.487398
0.022008,0.222950,0.053576,0.869931,2.192724,7.430301
0.048960,0.158381,0.050786,0.362157,1.524233,7.403876
0.070095,0.086305,0.075861,1.229886,0.624083,7.416843
0.096549,0.056540,0.042708,0.350600,-0.188484,5.474316
0.086754,0.002248,0.044806,-0.500999,-1.173780,2.446522
0.111408,-0.082064,0.039353,-0.437950,-1.205725,0.621783
0.147243,-0.135460,0.066099,-0.054361,-2.621585,0.838209
0.188303,-0.178089,0.034312,-0.740273,-1.285961,-0.205310
0.198833,-0.253135,0.056960,-0.126440,-1.039775,-2.319729
0.218961,-0.309862,0.056698,-0.530873,-0.263924,-3.590741
0.214037,-0.330873,0.029050,-1.337272,0.233815,-5.111084
0.234972,-0.366921,0.080400,-0.623299,1.014674,-7.462787
0.262929,-0.401456,0.050596,-1.304484,1.520442,-9.132809
0.260414,-0.448811,0.025905,-1.179978,3.148452,-10.624461
0.244383,-0.468611,0.068462,-0.065580,3.610419,-11.933442
0.239134,-0.483766,0.053993,-0.939746,2.130476,-11.875661
0.231303,-0.504603,0.043122,-0.984958,2.543135,-12.881187
0.208490,-0.540162,0.043795,0.658499,3.028171,-12.191392
0.168789,-0.514060,0.018543,0.360342,1.550476,-11.118705
0.132731,-0.503622,0.012290,0.012384,2.497308,-10.168479
0.130469,-0.518829,0.048640,0.537302,-0.039100,-8.632793
0.129622,-0.485118,0.042117,0.699983,-0.691213,-6.962823
0.095396,-0.469038,0.010219,0.499143,-0.060138,-6.513576
0.070749,-0.438173,0.013478,1.364105,-0.654000,-6.568042
0.060750,-0.384160,0.026959,-0.084018,-2.826196,-5.519589
0.106347,-0.332908,-0.000233,-0.137069,0.623827,-4.004222
0.080763,-0.288156,0.034079,0.549230,-0.207283,-1.874592
0.049580,-0.231767,0.020020,0.198501,0.791209,0.755349
0.015899,-0.201430,-0.004543,0.023364,2.155846,2.467209
0.033697,-0.155056,0.014082,0.238120,1.375926,3.366755
0.028317,-0.084405,0.024126,0.930695,1.389449,4.079713
0.006285,-0.060075,-0.024126,0.430369,2.503381,5.079743
-0.048469,-0.048692,0.014899,1.207378,0.251819,5.338556
-0.054312,-0.016022,-0.001565,1.101684,0.410429,7.471087
-0.031187,0.045045,-0.016054,1.321410,1.323049,7.765046
-0.048538,0.064112,0.014318,2.236432,0.116881,8.399643
-0.080847,0.073769,-0.004401,1.424423,-3.339185,11.466996
-0.125991,0.073139,-0.003161,1.758276,-1.053686,12.870898
-0.094762,0.087697,0.022101,3.137114,-1.082962,12.130469
-0.088039,0.097515,0.006752,2.068999,-1.479950,11.214547
-0.097069,0.072667,-0.001533,2.357003,-0.757541,8.270773
-0.108758,0.073412,0.030425,3.234559,-0.859576,6.764609
-0.130668,0.071173,0.001185,2.180319,-1.213475,6.106913
-0.139147,0.052801,0.003985,2.778356,-0.621714,4.503012
-0.142580,0.018874,0.030924,1.642249,-1.998953,4.803487
-0.152411,0.005587,-0.006545,1.249200,0.098893,4.349190
-0.182111,-0.016091,0.007058,1.705567,0.367666,1.552874
-0.188081,-0.041454,0.000650,0.822837,-0.323182,1.055525
-0.168374,-0.048098,0.008725,-0.256878,-0.150424,-0.759207
-0.171515,-0.075680,-0.005153,-0.209795,0.620453,-2.226132
-0.196393,-0.080413,-0.010162,-0.074555,-0.399069,-2.003002
-0.224700,-0.108189,0.007599,-2.132985,-0.712250,-1.317330
-0.217472,-0.155903,0.013478,-2.002583,-0.097764,0.067315
-0.198520,-0.156320,0.028042,-1.159722,-0.291353,1.124835
-0.203512,-0.174452,0.007251,-2.199175,-1.170452,1.457652
-0.229329,-0.218253,0.003358,-1.886720,-1.253159,-0.886355
-0.239130,-0.258138,0.025521,-1.622073,-1.332969,-2.663283
-0.213507,-0.252423,-0.017754,-2.063010,-1.144517,-4.247683
-0.194919,-0.262320,-0.003407,-0.989196,-0.594181,-6.776721
-0.223981,-0.304870,0.062029,-0.647941,-3.553630,-6.451434
-0.229473,-0.309698,-0.008330,-1.159985,-0.633996,-4.615779
-0.228521,-0.303412,0.003824,0.548564,0.494611,-4.856277
-0.239983,-0.298170,0.039534,0.387521,-1.376720,-4.133589
-0.204960,-0.282881,0.017164,0.159349,-0.064214,-4.384410
-0.209056,-0.269725,0.031640,1.318830,0.191727,-3.036046
-0.232007,-0.260288,0.018556,0.605425,-1.263178,-1.040537
-0.233573,-0.246597,0.008141,1.275420,-0.399493,-0.569340
-0.236835,-0.250887,0.048068,1.918847,-0.253641,0.707831
-0.197180,-0.211891,0.022564,1.908504,-0.329481,3.937814
-0.194971,-0.185934,-0.001244,1.675661,1.353316,4.234050
-0.239924,-0.211113,0.019219,2.026508,-1.257387,4.670388
-0.210458,-0.192811,0.037699,2.601469,-0.911356,5.247910
-0.190622,-0.166449,0.016160,2.056850,-1.168909,4.125782
-0.205738,-0.168908,0.022403,2.502970,-1.520429,3.967250
-0.229128,-0.175230,0.021106,1.928907,-2.058749,2.870489
-0.248058,-0.182556,-0.000965,2.055186,-0.786298,3.903833
-0.203965,-0.152460,0.000683,2.698679,-0.779080,4.022044
-0.188643,-0.154308,0.044579,2.029777,-1.470079,2.265263
-0.201631,-0.185494,-0.007671,1.267972,0.125363,0.096398
-0.208127,-0.201913,0.023112,2.176866,-0.601257,-0.723142
-0.185245,-0.197678,0.017663,1.546326,-0.377750,-1.669495
-0.162908,-0.170739,0.006188,0.981556,0.075207,-4.158227
-0.172086,-0.198732,0.028515,1.625220,-0.192958,-5.504267
-0.182741,-0.187148,-0.018841,0.202627,0.382220,-4.554917
-0.179189,-0.184280,0.010691,-0.242071,-0.552530,-2.850605
-0.123628,-0.167473,-0.004779,-0.577982,0.346327,-3.578860
-0.091745,-0.155998,-0.000315,-0.865514,-0.284161,-3.171334
-0.089635,-0.144234,-0.023955,-1.932234,-0.188104,-2.863993
-0.091657,-0.129286,-0.034429,-2.256175,0.047185,-4.083239
-0.088926,-0.125045,-0.027070,-1.565855,-1.293537,-5.477294
-0.084803,-0.109286,-0.035585,-2.153300,-0.818969,-6.586339
-0.097906,-0.100613,-0.019576,-2.520365,-0.628495,-6.663693
-0.069559,-0.050431,-0.014741,-1.746517,-0.764638,-5.803595
-0.070892,-0.016862,-0.021788,-2.446405,-1.344241,-4.652710
-0.096761,-0.026837,-0.034403,-2.454930,-0.542236,-5.246162
-0.081662,0.022104,-0.022681,-1.228736,0.064093,-4.366636
-0.065584,0.090622,0.005022,-2.230227,-1.262134,-2.761567
-0.050071,0.122474,-0.016100,-2.199530,-0.029270,-3.250164
-0.062308,0.147519,-0.004664,-1.332182,0.507652,-2.197598
-0.059909,0.188182,-0.029364,-0.900718,0.738673,0.844418
-0.046392,0.242917,-0.031439,-1.010779,1.363833,2.401443
-0.092402,0.245300,0.010842,-0.363968,-0.658264,2.959677
-0.057756,0.290617,-0.008501,-0.308915,0.127201,5.249792
-0.041435,0.319043,-0.021939,0.295766,-0.185589,6.494808
-0.053856,0.323350,-0.003000,1.273260,-0.341627,7.043129
-0.050761,0.350505,-0.032204,1.454329,-0.867729,7.212365
-0.070189,0.332002,-0.003210,1.498842,-0.887962,6.293413
-0.029842,0.371588,-0.004050,1.698828,-0.611650,7.815726
0.000652,0.398987,0.017811,1.529635,-2.149288,8.395596
0.032164,0.379086,-0.016166,1.234317,-0.487951,9.164215
0.009577,0.346035,0.004655,1.604606,-0.978374,9.303496
0.036339,0.340756,0.022511,1.317425,-0.289393,9.362721
0.081059,0.362982,-0.008518,0.564253,0.420208,6.970313
0.089711,0.327036,0.018710,0.773364,1.003671,4.932434
0.111713,0.287880,0.011758,0.634616,1.645407,5.743749
0.136263,0.289396,0.019577,-0.248587,0.450275,7.536214
0.177996,0.250926,0.013741,-0.353217,2.063304,7.773968
0.230210,0.220458,0.032749,0.095512,1.872096,7.491083
0.237480,0.157856,0.018651,-0.579673,1.608546,6.808517
0.233101,0.069210,0.025147,-0.455948,1.542181,5.661213
0.253305,0.014774,0.040942,0.443565,-0.021766,2.929270
0.276151,-0.040121,0.020883,-0.118930,-0.099186,-0.264437
0.289018,-0.123453,0.010130,0.231670,0.470898,-3.929282
0.255678,-0.187247,0.033977,1.189023,-1.662745,-5.194341
0.236049,-0.251028,0.048377,0.928096,-0.932501,-5.362775
0.264609,-0.312049,0.017666,0.412185,0.052949,-6.196517
0.272934,-0.369432,0.067346,1.212801,-0.014932,-7.565786
0.256587,-0.401584,0.059714,0.890180,-1.400383,-7.768010
0.230662,-0.434979,0.007941,0.490714,1.354751,-10.208918
0.200549,-0.493479,0.051850,0.611029,2.043170,-12.012848
0.260477,-0.488217,0.059091,-0.276296,2.524842,-10.635391
0.267206,-0.480267,0.051055,-0.762980,2.629358,-10.311292
0.208755,-0.509517,0.043995,-0.961164,3.159990,-10.039764
0.201048,-0.520520,0.031676,-0.212033,2.992077,-8.316828
0.214897,-0.525637,0.043519,-1.489279,2.434227,-6.436068
0.227889,-0.514798,0.028971,-1.711720,2.680853,-6.446392
0.198793,-0.493229,0.039035,-0.738779,1.672301,-7.141176
0.134822,-0.493098,0.030497,-1.254670,0.281696,-6.424976
0.120120,-0.455183,0.012772,-1.492026,-0.694433,-5.339897
0.114024,-0.430436,0.032549,-0.971192,-0.990272,-4.297697
0.121558,-0.408579,0.029217,0.281665,-1.048388,-1.995686
0.088671,-0.387154,0.015100,-0.138651,-1.565201,1.274988
0.058348,-0.379588,0.017243,0.877815,-0.712640,2.379522
0.062654,-0.341124,0.023178,2.253039,-0.843636,3.151446
0.043337,-0.322260,0.033494,2.164908,-0.362391,3.370568
0.039247,-0.315833,0.007146,2.013210,1.080086,1.143442
0.018092,-0.286144,0.039895,3.426402,0.878479,0.078474
0.010867,-0.242855,0.032897,3.700659,2.227420,0.369051
-0.008440,-0.207266,-0.003190,3.298932,2.814100,-0.164330
-0.044547,-0.209948,0.041228,3.808448,1.615990,2.044725
-0.017076,-0.163295,0.046496,3.733576,1.451376,5.407656
-0.038126,-0.138844,0.007583,3.241633,1.492531,6.295838
-0.083204,-0.153310,0.022131,4.022860,1.098350,5.121006
-0.070416,-0.107720,0.026237,2.689379,-1.532406,5.504920
-0.061419,-0.080180,0.006710,1.873211,-0.927824,5.532693
-0.090307,-0.083043,0.009913,3.015394,-0.725366,5.175770
-0.130553,-0.077374,-0.006853,1.767569,-2.607674,5.791509
-0.160401,-0.120223,-0.001529,1.036258,-3.337898,6.216690
-0.142029,-0.133976,-0.004378,0.805720,-2.135784,6.724529
-0.126647,-0.125166,-0.007828,1.619419,-2.375993,4.849305
-0.168548,-0.151465,-0.019888,0.091422,-1.211226,3.951728
-0.207907,-0.187972,-0.009788,-0.040644,-0.676448,2.059543
-0.178694,-0.180564,0.000562,0.355018,0.924663,0.282184
-0.168951,-0.165671,-0.009118,-0.960075,0.589148,-2.457533
-0.185554,-0.191983,0.004642,-0.699931,1.546311,-5.470901
-0.224297,-0.215423,0.023145,-0.950437,0.490340,-5.012145
-0.230422,-0.218857,-0.007083,-1.626321,1.158947,-3.575940
-0.220315,-0.200695,-0.005009,-1.140070,1.673912,-5.190325
-0.225121,-0.207437,0.024468,-1.140054,-0.033803,-4.851335
-0.240620,-0.195302,-0.003390,-1.561306,-1.414245,-2.825118
-0.268291,-0.203360,-0.011042,-1.819279,-1.010784,-1.485164
-0.235992,-0.219687,0.006841,-0.139396,-1.099102,-0.932447
-0.190222,-0.221381,0.001133,-0.502453,-2.827978,-0.571361
-0.183854,-0.238272,-0.004365,-0.335637,-0.284230,-1.390871
-0.199629,-0.234196,-0.001342,0.208687,-2.309254,-2.399752
-0.213294,-0.202169,0.001274,0.451702,-2.422499,-0.817210
-0.191781,-0.185455,-0.018296,0.173046,-2.279801,-0.302783
-0.195995,-0.170897,-0.014689,0.972654,-1.758842,-0.050984
-0.216330,-0.141079,0.022948,0.919551,-1.245003,1.390000
-0.243423,-0.129801,-0.020351,0.768746,-0.566119,1.529060
-0.261506,-0.118430,-0.002031,1.043946,-0.808176,0.044566
-0.245846,-0.097725,0.032851,1.038221,-0.977622,0.009654
-0.198319,-0.033927,0.003240,0.352510,1.069668,-0.182276
-0.204966,-0.024526,-0.000709,0.744361,1.578505,0.269256
-0.216084,-0.055119,0.011758,1.649569,0.807440,2.474707
-0.201960,-0.041562,-0.001391,1.006181,-0.559997,4.916645
-0.201608,-0.045626,0.001760,1.242671,0.926583,5.559521
-0.169142,-0.054187,0.022715,2.440840,0.309524,6.148312
-0.156242,-0.058621,-0.012243,1.649322,-0.375206,5.845678
-0.170855,-0.090507,0.010803,1.602003,-0.896976,4.291824
-0.147038,-0.107520,0.042393,2.272283,-1.662598,2.956325
-0.105492,-0.114252,0.005728,2.042391,-2.002662,1.732964
-0.059124,-0.148265,0.005265,1.864230,-1.288475,1.379368
-0.038547,-0.152926,0.022974,2.435726,-2.220570,0.251568
-0.049802,-0.162701,0.028082,1.681018,-1.114805,-0.483709
-0.044183,-0.181056,0.017883,1.156071,-0.636741,-1.684106
-0.016538,-0.220665,0.035053,1.454516,-0.519646,-3.334447
0.019533,-0.231632,0.048134,1.037775,0.067733,-4.588607
0.035807,-0.215112,0.033137,0.145139,0.476974,-6.125720
0.007791,-0.239024,0.026838,-0.446613,0.907653,-7.540245
0.022175,-0.276999,0.044980,0.210942,0.797511,-7.613755
0.055370,-0.239165,0.015218,-0.743023,0.936972,-5.565444
0.032275,-0.251675,0.017049,-1.714415,1.119958,-6.372566
0.016434,-0.281906,0.030698,-1.263431,0.471591,-5.627210
0.022828,-0.260721,0.020043,-1.490086,0.598641,-4.880251
0.015866,-0.241794,0.017985,-2.193657,-0.443838,-5.576270
0.040176,-0.228750,0.021254,-2.025232,0.177209,-7.783372
0.042700,-0.216871,0.040292,-1.691904,0.052644,-9.012970
0.021164,-0.195542,0.018477,-2.717492,-0.357277,-8.364476
0.057136,-0.133763,0.008354,-2.124917,1.107895,-7.244110
0.053664,-0.090195,0.039610,-1.634835,-0.276871,-6.501114
0.029275,-0.062091,0.047615,-2.224470,-0.745855,-5.231832
0.031156,-0.023342,0.011968,-2.196612,0.249334,-4.351115
0.041640,0.019015,0.034594,-0.939251,0.325319,-3.841040
0.042441,0.060745,0.036268,-1.037914,-1.111450,-2.829485
0.056250,0.115538,0.012464,-1.409394,0.770637,-1.625227
0.059319,0.164178,0.028758,-0.896317,1.409692,-0.071173
0.072190,0.224739,0.034069,-0.090051,0.870184,3.136248
0.067552,0.276053,0.036770,-0.020611,1.122899,4.756650
0.050578,0.285090,-0.003594,-0.085177,2.569958,6.396428
0.064387,0.309540,0.028167,1.219963,0.845582,9.320398
0.088287,0.360533,0.049411,1.141897,-0.869617,11.818991
0.091838,0.355994,0.006473,1.809686,0.844331,10.592806
0.089961,0.350128,0.018087,2.837946,0.424682,8.460728
0.084624,0.338314,0.052053,2.628001,-1.311482,8.381874
0.103658,0.327794,0.012713,2.408826,-0.140239,7.025836
0.121850,0.329626,0.031443,3.718814,-0.021655,7.124241
0.108369,0.274051,0.031180,3.010412,-0.711567,7.584396
0.105615,0.251953,0.007721,2.607883,0.139444,8.258754
0.097097,0.240747,0.090297,2.730827,-6.569196,7.616119
0.177756,0.204712,0.026565,2.558102,0.957080,8.015671
0.206130,0.154409,0.021533,1.495937,1.627377,5.850336
0.179532,0.082704,0.033228,1.567912,2.297601,4.261547
0.214086,0.079005,0.045429,0.443181,1.632803,3.643859
0.238206,0.047352,0.026769,-0.666286,1.826247,2.151876
0.250321,-0.020089,0.016577,-0.950089,2.733710,0.962249
0.267856,-0.048567,0.019967,-1.236997,1.134072,1.876915
0.263060,-0.099143,0.019557,-2.112729,1.318825,1.371902
0.258796,-0.174413,0.003670,-1.979071,1.695957,-0.572470
0.268148,-0.223154,0.008932,-1.661817,0.170972,-2.340840
0.288653,-0.249745,0.036357,-2.604563,-0.834544,-4.134325
0.272816,-0.291021,0.004596,-2.255498,0.390649,-6.449931
0.243516,-0.342313,0.023453,-1.469128,0.041175,-8.279635
0.244885,-0.384321,0.018956,-2.028849,-0.043919,-7.991857
0.281081,-0.393223,0.011696,-1.878684,0.672119,-7.923890
0.285020,-0.407147,0.033110,-0.429071,1.453093,-7.486206
0.273676,-0.450830,0.019324,-0.278072,1.561965,-6.953846
0.250154,-0.486123,-0.004805,0.029400,2.224144,-7.453434
0.216436,-0.498327,0.036225,0.533074,1.738888,-9.066970
0.243192,-0.482204,0.030859,1.604291,2.223829,-10.962696
0.228919,-0.450801,0.018674,0.908654,1.625818,-10.672657
0.152311,-0.461511,0.016862,1.176688,1.890146,-9.348739
0.148959,-0.427843,0.035290,2.145568,1.654474,-6.097694
0.134819,-0.404699,0.034676,1.783548,-1.068867,-2.760681
0.109902,-0.417467,0.012697,1.759757,0.591190,-1.402123
0.105418,-0.400976,0.013304,2.900916,0.789220,0.262218
0.067417,-0.364650,0.025662,2.422508,-0.557273,1.701911
0.048825,-0.348743,0.002482,2.450868,0.726814,1.063604
0.029229,-0.350341,0.012424,2.611504,-0.304049,-0.667509
0.007641,-0.341443,0.028272,2.686458,-0.870069,-0.484615
0.019431,-0.284552,0.014837,1.952541,-1.100011,1.769613
-0.018652,-0.257750,0.008781,1.766141,0.159536,2.802737
-0.051131,-0.263633,0.025400,1.986967,0.000739,4.779999
-0.029842,-0.244112,0.004849,1.893323,1.441755,7.216501
-0.027472,-0.208274,-0.008820,1.090445,0.783324,6.836670
-0.089900,-0.217609,0.029424,1.162961,0.335872,5.211077
-0.088443,-0.223308,0.015421,1.310001,0.587826,3.111924
-0.076482,-0.183403,-0.012351,0.398474,2.017084,2.039886
-0.070488,-0.165350,0.024651,0.397965,0.311763,1.460434
-0.080198,-0.171773,0.037338,1.042324,-1.059991,2.316655
-0.087458,-0.180278,-0.004917,0.571967,-0.004044,3.691183
-0.100079,-0.195886,0.013645,0.635433,-0.370207,4.637011
-0.074512,-0.174111,0.024103,1.489008,-1.431636,4.056512
-0.087911,-0.180452,0.017584,0.596520,-2.565879,2.851236
-0.132395,-0.205684,-0.000413,0.681584,-1.772897,0.919766
-0.192736,-0.216556,0.017407,1.478061,-2.784040,-1.922827
-0.192723,-0.174514,0.000040,1.036980,-2.430780,-2.327004
-0.187241,-0.155502,-0.014698,0.430783,-1.772848,-3.451528
-0.226260,-0.178145,0.040335,0.448088,-2.368302,-3.048924
-0.239951,-0.158453,0.006706,1.135047,-0.809315,-0.937489
-0.253868,-0.138342,0.001861,-0.298115,-0.202100,0.114200
-0.263889,-0.143062,0.009411,-0.249305,0.418760,-2.503499
-0.247224,-0.132742,0.031791,0.028563,0.984639,-3.999228
-0.256501,-0.122225,0.014052,-0.685489,0.917642,-4.899558
-0.284973,-0.096717,0.005679,-0.496283,1.920101,-6.042147
-0.303259,-0.116051,0.040765,-0.405438,0.196464,-6.110261
-0.268101,-0.078802,0.012195,-1.507661,-0.032959,-5.071257
-0.267086,-0.049096,0.011623,-1.091008,-0.272630,-3.833397
-0.268734,-0.035565,0.031778,-0.639285,-1.426295,-0.578182
-0.272404,-0.018273,0.001878,-1.460866,-2.278249,1.755018
-0.283784,-0.011567,0.012720,-0.911921,-2.113503,2.528407
-0.256510,0.012004,0.023155,-0.618035,-2.841682,2.773799
-0.234003,0.041405,0.012638,-1.130256,-1.986985,2.189928
-0.249558,0.011413,0.040276,-0.126539,-2.843291,2.204407
-0.235283,0.025934,0.029920,-0.200062,-2.861584,3.816863
-0.238372,0.053248,0.016770,-0.393811,-2.283652,4.125011
-0.214380,0.068527,0.039610,0.648704,-0.509402,3.375164
-0.206617,0.086131,0.014735,0.434292,-0.619816,3.107711
-0.193960,0.081372,0.016025,0.193338,0.417539,3.127846
-0.177279,0.120774,0.034492,1.395016,1.077857,4.662028
-0.180867,0.131718,0.037322,0.728645,0.859992,6.028294
-0.163214,0.138676,0.011056,0.470258,1.191699,6.397710
-0.156862,0.126755,0.022751,0.928145,1.018025,5.585175
-0.141642,0.119865,0.063909,1.371940,-1.713732,5.605953
-0.129021,0.122533,0.001779,0.997414,-0.525338,5.122503
-0.143667,0.079133,0.028620,1.553042,-0.883761,3.587385
-0.092192,0.059058,0.035828,1.789135,-2.252701,3.304118
-0.050390,0.065087,0.013514,1.446412,-1.414938,3.051410
-0.059108,0.021221,0.020069,2.223244,-0.999004,1.791062
-0.055569,-0.034820,0.033025,1.516856,-3.423941,2.172873
-0.037519,-0.050661,0.000292,1.238502,-1.160132,2.228455
-0.007091,-0.082278,0.013120,1.932311,-0.472881,-0.323299
0.025231,-0.073018,0.017522,1.335663,-0.764277,-3.646407
0.021860,-0.117400,0.010826,0.447258,-0.013238,-5.788359
0.029291,-0.164618,-0.013612,0.068750,1.627833,-6.516945
0.058449,-0.148406,0.002246,0.227935,0.879168,-7.272543
0.097852,-0.158434,0.015914,-1.078830,0.963507,-7.777722
0.135127,-0.161624,-0.004254,-2.177944,2.922538,-9.038132
0.128024,-0.166479,-0.004319,-1.746081,2.765257,-9.870513
0.133725,-0.183177,0.003371,-1.918514,2.121374,-9.216112
0.167850,-0.173060,-0.024818,-2.788245,1.019450,-9.310774
0.167722,-0.180124,-0.004195,-2.677889,0.446671,-9.097809
0.171060,-0.167326,0.008709,-2.444636,-0.672916,-6.878263
0.127528,-0.144293,-0.021135,-3.164235,-1.414094,-5.370952
0.088106,-0.165353,-0.025885,-2.034046,-1.360272,-4.239709
0.098587,-0.152936,-0.003226,-2.043227,-3.566855,-3.137843
0.117198,-0.125550,-0.032013,-2.251501,-1.209076,-2.993354
0.117707,-0.074554,-0.035690,-1.074940,-0.574030,-3.477553
0.092547,-0.046729,0.006953,-0.840367,-0.861453,-3.332602
0.100382,-0.013465,-0.028849,-1.411361,0.972898,-2.610754
0.097353,0.045737,-0.042941,-0.377176,2.807026,-1.758096
0.095636,0.084421,0.013468,0.163002,1.403442,-1.154561
0.107427,0.132164,-0.026581,-0.546468,2.424888,0.924027
0.044929,0.144516,-0.034616,-0.280049,2.831241,1.535616
0.020252,0.196762,-0.009794,1.154636,2.874208,3.366455
0.038801,0.270374,-0.012676,0.924219,1.562178,4.246398
0.054668,0.304134,-0.020948,0.399088,1.779574,5.077353
0.065710,0.289652,-0.013300,1.363586,0.851842,7.365755
0.074458,0.330702,-0.019602,2.043146,-0.158352,10.418683
0.076647,0.351713,-0.000489,1.262027,-1.242748,12.202560
0.096066,0.351845,-0.032355,1.330834,-0.505522,12.711342
0.084131,0.338734,-0.015096,2.480826,-1.655294,12.402057
0.093118,0.326957,-0.003344,2.059581,-2.235744,12.951594
0.110972,0.304164,-0.015847,1.887979,-1.467152,10.539471
0.108575,0.269258,-0.010750,2.459513,-1.131168,8.059247
0.112537,0.244174,-0.001080,1.998298,0.009903,5.954039
0.139335,0.257422,-0.032368,1.450144,0.366773,3.701278
0.165227,0.222516,0.001051,1.802530,2.053700,2.253326
0.167334,0.171442,0.020857,0.740360,1.906476,2.641443
0.177986,0.123866,-0.003180,0.069541,3.188888,3.757207
0.168739,0.085875,0.003434,0.367045,2.273522,4.240205
0.153519,0.020364,0.030583,0.248260,2.199772,2.929101
0.143346,-0.034111,-0.006463,-0.478367,2.387146,0.304423
0.154861,-0.078995,-0.008889,-0.389639,2.890203,-2.429733
0.150591,-0.146584,0.035375,-0.395603,0.216496,-3.300868
0.162618,-0.191156,0.004707,-0.634240,0.344390,-3.855721
0.146763,-0.253076,-0.012004,-1.049334,-0.246849,-3.893561
0.112294,-0.310640,0.014197,-1.332497,-0.642153,-3.725342
0.133217,-0.340038,0.022413,-0.448900,-0.178860,-3.234548
0.151822,-0.341912,0.012382,-0.935797,-0.694085,-3.251492
0.112180,-0.397645,0.022649,-1.573867,-0.027234,-5.161244
0.078088,-0.437326,0.008305,-1.144160,0.110008,-6.771869
0.058738,-0.428769,0.009414,-0.064537,0.034111,-8.239973
0.055193,-0.421344,0.022882,-1.412575,-0.408985,-9.534659
0.053913,-0.436289,0.023388,-1.485281,0.850263,-9.767679
0.052393,-0.439289,0.026811,-0.301778,1.959281,-8.113310
0.040764,-0.413903,0.027271,-0.154062,1.704301,-5.148113
0.016188,-0.421321,0.006831,-0.678691,1.459175,-3.320399
0.000468,-0.418990,-0.008380,-0.170070,2.269750,-4.298202
-0.015277,-0.382056,0.045387,0.474174,-0.058181,-3.664179
0.011002,-0.329035,0.024395,0.411735,0.188747,-2.252038
-0.028883,-0.307581,0.004835,0.614761,0.095795,-2.112785
-0.064639,-0.318154,0.013517,2.004578,0.057771,-0.311711
-0.067110,-0.259316,0.009313,1.775408,-0.816106,2.816690
-0.071854,-0.237773,0.024914,1.498800,-1.687117,3.925382
-0.073672,-0.211445,-0.000600,2.585802,-1.678219,4.855215
-0.101244,-0.209587,0.022048,3.075811,-1.160985,4.592974
-0.122853,-0.169446,-0.004526,2.592377,-2.160737,4.370785
-0.166818,-0.155795,0.024937,2.884166,-1.816275,1.526166
-0.158021,-0.134272,0.049204,3.212777,-1.407940,0.396338
-0.177233,-0.117085,0.014469,2.711339,-0.614066,1.558462
-0.172562,-0.120032,0.023657,3.092686,0.034679,3.963895
-0.194689,-0.105255,0.041238,3.301072,-0.554985,5.692684
-0.216960,-0.113376,0.004924,2.667925,1.170504,5.897819
-0.218651,-0.109890,0.021156,2.563239,1.993723,4.062860
-0.214518,-0.090323,0.047973,1.761329,0.609043,1.666184
-0.212070,-0.056422,-0.002356,0.947774,0.657288,-0.343877
-0.277492,-0.077827,0.055369,0.940464,-0.638513,-1.318139
-0.267930,-0.066955,0.024756,0.162549,-0.778572,0.869538
-0.263118,-0.044727,0.015451,-0.908396,-1.396067,2.526215
-0.229322,-0.054236,0.026109,-0.063234,-1.320978,3.438602
-0.237466,-0.071652,0.004094,-0.798920,-2.530189,3.150555
-0.290874,-0.109131,0.005347,-1.512243,-2.649338,1.003829
-0.263916,-0.109752,0.020079,-0.549392,-1.891892,-1.173704
-0.251219,-0.079330,0.002193,-0.932906,-1.939104,-3.690223
-0.250536,-0.086322,-0.007805,-1.727545,-0.660364,-5.557005
-0.291235,-0.091793,0.016088,-1.317023,-1.758731,-4.892728
-0.310283,-0.073330,0.015270,-1.891686,-1.336202,-2.437307
-0.291035,-0.045344,0.009976,-1.955241,-0.726506,-1.412375
-0.280886,-0.025836,0.034830,-1.682483,-0.775243,-2.055871
-0.285997,-0.005098,0.005807,-2.454766,0.304830,-3.373147
-0.296884,0.034269,0.003785,-1.436849,1.274758,-5.105356
-0.293507,0.066325,0.039006,-2.124152,-0.158811,-5.589723
-0.262455,0.109197,0.002265,-2.562489,0.827896,-5.004523
-0.273349,0.146229,0.041677,-1.336971,1.233668,-2.501923
-0.274521,0.198771,0.043535,-1.693703,-1.688529,1.461904
-0.326033,0.190276,0.026089,-1.569696,-1.937699,3.124971
-0.294350,0.191458,0.040650,0.149862,-1.593345,3.825509
-0.254127,0.224975,0.046421,-0.250379,-2.737232,3.484842
-0.211525,0.246317,0.020765,-0.164264,-1.619378,1.838620
-0.226315,0.246153,0.061477,1.097029,-2.289596,0.725581
-0.213435,0.262874,0.032644,0.806832,-1.916577,2.316385
-0.175188,0.320140,0.027166,0.692406,0.548295,4.656676
-0.150205,0.349997,0.071380,1.142655,-0.966074,7.096870
-0.170576,0.350154,0.048938,1.079442,-1.499215,9.079884
-0.196819,0.321351,0.024415,0.900093,-0.170891,9.933068
-0.196340,0.317474,0.062334,1.183554,-0.970177,9.244143
-0.152024,0.308864,0.063607,1.628226,-0.289669,6.510805
-0.127363,0.293306,0.026371,1.494752,2.108014,2.666826
-0.151791,0.239890,0.077266,1.345789,0.640295,0.096246
-0.093061,0.245661,0.073110,1.083880,0.755719,0.957677
-0.048762,0.237714,0.050924,0.293301,2.609440,1.690919
-0.007318,0.210178,0.066729,0.940831,0.930344,3.297704
-0.008969,0.168767,0.065216,-0.345156,0.339890,5.956280
0.002149,0.129850,0.045216,-0.149542,0.038670,6.604519
0.028500,0.085491,0.072779,0.231487,-1.606409,6.272909
0.060251,0.034777,0.047415,-0.298985,-1.253527,2.777913
0.072725,-0.026132,0.029985,-1.161281,-0.489976,-1.054685
0.074628,-0.090152,0.043982,0.272888,-1.471041,-3.321533
0.110722,-0.093888,0.065846,-0.186558,-2.057669,-5.101596
0.138515,-0.133165,0.040647,-1.527250,-0.191603,-6.654707
0.186120,-0.160813,0.060105,-0.476850,0.706561,-6.517064
0.202122,-0.197606,0.066864,-0.947929,0.272262,-5.009445
0.230426,-0.225310,0.044313,-1.477423,2.145044,-5.938762
0.224242,-0.263281,0.054482,-0.500635,2.592939,-8.532283
0.259229,-0.261821,0.046595,-1.117178,2.647509,-9.371257
0.260615,-0.256746,0.052710,-1.771834,2.102214,-11.956187
0.249192,-0.270230,0.065222,-0.270858,2.854398,-13.426819
0.250052,-0.260488,0.042121,-1.305672,1.689753,-12.824645
0.266064,-0.259352,0.030366,-1.575180,3.664199,-10.509003
0.243690,-0.224352,0.022698,-1.089918,0.616071,-7.823860
0.240247,-0.182773,0.050038,-1.238878,0.351552,-4.477000
0.224872,-0.164030,0.004409,-1.701111,-0.195190,-3.625444
0.199607,-0.164293,0.050254,-1.029061,-0.778634,-1.951680
0.193433,-0.119760,0.036212,-1.203979,-1.277876,-1.655227
0.163254,-0.080046,-0.003279,-1.122220,0.584195,-2.275901
0.136831,-0.037351,0.021316,-0.389538,-0.209206,-2.916539
0.139089,0.009247,0.039941,-0.712008,0.258233,-1.580869
0.160566,0.065724,-0.007398,-0.180535,2.126367,-0.470230
0.157005,0.066650,0.035424,0.076743,2.107522,2.021388
0.162148,0.082767,0.045843,0.927826,1.999865,3.765800
0.150532,0.135673,0.031147,0.673841,2.435027,6.029104
0.163717,0.181181,0.028118,0.645261,2.814759,6.000441
0.128795,0.191366,0.053527,2.197552,1.498961,5.481605
0.126711,0.207424,0.029894,1.730724,1.090042,6.916221
0.088215,0.189088,0.015228,2.076437,0.181325,6.949839
0.089327,0.216473,0.040499,2.356796,-0.859589,8.415317
0.098571,0.231635,0.026739,2.697014,-0.861387,9.610367
0.114080,0.200416,-0.000256,2.968971,-0.515891,10.198863
0.099693,0.169807,0.007445,2.944507,-1.446630,11.001994
0.084814,0.138207,0.036911,3.242083,-2.914290,11.546955
0.106662,0.141224,-0.010162,1.830612,-0.897314,11.248867
0.088274,0.112131,0.015874,1.773382,-0.146348,8.151259
0.114077,0.109253,0.027809,1.777439,-0.581356,7.176126
0.093814,0.084480,0.027947,0.702237,0.676583,6.553614
0.091215,0.041385,-0.022698,0.476176,2.421346,5.284758
0.081847,-0.036373,0.022528,0.499721,2.006236,4.862591
0.128267,-0.074584,0.028219,0.439140,2.262086,4.397796
0.109652,-0.122711,0.015405,-0.117092,2.380155,1.991591
0.085992,-0.185261,-0.001533,-0.165340,2.912537,-1.019971
0.072958,-0.263390,0.031597,-0.058149,0.827040,-3.198394
0.098328,-0.278922,0.038500,-0.983360,0.216542,-4.804501
0.109232,-0.304578,0.003168,-1.010499,0.464577,-7.097520
0.092682,-0.355718,0.022846,-0.498406,0.266626,-7.747351
0.082946,-0.372823,0.016337,-0.716452,-2.473678,-5.730154
0.053257,-0.407374,0.027126,-1.747059,-1.538915,-3.545694
0.063383,-0.443054,0.012943,-0.539118,-0.324935,-2.214143
0.060334,-0.476784,0.034594,-0.210946,-1.420774,-1.867993
0.073444,-0.511017,0.032546,-0.535422,-1.363351,-3.350880
0.069157,-0.515796,-0.000998,-0.511680,0.265257,-6.964715
0.041102,-0.532789,0.031952,1.052881,0.665655,-10.675119
0.054789,-0.513955,0.022259,0.209698,-0.178030,-11.891919
0.052863,-0.522722,0.012848,-0.145216,2.343228,-11.358703
0.065900,-0.492488,0.036790,1.038290,2.078916,-7.924553
0.000337,-0.490649,0.094541,0.206373,-5.918216,-4.607593
-0.000352,-0.483845,0.013343,0.204056,1.546655,-1.649784
-0.003175,-0.475209,0.036265,1.471681,1.528723,-0.634851
0.029525,-0.436942,0.040827,1.842622,0.847148,-0.504259
0.002359,-0.406497,0.024724,1.262947,-0.450840,-2.875021
-0.050485,-0.412153,0.034413,2.515814,0.244801,-4.420480
-0.075960,-0.374927,0.016938,2.435424,-1.160824,-1.396894
-0.063303,-0.349911,0.011916,2.280365,-1.449285,2.067070
-0.040959,-0.330667,0.003792,2.317804,-0.817747,4.254064
-0.076984,-0.346255,0.039301,3.151192,-0.907286,5.196649
-0.067947,-0.299881,0.013370,2.183779,-1.543744,6.243859
-0.081287,-0.277977,0.014542,1.970821,-0.584248,3.606051
-0.078070,-0.254087,0.022899,2.835379,0.816103,1.168166
-0.086070,-0.209364,0.017177,1.781582,0.265076,0.942744
-0.089099,-0.203068,0.010209,1.438498,1.773406,1.206393
-0.093514,-0.172899,0.034929,1.431690,0.703072,2.843007
-0.093744,-0.156701,0.034656,1.569914,0.967036,4.328629
-0.090744,-0.171606,0.002889,0.479344,1.861142,3.697104
-0.103076,-0.175003,0.034010,0.999232,0.831133,0.844999
-0.074627,-0.133963,0.018595,0.539816,0.875567,-1.382179
-0.076748,-0.089154,0.007044,0.046518,0.542173,-4.378354
-0.088397,-0.107772,0.029667,0.120964,-0.592809,-4.201345
-0.074204,-0.046345,-0.007690,-0.576210,-0.630507,-1.245098
-0.094437,-0.038707,0.011335,-0.578334,-0.904213,0.640522
-0.082318,-0.040427,0.027021,-0.832411,-1.795980,2.837314
-0.088939,-0.040039,0.040125,-1.524697,-2.850870,2.592057
-0.076725,-0.018001,-0.000499,-1.469762,-0.863429,0.136874
-0.083480,0.020893,0.030767,-1.096824,-1.346496,-4.042351
-0.099259,0.040075,0.045528,-1.623423,-3.358102,-6.281989
-0.101369,0.063765,-0.003059,-1.821971,-0.244276,-6.903992
-0.123841,0.083236,0.046322,-0.941942,-0.565709,-4.973502
-0.107360,0.121109,0.012756,-1.805575,-0.282418,-2.154855
-0.124799,0.136326,0.011377,-1.892622,0.260205,-1.496664
-0.142603,0.133651,0.046017,-0.770593,0.899092,-0.331759
-0.124258,0.199493,-0.002196,-1.696280,0.501146,-0.360242
-0.138353,0.221860,0.013586,-1.252661,1.232017,-2.222051
-0.137607,0.215847,0.051492,-1.048037,-1.192421,-1.768500
-0.109484,0.233204,0.020795,-1.057580,-0.038408,-0.001090
-0.086060,0.272784,0.015920,-0.697575,0.840816,1.886283
-0.076223,0.306682,0.044106,-0.182833,-0.136093,3.463622
-0.049658,0.305529,0.018471,-0.877042,-0.426901,4.840130
-0.030620,0.317612,0.014719,-0.455886,0.155098,5.486072
0.014960,0.323278,0.025649,0.234651,-0.516728,6.596466
0.030375,0.345168,0.020401,-0.300935,-1.539280,6.193520
0.014268,0.312859,0.008407,-0.054805,-0.913857,6.544432
0.040107,0.324774,0.028439,0.718390,-0.509100,7.221639
0.082408,0.327026,-0.000180,0.144909,-0.481219,8.445911
0.124929,0.321830,0.010304,0.430973,0.627435,7.833838
0.106816,0.255364,0.040207,1.098651,0.417391,7.254331
0.123163,0.245631,-0.005202,0.637248,0.891526,6.986353
0.153991,0.229393,0.015507,0.710962,2.589440,5.459954
0.190846,0.203619,0.027596,1.146263,0.429159,3.231038
0.200366,0.149525,0.035549,0.818600,1.839721,3.011666
0.191460,0.087858,0.026539,0.718636,2.354814,2.005823
0.205877,0.065731,0.056166,1.291717,1.268380,1.975973
0.263182,0.053241,0.041809,0.917979,1.626701,2.281428
0.277037,0.005482,0.040470,0.448029,1.651024,1.860233
0.257582,-0.065147,0.057850,0.098410,1.345524,1.510420
0.264166,-0.111974,0.041448,1.180866,0.539295,0.303728
0.308020,-0.173559,0.038277,-0.151728,0.251244,-2.541958
0.319574,-0.235758,0.040456,0.827633,0.752482,-5.700632
0.329717,-0.275771,0.037007,0.830144,0.888497,-7.036587
0.339154,-0.307883,0.027064,0.169222,1.102610,-8.204367
0.360276,-0.366777,0.023631,0.148247,1.563809,-8.729763
0.378231,-0.399220,0.051515,0.310777,0.744250,-10.172151
0.413176,-0.411598,0.019419,-0.195608,2.548695,-9.329716
0.400003,-0.416647,0.028991,-0.688571,2.659678,-9.957243
0.387488,-0.449159,0.050973,-0.236845,2.657436,-9.428701
0.427648,-0.438902,0.026903,-1.182998,2.730972,-8.760307
0.452457,-0.465867,0.031220,-0.508726,3.357507,-8.229421
0.443676,-0.461711,0.024038,-0.769437,1.277075,-8.477715
0.410071,-0.480261,0.025567,-1.481949,2.141568,-9.490981
0.434318,-0.469973,0.020430,-0.297498,2.988033,-8.908312
0.470402,-0.427886,0.036957,-0.621586,1.688142,-7.237419
0.437781,-0.419795,0.011873,-0.838903,1.589215,-6.898475
0.406562,-0.401557,0.016527,0.526634,1.528618,-5.002358
0.370481,-0.394464,0.004386,0.032082,0.623138,-2.166345
0.361100,-0.357589,-0.015506,0.339321,0.490656,-1.506946
0.376656,-0.301482,0.008935,0.763800,0.013924,-0.731552
0.348223,-0.277701,0.005817,1.103358,0.939358,0.102268
0.283845,-0.264873,-0.015082,0.806537,1.881756,0.788037
0.273078,-0.206384,-0.014741,1.151889,1.038521,1.620742
0.280093,-0.166738,0.018733,2.266805,2.067128,2.268823
0.268168,-0.128504,0.001064,1.312078,1.960101,3.962718
0.240474,-0.093573,-0.010290,1.871954,4.064472,5.764087
0.169468,-0.078917,0.005548,2.254755,0.615306,7.555306
0.172192,-0.031735,-0.035742,2.051175,2.414890,7.812032
0.153650,-0.028242,-0.014501,2.064249,1.787629,6.778043
0.153890,-0.003404,-0.005498,2.122266,1.184156,6.542610
0.139877,0.043259,-0.010802,1.943527,0.959279,6.813381
0.095032,0.042048,-0.013881,1.570491,1.417212,6.705926
0.126127,0.063581,-0.004621,1.984663,0.610494,7.883292
0.125625,0.067487,-0.003860,1.422365,-0.801007,10.027302
0.097573,0.052877,-0.035381,0.943792,-0.055132,10.301806
0.065073,0.039868,-0.033907,2.648526,-0.154633,9.033559
0.050171,0.004562,-0.021316,1.561389,-0.613357,8.112602
0.074048,-0.017761,-0.027966,0.940185,-0.607914,5.722869
0.090857,-0.024333,-0.010740,2.489807,1.255693,2.926871
0.056880,-0.074495,-0.003958,1.540270,-1.137674,2.294782
0.046446,-0.130260,-0.051938,0.852038,0.628547,1.757913
0.063508,-0.170707,-0.008997,1.843023,1.617868,1.970189
0.101387,-0.194160,-0.002471,1.656951,1.177670,2.551441
0.108237,-0.214951,-0.020088,1.250428,1.833796,0.763891
0.036234,-0.290841,0.010041,0.881423,1.634073,-2.033956
0.042648,-0.326504,0.009940,1.176287,1.350444,-3.189453
0.082132,-0.317704,-0.003463,0.343008,2.404104,-4.322829
0.059342,-0.377681,0.012290,0.684683,0.537437,-5.797921
0.028658,-0.412396,-0.001470,0.506358,-0.070628,-5.249911
-0.027649,-0.411287,-0.002176,-0.920150,-1.103195,-3.678789
-0.005788,-0.438363,0.017414,-0.248507,-0.976056,-3.786141
0.015394,-0.469015,0.013127,-0.173599,-2.420467,-4.215082
-0.013344,-0.477142,0.019636,-1.217112,-2.076900,-3.719756
-0.045804,-0.473955,-0.008229,-1.050427,0.412813,-3.458071
-0.066996,-0.459013,0.045954,-0.420832,-0.436229,-3.803069
-0.065230,-0.446707,0.041481,-1.035416,-1.382609,-3.645827
-0.050288,-0.448020,0.015776,-1.518151,-0.022905,-3.606313
-0.093488,-0.454687,0.022705,0.026768,1.092382,-3.065309
-0.139780,-0.447315,0.043394,0.059431,0.126239,-1.903034
-0.118911,-0.425946,0.043092,-0.477517,0.307794,-2.284824
-0.109779,-0.395974,0.028561,0.719014,2.900559,-4.191889
-0.123490,-0.371953,0.043420,1.369803,1.551960,-2.866555
-0.126660,-0.346343,0.025531,0.956856,0.863816,-1.676330
-0.136705,-0.355485,0.053146,1.523917,0.703981,-1.355065
-0.082298,-0.345323,0.069138,2.717714,0.682852,0.706528
-0.054877,-0.306413,0.029621,2.378175,0.232613,1.535384
-0.081898,-0.313913,0.039012,3.210083,-0.008649,0.490409
-0.074670,-0.290059,0.056590,3.943346,-0.717072,0.611984
-0.040086,-0.272026,0.028032,3.211898,-1.073663,1.525001
-0.023165,-0.246767,0.018822,3.587770,-1.436868,0.993453
-0.043559,-0.255184,0.053685,4.129349,-1.559831,1.495393
-0.040106,-0.246767,0.042022,3.209380,-1.200526,2.819165
-0.029369,-0.246511,0.028400,3.285365,-0.453032,2.684995
0.009088,-0.259897,0.051095,3.680282,-0.394037,1.587641
0.033289,-0.240393,0.053665,2.795310,-0.552205,-0.601575
0.010125,-0.264729,0.033356,1.747084,1.933596,-2.421134
0.021299,-0.261249,0.038372,2.099381,1.223680,-4.476259
0.014954,-0.229820,0.044970,1.131528,0.986563,-6.200984
0.004883,-0.229623,0.008134,-0.404210,1.338621,-6.540996
0.003055,-0.235085,0.050576,0.164049,0.902588,-5.804987
-0.002742,-0.219385,0.028173,-1.096949,-0.865986,-3.677097
-0.011982,-0.186892,0.013439,-2.335403,0.549290,-3.776838
-0.035668,-0.177905,0.025981,-2.101723,-0.328149,-3.958026
-0.033932,-0.129873,0.021934,-3.403154,-1.208492,-2.820943
-0.037549,-0.095765,0.012493,-3.916524,-0.457667,-2.612226
-0.006044,-0.067559,0.017446,-3.186234,-0.345795,-2.364605
-0.027006,-0.062629,0.016659,-3.962491,-1.860164,-1.604849
-0.051279,-0.061940,-0.010986,-3.885226,-0.891271,-1.801957
-0.057559,0.004920,-0.000676,-2.982828,-0.594647,-3.250528
-0.029264,0.054055,0.030668,-2.613281,-1.124642,-4.633577
-0.003001,0.102113,-0.021674,-2.966603,0.908451,-4.445536
-0.035228,0.143328,0.010553,-2.293050,-0.205192,-3.904174
-0.025522,0.197718,0.006473,-1.234552,0.494863,-1.418137
-0.020421,0.271993,-0.030411,-1.895310,1.255522,0.077440
0.004703,0.312567,0.007881,-0.928682,1.298394,1.255176
0.044693,0.347653,0.023854,-0.132030,0.669266,4.539181
0.061052,0.390646,0.016074,0.127486,0.707185,6.615993
0.052577,0.410282,-0.017774,1.203748,1.835234,5.028506
0.058636,0.439791,-0.009036,2.068089,0.566841,4.431069
0.083557,0.447373,0.020371,1.730277,-0.433308,5.245787
0.130469,0.493781,-0.016878,1.755224,0.057377,7.642716
0.108602,0.482587,0.008515,2.980036,-1.124862,9.581499
0.120960,0.449484,0.008200,2.915257,-1.462146,11.317358
0.133558,0.453190,-0.035821,2.430460,-0.553977,12.285950
0.157408,0.442702,0.011748,2.931134,-0.717072,10.376697
0.177500,0.410850,0.017115,2.467601,-1.901346,9.138847
0.168910,0.377996,-0.004887,1.860767,-0.047254,8.446437
0.133762,0.318045,0.006122,1.361220,0.705409,7.276313
0.165086,0.303228,0.020749,1.631696,0.912787,7.069553
0.204643,0.260031,0.026657,0.660504,0.302174,6.538731
0.179578,0.139215,-0.001395,0.321107,2.314595,6.289401
0.190328,0.079842,0.011256,0.892051,2.623439,6.575506
0.208299,0.032325,0.019974,-0.170126,2.169944,4.875197
0.254184,-0.052585,-0.000036,-0.807684,3.504367,0.443624
0.270971,-0.121523,0.020276,-0.195828,2.573579,-3.058796
0.280257,-0.186085,0.032132,-1.271571,1.796032,-2.777697
0.271719,-0.245205,0.002259,-1.578361,2.686810,-3.041785
0.245207,-0.304775,0.028804,-1.329834,0.989570,-3.966504
0.285975,-0.343668,0.024284,-1.347317,0.321367,-3.792327
0.308335,-0.366698,-0.007438,-1.546823,0.289698,-4.425075
0.266464,-0.444374,0.026102,-1.692970,-0.324243,-6.558168
0.243018,-0.509730,0.047740,-1.146444,-2.951867,-7.408818
0.269267,-0.548532,0.017584,-1.350609,-0.288789,-8.277144
0.332812,-0.549179,0.020220,-1.078400,1.053725,-10.458616
0.347865,-0.551801,0.049762,0.005980,1.337672,-12.288933
0.321268,-0.588299,0.013317,-0.346225,2.263855,-12.594912
0.300316,-0.629283,0.007632,0.539271,3.399519,-12.489382
0.311660,-0.630944,0.043808,0.676221,2.550661,-10.556419
0.359777,-0.582751,0.018008,0.458566,3.086591,-10.492345
0.324573,-0.573817,0.037253,1.422694,3.048167,-10.740144
0.309743,-0.554933,0.047494,1.363626,2.153407,-8.706332
0.298488,-0.513078,0.008351,1.189355,2.484573,-7.375100
0.302147,-0.493348,0.013550,2.522832,2.382784,-5.973657
0.289654,-0.472806,0.021441,2.471895,0.165346,-4.182620
0.251759,-0.440408,0.024372,2.108227,-0.311346,-1.356110
0.218130,-0.394179,-0.037777,2.354249,0.598526,0.292363
0.171920,-0.412449,0.020913,3.006443,-1.437934,0.254092
0.177579,-0.387614,0.015021,2.886021,-1.127222,0.451659
0.165943,-0.371861,0.003444,2.466637,-0.620827,-0.852474
0.159588,-0.329928,0.002607,2.910895,0.156083,-1.458167
0.125976,-0.271510,0.014003,2.515765,0.289491,-0.395390
0.096112,-0.261456,0.001070,1.947913,1.169523,2.342876
0.082588,-0.201240,0.009047,1.725524,1.675941,5.502587
0.046272,-0.182848,0.058270,1.457221,0.626237,7.887120
0.017800,-0.134961,0.008433,0.517486,1.976415,8.978681
-0.021002,-0.118457,0.015559,0.765024,2.338560,6.832812
-0.008329,-0.116139,0.031528,0.692932,1.655891,5.801870
-0.001629,-0.073199,0.030681,0.472644,1.057926,4.778895
-0.033968,-0.061763,0.024340,-0.264884,0.717229,4.241591
-0.034375,-0.067156,0.029339,0.575329,0.819080,6.147405
-0.017014,-0.055457,0.035405,0.140081,-1.227025,8.956763
-0.037897,-0.034016,-0.005508,0.178032,-0.586624,9.750611
-0.086405,-0.053468,0.027149,1.104185,-2.093821,8.341800
-0.134666,-0.095217,0.026526,0.962430,-4.104413,6.780908
-0.157817,-0.061483,0.007228,0.585399,-3.253642,3.044602
-0.166536,-0.054896,0.031673,1.017581,-2.153345,-0.569131
-0.131926,-0.045744,0.040246,1.107648,-2.330889,-1.041949
-0.150228,-0.050701,0.019790,0.810164,-0.885274,0.098452
-0.141234,-0.049496,0.005098,0.851162,1.001383,0.497698
-0.092930,-0.035533,0.031833,0.944557,1.136537,1.030009
-0.097647,-0.053829,0.029286,-0.208977,1.932637,0.287157
-0.135362,-0.058244,0.022045,0.191260,2.552667,-2.732783
-0.153120,-0.074876,0.060535,0.811871,1.318664,-5.103475
-0.146421,-0.056320,0.027573,-0.498649,0.473229,-5.621513
-0.183949,-0.065232,0.023677,-0.910877,0.038152,-6.442147
-0.167642,-0.055352,0.014505,-0.254813,-0.323892,-4.247708
-0.166975,-0.039987,0.022954,-1.327783,-1.283739,-0.913554
-0.196015,-0.039376,0.002528,-1.346907,-1.067725,1.725707
-0.176353,-0.036278,-0.018207,-0.581905,-2.449516,3.350138
-0.173507,-0.076297,0.062367,-1.279702,-6.750439,5.089841
-0.187221,-0.069841,-0.008590,-1.202712,-2.931362,4.063343
-0.226519,-0.078181,0.015589,-0.346915,-2.675378,0.900371
-0.200985,-0.099222,0.030773,0.106229,-2.670628,0.277151
-0.212276,-0.110425,0.029401,-0.444515,-1.838661,0.387828
-0.215326,-0.093737,-0.005728,0.422600,1.563005,0.693905
-0.209171,-0.138270,0.051968,1.196842,0.150969,0.269057
-0.163611,-0.154803,0.016616,0.502573,1.604265,1.413930
-0.158713,-0.155634,0.009441,1.405579,3.253566,1.039154
-0.115792,-0.148977,0.042288,2.368354,2.348430,0.760682
-0.090902,-0.183856,0.049601,1.661395,1.783749,1.055200
-0.128200,-0.220938,0.022052,1.816996,2.122244,0.037273
-0.109969,-0.204686,0.037893,3.160944,1.296681,-1.326774
-0.074004,-0.183452,0.037784,1.719895,-1.011690,-0.700461
-0.071890,-0.196306,0.007484,0.950147,-0.884699,0.230813
-0.118294,-0.215364,0.040319,1.852236,-1.873297,1.206051
-0.061960,-0.211064,0.045173,1.580618,-3.052549,4.611232
-0.044146,-0.216782,0.043900,0.786511,-3.807612,3.839429
-0.050052,-0.237547,0.011502,0.956807,-2.309192,1.341532
-0.010121,-0.255029,0.016380,1.894573,-2.197097,0.863721
-0.028145,-0.293723,0.049526,0.553156,-2.620587,-0.190772
-0.036548,-0.271619,0.012963,0.251802,0.354690,-4.509094
-0.018796,-0.268635,0.051197,1.027035,2.230686,-7.525120
0.022602,-0.262841,0.044494,-0.226213,1.208882,-7.903073
0.015361,-0.276030,0.040771,-0.764142,2.698413,-9.084501
0.023902,-0.275646,0.026076,-0.175907,4.035715,-8.473577
0.043820,-0.272219,0.042318,0.154999,3.673531,-6.867243
0.082785,-0.267269,0.046887,-0.978830,2.910850,-6.750584
0.090118,-0.241755,0.029539,-0.605473,2.707755,-8.959866
0.092793,-0.262077,0.048479,0.396127,2.083557,-10.398142
0.097898,-0.245280,0.027855,-0.149335,0.690612,-9.092647
0.116519,-0.246396,0.018608,-0.457855,-1.218635,-7.608304
0.134582,-0.220111,0.002226,0.375011,-0.809554,-7.143284
0.092629,-0.212423,0.028794,0.138282,-2.499196,-7.346337
0.100186,-0.175210,-0.018329,-0.468556,-2.564241,-6.117674
0.074816,-0.138135,0.027730,-0.433460,-3.002039,-5.883328
0.104778,-0.102777,0.035700,-0.447282,-2.108675,-6.256026
0.092692,-0.037945,0.002433,-1.602963,-1.028979,-6.619016
0.063294,0.015713,0.001156,-1.104029,1.032254,-5.999785
0.080898,0.079182,0.013360,-1.329073,1.173878,-2.563774
0.119565,0.154278,0.020601,-2.518156,2.860444,0.014132
0.098794,0.199123,-0.012867,-2.947965,4.189753,1.162709
0.109265,0.248999,0.036606,-2.265385,3.987991,3.737949
0.149599,0.323589,0.030635,-2.701943,3.208931,6.526433
0.096105,0.392885,0.014781,-3.178504,3.704001,6.068564
0.073890,0.419519,-0.019957,-2.396834,4.340571,4.895295
0.113099,0.463201,0.011745,-1.474436,1.055609,6.977790
0.147554,0.495176,0.016833,-1.859995,-2.620525,11.589873
0.120264,0.539643,-0.023653,-1.108234,-0.892525,12.999902
0.122710,0.541159,0.008141,0.807607,-1.659421,14.126908
0.157362,0.544186,-0.024657,1.007258,-2.134399,16.046443
0.165283,0.554319,0.010662,1.193979,-2.789987,15.162351
0.174451,0.566365,0.007100,2.610466,-2.676688,12.747601
0.154182,0.531292,0.006697,2.626494,-2.486218,11.782811
0.155468,0.506776,-0.018286,2.552695,0.283609,11.226556
0.173748,0.510908,0.005850,3.579435,0.534637,7.504323
0.175826,0.448552,0.043210,3.746685,0.493478,6.423662
0.185604,0.380205,0.007691,3.886931,2.554600,6.442235
0.187298,0.305634,-0.001940,3.098000,5.049003,7.336097
0.247268,0.266531,0.043050,3.129288,4.423863,7.144719
0.261212,0.215584,0.066414,2.314459,3.827070,4.939748
0.216627,0.128005,0.011538,1.639639,3.958298,1.994603
0.244012,0.057085,0.026664,1.722767,4.386391,0.467164
0.264235,-0.009861,0.059475,0.994522,1.446068,0.867676
0.234854,-0.062931,0.034079,-0.461111,0.278052,-0.048164
0.192993,-0.161033,0.019088,-1.011911,-0.957487,-0.082317
0.227675,-0.243967,0.018963,-0.519650,-1.486216,-0.332930
0.269087,-0.315210,0.024734,-1.454016,-3.979750,-2.240429
0.237283,-0.402161,0.026007,-2.447869,-2.695624,-6.304354
0.208404,-0.496223,0.008732,-2.016550,-1.207153,-10.298009
0.219972,-0.554979,0.046969,-2.650467,-2.095988,-11.084438
0.255550,-0.552028,0.031896,-3.035904,-0.144572,-12.196895
0.228138,-0.583789,0.015365,-2.763633,2.464629,-14.584434
0.228841,-0.647268,0.043719,-2.724890,-0.302293,-12.850941
0.198330,-0.648820,0.005187,-3.143467,3.477307,-9.515600
0.175189,-0.634325,0.026683,-2.699733,3.993158,-10.020121
0.227469,-0.641018,0.051134,-2.063686,4.099119,-9.750733
0.186100,-0.659472,0.057469,-1.852011,4.444274,-8.564999
0.155022,-0.625587,0.015579,-1.546048,3.810241,-8.104569
0.125171,-0.597549,0.017335,-0.332065,1.772379,-8.838982
0.142929,-0.592116,0.039143,0.591685,0.394946,-8.073658
0.157369,-0.545115,0.015159,1.027544,0.088022,-6.200177
0.118515,-0.518616,-0.011488,2.409230,-0.437595,-3.740554
0.088796,-0.488453,0.015454,3.733776,-1.618613,-1.848481
0.081069,-0.456213,0.013084,3.823084,-3.532931,0.083326
0.116250,-0.404334,0.000010,3.887532,-2.263878,-0.066633
0.122263,-0.367584,0.004038,4.560858,-1.704347,-1.413418
0.068133,-0.313201,0.006483,4.795825,-1.695754,-2.902990
0.053637,-0.268208,0.000529,4.753541,-0.195880,-1.554536
0.095479,-0.208048,-0.021339,3.825024,0.633021,1.286422
0.083219,-0.159264,0.014269,3.968083,1.692356,2.589681
0.031448,-0.107874,-0.014442,4.115510,1.736193,4.615919
-0.013620,-0.105724,0.014601,2.758261,0.867762,7.177747
0.007650,-0.095982,-0.013884,1.558757,2.318580,7.822491
0.010703,-0.050904,0.009716,2.837230,4.029849,6.416736
-0.021353,-0.013012,-0.008055,1.482338,0.830703,4.636547
-0.053505,-0.022701,-0.008665,0.507300,1.322918,2.015040
-0.104048,-0.032207,0.007054,0.811785,0.305414,1.569632
-0.070787,0.018306,-0.025455,0.697353,-1.074516,2.604493
-0.083605,0.000784,0.009766,-0.996792,-3.375065,4.384107
-0.121835,-0.009434,-0.007644,-1.444992,-2.540561,6.217700
-0.165009,0.015007,0.009355,-0.338102,-2.859962,5.555132
-0.135103,0.018444,-0.019271,-1.574255,-2.514062,3.569805
-0.138074,0.001145,-0.007333,-1.643298,-2.568262,0.145361
-0.196668,-0.019813,0.003421,-1.241895,-2.160599,-1.062127
-0.173823,0.028833,-0.006210,-2.052250,-1.008907,-1.587814
-0.147442,0.047645,-0.024329,-2.294146,1.730984,-1.830419
-0.153846,0.071278,0.018185,-2.080564,0.702287,-2.311513
-0.138891,0.059340,0.017768,-1.852419,1.715425,-0.723239
-0.135924,0.069309,-0.025412,-2.580322,2.612217,0.242353
-0.150448,0.063574,0.013468,-1.447441,3.129197,-0.966455
-0.106720,0.123065,-0.005711,-1.714671,0.611813,-1.735330
-0.092372,0.159090,-0.008091,-2.560985,2.045271,-2.089738
-0.103217,0.184562,-0.003561,-1.424884,0.818676,-1.266621
-0.142062,0.216825,0.018799,-0.969390,-0.813070,1.157735
-0.116731,0.237127,-0.009850,-1.523279,-2.619370,4.054875
-0.103122,0.227982,-0.015230,-1.320194,-2.570317,4.901029
-0.088089,0.251491,0.021980,0.148099,-2.981022,4.364580
-0.104983,0.250949,0.024386,0.153607,-5.024767,3.454787
-0.104662,0.216821,-0.020055,0.274247,-2.675949,2.281955
-0.104048,0.204194,0.019009,1.954727,-1.454248,1.645519
-0.043480,0.244391,0.043640,1.185182,-3.121248,1.902752
-0.052212,0.238725,0.023883,0.695239,-1.016594,2.267365
-0.111863,0.229029,0.029418,1.915866,1.486987,3.581455
-0.083309,0.231100,0.031033,2.006626,1.108358,5.946059
-0.013659,0.211231,0.033205,0.716752,1.570019,6.441906
-0.031348,0.199037,0.031321,1.251767,3.157630,4.943846
-0.049461,0.179195,0.051095,1.183669,2.492020,3.502747
-0.026100,0.148025,0.037745,0.723537,2.222571,2.550519
0.022237,0.124362,0.024950,0.155140,1.961972,2.514446
0.006203,0.081526,0.048167,0.886999,0.887302,2.490163
0.004880,0.027267,0.035313,0.965624,-0.428513,4.740404
0.023869,-0.001494,0.014200,0.202480,-1.421880,5.203954
0.011734,-0.044392,0.032454,0.224804,-2.297320,3.938364
0.025382,-0.086722,0.059133,0.669216,-3.731384,2.251972
0.065244,-0.148741,0.027149,0.257221,-1.889815,1.785673
0.098452,-0.207096,0.022078,-0.157617,-1.587476,1.038782
0.097389,-0.210290,0.057840,0.633004,-0.836523,-2.108490
0.154602,-0.242654,0.040210,0.356643,0.243101,-4.423753
0.194001,-0.302201,0.034180,-0.640355,2.054045,-6.017971
0.188332,-0.349347,0.057899,0.487136,3.545342,-6.197139
0.253068,-0.344210,0.028298,0.535359,3.438767,-7.198958
0.285259,-0.391369,0.049572,-0.916956,3.286216,-9.055580
0.255484,-0.419030,0.033760,-0.189033,4.425728,-9.893213
0.262318,-0.408362,0.046004,0.615102,3.770625,-11.010876
0.312569,-0.407807,0.024116,-0.736563,2.678204,-11.602719
0.304494,-0.433394,0.024983,-0.770166,1.725519,-12.030194
0.310580,-0.426747,0.041024,0.334982,-0.726328,-11.076116
0.319321,-0.377474,0.009345,-0.172857,-0.404630,-10.074231
0.303552,-0.370725,-0.011449,-0.743319,0.257333,-10.276200
0.271631,-0.349311,0.006043,-0.771196,-1.170091,-10.448388
0.278691,-0.322927,0.005984,-0.091476,-1.812556,-7.765466
0.295176,-0.243436,-0.010727,-1.156187,-0.876148,-5.715827
0.225502,-0.219904,-0.006607,-1.373494,-0.413440,-6.474463
0.242584,-0.167585,-0.012437,-0.413670,0.129019,-6.179546
0.283385,-0.116087,0.004629,-1.969480,0.509392,-4.710257
0.270380,-0.058838,-0.009355,-2.070087,2.620620,-4.313125
0.224836,0.021060,-0.004680,-1.180723,4.240808,-3.638484
0.265181,0.054836,-0.009512,-0.504518,4.307484,-0.780645
0.294273,0.111682,-0.040032,-1.302453,5.019471,1.941075
0.224229,0.156270,-0.018824,-0.829335,3.835260,2.614741
0.232120,0.184726,-0.005110,0.906333,3.791242,3.114420
0.212146,0.212292,-0.013070,-0.112415,1.765732,5.745514
0.216361,0.292196,-0.043479,0.146343,1.985461,7.551482
0.242522,0.347551,0.014528,1.017010,-0.945477,8.127120
0.253512,0.364098,0.007914,0.803235,-1.276695,9.970255
0.194034,0.364892,-0.034147,0.986089,-2.127174,12.336696
0.222814,0.385050,-0.011491,1.778145,-1.777559,13.307093
0.266723,0.405204,-0.002156,2.540373,-2.587802,13.403604
0.265627,0.409904,-0.047602,1.649631,0.588255,12.179651
0.227984,0.415127,-0.022025,2.121852,-0.577644,9.690515
0.239436,0.395104,-0.000719,2.359547,-0.288658,8.081391
0.227748,0.404272,-0.015939,0.935904,0.740022,7.973559
0.226143,0.376906,-0.028327,1.316936,2.411925,8.929596
0.285079,0.367620,0.013626,1.275249,1.770258,11.574938
0.267104,0.344055,-0.017630,0.180792,3.213034,13.099112
0.208805,0.292019,-0.034196,0.276515,4.146195,9.866674
0.169097,0.217084,0.010783,0.455769,0.650339,6.190336
0.229402,0.196904,-0.031708,-0.520241,2.218459,3.954760
0.219085,0.170040,-0.017630,-0.779225,2.805309,0.487228
0.161350,0.142619,0.006565,-0.780049,-0.900662,-1.186029
0.153624,0.058916,-0.021582,-1.157379,-0.417622,0.923678
0.139962,0.006210,-0.019090,-1.664446,-0.674354,2.689860
0.115439,-0.045780,0.001087,-0.723972,-2.582921,2.501698
0.146107,-0.091347,-0.006341,-1.198504,-1.357088,0.664997
0.106908,-0.178604,-0.034528,-1.358047,-0.137764,-2.798511
0.060087,-0.204870,-0.027641,-0.636200,-1.339928,-5.865692
0.061377,-0.235555,0.015428,-0.798487,-1.223155,-8.940782
0.078833,-0.277025,-0.022517,-1.515358,2.222233,-10.186444
0.018955,-0.341055,0.006621,-0.199340,0.975580,-8.344350
0.049052,-0.341243,0.025183,-0.534237,1.866995,-4.519287
0.041226,-0.394595,-0.000462,-0.544698,2.243251,-3.939184
0.014747,-0.447318,0.016511,0.799966,3.065174,-4.272372
-0.009024,-0.478688,-0.006417,0.741876,2.718371,-6.315368
0.051990,-0.477047,-0.006414,1.082098,2.527343,-10.156921
0.049810,-0.494017,0.033737,1.819173,2.502439,-12.087346
0.061049,-0.470315,-0.021185,1.339306,2.312441,-9.732462
0.051632,-0.475547,-0.002238,1.081543,0.839589,-5.075412
0.035902,-0.472130,0.003890,1.603421,-1.206319,-0.287900
0.034885,-0.456689,0.005942,1.316635,-1.200883,2.025307
0.049698,-0.439716,-0.004556,1.460681,-1.174729,2.159041
0.013391,-0.494697,0.042754,1.939441,-2.474919,1.719814
0.018322,-0.460152,0.010242,2.123688,-2.394509,0.079103
-0.001705,-0.451020,-0.009545,1.837085,-0.569382,-3.358334
0.033999,-0.466766,0.039577,2.466929,-0.951536,-4.471933
0.028005,-0.443566,0.041848,1.848583,-0.719931,-2.906962
0.022838,-0.398748,0.019173,1.659249,0.872144,-0.401516
-0.025187,-0.392760,0.043089,2.336363,1.137568,1.531308
-0.044832,-0.397897,0.038520,2.023120,1.601134,5.190821
-0.072014,-0.378564,0.032273,1.569963,1.522329,5.269789
-0.048414,-0.354707,0.022406,2.394298,3.447450,1.762552
-0.063034,-0.358341,0.035638,2.432017,1.406429,-1.887783
-0.074181,-0.345280,0.023535,1.368602,2.315314,-3.862864
-0.086132,-0.339129,0.035369,1.899838,1.003599,-5.009348
-0.037598,-0.312931,0.023719,1.988211,0.629414,-4.962933
-0.090508,-0.290535,0.009089,1.365152,-1.035659,-4.865823
-0.130629,-0.297307,0.013222,1.023437,-1.492659,-5.429845
-0.080339,-0.246892,-0.000525,0.593188,-2.866793,-4.324602
-0.122489,-0.190345,-0.037721,-0.824773,-1.321208,-6.059651
-0.143769,-0.140643,-0.013307,-1.073591,-2.972497,-10.746476
-0.092983,-0.080026,0.001802,-2.333486,-3.644915,-12.314080
-0.093291,-0.001710,-0.052929,-4.004753,-0.468339,-13.215639
-0.081983,0.111383,-0.040505,-3.940417,-0.206026,-13.643815
-0.007311,0.219966,-0.029466,-6.026823,0.319187,-10.646406
-0.024885,0.320084,-0.059917,-8.253278,1.178057,-7.452095
-0.021780,0.456331,-0.059829,-7.560277,2.386703,-5.139822
0.002924,0.604067,-0.054702,-9.601858,2.322187,-3.845121
-0.012261,0.705935,-0.105235,-10.466351,2.244406,-4.169486
0.001519,0.857757,-0.101266,-9.519105,1.400570,-4.227469
0.032196,1.036673,-0.076901,-10.851634,-0.287076,-3.313547
0.056578,1.182916,-0.120495,-11.121854,-0.486904,-1.604021
0.043521,1.297420,-0.098345,-10.073388,-1.079368,-0.048236
0.086573,1.448606,-0.139809,-9.176159,-1.390445,4.392285
0.159213,1.565573,-0.143849,-8.738893,-1.281819,7.952336
0.196571,1.648661,-0.120564,-6.565301,-1.844350,12.834614
0.145693,1.768972,-0.156250,-5.840250,-3.333855,16.005021
0.099480,1.905673,-0.173457,-5.457367,-2.167539,15.599060
0.071480,2.056215,-0.169406,-5.017248,-2.923754,13.055784
0.087239,2.229794,-0.161807,-3.945923,-2.180489,12.222978
0.071618,2.375928,-0.168454,-4.795621,-2.530124,13.757453
0.029623,2.425263,-0.156782,-3.998747,-1.069163,17.423936
0.004614,2.510166,-0.138821,-3.783288,-1.484178,21.685777
0.015278,2.587964,-0.153335,-4.339681,0.123491,25.009235
0.028004,2.646411,-0.145504,-4.209230,1.334517,24.945308
0.012951,2.672723,-0.109558,-3.403772,0.889241,24.123937
0.001538,2.680591,-0.145766,-4.203256,1.368809,23.165520
-0.004098,2.661943,-0.155814,-4.949650,1.344453,20.042858
0.043396,2.627868,-0.132669,-4.182340,0.573205,17.838367
0.096420,2.616222,-0.144772,-4.992505,0.004315,17.602757
0.080530,2.531955,-0.150995,-5.621364,-0.578327,17.538111
0.079919,2.427065,-0.135784,-5.114927,-1.271749,17.480453
0.152094,2.308323,-0.116421,-5.443870,-1.775954,15.470858
0.243250,2.204503,-0.143061,-6.382398,-1.867800,10.324001
0.259328,2.087470,-0.126390,-5.980906,-2.638224,4.876622
0.203195,1.976465,-0.141026,-7.435171,-4.074317,2.903294
0.183467,1.871089,-0.174090,-8.638720,-2.544481,-0.161613
0.198589,1.784134,-0.101260,-8.611186,-2.292689,-4.396302
0.263155,1.720602,-0.131550,-10.139430,-1.281977,-7.200314
0.228765,1.566600,-0.111573,-10.755406,-0.995407,-10.042123
0.177053,1.429545,-0.103331,-10.972408,0.117767,-11.653760
0.123090,1.396346,-0.120055,-12.652360,0.277982,-13.871744
0.151628,1.387628,-0.118834,-12.389916,2.763569,-18.739317
0.149350,1.316816,-0.082842,-12.320374,1.365172,-21.800388
0.111697,1.200434,-0.091212,-12.534721,2.363266,-21.902474
0.076745,1.118908,-0.125333,-12.223506,1.972804,-23.605242
0.049051,1.084531,-0.075739,-11.573938,1.107885,-24.238973
0.082109,1.124682,-0.061605,-11.453623,1.138802,-24.753978
0.063018,1.126497,-0.090716,-11.448043,0.207197,-24.877933
0.077704,1.084534,-0.078004,-9.459595,1.176661,-23.901725
0.065493,1.019893,-0.064362,-8.594098,-1.133249,-21.759421
0.070732,1.013279,-0.093914,-7.824136,-0.000697,-19.799917
0.068828,1.092320,-0.085412,-7.443902,-1.126944,-19.309813
0.078725,1.165821,-0.047014,-5.758235,-1.696450,-18.068688
0.087889,1.223680,-0.080656,-5.685076,-2.040066,-15.555006
0.054303,1.223188,-0.063544,-5.662060,-1.032177,-12.821757
0.042844,1.249201,-0.046453,-4.854737,-1.900037,-9.841838
0.049081,1.325712,-0.047355,-4.145406,-0.538767,-7.119039
0.061338,1.417538,-0.050415,-4.734692,-0.850346,-4.861067
0.049856,1.488842,-0.048770,-4.539591,-0.101628,-2.364019
-0.023707,1.509660,-0.004454,-3.818859,-2.687169,0.918435
-0.009087,1.534475,-0.062025,-3.977621,1.248064,5.853966
0.021200,1.605582,-0.038821,-4.051968,1.193641,6.234387
0.023944,1.657274,-0.012476,-3.907380,0.082375,7.025306
-0.003110,1.714536,-0.062162,-4.544800,0.454423,8.654776
-0.040398,1.725119,-0.064972,-5.288065,1.449675,10.810501
-0.035895,1.712383,-0.045583,-4.402775,-0.335125,12.753154
0.016769,1.725923,-0.025649,-4.815657,-0.838145,14.353533
0.067903,1.726510,-0.039300,-5.072685,-1.221613,14.636769
0.028950,1.704482,-0.042327,-4.331635,-1.035751,14.428390
0.009331,1.675354,-0.045642,-4.424101,-2.065596,16.024850
0.033467,1.662066,-0.061434,-5.656552,-2.807250,16.772078
0.057671,1.626980,-0.059346,-5.414045,-1.583377,14.295705
0.086544,1.608566,-0.049994,-4.597365,-1.621830,12.493486
0.037163,1.560042,-0.040443,-5.968909,-4.121909,11.652463
-0.003638,1.508192,-0.074403,-5.883312,-1.530385,10.509505
-0.041005,1.446157,-0.027027,-5.407211,-2.376542,9.915361
0.014504,1.432962,-0.061611,-5.744084,-1.291131,10.703712
-0.003835,1.353501,-0.045803,-6.001657,-0.743066,8.411681
-0.028125,1.267192,-0.048229,-5.499690,-0.412836,6.039840
-0.076850,1.190567,-0.037561,-5.322751,-1.343384,3.913382
-0.075097,1.134171,-0.067588,-6.166114,0.488974,2.643397
-0.046024,1.083471,-0.038591,-4.994697,1.007600,0.856189
-0.023960,1.016529,-0.043856,-4.788248,0.543834,1.692611
-0.040700,0.946114,-0.049755,-5.249716,-0.057099,1.895883
-0.100591,0.819510,-0.070460,-4.971300,0.170489,0.948044
-0.088184,0.753376,-0.065051,-3.526055,-0.276349,0.477021
-0.048145,0.710687,-0.047451,-4.812377,-1.828483,0.126031
-0.032212,0.648840,-0.072972,-4.613025,-0.856254,-1.789045
-0.056397,0.584908,-0.039110,-3.125335,-1.681334,-3.103293
-0.087751,0.517660,-0.066633,-3.761406,-1.845538,-1.996524
-0.086103,0.462069,-0.103587,-4.457556,-1.769638,-0.651028
-0.031270,0.402227,-0.045307,-2.772178,-1.560225,2.835587
0.003738,0.379831,-0.051908,-2.943619,-1.063392,5.703458
-0.033229,0.307647,-0.101739,-2.711249,0.931070,6.475566
-0.070935,0.245375,-0.066643,-2.002899,-0.190467,4.760794
-0.071207,0.179438,-0.059441,-1.839762,-0.285087,3.297398
-0.032481,0.157938,-0.081637,-1.542576,1.093400,1.782770
-0.034427,0.107165,-0.047346,-0.693327,0.916978,1.861637
-0.033948,0.088120,-0.068957,-0.774752,0.621323,4.889425
-0.084468,0.009857,-0.059231,-0.525723,0.524491,6.660183
-0.055661,-0.048817,-0.072568,0.643931,-0.071318,8.497017
-0.030042,-0.098923,-0.060055,1.011089,-0.172830,8.594166
-0.008440,-0.149502,-0.080610,1.387177,0.586181,6.465255
-0.022876,-0.188760,-0.066817,2.386722,0.042852,3.514205
-0.058182,-0.249761,-0.047697,2.748375,-3.602726,0.985857
-0.034562,-0.280770,-0.122241,2.212398,-0.506146,-1.245387
-0.014086,-0.358446,-0.057616,3.697065,-0.801053,-2.992628
0.035377,-0.383222,-0.062576,3.445676,-0.962900,-2.283965
0.019874,-0.427295,-0.071192,2.835208,-0.078014,-3.255928
0.015991,-0.466924,-0.060682,3.694219,0.528019,-5.546942
0.059316,-0.463901,-0.073296,2.791322,0.558582,-7.668569
0.108283,-0.454733,-0.067523,1.017795,1.372519,-12.174271
0.107102,-0.474017,-0.081174,1.085692,2.074606,-15.552399
0.103662,-0.436036,-0.077921,-0.110087,1.373822,-15.919846
0.090850,-0.403527,-0.074229,-1.957328,2.059441,-15.013798
0.127981,-0.358758,-0.078013,-2.437385,1.452338,-15.228479
0.151739,-0.303032,-0.081959,-3.499507,0.992534,-15.204064
0.142572,-0.272039,-0.100738,-4.403530,1.213425,-16.432928
0.120868,-0.207857,-0.125461,-5.247684,1.502421,-18.442303
0.126409,-0.137144,-0.080534,-5.819889,1.270825,-18.562468
0.168342,-0.025833,-0.127434,-6.676503,1.591185,-18.603538
0.181271,0.080144,-0.104641,-6.646400,0.467468,-18.439751
0.159545,0.162934,-0.109357,-7.171298,-0.219435,-16.503179
0.143284,0.290850,-0.144607,-7.573384,0.204111,-15.350047
0.141167,0.420914,-0.104056,-6.659747,0.407130,-14.519558
0.185050,0.577204,-0.109820,-7.357610,-0.640860,-12.377413
0.182637,0.743948,-0.118627,-7.300853,0.144249,-11.904925
0.166018,0.878936,-0.098545,-5.797424,1.413578,-9.392328
0.161052,1.047243,-0.120045,-6.376994,0.770040,-5.400297
0.185470,1.189477,-0.128422,-5.822656,1.795332,-2.497346
0.194001,1.357220,-0.095187,-5.149366,0.728556,0.571880
0.195018,1.517124,-0.105904,-5.494921,0.821636,3.505922
0.183543,1.688254,-0.126058,-4.512520,1.062403,5.350296
0.160592,1.850475,-0.095056,-4.657673,-0.213714,8.395966
0.205325,2.009345,-0.098729,-5.332132,-0.601311,11.215579
0.211673,2.144263,-0.104998,-4.837643,-0.219609,13.699175
0.232697,2.283898,-0.108376,-4.376142,-0.147825,17.082274
0.230816,2.407180,-0.121214,-5.153676,-0.738060,20.560245
0.241133,2.501645,-0.137150,-5.184209,-0.182728,22.941925
0.276833,2.603007,-0.093792,-4.442227,-0.261286,23.609785
0.300276,2.680929,-0.105054,-5.587585,-0.765777,24.517792
0.305823,2.739067,-0.146567,-5.490556,0.273679,24.026272
0.291167,2.764477,-0.076224,-5.552735,-1.155938,23.925983
0.311679,2.798194,-0.110789,-6.338459,-0.280909,23.645948
0.318625,2.807565,-0.104887,-6.515340,-0.309364,22.890964
0.331446,2.763777,-0.078522,-5.857693,-0.584600,22.243330
0.325311,2.742973,-0.098522,-6.471247,-0.261638,20.939812
0.286644,2.678825,-0.077833,-6.993082,-0.087137,19.053809
0.295165,2.635818,-0.053372,-6.827657,-0.019715,17.162705
0.283184,2.577197,-0.068763,-7.555410,-0.610613,14.627160
0.254647,2.478100,-0.061440,-7.449403,-0.338762,11.000822
0.244649,2.392806,-0.032854,-7.384070,-1.240362,7.735316
0.202121,2.290975,-0.052982,-8.368387,0.268178,5.232816
0.189582,2.194846,-0.032640,-7.903092,-0.146276,2.843615
0.169504,2.097505,-0.011055,-8.258472,-0.378496,0.525414
0.136775,1.975963,-0.046151,-8.921721,-0.207595,-1.919184
0.108355,1.860588,-0.017610,-8.171155,-0.391041,-4.585833
0.064292,1.747174,0.018031,-9.110418,-2.728813,-6.888036
0.053263,1.623074,-0.014026,-9.388868,-0.014719,-8.979818
0.035098,1.519395,0.006375,-8.324514,-0.476427,-11.370200
0.008707,1.401021,0.018638,-8.683711,-0.681432,-11.697711
-0.000346,1.312329,0.005715,-9.285871,0.432789,-12.098499
-0.037181,1.186769,0.034653,-7.961768,-0.447824,-13.134384
-0.041357,1.086438,0.025813,-7.537388,-0.392741,-12.904287
-0.055980,1.017189,0.003312,-8.035147,-0.301926,-13.565544
-0.085578,0.928182,0.018933,-6.659487,-0.125383,-14.378006
-0.096429,0.873858,0.021454,-6.821446,-1.204777,-13.471366
-0.120851,0.793760,0.031896,-6.508052,-1.650817,-12.670047
-0.122292,0.723243,0.026893,-5.885065,-0.554815,-12.233597
-0.122387,0.677804,0.033255,-4.247729,-0.990279,-10.388193
-0.122738,0.627356,0.014693,-4.569585,-0.849042,-7.762320
-0.132956,0.581510,0.006509,-3.918471,-0.331773,-7.454969
-0.163010,0.516098,0.028311,-2.416969,-0.341528,-7.796001
-0.147990,0.472185,0.003312,-1.601536,-0.831623,-7.105664
-0.157588,0.434982,0.037194,-1.819489,-1.680714,-7.142692
-0.159626,0.396177,0.009716,-1.397562,-0.548840,-7.176984
-0.179078,0.378301,0.028794,-0.092398,-1.507621,-6.512362
-0.184487,0.368825,-0.004359,-0.482369,-1.064413,-5.200115
-0.194069,0.363556,-0.006929,-0.561639,-0.903613,-5.375424
-0.210694,0.336036,0.023043,0.385180,-0.942717,-4.431536
-0.215910,0.350912,-0.011291,-0.620306,-1.155081,-2.029713
-0.235447,0.340868,-0.003824,-1.058538,-1.585379,-2.131235
-0.222262,0.328001,-0.003029,-0.569688,-1.029524,-1.469449
-0.212385,0.346695,-0.025567,-1.318668,-0.501478,-0.976414
-0.222298,0.334530,-0.035552,-2.121989,-0.423428,-1.542878
-0.228679,0.338912,-0.041614,-1.130420,-0.021074,-1.654028
-0.237220,0.348319,-0.020833,-2.266295,-1.191394,-0.820584
-0.216924,0.356427,-0.032154,-2.901381,-1.767088,-0.004057
-0.212362,0.348129,-0.045373,-2.907742,-0.576954,-0.661116
-0.230684,0.343255,-0.012719,-2.357727,-2.356670,-0.696038
-0.209831,0.364574,-0.073205,-2.945454,-1.145023,-0.467245
-0.219813,0.368628,-0.049102,-3.564256,-1.563826,-1.532203
-0.202816,0.367042,-0.039806,-2.475124,-0.838982,-2.334014
-0.183516,0.409724,-0.050530,-3.192497,-1.202689,-1.140612
-0.213944,0.401078,-0.060163,-3.501499,-1.391078,-1.958225
-0.196813,0.417352,-0.034954,-2.969876,-1.507595,-1.695042
-0.179754,0.448040,-0.032749,-2.897974,-0.936299,-0.502979
-0.164963,0.457086,-0.055269,-3.207856,-0.742685,-0.175276
-0.172670,0.475015,-0.034163,-2.690678,-0.897816,0.452428
-0.181126,0.483405,-0.017104,-2.071817,-0.721900,2.437696
-0.144323,0.540431,-0.034002,-3.076401,-0.774003,5.177813
-0.133252,0.546286,-0.043997,-2.903058,-0.080857,6.155908
-0.106736,0.559863,-0.018148,-1.969979,-0.252341,7.561550
-0.099196,0.596918,-0.051859,-2.639800,0.636192,9.114836
-0.098898,0.595802,-0.054659,-2.461035,-0.008013,10.346486
-0.080194,0.628091,-0.038201,-1.375668,0.108297,10.867160
-0.049563,0.643732,-0.034570,-1.978661,-0.481872,13.557900
-0.024042,0.651118,-0.071488,-1.457030,0.619950,14.287186
-0.028939,0.629355,-0.012184,-0.840827,-0.856674,14.787568
0.001207,0.613179,-0.035378,-0.538157,-0.656869,16.415944
0.019835,0.605580,-0.063118,-0.686720,0.887814,15.476635
0.010769,0.570491,-0.021677,0.059290,-1.114834,14.339257
0.026009,0.544816,0.000207,-0.344375,-4.825565,13.388893
0.053253,0.509444,-0.040177,0.134451,-0.648387,12.785220
0.059979,0.457270,-0.042737,1.370978,-0.245248,12.783603
0.075741,0.426980,-0.025534,1.005748,-1.489095,13.763051
0.065356,0.378761,-0.032788,0.572473,-0.277796,13.125050
0.090755,0.340819,-0.043328,1.011784,0.381987,11.802044
0.103458,0.292606,-0.014377,1.248307,0.329051,10.182663
0.129275,0.235019,-0.039084,0.442839,1.343623,6.991730
0.143786,0.187388,-0.028586,0.459583,1.829296,4.780729
0.151257,0.114114,-0.013966,1.089142,1.287024,3.197524
0.177385,0.080315,-0.028938,-0.236740,1.525799,1.638600
0.183251,-0.003046,-0.036244,-0.190326,1.335299,0.397327
0.205220,-0.067704,-0.019057,0.704581,1.507594,-0.980712
0.206635,-0.122629,-0.004162,-0.292981,0.718204,-2.267267
0.213262,-0.178565,-0.017856,-0.771200,0.708718,-5.521240
0.230249,-0.234166,-0.017531,-0.196776,0.565288,-8.664069
0.242827,-0.284207,-0.008669,-0.490321,0.553055,-10.806730
0.241432,-0.315210,-0.031613,-0.668509,0.717574,-12.780437
0.218271,-0.362552,-0.017807,-0.300623,-0.123899,-14.400091
0.244780,-0.395793,-0.024966,-0.948251,-0.376660,-14.889055
0.269021,-0.382815,-0.034062,-1.425875,2.033559,-16.207168
0.261278,-0.406740,-0.020794,-1.271991,1.156006,-17.519113
0.267416,-0.379371,-0.021756,-1.438349,2.852576,-18.092263
0.253961,-0.373644,-0.050664,-2.543185,2.450921,-18.942654
0.267176,-0.344998,-0.012647,-2.040358,2.072472,-19.894880
0.286513,-0.302454,-0.026981,-2.569588,2.353170,-18.258995
0.254752,-0.230500,-0.036927,-3.871354,2.281160,-18.197089
0.243612,-0.189630,-0.016097,-2.317734,2.389388,-17.044671
0.251253,-0.086282,-0.013303,-3.982012,0.461918,-14.904716
0.263008,-0.018503,-0.044966,-3.994406,2.223523,-13.980729
0.262673,0.081244,-0.013011,-3.322636,1.614707,-13.224466
0.229077,0.198853,-0.026624,-4.630139,0.598451,-10.658553
0.231660,0.323645,-0.058910,-4.553064,0.169009,-9.388086
0.221261,0.437047,-0.036001,-4.427905,-0.096960,-7.009468
0.253045,0.560664,-0.039228,-4.287798,-0.011285,-3.435369
0.243316,0.683552,-0.052345,-5.032297,-0.104812,-0.548180
0.223727,0.802202,-0.050017,-3.744853,0.443962,1.029007
0.217986,0.924571,-0.038384,-3.443427,-0.415606,3.437774
0.221133,1.045342,-0.042537,-3.808227,-1.438624,4.392424
0.208325,1.155727,-0.059605,-3.344382,0.563696,4.117550
0.185775,1.246858,-0.037144,-2.179806,0.482357,4.827107
0.174785,1.363046,-0.035253,-2.513581,0.002688,6.038502
0.160970,1.456015,-0.061286,-3.141764,0.993780,6.665545
0.154362,1.547887,-0.033845,-1.883520,0.824495,8.046495
0.159151,1.638804,-0.040692,-2.721852,-0.146611,10.656371
0.113867,1.699056,-0.059622,-3.245056,-0.492665,11.359993
0.121659,1.759739,-0.033684,-2.085154,0.837815,12.615784
0.111572,1.818458,-0.042990,-2.914656,-0.859602,13.358937
0.113853,1.852914,-0.065061,-3.785684,-1.118446,13.484251
0.086100,1.872024,-0.053165,-3.310285,-0.957209,12.136261
0.066186,1.883382,-0.041985,-3.582819,-1.133043,12.064598
0.050325,1.894893,-0.074189,-4.455780,-1.892773,12.167637
0.039647,1.865190,-0.065153,-4.965047,-1.195649,10.776724
0.015666,1.828155,-0.047099,-4.396388,-1.587112,9.595171
0.025195,1.818186,-0.049988,-5.631169,-1.383345,9.998544
0.008274,1.779420,-0.053917,-6.359023,-0.168790,8.818908
-0.013558,1.739791,-0.046374,-6.297599,-1.260247,8.818895
-0.018646,1.694599,-0.050874,-6.690819,-0.216133,7.984503
-0.029783,1.646088,-0.061450,-7.631431,-0.370253,7.258812
-0.055721,1.565845,-0.029266,-7.142902,-0.579098,6.292413
-0.079394,1.502353,-0.023492,-7.486367,-0.926738,5.033845
-0.103149,1.439865,-0.064943,-8.086662,0.723180,3.944667
-0.132438,1.351430,-0.042225,-6.699579,-1.048766,3.870826
-0.163687,1.274542,-0.020032,-6.918511,-3.080231,4.013826
-0.188590,1.176512,-0.055509,-6.601457,-1.072856,4.122803
-0.201247,1.082000,-0.027641,-4.932117,-1.772383,5.109827
-0.207550,0.973745,-0.026929,-4.932068,-2.183731,5.056456
-0.240190,0.886495,-0.044447,-4.385470,-1.860555,2.852561
-0.258601,0.774029,-0.006558,-2.613423,-1.740979,0.897164
-0.262928,0.708396,-0.019599,-2.680306,-1.940916,-0.942061
-0.309604,0.606047,-0.025901,-2.307605,-1.839367,-3.038637
-0.299012,0.529805,-0.018795,-0.991035,-1.372306,-2.984019
-0.301628,0.447672,0.003450,-1.259289,-1.190478,-1.834285
-0.307618,0.367968,-0.027723,-0.784261,-1.030345,-0.419465
-0.339799,0.274176,0.023821,-0.315043,-0.872961,0.234427
-0.327240,0.197662,-0.009148,0.011304,-1.225213,0.876139
-0.339389,0.095936,-0.010244,0.134336,0.228641,-0.602412
-0.331531,0.005889,0.010829,1.079731,-1.084616,-1.547544
-0.358099,-0.076084,0.023952,0.731129,-2.711373,-2.007006
-0.369866,-0.168205,0.005580,0.895156,-1.326752,-2.852617
-0.371662,-0.268884,0.036885,2.473910,-1.481076,-3.207399
-0.351363,-0.361991,0.016009,1.864939,-1.789484,-2.752356
-0.341503,-0.439529,-0.011633,2.158777,-0.756829,-3.237231
-0.355469,-0.553022,0.051932,2.419396,-2.049883,-4.561842
-0.329472,-0.620040,0.012464,2.292047,-0.862710,-5.501722
-0.325172,-0.677437,0.001103,1.884687,0.100777,-8.843789
-0.330779,-0.747832,0.039071,2.311469,-1.492814,-10.944707
-0.307664,-0.798148,0.038871,1.370920,-2.096549,-10.960649
-0.310159,-0.839087,0.006900,1.190179,0.543818,-10.242662
-0.322002,-0.918785,0.036429,2.279502,-0.215485,-9.063395
-0.289171,-0.933959,0.029729,1.360396,-0.713970,-6.379016
-0.290155,-0.986518,0.008604,1.248475,-0.755299,-7.197849
-0.322996,-1.057688,0.041674,2.129383,-0.680649,-9.554181
-0.292565,-1.081036,0.027858,2.016208,-0.700892,-11.193808
-0.271721,-1.098180,-0.007704,1.429554,0.743531,-13.209817
-0.263505,-1.117005,0.013767,2.261711,-0.491880,-14.948649
-0.252637,-1.079316,0.015188,2.248322,-1.099075,-14.533936
-0.258230,-1.046078,0.006637,0.692302,-0.656786,-12.701409
-0.218559,-1.019496,0.039925,1.164041,0.162855,-10.159609
-0.178228,-0.968152,0.009037,1.000910,-0.961078,-7.185102
-0.165918,-0.917081,-0.004582,-0.171879,-0.056346,-6.071436
-0.169696,-0.858338,0.018303,0.621490,-0.064139,-6.192237
-0.160952,-0.771104,0.005882,-0.296326,-2.466503,-6.194272
-0.126703,-0.705607,-0.010664,-0.663424,0.078529,-6.552958
-0.083913,-0.634414,0.001970,0.836568,0.841099,-5.598943
-0.090504,-0.556938,0.001861,-0.232870,-0.699750,-1.951950
-0.059666,-0.471710,-0.009634,0.019162,-0.467232,0.875238
-0.049917,-0.395098,-0.026305,-0.132079,0.160055,2.681635
0.001962,-0.298906,-0.007845,0.935931,-1.013955,4.309902
0.028369,-0.215180,-0.013973,0.167538,-0.193851,5.537777
0.056496,-0.122800,-0.048580,0.579038,0.308030,6.727218
0.028044,-0.040023,0.002239,0.388354,-0.926078,8.122617
0.073660,0.090447,-0.023095,0.339836,0.269948,9.914930
0.103747,0.197393,-0.040223,0.722487,0.926442,11.378083
0.110982,0.246252,-0.024687,1.113481,-0.129318,13.873868
0.124866,0.316388,-0.046039,1.563037,0.187194,16.467434
0.102053,0.329337,-0.034285,1.727520,0.945651,17.045225
0.141649,0.365857,-0.023679,2.950812,-0.006476,16.324293
0.155071,0.401711,-0.062602,1.490853,0.485134,15.385804
0.170410,0.413797,-0.038765,2.635432,0.570438,13.648029
0.180133,0.419161,-0.012814,3.341107,-0.461498,12.524040
0.216561,0.431818,-0.023853,3.168389,0.679343,13.677269
0.231454,0.451867,-0.060991,1.999309,1.672215,14.013443
0.240500,0.448237,-0.030494,2.684488,0.957618,15.127920
0.246638,0.446576,-0.012627,2.476631,1.155493,15.175506
0.242141,0.414743,-0.048002,1.105278,1.539014,13.645791
0.247153,0.398554,-0.027136,1.249393,1.052251,11.934764
0.257940,0.363514,-0.054488,-0.335716,-0.183777,10.541468
0.268617,0.323363,-0.005537,0.897391,1.211200,7.779585
0.280720,0.287272,-0.031751,-0.464492,0.849377,6.029534
0.288968,0.238062,-0.069804,-1.365781,2.608396,4.942923
0.293117,0.141614,-0.037305,-0.539992,1.441400,3.608577
0.318258,0.087894,-0.027500,-1.179361,0.150736,1.303935
0.302344,0.040571,-0.042921,-2.147674,1.149296,-1.625251
0.306677,-0.007156,-0.039310,-1.858107,1.859501,-4.311753
0.294985,-0.044809,-0.012680,-1.497902,0.961787,-5.597648
0.318061,-0.074390,-0.038112,-2.522253,1.771043,-4.638778
0.306490,-0.112667,-0.039323,-2.052867,2.605488,-4.910738
0.279541,-0.148202,-0.029627,-1.914834,0.912593,-5.031148
0.246999,-0.176385,-0.014646,-2.204256,0.612194,-6.055522
0.235107,-0.212381,-0.053425,-2.626742,1.389912,-7.962025
0.233777,-0.264381,-0.005987,-0.199973,1.241677,-10.901987
0.238018,-0.302592,0.005974,-0.673212,-0.926783,-12.485825
0.230410,-0.318282,-0.026039,-0.302290,1.295696,-14.188440
0.212264,-0.355314,-0.016668,1.115047,2.029318,-15.013300
0.224219,-0.337386,0.000483,1.246870,1.682285,-14.174932
0.229835,-0.338541,-0.011058,0.898517,1.382412,-13.175170
0.208404,-0.340172,-0.007270,1.751515,1.871554,-11.579012
0.173804,-0.327522,0.000647,1.736816,1.256950,-9.922458
0.154605,-0.280409,-0.020656,0.620278,0.853562,-9.981986
0.115820,-0.279920,0.016225,1.948599,0.580069,-10.612471
0.117707,-0.210828,-0.005974,0.776519,0.112302,-9.628587
0.096089,-0.203127,-0.016179,0.474449,1.685880,-9.210356
0.073690,-0.173809,0.019091,0.656822,-0.392189,-7.873619
0.060327,-0.133576,0.013307,-0.352052,0.197796,-7.135629
0.057097,-0.095079,-0.002242,0.023748,0.802599,-7.392040
0.055725,-0.064707,0.014794,0.068996,0.526690,-7.470747
0.058820,-0.024812,0.007343,-0.728246,0.298895,-6.548599
0.018154,0.033471,-0.007605,-1.487979,0.713438,-6.824171
-0.007364,0.069335,0.022672,-0.678182,0.648327,-5.864885
-0.026343,0.155341,0.029083,-2.172962,-2.246366,-3.339138
-0.044432,0.211235,0.004645,-2.678887,-0.288336,-1.124507
-0.080286,0.262628,0.007980,-1.347038,0.274684,0.951277
-0.128358,0.313992,0.018421,-2.219901,-1.473986,3.106535
-0.129602,0.368231,-0.005770,-3.033443,-0.544360,3.128159
-0.161789,0.406530,0.003496,-2.077102,-0.798778,1.042198
-0.174213,0.441445,0.006365,-1.451167,-1.423804,0.237865
-0.200322,0.474060,0.002058,-1.762825,-1.810731,0.306408
-0.216301,0.491299,-0.000666,-1.261176,-0.832794,0.512906
-0.205331,0.544941,0.021720,-0.835300,-1.069616,1.766246
-0.213130,0.583014,0.012766,-1.680550,-0.974428,3.062339
-0.255303,0.604057,0.018484,-0.715448,-0.842839,3.219157
-0.266066,0.626657,0.024093,-0.078586,-0.829341,4.598726
-0.277452,0.667241,0.013862,-1.234877,-2.067671,4.779165
-0.310382,0.675214,0.012638,-1.523204,-1.647056,4.035603
-0.315493,0.695519,0.029299,-0.839380,-1.298431,5.082612
-0.353700,0.703538,0.002879,-1.516790,-2.010973,6.895027
-0.349026,0.686834,-0.011547,-1.063308,-0.777554,7.815630
-0.344654,0.677322,0.038493,-0.647416,-2.550691,9.207269
-0.341815,0.654614,0.011292,-1.271572,-1.939216,9.851668
-0.345632,0.627704,-0.005675,-0.970497,-1.805597,8.728618
-0.373841,0.565876,0.031991,-0.564656,-2.095013,7.308710
-0.352594,0.544639,0.015149,-1.046186,-2.006768,7.044534
-0.355968,0.506316,-0.005015,-1.389096,-1.033407,6.874674
-0.347083,0.460155,0.038057,-1.107118,-1.774618,7.006455
-0.365891,0.411815,0.046808,-0.835779,-3.894564,8.483937
-0.367621,0.369222,0.005393,-1.572332,-1.439356,10.124543
-0.356215,0.312137,0.017371,-0.436736,-1.034270,10.569991
-0.347096,0.230637,0.032431,-0.543156,-1.519001,11.142961
-0.352745,0.170460,0.007333,-0.571014,-1.614871,10.825179
-0.369735,0.056277,0.048584,0.653713,-1.192431,9.051452
-0.341040,-0.026854,0.016856,0.960854,-1.624620,8.737209
-0.359566,-0.135890,0.033928,0.875025,-2.148779,7.381457
-0.355955,-0.249879,0.049811,2.450986,-1.841277,6.778898
-0.355752,-0.343678,0.050550,2.738619,-2.444238,7.517214
-0.323689,-0.456886,0.029601,3.114590,-1.028053,6.045190
-0.316087,-0.559787,0.063378,4.224891,-1.455102,4.800388
-0.296523,-0.667474,0.057121,4.557458,-0.933923,3.445556
-0.287034,-0.764713,0.028889,4.789093,-0.273804,1.214535
-0.271344,-0.900652,0.046933,5.842969,-0.134829,-0.879984
-0.223765,-0.982874,0.081818,5.706108,-0.472307,-2.630780
-0.216941,-1.094727,0.050419,5.217356,0.233979,-3.704429
-0.201786,-1.187403,0.040982,5.912672,0.594007,-5.310771
-0.207339,-1.282147,0.075464,6.045099,-0.147634,-6.674808
-0.157712,-1.352244,0.074728,4.904796,-0.540319,-7.184405
-0.142101,-1.446306,0.069450,4.558197,-0.040810,-8.893400
-0.118615,-1.517899,0.075657,5.082711,-0.174235,-8.750350
-0.121310,-1.581322,0.059389,4.183034,-1.031496,-8.904197
-0.114092,-1.648350,0.065813,4.217454,-0.222894,-10.232600
-0.085462,-1.698998,0.073888,4.770013,0.089778,-11.044084
-0.057142,-1.734901,0.059636,3.178336,0.045347,-12.492269
-0.058986,-1.779178,0.068180,3.600825,0.363747,-15.188907
-0.029398,-1.782408,0.078516,3.383501,0.585079,-16.222156
-0.009297,-1.779493,0.079540,2.656779,0.493403,-17.028786
0.024043,-1.771441,0.038799,2.444005,3.195034,-16.869475
0.051356,-1.750013,0.073245,3.214341,2.719307,-15.132510
0.073175,-1.744673,0.072729,2.791376,0.987030,-12.598075
0.094652,-1.703774,0.029916,2.649978,2.340195,-11.419043
0.103179,-1.689134,0.080515,3.557087,2.125852,-12.008746
0.148008,-1.609463,0.055099,3.332433,2.188947,-11.019458
0.163540,-1.546482,0.042380,3.436943,2.152666,-11.993295
0.158659,-1.509811,0.065022,4.497268,0.986698,-11.777698
0.171103,-1.413389,0.033501,4.665602,0.534129,-8.539192
0.166491,-1.332622,0.038021,4.469847,0.958600,-6.085825
0.190555,-1.253272,0.058234,4.900598,0.560959,-3.450821
0.212186,-1.138495,0.053373,5.110113,0.773159,-1.528471
0.220142,-1.041689,0.025777,4.788397,0.481245,-0.502860
0.225706,-0.942576,0.039990,4.972893,1.271531,-0.439996
0.230925,-0.845314,0.037771,5.170480,1.253274,1.053342
0.265273,-0.707271,-0.002498,4.138419,2.325992,2.501157
0.262039,-0.613705,0.044333,4.314453,1.820604,3.871669
0.279364,-0.530521,0.044852,4.566465,1.792825,5.605390
0.284120,-0.431822,0.021074,3.250562,2.518681,7.635246
0.288818,-0.352961,0.017798,3.927775,3.575882,8.390942
0.292533,-0.246275,0.007671,3.761184,2.500092,8.714960
0.285939,-0.147861,0.025318,2.474150,2.382574,9.523430
0.288588,-0.060391,0.013810,1.666313,2.265693,8.889078
0.293482,0.016018,0.027451,1.968530,1.362471,9.919999
0.296718,0.077669,0.023142,1.061664,-1.392680,11.438603
0.301547,0.151813,-0.004963,0.470481,0.728829,12.115877
0.295317,0.198541,0.017936,0.899459,-0.044576,12.290558
0.307613,0.275144,-0.012998,-0.263863,-0.573347,12.920297
0.291407,0.298150,-0.005232,-0.598603,0.445739,11.686191
0.312733,0.332337,0.002748,0.523492,0.903816,10.789251
0.298038,0.348894,0.016468,-0.426015,0.334316,10.190025
0.291647,0.374152,-0.022540,0.006416,1.279396,9.239069
0.273321,0.345972,0.003434,0.779119,1.712947,9.662681
0.279055,0.355475,-0.013034,0.835061,1.934613,9.585396
0.237437,0.328802,-0.006161,0.391909,1.041091,8.531585
0.233502,0.303189,0.003299,1.230615,1.235838,7.311844
0.225329,0.279093,0.022629,1.551946,1.258119,5.945050
0.207400,0.248500,-0.015407,1.066650,1.400846,4.363682
0.187561,0.222277,-0.004592,2.109681,1.236058,3.369986
0.172120,0.176385,0.008108,1.512304,0.939102,3.690838
0.149255,0.134836,-0.020059,1.318121,0.980631,2.787190
0.126754,0.081939,0.025246,2.156371,0.134524,1.831193
0.148910,0.040850,0.020388,1.396315,-0.015772,1.052651
0.108779,-0.022262,-0.002347,0.669846,0.268513,-0.691696
0.108316,-0.067976,0.015392,0.960631,0.619921,-2.239920
0.095456,-0.120334,0.041513,0.776201,-0.531719,-2.858774
0.119637,-0.164329,0.008203,-0.051013,0.278114,-2.254965
0.117763,-0.212771,-0.006719,0.115239,1.880633,-3.133221
0.066488,-0.275144,0.050537,0.019743,-0.009936,-2.607804
0.067781,-0.309964,0.031613,-0.359487,0.671705,-1.345716
0.040124,-0.353076,0.017187,-0.728699,0.225835,-2.461512
0.031757,-0.410105,0.034988,-0.017939,0.489487,-3.350475
0.021584,-0.439670,0.022245,0.249422,0.316611,-4.150750
-0.005033,-0.488837,0.040302,-0.370470,0.945569,-4.735678
-0.032356,-0.539341,0.034505,-0.022423,0.370942,-5.653425
-0.049159,-0.584603,0.049243,1.478623,0.434864,-6.685319
-0.025568,-0.616012,0.046854,1.261539,0.103810,-6.408903
-0.055796,-0.656501,0.038425,1.634138,0.459853,-7.499570
-0.094804,-0.724579,0.057079,3.513981,0.293706,-8.112595
-0.105499,-0.752421,0.060568,3.235968,-2.069676,-7.992057
-0.106848,-0.793107,0.041917,3.553790,-0.090904,-8.056872
-0.107524,-0.817807,0.036728,5.068159,0.468365,-9.187258
-0.155241,-0.846600,0.072555,4.996638,-0.653304,-9.303287
-0.179774,-0.855840,0.044819,4.711913,-1.732894,-9.283202
-0.213632,-0.904046,0.070238,4.872280,-0.805454,-10.341191
-0.188137,-0.890881,0.061113,5.695716,-0.525666,-9.185693
-0.208905,-0.894255,0.048101,4.251755,-0.032270,-9.098860
-0.231423,-0.891596,0.053934,4.276288,-0.592431,-10.176184
-0.259064,-0.901043,0.070583,4.471133,-0.364226,-9.480809
-0.258739,-0.887848,0.039761,3.133641,-0.438429,-9.187930
-0.257692,-0.867171,0.040683,2.734481,0.136700,-9.795044
-0.270599,-0.870677,0.056097,2.754123,-0.465453,-9.987720
-0.272174,-0.813034,0.023069,1.154056,-0.315009,-9.889421
-0.295470,-0.785261,0.030432,0.139014,0.804010,-10.169851
-0.285649,-0.739915,0.047136,0.207939,-0.132177,-9.485393
-0.275227,-0.675864,0.032838,-1.307921,-0.737748,-7.923747
-0.284703,-0.642400,0.013038,-1.748171,-0.289967,-6.902282
-0.279845,-0.561399,0.023591,-1.546380,0.280773,-6.008274
-0.273083,-0.484551,0.016324,-2.299332,-1.338844,-3.941634
-0.265035,-0.396568,0.003440,-3.236110,-0.817747,-2.999197
-0.255900,-0.342355,0.018533,-2.398216,-0.764122,-0.817830
-0.237282,-0.237524,-0.004126,-2.612254,-1.222472,0.840126
-0.264001,-0.157961,0.019285,-3.154900,-2.519902,1.950581
-0.250911,-0.068380,0.004225,-3.139377,-1.242183,2.925586
-0.241319,0.009499,0.016708,-1.196190,-1.525970,4.714942
-0.209214,0.098542,-0.005032,-1.431443,-1.756971,7.898070
-0.211416,0.182559,-0.005465,-1.084161,-0.959903,9.108317
-0.228876,0.232131,0.010268,0.694199,-1.327041,10.026234
-0.218411,0.324403,-0.007585,1.008453,-2.520532,12.521928
-0.213074,0.385788,0.006719,1.162038,-1.004850,13.905688
-0.190937,0.438084,0.014867,2.692205,-0.451355,14.313364
-0.194321,0.470039,0.008528,3.084499,-1.728204,15.618783
-0.188065,0.490426,0.009726,3.212176,-0.678093,16.073092
-0.169825,0.510767,0.012575,4.793957,-0.045134,15.791951
-0.136715,0.531063,0.000972,4.391563,-0.498471,16.750075
-0.131029,0.529782,-0.026669,4.582053,0.532503,17.437031
-0.161451,0.489385,0.009533,4.363616,-0.579311,16.731464
-0.115087,0.483247,0.018228,4.575928,-0.540299,17.477796
-0.086191,0.471923,0.008180,3.158751,-1.498345,16.674886
-0.055622,0.432356,-0.010815,2.526698,-0.301952,14.973142
-0.058130,0.381718,0.007090,2.826428,-0.284394,14.133078
-0.044475,0.309258,0.003746,1.110441,-0.728288,13.738921
-0.006779,0.256605,-0.019422,0.363733,0.484366,11.723409
0.003587,0.163902,0.018920,-0.283062,-0.388779,9.259628
0.058614,0.122491,-0.009020,-0.588660,0.291034,7.919955
0.036677,0.031905,0.001133,-1.748986,-0.146709,5.962233
0.065188,-0.056668,0.018231,-1.800625,0.463503,4.511948
0.099326,-0.125478,0.012011,-2.030661,0.268562,2.852988
0.121453,-0.207762,-0.011199,-2.938682,0.633304,0.777835
0.130400,-0.282116,0.004199,-2.630336,0.589112,-1.930088
0.131211,-0.364784,0.021595,-1.930997,0.947197,-4.083548
0.162168,-0.416860,-0.022353,-2.486900,0.920707,-5.240902
0.165483,-0.513853,0.012884,-1.925833,1.224445,-8.163735
0.210738,-0.562338,0.015457,-0.844293,0.257117,-9.003447
0.207383,-0.607403,0.020476,-1.207081,0.944092,-9.862081
0.235363,-0.651985,-0.009171,0.070621,1.951833,-11.890003
0.242158,-0.699068,0.042899,0.732564,0.288618,-13.135317
0.281560,-0.717748,0.020089,0.491755,1.335956,-13.630975
0.305883,-0.746919,-0.010133,1.533489,3.193300,-14.482901
0.312441,-0.763509,0.020818,2.755780,1.479602,-13.737364
0.314082,-0.753576,0.005390,2.103284,1.849549,-14.299393
0.318054,-0.773284,0.005466,3.129620,2.234750,-14.930258
0.340601,-0.749086,0.014515,3.651203,1.713997,-14.012074
0.350429,-0.716416,0.002974,2.862016,1.485819,-13.484799
0.345656,-0.712191,0.008292,3.103433,1.793908,-14.045407
0.344822,-0.671837,0.016219,3.532372,1.620021,-13.655615
0.359219,-0.620631,0.006093,2.404149,1.614290,-11.548328
0.375750,-0.564711,-0.022576,2.091943,2.995921,-11.122084
0.345154,-0.533603,0.028003,1.868833,1.187022,-10.165254
0.359387,-0.473167,0.004911,1.252000,2.235337,-8.932078
0.356626,-0.401830,-0.014439,0.282378,1.724114,-8.643871
0.354913,-0.337796,-0.005114,-0.267549,1.998512,-7.590662
0.353813,-0.262297,0.000227,0.029840,1.899491,-6.728113
0.308939,-0.185694,-0.009066,-1.608527,1.304044,-5.256125
0.314368,-0.103108,-0.033198,-1.755485,1.876708,-4.113959
0.307432,-0.049260,0.015411,-1.571799,1.071910,-2.871369
0.322009,0.044808,-0.034583,-2.637289,1.074956,-0.391074
0.281511,0.117764,-0.022865,-2.223459,1.193612,-1.116465
0.257171,0.185507,-0.004227,-1.934122,0.463247,0.201437
0.253190,0.282995,-0.066492,-2.342287,1.017460,0.636385
0.248814,0.352531,-0.018001,-2.320038,1.149162,0.394419
0.252789,0.431998,0.006559,-1.937601,0.741283,1.454052
0.224560,0.529520,-0.034629,-2.389849,0.441642,3.216634
0.211358,0.601999,-0.039655,-1.866678,2.094054,4.509225
0.196502,0.681717,-0.039629,-1.506926,0.597902,4.814369
0.191043,0.757413,-0.005442,-2.151252,0.067969,5.762976
0.182834,0.824867,-0.035762,-2.024402,0.748645,5.832336
0.152583,0.873601,-0.017173,-1.224485,0.280195,5.957836
0.135715,0.938502,-0.008308,-1.558562,0.297270,6.884428
0.153837,1.004610,-0.070047,-1.887722,1.630170,7.217556
0.111477,1.035711,-0.008698,-1.626840,-0.417878,7.151528
0.124032,1.079069,-0.012148,-1.607178,-1.128070,7.788935
0.109222,1.111608,-0.037971,-2.240331,-0.040765,8.670469
0.089898,1.121567,-0.029184,-1.377959,0.099802,9.266908
0.072311,1.136055,-0.029683,-1.714232,-2.045508,9.910633
0.056309,1.143756,-0.017876,-2.770103,-1.189625,10.224683
0.059700,1.144757,-0.037019,-2.398013,0.351444,10.903790
0.032268,1.116141,-0.008770,-2.111810,-1.483502,11.098469
0.017307,1.086684,-0.008347,-2.824057,-3.163299,10.882146
0.002195,1.062640,-0.042901,-2.970697,-0.674023,10.934514
-0.007689,1.015656,-0.000371,-2.174085,-0.531693,10.840923
-0.015104,0.979683,-0.021116,-2.632750,-0.904417,11.104263
-0.068561,0.893966,-0.026407,-2.872831,-0.255299,10.418060
-0.081402,0.812161,-0.011137,-1.816952,-0.759140,10.575736
-0.092868,0.738700,0.005797,-1.871529,-1.387178,10.718382
-0.107911,0.659537,-0.021972,-2.401558,-0.660591,9.958111
-0.135211,0.568525,0.015402,-0.655113,-0.514326,9.060489
-0.163358,0.472425,-0.006574,-1.012052,-1.177089,9.158608
-0.170530,0.371503,-0.021874,0.157293,0.031153,7.333386
-0.202616,0.242044,0.035487,0.194992,-2.224164,5.871323
-0.192148,0.157560,0.008873,0.062529,-0.822067,5.366206
-0.214613,0.035611,0.005758,1.305661,-0.005521,3.109543
-0.220765,-0.079258,0.033924,1.647373,-1.725716,1.941547
-0.217243,-0.171005,0.012017,1.480825,-0.032700,0.273301
-0.235450,-0.298807,0.017069,1.894636,-0.564048,-1.986119
-0.227080,-0.393581,0.019032,2.591658,-0.578976,-2.214372
-0.243752,-0.484987,0.034095,1.417425,-1.170419,-3.750054
-0.231974,-0.574785,0.003289,1.993004,1.286276,-6.351925
-0.231245,-0.657975,0.034640,2.222784,-0.316069,-8.375518
