-0.040531,0.731302,-0.061797,-6.093620,-1.658272,-4.216506
-0.050956,0.653459,-0.077986,-5.712237,-1.287405,-6.597537
-0.066909,0.585811,-0.096739,-4.894368,-1.382678,-8.588562
-0.086341,0.528113,-0.055354,-4.654918,-1.595997,-9.530491
-0.108028,0.455883,-0.084545,-4.745467,-0.480897,-10.433210
-0.119185,0.405070,-0.073624,-4.716365,-0.971165,-12.498189
-0.126324,0.365353,-0.069511,-3.845649,-0.232161,-13.171309
-0.147509,0.318191,-0.031622,-3.153980,-0.903235,-14.144716
-0.141144,0.305465,-0.078114,-3.573023,-0.313266,-13.593460
-0.147525,0.292466,-0.093847,-3.337833,0.610356,-14.196375
-0.157927,0.266890,-0.041075,-2.673044,0.415185,-14.101923
-0.144506,0.271672,-0.070177,-2.717416,0.245277,-12.933364
-0.143150,0.288491,-0.099808,-2.547583,0.505915,-11.812050
-0.158046,0.279504,-0.073237,-2.935419,0.119897,-10.535874
-0.153368,0.269512,-0.070397,-1.824822,-0.145087,-9.466199
-0.135114,0.305632,-0.086419,-1.833465,-1.145696,-8.133999
-0.116395,0.330293,-0.059526,-2.399430,-2.005672,-6.799795
-0.114901,0.342376,-0.100635,-2.407747,-0.246511,-6.816086
-0.106065,0.361217,-0.092370,-2.562925,-1.118619,-5.664400
-0.099841,0.386905,-0.064981,-1.612012,-1.507723,-4.959112
-0.082687,0.431064,-0.073608,-2.202083,-1.493805,-1.075875
-0.062655,0.465379,-0.086810,-3.260673,-1.257617,1.235943
-0.065871,0.483248,-0.086238,-2.477880,-0.613849,3.350349
-0.092164,0.501889,-0.061276,-1.546383,-0.956161,4.842998
-0.078801,0.540835,-0.065027,-2.579347,-2.204364,6.304527
-0.075978,0.578547,-0.081138,-2.465246,-0.733635,6.276264
-0.105047,0.572173,-0.054343,-1.180421,0.148684,6.437714
-0.115206,0.584889,-0.057149,-1.604696,-0.445004,8.463208
-0.130240,0.594894,-0.065861,-1.550371,-0.817130,9.959419
-0.164098,0.573430,-0.067509,-1.722141,-0.660588,10.355101
-0.155387,0.570335,-0.048195,-0.543369,-0.635021,11.492279
-0.161371,0.565414,-0.049738,0.272695,-0.969836,11.309119
-0.197796,0.551398,-0.039923,-0.381232,-1.845630,11.879843
-0.188251,0.532324,-0.062851,-0.259858,-0.200892,10.757643
-0.197999,0.509541,-0.067338,0.740498,-0.838043,9.326129
-0.225332,0.470742,-0.000521,0.989566,-3.475075,8.983245
-0.196611,0.447565,-0.050109,0.713021,-0.719941,9.605478
-0.203035,0.411123,-0.047456,0.508200,-1.591727,9.829095
-0.206570,0.350529,-0.033598,0.779388,-0.252886,9.202254
-0.195350,0.285816,0.005292,1.466035,-0.816569,8.447842
-0.166665,0.252335,-0.020005,0.743919,-0.520332,8.274777
-0.146718,0.196757,-0.045815,0.707487,0.101332,6.186362
-0.141817,0.124044,-0.016070,0.607812,-0.407101,4.629347
-0.131445,0.028765,0.007610,1.160956,-1.063720,2.266432
-0.077550,0.003063,-0.012380,0.223531,0.242027,2.651247
-0.066049,-0.055154,-0.046839,-0.159700,0.566880,1.048731
-0.061840,-0.135305,-0.008730,0.204539,-0.021300,0.223875
-0.052886,-0.203169,0.004639,0.128731,-0.453298,-1.426800
-0.019559,-0.253607,-0.018768,-0.585071,0.255771,-2.216971
-0.011481,-0.316915,-0.004253,-0.913627,0.058654,-4.259967
-0.001696,-0.363441,0.012963,-0.514761,-1.090994,-6.118273
0.006858,-0.406037,-0.005448,-0.813906,-0.175781,-6.922716
0.002154,-0.424954,-0.013050,-1.539076,-0.282162,-6.493212
0.028492,-0.463493,-0.018210,-1.370592,0.672493,-7.409357
0.023191,-0.508853,0.014664,-0.803209,-0.218545,-7.609677
0.045243,-0.504684,0.007908,-0.517939,1.318339,-6.475903
0.019338,-0.523614,-0.003462,-1.395610,0.119799,-6.549518
0.053993,-0.521060,-0.010693,-0.719976,2.038256,-6.124563
0.046532,-0.530829,0.010685,-0.358885,1.028769,-7.371837
0.067757,-0.486444,0.012858,-0.247190,0.650245,-6.464328
0.060138,-0.471833,-0.002369,-0.519902,1.299803,-5.817265
0.078136,-0.463972,-0.007788,-0.672620,1.697625,-5.645248
0.093882,-0.431430,-0.002270,0.450003,1.941378,-4.926637
0.084658,-0.402771,0.035763,1.110942,0.194544,-3.927450
0.111541,-0.355021,-0.008481,0.773947,1.157342,-2.870091
0.122340,-0.305529,-0.025146,1.074024,0.315994,-2.740172
0.118621,-0.256761,-0.000311,0.859415,0.317267,-2.638240
0.115890,-0.254483,0.009789,1.880519,-0.273266,-2.635932
0.149125,-0.173447,0.000559,1.916123,0.345969,-1.462149
0.145393,-0.103731,-0.030184,1.345389,1.208869,-0.324030
0.131341,-0.076109,-0.006882,1.329519,-0.195197,-1.105234
0.147290,-0.023173,-0.025668,1.386397,0.260914,-0.689195
0.136898,0.037112,0.001012,1.755950,0.175922,-1.150382
0.133675,0.109116,-0.016040,0.847171,0.113667,-0.529306
0.144155,0.181930,-0.024752,0.249455,1.874400,-0.168186
0.116662,0.243971,-0.024601,-0.554443,0.990751,-0.493500
0.121319,0.285967,-0.017137,0.133835,1.201776,-0.258553
0.134508,0.364345,-0.033811,-0.621293,1.187487,0.844526
0.111709,0.414304,-0.026016,-1.901313,0.988191,0.877855
0.108544,0.457110,-0.028162,-2.292045,0.894763,-0.824881
0.103627,0.504637,-0.035935,-1.573207,0.594666,-0.668766
0.096796,0.553814,-0.018512,-2.626115,0.424961,-0.250613
0.113002,0.591638,-0.055600,-3.318870,0.807099,0.888692
0.091390,0.626458,-0.059421,-2.350909,0.790240,1.452666
0.077716,0.644042,-0.014008,-2.674964,-0.679357,2.200540
0.114459,0.680198,-0.027883,-2.921419,-1.044971,3.090511
0.107865,0.717509,-0.044033,-3.220647,-0.307095,2.659806
0.107950,0.719144,-0.059263,-2.668731,1.307789,1.884050
0.130333,0.753455,-0.034816,-1.776062,0.412556,1.773051
0.149906,0.762495,-0.027657,-2.163019,-0.577214,1.523478
0.145186,0.767681,-0.030358,-2.560696,0.391082,0.755357
0.163797,0.788761,-0.051793,-2.001172,0.844026,0.486454
0.165921,0.797877,-0.022638,-1.898297,1.405169,1.143489
0.186436,0.791236,-0.018601,-1.275851,1.109651,2.282260
0.219215,0.809762,-0.022828,-1.806966,1.101734,2.189656
0.218982,0.806063,-0.017980,-2.348601,0.591121,2.310177
0.233956,0.809726,-0.046849,-2.634807,2.425659,2.845468
0.213713,0.792927,-0.019477,-1.325035,0.514945,2.668190
0.229860,0.758921,-0.019211,-1.181008,0.246350,3.716582
0.244637,0.747206,-0.034504,-1.589472,0.302227,3.125858
0.198877,0.718258,-0.019122,-2.388279,-0.981961,1.750581
0.186384,0.700096,-0.025888,-1.775258,-0.507311,0.152726
0.130901,0.681160,-0.013687,-1.944336,-2.100190,-1.240712
0.100620,0.682482,-0.037205,-2.755105,-1.532006,-2.277169
0.053737,0.689746,-0.030056,-3.669766,-1.843913,-3.384694
0.010964,0.679358,-0.031533,-4.200563,-0.899136,-2.933760
-0.051123,0.683300,-0.033713,-3.991002,-1.775274,-0.273341
-0.137238,0.688112,0.023342,-5.156832,-5.845094,2.117176
-0.132518,0.702121,-0.023344,-5.582433,-0.274911,3.995213
-0.144742,0.700667,-0.044515,-5.938873,1.863489,4.418401
-0.186314,0.675543,-0.011264,-4.992831,1.149368,3.768629
-0.215258,0.652517,0.011805,-4.957864,-0.335584,2.362422
-0.221679,0.657657,-0.003682,-5.031118,1.242432,2.184557
-0.216279,0.628303,-0.023570,-4.479100,1.845235,0.457420
-0.205877,0.640940,-0.018620,-2.929619,1.276346,-0.341306
-0.191274,0.608496,0.023677,-2.509667,0.355839,1.084606
-0.167473,0.581341,0.009064,-1.973432,-0.260984,3.003934
-0.173109,0.564751,-0.017888,-1.411199,-0.394333,3.485734
-0.154934,0.535383,0.018747,0.365230,-1.368574,2.644892
-0.107788,0.513827,0.061150,-0.146564,-4.168835,2.062647
-0.101033,0.478292,0.009454,1.163768,-3.833744,1.311888
-0.112085,0.415515,-0.000012,1.231058,-2.640078,1.080877
-0.076746,0.370569,-0.022507,2.454463,-1.724843,0.611594
-0.056198,0.303951,0.014073,3.421800,-2.939913,0.925715
-0.038473,0.249634,-0.003885,3.294665,-1.976189,1.648384
-0.043492,0.198237,-0.016749,2.825244,-0.911937,1.507437
-0.067440,0.096856,0.015159,3.106660,-0.625390,0.079875
-0.042507,0.064530,0.017946,3.087524,0.165776,-0.266907
-0.052193,0.030800,0.028880,1.798494,0.129164,-2.014005
-0.058496,-0.024004,-0.001561,0.695893,1.360226,-2.616618
-0.078840,-0.051937,0.002808,0.643863,2.216177,-2.849103
-0.124506,-0.113959,0.022279,0.259096,1.559302,-1.330135
-0.107532,-0.154261,0.012543,-1.146624,0.503027,0.425656
-0.143573,-0.212829,0.019886,-2.327409,-0.245595,0.580229
-0.166074,-0.265424,-0.005438,-2.332421,1.449925,-0.111830
-0.170213,-0.307551,0.016167,-1.798379,-0.669742,-1.417125
-0.195334,-0.388335,0.017142,-1.915450,-2.596674,-2.042386
-0.201489,-0.428111,0.004701,-2.443683,-2.425597,-1.989844
-0.213821,-0.492017,0.000195,-2.138804,-2.225916,-2.699884
-0.227059,-0.555772,0.009806,-0.926875,-2.232832,-2.393229
-0.250472,-0.592677,0.009445,-0.055069,-3.235352,-2.569866
-0.250978,-0.599639,0.034959,-0.024326,-2.236486,-1.926239
-0.244078,-0.625882,0.005676,0.109647,-0.310847,-2.252445
-0.248312,-0.626486,-0.005815,0.988579,0.794934,-3.745863
-0.272691,-0.645235,0.044521,1.621568,0.162320,-5.402737
-0.250069,-0.660482,0.050472,2.454893,-0.232223,-5.402677
-0.215685,-0.656746,0.031463,2.560049,1.410493,-4.729061
-0.199122,-0.669223,0.023681,3.360367,2.854477,-4.458194
-0.146544,-0.657771,0.039193,4.305499,2.456915,-3.677445
-0.109652,-0.682212,0.052628,4.970724,1.972785,-3.641747
-0.082707,-0.691668,0.056902,4.810742,-1.804409,-4.205834
-0.031301,-0.683731,0.010459,4.543948,1.523600,-4.820631
0.003342,-0.701893,0.037496,5.503599,0.900901,-5.471977
0.065082,-0.654340,0.042811,5.105094,-0.183852,-3.078527
0.122009,-0.620052,0.015320,4.124689,-0.931992,-1.317536
0.143250,-0.609873,0.021645,3.023838,-1.266824,-0.090662
0.182068,-0.594209,0.023910,3.589793,-0.698040,1.419001
0.215493,-0.558989,0.003920,3.157338,-1.707626,3.084459
0.236258,-0.528232,0.025243,1.705542,-2.458231,3.698718
0.261687,-0.517226,0.005214,1.248338,0.318630,3.935858
0.252512,-0.502892,0.011650,0.694387,-0.188891,2.912364
0.245324,-0.504491,0.020529,1.326358,0.830907,2.720259
0.233293,-0.518694,0.014848,1.311594,1.244701,3.235953
0.236980,-0.492982,0.007725,0.016452,1.337860,4.273502
0.208350,-0.491584,-0.001647,0.182176,2.946100,3.555261
0.154699,-0.520338,0.039144,1.520958,2.659924,3.228283
0.143102,-0.503617,0.039735,1.270389,1.855169,4.210881
0.130061,-0.478832,-0.000951,1.283161,2.380628,4.661514
0.087021,-0.481871,0.019276,0.952360,1.871512,4.458569
0.085515,-0.473491,0.011703,1.947346,2.471558,4.578132
0.044255,-0.456052,0.025594,2.822543,1.123214,4.362065
0.026172,-0.439410,0.037749,2.096832,-0.880067,5.222441
0.023349,-0.423618,0.023297,2.112518,0.131383,4.286591
0.042735,-0.421638,0.002959,2.604740,0.966921,3.191970
0.058569,-0.399866,-0.000698,3.436519,1.507361,1.997149
0.058074,-0.388522,0.045834,3.339087,-0.238374,1.768136
0.060903,-0.373557,0.032645,2.899046,-0.953194,1.439929
0.091200,-0.350879,0.005555,2.618122,0.740961,1.554876
0.118884,-0.334670,0.021701,2.716562,1.197335,1.329915
0.129434,-0.324012,0.043592,2.451118,0.734797,1.393735
0.166548,-0.286566,0.031299,1.465763,0.659127,2.328315
0.181447,-0.255465,0.002798,0.824539,1.690909,1.782544
0.189932,-0.253515,0.026018,1.479129,1.589567,1.480277
0.220863,-0.237825,0.040841,1.020018,1.553667,1.752454
0.256359,-0.210285,0.014414,0.295029,1.164619,2.365489
0.271015,-0.210630,0.007134,0.445962,2.427964,1.723569
0.252121,-0.230801,0.037273,0.604140,1.058780,0.942185
0.288090,-0.229386,0.038186,1.355608,0.179677,0.172250
0.296516,-0.233492,0.006671,0.736008,0.732946,-0.829504
0.296490,-0.254700,0.021859,1.238251,0.956995,-2.794684
0.281745,-0.280195,0.022614,1.979501,0.183058,-3.863824
0.276828,-0.288837,0.049933,1.774614,-0.082603,-3.977796
0.267592,-0.273006,0.024117,1.722709,0.211212,-3.827884
0.240406,-0.282575,0.003559,1.318602,1.595820,-3.753915
0.213116,-0.297437,0.013873,2.418199,0.423320,-3.460413
0.184677,-0.276338,0.038819,1.688982,-0.464547,-2.688968
0.154672,-0.272337,0.045144,1.104377,-0.444623,-2.736400
0.098375,-0.267587,0.028801,0.487071,0.517217,-2.432559
0.089221,-0.248601,0.022148,0.868212,1.836816,-2.844860
0.046240,-0.249845,0.044902,0.658644,1.162407,-2.676623
0.031945,-0.241534,0.042945,0.558317,1.213110,-2.524847
0.006664,-0.228789,0.030062,-0.061125,1.263076,-1.972025
-0.000846,-0.208756,0.010577,-0.494384,2.647841,-1.792381
-0.015788,-0.196401,0.032097,-0.337933,1.413477,-3.255742
-0.052105,-0.185930,0.039909,-0.118919,1.060063,-3.937335
-0.022740,-0.165066,0.056397,-0.355865,1.034480,-3.963817
-0.024591,-0.113217,0.039620,-1.008355,-0.281577,-3.239229
-0.030398,-0.095883,0.033170,-1.245353,1.440629,-3.046088
-0.007795,-0.046698,0.025046,-1.401923,0.783377,-1.825161
0.005811,-0.033667,0.027472,-0.298751,0.113218,-0.923656
0.002965,-0.007411,0.033443,-0.399466,-0.738289,0.077721
0.046368,0.024855,0.024501,-1.009527,-1.283735,1.110748
0.060086,0.053682,0.017578,-0.862378,0.345634,-0.015274
0.060499,0.063680,-0.004424,-0.198798,1.249677,-1.168355
0.083358,0.103906,0.042292,0.549001,0.297523,-1.183563
0.085446,0.104205,0.036075,0.845192,-0.466523,-0.975948
0.096882,0.109588,0.015826,0.815111,0.669171,-0.167099
0.095424,0.126769,-0.007617,1.546514,2.336761,0.205004
0.063585,0.127396,0.053771,1.530325,-0.376561,0.075754
0.069276,0.143050,0.031703,1.380823,-0.588078,0.884393
0.054647,0.158956,0.022016,0.971763,0.552424,-0.138225
0.026237,0.141934,0.041189,1.852677,0.288208,-0.656733
0.031778,0.153882,0.047964,1.758776,-0.026657,0.150235
0.023956,0.153064,0.050905,1.322570,-1.224635,2.078721
0.003306,0.120040,0.010909,1.093843,0.747697,2.958736
-0.024851,0.083946,0.035730,1.934810,-0.076517,3.309622
-0.034921,0.062160,0.052310,1.804911,-0.638769,4.682486
-0.053808,0.023204,0.030387,1.200142,-0.767982,4.669937
-0.072981,-0.023419,0.025269,0.768915,0.047238,3.959079
-0.091852,-0.070322,0.057555,1.740976,-1.034858,3.730162
-0.118154,-0.120990,0.059745,1.557202,-0.656130,4.211230
-0.114950,-0.164200,0.037263,1.189976,-0.835912,4.552759
-0.134290,-0.207646,0.020602,1.126700,-0.361784,3.953477
-0.179929,-0.282453,0.064777,1.421595,-1.549176,3.427102
-0.173975,-0.322719,0.033429,1.301933,-0.062803,3.849461
-0.181151,-0.355100,0.010964,0.902047,0.837019,2.423628
-0.217563,-0.441868,0.044120,1.417003,-0.545925,1.625018
-0.204745,-0.494443,0.055241,1.672485,-1.068955,1.932530
-0.194087,-0.534879,0.032747,1.500583,0.154331,1.885027
-0.203878,-0.586978,0.034332,1.358950,0.912571,2.119673
-0.209153,-0.670208,0.063093,2.548380,0.460451,1.603546
-0.185513,-0.718775,0.081721,2.230499,-0.004152,1.332864
-0.170634,-0.765763,0.046070,2.144112,0.130723,1.177139
-0.177028,-0.829682,0.050649,2.282831,1.081311,-0.037908
-0.157271,-0.881850,0.073817,3.570200,0.426484,-0.431826
-0.128133,-0.919887,0.050213,3.595879,-1.405960,-0.598018
-0.129278,-0.989451,0.062423,3.375837,-0.453902,-1.200437
-0.092662,-1.045049,0.067993,4.626958,0.982007,-2.202322
-0.072210,-1.082719,0.074191,5.169604,0.047517,-2.523875
-0.038420,-1.120792,0.073777,4.823557,-0.048544,-2.661182
-0.026436,-1.173380,0.052605,5.146683,0.412344,-3.946348
-0.024516,-1.225564,0.070413,5.964906,0.597719,-4.820602
-0.002697,-1.277420,0.070954,6.634639,0.434677,-4.395936
0.023598,-1.302688,0.077365,5.803092,0.026161,-4.298594
0.023300,-1.351800,0.045886,5.585880,1.147754,-5.039168
0.012310,-1.402418,0.086585,6.430734,0.539965,-5.800037
0.027005,-1.413881,0.077214,6.360453,0.508762,-4.981514
0.025167,-1.421112,0.055832,5.638333,0.608282,-4.896850
-0.006193,-1.448159,0.070255,5.056557,0.736829,-5.407264
-0.010736,-1.468743,0.086989,5.806595,1.372838,-5.112517
-0.019868,-1.465845,0.079590,5.318982,0.081333,-4.311645
-0.050473,-1.461729,0.086756,3.892244,-1.235325,-3.260477
-0.051510,-1.465415,0.055858,3.860769,0.163023,-3.237247
-0.060856,-1.455965,0.040017,3.972257,1.848771,-3.904121
-0.099628,-1.454714,0.089795,4.058496,0.574565,-3.702439
-0.091829,-1.444273,0.080719,3.459976,-0.280891,-2.253701
-0.097406,-1.419395,0.068230,3.265013,0.864805,-2.048122
-0.114451,-1.413477,0.070692,3.388652,1.561479,-1.661383
-0.096552,-1.386925,0.086398,4.318107,1.309605,0.167127
-0.078916,-1.350057,0.060487,4.308657,1.479402,1.482666
-0.062717,-1.329289,0.065975,4.208057,2.459696,1.910860
-0.057960,-1.317000,0.087087,4.531745,1.875848,1.987768
-0.014629,-1.284100,0.085518,5.639807,1.905840,2.059336
0.023086,-1.227839,0.045542,5.445185,1.280099,3.442362
0.056728,-1.197312,0.060336,5.632110,2.604917,2.571709
0.075494,-1.184691,0.096488,5.927135,1.107928,2.288992
0.139419,-1.133807,0.079794,6.507273,1.126458,2.657772
0.180666,-1.077841,0.048177,6.082362,1.272250,2.222088
0.178188,-1.059200,0.054191,6.322374,1.051884,0.860187
0.215129,-1.016489,0.065213,6.539336,0.005689,1.904092
0.246676,-0.965020,0.048699,6.208824,0.175992,2.827550
0.233953,-0.926261,0.054549,5.697791,-0.033579,3.040875
0.237508,-0.883796,0.044734,5.592878,-0.458277,3.698929
0.251967,-0.826997,0.042745,4.948132,0.766049,4.183932
0.227103,-0.819858,0.024964,4.148287,0.700538,4.107076
0.239543,-0.795791,0.019272,4.704466,1.100300,3.083664
0.236477,-0.781679,0.045509,4.167292,0.753911,3.002601
0.258260,-0.737718,0.014913,3.351091,1.730390,2.594153
0.249548,-0.725960,0.015232,3.000838,2.711087,1.535727
0.241290,-0.720731,0.037857,3.893872,3.279632,1.276874
0.261565,-0.706249,0.003947,2.850381,3.518515,2.418999
0.261687,-0.692610,-0.013749,2.934165,3.191981,2.107800
0.249676,-0.706581,0.025181,3.582463,2.315714,2.371945
0.250569,-0.721040,0.017162,3.867136,1.681285,2.134953
0.255089,-0.721017,-0.001250,3.188804,1.946312,1.558875
0.238168,-0.754350,0.029323,4.057002,1.382245,-0.068775
0.250933,-0.767644,0.035530,4.012134,0.092788,0.542518
0.241565,-0.782041,0.016590,4.425466,-0.389412,0.223376
0.220469,-0.806180,-0.005497,4.187436,0.122905,-0.129802
0.220978,-0.815193,0.000717,5.403376,0.379903,-1.533671
0.205675,-0.829278,0.034516,4.728655,-0.809554,-1.125828
0.206781,-0.837100,0.021163,4.249849,-1.066681,-1.349585
0.186781,-0.832219,-0.005996,3.158858,1.329407,-2.458335
0.159163,-0.839135,0.026064,3.962970,1.423961,-4.611150
0.162275,-0.813834,0.028522,3.646658,1.809943,-4.568531
0.161795,-0.799605,0.050176,2.235843,1.311016,-4.497850
0.169296,-0.795607,0.020802,2.223134,3.924267,-4.228464
0.152014,-0.779342,0.038140,1.860224,3.174545,-3.625592
0.134728,-0.776651,0.060050,2.020377,3.176101,-3.688379
0.151928,-0.735098,0.041836,0.900610,2.015539,-3.225709
0.149860,-0.714104,0.037237,0.167976,2.147732,-3.863044
0.156547,-0.725684,0.034358,1.493382,2.064447,-3.512949
0.155674,-0.692581,0.042784,1.397889,0.968168,-3.174946
0.147021,-0.665353,0.057161,0.695408,-0.035381,-2.692884
0.158743,-0.640705,0.046001,0.916950,0.064635,-2.862324
0.141471,-0.626702,0.043697,1.557567,-0.945342,-2.642923
0.144897,-0.615512,0.059016,2.185136,-0.845966,-1.977825
0.137643,-0.576977,0.027485,2.225635,-0.775023,-1.035539
0.114384,-0.568199,0.052507,2.391595,-0.599570,-1.645135
0.110514,-0.536228,0.044160,3.590160,-0.374280,-1.252513
0.072441,-0.540604,0.117128,3.574175,-3.649339,-1.355536
0.078008,-0.523772,0.043303,3.674358,0.595851,-0.612385
0.066844,-0.523020,0.043172,4.303982,2.851336,-1.209176
0.022952,-0.549460,0.082761,5.496751,1.493624,-1.073510
0.014214,-0.539554,0.100280,5.363412,-0.724756,-0.598236
-0.007336,-0.532296,0.065377,5.168836,2.216939,-0.571425
-0.047030,-0.553330,0.049572,5.658070,2.965985,-0.938521
-0.061453,-0.558746,0.089237,5.794774,1.561971,-0.319765
-0.073339,-0.555559,0.102883,4.932855,-1.015839,0.461239
-0.100097,-0.576445,0.079679,4.477321,0.448677,0.852909
-0.105743,-0.586384,0.067774,4.345939,1.327356,1.501365
-0.126508,-0.601372,0.107993,4.244853,-0.408690,1.691671
-0.105914,-0.618545,0.091043,3.568680,-1.863837,2.729851
-0.090995,-0.630283,0.104015,2.562140,-1.038530,2.506406
-0.100688,-0.640170,0.080250,2.118992,0.726643,2.530627
-0.100094,-0.686210,0.126421,2.478852,-0.406057,2.624509
-0.105109,-0.704634,0.128069,1.705001,-2.448508,3.426231
-0.104230,-0.731255,0.131512,0.809775,-1.093603,3.544203
-0.097120,-0.763071,0.122278,1.165119,0.911497,3.889099
-0.122352,-0.798617,0.143371,1.779693,-0.153637,2.948493
-0.142953,-0.830519,0.169808,1.362272,-1.845045,3.951803
-0.159821,-0.845142,0.135595,1.197405,-0.409815,3.258397
-0.177901,-0.893581,0.161819,2.950427,0.711288,2.562816
-0.164623,-0.910801,0.165738,3.142558,0.094413,2.445383
-0.152774,-0.934923,0.143243,3.216015,0.165829,2.659074
-0.166875,-0.984331,0.165203,3.169241,0.702537,1.127846
-0.151228,-1.022597,0.165295,5.026319,1.058472,0.354858
-0.135876,-1.063881,0.191873,5.705088,0.191406,-0.557531
-0.103097,-1.099127,0.174423,6.089668,0.800295,-1.013438
-0.088930,-1.125203,0.178264,6.290974,1.189956,-1.943684
-0.092712,-1.162790,0.212342,7.525134,0.894524,-1.065034
-0.065028,-1.187005,0.229913,7.488591,0.210060,-0.393942
-0.052938,-1.218208,0.214974,7.473095,-0.315783,-0.305765
-0.051005,-1.273819,0.197161,7.631121,0.085938,0.149205
-0.061381,-1.317856,0.207441,8.661744,-1.107849,-0.798137
-0.064017,-1.345645,0.234879,7.558940,-1.916113,0.269664
-0.034294,-1.366187,0.199435,6.712600,-0.035227,0.388722
-0.023623,-1.405172,0.208551,6.998494,0.015428,-0.696517
-0.028904,-1.457150,0.224385,7.595205,0.251485,-1.102420
0.000401,-1.479008,0.228006,6.454206,-0.674728,0.058002
-0.003744,-1.518840,0.221979,5.771489,0.441722,0.146306
0.007449,-1.564088,0.199859,5.784208,2.633950,-0.030282
0.020795,-1.586685,0.205810,6.573083,1.897792,-0.598242
-0.011842,-1.635061,0.231173,5.544338,0.106870,0.113742
-0.004903,-1.678140,0.205488,4.871202,1.771720,-0.347897
-0.013946,-1.703924,0.229578,5.468556,1.277224,-0.421059
0.005499,-1.759364,0.210487,6.286789,1.208056,0.010373
0.028568,-1.773495,0.188045,6.156322,1.674307,-0.411066
-0.000347,-1.818747,0.195769,5.283131,0.954704,-2.193857
0.002624,-1.856633,0.188784,6.862286,1.439501,-3.543786
0.002719,-1.857036,0.200551,6.976242,0.154141,-3.968636
0.013810,-1.859905,0.179439,6.666160,-0.511836,-3.272650
0.004232,-1.862649,0.141061,6.899804,0.159508,-2.497239
-0.005500,-1.864557,0.183621,8.100999,0.478826,-0.782588
-0.013021,-1.882308,0.159111,7.882011,0.199140,0.215467
0.005446,-1.859810,0.145328,7.465674,0.475918,-0.354696
0.009776,-1.871893,0.157785,7.646447,1.466397,-2.305768
0.054273,-1.844704,0.165853,8.196630,0.856123,-3.614394
0.072507,-1.810908,0.128249,7.459171,2.430256,-2.947094
0.058353,-1.809845,0.114627,7.379080,2.450866,-3.650038
0.080463,-1.777841,0.128856,8.198593,3.292391,-3.047546
0.097026,-1.743559,0.131889,7.543690,2.154019,-0.379379
0.138868,-1.680796,0.109864,6.996718,1.182479,2.330265
0.096465,-1.676827,0.083976,6.616303,1.875087,1.717210
0.156458,-1.654441,0.092589,7.299969,1.838225,0.848119
0.166887,-1.629557,0.099528,7.128380,0.448569,-0.556485
0.175204,-1.582562,0.069956,6.924051,1.031884,-1.799651
0.184694,-1.530201,0.036538,6.141016,0.693432,-1.238787
0.183171,-1.542818,0.058862,7.467922,0.239274,0.815633
0.180919,-1.526468,0.038737,7.579334,0.128856,2.788225
0.180269,-1.517077,0.049569,7.352324,-0.023059,3.154640
0.201355,-1.508100,0.047829,6.858590,0.792742,1.648358
0.182954,-1.500485,0.078720,7.718257,1.279712,-1.148195
0.138697,-1.472193,0.057506,8.039365,0.887582,-2.547563
0.162961,-1.421312,0.020119,7.367994,1.750915,-1.787120
0.186023,-1.448609,0.047091,6.765588,3.533568,-1.093100
0.173294,-1.440127,0.049924,7.181716,2.993371,0.683100
0.132437,-1.413306,0.064294,7.642048,2.482059,2.309672
0.135529,-1.402205,0.062853,6.568245,2.535700,3.123572
0.139232,-1.370576,0.058035,5.431064,3.160119,1.801557
0.119176,-1.338115,0.050597,5.782432,2.729587,-0.682003
0.127251,-1.333724,0.077473,6.059162,2.085350,-1.425804
0.123818,-1.313468,0.083959,4.925706,0.837744,0.066252
0.121563,-1.268810,0.056259,4.546030,0.505772,1.921223
0.157253,-1.247865,0.038517,4.135469,0.903524,3.691076
0.183049,-1.232683,0.052474,4.930072,1.136302,4.361278
0.137075,-1.191876,0.079085,4.129656,0.355498,4.343476
0.150957,-1.151965,0.077877,3.872178,-0.689144,3.910056
0.230625,-1.131735,0.075212,3.353018,0.940229,2.920720
0.215152,-1.134286,0.065489,3.320279,1.809018,2.804285
0.154646,-1.092349,0.079334,4.709695,1.687239,2.610003
0.157876,-1.065748,0.097207,4.747509,1.105191,2.513866
0.191265,-1.072504,0.111194,4.215331,0.982818,2.917505
0.192591,-1.031939,0.078684,4.776749,1.680819,2.727908
0.182583,-1.022653,0.121868,6.181134,1.442776,2.273139
0.170904,-1.059141,0.132753,5.946016,0.801552,1.914414
0.110849,-1.030557,0.115077,6.039910,1.267540,0.930659
0.124333,-0.998064,0.064488,7.015844,3.355410,0.144406
0.206299,-1.021560,0.125042,6.985446,1.336875,0.194256
0.180299,-1.077756,0.152546,7.625583,-0.311523,1.504537
0.095116,-1.038724,0.102833,8.331905,1.553030,2.416852
0.084484,-1.065637,0.122062,7.576554,1.772497,-0.537097
0.139478,-1.084485,0.137581,6.752212,0.985940,-2.602531
0.136944,-1.085853,0.171111,7.988762,2.203114,-3.593191
0.157791,-1.085433,0.175398,7.501314,-0.690818,-0.340336
0.115129,-1.140723,0.154696,5.753356,-0.105710,1.329546
0.006779,-1.168449,0.150324,5.952932,1.022148,-0.156108
0.057414,-1.123592,0.148646,6.407294,0.597595,-1.570980
0.146558,-1.161244,0.227510,5.071949,-0.879880,-2.354040
0.100844,-1.198805,0.179406,3.826868,0.649694,-0.208510
-0.038817,-1.213885,0.154404,4.238104,1.960266,-0.205106
-0.014665,-1.242134,0.185094,4.264955,0.457566,-0.807262
0.051463,-1.276763,0.226726,3.562018,-1.711463,-2.425699
0.035943,-1.262498,0.206775,3.511803,0.843919,-2.480973
0.000129,-1.302311,0.197151,3.492371,1.970172,-1.512309
-0.053818,-1.358726,0.204956,3.054054,0.714282,-0.019886
-0.094140,-1.346469,0.225114,3.934801,1.088516,-0.638440
-0.001772,-1.285934,0.209837,3.817266,1.594678,-2.159682
0.042203,-1.351334,0.233208,3.560472,-0.255974,-1.870721
-0.119706,-1.424460,0.232460,5.373267,0.863495,-0.207485
-0.224669,-1.393290,0.173721,6.681532,0.505956,0.418057
-0.063816,-1.390877,0.214085,5.191400,-0.697833,-0.840243
-0.008753,-1.411458,0.225196,5.510381,-0.566046,-2.709253
-0.172465,-1.415404,0.209903,8.076778,0.633117,-4.669408
-0.222299,-1.452111,0.205639,7.776366,-0.747571,-2.696547
-0.149179,-1.469919,0.212637,6.546056,-3.437999,0.521712
-0.119683,-1.435482,0.196304,7.652720,0.976500,-0.095852
-0.075026,-1.425550,0.202081,8.501249,1.241881,-3.230775
-0.148145,-1.473857,0.210139,8.165092,-0.265680,-2.282994
-0.286796,-1.481873,0.164133,7.540362,0.782340,-3.392354
-0.155981,-1.411353,0.142977,7.512940,1.681964,-6.090930
-0.019740,-1.413618,0.190363,6.239863,-0.023876,-6.517169
-0.163041,-1.376546,0.150875,5.754814,-0.083620,-5.028287
-0.350265,-1.322307,0.146266,5.477999,-0.919758,-5.351149
-0.227042,-1.316812,0.124895,3.374413,-0.892173,-4.126475
-0.151979,-1.282416,0.147330,2.805228,-0.592873,-3.294802
-0.199722,-1.185889,0.105285,2.857373,-0.481914,-3.743644
-0.222444,-1.133052,0.077079,1.571169,-0.862677,-2.990942
-0.345702,-1.139587,0.076938,-0.493858,-1.559292,-2.277280
-0.345348,-1.021032,0.067170,1.217126,0.225530,-2.389262
-0.150374,-0.956903,0.082801,0.073042,-1.350240,-1.149990
-0.135482,-0.958813,0.053137,-1.451598,-0.072564,2.726637
-0.383450,-0.893712,0.012829,-0.545613,0.182789,2.850511
-0.368263,-0.794412,0.022433,1.161104,0.244086,2.550318
-0.187472,-0.733539,0.012550,-0.319745,-1.058248,3.574882
-0.223458,-0.669778,-0.015998,0.273467,-0.272570,2.688839
-0.299338,-0.617200,-0.025454,1.992499,-0.102317,1.956597
-0.286241,-0.593356,-0.030706,2.731770,-1.716147,4.432160
-0.319469,-0.504720,-0.061666,2.268441,-1.168728,6.759796
-0.250512,-0.401658,-0.079299,4.115317,1.963351,6.150525
-0.118387,-0.351046,-0.038390,4.421297,-1.024889,7.079090
-0.216358,-0.357696,-0.056660,4.205585,-1.108236,8.481885
-0.321790,-0.284016,-0.108927,4.517931,-0.302273,8.451402
-0.176296,-0.198114,-0.107791,5.243550,-0.470590,6.703983
-0.043997,-0.157799,-0.062543,4.236922,-2.268805,7.870567
-0.120609,-0.104785,-0.089527,3.811797,-0.134954,8.018541
-0.135452,-0.025192,-0.118003,3.469015,0.394254,7.772967
-0.057970,-0.028422,-0.101331,2.392645,-0.335190,8.442298
-0.044112,-0.003331,-0.063606,2.044197,0.001274,8.617061
0.060910,0.123969,-0.094957,1.751758,1.116416,7.791003
0.113429,0.149483,-0.094041,0.062005,-0.269833,6.239437
0.012441,0.129181,-0.100172,-1.721412,0.438281,5.303960
0.035769,0.191413,-0.076463,-1.140398,0.675457,3.910814
0.220945,0.246745,-0.087423,-1.765335,0.597148,4.771915
0.256113,0.228511,-0.083169,-3.844021,0.476144,5.204942
0.175401,0.258513,-0.093916,-3.697086,1.000408,4.095364
0.170559,0.284103,-0.088723,-3.379605,0.045544,2.981484
0.247431,0.281884,-0.076358,-4.392805,0.238213,3.078538
0.320225,0.324188,-0.126816,-4.591691,0.948454,2.494251
0.358919,0.329669,-0.066951,-3.684947,0.575536,0.907357
0.362687,0.311386,-0.056500,-3.484197,0.190174,2.294066
0.283226,0.324063,-0.086298,-3.731978,1.412000,1.878229
0.371697,0.346239,-0.100350,-2.425971,3.785110,-0.221645
0.517874,0.349059,-0.054281,-1.181524,1.970224,-1.594213
0.472901,0.313789,-0.031845,-1.254039,1.917042,-1.768006
0.386810,0.327414,-0.059733,-0.431296,2.075512,-3.066186
0.460218,0.308527,-0.044735,-0.357671,2.288998,-5.723145
0.560204,0.305859,-0.024506,0.971195,2.727827,-7.192014
0.544603,0.334662,-0.041971,1.910461,3.071190,-9.003324
0.557903,0.333871,-0.023399,1.199232,3.731186,-9.034143
0.541905,0.321791,-0.022717,0.309750,1.714808,-7.647434
0.499223,0.326922,-0.014271,1.486656,2.599195,-6.878812
0.589576,0.369666,0.016046,1.071168,1.760292,-7.805998
0.658786,0.406327,-0.006613,-0.726863,1.107333,-6.345000
0.557257,0.398036,0.001386,-1.999756,2.593001,-5.914710
0.530662,0.419388,0.000533,-1.536801,2.408344,-5.993168
0.611985,0.450332,0.024399,-2.448738,0.731307,-5.061216
0.621668,0.476365,0.028227,-4.316124,1.771978,-3.589122
0.613196,0.516388,0.014926,-4.532866,3.147070,-3.719757
0.626759,0.529271,0.030748,-4.837129,1.937741,-2.387789
0.600162,0.536798,0.025010,-5.487836,2.962210,-0.725510
0.593826,0.582256,-0.009239,-6.067564,3.822248,-1.227849
0.663401,0.609382,0.034503,-5.753494,2.658801,-2.544349
0.686542,0.613275,0.062682,-5.070556,2.056240,-1.261784
0.590189,0.645194,0.007659,-5.209233,3.451651,0.731165
0.601314,0.660772,0.009619,-4.963926,3.681687,2.291135
0.680401,0.655891,0.042594,-3.593846,1.583628,5.745499
0.619479,0.656981,0.051706,-2.048711,1.311508,8.517931
0.532944,0.626517,0.042607,-1.625073,1.350109,8.631404
0.552005,0.576827,0.051125,1.136557,2.119549,9.374775
0.470814,0.531418,0.058038,2.594364,-0.456170,9.925512
0.409711,0.471179,0.082522,3.853861,-0.501120,8.357727
0.447138,0.347854,0.066031,5.825576,0.358262,5.272913
0.408733,0.245750,0.083841,7.383227,0.948017,2.879353
0.296099,0.148840,0.089510,8.258410,1.301867,-1.400335
0.320527,0.098041,0.062860,7.909904,2.331568,-4.177048
0.342487,0.009609,0.093478,7.870932,2.538798,-5.357257
0.304043,-0.062169,0.091318,7.755856,3.955082,-3.868333
0.251396,-0.126206,0.075642,6.451484,3.654470,-3.335672
0.217081,-0.223684,0.066264,3.947634,3.504498,-2.141103
0.121930,-0.263136,0.066001,3.435997,2.529132,-1.554352
0.059308,-0.326001,0.084215,1.288636,-0.045317,-1.911101
0.134804,-0.385430,0.068348,-1.308714,0.100528,-2.566714
0.056895,-0.458119,0.036869,-2.589682,0.948681,-3.504097
-0.090099,-0.552926,0.048909,-2.977962,-0.482298,-3.520708
-0.028881,-0.585255,0.048069,-5.007717,-1.362684,-2.110495
-0.001706,-0.647424,0.039748,-6.902537,-1.395817,-1.274916
-0.085339,-0.697656,0.023983,-5.885503,-0.515372,-0.693082
-0.112584,-0.740048,0.019305,-5.515011,-1.621596,0.196219
-0.140327,-0.809308,0.046477,-6.464663,-2.256334,1.655901
-0.240828,-0.837208,0.002016,-6.094637,-0.653615,-0.128931
-0.251900,-0.833076,-0.014425,-3.803488,0.698559,-3.471012
-0.231841,-0.868316,0.047587,-2.634615,-1.015911,-4.427488
-0.298678,-0.909140,0.009162,-1.155572,-0.447478,-2.632756
-0.374946,-0.945952,-0.002792,0.862576,0.863400,-1.939116
-0.342594,-1.012737,0.009894,3.289207,1.280122,-1.217592
-0.308985,-1.071407,0.017467,6.020947,1.020353,0.130570
-0.360401,-1.068755,0.012140,7.964311,0.385313,0.511358
-0.409103,-1.112467,0.012967,9.217054,0.031984,0.207667
-0.391430,-1.153268,0.020001,10.996345,-0.256361,0.398656
-0.426792,-1.144268,0.002916,12.362978,-1.342202,-0.194209
-0.422777,-1.155086,0.011624,12.743239,-2.279276,-0.060046
-0.410061,-1.147127,-0.010903,11.527401,-1.926686,1.116200
-0.468449,-1.142502,-0.016772,11.956038,-2.171901,1.782262
-0.487638,-1.131673,-0.013214,10.907489,-2.439386,3.224579
-0.391611,-1.093964,-0.006705,8.364227,-3.808153,3.397975
-0.382072,-1.081668,-0.031271,6.444910,-1.749011,2.298597
-0.460470,-1.056364,-0.031881,5.647727,-0.281528,0.467785
-0.405485,-1.029963,-0.029154,2.976016,-1.044130,1.457770
-0.355297,-1.020421,-0.048717,0.455554,-0.439285,1.950941
-0.389132,-1.011710,-0.053959,-0.785339,0.766528,2.454831
-0.353505,-0.982246,-0.025139,-1.399615,1.151539,1.983098
-0.336607,-0.961652,-0.039326,-3.821401,-0.740130,2.792798
-0.363171,-0.940789,-0.044443,-4.575689,0.365657,2.923878
-0.305342,-0.888438,-0.052288,-4.506462,0.857206,2.374795
-0.245486,-0.850397,-0.053526,-4.819659,0.042557,2.980354
-0.261862,-0.825884,-0.058078,-4.981149,-1.912811,3.601561
-0.268929,-0.766712,-0.105602,-4.911062,-0.252327,3.273970
-0.245168,-0.728540,-0.064184,-2.558191,-1.692576,2.006410
-0.192314,-0.681119,-0.051372,-2.007657,-2.986743,2.268028
-0.168011,-0.634380,-0.080195,-0.817606,-2.463959,1.411977
-0.198456,-0.590323,-0.108116,1.146142,-1.525493,-0.416024
-0.181971,-0.605163,-0.048710,3.763893,-1.790383,-1.838571
-0.117176,-0.559652,-0.060228,5.846827,-0.802044,-1.168142
-0.080800,-0.514515,-0.099411,6.340203,0.085101,-1.275352
-0.055184,-0.489060,-0.048904,7.957618,0.131862,-1.320538
-0.047929,-0.461832,-0.029987,9.596323,1.230002,-0.845182
-0.034616,-0.396570,-0.047775,9.322173,2.145251,0.494519
0.046857,-0.357765,-0.049711,9.350947,3.525762,-0.205772
0.095290,-0.331972,-0.015636,8.792598,1.510466,-0.283516
0.084238,-0.268815,-0.056266,7.782670,2.362968,0.135604
0.107655,-0.218787,-0.055987,6.983610,2.559517,-1.133784
0.162649,-0.209750,-0.049744,5.194225,1.086041,-1.800587
0.204930,-0.158896,-0.033713,3.846279,0.921456,-2.506636
0.211262,-0.101755,-0.055987,1.511573,-0.368936,-2.872484
0.251534,-0.085878,-0.057550,-0.026496,-0.438288,-2.119840
0.210513,-0.035299,-0.071579,-1.528861,-1.349351,-0.779316
0.172982,-0.008186,-0.012620,-3.075247,-5.084402,0.728448
0.247286,0.006359,-0.070808,-4.692406,-1.749438,3.375927
0.243462,-0.013503,-0.051904,-5.206593,-1.082282,3.427967
0.148016,-0.044115,-0.044525,-5.616025,-1.048634,1.482145
0.169486,-0.033818,-0.032321,-4.662014,0.182126,-1.292937
0.227126,-0.027903,-0.024502,-5.779513,-0.232971,-3.965957
0.234958,-0.046039,-0.024427,-4.900910,2.742920,-8.449040
0.237229,-0.027191,-0.041568,-4.144895,4.116345,-10.994480
0.271137,-0.013602,-0.002461,-3.555048,3.861847,-10.559980
0.283350,0.031831,-0.052633,-3.250424,5.500007,-8.795577
0.303062,0.087192,-0.034402,-2.099838,5.225080,-7.507722
0.369344,0.091200,0.022837,-1.401049,3.009612,-6.231771
0.369281,0.124727,-0.006193,-0.571709,3.290057,-4.567240
0.292124,0.154847,-0.047414,0.421035,4.074244,-5.580820
0.372101,0.162593,-0.009334,1.553105,0.900924,-8.724774
0.450797,0.200420,0.009832,2.164361,-2.252813,-10.758838
0.417996,0.282619,0.013259,2.396498,-1.170807,-10.841009
0.426143,0.327227,-0.026597,1.869975,-0.135982,-9.214623
0.456975,0.361860,-0.007230,1.872956,-1.538594,-7.006493
0.474119,0.392679,0.014641,2.258501,-0.644819,-4.529651
0.525765,0.486833,-0.013441,1.373329,0.368151,-2.341653
0.531490,0.530788,0.012343,-0.728019,-0.376457,-1.318064
0.462762,0.576663,-0.009383,-1.351068,2.333019,-2.362669
0.448473,0.658527,0.012990,-1.510322,2.966999,-4.396552
0.534270,0.715550,0.012540,-3.446498,3.984863,-5.536621
0.571407,0.767406,0.012238,-4.983644,4.868505,-5.100440
0.495425,0.789342,-0.002546,-4.782805,5.365437,-3.593484
0.511634,0.809903,-0.001867,-4.865916,5.642967,-0.365390
0.552583,0.869112,-0.018876,-6.030433,4.176029,3.039914
0.554099,0.905327,-0.017199,-6.468041,4.545661,4.232690
0.577155,0.903364,-0.011681,-5.864759,3.365204,4.818179
0.572133,0.913520,-0.001545,-5.765035,1.095835,5.777389
0.511598,0.908068,0.000165,-5.466806,-0.252846,7.494242
0.561005,0.920311,-0.029200,-5.487968,0.183386,8.431782
0.628899,0.925261,-0.005477,-3.503629,-0.701644,7.588052
0.575766,0.913271,-0.017767,-2.729203,-1.385327,8.019472
0.523392,0.912329,-0.029301,-2.727322,-2.758381,8.196707
0.561350,0.880262,-0.031501,-1.833055,-0.055336,8.042633
0.585482,0.833632,-0.030601,0.425581,1.672435,9.482364
0.557444,0.803939,-0.036506,1.287828,1.793642,10.649429
0.540992,0.745439,0.001242,1.604160,1.148331,9.995925
0.509077,0.665798,-0.027253,1.863916,3.163745,9.407972
0.467522,0.605302,-0.092925,4.086048,12.669823,8.123540
0.430154,0.541282,0.001888,3.490837,3.625187,6.635096
0.448628,0.485526,0.003546,3.186446,1.925127,6.632287
0.350361,0.418469,-0.017025,2.943756,2.494223,6.723893
0.285258,0.331156,-0.022300,2.428702,3.085633,6.089384
0.317724,0.258503,-0.015006,2.660583,1.695044,7.129587
0.295653,0.202665,-0.021538,1.176954,0.283383,8.120389
0.263292,0.106503,-0.043360,0.429153,0.277648,5.690009
0.243068,0.043342,-0.050158,-0.099428,0.716852,4.193132
0.178414,-0.043954,-0.012000,-0.473009,-0.828796,2.388906
0.185862,-0.139871,-0.033526,-1.496270,-1.296353,0.570765
0.248905,-0.232373,-0.045418,-1.922143,0.142307,-1.086254
0.229568,-0.356275,-0.032905,-1.832161,0.768737,-1.402008
0.192417,-0.466621,-0.027900,-0.699743,2.194369,-1.384082
0.209781,-0.583824,-0.030900,-0.606053,1.877059,-1.583262
0.246348,-0.718108,-0.025635,-0.053447,3.243299,-2.613043
0.198280,-0.836499,-0.030312,0.940009,2.686403,-5.984636
0.177686,-0.947164,0.009944,2.063502,2.054216,-9.395553
0.176744,-1.040634,-0.023866,2.215692,1.450332,-11.044498
0.112309,-1.112129,-0.057268,2.777393,1.637507,-11.326628
0.054341,-1.202341,-0.025881,3.853488,1.118993,-11.600463
0.033800,-1.301992,-0.008166,5.591257,0.236270,-10.866282
-0.000321,-1.362186,-0.026452,5.569865,-0.650559,-7.902200
-0.102031,-1.429243,-0.043639,5.949886,-1.232824,-7.505046
-0.158170,-1.507739,-0.060622,6.358704,-1.449547,-9.665237
-0.183786,-1.564955,-0.031573,6.969273,-2.385380,-11.253534
-0.286097,-1.607633,-0.019319,7.845215,-2.022750,-12.700547
-0.329261,-1.659883,-0.032810,7.190431,-2.530067,-13.919589
-0.377335,-1.680891,-0.070814,5.915939,-2.060478,-14.832486
-0.477578,-1.695744,-0.030188,6.141685,-1.398755,-14.236413
-0.493950,-1.684176,-0.021286,6.319705,-0.268129,-12.928470
-0.493527,-1.638971,-0.013877,4.954690,0.024435,-11.186178
-0.594692,-1.607719,-0.021046,3.229208,0.239051,-10.892923
-0.634442,-1.534714,-0.055059,1.919059,3.322786,-11.030961
-0.624129,-1.466626,-0.019428,1.349089,0.410630,-9.981451
-0.649656,-1.386269,0.018580,0.368458,-0.014078,-9.073949
-0.660275,-1.268531,-0.027673,-1.517923,0.303534,-7.577115
-0.641572,-1.181051,-0.041601,-1.992676,-0.099152,-6.138419
-0.664611,-1.117535,-0.024509,-1.929229,-2.006127,-5.002541
-0.624532,-1.010137,-0.011090,-1.588910,-2.030841,-2.572666
-0.553326,-0.901669,-0.014875,-2.019822,-3.439791,-1.761059
-0.525672,-0.809748,-0.036053,-1.237492,-1.636187,-1.885901
-0.518149,-0.721726,-0.013867,-0.403510,-2.640616,-1.567607
-0.488072,-0.598483,-0.011842,1.164576,-3.471352,-0.322063
-0.422124,-0.479514,-0.020777,0.905303,-3.101553,1.404015
-0.352881,-0.348210,-0.010345,1.135290,-3.464984,3.467579
-0.337585,-0.231844,-0.003908,2.924751,-2.183704,4.386346
-0.348259,-0.142677,0.004232,4.007877,-2.052243,6.272920
-0.301084,-0.024391,-0.032876,3.843453,-1.921040,9.637752
-0.268017,0.055641,-0.020396,5.004408,-1.081179,10.680191
-0.260208,0.118563,-0.009101,6.453014,-0.683410,12.052910
-0.268125,0.169506,-0.010759,7.060997,-1.302068,12.839011
-0.303917,0.210143,-0.002700,6.541127,-2.281475,13.889062
-0.291591,0.219077,-0.008885,7.190788,-0.533403,12.883103
-0.242132,0.217210,0.004580,7.510464,-0.779445,11.045256
-0.251730,0.222337,0.019830,7.621118,-0.964607,7.948334
-0.274132,0.258601,0.016147,5.946386,-1.819758,6.442668
-0.223799,0.280164,-0.003596,3.985067,-1.145400,4.866730
-0.201249,0.286981,-0.010552,3.239238,-0.191261,4.049968
-0.190401,0.322599,-0.024158,1.590850,0.013786,4.688245
-0.167039,0.351704,0.002752,-0.923934,-0.698697,6.579110
-0.118230,0.376759,-0.018469,-3.050793,0.814195,8.096690
-0.129826,0.362691,-0.016802,-4.336491,0.291471,8.388706
-0.071862,0.327050,-0.012925,-4.526682,0.265936,8.274751
0.004596,0.328606,-0.040153,-6.431094,0.477184,7.527889
0.033281,0.285068,-0.012413,-7.443720,0.601874,3.956626
0.095007,0.246033,-0.005385,-6.889670,1.066431,1.776425
0.153166,0.229604,0.002558,-6.606205,1.275529,0.865181
0.199957,0.196419,0.007492,-6.990027,0.410036,0.512373
0.280528,0.176212,-0.009173,-6.137000,1.072405,-0.022486
0.331021,0.161566,-0.012246,-5.087726,0.918666,-1.283890
0.358771,0.136468,0.033282,-3.953362,0.395468,-2.349149
0.406639,0.148164,0.005886,-3.125521,0.567176,-4.002364
0.469068,0.146558,0.004009,-2.397719,0.889143,-5.685985
0.542909,0.140368,-0.000324,-0.705553,1.859918,-7.475858
0.579564,0.130694,0.019594,0.963891,1.532304,-9.367494
0.613856,0.108738,0.030935,1.634067,-0.470466,-9.933461
0.656869,0.110324,-0.014540,2.233555,2.562803,-9.282264
0.681980,0.083726,-0.002494,4.004574,2.997292,-9.089708
0.705387,0.087934,0.009484,4.634780,2.488373,-9.063885
0.706207,0.078484,0.039177,4.648359,0.648445,-10.608282
0.711853,0.097916,0.002207,3.645427,2.433284,-11.554478
0.702938,0.133015,-0.035210,3.433621,4.216364,-12.265173
0.724441,0.137814,-0.009685,3.204799,3.119058,-13.298589
0.737965,0.202005,-0.022628,1.637743,2.818646,-12.427046
0.717702,0.247559,-0.001584,-0.503414,3.317455,-10.255080
0.717049,0.288183,-0.024289,-2.220241,3.526848,-7.670981
0.755073,0.319802,-0.013752,-2.876203,3.936592,-6.012643
0.774124,0.342336,-0.007811,-3.618438,4.218392,-3.859609
0.789197,0.372613,-0.040531,-5.389655,3.737866,-2.571544
0.786699,0.370207,-0.041121,-6.346312,4.110998,-3.078953
0.811252,0.365806,-0.060734,-5.506172,4.837266,-3.321305
0.852318,0.375476,-0.046130,-4.713709,4.634448,-3.244860
0.856848,0.374396,-0.029265,-5.573875,3.275591,-0.713101
0.842209,0.379572,-0.052915,-4.895753,2.597902,0.993428
0.771646,0.359155,-0.043632,-3.270963,1.738858,2.929787
0.785573,0.357225,-0.050988,-2.192271,1.102338,4.097551
0.806394,0.368146,-0.071769,-2.047010,0.692519,3.922322
0.748941,0.332568,-0.071366,0.063374,0.902014,2.274244
0.689244,0.330707,-0.041213,1.164061,-1.387638,1.128777
0.696088,0.309883,-0.040078,1.661639,0.478615,-0.958010
0.667379,0.320236,-0.098738,2.613444,3.082780,-3.120702
0.612218,0.305708,-0.053194,3.450702,2.186639,-4.199447
0.635828,0.283082,-0.052866,3.534739,2.534200,-3.491059
0.577985,0.285458,-0.075702,3.486241,3.467436,-3.208463
0.470998,0.278289,-0.095735,2.658666,4.234992,-2.667010
0.436732,0.301404,-0.075968,2.742260,3.614509,-1.994449
0.405073,0.330011,-0.049964,1.428353,3.023529,-0.488838
0.314714,0.350224,-0.060678,-0.480523,2.413560,1.333019
0.268005,0.374484,-0.108221,-1.819774,3.380826,3.724002
0.211925,0.377918,-0.091277,-2.264692,1.046034,4.651415
0.157659,0.384752,-0.075295,-3.077719,-0.436968,6.008437
0.131754,0.408622,-0.104502,-4.180884,-0.406520,5.456907
0.100689,0.381916,-0.084811,-5.137597,-0.514076,4.271326
0.086732,0.344949,-0.078981,-4.252871,-0.406212,3.991942
0.028893,0.323508,-0.090355,-4.621414,-1.949355,3.999179
0.003027,0.279245,-0.076683,-4.381822,-0.475277,3.299888
-0.010897,0.247841,-0.097297,-3.549583,-0.032851,2.375461
-0.028136,0.209670,-0.063238,-2.281071,-0.335751,1.783477
-0.065596,0.144645,-0.071750,-1.637159,-0.168918,1.863739
-0.069538,0.089093,-0.061755,-1.111480,-0.013573,1.391712
-0.100232,0.024718,-0.061715,0.105084,0.491896,1.234798
-0.129797,-0.035797,-0.037822,2.588344,1.339638,2.013406
-0.130998,-0.075682,-0.054491,3.018901,0.059576,3.523266
-0.178157,-0.153013,-0.040009,3.328343,-1.351669,5.118072
-0.232140,-0.235406,-0.057803,4.505655,-0.409451,6.490802
-0.265791,-0.291844,-0.027260,5.897396,-0.701342,6.977275
-0.287239,-0.346438,-0.012141,5.391408,-2.258797,6.177802
-0.307016,-0.420165,-0.034878,5.821115,-1.900850,4.707745
-0.390383,-0.499284,-0.039181,6.185512,-2.306921,3.967003
-0.441198,-0.592841,0.018245,6.291909,-4.020337,2.514192
-0.446939,-0.655443,-0.017242,5.590206,-2.833089,2.668924
-0.496721,-0.696346,-0.049147,4.439984,-1.197604,1.456676
-0.547884,-0.748123,0.001869,4.089521,-2.617961,0.904654
-0.594193,-0.798334,0.008191,3.138530,-2.166787,0.024911
-0.606850,-0.830591,-0.010004,1.085959,-1.163398,-0.551013
-0.609558,-0.869517,-0.019891,-0.041480,-0.284620,-1.175375
-0.653011,-0.889314,0.024938,-0.772456,-1.345576,-1.211778
-0.651553,-0.882391,0.025663,-1.949174,-0.640656,-0.342946
-0.653822,-0.899440,-0.008195,-2.721423,0.235187,-1.339780
-0.679828,-0.922719,0.004294,-3.325684,-0.794488,-1.926122
-0.659175,-0.937562,0.001731,-3.138220,-0.813401,-3.136344
-0.639753,-0.933663,0.026812,-2.383361,-1.566369,-4.463155
-0.616517,-0.943084,0.002246,-2.262538,-2.000895,-5.846214
-0.589821,-0.940228,-0.020668,-1.648351,-2.518611,-8.071711
-0.597180,-0.938350,0.006727,-0.906199,-2.757392,-9.601042
-0.537390,-0.928201,0.018045,0.990706,-2.480791,-10.682424
-0.503003,-0.896427,0.010403,1.560268,-2.964422,-9.219871
-0.478960,-0.881334,-0.013345,2.448036,-1.352351,-8.625401
-0.434542,-0.864190,-0.004466,4.203842,-2.124873,-7.850108
-0.375760,-0.834812,0.032592,5.303015,-2.481815,-6.263412
-0.316699,-0.833030,0.004606,6.168243,-0.535224,-4.444788
-0.267797,-0.816115,-0.026442,7.276112,0.308645,-4.266190
-0.251851,-0.803307,0.023572,8.638901,0.236641,-4.353378
-0.175905,-0.788595,0.015199,8.787533,-0.346609,-5.104287
-0.131825,-0.746209,-0.002198,7.687798,0.589460,-5.484390
-0.137271,-0.722602,-0.015659,7.719704,1.401893,-5.853747
-0.131038,-0.683987,-0.017212,7.957004,0.294816,-4.667379
-0.107716,-0.627424,0.004524,6.393904,-1.024757,-2.870604
-0.067851,-0.572329,-0.008123,4.572453,-3.532123,-0.757215
-0.086728,-0.522898,-0.056381,3.581052,-1.086467,-0.443641
-0.110959,-0.474745,-0.013355,2.385955,-2.527605,0.532434
-0.078899,-0.434259,-0.039201,1.067177,-1.765912,2.234481
-0.049321,-0.376318,-0.049771,-0.685573,-2.259804,2.614452
-0.083531,-0.360605,-0.058069,-2.367580,-0.842930,0.503288
-0.070795,-0.319729,-0.042946,-2.300218,0.041730,-0.669498
-0.043570,-0.265460,-0.049751,-3.448280,0.088721,-1.683391
-0.022166,-0.232156,-0.041542,-4.675455,0.442926,-1.469760
0.012595,-0.176155,-0.066449,-5.309412,2.281501,-1.830976
0.027796,-0.105966,-0.051724,-4.446788,1.221428,-1.130921
0.060864,-0.031058,-0.058932,-5.265237,2.430350,0.895151
0.113045,0.061789,-0.083406,-5.613872,2.600279,2.005078
0.162156,0.145157,-0.081479,-5.186167,2.401927,2.687268
0.198335,0.204106,-0.075278,-3.981384,2.276351,4.373374
0.257488,0.302766,-0.101896,-3.214807,2.026879,5.516562
0.266049,0.367755,-0.078265,-3.276914,0.002754,5.874647
0.322329,0.433677,-0.097123,-1.329890,0.604881,5.618429
0.370086,0.482519,-0.073204,0.158867,-0.885527,4.895791
0.399719,0.513417,-0.060898,1.093734,-3.802337,4.801825
0.434536,0.552288,-0.132186,2.138685,-0.795174,3.341536
0.444620,0.573650,-0.080146,3.785100,0.025937,0.553541
0.501337,0.624406,-0.082966,4.345409,-1.170206,0.322093
0.531700,0.664462,-0.090259,3.776773,-0.065068,-0.338609
0.555317,0.676062,-0.087492,4.716177,1.880141,-0.904249
0.554440,0.733734,-0.091136,4.074004,2.664936,0.121713
0.566267,0.760168,-0.069610,2.730647,2.129800,0.907909
0.599958,0.805341,-0.090978,1.063451,3.849899,1.354173
0.575317,0.815359,-0.078951,0.882687,4.078481,1.952161
0.567541,0.804678,-0.098292,0.242214,4.218235,4.238944
0.564879,0.822104,-0.093053,-1.627597,3.105767,5.286170
0.568916,0.774998,-0.086721,-3.296021,3.091905,4.951155
0.584320,0.729080,-0.091395,-3.101524,3.421797,3.750099
0.568220,0.702069,-0.079047,-3.546422,2.013286,2.926551
0.549615,0.650603,-0.073243,-4.864702,0.772545,2.789503
0.575799,0.634808,-0.072062,-6.154555,1.073938,3.098290
0.582860,0.599053,-0.101922,-6.212733,1.323456,3.225229
0.536876,0.541239,-0.084305,-5.603181,0.422082,3.628230
0.518508,0.513548,-0.083353,-5.284499,-0.204483,5.073265
0.503704,0.473877,-0.066134,-5.460011,-0.077997,5.823414
0.494503,0.435787,-0.085644,-5.277012,0.694902,4.992987
0.478137,0.383580,-0.085342,-4.537649,1.861536,2.889873
0.459785,0.309522,-0.053437,-2.654905,2.087161,0.298233
0.469058,0.243725,-0.037672,-1.852450,2.744561,-1.641457
0.450958,0.203719,-0.059887,-1.408990,3.348372,-2.046747
0.436299,0.151101,-0.052147,0.248842,4.640077,-2.411570
0.419920,0.124244,-0.043284,0.530275,3.611181,-2.909657
0.373155,0.078868,-0.002100,1.375729,2.485702,-1.998928
0.353621,0.073744,0.003487,1.608802,2.542849,-1.851455
0.323022,0.061176,-0.034862,1.752658,2.217569,-2.607194
0.305563,0.056354,-0.030197,1.881805,1.511737,-3.840922
0.307962,0.061602,-0.005011,2.546680,0.424485,-5.287562
0.277209,0.057657,-0.006173,1.449403,0.022865,-5.773514
0.264703,0.046933,-0.034205,0.890568,0.218692,-5.912844
0.255824,0.025400,-0.029209,1.210084,-0.195289,-6.681670
0.259113,-0.009387,-0.022832,0.845546,-0.155591,-6.042828
0.240912,0.001035,-0.028185,0.621717,-0.156723,-6.345289
0.195801,-0.010835,-0.011533,-0.966901,-0.616137,-6.430131
0.180640,-0.019444,-0.030595,-1.272650,0.643279,-7.715144
0.154751,-0.031284,-0.025467,-1.473060,0.900760,-7.911158
0.127090,-0.058807,-0.002599,-1.149260,0.818893,-6.501184
0.107025,-0.047109,-0.017363,-2.441070,0.321403,-4.413963
0.078146,-0.037728,-0.020527,-2.370193,1.657746,-2.994614
0.021875,-0.079080,-0.004811,-2.153394,1.187041,-2.397411
-0.010027,-0.085162,0.003277,-1.548303,0.566664,-2.486802
-0.020465,-0.081246,-0.014465,-1.806102,0.394444,-1.919200
-0.046193,-0.103734,-0.012791,-1.699764,1.050909,-2.785386
-0.086757,-0.127335,-0.024374,-0.906186,0.146380,-2.328721
-0.136972,-0.143136,-0.029882,1.001327,-0.340018,-1.284820
-0.159230,-0.152340,-0.005550,0.615136,-1.441893,1.002744
-0.148438,-0.213706,-0.019346,1.589311,-0.595168,3.423163
-0.187203,-0.254129,-0.016178,2.615542,-1.110885,4.256594
-0.260372,-0.300457,0.021990,4.053893,-2.225713,4.410494
-0.284813,-0.313374,-0.003426,4.054628,-1.692868,4.640710
-0.266878,-0.318609,-0.000124,4.021121,-2.230834,3.575343
-0.279679,-0.369283,0.003139,4.357676,-1.154312,3.066447
-0.334486,-0.386890,0.009730,4.767453,-1.877843,4.433355
-0.401612,-0.398852,0.036009,4.651097,-1.173160,6.337205
-0.396702,-0.378176,0.004587,3.257134,-0.727828,7.810518
-0.389674,-0.394693,0.010012,3.162981,-0.309101,7.736060
-0.400286,-0.421763,0.016213,3.020359,-0.669709,7.126091
-0.443096,-0.414151,0.007252,2.463788,-0.995147,6.086282
-0.508288,-0.429165,0.030738,0.688370,-2.457739,4.408761
-0.512759,-0.428614,-0.012249,-0.197619,-1.191522,2.137467
-0.509102,-0.423545,0.013082,0.008889,-1.578751,0.681640
-0.524362,-0.442219,0.031240,-0.554042,-2.639471,1.444150
-0.542163,-0.448968,0.021787,-1.185524,-3.442418,2.786921
-0.600167,-0.459140,-0.000436,-2.020491,-3.141799,2.723011
-0.592959,-0.441579,-0.021059,-1.850809,-1.303775,1.134123
-0.568567,-0.423404,0.013902,-0.968372,-2.861180,-0.720737
-0.578808,-0.456734,0.004938,-0.706584,-3.354114,-1.117922
-0.611731,-0.465951,-0.020826,-0.676185,-3.303443,-0.971792
-0.666078,-0.485584,-0.015774,-0.220202,-2.850043,-0.370381
-0.631711,-0.494147,-0.010303,0.556715,-2.072016,-1.265294
-0.583538,-0.506775,0.004209,2.133775,-1.641931,-2.683288
-0.606735,-0.554994,0.021816,3.124750,-1.730081,-3.327627
-0.617846,-0.578411,0.004380,3.711935,-1.440278,-2.623856
-0.630802,-0.607789,-0.016112,4.700097,-0.580890,-3.412560
-0.597639,-0.635683,0.015028,5.255003,-0.961584,-3.883869
-0.559228,-0.660314,0.018803,6.538568,-0.912380,-3.375136
-0.553248,-0.671783,0.016344,6.512886,-1.420810,-2.665617
-0.562724,-0.682586,0.001452,5.801713,-2.227883,-1.413038
-0.539711,-0.709456,0.006251,5.453059,-1.927480,-1.315608
-0.483608,-0.681969,0.000060,4.926989,-0.530563,-1.284145
-0.437742,-0.667510,0.005522,5.119790,-1.419599,-1.476443
-0.456849,-0.681828,0.010383,3.898499,-3.715576,-0.429564
-0.452198,-0.657498,-0.004325,2.354976,-2.357500,0.227153
-0.463312,-0.652148,-0.027614,0.918879,-2.397985,0.114499
-0.436025,-0.643344,-0.010870,0.552159,-2.309983,-1.551758
-0.400631,-0.601043,-0.007942,-0.209606,-2.483736,-2.729537
-0.394450,-0.565879,-0.007165,-1.790852,-0.438770,-3.188547
-0.389966,-0.515201,-0.038814,-3.392639,-1.307244,-2.660324
-0.339879,-0.439524,-0.048806,-3.790136,0.843869,-1.759157
-0.280786,-0.403838,-0.012886,-4.225804,0.381354,0.727857
-0.226684,-0.343467,0.002164,-4.384789,-0.083124,3.076462
-0.225874,-0.279368,-0.028425,-4.911046,0.574699,4.918386
-0.195134,-0.235117,-0.036746,-4.743642,0.672040,4.487897
-0.146501,-0.171526,-0.052649,-3.971100,1.568638,2.110170
-0.091281,-0.109482,-0.007378,-2.629558,0.482548,-0.290379
-0.006925,-0.039162,-0.022027,-1.851029,0.572142,-0.851731
0.037072,0.020424,-0.036844,-1.126159,0.313456,-1.325922
0.080479,0.065174,-0.044430,-0.028475,0.709263,0.347174
0.160532,0.128620,-0.052991,1.495052,1.217545,2.757637
0.204559,0.164441,-0.020242,3.334310,-0.364567,3.113122
0.251642,0.191623,-0.040806,4.517521,-0.931412,3.022836
0.309315,0.224940,-0.031704,5.467961,-0.618743,0.568284
0.314836,0.253349,-0.043885,5.259109,-0.840482,-2.224090
0.334776,0.292020,-0.053247,5.275377,1.764330,-4.519099
0.377369,0.347631,-0.040422,5.717091,0.759044,-5.714576
0.400583,0.365586,-0.036864,5.240107,0.031829,-4.897180
0.425972,0.387440,-0.029249,3.933887,1.242990,-2.524114
0.419102,0.407624,-0.049537,2.721171,1.870806,0.305561
0.440356,0.456421,-0.054789,1.442960,3.014355,0.848213
0.467551,0.475853,-0.026616,0.189528,3.152722,0.894680
0.495682,0.496043,-0.028103,-0.887460,3.870602,0.859253
0.494631,0.507157,-0.043570,-3.223131,3.261411,1.619206
0.494283,0.503268,-0.084118,-4.107371,4.687426,2.613634
0.479319,0.485733,-0.049419,-5.109496,2.304074,2.960030
0.512652,0.467824,-0.058600,-5.141053,2.202322,3.379970
0.512826,0.469416,-0.068960,-6.152878,1.078320,2.712260
0.519509,0.450457,-0.075062,-6.740303,0.825372,2.184578
0.558691,0.404604,-0.091165,-6.380462,1.962832,1.645666
0.544938,0.396119,-0.113663,-5.768288,0.883629,0.573440
0.549635,0.405789,-0.068802,-5.382611,2.139286,0.380669
0.564304,0.406905,-0.104646,-5.485289,1.059344,1.668009
0.565447,0.400721,-0.111615,-4.800244,0.521031,2.690542
0.529412,0.360935,-0.095803,-4.111996,1.489048,3.060420
0.523011,0.354078,-0.086728,-2.256561,2.518201,3.202749
0.523287,0.361289,-0.107187,-1.340315,3.368234,2.249201
0.520503,0.357386,-0.098525,-0.819195,2.198954,0.334098
0.509025,0.334508,-0.105890,-0.179192,3.156080,-0.961054
0.489560,0.304569,-0.095331,2.051773,3.566625,-0.312690
0.451868,0.286486,-0.092035,2.585882,2.381074,0.861313
0.463284,0.299218,-0.110870,2.687942,2.402708,1.321842
0.429409,0.300912,-0.119056,2.328302,1.889010,0.167726
0.356368,0.280344,-0.131484,2.945519,2.108050,-1.307564
0.323416,0.283577,-0.114858,3.265047,0.577939,-2.149113
0.274186,0.276080,-0.124177,2.313071,-1.256078,-2.072954
0.201125,0.265695,-0.125158,1.468904,-1.033522,-2.459981
0.191242,0.270116,-0.163064,0.708622,0.431680,-2.727244
0.154902,0.253605,-0.140917,0.919342,-0.597102,-2.344059
0.104458,0.191466,-0.122815,-0.064438,-0.565463,-1.834641
0.083099,0.162797,-0.152698,-1.103382,0.592742,-1.098282
0.047586,0.156409,-0.160038,-2.100229,1.143618,-2.400791
0.003789,0.112562,-0.144259,-1.641272,2.565202,-3.554483
-0.030910,0.097371,-0.130066,-2.510169,0.686505,-3.757758
-0.083354,0.063660,-0.129137,-3.184540,0.230201,-1.575646
-0.130998,0.001708,-0.170902,-3.633850,1.342684,-0.442364
-0.158784,-0.039198,-0.143021,-2.435461,1.493004,0.208698
-0.214661,-0.086810,-0.111746,-2.391440,-0.342956,0.351792
-0.227229,-0.133384,-0.107857,-2.425939,-1.228636,0.136399
-0.249461,-0.172052,-0.124101,-2.049656,-1.246913,-0.697177
-0.286231,-0.252481,-0.147791,-0.705212,0.222736,-1.633778
-0.310049,-0.301186,-0.101272,0.424101,-1.631828,-0.858124
-0.326001,-0.340976,-0.087259,0.982309,-2.935455,0.581915
-0.382305,-0.394995,-0.093194,1.589307,-2.686233,1.985774
-0.379400,-0.440122,-0.124252,2.467606,-1.071204,2.927366
-0.439075,-0.501589,-0.090657,3.690475,-3.335830,2.887687
-0.490822,-0.557420,-0.067108,4.726009,-2.320431,2.170306
-0.517246,-0.560643,-0.058653,3.989731,-3.143936,1.246188
-0.530750,-0.572617,-0.066619,3.822419,-2.521425,0.017239
-0.571019,-0.607057,-0.059743,3.470745,-1.784816,-0.934580
-0.593605,-0.620584,-0.045251,4.293052,-0.755916,1.281014
-0.628905,-0.598066,-0.062707,3.209223,-1.248029,3.475432
-0.630191,-0.596116,-0.043948,1.880575,-1.466620,4.472007
-0.658158,-0.612965,-0.032420,1.422960,-0.652929,3.250683
-0.696989,-0.608324,-0.031038,1.446459,-0.669434,2.031118
-0.720724,-0.590924,-0.036496,0.496318,-1.904228,0.998810
-0.747049,-0.599058,-0.049002,-0.197882,-1.562831,-1.265591
-0.740189,-0.585892,-0.054228,-1.013246,-2.183048,-2.858861
-0.733884,-0.581680,-0.036634,0.213152,-2.556550,-2.837859
-0.750614,-0.587848,-0.011714,-0.907981,-5.024330,-1.640252
-0.733677,-0.592621,-0.040960,-0.975508,-3.165058,-0.842389
-0.720275,-0.598969,-0.026981,0.166581,-2.808461,-1.354226
-0.695502,-0.571902,-0.015669,-0.303376,-3.250920,-0.828720
-0.654787,-0.572837,-0.030798,0.578067,-1.425363,-1.313054
-0.637574,-0.579291,-0.020147,1.152589,-2.172987,-1.979635
-0.633868,-0.581519,0.015337,2.003847,-2.012624,-1.705548
-0.625668,-0.583072,-0.001785,2.199142,-1.891544,-0.252737
-0.567979,-0.593464,-0.000783,2.433794,-1.193829,-0.837345
-0.508659,-0.603591,-0.012023,4.148585,-0.978091,-0.543739
-0.484582,-0.621467,0.024445,5.143843,0.359453,0.332741
-0.479481,-0.640620,0.004022,5.023824,-0.528564,0.726103
-0.454778,-0.650500,0.010190,5.239517,-1.141579,0.236882
-0.400821,-0.661161,0.003805,5.162635,-1.236084,-0.691486
-0.369100,-0.686370,0.031037,6.302665,-1.227067,-0.360094
-0.364133,-0.652030,0.015081,5.446681,-2.335816,1.472794
-0.370015,-0.656845,0.015166,4.833538,-2.057508,1.198215
-0.368069,-0.662402,0.006336,3.737903,-1.736383,0.273647
-0.297129,-0.641381,0.018130,3.619732,-1.600753,-0.511558
-0.268870,-0.624181,0.003366,2.689308,-2.210840,0.195743
-0.263100,-0.618178,0.006362,1.467880,-1.298066,1.308733
-0.257434,-0.589112,-0.027299,-0.301478,-0.831655,2.007186
-0.229852,-0.569565,0.000352,-0.234293,0.608994,1.968985
-0.166219,-0.549233,-0.008734,-0.821371,0.449353,2.261928
-0.124794,-0.492631,-0.011527,-2.130295,0.054141,2.085779
-0.153394,-0.486191,-0.009114,-3.063568,-0.441222,1.096507
-0.135295,-0.458106,-0.040741,-3.365848,1.585743,-0.205125
-0.076316,-0.396334,-0.028346,-2.419314,1.564666,-1.071383
-0.051517,-0.346129,-0.015039,-3.067425,0.449169,-0.902403
0.003792,-0.307774,-0.040517,-3.404364,-0.372724,0.465912
-0.001250,-0.263438,-0.060734,-3.075040,0.449133,1.716324
-0.006938,-0.223812,-0.047660,-1.612422,0.152748,1.563637
0.065646,-0.150082,-0.041975,-0.983747,-0.580795,0.701673
0.107159,-0.103373,-0.027988,-0.685701,-1.480442,-0.045256
0.123791,-0.079188,-0.053145,0.578891,-0.672706,-1.739250
0.133698,-0.040232,-0.069216,1.534573,-0.098168,-3.164059
0.147471,-0.029045,-0.011547,2.911920,-3.141254,-4.393985
0.222507,0.031099,-0.037737,3.226387,-0.208412,-3.481641
0.235076,0.062472,-0.059733,3.221969,0.830923,-3.871972
0.244004,0.080352,-0.060481,4.139473,2.314056,-3.651573
0.260974,0.108945,-0.047860,4.438440,2.018220,-2.707475
0.260787,0.148324,-0.044565,4.253853,0.712249,-1.685520
0.284033,0.185163,-0.074133,3.396650,2.210958,-2.467115
0.306088,0.223338,-0.082684,2.993524,2.778285,-2.613830
0.283826,0.236747,-0.069344,2.986152,2.042694,-1.922644
0.285845,0.230034,-0.078426,1.612432,0.980838,-0.035045
0.331064,0.256464,-0.097487,-0.081716,1.758359,1.332285
0.324243,0.258368,-0.072620,0.190237,1.817876,1.754604
0.306800,0.262455,-0.089189,-0.542544,1.024757,2.120100
0.316680,0.271583,-0.104069,-2.397726,-0.293847,1.881851
0.306669,0.254570,-0.105848,-3.332486,-0.225077,1.173819
0.313431,0.236189,-0.116683,-3.185725,0.739655,0.490825
0.319237,0.247438,-0.126287,-2.924433,-0.374425,0.135193
0.290424,0.257013,-0.091198,-4.569295,-0.247916,1.919076
0.277219,0.256773,-0.125135,-5.067730,0.249954,2.150386
0.281036,0.266404,-0.127147,-5.346636,1.087107,2.922908
0.309902,0.265599,-0.107036,-4.744328,2.272077,3.067398
0.274790,0.244214,-0.080773,-3.820299,1.652921,2.419947
0.261870,0.269712,-0.097100,-4.115367,0.914198,2.861667
0.257524,0.274068,-0.129744,-3.528710,1.961582,0.948396
0.279632,0.256182,-0.101098,-3.292821,1.856015,0.159991
0.269870,0.245645,-0.087601,-1.239557,1.792395,0.394245
0.205642,0.260042,-0.087670,-1.245206,-0.586414,1.027814
0.219832,0.257564,-0.092423,-0.260261,1.239219,0.513377
0.215575,0.262048,-0.089994,0.201440,0.432855,-0.102107
0.188967,0.269414,-0.067125,1.925573,0.553734,-1.525294
0.201480,0.266988,-0.074996,1.815415,-0.583916,-1.846477
0.189177,0.285826,-0.082877,1.534126,-0.318594,-2.179241
0.121392,0.278647,-0.084285,1.685706,0.302972,-3.288362
0.120660,0.287825,-0.046813,2.516583,-0.289098,-4.297906
0.164986,0.303387,-0.032528,1.280915,-1.757897,-2.452538
0.113425,0.298286,-0.064194,0.962703,-0.836372,-1.527291
0.032756,0.289525,-0.066015,0.098998,0.401160,-1.513585
0.074896,0.278926,-0.038108,0.552460,1.045358,-1.833629
0.089969,0.292040,-0.036198,-0.579964,0.643522,-1.341847
0.061697,0.261155,-0.050644,-1.085499,1.343219,-0.900097
0.013639,0.243285,-0.060452,-1.854177,0.721706,-0.982923
-0.059766,0.210179,-0.043547,-1.897863,0.799887,-0.408582
-0.052440,0.182820,-0.033092,-1.991038,0.589673,-0.088262
0.014397,0.184008,-0.033565,-2.170611,0.570002,-0.176890
-0.020442,0.119475,-0.055882,-2.701358,0.205044,0.424863
-0.096405,0.072523,-0.067545,-2.464848,0.918525,1.148486
-0.115581,0.030692,-0.009091,-1.240053,-0.651328,1.097405
-0.036871,0.005591,-0.011829,-1.762663,-2.622097,2.004082
-0.035049,-0.041191,-0.028671,-1.469423,-0.812131,2.341081
-0.110608,-0.112702,-0.012374,-1.109750,-1.204845,1.956946
-0.109124,-0.153749,-0.011625,0.661228,-0.444895,2.553162
-0.108353,-0.214700,0.001652,1.095845,-1.537497,2.355012
-0.104620,-0.246327,-0.012262,1.177739,-1.469111,1.094247
-0.111228,-0.266583,-0.036208,1.681951,-0.376414,0.433886
-0.156949,-0.298773,0.009917,1.932975,-1.023868,1.196744
-0.213719,-0.331214,-0.003836,2.405394,-0.465151,3.489803
-0.211218,-0.334979,0.001642,1.831177,-0.693661,4.475073
-0.166599,-0.357795,0.007193,1.015071,-0.129571,4.465053
-0.197989,-0.367495,-0.002924,1.836754,0.252984,3.998487
-0.282693,-0.387813,0.022351,2.006013,-0.453088,4.001551
-0.257152,-0.398261,-0.000780,1.343003,0.375373,3.824825
-0.266097,-0.412142,-0.015981,0.851547,-0.356867,1.636167
-0.277310,-0.428962,0.004380,1.754109,-0.034311,0.730151
-0.293873,-0.437939,0.014303,1.595127,-1.324881,-0.210169
-0.345236,-0.447373,0.011286,0.766791,-1.814358,0.997971
-0.374489,-0.479856,-0.016395,0.878817,-0.975954,1.288923
-0.345023,-0.485246,-0.005356,1.979409,-1.739052,-0.175533
-0.335593,-0.520194,0.029225,1.505179,-2.664729,-0.585841
-0.392054,-0.548987,0.006408,0.941814,-1.637421,-1.955784
-0.414847,-0.566200,-0.006974,1.938851,-0.216283,-4.192655
-0.346559,-0.600544,0.012698,2.610756,-1.133646,-4.979205
-0.318626,-0.612621,0.021107,2.330761,-0.959059,-4.862002
-0.384225,-0.639402,0.017769,2.291808,-0.910801,-4.201175
-0.391148,-0.632414,-0.001771,2.149590,-0.590277,-3.525348
-0.393728,-0.668117,0.022266,3.188712,-1.253002,-2.381325
-0.407731,-0.684490,0.019919,2.970216,-1.034746,-1.264305
-0.404369,-0.716339,0.000188,3.139157,-0.610159,-1.835898
-0.386963,-0.764332,0.000717,3.308307,-1.010535,-1.982580
-0.415080,-0.792134,0.011293,4.484484,0.019596,-3.494725
-0.417781,-0.809508,-0.006176,3.815559,-1.477435,-3.933675
-0.328289,-0.820704,-0.021469,3.976441,-0.300520,-5.004888
-0.356200,-0.845145,0.022371,3.435384,-1.373362,-4.731550
-0.371013,-0.839568,0.004764,3.802387,-1.169040,-2.186724
-0.331243,-0.841282,-0.018453,2.788264,-1.505851,0.019733
-0.325932,-0.868369,-0.016040,2.490731,-1.379526,1.037129
-0.326664,-0.841663,-0.027158,2.811261,-0.571912,1.519053
-0.304255,-0.823370,-0.005510,2.302037,-1.092740,1.130757
-0.274743,-0.822480,-0.042218,1.434846,-0.051331,0.618339
-0.321064,-0.812541,-0.040987,1.320420,-0.872977,-1.085347
-0.280451,-0.790552,-0.037829,2.182221,0.102435,-2.393533
-0.180967,-0.755433,-0.055351,0.804093,-0.569956,-1.822042
-0.251007,-0.737741,-0.046137,-0.075798,0.177400,-0.388376
-0.263953,-0.691228,-0.041361,0.443756,-0.064667,-0.529233
-0.190266,-0.646837,-0.019392,0.141165,-2.436439,0.589824
-0.164607,-0.609089,-0.057051,-0.550895,-0.353866,1.639552
-0.203665,-0.549142,-0.091684,-0.028816,0.397841,-0.840553
-0.219512,-0.495513,-0.053673,0.087999,-1.503655,-2.038440
-0.200103,-0.414358,-0.044876,-0.739914,-0.853480,-3.165141
-0.215301,-0.336846,-0.079559,-1.083447,-1.065437,-4.086749
-0.144400,-0.257336,-0.110788,-0.629959,1.264792,-4.406780
-0.105431,-0.203625,-0.062959,0.157977,-0.630980,-3.407822
-0.151198,-0.132301,-0.066311,-0.127963,0.225408,-1.094781
-0.079402,-0.033703,-0.104390,-0.055322,2.296305,-0.198478
0.041333,0.010462,-0.076046,-0.286662,1.695002,0.746761
0.059551,0.061852,-0.075525,1.156757,1.830491,2.135912
0.036091,0.138523,-0.091425,1.007554,1.424722,3.374119
0.111111,0.177551,-0.083941,0.329977,1.307175,3.082012
0.171239,0.235933,-0.091579,1.036541,0.921308,3.614132
0.184021,0.279071,-0.056756,2.588248,0.512992,3.429121
0.281975,0.284654,-0.079946,2.140734,-0.148698,4.470716
0.274229,0.279566,-0.088244,2.341113,-0.067376,5.848076
0.211340,0.266262,-0.102825,3.072175,-0.135982,4.947968
0.299500,0.289542,-0.111690,3.713074,-0.404656,3.046262
0.367056,0.278526,-0.056657,3.461817,-1.562769,1.923483
0.314573,0.287096,-0.069610,2.293669,-1.606590,2.102230
0.284880,0.287618,-0.074753,2.001722,-0.596958,1.286353
0.341223,0.255910,-0.063665,1.682801,0.006755,1.925622
0.321647,0.261424,-0.047535,0.937126,-0.433873,1.437924
0.320616,0.266820,-0.077648,0.088048,2.054816,1.739773
0.365809,0.265068,-0.081328,-1.234866,2.497637,2.943024
0.311573,0.233129,-0.068156,-2.969103,2.653447,3.766332
0.296480,0.249190,-0.062707,-2.785871,3.581911,3.911165
0.363833,0.268189,-0.039776,-3.832837,2.792885,4.375848
0.364758,0.249643,-0.054849,-5.500503,3.112007,4.182227
0.287621,0.257521,-0.091894,-5.589838,3.160574,3.293473
0.295712,0.229578,-0.018532,-4.857184,-0.042547,2.100904
0.358705,0.241214,-0.048484,-5.180337,0.288707,2.972632
0.282779,0.240863,-0.027805,-5.568761,-1.924398,2.114772
0.301499,0.221277,-0.061338,-4.448971,0.347495,-0.770183
0.357694,0.201815,-0.043258,-3.177472,-1.316652,-2.681949
0.292338,0.186197,-0.012259,-2.838738,-1.081606,-2.199763
0.282701,0.204973,-0.036165,-1.876721,-0.756569,-2.755425
0.331507,0.227894,-0.041223,-1.841126,0.181072,-3.727295
0.296996,0.225849,-0.014878,-0.231615,1.563481,-5.296660
0.267109,0.223637,-0.012774,0.879769,1.456352,-5.819379
0.326938,0.221552,0.017910,1.131033,0.684208,-5.568419
0.311258,0.196701,-0.009006,1.307920,2.010158,-4.507236
0.259940,0.207169,-0.014547,2.760238,3.831235,-5.257038
0.265018,0.204454,0.019440,2.995766,2.496317,-5.889022
0.308284,0.213192,0.013128,1.929155,2.129449,-4.879583
0.222074,0.191905,-0.012114,2.359302,2.666311,-5.634158
0.196333,0.178779,0.007078,3.093836,2.175288,-5.452741
0.251297,0.154305,0.008407,2.529696,0.402702,-4.245469
0.210707,0.156462,0.002811,1.897978,0.182490,-4.094083
0.155769,0.144907,-0.013509,1.633079,0.637485,-5.044787
0.178316,0.071187,0.011161,1.852040,-0.718772,-4.681419
0.123433,0.044727,0.015596,0.558143,-1.624213,-2.238892
0.053265,0.052398,-0.003117,0.074705,-1.658974,-1.554235
0.075172,0.026566,-0.012095,-1.116833,-1.937170,-1.369837
0.025531,-0.045901,0.015100,-0.804207,-1.698865,-1.221353
-0.091648,-0.065733,-0.008149,-1.203076,-1.246660,-0.868916
-0.079323,-0.065474,-0.032413,-2.104575,0.166032,-1.108215
-0.067408,-0.126150,0.001603,-3.453309,-0.650743,-1.466460
-0.141906,-0.142103,-0.010828,-2.927370,1.837568,-0.909004
-0.176693,-0.130430,0.006523,-1.761038,2.796040,-0.983359
-0.180189,-0.145254,0.018455,-3.116330,0.766866,1.224118
-0.201095,-0.151366,-0.005133,-3.915433,1.652481,3.407307
-0.253525,-0.156503,-0.009994,-2.356305,1.465336,1.991899
-0.232741,-0.179565,-0.003721,-2.122457,0.379722,1.549046
-0.269172,-0.170909,0.000904,-1.661488,-0.658546,1.768686
-0.330886,-0.165073,-0.027535,-1.291400,-1.057776,1.440514
-0.303523,-0.153752,-0.019730,-0.871015,-1.356806,1.310221
-0.288217,-0.174254,-0.013030,0.170221,-3.526895,2.209390
-0.350469,-0.172140,-0.023268,1.624095,-3.627764,2.581158
-0.402141,-0.135705,-0.046032,2.037140,-3.474422,2.941431
-0.380089,-0.153456,-0.018479,1.336392,-5.035218,2.130554
-0.355990,-0.128858,-0.022448,1.850881,-3.038445,0.890875
-0.361304,-0.099782,-0.016634,3.646372,-1.398624,-0.445721
-0.327311,-0.118925,-0.028251,2.756362,-1.681990,-0.509288
-0.332543,-0.108549,-0.062060,2.239545,-0.755420,0.106047
-0.404944,-0.090286,-0.037547,2.429828,0.299329,-0.785927
-0.348036,-0.063613,-0.036237,2.411029,0.599386,-0.732203
-0.325371,-0.084959,-0.011845,2.371023,0.243173,0.982829
-0.371253,-0.070053,-0.030119,1.745440,0.260914,3.086153
-0.359512,-0.054008,-0.076595,1.898881,2.769613,4.218493
-0.320063,-0.129166,-0.040685,1.105673,-0.495553,4.460857
-0.330971,-0.175577,-0.033654,1.364444,-1.459310,4.079385
-0.376820,-0.214940,-0.050745,2.806921,-1.240680,2.442235
-0.331700,-0.257605,-0.037694,1.739059,-3.064763,1.794486
-0.308365,-0.341747,-0.049757,1.451816,-3.323836,1.073241
-0.355277,-0.362486,-0.085129,2.253121,-1.521591,0.327657
-0.353669,-0.425016,-0.027686,2.744496,-3.383009,0.957728
-0.298265,-0.511502,-0.014898,2.139283,-4.403476,2.249255
-0.329930,-0.544976,-0.051537,1.914837,-2.140455,2.180747
-0.340336,-0.597663,-0.051865,1.850780,-0.843518,0.447580
-0.247656,-0.650356,-0.050109,0.987932,-0.779917,-0.925712
-0.268388,-0.682481,-0.007296,1.274476,-0.244164,-2.369821
-0.322000,-0.693132,-0.030388,1.497836,0.889544,-2.281676
-0.250863,-0.710175,-0.055072,0.419667,1.232359,-0.356395
-0.217126,-0.765655,-0.042572,0.779130,2.208077,1.567883
-0.288309,-0.778663,-0.029108,1.110351,0.557893,3.605223
-0.227850,-0.803225,-0.035311,0.949436,0.563007,3.044952
-0.194211,-0.836276,-0.042257,0.023283,-0.109183,1.365913
-0.224019,-0.831668,-0.050831,1.379695,1.859925,-1.845601
-0.199877,-0.814254,-0.032331,1.685030,-1.074998,-4.683961
-0.132918,-0.813713,-0.017071,0.878821,-2.382344,-5.216664
-0.183901,-0.807903,-0.059460,0.644025,-0.498688,-4.151871
-0.197740,-0.747233,-0.045047,1.487956,-1.914807,-4.558891
-0.085776,-0.732344,-0.003941,1.230649,-3.717565,-3.522173
-0.111894,-0.727542,-0.013194,0.500448,-1.757873,-2.929579
-0.148448,-0.680324,-0.068943,1.408143,0.452359,-4.898161
-0.069974,-0.635982,-0.026741,2.219588,0.098618,-6.870643
-0.043784,-0.614958,0.007853,1.238789,-0.447639,-8.698771
-0.061191,-0.559091,-0.058243,1.440518,2.269402,-8.882303
-0.007943,-0.501175,-0.017898,2.449346,2.926372,-8.880080
0.016659,-0.484645,0.014503,1.875858,0.201617,-6.685175
-0.011156,-0.422656,0.005561,1.507076,-0.599045,-4.712473
0.032704,-0.362075,-0.034156,1.512610,2.793627,-4.108311
0.099619,-0.355661,-0.006702,2.855961,1.816715,-4.006048
0.042029,-0.298412,-0.028169,2.642438,0.328007,-3.516884
0.016508,-0.244564,-0.020193,2.002717,-0.058211,-4.800936
0.108689,-0.217720,-0.019943,2.260980,-0.745015,-4.160688
0.090547,-0.196132,-0.022004,2.480194,-1.557721,-3.757690
0.018734,-0.147985,-0.029843,2.333580,-1.807297,-2.796679
0.080397,-0.117698,-0.019615,1.636059,-3.323807,-3.063360
0.086158,-0.113719,-0.034566,0.776871,-1.541637,-1.753907
0.020506,-0.105562,-0.003619,2.388102,-0.162760,-1.979586
0.095332,-0.038236,-0.033014,1.515597,-0.511959,-0.733414
0.108347,-0.031520,-0.026629,0.046118,0.517355,1.612743
0.004478,-0.019779,-0.055889,-0.003696,1.776094,2.388286
0.008912,0.045545,-0.030719,0.060889,1.373218,1.829670
0.077680,0.088403,-0.010559,-0.995547,0.937133,3.431763
0.025019,0.114538,-0.044026,-2.503115,2.722034,5.821617
-0.035158,0.165564,-0.068582,-1.892595,3.240525,5.405898
0.008722,0.183148,-0.011166,-2.043452,0.809479,4.801523
0.031860,0.199770,-0.023012,-2.654711,1.069842,5.130955
-0.004457,0.262166,-0.046619,-3.217876,1.151233,3.207070
0.027905,0.294843,-0.042057,-2.915462,0.206836,1.942406
0.050944,0.314616,-0.017586,-3.079721,-0.818391,2.390069
-0.028048,0.365543,-0.027506,-2.750463,-0.956805,2.184895
0.024363,0.447063,-0.034757,-2.695433,-1.654884,3.002974
0.099101,0.462546,-0.039067,-3.336690,-2.299053,5.055789
0.033997,0.486035,-0.036634,-2.569962,-1.868220,7.116765
0.012592,0.496211,-0.035597,-0.758417,-0.456367,4.813159
0.089112,0.519880,-0.025983,-1.496762,-2.073356,3.127818
0.034647,0.504873,-0.045457,-1.665381,-0.549585,0.755352
-0.000758,0.556286,-0.022973,0.710641,0.598808,-1.268791
0.082908,0.583934,-0.019385,0.934523,0.225444,-1.718898
0.055277,0.555360,-0.020485,-0.937773,0.527320,1.741564
-0.007812,0.566035,-0.046436,0.000656,1.995236,2.268102
0.028023,0.589241,-0.020902,1.641869,2.130112,1.756042
0.022357,0.496641,-0.006423,1.331002,0.599064,1.385613
-0.082156,0.476309,-0.031931,0.991329,0.581845,-1.607684
-0.063272,0.481358,-0.020678,1.768590,-0.721031,-4.618570
-0.016957,0.426022,-0.041719,0.845497,-0.949889,-5.138671
-0.131898,0.358594,0.002532,1.083378,-1.144455,-4.921312
-0.136936,0.352571,-0.023488,1.375768,-0.764142,-2.165681
-0.051120,0.287848,-0.003803,0.236207,-3.115448,-0.362987
-0.077918,0.162715,-0.033398,-0.570071,-1.066241,-0.445933
-0.143110,0.157259,-0.013293,0.860983,-0.589070,-2.063097
-0.105802,0.095710,0.008837,0.231914,-1.378280,-3.404287
-0.105746,0.039925,0.007511,-1.943581,-1.934282,-4.311083
-0.167630,0.026845,-0.007270,-2.560794,0.123603,-6.137125
-0.091599,0.002361,-0.016579,-1.635048,0.977861,-4.420076
-0.082884,-0.077123,-0.006114,-2.958195,0.325884,-0.264205
-0.213043,-0.132813,0.002614,-3.900892,-0.431949,1.359048
-0.156119,-0.089439,-0.026643,-3.219235,1.130915,-0.057393
-0.085041,-0.159585,0.008654,-3.642295,0.166879,-1.562235
-0.122434,-0.227617,0.000605,-3.434192,0.582767,-1.502846
-0.173404,-0.193607,-0.021158,-2.344324,-1.227396,-2.993767
-0.113211,-0.235147,-0.029928,-3.018740,-0.800370,-2.334651
-0.108294,-0.286802,-0.017786,-3.019541,-0.287112,-1.095238
-0.159089,-0.248752,-0.009672,-0.444307,-0.495294,-1.285486
-0.142700,-0.262900,0.024721,0.754528,-2.546463,-0.108140
-0.134507,-0.320155,0.002614,-0.603991,-1.823063,-0.153854
-0.236601,-0.316321,-0.001939,0.760863,-1.387172,-3.390613
-0.205677,-0.261180,0.001908,3.233507,0.009089,-6.480902
-0.122516,-0.274933,0.022739,2.316486,-2.278491,-6.250614
-0.210873,-0.271962,0.010420,1.875103,-1.608355,-4.769533
-0.264580,-0.248329,-0.004342,3.533633,-0.015185,-4.031485
-0.200740,-0.259666,0.014821,4.024794,-0.205274,-1.580785
-0.232458,-0.284170,0.050153,3.497021,-0.373755,-2.103133
-0.278665,-0.232425,0.023969,3.563385,0.070441,-2.885842
-0.251004,-0.241994,0.037257,4.016424,0.340838,-4.312406
-0.291660,-0.322069,0.036643,3.036899,-0.076826,-4.021732
-0.341048,-0.298205,0.043086,4.049603,0.502177,-4.960629
-0.280152,-0.255606,0.036906,3.397022,-1.326174,-4.539702
-0.280782,-0.342899,0.033909,1.626803,-0.931165,-2.262141
-0.336814,-0.342522,0.034808,2.327869,-0.314645,-0.619629
-0.326313,-0.301058,0.036810,2.621135,-1.445737,-1.006671
-0.272150,-0.367232,0.025614,0.665183,-1.231292,-1.134091
-0.319545,-0.394368,0.005263,-0.330128,-1.642841,-2.618676
-0.348486,-0.352280,0.042479,1.166973,-1.671569,-4.861043
-0.286579,-0.373360,0.022702,-0.300681,-2.238698,-3.526884
-0.299164,-0.424914,-0.002510,-1.405146,-0.987646,-1.696474
-0.361744,-0.402787,0.034329,-0.723410,-1.018311,-0.600568
-0.281350,-0.401875,0.037637,-0.701158,-1.569255,1.144713
-0.256154,-0.430284,0.037198,-1.988852,-0.950302,2.288943
-0.350557,-0.421162,0.014467,-2.183750,0.456101,1.804056
-0.308322,-0.381189,0.032533,-1.244336,0.172715,1.120186
-0.254451,-0.418287,0.070793,-1.453693,-1.557015,2.714701
-0.286658,-0.390537,0.028923,-1.164710,0.495409,4.409745
-0.291992,-0.333288,0.010416,-0.165674,0.743088,5.960638
-0.257241,-0.367944,0.071545,0.014246,-1.374754,7.421200
-0.283569,-0.359600,0.036344,-0.212232,-0.488240,8.675479
-0.304012,-0.315826,0.042354,2.354398,-0.637476,7.134363
-0.257402,-0.321147,0.071007,2.043203,-3.125787,6.313925
-0.293659,-0.322709,0.052376,1.942265,-2.896233,4.333793
-0.318209,-0.294588,0.018514,3.812746,-1.007068,2.510853
-0.234910,-0.258550,0.042656,5.207240,-1.659965,3.835404
-0.258209,-0.319863,0.063897,3.490647,-5.623572,5.173579
-0.317162,-0.316403,0.040529,4.730758,-1.536368,5.074813
-0.296587,-0.277369,0.009733,5.316545,-0.127848,2.592921
-0.235025,-0.315195,0.065479,4.614734,-1.508182,0.455125
-0.252668,-0.313039,0.041435,4.616677,-0.263984,-0.296347
-0.272242,-0.267587,0.023766,4.284773,0.246613,-1.589872
-0.240057,-0.321888,0.040762,3.720975,0.156494,-1.051423
-0.243304,-0.346930,0.028033,3.010498,0.855817,-0.572160
-0.265388,-0.324728,0.045167,3.710485,0.428663,-1.328989
-0.200218,-0.345597,0.028007,1.730475,-0.256135,-0.745479
-0.239440,-0.393541,-0.001643,0.261397,-0.614715,-2.235667
-0.295156,-0.419561,-0.003235,1.595311,0.033894,-4.599628
-0.207344,-0.428791,0.005479,1.064843,-1.133856,-5.551281
-0.156834,-0.494138,0.031992,-0.309461,-1.700844,-5.465870
-0.200875,-0.489299,-0.028382,-0.305237,-0.709962,-5.496122
-0.189386,-0.510514,-0.026485,-0.453176,-0.588311,-5.410256
-0.129774,-0.570822,0.025781,-1.046244,-1.731831,-4.679856
-0.164791,-0.571328,-0.001039,-0.787942,-1.472905,-5.493849
-0.133486,-0.537912,-0.019818,-0.305503,-0.122914,-6.002591
-0.087158,-0.586896,-0.012032,-1.191722,-0.984413,-6.536403
-0.127817,-0.609282,-0.004906,-0.875035,-0.009975,-6.372354
-0.143839,-0.534814,0.003976,-0.139441,-0.640985,-7.358951
-0.054353,-0.523817,-0.012738,-1.081044,0.673218,-7.043802
-0.054146,-0.543351,0.006133,-0.069850,0.900987,-6.905946
-0.126675,-0.476367,0.002926,0.672664,0.918134,-6.555948
-0.082887,-0.429017,0.013922,0.246715,-0.747411,-5.976482
-0.054015,-0.409946,0.005946,-0.626824,-0.302486,-5.298832
-0.136585,-0.360565,-0.026895,0.592408,1.054322,-5.046415
-0.102050,-0.265749,-0.034849,1.275467,-0.564533,-4.081552
-0.091599,-0.253600,-0.001273,-0.284354,-2.911503,-1.916678
-0.152813,-0.174139,-0.037550,-0.268763,-1.543012,-1.529795
-0.176847,-0.083747,-0.033312,1.126566,-0.551446,-1.550056
-0.098528,-0.021863,-0.015338,0.358580,-1.383988,-0.129379
-0.156158,0.013964,-0.010769,0.179231,-1.962376,0.492152
-0.182808,0.112661,-0.025274,1.266968,-0.709269,0.464930
-0.142250,0.156833,-0.022123,0.705140,-0.817275,0.525858
-0.174044,0.201723,-0.007749,-0.515937,-0.750303,-0.553576
-0.181413,0.313983,-0.036326,0.499173,1.098212,-0.365858
-0.121128,0.378105,-0.012932,0.110756,-3.328550,0.293151
-0.128156,0.394547,-0.019703,-0.982329,-0.421876,3.287178
-0.166964,0.459667,-0.045605,-0.536446,2.097002,4.557586
-0.149291,0.508638,-0.050404,0.105999,0.496439,3.715010
-0.120087,0.468021,-0.012649,0.024785,-0.504344,4.254939
-0.156700,0.491080,-0.043225,-0.416250,-0.593518,5.125339
-0.165159,0.524302,-0.056329,0.611712,-0.750349,3.352871
-0.106662,0.483048,-0.040183,0.842218,-1.797024,3.210779
-0.147982,0.435449,-0.026741,0.904476,-2.445617,3.173612
-0.186570,0.457937,-0.017347,2.107775,-1.015501,2.251577
-0.100701,0.423790,-0.049193,1.131702,-1.450323,2.457627
-0.110411,0.365747,-0.012341,0.868937,-1.897335,1.901126
-0.191924,0.356050,-0.001811,1.191456,-2.688544,0.417203
-0.142444,0.370290,-0.034461,0.584310,-0.457162,-0.584754
-0.138627,0.307477,-0.030368,-1.526160,0.528971,-1.193367
-0.167135,0.309988,-0.012512,-0.835062,0.910568,-2.038963
-0.152932,0.318283,-0.017494,-0.920481,0.354369,-0.274025
-0.147082,0.249095,0.012222,-3.017890,-2.017557,1.778705
-0.199257,0.247274,-0.048471,-4.361674,0.758581,2.342526
-0.172731,0.262182,0.003914,-2.519606,1.088515,0.829259
-0.098207,0.196304,0.008020,-4.052078,-0.234665,1.316772
-0.143340,0.175923,0.000562,-4.872287,-0.198092,1.680138
-0.204344,0.206690,-0.036726,-4.524831,-0.701726,0.946790
-0.116815,0.163414,-0.019031,-4.023554,-0.773267,0.968112
-0.076198,0.121083,0.002768,-4.073332,-1.093951,1.820802
-0.145841,0.117338,-0.001049,-3.276139,-1.010682,1.516860
-0.108832,0.114158,-0.028904,-2.531295,-0.828179,1.839636
-0.100777,0.048781,0.008834,-2.416869,-2.437814,0.722524
-0.156874,0.084294,0.017749,-1.486990,-2.739323,-1.437653
-0.111780,0.149871,-0.010969,-1.347290,-1.578039,-2.960859
-0.078177,0.109769,-0.025704,-1.733410,-0.636327,-2.286626
-0.163363,0.044885,-0.005989,0.122100,-0.333946,-1.274181
-0.151573,0.066227,0.031808,1.884520,-2.011498,-0.203551
-0.073119,0.048867,0.029625,1.852172,0.120767,1.270390
-0.095259,-0.000173,0.016492,2.480758,2.281708,1.854402
-0.165782,-0.008392,0.051443,4.792373,0.906780,-0.767054
-0.144525,-0.046377,0.047587,3.828839,-0.456479,-0.929813
-0.096644,-0.090210,0.037093,3.606523,0.266429,-1.551437
-0.129239,-0.091156,0.005909,4.795717,1.785023,-2.549135
-0.160077,-0.121371,0.028729,4.246681,-0.132535,-1.018852
-0.129419,-0.207590,0.058294,3.971182,-2.868273,2.092210
-0.155012,-0.254854,0.024688,3.729966,-1.080195,2.535927
-0.141715,-0.286809,0.013991,3.735828,-0.207851,0.455717
-0.078650,-0.387087,0.051982,3.110603,-1.524105,-1.096530
-0.136227,-0.455881,0.046861,2.941771,-3.021770,-2.170997
-0.177317,-0.459134,0.034371,2.763948,-0.536862,-4.189137
-0.122907,-0.485899,-0.021853,1.569150,1.310881,-5.421915
-0.091113,-0.593579,0.047015,0.453932,-1.122351,-4.080104
-0.093316,-0.623522,0.024649,0.410046,0.923478,-2.341275
-0.104597,-0.631075,0.016492,-0.001381,1.116607,-0.577052
-0.090975,-0.721798,0.030154,-1.155263,1.057379,-0.530381
-0.112997,-0.741040,0.033134,-1.291110,1.145745,-2.031622
-0.088563,-0.702967,0.043950,-1.040992,0.123939,-5.232837
-0.036612,-0.743537,0.037841,-1.976411,0.587823,-6.760768
-0.077852,-0.798860,-0.006370,-2.506341,2.039428,-6.903529
-0.141814,-0.766560,0.008962,-1.399112,-0.013464,-6.705530
-0.083475,-0.732863,0.031686,-1.138523,-0.851697,-5.578494
-0.067847,-0.716198,0.021849,-3.244719,-0.919936,-5.477463
-0.137438,-0.673359,0.009779,-0.970541,-0.660459,-6.526316
-0.141811,-0.642484,0.028571,0.274718,-1.511760,-5.798245
-0.110693,-0.624188,0.008956,-0.523322,-1.214827,-4.462302
-0.185099,-0.555680,-0.010004,-0.856250,-0.124598,-4.526974
-0.178393,-0.451935,0.022039,1.469623,-0.516984,-4.670841
-0.130568,-0.412260,0.037424,0.625833,-2.369779,-1.871790
-0.176594,-0.394220,0.013252,1.107974,0.086194,1.460463
-0.195363,-0.293797,0.002253,2.390705,2.468128,2.729012
-0.141453,-0.261281,0.040001,2.790338,0.714183,3.052917
-0.156608,-0.241173,0.035199,3.238444,0.432149,3.390536
-0.203612,-0.130716,0.040539,3.732067,0.909971,2.673258
-0.167771,-0.082395,0.025561,4.025054,0.802231,2.620020
-0.147345,-0.122959,0.010246,3.709086,0.760200,5.101634
-0.210624,-0.080508,0.041960,4.449266,-0.189702,7.133137
-0.216174,-0.010966,0.044747,6.193662,-0.731288,7.279990
-0.167866,-0.046715,0.029769,4.798836,-1.455095,8.052175
-0.210761,-0.072955,-0.018889,4.812228,-1.575905,7.102614
-0.229576,-0.054665,0.023214,5.548479,-2.211185,5.869936
-0.186550,-0.087233,0.052980,4.161380,-6.379914,6.022170
-0.221820,-0.131001,0.003832,2.868204,-2.120114,4.810940
-0.246707,-0.113007,0.007610,3.672188,-1.238933,4.155932
-0.161909,-0.101367,0.042873,2.501044,-1.224025,5.868868
-0.152889,-0.163553,0.028181,0.792194,-1.600097,8.279279
-0.208211,-0.195363,-0.006623,0.328342,0.708491,8.246857
-0.157166,-0.201429,0.009930,0.474408,2.201613,7.053324
-0.161361,-0.246307,0.044455,-1.482014,0.575139,4.827226
-0.181016,-0.235563,0.009169,-2.705106,0.675818,2.813719
-0.156641,-0.225109,0.015104,-2.665120,0.801345,1.889371
-0.148277,-0.294001,0.024137,-2.917158,0.838125,3.135153
-0.176384,-0.302131,0.010587,-3.158069,0.048288,3.617609
-0.170538,-0.292770,0.033029,-3.079199,0.349094,2.172820
-0.110105,-0.337644,0.025059,-3.283521,-0.798883,0.508589
-0.131766,-0.395362,0.038714,-2.309582,-1.655091,-0.672108
-0.168720,-0.354234,0.021590,-1.734538,-2.678594,-2.351149
-0.122641,-0.336909,0.001291,-1.392016,-1.880886,-5.221447
-0.137839,-0.382541,0.010564,-0.918708,-1.789211,-6.671357
-0.169478,-0.326881,-0.006370,0.397704,-1.469718,-7.221238
-0.129085,-0.276942,-0.000524,0.922657,-1.047761,-5.796358
-0.102267,-0.304895,-0.029692,0.127838,-0.896447,-4.105645
-0.195606,-0.296138,0.008972,1.130091,0.406573,-5.381094
-0.175593,-0.207489,0.007531,2.591856,1.159830,-7.937849
-0.096112,-0.178410,0.032300,1.429902,-0.392494,-10.771656
-0.114002,-0.163685,0.009474,0.621251,1.774788,-12.280391
-0.143258,-0.098026,0.008155,2.351220,2.649249,-11.630508
-0.080990,-0.051008,0.039180,1.975522,1.535193,-7.447482
-0.073014,-0.022349,0.041219,0.760725,0.012683,-4.100494
-0.065773,0.042072,-0.000754,1.412394,1.571497,-2.786990
-0.029364,0.074384,-0.010092,0.824883,0.023985,-2.328624
-0.065635,0.033373,0.011929,0.741276,-0.708931,-1.795286
-0.081893,0.113918,-0.014238,1.145902,-1.053509,-2.110139
-0.035801,0.165767,0.016797,0.776713,-2.556951,-3.000008
0.000007,0.146450,-0.003295,-0.811215,-2.208428,-1.437691
-0.087860,0.136284,0.000044,-0.021825,-2.214349,0.928710
-0.107516,0.166105,0.000500,1.284989,-2.310315,3.675179
-0.052958,0.155007,-0.001896,-0.583870,-2.166426,5.500879
-0.088241,0.164980,0.004324,-1.992066,-0.959181,3.747553
-0.079494,0.257344,0.010439,-0.505617,0.500808,-0.155858
-0.057097,0.269348,0.032267,-1.105377,-0.072148,-0.974387
-0.109820,0.223423,0.031020,-2.782450,1.471435,-0.143861
-0.138138,0.280863,0.001639,-2.680718,2.249228,0.895778
-0.054061,0.342290,0.027101,-1.438886,3.707533,3.712206
-0.007303,0.321086,0.029756,-2.457046,1.354918,7.829430
-0.089055,0.347509,0.000851,-2.719477,2.108110,9.849970
-0.111356,0.349545,0.014546,-2.023272,0.365900,9.978264
-0.025691,0.309059,0.028519,-1.411947,1.837886,7.889679
-0.009518,0.310214,0.024248,-1.538128,-2.040515,4.514456
0.004123,0.339110,-0.014143,-0.847004,-1.314968,1.117161
0.015733,0.285498,-0.004818,-0.286114,-1.450569,1.227901
-0.011911,0.273208,-0.003163,0.038985,-2.068823,1.440472
-0.000278,0.331888,0.004619,0.116306,-3.336247,0.606577
0.059580,0.329617,-0.021571,-0.102255,-1.930533,-0.277097
0.040759,0.303912,-0.013362,0.098158,-1.872566,-0.906931
-0.036313,0.343928,-0.006364,0.432281,-1.746257,-0.253419
-0.021667,0.360590,0.001170,-0.445253,-2.141575,-1.993755
0.033012,0.351504,-0.034041,-2.140468,0.617338,-3.382354
-0.013576,0.357613,0.006152,-1.412463,0.989888,-5.543611
-0.001362,0.411967,0.018987,-1.273993,1.949207,-5.069207
0.032723,0.383108,0.003090,-1.838146,3.513643,-2.347375
-0.011495,0.347280,-0.001351,-3.268222,2.447015,0.409814
-0.009029,0.368977,-0.008986,-1.921342,3.290664,-0.566689
0.012645,0.359796,0.008089,-1.121691,0.976361,-0.181441
-0.009896,0.246456,0.026224,-2.563791,-1.072878,-0.075365
-0.048534,0.237180,-0.012892,-1.687472,-0.154866,-0.511668
-0.029449,0.249263,-0.021423,-0.332455,0.617394,-1.340805
0.004356,0.173094,0.027127,-0.629920,-2.102123,-0.851526
-0.029833,0.139836,0.031670,-0.199109,-2.076595,0.447496
-0.053946,0.144120,0.011545,0.583214,-1.789546,2.182796
-0.011944,0.061698,0.030807,0.295111,-1.533125,3.569848
-0.019385,-0.013293,0.060506,0.755194,-1.888892,3.292506
-0.052738,0.002473,0.047331,1.149218,-2.994611,1.000335
-0.045113,-0.043646,0.046320,1.110318,-0.537450,-0.350605
-0.046705,-0.092075,0.053649,0.368208,0.706804,-0.006388
-0.055745,-0.092502,0.060467,1.729212,1.457137,0.526010
-0.042418,-0.104965,0.072093,1.040513,0.831356,3.409203
-0.041959,-0.171211,0.062321,0.105032,2.139812,6.212266
-0.094494,-0.196191,0.089109,0.643191,1.136656,6.428699
-0.106905,-0.193407,0.090288,1.098462,1.111571,5.679148
-0.064007,-0.231290,0.062515,0.045728,1.068828,6.374507
-0.061197,-0.268115,0.058478,0.306111,1.931843,5.869199
-0.092105,-0.294812,0.081136,0.977520,-0.379653,4.777955
-0.058912,-0.341307,0.067885,1.165450,-0.889600,4.870364
-0.055640,-0.397558,0.043296,0.484984,-1.392752,5.241825
-0.056762,-0.422462,0.045289,1.754234,-0.969898,3.542713
-0.071192,-0.467383,0.076436,2.333561,-2.074763,1.429916
-0.055614,-0.516645,0.091515,1.919419,-3.111380,-1.197922
-0.082970,-0.538543,0.049881,1.932533,-1.596059,-3.356419
-0.122316,-0.559271,0.043500,2.973440,-0.350794,-4.850369
-0.077662,-0.572201,0.071676,2.816139,-0.921774,-4.634187
-0.070349,-0.599077,0.081602,2.565525,-0.025268,-4.530586
-0.133821,-0.606135,0.076209,1.993172,0.930555,-4.627908
-0.110056,-0.608905,0.037720,2.118607,3.484220,-5.299502
-0.096451,-0.635023,0.061606,2.218554,1.618094,-7.172257
-0.119913,-0.648665,0.093170,2.088360,1.141222,-8.121224
-0.134514,-0.647608,0.059715,1.998677,1.838628,-9.110952
-0.138265,-0.677862,0.043113,1.926431,2.129790,-9.092567
-0.185621,-0.703662,0.094273,2.077659,0.053560,-9.902998
-0.183685,-0.672079,0.059302,2.192265,-0.037689,-8.687114
-0.156710,-0.683091,0.049635,1.362452,-0.951625,-8.368638
-0.191280,-0.714169,0.078258,0.972666,-1.304280,-7.901170
-0.225657,-0.671383,0.080378,1.787400,-1.580661,-8.057815
-0.211237,-0.618168,0.065971,1.140881,-2.674035,-7.173605
-0.175908,-0.622163,0.059705,-0.577771,-1.957324,-5.263438
-0.181088,-0.575312,0.080296,-0.106639,-2.318445,-3.059333
-0.188536,-0.489155,0.073396,0.357182,-0.978669,0.195956
-0.188470,-0.499843,0.069428,-0.792561,-0.990551,2.251426
-0.183931,-0.452976,0.051916,-0.596520,0.153746,3.334204
-0.164735,-0.394424,0.100043,0.266843,-0.305349,3.416107
-0.132134,-0.349369,0.067239,-0.251346,0.901568,3.915527
-0.164404,-0.313948,0.033121,-1.246194,1.633565,3.708424
-0.179424,-0.256939,0.073577,0.198151,0.547934,3.171689
-0.140550,-0.193578,0.076895,0.711314,-0.696261,4.436353
-0.130358,-0.143432,0.036551,0.321489,0.113451,5.844231
-0.181945,-0.129426,0.056633,1.022690,0.622879,7.892760
-0.210088,-0.095994,0.049930,2.584057,-1.249378,11.087006
-0.177783,-0.032866,0.050176,1.966788,-2.158216,12.882353
-0.203080,-0.017570,0.080145,2.261849,-2.536757,11.101146
-0.207745,0.004938,0.093390,3.777341,-2.199047,9.313110
-0.217402,0.006283,0.062939,3.589796,-2.394204,8.255557
-0.194228,0.010065,0.034348,3.446590,0.129712,6.468475
-0.179713,0.043818,0.062433,3.869568,-0.484655,3.235187
-0.174405,0.051808,0.086382,3.633400,-1.573056,3.110603
-0.165667,0.078520,0.057877,2.859965,0.083879,3.749811
-0.209810,0.092362,0.052589,1.574697,0.181492,2.969135
-0.192334,0.119495,0.057227,1.942586,1.109983,1.569004
-0.164082,0.154164,0.052898,-0.000558,0.568712,0.968774
-0.156854,0.165656,0.035120,-0.810792,0.935196,1.564143
-0.146524,0.176977,0.026050,-0.932334,1.241582,2.097319
-0.134763,0.153560,0.069425,-1.285153,0.414309,2.643432
-0.101975,0.122006,0.034493,-2.154687,0.466648,3.411560
-0.070838,0.108873,0.016791,-2.364632,-0.075992,0.916854
-0.037459,0.050330,0.024521,-1.449761,-0.146272,-3.141746
-0.005054,0.003891,0.039059,-1.191144,-2.181161,-5.240149
-0.001890,-0.027276,0.033265,-1.482579,-1.051207,-6.252525
0.024031,-0.044145,-0.002415,-1.434153,-0.646050,-6.372918
0.059065,-0.060347,0.026631,-0.664477,-1.077506,-6.745533
0.073363,-0.099316,0.024728,-0.516065,-1.242308,-6.491402
0.076035,-0.092508,0.002305,-0.426956,-0.526694,-6.243647
0.046569,-0.095659,0.015717,-2.054274,-1.063589,-6.242302
0.064681,-0.073470,0.010403,-1.573673,0.144762,-7.673262
0.072346,-0.031028,0.011240,-0.749975,0.676185,-8.065983
0.057076,-0.030913,0.029897,-1.508881,-0.149879,-6.933935
0.077361,-0.008839,0.005125,-1.872559,2.088267,-4.753139
0.074131,-0.005192,-0.011763,-1.958030,1.956527,-2.793651
0.045147,-0.015023,0.026661,-1.189723,1.118816,-1.368429
0.066483,0.019846,0.020080,-1.135382,1.359589,0.177928
0.063204,0.075756,0.012077,-1.427161,0.237465,-0.640513
0.048915,0.094453,0.001596,-1.598429,1.232221,-1.334631
0.031249,0.107386,-0.006567,-0.974585,0.190027,-0.689488
0.009943,0.129404,0.006786,-0.399039,-0.287456,1.079307
0.025784,0.173484,-0.010903,-0.771596,-0.154308,2.704206
0.023792,0.202908,-0.006964,-0.315583,-1.262390,3.358793
-0.030096,0.181431,0.015156,0.101549,-2.004470,4.406730
-0.045494,0.218086,0.017546,0.906685,-1.572416,5.021399
-0.060468,0.246958,-0.011609,0.539859,-1.850645,3.358558
-0.059976,0.264434,0.004373,0.412277,-1.364782,0.907629
-0.046114,0.284185,0.007344,0.112427,-0.485410,-1.700183
-0.067788,0.287185,0.013814,1.058383,-0.257524,-1.801913
-0.059100,0.301966,0.015212,0.517151,1.308997,0.287152
-0.028498,0.322898,0.001225,-0.458914,2.406001,1.207627
-0.009276,0.339412,0.013085,0.010159,2.159647,1.292511
-0.008790,0.327234,0.038120,-0.286360,0.162953,1.340074
-0.007385,0.352843,-0.000678,-0.571043,1.791105,1.101805
-0.012026,0.343298,0.006904,-0.880987,1.172283,0.561630
0.012720,0.301024,0.020319,-0.115558,1.193048,0.193007
0.029093,0.307162,0.029412,-0.655477,-1.435952,0.522022
0.033918,0.286308,0.006257,-0.986369,-0.164290,-1.215858
0.014913,0.222760,0.025325,-0.366773,-1.061370,-2.207873
0.014712,0.190448,0.023014,-0.179628,-2.309783,-1.845843
0.042603,0.167776,0.027859,-0.768711,-2.265204,-1.449064
0.059725,0.148180,0.025171,-0.844926,-1.640540,-2.930038
0.043519,0.108174,0.039010,-0.056743,-1.373930,-3.870315
-0.023466,0.069113,0.047761,-0.928004,-2.022763,-2.753459
-0.018378,0.082039,0.030117,-1.891134,-1.435916,-1.250345
-0.019080,0.095116,0.028388,-2.504464,0.080285,-0.578053
-0.020843,0.076452,0.032326,-2.084909,1.631720,0.206040
-0.046938,0.084947,0.055435,-1.782416,1.557737,0.857620
-0.081982,0.057017,0.040920,-2.456970,1.306647,1.853902
-0.096034,0.039288,0.046697,-2.261616,1.658872,0.727356
-0.102205,0.026480,0.070042,-1.690984,1.685732,0.077115
-0.087650,0.032789,0.038386,-1.623438,2.080022,1.474886
-0.106544,0.026937,0.035973,-2.001043,1.253481,2.055040
-0.134090,-0.015926,0.049553,-0.886268,0.323258,2.117945
-0.130191,-0.041995,0.047324,0.034341,-0.769446,3.566709
-0.126091,-0.065973,0.069828,0.649966,-1.675271,4.317275
-0.131254,-0.078476,0.051201,0.513603,-1.820742,4.121977
-0.118033,-0.080153,0.046083,1.415040,-1.404903,2.960158
-0.114090,-0.097008,0.067173,2.395376,-2.039845,2.811280
-0.111967,-0.132945,0.082085,2.374066,-2.046160,4.136985
-0.117199,-0.124725,0.050643,1.592662,-1.100437,4.863054
-0.108284,-0.137977,0.061822,2.804706,-0.326038,4.090328
-0.115860,-0.171139,0.082348,2.971355,-0.579150,3.786693
-0.100977,-0.169416,0.071053,2.057984,0.389094,4.864636
-0.095646,-0.182414,0.060894,2.004641,1.188554,4.125362
-0.105569,-0.235294,0.098202,3.179504,1.405540,3.451179
-0.084131,-0.264757,0.079400,2.506030,1.296429,3.569450
-0.090257,-0.315215,0.069116,2.627638,0.380678,2.330871
-0.109098,-0.377634,0.071965,2.616018,1.144281,1.154908
-0.095308,-0.442219,0.095563,3.765584,0.048432,0.583219
-0.091120,-0.508515,0.067511,3.517267,0.098772,-0.145449
-0.090178,-0.568055,0.051893,3.235660,-0.110067,-1.414600
-0.095755,-0.628048,0.047803,3.555856,-0.852767,-4.620751
-0.093946,-0.691163,0.096813,3.633718,-1.959077,-5.658582
-0.054590,-0.739759,0.087383,2.685560,-0.688944,-5.635289
-0.048707,-0.760301,0.065729,2.214021,-1.291462,-5.595939
-0.058174,-0.815869,0.068555,2.412717,-0.359538,-7.776082
-0.054077,-0.810811,0.081415,1.634166,-0.722107,-8.278844
-0.054012,-0.827361,0.080037,0.414126,-0.645426,-8.710757
-0.055729,-0.835531,0.050449,-0.265352,0.742675,-8.122987
-0.055456,-0.808704,0.055760,-0.199729,0.600027,-7.234444
-0.058633,-0.815653,0.076639,-1.018628,0.228399,-5.501253
-0.062339,-0.817550,0.045607,-1.325740,1.741573,-4.453003
-0.085707,-0.798079,0.014122,-1.910910,1.208568,-5.265516
-0.101348,-0.788596,0.079347,-0.602087,0.630767,-6.356625
-0.116588,-0.764384,0.047957,-0.914155,-0.016530,-7.169181
-0.131766,-0.711196,0.024495,-1.704842,-0.217320,-7.869782
-0.166225,-0.667913,0.046257,-1.291452,-0.894385,-8.564429
-0.151671,-0.610861,0.052717,0.122934,0.736796,-6.766992
-0.162726,-0.544996,0.048138,-0.059884,-0.549168,-3.057524
-0.183987,-0.500840,0.012179,0.246511,-0.248704,0.026770
-0.208969,-0.428187,0.011920,1.166339,-1.087386,1.552551
-0.215862,-0.356761,0.067294,1.635324,-2.204111,1.957787
-0.222467,-0.292734,0.032543,2.153316,-0.997809,1.616662
-0.242476,-0.219854,-0.000173,2.019638,-0.012926,1.746613
-0.257287,-0.173440,0.046526,2.789679,-0.336611,1.595827
-0.213617,-0.091067,0.043257,3.343521,0.221909,3.297522
-0.197320,-0.031035,0.037562,3.019006,-0.183840,5.432302
-0.211546,0.004087,0.029362,3.210392,0.465581,7.441781
-0.195807,0.046159,0.017273,4.639608,0.544908,8.297956
-0.172442,0.098510,0.064357,3.479919,-0.123072,9.384105
-0.140255,0.134450,0.012560,2.896942,0.952173,7.638205
-0.151093,0.160995,0.023782,3.334310,0.246465,5.574013
-0.162326,0.167822,0.036669,3.144635,-0.988195,5.884542
-0.128156,0.197968,0.011391,2.756286,-0.878239,6.006255
-0.129797,0.182797,0.027567,2.137947,-1.092596,6.423321
-0.081834,0.165876,0.034687,2.653122,-1.232050,7.659079
-0.061588,0.156731,0.041202,1.863210,-1.769887,7.933035
-0.022606,0.131285,0.023756,0.807742,-1.016332,6.336950
-0.002832,0.093928,0.016847,0.566930,0.430259,2.774815
0.023936,0.071735,0.036521,0.361804,0.204735,0.402439
0.045915,0.106011,-0.000741,-0.967325,-0.003033,-0.081606
0.045620,0.083614,0.034289,-2.185634,0.183659,-1.484632
0.070767,0.074282,0.041117,-2.607240,0.819684,0.491988
0.077246,0.073242,0.034158,-2.448446,0.736957,3.133140
0.072835,0.050688,0.036157,-3.269114,0.262008,4.062773
0.080079,0.030472,0.030370,-3.614082,0.413436,1.695219
0.082308,-0.002484,0.046733,-3.089270,0.715867,-0.891139
0.110517,-0.001023,0.053262,-3.068154,0.514457,-2.764978
0.116734,0.004366,0.006057,-2.989214,0.385033,-5.886784
0.118976,-0.007349,0.035622,-3.265199,0.570616,-7.955817
0.146880,-0.035883,0.062046,-1.954157,0.332091,-7.442603
0.173579,-0.020134,0.037257,-1.337455,1.687708,-6.143575
0.154377,-0.027207,0.058195,-1.329413,0.371854,-5.319134
0.167661,-0.029928,0.038757,-0.751718,0.922135,-6.200266
0.148157,-0.002760,0.059423,-0.233814,-0.601339,-6.819186
0.130898,0.034959,0.065338,-0.483683,0.017361,-7.557467
0.150494,0.077923,0.034224,-0.319315,0.670152,-7.244618
0.147051,0.101714,0.032911,-0.408319,0.722967,-6.746429
0.153842,0.118825,0.063733,0.355501,1.949555,-3.483672
0.155247,0.158733,0.067714,0.072217,0.653809,0.164440
0.173336,0.192916,0.052034,-0.171793,2.322620,0.913769
0.178066,0.201874,0.054155,0.786499,1.803401,0.369255
0.172256,0.185931,0.080998,0.605797,0.019708,0.967922
0.203679,0.190185,0.051598,0.574174,1.559841,1.590162
0.208065,0.203663,0.041764,0.926183,1.807885,1.159555
0.190267,0.182275,0.061514,1.856770,1.322012,-0.163281
0.176018,0.196392,0.045693,1.492971,0.388834,0.676366
0.176156,0.180177,0.051424,1.375214,-0.297241,0.945678
0.170609,0.152923,0.029146,1.625493,0.413265,2.167562
0.164855,0.139800,0.059269,2.382551,-0.328050,3.166011
0.134367,0.116025,0.049497,1.082148,-0.880389,3.809622
0.140663,0.089950,0.024800,1.346397,1.327920,3.164456
0.141858,0.043388,0.039026,1.671230,0.102520,0.521732
0.122669,0.001573,0.068949,1.386302,-0.031226,-1.117860
0.107320,-0.020137,0.026884,0.167506,0.605820,-1.606605
0.093478,-0.021210,0.043940,0.061405,0.986996,-2.674304
0.095664,-0.033306,0.041855,-0.564707,1.449383,-3.494680
0.119360,-0.033904,0.058182,-0.994601,1.290750,-2.076496
0.075746,-0.042907,0.021908,-1.909617,1.445517,0.272437
0.018372,-0.079113,0.011864,-2.733394,1.079932,0.753694
0.000230,-0.072932,0.016036,-2.424093,0.811373,0.604655
0.019564,-0.055614,0.032422,-2.515119,-0.111590,-0.812170
-0.011590,-0.073181,0.010118,-3.116619,-0.258945,-2.072936
-0.035932,-0.070247,-0.007161,-3.353782,-0.061542,-2.557861
-0.164315,-0.098564,0.092582,-3.896051,-16.500765,-4.875339
-0.100836,-0.084000,0.015832,-2.464838,-3.156081,-3.836628
-0.064690,-0.047522,-0.022050,-2.415073,-1.021935,-3.727496
-0.088704,-0.040232,-0.003117,-2.244259,-0.616347,-2.947114
-0.090224,-0.044673,-0.005211,-0.953259,0.399167,-0.943014
-0.124798,-0.037659,-0.010713,-0.660069,0.067073,0.645256
-0.168415,-0.023387,-0.007962,-0.981042,-2.371578,0.003542
-0.143629,0.032215,-0.038236,-0.604133,0.344173,-0.937750
-0.148658,0.032037,0.005919,1.337377,0.680177,-1.010857
-0.182152,-0.000101,-0.006879,1.661869,0.057022,1.177148
-0.203760,-0.002809,-0.021358,2.112790,-0.288740,2.390071
-0.208825,0.007938,-0.009141,2.178495,0.195144,1.747225
-0.188674,-0.003449,0.019495,3.591558,-3.124136,1.265633
-0.169908,-0.020455,-0.024361,3.888458,-0.328149,2.680344
-0.192038,-0.047217,0.009523,3.347306,0.085343,3.678189
-0.194041,-0.082395,0.005909,4.673804,-0.136362,4.065731
-0.148599,-0.079923,-0.002142,4.238149,-0.700121,4.048538
-0.150131,-0.095256,-0.027148,2.835921,-0.809308,4.075908
-0.183422,-0.141682,-0.008267,3.085374,-1.070938,4.374262
-0.204525,-0.181341,0.003192,3.293864,-1.759699,6.192359
-0.193696,-0.220087,0.046897,2.461868,-5.478363,7.474234
-0.145680,-0.251647,-0.011586,1.738888,-0.951464,8.434949
-0.135324,-0.273499,-0.011035,1.327920,-0.347006,7.341802
-0.145598,-0.333850,0.037726,1.083205,-0.826472,6.241411
-0.109547,-0.383621,0.033360,0.755273,-0.259207,6.000783
-0.079405,-0.411827,0.011247,-0.540959,0.456039,4.845657
-0.055016,-0.450832,0.013548,-0.171139,1.951968,3.307957
-0.027529,-0.470294,0.036436,-0.056103,1.240581,2.652858
-0.030749,-0.516918,0.044685,-0.745090,0.296010,2.605975
-0.027998,-0.578897,0.017578,-0.496376,1.475899,2.071106
-0.028648,-0.625268,0.021816,-0.156283,0.824444,0.764489
-0.024276,-0.664559,0.074627,1.066432,-2.535746,-1.001506
0.021432,-0.683502,0.022125,1.227222,-0.049847,-2.519065
0.037650,-0.727893,0.041458,1.320926,0.177633,-4.343083
0.077450,-0.773011,0.040017,2.142146,0.193989,-5.878925
0.094463,-0.783406,0.044833,2.986727,-1.295046,-7.770886
0.091797,-0.807781,0.060867,2.913716,0.565446,-9.247013
0.105758,-0.808297,0.048729,2.730930,0.649112,-10.023759
0.104241,-0.784883,0.061054,3.209503,0.928635,-11.529240
0.104566,-0.781154,0.065095,3.729618,0.624448,-10.772208
0.099541,-0.753962,0.056823,3.370634,0.313168,-9.018269
0.060224,-0.749482,0.089277,2.665813,-0.598982,-7.776064
0.078412,-0.717521,0.049845,1.804291,1.543596,-8.043386
0.105869,-0.674715,0.044094,1.640776,1.889926,-9.300915
0.099961,-0.648123,0.077211,1.524499,1.216354,-9.099547
0.106427,-0.605110,0.077194,0.778992,0.472606,-7.905928
0.116176,-0.550172,0.050304,0.803344,3.084031,-7.330724
0.111499,-0.533767,0.036600,0.550098,1.829503,-6.707874
0.106752,-0.503913,0.039738,1.394482,0.491949,-6.171110
0.081057,-0.467862,0.054250,0.212696,0.138279,-4.230225
0.086217,-0.393331,0.036315,-0.304610,0.996394,-2.204809
0.087517,-0.342653,0.057033,0.291287,0.295741,-1.502253
0.097519,-0.302112,0.049100,0.633101,1.004833,-1.031597
0.082508,-0.234162,0.052527,0.095221,-0.739743,0.252879
0.053527,-0.191159,0.058589,-0.576438,-1.413030,2.454128
0.069687,-0.151490,0.053127,-0.116113,-0.246143,4.802844
0.077591,-0.100255,0.086359,0.492517,-2.546939,5.517316
0.093439,-0.041785,0.081035,0.372957,-0.245438,6.230136
0.080591,-0.003052,0.049412,0.320543,0.814304,5.646676
0.065768,0.034827,0.059659,1.086855,1.008739,4.480710
0.062518,0.074273,0.093465,1.083933,0.887125,4.397302
0.108383,0.157876,0.049011,0.099209,1.462733,7.126880
0.108301,0.215700,0.085495,1.430388,1.865974,8.219387
0.076603,0.247434,0.058435,0.796736,1.297118,10.215480
0.055628,0.273093,0.060217,1.095658,0.329271,12.350194
0.058960,0.300544,0.100319,0.754455,-0.233555,13.172989
0.089129,0.311531,0.061800,0.694610,0.354966,11.864747
0.088535,0.327933,0.081527,1.754437,-0.024497,10.255925
0.075920,0.299474,0.108003,1.748499,-0.457066,8.503841
0.109056,0.315762,0.108719,0.956785,-0.709824,5.857425
0.130904,0.313185,0.109992,1.367700,0.538530,2.716771
0.179517,0.298601,0.119190,1.921047,0.662826,0.835189
0.183125,0.293779,0.112178,1.248361,0.394309,1.289945
0.133169,0.267444,0.097663,0.184106,0.001493,1.434168
0.123896,0.272079,0.074900,-0.079898,0.919939,-0.760930
0.119819,0.241214,0.146936,-0.190657,-0.075280,-2.708575
0.156947,0.240696,0.124881,-0.601100,0.303921,-3.854598
0.112769,0.218168,0.138947,-1.871137,0.836907,-4.295224
0.124238,0.213540,0.123250,-1.516965,2.043987,-3.817960
0.127494,0.183194,0.165331,-2.350583,0.841745,-3.154562
0.181680,0.177623,0.164179,-3.282054,-1.793981,-3.250494
0.190050,0.165229,0.140148,-3.899060,1.786017,-4.120228
0.184543,0.123338,0.156691,-3.145281,2.243596,-5.169539
0.172896,0.097831,0.148499,-2.822998,1.413897,-4.680255
0.208163,0.089726,0.144304,-3.455652,1.409144,-3.222083
0.227053,0.084222,0.126939,-3.781460,0.882733,-2.766027
0.221335,0.048548,0.136429,-2.464306,0.880058,-2.660953
0.212154,0.027517,0.155776,-1.353825,0.438202,-1.483141
0.228235,0.000598,0.169079,-1.363239,-0.288411,-1.192027
0.233349,-0.025684,0.125456,-0.888431,0.542272,-2.299499
0.236441,-0.027519,0.126309,0.582016,0.956942,-4.936729
0.220321,-0.060311,0.172798,1.005930,0.260603,-6.174927
0.236707,-0.044187,0.189486,0.179373,-0.732276,-4.718292
0.243059,-0.036769,0.122236,0.547170,0.758575,-2.575037
0.234298,-0.061099,0.115398,1.800388,1.643779,-0.365217
0.223243,-0.063564,0.114213,1.936005,1.955247,1.326411
0.215847,-0.043209,0.147579,1.626432,0.977993,3.016519
0.243663,-0.024522,0.140427,1.674129,0.570892,2.579207
0.236684,-0.031609,0.090209,0.824381,1.812595,1.711773
0.192470,-0.064539,0.103923,1.929841,1.859967,1.536267
0.178723,-0.071898,0.103674,2.288414,1.259764,2.812174
0.209341,-0.044141,0.090206,1.546495,0.588114,3.338346
0.170901,-0.067329,0.082764,0.452773,0.396469,3.113200
0.133310,-0.108034,0.063214,1.354685,0.630428,3.187310
0.092529,-0.108527,0.066717,1.800706,-0.024480,2.973475
0.080841,-0.114297,0.092215,0.863370,-2.492408,1.203394
0.095441,-0.123780,0.068742,0.682032,-0.583138,-1.149439
0.082705,-0.151533,0.027275,0.605689,0.869620,-3.183432
0.040339,-0.184059,0.069215,1.072845,-0.267059,-2.524118
0.022689,-0.198367,0.046720,0.390400,-0.722061,-1.522400
0.036475,-0.186064,0.021701,-0.259325,1.281408,-2.014516
0.030481,-0.222460,0.007501,-0.115115,1.609547,-2.922872
0.024832,-0.225499,0.018064,0.661858,1.997291,-3.690073
-0.005389,-0.260415,0.026822,0.545043,1.091201,-3.788862
-0.011531,-0.305653,0.014614,0.088209,0.342132,-3.706219
-0.007858,-0.313462,-0.019047,0.083446,2.163931,-4.856078
-0.007060,-0.327025,0.001915,0.508325,1.266588,-6.422815
-0.002533,-0.321252,0.019715,0.970922,0.614512,-7.911231
-0.015735,-0.325469,-0.004650,0.448513,-0.130950,-6.931547
-0.031544,-0.326050,-0.016332,-0.202818,-1.047278,-6.413989
-0.067824,-0.331723,-0.008868,-0.007773,-1.683274,-5.124729
-0.060856,-0.316499,-0.002375,0.318502,-1.510283,-4.226096
-0.075390,-0.277053,-0.033985,-0.284988,-1.572468,-3.028555
-0.110319,-0.279286,-0.033851,-0.690303,-1.475325,-2.062871
-0.095568,-0.255760,-0.028162,-1.109050,-1.409049,0.547045
-0.098052,-0.231309,-0.018013,-0.401734,-0.848724,1.977525
-0.145543,-0.188651,-0.003564,-1.699915,-3.707307,1.979586
-0.129560,-0.150427,-0.060396,-1.999445,0.835190,2.674770
-0.153939,-0.117481,-0.033710,-0.926852,0.376276,4.033689
-0.165930,-0.087591,-0.001020,-0.810460,-0.193188,6.730061
-0.172633,-0.078023,-0.023422,-1.252138,0.462765,9.643387
-0.199082,-0.056559,-0.041765,-0.246934,1.109815,11.488192
-0.219450,-0.054685,-0.030979,1.109874,0.742576,11.354446
-0.215616,-0.050368,0.001816,1.339868,-1.592298,10.375324
-0.236909,-0.073637,-0.023843,1.705378,-1.302905,8.898633
-0.232189,-0.081286,-0.051671,3.085344,0.973739,8.722573
-0.196834,-0.067493,-0.032452,4.467257,-0.292738,7.340601
-0.185772,-0.089521,0.019512,3.879671,-2.520982,6.930802
-0.170177,-0.107529,0.000375,3.772201,-1.072021,8.247139
-0.148004,-0.131930,-0.016510,4.562747,-0.116812,9.955393
-0.125109,-0.182175,0.011683,5.586526,-0.570127,10.471436
-0.084036,-0.190135,0.015819,4.573592,-2.001857,9.684555
-0.040633,-0.214969,0.014726,4.574823,0.010819,7.092449
-0.012262,-0.273374,0.001813,4.317841,1.538525,4.058978
-0.003308,-0.319026,0.028887,4.336285,0.898098,1.842363
0.044025,-0.351985,0.049375,3.625135,0.888635,0.680286
0.109572,-0.403191,0.034437,2.388594,1.203605,0.047519
0.161218,-0.440184,0.022180,2.255383,2.653369,-0.455858
0.169102,-0.478241,0.084045,2.123505,1.439835,-2.350833
0.201923,-0.523699,0.070078,0.494372,0.684490,-2.695530
0.205268,-0.606325,0.044061,-0.155912,1.060467,-4.546123
0.197121,-0.641884,0.115605,0.195913,-2.395208,-6.087736
0.260157,-0.637859,0.084806,-0.584707,-0.260412,-7.476985
0.250927,-0.681992,0.082794,-1.135418,-0.736963,-10.227544
0.208032,-0.759497,0.078241,-1.423859,0.317901,-11.407988
0.210999,-0.766863,0.108266,-0.695295,-2.463831,-11.421409
0.296214,-0.735752,0.102531,-1.448208,0.629447,-11.702680
0.337343,-0.744565,0.102564,-2.029705,1.316478,-12.552966
0.275026,-0.732256,0.107484,-1.624668,2.030241,-12.532396
0.236937,-0.715965,0.135773,-1.496719,0.555464,-12.259951
0.317659,-0.647119,0.104005,-1.959687,2.538090,-11.792288
0.337662,-0.594104,0.104868,-2.066150,2.831090,-11.494089
0.315351,-0.547947,0.116820,-1.113399,3.211183,-10.292277
0.273139,-0.482606,0.124990,-1.009260,1.217913,-8.363711
0.269371,-0.415300,0.118359,-1.117279,1.786241,-6.642663
0.343324,-0.330354,0.071834,-0.558851,4.024670,-4.747136
0.365336,-0.273440,0.110984,0.685196,2.127670,-4.006749
0.305645,-0.219594,0.134893,0.856592,-0.848100,-1.227461
0.291307,-0.126212,0.102173,1.134871,0.258387,1.431691
0.296428,-0.074081,0.066349,1.562707,1.189132,2.580666
0.326423,-0.010805,0.089654,2.909777,0.590317,3.139323
0.340084,0.085210,0.091102,3.470443,0.196487,4.354925
0.282563,0.131643,0.078284,2.585005,0.009476,5.493539
0.245964,0.183364,0.062426,2.729370,2.125878,6.019033
0.291317,0.275552,0.062797,3.865264,2.864712,6.354875
0.332827,0.330785,0.112132,2.588698,-0.159133,7.766203
0.316234,0.374002,0.069464,1.945058,1.948849,7.154099
0.250743,0.406859,0.062085,2.265631,2.562153,6.362058
0.271360,0.447791,0.080283,1.947973,2.409178,7.887538
0.304046,0.513831,0.065528,0.475419,1.687820,8.889000
0.284332,0.538708,0.051896,0.440861,2.124430,8.108337
0.190395,0.510410,0.104084,0.203738,-2.842602,9.091696
0.173432,0.484341,0.042522,-0.639531,0.022448,10.345982
0.192709,0.502601,0.001810,-0.172935,2.241541,9.093475
0.206427,0.480609,0.063099,-0.624018,-0.069171,7.197283
0.218568,0.430808,0.056869,-1.042565,0.235410,6.508349
0.141267,0.422940,0.007262,-1.724094,-0.197734,5.932995
0.121759,0.420409,0.020556,-1.597940,1.519555,3.805046
0.200256,0.396418,0.068135,-2.300004,-0.184434,2.494714
0.166364,0.344690,0.069910,-3.000874,-2.850968,2.087731
0.084382,0.318506,0.026021,-2.661059,1.165423,1.717707
0.083581,0.302638,0.028397,-2.513980,1.252437,-0.573156
0.116931,0.281401,0.039561,-3.018609,0.889068,-2.177831
0.102987,0.278726,0.036295,-2.981356,-0.035237,-4.030752
0.093268,0.265704,0.007016,-3.262169,1.525270,-5.071426
0.088840,0.214656,0.013321,-3.098287,0.753480,-4.859187
0.078169,0.172483,0.008637,-2.132111,1.569911,-4.417656
0.110553,0.223082,-0.004381,-2.544940,1.511664,-4.438988
0.143604,0.185908,-0.009246,-2.566758,1.218467,-5.438401
0.104343,0.154683,-0.006666,-2.243625,0.760771,-5.112915
0.046920,0.161878,0.002148,-1.603011,-0.080975,-4.766530
0.109726,0.178740,-0.020360,-2.196420,0.153933,-3.071422
0.133481,0.163653,-0.014356,-1.880739,-0.095345,-1.599671
0.072785,0.178254,-0.018528,-0.760567,-0.843065,-0.108539
0.044767,0.193445,-0.014360,-0.538087,-1.588228,1.757465
0.030032,0.123742,-0.047460,-1.081347,-0.925516,2.871256
0.018589,0.124077,-0.054094,0.680938,-0.482525,2.023625
0.011627,0.128794,-0.021059,1.435568,-1.332634,0.454984
0.034345,0.089378,-0.025835,0.552937,-0.970253,-0.316474
-0.026745,0.044658,-0.051648,0.411138,0.316135,-0.581591
-0.062031,0.058067,-0.043669,2.488032,1.426167,-1.273789
-0.026177,0.073810,-0.026882,2.808280,1.476217,0.226233
-0.037590,0.026549,-0.023521,1.026579,-0.104805,2.717234
-0.105779,0.010649,-0.034583,1.824330,1.430211,4.844769
-0.123065,-0.003016,-0.020189,3.230743,1.589333,5.016916
-0.117632,-0.075439,0.010170,2.235800,0.048797,5.741716
-0.141761,-0.110995,-0.018807,1.537494,-0.073431,5.416449
-0.161574,-0.124712,-0.029744,2.421760,0.643069,2.788164
-0.110243,-0.204830,0.008210,2.918275,0.040607,2.410071
-0.102342,-0.260933,0.002010,2.163042,-0.137501,2.307401
-0.126918,-0.292839,-0.016086,2.495185,-0.089391,2.294294
-0.057212,-0.366641,0.003595,2.272071,-0.752496,1.054978
-0.043213,-0.443040,0.022916,1.675179,-0.618211,-0.740594
-0.083708,-0.469920,0.031076,2.681526,-0.247893,-3.511813
-0.071589,-0.507455,0.017162,1.862971,-0.338452,-5.214128
-0.025668,-0.555815,0.023782,-0.110138,-0.264745,-6.026429
-0.031983,-0.540630,0.022702,0.191885,0.586608,-7.860788
0.006237,-0.517663,0.042939,0.489199,0.675024,-8.594045
0.052720,-0.555523,0.043904,-1.647984,0.148465,-6.912755
-0.001440,-0.585173,0.029701,-2.096703,0.563628,-5.982906
0.001261,-0.570231,0.043477,-0.371430,0.450892,-7.037223
0.097634,-0.576721,0.048749,-1.157804,0.681930,-7.487427
0.035753,-0.617518,0.055310,-2.494341,0.176471,-8.385651
-0.024092,-0.565445,0.034627,-1.699692,0.463943,-10.592880
-0.010743,-0.555250,0.059650,-0.691238,-0.275876,-12.226881
0.003362,-0.558542,0.064465,-1.628525,-1.165922,-10.148512
-0.027930,-0.458156,0.027016,-1.264112,-0.436738,-8.587783
-0.036835,-0.398455,0.050052,-1.349630,-0.861016,-6.518367
-0.037045,-0.402453,0.069441,-1.198418,-1.146795,-3.941524
-0.092686,-0.331411,0.033288,0.027435,0.329705,-2.214516
-0.087355,-0.269218,0.048309,0.114567,0.528752,-0.808353
-0.049328,-0.229337,0.071676,-0.055726,-0.012322,-0.301429
-0.132777,-0.172869,0.065180,0.608728,-1.067954,-0.288078
-0.178610,-0.087775,0.071309,1.392489,0.489182,0.194288
-0.092879,-0.045612,0.054700,1.146983,1.887517,2.633177
-0.106249,-0.010798,0.075064,1.743031,0.676704,5.827239
-0.170381,0.045676,0.111102,2.778019,-0.433512,6.974250
-0.071277,0.078435,0.087668,2.679658,0.324725,9.508504
-0.054708,0.071332,0.073968,2.152013,1.526458,11.714993
-0.103376,0.109562,0.086365,4.322383,0.750431,11.397626
-0.039609,0.164182,0.086290,4.584588,-0.260097,11.483570
-0.038456,0.125764,0.091811,2.783235,-1.647800,12.430758
-0.090966,0.125170,0.074427,3.388527,-0.525364,11.981306
-0.034137,0.169877,0.094614,4.600294,-1.994209,11.774651
-0.033438,0.106782,0.175572,2.541687,-14.013547,12.529121
-0.021361,0.060516,0.077526,2.544044,-0.607182,14.459431
-0.025796,0.079249,0.044777,3.514769,-0.009194,12.251512
0.084671,0.038871,0.091939,2.868950,-0.384209,11.262111
0.137115,-0.039510,0.091381,2.108461,0.951989,9.678352
0.111430,-0.040603,0.066221,1.950763,1.896475,7.616320
0.171909,-0.091277,0.067334,0.763125,3.446787,7.299458
0.171547,-0.161515,0.084261,-0.001326,1.464598,4.926640
0.117348,-0.175213,0.099722,0.524298,0.517601,1.431268
0.202645,-0.198971,0.054923,-0.196329,1.971081,0.661646
0.250937,-0.285752,0.044281,-1.706283,2.605422,0.552386
0.171360,-0.326917,0.080677,-0.738702,1.259678,-0.574703
0.232614,-0.339121,0.055724,-0.761131,0.949111,-2.532056
0.301115,-0.405899,0.059252,-2.251775,0.701093,-4.820049
0.251642,-0.472293,0.061957,-1.317134,1.495154,-7.624480
0.275062,-0.445830,0.059528,-0.026745,1.365698,-10.950414
0.344440,-0.504983,0.064311,-0.942371,0.538671,-11.912137
0.269384,-0.573671,0.042013,-1.886170,0.603217,-12.590415
0.236802,-0.513914,0.015461,-0.030966,2.328256,-14.433414
0.341069,-0.498667,0.078724,0.131505,1.156314,-15.157839
0.343557,-0.542698,0.079781,-1.344837,0.192138,-13.353082
0.274009,-0.495641,0.041704,-0.780219,2.451003,-12.891511
0.296306,-0.432303,0.044737,-0.430367,2.439177,-11.943631
0.316973,-0.433623,0.058819,-0.287131,2.595155,-11.012878
0.309397,-0.374066,0.032451,-0.341380,2.419548,-10.457809
0.342772,-0.298793,0.047859,-0.152068,2.981475,-9.462508
0.330559,-0.307603,0.028401,-0.590684,2.110595,-7.369687
0.267165,-0.272648,0.058455,0.262241,1.942744,-7.094470
0.283836,-0.188618,0.023937,1.013125,1.252746,-6.361045
0.345638,-0.152600,0.040063,0.030002,0.401137,-3.809906
0.278893,-0.113847,0.024271,0.090609,0.534762,-2.781458
0.194656,-0.062070,0.026451,2.390521,1.015816,-0.807395
0.219770,-0.035853,0.024360,1.686638,-0.885536,2.458469
0.247687,0.005144,0.003257,0.530232,-0.724214,4.612395
0.174410,0.093127,-0.006311,1.806398,0.682642,2.684547
0.169141,0.122446,0.038586,2.396354,-1.324175,3.286218
0.169808,0.127077,0.015698,0.884637,-1.246030,5.872055
0.108042,0.186328,-0.012045,0.714078,1.778385,6.764348
0.178204,0.256714,0.012563,2.414949,2.360775,6.784115
0.200210,0.262517,0.014404,1.009586,1.065653,7.535731
0.074949,0.252253,-0.000902,0.242096,1.997928,8.090878
0.076344,0.334009,-0.010614,0.462758,2.773309,6.801210
0.167786,0.340318,0.020529,-0.112844,1.601928,6.476963
0.158533,0.327880,0.021275,-0.132138,1.570223,6.821044
0.106604,0.372528,-0.005927,0.195600,0.156579,6.513245
0.111377,0.360465,0.016180,-1.166664,-0.132017,6.449103
0.127212,0.337738,0.018773,-0.944948,0.168862,5.039543
0.124819,0.358611,0.025873,-0.517125,-0.444492,3.745661
0.173340,0.339878,0.011325,-0.744706,-1.649248,3.960199
0.149667,0.306748,-0.015689,-1.829661,-1.000425,3.044159
0.043056,0.316126,0.001705,-1.623793,-1.637530,-0.423303
0.078165,0.319989,0.018724,-0.582035,-1.825715,-2.729423
0.144490,0.283725,0.036640,-2.291175,-1.917840,-2.143907
0.062282,0.268521,0.008890,-2.429539,-0.278331,-2.705510
0.030826,0.291271,0.016279,-1.107291,0.533754,-4.493183
0.074266,0.261805,0.041360,-2.216512,0.280382,-4.992605
0.053796,0.258431,0.038337,-3.258260,-1.339199,-4.991273
0.047258,0.313402,-0.002100,-2.709361,3.746030,-5.944878
0.069743,0.282143,0.028585,-2.654252,2.005740,-5.525106
0.019941,0.236028,0.028056,-2.979807,0.710792,-3.268337
-0.077216,0.240236,0.023067,-2.203786,1.047948,-2.042706
-0.020344,0.276898,0.016282,-2.357345,0.190811,-2.197807
-0.012276,0.214928,0.007974,-2.601811,0.874244,-2.728140
-0.100737,0.200144,0.021373,-0.773864,-0.640410,-2.003582
-0.122615,0.190530,0.039745,-0.757475,-2.617022,-0.350592
-0.096444,0.149726,0.013528,-1.537629,-2.634620,1.338588
-0.140176,0.138320,0.012284,-0.206462,-1.534074,1.278634
-0.109964,0.138694,0.032067,1.434718,-1.283575,1.580858
-0.080888,0.089414,0.053511,0.533465,-3.992193,3.377676
-0.166941,0.064452,0.038094,0.253404,-1.286036,4.902470
-0.188408,0.090954,0.015819,1.208305,0.494332,3.868711
-0.108674,0.054447,0.067757,1.522313,0.437703,3.672193
-0.089114,0.036955,0.059180,0.572937,0.550393,5.464743
-0.157245,0.045683,0.031398,1.317702,1.337672,5.768788
-0.151799,-0.026219,0.041606,1.666911,1.872267,6.791081
-0.098351,-0.090985,0.061573,0.975249,1.215822,8.145040
-0.126511,-0.098495,0.062883,2.467563,1.646747,7.590635
-0.067473,-0.090939,0.074000,2.948365,0.663299,6.740816
-0.042215,-0.205201,0.066720,1.086783,-0.988165,6.466665
-0.097914,-0.264787,0.045617,2.054472,0.294113,6.169722
-0.081551,-0.286198,0.050833,3.815441,-0.425660,4.643940
0.032651,-0.367094,0.058835,2.604717,-2.849895,3.104332
-0.013379,-0.440644,0.023326,2.245569,-1.973159,0.580349
-0.068990,-0.481572,0.002732,3.242143,0.090270,-1.704069
0.018484,-0.527215,0.024094,3.308229,-1.405514,-2.839472
0.027248,-0.572476,0.064580,1.543186,-2.213256,-4.255745
0.048889,-0.571856,0.007718,2.219841,2.010260,-6.316615
0.092923,-0.628961,0.053544,1.966801,0.662186,-7.009540
0.114335,-0.690920,0.087741,0.697128,0.598047,-6.848975
0.046007,-0.689341,0.025154,0.698411,2.027405,-8.322936
0.069099,-0.730946,0.028115,0.634168,2.130529,-10.862391
0.120811,-0.779408,0.058524,0.112178,1.453336,-12.457274
0.067350,-0.767027,0.051027,0.402992,1.422737,-15.151232
0.048673,-0.766469,0.019663,0.454129,1.266168,-16.549686
0.065679,-0.797343,0.016518,-0.758302,0.371743,-16.474150
0.005509,-0.789666,0.058625,-0.504300,-0.154544,-14.821417
-0.008356,-0.695686,0.010091,-0.542675,-0.167952,-12.977104
0.062374,-0.660465,0.027291,-1.668335,-0.382427,-10.862897
0.042768,-0.665983,0.030298,-2.148375,-0.786544,-7.952519
-0.010168,-0.608163,0.014056,-0.340536,1.806414,-6.251499
0.025922,-0.548058,0.044291,-0.691383,0.145704,-4.348846
0.085971,-0.507707,0.017365,-1.745065,0.391539,-3.862486
0.037476,-0.436839,0.028870,-0.800009,1.238218,-4.492913
0.068715,-0.397207,0.036830,0.574404,1.007771,-3.512501
0.102186,-0.344209,0.026402,0.310657,1.521729,-1.488050
0.058612,-0.289734,-0.005976,0.655021,2.740107,1.408285
0.087612,-0.190364,-0.002050,1.496464,2.306408,1.608365
0.164497,-0.144886,0.048259,1.622907,1.148998,3.268141
0.164681,-0.066462,0.009087,2.038063,1.022040,6.158413
0.113461,0.004668,-0.024755,1.903092,1.643553,8.366485
0.198867,0.057043,-0.000324,2.147522,1.219212,10.819643
0.246620,0.122360,0.023356,2.319082,-0.297517,12.595102
0.216481,0.199727,0.009888,3.036058,-0.142763,12.445447
0.231097,0.237951,-0.041748,2.789846,1.031093,14.132033
0.236422,0.186768,-0.010861,3.124904,-0.721454,16.527893
0.217420,0.221451,0.020336,3.898240,-0.713825,17.366161
0.272637,0.251482,-0.012226,3.997045,0.455881,16.873950
0.354202,0.222786,0.009044,3.341614,0.385059,15.872046
0.297311,0.170747,0.022899,3.388671,1.129031,13.151646
0.287293,0.184313,0.025325,4.092163,1.621836,10.285702
0.354796,0.165111,0.010784,2.689522,1.697296,8.363760
0.368957,0.116701,-0.006557,1.979241,3.035359,7.380398
0.306469,0.123135,0.011260,2.807463,2.681420,5.510824
0.311970,0.093534,0.053373,1.519365,0.589477,4.394106
0.333578,0.045039,0.018507,-0.157422,1.811939,2.776472
0.275962,-0.002487,-0.020248,-0.357566,3.423573,1.662934
0.300301,-0.053336,0.008420,0.437759,1.408117,0.362715
0.348195,-0.123133,0.035589,-0.906648,-0.748809,-1.899084
0.289055,-0.186908,0.025174,-1.635947,1.360820,-4.259848
0.274183,-0.227187,-0.012098,-1.378775,2.071383,-6.346264
0.340895,-0.302338,0.012885,-0.970377,1.873169,-8.624439
0.328336,-0.354637,0.013538,-1.668693,1.302675,-9.832790
0.283518,-0.350915,0.007941,-1.716157,-0.105777,-12.439733
0.311734,-0.368949,0.006119,-2.862972,1.742755,-12.452219
0.334448,-0.415467,0.007140,-3.268317,2.197914,-10.604090
0.276178,-0.394184,0.013223,-1.687317,2.674143,-10.879508
0.292312,-0.387485,0.008164,-2.090772,2.239463,-10.594454
0.361702,-0.382669,0.020342,-3.477743,1.391327,-10.347665
0.301850,-0.383089,-0.002609,-2.924616,2.830115,-12.049372
0.291576,-0.348010,0.008375,-0.969317,3.175454,-13.282749
0.339441,-0.317014,0.012044,-1.906052,1.522047,-11.545087
0.315676,-0.297155,0.025440,-2.291276,1.151456,-9.004254
0.280331,-0.233738,-0.000554,-1.145708,1.900844,-7.366843
0.327798,-0.198321,0.032563,0.325855,1.309138,-4.558434
0.303252,-0.204265,0.010863,-0.217760,1.774706,-0.112751
0.234577,-0.148996,-0.003285,0.752151,1.279760,1.247982
0.271278,-0.103869,0.040017,1.856012,0.283800,1.250408
0.294547,-0.079037,0.040260,1.912129,-0.295738,1.478764
0.208284,-0.009538,-0.002714,2.071632,0.443598,1.075737
0.188921,0.052582,0.009806,2.822175,0.207125,1.608804
0.229276,0.051506,0.040775,3.067199,-1.279701,4.009850
0.170832,0.088312,0.023346,2.897901,0.439768,6.657191
0.094571,0.140506,0.009120,2.893000,0.692811,6.398756
0.154889,0.170550,-0.006613,2.742763,1.366190,7.161786
0.104231,0.172769,0.029766,2.848670,0.621398,7.111354
0.039764,0.202803,0.000664,2.774159,0.509126,5.173361
0.073993,0.217210,-0.012206,1.883998,0.810473,4.457678
0.067750,0.198007,0.009041,1.030626,1.391921,4.540202
0.009923,0.217669,0.025722,1.563619,1.562122,2.844624
0.054857,0.255814,0.003175,0.935130,1.436638,2.990716
0.074919,0.194869,-0.001269,-0.710471,1.070534,4.803569
-0.002501,0.206706,-0.028287,-0.825208,1.156098,4.127874
0.012887,0.240052,0.028607,-0.233417,-0.767864,2.031754
0.088692,0.199895,0.006579,-1.616794,-0.962253,1.292935
0.024199,0.175221,-0.014406,-2.569092,-0.959582,0.717306
-0.019612,0.165492,-0.009413,-1.745276,-0.202950,-1.337059
0.045498,0.144182,0.031663,-1.927182,-1.595416,-3.373722
0.015664,0.112201,0.003559,-3.071390,-1.693262,-3.813631
-0.015440,0.128239,-0.023754,-2.444583,0.403983,-5.458242
0.036308,0.116002,0.000132,-2.464845,-0.443691,-6.212477
0.023742,0.056643,0.023664,-2.311037,-0.535579,-5.237907
-0.071084,0.077132,-0.009492,-2.455677,0.350610,-4.196309
-0.036050,0.086401,0.008210,-2.488948,-0.553541,-4.930160
0.007780,0.072215,0.006513,-2.524530,-0.240435,-4.828922
-0.092725,0.060181,0.007137,-1.458407,1.325691,-5.859443
-0.085356,0.077079,0.007492,-1.342859,0.787040,-6.035975
-0.023022,0.092904,-0.026895,-2.777809,1.535282,-5.110566
-0.101338,0.120867,0.006215,-1.942251,0.441704,-5.066977
-0.098436,0.151193,0.008857,-0.642879,0.220412,-3.804594
-0.055532,0.151046,-0.030647,-1.378729,-0.426504,0.442069
-0.151661,0.123411,-0.026334,-1.601600,0.311382,3.337586
-0.141925,0.163010,-0.016345,0.093888,-0.394464,3.926682
-0.060728,0.175070,0.015291,-0.002212,-3.231134,4.834186
-0.096263,0.151577,0.020122,-0.691551,-2.378110,6.073021
-0.136477,0.163729,-0.039021,0.087185,0.434076,6.601312
-0.053483,0.175372,-0.008100,1.706782,-0.231153,6.766443
-0.024719,0.111469,0.038813,1.110163,-1.247885,9.139080
-0.067874,0.127950,-0.001273,1.498509,-0.029220,9.919308
-0.043754,0.142488,-0.000813,1.787373,0.059304,9.377413
0.029342,0.087199,-0.004046,2.180008,0.722934,8.898081
-0.016536,0.058340,-0.007877,2.906543,0.929275,9.126000
0.020752,0.039617,0.018435,2.726390,0.809623,9.175539
0.132020,-0.010907,0.013997,1.940390,-0.085626,8.813452
0.059101,-0.073355,0.006001,2.865585,1.140972,7.091153
0.051499,-0.152757,0.036705,4.570175,1.463416,4.484152
0.192102,-0.199946,0.033676,3.380449,0.818509,4.513822
0.165124,-0.255685,-0.001831,2.699116,1.320006,3.161450
0.090422,-0.312136,0.023116,3.317429,0.805294,-1.209145
0.191570,-0.379617,0.032235,3.785291,0.235006,-2.007493
0.211032,-0.449749,0.020260,2.098854,0.247913,0.025349
0.132217,-0.505101,0.016561,1.972611,0.601963,-0.938488
0.207155,-0.550510,0.006110,2.094820,0.478268,-2.363695
0.254613,-0.617580,0.020421,0.969101,0.990125,-2.812941
0.165468,-0.651527,0.008102,-0.533944,1.166093,-5.431256
0.234331,-0.632929,0.005831,-0.442708,1.984145,-9.328557
0.296044,-0.699701,0.029185,-0.379738,1.681777,-11.625012
0.227526,-0.743469,0.014237,-0.552788,2.709784,-10.970967
0.208065,-0.734452,-0.018200,-0.827036,1.951137,-10.987593
0.285044,-0.772154,0.006786,-1.971327,2.017882,-11.814129
0.287664,-0.804965,0.014844,-1.129342,3.010501,-12.240225
0.219409,-0.780636,-0.001624,-0.526102,2.961554,-12.829156
0.262947,-0.777626,0.029234,-1.402260,0.388244,-13.354565
0.271537,-0.745573,-0.015049,-1.938529,1.731194,-14.120279
0.196724,-0.711228,-0.002297,-0.283257,1.908459,-13.544528
0.272335,-0.682960,0.007853,0.644176,1.275667,-11.021792
0.303659,-0.626010,-0.005875,-0.517624,0.575520,-7.415090
0.202373,-0.568062,-0.002782,-0.578267,1.525510,-4.920321
0.273510,-0.518963,-0.007887,0.337468,1.759600,-4.476397
0.363327,-0.498855,0.016036,0.823144,1.234975,-3.064250
0.318079,-0.418907,0.008312,1.655777,2.624116,-1.408386
0.324762,-0.300480,-0.007519,1.694618,2.557902,-2.423882
0.406065,-0.260645,-0.014629,1.607328,3.607669,-1.586436
0.391441,-0.196713,-0.002254,1.744879,2.844118,1.322740
0.389423,-0.100311,0.018521,2.536951,1.371938,3.490704
0.486865,-0.048744,-0.008599,2.207341,2.562773,6.532023
0.437688,0.000779,-0.042382,1.947448,1.970175,9.813798
0.371258,0.064675,-0.017665,2.943661,2.240773,11.012982
0.485637,0.144700,-0.010575,2.906533,0.910945,12.197661
0.509330,0.172408,-0.017869,2.543466,-0.680820,12.069988
0.391330,0.202389,-0.041807,2.027552,0.382864,12.317740
0.402112,0.203259,-0.038298,3.558376,1.176656,12.573869
0.468313,0.235673,-0.029209,2.789908,-0.316778,13.256338
0.424627,0.246098,-0.030818,2.489414,0.115335,12.930496
0.429114,0.234219,-0.048159,2.329425,2.020419,12.110461
0.479132,0.232896,-0.023416,1.735215,1.876524,11.508699
0.404049,0.228117,-0.010565,2.174589,2.093582,8.861427
0.366521,0.223804,-0.027273,1.532327,2.819148,6.936673
0.446048,0.203588,-0.013503,0.684359,3.579738,6.859363
0.411934,0.173783,-0.018942,0.196874,2.963356,7.213092
0.348760,0.155434,-0.001811,0.987187,2.477072,4.758782
0.408155,0.112779,-0.015591,-0.020305,2.586276,2.683557
0.394642,0.062141,-0.024749,-0.866419,1.652323,0.263271
0.298210,0.021317,-0.013729,-0.852255,1.524765,-2.140635
0.331530,0.020191,0.029179,-0.775729,-3.102338,-4.964450
0.382309,-0.018607,-0.036191,-1.661993,0.297258,-5.097591
0.296973,-0.037560,-0.005645,-2.396761,0.281482,-3.867144
0.251537,-0.079310,-0.017442,-1.412213,0.395094,-2.752737
0.291186,-0.101725,0.015832,-1.729086,-0.417556,-3.464261
0.291491,-0.128057,-0.007404,-2.386818,0.084116,-3.288870
0.251921,-0.156306,-0.005517,-1.975233,1.067360,-6.191292
0.275243,-0.170328,0.001376,-2.373501,0.832971,-8.675516
0.235141,-0.173801,0.002817,-1.857128,1.668424,-9.608255
0.198112,-0.171832,-0.035610,-1.712550,2.876630,-10.158104
0.253333,-0.167105,-0.006003,-1.733111,2.695016,-9.416459
0.212135,-0.190955,0.033393,-1.321506,0.842329,-7.380493
0.115076,-0.165887,-0.001148,-1.228584,1.316789,-4.477227
0.113337,-0.163012,-0.016421,-1.044265,1.708328,-4.830612
0.160532,-0.177533,0.011838,-0.536944,1.031496,-5.767379
0.113773,-0.120324,0.023979,-0.002879,-0.124805,-6.494339
0.072470,-0.089045,-0.000163,-0.088442,0.575356,-6.699883
0.069431,-0.105326,-0.013795,-0.047034,0.310377,-4.377781
0.074226,-0.080984,0.013114,1.303000,0.473072,-0.409834
0.052937,-0.015755,0.039614,1.315601,-1.110324,1.878084
0.051436,-0.005832,0.021271,1.030449,-1.161826,4.628374
-0.021808,-0.007739,-0.008645,0.988687,-1.172943,5.541032
-0.064283,-0.005717,0.050186,2.414634,-0.890552,5.656366
0.003762,0.016193,0.030912,2.028077,-0.712617,5.170743
-0.005832,0.016295,0.013919,2.023357,-0.336854,3.999809
-0.108625,0.013127,0.019381,1.721471,-0.404633,2.828189
-0.119332,0.019190,0.024987,2.729118,0.009269,1.386640
-0.036073,0.038458,0.014729,2.408840,0.657384,1.218380
-0.073943,0.029687,0.018947,1.243453,-0.011968,2.622197
-0.136362,0.015468,0.000733,1.929397,1.471346,3.108036
-0.122401,0.030183,0.021396,1.469219,-0.714252,2.557303
-0.109295,0.052809,0.029842,0.226659,-0.458005,1.317230
-0.136953,0.032067,-0.045513,0.285474,1.944615,-0.225353
-0.159004,0.023516,0.007528,-0.060039,-1.067403,-0.129230
-0.167827,0.015665,0.016095,-0.321321,-1.286187,-0.273910
-0.190860,0.037289,-0.007007,-1.408110,-1.268269,-1.060255
-0.170975,0.015707,-0.006620,-1.047607,-1.326450,-2.440071
-0.140202,-0.014895,-0.001535,-0.870860,-1.545044,-2.053526
-0.176007,-0.004473,-0.030188,-1.271498,-1.247734,-2.129141
-0.210312,-0.007227,-0.000577,-2.266589,-2.757245,-3.812111
-0.143294,-0.013828,-0.033214,-2.679730,-0.030244,-5.214351
-0.135797,0.009031,-0.028687,-1.661550,2.536382,-4.987519
-0.186754,0.047114,-0.004699,-2.653707,-0.302451,-4.990983
-0.148313,0.043149,-0.027877,-2.976206,0.850119,-5.269943
-0.140192,0.031539,-0.024312,-3.041392,0.299555,-4.965412
-0.157891,0.074365,-0.000495,-1.809250,0.650546,-4.054995
-0.100081,0.109792,-0.013720,-2.327098,0.304883,-3.044683
-0.096319,0.117834,-0.023426,-2.266592,-0.589303,-2.865859
-0.168096,0.101523,-0.001798,-1.812507,-0.943028,-1.397910
-0.146120,0.122078,0.005883,-0.975843,-1.767380,0.712396
-0.035391,0.142610,-0.020498,-0.851281,-0.511709,2.677535
-0.071770,0.137913,-0.033920,0.308287,-0.241368,2.464898
-0.109830,0.121599,-0.022428,1.197250,-1.041137,3.120083
-0.055627,0.110911,0.001390,1.597691,-1.283827,4.194216
-0.011504,0.112362,-0.027443,1.790741,-0.450006,4.630390
-0.008865,0.123946,-0.043596,2.085858,1.477593,3.626298
0.036738,0.104829,-0.013470,2.654478,-0.034502,4.213049
0.056400,0.117949,-0.000298,2.276837,-1.546652,6.203366
0.016902,0.143427,-0.044351,1.720237,0.506917,7.729728
0.055326,0.108581,-0.040649,2.047270,0.837754,8.188555
0.110625,0.074850,-0.011185,2.030776,0.719356,10.413361
0.076416,0.085325,-0.037212,1.990621,0.920957,10.740784
0.058382,0.053583,-0.030362,1.369427,-0.340589,8.535346
0.124425,-0.012663,-0.053335,1.145729,1.280157,7.817298
0.174692,-0.062572,-0.026531,1.816324,1.115520,7.252644
0.180837,-0.082201,-0.031087,1.735822,0.806515,5.896475
0.204805,-0.134336,-0.066038,0.699238,1.823506,5.218922
0.193678,-0.200711,-0.042415,0.526008,0.306977,4.959580
0.193297,-0.226002,-0.013257,0.970430,-0.064710,5.088085
0.251455,-0.260494,-0.018541,0.391904,0.024431,4.195594
0.276146,-0.305516,-0.044430,0.034088,0.453705,1.559642
0.204411,-0.348660,-0.048579,0.518625,0.435435,-0.522049
0.217541,-0.399170,-0.006561,0.644592,-1.925711,-1.356027
0.344539,-0.428144,-0.036834,0.004960,0.842041,-1.420557
0.303311,-0.483352,-0.040980,0.698546,2.209137,-3.550742
0.256513,-0.567438,-0.028809,1.578742,2.265792,-5.448576
0.312847,-0.625724,-0.006337,1.862820,1.616864,-6.758934
0.323341,-0.635949,-0.025769,1.434370,2.610677,-9.829875
0.338407,-0.658841,-0.049485,2.149771,3.818188,-12.734807
0.344299,-0.717327,0.011230,1.684269,1.895569,-13.564590
0.320918,-0.705714,0.009277,1.188535,0.281417,-11.427933
0.301716,-0.677416,-0.031720,0.914399,2.561530,-11.585839
0.358689,-0.693996,-0.014511,1.130351,3.210576,-11.593121
0.403087,-0.685409,-0.006659,0.558678,1.724777,-9.843997
0.344965,-0.645803,-0.000370,0.311858,-0.129229,-8.240416
0.331556,-0.631491,-0.039792,0.206312,1.912752,-9.609138
0.380114,-0.619635,-0.015453,0.532638,0.603384,-10.624011
0.374970,-0.586821,-0.005159,0.153290,1.468940,-8.433078
0.374044,-0.529355,-0.051146,-0.534968,1.685604,-7.268243
0.359588,-0.487527,-0.028602,-0.367774,0.765255,-6.391006
0.324962,-0.479357,0.000943,0.451070,-0.580591,-4.006820
0.349846,-0.403779,-0.057428,0.124805,2.168786,-1.604462
0.396857,-0.332970,-0.035735,-0.648977,1.268564,-1.601613
0.385155,-0.287009,-0.023636,-0.462535,1.833314,-0.906734
0.296996,-0.223520,-0.032154,0.313112,2.924098,0.446491
0.317058,-0.160698,-0.036247,0.082639,2.690395,2.613406
0.425539,-0.073168,-0.036851,-0.660850,2.076086,3.963232
0.347545,-0.025871,-0.036057,0.279746,2.315849,4.160694
0.280140,0.003506,-0.019523,1.038413,-0.892452,5.711540
0.324105,0.076245,-0.031389,0.741591,1.028069,7.755252
0.309167,0.132874,-0.028392,1.050551,0.551797,8.297277
0.318496,0.160988,-0.038410,1.629839,1.219856,9.175641
0.298453,0.182304,-0.017865,2.454075,-0.300849,9.466783
0.211718,0.209608,-0.055384,2.052781,0.628157,11.140861
0.204923,0.273119,-0.052433,2.429326,-0.049053,10.258734
0.265937,0.285570,-0.020160,2.566003,-0.077377,9.236062
0.224073,0.262763,0.012140,2.653625,-2.624076,9.482901
0.178391,0.291527,-0.050109,1.596033,0.697849,9.360399
0.164280,0.329197,-0.048789,2.743682,2.262919,6.584653
0.169240,0.322281,0.003261,1.847008,0.877412,5.349127
0.182094,0.307634,-0.013050,1.369998,0.787421,4.662342
0.188081,0.323413,-0.036720,0.589779,2.314079,4.505885
0.173133,0.287296,-0.035896,0.412773,2.610868,2.690214
0.137522,0.265800,-0.028172,0.389412,1.755339,0.622086
0.122334,0.240505,-0.013037,-0.578300,1.652885,-1.304794
0.179117,0.246358,-0.041985,-1.880926,1.922242,-2.085094
0.154613,0.224168,-0.004683,-1.925718,0.249337,-3.378234
0.107202,0.195132,-0.046331,-2.051494,1.041508,-2.613834
0.112618,0.182363,-0.057488,-3.074483,-0.597706,-0.485404
0.104376,0.161832,-0.020130,-3.470994,-0.862320,0.968785
0.093846,0.148226,-0.026485,-2.664729,-0.044208,1.930989
0.102994,0.088545,-0.017281,-2.976892,-0.703604,1.622684
0.090767,0.026441,-0.031865,-3.016213,-0.930473,0.169332
0.042331,0.014467,-0.030493,-1.601836,-0.448693,-2.746870
0.026963,-0.002116,-0.020314,-1.586803,-0.288549,-6.434500
0.083256,-0.022261,-0.029698,-1.798225,1.407624,-8.564309
0.010465,-0.071481,-0.021345,-1.061816,-0.484442,-8.518766
-0.027638,-0.095754,-0.020344,0.418757,2.484602,-6.040473
-0.023518,-0.104748,-0.033257,-0.274697,0.519334,-4.461232
-0.050421,-0.150187,-0.018187,0.292019,1.085755,-3.692468
-0.070828,-0.153791,-0.007338,1.863880,1.192726,-4.914603
-0.068812,-0.134028,-0.001932,1.265088,0.812764,-6.364588
-0.080767,-0.131517,-0.035239,0.483516,0.667490,-6.734263
-0.089649,-0.130801,-0.027443,1.411022,1.948071,-5.545702
-0.068126,-0.114963,-0.001368,1.143805,-0.524366,-1.308919
-0.047779,-0.071185,-0.032745,0.632096,0.353305,1.930743
-0.091757,-0.088934,-0.033608,-0.032250,0.357024,3.708791
-0.112147,-0.106445,-0.012351,0.972731,-1.516985,5.646224
-0.112288,-0.093867,-0.006879,0.607704,-1.880433,6.493412
-0.126193,-0.107673,-0.032446,0.142228,-1.441699,3.786880
-0.137593,-0.111333,-0.054586,0.894996,-1.006074,-0.216915
-0.133867,-0.111353,0.001334,0.611285,-1.807741,-2.082552
-0.113486,-0.095482,-0.028149,0.370682,-1.656446,-1.832817
-0.126488,-0.092488,-0.014694,-0.139487,0.246180,-2.429801
-0.099963,-0.121676,0.000100,0.975222,0.477056,-2.092632
-0.131838,-0.129810,-0.023278,0.708934,0.256047,-0.601180
-0.156381,-0.139831,-0.051159,0.495832,0.611151,-0.829872
-0.120583,-0.136785,-0.011858,0.359056,0.520864,-3.226472
-0.166435,-0.161354,0.004445,1.133991,-2.252383,-5.560240
-0.208520,-0.125346,-0.044926,0.102425,0.153155,-5.527690
-0.191136,-0.124338,-0.032157,-0.041073,-0.424813,-7.006077
-0.148756,-0.092039,-0.033440,0.262457,-1.037251,-5.505864
-0.183852,-0.113693,-0.000324,-0.000295,-0.783702,-2.237618
-0.146800,-0.108477,-0.057691,-0.791156,0.349448,0.302334
-0.156181,-0.115797,-0.025001,-0.832006,-1.399044,0.509012
-0.172741,-0.108336,-0.034619,0.113625,-1.213787,-0.581477
-0.138512,-0.097100,-0.037261,-0.159763,-0.602203,-2.455421
-0.105812,-0.109793,-0.048678,-0.936102,-1.759771,-3.284003
-0.123278,-0.081194,-0.066304,-0.869787,-0.944535,-4.577728
-0.158269,-0.076969,-0.034740,-0.172768,-1.990612,-5.212444
-0.104246,-0.062835,-0.047296,-0.471361,-0.506917,-3.589487
-0.053497,-0.041305,-0.041666,-1.144767,0.219838,-2.684285
-0.044450,-0.052390,-0.050155,-0.519203,0.761903,-1.801876
-0.045976,-0.036181,-0.037645,0.453344,0.725944,-1.754455
-0.051458,-0.035975,-0.063993,-0.418140,0.700219,-0.758566
-0.026206,0.021740,-0.065999,-0.776838,0.222132,-0.352247
-0.011915,0.053810,-0.041512,-1.185154,-0.053661,0.681521
0.044661,0.064064,-0.013076,-0.532943,0.653543,2.905352
0.020158,0.072943,-0.060580,-0.663479,0.058910,6.832888
0.023201,0.081697,-0.097750,-0.592844,2.262378,10.062769
0.071522,0.107021,-0.053906,0.028055,-0.373548,10.314470
0.070832,0.093852,-0.021253,0.573445,-0.559958,8.920806
0.059908,0.077877,-0.034983,0.614262,-2.255449,8.594604
0.095145,0.067839,-0.058069,0.575749,-0.057423,8.714078
0.128016,0.058454,-0.055420,1.927129,0.609161,8.013436
0.135536,0.053754,-0.036332,2.470327,0.060124,8.091128
0.141595,0.015852,-0.020665,2.481914,-0.723321,7.860774
0.151157,0.013593,-0.074084,2.678361,0.104227,8.153994
0.124733,-0.023551,-0.039214,2.725917,0.831277,6.302419
0.136192,-0.097241,-0.043534,3.955374,1.043782,3.735829
0.169680,-0.152560,-0.000068,4.052997,1.314275,3.435552
0.204132,-0.180727,-0.017967,3.953342,2.286159,3.357674
0.206830,-0.203350,-0.033792,3.252699,2.099244,2.085421
0.178631,-0.288115,-0.023928,3.247346,2.486552,0.902955
0.189092,-0.344429,-0.009699,2.795883,1.038521,0.861194
0.223095,-0.370646,0.002082,2.913486,0.963356,0.928134
0.239323,-0.401021,-0.009380,1.934394,0.803961,-0.019742
0.192585,-0.434985,-0.043097,1.121344,0.356962,-2.062972
0.145216,-0.499445,-0.007719,0.875522,-0.165553,-2.857379
0.176550,-0.541868,0.027695,0.646611,-2.929297,-2.382806
0.237423,-0.557115,-0.037209,-0.053658,0.698936,-3.104130
0.228445,-0.624684,-0.008819,-0.799152,-0.086420,-6.534279
0.216934,-0.655411,-0.026803,-0.696375,1.051427,-8.020991
0.194725,-0.682435,0.005237,-0.148067,2.231796,-9.248318
0.251468,-0.679986,-0.024187,-0.745500,0.803321,-10.439629
0.292981,-0.731064,-0.005428,-1.246699,2.081972,-12.729473
0.310020,-0.742142,-0.019529,-0.733106,3.353858,-12.373499
0.249541,-0.754452,0.013292,0.316674,1.980909,-11.848694
0.239500,-0.717751,0.002286,-0.378527,2.069994,-10.896262
0.283433,-0.704030,-0.030920,-0.670007,2.776700,-11.257490
0.326413,-0.689394,-0.017957,-0.392943,1.962012,-9.921996
0.307854,-0.634012,-0.001729,0.782622,1.395932,-8.721350
0.243000,-0.585015,-0.004040,0.120797,0.330706,-7.089326
0.242852,-0.551922,-0.013962,-0.527261,-0.044779,-5.660304
0.281690,-0.509552,-0.006357,0.509924,-0.702813,-3.442270
0.320626,-0.451335,-0.019730,1.872017,0.768379,-1.585982
0.249853,-0.405879,-0.010867,1.368452,-2.483266,-1.543374
0.184595,-0.364058,-0.045211,1.168949,0.516951,-1.652508
0.214794,-0.293436,-0.048169,1.555393,1.056581,-2.246396
0.268412,-0.203510,-0.024164,2.208090,1.073643,-0.999660
0.242563,-0.168008,-0.005057,2.212308,-2.523013,-0.192355
0.216290,-0.113847,-0.062848,1.739361,2.026180,2.932207
0.195174,-0.069219,-0.048011,2.015158,3.411444,5.277624
0.227671,0.010025,-0.047962,1.687748,2.046249,6.106613
0.199232,0.028768,0.008309,1.881960,-4.277582,5.076193
0.216047,0.057509,-0.053092,2.263559,1.720684,5.718504
0.188163,0.107428,-0.064427,1.586826,1.173409,4.829467
0.147622,0.139629,-0.072163,0.852955,1.081255,4.388749
0.155060,0.185665,-0.069396,1.392630,0.960320,5.367470
0.147326,0.203588,-0.073010,1.305639,-0.529027,6.530957
0.114003,0.245045,-0.039661,-0.037735,-3.864572,8.376018
0.090895,0.241454,-0.084745,-0.514089,-0.817652,8.381070
0.053485,0.224661,-0.070476,0.822182,-0.728048,7.435661
0.062308,0.220564,-0.071277,0.203380,-0.526218,5.790870
0.103466,0.267132,-0.062145,-0.643781,-0.602767,4.552895
0.085380,0.271800,-0.065096,-1.515948,-0.063400,1.681762
0.056629,0.245705,-0.082391,-1.133328,2.241958,0.554641
0.038858,0.245974,-0.067962,-0.646069,1.246138,0.963665
0.041432,0.251600,-0.036510,-1.599053,0.783803,2.943242
0.035228,0.249059,-0.057323,-2.305929,1.069234,1.651074
0.000949,0.244940,-0.063301,-1.801918,0.933420,0.181499
-0.041893,0.197131,-0.054435,-1.285176,0.265106,-0.636771
-0.038200,0.193803,-0.033834,-1.461670,-0.066565,-1.171952
-0.058696,0.196182,-0.062336,-2.408095,-0.247322,-2.091456
-0.073313,0.176747,-0.060278,-2.377788,-0.088567,-2.886775
-0.088116,0.185587,-0.041850,-1.765581,-1.230727,-1.775469
-0.098420,0.183030,-0.047936,-0.972367,-1.609412,-0.490647
-0.114343,0.176626,-0.072350,-1.465284,-1.593847,1.193087
-0.147932,0.151266,-0.048589,-2.030464,-1.852730,1.389393
-0.141755,0.138625,-0.068510,-1.140766,-1.228975,0.041138
-0.153447,0.114837,-0.021581,-0.276414,-0.603243,-2.023169
-0.145523,0.097896,-0.040133,-0.526313,-0.552366,-2.724160
-0.151763,0.089457,-0.051740,-0.320202,0.756973,-2.115484
-0.157327,0.052530,-0.041292,-0.151731,0.870552,-2.316684
-0.108018,0.039377,-0.028727,0.598700,1.164635,-2.309124
-0.103744,0.028305,-0.019582,0.935771,1.316651,-1.735452
-0.141157,-0.002901,-0.008267,0.104441,0.356830,-1.096213
-0.125654,-0.013040,-0.024181,0.372485,0.588423,-0.663321
-0.110050,-0.022333,-0.034832,1.673558,1.817588,0.312374
-0.137310,-0.041401,0.020001,1.376103,-2.077511,1.054140
-0.142667,-0.068500,-0.026327,0.796008,-2.315409,1.570533
-0.150246,-0.076280,-0.031694,0.562800,-1.611264,2.755431
-0.145352,-0.104742,-0.006964,1.424670,-1.857095,3.049725
-0.143590,-0.150020,0.001232,1.618725,-2.556107,2.680396
-0.142483,-0.184042,-0.001479,1.441250,-2.522767,2.735354
-0.149180,-0.214188,-0.018650,1.349053,-1.732520,1.381991
-0.144161,-0.246090,-0.010844,1.760667,-0.367364,0.123606
-0.145503,-0.291398,0.010728,1.654851,-0.655427,-1.997680
-0.148159,-0.355487,0.011385,2.199890,0.485778,-2.295987
-0.135853,-0.364238,-0.006761,1.530700,0.546428,-1.810944
-0.129764,-0.371109,-0.019572,1.745463,1.066645,-3.532002
-0.143780,-0.414148,0.004669,0.745662,1.348357,-5.631969
-0.123183,-0.464487,-0.008546,1.459691,1.680690,-5.560234
-0.109600,-0.473202,0.008929,1.792402,1.482116,-4.717585
-0.135659,-0.496639,-0.005399,0.876963,0.482423,-5.366839
-0.137822,-0.498973,-0.032262,0.248770,-0.512100,-6.724971
-0.150289,-0.516419,-0.000298,0.062120,-1.267188,-8.058025
-0.121371,-0.525386,-0.000754,0.834101,-1.120913,-8.141343
-0.119306,-0.492496,-0.014970,-0.210466,-1.987881,-8.171492
-0.148467,-0.497945,-0.010175,-1.256556,-3.233251,-8.729225
-0.135118,-0.454597,-0.057773,-1.584104,-1.174758,-8.729314
-0.108468,-0.414548,-0.022116,-1.085262,-1.279301,-8.224557
-0.072761,-0.386113,-0.025454,-1.388225,-0.680577,-6.583685
-0.068566,-0.347475,-0.030020,-2.223448,-0.586572,-4.992007
-0.078029,-0.328903,-0.058735,-2.226100,1.215136,-3.552668
-0.051852,-0.262778,-0.052836,-1.237151,1.655531,-2.700196
-0.033034,-0.217924,-0.022566,-1.316868,0.843981,-3.056032
0.020624,-0.193082,-0.044719,-1.601685,1.592232,-2.229835
0.025361,-0.170886,-0.055269,-1.236786,2.647421,-1.870864
0.011118,-0.143524,-0.048520,0.309806,2.062011,-0.472382
0.045203,-0.079999,-0.047804,1.121038,1.440357,0.895719
0.072280,-0.029042,-0.061981,0.741565,-0.166380,2.540284
0.093051,-0.017055,-0.071297,1.463281,-0.089712,4.106812
0.093087,0.028939,-0.085142,2.186553,-0.012893,6.522946
0.059836,0.068404,-0.054615,3.181615,-1.525293,8.379830
0.073442,0.086795,-0.070982,3.001625,-2.035535,9.342557
0.125616,0.128285,-0.085457,2.274851,-1.187573,9.013266
0.164484,0.149408,-0.069065,3.302891,-0.501846,8.416525
0.133514,0.131659,-0.048461,3.334478,-1.060792,9.605858
0.103988,0.101028,-0.042556,3.114581,-3.660234,11.082896
0.164605,0.132890,-0.097313,2.922945,1.311580,12.345799
0.219563,0.122862,-0.068907,3.035661,2.889960,11.900235
0.251833,0.084609,-0.051313,2.943707,2.619369,10.692101
0.211964,0.047987,-0.066370,2.855944,2.515178,10.678400
0.193320,0.013702,-0.081663,1.879406,2.500036,10.509785
0.235158,0.020040,-0.080008,1.627344,2.824499,8.826964
0.235627,-0.008773,-0.057980,1.074943,1.325337,7.200779
0.229863,-0.055985,-0.067857,0.751701,1.129247,7.142460
0.172664,-0.080977,-0.080586,-0.292537,-0.368903,7.038977
0.146726,-0.137366,-0.080576,-0.202615,-0.503152,6.450952
0.175611,-0.183209,-0.074376,0.130444,-2.082379,4.282876
0.202763,-0.229409,-0.066114,-0.865759,-0.592473,2.023541
0.192585,-0.265411,-0.079910,-0.835508,-0.729706,0.134556
0.132020,-0.334808,-0.063829,-0.669808,-0.835200,-2.281296
0.131390,-0.391959,-0.052337,-0.394411,-0.817990,-4.053750
0.166381,-0.424415,-0.044890,-0.999804,-1.174798,-4.098325
0.180791,-0.466414,-0.058912,-0.837169,1.461026,-5.061044
0.138585,-0.488436,-0.056605,0.048439,2.237651,-6.943655
0.057414,-0.547399,-0.027460,0.683765,2.083170,-8.936566
0.087363,-0.595014,-0.041148,0.844414,1.522241,-9.000165
0.158336,-0.581789,-0.064761,0.864043,2.893853,-8.307471
0.152536,-0.589089,-0.032236,0.998735,2.666581,-10.191056
0.084389,-0.632414,-0.004056,1.164711,2.028990,-11.983948
0.050340,-0.628813,-0.025274,1.544991,0.780134,-11.889507
0.092946,-0.615207,-0.042717,0.624576,0.504219,-11.381870
0.157489,-0.589758,-0.046265,1.120464,0.871159,-12.040599
0.122967,-0.577846,-0.028842,1.509147,-0.472238,-11.978200
0.079853,-0.557115,-0.023399,1.196291,-0.595372,-9.011497
0.095959,-0.487136,-0.035761,0.188740,-0.805280,-6.895804
0.172933,-0.459915,-0.070315,0.143226,1.804245,-5.004225
0.187992,-0.446601,-0.027650,0.728695,0.139697,-4.115823
0.147484,-0.420165,-0.001578,0.288907,-1.577461,-1.498187
0.141884,-0.351722,-0.018545,0.114735,0.131882,0.252343
0.135871,-0.307840,-0.030253,-0.267180,0.537145,0.276672
0.186880,-0.296397,-0.041384,0.866058,3.043752,-0.861861
0.175952,-0.271349,-0.002211,1.027462,1.228692,-0.356993
0.145721,-0.234546,-0.018279,1.502884,1.291469,0.943676
0.106926,-0.184101,-0.065845,0.979778,1.517419,1.518476
0.068975,-0.175134,-0.037373,1.137608,1.596509,0.631635
0.103942,-0.111520,-0.015804,1.727170,0.775975,2.102395
0.104825,-0.057393,-0.009219,1.514005,-0.000542,3.104618
0.085209,-0.028921,-0.009754,1.107416,0.101903,2.792523
0.046326,0.018970,-0.034934,0.985916,0.846058,1.746848
0.046972,0.045154,-0.025648,1.375857,0.148087,2.836939
0.067819,0.103877,0.005069,1.338611,-0.858837,4.203166
0.064727,0.135651,-0.001519,0.558090,-0.329347,5.388677
0.053212,0.170156,-0.046498,0.183899,0.912711,4.909260
0.020801,0.190392,-0.007558,-0.392622,-0.553373,4.934439
0.044914,0.245193,0.001468,-0.092410,0.325106,4.410456
0.065160,0.273149,0.010682,-0.359992,-0.380028,2.368451
0.057722,0.298105,0.003198,-1.898838,0.161207,2.146367
0.049529,0.331212,-0.005884,-1.925997,0.257816,2.299742
0.025574,0.369069,-0.006085,-1.883647,0.411076,2.617741
0.013577,0.375279,0.024715,-1.462070,0.031183,2.487254
0.040896,0.405871,-0.012141,-2.555227,-0.009933,2.907951
0.039003,0.426846,-0.008829,-2.092466,0.603099,2.537741
-0.037229,0.423478,0.023477,-2.001857,-1.174187,1.149002
-0.058581,0.450086,0.003090,-2.636855,-1.555981,0.742898
-0.047332,0.442444,-0.002963,-3.063162,-1.011461,0.434562
0.022968,0.446186,0.015465,-1.854653,-0.137236,1.035794
0.015247,0.463695,0.015353,-1.162797,-0.072631,2.182554
-0.064473,0.424227,0.006487,-2.049052,-1.133587,2.646362
-0.086889,0.410112,-0.012397,-1.959517,0.103574,2.866958
-0.041916,0.429656,-0.009951,-1.028125,0.257432,2.817797
-0.008652,0.414829,0.018967,-0.347335,-0.326170,2.425438
-0.045474,0.381926,-0.020376,-0.697407,0.310781,2.607219
-0.129117,0.342070,-0.033181,-0.389005,-0.331526,2.378662
-0.144755,0.327516,-0.000541,0.167184,-0.654036,3.284336
-0.055075,0.336608,0.002387,0.263347,-0.357057,3.619852
-0.062582,0.303118,-0.015508,-0.430745,-0.974192,4.384552
-0.131340,0.225577,-0.013848,0.680082,-0.586454,4.909621
-0.160878,0.207980,-0.015679,0.928457,-1.106648,6.024442
-0.126951,0.183978,0.001711,0.738791,-1.368465,6.320483
-0.079667,0.109017,-0.012814,0.415271,-0.486313,5.974125
-0.101381,0.062111,-0.031586,1.100969,-0.205343,5.219137
-0.160786,-0.004158,0.005998,1.341805,-1.110006,4.942438
-0.155144,-0.051661,-0.002536,1.267648,-1.181986,4.477799
-0.132574,-0.078374,-0.026039,0.765842,0.930266,2.119712
-0.106790,-0.138049,-0.021932,0.638552,0.107158,-0.140401
-0.092574,-0.173223,-0.007375,0.963307,-0.663243,-0.658100
-0.133086,-0.228693,0.013154,0.488929,-2.088629,0.081972
-0.132528,-0.291411,-0.019638,0.256556,0.064529,-0.035312
-0.120383,-0.311769,-0.025750,-0.170184,0.094331,-1.447880
-0.090687,-0.323060,0.003431,0.378823,0.302483,-1.712346
-0.094688,-0.353308,-0.003616,0.069404,-1.595360,-2.126172
-0.147417,-0.404435,-0.020829,-0.239802,-0.836076,-2.962351
-0.160891,-0.466972,-0.038174,-0.183019,-0.216391,-3.627137
-0.136562,-0.481067,-0.020127,0.847503,-1.935575,-4.865351
-0.113526,-0.512375,-0.001689,0.970817,-0.964764,-6.607771
-0.093066,-0.560312,-0.009318,0.485368,0.086213,-9.002001
-0.097353,-0.598440,-0.011560,0.731882,-0.134616,-9.312211
-0.068386,-0.613090,0.020671,1.439543,-1.657720,-9.854850
-0.037600,-0.606184,-0.010283,1.434836,0.840692,-10.134969
-0.032673,-0.615568,-0.012009,0.960031,0.531164,-11.020808
-0.037754,-0.585275,-0.019415,1.121271,0.810467,-11.451740
-0.032141,-0.581027,0.016016,1.863099,0.579984,-11.109910
-0.021204,-0.556186,-0.016323,1.019805,-0.205858,-10.005540
-0.054606,-0.550317,-0.034576,0.638382,-0.267099,-9.744675
-0.065330,-0.522334,-0.031825,0.868461,-0.780275,-8.899651
-0.037633,-0.463595,-0.040087,1.490257,-0.893995,-8.461422
-0.036221,-0.453383,-0.033247,0.227129,-0.906675,-7.193524
-0.015338,-0.423326,-0.049587,0.118040,-0.484475,-4.411913
-0.030995,-0.364682,-0.049557,-0.108596,0.142057,-3.010549
-0.045947,-0.301439,-0.014274,0.026483,-0.878453,-1.071573
-0.006810,-0.239368,-0.040442,-0.220891,1.422346,0.705191
-0.006771,-0.200497,-0.049977,-1.147491,0.447843,2.766083
0.027655,-0.160163,-0.045044,-0.197022,1.570512,5.505558
0.035464,-0.123219,-0.022310,0.316168,1.082535,6.855464
0.028374,-0.084072,-0.038295,0.282444,1.174404,6.593695
0.070504,-0.018942,-0.060750,-0.215318,1.309575,4.897626
0.107737,0.021458,-0.035108,0.139930,0.713277,3.299003
0.143246,0.049608,-0.051097,0.641392,1.608743,4.109776
0.133232,0.085279,-0.036720,1.510164,0.515018,6.074226
0.114942,0.129887,-0.051208,1.022013,-0.310174,8.421471
0.176051,0.206801,-0.073900,0.829712,1.808147,10.960845
0.193596,0.237374,-0.060905,1.413408,-0.559114,12.020653
0.191905,0.241427,-0.068405,1.282672,-0.981180,12.975806
0.182806,0.266154,-0.097333,1.290067,-1.059456,14.137569
0.177026,0.274820,-0.070722,1.004193,-1.005884,14.309067
0.224034,0.304972,-0.055420,1.467804,-0.334773,12.720127
0.241549,0.295430,-0.086659,1.716364,0.183984,11.082190
0.245586,0.252223,-0.091569,1.209939,1.821425,10.974156
0.252158,0.230254,-0.114310,1.530762,1.411002,9.766094
0.238739,0.202340,-0.080701,1.881201,0.344216,7.712968
0.256835,0.182360,-0.105818,2.227604,1.953185,5.777646
0.234777,0.168167,-0.131795,1.840522,1.747101,4.444752
0.194971,0.118766,-0.112488,1.126474,2.208874,3.837855
0.163289,0.079675,-0.110870,0.998619,0.970614,1.473455
0.141254,0.024104,-0.113371,1.316310,-0.438383,-1.267660
0.155956,-0.002415,-0.123606,0.126613,-0.552041,-1.589207
0.136051,-0.001647,-0.155393,-0.217393,0.138696,-3.092939
0.071023,-0.068333,-0.128631,-1.016975,-0.634755,-4.084731
0.078661,-0.132252,-0.121741,-0.710238,0.001828,-4.189848
0.090189,-0.158662,-0.138400,-1.228183,-0.590763,-2.243308
0.062557,-0.196338,-0.133125,-1.805019,-2.021030,-2.256802
0.034371,-0.199529,-0.142270,-2.800035,0.230847,-3.863156
0.000161,-0.254198,-0.143478,-1.299764,-0.121723,-5.510038
0.008167,-0.290554,-0.144206,-2.052732,0.103387,-5.536678
0.033912,-0.293784,-0.162138,-1.893832,1.981736,-5.874506
0.010590,-0.332120,-0.152898,-1.415840,1.467535,-7.155682
-0.009128,-0.369549,-0.134553,-1.115481,1.483600,-7.343417
0.015980,-0.346828,-0.160070,-1.149293,1.141176,-6.408670
0.027849,-0.373190,-0.145414,-1.097956,0.815338,-5.913609
0.032254,-0.378320,-0.138757,-0.577423,1.320699,-5.366843
0.027130,-0.387600,-0.138757,0.625872,0.777652,-4.976844
0.037365,-0.370964,-0.140402,0.285907,-1.100651,-4.106833
0.053009,-0.337270,-0.166806,1.388635,1.711470,-4.218741
-0.000239,-0.338330,-0.125408,1.312243,-1.466498,-4.854665
0.014263,-0.343789,-0.112285,1.943082,-1.485116,-3.925768
0.051361,-0.312524,-0.113374,1.766457,-1.003024,-1.328334
0.053367,-0.283704,-0.131937,2.193863,-0.543463,-0.722251
0.032533,-0.258583,-0.123878,2.541474,0.405246,-0.677407
0.017296,-0.276361,-0.070555,2.691018,0.179950,-0.114742
0.069483,-0.222243,-0.090985,2.126639,0.743078,0.223639
0.068032,-0.199273,-0.069117,1.575295,1.215316,-0.047924
0.060434,-0.178019,-0.074412,2.069151,1.827606,-0.758629
0.030600,-0.182775,-0.078561,2.096582,0.791370,-0.387599
0.030032,-0.142352,-0.070525,1.543245,0.488302,-0.467428
0.013564,-0.090752,-0.095613,0.702150,0.622416,-2.182096
-0.022802,-0.091326,-0.059254,0.806859,1.013200,-3.438427
-0.046226,-0.069915,-0.025897,-0.149423,-1.247018,-2.212808
-0.032075,-0.028251,-0.061656,-0.436860,-1.432587,-1.541024
-0.018460,-0.000899,-0.091461,-0.776270,0.890358,-2.440810
-0.059103,0.018376,-0.074235,-1.012649,-0.965375,-2.864849
-0.093884,0.036918,-0.041440,-1.294663,-1.749920,-1.570942
-0.076451,0.094453,-0.066206,-2.042911,-0.845198,-0.758502
-0.068757,0.116367,-0.032882,-2.082316,0.525075,-0.704671
-0.077465,0.111299,-0.033047,-1.966391,-0.493147,-1.208771
-0.111491,0.135887,-0.036227,-1.767675,-1.225443,-1.155751
-0.126531,0.173136,-0.051786,-2.451893,-0.055913,-0.512292
-0.087076,0.203263,-0.047722,-1.871246,0.910830,-1.025140
-0.093148,0.182514,0.013334,-2.123875,-2.903386,-1.805897
-0.061821,0.207500,-0.003386,-1.475003,0.263209,-0.477166
-0.076520,0.274232,-0.044860,-1.667265,0.562984,-0.066517
-0.103170,0.294295,-0.028064,-1.754706,1.280472,-0.704526
-0.093647,0.295063,-0.010778,-1.186129,-0.095201,-0.099969
-0.099142,0.343928,-0.008770,-0.898751,-0.751357,2.433886
-0.128179,0.376044,-0.004046,-1.261848,-2.105583,5.725210
-0.138305,0.387998,-0.036644,-0.744805,-1.480866,5.602207
-0.162510,0.379356,0.007997,-0.510436,-2.112666,5.151393
-0.117255,0.379021,-0.000662,-0.181292,-2.016395,6.133451
-0.103744,0.406872,-0.031077,-0.035149,-1.389506,6.072033
-0.149823,0.390168,-0.004059,-0.086653,-1.342685,4.532896
-0.119418,0.369659,0.015366,0.359463,-1.063412,5.243496
-0.075108,0.390352,0.009261,0.356551,-0.349563,7.790942
-0.089488,0.402195,0.002423,-0.119340,0.154521,10.122156
-0.093336,0.376454,-0.007066,-0.315971,0.627431,9.378811
-0.123823,0.347148,0.006563,0.195551,0.566532,8.764847
-0.110860,0.331517,0.000342,0.439042,0.835561,10.943974
-0.087519,0.329847,0.019364,-0.120544,-1.433129,11.024827
-0.123741,0.249017,0.001061,-0.165323,-0.616439,8.840509
-0.171241,0.183089,-0.008514,1.183726,-1.727045,7.724598
-0.190404,0.138713,0.015885,0.958163,-2.149971,7.501770
-0.150522,0.093695,-0.028743,0.840957,-1.560261,5.869539
-0.166215,-0.001358,-0.012105,1.418634,-1.267822,3.420597
-0.175177,-0.097491,-0.003147,1.779961,-1.392998,1.647664
-0.180671,-0.150538,0.020762,2.248299,-1.452482,0.866273
-0.185684,-0.186163,0.000992,1.335696,-1.363151,0.457252
-0.199677,-0.252711,-0.012915,1.816492,-0.189899,-2.232631
-0.182795,-0.354266,-0.001617,1.729185,-0.048035,-2.994599
-0.166701,-0.403683,0.003963,1.754998,-0.620617,-2.121469
-0.243747,-0.432973,-0.004775,0.816927,-0.544583,-2.628220
-0.292839,-0.518060,-0.019378,1.260676,1.363243,-5.562432
-0.249993,-0.574285,0.011004,0.981590,-0.201725,-7.773456
-0.212074,-0.618801,0.007912,1.007194,-0.394050,-8.140956
-0.237861,-0.687743,-0.027841,0.414244,0.265300,-9.395078
-0.264200,-0.741854,-0.033742,0.290342,0.369790,-11.469452
-0.262397,-0.785763,-0.021266,0.599518,0.095260,-11.776819
-0.196827,-0.790637,-0.030916,0.406566,-0.705271,-12.091095
-0.151310,-0.758597,-0.054405,-0.264971,-0.397736,-13.233524
-0.181630,-0.795784,-0.035755,-0.401084,-0.096320,-13.591609
-0.231917,-0.827220,-0.030752,-0.294940,-2.163468,-11.499599
-0.202992,-0.745300,-0.045756,-0.805008,-1.126158,-9.892130
-0.170975,-0.707027,-0.065336,-1.045486,-1.263880,-10.099458
-0.157100,-0.721929,-0.066869,-1.008719,-0.997461,-10.379703
-0.169409,-0.705753,-0.047489,-0.118525,-1.500547,-9.778472
-0.162926,-0.642868,-0.050043,-0.449372,-0.808294,-7.996068
-0.146964,-0.598736,-0.088241,-0.813286,0.649460,-7.443348
-0.110834,-0.555020,-0.084607,-0.140695,0.259789,-8.025508
-0.084440,-0.512506,-0.044125,0.666342,-0.242680,-5.461739
-0.066252,-0.448922,-0.077665,0.745737,1.059473,-1.602743
-0.072357,-0.397388,-0.090273,1.622079,1.115727,-0.688020
-0.098742,-0.335238,-0.073142,1.552380,-0.331441,1.635683
-0.085100,-0.263609,-0.068592,2.700088,-0.411877,2.443015
-0.029115,-0.179217,-0.092918,2.017695,-0.070858,2.630515
-0.048639,-0.131861,-0.093755,2.537600,0.363622,2.190985
-0.120268,-0.126879,-0.088907,3.108741,-0.438924,3.326948
-0.051182,-0.054360,-0.079368,3.305914,-0.180876,5.167940
0.026526,0.045728,-0.087988,2.390196,-1.081921,5.652241
-0.003994,0.063401,-0.103153,2.338468,0.278728,4.626531
-0.014472,0.092897,-0.099549,2.404747,-0.299125,5.693625
0.018130,0.115172,-0.066655,2.895783,0.136782,8.723362
0.040943,0.168653,-0.089685,2.306359,-0.063348,10.640097
0.031138,0.215677,-0.113184,1.362701,0.444563,10.167116
0.026014,0.216711,-0.074560,0.220064,-0.410975,8.490377
0.040929,0.227674,-0.070831,1.059472,-0.103853,8.361052
0.036528,0.256267,-0.090742,0.761877,0.888553,8.388047
0.060082,0.249384,-0.076565,-0.637633,0.256726,7.838859
0.086053,0.245324,-0.085687,-1.207507,0.454046,7.690973
0.039173,0.245104,-0.070217,-0.211458,0.970371,6.872972
0.052552,0.229726,-0.078203,-0.789758,0.825438,5.476340
0.092546,0.214223,-0.079825,-1.418309,-0.126108,4.539231
0.073353,0.172033,-0.075544,-1.653026,0.176940,3.290453
0.061435,0.182810,-0.065319,-1.172257,0.030553,1.540069
0.062495,0.176041,-0.037458,-1.248626,-1.264103,-0.657060
0.062485,0.140857,-0.080389,-1.777276,-0.261069,-0.516362
0.026835,0.113603,-0.087151,-1.861366,0.657147,-0.541499
0.034676,0.091134,-0.050414,-1.327838,-0.436742,-0.294452
0.047895,0.085223,-0.053516,-0.979516,-0.905910,-0.384893
-0.030021,0.064918,-0.058784,-2.011626,-0.592359,-0.273573
-0.035657,0.049569,-0.065805,-1.760638,-0.475058,-1.779300
-0.008350,0.041790,-0.045490,-0.812065,-0.138187,-2.866477
-0.053910,0.024084,-0.029406,-0.767575,0.231888,-2.253777
-0.065970,0.006566,-0.066344,-1.147380,1.469351,-0.908151
-0.013943,-0.005957,-0.034451,-0.927072,0.735010,-0.292640
-0.043859,-0.037928,-0.010998,0.457516,0.837035,0.105099
-0.104013,-0.050854,-0.025681,0.546730,0.785888,0.891216
-0.092213,-0.121617,-0.007069,0.439459,-0.230778,-1.010868
-0.056884,-0.160970,-0.022776,1.217568,0.506053,-1.818422
-0.091382,-0.157553,0.015793,2.280313,0.520060,-3.933925
-0.106744,-0.178810,0.000126,1.772119,-0.406336,-5.647457
-0.107030,-0.212347,-0.046964,2.033428,0.984840,-6.250881
-0.175334,-0.234326,0.067521,1.048375,-10.916904,-5.267203
-0.091451,-0.217034,0.026950,2.118896,-2.261712,-2.745192
-0.069505,-0.217375,0.001376,1.165006,-1.414485,-0.859985
-0.130837,-0.258239,0.000799,0.540145,-0.534949,1.091076
-0.142280,-0.256154,0.009901,0.812010,-0.410019,1.864852
-0.086111,-0.259804,0.038888,1.545106,-0.613169,0.369360
-0.106409,-0.311595,0.015163,0.342851,-1.185525,-0.571757
-0.186550,-0.345739,-0.002297,0.947469,-0.453630,-2.150471
-0.194011,-0.360260,0.054407,0.980895,-1.025890,-1.429076
-0.143521,-0.357861,0.044445,0.605774,-0.812909,-1.253842
-0.193775,-0.378245,0.006316,0.544468,0.185491,-2.706335
-0.221607,-0.425308,0.018035,1.095202,-0.212748,-3.281419
-0.208451,-0.428906,0.030918,1.430996,-2.610471,-3.742837
-0.243950,-0.424251,0.037342,0.314169,-0.997093,-5.190105
-0.250092,-0.438681,-0.012978,0.759750,1.715671,-7.171963
-0.204272,-0.441609,0.040050,1.054664,-0.367489,-8.239031
-0.235846,-0.433032,0.038061,0.456926,-2.518001,-7.350800
-0.292527,-0.394223,-0.025569,0.102376,-0.573957,-8.577869
-0.273768,-0.398143,0.000789,-0.394477,-1.505500,-9.115086
-0.238255,-0.385013,0.022614,0.379499,-1.979117,-7.410114
-0.295120,-0.326661,-0.000229,-0.213362,-1.307513,-6.341284
-0.319935,-0.313666,0.001445,-0.519150,-2.271500,-6.895774
-0.299003,-0.321590,-0.005188,-0.729216,-1.675327,-6.264354
-0.298636,-0.270295,-0.008389,-0.460332,-1.122420,-4.239391
-0.305493,-0.200244,-0.020087,-0.958757,-1.739952,-3.579195
-0.274204,-0.163734,-0.047657,-1.247392,0.187723,-3.521946
-0.331782,-0.141971,-0.017905,-0.977159,-0.564159,-2.919863
-0.327508,-0.099329,-0.011442,-1.102827,-0.371720,-2.537606
-0.270650,-0.010703,-0.042369,-1.901966,-0.330492,-2.758226
-0.307616,0.023687,-0.031796,-0.869341,-0.635198,-3.537547
-0.347613,0.045088,-0.025320,-1.244477,-1.761169,-1.677963
-0.299735,0.114187,-0.058377,-1.388212,-1.520984,0.991608
-0.294986,0.159416,-0.037484,-1.176862,-1.108007,2.534702
-0.334385,0.194469,-0.047319,0.278265,-1.180588,4.053217
-0.328519,0.228347,-0.044942,-0.363465,-2.655962,4.795281
-0.311463,0.239284,-0.046800,-0.680594,-1.835727,6.652492
-0.319880,0.283430,-0.044345,0.612142,-1.027912,8.111049
-0.320464,0.304992,-0.046068,1.234682,-2.004890,8.644045
-0.264758,0.301283,-0.039946,0.759142,-2.152774,10.672859
-0.274195,0.310707,-0.061916,1.058245,-0.867775,13.655628
-0.288732,0.316024,-0.030985,2.794835,-0.212689,13.876506
-0.211677,0.293802,-0.036276,1.988882,-1.463639,13.999271
-0.234776,0.252378,-0.054100,2.047736,-1.528005,13.613029
-0.303254,0.236228,-0.062936,2.096565,-0.436233,11.743831
-0.216138,0.218273,-0.024840,3.221670,-1.759948,8.791501
-0.189810,0.163319,-0.035590,2.432799,-1.694195,7.868933
-0.251989,0.088377,-0.093053,2.642448,1.464650,7.856647
-0.240661,0.049648,-0.070998,2.610644,-0.572914,7.564868
-0.204334,-0.009768,-0.021935,2.524782,-2.160757,6.705189
-0.234677,-0.061647,-0.054862,1.590889,-1.765243,5.765039
-0.230863,-0.145073,-0.054464,1.514110,-1.038977,4.338295
-0.174763,-0.212741,-0.043491,1.310655,-0.907965,4.465265
-0.242187,-0.244787,-0.044345,1.126838,-0.707175,2.297216
-0.250062,-0.307859,-0.067135,0.295676,-0.992787,-0.474619
-0.167860,-0.372037,-0.080737,-0.640541,-0.728705,-1.588608
-0.197254,-0.428653,-0.041279,-0.707460,-0.236490,-1.519178
-0.233807,-0.455431,-0.048753,-1.046425,-0.027398,-2.216480
-0.197491,-0.530615,-0.044213,-1.620257,-0.513462,-5.347887
-0.180248,-0.601805,-0.042982,-1.841388,-0.414037,-5.992544
-0.172603,-0.603646,-0.051822,-0.605380,0.891169,-6.684124
-0.146806,-0.633310,-0.047962,-1.134358,0.474821,-9.633155
-0.141518,-0.729945,-0.025375,-1.349305,-0.509287,-11.840936
-0.203064,-0.759897,-0.021817,-0.503828,-1.210514,-11.398254
-0.149370,-0.729367,-0.037438,0.642672,3.563303,-11.703892
-0.085353,-0.765234,-0.030490,-0.107936,-0.912294,-12.618279
-0.164371,-0.814136,-0.051628,0.967614,0.018720,-13.160568
-0.204315,-0.803114,-0.011153,1.846168,-0.742225,-10.966839
-0.099250,-0.777800,-0.019296,1.747085,-1.327940,-8.928328
-0.106839,-0.767486,-0.035367,1.605244,0.243160,-9.439463
-0.116641,-0.773047,0.013705,3.310983,0.566710,-9.738631
-0.025963,-0.741112,-0.002648,2.858032,0.290253,-6.880915
-0.047772,-0.725435,-0.003091,2.418639,0.867910,-6.494868
-0.100517,-0.703662,-0.019487,3.677447,1.320147,-8.117330
-0.011918,-0.652551,-0.006518,3.323416,0.648295,-7.252921
0.019328,-0.603184,0.001682,2.038450,0.639160,-4.704130
-0.069295,-0.557978,-0.018056,3.324716,1.338660,-3.690193
-0.090522,-0.513419,-0.016060,2.557604,-1.346069,-1.383837
-0.003269,-0.507517,-0.023623,1.648979,-0.536176,1.307919
-0.023981,-0.459367,-0.003193,2.340608,0.155785,1.699044
-0.039375,-0.352464,-0.000662,2.252701,0.030258,1.480077
0.004826,-0.343401,-0.030168,0.870519,-0.075365,0.284633
-0.011229,-0.339380,-0.023951,0.944798,-0.510856,0.958153
0.005384,-0.220776,-0.048615,1.505766,0.617000,2.138626
0.068502,-0.165254,-0.021975,-0.137856,-0.468561,3.013265
0.042462,-0.159841,-0.030535,-0.912862,0.245645,4.934772
-0.047677,-0.101502,-0.016582,0.105212,-0.423546,6.795880
0.040181,-0.029151,-0.017786,0.145566,0.016704,7.421372
0.109972,0.014900,-0.042044,-0.967039,0.237163,5.972304
0.005880,0.020296,-0.029380,-0.472806,0.400467,4.465081
0.005994,0.069700,-0.024371,0.010005,0.808556,4.311722
0.060660,0.128456,-0.043419,-1.129700,-0.463727,4.117149
0.018061,0.148311,-0.020061,-0.504911,0.065018,3.029220
0.022049,0.172595,-0.025677,0.250653,-0.266869,3.261472
0.053652,0.166073,-0.023547,0.016478,-1.309260,5.344817
0.019666,0.196596,-0.047896,-0.402575,-0.225474,5.729725
-0.004621,0.254692,-0.061187,0.534860,0.536229,3.549311
0.021041,0.244382,-0.031514,0.734872,-1.122935,3.430090
0.027455,0.237814,-0.038305,0.172866,-1.498542,4.058937
-0.049462,0.278815,-0.078000,0.796168,0.197809,2.651385
-0.048681,0.273014,-0.033683,1.337515,-0.048502,0.809100
0.019196,0.215440,-0.050680,0.121591,-1.412213,1.612443
-0.000567,0.247182,-0.086314,0.152607,0.591597,0.496334
-0.031770,0.261099,-0.022753,0.395888,0.125898,-0.390227
0.034804,0.237144,-0.047801,0.013799,0.362588,0.184050
0.016885,0.224687,-0.088063,-1.004840,1.073872,0.752989
-0.058916,0.225780,-0.052981,-0.577634,0.406914,0.763018
-0.001588,0.236192,-0.040488,-1.159722,-0.201877,2.795292
-0.008547,0.190563,-0.055538,-1.850301,-1.344684,3.627818
-0.084982,0.159186,-0.065146,-1.841674,-0.210930,3.809572
-0.057639,0.151971,-0.065336,-0.746509,-0.992229,3.653013
-0.034091,0.130353,-0.028280,-1.685857,-1.980321,3.326602
-0.073953,0.101615,-0.060563,-2.007710,-0.247148,2.636272
-0.104811,0.064028,-0.053486,-1.030407,-0.412839,2.104385
-0.075000,0.030695,-0.012272,-0.736783,-1.373221,3.692049
-0.097127,0.020674,-0.055131,-1.535912,-0.833493,5.465987
-0.161298,-0.026574,-0.048316,-0.041401,-0.149532,4.233726
-0.132610,-0.102234,-0.024191,0.982824,-0.357917,3.890828
-0.128884,-0.127423,-0.022155,0.583778,-0.714863,3.555520
-0.188585,-0.149179,-0.022897,0.883298,0.531912,-0.688241
-0.167578,-0.182286,-0.021604,1.142397,0.446782,-3.056176
-0.119326,-0.223346,0.015734,1.817279,0.053152,-2.631151
-0.165280,-0.230144,-0.032662,1.455732,0.477992,-0.635173
-0.226993,-0.239706,-0.031307,2.496741,0.669102,0.669484
-0.205802,-0.342834,0.008568,2.504244,-1.097083,2.228438
-0.205992,-0.368876,0.011053,1.779577,-4.390941,3.191910
-0.227367,-0.366615,-0.025379,2.911007,-0.494933,1.210225
-0.203908,-0.404865,-0.014113,3.241382,-0.666322,-3.479763
-0.213814,-0.498805,0.019584,2.507963,-2.123140,-6.029745
-0.251260,-0.504510,0.020332,2.492575,-4.203799,-7.844383
-0.195360,-0.497994,0.009051,1.710256,-0.614036,-8.444914
-0.124026,-0.513698,0.000969,1.620140,-0.924902,-8.370014
-0.208621,-0.553290,0.028801,1.483764,-0.538339,-7.702771
-0.208411,-0.539977,0.003152,0.799914,-0.215571,-7.904628
-0.145070,-0.539695,-0.007256,-0.374634,-0.528295,-8.991475
-0.187253,-0.561017,0.004616,0.002223,0.127700,-9.911557
-0.240835,-0.538178,-0.000514,-0.038614,-0.612930,-10.201003
-0.220497,-0.529975,0.016400,-1.565913,-1.845482,-10.231986
-0.239965,-0.496107,-0.038351,-1.575869,-0.195407,-10.197134
-0.315452,-0.481313,-0.007253,-0.900632,-0.883380,-10.080760
-0.272176,-0.475287,-0.011527,-1.542424,-2.030565,-7.817031
-0.276985,-0.470882,-0.014704,-2.652220,-1.766927,-6.128394
-0.359318,-0.426992,-0.012328,-0.793759,-0.528761,-6.528226
-0.318343,-0.355704,-0.028707,-1.052435,-0.376315,-5.603199
-0.267233,-0.333065,-0.032301,-2.283773,-0.028350,-3.303994
-0.324219,-0.289080,-0.022352,-1.025273,-0.030162,-2.273880
-0.325630,-0.200612,-0.012059,-0.016776,0.720210,-2.429909
-0.272921,-0.181200,-0.016030,-0.975606,-0.472917,-1.363535
-0.297431,-0.135255,-0.024049,0.034843,0.347384,1.324263
-0.350157,-0.058394,0.001442,1.117867,-0.748498,2.047192
-0.263047,-0.003167,0.009008,1.346706,-1.667922,2.837276
-0.287866,0.024550,-0.038971,0.391992,-0.336391,4.377616
-0.367655,0.049756,-0.032728,2.137307,-1.037247,5.055901
-0.277533,0.134456,-0.023724,2.816676,-1.983857,7.413940
-0.248388,0.143634,-0.013716,1.488779,-2.651324,9.555040
-0.320818,0.167244,-0.034172,2.223212,-1.256934,10.810430
-0.274723,0.220866,-0.024122,3.201742,-1.900128,12.352001
-0.187095,0.245140,-0.010339,2.182316,-2.001047,13.574169
-0.235262,0.267641,-0.049876,1.391041,-0.196398,11.960932
-0.232045,0.277413,-0.021673,2.369536,0.707073,10.538342
-0.128313,0.273290,-0.014970,1.898040,-0.512123,12.076488
-0.149790,0.289420,-0.027417,0.208116,-0.147211,13.032935
-0.212101,0.283308,-0.037980,1.186637,0.934244,11.010515
-0.108500,0.267838,-0.021814,1.352039,0.010238,10.691424
-0.096178,0.222468,-0.008930,-0.251927,-1.201802,11.442854
-0.162982,0.226059,-0.066938,-0.523519,-0.020023,8.571293
-0.127972,0.182455,-0.018157,1.092254,-0.443737,4.225925
-0.072266,0.081222,-0.002759,-0.017413,-2.409336,4.360577
-0.094973,0.059265,-0.027450,0.095778,-1.079207,5.100399
-0.079914,0.052743,-0.021039,0.605360,-1.223742,2.585496
-0.021286,-0.039950,-0.014517,0.152995,-1.920006,3.135707
-0.098335,-0.112928,-0.036253,-0.596173,-1.533329,3.476949
-0.128894,-0.103544,-0.060567,-0.549155,-0.035634,0.902725
-0.003108,-0.139463,-0.009876,0.764424,-0.265641,-1.244132
-0.029617,-0.235304,-0.018427,-1.129493,-1.783749,-2.200122
-0.095115,-0.281052,-0.086110,-1.032054,1.120480,-3.679794
-0.026840,-0.306326,-0.057629,1.315995,1.289696,-5.012509
-0.008852,-0.374168,-0.005881,-0.180235,-0.249560,-5.109888
-0.042300,-0.423815,-0.023659,0.165560,2.726961,-6.600956
-0.027657,-0.444133,-0.019431,1.320374,1.789405,-7.443059
-0.001188,-0.516911,0.008995,0.706227,-0.548249,-7.212821
-0.041322,-0.509299,-0.018056,0.391287,0.700653,-7.576805
-0.015263,-0.516901,-0.036096,1.146638,1.254879,-9.739295
0.067973,-0.577157,-0.013765,0.844693,-0.181817,-8.129742
0.005899,-0.593248,-0.000084,0.780889,-0.734012,-7.922368
-0.042297,-0.549759,-0.021781,1.172054,0.058913,-8.701594
0.084563,-0.560417,-0.009587,0.686897,0.395065,-7.551960
0.095438,-0.569335,0.009139,-0.055440,-0.924896,-5.582956
0.023070,-0.500246,-0.000498,0.950762,0.370249,-5.473705
0.051515,-0.460946,-0.040278,0.289331,0.537995,-5.208208
0.087527,-0.508948,0.026234,-0.124929,-0.092249,-3.569006
0.063614,-0.466854,-0.009594,0.205018,0.781293,-1.732377
0.133550,-0.361786,-0.020150,1.336927,2.165943,-1.696907
0.122541,-0.414555,-0.007270,-0.193404,0.251225,-1.343486
0.068469,-0.438166,-0.008090,1.075357,2.171451,-0.328774
0.095109,-0.339902,-0.023032,2.024880,0.945421,-0.606049
0.151370,-0.318386,-0.033027,0.939024,0.337015,-1.788684
0.093537,-0.307012,-0.038246,0.952390,0.434779,-2.014143
-0.012039,-0.246021,0.011053,2.577016,-0.277875,-2.081958
0.059429,-0.176486,-0.022113,1.939796,-0.435701,0.194933
0.080545,-0.171585,-0.026262,1.020490,-0.815683,0.619300
-0.005159,-0.156539,-0.015042,2.262775,0.069502,-0.200152
0.024550,-0.104069,-0.018187,2.720363,0.167214,1.566804
0.058536,-0.084752,0.008240,1.821458,-1.105574,2.481447
-0.004874,-0.038443,-0.010398,1.197644,1.245035,0.165425
0.012530,0.022522,-0.005622,2.156641,1.232851,-1.806534
0.086998,0.016784,0.008791,1.391176,0.294270,0.102738
0.009625,0.026549,0.007380,0.394657,0.370856,0.963569
-0.029164,0.098674,-0.025746,0.367613,1.685798,-1.742840
0.071249,0.124783,0.017395,0.474890,0.581996,-1.237293
0.079354,0.104412,-0.000173,-1.177657,0.220865,2.505768
0.002791,0.197679,-0.030207,-0.829610,2.507819,1.388134
0.009608,0.240361,-0.004903,-0.733182,-0.137492,-0.838115
0.055963,0.209870,-0.030375,-1.812818,2.903615,-0.143694
-0.026351,0.254387,0.007383,-2.358402,-0.164585,0.875048
-0.006742,0.378410,-0.031658,-2.238147,-1.430405,0.361969
0.023591,0.344861,-0.000216,-3.383334,-0.624947,1.355893
-0.039727,0.313060,-0.008546,-3.444843,-0.917996,3.105137
-0.048195,0.375420,-0.003964,-1.535649,0.404711,3.416012
0.030192,0.400422,0.005502,-2.158226,-0.943905,4.430011
-0.006164,0.381246,0.000874,-3.787185,-1.354439,3.841384
-0.099454,0.386081,-0.008051,-1.893609,0.427222,3.173531
-0.044204,0.438351,0.002666,-0.444744,-0.476003,3.451452
-0.052239,0.435495,0.018875,-2.286566,-1.045178,5.251778
-0.116917,0.429354,-0.002674,-1.387267,0.700577,4.246809
-0.095807,0.440488,0.022725,0.343110,-0.001934,5.759275
-0.092338,0.404322,0.042430,-0.122885,-0.797314,7.911623
-0.161124,0.422224,0.012579,-0.244906,-0.722422,7.488082
-0.137337,0.436618,0.018031,1.012593,-0.161240,5.728410
-0.078128,0.364880,0.037247,0.930906,-0.730996,6.666431
-0.134025,0.363984,0.039600,0.920543,-1.342156,7.541558
-0.182477,0.363485,0.023418,1.562240,-0.548302,6.478063
-0.118722,0.297268,0.023162,2.217349,-0.424836,7.064138
-0.129114,0.191446,0.040651,1.541315,-1.448212,7.440205
-0.121715,0.206919,0.045880,2.499252,-0.193152,7.175016
-0.078082,0.190067,0.024111,1.498111,-0.657486,4.909727
-0.112068,0.068121,0.042962,1.005408,-1.325872,3.726011
-0.125553,0.030948,0.032944,1.785843,-0.394037,3.490224
-0.077695,0.035376,0.052720,1.187107,-0.598976,2.505510
-0.069955,-0.057754,0.045794,-0.117127,-0.589532,1.992679
-0.105625,-0.130348,0.014362,0.452898,1.334308,1.678133
-0.115341,-0.173256,0.049359,0.763170,-1.253911,0.601175
-0.040892,-0.246159,0.033413,-0.022914,-0.165290,-0.377233
-0.077852,-0.308191,0.013544,-0.428003,-0.617584,-4.241918
-0.146478,-0.389927,0.020966,0.915538,-0.004628,-7.552383
-0.096135,-0.469615,0.032812,0.465663,-0.944075,-7.335662
-0.099516,-0.501779,0.006664,-0.841249,-1.414842,-8.403629
-0.168707,-0.513406,-0.005523,-0.035378,0.009089,-10.150660
-0.123865,-0.591482,0.014739,0.808334,-0.447853,-10.388431
-0.114310,-0.630310,0.038918,-0.802592,-1.868767,-8.205891
-0.204167,-0.629630,-0.002454,-0.234399,-0.617509,-10.235911
-0.207154,-0.664765,0.011371,0.076901,0.144198,-11.643594
-0.166343,-0.700449,0.064852,-0.716868,-4.928203,-10.435494
-0.214763,-0.661440,0.001570,-0.374188,-0.565679,-10.341356
-0.267305,-0.622514,0.008975,0.161316,0.938781,-12.867726
-0.241748,-0.659103,0.034014,-0.226189,-1.005775,-12.990862
-0.283412,-0.667562,0.015652,-0.120577,-1.386617,-11.458522
-0.326960,-0.598834,-0.017783,0.298344,-0.185015,-10.875897
-0.267295,-0.533714,-0.008527,-0.003719,-0.636911,-10.833622
-0.311188,-0.554098,0.024353,-0.198633,-1.215825,-9.327262
-0.367235,-0.491525,0.011496,0.634233,-0.743252,-6.976216
-0.313738,-0.386792,-0.019270,0.034046,0.060564,-4.703639
-0.295419,-0.380250,0.017060,0.132407,-0.429796,-4.011868
-0.330229,-0.302210,0.002634,0.403418,-0.890125,-1.488448
-0.319752,-0.231519,-0.002973,0.793881,-1.508976,0.943058
-0.298104,-0.190217,-0.015036,-0.058178,0.214773,3.175192
-0.328644,-0.128001,0.007285,0.859139,-1.188765,3.067100
-0.315202,-0.061899,-0.013037,1.691348,-0.836746,2.730298
-0.257267,-0.048153,-0.020439,0.410699,-2.037291,2.846543
-0.290049,-0.001516,-0.016792,1.619827,-1.003074,4.113662
-0.324432,0.100798,-0.022786,2.371676,-1.526472,4.561641
-0.256597,0.114062,-0.025914,1.169293,-1.823299,7.064722
-0.258728,0.127586,-0.032515,1.209073,-1.527365,9.537866
-0.306957,0.226112,-0.058942,2.678502,-0.681277,10.238126
-0.285703,0.238821,-0.040632,1.689894,-1.659516,10.020731
-0.272478,0.195431,-0.048356,1.005079,-1.685335,10.136963
-0.295632,0.239626,-0.018338,2.293331,-0.852282,9.811596
-0.292698,0.290838,-0.036208,1.766578,-0.745055,10.072337
-0.258403,0.254922,-0.028205,0.904275,-0.670917,9.334268
-0.325827,0.220827,-0.032229,0.831366,-0.693793,10.259932
-0.314447,0.269525,-0.040750,2.298754,-0.699698,10.639699
-0.233102,0.249778,-0.018473,-0.116835,-1.304714,8.925175
-0.260727,0.205839,-0.026012,-0.193693,-0.625052,6.147831
-0.311470,0.187264,-0.016651,0.944833,-0.858289,4.778705
-0.210542,0.163621,-0.034304,-0.169574,-0.694594,5.058515
-0.187745,0.145104,-0.042401,-1.297318,0.031341,2.612196
-0.237894,0.116232,-0.014747,-0.173273,-0.490367,1.355766
-0.158728,0.104540,-0.013441,-0.920189,-0.809742,3.045298
-0.163104,0.033606,-0.021299,-2.297454,-2.039858,3.051795
-0.215157,0.013206,-0.036811,-0.441271,-0.851343,-0.256993
-0.156690,0.004261,-0.057235,-0.262205,-0.758237,-2.221220
-0.104552,-0.089449,-0.025861,-2.239571,-2.469437,-2.578971
-0.148054,-0.098341,-0.026767,-1.801940,-0.682127,-3.924007
-0.131366,-0.094842,-0.021312,0.182664,0.152292,-5.824057
-0.051081,-0.156391,0.004199,-1.768147,-1.363029,-4.195922
-0.027539,-0.196049,-0.047391,-1.984201,-0.000167,-2.454495
-0.078128,-0.150453,-0.050161,-0.004408,0.652060,-3.148365
-0.024716,-0.173919,0.030124,-0.619501,-0.810864,-3.909227
0.011496,-0.227699,-0.008238,-1.809519,0.166830,-3.568134
-0.030749,-0.202312,-0.030847,-0.506638,1.364381,-5.598232
0.012484,-0.206901,0.022528,0.435173,0.212370,-6.365718
0.077788,-0.243993,0.004268,-0.000351,0.213372,-4.878315
0.035408,-0.265220,-0.033431,0.068528,1.130140,-3.910498
0.045761,-0.259187,0.004002,1.995900,0.734810,-3.336472
0.117010,-0.273065,0.010009,1.331062,-0.811694,-1.719098
0.071466,-0.275297,0.003733,0.982828,-0.531430,-2.575109
0.057578,-0.278902,0.002890,1.989194,0.115667,-3.308758
0.132651,-0.280428,0.008312,3.126880,-0.874350,-2.290727
0.091528,-0.299341,0.040490,1.638416,-0.867558,-0.795186
0.070333,-0.291618,0.001065,2.865772,1.778707,-0.801827
0.131928,-0.308263,0.001734,3.325763,0.883797,-0.614405
0.150779,-0.356200,0.050994,2.543046,-0.550022,-0.025380
0.109926,-0.315465,0.024074,2.260674,0.926508,-2.134411
0.107694,-0.307009,0.019397,2.683026,1.163578,-4.112600
0.160827,-0.355041,0.047245,2.060016,0.722619,-4.544820
0.131521,-0.310872,0.033846,1.185351,1.450162,-5.050320
0.109273,-0.246842,0.000904,1.335805,2.700206,-5.473303
0.130632,-0.298025,0.023956,0.921758,1.164146,-4.392010
0.107701,-0.336741,0.049881,-0.279092,-1.023074,-0.972516
0.108180,-0.253433,0.002945,-0.518300,0.605511,-0.871822
0.134899,-0.225165,0.000316,-0.647113,1.500668,-3.364056
0.113737,-0.263694,0.020861,-1.042988,-0.238223,-3.579693
0.048994,-0.208887,-0.016411,-1.259064,-1.188377,-1.997211
0.049526,-0.154622,0.003326,-1.185137,-0.789764,-1.571229
0.077099,-0.179355,-0.001893,-1.360042,-1.611109,0.721063
-0.054143,-0.217051,0.028791,-0.657607,-1.141428,3.306418
-0.110102,-0.196565,-0.011566,0.078657,-0.833736,3.326594
-0.075443,-0.209563,-0.007237,0.411152,-1.106595,0.307614
-0.084342,-0.243989,0.015911,1.146438,-0.289252,-4.749164
-0.133309,-0.204800,-0.018994,1.611835,0.415425,-10.014726
-0.121309,-0.187725,0.010301,0.823449,0.915002,-13.618375
-0.074596,-0.157845,0.017490,0.963888,2.462455,-14.743175
-0.075473,-0.067450,0.029116,1.250737,2.931535,-13.534503
-0.035630,-0.014537,0.017194,0.213749,2.959961,-9.662051
-0.032702,0.024435,0.021888,-1.662798,1.407319,-3.601031
-0.136841,0.107261,0.002039,-1.536398,1.425402,0.326067
-0.108399,0.171869,0.037523,-0.963527,-3.060966,1.743709
0.004691,0.193353,-0.008011,-2.743419,-1.360197,4.465418
-0.063350,0.202606,-0.027542,-3.244552,-0.701703,4.588800
-0.111432,0.288901,-0.013171,-1.809549,-1.231794,3.417699
-0.057058,0.308806,0.018156,-1.985366,-3.794420,4.071037
-0.021837,0.296015,-0.004821,-3.339740,-3.350999,6.264741
-0.023065,0.376191,-0.021069,-2.144381,-1.075875,6.811121
0.004343,0.396759,0.009241,-0.602226,-2.068921,8.546610
-0.040912,0.329617,-0.003511,-2.511958,-3.091906,12.205761
-0.123993,0.423846,-0.026232,-1.840591,-0.452300,12.652978
-0.151799,0.535469,0.006510,-1.005270,-0.766390,9.710434
-0.145080,0.543359,0.025112,-1.061426,-1.343722,7.966700
-0.235183,0.552714,-0.011484,-0.980694,0.132236,6.844325
-0.252173,0.551362,0.008013,-0.240091,0.477017,6.901774
-0.196693,0.500806,0.030889,0.243271,0.856893,8.684297
-0.252816,0.448510,0.046113,1.401509,-0.292183,10.715391
-0.308165,0.437360,0.029891,2.352310,0.806754,12.212206
-0.245496,0.364056,0.010964,3.232043,2.173122,12.420649
-0.266346,0.277190,0.035241,2.928086,-0.281427,10.414377
-0.306415,0.256908,0.023086,4.528323,-0.802780,7.664917
-0.251510,0.243814,-0.010181,3.774685,-0.943357,6.696142
-0.278698,0.144281,0.039531,2.880858,-3.454993,6.350968
-0.330587,0.104963,0.039768,3.541993,-3.503481,5.522690
-0.309990,0.066086,0.012159,3.076852,-2.610937,3.961343
-0.276781,-0.107358,0.023556,2.083748,-3.045348,4.000223
-0.296653,-0.168612,0.020428,2.444678,-2.448069,2.626450
-0.291523,-0.166343,0.053377,1.808226,-2.325470,-2.053823
-0.273873,-0.245706,0.045867,-0.165120,-1.765742,-6.185592
-0.263602,-0.343536,0.002092,-0.027608,5.453104,-8.719133
-0.265450,-0.388013,0.069221,-0.361393,0.868425,-9.982123
-0.157284,-0.441379,0.029914,-1.472301,1.378302,-9.280134
-0.169452,-0.549210,0.047225,-3.409248,1.820342,-9.575245
-0.196486,-0.575739,0.061153,-2.207826,3.198391,-10.173151
-0.127368,-0.561520,0.046523,-2.479218,1.757562,-9.901315
-0.089534,-0.647710,0.055878,-3.937474,0.901384,-11.518650
-0.115157,-0.683909,0.036722,-3.474365,0.919697,-13.105962
-0.085815,-0.688947,0.047731,-1.510551,-0.344288,-13.397484
-0.082421,-0.713569,0.044787,-2.947770,-2.584523,-12.385006
-0.158974,-0.697590,0.021603,-2.357913,-2.878603,-14.187559
-0.161801,-0.661345,0.031933,-0.360782,-3.282366,-15.408328
-0.110092,-0.697793,0.052097,-0.564622,-4.819026,-12.944422
-0.161505,-0.706574,0.017132,-0.625813,-3.197955,-12.151688
-0.228109,-0.622780,0.005982,1.565677,-2.416071,-13.447637
-0.210151,-0.621946,0.081622,1.883335,-3.313093,-12.118311
-0.186550,-0.581930,0.051296,0.792315,-0.840668,-8.833679
-0.232724,-0.470822,0.024193,2.209186,2.211228,-7.711753
-0.216276,-0.433209,0.050029,3.707074,2.305312,-6.901296
-0.213499,-0.409001,0.037697,2.145963,2.317848,-4.586221
-0.294204,-0.325995,0.038973,2.322742,3.804612,-3.776370
-0.286596,-0.204814,0.033246,2.608111,2.990642,-4.497257
-0.247108,-0.166731,0.076613,2.634321,1.787540,-2.435278
-0.302082,-0.121466,0.046523,1.650479,0.785885,1.160364
-0.331765,-0.012115,0.026402,2.085441,-0.413958,3.544011
-0.300500,0.025459,0.016804,1.330346,-1.580826,5.778755
-0.295537,0.084379,0.041009,1.285600,-2.490156,7.485540
-0.317273,0.160194,0.031893,1.262826,-3.711765,8.402650
-0.238163,0.177610,0.014060,1.262009,-4.259394,10.894344
-0.244626,0.168682,0.011952,-0.037469,-4.224235,12.397291
-0.288696,0.162547,0.012927,2.112420,-3.038563,11.174926
-0.211608,0.211767,-0.003767,1.898844,-3.096554,11.488383
-0.180186,0.188728,0.018202,0.257511,-2.521146,11.811688
-0.250719,0.215217,-0.006991,0.621805,-0.947115,9.808837
-0.266891,0.274997,-0.002077,1.613604,-0.821903,7.262871
-0.211149,0.263200,-0.010821,-0.417099,0.143242,5.902764
-0.200622,0.281221,-0.002973,-1.348678,1.168423,2.360319
-0.222519,0.307595,-0.003912,-0.161493,2.620075,0.692964
-0.193433,0.287566,0.017037,-0.574742,1.749382,2.140737
-0.169170,0.260554,-0.004296,-1.925245,2.135137,5.003435
-0.133933,0.283059,-0.018184,-1.000261,3.229683,5.237253
-0.094842,0.306495,-0.019753,-1.054418,0.976998,3.339571
-0.108034,0.217262,0.013777,-1.000382,-0.755818,3.113172
-0.134294,0.197801,-0.034501,-1.825938,-3.293254,3.956536
-0.107857,0.188964,-0.030430,-1.092527,-2.830732,2.523358
-0.003649,0.126637,-0.020544,-0.533619,-3.300383,2.044190
0.005532,0.070924,-0.010847,-0.304715,-4.752895,3.191075
-0.028488,0.043418,-0.037511,-0.015664,-2.530471,3.916648
-0.003305,0.014230,-0.074205,0.108977,-1.587167,3.513883
-0.023173,-0.034205,0.000884,-0.227391,-2.688369,1.012314
-0.041105,0.015931,-0.000554,-0.470492,-1.930464,-2.072284
-0.032102,0.046828,-0.008346,-0.581911,0.318977,-4.550835
-0.004624,-0.019326,0.015087,-0.510156,1.860837,-5.787762
-0.015095,-0.053992,0.023290,-0.424652,2.753010,-5.762060
0.003874,-0.069731,0.024751,-0.124788,2.988184,-4.780459
0.075411,-0.103238,0.047800,-0.425837,3.691036,-3.274511
0.068055,-0.142812,0.068978,-0.155922,2.730637,-1.647113
0.048344,-0.116093,0.015547,0.384285,3.663756,-1.148643
0.076097,-0.174461,0.031138,0.441285,2.486053,-1.022481
0.127688,-0.231414,0.033459,0.284345,0.397855,0.916901
0.092132,-0.240957,0.054023,1.397662,-0.265539,0.201552
0.095671,-0.210538,0.020457,1.451068,-1.577103,1.273491
0.107402,-0.300274,0.029175,0.642360,-2.050569,3.337261
0.105633,-0.346024,0.055130,1.547578,-2.986267,4.300014
0.127684,-0.341481,0.071621,2.656415,-4.323237,2.475982
0.187461,-0.404471,0.047193,2.100554,-1.470690,0.609015
0.161326,-0.431985,0.019614,1.835806,-0.062924,-2.329616
0.112641,-0.388817,0.081862,2.908175,-0.555326,-4.184067
0.156511,-0.379328,0.080444,2.538947,0.337540,-4.446100
0.177410,-0.437233,0.080234,1.364930,0.951746,-3.932736
0.134899,-0.496426,0.044340,2.420923,4.795311,-3.670325
0.128456,-0.505068,0.054151,3.437281,3.207113,-3.571586
0.080709,-0.542829,0.127901,2.108721,-0.317280,-3.774966
0.048929,-0.530011,0.046142,1.738711,3.285767,-4.968449
0.043614,-0.511814,0.064668,2.762799,2.925821,-6.922807
0.038950,-0.563496,0.075835,1.896642,0.627064,-7.423660
-0.015929,-0.540840,0.050393,1.179164,0.055821,-7.922579
-0.049338,-0.507297,0.036082,0.496102,1.086546,-7.367316
-0.003945,-0.496124,0.053866,-0.011961,-1.160818,-5.822399
0.009096,-0.474279,0.064606,-0.317306,-0.432051,-4.798600
-0.055164,-0.437250,0.042417,-0.555785,-0.987265,-6.026894
-0.038460,-0.423178,0.033833,-0.594535,-0.071662,-7.735075
-0.028232,-0.439492,0.093537,-1.658297,-1.722978,-8.649004
-0.031708,-0.328791,0.096643,-2.133437,-0.752729,-9.862989
-0.085172,-0.237700,0.061941,-2.221327,-0.249751,-10.603526
-0.066475,-0.209294,0.062328,-2.593703,0.315738,-9.176344
-0.089777,-0.201823,0.102731,-1.904007,0.127135,-6.404430
-0.084430,-0.114497,0.060132,-1.851777,1.836741,-3.517768
-0.094645,-0.073342,0.053439,-1.493296,2.474791,-2.469145
-0.144020,-0.079480,0.092520,-1.294777,0.259418,-2.357966
-0.163527,0.034982,0.084868,-0.934835,-2.186764,-1.512860
-0.140235,0.128866,0.057972,-0.883862,0.135696,-0.110127
-0.135252,0.135237,0.057490,0.139730,1.293628,0.993462
-0.199444,0.169201,0.073705,0.878518,-1.464959,4.087376
-0.224761,0.208393,0.052737,1.383078,-1.719578,8.299093
-0.215596,0.242540,0.032901,1.706001,-0.357907,9.838054
-0.277198,0.244575,0.085686,2.494446,-3.053098,8.214690
-0.283431,0.282520,0.099285,2.629939,-4.034596,8.952894
-0.267022,0.279163,0.060001,2.935671,-0.209755,8.437347
-0.300638,0.277987,0.047120,3.013288,-0.480237,6.863618
-0.318196,0.318201,0.057020,3.981039,-1.103333,5.127269
-0.318606,0.339750,0.099265,2.174520,-3.251009,7.886175
-0.308365,0.338240,0.066237,1.160792,-0.115460,10.812371
-0.352855,0.352049,0.058202,1.373103,1.066178,10.596209
-0.377286,0.315965,0.069405,1.460042,-0.347200,10.443326
-0.361031,0.295056,0.093462,-0.436755,-2.597482,9.963191
-0.338442,0.281962,0.065696,-1.210143,0.161867,9.235199
-0.323221,0.286174,0.032678,-0.541645,0.070093,7.698312
-0.328555,0.234364,0.077197,-1.497593,-0.957425,7.991063
-0.287810,0.213445,0.055110,-2.893669,-0.961475,9.267611
-0.261643,0.201743,0.055287,-2.716506,-1.343042,8.501546
-0.220307,0.153714,0.053593,-2.079864,-0.863235,7.243960
-0.229639,0.092073,0.074841,-2.193666,-2.509936,6.466607
-0.246661,0.027980,0.043382,-2.017285,-2.889744,6.871906
-0.240730,-0.005248,0.016860,-1.475896,-1.718734,5.201736
-0.243176,-0.069580,0.062243,-0.930581,-2.726508,1.512741
-0.216440,-0.123258,0.045863,0.517582,-2.167263,-1.672823
-0.234365,-0.203018,0.077240,0.034541,-3.185088,-2.593264
-0.227400,-0.242069,0.047685,0.200567,-1.295290,-4.291913
-0.216906,-0.284337,0.041130,1.683254,-0.234186,-8.678436
-0.177245,-0.346251,0.060910,2.728458,0.866107,-11.705231
-0.124794,-0.381593,0.064091,2.590028,1.628857,-13.147951
-0.132511,-0.415763,0.055241,2.212534,1.797135,-12.700692
-0.162989,-0.478707,0.082449,2.606493,2.033953,-13.115891
-0.119625,-0.489115,0.071719,2.626072,1.493368,-11.455941
-0.072298,-0.456311,0.052904,2.181430,1.253911,-8.962964
-0.092469,-0.461372,0.058126,0.770431,0.365204,-9.053940
-0.099667,-0.488843,0.053922,1.527142,0.207365,-8.379326
-0.086987,-0.530182,0.050577,1.322984,-1.458653,-7.917490
-0.059047,-0.538014,0.044777,0.274898,-1.523117,-7.292975
-0.042947,-0.515779,0.027252,-0.203747,-1.193531,-8.740902
-0.066410,-0.504198,0.027770,0.200209,-2.282900,-9.330120
-0.090831,-0.531433,0.052619,-0.542770,-2.719585,-7.417663
-0.095256,-0.503118,0.026648,-1.447496,-2.360099,-4.314596
-0.098919,-0.456639,-0.000609,-1.339408,-0.393810,-2.873379
-0.129882,-0.458786,0.031519,-0.613208,-1.100841,-2.568185
-0.124794,-0.413055,0.034463,-1.499995,-1.249618,-1.157206
-0.159667,-0.366267,0.028808,-1.996359,0.169538,-1.452804
-0.154957,-0.319564,0.000451,-1.517005,2.872560,-2.454901
-0.162306,-0.298455,0.008240,-0.288247,2.271877,-3.838485
-0.158439,-0.265663,0.047951,-0.784900,1.336845,-2.109844
-0.137698,-0.199030,0.019328,-0.515569,1.977341,0.564175
-0.170112,-0.152869,0.020119,0.303153,1.870054,1.632499
-0.197468,-0.149941,0.029336,1.834952,2.010395,3.803763
-0.183205,-0.118912,0.022384,1.776564,-1.262032,6.665276
-0.160478,-0.088015,0.020602,2.075607,-1.152103,6.779603
-0.138929,-0.051560,-0.012771,3.320429,-0.560424,5.201728
-0.159900,-0.046787,0.015980,4.202889,-2.042940,3.452421
-0.201098,-0.050736,0.008581,3.559479,-3.589563,3.964353
-0.183731,-0.009013,-0.013759,3.748767,-3.223305,3.819869
-0.167545,0.005745,0.036705,4.416005,-2.519068,1.544584
-0.118824,0.042229,0.039354,2.938324,-2.144470,2.083962
-0.108937,0.053813,0.009152,2.516800,1.007659,1.913199
-0.126738,0.080040,-0.005628,1.772736,0.700580,0.537285
-0.092528,0.145679,0.040966,1.402107,-0.294159,-1.497659
-0.011954,0.171607,0.021439,-0.050851,1.921221,-0.909935
0.004632,0.187642,0.000946,-1.105167,4.303654,0.307863
-0.028740,0.186237,0.028053,-1.635294,2.691770,2.261823
-0.040386,0.192936,0.024061,-1.671102,1.564311,4.351818
-0.020068,0.165262,-0.019979,-3.199104,2.194664,4.225084
0.006057,0.170780,0.001458,-3.263653,0.082172,2.332266
0.001248,0.148715,0.037089,-2.855770,-3.622118,1.015614
-0.011370,0.133655,-0.015774,-3.052333,-1.416346,0.532537
-0.021821,0.073091,-0.010775,-2.609827,-1.329936,0.808108
0.026162,0.066277,-0.004095,-1.740086,-1.681075,2.185825
0.050524,0.076505,0.025059,-1.664232,-1.579260,4.334293
0.045367,0.064104,-0.002651,-2.150259,-1.490352,4.821335
-0.008685,0.018363,0.015090,-0.576426,-1.157814,4.608803
-0.039835,0.015796,0.019515,-0.061877,-1.346922,4.191880
-0.030713,0.071509,0.010968,-0.052673,-0.426212,0.378361
-0.032847,0.065896,0.028992,-0.629421,1.334679,-3.427968
0.024596,0.026319,0.047285,1.400331,3.095608,-3.767614
0.064609,0.006727,0.053006,0.847838,2.644716,0.550721
0.044665,-0.020104,0.033318,0.942562,3.435797,3.662303
0.067570,-0.013254,0.030981,2.577072,4.335316,4.454572
0.097263,-0.035180,0.054545,2.226307,3.393588,5.085612
0.123489,-0.047473,0.065200,1.544811,0.482962,4.059860
0.105508,-0.063731,0.034299,2.104201,1.327658,2.600737
0.069365,-0.102841,0.058222,2.873289,-0.648541,3.040512
0.090232,-0.103977,0.051578,1.620734,-3.331823,4.205194
0.115999,-0.109912,0.050859,1.909752,-2.849993,4.662373
0.121530,-0.169925,0.051365,2.920894,-2.878764,5.702700
0.120266,-0.220684,0.056640,2.769616,-3.269725,7.781755
0.099800,-0.283412,0.035931,1.564995,-2.108960,6.418384
0.127333,-0.307872,0.028821,2.126905,-0.662012,1.678356
0.155900,-0.276564,0.056587,1.907563,0.594161,-4.528944
0.163466,-0.301816,0.077558,0.853772,-0.197081,-8.387821
0.161569,-0.338714,0.035763,0.184267,2.432411,-8.885337
0.131882,-0.389658,0.065876,0.346413,4.084617,-7.477214
0.152073,-0.387951,0.064068,0.226810,4.477718,-6.331744
0.176061,-0.370203,0.079370,-0.713539,4.033033,-4.684668
0.167635,-0.377188,0.076344,-1.431474,3.285494,-3.949004
0.099419,-0.412047,0.043096,0.213441,2.617994,-6.027239
0.054502,-0.456793,0.073485,-0.355763,0.223514,-8.272605
0.104891,-0.444176,0.061350,-1.193189,-1.028201,-7.977982
0.098566,-0.442662,0.064665,-1.132684,-1.989725,-9.021640
0.103059,-0.396173,0.065912,0.403048,-2.100540,-6.092070
0.023365,-0.441517,0.053662,0.149909,-2.666558,-6.138780
0.001195,-0.473869,0.043582,-0.014357,-2.684033,-4.592758
0.038389,-0.452914,0.049743,0.130737,-1.688604,-4.034622
0.053485,-0.393514,0.080385,0.986494,-2.217625,-5.157167
0.023155,-0.361865,0.059617,1.134808,0.290397,-7.260624
-0.017551,-0.331378,0.025108,0.118395,0.660450,-8.407749
-0.046948,-0.300818,0.069352,0.006273,1.499306,-8.103359
-0.006453,-0.230541,0.086529,0.510288,1.543225,-6.431764
-0.019070,-0.167059,0.098041,-0.004730,-0.433413,-5.037056
-0.076785,-0.155853,0.059036,-0.182329,3.074955,-2.498971
-0.133450,-0.118108,0.072005,0.620841,2.097997,0.409663
-0.152108,-0.056940,0.075287,0.482630,0.385309,2.562066
-0.137051,-0.010441,0.050961,0.301853,0.578497,2.864250
-0.155649,0.001379,0.035090,0.355114,-0.892472,2.935134
-0.188201,0.006464,0.049694,1.586540,-1.203096,4.669889
-0.207541,0.038927,0.040657,1.555219,-2.621290,7.566100
-0.185040,0.076734,0.009743,1.146995,-1.893895,8.426723
-0.169465,0.088742,0.038868,0.745635,-2.573977,7.714978
-0.142565,0.117437,0.044350,1.839734,-1.628457,7.636495
-0.185405,0.168833,0.033531,1.027820,-2.253768,8.018576
-0.253715,0.183407,0.043214,0.039366,-2.296141,7.863142
-0.265696,0.222934,0.030606,-0.498793,-1.239032,7.882613
-0.251342,0.252109,0.042801,-0.220311,-0.225632,6.538782
-0.238780,0.290894,0.059853,0.496314,-0.079780,7.166712
-0.263789,0.285294,0.049645,-0.427226,-0.411999,7.965516
-0.312028,0.219980,0.031325,-0.764943,0.810408,7.495320
-0.280454,0.233556,0.028900,0.115650,1.011214,7.662062
-0.266136,0.231892,0.069782,0.787273,1.011549,5.846551
-0.243950,0.207684,0.049973,0.022760,0.374464,4.984777
-0.249468,0.159327,0.028138,-0.125517,-0.198056,4.443218
-0.265178,0.094581,0.026881,0.927758,-0.663053,4.338213
-0.230876,0.094922,0.041668,1.943748,-2.013251,2.895273
-0.195285,0.075914,0.037490,0.718463,-1.820401,1.969062
-0.175744,0.017628,0.033315,0.539538,-1.204140,0.649702
-0.198370,-0.006462,0.047094,1.111844,-3.017293,1.015412
-0.210414,-0.037685,0.043461,1.683920,-2.788116,0.083242
-0.212971,-0.073565,0.036075,0.305244,-3.458699,-2.266551
-0.190292,-0.108858,0.043930,-0.132299,-2.381376,-4.955715
-0.154323,-0.113512,0.057381,0.408539,-0.981948,-5.243564
-0.175876,-0.142887,0.057861,-0.080767,-0.508637,-5.391743
-0.168510,-0.171671,0.018606,-0.855646,0.776375,-5.189922
-0.151599,-0.192813,0.043562,-1.684160,1.159784,-5.898108
-0.091373,-0.183117,0.055100,-1.097719,2.323615,-5.742123
-0.092873,-0.167640,0.062144,-2.336124,1.261897,-5.368056
-0.109784,-0.200116,0.026497,-2.582773,2.652666,-4.736698
-0.128389,-0.223579,0.061320,-1.981246,1.066566,-3.221938
-0.101440,-0.203550,0.072897,-1.979943,-3.209568,-2.869105
-0.059428,-0.167226,0.023260,-2.078889,0.070408,-2.367344
-0.066692,-0.192898,0.048092,-1.789509,-0.380865,-1.389758
-0.061611,-0.218137,0.057805,-0.669397,-1.160982,1.492158
-0.062901,-0.205831,0.041291,-0.186452,-1.937561,3.113440
-0.047158,-0.218593,0.014519,0.547087,-2.081493,1.369057
-0.014252,-0.238731,0.011526,1.790570,-1.660497,-1.332931
-0.024184,-0.259072,0.067744,2.542120,-2.407225,-1.538149
-0.019500,-0.253722,0.038143,3.017733,-1.182991,-1.411877
-0.051054,-0.252015,0.022338,2.817963,-0.515947,-2.812567
-0.065770,-0.276312,0.044580,3.661717,-0.655372,-4.087217
-0.026896,-0.256125,0.035911,3.864241,0.343143,-3.396168
-0.024887,-0.201009,0.033899,3.308067,-0.221588,-2.504979
-0.051373,-0.203845,0.019381,2.548124,2.064079,-2.163784
-0.049275,-0.195222,0.031562,2.847390,2.263651,-1.254285
-0.036392,-0.157113,0.033758,2.041358,1.825873,0.051653
0.020109,-0.117087,0.017510,1.202922,2.767689,0.947582
0.025554,-0.103557,0.002177,0.344049,1.861284,0.353644
-0.012364,-0.125228,0.056521,0.149154,-1.914141,1.110716
0.013626,-0.093122,0.020178,-1.012117,-0.326993,3.894240
0.047704,-0.055650,0.015822,-1.252276,-0.123876,1.957057
0.063798,-0.086652,0.035812,-0.725172,-1.890113,-0.069511
0.104632,-0.090174,-0.012705,-1.004541,-1.347497,0.283145
0.074269,-0.095997,0.002144,-1.906525,-1.280929,0.618046
0.065653,-0.071858,-0.017481,-1.158047,-1.106208,-0.328338
0.080479,-0.063610,0.040739,-0.930673,-2.199135,-1.416538
0.112513,-0.030542,0.003474,-1.534238,-1.314101,-1.051462
0.096317,-0.012059,-0.004000,-1.639929,-0.919871,-1.448536
0.059478,-0.026439,-0.017721,-0.988907,0.551968,-2.895725
0.051269,-0.018158,0.006441,-0.189800,1.417176,-3.810570
0.074906,0.005597,-0.001158,-0.837333,2.039497,-3.305721
0.116189,0.056977,-0.016139,-0.991979,3.181969,-2.792538
0.085193,0.078251,0.000273,-0.196510,2.540535,-2.424433
0.056803,0.041652,-0.001499,0.166101,1.729763,-1.079050
0.078999,0.055129,-0.024558,0.531847,2.078312,1.390408
0.096721,0.089999,-0.003199,0.459696,1.651785,2.414746
0.132457,0.129582,-0.004361,0.786439,1.152054,2.775374
0.082728,0.094177,0.017936,1.374170,-0.634052,2.427468
0.060033,0.094545,-0.026285,0.845415,-0.999956,3.756603
0.077965,0.101963,-0.013670,1.312450,-1.530814,3.516877
0.109966,0.109441,-0.003967,1.771351,-1.753367,2.688715
0.122475,0.103106,-0.003209,1.725830,-1.721042,3.010151
0.103608,0.101707,-0.021752,0.722366,-1.365517,4.173306
0.097912,0.127501,-0.030723,1.020323,0.737226,5.031867
0.108695,0.121917,-0.010946,0.574794,-0.201223,4.431076
0.154213,0.128502,0.008732,0.183052,0.559341,3.743829
0.164205,0.114223,-0.006521,-0.669253,2.023600,4.316480
0.151193,0.125840,-0.005618,-0.160104,3.234514,4.661014
0.134810,0.111220,0.019197,-0.286655,2.569634,4.662482
0.165370,0.102383,0.013121,-1.384929,1.363426,4.942294
0.176760,0.081359,0.009166,-1.962254,1.538610,4.495036
0.200909,0.078129,0.026175,-0.801164,2.752991,4.243204
0.189667,0.059830,0.019797,-0.658460,1.376458,4.799515
0.216970,0.032727,0.019929,-0.863035,0.635194,5.657621
0.216540,-0.000938,0.011010,-0.507150,-0.006729,5.260220
0.202931,-0.051330,0.019427,0.654528,-0.994553,4.648669
0.186207,-0.099044,0.023018,1.428970,-1.384365,2.995420
0.160479,-0.170456,-0.001588,1.289470,-1.480495,1.852455
0.176018,-0.186432,0.000280,2.410120,-1.272936,0.979225
0.150806,-0.218616,0.057877,2.657938,-2.952947,-0.941271
0.164815,-0.240595,0.013902,2.581172,-0.065902,-2.677441
0.163574,-0.303612,0.002407,2.596130,1.831991,-4.556033
0.210789,-0.345949,0.029106,3.085942,2.170158,-5.496165
0.254462,-0.329960,0.054079,2.853358,2.446398,-6.165089
0.229305,-0.343073,0.057667,1.780569,3.352426,-7.534737
0.205839,-0.378166,0.055832,1.288430,4.572023,-8.489822
0.206886,-0.371923,0.040624,1.027384,3.760286,-8.158738
0.203725,-0.369303,0.083066,0.821667,2.706869,-7.220818
0.191088,-0.354591,0.052582,-0.696241,2.077964,-5.934899
0.143952,-0.383112,0.045607,-0.881948,0.668259,-5.072344
0.101067,-0.395710,0.043789,-0.716382,-0.636340,-3.547336
0.128311,-0.366490,0.023772,-0.770165,-1.019069,-3.959095
0.125971,-0.377726,0.036453,-2.048950,-1.491927,-5.288066
0.152966,-0.384370,0.022791,-1.294741,-0.001687,-5.721347
0.116494,-0.367002,0.045460,-1.070820,-1.927993,-4.557730
0.070990,-0.321928,0.046480,-2.053431,-1.842482,-3.468011
0.057683,-0.288726,0.008542,-1.981237,0.413013,-3.311196
0.024780,-0.262736,0.047895,-1.191292,-0.491184,-3.079480
0.002164,-0.227085,0.046382,-1.345711,0.029535,-1.082767
-0.046978,-0.176092,0.035694,-1.204323,0.882290,-1.205377
-0.103633,-0.158433,0.057339,-0.904390,2.017140,-1.548426
-0.099552,-0.130627,0.080500,0.268704,1.987710,0.034878
-0.094885,-0.063176,0.057900,0.223515,2.072305,0.323246
-0.110749,-0.039953,0.060664,0.476003,2.464586,-0.235376
-0.141561,-0.030184,0.059771,1.407582,1.723316,1.007391
-0.140868,-0.001752,0.084048,2.258738,0.992232,3.496221
-0.132091,0.056902,0.055957,2.030526,0.319526,6.637348
-0.151372,0.110892,0.034089,2.969097,-0.889534,7.124559
-0.203737,0.080906,0.068673,3.226174,-2.577856,6.477892
-0.230824,0.043152,0.081077,3.670360,-4.113168,8.443939
-0.206983,0.066257,0.071082,3.694053,-3.284063,8.855859
-0.205158,0.071532,0.081993,3.459329,-3.143926,7.421666
-0.195971,0.070767,0.093419,3.838893,-2.396301,5.779018
-0.223655,0.074801,0.096603,2.961150,-3.601442,5.009700
-0.230627,0.091696,0.092664,1.745249,-1.776255,3.424320
-0.196923,0.104737,0.083546,0.736881,0.100941,1.112870
-0.167141,0.091289,0.121018,0.987193,1.141760,0.270639
-0.148389,0.091755,0.095402,-0.476022,1.537661,2.617465
-0.169271,0.109733,0.077558,-1.787002,2.996223,3.989153
-0.210286,0.094039,0.118996,-2.087588,1.698642,2.705417
-0.154461,0.065942,0.131279,-2.316584,1.712563,1.539250
-0.145520,0.053071,0.105052,-3.118519,1.238145,1.632097
-0.157967,0.045243,0.093797,-3.229856,0.992636,1.190638
-0.156280,0.034056,0.106375,-2.971853,-1.513641,0.686427
-0.159601,-0.023876,0.136357,-2.427458,-1.533670,0.359719
-0.141298,-0.056421,0.109063,-2.344822,-2.699375,1.354713
-0.112708,-0.074790,0.105285,-1.611611,-2.661191,1.090198
-0.103623,-0.127161,0.136843,-0.800284,-3.152322,0.110161
-0.102247,-0.185959,0.134299,0.129601,-2.943044,-0.290936
-0.131730,-0.154211,0.102581,-0.035503,-2.310774,-0.500698
-0.154724,-0.115370,0.123060,0.263012,-0.170720,-2.492053
-0.167883,-0.135117,0.134611,0.957891,-1.049008,-5.876937
-0.134419,-0.152695,0.138763,1.369473,0.276926,-7.015799
-0.122444,-0.157133,0.150110,0.319976,0.975206,-5.458905
-0.102789,-0.161883,0.109290,1.329995,3.531720,-4.012740
-0.091596,-0.157573,0.106119,2.444320,3.380898,-3.442377
-0.041955,-0.172810,0.170750,1.540675,2.357559,-2.147171
0.015192,-0.156217,0.124619,1.245718,3.421348,-1.339261
0.028591,-0.139782,0.108285,2.097577,4.048434,-2.350078
-0.009174,-0.159808,0.170967,1.548451,0.743371,-2.747408
0.033938,-0.157898,0.129405,1.529252,-0.024155,-0.945938
0.053905,-0.122362,0.106779,0.653176,-1.409682,0.799305
0.028450,-0.107988,0.120316,0.987033,-1.693502,2.012048
0.045853,-0.169577,0.113646,1.024298,-2.629377,4.606482
0.076557,-0.202322,0.115888,1.558554,-2.977582,6.359729
0.113340,-0.179306,0.111696,0.560716,-2.952346,6.787228
0.132414,-0.168024,0.095438,0.246971,-1.506472,3.071966
0.105068,-0.191339,0.101704,0.666608,-0.833582,-0.680962
0.094404,-0.201771,0.116383,0.730589,0.125350,-2.826246
0.138099,-0.161065,0.086772,-0.147680,1.545858,-3.745224
0.157377,-0.162526,0.094460,-0.091219,2.644102,-5.087833
0.120830,-0.203602,0.089490,0.404715,3.204772,-4.116031
0.121060,-0.205089,0.079265,0.120748,3.468923,-1.222042
0.107999,-0.182106,0.079443,-0.660774,3.662430,0.346057
0.125387,-0.188526,0.087787,0.463441,3.634056,-0.323363
0.103782,-0.196663,0.071571,-0.179414,1.970497,-1.064131
0.064323,-0.203077,0.069861,-0.503975,-0.680522,-1.219335
0.062357,-0.170249,0.031444,-0.121253,0.020745,-1.649939
0.078585,-0.173361,0.067967,0.819303,-0.918633,-2.149805
0.082964,-0.209711,0.023635,0.624871,-1.451297,-0.584950
0.087133,-0.209550,-0.015899,0.709558,-0.564284,1.113672
0.101865,-0.195272,0.013735,0.818072,-1.489997,0.114787
0.139531,-0.193775,0.026385,1.368288,-1.560081,-2.178807
0.159760,-0.156608,-0.007880,0.714154,-0.365943,-3.327608
0.144763,-0.134615,-0.005185,-0.044795,0.941968,-3.626012
0.142957,-0.081821,-0.012682,-0.076221,1.556292,-4.612166
0.150090,-0.058394,0.007603,0.004363,1.333602,-5.168083
0.182783,-0.047549,0.032612,-0.794064,1.881992,-3.014691
0.207362,-0.010480,-0.023518,-1.402179,3.498468,0.255643
0.206788,0.030951,-0.030936,-0.614551,3.707038,1.953139
0.212883,0.026250,0.005483,-0.601871,2.203291,2.507763
0.261043,0.011890,-0.015994,-0.416013,2.739831,3.188378
0.262835,0.039206,-0.026324,-1.441844,2.127893,2.552615
0.262566,0.078550,-0.049262,-0.797577,2.660849,2.229734
0.218102,0.061235,-0.023416,0.504117,-0.386996,1.598846
0.232276,0.052041,-0.027430,0.407285,-2.628353,3.365911
0.210681,0.044622,-0.042293,0.714446,-2.507346,4.746771
0.177197,0.037595,-0.042296,1.207963,-1.615938,5.028420
0.170681,0.020473,-0.034750,2.043567,-1.519782,5.230644
0.198155,0.045742,-0.052492,1.326043,-0.941098,5.528634
0.203732,0.053478,-0.031839,1.253090,-0.363412,5.046677
0.164536,0.054141,0.001659,1.761996,0.254566,5.040210
0.163269,0.038976,-0.018377,1.681934,1.788617,4.739863
0.179369,0.003434,-0.020311,0.889403,2.331122,4.570598
0.181483,-0.026571,-0.008284,1.356724,3.562729,5.030445
0.165787,-0.037432,0.016764,1.828699,3.184027,5.136009
0.130527,-0.063826,0.011224,1.892966,3.707202,4.759394
0.153904,-0.109534,-0.004089,0.994714,3.771295,3.251134
0.187589,-0.110988,-0.023101,1.011139,2.795593,1.397991
0.195355,-0.140071,0.024846,1.571989,2.103170,0.877141
0.208780,-0.180747,0.040254,1.109924,-0.640968,2.456566
0.237928,-0.189869,-0.003994,0.070323,0.100206,3.706789
0.233717,-0.204735,0.004669,0.113363,0.676717,2.964272
0.248393,-0.231047,0.053603,0.448047,-1.455568,0.166479
0.238496,-0.304961,0.050308,0.598500,-2.000003,-2.288742
0.233464,-0.328443,0.025328,-0.422912,-1.338188,-3.057283
0.258095,-0.309779,0.025808,0.171455,-1.057818,-4.241078
0.240567,-0.330245,0.067232,-0.239874,-1.007210,-5.444144
0.226249,-0.349261,0.078343,-0.518421,-0.306416,-6.209471
0.243617,-0.350787,0.075448,-0.674124,1.229848,-6.373321
0.271560,-0.367511,0.067527,-0.893108,3.219517,-5.538924
0.276050,-0.348785,0.090879,-0.300195,3.576577,-5.635543
0.228412,-0.337605,0.099190,-0.623673,3.233635,-4.884594
0.219560,-0.348256,0.067445,-0.945890,4.440171,-5.501151
0.232486,-0.331188,0.091755,-1.177551,3.188741,-6.093506
0.159823,-0.347862,0.137197,-0.005041,1.446928,-6.405503
0.132582,-0.332159,0.101757,0.874373,1.493378,-4.363154
0.106089,-0.348240,0.102262,-0.185710,-0.832032,-2.259498
0.086733,-0.307436,0.073380,1.308672,0.865159,-2.777153
0.051220,-0.284692,0.109766,1.807327,-1.598711,-4.528657
0.055290,-0.328693,0.104369,2.162044,-2.053769,-3.784186
0.033997,-0.318196,0.074772,1.112534,-1.510952,-2.337943
-0.026019,-0.265837,0.071089,1.924504,-1.062673,-2.290760
0.001353,-0.195859,0.097903,2.810250,-0.526323,-1.902448
0.018143,-0.214809,0.127809,1.184688,-0.825576,0.398149
-0.010575,-0.191116,0.087393,0.268806,1.055071,2.301345
-0.070375,-0.146196,0.094808,1.883099,2.232350,1.646760
-0.035538,-0.157865,0.101632,1.381867,1.758553,1.070998
-0.011186,-0.109528,0.113908,0.152125,2.170335,-0.091662
-0.049548,-0.031908,0.088285,-0.188714,2.718006,-1.160022
-0.044490,-0.014409,0.099292,0.721526,2.614400,-0.302544
-0.082743,-0.021187,0.107931,-0.950869,-0.185087,3.030766
-0.077544,0.023316,0.078717,-1.190510,0.671275,5.505068
-0.043469,0.091903,0.074506,-1.401200,0.047293,7.104821
-0.062710,0.087343,0.098330,-1.141953,-0.970509,7.210971
-0.107135,0.099767,0.081126,-0.843695,-2.158492,8.047267
-0.107909,0.097335,0.069346,-0.489858,-3.047957,9.665034
-0.090496,0.058028,0.031535,-0.529457,-1.476234,9.510169
-0.111097,0.062912,0.046139,0.856867,-2.967761,6.870083
-0.123646,0.059981,0.095018,1.551208,-3.158556,5.435821
-0.134865,0.008575,0.052550,0.870696,-1.672235,4.736622
-0.187532,0.020542,0.056768,1.101501,-1.195428,2.563404
-0.225102,0.038766,0.072947,2.403319,-0.339460,-1.701359
-0.147601,0.029464,0.086618,1.761944,0.765977,-2.398459
-0.129285,-0.003492,0.059699,0.953424,2.571593,-2.333565
-0.173585,0.001041,0.060871,1.481827,2.685966,-2.464075
-0.173978,-0.008465,0.074768,2.202890,1.948412,-2.892450
-0.183051,-0.045674,0.076872,0.887112,1.838740,-2.302405
-0.166409,-0.021358,0.022821,0.169817,3.136757,-3.732390
-0.151372,0.003530,0.051207,0.669762,0.601743,-4.895030
-0.127325,-0.035653,0.050449,-0.353715,-1.535646,-3.995072
-0.138026,-0.059795,0.024541,-1.176048,-1.339537,-2.444116
-0.161006,-0.055394,-0.002261,-1.182131,-0.786915,-1.541115
-0.077288,-0.053263,0.025161,-1.302629,-2.275170,0.142013
-0.047099,-0.077537,0.009280,-2.400942,-3.684701,1.088650
-0.068277,-0.099782,0.000707,-1.891308,-2.105753,1.734158
-0.032646,-0.100780,-0.018246,-1.901559,-1.088460,2.621257
0.009254,-0.102612,0.025056,-2.169150,-1.696466,2.199143
-0.022747,-0.071819,-0.001676,-2.132541,-0.368798,-1.109944
0.004941,-0.047365,-0.013999,-1.711447,2.937395,-4.689808
0.025403,-0.088806,0.024009,-1.764783,0.885776,-5.654336
0.028827,-0.084778,0.045305,-1.480970,-2.366963,-3.980810
0.061038,-0.058939,-0.006190,-0.530885,2.951654,-3.022427
0.099980,-0.069593,-0.032508,-0.381531,4.580317,-0.692619
0.068436,-0.105024,-0.003619,0.352442,2.373685,0.586193
0.082577,-0.076365,0.012054,1.712005,1.490119,0.712186
0.134311,-0.086590,-0.002320,2.097570,0.644264,1.255841
0.128712,-0.150660,-0.007965,1.177102,0.250378,1.308347
0.118809,-0.130312,-0.000816,2.877313,0.185635,1.602854
0.110163,-0.072249,-0.016720,3.748859,-1.657740,2.668100
0.106509,-0.124121,-0.019011,2.595900,-2.324954,4.073188
0.092972,-0.176096,-0.022027,3.162675,-1.952394,6.002288
0.072510,-0.173246,-0.009541,4.822466,-2.513616,5.675891
0.113465,-0.168244,-0.016552,3.340134,-2.885890,4.306452
0.120808,-0.219174,-0.007352,2.579563,-1.083553,0.023693
0.086598,-0.190197,-0.046780,2.912140,1.234394,-3.982361
0.122094,-0.204515,0.029871,2.845792,1.355358,-6.121223
0.180860,-0.210085,0.002230,1.035038,2.606276,-5.691991
0.214098,-0.209370,-0.079093,1.209323,14.004082,-4.823753
0.181263,-0.200612,0.018228,0.096888,4.043038,-3.743207
0.224372,-0.224193,0.042761,-1.339254,0.806052,-1.535217
0.193405,-0.209537,-0.024135,-2.530198,3.628470,-1.896602
0.189259,-0.193368,0.021918,-1.687074,3.244523,-3.597293
0.277695,-0.218849,0.030876,-1.878326,1.467463,-3.056568
0.280383,-0.200241,0.030403,-3.528177,-2.220359,-2.902933
0.228032,-0.157806,0.004462,-3.184562,-0.446251,-4.091076
0.266000,-0.169833,0.002410,-1.830704,-0.880465,-3.078094
0.294577,-0.200464,0.021705,-2.467697,-2.286737,-0.126915
0.276247,-0.151464,0.032074,-2.384885,-2.707792,-0.049164
0.292981,-0.132154,-0.004109,-1.196350,-1.229634,-1.369417
0.292397,-0.180510,0.010039,-0.654475,-0.654981,-2.986461
0.232988,-0.144397,0.044570,-0.249445,-0.415652,-4.199075
0.266338,-0.051639,0.028007,0.435645,1.636391,-6.260683
0.310007,-0.052755,0.035415,0.474559,3.159878,-6.226824
0.297793,-0.077714,0.055697,0.944637,2.777018,-3.730598
0.262835,-0.013339,0.049517,2.211970,2.786846,-1.599496
0.269446,0.009264,0.056932,1.253665,3.389764,1.125408
0.254058,0.013666,0.046582,1.505602,4.279994,1.711001
0.199583,0.046956,0.056150,2.706978,3.092854,2.398349
0.239865,0.083368,0.071499,2.390130,1.780979,3.493519
0.236113,0.107494,0.040779,1.364959,1.270277,4.581660
0.150793,0.108006,0.063204,2.186117,1.307014,4.716934
0.191672,0.140213,0.057969,1.636640,-0.271077,6.448651
0.261266,0.136803,0.051923,1.079624,-0.615323,9.231449
0.187333,0.123709,0.084228,0.929846,-1.552839,9.693070
0.175421,0.141484,0.084878,1.438138,-2.744338,9.154323
0.239878,0.111522,0.047324,-0.296509,-1.416303,9.090061
0.196382,0.065827,0.076351,-0.058595,-0.597272,7.118821
0.144090,0.115940,0.077660,1.243109,-0.013888,4.227743
0.183374,0.072953,0.089040,0.098890,-0.940369,3.261814
0.172184,-0.018394,0.062600,-1.007265,1.643395,4.331522
0.121608,-0.009295,0.058425,1.310464,4.297690,2.393828
0.185166,0.005437,0.096885,0.629871,2.898971,1.508267
0.204808,-0.060422,0.078120,-0.913564,3.635779,1.518207
0.144467,-0.084634,0.086470,-0.479561,3.792106,-0.114423
0.201802,-0.096588,0.097782,1.177926,4.080363,-1.390326
0.262839,-0.119588,0.092172,-0.723666,2.484021,-0.582148
0.185330,-0.179874,0.068903,-0.630746,2.037554,-1.376969
0.171633,-0.156299,0.056951,0.846781,1.266972,-0.374634
0.212936,-0.204695,0.099905,0.164313,-2.496130,-0.028266
0.182711,-0.243317,0.081225,-0.261141,-1.653978,-1.089922
0.158168,-0.258278,0.035832,1.392036,-0.488112,-4.339586
0.217728,-0.308102,0.102052,1.410155,-2.718046,-5.349430
0.212151,-0.344396,0.049510,0.397376,-1.755642,-5.288055
0.159553,-0.314240,0.014519,1.608966,1.745331,-8.822341
0.209548,-0.329911,0.079479,1.566452,-0.770900,-10.737111
0.243019,-0.381392,0.071263,0.170986,-0.215643,-8.918934
0.131597,-0.336777,0.049261,0.360813,2.185766,-8.521410
0.119055,-0.299804,0.043142,0.842244,3.714489,-8.729767
0.164182,-0.338130,0.090212,-0.373075,1.390566,-7.239010
0.116468,-0.305673,0.041100,-0.612355,3.140653,-5.253690
0.100906,-0.245936,0.005263,-0.161886,4.219761,-6.204056
0.109624,-0.270095,0.031529,-0.496767,2.705202,-5.968393
0.053344,-0.307288,0.092385,-1.287667,0.608843,-4.556436
0.089877,-0.217136,0.037441,-0.505689,2.113591,-2.225051
0.129591,-0.180724,-0.000029,-0.628117,1.903683,-1.902167
0.056459,-0.206406,0.063631,-0.834583,-0.220626,-0.924559
-0.008931,-0.187390,0.024879,0.595819,-0.916644,0.059919
0.045751,-0.142615,0.046516,0.123046,-1.583442,0.983194
0.030432,-0.173644,0.050564,0.188649,-2.875048,0.575706
-0.073894,-0.138541,0.056190,1.346135,-1.886378,-1.608261
-0.039858,-0.084328,0.000434,0.988556,-1.741301,-1.788513
-0.000196,-0.051609,0.017126,0.740147,-0.671200,-0.711538
-0.076904,-0.016845,0.045939,0.847430,-1.221064,0.087396
-0.046292,0.035665,0.021012,1.465582,1.573085,1.682688
0.005062,0.019800,-0.000728,0.248051,1.540744,4.556802
-0.074737,0.038461,0.050813,1.066353,2.580105,5.963159
-0.088546,0.120548,0.041773,0.923734,2.236788,4.979739
-0.024956,0.125275,0.027193,0.904512,2.555299,3.688950
-0.057747,0.068873,0.033052,0.792381,1.450513,4.026677
-0.094754,0.142656,0.006802,1.521558,2.021325,3.012090
-0.069124,0.165840,0.018307,0.906140,0.024950,1.992266
-0.051425,0.106122,0.030291,0.454601,-0.696405,3.320532
-0.108500,0.137548,0.017244,0.853368,-1.433122,3.931262
-0.067995,0.187379,-0.002395,1.003766,-2.343218,3.453122
-0.030684,0.146700,-0.008409,-0.130054,-3.291485,2.492140
-0.130864,0.111883,0.036860,0.226698,-2.880392,0.329799
-0.075518,0.157302,0.001984,0.786209,-3.241582,-0.547416
-0.033799,0.145994,0.005818,-1.310211,-2.217409,-0.178554
-0.090870,0.124806,0.011365,-0.233526,-0.926921,-1.525107
-0.109147,0.162377,0.042220,-0.298078,-0.441363,-0.989223
-0.008045,0.138116,0.036922,-1.984739,1.327060,-0.582255
-0.037685,0.136202,0.037467,-2.727506,1.762200,-2.808760
-0.066676,0.148590,0.050465,-0.799772,3.687333,-5.318176
0.025449,0.153281,0.061928,-1.797909,2.727289,-3.639827
0.031259,0.126201,0.042574,-3.208980,2.181393,-1.636908
-0.019018,0.165039,0.020769,-1.887021,3.217403,-1.359911
0.035261,0.163496,0.032747,-0.912216,1.340850,-0.194529
0.074046,0.104573,0.061192,-2.187374,-0.551486,2.726643
-0.007821,0.115612,0.008424,-2.093191,-0.401531,3.120212
0.000043,0.143585,0.023077,0.311878,-1.100231,0.435623
0.045633,0.082052,0.040349,-0.342913,-3.560586,0.457056
0.034483,0.051017,0.017122,-0.180774,-3.071210,0.899250
0.017440,0.047813,0.019161,1.601823,-2.275846,0.225020
0.082121,0.007199,0.033495,1.910730,-2.497854,1.224278
0.081087,-0.037061,0.013387,2.205483,-0.610120,1.272206
0.071298,-0.027060,0.030078,2.012785,0.334756,0.263584
0.168295,-0.023826,0.028873,2.496514,3.234452,-0.790928
0.142865,-0.072574,0.031608,2.364524,2.786481,-2.195362
0.081011,-0.086449,0.033272,2.425095,2.660160,-1.900219
0.165140,-0.079411,0.009415,2.097603,4.352178,-1.186025
0.209299,-0.103022,0.045049,0.436053,3.206141,0.696009
0.168459,-0.088271,0.051844,1.469203,3.939218,0.826600
0.182898,-0.091185,0.039686,1.111322,2.840067,2.328677
0.268291,-0.163924,0.028841,-0.208021,1.756833,4.358957
0.260774,-0.146317,0.007350,-0.467041,1.429512,2.800872
0.246282,-0.147371,0.036049,0.687845,0.480155,0.164748
0.349068,-0.196923,0.056722,-0.445010,-1.100473,0.883221
0.300570,-0.251972,0.026986,-1.102003,-1.519775,1.781713
0.256865,-0.236525,0.022289,0.615828,-0.409307,-0.082386
0.328271,-0.290013,0.055717,0.740981,-1.971593,-1.485334
0.357064,-0.345397,0.034411,0.295840,-1.653453,-1.975959
0.305323,-0.322430,0.007308,0.274310,0.795909,-4.915116
0.320288,-0.321452,0.036889,0.831869,1.225521,-7.500620
0.375751,-0.369773,0.065105,0.517592,1.905695,-7.659587
0.348507,-0.378258,0.019600,0.876073,3.403600,-7.333763
0.405510,-0.383572,0.010630,1.549758,6.472991,-8.168595
0.442273,-0.390560,0.044120,0.992226,4.606272,-8.640750
0.354757,-0.409129,0.061898,0.870254,3.038366,-8.829659
0.366751,-0.369106,0.016479,1.216400,4.599799,-8.824404
0.406314,-0.359738,0.009504,0.328868,3.033098,-8.087495
0.375525,-0.355333,0.017802,0.633166,1.930596,-7.827419
0.302228,-0.316922,0.005237,1.333576,1.009002,-7.627523
0.323774,-0.288581,0.014299,0.122376,-0.854021,-4.084862
0.314501,-0.286015,-0.000107,-0.998685,-1.443341,-1.505518
0.258076,-0.217481,-0.002559,1.417705,1.393667,-2.324847
0.287411,-0.195150,0.024705,0.154951,-1.345816,-1.243000
0.339759,-0.199112,0.007613,-1.394507,-1.993211,0.498552
0.267116,-0.131139,-0.012626,-0.764355,0.445463,-0.140811
0.256431,-0.086400,0.006060,0.346875,1.285665,-0.508921
0.309955,-0.077458,0.049970,-0.719248,0.710011,-0.560323
0.254209,-0.046567,0.019669,-0.860471,3.073160,0.394159
0.252377,0.029582,0.010853,0.084054,4.332260,0.187053
0.281585,0.036685,0.037349,-0.363119,3.099104,0.437336
0.244122,0.055051,0.036938,-0.841305,1.726234,2.808454
0.224759,0.131499,0.027091,-0.104460,3.781487,5.369438
0.262474,0.169939,0.006346,-0.421051,3.143581,6.983476
0.250165,0.179386,0.034516,0.695651,1.779223,7.970262
0.188757,0.184572,0.009218,1.212444,0.711826,10.827224
0.215165,0.220646,0.004015,1.366811,0.174166,13.545356
0.225281,0.178510,-0.014678,1.302806,-1.436641,14.009510
0.160315,0.184920,-0.008021,2.959922,-1.096371,12.596806
0.169453,0.152871,-0.006715,3.823013,-1.834099,10.846998
0.225511,0.107698,0.003536,2.926737,-3.168833,8.640994
0.161966,0.077506,-0.001391,2.886563,-0.772263,4.389738
0.158234,0.092044,0.006100,4.309303,-0.441649,0.971130
0.216510,0.058740,0.008946,3.107573,0.399840,2.101233
0.227375,0.016298,-0.007805,2.096615,3.793258,4.211054
0.166266,0.023549,0.004757,3.274869,3.913017,2.623944
0.167753,-0.042993,0.027672,2.593392,2.511922,1.967641
0.187077,-0.098538,-0.002776,0.741578,3.017161,0.582958
0.097926,-0.116575,0.000326,0.065209,3.231626,-1.151980
0.128265,-0.125477,0.012645,0.762747,3.076980,-3.318281
0.157436,-0.187371,0.038517,-0.834231,0.947367,-2.849882
0.094742,-0.236998,0.038104,-1.802587,-0.508574,-0.295124
0.089746,-0.234395,-0.008944,-1.932207,0.161916,-0.511233
0.105423,-0.290968,0.027695,-2.019507,-0.909659,-2.188450
0.090872,-0.359741,0.038960,-1.611716,-2.199447,-2.929296
0.057978,-0.360592,0.009533,-1.931442,-2.026958,-3.513502
0.058215,-0.371453,0.006412,-2.430182,-1.599223,-5.277518
0.034158,-0.437049,0.013580,-1.978053,-1.381844,-7.851078
0.002679,-0.432664,0.019952,-0.737330,-0.161043,-9.521456
0.032963,-0.422525,0.019643,-0.953502,0.369921,-9.264451
0.053019,-0.466864,0.025968,-0.803718,1.022713,-9.671630
-0.002783,-0.472552,0.021977,0.019039,2.027713,-10.266353
-0.007526,-0.459075,0.040552,0.685784,2.564704,-10.198798
0.108232,-0.462626,0.021403,0.075089,3.372042,-8.018675
0.092503,-0.436258,0.017884,0.976985,4.025346,-7.932728
0.004763,-0.410767,0.022496,2.530484,3.447049,-6.672697
0.034801,-0.400637,0.015763,1.473365,0.877849,-4.558073
0.054817,-0.375553,0.015934,0.862399,0.712168,-2.630529
0.030964,-0.318327,0.015172,2.481586,0.252646,-2.070789
0.033426,-0.264147,0.022115,2.763554,-1.955214,-2.078411
-0.015942,-0.283543,0.024787,1.074887,-3.147822,0.276961
-0.037413,-0.242355,-0.008087,1.928265,-1.615803,0.966122
0.014145,-0.169120,0.016587,2.798361,-2.526033,0.710357
0.049992,-0.169005,0.046086,1.713443,-2.955100,0.795032
0.024264,-0.139979,0.000956,0.766794,-0.942857,2.311968
-0.013618,-0.065172,0.006723,1.536408,0.080567,2.142218
0.017919,-0.061315,0.024623,1.637707,0.137186,1.745086
0.043936,-0.057284,0.027446,0.534962,0.843396,2.809713
-0.018030,-0.020856,0.001042,0.117951,2.712604,2.955323
-0.000383,-0.003278,0.029783,1.416267,3.460464,2.190354
0.011253,0.026621,0.019922,0.481833,2.315123,2.115423
-0.042687,0.045253,0.022427,-0.462761,1.976435,2.276458
-0.000170,0.068646,-0.002366,-0.370712,2.016736,2.841662
0.053170,0.080470,-0.002175,-0.639813,1.777575,3.673298
-0.049702,0.075044,0.022883,0.277389,0.063472,3.643170
-0.059343,0.112139,-0.001611,0.230936,-0.370394,4.056074
0.025860,0.112956,0.001560,-0.673202,-0.967410,4.313734
0.008761,0.104547,-0.012305,-1.231111,-1.601951,2.828332
-0.054632,0.122830,-0.007854,0.516249,-3.055313,-0.998327
0.012247,0.114647,0.013649,-0.387892,-2.721017,-1.041982
0.044251,0.099249,0.000011,-1.230291,-0.287190,-0.313159
0.011210,0.156724,0.000920,-0.435550,-0.112893,-1.638340
0.088961,0.169979,0.036062,-0.101621,-1.878743,-2.053242
0.103601,0.143066,-0.002805,-1.668772,0.102766,0.202601
-0.001476,0.156412,-0.005238,-1.453276,1.660050,0.345671
0.046710,0.187313,0.010987,-0.514099,1.725249,-0.395198
0.125265,0.179600,0.034385,-1.129470,1.446751,-0.285028
0.043801,0.159298,-0.002832,-1.955522,2.224594,0.591464
0.026001,0.207615,-0.037632,-0.468834,3.960803,-0.007651
0.060637,0.210212,0.025135,-1.227839,-0.466950,-0.378251
0.055165,0.181841,0.006911,-1.995161,-0.830060,1.651505
0.063690,0.217830,-0.018663,-1.828515,0.630284,2.611887
0.155614,0.213484,0.012839,-1.220391,0.081802,4.549230
0.128912,0.197318,0.008348,-0.781992,-0.055385,5.569990
0.035599,0.183447,-0.012088,-0.639498,-0.328211,4.605473
0.148656,0.187290,-0.010004,-0.665449,-0.582767,3.895461
0.183820,0.151623,0.019118,-0.367715,-1.569869,4.312535
0.086880,0.139422,-0.002060,1.056079,-0.167657,3.614989
0.112270,0.125262,-0.028116,1.435450,-0.621786,3.594852
0.154095,0.043913,0.014234,0.701785,-0.852416,4.837453
0.114919,0.032973,0.000776,1.606576,0.728488,4.958033
0.167638,0.043644,-0.005316,3.052638,1.871137,2.286522
0.200892,-0.038443,0.027429,1.367047,0.654558,2.818302
0.154876,-0.089039,-0.020242,1.440570,4.157037,3.612041
0.149473,-0.062842,0.016906,2.617968,3.179583,1.832280
0.282074,-0.097491,0.026057,2.512730,1.815408,1.338466
0.266692,-0.161784,-0.012663,1.159157,2.709449,2.383782
0.199461,-0.207266,0.000854,1.713289,3.455895,2.016443
0.278985,-0.231319,0.016430,2.395727,1.605073,1.954676
0.288173,-0.273607,0.018077,0.659550,-0.396860,2.035813
0.226266,-0.338327,-0.007056,0.874655,0.642869,0.215092
0.296448,-0.342978,0.019620,1.624535,-0.062228,-0.681422
0.317990,-0.404294,0.038560,0.914534,-1.103927,-1.067485
0.243308,-0.455490,-0.010175,0.782225,0.147234,-2.160040
0.310250,-0.485751,-0.016181,1.219574,0.595526,-5.018809
0.383524,-0.547205,0.002158,1.117923,0.252640,-5.586784
0.324210,-0.549578,0.016719,0.583654,-0.817458,-7.358281
0.300862,-0.551531,-0.000711,0.337442,2.312255,-9.613626
0.415748,-0.596107,0.019226,0.499748,3.446238,-9.447053
0.392049,-0.607661,0.017303,0.205832,4.168345,-8.176542
0.370309,-0.576625,0.000149,0.526756,4.593746,-9.463466
0.413791,-0.585865,-0.007578,0.175375,3.470712,-10.774931
0.362356,-0.625770,0.041022,-0.763557,1.928561,-9.807626
0.329528,-0.574748,0.007416,0.113533,3.355000,-9.711377
0.419641,-0.514899,-0.010467,-0.318042,3.624970,-10.322168
0.401617,-0.534617,0.014378,-0.589978,1.066323,-8.795834
0.290907,-0.474253,0.015130,-0.499895,-0.068258,-6.210896
0.288478,-0.367170,-0.015065,-0.617259,-0.066417,-4.187770
0.335010,-0.339929,-0.012948,-1.195109,-0.185792,-2.502670
0.293723,-0.316591,-0.008950,-0.212695,-0.121965,-0.748243
0.280360,-0.259552,-0.005648,-0.015847,-0.586647,1.663049
0.294931,-0.232143,0.001360,-0.061309,-0.538904,2.198569
0.223167,-0.200848,-0.017015,0.705583,0.281220,1.728522
0.210494,-0.140576,0.003132,1.510555,2.463532,0.677684
0.354589,-0.077691,-0.007831,0.809702,3.145475,0.674558
0.313424,-0.052085,0.020365,1.340853,2.743202,1.606812
0.213179,-0.011015,0.024990,2.532683,3.137272,3.426777
0.284601,0.025056,-0.004575,2.412914,3.097860,6.102902
0.320833,0.043237,0.008158,1.643428,3.255647,9.084204
0.281299,0.114975,0.020913,3.063257,3.122557,9.158753
0.273283,0.151955,0.006353,2.932232,0.870627,8.850013
0.260052,0.125180,-0.029357,1.869450,1.145827,10.383791
0.212381,0.153747,-0.017117,2.527717,0.842661,10.644665
0.224519,0.198989,-0.000554,2.964432,-1.128355,10.059646
0.272295,0.199688,-0.012617,1.413549,-2.341711,10.131890
0.145232,0.167592,-0.015508,1.031053,-1.809973,10.420011
0.104481,0.171525,-0.025366,2.382764,-0.876257,10.261022
0.239707,0.189864,-0.009915,0.766725,-1.668486,9.128445
0.239944,0.153415,0.002489,-0.555976,-0.059954,7.527902
0.155293,0.134538,-0.019782,0.922408,2.959515,6.655355
0.196858,0.127248,-0.001108,0.319033,1.684977,6.232769
0.183469,0.105715,0.005581,-0.988266,1.458453,5.353919
0.143341,0.068052,-0.034035,-1.439887,4.040606,3.754829
0.192959,0.054095,-0.020580,-0.564221,4.394403,1.691735
0.159235,0.014279,0.015333,-1.473959,1.841005,1.612303
0.051269,-0.000088,-0.009689,-1.479749,2.222890,-0.231307
0.071994,-0.028100,-0.026183,-1.308518,1.633456,-2.577863
0.158999,-0.089482,0.036351,-1.327877,-1.035960,-1.477285
0.101635,-0.089472,-0.004187,-1.319310,-0.927108,0.553664
0.011624,-0.098026,-0.052886,-0.701332,-0.455957,-0.804870
0.004770,-0.158036,0.008440,-0.338058,-2.585770,-0.896899
-0.005255,-0.216499,0.019620,-0.353170,-3.317088,-1.111422
-0.027854,-0.189041,0.021055,0.400175,-1.980479,-3.310106
-0.030332,-0.219155,0.006444,-0.048189,-2.004572,-7.016432
-0.054810,-0.285502,0.034641,0.738244,-2.037485,-8.670916
-0.078775,-0.273259,0.011230,0.963012,0.329012,-8.324367
-0.002917,-0.258350,0.021445,0.592943,1.450808,-6.672363
0.026723,-0.296193,0.032189,0.193786,2.120275,-5.905184
-0.052853,-0.306513,0.026572,0.941312,2.361196,-4.332297
-0.086226,-0.288339,0.032983,1.451645,2.627651,-3.343627
-0.046042,-0.286622,0.023996,0.127297,2.082467,-3.326941
-0.090746,-0.267042,0.001485,-0.277257,1.683993,-4.462279
-0.115604,-0.259309,0.017257,1.159715,1.705824,-4.471979
-0.052275,-0.264400,0.028804,0.551650,-0.912748,-1.838930
-0.092814,-0.245736,0.008837,0.218555,-2.360474,0.100604
-0.169951,-0.242992,0.006080,0.187746,-1.601564,1.422109
-0.069137,-0.260589,0.013603,1.291482,-1.903804,3.510780
-0.035325,-0.239086,0.006615,0.330703,-2.894457,5.107083
-0.122848,-0.216089,-0.011612,0.669782,-0.763561,3.086553
-0.140845,-0.233683,-0.004306,1.315772,-1.805633,-0.279527
-0.125569,-0.262020,0.041205,1.315076,-2.862943,-1.355204
-0.097750,-0.216867,0.001022,0.889551,-0.248513,-2.377822
-0.091057,-0.178236,-0.004519,1.604157,0.629404,-4.393119
-0.108947,-0.228766,0.040542,1.547588,0.660558,-3.292415
-0.111087,-0.227633,0.044363,1.322583,0.313154,-0.264979
-0.106941,-0.157290,-0.003196,0.751091,2.186934,-0.176275
-0.079818,-0.159867,0.037319,1.038685,2.241626,-2.605496
-0.086360,-0.145224,0.040493,0.249055,-0.415429,-3.226061
-0.132442,-0.090365,0.022844,0.226649,1.301460,-3.011978
-0.103065,-0.066344,0.014109,-0.125271,0.887752,-3.026890
-0.059563,-0.044778,0.023310,-0.917070,-0.887348,-2.199876
-0.104499,-0.022599,0.016420,-0.243573,-1.034326,-0.392122
-0.125241,0.006901,0.006497,-1.559250,-2.292468,0.559262
-0.056940,0.045853,-0.001447,-1.836468,-2.337424,0.412020
-0.063268,0.084087,-0.000994,-1.656469,-2.559780,-0.461756
-0.078762,0.098464,0.024048,-1.639620,-2.771422,-1.653647
-0.014045,0.127996,-0.011133,-2.708809,-1.801803,-1.805104
-0.023446,0.179839,-0.020462,-1.830760,-0.303983,-2.766686
-0.063160,0.186772,0.002568,-1.366128,-0.065889,-3.062749
0.003552,0.205232,0.028870,-2.665287,-2.554755,-0.938088
0.038349,0.238037,-0.039677,-2.647539,1.092123,1.213462
-0.011701,0.262622,-0.022398,-0.428115,2.665645,1.014900
0.008558,0.289834,-0.021066,-0.534827,1.518945,0.692065
0.064894,0.284854,-0.010355,-1.453621,1.608572,1.797451
0.076655,0.310936,-0.037550,-0.834097,2.808841,3.457334
0.086929,0.344604,-0.024945,0.632220,2.056122,3.649084
0.112874,0.330254,-0.014763,0.150588,0.421235,4.923882
0.100131,0.333943,-0.043012,0.021661,0.167522,6.872043
0.079406,0.358811,-0.038669,0.387239,-0.179904,7.135300
0.149089,0.344174,-0.026052,1.059046,-0.705029,7.411873
0.165925,0.335171,-0.034228,0.963996,-1.788407,8.642654
0.121320,0.327752,-0.042392,0.707152,-0.970995,9.391259
0.169959,0.307792,-0.036234,1.250382,-0.719560,8.920368
0.210828,0.281765,-0.027706,1.071677,-0.705678,7.625142
0.166739,0.239819,-0.010148,1.042670,-0.855623,7.358263
0.211255,0.222301,-0.039634,0.909724,1.223909,7.112898
0.223302,0.201595,-0.015492,0.196267,1.162292,6.445493
0.161664,0.166092,-0.027910,1.147156,3.400566,5.744468
0.196766,0.110872,-0.021181,0.774816,2.454834,7.081929
0.273848,0.056560,-0.009229,0.213158,3.423032,7.768201
0.235545,0.025919,-0.036368,0.008886,3.511362,7.187799
0.197981,-0.022989,-0.005116,1.299504,3.135434,4.711366
0.257324,-0.090440,-0.011287,0.140620,0.862910,3.908070
0.296628,-0.142477,-0.034110,0.069046,2.298304,2.272048
0.259691,-0.181932,-0.026570,0.046217,1.262232,-1.164400
0.262159,-0.249908,-0.026587,0.963957,0.780058,-2.602550
0.263019,-0.285247,-0.032689,-0.129190,-1.441870,-2.463335
0.234403,-0.338012,-0.047273,0.112946,-0.907752,-1.858880
0.264598,-0.367078,-0.042799,0.434759,-0.799605,-4.189454
0.260183,-0.448229,-0.013516,1.117913,-2.887820,-5.855153
0.210809,-0.509168,-0.050073,1.330011,-0.020361,-7.132141
0.252230,-0.525291,-0.066386,1.166185,0.898636,-9.144465
0.309525,-0.564487,-0.007762,1.601200,1.363046,-11.876054
0.287490,-0.595148,-0.010641,1.003786,1.005293,-12.371984
0.263518,-0.609269,-0.032288,0.678667,3.617930,-12.062904
0.300514,-0.649916,-0.003235,1.068355,4.118091,-11.778988
0.343839,-0.626023,-0.007851,0.662925,3.485989,-11.041046
0.300245,-0.592992,-0.032003,0.376273,4.234792,-9.605958
0.295164,-0.623784,-0.009840,0.023503,3.291084,-9.217527
0.329666,-0.582426,0.020618,0.075316,1.598728,-7.164758
0.288639,-0.535910,-0.013565,-0.104844,1.861435,-6.954080
0.297898,-0.551534,-0.013864,-0.110257,1.163972,-6.771211
0.332774,-0.541165,0.009428,-0.215387,-1.197194,-3.930164
0.278414,-0.476262,-0.022385,0.056403,-0.427268,-2.679737
0.241184,-0.437516,-0.000869,0.312787,-1.188387,-3.616724
0.263761,-0.439324,-0.015568,0.426484,-1.491766,-4.211472
0.259806,-0.397637,-0.011983,0.451749,-1.217181,-2.239130
0.232289,-0.328952,-0.023462,0.604763,0.125970,-1.197282
0.223807,-0.299788,-0.011816,1.406902,0.730451,-0.398475
0.208902,-0.269632,0.002555,1.516500,1.164205,1.921205
0.183246,-0.215088,-0.003777,1.288715,1.704317,4.519720
0.198716,-0.170745,-0.019369,1.324287,3.486645,3.923350
0.203318,-0.128661,0.010446,2.020521,3.230756,2.203007
0.159035,-0.070545,-0.011409,1.479891,3.823771,1.748837
0.184487,-0.026426,-0.045819,1.718977,5.807010,1.704422
0.223860,0.042032,0.000175,1.566944,2.736815,2.948624
0.186922,0.091062,0.005877,1.421391,1.670006,5.089899
0.158250,0.111683,-0.027128,0.707241,1.283916,8.631437
0.199806,0.161933,-0.035229,0.255377,0.783157,11.793007
0.155007,0.219343,-0.003626,0.834068,-1.380255,12.885720
0.102104,0.240656,-0.036306,0.473104,-1.872894,11.890007
0.110415,0.227103,-0.054855,-0.048846,-2.816723,8.494498
0.105071,0.230678,-0.013519,0.681572,-2.926937,5.109670
0.072693,0.252998,-0.029643,1.348665,-1.814916,3.228408
0.087474,0.248626,-0.062152,0.634229,-1.023244,2.736029
0.060890,0.212043,0.051706,-0.686575,-11.568902,2.334538
0.059324,0.230733,0.006927,0.888533,0.553924,4.765177
0.060634,0.229174,-0.026577,0.029000,2.084082,3.766426
0.098884,0.203693,-0.068165,0.351917,6.330352,2.676890
0.019616,0.173717,0.002460,0.642632,2.990045,1.197999
-0.000771,0.171863,0.001088,-0.249429,2.261971,-1.203956
0.015779,0.160368,-0.028582,-1.038301,2.261025,-2.969468
-0.039746,0.120194,-0.026308,-0.489205,2.359334,-3.165489
-0.042619,0.110639,-0.013296,-0.745471,1.608296,-1.778445
-0.013622,0.120657,-0.026482,-1.687613,0.565636,0.431812
-0.022963,0.088338,-0.021811,-1.843086,-1.170872,1.591603
-0.080593,0.053741,-0.018896,-1.012136,-2.199089,2.352039
-0.099618,0.054335,-0.037678,-1.850507,-2.969464,2.027937
-0.080183,0.035464,-0.035377,-2.150929,-3.612054,-0.355645
-0.106190,0.009559,-0.030270,-1.626110,-2.928867,-1.558140
-0.105251,-0.012187,-0.047191,-0.483040,-2.391243,-1.620651
-0.096940,-0.034278,-0.035157,-1.579860,-2.003686,-0.177986
-0.121423,-0.049774,-0.027335,-1.087954,-0.598563,-0.483604
-0.117826,-0.058538,-0.016647,-0.300077,0.443402,-1.037837
-0.044696,-0.091034,-0.014905,-0.503342,1.268508,-0.693770
-0.053759,-0.123665,-0.024322,-0.437391,2.044647,-0.265412
-0.105812,-0.133132,-0.011002,1.182252,3.523930,-1.736583
-0.088494,-0.148260,-0.015459,0.978045,2.569873,-2.532275
-0.066259,-0.164512,-0.041663,0.529549,2.257188,-1.648773
-0.081200,-0.165943,-0.044604,1.361657,2.487271,-1.137149
-0.067490,-0.168579,-0.026075,1.966246,-0.214232,-1.400075
-0.055820,-0.178774,-0.013250,1.610558,-1.340265,0.643723
-0.082523,-0.200615,-0.057852,1.353970,0.133720,0.994904
-0.048035,-0.188661,-0.038361,2.139037,-1.970904,0.860610
0.000624,-0.180931,-0.040898,2.116342,-2.753339,0.709599
-0.068776,-0.239988,-0.054336,1.152070,-2.978639,0.775385
-0.079421,-0.280969,-0.050145,2.636963,-2.382361,0.537478
-0.039753,-0.282351,-0.030545,2.436705,-2.700928,-0.805972
-0.059996,-0.299699,-0.028645,1.413956,-1.894512,-4.118465
-0.093877,-0.339233,-0.054392,1.698104,0.694104,-7.339005
-0.050638,-0.352018,-0.028517,2.088048,0.841945,-7.932350
-0.038709,-0.336754,-0.021437,1.325048,1.236576,-7.338219
-0.080793,-0.356876,-0.021847,0.444695,2.345853,-7.782081
-0.046446,-0.365400,-0.019260,0.332232,3.199609,-8.092363
-0.022980,-0.364682,-0.021509,0.456072,1.620661,-7.549371
-0.037971,-0.337464,-0.027050,-0.565840,2.261373,-7.201177
-0.017849,-0.336469,-0.042152,-1.093107,1.877745,-7.648537
-0.010815,-0.329438,-0.035538,-1.459703,0.380576,-8.080273
-0.062806,-0.292767,-0.000980,-1.907887,-1.326863,-7.743896
-0.025809,-0.225132,-0.033953,-2.776112,-1.202397,-6.723245
0.000621,-0.187591,-0.063160,-3.047885,-1.796091,-6.369345
-0.039096,-0.195475,-0.045415,-2.360854,-2.281419,-4.866803
-0.029266,-0.141633,-0.031379,-2.405797,-2.346586,-1.991173
0.033130,-0.080235,-0.053857,-2.751655,-1.848036,-1.328008
0.061143,-0.051658,-0.059720,-2.890082,0.196309,-2.250791
0.075221,-0.036382,-0.030956,-1.009980,0.679960,-2.360257
0.123361,-0.000718,-0.034704,-1.054733,0.192896,-1.055155
0.142803,0.060591,-0.028976,-1.012409,1.310943,0.023234
0.119163,0.092100,-0.043183,-0.350725,3.655878,-0.407574
0.201362,0.143306,-0.024630,0.732712,3.841900,1.023807
0.234790,0.197915,-0.027450,0.323340,2.249747,3.428154
0.168938,0.224008,-0.033696,0.858755,2.687043,4.365194
0.194633,0.240801,-0.043042,1.689083,1.397170,5.072520
0.282533,0.289761,-0.040823,1.615905,1.897016,7.242289
0.295968,0.335479,-0.045254,1.170583,1.339353,8.767464
0.294951,0.369482,-0.071277,2.288942,0.731028,9.758822
0.289397,0.377727,-0.041020,2.675778,-1.053407,12.473324
0.285130,0.369971,-0.013217,1.390529,-4.507405,14.486234
0.335164,0.368304,-0.053312,1.680159,-1.007948,15.047364
0.344243,0.360153,-0.038735,2.702769,-0.996765,12.877879
0.298476,0.307313,-0.045717,2.485564,-1.915552,10.658701
0.273592,0.259199,-0.042234,1.787166,-1.484788,9.073280
0.332712,0.230444,-0.062733,2.132163,2.128874,7.398837
0.365113,0.187986,-0.022014,3.014617,1.827034,5.396616
0.314347,0.126329,-0.006108,1.805479,2.250600,5.696328
0.295568,0.068896,-0.067670,1.497786,5.744585,6.566818
0.295739,0.020253,-0.032764,1.270711,3.717456,6.204326
0.301059,-0.048445,0.015248,1.169507,2.369133,4.040422
0.287303,-0.103691,-0.030381,0.080361,2.858590,0.936436
0.258857,-0.143737,-0.041476,-0.046735,4.920805,-1.186918
0.214616,-0.220041,-0.002910,-0.004388,1.805305,-2.536132
0.249410,-0.253640,-0.010450,-0.658710,1.393648,-2.316384
0.247539,-0.330065,-0.026337,-1.184618,0.714899,-1.831620
0.244808,-0.397398,-0.023928,-1.178973,0.401327,-0.951636
0.232319,-0.449040,0.001051,-0.659904,-0.569490,-1.265486
0.221017,-0.488272,0.003848,-1.108955,-3.005443,-4.887503
0.217232,-0.557725,-0.020865,-1.428379,-0.639422,-9.295687
0.267943,-0.592263,-0.024962,-0.293811,0.584484,-11.784888
0.257557,-0.588485,-0.005182,-0.433344,0.694672,-13.088230
0.240121,-0.624099,0.022236,-0.251493,1.818553,-14.025911
0.231642,-0.646705,-0.004693,-0.576652,2.061457,-12.818673
0.248238,-0.632545,0.008207,0.683099,2.845697,-9.003244
0.258260,-0.631636,0.010853,0.378971,2.983313,-6.129629
0.250749,-0.642816,-0.020133,-0.144003,3.173156,-6.785040
0.218309,-0.660219,0.013413,1.150777,2.945214,-7.606094
0.256238,-0.635850,0.011883,1.549794,2.558155,-8.006282
0.264861,-0.597603,-0.014376,1.275920,3.104675,-8.342594
0.217301,-0.595664,0.011824,1.843953,1.552777,-8.973394
0.226958,-0.597229,-0.008218,2.742589,0.741326,-6.166515
0.224785,-0.537814,-0.018305,2.557246,0.719222,-1.823553
0.204159,-0.503118,-0.020606,2.423300,-0.228179,-0.115021
0.186680,-0.481796,-0.008113,3.492278,-0.843859,-0.721406
0.170868,-0.435198,-0.020307,2.717797,-1.026855,-1.420908
0.169457,-0.413459,-0.023055,2.595765,-0.918748,-2.807493
0.145876,-0.393147,-0.011100,2.208323,-1.255441,-3.723904
0.112129,-0.349405,-0.019854,2.977798,0.232108,-2.982042
0.102508,-0.311280,-0.060356,2.129646,0.608482,-1.186446
0.142629,-0.272563,-0.042493,1.552721,2.260966,1.563706
0.102176,-0.255330,-0.030854,2.329363,1.931685,3.233324
0.086454,-0.220527,-0.059743,1.348820,5.019212,4.187384
0.072352,-0.202063,-0.036756,0.198046,2.597147,3.430408
0.077296,-0.165145,-0.013037,0.660834,2.484392,2.191401
0.082321,-0.100186,-0.028868,0.302483,2.550054,1.238620
0.042646,-0.063961,-0.054474,-0.597909,1.329591,1.216384
0.046979,-0.062884,-0.053585,-0.931142,1.586140,2.448546
0.088390,0.003287,-0.042713,-0.813431,0.071147,5.033930
0.098710,0.061478,-0.058945,-1.156866,-0.783262,5.749215
0.056905,0.061389,-0.076217,-1.579207,-1.450467,5.585621
0.042045,0.056337,-0.071454,-0.582833,-1.010279,4.147768
0.071948,0.095956,-0.055088,-0.725508,-2.388177,2.128205
0.078260,0.112070,-0.054113,-0.817737,-2.774517,-1.323762
0.033987,0.107186,-0.068684,-1.028158,-1.477915,-3.459744
0.041720,0.130557,-0.050233,-0.237987,-1.088082,-3.888559
0.065134,0.187664,-0.054021,-0.386320,-0.738828,-1.784329
0.032648,0.211003,-0.060265,-0.720820,-0.197902,-0.699372
0.003260,0.218487,-0.088992,-0.926852,1.143939,0.756789
-0.020872,0.227224,-0.031254,-0.340054,0.657827,2.411338
0.011863,0.292108,-0.043554,-0.988329,2.117274,2.831172
-0.003784,0.295939,-0.057855,-1.193856,2.413166,1.557191
-0.012890,0.278362,-0.070716,-0.918134,2.167177,-0.146168
0.010199,0.304713,-0.060698,-0.192748,1.494038,0.548117
0.029510,0.351061,-0.030319,-1.264829,0.334149,1.883046
0.003664,0.346400,-0.074756,-1.348409,0.363054,2.748067
-0.013523,0.344263,-0.074231,-0.773615,0.176375,4.600340
-0.048540,0.326384,-0.035137,-0.421216,-2.510370,7.022993
-0.042809,0.331018,-0.041171,-0.588115,-3.575225,8.015478
-0.091701,0.314921,-0.060872,-0.637437,-3.225823,6.469442
-0.103948,0.250530,-0.044555,0.265641,-2.560003,4.740697
-0.071514,0.228265,-0.036716,1.247080,-2.482991,4.800136
-0.065773,0.210001,-0.036326,0.704684,-2.682497,4.939752
-0.070782,0.141622,-0.050988,0.935495,0.381180,4.453072
-0.080583,0.085318,-0.033345,1.878986,0.233893,4.096025
-0.044493,0.052828,-0.005136,1.865216,1.125325,5.006614
-0.013306,0.021800,-0.043133,0.957359,2.231093,4.331968
-0.051022,-0.050053,-0.026649,2.103997,2.825510,1.610623
-0.082507,-0.126183,-0.008221,2.148957,2.256814,0.292408
-0.031990,-0.126465,-0.004036,1.216846,0.980812,-0.800584
0.015346,-0.151405,-0.041098,0.709056,3.178779,-2.332589
-0.018834,-0.212619,-0.028468,0.151915,1.375388,-2.214303
-0.014134,-0.254946,-0.009229,0.778398,0.178561,-0.768870
0.008318,-0.257690,-0.020688,-0.286425,-1.403594,1.440120
0.000907,-0.291910,-0.039680,-0.867059,-2.266537,0.653979
-0.012348,-0.335875,-0.057803,-0.656537,-2.374942,-1.397545
-0.026860,-0.383999,-0.010194,-0.785241,-3.706720,-2.912292
-0.018394,-0.418747,-0.024965,-0.173962,-3.180834,-4.210548
-0.022993,-0.434831,-0.053220,-0.592762,-2.269340,-6.136592
-0.044995,-0.494807,-0.022283,-0.183462,-1.079394,-9.002709
-0.000987,-0.524106,0.002499,0.374845,-0.049000,-9.874212
0.039173,-0.516655,-0.033296,0.232833,1.675878,-9.996841
0.010183,-0.550500,-0.009272,0.208557,2.115673,-11.749033
0.019758,-0.584054,-0.020189,0.849295,3.274045,-12.218448
0.031269,-0.591147,-0.019713,1.009350,3.467410,-12.390641
0.047143,-0.577492,-0.020902,1.012288,3.814085,-12.605106
0.035842,-0.550402,-0.057238,0.421547,2.877313,-14.620730
-0.008442,-0.546676,-0.009705,1.310514,1.479129,-13.811567
0.013022,-0.500929,-0.033214,1.027213,0.664503,-11.106690
0.032142,-0.429257,-0.049042,-0.014548,-0.250601,-8.367002
0.046959,-0.395218,-0.060248,0.089844,0.073103,-6.619074
0.035507,-0.360316,-0.043570,0.649102,-1.649392,-4.575943
0.059672,-0.310955,-0.045329,-0.157150,-2.429113,-1.652862
0.091893,-0.255767,-0.072469,-0.536908,-1.994193,-0.879279
0.096357,-0.237218,-0.015380,0.634683,-1.140943,-1.392922
0.131771,-0.187650,-0.053742,0.215538,-0.861437,-0.147092
0.149007,-0.133640,-0.065365,0.091843,1.177105,0.120042
0.149220,-0.085950,-0.050824,-0.660722,0.833621,1.108355
0.172486,-0.047785,-0.051248,-0.030284,1.557143,2.468394
0.197380,-0.000377,-0.039526,0.289596,2.310738,4.048520
0.228810,0.056872,-0.066655,-0.601730,2.437099,6.105914
0.250159,0.097194,-0.079683,0.039786,4.220858,6.511108
0.240315,0.121175,-0.049383,1.248164,2.996869,7.260961
0.254081,0.148902,-0.045201,0.732164,2.251122,7.908563
0.293634,0.192572,-0.068884,0.715335,2.288007,10.026980
0.287539,0.239268,-0.074894,1.100798,1.168778,10.212579
0.256504,0.237127,-0.056221,1.485044,-0.549674,10.320088
0.270736,0.267329,-0.083209,1.290792,-1.129116,11.109573
0.277048,0.287936,-0.086849,0.345975,-1.438663,11.205099
0.302097,0.309801,-0.055994,1.481151,-1.229710,10.945392
0.268425,0.324733,-0.080517,0.834442,-2.178751,10.956188
0.242061,0.296044,-0.084797,0.361413,-0.742530,10.359988
0.282838,0.274682,-0.067479,0.805907,-0.538113,9.010434
0.315266,0.265754,-0.080182,1.369594,1.415637,8.506045
0.276677,0.214676,-0.084331,0.932633,2.758919,7.049860
0.253270,0.177190,-0.070650,0.950079,2.597127,5.640072
0.269525,0.153212,-0.040301,1.217840,1.248649,5.058694
0.301604,0.100335,-0.044496,1.303062,3.373362,2.995022
0.297593,0.032074,-0.069370,1.178366,4.514557,0.712477
0.256536,-0.031173,-0.053060,1.608749,2.588347,-0.046662
0.251104,-0.073286,-0.069193,0.733133,2.362210,0.109691
0.243853,-0.095984,-0.070030,0.276047,1.666783,-1.855739
0.235778,-0.146898,-0.032377,0.666719,0.675887,-2.487378
0.226660,-0.178836,-0.059894,-0.154770,-0.425184,-1.749042
0.187405,-0.207617,-0.103402,0.198210,2.562229,-1.242818
0.119357,-0.267413,-0.036237,-0.190355,-2.228198,-2.438890
0.136406,-0.316512,-0.049666,-0.552835,-1.678727,-3.219273
0.158546,-0.351381,-0.083832,-0.775653,-0.389694,-4.840883
0.128922,-0.408266,-0.028504,-0.623620,-1.255464,-6.645508
0.114531,-0.436058,-0.034839,-0.520043,-0.014695,-7.498102
0.068233,-0.486138,-0.063918,-1.079600,1.359031,-8.055251
0.072861,-0.531708,-0.027850,0.139077,2.377102,-7.354269
0.079531,-0.509398,-0.031980,0.110116,2.308637,-5.394561
0.018842,-0.513527,-0.028395,-0.705990,2.099940,-5.136182
-0.025264,-0.553399,-0.024945,-0.391243,2.638703,-5.594362
-0.009955,-0.549988,-0.028730,0.980891,2.064952,-5.724182
0.028791,-0.506545,-0.002891,0.385319,2.908139,-5.599882
0.015822,-0.494381,-0.029561,0.112230,1.971718,-6.104420
-0.020748,-0.475060,-0.041194,0.839835,0.616783,-4.893657
-0.036530,-0.458172,0.000152,0.874327,-0.673845,-1.760155
0.000749,-0.428200,-0.048812,0.795732,-0.873608,1.097950
-0.025589,-0.408282,-0.043760,1.261221,-1.098763,1.171148
-0.055624,-0.392628,-0.018660,2.276499,-2.431811,0.243376
-0.049121,-0.380381,-0.034015,2.378629,-3.137207,-0.249115
-0.038860,-0.348975,-0.045746,2.362640,-2.034708,-1.651498
-0.046288,-0.366103,0.010561,3.557484,-2.075469,-2.949578
-0.021545,-0.351506,-0.033568,3.110813,-0.656757,-2.200607
-0.015926,-0.305932,-0.060038,3.466091,1.005992,-1.691399
-0.037285,-0.286802,0.009750,3.123391,-0.448506,-2.213206
-0.032597,-0.269809,0.005640,3.427187,1.726996,-2.019818
-0.061309,-0.248884,-0.031940,2.509322,1.627088,-0.961537
-0.064795,-0.225470,-0.023994,2.285224,2.382078,-2.390997
-0.083961,-0.180976,-0.000422,2.203090,1.412131,-3.795212
-0.110322,-0.139388,-0.005875,0.372376,-0.622711,-5.415110
-0.125093,-0.118167,-0.021105,-0.326324,-1.399054,-4.604427
-0.108540,-0.069905,-0.030851,-0.374388,0.021815,-3.318269
-0.118220,-0.043160,0.002082,-0.542767,-1.494885,-1.495908
-0.107512,-0.001598,-0.009571,-1.837279,-1.485451,0.586057
-0.148572,0.037033,-0.021204,-2.556012,-2.688550,1.397239
-0.153585,0.061159,-0.024299,-2.674366,-2.206360,1.903594
-0.135452,0.098533,-0.003196,-2.627293,-3.427200,0.309428
-0.145405,0.116954,-0.026078,-3.298135,-1.719916,-0.041199
-0.126298,0.157663,-0.056851,-2.673900,-0.336040,-1.486963
-0.140068,0.185163,-0.002920,-3.011273,-1.193826,-0.999278
-0.137064,0.226414,-0.025054,-3.221700,-0.234271,-0.545836
-0.171353,0.232956,-0.009456,-2.838390,0.070884,-0.090076
-0.122274,0.284487,-0.018551,-1.612238,0.816782,2.017601
-0.103317,0.333510,-0.015863,-2.261931,-0.202871,3.191391
-0.130023,0.347637,-0.016798,-1.590066,0.729597,2.073904
-0.143829,0.387647,0.001714,-0.992698,-1.519776,2.158836
-0.145884,0.434356,-0.019047,-1.280620,0.299411,4.123612
-0.107575,0.469111,-0.025192,-0.490154,1.614313,6.960962
-0.086741,0.503576,-0.025454,0.458172,-0.087139,8.264058
-0.094445,0.497983,0.008319,-0.030816,-1.545133,10.001761
-0.081817,0.492518,-0.017530,-0.227243,-1.234053,11.207739
-0.094373,0.509754,-0.020104,1.031421,-1.497757,11.115463
-0.104630,0.512173,-0.001515,1.451517,-2.407583,10.147642
-0.074028,0.512649,-0.022648,1.176248,-2.430186,8.468281
-0.074281,0.480937,-0.016030,0.849846,-2.080456,7.311458
-0.043666,0.470529,-0.028612,1.348691,-0.563618,7.814680
-0.085861,0.437727,-0.001486,1.920663,-1.502067,7.118166
-0.099539,0.393792,-0.011330,1.081550,-0.706118,8.314073
-0.031015,0.357196,-0.020826,0.559022,1.051250,8.418066
-0.016195,0.307027,-0.004568,1.711122,0.708622,8.330754
-0.072650,0.238578,0.036489,1.043933,-1.918247,6.941711
-0.084437,0.168777,-0.021515,0.664260,2.170332,5.545138
-0.071409,0.094420,-0.008336,0.731239,1.307769,2.747763
-0.006847,0.029116,0.025259,1.005532,0.254760,1.890940
-0.033838,-0.044082,0.015668,0.454470,0.410613,1.627048
-0.064145,-0.128566,-0.027086,-0.381235,1.096515,0.536212
-0.071182,-0.186419,-0.011789,0.536456,-0.351011,0.147083
-0.045343,-0.258472,0.022968,0.379099,-1.859856,-0.418060
-0.008583,-0.319814,-0.022231,-0.533104,-1.137847,-3.536937
-0.048944,-0.405394,-0.012397,-0.455235,-1.395486,-5.837645
-0.072679,-0.478054,-0.008799,-0.029647,-1.549852,-6.701477
-0.070670,-0.502547,-0.000642,-0.483687,-1.193028,-7.636326
-0.062300,-0.557088,-0.005743,-0.567500,-1.218717,-10.315419
-0.056884,-0.629863,-0.000590,-0.167099,0.458205,-11.842176
-0.028363,-0.680905,0.001705,0.545620,0.086020,-11.625616
-0.085244,-0.697967,0.005680,0.129529,-0.344465,-10.201715
-0.134776,-0.730486,-0.020376,-0.470498,1.079548,-12.137166
-0.090194,-0.753122,-0.006580,0.321430,2.349875,-12.897900
-0.004523,-0.728954,0.024445,0.445221,1.770163,-12.787884
-0.010966,-0.710050,-0.017878,0.293191,2.011442,-12.975535
-0.071054,-0.718627,-0.001013,-0.184866,2.317812,-12.834700
-0.058601,-0.704220,-0.001650,0.205898,2.261295,-11.841263
0.053055,-0.627411,0.011568,-0.562002,1.515876,-10.048981
0.079800,-0.563016,0.002279,-0.357743,0.770638,-8.864696
-0.000971,-0.537472,-0.000829,-0.252462,-0.945201,-8.106714
-0.040518,-0.490845,0.001376,-0.169557,-4.840664,-4.966710
0.025692,-0.384937,-0.051254,-0.621260,-1.710886,-2.782136
0.085226,-0.319453,-0.034724,-0.373781,-0.115388,-3.303849
0.034351,-0.292405,-0.031304,0.596117,-2.297287,-2.182054
0.005321,-0.259788,-0.026012,1.255444,-3.755198,-0.532291
0.021799,-0.209626,-0.040849,0.755568,-1.645729,1.601100
0.096875,-0.155357,-0.045300,2.007382,1.922531,2.389589
0.110918,-0.118738,-0.013926,2.410324,0.172364,1.670029
0.121379,-0.053194,-0.005976,2.160340,1.582611,2.192967
0.137312,0.002226,-0.055252,2.717957,3.119619,3.888031
0.132805,0.047301,-0.028015,2.929159,2.958681,4.745489
0.135313,0.082344,-0.019831,2.776204,2.475943,7.027135
0.166919,0.146939,-0.029419,2.403532,2.352957,8.860902
0.173277,0.193425,-0.016795,1.557093,2.038135,9.589816
0.167717,0.210868,-0.022077,2.645028,0.467711,8.762753
0.147097,0.229299,-0.030788,1.653659,-1.046947,9.552806
0.160495,0.239609,-0.042854,0.854314,-0.999824,10.497223
0.193395,0.270950,-0.063833,0.878131,-0.489753,10.916010
0.167503,0.282813,-0.044299,1.245931,-1.997850,10.201140
0.107461,0.264352,-0.049160,0.538290,-2.808126,10.757086
0.115723,0.241923,-0.094934,-0.134081,-1.971134,9.911698
0.129929,0.245462,-0.072190,0.438540,-1.333615,8.536221
0.115490,0.239081,-0.054363,0.170454,-0.845970,6.568189
0.094213,0.222997,-0.086232,-0.806160,0.176671,6.352595
0.071794,0.197817,-0.061788,-0.850470,0.995350,5.401120
0.065919,0.152421,-0.033861,-0.651072,2.087686,4.296022
0.078838,0.149667,-0.080816,-1.269808,3.167467,2.777517
0.060870,0.125820,-0.104344,-2.456363,2.898163,-0.091827
0.052188,0.097407,-0.094687,-1.902531,3.304673,-2.293175
0.073862,0.088197,-0.082513,-1.516805,2.304501,-3.008477
0.071653,0.053767,-0.078978,-1.304461,2.085458,-1.977739
0.015290,0.027051,-0.126409,-2.283251,0.505380,-1.023807
0.004307,0.036666,-0.145680,-2.247860,-0.165665,0.359876
-0.015332,0.035346,-0.114326,-1.743809,-1.975975,2.569108
-0.033845,-0.005789,-0.128513,-0.947358,-2.627802,2.457085
-0.053910,-0.013080,-0.166484,-1.689987,-3.735096,2.175462
-0.079365,-0.045513,-0.134776,-1.338565,-3.592071,-0.171210
-0.089101,-0.076605,-0.136489,0.193788,-3.379109,-2.230957
-0.090411,-0.090617,-0.130203,0.608029,-2.735328,-4.598446
-0.089548,-0.124318,-0.126786,0.124296,-1.153002,-4.102790
-0.077038,-0.153841,-0.110578,2.221590,0.160360,-0.866719
-0.106360,-0.189583,-0.107518,1.849759,-0.894698,0.778850
-0.165152,-0.230998,-0.130226,2.053195,1.506967,0.283021
-0.154024,-0.246842,-0.171332,1.076735,2.473780,-2.166555
-0.130529,-0.273236,-0.117855,2.431082,3.155670,-3.530300
-0.156683,-0.308214,-0.115337,3.076915,2.124627,-5.161708
-0.200967,-0.326385,-0.128805,2.912799,1.756935,-4.150967
-0.232688,-0.340431,-0.115587,2.217822,0.798899,-2.464526
-0.176614,-0.342486,-0.125608,2.309455,0.293834,-0.272600
-0.202122,-0.345233,-0.127128,2.876007,-1.324654,2.614387
-0.243802,-0.388696,-0.101157,1.763654,-2.491771,2.545961
-0.219256,-0.414397,-0.139916,1.659433,-2.325256,2.268875
-0.172784,-0.413275,-0.137481,1.163742,-2.538910,-0.056805
-0.172160,-0.434039,-0.103238,1.396963,-3.603316,-4.120126
-0.202677,-0.454978,-0.112698,0.576577,-2.828063,-6.263035
-0.196519,-0.451423,-0.126012,0.419102,-1.846060,-5.985751
-0.181036,-0.445840,-0.097537,0.716865,-1.966525,-4.782539
-0.175360,-0.469441,-0.085132,0.789184,-0.960740,-3.249679
-0.217444,-0.477082,-0.101285,0.015070,-0.018168,-2.175699
-0.226760,-0.477079,-0.111507,-0.944466,1.020553,-4.187841
-0.219818,-0.483585,-0.076526,0.190257,2.168868,-7.311916
-0.187440,-0.447058,-0.067023,-0.002353,1.573653,-10.081595
-0.194307,-0.425341,-0.086586,-0.796694,1.121704,-10.813038
-0.195117,-0.396150,-0.100753,-1.080483,1.482313,-10.463859
-0.199201,-0.350426,-0.077163,-0.018736,1.046290,-9.341439
-0.220829,-0.287213,-0.048625,-0.927243,-0.833211,-7.453436
-0.239434,-0.245703,-0.065621,-1.157250,-0.725051,-4.588698
-0.222099,-0.184984,-0.088658,-1.364798,-2.067096,-2.957365
-0.218242,-0.130768,-0.079247,-1.677241,-2.404337,-2.571971
-0.247321,-0.103514,-0.061499,-0.197780,-2.871602,-3.736860
-0.252744,-0.042146,-0.055974,-0.997070,-3.722078,-5.758190
-0.216854,0.020782,-0.057127,-1.136764,-1.986830,-5.695306
-0.161860,0.070412,-0.048343,-0.403018,-0.803534,-4.580612
-0.153732,0.119567,-0.031592,-0.123804,-1.108811,-2.882840
-0.198452,0.169723,-0.034143,-0.610041,-1.025260,1.113161
-0.170535,0.219609,-0.031940,-0.677682,0.367242,3.343808
-0.118062,0.286788,-0.042267,0.323747,1.454593,3.452953
-0.123321,0.319356,-0.004351,0.382877,1.066054,2.987545
-0.103741,0.348760,0.000113,-0.393594,0.110884,4.426691
-0.070608,0.400744,-0.022303,-0.211330,0.627937,5.690814
-0.065550,0.439940,-0.017087,-0.067566,0.823777,6.890305
-0.069646,0.485891,0.002778,-0.178627,-0.509248,8.448183
-0.063833,0.519106,-0.033559,-1.027403,-1.151772,10.718725
-0.055463,0.528582,-0.025339,-0.751974,-1.416251,13.798362
-0.038420,0.546652,0.006093,0.004474,-1.916380,15.432547
-0.051560,0.544705,-0.027489,-0.518964,-2.538195,15.191153
-0.064155,0.511792,-0.031320,-0.700837,-2.205690,14.734612
-0.016323,0.487988,-0.019162,0.156500,-1.966988,13.330192
0.013068,0.435764,-0.009758,1.518955,-1.849001,11.582028
-0.002212,0.409797,0.003477,0.284384,-1.280483,11.074242
-0.007989,0.355998,0.003008,0.999689,0.346537,10.725962
0.037181,0.332857,0.006586,0.481570,0.799592,10.609752
0.036258,0.263765,0.016197,1.868400,1.442851,9.531130
-0.009262,0.205505,0.021882,0.944138,1.238490,7.459330
-0.017846,0.140223,-0.022956,0.364324,2.203212,6.039071
0.010383,0.086713,0.030708,0.953850,1.030525,3.917924
0.025364,0.026201,0.040785,0.924427,-0.121575,1.606527
-0.032226,-0.046318,0.021810,0.623230,-0.158890,-0.097926
-0.032164,-0.121144,-0.019398,0.391385,0.836382,-1.153508
-0.008186,-0.182759,0.006934,0.674722,-0.426586,-1.780686
0.004301,-0.239972,0.008279,0.354159,-1.822978,-1.805110
-0.017862,-0.318793,0.014493,-0.329855,-1.430171,-3.384379
-0.011928,-0.390678,-0.014120,-0.139533,-0.311927,-5.373967
-0.019809,-0.439016,0.000234,0.614141,-1.418148,-6.054068
-0.041204,-0.501947,-0.001345,-0.573021,-1.953346,-8.490974
-0.063311,-0.557948,-0.030700,-0.650855,-0.530550,-12.029099
-0.060331,-0.593189,-0.019461,-0.003541,0.819451,-13.050121
-0.071744,-0.619120,0.018419,0.420021,-0.327787,-13.046838
-0.058295,-0.664188,-0.004555,-0.227036,0.431358,-11.757676
-0.087851,-0.726206,-0.034228,-0.299640,1.702345,-11.949095
-0.130644,-0.744296,-0.017291,-0.511318,0.838929,-11.899987
-0.104036,-0.753162,0.001892,0.610764,-0.162356,-13.127175
-0.052679,-0.724782,-0.028852,0.126204,1.854164,-13.669696
-0.063757,-0.733368,-0.027719,0.057177,3.074460,-13.273601
-0.053654,-0.737380,-0.038916,0.537700,1.918165,-10.725040
-0.031711,-0.695578,-0.013674,0.718175,-1.451497,-7.609962
-0.046669,-0.653119,-0.052114,0.288684,0.277580,-5.028698
-0.054320,-0.635719,-0.067680,0.808895,1.514911,-3.346668
-0.005790,-0.605229,-0.043888,1.491822,-1.132517,-1.483939
-0.036835,-0.581483,-0.042818,1.682660,-1.590400,-0.800283
-0.073690,-0.560669,-0.083507,1.559723,-1.879600,-2.325604
-0.062218,-0.511476,-0.069442,2.296601,-1.889073,-5.372345
-0.026324,-0.453796,-0.034071,2.255055,-3.630344,-5.218493
0.011131,-0.385541,-0.074146,2.153847,-0.257819,-3.181441
-0.023659,-0.362630,-0.085845,2.107243,0.533052,-0.691358
-0.003699,-0.346855,-0.063908,2.899450,1.419366,3.694779
0.027964,-0.248421,-0.072052,2.622990,1.092799,6.552263
-0.002438,-0.178390,-0.071195,2.124292,1.490115,4.502992
0.013111,-0.155807,-0.105336,1.658426,4.013010,1.728983
0.010202,-0.112465,-0.085339,2.115814,2.543840,0.658313
0.010632,-0.042477,-0.071753,1.145377,1.723739,1.244783
0.075871,0.019433,-0.100701,0.601444,2.559839,2.324584
0.054653,0.053892,-0.069084,0.533298,0.470432,3.685414
-0.002967,0.098658,-0.085648,0.300766,0.227082,7.055594
0.045722,0.153278,-0.111841,-0.413902,-0.092197,9.111541
0.077742,0.175930,-0.101085,-0.298052,-1.851387,7.743512
0.012484,0.173954,-0.087604,-0.339772,-3.383918,6.705177
-0.027549,0.221838,-0.124988,-0.241443,-2.157015,5.129500
-0.014849,0.258624,-0.101272,-0.766239,-3.222833,2.576238
0.000657,0.226657,-0.102536,0.176733,-1.394416,0.882783
-0.045875,0.197108,-0.084453,0.010313,-2.256345,1.161534
-0.044529,0.183148,-0.099923,-0.189765,-0.746098,2.120541
-0.064755,0.197036,-0.111513,0.584208,0.518582,1.001764
-0.110083,0.205272,-0.016224,-0.179389,-3.919468,-0.181455
-0.053500,0.199688,-0.054819,-0.403569,-1.242712,-0.611558
-0.057695,0.190835,-0.100816,-0.369412,2.347478,-1.159657
-0.121443,0.174630,-0.051783,0.253768,2.005911,0.174033
-0.133877,0.181992,-0.074586,-0.356079,1.768683,0.425153
-0.096549,0.207211,-0.073069,-1.674260,1.060349,0.475082
-0.098853,0.191942,-0.053815,-1.417107,0.362525,0.822939
-0.112134,0.216895,-0.066137,-1.300844,-0.451106,2.527253
-0.156470,0.187789,-0.070174,-2.280737,-1.791604,4.114394
-0.163504,0.185071,-0.081111,-2.018608,-1.483265,5.352307
-0.167407,0.186988,-0.055577,-1.732878,-3.086496,5.423139
-0.112679,0.175910,-0.062864,-1.889926,-2.733556,5.356158
-0.133641,0.131157,-0.093207,-1.403833,-1.841789,5.417429
-0.194047,0.074017,-0.047722,-0.413581,-2.617896,5.611683
-0.166294,0.065489,-0.031753,-0.590074,-2.934733,5.738205
-0.089246,0.057706,-0.044978,-0.843121,-0.598080,4.096990
-0.135620,-0.002642,-0.034835,0.719153,0.558881,1.857736
-0.194989,-0.020229,-0.044099,1.625000,0.993190,1.496828
-0.161059,-0.070591,0.021829,0.795053,-1.952444,1.606016
-0.128116,-0.098115,-0.029567,1.403951,1.913862,0.830514
-0.175994,-0.149055,0.011089,3.027793,2.336016,-0.744926
-0.180186,-0.190742,0.009596,2.597469,1.081409,-0.436547
-0.160314,-0.209159,-0.007851,2.292875,0.111429,0.221787
-0.210384,-0.253469,0.002702,2.959571,-0.345739,0.457961
-0.217494,-0.298793,0.007068,3.740404,-0.661375,0.985912
-0.209018,-0.309464,-0.004128,2.427380,-2.056644,0.610562
-0.250220,-0.348903,0.010111,2.293870,-2.676155,-1.632279
-0.263212,-0.388213,0.003845,3.241185,-2.855157,-3.632293
-0.245365,-0.478631,0.033209,2.686485,-3.475918,-4.679836
-0.235859,-0.540522,0.009340,1.967868,-2.261948,-4.765021
-0.229199,-0.552903,0.027098,2.552368,-0.370505,-6.817534
-0.209498,-0.571025,0.055238,2.190690,-1.023090,-9.577877
-0.193644,-0.605330,0.056364,0.785268,-0.541819,-9.763545
-0.242017,-0.637682,0.023063,-0.024900,0.765931,-10.383789
-0.240753,-0.654895,0.030101,0.680657,1.408120,-10.482866
-0.207095,-0.656566,0.052783,0.099366,0.589831,-11.363711
-0.269832,-0.647772,0.026070,-0.984741,-0.270896,-12.227965
-0.287571,-0.649758,-0.007069,-1.365448,0.924216,-13.982288
-0.258078,-0.641204,0.004889,-0.999384,0.256834,-15.299508
-0.249484,-0.639281,0.039472,-1.376690,-0.372639,-13.579371
-0.264305,-0.613001,0.002571,-2.192304,-0.672604,-10.384748
-0.249094,-0.551462,-0.003823,-2.269727,-0.865868,-8.889393
-0.252186,-0.503141,0.011000,-1.445159,-1.653968,-7.082654
-0.267485,-0.430869,-0.018289,-1.767278,-1.811302,-5.264741
-0.228549,-0.388607,-0.010693,-2.324396,-2.599717,-4.802094
-0.203724,-0.339397,-0.018154,-1.906886,-1.969689,-4.618616
-0.237536,-0.246701,0.003280,-1.396428,-0.780029,-5.187399
-0.228162,-0.156398,-0.033060,-1.160181,-1.207061,-5.258431
-0.151527,-0.107985,-0.032377,-0.720065,0.281141,-3.056068
-0.146747,-0.044637,-0.009324,-0.042829,-0.379279,0.470079
-0.159421,0.035274,-0.019825,0.940317,0.728301,2.929813
-0.132357,0.076984,-0.041111,0.469838,0.899874,4.533291
-0.122887,0.159603,-0.066800,1.489603,0.842451,5.057108
-0.129291,0.235296,-0.014622,2.102313,0.007720,5.356118
-0.063646,0.313825,-0.038902,1.807176,0.796562,6.173642
-0.062057,0.337373,-0.062175,1.772835,1.351268,7.403007
-0.126301,0.347457,-0.033079,3.178670,-0.307318,9.903388
-0.056789,0.442273,-0.031635,2.679543,-2.332304,13.287848
-0.008402,0.482513,-0.024164,1.756134,-1.739778,15.258454
-0.061676,0.471110,-0.064702,2.436153,-0.421180,15.968606
-0.076969,0.454162,-0.050919,3.258594,-1.254968,14.747358
-0.021785,0.458469,-0.045654,2.277815,-2.179050,13.756985
-0.004454,0.450535,-0.068628,1.869391,-0.692115,11.032275
-0.054324,0.407568,-0.032124,2.510756,-0.675569,7.719319
0.017082,0.369174,-0.029925,2.086226,-1.248932,7.855076
0.033511,0.338630,-0.054871,0.756093,-0.188895,9.697207
-0.056484,0.272260,-0.072639,0.987098,0.707411,8.344116
-0.002596,0.208423,-0.045727,1.060109,0.194852,6.679166
0.051269,0.161287,-0.036421,-0.360907,0.883091,7.019107
0.004911,0.124215,-0.103261,-0.562009,3.395817,4.516378
-0.002310,0.061409,-0.065753,-0.168671,1.441433,0.964084
0.027734,-0.038312,-0.029771,-1.454671,-0.147096,-0.697472
0.024724,-0.068993,-0.074363,-2.295859,1.352112,0.014358
0.044973,-0.102083,-0.075259,-2.004959,0.822231,-1.703385
0.084589,-0.186061,-0.043659,-2.095830,-0.439098,-1.980604
0.024419,-0.257454,-0.052433,-2.494259,-2.402426,-0.837925
0.014847,-0.282026,-0.115009,-2.365591,-0.466418,-1.258379
0.066421,-0.320973,-0.082007,-2.439754,-1.522224,-3.112401
0.044799,-0.402154,-0.062625,-1.370976,-1.279672,-5.895266
-0.031701,-0.435096,-0.087158,-1.380810,-2.525295,-7.938313
-0.021985,-0.476829,-0.064998,-1.403639,-3.061245,-9.687235
0.004895,-0.520069,-0.062795,-0.329366,-0.051524,-10.547720
-0.055699,-0.519449,-0.055955,0.337980,-0.074580,-11.246690
-0.043068,-0.530635,-0.047335,0.286242,0.626142,-10.940005
-0.012653,-0.534269,-0.061535,0.315036,0.889718,-9.258171
-0.065149,-0.551669,-0.014740,1.512774,1.994236,-7.791306
-0.049439,-0.548327,-0.021762,1.732612,2.330164,-6.182940
0.022758,-0.547579,-0.023462,1.229139,2.195698,-5.353981
-0.008862,-0.539294,-0.029774,1.186438,2.510074,-5.897472
-0.051087,-0.477299,-0.022237,2.805182,3.246614,-7.535850
0.009526,-0.512079,0.011966,2.333794,-0.628012,-6.312782
0.048095,-0.497693,-0.030230,1.741330,-0.026735,-3.126859
-0.010001,-0.463135,-0.007286,2.235262,-0.249495,-0.694468
0.052356,-0.431725,-0.025284,3.181490,0.428539,0.181012
0.050058,-0.457371,0.016072,2.822329,-3.283738,0.092626
0.019945,-0.449319,-0.008688,2.848772,-1.836688,-0.357771
0.072293,-0.422331,-0.025543,2.955517,-1.022562,-1.527622
0.075743,-0.418556,-0.002454,3.294344,-2.131093,-1.892209
-0.038095,-0.413248,-0.000724,2.783580,-3.506547,-2.012184
-0.003817,-0.346713,-0.020196,2.257500,-1.231180,-0.714328
0.076570,-0.333347,-0.027470,1.562513,-0.911202,0.381332
0.024232,-0.358277,-0.010414,2.096457,0.681480,1.965801
-0.055495,-0.349691,-0.020540,2.811730,2.070532,1.172496
0.009937,-0.351453,0.018763,1.066799,1.231338,0.532303
0.025610,-0.315799,-0.035725,0.192177,2.845641,-1.567171
-0.016146,-0.260090,-0.024657,0.744841,3.702232,-4.624811
-0.027706,-0.279223,0.003129,0.422690,1.756909,-4.019129
-0.021165,-0.255025,-0.001210,-0.906314,0.054364,-0.845899
-0.081798,-0.181462,-0.054310,-1.352105,0.816923,0.648485
-0.079326,-0.152016,-0.016477,-0.861656,0.260455,-0.268442
-0.019664,-0.142808,-0.010188,-1.373503,-2.127713,0.845800
-0.114048,-0.101538,-0.015922,-1.884073,-4.976245,0.331591
-0.161371,-0.058574,-0.058115,-1.770478,-2.310866,-1.451701
-0.084919,-0.051671,-0.026826,-1.473040,-2.946336,-3.124138
-0.114875,-0.024565,-0.035476,-1.499145,-3.059626,-3.156215
-0.143744,0.035645,-0.038827,-1.065847,-0.808048,-3.561693
-0.126951,0.054890,-0.045723,-1.570965,-1.536326,-3.261832
-0.178429,0.057558,-0.022572,-0.773661,-1.043471,-2.966620
-0.220080,0.129487,-0.039191,-0.839746,-0.884827,-1.763808
-0.128428,0.194567,-0.049784,-1.216219,1.031460,-1.699340
-0.127932,0.214397,-0.032203,-1.546225,2.180028,-1.588988
-0.203064,0.258542,-0.039332,-0.448325,2.292028,-0.130212
-0.202575,0.311550,-0.035912,-1.047351,0.894129,3.039764
-0.121269,0.323374,-0.050650,-1.495929,1.709398,4.816960
-0.127118,0.377629,-0.047607,-0.339276,1.480967,5.140739
-0.178590,0.396969,-0.059664,0.339236,0.015713,4.995424
-0.155229,0.393752,-0.075669,-0.446317,-2.099165,7.065577
-0.180474,0.400399,-0.072029,-0.377976,-2.728100,7.767842
-0.188159,0.422290,-0.042037,0.909402,-2.798164,7.755772
-0.140612,0.433293,-0.069203,0.478625,-3.522299,8.712534
-0.119132,0.371914,-0.079411,0.236618,-3.941440,9.991223
-0.198170,0.374281,-0.068549,1.821664,-3.256231,11.542889
-0.226320,0.354334,-0.060205,1.816642,-3.325005,12.164143
-0.155948,0.298470,-0.065687,1.041990,-1.089740,11.798347
-0.189025,0.267129,-0.029245,1.732159,-1.036295,9.878888
-0.214956,0.247999,-0.050956,2.904961,0.398813,7.358828
-0.190194,0.173324,-0.039595,1.440019,0.469211,6.028919
-0.228903,0.080142,-0.027443,1.444992,1.274397,3.641880
-0.243976,0.054145,-0.001033,1.795290,0.723413,3.143219
-0.195344,0.034332,0.002693,1.090265,0.947922,3.154062
-0.196887,-0.038312,-0.019877,0.595690,1.195234,3.135057
-0.292228,-0.121124,-0.025392,0.958685,0.423796,3.467482
-0.241216,-0.189793,-0.027903,1.406128,0.191721,4.246275
-0.175193,-0.226537,-0.048638,-0.058893,-1.260890,3.059209
-0.267607,-0.297316,-0.040097,-0.188484,-0.896194,-1.420681
-0.296417,-0.368207,-0.024371,1.086172,-1.848814,-5.225780
-0.205769,-0.422338,0.001869,-0.136474,-5.246951,-4.960904
-0.183757,-0.486739,-0.026833,-0.800229,-3.094187,-6.378238
-0.212268,-0.525495,-0.055423,1.131142,0.501701,-9.223828
-0.188999,-0.589814,-0.003770,0.341377,-2.590838,-10.145827
-0.159834,-0.626446,-0.016099,-0.862119,-2.229501,-9.949990
-0.191270,-0.612135,-0.020819,-0.179989,0.020164,-11.807759
-0.156555,-0.667798,-0.005080,0.209246,0.590711,-12.963531
-0.104939,-0.702349,0.003123,0.119974,0.767421,-12.653336
-0.170194,-0.697173,-0.013477,-0.663387,1.804100,-13.399521
-0.166675,-0.674409,-0.018627,0.207464,2.532440,-15.977582
-0.125940,-0.702934,0.021819,0.205803,0.728042,-15.866966
-0.173768,-0.715141,0.006612,0.066217,-0.472517,-14.160821
-0.212258,-0.639865,-0.055745,0.408700,0.929281,-13.377698
-0.182122,-0.622005,0.008079,0.411933,-1.024656,-12.413448
-0.192324,-0.588337,-0.003672,0.200101,-1.989125,-9.691456
-0.245811,-0.527231,-0.009292,0.167966,-2.060094,-6.954733
-0.188556,-0.488443,-0.030670,0.106121,-1.987355,-6.596724
-0.181633,-0.446703,0.002099,0.140111,-3.165958,-5.810045
-0.227101,-0.373981,-0.022822,0.451687,-0.907683,-5.382026
-0.151037,-0.283090,-0.029337,-0.147598,-0.241410,-3.793066
-0.099264,-0.225316,0.005260,0.062258,-1.306309,-0.806220
-0.176572,-0.193364,0.000960,0.453351,-1.141044,1.461957
-0.159161,-0.093673,-0.021637,0.630222,0.836162,3.743859
-0.087949,-0.044726,0.003392,0.263780,0.824850,4.715908
-0.102415,0.022161,-0.028622,0.643036,0.691373,5.786337
-0.143924,0.086605,0.004921,1.285226,0.861056,5.776324
-0.056441,0.145265,-0.028172,0.438855,0.349836,7.733085
-0.076684,0.176311,-0.033923,0.915075,2.439899,9.375804
-0.096624,0.256881,-0.022077,1.877866,0.357976,10.254975
-0.012942,0.306781,-0.031084,1.630968,0.397940,11.447810
0.003066,0.284943,-0.041148,0.791491,-0.715732,13.990874
-0.081066,0.319651,-0.040878,2.757934,-1.958303,13.780117
-0.035358,0.360301,-0.015078,2.613319,-1.377991,13.678864
0.048236,0.358276,-0.028832,1.183640,-2.608245,12.125021
-0.027339,0.331901,-0.027204,1.323167,-1.612747,9.701221
0.014358,0.349029,-0.008576,3.004218,-0.514342,7.307565
0.079061,0.332699,-0.011668,1.738993,-1.444152,7.248778
0.023020,0.272053,-0.038377,1.789533,0.135286,6.754350
-0.015305,0.252476,-0.036155,2.145913,0.394828,4.793604
0.053718,0.226955,0.001839,1.905413,-0.228478,3.999049
0.045059,0.203085,-0.008326,-0.142606,-1.435515,2.432853
-0.040547,0.170264,-0.042854,0.002606,1.398755,-0.557815
0.008765,0.142268,0.016646,0.116320,-1.393054,-2.182086
0.089598,0.121641,-0.029465,-1.943857,0.036645,-0.214065
-0.032709,0.088814,-0.034744,-1.868177,1.120815,-1.249217
-0.035890,0.070153,-0.028054,-1.518485,0.443874,-0.267757
0.020283,0.025341,-0.046616,-2.761620,-1.294082,1.951078
-0.047880,-0.033398,-0.059562,-4.025254,0.240511,1.434494
-0.043853,-0.028396,-0.057822,-2.276597,0.317169,-1.400818
0.014519,-0.090595,-0.024794,-2.508607,-1.927769,-1.280909
-0.044325,-0.167364,-0.030709,-3.379677,-1.935214,-1.159971
-0.086209,-0.160044,-0.054812,-2.099480,-0.201407,-4.214922
-0.003718,-0.188776,-0.032108,-0.954461,-1.147153,-5.530741
0.004107,-0.269809,-0.018834,-1.512633,-1.333599,-4.522647
-0.085024,-0.296371,-0.075935,-0.441366,0.467534,-4.198902
-0.062126,-0.269359,-0.060977,1.097828,0.517483,-5.736341
-0.034202,-0.315435,0.004807,0.241253,-0.702754,-4.635577
-0.050552,-0.310856,-0.025783,0.363002,0.783328,-4.288896
-0.036188,-0.288010,-0.029301,1.762637,1.652655,-4.416983
0.001813,-0.335051,0.012025,2.240074,0.340153,-2.383465
-0.065701,-0.321284,-0.017251,1.321756,0.558307,0.365718
-0.084322,-0.306957,-0.019254,2.422121,0.441498,0.289276
0.027278,-0.296870,0.017135,2.955288,0.053796,0.952015
-0.013960,-0.330590,0.020392,2.232754,-0.211543,2.810657
-0.091162,-0.297132,-0.024174,2.776608,0.090369,2.374202
-0.033835,-0.307728,0.003326,2.598089,-0.967151,1.765472
0.001944,-0.343070,0.021097,2.290824,-1.756485,2.097124
-0.080196,-0.307190,0.002364,2.810489,-0.491135,0.864628
-0.065189,-0.301570,-0.007864,3.180095,-0.487751,0.202531
-0.029456,-0.356495,-0.012699,2.462886,-2.188562,1.376087
-0.101528,-0.367925,0.012271,2.254569,-1.489541,1.413571
-0.100590,-0.312133,-0.000626,3.057660,-0.974480,-1.709625
-0.069571,-0.355422,-0.033257,1.599276,-0.161466,-3.462118
-0.126314,-0.408410,0.005712,1.309962,0.572454,-4.497938
-0.146311,-0.344531,-0.009850,2.463542,0.787582,-5.500478
-0.080990,-0.336144,-0.009830,0.877435,0.811511,-6.248440
-0.142690,-0.414391,-0.003616,-0.450242,0.250995,-5.682312
-0.227981,-0.369717,-0.013894,0.972121,0.843967,-5.721388
-0.163832,-0.318248,-0.015600,0.722567,0.368011,-5.532401
-0.113910,-0.365351,-0.004952,-1.213799,-0.565843,-4.743130
-0.192856,-0.356521,-0.035407,-1.083188,0.025426,-4.983370
-0.217550,-0.294562,-0.002129,0.034036,-0.433669,-6.661512
-0.167588,-0.278662,-0.027975,-1.863932,-1.616558,-6.307680
-0.226353,-0.267052,-0.047043,-2.706265,-0.169607,-7.023398
-0.259030,-0.183107,-0.015351,-0.812170,-1.029606,-8.181739
-0.179782,-0.162920,-0.000774,-2.070582,-2.803048,-5.738946
-0.210545,-0.149225,-0.020977,-3.541390,-2.167624,-4.328138
-0.299085,-0.077402,-0.011934,-1.352955,-0.869170,-4.614264
-0.250121,-0.016674,-0.001722,-1.530237,-1.633502,-3.296086
-0.199559,-0.002208,-0.003784,-3.006273,-1.424197,-2.262986
-0.283323,0.067655,0.011106,-1.530030,-0.577486,-2.782231
-0.254516,0.153931,-0.003524,-0.427475,-0.336237,-1.086881
-0.216893,0.172946,-0.038381,-2.148835,-0.449734,2.405684
-0.284912,0.222350,0.001363,-1.373914,0.427485,4.352339
-0.276348,0.335250,0.008785,0.267102,-0.286554,5.389914
-0.210903,0.355952,0.018727,-0.535628,-1.903499,8.189727
-0.249645,0.341552,-0.000252,-0.961390,-0.324387,10.514314
-0.296052,0.421890,0.001137,1.637900,-0.167332,9.668752
-0.248434,0.450887,0.013045,1.095497,-1.618311,9.756253
-0.250656,0.433870,-0.012190,0.611886,-2.148661,9.381897
-0.319154,0.460823,0.019341,2.155127,-1.692836,9.300721
-0.229875,0.517819,0.024140,2.470629,-3.595701,10.678628
-0.192203,0.463445,0.005404,1.372620,-2.311598,11.899269
-0.268555,0.419267,0.012924,2.606735,-1.214529,11.607617
-0.223963,0.453795,0.014785,2.999213,-1.181744,11.056811
-0.153962,0.416191,0.014132,1.858483,-0.188767,10.156486
-0.212360,0.381220,0.014844,1.253149,-0.802448,7.742366
-0.216004,0.362100,0.053078,2.344800,-0.746807,6.950120
-0.108871,0.323059,0.017214,1.098048,1.325107,9.301884
-0.121637,0.258670,0.016275,0.173920,0.362322,9.637213
-0.159296,0.233583,0.063339,1.123037,0.327275,7.666728
-0.091855,0.175877,0.042239,0.092565,0.157721,7.892630
-0.086744,0.069772,0.039899,-1.072054,-0.379414,7.793151
-0.130778,0.007613,0.038944,0.191836,-0.018231,4.392948
-0.078049,-0.043232,0.047074,0.591367,-1.258635,-0.063451
-0.084309,-0.163432,0.055264,-1.423472,-2.185053,-2.219865
-0.152587,-0.216230,0.025568,-1.298450,-1.387336,-4.923788
-0.165936,-0.274946,0.056275,0.256575,-1.903489,-6.300577
-0.078033,-0.376098,0.064340,-0.367213,-2.656224,-6.463331
-0.095154,-0.424064,0.015753,-1.010058,-1.108778,-6.907425
-0.159729,-0.447839,0.019321,0.316047,-0.272633,-8.774986
-0.146580,-0.525623,0.046477,-0.003384,-1.161189,-10.822295
-0.147995,-0.558385,0.043526,-1.390805,-0.753218,-12.226204
-0.172048,-0.557115,0.009898,-1.281831,1.546265,-13.374885
-0.097491,-0.555152,0.042627,-0.397782,1.451228,-12.505125
-0.139178,-0.576218,0.025430,-1.420987,0.383668,-11.238958
-0.233486,-0.597797,0.014375,-1.152047,1.568083,-10.461829
-0.164643,-0.584667,0.025962,-0.722313,0.821463,-9.858775
-0.086823,-0.587228,0.038369,-0.606144,0.037125,-8.611229
-0.174993,-0.557840,0.019138,-0.919965,0.300540,-8.295874
-0.192271,-0.525006,0.000474,0.119255,0.506677,-8.419104
-0.166642,-0.513616,0.011335,-0.412057,-1.479024,-7.366993
-0.175239,-0.482380,0.018179,0.049014,-2.747158,-5.693557
-0.172354,-0.384882,-0.024102,1.008431,1.103313,-4.493511
-0.150985,-0.400424,-0.020626,0.520244,-1.090278,-1.422214
-0.171714,-0.386267,-0.001568,1.325449,-2.230023,1.784902
-0.226317,-0.311230,0.016462,2.305398,-3.004682,2.843267
-0.157405,-0.285279,-0.012006,2.166833,-0.947016,1.986305
-0.123780,-0.293689,-0.014639,1.841740,-0.593376,0.202225
-0.177976,-0.218895,0.017099,3.735868,1.312854,-0.838803
-0.161032,-0.176657,-0.001798,3.966305,0.933250,-0.472630
-0.101755,-0.150401,-0.006603,2.686919,1.906604,1.344082
-0.177530,-0.132505,0.011394,2.537197,1.113176,2.721074
-0.130489,-0.051629,0.021862,3.800725,1.573896,5.268716
-0.094389,-0.036605,0.021655,2.350764,-0.780380,6.356917
-0.146816,-0.022330,-0.008917,1.434826,0.269816,6.542092
-0.172472,0.034601,-0.001657,2.288017,0.054200,6.808809
-0.108714,0.038166,0.027288,1.737555,-2.063475,7.108099
-0.126242,0.063185,-0.013516,-0.109177,-3.007793,8.267187
-0.236834,0.079075,-0.052003,0.720784,-1.532337,6.131250
-0.199151,0.059127,-0.047489,0.382923,-2.957109,7.061169
-0.145651,0.046185,-0.036729,0.325424,-2.079599,7.425432
-0.215935,0.067678,-0.028090,-0.330279,-2.664467,5.794869
-0.209810,0.057142,-0.074898,0.027838,-0.195236,2.754250
-0.213112,0.006940,-0.025064,-0.716756,-2.195354,3.240764
-0.228703,0.014151,-0.004949,-1.160037,-2.118958,2.321011
-0.213207,0.068876,-0.044187,-0.724549,0.266025,-0.502277
-0.199903,0.015261,-0.021043,-1.052123,0.876575,-2.418647
-0.274372,0.006205,0.009615,-1.950697,-3.664494,-2.861271
-0.320681,0.048368,-0.049620,-1.833869,1.667774,-3.233757
-0.248500,0.059495,-0.051980,-1.180132,0.963008,-3.331094
-0.245309,0.017263,0.002732,-2.100133,-0.637962,-1.308159
-0.310498,0.048128,-0.019113,-1.767081,-1.579263,1.239600
-0.281777,0.056360,-0.040022,-1.416733,0.581766,1.859381
-0.240379,-0.019480,-0.039477,-1.822781,-1.615137,1.764008
-0.279798,-0.028441,-0.036943,-0.293522,-1.502884,0.306073
-0.255114,0.007478,-0.025746,0.168990,-1.797654,-0.263069
-0.198886,-0.001260,-0.036483,-1.119732,-1.886686,0.202861
-0.267554,-0.014787,-0.042362,-0.727894,-2.467501,-0.532229
-0.278268,-0.001299,-0.013194,1.352814,-1.922344,0.451415
-0.181036,0.011365,-0.030342,0.750444,-2.407862,3.269069
-0.213909,-0.028566,-0.027818,-0.518284,-1.227773,3.448317
-0.271575,-0.001542,-0.027292,0.890499,-0.225868,1.925007
-0.219903,-0.001755,0.005135,1.455850,0.016704,0.341061
-0.153795,0.006592,-0.000518,-0.498451,-0.047047,1.371025
-0.184548,0.045591,-0.038925,0.347039,2.612693,0.986749
-0.163665,0.025443,-0.005110,1.565749,1.499510,2.388926
-0.120442,-0.035965,0.021590,0.403789,0.554378,5.784348
-0.168562,-0.048901,0.012573,0.585561,0.979568,7.856627
-0.159526,-0.023725,-0.002599,1.466012,0.453981,7.641820
-0.113240,-0.101098,0.039981,1.969351,-1.476457,7.303498
-0.128891,-0.129134,0.021206,1.398824,-1.161717,7.202097
-0.162408,-0.107099,-0.003843,2.124762,-1.539355,3.877274
-0.108090,-0.190371,0.021005,2.006134,-1.765374,1.201527
-0.070063,-0.237874,0.020237,1.872342,-2.524786,1.448801
-0.106380,-0.238157,0.028795,2.410626,-1.136101,0.930617
-0.074882,-0.250715,0.014040,1.714808,-0.947804,1.182102
-0.083239,-0.315967,0.032103,1.548897,-1.277709,0.072422
-0.154533,-0.360746,0.051004,2.158778,-1.423856,-2.205579
-0.106088,-0.339843,0.042965,1.635134,-0.283931,-4.221803
-0.087361,-0.389254,0.062755,1.060225,-0.203869,-6.279528
-0.150516,-0.441303,0.039722,0.827214,0.237757,-8.015722
-0.178196,-0.420506,0.052710,0.908940,-0.566532,-8.947693
-0.119129,-0.420243,0.034181,-0.469178,0.927676,-7.684074
-0.115114,-0.450278,0.035376,-0.783629,1.295125,-7.211980
-0.191641,-0.456370,0.043336,-0.246452,-0.517053,-6.945858
-0.182139,-0.438943,0.008686,-0.253020,0.323166,-6.232872
-0.143961,-0.454722,0.012067,-2.377476,0.464459,-5.788498
-0.166455,-0.420069,0.016476,-2.021932,-0.361199,-8.272485
-0.192485,-0.381107,0.053104,-1.054204,-1.188938,-10.892903
-0.151806,-0.383372,0.008046,-2.464096,-1.086306,-9.881198
-0.177238,-0.333564,-0.013985,-2.769905,-0.452707,-9.237569
-0.205795,-0.269481,0.012970,-1.307303,-0.990873,-9.141772
-0.146688,-0.226533,0.038235,-1.969883,-2.989513,-7.186064
-0.156683,-0.222430,0.002712,-2.711136,-1.440360,-4.153025
-0.196640,-0.125431,-0.025546,-1.620868,0.958695,-3.591559
-0.164207,-0.065674,0.012629,-0.012552,0.082264,-4.414782
-0.127237,-0.023583,0.018143,-1.484653,-2.136523,-2.860031
-0.183704,0.027183,-0.003101,-1.249207,-0.184664,-0.878303
-0.175426,0.122163,0.018422,0.961095,1.325658,1.217901
-0.151113,0.155362,0.027649,0.324492,-0.989406,5.114281
-0.197330,0.185245,-0.025247,0.490885,-0.215413,7.643938
-0.223445,0.236294,0.007071,1.061307,-0.076990,9.062197
-0.141486,0.275719,0.027524,2.376439,-0.753484,11.117651
-0.170364,0.288183,0.029937,1.596506,-1.646048,11.620241
-0.212130,0.342930,-0.020839,2.538677,0.140508,8.964579
-0.202785,0.357810,0.020211,2.883435,-1.232825,7.774439
-0.157855,0.345048,0.026884,2.989421,-2.194169,8.404967
-0.213762,0.372029,0.004761,2.630533,-1.464729,8.638193
-0.180642,0.396825,-0.037422,3.679626,0.672552,9.055995
-0.153407,0.337514,0.034460,2.161988,-2.355061,11.514402
-0.163685,0.326229,0.027560,2.300963,-1.044265,12.139890
-0.165211,0.365251,-0.012613,2.518884,-0.231809,9.881368
-0.092423,0.299169,-0.004407,0.679698,0.906248,8.851127
-0.109876,0.237948,0.028335,0.233637,-0.406392,8.187268
-0.136506,0.269817,0.005936,0.495770,0.430101,6.236241
-0.096365,0.246368,0.021954,-1.056220,-0.076701,5.385742
-0.065464,0.156163,0.022765,-1.963403,0.511591,4.923090
-0.096034,0.144927,0.009146,-1.041485,0.198807,5.551040
-0.066987,0.110905,0.017027,-1.499989,-0.626463,4.657535
-0.059303,0.011637,-0.006761,-2.739368,-0.842943,3.404140
-0.121134,-0.054520,0.023677,-2.238905,-0.869305,0.241855
-0.076303,-0.037307,0.021911,-1.446429,-1.374327,-2.952654
-0.091510,-0.092328,-0.000866,-2.666991,-1.966154,-5.159474
-0.141824,-0.177891,0.000369,-2.135157,-0.790723,-7.087057
-0.125011,-0.196174,0.032514,-0.769151,-1.295388,-6.410326
-0.076996,-0.232596,0.024403,-1.894508,-1.328301,-4.925155
-0.088389,-0.286248,0.011870,-1.493759,0.540824,-5.436093
-0.132472,-0.320336,0.026851,0.376483,0.889183,-6.809079
-0.097412,-0.335776,0.039676,-0.004825,-1.160476,-7.519443
-0.077202,-0.379978,0.031640,-0.753257,0.579472,-8.762654
-0.118062,-0.355770,0.018022,1.189608,1.997954,-11.821602
-0.111668,-0.326612,0.058763,0.959916,0.635306,-10.656530
-0.076221,-0.345075,0.024488,-0.421501,1.468116,-7.552501
-0.127003,-0.329067,0.019282,0.393066,0.324311,-4.917451
-0.166278,-0.310580,0.075710,1.305449,-0.864676,-2.679370
-0.092594,-0.311526,0.046795,-0.125934,-0.830844,0.216415
-0.118295,-0.325893,0.018133,0.328027,-0.488279,0.112680
-0.149084,-0.293114,0.032934,2.043978,-1.002670,-0.962044
-0.116060,-0.276266,0.033623,1.741311,-2.526575,-1.705036
-0.161728,-0.305433,0.023257,0.196832,-1.967021,-1.685090
-0.157908,-0.242844,0.008788,1.382957,-0.161201,-0.953966
-0.105730,-0.199013,0.042735,1.870373,-2.096825,1.197788
-0.100320,-0.241574,0.032737,1.012695,-1.047846,3.503613
-0.166068,-0.199132,-0.005208,0.852407,0.394152,4.091231
-0.148008,-0.165168,0.024091,2.497072,1.278923,4.712954
-0.125287,-0.165076,0.025496,1.605526,-0.157862,4.878406
-0.206678,-0.176227,0.069464,0.513121,-3.876353,2.158943
-0.172275,-0.121216,0.004143,1.636053,1.230071,0.282077
-0.120307,-0.107765,0.052645,1.612422,0.627346,1.409776
-0.149636,-0.118663,0.045568,0.606168,-0.081024,2.886815
-0.187784,-0.089455,0.028529,1.483449,-0.673156,2.566408
-0.128943,-0.110434,0.039650,1.643799,-0.367101,4.499563
-0.097511,-0.129639,0.039853,1.202991,-0.841771,5.004274
-0.164128,-0.105185,0.022049,1.142213,0.203964,2.798648
-0.166150,-0.099451,0.030784,1.660540,-1.444897,0.710754
-0.170558,-0.167052,0.061891,1.175136,-2.739585,-0.341914
-0.221515,-0.143878,0.021777,1.205137,-1.842945,-1.920305
-0.216975,-0.058666,-0.006833,1.161455,-1.794135,-2.751938
-0.201672,-0.137497,0.051417,0.517952,-2.374578,-3.008785
-0.247551,-0.147039,0.046789,-0.452579,-2.249826,-0.273752
-0.270955,-0.063340,0.042151,0.266718,-0.332797,-0.543970
-0.206461,-0.083652,0.021370,-0.732633,0.528994,-1.838734
-0.213122,-0.119381,0.053833,-0.780948,1.821284,-3.760064
-0.260070,-0.062917,0.041475,-1.017900,0.150126,-4.595744
-0.218991,-0.052745,0.022036,-1.454520,0.803665,-5.602520
-0.226412,-0.085868,0.017651,-2.274057,1.231515,-5.605136
-0.251703,-0.079122,0.039036,-1.132467,0.450905,-5.790575
-0.191192,0.013656,0.012149,-1.517868,-0.892127,-3.176233
-0.201288,-0.026938,-0.012991,-2.810062,-1.465996,-2.308757
-0.267288,-0.041473,-0.013674,-2.174159,-0.948792,-0.479182
-0.242555,0.017070,0.010009,-0.626109,-2.488400,1.123607
-0.206314,0.022157,0.001288,-1.451809,-3.143831,2.917264
-0.220123,0.023618,-0.010903,-1.557153,-3.224802,2.331538
-0.245952,0.062344,-0.031612,0.045744,-2.737416,1.586808
-0.237809,0.034942,0.008575,0.282076,-2.771185,2.778340
-0.180448,0.043536,-0.027880,-0.483923,-1.558922,4.289189
-0.232471,0.099833,-0.031901,-0.123101,-0.640729,3.752275
-0.207367,0.129867,-0.011609,0.568974,-0.179093,3.293489
-0.171165,0.101763,0.022689,0.340198,-1.300207,4.126392
-0.185099,0.122981,-0.006465,0.415665,0.693326,6.006235
-0.200615,0.183493,-0.022244,1.251735,1.671854,5.965381
-0.160287,0.137808,0.012573,1.839163,1.891052,6.511084
-0.137977,0.127845,-0.007014,0.926412,0.682649,8.351489
-0.182903,0.171502,0.000415,0.934671,0.503332,7.695240
-0.133358,0.157499,0.019899,1.797030,0.574663,6.589305
-0.115482,0.077145,0.035635,1.488674,-0.919582,6.838233
-0.127397,0.055175,0.015300,1.811502,-0.619321,6.595881
-0.081135,0.092894,-0.011491,2.196017,-1.310819,6.095454
-0.045766,-0.010395,0.046727,2.121279,-1.454849,5.269183
-0.074996,-0.059044,0.044714,1.936701,-2.042103,5.272006
-0.081026,-0.063567,0.022689,2.700462,-1.937673,3.770300
-0.032564,-0.122329,0.025102,1.270399,-1.464696,2.402979
-0.031081,-0.171116,0.034079,1.856980,-0.411844,-1.975253
-0.048363,-0.175895,0.071049,1.798543,-0.894517,-4.175331
-0.005993,-0.213292,0.059869,0.573738,-0.595808,-4.331771
-0.004250,-0.282568,0.052238,-0.821019,1.033039,-4.821002
0.005962,-0.288897,0.071791,0.267545,2.510189,-6.917935
0.030521,-0.294283,0.076252,0.093701,1.297462,-7.996344
0.063591,-0.351555,0.060894,-1.691893,2.203783,-8.145766
0.035599,-0.341350,0.037710,-2.089619,2.684621,-9.040205
0.007442,-0.357365,0.081005,-0.860139,1.879422,-10.328783
0.050954,-0.371263,0.053029,-1.715471,0.058519,-9.220745
0.006667,-0.387744,0.071115,-2.813147,-1.029491,-8.037538
-0.029614,-0.362686,0.041931,-2.214306,-0.774534,-7.159660
-0.051603,-0.395530,0.053367,-1.341831,-3.003441,-6.551805
-0.036940,-0.426894,0.046789,-1.825278,-2.379925,-5.011484
-0.046065,-0.377063,0.007511,-1.273684,-1.701130,-5.059165
-0.080655,-0.330492,0.056131,-1.118986,-1.932293,-6.806868
-0.070756,-0.329287,0.066999,-1.025752,-2.208159,-7.462079
-0.056270,-0.280815,0.042151,-1.378368,0.015752,-6.566275
-0.061985,-0.227495,0.045784,-0.214990,1.047186,-5.989151
-0.040518,-0.181029,0.075875,-0.318787,0.970660,-4.679366
-0.064315,-0.151211,0.080703,-0.417949,1.265314,-3.144915
-0.108169,-0.096946,0.037825,0.083525,2.529473,-1.151708
-0.062983,-0.006787,0.032796,1.492236,6.566307,-0.189317
-0.071176,0.024058,0.086155,0.757022,1.159892,0.634775
-0.094603,0.062567,0.064311,0.550271,0.949146,2.812141
-0.091225,0.126710,0.033009,1.244960,2.545646,5.212857
-0.075962,0.125154,0.071273,1.457015,-0.726400,7.351131
-0.046748,0.176491,0.058353,1.699912,-0.952219,10.001175
-0.072151,0.217285,0.032061,2.066282,-1.053203,9.944450
-0.044700,0.210724,0.040431,2.301255,-1.863365,11.223909
-0.033076,0.191518,0.063037,2.563164,-3.126122,11.485806
-0.060176,0.213166,0.085656,2.324967,-4.791897,9.018694
-0.016316,0.230382,0.056886,1.926844,-0.894304,7.042771
-0.014436,0.196681,0.078487,2.100133,-1.899258,5.258264
-0.020367,0.206719,0.074887,2.278403,-0.265224,4.719776
-0.035194,0.235398,0.082075,1.824780,-0.753671,3.038366
-0.030506,0.165790,0.075520,1.043205,0.923517,4.208569
-0.000679,0.143654,0.093977,1.193386,1.488034,6.230536
-0.010388,0.152198,0.082883,0.455228,1.184120,6.183039
-0.021919,0.095661,0.070761,0.538698,1.483199,3.930003
-0.034767,0.025722,0.070288,0.331320,1.228978,1.352386
-0.049249,0.014289,0.073876,-0.827394,0.495917,-0.007056
-0.007234,-0.026334,0.076485,-0.015355,0.666397,-1.683794
-0.013218,-0.087246,0.078602,-0.664119,-0.585515,-1.961188
-0.080629,-0.150952,0.033905,-1.174098,-0.319263,-1.679359
-0.077337,-0.169593,0.050327,-0.550918,-0.780127,-1.619628
-0.040140,-0.219223,0.071739,-0.585222,-1.334826,-1.636170
-0.024099,-0.215491,0.071003,-1.464994,-1.461647,-2.789875
-0.068888,-0.267685,0.046027,-1.386400,-1.087038,-5.626845
-0.105789,-0.304741,0.045528,-0.679428,-2.185661,-6.876322
-0.127552,-0.296627,0.054785,-1.698661,-0.870768,-7.807039
-0.089574,-0.266399,0.029546,-1.869079,0.239720,-9.536254
-0.093779,-0.292058,0.072274,-2.003567,0.489080,-9.269155
-0.067536,-0.292885,0.078517,-1.778346,1.533558,-6.374535
-0.077225,-0.272583,0.052720,-1.793219,1.801675,-4.799418
-0.088714,-0.284114,0.029704,-1.496578,2.840514,-4.791035
-0.065753,-0.284711,0.054463,-0.273135,1.417514,-4.955278
-0.053835,-0.243553,0.059164,-0.726912,1.214391,-4.097274
-0.056697,-0.201488,0.009921,-0.828044,1.710259,-3.586130
-0.079014,-0.209944,0.059807,0.378758,-0.783442,-2.619065
-0.071307,-0.203031,0.044796,0.965927,-0.072046,0.517116
-0.067092,-0.173430,0.020008,0.798988,-1.143661,2.747530
-0.047700,-0.177038,0.026234,2.430409,-1.457248,3.017560
-0.057376,-0.161899,0.029747,2.221190,-2.454414,3.692114
-0.064450,-0.155721,0.019525,2.186879,-1.507735,3.090978
-0.068960,-0.118965,0.022778,2.879151,-1.263240,1.334715
-0.079296,-0.110059,0.035947,3.405369,-1.604558,0.763081
-0.077829,-0.099441,0.036856,2.758788,-1.022837,0.992543
-0.091330,-0.106826,0.009290,2.656208,0.345572,3.015746
-0.086866,-0.080639,0.039860,3.547945,1.152129,4.483656
-0.114487,-0.105674,0.033984,3.249932,0.650674,5.780577
-0.141971,-0.115823,-0.000875,2.259059,0.866075,3.983829
-0.157340,-0.132482,0.003264,2.137301,1.862921,1.740908
-0.116838,-0.090933,0.020287,2.019146,1.635176,0.575173
-0.139155,-0.081515,0.032123,0.629559,-0.063574,-0.429309
-0.177527,-0.110496,0.007990,-0.102635,0.611604,-0.139208
-0.179733,-0.118334,0.008512,0.112890,0.172988,2.418341
-0.133105,-0.116559,0.011568,0.014463,-0.611183,4.126881
-0.128093,-0.129738,-0.023990,-0.544737,-0.848993,3.122242
-0.172439,-0.185680,0.006284,-0.757780,-1.590361,1.173027
-0.180714,-0.199486,0.001216,-0.741388,-1.929745,-0.516096
-0.141945,-0.190942,0.009546,-0.507964,-1.848932,-2.904261
-0.132154,-0.197336,-0.028149,-1.309617,-1.405514,-5.977293
-0.137780,-0.209767,-0.034277,-0.489500,-1.030682,-7.294598
-0.160461,-0.229780,0.011129,-1.046901,-1.705253,-5.129820
-0.154284,-0.224590,0.000241,-1.156409,-0.516662,-2.774598
-0.143931,-0.201016,-0.035741,-1.156199,0.710635,-4.254971
-0.116792,-0.203202,0.006389,-0.373712,0.632135,-4.868803
-0.123560,-0.171858,-0.006712,-1.227809,0.366146,-5.778926
-0.167410,-0.168503,0.009162,-1.567577,1.202285,-8.522839
-0.140301,-0.148723,0.012927,-1.054371,0.608889,-8.195254
-0.109905,-0.114904,0.009047,-0.835784,0.316371,-5.957057
-0.101204,-0.069209,-0.006373,-1.210041,0.337704,-3.177564
-0.134162,-0.049981,-0.027653,-0.143735,-0.245096,-0.667841
-0.167256,-0.057334,0.018363,0.047700,-1.707190,1.387638
-0.149117,-0.058988,-0.015469,-0.300691,-1.498052,1.263654
-0.123744,-0.030621,-0.004043,0.911753,-1.437587,-1.299330
-0.136700,0.000309,0.025854,0.937868,-3.118494,-2.863783
-0.126009,0.031049,0.001235,0.939201,-1.432240,-2.011879
-0.153460,0.052001,-0.001837,0.096461,-1.415227,0.272320
-0.121847,0.078477,0.012235,1.507867,-0.660079,4.053674
-0.084473,0.142176,0.018219,0.889455,-0.966590,8.039852
-0.105743,0.131056,0.023152,0.289468,0.401357,9.463974
-0.124026,0.130442,0.020739,0.408408,0.495996,9.443373
-0.110851,0.128246,0.052195,1.658028,0.857931,7.330835
-0.087595,0.132733,0.035583,1.052589,0.715785,4.518740
-0.069876,0.119501,0.016938,1.112500,1.496539,0.533898
-0.064145,0.086414,0.048483,1.735179,1.334101,-0.219825
-0.032709,0.092710,0.061376,1.421509,-2.227427,1.986300
-0.006748,0.111916,0.002072,1.002401,1.258273,3.778801
-0.020075,0.066237,0.048391,1.511441,0.333502,6.396655
0.024025,0.046214,0.041675,0.973026,-1.689707,8.919729
0.041281,0.013928,0.033567,0.610826,-1.236636,9.192569
0.057328,-0.028658,0.040270,1.515387,-0.188727,6.129447
0.079239,-0.071130,0.047567,2.029578,-0.858768,3.059734
0.053478,-0.131028,0.031102,0.987253,-1.200854,0.831834
0.073603,-0.167587,0.032402,1.628326,-0.823721,-2.299067
0.100062,-0.201147,0.048850,1.898195,-0.710960,-3.842683
0.098218,-0.250531,0.084891,1.053043,-4.721476,-4.516173
0.125885,-0.269504,0.023510,0.664477,1.149743,-4.159227
0.130848,-0.303842,0.047055,0.948467,1.623891,-4.347500
0.127550,-0.351588,0.069195,0.283629,1.260601,-5.280602
0.151498,-0.361921,0.054713,-0.431896,3.011670,-6.994895
0.166880,-0.375382,0.048726,-0.558395,3.210832,-9.411725
0.162058,-0.391791,0.076935,-0.291578,2.655476,-11.184045
0.146463,-0.383257,0.042285,-1.392958,1.649714,-12.313175
0.147054,-0.406815,0.033758,-1.787162,1.748745,-12.501416
0.141950,-0.417548,0.051722,-1.230678,0.049834,-10.906433
0.145757,-0.371115,0.035868,-1.602555,0.306271,-8.613859
0.117945,-0.352701,0.029497,-1.973437,0.207837,-6.873268
0.107139,-0.368732,0.052838,-2.020947,-0.989865,-5.297369
0.080276,-0.350899,0.065482,-1.584107,-3.382201,-4.418224
0.077581,-0.312422,0.035212,-1.370611,-0.678664,-3.633889
0.070356,-0.260966,0.011020,-1.672806,0.718641,-4.300307
0.044074,-0.230820,0.052799,-0.564943,-0.230769,-5.269123
0.052464,-0.190154,0.037834,-0.278396,-0.223715,-3.122602
0.077282,-0.116020,0.025384,-0.669509,1.267152,-1.322214
0.052740,-0.104377,0.043782,-0.197799,1.744734,-0.592371
0.056071,-0.072475,0.042896,0.997070,2.856762,0.923508
0.055782,0.001842,0.031503,1.351446,1.670790,2.253683
0.043926,0.048768,0.053932,0.860672,2.219683,2.477003
0.024885,0.055596,0.025607,1.860079,2.840461,3.167021
0.007429,0.068203,0.057152,2.941646,0.789774,4.556598
-0.012811,0.095864,0.041104,2.797386,-0.233894,6.764806
-0.007739,0.134098,0.029950,2.967242,-1.102689,6.667409
-0.026935,0.130524,0.048302,3.567327,-1.981286,6.999257
-0.018873,0.110018,0.044110,4.076742,-1.936261,9.022819
-0.021788,0.117013,0.015202,3.404315,-2.368023,10.903693
-0.041181,0.093540,0.015616,3.931809,-1.118258,9.820596
-0.046787,0.105679,0.034854,3.368395,-2.040892,8.855519
-0.039435,0.115080,0.076035,2.171316,-1.759298,7.856108
-0.044581,0.126509,0.018534,1.572573,0.376335,6.236789
-0.049525,0.089841,0.040516,1.956008,1.094168,5.199883
-0.049810,0.044642,0.051404,0.827293,1.437823,6.090990
-0.038108,0.011512,0.018409,0.397796,1.646727,5.300268
-0.032574,-0.019336,0.073045,-0.478454,1.766776,3.321217
-0.026216,-0.058798,0.089743,-0.342099,1.018455,1.404223
-0.052797,-0.110506,0.050081,-0.895439,1.377669,-1.441471
-0.055463,-0.186291,0.019919,-0.676533,2.781522,-3.319616
-0.033710,-0.197622,0.020871,-0.080554,0.480595,-5.946962
-0.033100,-0.224469,0.057490,-1.411468,-0.936650,-8.121735
-0.042107,-0.252668,0.023759,-2.178718,-0.754790,-7.696994
-0.045839,-0.284065,0.040631,-0.864568,-0.997540,-5.428723
-0.041095,-0.312176,0.033587,-1.107094,-1.866595,-1.559367
-0.004214,-0.334404,0.014634,-1.082075,-0.622084,-0.280705
-0.024664,-0.399131,0.055139,-0.684490,-1.291991,-1.909497
-0.020465,-0.419820,0.044094,-0.114947,-1.146667,-4.027270
-0.034248,-0.398556,0.042663,-0.745435,-0.141017,-7.915593
-0.041486,-0.401806,0.024977,-0.247942,1.432285,-13.424310
-0.044296,-0.402436,0.072435,0.207040,0.495592,-14.247326
-0.028143,-0.385364,0.058868,-0.020502,1.092090,-11.995625
-0.031983,-0.356951,0.026070,-0.222838,2.624871,-8.430805
-0.093066,-0.364846,0.045995,1.081662,0.780242,-4.829442
-0.083590,-0.349051,0.056200,0.471785,1.194053,-1.080811
-0.060459,-0.309747,0.027928,0.506451,2.307196,-0.031287
-0.065517,-0.299446,0.044311,1.870186,1.011014,-2.302991
-0.103101,-0.273495,0.055008,1.416707,-2.173526,-4.049305
-0.152508,-0.266487,0.038954,1.095353,-0.610343,-4.116839
-0.141587,-0.232373,0.056370,1.601091,-1.009090,-1.811756
-0.112456,-0.197330,0.068204,2.084227,-2.496389,1.954075
-0.092390,-0.189137,0.041304,1.607630,-1.303548,4.935800
-0.129725,-0.204354,0.022729,2.174592,-1.230898,5.077637
-0.176673,-0.186136,0.098044,1.813961,-7.654308,5.357629
-0.132406,-0.130798,0.016426,1.177453,-0.593291,4.632741
-0.118082,-0.088934,0.045397,2.014478,0.436837,2.280302
-0.136795,-0.081827,0.067458,1.666268,-0.512773,2.582772
-0.114862,-0.051803,0.040306,1.148246,0.956696,4.488773
-0.145273,-0.051425,0.047485,0.995885,0.869436,4.076078
-0.126754,-0.075364,0.053285,2.050474,1.301552,4.726018
-0.112403,-0.066564,0.050232,0.997970,-0.502998,4.025450
-0.117205,-0.066902,0.058878,0.550564,0.576495,1.002675
-0.113414,-0.062828,0.060503,1.257755,1.137394,-1.835352
-0.119674,-0.054297,0.046359,0.666079,-0.211199,-2.567490
-0.105293,-0.068257,0.027357,0.391434,-0.372202,-2.108165
-0.080537,-0.046298,0.048220,0.539278,-0.292613,0.276774
-0.078866,-0.058207,0.037916,0.919234,-1.465300,3.160426
-0.080560,-0.067693,0.014473,-0.200649,-0.512300,3.677689
-0.102743,-0.100137,0.035465,-0.133959,-1.167363,1.560280
-0.059231,-0.073995,0.053081,-0.087634,-2.512175,-1.314536
-0.060659,-0.050982,0.039873,-1.628933,-1.441391,-5.163439
-0.055266,-0.045697,0.026937,-0.793139,-0.134288,-8.665470
-0.078952,-0.057793,0.049234,-1.174581,-1.465914,-7.416889
-0.071330,-0.039254,0.020582,-1.580773,0.244830,-4.602529
-0.072801,-0.013710,-0.011238,-1.541055,1.445875,-3.404400
-0.092817,-0.016703,0.034736,-1.127238,0.681496,-2.437384
-0.072584,0.017138,0.020723,-1.943755,0.466884,-1.225468
-0.103160,0.016180,0.001659,-1.764626,0.988306,-3.255224
-0.097202,0.020841,0.021058,-0.840327,-0.081582,-3.810517
-0.078013,0.035563,-0.002576,-1.258749,0.987433,-2.992602
-0.070290,0.041602,0.005844,-1.483478,0.446146,-1.462309
-0.053283,0.081336,0.008096,-0.972757,0.741148,-0.552920
-0.057324,0.094844,0.015534,0.112187,-0.081467,0.062968
-0.032515,0.100105,-0.007654,-0.577906,-0.148435,2.881257
-0.005796,0.108853,-0.026094,0.038257,-0.210027,2.908180
0.008138,0.124842,0.011542,0.834832,-0.295961,2.739653
0.028167,0.134742,-0.005018,0.130231,-0.839690,3.844883
0.024534,0.142918,-0.017947,0.593895,0.014459,4.416441
0.022354,0.138293,-0.016802,1.479145,-0.559987,6.027994
0.065009,0.155283,-0.003872,1.902718,-1.457980,6.866615
0.076885,0.141684,-0.020872,1.323430,-0.058785,7.162911
0.067868,0.093107,-0.023409,2.340864,0.858390,5.802206
0.069795,0.087294,-0.009974,2.710854,0.332028,4.965942
0.078503,0.084442,0.018658,1.471097,-3.175982,3.842256
0.137289,0.071486,-0.040806,1.511983,1.969906,3.277050
0.114341,0.017874,0.001797,2.747893,1.474113,2.445398
0.118132,0.000217,-0.007201,1.451849,0.663469,4.130209
0.161421,-0.007496,-0.022599,0.893906,1.944894,4.588550
0.182832,-0.037288,0.016085,1.593227,2.210289,3.573250
0.182393,-0.060856,0.003651,1.052750,1.070200,3.562923
0.172247,-0.102352,0.010400,0.209587,0.727480,3.020763
0.217567,-0.149524,-0.013372,0.202504,1.223873,0.976754
0.237327,-0.197215,-0.001643,1.130689,0.933154,-2.484643
0.239743,-0.242526,0.008617,0.126788,0.701674,-4.240252
0.273477,-0.277963,-0.007768,0.312380,1.911964,-5.635166
0.292459,-0.301045,-0.018305,0.532592,0.635165,-5.885021
0.327322,-0.343346,0.032090,0.514168,1.490184,-6.646050
0.323944,-0.372527,0.015543,-1.031013,1.111171,-7.061951
0.317609,-0.377647,0.013233,-0.474401,1.684495,-7.239334
0.300928,-0.388755,0.009842,0.105649,1.162495,-8.206072
0.306242,-0.400503,0.044737,-0.969412,1.431242,-8.215322
0.319313,-0.410058,-0.000373,-1.233317,1.964989,-8.292318
0.306620,-0.400585,0.014401,-0.485147,2.109876,-8.359759
0.286472,-0.404333,0.025003,-0.447915,1.492387,-8.373345
0.277114,-0.422853,0.023766,-0.888769,1.552928,-8.076291
0.291717,-0.417142,0.017634,-0.480772,2.521283,-8.120607
0.300478,-0.371155,0.021613,0.551988,1.345780,-7.593825
0.277452,-0.332146,0.028135,-0.262414,1.048595,-6.027709
0.224076,-0.349008,0.018159,-0.043485,1.407582,-5.446554
0.180335,-0.325584,0.025043,0.468608,0.826823,-4.063765
0.170169,-0.277835,0.043306,0.657867,-0.149912,-2.539355
0.164894,-0.230676,0.033741,0.500208,0.026246,-0.876193
0.127041,-0.209974,0.020086,1.627962,1.255405,-0.095069
0.069739,-0.183566,0.065807,0.731685,-1.047590,0.709105
0.096094,-0.126153,0.038924,1.167734,0.160498,2.292172
0.099061,-0.072702,0.002023,0.935495,1.680707,2.335244
0.073911,-0.060199,0.062026,1.318851,0.503365,3.178170
0.058796,-0.029751,0.051768,1.374032,0.862533,5.586334
0.019498,0.027810,0.011677,0.927785,1.162400,7.170894
-0.001204,0.055553,0.059718,1.351728,1.117906,6.871184
0.020234,0.071860,0.076374,0.804408,-0.271628,6.491774
0.017309,0.113613,0.040044,0.558766,0.936105,6.452377
-0.006912,0.123696,0.072431,1.633394,1.403429,5.135465
-0.014852,0.151925,0.038648,1.395118,0.318413,6.813172
-0.038578,0.157811,0.052070,0.382345,-0.668144,8.580253
-0.018998,0.164595,0.062961,0.575576,-0.407544,9.218563
-0.022284,0.173616,0.074975,1.379100,-1.384460,10.364308
-0.053306,0.140932,0.052678,0.883055,-1.350842,9.873052
-0.053753,0.118261,0.056833,1.128575,-0.807621,8.851501
-0.057540,0.102915,0.094043,1.415364,-2.838278,6.780371
-0.028504,0.093928,0.060585,1.658229,-0.613235,5.201482
-0.051143,0.061156,0.027836,1.328482,-0.331556,2.167248
-0.103839,-0.014501,0.067445,1.706261,-1.314324,1.452549
-0.059717,-0.037360,0.065473,1.802518,-0.177921,2.519372
-0.035709,-0.043009,0.027928,1.252257,0.843386,1.496712
-0.061693,-0.088592,0.073981,1.328869,0.831895,-1.367107
-0.081683,-0.151487,0.086884,1.199232,-0.372859,-2.224040
-0.086387,-0.164095,0.083759,0.363691,0.567957,-2.936740
-0.076385,-0.197845,0.078789,0.449163,1.545191,-4.282723
-0.036937,-0.229330,0.106139,0.598868,0.889620,-5.735861
-0.058371,-0.257001,0.095980,-0.442764,-0.128806,-5.109936
-0.118663,-0.300690,0.098671,-0.928953,-0.406763,-5.499247
-0.079211,-0.311805,0.126427,0.052986,-0.195870,-5.930333
-0.059257,-0.314792,0.130636,-1.480034,-2.766918,-5.637112
-0.086048,-0.346887,0.121848,-1.917885,-1.338736,-5.251504
-0.096664,-0.344577,0.123723,-1.679314,-0.981252,-3.917908
-0.090733,-0.324751,0.130701,-1.072756,-0.764394,-3.665522
-0.071904,-0.335760,0.130389,-1.924723,-0.741880,-2.592095
-0.064736,-0.315117,0.137844,-2.205194,-0.170736,-2.884678
-0.082907,-0.312474,0.171869,-1.199796,-0.040870,-2.472319
-0.083593,-0.312218,0.154709,-1.131121,0.776054,-2.252813
-0.088993,-0.286382,0.129595,-1.331097,0.628406,-3.265396
-0.099136,-0.272432,0.148026,-0.320021,1.524633,-4.568988
-0.071025,-0.223648,0.188833,0.142419,0.849886,-2.842435
-0.078850,-0.216056,0.183959,0.559118,1.218343,-1.173567
-0.078279,-0.206921,0.167917,0.747815,1.061550,0.320589
-0.047683,-0.202158,0.193127,2.059392,0.408920,1.356124
-0.012174,-0.168894,0.183752,2.393009,0.387147,2.691443
-0.033569,-0.149153,0.175881,2.569486,-0.222510,2.297205
-0.028143,-0.161078,0.169467,3.534753,0.721976,1.669462
-0.003689,-0.132278,0.177210,4.215777,-0.494342,1.937457
-0.008297,-0.121866,0.169214,3.602515,-1.840411,2.325855
0.001537,-0.124886,0.094591,5.316398,6.268817,2.040916
-0.043423,-0.159841,0.188567,4.319022,-2.165907,3.092301
0.006927,-0.139395,0.144248,3.412823,-1.001551,4.433903
0.013396,-0.126074,0.157236,3.759111,0.300901,2.617572
0.022462,-0.137832,0.151052,3.513748,0.078398,0.690288
0.030449,-0.148822,0.148154,2.274618,0.284154,-0.843707
0.053281,-0.148054,0.107455,1.244179,2.175239,-2.224248
0.071377,-0.111871,0.130563,1.508310,2.512536,-3.223895
0.044474,-0.138272,0.151548,0.405802,-0.272613,-3.924972
0.060900,-0.133296,0.108249,-0.682901,1.537888,-3.097462
0.032549,-0.154527,0.118596,-1.507942,1.729090,-3.159179
0.047701,-0.130837,0.086562,-1.832867,0.421701,-3.341334
0.030389,-0.123297,0.107865,-2.930908,0.817061,-3.429984
0.019423,-0.084128,0.050534,-3.666171,0.849380,-3.183276
0.032021,-0.077452,0.073613,-2.997598,0.153060,-1.368773
0.061842,-0.038538,0.063654,-3.984325,-0.200409,0.256445
0.035510,-0.070838,0.046661,-3.805980,0.115194,0.407722
0.021251,-0.087155,0.058067,-2.547218,-0.912400,-0.666692
0.034049,-0.038709,0.042955,-2.867833,-0.689072,-0.924105
0.043506,0.006067,0.005634,-2.648189,0.790690,-3.916593
0.031450,0.017975,0.021688,-2.001437,0.593852,-6.353716
0.028358,0.044140,0.039971,-1.009780,0.296680,-5.332812
0.034640,0.080755,0.002542,-1.643156,1.102019,-3.148796
0.043542,0.152575,-0.004696,-0.811901,1.214407,-1.607990
0.066637,0.179494,0.019709,0.256201,1.761484,0.599477
0.087596,0.220916,0.021606,-0.052604,0.775056,3.550196
0.117394,0.248915,-0.027512,-0.025692,2.150250,5.326819
0.105101,0.265773,0.002328,1.908524,2.419918,4.263968
0.121119,0.295059,-0.040386,0.955068,0.660794,4.591510
0.127668,0.300255,-0.033427,1.165794,-0.170572,4.438341
0.156343,0.322888,-0.032403,2.260690,-0.210424,6.615429
0.160847,0.337938,-0.031497,2.633375,-0.688232,9.114077
0.141280,0.311452,-0.048638,1.919914,-1.277453,10.323981
0.132434,0.288662,-0.050273,2.051015,-1.475315,11.001841
0.209890,0.290077,-0.042874,2.857119,-0.664267,11.003001
0.208892,0.274104,-0.043652,1.871397,-1.069146,9.703244
0.173901,0.242504,-0.074307,1.849516,0.787437,7.947044
0.132486,0.197719,-0.045677,1.577251,-0.458514,7.562890
0.187671,0.193760,-0.048018,1.302258,-0.132666,7.344018
0.195421,0.152618,-0.040619,0.488726,1.351452,6.401075
0.194223,0.071876,-0.040606,0.857202,2.347603,5.172351
0.162393,-0.018857,-0.010381,0.523411,1.333254,6.395956
0.193651,-0.062802,-0.033910,-0.031702,2.194865,4.975984
0.218509,-0.120731,-0.026639,0.380024,2.742267,0.353986
0.284798,-0.175075,-0.028812,0.661763,2.890591,-2.349879
0.281571,-0.253033,-0.009712,-0.176910,2.464422,-3.460232
0.263820,-0.298045,-0.070332,-0.824443,2.306684,-2.851868
0.252318,-0.350626,-0.012577,0.046519,1.078977,-3.158824
0.293930,-0.370935,-0.037800,-0.857527,0.531837,-2.205173
0.315043,-0.395231,-0.040567,-1.362074,0.508581,-3.842148
0.310050,-0.450051,0.006796,-0.436538,-0.103561,-5.118064
0.298243,-0.500890,0.002689,-0.236174,-0.465361,-6.435021
0.307250,-0.538795,-0.025172,-0.860327,1.495696,-7.148009
0.357383,-0.531495,-0.013132,-0.896420,1.411701,-9.431972
0.364824,-0.544011,0.056518,-0.193470,-0.100101,-11.306510
0.372006,-0.539471,0.012852,0.287227,2.310935,-11.037462
0.340209,-0.585255,0.016528,-0.742408,3.748922,-10.667607
0.335623,-0.583889,0.039883,-0.173289,3.151334,-10.818855
0.371202,-0.543053,0.087616,0.754009,2.578900,-10.029293
0.390450,-0.507829,0.031165,-0.440361,3.838290,-9.503680
0.338413,-0.487816,0.037355,-0.056799,4.005415,-9.203059
0.296175,-0.480171,0.087563,1.003744,2.611770,-7.174348
0.292512,-0.418123,0.075412,1.102237,1.811739,-4.956960
0.255650,-0.395517,0.074732,0.291389,1.364526,-3.964916
0.240410,-0.337575,0.096393,1.665844,0.419788,-2.407616
0.187631,-0.319148,0.111551,1.324983,-2.264186,0.132633
0.137472,-0.310390,0.071420,1.478164,-0.807522,1.333463
0.117725,-0.295553,0.087252,2.218095,-0.627231,0.684682
0.115073,-0.280139,0.116331,3.044114,-0.558382,0.413241
0.108541,-0.199683,0.074864,2.343783,-0.513770,0.979234
0.056022,-0.168756,0.106651,1.741409,0.300146,0.125486
0.031637,-0.155423,0.121930,2.057580,1.532538,2.082581
0.007918,-0.097593,0.094427,1.369982,1.357656,5.989313
0.014253,-0.048743,0.105617,1.356212,3.873668,7.825236
-0.006912,-0.022586,0.121740,1.373940,2.128950,7.962924
-0.069896,-0.006945,0.133974,1.064403,1.735973,7.936568
-0.071737,0.014640,0.091607,-0.019698,2.377309,8.376434
-0.045418,0.050422,0.121760,0.696366,1.955988,6.633781
-0.046541,0.055402,0.134597,0.762146,0.874714,5.743990
-0.039192,0.085131,0.113544,0.088058,-0.910988,6.452042
-0.030132,0.083463,0.103887,-0.008531,0.497257,7.560233
-0.023249,0.059078,0.115664,0.894051,-0.851698,9.669256
-0.057632,0.068476,0.092274,0.682055,-2.264895,9.338114
-0.092423,0.040614,0.088939,0.192003,-2.290151,7.195803
-0.071685,0.009950,0.107219,0.263015,-2.632877,4.618387
-0.108536,0.026447,0.092096,0.932771,-2.618483,1.992090
-0.131087,0.034755,0.084015,0.867227,-2.503821,0.213263
-0.112728,0.008092,0.066323,0.026194,-1.730396,0.276310
-0.138121,0.001852,0.104937,0.156267,-0.405608,0.529297
-0.102306,0.053321,0.072527,0.011820,0.879473,0.933214
-0.079992,0.020992,0.081471,0.000200,1.960718,-0.010319
-0.144870,-0.040790,0.095701,-0.354030,1.593460,-1.344382
-0.152301,-0.015410,0.066283,-0.274559,1.553880,-3.659047
-0.144377,-0.013608,0.078524,-1.181566,1.761084,-5.574399
-0.146478,-0.038578,0.081074,-1.344440,0.942207,-6.749289
-0.191569,-0.047611,0.078077,-0.600581,0.353578,-6.151757
-0.198728,-0.025573,0.056712,-1.269411,-0.588600,-3.414249
-0.179408,-0.046886,0.053705,-1.523022,-1.622621,-1.402540
-0.182992,-0.057035,0.049054,-0.869846,-2.413544,0.925792
-0.166826,-0.033487,0.044852,-1.049149,-2.390052,2.657558
-0.154136,-0.088763,0.033830,-1.339418,-2.702651,3.586312
-0.183964,-0.100160,0.028430,-0.457598,-2.326202,2.790937
-0.212363,-0.096631,0.024124,-0.150066,-1.909690,1.069353
-0.134313,-0.100196,-0.016214,-0.011879,0.705061,-0.048756
-0.090854,-0.135895,0.023011,0.374910,-0.485607,-0.298782
-0.143947,-0.140767,0.035172,1.289532,0.100377,-0.706058
-0.132525,-0.135009,-0.016050,1.828039,1.829555,-0.985003
-0.053641,-0.188237,0.029848,1.407726,1.449649,-0.660331
0.007455,-0.176982,0.008749,1.856898,2.338911,1.426923
0.013150,-0.147056,0.004761,2.913111,2.812816,0.977859
0.022265,-0.198629,-0.011501,1.398998,2.600338,0.774782
0.005866,-0.245897,-0.018167,2.516284,2.102874,-0.616562
0.013295,-0.180766,-0.021082,2.549414,0.808425,-1.169364
0.087442,-0.153509,-0.026383,1.558055,0.159674,-1.364238
0.056777,-0.219952,-0.003833,0.945726,-2.246386,0.691088
0.023559,-0.223097,-0.043183,1.692149,-1.818927,4.318780
0.055339,-0.169560,-0.058876,1.086435,-0.651288,4.947383
0.078011,-0.239995,-0.030578,1.083093,-2.106787,3.643619
0.060109,-0.258029,-0.029252,0.881965,-4.038456,2.553344
0.054565,-0.254582,-0.054839,1.123346,-1.210340,0.938935
0.077401,-0.267961,-0.068116,0.449537,1.208023,-1.312240
0.047117,-0.291595,-0.042040,0.713953,1.233905,-4.280481
0.061389,-0.245785,-0.045901,0.246137,1.869473,-6.459079
0.084740,-0.277165,-0.021092,0.014436,2.695026,-7.204304
0.085653,-0.315058,-0.009728,-0.055762,0.791888,-6.077606
0.050855,-0.299633,-0.002001,0.383865,2.762533,-5.779227
0.090639,-0.293787,-0.046363,0.300058,3.924818,-6.756500
0.115858,-0.324780,0.013699,-0.132696,2.442905,-8.267534
0.131328,-0.292872,-0.008930,0.864417,1.786431,-8.722618
0.116225,-0.289484,-0.005385,0.440740,1.914784,-8.981645
0.184076,-0.316466,-0.031612,-0.040449,0.909895,-7.120372
0.179360,-0.316298,0.002410,0.510922,-0.223869,-5.112501
0.166630,-0.253134,-0.007572,0.604855,-2.417240,-4.508723
0.186075,-0.266451,-0.023353,-0.231133,-1.793820,-6.143154
0.174213,-0.306943,0.005811,0.342884,-3.515570,-5.802555
0.168239,-0.220678,-0.006199,0.165330,-1.685053,-5.120511
0.219231,-0.138397,0.012487,-0.267469,-0.406504,-5.859126
0.220226,-0.118892,-0.011021,-1.278838,0.236506,-5.606529
0.153074,-0.070273,0.008558,-1.461837,1.498059,-3.094257
0.204149,0.019249,-0.010598,-1.756839,1.867730,0.010651
0.221775,0.053908,0.032192,-2.985719,2.374115,1.515245
0.217810,0.097056,0.050774,-2.875061,3.824500,3.181443
0.208948,0.178421,0.027176,-2.743842,3.763916,3.807761
0.231091,0.218874,0.031913,-2.808181,3.390598,4.079816
0.175427,0.250477,0.053117,-2.435093,2.265266,4.946766
0.151255,0.308307,0.039787,-1.649786,1.605608,5.785455
0.220928,0.343771,0.034844,-1.647167,1.072123,9.288320
0.207989,0.323630,0.055133,-0.595644,0.114836,12.742335
0.128580,0.389918,0.023644,0.773907,-1.023711,13.742374
0.149427,0.394301,0.056377,1.306253,-1.248630,13.981756
0.203715,0.364706,0.036118,1.118140,-2.161607,14.650246
0.115519,0.372121,0.075372,2.947918,-2.378205,12.719517
0.116288,0.401591,0.058980,3.577887,-1.382268,11.062220
0.142406,0.332610,0.072996,3.069175,-0.931362,9.611931
0.115831,0.286358,0.069881,4.074907,0.346793,9.456527
0.130228,0.331537,0.074916,5.094183,1.793967,7.698505
0.175716,0.232946,0.073245,3.699715,2.440368,6.053562
0.136163,0.134653,0.078034,4.076447,4.343066,5.863811
0.133904,0.112401,0.090600,4.840424,4.378093,5.565914
0.264975,0.091368,0.081241,3.846341,4.177513,4.414302
0.187471,-0.021132,0.117978,2.070611,2.994818,1.655399
0.123387,-0.065083,0.115267,2.837425,3.219077,-1.075982
0.224280,-0.087351,0.095671,1.997344,2.363946,-0.730197
0.280137,-0.189357,0.091223,-0.406063,1.916514,1.199521
0.182051,-0.241429,0.068433,-0.659697,-0.009716,-0.821304
0.178913,-0.299542,0.112011,-0.001194,-1.201313,-1.728458
0.271655,-0.393134,0.104688,-2.482822,-3.396197,-1.196696
0.254918,-0.457053,0.073560,-2.784350,-1.503924,-3.743107
0.234514,-0.500542,0.065748,-0.946504,-0.389757,-9.167866
0.270218,-0.601283,0.101963,-2.017264,-1.694106,-10.314683
0.216418,-0.656845,0.101826,-3.560693,-0.279260,-11.096728
0.212243,-0.598831,0.079603,-2.157730,1.330556,-14.081868
0.276313,-0.633878,0.115037,-2.481312,1.326099,-14.985607
0.218204,-0.692026,0.087590,-3.658273,2.249179,-12.437109
0.150638,-0.640285,0.073078,-1.946702,4.438149,-11.610222
0.212565,-0.628498,0.089319,-1.046490,3.615809,-11.034287
0.234859,-0.644444,0.080591,-2.231808,2.520394,-8.554791
0.101251,-0.619376,0.083907,-1.681425,3.579381,-8.356942
0.118493,-0.556763,0.075182,0.068367,2.740632,-7.917095
0.147139,-0.560922,0.094161,0.820965,0.849239,-7.348202
0.091600,-0.514820,0.024692,0.220823,0.596662,-7.191230
0.079977,-0.447425,0.037001,2.572572,0.739176,-7.243550
0.102052,-0.432802,0.059203,2.811550,-1.153399,-3.821193
0.045633,-0.378163,0.043818,3.158868,-1.591047,-1.483533
0.022590,-0.305693,0.023848,3.517799,-0.082048,-1.415395
0.113005,-0.273187,0.053190,4.503935,-1.776695,0.724938
0.056180,-0.241288,0.029156,3.158031,-1.938411,2.149623
-0.011872,-0.161413,-0.007795,3.575113,0.081989,-0.095778
0.076518,-0.101916,0.009051,5.615182,8.707648,0.615294
0.052812,-0.082720,0.062761,2.833959,0.046095,3.462751
-0.004486,0.006080,-0.008356,2.960405,2.383979,3.617148
-0.043866,0.042627,0.054194,3.641232,1.460330,4.755514
-0.020272,0.024261,0.036443,1.149464,0.236739,7.404065
-0.078880,0.046021,0.024619,0.878768,2.038092,7.044332
-0.035709,0.117125,0.040900,2.643541,2.411883,5.756932
-0.031767,0.109611,0.021101,-0.648902,0.442610,5.125300
-0.118144,0.067228,0.024760,-0.353555,0.916007,4.029919
-0.121745,0.122735,0.013817,0.542357,-0.430633,2.974299
-0.003262,0.123631,0.013334,-0.352353,-1.747229,4.721219
-0.055089,0.098018,0.005870,-1.597385,-1.370618,5.555499
-0.168953,0.110517,-0.030673,-0.138250,0.599501,4.933600
-0.102835,0.111742,-0.006022,-0.665068,-2.404350,5.362294
-0.099864,0.075110,-0.000317,-2.429437,-2.332412,3.541447
-0.152692,0.099341,-0.034609,-1.485628,-1.089195,-0.398630
-0.147778,0.089004,0.004761,-0.844496,-1.379018,-1.484451
-0.108422,0.076449,-0.013257,-2.354073,-0.790533,-0.617982
-0.197136,0.088111,0.007534,-2.596182,0.703016,-2.201071
-0.139549,0.121113,0.026848,-1.032832,-1.487792,-3.134021
-0.085011,0.080854,0.028952,-2.415192,0.527724,-0.813644
-0.133568,0.083470,0.006054,-2.820192,1.750009,-0.776997
-0.139198,0.125613,0.022039,-1.509370,2.362594,-2.970576
-0.043229,0.130478,0.029385,-1.405583,1.823000,-2.937724
-0.038161,0.151666,0.012904,-2.812015,1.605069,-1.954361
-0.079428,0.183351,0.025154,-1.304372,1.093803,-2.467355
-0.028606,0.207054,0.015455,-0.530685,-1.037178,-0.319677
-0.038591,0.161704,0.043891,-1.908052,-1.920903,2.241289
-0.042395,0.206368,-0.016237,-1.092051,-0.914441,3.316176
0.004386,0.211564,0.032458,0.970804,-2.317356,3.105352
0.032425,0.158369,0.037011,0.006821,-3.265465,3.858932
-0.037042,0.144107,0.009356,0.661241,-3.043562,1.585616
0.002525,0.144116,0.004921,1.752257,-1.518748,0.793015
0.086910,0.125311,0.039958,1.768007,-2.290866,0.470192
0.030045,0.123293,0.033423,1.374419,0.138007,0.846687
0.025364,0.150760,-0.003153,1.994675,1.660507,1.482436
0.070435,0.068013,0.058717,1.649350,0.740741,3.478436
0.066546,0.073357,0.041330,1.234335,-1.393113,5.365655
0.033150,0.082223,0.026933,1.402501,2.983641,3.716068
0.116596,0.022692,0.047633,1.725059,3.155539,2.411947
0.120302,-0.015630,0.038537,0.993085,2.808832,2.571116
0.110419,-0.014911,0.010403,1.590936,4.005070,1.467323
0.141763,-0.059569,0.037936,1.781891,1.634884,1.460619
0.135880,-0.144518,0.045670,0.482361,0.272236,2.831284
0.096600,-0.131911,0.002919,0.196868,0.710267,3.672484
0.112286,-0.154320,0.047285,1.114887,-1.291117,2.122953
0.174951,-0.241416,0.051338,0.193175,-3.776547,1.552205
0.129362,-0.297716,0.030410,0.146968,-2.094734,0.830485
0.141992,-0.297208,0.006865,0.392074,0.485781,-1.162815
0.219730,-0.346687,0.058639,0.550902,-0.813175,-3.334616
0.226834,-0.386349,0.065637,-0.157875,-0.842786,-4.424434
0.241601,-0.386096,0.032458,0.220882,2.398100,-6.265965
0.330273,-0.434204,0.045607,0.402608,3.601114,-6.117570
0.337022,-0.449378,0.064701,-0.048199,3.187943,-6.669285
0.302287,-0.453668,0.038084,0.205494,4.710000,-8.165301
0.373007,-0.478359,0.029343,0.540063,4.276787,-9.914356
0.390929,-0.508210,0.078924,0.049802,2.668645,-10.206469
0.359710,-0.474171,0.029074,0.378374,3.894107,-11.010008
0.398630,-0.479061,0.037926,0.573272,2.236893,-11.855337
0.447561,-0.510556,0.054942,0.266886,1.196258,-9.741566
0.369813,-0.440135,0.047613,-0.001178,-1.458949,-9.412547
0.346990,-0.402124,0.035661,-0.087982,-0.399263,-9.661616
0.392039,-0.406309,0.031851,-0.801167,-1.737109,-7.784076
0.346511,-0.373255,0.040723,0.021307,-1.353582,-5.619256
0.317531,-0.286881,0.003694,-0.037039,-0.674580,-5.025435
0.348983,-0.248411,0.020808,-0.580745,-0.732598,-5.648609
0.321811,-0.240241,0.034575,-0.879158,0.311553,-4.795031
0.298850,-0.167164,0.022709,0.165727,1.496572,-4.547832
0.318981,-0.094589,0.028335,-0.711570,2.937241,-3.096857
0.301496,-0.072571,0.044022,-1.031224,3.382710,-2.428977
0.240981,-0.010280,0.051896,-0.231221,3.572619,-0.141827
0.274829,0.064813,0.028542,-0.271855,4.227488,2.897327
0.292390,0.074588,0.021527,-0.754189,4.052153,4.087756
0.180883,0.097174,0.024179,0.823072,3.317242,5.130893
0.173533,0.172372,0.017060,0.830519,1.463245,6.648013
0.234675,0.201231,0.038875,-0.351519,0.655326,7.301147
0.231426,0.258719,0.040109,0.907460,0.702471,8.299647
0.183197,0.309335,0.024117,1.761954,-0.536216,9.910943
0.216766,0.287211,0.012727,0.951316,-0.746259,12.690152
0.205527,0.278549,0.007006,1.041199,-1.230402,13.793711
0.181526,0.309095,0.034053,2.626581,-4.353409,12.418641
0.238384,0.329833,-0.002671,2.348381,-1.030587,11.062387
0.240597,0.287342,0.001895,0.945011,0.194140,9.786421
0.173166,0.287428,-0.011100,2.327298,0.500457,7.457287
0.192079,0.326164,-0.004647,1.934035,-0.000437,6.203658
0.270615,0.278913,0.013692,0.594148,2.356574,7.051707
0.252279,0.268399,0.007071,0.504892,2.921849,9.709970
0.200013,0.251029,0.038852,1.621370,2.234976,9.736685
0.218742,0.191859,0.005269,0.463123,2.618361,8.365024
0.186886,0.128124,-0.011862,-0.048002,3.391238,4.928934
0.162862,0.112149,0.026103,0.853129,2.320995,1.183130
0.232982,0.094220,0.023188,-0.460936,0.539383,-0.744195
0.194849,0.043050,0.002752,-1.586156,0.540588,-1.636123
0.062019,-0.031796,0.032494,-0.303153,-3.321197,-0.923169
0.113642,-0.042664,-0.004486,-0.482118,-1.033896,1.678782
0.176195,-0.102937,0.023086,-1.696452,-1.604748,1.694530
0.111994,-0.165726,0.037030,-1.284096,-1.307254,-1.788683
0.060224,-0.208664,0.013643,0.071551,-1.149093,-5.531990
0.105748,-0.268132,0.000697,-1.068670,0.437808,-6.740275
0.075989,-0.285460,0.023388,-0.845451,-0.410879,-10.532300
0.021960,-0.303014,0.035281,-0.161663,0.448355,-11.792964
0.079895,-0.326553,0.035425,-0.938459,0.778755,-9.067465
0.027547,-0.391666,0.018179,-1.351701,1.552298,-5.545740
-0.020465,-0.409323,0.049412,0.454231,2.544881,-4.323452
0.012093,-0.412050,0.029103,0.514552,2.859329,-5.265876
0.055073,-0.459728,0.021957,-0.588048,3.783007,-7.083492
0.024458,-0.437378,-0.009364,0.872886,2.847453,-11.263798
0.010386,-0.412113,0.060076,0.672949,0.366225,-13.331925
0.065101,-0.417637,0.004826,-0.443582,1.440393,-10.773115
0.022732,-0.425075,0.026671,0.306508,0.844644,-6.093953
0.033662,-0.336439,-0.006305,1.109642,0.304827,-0.532050
0.085324,-0.306760,-0.003915,0.262198,-0.549877,2.370838
0.026825,-0.360910,0.005322,-0.149731,-1.860131,3.426191
-0.000209,-0.329655,-0.002247,1.913219,-1.204166,2.478842
0.045830,-0.297533,0.016495,1.539451,-2.137002,0.343268
0.097834,-0.303599,0.010771,0.580312,-1.689514,-2.485970
0.043142,-0.271828,0.007035,1.726448,-0.504580,-4.733517
0.063096,-0.225985,0.021846,2.558776,0.516853,-3.329681
0.089657,-0.196338,0.019906,1.007387,0.304006,0.196493
0.017742,-0.185516,0.011838,1.425067,2.091330,2.605398
0.008811,-0.149632,0.024219,2.775315,2.233282,5.228020
0.059518,-0.134770,0.045748,1.676410,-0.071406,6.905331
0.022630,-0.146160,0.022873,1.433146,1.733817,4.394363
-0.030907,-0.103668,-0.003705,2.381941,2.804577,-0.550367
0.018576,-0.122067,0.042660,2.728924,2.329556,-3.417301
0.056744,-0.117281,0.008555,1.471560,0.432967,-2.921714
0.014282,-0.074724,-0.009623,1.396819,1.825974,-4.366868
0.004475,-0.081473,-0.002953,2.157100,-0.014594,-5.317922
0.024550,-0.075374,-0.025763,0.919096,-1.202144,-3.707869
-0.049955,-0.036776,-0.029147,-0.602603,-1.315365,-3.590494
-0.017725,0.042499,-0.023961,0.169535,-0.717242,-6.881333
0.031466,0.060818,-0.021965,-2.054068,-3.126683,-8.565768
-0.010001,0.080030,-0.055584,-3.545086,-1.413635,-10.383765
-0.009837,0.191229,-0.099608,-3.473512,0.982936,-11.531868
0.054072,0.258690,-0.037501,-5.149151,-0.118394,-11.689372
0.083841,0.351734,-0.061325,-7.540598,0.090848,-8.671715
0.069752,0.487962,-0.093749,-8.161363,2.317145,-7.036586
0.087990,0.582847,-0.057540,-8.687071,1.376513,-5.504702
0.088961,0.688621,-0.067916,-10.681638,1.737568,-3.787009
0.033954,0.827675,-0.115222,-11.239821,2.096001,-4.264702
0.116481,0.949926,-0.122119,-10.536256,1.797489,-4.576744
0.185527,1.072502,-0.111694,-10.995272,-0.212456,-3.366230
0.118910,1.215761,-0.134727,-11.518556,0.844801,-1.701284
0.130041,1.370088,-0.170377,-10.179229,1.569753,1.450866
0.193385,1.469749,-0.149869,-9.238617,-0.992955,4.074778
0.221972,1.581250,-0.131247,-8.850081,-2.925953,8.901383
0.231248,1.725267,-0.167059,-7.232144,-1.484546,12.144841
0.212827,1.793742,-0.174388,-5.698182,-2.123315,13.598507
0.138309,1.863947,-0.175734,-4.909445,-2.635451,14.408299
0.104914,2.061363,-0.198065,-4.672105,-2.857728,12.226180
0.147162,2.232995,-0.153548,-3.660560,-2.627501,9.652690
0.144451,2.306801,-0.112754,-4.159333,-3.567105,11.362938
0.074354,2.384184,-0.165880,-3.879466,-0.546199,15.217687
0.076731,2.456421,-0.190922,-2.843535,2.265932,19.384006
0.133963,2.499785,-0.163766,-2.314540,0.284373,23.493694
0.124493,2.544853,-0.144344,-3.838281,1.018057,25.129818
0.089765,2.571467,-0.169875,-3.524263,2.576444,23.131486
0.092539,2.568992,-0.145056,-2.429665,1.841988,20.227778
0.079865,2.520757,-0.153492,-4.066942,0.933003,18.658951
0.137630,2.511907,-0.158229,-4.856864,1.398269,16.053227
0.185458,2.481111,-0.151808,-4.171435,0.000189,15.209395
0.161923,2.379740,-0.149695,-4.682642,-0.361013,16.152602
0.151209,2.294298,-0.183497,-5.619079,-1.310281,16.208838
0.203262,2.185285,-0.171592,-5.640845,-1.196213,14.339015
0.276529,2.041465,-0.168953,-6.152725,-2.100525,9.383200
0.308723,1.930942,-0.157366,-6.756372,-3.784491,4.413784
0.247929,1.835918,-0.166323,-8.210872,-2.559735,1.795987
0.188061,1.733470,-0.176135,-8.421628,-1.601506,-2.595252
0.179550,1.673625,-0.163789,-9.268927,-1.993288,-6.351132
0.230703,1.590733,-0.147558,-10.362064,-1.779135,-8.966676
0.242602,1.462429,-0.166816,-11.016320,-0.728393,-10.806271
0.134597,1.310912,-0.165746,-11.879499,0.421845,-12.286487
0.093865,1.270856,-0.143789,-11.195048,1.990558,-14.898196
0.133733,1.261748,-0.136099,-11.929336,1.552232,-19.029594
0.137804,1.205464,-0.140369,-12.811032,2.000258,-21.303732
0.092664,1.114238,-0.126261,-11.896213,2.747712,-22.541208
0.056921,1.031169,-0.116529,-10.725952,2.701581,-23.286473
0.035582,1.008888,-0.134704,-11.262384,1.129161,-23.092802
0.034312,1.066111,-0.140146,-10.875641,2.937171,-24.331769
0.046453,1.069111,-0.108106,-9.775620,0.377050,-25.376356
0.062619,1.044503,-0.100015,-8.534799,-0.565381,-23.906876
0.005233,0.990825,-0.103800,-8.369473,-1.600114,-21.257335
0.003050,1.026357,-0.148145,-7.468949,-0.699597,-19.920746
0.039747,1.103367,-0.097415,-7.016367,-2.502761,-18.549753
0.052660,1.174162,-0.066048,-6.363555,-2.896844,-16.725775
0.048820,1.275898,-0.086137,-6.038472,-2.603197,-13.696479
0.021497,1.284817,-0.116480,-5.940820,-1.899022,-10.439690
-0.035414,1.282962,-0.089921,-4.663416,-1.169491,-7.705639
0.016071,1.382722,-0.077822,-4.769777,-1.450316,-5.646901
0.053934,1.505978,-0.075534,-4.851707,-1.365078,-4.728232
-0.008905,1.556064,-0.076736,-4.909294,0.209737,-1.918007
-0.055197,1.574246,-0.072245,-4.506148,-0.377908,2.175229
-0.053700,1.628396,-0.091563,-4.047109,0.496419,6.467322
-0.006663,1.673983,-0.106133,-4.553744,1.850805,9.018467
-0.000344,1.746823,-0.088100,-4.714028,0.471994,9.211214
-0.066860,1.770174,-0.055403,-4.340280,-0.885435,10.487776
-0.077455,1.784729,-0.082201,-4.405988,-0.545696,12.161931
-0.058371,1.797488,-0.097392,-4.972232,-2.037597,14.310405
-0.019497,1.777002,-0.087460,-4.678988,-1.041932,13.465103
-0.003788,1.779480,-0.073775,-4.452283,-3.453825,14.386657
-0.021844,1.777829,-0.072495,-4.828300,-2.079711,14.982551
-0.028750,1.731005,-0.104676,-4.800553,-1.421254,15.613981
-0.019573,1.703886,-0.091359,-4.296706,-1.991042,14.994805
0.012723,1.680902,-0.077691,-4.957707,-2.115978,14.808134
0.037272,1.662675,-0.115042,-6.162030,-1.499320,12.983039
-0.010306,1.598654,-0.097789,-5.894055,-1.518946,11.102980
-0.074547,1.536009,-0.085267,-4.875813,-1.076273,10.420998
-0.045465,1.523972,-0.112183,-5.708148,-1.269910,10.432481
-0.039852,1.467022,-0.098469,-6.850745,-0.684103,9.779982
-0.050625,1.371079,-0.084010,-5.489110,-0.292699,8.620606
-0.058857,1.302420,-0.104013,-5.154289,-0.105675,5.640779
-0.118000,1.236663,-0.110158,-6.385515,0.736844,3.209848
-0.092187,1.159989,-0.092853,-5.700424,0.403680,0.176859
-0.047995,1.111343,-0.084653,-5.214216,-1.036988,0.078000
-0.061375,1.043846,-0.079299,-5.963774,-0.457021,0.651140
-0.067109,0.942127,-0.105250,-5.103785,0.494624,0.203935
-0.092515,0.853409,-0.095498,-4.512404,-0.134173,-0.767581
-0.084102,0.787878,-0.063813,-4.867745,-2.005376,-0.338653
-0.045412,0.740647,-0.090706,-5.027832,-0.901479,-1.789070
-0.037160,0.689238,-0.094753,-4.496557,-0.191596,-3.741697
-0.072400,0.618350,-0.071271,-3.602122,-1.067111,-5.028672
-0.075095,0.565198,-0.080918,-4.551987,-2.382374,-4.478853
-0.063577,0.503734,-0.096417,-4.255084,-1.276239,-2.667603
-0.024148,0.457107,-0.067860,-3.107287,-0.355252,1.141715
-0.004283,0.438768,-0.071126,-3.233793,-0.881368,4.489416
-0.032348,0.382149,-0.064256,-3.268301,-1.003520,5.435028
-0.036802,0.307602,-0.084171,-2.908014,0.378521,4.059965
-0.037793,0.256251,-0.070089,-1.515558,1.074920,1.452761
-0.015955,0.234003,-0.065792,-2.376971,0.165546,1.132106
0.018468,0.195329,-0.080895,-1.097542,2.556898,1.653972
0.000861,0.159491,-0.059434,-0.136572,0.761020,3.571518
-0.008192,0.096209,-0.048983,-0.129847,0.317090,6.359405
0.011903,0.045794,-0.084945,0.083558,1.099876,8.150341
0.027143,-0.007765,-0.077451,1.344217,0.890394,7.557484
0.028345,-0.064335,-0.042510,1.993658,-0.129778,6.540182
0.046972,-0.080665,-0.056260,1.884097,-0.924840,4.226138
0.032326,-0.122149,-0.088559,2.141939,-0.463891,0.843509
0.030895,-0.190387,-0.056434,3.621074,0.168382,-1.101457
0.074089,-0.224403,-0.102007,3.033334,-0.400014,-1.833469
0.093649,-0.270590,-0.089541,2.610907,-0.026936,-2.399541
0.093143,-0.307098,-0.051642,3.037660,0.269308,-2.558388
0.116678,-0.307902,-0.067538,1.808069,0.596961,-4.316396
0.142659,-0.319453,-0.098656,0.929633,1.747153,-7.831921
0.155270,-0.342364,-0.070667,0.982568,2.030956,-11.695381
0.205718,-0.316420,-0.078239,-0.085662,1.719725,-13.639473
0.201089,-0.275642,-0.094934,-1.833091,1.958306,-14.502919
0.162593,-0.257697,-0.094001,-2.730746,1.644206,-14.618518
0.199573,-0.204341,-0.085303,-3.001973,1.845081,-14.211328
0.224168,-0.142047,-0.114339,-4.484372,1.302606,-13.649473
0.222878,-0.123790,-0.134490,-5.422233,1.347822,-14.827537
0.215151,-0.053779,-0.120563,-5.514339,0.405624,-16.343217
0.217239,0.026549,-0.106636,-6.155911,-0.151498,-16.649909
0.235318,0.104789,-0.135288,-7.016878,0.534804,-17.163950
0.258854,0.206315,-0.150249,-6.247104,1.097201,-17.333945
0.246183,0.295453,-0.118817,-6.963535,-0.325920,-15.305412
0.246022,0.403403,-0.151753,-6.994804,1.812615,-14.459509
0.230040,0.519851,-0.139027,-6.763221,0.724476,-13.227325
0.230451,0.658412,-0.112852,-6.364192,-0.122169,-11.766674
0.256661,0.809887,-0.148411,-6.424330,1.168932,-9.436118
0.251370,0.943614,-0.170052,-5.654211,2.299866,-7.750341
0.223196,1.068625,-0.108247,-5.395485,0.763596,-4.714110
0.248881,1.221886,-0.135071,-5.956431,1.245921,-1.248976
0.256031,1.383254,-0.152796,-5.825738,1.525568,0.829334
0.257107,1.523207,-0.138593,-4.437795,1.580785,3.292835
0.266183,1.677130,-0.147873,-4.399226,0.641650,6.311518
0.245776,1.809475,-0.132409,-4.995219,0.055948,9.445408
0.265740,1.939542,-0.144961,-5.007186,0.381911,11.910961
0.287709,2.062371,-0.120130,-4.251457,0.642484,14.402848
0.312498,2.193465,-0.147748,-4.789758,-0.242855,18.529292
0.302996,2.308183,-0.152120,-5.580129,-0.573932,19.984103
0.287197,2.382481,-0.125697,-5.388258,-1.117674,22.232079
0.336214,2.479001,-0.122155,-5.162807,-0.441344,23.834187
0.360714,2.555688,-0.149146,-6.202824,-0.649966,24.301864
0.346265,2.582673,-0.148391,-6.062231,0.714389,23.548213
0.336808,2.619423,-0.133988,-5.923098,-0.341844,23.509535
0.326091,2.631227,-0.113854,-6.234588,-1.727663,23.078354
0.324289,2.620743,-0.133348,-6.587533,-0.291534,22.449087
0.337478,2.596870,-0.137937,-6.222004,0.588603,20.617635
0.315193,2.556466,-0.106153,-5.791190,-0.161379,19.463822
0.269436,2.504712,-0.109537,-6.304337,-0.665079,17.800897
0.260330,2.441187,-0.124187,-6.652440,-0.245048,14.793262
0.236667,2.375026,-0.076181,-6.160530,-0.621343,12.461507
0.224660,2.283919,-0.078131,-6.130240,-0.032490,10.189782
0.189147,2.192782,-0.092337,-7.302349,-0.384309,6.049880
0.156779,2.096485,-0.067680,-6.315996,-0.451937,2.323798
0.128308,1.970436,-0.073165,-6.435552,-0.437051,0.348674
0.124067,1.881443,-0.073851,-7.359299,-0.829115,-2.031673
0.089614,1.758794,-0.047867,-7.505755,-0.370647,-3.779285
0.076967,1.636353,-0.030401,-6.880185,-0.085886,-5.763850
0.051909,1.535641,-0.047877,-7.797679,0.031619,-7.274184
-0.005957,1.403086,-0.035000,-7.496666,-0.186538,-10.736585
0.008866,1.308010,-0.013877,-7.358455,-0.653905,-11.963809
-0.006066,1.188635,-0.007834,-8.045985,0.262903,-12.818906
-0.037393,1.091428,-0.029551,-8.729569,-0.024908,-13.451097
-0.067204,1.004208,-0.020025,-7.970903,-0.477828,-14.222571
-0.091947,0.913947,0.015606,-7.707923,-1.496349,-14.552666
-0.085665,0.847222,0.008089,-7.897048,-2.358705,-13.922049
-0.096976,0.788620,-0.029117,-8.206680,-0.618691,-13.003537
-0.187890,0.706090,0.098028,-8.293185,-15.354509,-13.107098
-0.140888,0.666152,0.009730,-6.869392,-0.992912,-11.689777
-0.132065,0.628276,-0.003892,-6.703911,-1.175563,-11.059715
-0.144466,0.580589,0.009609,-6.050948,-0.605613,-10.376895
-0.153092,0.510729,0.031450,-4.216065,-1.210734,-8.481106
-0.153933,0.502638,-0.005106,-3.970185,-0.582899,-6.247422
-0.155955,0.468080,-0.000895,-3.020254,0.616566,-6.562756
-0.163294,0.412577,0.020887,-1.558787,-0.689388,-5.622885
-0.167532,0.396503,0.002689,-1.094976,-0.427023,-5.485009
-0.206521,0.375089,0.000861,-1.229713,-1.246683,-5.474365
-0.192931,0.362175,0.009405,0.408598,-0.688137,-5.013129
-0.197750,0.374540,0.011083,0.072729,-2.945887,-4.046395
-0.202572,0.387316,-0.014294,0.135223,-0.972442,-4.027229
-0.208516,0.389695,-0.017809,0.595444,-1.265052,-3.092443
-0.216384,0.384572,-0.012498,0.685898,-0.925356,-1.060972
-0.212344,0.403784,-0.026682,-0.066703,-1.573256,1.063594
-0.214855,0.408908,-0.023902,-0.407462,-1.210216,0.951521
-0.209120,0.402956,-0.025874,-0.273585,-1.302229,0.074165
-0.199693,0.434117,-0.038801,-1.061117,-0.049956,0.120660
-0.225670,0.421240,-0.037671,-1.749527,-0.509766,-0.816069
-0.224679,0.428779,-0.026350,-1.960761,-0.992055,-0.671557
-0.202664,0.437744,-0.028589,-2.085927,-0.218555,0.240272
-0.194999,0.451221,-0.053864,-3.049165,-0.034111,1.240113
-0.191681,0.465100,-0.066852,-3.118589,0.139395,0.684439
-0.209452,0.461564,-0.007201,-2.955393,-1.064029,1.175134
-0.187453,0.463209,-0.051533,-3.550026,-1.032924,1.386976
-0.162634,0.489120,-0.050604,-3.796757,-0.042409,0.232424
-0.168540,0.468940,-0.020517,-4.127453,-1.128181,-1.788396
-0.157914,0.480767,-0.007207,-3.456270,-2.747253,-2.216036
-0.149091,0.506921,-0.047000,-3.956287,-1.343519,-1.163147
-0.153601,0.497156,-0.037333,-3.920446,-0.418518,-0.648294
-0.116703,0.518344,-0.022480,-3.791009,-0.356476,0.921963
-0.093237,0.537477,-0.033631,-2.981035,-0.529723,2.765355
-0.111396,0.541236,-0.041134,-3.808567,-1.287999,3.751334
-0.105641,0.551152,-0.030552,-2.810141,-0.213185,4.676226
-0.084614,0.571378,-0.027624,-2.467898,-0.540940,6.054027
-0.049952,0.583110,-0.032059,-2.646673,0.127483,6.589386
-0.032456,0.612747,-0.058676,-2.485249,1.174020,7.503168
-0.031593,0.623041,-0.030942,-1.593722,0.470291,8.792004
-0.016668,0.631703,-0.051927,-1.959238,0.413518,11.154153
0.009264,0.636049,-0.055374,-1.628789,-0.074321,12.366932
-0.015076,0.612750,0.039558,-1.473861,-8.328951,13.434671
0.053540,0.620159,-0.026488,-0.997330,-0.394687,15.266646
0.061038,0.613751,-0.061522,-0.782885,0.787014,13.839970
0.060371,0.579837,-0.024243,0.334280,0.025058,12.753086
0.088328,0.577503,-0.018417,-0.344650,-2.446976,12.543520
0.112375,0.559772,-0.051674,-0.463474,-1.327097,12.503701
0.108403,0.491047,-0.044978,0.616691,0.126301,12.777411
0.129191,0.472265,-0.026757,1.332269,-0.054256,13.447092
0.128068,0.425776,-0.040163,0.362069,-0.813342,13.441594
0.144536,0.360386,-0.056102,0.911004,0.827617,11.738374
0.151846,0.320275,-0.052941,1.706024,0.247709,9.613678
0.147674,0.278339,-0.018571,0.359007,-0.186275,7.230089
0.169358,0.232959,-0.052685,-0.029270,1.427457,4.839024
0.182274,0.181090,-0.036116,0.762845,1.008335,2.865786
0.194147,0.111761,-0.020449,-0.073228,0.672726,3.010819
0.227168,0.063053,-0.039480,-0.492303,1.987326,2.144075
0.231662,-0.000521,-0.025202,-0.064093,2.231369,0.230480
0.236720,-0.066396,-0.002028,-0.065655,1.747846,-1.375682
0.260853,-0.104299,-0.037934,-0.876329,1.497744,-3.278859
0.259550,-0.173571,-0.025835,-0.550133,1.454199,-6.972817
0.260124,-0.241268,-0.014970,-0.111796,0.661021,-9.228085
0.269203,-0.272008,-0.013736,-0.266215,0.003115,-10.402311
0.266147,-0.321757,-0.042772,-1.262957,0.669939,-11.664944
0.285504,-0.342151,-0.050289,-0.387666,1.867287,-13.258252
0.270267,-0.371814,-0.001509,-0.766094,-0.163958,-14.863805
0.276589,-0.390025,-0.042835,-1.031132,1.046339,-15.325476
0.271484,-0.380733,-0.049331,-1.759173,1.236836,-17.334923
0.252098,-0.385873,-0.000915,-1.501279,0.101194,-18.858825
0.281726,-0.343569,0.002456,-2.315005,1.792290,-18.129004
0.268537,-0.310570,-0.037685,-2.699503,1.755628,-17.713491
0.249042,-0.289087,-0.033736,-2.273338,2.821262,-17.666911
0.261145,-0.221121,-0.016667,-2.770913,2.207229,-15.853015
0.259517,-0.138436,-0.019073,-3.582870,1.463698,-15.102638
0.252072,-0.078522,-0.052420,-3.955102,2.709397,-14.408560
0.231005,0.008801,-0.032246,-3.536230,0.219519,-13.314810
0.220761,0.105318,-0.031917,-4.073644,1.544656,-11.794172
0.233595,0.241749,-0.068622,-4.874102,1.605276,-9.634355
0.236674,0.350385,-0.051816,-4.434860,1.756754,-7.659523
0.235558,0.450201,-0.040734,-4.268722,-0.122133,-4.491038
0.236185,0.583730,-0.071681,-4.568117,0.332212,-1.688148
0.212893,0.695038,-0.063691,-4.907380,-0.583132,1.091495
0.243223,0.811535,-0.071031,-3.655757,0.920668,3.274896
0.229492,0.927612,-0.060865,-3.461509,-0.659455,4.065480
0.195854,1.028474,-0.065313,-3.639046,-0.312981,4.905507
0.187139,1.116624,-0.080195,-2.888884,-0.016738,5.129988
0.179661,1.231779,-0.071474,-2.098270,-0.156163,5.946795
0.157994,1.313325,-0.060435,-2.617010,-0.220505,6.677852
0.161818,1.404271,-0.074185,-1.335319,1.292486,7.636621
0.138030,1.480135,-0.076325,-1.032078,0.479252,8.913170
0.117121,1.562675,-0.072370,-1.912753,-0.786348,11.195603
0.117308,1.612873,-0.088425,-1.846448,0.694672,11.795576
0.097738,1.665832,-0.090276,-1.774175,0.209015,12.947107
0.069627,1.706879,-0.054432,-2.151659,-0.738017,13.704913
0.065784,1.734107,-0.093873,-2.763157,-0.927207,14.391812
0.032162,1.746170,-0.091523,-3.231105,-0.771443,12.918233
0.004136,1.725579,-0.072603,-2.902776,-1.958270,11.687453
0.020466,1.746452,-0.109189,-3.623363,1.333132,11.247097
-0.030996,1.714596,-0.108132,-4.763462,-2.011607,10.092119
-0.035207,1.674065,-0.093023,-4.357382,-1.387645,8.889463
-0.036986,1.657387,-0.085254,-5.280039,-2.743229,8.888528
-0.053933,1.614314,-0.078328,-6.370189,-1.591363,8.839850
-0.038788,1.559110,-0.095183,-6.569515,0.124049,8.514459
-0.067841,1.505269,-0.071868,-6.480003,-0.798020,8.240120
-0.095249,1.435349,-0.091865,-7.494181,-1.317854,7.835639
-0.115637,1.388722,-0.108205,-7.576367,-0.129624,5.807939
-0.125428,1.308838,-0.065369,-6.784367,-0.779442,3.937022
-0.140015,1.242257,-0.081456,-6.813660,-0.645695,3.210080
-0.172531,1.175968,-0.091638,-7.168596,-0.955049,2.383369
-0.224915,1.081598,-0.072849,-6.773926,-1.605786,2.669441
-0.228805,0.988570,-0.047145,-5.585630,-2.235702,3.439144
-0.226140,0.922137,-0.057501,-4.856808,-1.730935,3.668331
-0.258629,0.807803,-0.083596,-4.481546,-1.957617,2.831747
-0.277690,0.721560,-0.081252,-3.027278,-1.866969,1.056224
-0.302893,0.632045,-0.032324,-2.465962,-2.661171,-0.259197
-0.288398,0.555327,-0.036296,-2.189492,-2.026699,-2.194847
-0.303589,0.478403,-0.045257,-1.437039,-0.938252,-4.190704
-0.327058,0.381053,-0.015502,-0.178059,-1.281546,-3.853055
-0.330630,0.334294,-0.053644,-0.289531,-0.948559,-2.251254
-0.339811,0.251715,-0.027253,-0.183820,-0.158263,-1.628821
-0.323215,0.185941,-0.011632,0.909852,-0.711961,-0.145653
-0.339184,0.122918,0.004006,0.416220,-1.834470,0.194795
-0.346136,0.024918,-0.022375,0.631856,-0.960655,-1.149103
-0.359554,-0.058427,-0.001433,2.175918,-0.605561,-2.169344
-0.365899,-0.123304,0.026612,1.139702,-1.990119,-2.023045
-0.348414,-0.202880,-0.010627,0.879992,-1.275992,-2.623323
-0.368601,-0.281797,-0.000724,1.452154,-1.477783,-3.660882
-0.362390,-0.368479,0.042893,2.154806,-3.597667,-3.242022
-0.342899,-0.426811,0.006829,1.554481,-1.473073,-3.186676
-0.350649,-0.519544,0.021924,1.841983,-0.956670,-5.073806
-0.301695,-0.577128,0.044311,1.732855,-2.265614,-5.716985
-0.294946,-0.624473,0.010843,1.336304,-0.598418,-7.251453
-0.301642,-0.683758,0.009973,1.197933,0.463677,-9.593299
-0.287554,-0.703022,0.036009,1.719630,-0.379374,-10.033339
-0.280477,-0.754491,0.036098,0.810310,-1.877981,-9.421305
-0.258934,-0.787004,0.030695,0.479387,-0.501044,-7.486936
-0.260123,-0.830532,0.045581,1.319160,-0.696034,-6.512130
-0.259877,-0.864433,0.025824,1.237946,-0.415957,-5.634839
-0.253105,-0.887893,0.032054,0.851593,-1.041468,-7.307087
-0.237789,-0.955104,0.025374,2.112200,-0.413850,-9.969319
-0.218478,-0.947269,0.053948,1.222003,-3.220623,-11.096783
-0.230157,-0.950518,0.022794,0.964483,-0.491745,-12.944932
-0.202089,-0.912724,0.034496,2.290880,-0.022800,-13.733246
-0.180419,-0.862326,0.028532,1.098344,-0.776956,-11.255624
-0.136608,-0.820724,0.019361,0.571086,0.344666,-8.997949
-0.143307,-0.790296,0.046464,1.422179,-0.378708,-6.794077
-0.112045,-0.726541,0.025312,-0.074908,0.198726,-4.337782
-0.103980,-0.658332,0.001363,-0.187768,0.190224,-4.468718
-0.079346,-0.608242,0.013324,0.708928,0.017781,-4.748694
-0.047808,-0.501933,0.006139,0.121828,-0.242060,-4.254888
-0.042792,-0.448292,0.000352,-0.950367,-0.025350,-3.899863
-0.025451,-0.393587,0.015868,0.103417,0.957474,-1.972083
-0.001322,-0.295934,0.007689,0.093826,0.336279,1.319966
0.037867,-0.217238,0.006612,-0.498018,-0.282096,3.592914
0.066286,-0.158508,-0.010582,-0.388325,0.515484,4.553920
0.089227,-0.073267,0.004452,0.588098,0.533396,6.434478
0.105259,0.004931,-0.025743,0.050661,0.485184,7.579970
0.135483,0.097450,-0.020432,0.006217,0.929216,7.700051
0.142209,0.201113,-0.009429,0.092745,-0.065426,8.330958
0.157738,0.286853,-0.004555,0.574112,0.099264,10.760805
0.167691,0.351681,-0.044453,-0.119116,0.230900,13.362889
0.170943,0.390319,-0.005566,1.138149,0.320917,15.913712
0.185649,0.408487,-0.025888,1.873944,0.470872,17.157585
0.236802,0.449019,-0.078475,1.891282,6.512780,17.480889
0.199284,0.438190,-0.036966,1.493686,0.286793,14.178693
0.213717,0.426708,-0.034895,3.145462,1.204100,11.702017
0.241283,0.451733,-0.039569,2.767663,1.035767,11.603915
0.261033,0.457767,-0.030929,2.508682,0.839260,11.188589
0.250031,0.444259,-0.016874,2.906641,0.966698,12.427558
0.270805,0.460918,-0.020458,1.664045,1.121428,13.918209
0.282228,0.448385,-0.057868,0.910062,1.495265,14.129507
0.281460,0.386636,-0.018010,2.048593,1.406127,13.006972
0.287224,0.378617,-0.018377,0.711340,1.117132,11.271833
0.286814,0.383675,-0.054904,-0.355409,1.115041,8.288375
0.272551,0.319924,-0.046091,-0.277054,0.545009,4.952292
0.288048,0.267283,-0.018545,-0.224470,0.104040,3.836539
0.299727,0.202419,-0.023626,-0.741496,1.332063,2.634409
0.313533,0.140860,-0.036562,-1.313819,1.317295,2.097229
0.319553,0.097171,-0.028110,-0.661467,2.658742,1.234250
0.299674,0.046211,-0.008349,-1.572701,0.841955,-1.084586
0.318276,-0.007765,-0.055676,-2.959722,1.032967,-3.910292
0.328271,-0.043567,-0.036569,-2.136375,1.787258,-5.252428
0.292571,-0.097140,-0.014973,-1.269992,1.572738,-6.452902
0.304916,-0.084099,-0.036382,-2.539248,1.438272,-4.840249
0.266187,-0.139086,-0.033618,-2.820238,1.395634,-6.200538
0.238319,-0.174894,-0.019149,-1.773261,0.788081,-6.951580
0.224014,-0.209077,0.002272,-1.113560,0.996899,-7.933039
0.194144,-0.265056,-0.020120,-1.526786,0.481383,-10.130570
0.193349,-0.291779,-0.021522,-0.443546,2.566460,-12.505565
0.179320,-0.329783,-0.004778,0.639974,1.496388,-14.636672
0.178877,-0.332730,0.010262,0.646000,0.883261,-15.311968
0.171291,-0.331306,-0.017567,0.467272,1.870356,-15.072941
0.162544,-0.340365,-0.002136,1.824865,1.550144,-13.384031
0.146456,-0.335080,0.016174,1.251604,1.138566,-10.291029
0.136235,-0.299407,-0.007785,0.794239,1.690085,-8.910846
0.105643,-0.264856,-0.012492,0.678286,0.959184,-9.180315
0.054473,-0.246862,0.010154,1.750639,1.138862,-10.012989
0.043142,-0.199926,-0.003698,0.603283,-0.115795,-9.125940
0.029595,-0.179857,0.010699,0.223656,-0.236135,-9.386940
0.015264,-0.156407,0.003884,0.505945,0.566122,-8.189937
0.006608,-0.102657,-0.001817,0.741368,0.163081,-6.772998
-0.000758,-0.061857,0.002161,-0.403563,0.217314,-5.260982
0.000457,-0.041273,-0.000104,-0.770752,0.304567,-5.514859
-0.002862,-0.006173,-0.003482,-0.764217,0.676848,-5.600715
-0.020311,0.061396,0.024928,-0.718618,0.001287,-5.578865
-0.036549,0.131620,-0.009223,-1.930136,-0.167418,-4.410908
-0.059159,0.208262,-0.013293,-2.241856,0.353745,-2.841631
-0.115883,0.239996,0.019128,-2.068097,-1.229585,-0.603213
-0.121889,0.297439,0.021770,-2.434755,-1.472108,2.571565
-0.139240,0.357383,-0.015571,-2.823094,-1.132579,4.908037
-0.177353,0.389837,-0.017560,-2.425683,-0.074072,4.440702
-0.189360,0.425802,0.023710,-1.992046,-1.541866,2.882718
-0.199824,0.468510,0.006917,-1.182242,-1.570082,1.430626
-0.225746,0.485040,0.005578,-1.417623,-1.402855,0.393105
-0.218446,0.522063,-0.009800,-1.258083,-0.021996,0.967115
-0.237851,0.537615,0.024557,-0.327899,-0.835122,1.832950
-0.262440,0.556657,0.042591,-0.390154,-4.784554,3.902058
-0.266035,0.598787,-0.010454,-0.534903,-0.571443,5.051255
-0.286934,0.625276,-0.009479,-0.803600,-0.296165,4.973008
-0.293344,0.616945,0.002584,-0.090832,-0.679130,4.885258
-0.304436,0.634575,0.017752,0.228622,-1.357551,4.232742
-0.366933,0.647344,0.081087,-1.349171,-10.976129,4.093445
-0.347905,0.655773,0.006208,-1.154181,-1.708168,5.719443
-0.361340,0.643983,-0.004870,-0.760873,-0.748958,7.367054
-0.354624,0.627354,0.040408,-0.269308,-2.353975,9.131040
-0.325391,0.584131,0.028227,-0.581806,-1.774401,10.354977
-0.324426,0.564705,0.018576,-1.560596,-2.269192,9.859372
-0.361924,0.496352,0.021714,-1.162814,-1.936419,6.722923
-0.344091,0.471468,0.028237,-0.842540,-1.897456,5.158559
-0.328486,0.438640,0.032474,-0.674370,-1.863756,3.996638
-0.331365,0.392883,0.020795,-1.648634,-1.871719,5.521811
-0.325837,0.347854,0.026796,-1.504460,-1.212165,7.148936
-0.325164,0.292138,0.044882,-0.915196,-1.313619,9.411877
-0.323832,0.238509,0.047183,-1.181192,-1.462028,10.595410
-0.298426,0.187041,0.030042,-1.267543,-0.917192,10.113184
-0.301462,0.094069,0.051335,0.158161,-1.247258,8.407771
-0.308486,0.003168,0.055606,0.243304,-1.859642,7.614196
-0.271582,-0.085484,0.029467,0.159504,-0.521021,6.453235
-0.270571,-0.183146,0.045601,1.436096,-1.318729,5.181071
-0.251926,-0.286392,0.043034,2.699225,-1.807918,6.041912
-0.249140,-0.381041,0.017447,2.685087,-1.260203,6.564392
-0.256978,-0.481865,0.068118,3.618120,-1.386761,4.727192
-0.213637,-0.571728,0.062371,4.475464,-1.688781,3.783876
-0.172048,-0.670536,0.057102,4.476652,-0.728297,2.240248
-0.174408,-0.767329,0.044081,4.936640,0.155893,-0.164151
-0.167312,-0.874175,0.058458,5.839983,0.747704,-2.440607
-0.135462,-0.948687,0.087169,5.931534,0.070491,-3.383007
-0.089485,-1.023086,0.085154,5.688436,-0.221561,-3.598025
-0.076526,-1.118878,0.051696,5.157699,1.104666,-4.664341
-0.071875,-1.199711,0.040930,6.113840,1.023744,-6.818280
-0.060051,-1.276409,0.082919,5.528848,-0.506076,-7.650213
-0.022530,-1.333294,0.080303,4.586739,-0.205024,-7.848727
-0.017271,-1.403019,0.070308,4.464964,0.805800,-9.561126
-0.021466,-1.477038,0.091305,4.882526,-0.642570,-10.145537
0.001461,-1.509922,0.065555,3.799712,-0.193181,-8.963868
0.033511,-1.550598,0.051791,3.486223,1.587427,-10.733906
0.028512,-1.603757,0.070724,3.264248,0.654190,-12.358877
0.043710,-1.611756,0.120874,2.681369,-4.232290,-14.420590
0.068889,-1.606957,0.052550,2.349899,1.130515,-15.645567
0.098080,-1.610066,0.055281,2.575629,2.290739,-16.285018
0.124989,-1.601216,0.071003,2.727067,1.659831,-15.856879
0.137331,-1.583061,0.101753,2.002899,-0.275879,-14.033612
0.166607,-1.551185,0.048420,1.708852,2.841830,-11.446061
0.179573,-1.517241,0.069786,2.872535,2.681608,-10.689315
0.200591,-1.486895,0.079594,2.818342,2.201246,-9.780752
0.229361,-1.417255,0.056511,2.440605,1.402849,-10.072550
0.237731,-1.369138,0.060792,3.137477,1.889067,-11.222557
0.236944,-1.309565,0.072323,4.139198,1.219131,-10.092902
0.236212,-1.214991,0.055799,3.733718,0.591010,-7.210889
0.233812,-1.146818,0.052520,3.795389,0.427439,-5.731901
0.263866,-1.073761,0.046943,4.945562,0.863869,-2.191807
0.286213,-0.964147,0.024560,4.988282,1.187997,0.070161
0.277718,-0.856966,0.042555,4.050812,1.402596,0.651808
0.267158,-0.775019,0.052261,4.957628,1.497925,0.409701
0.311248,-0.651432,0.053577,4.332179,1.927326,1.218684
0.319792,-0.554137,0.038340,3.542332,1.345481,2.354032
0.320334,-0.479826,0.034795,4.115452,2.676924,3.855117
0.319589,-0.386605,0.048506,4.051619,1.893701,6.327646
0.316155,-0.297011,0.061793,3.589271,2.268208,8.052724
0.324056,-0.209727,0.026986,2.828773,2.606834,9.502068
0.319553,-0.148169,0.042079,3.709073,2.557394,8.658697
0.307237,-0.076024,0.033590,2.950669,1.569419,9.156202
0.308363,0.018596,0.017050,1.554346,0.984830,8.735478
0.304883,0.075733,0.029024,1.330349,1.186158,9.058052
0.286922,0.127757,0.043418,1.599624,-0.636619,9.530447
0.314324,0.202882,0.014746,0.355301,0.356653,11.660624
0.305537,0.239304,0.009061,-0.012923,1.387766,11.916043
0.283239,0.252161,0.024888,0.508699,0.405440,11.684286
0.279070,0.296950,0.023858,0.139776,0.092108,11.361297
0.279618,0.329164,0.010787,-0.778614,0.232186,10.286741
0.262425,0.309256,0.014697,0.552608,1.183890,8.465138
0.251215,0.318814,0.023146,0.067044,-0.800859,8.625961
0.235519,0.313832,0.018658,-0.328001,0.522246,8.655174
0.228252,0.293740,-0.000268,0.509471,2.767712,8.858144
0.218161,0.275069,0.024255,1.399192,1.555265,8.435051
0.178848,0.233208,0.049379,1.024826,0.028426,6.904843
0.162616,0.206762,0.026950,0.574030,1.411983,5.434373
0.135641,0.151633,0.048522,2.124085,1.170882,3.125473
0.132611,0.119616,0.026208,1.890579,0.873581,2.368579
0.113842,0.091000,0.021058,1.263273,0.190454,1.202335
0.089539,0.028515,0.035310,2.238344,0.068734,0.548532
0.079449,-0.000902,0.036311,2.267170,-0.023814,0.656981
0.056682,-0.059470,0.016771,1.438243,1.611628,-0.000347
0.053593,-0.103908,0.031296,1.233183,-0.190585,-0.963286
0.042492,-0.166869,0.068230,1.359573,-0.650264,-2.489344
0.042748,-0.207078,0.037060,0.557897,0.369386,-2.667062
0.025361,-0.257457,0.028004,0.607399,1.336044,-3.848070
-0.005642,-0.331614,0.063802,1.368482,0.440779,-4.334186
0.010239,-0.347226,0.043726,0.293427,-0.188290,-2.762511
-0.018404,-0.399285,0.048430,-0.283126,-0.278052,-3.326250
-0.029764,-0.435979,0.027252,-0.282329,1.146697,-3.444516
-0.041453,-0.475910,0.063372,0.205117,-0.077974,-4.068836
-0.048921,-0.513970,0.052152,-0.105681,-0.036592,-4.317891
-0.068970,-0.540371,0.018215,0.031000,0.189197,-5.622979
-0.108087,-0.609401,0.081891,1.380981,-0.106167,-6.882375
-0.102832,-0.621309,0.058885,1.127433,-0.359450,-5.915438
-0.120534,-0.663114,0.055153,1.494472,-0.433649,-6.731160
-0.155492,-0.725842,0.082459,2.467829,-0.629138,-7.007942
-0.145231,-0.752476,0.089658,2.972701,-0.966583,-7.111617
-0.165191,-0.779556,0.054575,2.964390,-0.513202,-7.287139
-0.182253,-0.818709,0.064206,4.549076,-0.002258,-8.088474
-0.187456,-0.835085,0.077545,4.719313,-2.284226,-8.847896
-0.197100,-0.868474,0.066937,4.438257,-0.391844,-8.433071
-0.211543,-0.889977,0.054585,4.928959,0.753211,-9.054703
-0.247738,-0.904236,0.082026,5.616229,-0.561280,-8.816825
-0.251730,-0.904938,0.089992,4.772183,-2.087719,-8.288109
-0.253171,-0.888864,0.052553,4.242056,-0.101549,-8.788682
-0.281761,-0.899926,0.075986,4.754011,0.039301,-9.013936
-0.287370,-0.879027,0.079978,4.090188,-1.092274,-7.700219
-0.296492,-0.872675,0.066930,3.112812,-0.431647,-8.760667
-0.278465,-0.855124,0.055947,2.597975,0.757236,-8.766677
-0.280556,-0.831244,0.073741,2.357119,-0.707667,-9.299132
-0.294457,-0.804637,0.057726,1.266057,-0.730388,-8.852222
-0.304669,-0.755784,0.050203,0.290618,-0.915866,-9.532790
-0.304186,-0.729003,0.066845,0.071092,-1.186982,-8.794655
-0.285181,-0.657882,0.048693,-0.894090,-0.873499,-7.064557
-0.275990,-0.577124,0.022565,-1.526455,-1.091942,-6.175972
-0.287311,-0.526857,0.048532,-2.422918,-1.351235,-5.175367
-0.278416,-0.460519,0.053869,-2.301711,-2.334250,-2.637598
-0.253400,-0.354253,0.008322,-3.108213,-0.365700,-0.942173
-0.255120,-0.297506,0.023109,-3.528315,-0.425305,-0.546157
-0.231868,-0.219634,0.022394,-2.362965,-0.457956,0.128019
-0.232156,-0.126780,0.018491,-2.771080,-1.929585,1.904737
-0.233804,-0.041647,-0.001653,-2.690109,-0.786590,2.932406
-0.214782,0.038789,-0.000281,-1.283328,0.021822,3.805107
-0.196007,0.119908,0.024862,-0.960491,-1.691161,6.958503
-0.187738,0.191987,0.008962,-0.846849,-3.113705,9.037409
-0.191539,0.267802,-0.007726,0.195121,-0.733320,10.493833
-0.183724,0.299231,0.004219,2.039362,-0.814084,12.200225
-0.157753,0.381978,-0.019306,1.935857,-1.314492,13.704297
-0.142523,0.421716,-0.001739,2.599320,-0.933519,13.759061
-0.129862,0.433765,0.021245,3.468739,-1.968757,13.737761
-0.116057,0.489738,-0.007030,3.710123,-0.831120,14.748118
-0.128287,0.484121,-0.020127,4.046845,-0.463339,14.274210
-0.083570,0.501423,0.008056,4.432017,-0.694479,15.233683
-0.058266,0.500425,0.007826,3.823416,-0.388172,16.256338
-0.053257,0.476568,-0.027201,3.290664,0.186518,16.321153
-0.053520,0.472045,-0.003360,3.938371,-0.016160,14.912829
-0.033208,0.440251,-0.008100,3.435908,-0.651554,14.536918
0.009937,0.415679,-0.020439,2.185024,-0.592681,13.318734
0.019528,0.353474,-0.010299,1.205554,1.024639,11.698730
0.038609,0.311547,-0.010398,1.298395,0.094403,12.024217
0.017007,0.244657,0.030935,-0.401935,-4.064112,12.205455
0.066444,0.176310,-0.026485,-0.794622,1.009570,10.515482
0.106102,0.120735,-0.007608,-1.214745,0.773073,7.737237
0.115319,0.016922,0.010190,-1.407408,0.906682,5.472769
0.134085,-0.028872,-0.029163,-3.127517,0.707713,3.647511
0.117765,-0.122168,-0.008885,-2.895868,0.746407,0.276007
0.143870,-0.208273,0.006195,-2.517393,-0.197961,-1.677421
0.183752,-0.241377,-0.017425,-2.708861,0.602226,-2.758576
0.174341,-0.322709,-0.000206,-2.733397,1.199147,-5.110125
0.201523,-0.388486,-0.001719,-1.594864,1.380036,-5.528359
0.201424,-0.447488,0.010026,-1.865137,-0.385755,-6.669193
0.220626,-0.503581,-0.004519,-1.609806,1.154384,-8.841911
0.266006,-0.544579,-0.005277,0.158437,1.920817,-12.067979
0.267480,-0.586184,0.021048,-0.000430,1.684462,-12.935882
0.279461,-0.618178,-0.006744,0.664369,1.492377,-13.056540
0.276799,-0.655230,0.014224,1.426496,1.794818,-13.791849
0.297698,-0.671235,0.005657,2.478156,1.483088,-13.169593
0.329531,-0.658325,-0.022027,1.918553,2.162828,-13.336203
0.294921,-0.685323,0.030846,2.513157,0.252899,-15.409040
0.319257,-0.674403,0.021350,3.142433,1.635564,-14.239024
0.316756,-0.657872,0.028621,2.717124,-0.787605,-13.877930
0.310834,-0.648189,0.008844,2.465381,1.619722,-14.272827
0.335676,-0.592233,0.029087,2.999978,1.553824,-13.073503
0.334163,-0.555047,0.017431,2.141742,1.091220,-11.592890
0.314544,-0.540571,-0.002408,1.812159,1.429374,-11.335997
0.314895,-0.486358,0.024242,1.563613,1.255927,-10.384100
0.306925,-0.449391,0.024570,1.184471,1.697621,-10.020239
0.324397,-0.371657,-0.030204,0.207585,2.401442,-9.118705
0.287614,-0.306297,0.017795,-0.211205,-0.055358,-8.715143
0.290739,-0.242059,0.015425,-0.134576,1.663812,-5.778845
0.280482,-0.176693,-0.000370,-0.840186,1.870914,-4.172059
0.246151,-0.129478,-0.005730,-2.028333,1.278887,-3.453810
0.246863,-0.046016,0.011109,-1.794788,1.567193,-2.838462
0.234583,0.037969,0.001429,-2.194999,0.963527,-1.875205
0.213254,0.099222,-0.006078,-2.537485,0.098476,-1.241075
0.200968,0.157745,-0.019047,-2.898133,0.948769,-1.357619
0.182251,0.234239,0.004984,-1.801090,0.700062,-0.139924
0.168498,0.308698,-0.005904,-2.044046,0.471407,1.673826
0.149004,0.399444,-0.024696,-2.311207,-0.484245,2.300393
0.123689,0.458902,-0.007972,-1.823132,0.406513,2.489647
0.116222,0.523304,0.000329,-1.002181,0.603095,3.313181
0.118562,0.617201,-0.018824,-1.900502,0.066525,4.615924
0.092775,0.677490,-0.028907,-1.671828,0.038933,4.814681
0.075825,0.725722,-0.029823,-1.058662,0.506969,4.616060
0.055730,0.800824,-0.021190,-0.964522,-1.064781,5.432703
0.036373,0.850038,-0.006515,-1.854834,-1.107072,6.425653
0.041783,0.887927,-0.053079,-1.449840,1.788518,6.997572
0.007731,0.929991,-0.016542,-0.763981,-0.599377,7.164765
-0.003285,0.976727,-0.011310,-1.311804,-0.527022,7.606183
0.007087,1.015069,-0.023173,-2.006775,0.157317,7.206221
-0.018788,1.027749,-0.015929,-1.643842,-0.412537,7.411245
-0.037685,1.011370,0.001334,-1.385081,-1.025569,8.111642
-0.032351,1.030661,-0.018046,-2.253397,-1.166100,9.797913
-0.039392,1.031859,-0.034110,-2.169144,0.737101,9.730672
-0.066167,0.989079,-0.019680,-2.008130,-0.631144,9.454934
-0.072975,0.976527,-0.010408,-1.695659,-1.394636,9.319563
-0.100846,0.956051,-0.008290,-2.897881,-1.496490,9.567939
-0.095413,0.919238,-0.031940,-2.790345,-0.372153,9.560833
-0.111389,0.854577,-0.009328,-2.598851,-1.528435,9.796502
-0.134419,0.796823,0.004665,-2.293292,-1.208965,10.406311
-0.145205,0.735136,-0.020104,-2.576737,-0.830411,9.188386
-0.169797,0.649986,-0.005792,-1.747793,-0.931507,8.936121
-0.181522,0.568680,-0.007447,-1.231965,-0.836986,10.438586
-0.185355,0.499847,-0.018824,-1.441138,-0.649562,9.832041
-0.228290,0.396323,0.006244,-1.074831,-1.018498,7.872278
-0.224344,0.311265,0.023316,-0.171914,-1.021567,7.255433
-0.248877,0.212897,0.011030,-0.377369,-1.765420,6.312698
-0.263661,0.103890,0.009740,0.468686,-0.844791,5.011668
-0.240648,0.012382,0.036879,1.094296,-0.831396,4.173797
-0.238153,-0.089071,0.000546,1.019686,-0.060131,2.660334
-0.275987,-0.205575,0.016292,1.835697,-0.614925,0.950187
-0.292826,-0.311585,0.029300,2.562458,-1.011542,-0.109409
-0.276052,-0.400775,0.037066,2.491197,-0.838840,-1.384485
-0.275544,-0.495979,0.010692,2.509388,-0.546217,-2.897971
-0.260628,-0.573441,0.002643,2.783711,1.387195,-5.700966
-0.278117,-0.665648,0.057194,2.410836,-1.824350,-7.260787
-0.289071,-0.741538,0.035645,1.460912,-0.957668,-8.538503
-0.251096,-0.801446,0.016170,1.792609,0.764959,-9.849951
-0.237464,-0.856529,0.030482,1.960748,-0.460286,-11.036864
-0.224843,-0.897884,0.009628,0.776340,-0.323093,-11.393231
-0.227115,-0.936890,-0.002172,0.028006,-0.072299,-12.160780
