-0.004983,1.042699,-0.149617,-4.533538,0.325488,-0.841395
-0.019669,0.963530,-0.161775,-5.384989,-0.544210,-1.234095
-0.043834,0.891907,-0.168406,-5.870235,-0.150022,-2.437063
-0.079501,0.800537,-0.122931,-5.108099,-3.377860,-3.315371
-0.070057,0.741079,-0.153310,-5.728651,-1.994319,-3.637272
-0.075004,0.675272,-0.143489,-5.930163,-0.989200,-5.533172
-0.099973,0.582195,-0.162872,-5.305567,-0.668089,-7.433884
-0.124887,0.521329,-0.156632,-4.618451,-1.408197,-9.138871
-0.133448,0.477344,-0.146348,-5.314358,-1.127581,-9.820135
-0.132191,0.417558,-0.149332,-5.148867,-0.311672,-11.881906
-0.152598,0.371407,-0.106036,-3.976951,-2.741691,-13.386185
-0.168501,0.331982,-0.098077,-3.988246,-1.051064,-13.433676
-0.151774,0.308621,-0.122025,-4.012979,0.948200,-13.332809
-0.160787,0.285988,-0.094804,-3.349086,0.355221,-14.443245
-0.160232,0.278350,-0.089572,-2.773366,0.414666,-13.847338
-0.159497,0.296374,-0.103755,-3.414433,0.538732,-14.019689
-0.167277,0.275425,-0.086654,-2.756721,0.782102,-13.652178
-0.165701,0.290646,-0.073196,-2.206446,-0.172129,-11.727677
-0.151140,0.287255,-0.059104,-2.643779,-0.428619,-9.741788
-0.124401,0.322541,-0.095260,-2.832726,-0.067373,-8.329223
-0.120663,0.333419,-0.078096,-2.017713,-0.122124,-8.661242
-0.120505,0.349260,-0.043916,-2.070606,-1.712495,-7.367892
-0.081533,0.388161,-0.062794,-2.406373,-1.166265,-6.152792
-0.082012,0.417236,-0.071390,-2.514631,-0.808597,-4.960630
-0.034108,0.441330,-0.045472,-2.093809,-0.794181,-2.771479
-0.012825,0.496310,-0.044632,-2.557165,-0.892601,0.436527
-0.039475,0.520144,-0.063887,-2.732165,-0.676584,2.559280
-0.023975,0.550582,-0.032549,-1.934355,-0.965209,3.771438
-0.027888,0.578572,-0.014719,-2.398768,-2.147979,5.912209
-0.015913,0.608862,-0.048279,-2.561911,-0.518485,6.561960
-0.023581,0.633424,-0.026119,-1.676697,-0.028647,6.251001
-0.056511,0.630293,-0.030301,-1.613047,-0.924185,7.427299
-0.058044,0.657038,-0.030258,-1.811960,-1.290958,9.321489
-0.074676,0.648481,-0.029237,-1.521490,-0.331948,10.161452
-0.095516,0.634852,-0.014972,-0.298546,-1.026229,11.592353
-0.102681,0.644476,-0.037604,-0.693265,-1.123307,12.123566
-0.134137,0.612075,-0.014355,-0.572242,-0.697253,11.146666
-0.136664,0.615223,-0.025794,0.347208,-0.923364,11.255574
-0.153523,0.605501,-0.028200,-0.471963,-0.805489,10.548448
-0.142711,0.559405,-0.020723,0.727735,0.090046,10.180894
-0.150283,0.544864,-0.018349,0.821104,-0.695405,10.310908
-0.177967,0.498542,0.032259,-0.282941,-4.442371,10.509513
-0.152867,0.456521,-0.007632,0.060839,-0.039971,10.368592
-0.146745,0.397604,0.006873,1.343776,-0.345793,9.455717
-0.133139,0.337529,-0.013984,0.703809,-0.819058,8.734562
-0.114800,0.278409,-0.036127,0.413094,0.032022,6.701292
-0.094049,0.200346,0.008947,1.513574,0.429637,4.956461
-0.074252,0.132767,-0.001002,0.549272,-0.142469,4.881218
-0.055641,0.082670,-0.023641,0.294086,-0.219038,3.092707
-0.041625,-0.006051,0.002015,0.727023,-0.418003,2.360760
0.007336,-0.065420,-0.023522,0.411101,0.373987,1.547895
-0.007487,-0.146529,-0.000647,0.003991,-0.319651,-1.316807
0.017449,-0.208544,0.004572,0.147046,-0.436053,-1.960847
0.031334,-0.271872,0.004588,-0.238030,-0.780683,-3.278601
0.060830,-0.314088,-0.044720,-0.934032,1.951704,-4.876819
0.056077,-0.361063,-0.003293,-0.563329,-0.356621,-6.945185
0.058998,-0.415929,-0.002039,-0.801841,-1.090486,-6.788740
0.057695,-0.450263,-0.049529,-1.256036,0.572791,-6.496800
0.040252,-0.499979,0.006620,-0.895420,0.560768,-6.733093
0.081306,-0.516808,-0.003240,-1.272782,-0.439926,-7.000089
0.059192,-0.537274,-0.012874,-1.727151,-0.080519,-7.393699
0.075762,-0.561627,-0.018257,-0.690544,1.621205,-8.145328
0.075696,-0.539595,-0.015211,-0.789539,0.783934,-7.576429
0.083692,-0.545618,-0.047977,-0.957393,2.684991,-6.995575
0.089446,-0.537918,-0.027760,-0.442083,1.931819,-6.476441
0.091206,-0.526180,-0.011456,0.053730,1.086746,-5.395032
0.103302,-0.486255,-0.044487,-0.101950,2.376681,-4.000163
0.088849,-0.467900,-0.028407,0.106167,1.824730,-4.307541
0.122025,-0.435768,-0.039971,1.648748,1.577802,-4.046832
0.112909,-0.389006,-0.015047,0.831937,0.095052,-3.141064
0.137964,-0.361221,-0.047530,0.960283,0.573421,-4.337663
0.127290,-0.312023,-0.036403,2.293321,1.022337,-3.502523
0.128478,-0.275552,-0.017706,1.946042,0.205286,-1.603980
0.145185,-0.208718,-0.032398,1.649224,1.159241,-0.033865
0.131340,-0.167356,-0.030199,2.195399,0.168323,-0.827990
0.121430,-0.127005,-0.027087,2.288502,0.113775,-0.063747
0.129988,-0.045906,-0.058254,1.629181,0.243139,-0.771248
0.100134,-0.003290,-0.042570,1.630757,0.030627,-1.659398
0.111360,0.051179,-0.032526,1.958436,-0.580907,-1.209655
0.113303,0.127532,-0.064970,0.937503,1.084546,-0.041223
0.081861,0.190876,-0.065331,-0.122452,0.604027,0.038162
0.074193,0.232021,-0.048879,0.097159,1.094384,0.161220
0.058742,0.297427,-0.058293,-0.348018,0.563039,0.991653
0.057262,0.349277,-0.056820,-1.566049,0.194670,0.480872
0.052109,0.391656,-0.080693,-1.691763,1.206705,0.271248
0.047159,0.441999,-0.067231,-1.686590,0.617271,-0.401127
0.048646,0.491856,-0.062902,-2.238506,0.772915,0.791950
0.020548,0.521300,-0.093497,-2.809824,0.369162,1.616098
0.031567,0.554836,-0.080890,-2.019587,0.320772,2.447349
0.026322,0.569354,-0.039820,-2.811249,-2.427003,3.554673
0.030658,0.609210,-0.071289,-2.591453,-0.045246,3.812961
0.039990,0.637852,-0.095677,-2.856973,0.455736,2.404168
0.029909,0.618263,-0.061175,-1.883376,-0.468152,1.132400
0.040741,0.648721,-0.064655,-1.702950,-1.255199,1.416774
0.059264,0.684437,-0.070593,-2.540989,-0.687170,1.441914
0.085255,0.684046,-0.063069,-1.833660,0.588652,1.552752
0.075368,0.692554,-0.050438,-1.287150,-0.272929,1.425072
0.086295,0.713733,-0.061907,-1.932547,0.325774,2.030052
0.124112,0.716290,-0.064271,-1.768641,1.857422,2.155077
0.120327,0.717822,-0.029723,-1.556054,0.055019,2.223375
0.143984,0.711809,-0.040388,-1.173686,0.596050,2.646245
0.153332,0.723133,-0.068958,-1.994686,1.543329,3.099149
0.126571,0.683747,-0.041842,-1.654984,0.507769,2.781459
0.146426,0.674488,-0.017197,-1.018752,-0.535692,3.014768
0.168638,0.664082,-0.033353,-1.655105,-0.111453,3.849733
0.150316,0.627024,-0.045390,-1.592187,-0.664445,2.695601
0.111947,0.610267,-0.030878,-0.908501,-0.771834,0.528955
0.061119,0.595348,-0.017443,-2.003106,-1.753237,-0.864553
0.041070,0.583886,-0.046995,-2.253648,-0.840785,-2.953714
-0.015467,0.588439,-0.013833,-2.339109,-2.240315,-3.543953
-0.060423,0.591078,-0.008712,-3.538355,-2.451999,-1.844314
-0.113221,0.588471,-0.022255,-4.051049,-1.461008,-0.481200
-0.160442,0.591166,-0.016396,-4.188898,-1.825611,0.939292
-0.208258,0.596028,0.003640,-4.574673,-1.042710,3.145477
-0.217028,0.599333,-0.033498,-5.341444,1.276204,3.766209
-0.244568,0.577610,0.011688,-5.114059,0.026570,3.132662
-0.296713,0.555972,0.030539,-4.329005,0.590979,2.345329
-0.304870,0.573576,-0.005640,-4.350591,1.586431,1.424093
-0.299657,0.555440,-0.010458,-4.558970,1.479151,0.565929
-0.291638,0.539717,-0.000696,-3.892878,1.165747,-0.392986
-0.276217,0.530632,0.019957,-2.192250,0.859991,0.583838
-0.261712,0.511331,0.023042,-2.115841,-0.289095,2.602568
-0.241627,0.484425,0.007831,-1.616362,-0.621688,2.341723
-0.274622,0.454843,0.101223,-0.998883,-12.665956,1.625821
-0.160593,0.452165,0.025304,0.181245,-2.260108,2.032871
-0.145740,0.432126,0.016766,0.728480,-3.495680,0.977058
-0.155036,0.367432,0.017045,1.806679,-2.743555,0.898910
-0.127323,0.322682,0.031481,3.053589,-4.799822,1.074788
-0.114981,0.268256,0.029433,2.684938,-2.861490,1.470631
-0.080141,0.226665,-0.002206,3.266658,-2.141861,1.269064
-0.077879,0.152954,0.046715,3.761601,-2.018330,0.335296
-0.057462,0.100248,-0.000739,2.533798,-0.747468,0.776319
-0.059166,0.064653,0.024647,2.832540,-0.090409,-1.019812
-0.069000,-0.000264,0.042747,2.469837,-0.843443,-1.859771
-0.062491,-0.020352,0.009640,1.059741,1.103528,-2.065553
-0.092749,-0.058816,0.029151,0.677084,2.000714,-2.293903
-0.131865,-0.114913,0.051327,0.060652,0.654891,-1.293872
-0.126489,-0.142938,0.044801,-0.751272,0.858508,0.768170
-0.162432,-0.179964,0.016907,-1.926309,0.444382,0.359440
-0.179182,-0.234259,0.033917,-1.493914,0.415681,-0.420552
-0.176533,-0.283755,0.031882,-1.819404,0.420447,-1.010675
-0.204503,-0.353133,0.024506,-2.549835,-1.492955,-1.913237
-0.206085,-0.421887,0.017367,-1.349116,-0.721986,-2.503580
-0.202615,-0.450007,0.010694,-1.230396,-2.033215,-1.917572
-0.218391,-0.488970,0.032043,-1.620058,-2.863833,-2.463695
-0.225106,-0.543107,0.024483,-0.525919,-1.423666,-2.241194
-0.235919,-0.560586,0.015959,0.469536,-1.604105,-1.681351
-0.254245,-0.569767,0.046495,-0.249377,-2.387160,-1.927124
-0.243816,-0.592511,0.021467,1.149066,-0.412268,-3.179972
-0.237777,-0.571011,0.022074,1.691870,-0.490722,-3.517837
-0.230266,-0.580648,0.048642,1.414527,-0.127343,-4.566129
-0.215318,-0.618885,0.057459,3.080348,2.063678,-4.325710
-0.198995,-0.623796,0.031370,3.786604,1.575931,-4.096441
-0.149607,-0.624278,0.075542,3.596987,-1.307068,-3.533469
-0.096077,-0.637195,0.014741,4.196790,3.003148,-3.514673
-0.053704,-0.630397,0.051317,5.452044,2.445041,-4.437681
-0.028396,-0.650486,0.080317,4.760775,0.074369,-4.264561
0.040558,-0.631053,0.027073,4.231784,1.911478,-3.533521
0.116044,-0.608995,0.034521,4.985593,2.421533,-3.702135
0.110270,-0.607922,0.065051,4.386781,-1.345505,-1.620878
0.163134,-0.559119,0.045681,3.366143,-0.704399,0.238598
0.217993,-0.555807,0.030142,3.168104,-0.314714,1.187355
0.216283,-0.555255,0.060990,3.186196,-1.456977,3.089069
0.259451,-0.519661,0.055368,1.514579,-1.009298,4.528603
0.276437,-0.509134,0.018742,1.651049,0.266185,3.825610
0.242231,-0.502956,0.047171,1.406347,-1.849812,3.742682
0.288155,-0.506501,0.034088,0.851352,0.664926,3.006901
0.269898,-0.504739,0.013431,0.278265,0.469762,2.696785
0.228307,-0.530847,0.049377,1.139869,0.905076,3.011311
0.233411,-0.513303,0.036910,0.869724,1.556561,4.385071
0.211222,-0.494202,0.019248,0.514046,1.881319,4.711837
0.144224,-0.516231,0.034747,0.748464,2.727594,4.266688
0.143564,-0.515387,0.042386,1.444587,2.333366,4.603249
0.138178,-0.502999,0.026059,1.717703,2.560537,4.547172
0.078171,-0.493270,0.028662,0.936696,1.662462,4.631562
0.060151,-0.475124,0.039080,2.022221,1.506819,4.286955
0.039724,-0.456149,0.049252,2.444743,0.341186,4.376066
0.029171,-0.468071,0.024703,2.130400,0.882736,4.211937
0.049578,-0.454921,0.006308,2.136010,1.477100,3.254864
0.046079,-0.448038,0.032817,3.002317,0.180891,2.521403
0.033563,-0.446856,0.055512,2.845558,-1.766727,1.626882
0.058752,-0.414819,0.017291,2.460407,0.395224,1.365948
0.087175,-0.389824,0.032919,3.378971,0.609299,1.166632
0.100196,-0.388773,0.055804,2.352372,-0.270582,1.512782
0.136605,-0.364959,0.010795,1.658244,0.828808,1.813496
0.138145,-0.343801,0.015460,2.235251,1.879500,1.118370
0.136950,-0.326469,0.056362,1.903380,0.411105,1.950564
0.165842,-0.292959,0.043997,0.910000,0.972743,1.907275
0.197557,-0.282731,0.007838,1.287381,2.922846,1.876572
0.199621,-0.297643,0.035634,1.730688,1.268852,1.571102
0.246134,-0.273757,0.046948,0.903435,1.247972,1.825488
0.229784,-0.283958,0.016195,0.672082,1.381354,0.998185
0.231727,-0.293727,0.022159,1.827782,2.254305,-0.366272
0.250801,-0.304339,0.044027,1.822990,0.430136,-1.538477
0.267696,-0.320059,0.034235,1.153487,0.142615,-2.261525
0.255144,-0.338358,0.022986,2.056581,1.747930,-3.065664
0.240491,-0.334620,0.038315,2.185112,-0.205357,-3.595180
0.228740,-0.337213,0.042579,1.759406,-0.359707,-3.340178
0.216234,-0.348462,0.029000,1.349049,0.163225,-3.775981
0.198719,-0.337830,0.038095,2.579083,0.026252,-3.395616
0.169764,-0.334140,0.048534,1.012257,-0.906476,-1.845533
0.131127,-0.336714,0.016753,0.789977,0.726662,-1.902038
0.079589,-0.331974,0.042169,1.791840,-1.695781,-2.540995
0.056711,-0.309171,0.040790,0.678650,0.060537,-1.850808
0.048669,-0.308091,0.021283,0.674206,2.204435,-2.440984
-0.003814,-0.311830,0.020984,0.800067,0.786616,-2.767972
-0.022951,-0.286545,0.050552,0.606676,1.221427,-1.718826
-0.049332,-0.287323,0.027428,-0.233119,1.123020,-1.831703
-0.058930,-0.268304,0.040039,-0.010153,1.206939,-2.861240
-0.065856,-0.237006,0.063633,0.186609,-0.080618,-3.094983
-0.071203,-0.205616,0.043160,-0.758999,1.474877,-2.693778
-0.086302,-0.204320,0.040416,-0.350936,1.074230,-3.080462
-0.059074,-0.159800,0.062678,-0.215312,1.024602,-2.233294
-0.034233,-0.120542,0.030464,-0.557818,2.642155,-0.717641
-0.045275,-0.105216,0.043301,-0.488306,0.950258,-0.621620
-0.027254,-0.099538,0.063295,0.320920,-0.478101,-0.263723
-0.004835,-0.049359,0.045146,-0.151141,-1.130732,-0.127124
0.011794,-0.022932,0.039530,-0.115989,-0.748423,-0.918550
-0.006453,-0.021160,0.069062,0.442347,-1.115892,-1.815181
0.028386,0.010792,0.044063,1.060191,-0.661383,-1.410065
0.041634,0.039897,0.028452,0.727919,-1.310150,-0.808965
0.027182,0.035167,0.059005,1.078946,-0.979244,-0.772803
0.014761,0.045484,0.082796,1.648128,-3.565740,-0.248736
0.025321,0.078863,0.034330,1.163259,-0.399142,0.463176
0.007648,0.096312,0.053920,0.925591,-0.429393,-0.564727
-0.011472,0.091408,0.071091,1.622032,-1.295185,-0.543152
-0.005879,0.120074,0.050296,1.187060,0.243162,0.726994
-0.025373,0.115475,0.050011,1.104050,0.291292,0.750992
-0.048810,0.083376,0.075614,1.709217,0.445580,1.956087
-0.050474,0.081371,0.055732,1.327158,0.517889,2.889025
-0.066850,0.058476,0.054124,1.049943,0.255839,2.844568
-0.078398,0.013647,0.066357,2.048346,0.168835,3.108141
-0.074032,-0.008063,0.065694,1.457855,-0.103811,3.861612
-0.096579,-0.046198,0.049696,1.261299,-0.362983,3.756794
-0.105301,-0.097385,0.054353,1.957612,-0.066723,4.165885
-0.107257,-0.138694,0.062852,2.218333,-0.861798,3.875373
-0.129988,-0.181428,0.074649,1.447994,-1.036306,4.134233
-0.129318,-0.234833,0.029459,1.735887,1.145478,4.105276
-0.139497,-0.268459,0.065218,2.183930,-0.986987,3.554145
-0.152420,-0.328606,0.069151,1.803197,-0.444033,2.925847
-0.153228,-0.358283,0.049229,0.988699,-0.773698,3.015651
-0.170923,-0.412752,0.068235,2.058991,-0.255716,2.014875
-0.166741,-0.473237,0.083538,1.828314,-1.337289,2.796238
-0.158883,-0.515042,0.032335,1.414146,0.234250,2.833809
-0.167434,-0.562848,0.065674,2.100228,1.706591,1.741574
-0.165425,-0.631119,0.088156,1.927880,-0.673550,1.812272
-0.154531,-0.655961,0.052423,1.808206,0.396071,1.908927
-0.156251,-0.709336,0.068320,1.540445,1.278841,0.658689
-0.129817,-0.769159,0.082106,2.527808,0.731940,0.269511
-0.102983,-0.802604,0.082162,2.579267,0.468315,0.259750
-0.104204,-0.861996,0.058985,2.829218,2.512469,-0.638873
-0.084431,-0.903089,0.092860,3.240767,0.582104,-1.297497
-0.060892,-0.959061,0.112374,4.066894,-1.403679,-1.651520
-0.029109,-1.008967,0.071744,4.011520,0.243248,-2.746439
-0.010550,-1.067109,0.083803,5.173956,0.757665,-4.965288
0.013133,-1.097603,0.124594,5.096418,-1.047571,-4.072628
0.048715,-1.132413,0.080265,4.719269,0.173165,-3.630512
0.064651,-1.172820,0.076562,5.906586,0.723065,-4.204912
0.079415,-1.228888,0.122802,5.990594,-0.034187,-3.907200
0.104969,-1.241417,0.101151,5.592736,-0.019656,-4.081165
0.103820,-1.271129,0.081260,5.411079,1.559965,-4.520691
0.078733,-1.312619,0.120389,6.104576,0.118256,-5.853443
0.094689,-1.323599,0.116004,5.481527,1.001964,-4.800787
0.095939,-1.333781,0.092052,5.055637,0.875984,-4.353213
0.075893,-1.365214,0.091048,5.374543,1.304647,-4.358370
0.066755,-1.366875,0.110769,4.930402,-0.751334,-3.786497
0.057961,-1.358672,0.096582,4.007814,1.389384,-3.447648
0.054439,-1.369058,0.087516,4.331197,2.682933,-4.085433
0.035391,-1.366688,0.103226,4.285518,-0.147615,-3.850683
0.030678,-1.357733,0.106419,3.063956,1.420196,-3.378071
0.031321,-1.344151,0.095893,3.555071,2.104207,-2.508372
0.022761,-1.337458,0.115197,3.974685,1.593328,-1.712683
0.036970,-1.335603,0.097186,3.926551,1.558429,-0.349578
0.035490,-1.302102,0.069899,3.185813,1.749933,0.380870
0.019353,-1.297963,0.106078,4.196341,1.162531,0.151207
0.058194,-1.265530,0.124709,3.789571,-1.546495,1.437415
0.087211,-1.224752,0.084627,3.675723,1.712044,2.387311
0.093986,-1.220856,0.091488,4.660675,2.350645,2.072029
0.140259,-1.175128,0.108970,5.016038,1.066874,3.042644
0.186423,-1.139274,0.095092,4.948945,2.035617,3.138396
0.187982,-1.132735,0.084381,5.063840,2.291023,2.431096
0.229075,-1.092266,0.116073,6.159042,1.646382,1.391197
0.269222,-1.038083,0.099687,5.802503,0.728031,1.694196
0.271724,-1.005504,0.085323,5.082002,1.603405,0.982346
0.300557,-0.963936,0.091081,5.679126,1.172001,-0.117376
0.307775,-0.924021,0.087893,5.861817,0.707624,1.258573
0.306245,-0.875956,0.070972,5.032424,0.519888,2.725659
0.309665,-0.825564,0.020511,5.241794,1.047901,3.188148
0.287972,-0.791933,0.077521,4.624298,-0.067757,3.994357
0.304656,-0.765210,0.064073,4.416340,0.789173,5.516388
0.309787,-0.722145,0.018805,4.086582,2.571232,5.321006
0.267617,-0.732806,0.051022,3.808550,1.156750,4.062197
0.289170,-0.718741,0.074055,4.023556,-1.041272,2.567063
0.294740,-0.697552,0.027972,3.938541,2.676900,2.628703
0.293975,-0.708949,0.030818,3.847280,3.119658,1.233893
0.296457,-0.701544,0.037308,4.623556,3.188776,0.968275
0.288841,-0.681396,0.037301,3.654463,2.684614,2.066677
0.290601,-0.712681,0.046042,3.850398,2.786044,2.086454
0.284801,-0.710052,0.047992,3.967555,2.354436,2.369059
0.274340,-0.734076,0.038834,4.674749,2.773673,2.887681
0.281689,-0.727265,0.037826,3.874924,1.359319,1.944817
0.271576,-0.769097,0.035670,4.064252,1.084599,0.032508
0.264919,-0.810994,0.047129,5.254989,2.163792,-1.022915
0.256720,-0.815668,0.048626,4.270337,-0.118411,-0.755281
0.249186,-0.835205,0.037639,4.113594,0.380125,-1.767775
0.230788,-0.873485,0.048941,5.004362,0.682809,-2.179685
0.232633,-0.869671,0.073086,4.196088,-0.479562,-2.232684
0.239040,-0.871453,0.042606,3.818854,2.180067,-2.381332
0.198689,-0.890901,0.055584,3.242655,0.898107,-3.293526
0.199687,-0.870094,0.098824,3.218749,1.165196,-4.211070
0.187585,-0.836439,0.079093,1.897919,-0.246262,-4.217343
0.180291,-0.839203,0.068770,1.543766,2.747630,-4.841900
0.173414,-0.830252,0.091862,2.005760,2.944796,-4.834577
0.173319,-0.803168,0.101512,1.301949,1.985412,-3.179164
0.178105,-0.804051,0.084703,0.853040,3.572352,-2.751357
0.166695,-0.781796,0.096992,1.170763,2.591294,-3.771005
0.157711,-0.767715,0.112413,1.203115,1.273116,-4.399451
0.150559,-0.750022,0.093903,0.913591,0.789189,-4.376051
0.137318,-0.731568,0.063183,1.561137,1.056915,-4.799128
0.153277,-0.701029,0.099083,1.855693,0.284531,-3.485108
0.149991,-0.665785,0.067982,1.719954,0.606715,-2.654173
0.126968,-0.646054,0.092055,2.317109,-0.065259,-2.468715
0.120915,-0.610643,0.101499,3.244594,-0.348914,-1.279180
0.096290,-0.600399,0.118226,3.062173,-0.848767,-0.398052
0.097580,-0.571165,0.097974,3.189942,0.330140,-1.391108
0.082498,-0.557711,0.140009,4.879071,-0.316326,-1.510882
0.047812,-0.537602,0.167725,4.340072,-1.296725,-1.096219
0.020857,-0.543862,0.149347,4.432578,0.907590,-1.433024
-0.005761,-0.533145,0.185214,5.890164,0.272783,-1.005293
-0.003214,-0.513371,0.181745,5.477483,0.311181,0.298807
-0.051501,-0.533581,0.184912,5.101758,1.447161,-0.779324
-0.072919,-0.550758,0.215843,6.316149,2.513608,-0.383216
-0.084326,-0.535735,0.210312,5.522052,1.349173,0.713502
-0.106640,-0.529413,0.183872,4.480304,1.220059,0.966155
-0.109679,-0.539283,0.229061,4.462172,0.847128,1.325339
-0.123958,-0.567148,0.268651,4.787350,0.587444,2.042023
-0.127451,-0.552800,0.255416,3.431053,-0.331494,3.185238
-0.135519,-0.571224,0.227019,2.559356,0.655279,3.428368
-0.124713,-0.605867,0.293751,3.238765,-0.197173,3.287772
-0.098509,-0.619184,0.291999,2.251953,-0.363527,4.255219
-0.086814,-0.648434,0.302158,1.801441,0.069846,3.803241
-0.111583,-0.673472,0.278340,1.941221,-0.074423,3.585313
-0.103288,-0.702627,0.317900,2.067289,-0.612776,3.932090
-0.095542,-0.737336,0.351857,2.081945,-1.095035,4.725236
-0.095942,-0.760346,0.302870,1.150541,0.125543,4.140893
-0.116339,-0.795432,0.330787,2.693122,-2.162376,3.248510
-0.100055,-0.820112,0.337720,2.294286,-0.167809,3.725481
-0.123492,-0.864337,0.332231,2.125520,-0.428674,2.729251
-0.115391,-0.900552,0.328916,4.027286,1.003379,1.968970
-0.097173,-0.921435,0.337260,3.750533,0.364741,1.631319
-0.085941,-0.954804,0.313915,3.917938,0.546969,0.885286
-0.109778,-0.990202,0.345145,5.126045,1.193215,-0.785384
-0.095552,-1.015434,0.342886,5.507714,1.019922,-1.089179
-0.038362,-1.056999,0.325279,5.171563,1.000106,-1.061011
-0.068734,-1.085189,0.312527,6.719315,1.770156,-1.621905
-0.063446,-1.110080,0.337539,7.253361,0.591603,-1.839471
-0.003906,-1.142097,0.339669,6.448172,-0.576659,-0.874075
-0.019107,-1.209656,0.294766,6.542050,0.318636,-1.349381
-0.032496,-1.212036,0.297457,8.445854,0.839769,-1.925338
0.005590,-1.233004,0.279913,7.204699,-1.403551,-0.785021
0.007655,-1.307686,0.274424,6.264835,-0.287722,-1.086417
-0.000972,-1.315163,0.267620,7.358996,0.891159,-1.912522
0.059409,-1.338748,0.253568,7.419994,0.030172,-0.502493
0.070185,-1.408815,0.262217,5.899178,1.036751,-0.103564
0.031902,-1.427502,0.225900,6.078333,1.084442,-0.963698
0.062261,-1.432061,0.233863,7.174573,1.970470,-1.417777
0.095279,-1.507833,0.219818,5.458380,0.624983,-0.511057
0.057161,-1.532819,0.205602,4.857211,0.805415,-0.872642
0.024888,-1.552694,0.195574,5.815699,2.321265,-1.434852
0.081424,-1.605177,0.220553,5.981961,1.576857,-0.249768
0.094955,-1.646979,0.181128,4.882371,1.109303,0.541744
0.059025,-1.658828,0.123583,6.072383,2.780704,-1.229918
0.105222,-1.714981,0.183176,6.251049,0.954654,-2.438461
0.111764,-1.769860,0.161558,5.931264,0.974641,-1.795158
0.055713,-1.746647,0.141985,6.160667,0.037774,-3.505993
0.072171,-1.745084,0.127614,6.707515,1.022696,-3.853807
0.113159,-1.792177,0.150141,6.218244,0.068514,-1.724228
0.035703,-1.782895,0.113756,6.471458,-0.813529,0.111541
0.056488,-1.764477,0.071219,7.068071,1.444604,0.282070
0.157400,-1.802832,0.098604,6.721908,0.951756,-0.077758
0.122222,-1.793389,0.095906,7.091695,1.262137,-0.616788
0.086574,-1.745911,0.070273,7.524540,2.369044,-2.973348
0.170628,-1.774505,0.069945,6.961503,2.253138,-3.700016
0.162934,-1.773550,0.091809,7.071481,2.211703,-2.871328
0.121555,-1.700893,0.060475,7.499508,2.551068,-1.931692
0.217947,-1.663729,0.035817,6.975667,4.320785,-0.161946
0.210053,-1.685922,0.058637,6.907317,1.939067,1.354042
0.163429,-1.654147,0.041887,8.048295,2.975346,1.694475
0.222569,-1.605288,0.005655,7.318206,2.323457,-0.046296
0.265044,-1.618169,0.064142,6.319035,1.211354,-1.188216
0.195765,-1.587071,0.050431,7.426766,0.646043,-2.246559
0.190565,-1.494000,0.009837,7.823497,1.012711,-1.210911
0.252935,-1.530199,0.038351,6.659640,0.904801,0.673168
0.208530,-1.544954,0.038050,7.086085,0.234599,2.780415
0.195256,-1.495596,0.045274,8.849335,1.160092,1.723078
0.267132,-1.493587,0.058433,7.026174,-0.150723,1.207763
0.191327,-1.510843,0.072771,6.262583,0.203721,-1.317761
0.136740,-1.470836,0.062714,8.445060,2.490333,-3.797540
0.226616,-1.444222,0.088340,8.097256,1.747156,-3.530059
0.255643,-1.472825,0.100291,6.169182,1.562762,-0.694260
0.159162,-1.462617,0.092984,7.470471,3.851376,0.944863
0.174590,-1.421866,0.130624,8.030334,3.425004,1.683257
0.215151,-1.426162,0.137937,6.081393,1.494326,3.441655
0.138132,-1.422430,0.134737,5.344810,2.131005,0.575391
0.137091,-1.382457,0.152810,7.262502,2.983818,-1.473814
0.196136,-1.368815,0.163258,5.438767,1.042207,-0.638159
0.146476,-1.371759,0.150778,4.654057,2.677258,0.368902
0.103991,-1.336565,0.163655,5.766676,1.746533,0.453558
0.217051,-1.305930,0.190929,4.439494,0.337917,3.389266
0.177262,-1.317678,0.200973,3.552895,-0.135588,4.785024
0.079517,-1.270292,0.203268,4.796886,1.107488,3.510368
0.179366,-1.203679,0.217907,4.446223,0.627205,3.306376
0.258295,-1.212288,0.198029,2.545055,0.916726,3.900213
0.141414,-1.205986,0.222516,3.925241,1.248485,2.628840
0.144221,-1.158427,0.262168,5.130191,1.593443,2.679369
0.181181,-1.168524,0.259729,3.600641,0.108189,3.554656
0.137301,-1.147880,0.268831,3.797131,1.354770,2.910840
0.172771,-1.093887,0.301856,6.337173,1.814220,2.238255
0.235367,-1.115430,0.289294,5.534900,0.949389,3.472336
0.074784,-1.160747,0.300129,5.102044,0.650595,2.147705
0.010005,-1.118939,0.306248,7.522996,1.446501,-0.050665
0.145021,-1.075378,0.309822,7.548314,0.980198,-0.105545
0.173595,-1.119727,0.329494,6.305071,1.624390,1.380055
0.054571,-1.127457,0.326740,8.423540,1.695231,2.145485
0.042363,-1.118749,0.326930,9.168069,0.765691,2.137764
0.068889,-1.175482,0.345483,7.118518,0.117380,0.574310
0.026371,-1.148957,0.327928,7.578161,1.469048,-2.994773
0.108961,-1.108566,0.347442,9.187274,1.396661,-4.090873
0.139061,-1.193483,0.342420,6.627275,-0.669030,-0.122179
-0.038473,-1.231917,0.325217,6.640096,0.769252,1.681817
-0.072384,-1.202697,0.326891,8.684937,1.916907,-1.052709
0.084671,-1.227785,0.372464,5.618612,-0.068872,-1.895928
0.065078,-1.267916,0.349947,4.717560,2.682438,-2.595446
-0.079826,-1.246143,0.347751,6.304159,1.124215,-3.200793
-0.049328,-1.295226,0.368850,4.686691,-0.334477,-0.883111
-0.074922,-1.336135,0.340369,2.975330,0.053185,-1.497577
-0.109814,-1.286127,0.347324,4.400378,1.242511,-4.642503
-0.007080,-1.323018,0.384396,4.478979,-0.100023,-4.355888
-0.056809,-1.417877,0.347396,2.118690,-0.700427,-0.395638
-0.243951,-1.385421,0.329441,3.497832,1.005913,0.002068
-0.147125,-1.370893,0.368351,4.613247,-0.042636,-1.820189
0.010783,-1.406589,0.343392,2.895567,-0.558871,-2.210803
-0.150066,-1.396571,0.299788,3.787921,0.292777,-2.803654
-0.250509,-1.413344,0.313512,5.975206,0.271989,-2.384301
-0.180994,-1.479728,0.321524,4.674464,-1.147393,0.480315
-0.186180,-1.464606,0.283717,4.921767,0.070310,-0.728105
-0.163449,-1.387955,0.282913,7.671655,2.317815,-3.392147
-0.155180,-1.444882,0.301429,6.379474,-1.190659,-3.049873
-0.300074,-1.504659,0.250466,6.301815,-0.618067,-0.688898
-0.303461,-1.438622,0.224029,8.530154,0.684910,-0.790359
-0.072844,-1.428440,0.277553,8.452215,-0.377911,-0.118393
-0.136057,-1.464619,0.223668,6.731932,-0.907224,-0.185290
-0.388470,-1.421921,0.179844,8.282766,0.710309,-4.185638
-0.361006,-1.433942,0.280251,7.403814,-15.044417,-5.236029
-0.124322,-1.450636,0.164830,5.845435,-0.509733,-3.711910
-0.201709,-1.365801,0.131678,6.829683,0.773385,-5.510709
-0.274770,-1.315446,0.139195,6.928875,-1.974876,-6.209424
-0.280360,-1.310716,0.086590,3.624517,-1.893288,-3.720016
-0.358429,-1.249367,0.048678,4.173978,0.183849,-4.064257
-0.229121,-1.173611,0.055286,4.508353,-0.831436,-4.975158
-0.133598,-1.149499,0.046761,1.593269,-1.733505,-2.214307
-0.439706,-1.111225,0.073168,-0.160347,-11.292609,-3.158427
-0.465991,-0.994511,-0.009500,1.514490,-0.350965,-2.773750
-0.219526,-0.926686,-0.025055,-0.496702,-1.714651,-1.722752
-0.201584,-0.914617,-0.022902,-1.404766,-0.003785,0.097334
-0.304817,-0.833436,-0.056449,0.553894,0.737534,1.785149
-0.291707,-0.769842,-0.063092,-0.940833,-0.861710,3.398166
-0.307299,-0.749192,-0.076951,-0.963958,0.604352,3.291263
-0.250325,-0.635938,-0.082816,0.742812,1.533315,1.978989
-0.105153,-0.566993,-0.082258,1.148557,0.155232,1.634312
-0.137038,-0.578252,-0.129391,0.299167,-0.139701,4.220198
-0.297169,-0.517212,-0.151501,2.573102,0.929815,4.781800
-0.185848,-0.389886,-0.120896,3.604891,-0.451211,5.346695
0.022442,-0.347562,-0.124385,2.951712,-0.931068,6.852751
-0.049716,-0.328715,-0.150641,3.304324,0.024348,7.185257
-0.135056,-0.255175,-0.131561,5.514334,-0.273346,7.044625
-0.039580,-0.226289,-0.133524,4.427164,-2.041828,9.039749
0.017433,-0.193114,-0.170297,4.063933,0.339167,8.551250
0.038953,-0.086543,-0.100867,5.676401,0.196003,7.024452
0.110172,-0.061842,-0.107743,4.532472,-1.510356,7.378769
0.047579,-0.068886,-0.149056,2.614060,-0.110166,8.713507
-0.025426,-0.018028,-0.119337,3.692476,-0.129096,7.318051
0.161023,0.067630,-0.108331,2.417373,0.065822,7.598479
0.242224,0.095144,-0.114607,0.205240,0.466299,7.498569
0.133470,0.113611,-0.151833,0.014304,2.992926,6.595564
0.121473,0.167091,-0.125984,0.324166,1.958124,4.480590
0.229144,0.168447,-0.122104,-2.234308,0.885509,4.636127
0.276411,0.194480,-0.127139,-3.132268,2.216764,4.228708
0.295997,0.235002,-0.095500,-2.381686,2.260867,2.552195
0.351503,0.261701,-0.121178,-3.995775,1.171675,3.791402
0.282828,0.250068,-0.146683,-4.546542,1.473023,3.281894
0.294504,0.253338,-0.098572,-3.869011,1.637417,1.725536
0.510206,0.298914,-0.091380,-4.057607,1.839881,1.422127
0.531683,0.290400,-0.095441,-4.764778,0.413711,1.563394
0.417920,0.269008,-0.090665,-3.599516,1.848432,0.305529
0.465610,0.309769,-0.094965,-2.794475,1.411687,-0.679121
0.611361,0.300375,-0.093744,-2.941656,1.375994,-0.239303
0.646053,0.307990,-0.112388,-1.728490,3.279473,-1.796814
0.631393,0.284107,-0.045945,-0.637598,1.791724,-2.872157
0.671439,0.281159,-0.069920,-0.461266,2.798517,-2.725572
0.646332,0.288440,-0.083916,0.201603,3.750608,-4.229823
0.701319,0.284235,-0.065932,1.291041,4.255059,-7.771580
0.810834,0.293682,-0.039524,1.745186,2.963519,-8.676506
0.762963,0.274985,-0.050760,1.252426,3.059241,-8.390895
0.677971,0.293186,-0.068085,1.732562,4.105663,-8.197194
0.764762,0.298268,-0.026825,1.915416,2.961480,-7.217965
0.826239,0.321780,-0.036239,0.228788,2.444316,-6.305226
0.746695,0.331404,-0.046473,0.119946,3.501254,-6.311800
0.733424,0.343621,-0.020568,0.253141,2.298700,-6.346883
0.736113,0.350567,-0.008955,-2.003920,1.215463,-4.878457
0.725176,0.417663,-0.055549,-2.559938,3.526168,-4.690454
0.713572,0.420430,-0.015375,-3.251102,2.884435,-4.874944
0.769324,0.439252,-0.027471,-3.839472,2.081767,-3.189660
0.680544,0.461874,-0.019570,-5.298450,2.286801,-1.064841
0.634722,0.481648,-0.032818,-5.196567,3.517348,-0.759260
0.732702,0.495303,0.011232,-5.214695,2.785847,-1.180517
0.742307,0.528826,-0.013600,-6.190728,3.411122,0.774973
0.650093,0.543459,-0.027747,-5.570190,4.623559,-0.546844
0.678992,0.533871,-0.010396,-5.069631,3.266491,-0.381812
0.722432,0.575578,-0.008282,-4.775072,3.541553,2.560362
0.663042,0.573113,-0.012763,-3.813948,3.646775,4.126807
0.667687,0.548130,-0.011942,-2.199960,2.866319,4.857055
0.663407,0.532788,0.044972,-1.297470,0.295888,7.887363
0.553970,0.532923,-0.012490,0.351597,1.135880,10.023503
0.497434,0.477394,0.018565,1.615306,0.001578,9.555023
0.537988,0.406686,0.036979,3.376417,-0.499565,9.363606
0.430439,0.324225,0.033027,5.774628,-0.925166,8.697598
0.353010,0.223477,0.025369,6.806403,0.896321,5.198344
0.375534,0.093765,0.036546,7.674346,0.357470,1.163303
0.339854,0.016345,0.041293,8.933344,0.954397,-2.283221
0.275935,-0.034086,0.018906,8.565941,2.953179,-4.931389
0.315071,-0.140253,0.024221,8.002179,2.955546,-6.509902
0.282441,-0.204533,0.034944,7.278993,1.383018,-5.410288
0.134314,-0.269210,0.018719,5.322128,3.645005,-3.182578
0.127217,-0.323233,0.014800,3.678280,3.272436,-1.938822
0.125494,-0.393274,0.029643,2.099893,1.864296,-1.520336
0.029896,-0.421030,0.006912,0.358195,1.702918,-0.657444
-0.028459,-0.473913,-0.039505,-1.216183,2.439507,-2.216685
-0.073763,-0.595048,0.003863,-3.452554,-1.337296,-3.895287
-0.125783,-0.625959,0.007720,-4.562363,-1.481214,-2.608510
-0.157938,-0.660087,-0.021852,-5.795828,-1.248952,-3.884883
-0.089581,-0.743736,0.000623,-5.915725,-1.413139,-2.733828
-0.195230,-0.812773,-0.005768,-6.087902,-2.770431,-0.204063
-0.321213,-0.855592,-0.038225,-5.626083,-2.288707,0.343472
-0.279286,-0.868909,-0.051541,-5.767451,-1.640957,-0.669192
-0.288943,-0.905400,-0.033363,-4.360257,-1.496211,-2.093643
-0.389534,-0.915497,-0.050530,-2.561067,-1.909047,-3.877004
-0.404830,-0.962600,-0.031535,-1.255556,-0.160784,-3.813584
-0.401875,-0.990999,-0.076997,0.336334,-0.473456,-2.558733
-0.474010,-1.057003,-0.048620,3.079150,1.176753,-2.198004
-0.420359,-1.070569,-0.024153,5.591997,1.324132,-1.168246
-0.393443,-1.104076,-0.060328,6.937229,0.084243,0.508662
-0.479764,-1.132962,-0.078795,8.852971,1.154325,1.311696
-0.522476,-1.149968,-0.062193,11.177820,0.457565,0.750980
-0.416289,-1.155499,-0.072854,11.747435,-0.639745,0.139532
-0.463063,-1.154137,-0.082892,11.752549,-1.845598,0.102666
-0.569165,-1.157393,-0.110806,11.983823,-1.679024,-0.206912
-0.532946,-1.134353,-0.087445,11.898808,-6.371371,0.742268
-0.485341,-1.105140,-0.101277,9.793656,-4.503204,3.508197
-0.498556,-1.061349,-0.124533,8.500096,-2.910647,3.958110
-0.487285,-1.039195,-0.121700,7.936249,-2.841617,1.279738
-0.450508,-1.011367,-0.123105,5.569371,-2.917898,1.765805
-0.506241,-0.987284,-0.152969,2.636470,-1.046796,1.665716
-0.476646,-0.957627,-0.148537,1.521058,0.172577,0.636362
-0.362617,-0.931141,-0.130868,-0.064901,-0.580017,1.301075
-0.448056,-0.925042,-0.096898,-2.461110,-3.944310,2.316388
-0.447363,-0.868778,-0.152529,-3.777585,1.580451,3.099554
-0.345270,-0.834430,-0.151442,-4.301065,0.644161,2.310299
-0.319417,-0.825039,-0.138316,-4.964492,0.830630,3.338123
-0.318012,-0.756531,-0.149194,-4.970535,1.974379,3.626226
-0.271376,-0.716151,-0.158542,-5.287874,0.172971,2.643575
-0.262536,-0.686244,-0.170799,-4.814691,-0.587830,2.286837
-0.285300,-0.624965,-0.146135,-3.170308,-1.336957,3.562362
-0.173168,-0.556220,-0.151790,-2.288960,-1.951545,3.199605
-0.096596,-0.521095,-0.157758,-1.575552,-1.432020,2.113591
-0.179720,-0.506419,-0.143689,0.436885,-2.224759,1.254801
-0.176910,-0.454665,-0.123108,3.181729,-5.547699,-0.098526
-0.066092,-0.432719,-0.134305,4.053600,-2.249118,-0.254296
-0.007284,-0.425766,-0.139448,5.501438,-0.440770,0.202575
-0.016934,-0.406889,-0.140256,8.793992,0.582051,-0.463610
0.044664,-0.367076,-0.122649,9.070895,0.761190,0.027618
0.101762,-0.343610,-0.159133,9.317705,2.433983,0.465650
0.092220,-0.328452,-0.124851,9.295171,3.100219,-0.195873
0.197055,-0.264536,-0.125859,9.669887,3.447974,-0.893397
0.225881,-0.260584,-0.114505,8.125313,1.813986,-1.760784
0.201775,-0.207501,-0.153684,6.647678,2.995660,-1.518742
0.254409,-0.149355,-0.147339,5.786517,3.885411,-3.603425
0.350292,-0.120089,-0.123492,4.132044,1.187001,-3.342853
0.327292,-0.057667,-0.140420,1.301397,-0.789450,-2.229717
0.295032,-0.012924,-0.153602,-1.115794,0.278488,-1.391806
0.361754,0.047469,-0.134613,-1.856492,-0.899734,0.682476
0.311109,0.051953,-0.132867,-4.227401,-1.538778,2.202330
0.306215,0.069094,-0.173254,-5.661029,-0.673032,3.285623
0.325979,0.070640,-0.159662,-6.181742,-1.641427,2.717502
0.280346,0.027561,-0.107313,-6.283106,-3.705851,0.063236
0.248254,0.041312,-0.169588,-6.822411,0.229169,-1.336213
0.305605,0.048654,-0.145029,-6.605938,1.756284,-4.917261
0.377612,0.019391,-0.124270,-5.069477,2.861858,-6.534737
0.343441,0.021880,-0.126381,-4.336670,4.300909,-7.906315
0.336364,0.025599,-0.135342,-4.376423,6.387860,-9.298742
0.436233,0.062838,-0.123883,-3.342816,5.713985,-9.918836
0.457470,0.105221,-0.087353,-1.316262,6.227204,-8.884556
0.478747,0.136588,-0.105058,-0.255614,5.680501,-5.999154
0.518894,0.149143,-0.103591,0.038049,4.497418,-6.005325
0.496597,0.143954,-0.123709,1.754413,3.396347,-5.771612
0.501514,0.168572,-0.104638,3.386992,2.023875,-8.612714
0.596445,0.199529,-0.103515,3.109620,-0.276596,-9.811025
0.634328,0.243231,-0.122767,3.145031,-1.030877,-10.216573
0.550153,0.274650,-0.110655,3.225595,-1.014971,-9.866005
0.603594,0.352582,-0.094446,3.351168,-0.966574,-8.338476
0.665872,0.395651,-0.083434,1.793247,-3.043593,-5.701124
0.639350,0.424418,-0.115920,0.653128,-0.159557,-3.264032
0.610560,0.477115,-0.118762,0.098922,1.367184,-2.715052
0.604247,0.536967,-0.111456,-0.923440,1.391369,-1.739893
0.578149,0.604778,-0.119616,-2.049575,3.241590,-2.862742
0.593090,0.646377,-0.109798,-4.007461,4.785055,-5.194380
0.628695,0.683905,-0.114613,-4.648236,5.312221,-5.934550
0.568298,0.703865,-0.090405,-5.456766,5.862587,-4.320963
0.553160,0.747033,-0.136340,-6.835472,6.508798,-0.558492
0.578270,0.776276,-0.095172,-7.071706,5.208293,1.747490
0.622865,0.815928,-0.094384,-6.664116,4.596223,3.851495
0.575385,0.828234,-0.140046,-7.263404,3.866455,4.830419
0.580985,0.824764,-0.140975,-6.594905,2.883910,5.739503
0.561986,0.810883,-0.128285,-5.737405,1.169341,5.467166
0.592926,0.821613,-0.111603,-4.361735,0.472959,6.928915
0.620253,0.847456,-0.146696,-4.127641,-0.982698,7.372241
0.606276,0.846281,-0.132838,-3.547135,-0.250868,7.340221
0.576823,0.826845,-0.115388,-1.513146,-0.866611,7.575699
0.586988,0.804144,-0.091279,-0.451849,-1.426214,8.919878
0.604165,0.767883,-0.105879,0.056322,-0.188512,8.783966
0.606066,0.727571,-0.101441,2.052612,1.651003,8.831605
0.578024,0.653805,-0.095214,3.632227,2.770354,8.553333
0.565183,0.601870,-0.100384,3.732613,2.138573,8.689755
0.520033,0.502094,-0.089752,4.089670,3.949455,6.545719
0.496308,0.445196,-0.083276,5.285919,4.463340,5.249451
0.472208,0.429503,-0.083883,4.859264,5.172488,6.174531
0.444931,0.368338,-0.122357,3.680813,3.785523,5.994998
0.345841,0.277349,-0.118145,2.529508,3.311345,5.728907
0.300924,0.215498,-0.118270,3.222063,2.186109,6.669277
0.296942,0.159348,-0.080397,0.875058,0.255222,7.492999
0.283809,0.099736,-0.102564,-0.604800,0.546065,6.415959
0.218325,0.026866,-0.105652,-0.196823,0.014123,4.487805
0.158269,-0.069822,-0.114029,-0.862557,-0.933818,3.109601
0.164660,-0.146473,-0.133891,-1.891513,-1.726320,1.571809
0.161650,-0.263309,-0.123440,-3.011215,-1.321996,-0.483358
0.148596,-0.351432,-0.103328,-2.346498,-0.133297,-0.496661
0.101394,-0.470568,-0.096209,-1.961543,-0.327411,-1.361154
0.089981,-0.590867,-0.121352,-2.058753,0.449050,-1.692101
0.066430,-0.730643,-0.111925,-0.362858,1.940455,-4.552782
0.040896,-0.859239,-0.105629,0.783915,1.744254,-6.103941
0.046250,-0.926713,-0.098713,1.146939,2.268302,-7.597903
0.008958,-1.010165,-0.127014,1.472409,2.383407,-9.125291
-0.046404,-1.126518,-0.131964,3.503868,2.189271,-11.092543
-0.081690,-1.187017,-0.101172,4.215707,-0.564455,-9.801438
-0.132817,-1.255383,-0.117144,4.682371,-0.021514,-9.751374
-0.163797,-1.350147,-0.118805,6.354173,0.182624,-9.268504
-0.207158,-1.414395,-0.114758,7.294792,-1.644171,-9.006356
-0.266340,-1.468256,-0.103437,7.369572,-2.490534,-9.012337
-0.331333,-1.515756,-0.143781,7.022274,-2.393499,-9.630677
-0.372764,-1.563680,-0.139225,7.537741,-2.713047,-11.331595
-0.429093,-1.609175,-0.110051,8.170832,-3.516132,-13.030025
-0.486841,-1.612286,-0.133179,7.297509,-3.717579,-13.674957
-0.547091,-1.609129,-0.142918,6.513762,-1.222131,-13.442365
-0.615090,-1.611938,-0.144490,5.463460,-1.538860,-12.735309
-0.633054,-1.571489,-0.123853,4.794155,-1.146166,-12.091876
-0.674196,-1.521497,-0.118963,3.085843,-2.130359,-10.883742
-0.720892,-1.480513,-0.157804,1.499197,0.380585,-10.669830
-0.754436,-1.395970,-0.173710,0.258738,0.466483,-10.459293
-0.781020,-1.311559,-0.132099,-0.513305,-0.073550,-9.400024
-0.762048,-1.220409,-0.152959,-1.944235,0.010959,-8.485806
-0.749781,-1.103462,-0.193589,-2.888392,1.747366,-7.767757
-0.764631,-1.028659,-0.147044,-2.618149,-0.869318,-6.593468
-0.729775,-0.946105,-0.157423,-2.170562,-1.190479,-3.241408
-0.695270,-0.845558,-0.191022,-2.467364,-1.844390,-1.128787
-0.637220,-0.746815,-0.169026,-1.903421,-1.564939,-0.899000
-0.587120,-0.669428,-0.166174,-0.639939,-2.809036,-1.066463
-0.557998,-0.547020,-0.147641,0.089583,-5.328777,-0.477682
-0.537043,-0.435335,-0.169621,0.693949,-3.888735,0.791062
-0.447429,-0.312667,-0.186167,1.125271,-3.439310,1.769012
-0.377244,-0.217285,-0.143354,3.283583,-3.053374,3.430169
-0.335357,-0.112300,-0.155811,4.015336,-2.799189,5.997233
-0.321151,-0.001672,-0.166558,4.694079,-2.585013,8.972012
-0.292400,0.041564,-0.165711,5.564851,-1.413032,9.904980
-0.218397,0.113591,-0.127080,7.005132,-0.869683,11.266509
-0.186416,0.181117,-0.139041,6.604070,-1.297464,12.656189
-0.193677,0.213216,-0.156924,7.199308,0.235783,12.333958
-0.204043,0.231710,-0.152959,8.476094,0.100819,10.908496
-0.193034,0.258905,-0.139087,7.180709,-0.478019,10.523761
-0.155719,0.271217,-0.138431,5.834148,-0.391402,8.374138
-0.169761,0.289228,-0.125199,5.897690,-0.325937,6.962071
-0.162967,0.315307,-0.122055,4.508184,-0.813570,6.880562
-0.147651,0.357407,-0.154472,2.052563,0.715767,6.237003
-0.151567,0.368289,-0.125826,0.696965,-0.894643,5.765074
-0.116973,0.394991,-0.090254,-1.508593,-2.282490,6.343683
-0.085731,0.424855,-0.097184,-3.450494,-0.576676,7.034679
-0.073458,0.428968,-0.107491,-5.291236,-0.928032,7.045895
-0.058244,0.402689,-0.098799,-6.353768,-0.016334,6.751100
-0.029115,0.370888,-0.058654,-6.497519,0.467569,6.013399
0.055549,0.366933,-0.081021,-8.035341,0.158229,5.391316
0.096743,0.317572,-0.062150,-8.128825,1.019258,2.147085
0.156296,0.277112,-0.050553,-6.923382,1.926078,0.946088
0.205070,0.266385,-0.038014,-6.609056,1.564104,0.602037
0.262700,0.235852,-0.029434,-6.274437,3.161945,-0.650169
0.351871,0.214053,-0.031095,-5.207149,2.856567,-1.975380
0.404682,0.191828,-0.004218,-3.154138,1.299877,-3.208085
0.451368,0.185791,0.000177,-2.726620,0.872031,-3.419880
0.511184,0.180205,-0.018960,-1.402176,1.722911,-5.174743
0.570169,0.171152,0.007546,0.853394,2.159049,-6.372543
0.623430,0.156427,0.014619,1.438570,0.677589,-7.362955
0.681674,0.149504,0.004424,2.293570,1.960914,-8.942053
0.703065,0.133532,0.008393,3.197274,1.744835,-9.522752
0.713247,0.094231,0.016743,5.208037,1.535622,-9.512953
0.763098,0.101948,0.006394,4.418607,1.377169,-8.334547
0.783767,0.101666,-0.000145,4.136761,2.062200,-9.825167
0.780143,0.094815,-0.001944,4.433880,3.069948,-11.269053
0.771396,0.105966,-0.015868,3.983819,2.894223,-11.716545
0.768586,0.133896,0.004493,1.758102,3.107847,-11.857438
0.802251,0.182233,-0.037949,0.470225,5.658423,-11.388072
0.803482,0.232268,-0.025023,-0.613013,4.743575,-9.717469
0.790368,0.252894,-0.011568,-1.949260,4.683749,-7.093934
0.790956,0.299869,-0.042246,-4.229353,5.035446,-5.035993
0.803944,0.320243,-0.030636,-4.640259,5.587431,-4.343415
0.838784,0.326503,-0.016193,-5.576929,4.233960,-2.898376
0.855475,0.354771,-0.058799,-6.265141,4.282212,-2.565038
0.808422,0.338878,-0.057469,-6.423430,4.180246,-3.670847
0.848963,0.335622,-0.041067,-5.711312,3.089774,-3.243157
0.882769,0.321277,-0.042380,-5.117273,2.133344,-1.510061
0.886898,0.313672,-0.098549,-4.379400,3.173782,1.235308
0.844348,0.313498,-0.097269,-2.317301,4.963978,2.643578
0.786945,0.311020,-0.057709,-2.205090,-0.412062,3.896009
0.787342,0.323355,-0.094377,-1.279364,0.268745,4.024572
0.733139,0.307012,-0.099166,0.281353,0.536799,2.652889
0.690431,0.272241,-0.100184,1.926669,0.437630,2.466374
0.650507,0.259965,-0.124733,2.935739,1.443832,1.271956
0.590727,0.234473,-0.134472,3.363891,2.251151,-1.386791
0.558510,0.212652,-0.145902,4.891632,3.157136,-3.946536
0.495149,0.203257,-0.117824,4.940039,1.355157,-4.462839
0.452162,0.195281,-0.170566,4.349006,3.564599,-4.248713
0.386313,0.195882,-0.182507,3.833033,3.729111,-3.888614
0.312406,0.183116,-0.203141,3.888109,3.607421,-2.872776
0.234596,0.223746,-0.209177,2.493398,1.174741,-1.460614
0.166994,0.251585,-0.226210,0.218143,1.404928,0.107048
0.103508,0.272369,-0.285586,-0.427260,1.834347,1.163851
0.026945,0.285853,-0.268209,-2.034811,-0.340925,3.560857
0.011515,0.300145,-0.290089,-3.600252,-1.026721,5.409970
-0.041595,0.294316,-0.315637,-5.422022,-1.437312,4.699777
-0.075171,0.274066,-0.314031,-5.147085,-2.083486,3.671094
-0.098884,0.258399,-0.305664,-5.320010,-2.448421,3.693119
-0.115562,0.223119,-0.322612,-5.719329,-1.884219,3.378763
-0.151238,0.187636,-0.345540,-4.995272,0.225118,2.765915
-0.187588,0.127794,-0.332531,-3.496265,-1.029452,3.052580
-0.231629,0.105359,-0.325848,-3.658699,-1.976049,2.856053
-0.261358,0.053266,-0.338765,-2.315965,1.406911,1.655160
-0.274461,0.003101,-0.311359,-1.014981,-0.481870,1.092498
-0.315508,-0.039952,-0.288724,0.582093,-0.484371,1.414104
-0.348582,-0.098711,-0.328336,1.393085,0.074409,2.350686
-0.365624,-0.170891,-0.292426,2.726067,-0.809670,2.819563
-0.420690,-0.212083,-0.264946,4.681852,-1.003662,4.397740
-0.443421,-0.267123,-0.294773,4.598038,-1.231437,5.913879
-0.481974,-0.332273,-0.292302,5.834729,-1.262584,5.919266
-0.541494,-0.399543,-0.256553,6.962217,-3.182555,6.219740
-0.583155,-0.444095,-0.260265,6.844348,-2.796924,5.725900
-0.608324,-0.520928,-0.281660,6.650842,-1.857250,4.552504
-0.665935,-0.607902,-0.242569,6.429645,-4.742405,2.850549
-0.723453,-0.634063,-0.256185,6.892026,-3.375349,2.704743
-0.763242,-0.687357,-0.267066,5.455582,-3.072915,2.088691
-0.747851,-0.773790,-0.264893,4.158730,-1.966697,1.284228
-0.816802,-0.792300,-0.240091,3.560483,-2.910897,1.029792
-0.884558,-0.799873,-0.243351,2.475935,-2.507564,0.714874
-0.838561,-0.849949,-0.255794,-0.175989,-2.267148,0.168851
-0.850805,-0.863847,-0.272184,-1.295235,-1.483958,-0.595924
-0.939007,-0.879042,-0.222622,-1.269861,-1.327123,-1.318312
-0.905792,-0.872014,-0.251439,-3.112324,-1.961806,-0.954174
-0.898886,-0.899646,-0.228895,-4.170349,-2.501324,-1.730106
-0.922966,-0.906752,-0.263305,-3.583232,-0.940442,-3.085830
-0.899063,-0.907625,-0.217390,-2.944647,-2.330279,-3.978797
-0.831068,-0.930350,-0.203252,-3.707105,-3.737890,-4.601275
-0.832656,-0.918795,-0.236188,-2.829804,-2.357267,-6.092838
-0.834357,-0.918083,-0.189827,-0.999398,-3.673758,-7.376092
-0.727395,-0.918447,-0.181004,-0.144202,-4.022957,-7.159521
-0.674259,-0.866253,-0.192604,0.833683,-2.593294,-7.049260
-0.688032,-0.873554,-0.154052,2.576342,-2.523973,-7.359737
-0.587153,-0.886982,-0.094633,4.045397,-5.923932,-6.237235
-0.511969,-0.864629,-0.108200,5.241396,-3.556854,-4.890791
-0.510199,-0.850281,-0.111617,6.746788,-0.996933,-5.814614
-0.414365,-0.862081,-0.102675,8.283668,0.230180,-7.120721
-0.321347,-0.869339,-0.037860,9.182682,-3.313671,-7.040739
-0.311717,-0.825502,-0.060404,9.596650,-1.583134,-5.635971
-0.280905,-0.793085,-0.089408,9.466944,0.293475,-6.348982
-0.192420,-0.774854,-0.048321,8.602793,0.319289,-5.689703
-0.195551,-0.749694,-0.038074,8.243898,-0.875995,-4.488195
-0.239257,-0.678163,-0.024041,7.363949,-0.878165,-3.491776
-0.185474,-0.629127,-0.018294,5.028543,-1.966752,-2.096896
-0.127953,-0.587742,-0.033875,3.083961,-2.024359,-0.598068
-0.196641,-0.515344,-0.052040,1.875748,-1.719949,-0.535116
-0.177209,-0.469603,-0.018474,0.812724,-1.577961,-0.158217
-0.111084,-0.412348,-0.073225,-1.605625,-2.034486,1.981084
-0.159766,-0.401828,-0.039666,-2.822858,-0.717456,1.288898
-0.143823,-0.358591,-0.044940,-3.333346,0.061309,0.822352
-0.051889,-0.313737,-0.038546,-4.220225,-0.055477,-0.078128
-0.070513,-0.260499,-0.075782,-5.851899,2.446932,-0.856891
-0.070792,-0.202620,-0.049122,-5.625089,1.982342,-2.428445
0.015802,-0.139797,-0.025781,-5.105558,1.965520,-2.331208
0.036773,-0.065952,-0.036278,-6.146228,1.417228,-0.202862
0.017771,0.032058,-0.086411,-5.686996,4.156724,1.011376
0.076136,0.108178,-0.035608,-5.075773,1.462220,1.388283
0.179838,0.174697,-0.037486,-3.721176,0.865443,2.937992
0.160275,0.281635,-0.048318,-3.223316,1.081937,5.234112
0.183682,0.322824,-0.039452,-2.234288,0.453438,4.943633
0.289682,0.391732,-0.042114,-0.739003,-0.315791,5.017479
0.279887,0.455772,-0.027392,0.805998,-0.911383,5.236213
0.303750,0.503968,-0.046086,1.859703,0.687614,4.008728
0.394638,0.532381,-0.037561,3.153135,0.349762,2.770078
0.418422,0.559162,-0.037535,4.595314,-0.017638,2.691854
0.383520,0.608494,-0.047970,4.920078,-0.632120,1.278859
0.472444,0.649000,-0.037568,4.465874,1.225556,0.256413
0.549519,0.697209,-0.063473,4.330437,2.392479,0.014507
0.467124,0.727512,-0.052562,4.254518,2.115445,0.453581
0.473593,0.764784,-0.060850,3.316860,2.430936,0.882684
0.528190,0.789816,-0.096655,1.650737,2.510831,1.264459
0.480815,0.819690,-0.067409,0.822079,2.410923,2.630034
0.448016,0.832196,-0.090921,-1.112059,1.350075,4.277204
0.492556,0.832199,-0.113563,-2.171400,1.609152,4.945148
0.410600,0.792711,-0.081622,-3.147886,1.106732,5.609483
0.399029,0.763284,-0.111666,-3.913393,1.514066,5.840183
0.470698,0.747893,-0.118822,-5.626104,0.685933,4.797164
0.423759,0.677297,-0.138887,-5.981513,1.868386,4.180157
0.344653,0.631626,-0.150819,-5.827636,1.002820,4.340175
0.403303,0.603728,-0.130645,-6.348788,-1.361455,3.965316
0.427862,0.568947,-0.182645,-6.560952,0.907603,4.687151
0.310765,0.511515,-0.135621,-5.995371,0.678272,4.769368
0.282621,0.468262,-0.097778,-5.963282,-6.076700,4.320525
0.335009,0.434512,-0.151318,-5.304947,-0.014969,4.716920
0.227453,0.381523,-0.243193,-2.856553,1.740154,3.275386
0.206334,0.321839,-0.161542,-2.337416,1.432212,0.957082
0.304400,0.264179,-0.153418,-1.575611,1.477969,-0.491765
0.226052,0.211634,-0.171521,-0.644456,2.153685,-1.859072
0.139697,0.139092,-0.152847,1.193004,2.511675,-3.215876
0.234222,0.109048,-0.139570,1.576587,0.421717,-3.012195
0.195883,0.098321,-0.147691,1.686752,1.468608,-2.755085
0.105681,0.067066,-0.149004,3.206662,2.453795,-3.111025
0.159576,0.053453,-0.121047,2.829851,-0.243059,-2.843298
0.088869,0.029610,-0.118191,2.422028,-0.679417,-1.786239
-0.026148,0.030210,-0.176386,1.669677,1.175660,-3.380233
0.031065,0.029360,-0.145097,1.868487,-0.981174,-5.728006
0.042481,-0.000139,-0.110655,1.773602,-1.423791,-5.753582
-0.089798,0.007814,-0.164615,0.525753,-0.287969,-5.930803
-0.073888,-0.010475,-0.181139,-0.144770,0.539307,-6.809541
-0.024911,-0.078258,-0.128403,-0.213882,-1.138846,-6.609285
-0.117032,-0.082377,-0.137847,-0.547794,0.080100,-6.072890
-0.172338,-0.072573,-0.152992,-1.568813,0.054126,-7.230039
-0.100246,-0.104143,-0.158683,-1.722943,0.642960,-7.258776
-0.223636,-0.128922,-0.140282,-2.373348,-1.528905,-6.340771
-0.289505,-0.138733,-0.163312,-1.997184,0.507457,-5.331110
-0.218052,-0.133685,-0.175719,-2.597660,-0.843374,-4.365458
-0.329734,-0.172421,-0.131032,-2.829430,-2.470748,-2.721863
-0.433256,-0.158717,-0.138552,-1.867390,-0.931570,-1.431272
-0.361429,-0.170156,-0.150024,-1.923920,-1.850065,-1.067213
-0.351415,-0.239370,-0.155778,-1.761797,-1.114031,0.042752
-0.464285,-0.245144,-0.148455,0.920559,-1.065805,-0.622207
-0.451063,-0.276458,-0.112841,0.708822,-2.422897,-0.809056
-0.443723,-0.321943,-0.120804,0.755061,-1.299032,0.374464
-0.567104,-0.335309,-0.105498,3.028829,-1.958067,-0.284789
-0.546132,-0.353786,-0.075615,3.918600,-3.515184,0.625498
-0.482138,-0.416644,-0.075923,3.053858,-3.094969,2.926197
-0.664178,-0.452055,-0.074407,4.989518,-1.958674,3.148029
-0.714488,-0.428648,-0.087730,5.647985,-1.878494,4.378217
-0.602948,-0.455144,-0.045397,4.166719,-3.839758,4.945661
-0.689798,-0.498600,-0.052506,4.359461,-2.654190,4.547956
-0.783682,-0.456667,-0.074446,5.263297,-1.841501,5.768251
-0.750057,-0.490007,-0.038221,3.365979,-3.631169,6.259675
-0.780446,-0.540054,-0.054394,2.888965,-2.680148,7.096507
-0.840957,-0.476818,-0.063591,3.198755,-1.142250,5.700606
-0.770461,-0.507512,-0.034443,1.482729,-3.047653,4.302137
-0.766364,-0.562529,-0.022649,0.319078,-3.460840,4.413720
-0.894865,-0.521522,-0.059590,0.820005,-1.857487,3.024084
-0.846613,-0.510489,-0.047704,0.003111,-2.748902,1.525392
-0.758493,-0.548769,-0.027934,-1.450806,-3.587335,1.774636
-0.830421,-0.518160,-0.028236,-1.104738,-3.238448,2.292955
-0.854947,-0.492206,-0.067862,-1.375201,-2.584294,2.246406
-0.805359,-0.552593,-0.039354,-1.765647,-4.719838,2.518019
-0.874717,-0.545982,-0.014726,-1.549279,-4.607963,2.381682
-0.877304,-0.484220,-0.062472,-0.533597,-2.100194,0.443808
-0.799911,-0.548743,-0.023801,-0.240833,-4.510613,-0.398025
-0.848832,-0.595879,-0.012651,-0.010249,-4.743206,0.532133
-0.930368,-0.547702,-0.059928,1.538891,-2.551345,-0.132241
-0.829692,-0.577523,-0.048147,2.950701,-2.686690,-1.251160
-0.778516,-0.632439,0.011504,2.398887,-5.165528,-1.919241
-0.838384,-0.612547,-0.034184,4.142978,-1.548698,-2.218958
-0.823403,-0.631713,-0.051581,5.296699,-0.257649,-2.819559
-0.748353,-0.712842,-0.006391,5.573113,-2.258466,-1.890161
-0.753566,-0.676840,-0.007163,5.961130,-3.362885,-2.093833
-0.760912,-0.673810,-0.025981,6.199090,-1.035036,-2.306197
-0.661855,-0.722302,0.009299,5.910659,-2.115916,-1.998979
-0.672582,-0.734211,-0.002416,5.960247,-3.202725,-0.608892
-0.683627,-0.698475,-0.016419,5.352930,-1.763990,-0.577712
-0.555723,-0.707196,-0.009378,4.453217,-2.205898,-0.882912
-0.529339,-0.720287,0.004723,3.708284,-3.660241,0.233315
-0.605941,-0.694424,-0.047986,3.301745,-3.244507,0.540248
-0.559826,-0.691312,-0.061464,1.643221,-3.369109,-0.470086
-0.492080,-0.713551,-0.048577,0.786517,-3.188217,-0.590343
-0.510852,-0.649071,-0.049404,-0.345323,-3.399304,-0.750895
-0.503671,-0.587830,-0.069867,-1.270623,-2.815811,-2.033174
-0.412228,-0.568769,-0.082400,-3.295145,-0.512334,-1.592328
-0.416177,-0.513815,-0.078457,-3.480501,-1.187968,-0.966180
-0.420221,-0.427736,-0.011502,-4.706370,-7.767234,-0.242823
-0.245526,-0.379714,-0.076019,-5.459162,0.930265,1.747575
-0.247397,-0.352076,-0.043391,-4.762946,1.088768,3.265558
-0.261985,-0.282068,-0.057358,-4.195124,2.179738,2.686141
-0.153464,-0.196691,-0.067606,-3.917532,1.852591,0.962658
-0.062576,-0.162324,-0.083056,-3.519224,1.960360,-0.288075
-0.099481,-0.091095,-0.081569,-1.537137,1.698782,-1.472394
-0.047359,-0.014999,-0.084162,-0.821418,-0.335105,-0.885129
0.072739,0.033838,-0.083059,-0.279248,-1.317161,0.298806
0.018588,0.061781,-0.063975,1.525292,-1.361097,0.980702
0.086699,0.167935,-0.081677,3.547070,-0.835831,1.742047
0.208097,0.182476,-0.059285,3.013888,-1.951046,0.927584
0.207440,0.205736,-0.067419,3.538858,-1.368069,-0.528687
0.176936,0.262610,-0.048827,5.932126,-0.654894,-3.382729
0.319804,0.322292,-0.038766,5.235018,-0.486035,-3.901349
0.325243,0.330780,-0.048564,4.114154,-0.594992,-5.003947
0.283458,0.376741,-0.045367,4.818657,2.200181,-5.062553
0.359735,0.426627,-0.038001,4.603405,1.901243,-3.808411
0.415511,0.434827,-0.060722,2.274620,2.913084,-0.323960
0.322529,0.461497,-0.050028,1.702429,3.896118,-0.606196
0.395484,0.518575,-0.052444,1.207444,3.074668,-0.372663
0.486487,0.535368,-0.047914,-1.355986,2.116515,1.257440
0.395822,0.497846,-0.090963,-3.066481,3.620590,2.609354
0.393265,0.534065,-0.109260,-2.211665,3.086210,2.133676
0.486930,0.556881,-0.067642,-4.348080,-0.135303,3.750439
0.459279,0.491833,-0.097873,-6.760819,1.324863,3.704709
0.381449,0.488931,-0.097407,-5.118340,0.868017,0.539573
0.489746,0.509499,-0.097161,-5.459677,-0.159836,1.295668
0.499006,0.458342,-0.095815,-7.221372,0.361556,2.180526
0.392872,0.443437,-0.102219,-6.429241,0.898396,1.119276
0.453863,0.508583,-0.066644,-4.814498,0.172967,1.368554
0.464767,0.453159,-0.061743,-6.271582,-1.216020,3.273890
0.356745,0.440233,-0.090494,-6.010927,0.932438,3.099134
0.344702,0.470990,-0.080630,-3.690463,2.119400,2.685244
0.419256,0.473826,-0.058668,-3.062037,1.677709,3.537103
0.286143,0.424687,-0.054561,-3.383161,1.412091,2.867619
0.257153,0.459636,-0.089217,-1.225375,3.201774,0.765255
0.299266,0.432549,-0.014742,0.392158,0.077478,0.323611
0.252390,0.382259,-0.030015,0.206228,1.698083,2.417045
0.167017,0.414975,-0.043385,1.397300,2.406545,1.573830
0.218830,0.412565,-0.018605,3.418382,1.701306,-0.423632
0.191514,0.354072,-0.021973,2.454435,0.082342,0.325027
0.041116,0.346815,-0.019662,2.522789,0.510136,-1.146801
0.073786,0.378779,-0.021701,4.679935,0.169543,-2.333376
0.096244,0.310944,0.022080,2.526853,-2.613784,-0.291110
-0.027688,0.272543,-0.003946,1.331385,-1.455195,-0.980536
-0.078720,0.315822,0.000269,3.711104,-0.596588,-3.213101
-0.031045,0.226330,0.017370,1.729617,-2.442795,-1.132709
-0.106171,0.156355,0.002753,-0.157978,0.326037,-0.847627
-0.175611,0.174067,0.019934,1.157623,-0.353293,-3.102070
-0.107963,0.145391,0.029463,-0.392518,-0.956513,-2.503463
-0.214714,0.039112,0.023968,-3.477399,-1.114671,-1.514094
-0.310545,0.039648,0.038975,-1.788834,0.649725,-2.322206
-0.259152,0.025513,0.036960,-1.968673,0.265965,-0.396309
-0.281968,-0.107337,0.026991,-4.398097,-0.634132,0.964933
-0.411336,-0.136836,0.043167,-2.849515,-0.093737,0.049163
-0.413328,-0.147806,0.056559,-2.052772,-1.465987,-0.802150
-0.391634,-0.260207,0.025320,-3.238471,-0.997445,0.068991
-0.492438,-0.308340,0.060370,-2.326612,-1.575581,-1.567076
-0.491814,-0.323003,0.068740,-0.440389,-2.339214,-1.567667
-0.473032,-0.409249,0.059894,-1.323680,-3.142446,0.740578
-0.563519,-0.497662,0.053329,-0.132746,-2.144579,0.901837
-0.609657,-0.504295,0.060442,2.495647,-3.152602,0.333857
-0.583220,-0.586970,0.090299,2.485412,-3.893166,0.650534
-0.622521,-0.649625,0.050776,2.398959,-3.959622,0.550079
-0.712555,-0.648099,0.070782,4.060641,-3.203854,-1.675857
-0.681677,-0.677835,0.070349,4.760555,-3.077178,-1.180687
-0.692063,-0.704990,0.050093,3.494486,-2.457457,0.309787
-0.781723,-0.710685,0.070546,3.868947,-1.930176,0.347983
-0.754751,-0.699236,0.078913,5.027024,-1.315789,1.816560
-0.745091,-0.722548,0.076848,3.002436,-2.462683,4.190234
-0.840143,-0.747193,0.054327,3.452569,-1.676349,2.656217
-0.853638,-0.721265,0.067838,4.680677,-1.136686,1.359492
-0.830841,-0.742187,0.084992,2.392234,-3.084856,1.631696
-0.889797,-0.757696,0.056175,1.957639,-2.773569,-0.504681
-0.955193,-0.726897,0.073405,3.226239,-3.602044,-2.544416
-0.920114,-0.749142,0.063114,1.546166,-4.429205,-2.448437
-0.905474,-0.766510,0.047864,0.826077,-4.113460,-2.005629
-0.966800,-0.738241,0.048714,1.817331,-3.914269,-2.802534
-0.904256,-0.740086,0.052272,1.242675,-4.294208,-1.153767
-0.855006,-0.748414,-0.039974,0.369730,-0.687629,-0.421290
-0.933627,-0.726228,0.025287,0.489690,-3.883168,-1.627456
-0.856434,-0.694503,0.036970,1.452918,-2.394983,-2.029469
-0.800255,-0.712021,0.017085,0.006098,-3.181248,-0.787600
-0.858410,-0.719354,-0.000132,0.387823,-1.794851,-1.355285
-0.817990,-0.677090,0.044949,1.998433,-2.890979,-1.610216
-0.707497,-0.696522,0.029847,1.156465,-2.157797,-1.060317
-0.689657,-0.713095,0.022658,1.948208,-0.665410,-0.903153
-0.701877,-0.680418,0.031675,3.859070,-1.748648,-0.770786
-0.606549,-0.698130,0.049554,2.965498,-1.823717,-0.086409
-0.532901,-0.722325,0.048402,2.837549,-1.652639,-0.001396
-0.547100,-0.693256,0.048845,5.113316,-1.489883,-0.252102
-0.499052,-0.695192,0.069725,4.866706,-4.618244,0.242556
-0.412422,-0.724462,0.039569,3.903146,-2.252567,1.284584
-0.438189,-0.691982,0.021227,5.084982,-2.184943,0.343285
-0.394201,-0.665384,0.057166,5.258902,-2.460362,0.500544
-0.298820,-0.675009,0.031570,3.501212,-3.101780,1.754382
-0.334300,-0.664774,0.032240,4.153718,-2.445736,1.470322
-0.338088,-0.620244,0.025067,3.850132,-1.949792,1.185497
-0.270755,-0.604971,-0.001783,2.300210,-1.868798,0.967036
-0.239122,-0.618560,0.033825,1.872729,-1.376928,0.095696
-0.259716,-0.534182,-0.005833,1.361210,-1.622349,0.307846
-0.247109,-0.507722,0.004125,-0.425999,-0.491480,-0.430890
-0.192446,-0.488261,0.004208,-1.109662,0.517705,0.295744
-0.228018,-0.412318,-0.003683,-1.968892,0.256814,0.466321
-0.189436,-0.333868,-0.003874,-2.194790,0.622953,-0.303132
-0.123722,-0.308193,-0.018615,-2.587957,0.566279,0.623029
-0.182346,-0.277948,0.018716,-2.979253,-0.460179,2.032185
-0.183712,-0.180690,-0.041967,-2.883377,0.182851,1.884744
-0.093953,-0.145029,-0.027064,-3.173600,-0.500934,0.376451
-0.078316,-0.151377,-0.009891,-2.713862,-0.495081,0.302081
-0.113103,-0.045279,-0.059147,-1.724318,-0.369032,-1.198681
-0.077833,-0.005135,-0.041067,-0.816462,-1.089301,-2.440661
0.001779,-0.009734,-0.003194,-1.010759,-1.971371,-1.943495
-0.031531,0.064315,-0.045978,0.314594,-0.633298,-2.080046
-0.006552,0.143057,-0.054482,1.793546,0.148290,-2.648814
0.095893,0.132856,-0.008778,1.732933,-0.696741,-2.346906
0.061257,0.169196,-0.025686,2.050607,-0.149470,-0.886002
0.044966,0.230449,-0.033403,3.501162,1.238653,-2.357094
0.169817,0.262771,0.001943,3.724755,0.356409,-2.349132
0.149032,0.249674,0.015919,1.797413,-1.099145,-1.893270
0.106728,0.296429,-0.033737,3.467205,3.266074,-2.277544
0.188343,0.309123,0.014107,4.313982,1.102471,-1.219675
0.244755,0.281373,0.015476,1.837350,0.074015,1.388477
0.147808,0.294256,-0.001822,1.812827,0.357296,0.246764
0.198633,0.339607,0.031298,3.091619,1.230257,-0.927755
0.256247,0.292681,-0.002594,0.215514,0.356360,0.534495
0.200235,0.271844,-0.040811,-1.117720,1.289426,-0.275303
0.219516,0.329454,-0.010019,0.360187,1.126174,-1.318919
0.306422,0.286109,0.017692,-1.688280,-1.145345,1.586370
0.228796,0.261238,-0.037358,-4.453085,0.766642,2.104489
0.197662,0.324416,-0.023122,-2.962024,1.530472,0.494077
0.321324,0.335274,-0.000509,-3.688605,0.113059,1.816892
0.285605,0.275858,0.021375,-6.655771,-0.474858,4.217478
0.205645,0.314516,-0.024412,-5.867162,1.585167,2.487493
0.272140,0.339042,0.028583,-4.667877,0.535821,2.375815
0.276952,0.279151,0.025215,-6.062434,0.364097,3.224615
0.192265,0.320342,-0.014319,-5.764199,1.312068,1.351624
0.207699,0.333199,0.010310,-3.725352,1.255246,-0.187797
0.228343,0.273659,0.049653,-4.178239,-1.400299,1.041550
0.115049,0.265965,0.024572,-3.693607,0.535660,0.115870
0.129715,0.332037,0.001605,-0.981903,1.795575,-2.374665
0.204463,0.308194,0.056795,-0.817197,-0.316379,-2.430011
0.096687,0.268388,0.038115,-1.007874,1.300498,-2.390479
0.027497,0.332687,0.013973,1.296910,1.041897,-3.423041
0.098338,0.325243,0.070270,1.728830,-0.301421,-3.164981
0.061496,0.280457,0.057475,0.454774,-0.125042,-2.829115
-0.018405,0.348171,0.028179,2.324989,1.226236,-4.690966
0.029516,0.343900,0.068455,3.492201,-0.651572,-3.749939
0.005905,0.280605,0.042195,1.199618,-0.385839,-0.180871
-0.103147,0.302298,0.056454,2.073236,1.076222,-1.232655
-0.013153,0.363191,0.086548,3.091816,0.181925,-1.496546
0.022291,0.273488,0.092906,0.649305,-0.660441,0.902492
-0.122317,0.216587,0.038332,0.174707,1.653911,0.542856
-0.139908,0.274673,0.034675,1.934671,-0.036124,-1.336302
-0.065682,0.187955,0.131251,-0.462080,-4.838197,-0.726373
-0.095050,0.150965,0.070201,-2.586880,-0.684104,-0.356301
-0.166003,0.184567,0.088491,0.956413,-1.523203,-1.791894
-0.093740,0.116118,0.091366,-1.638906,-2.510259,1.927420
-0.150434,0.002615,0.073815,-3.655865,-1.682559,3.425487
-0.189170,0.033312,0.057071,-0.560582,0.553050,1.310610
-0.114560,0.008842,0.089659,-1.134979,-1.531107,2.053716
-0.120055,-0.131735,0.104207,-3.871459,-2.437198,2.999533
-0.253181,-0.137814,0.037718,-2.073711,-0.737555,0.467664
-0.218213,-0.149339,0.055679,0.507461,-0.009668,-0.648634
-0.169183,-0.248479,0.096483,-2.273443,-3.462241,1.160268
-0.270644,-0.277357,0.059553,-1.793820,-1.043255,0.941426
-0.311842,-0.223493,0.057416,1.031125,-0.031673,0.586705
-0.258446,-0.330484,0.109177,-0.557368,-2.269843,3.994095
-0.307469,-0.385202,0.098952,-1.464976,-1.699989,5.915573
-0.382338,-0.301903,0.074130,1.113658,0.052676,3.747329
-0.290617,-0.352256,0.122119,1.358295,-0.669815,3.481979
-0.327190,-0.439228,0.123419,-0.413312,-1.891076,4.414563
-0.435708,-0.391035,0.085927,1.932820,1.218788,2.166447
-0.402926,-0.390657,0.126849,3.393246,-0.720677,0.784931
-0.341833,-0.496487,0.144561,1.967430,-1.405922,2.163798
-0.458681,-0.470998,0.122382,2.319639,-1.031221,1.465388
-0.462460,-0.432131,0.114957,4.820466,-0.534625,1.061066
-0.408306,-0.551776,0.165789,3.382076,-2.604734,2.457818
-0.480237,-0.598662,0.129147,3.014459,-2.193933,1.554874
-0.513662,-0.517248,0.123370,5.582662,-1.454649,-1.611414
-0.481750,-0.615288,0.161568,4.619053,-2.736474,-3.099211
-0.525962,-0.678724,0.136053,3.716061,-2.964046,-3.787880
-0.595395,-0.614891,0.143649,4.139846,-2.807697,-5.288751
-0.535540,-0.643487,0.134228,3.637994,-1.609022,-4.691549
-0.534624,-0.734683,0.176171,2.568278,-1.594064,-2.897384
-0.594387,-0.692698,0.142316,2.803599,-1.767443,-1.818611
-0.578589,-0.674283,0.141256,2.832071,-1.159273,-2.179121
-0.521304,-0.802229,0.161463,1.512406,-0.979566,-1.220444
-0.589867,-0.819147,0.163947,1.952322,-1.554908,-2.459621
-0.591046,-0.787659,0.147328,2.976642,-0.671643,-3.645554
-0.518254,-0.854289,0.148940,1.077165,-0.778753,-5.235576
-0.535264,-0.926427,0.175764,1.511937,-0.877836,-5.082732
-0.552835,-0.838392,0.149288,2.215356,-1.344894,-4.814997
-0.495228,-0.877798,0.148582,1.675277,-1.364005,-3.201158
-0.474549,-0.962360,0.159775,1.216507,-1.452552,-0.915949
-0.506323,-0.919360,0.166140,2.563794,-1.695879,-0.255536
-0.434316,-0.880017,0.171897,2.360066,-3.747928,0.343274
-0.407820,-0.941832,0.154179,0.762786,-2.347190,0.077216
-0.421357,-0.954134,0.163406,2.977942,-1.932510,-1.358736
-0.426074,-0.871843,0.153411,3.302339,-3.676758,-2.064113
-0.367059,-0.903315,0.158092,1.941165,-2.328395,-2.299158
-0.334743,-0.886591,0.151648,1.970805,-1.258402,-2.928181
-0.370771,-0.809231,0.149144,3.778480,-1.051638,-2.492337
-0.331874,-0.782676,0.151018,2.749744,-1.383588,0.206370
-0.298905,-0.782344,0.118436,1.853674,-0.948750,0.124362
-0.330610,-0.716039,0.156391,2.552141,-0.586057,-1.190174
-0.301952,-0.633637,0.160993,2.768805,-0.231731,-2.347792
-0.286173,-0.599076,0.155091,0.901039,-1.273869,-2.935779
-0.320678,-0.556851,0.121693,0.817238,0.076162,-4.223287
-0.328401,-0.421391,0.127394,1.629382,-0.369249,-4.516256
-0.275912,-0.364739,0.144158,-0.110947,-1.136036,-3.177936
-0.264535,-0.317357,0.113119,-1.522152,-0.555248,-2.277970
-0.289127,-0.208400,0.125727,0.305289,-0.182229,-0.942613
-0.250959,-0.126217,0.105422,-0.359211,-0.584692,0.827537
-0.183698,-0.066428,0.117954,-2.060426,-0.369456,1.362529
-0.165363,0.018847,0.114458,-1.677648,0.271588,1.083859
-0.123499,0.126612,0.104227,-0.614293,-0.093964,2.084156
-0.081470,0.157175,0.112837,-2.307581,-0.618905,4.543570
-0.064447,0.215905,0.098272,-2.136799,1.260199,4.918391
-0.022140,0.295766,0.123232,0.098929,-0.048456,4.846453
0.082803,0.316328,0.121210,0.128910,0.432227,6.232382
0.087027,0.317030,0.091419,-0.245383,-0.244093,6.128283
0.064191,0.319840,0.077997,1.547590,0.163586,4.225367
0.120915,0.326050,0.123482,3.308201,0.137441,2.103012
0.179054,0.334004,0.114255,2.962268,-0.428497,1.748175
0.194990,0.371207,0.093972,2.735534,0.564217,1.232418
0.198092,0.347695,0.118958,4.028131,0.469736,0.923154
0.256703,0.339085,0.119204,3.853552,0.180031,2.522835
0.262684,0.325942,0.139224,2.472092,0.064847,2.115915
0.301853,0.336229,0.105159,2.648119,1.501737,0.821791
0.341308,0.328725,0.132403,2.131847,2.156715,1.100247
0.352481,0.332461,0.138981,0.239604,1.723190,2.804890
0.377605,0.362180,0.096119,-0.247979,1.917914,1.819079
0.383970,0.341212,0.112397,-2.042728,1.306787,1.706981
0.413617,0.314457,0.121699,-2.731143,1.569536,3.100236
0.396420,0.340939,0.112285,-4.181610,1.208757,3.335744
0.432819,0.352484,0.103616,-3.801313,1.726929,2.360289
0.419308,0.303011,0.151871,-5.389715,-0.158421,2.370763
0.389116,0.319554,0.077984,-6.363204,0.563085,1.208530
0.359259,0.326927,0.105628,-5.328822,-0.032888,-0.628494
0.392379,0.292497,0.125819,-5.385500,0.023685,-1.686295
0.392980,0.301662,0.122976,-5.578409,-0.177548,-1.895512
0.346885,0.322164,0.072440,-5.530078,0.683275,-1.783309
0.309616,0.331804,0.091947,-5.052513,0.577725,-2.360428
0.257327,0.313574,0.139595,-4.107772,-0.167271,-4.096734
0.273312,0.366034,0.094481,-3.275779,2.100592,-5.324813
0.264420,0.369923,0.101844,-2.842313,1.915318,-5.965519
0.262096,0.354174,0.131330,-0.934593,2.824832,-5.825179
0.222887,0.374282,0.126452,-0.276645,2.534586,-4.129853
0.250886,0.374643,0.107614,-0.130668,2.678143,-4.339636
0.256030,0.378753,0.108149,0.845394,3.213959,-4.547523
0.245303,0.373429,0.128238,2.623954,2.985951,-4.594498
0.236893,0.381924,0.127210,2.450838,1.985598,-3.825583
0.213362,0.338707,0.113253,2.593394,1.606969,-3.708013
0.204318,0.314437,0.154576,4.373785,0.612101,-3.548375
0.232406,0.318491,0.139099,4.132575,0.044995,-3.482666
0.221676,0.281025,0.128717,3.329455,-0.081222,-2.921586
0.189787,0.223940,0.157002,3.970489,-1.334375,-0.710019
0.148822,0.207905,0.165205,3.099668,-3.987162,-0.431813
0.142822,0.174234,0.134658,2.436225,-1.182558,-0.593785
0.116861,0.122759,0.141847,2.145151,-1.300473,-1.453610
0.062553,0.077560,0.175026,1.257843,-1.650142,-0.920552
0.028101,0.038443,0.121597,-0.943974,-0.170931,-0.045139
-0.029388,-0.014605,0.160658,-0.759357,-0.113068,-0.475658
-0.046135,-0.042666,0.166485,-1.515010,0.348807,0.030334
-0.098263,-0.052563,0.148481,-2.768432,-0.130097,-0.014843
-0.167552,-0.096534,0.172209,-4.074392,0.712633,-0.236615
-0.196772,-0.117184,0.172892,-4.135964,1.659971,0.630559
-0.242753,-0.126697,0.160484,-4.651360,0.683340,1.509727
-0.255055,-0.144950,0.166898,-5.238276,-0.222225,1.943219
-0.302644,-0.170002,0.148320,-4.767784,0.457348,0.902675
-0.344548,-0.213045,0.178469,-3.484945,-3.592121,1.504619
-0.332547,-0.222810,0.143173,-3.292906,-1.197286,2.988117
-0.364374,-0.254732,0.158869,-2.435819,-0.854800,2.349279
-0.370988,-0.269289,0.172209,-1.025923,-2.036340,1.875925
-0.416735,-0.275401,0.177652,0.142431,-3.471668,1.746088
-0.453124,-0.307923,0.142336,0.409539,-3.577445,0.562377
-0.496331,-0.304050,0.165132,1.560963,-3.162699,-0.589461
-0.492563,-0.286591,0.181755,3.392563,-3.036837,-1.827236
-0.472927,-0.233025,0.185221,2.787757,-3.626173,-1.803708
-0.492425,-0.232959,0.168802,2.913885,-1.516107,-1.824260
-0.493797,-0.236370,0.183622,4.287635,-0.681616,-2.911584
-0.511361,-0.198490,0.179634,3.412251,-1.111897,-2.163504
-0.480621,-0.178201,0.163875,2.971325,0.916938,-1.817941
-0.485217,-0.155014,0.185818,3.754626,0.211273,-1.167323
-0.479417,-0.151604,0.187269,3.847181,-0.118293,1.179014
-0.484380,-0.145052,0.147732,2.896938,0.313541,2.712337
-0.467836,-0.198221,0.176755,3.289097,0.158744,2.095281
-0.424324,-0.241589,0.158249,3.806134,-0.942717,2.811229
-0.409593,-0.284221,0.195915,2.956242,-2.376338,2.483140
-0.379555,-0.294731,0.134268,2.715426,-2.274737,2.830380
-0.395662,-0.350346,0.167739,2.831043,-2.995259,1.468811
-0.356237,-0.397669,0.165113,3.181818,-2.852006,2.435779
-0.343868,-0.441338,0.141479,2.310695,-3.515351,3.888440
-0.290801,-0.500622,0.134366,2.253052,-0.994248,4.408636
-0.298187,-0.568763,0.143570,2.528301,-3.044886,4.415359
-0.289701,-0.610568,0.107148,1.843817,-2.108399,3.352302
-0.292731,-0.616877,0.097166,1.125639,-1.182538,0.572716
-0.296506,-0.644823,0.119490,0.624283,-0.706483,-2.024688
-0.252669,-0.639440,0.133844,0.149636,0.037600,-2.448818
-0.231116,-0.649612,0.078962,-0.620565,1.252876,-0.428864
-0.226459,-0.690961,0.073520,-0.563733,2.126491,1.455763
-0.214967,-0.708214,0.097156,0.222260,0.591836,3.126009
-0.204427,-0.728660,0.101670,-0.266127,0.578710,4.370097
-0.168169,-0.749244,0.073953,-0.210126,1.380773,2.159992
-0.162297,-0.783060,0.109360,0.848842,1.296858,-1.683596
-0.113750,-0.757395,0.078355,1.323538,0.279538,-4.058290
-0.105583,-0.741478,0.097613,0.688662,-0.088574,-5.899692
-0.091393,-0.711900,0.067378,1.280781,0.240822,-5.306020
-0.072919,-0.697109,0.099733,2.195567,-1.744846,-3.616007
-0.022495,-0.653643,0.096349,2.035659,-2.697374,-1.500864
-0.007468,-0.645975,0.089640,2.088119,-0.877968,-1.153238
0.017105,-0.634431,0.104795,2.940582,-1.210541,-2.727833
0.027546,-0.591431,0.127342,2.688530,-0.923393,-4.903388
0.064618,-0.519359,0.105681,2.070788,0.501982,-7.863036
0.091632,-0.480754,0.118131,2.713424,0.770926,-10.760504
0.126623,-0.429233,0.129098,2.730975,1.296300,-9.709959
0.125632,-0.393566,0.147489,2.264311,1.372541,-7.867011
0.151159,-0.339698,0.087378,1.829000,2.700852,-5.433673
0.176628,-0.287060,0.073943,1.899116,4.197630,-4.527596
0.195581,-0.260985,0.084873,2.477163,2.529377,-3.454212
0.208356,-0.202311,0.062500,1.759222,1.975269,-3.853947
0.181683,-0.187484,0.053546,0.794661,1.412511,-3.980384
0.196946,-0.168203,0.061873,1.185826,1.643539,-5.457794
0.198095,-0.130787,0.066659,1.410824,-0.414058,-5.234168
0.194373,-0.099055,0.062228,0.453015,-0.643188,-4.497717
0.191005,-0.058192,0.059592,0.136404,-0.756554,-3.627192
0.192282,-0.055090,0.069334,1.213953,-0.934436,-2.956635
0.227020,-0.019699,0.043213,0.210952,-0.453053,0.603846
0.252091,0.012669,0.031954,-0.569615,0.619379,0.636579
0.227135,0.042293,0.092436,-0.150044,-3.203995,1.050221
0.226958,0.081144,0.052617,-1.399521,0.476406,2.883929
0.224341,0.117162,0.036766,-1.834851,1.466842,3.225085
0.234133,0.155166,0.043951,-1.492335,2.011782,4.410384
0.257215,0.224176,0.021585,-1.372864,3.006542,5.060224
0.222766,0.247016,0.039829,-2.705856,2.438897,5.417057
0.225835,0.282079,0.046679,-2.388884,2.764127,6.120549
0.219598,0.302774,0.094396,-2.317908,-0.908419,6.136229
0.291668,0.338576,0.077225,-2.264673,2.033220,5.991497
0.283895,0.367438,0.070168,-2.371149,2.407178,4.889546
0.250230,0.382160,0.111281,-1.428163,0.708431,3.734304
0.272002,0.449371,0.103505,-1.186277,-0.040838,2.925852
0.273233,0.485770,0.123550,-2.276152,-0.373168,2.708590
0.293125,0.509621,0.132859,-1.079523,0.492355,3.280059
0.268241,0.530477,0.169012,-0.506077,-1.055407,5.099856
0.244689,0.522199,0.182716,-1.456773,-1.053532,5.692549
0.257185,0.527244,0.182789,-0.794416,0.657304,3.445651
0.270847,0.551829,0.206796,0.128418,0.907071,1.409607
0.291274,0.576513,0.218666,-0.655438,0.698695,-0.095188
0.296886,0.596789,0.204098,-1.039871,2.183697,-1.520062
0.259467,0.597912,0.263461,-0.147720,2.829733,-1.480339
0.296909,0.607962,0.289721,-0.662098,2.666258,0.357831
0.341515,0.594399,0.269340,-0.889860,2.328098,1.164422
0.284499,0.536304,0.264918,-0.801726,3.057006,0.781266
0.243448,0.501083,0.293679,0.711268,3.696060,-1.300205
0.248313,0.452749,0.320730,0.282220,1.348405,-2.609782
0.267535,0.430747,0.321150,-0.836510,-1.047023,-3.926869
0.229321,0.414108,0.321806,-0.498281,-0.333303,-6.016569
0.253811,0.357256,0.344281,0.558198,0.807236,-5.114577
0.265490,0.278386,0.352320,-0.495593,-1.309162,-2.113645
0.256434,0.233928,0.334056,-0.077213,0.169347,-1.006905
0.295790,0.212317,0.312822,0.098158,-0.011033,-2.506975
0.299516,0.086888,0.374171,-0.840977,-0.566701,-3.632538
0.226068,0.052439,0.351535,-0.643854,0.533179,-4.847613
0.212587,0.090535,0.328660,-0.969514,1.331277,-6.417631
0.308126,0.034120,0.356709,-2.372120,1.438173,-5.304901
0.268674,-0.008558,0.357506,-2.823734,1.635592,-2.698257
0.195732,-0.013715,0.349083,-1.206825,2.721600,-0.187259
0.231149,-0.038501,0.337523,-2.559159,1.947083,2.128017
0.208898,-0.097112,0.353922,-4.450763,1.199071,1.048768
0.212853,-0.056955,0.318173,-2.777540,2.910508,-1.307492
0.242362,-0.064672,0.357614,-1.630886,1.901617,-2.904326
0.216762,-0.130728,0.308926,-2.822674,1.304785,-0.618303
0.111455,-0.093452,0.281718,-2.005878,0.119152,0.074909
0.146462,-0.075737,0.279811,-0.970831,0.355359,0.986775
0.191241,-0.156797,0.284360,-1.151552,-1.499120,2.793287
0.080659,-0.157145,0.265952,0.060265,-1.023042,2.713817
0.022524,-0.133134,0.240438,1.425145,-1.207396,1.159712
0.048603,-0.200227,0.239368,1.118110,-1.787318,-1.848872
0.011574,-0.209841,0.228766,1.791190,-1.226812,-4.730615
-0.014134,-0.109999,0.200586,3.502692,-0.068387,-6.081708
-0.000433,-0.170077,0.167026,2.655475,-0.167077,-5.206609
-0.065367,-0.217610,0.165425,2.744104,0.725096,-2.055126
-0.163439,-0.177437,0.157645,4.357849,0.908686,-0.371838
-0.061044,-0.127928,0.132377,3.890509,1.213057,-0.232474
-0.088934,-0.215014,0.135909,1.875778,0.619172,-1.265188
-0.225517,-0.229581,0.100554,3.361173,2.009967,-3.672289
-0.227959,-0.199330,0.099897,4.691309,1.015149,-4.946863
-0.162681,-0.269673,0.095354,1.715159,-1.174145,-3.067323
-0.221729,-0.284431,0.052571,1.863620,0.199017,-3.180503
-0.259047,-0.269755,0.058470,3.406435,-0.804339,-2.503527
-0.201870,-0.343886,0.031754,1.736718,-1.494600,0.774165
-0.269810,-0.394737,0.049328,0.354148,-2.039724,0.822478
-0.284312,-0.354833,0.004493,2.285961,-1.200871,-2.017666
-0.235994,-0.420833,0.030992,0.746889,-4.185234,-2.614514
-0.292472,-0.488330,0.003439,-1.668750,-3.353323,-3.793996
-0.394306,-0.438115,-0.021435,0.579747,-1.950294,-5.239037
-0.317901,-0.447998,-0.003775,0.339528,-2.279887,-3.241215
-0.288244,-0.515042,-0.009336,-2.038667,-2.385273,0.107807
-0.369777,-0.480163,-0.065639,-1.670348,-0.380957,0.858039
-0.360993,-0.441289,-0.042515,-0.117939,0.267863,-0.056554
-0.296545,-0.521013,-0.017631,-1.850206,-0.543202,0.717598
-0.341850,-0.484447,-0.059967,-2.220990,0.917710,0.881053
-0.340074,-0.404841,-0.056363,-0.304243,2.772369,-0.364788
-0.265894,-0.419126,-0.042058,-0.897045,-0.146683,1.752735
-0.341511,-0.452384,-0.024829,-2.185103,-2.058972,4.380603
-0.375790,-0.372985,-0.080305,-0.237426,0.530057,5.015123
-0.302815,-0.362668,-0.035241,1.408447,-0.733258,6.203436
-0.272121,-0.390142,-0.031436,0.062251,-2.483260,7.960136
-0.333013,-0.317892,-0.058805,1.862431,-1.626462,6.044670
-0.322782,-0.293517,-0.041303,3.169859,-2.590245,4.524553
-0.260563,-0.318500,-0.005938,2.654871,-3.618105,4.743017
-0.254254,-0.286223,-0.053905,3.095076,-2.233021,4.393922
-0.240941,-0.228538,-0.036967,5.105385,-0.865760,3.735248
-0.177472,-0.296245,0.006748,4.642716,-1.848568,5.457034
-0.223216,-0.308396,-0.011942,4.362116,-1.022402,4.931006
-0.235781,-0.242747,0.002967,5.577623,0.593260,1.434294
-0.085698,-0.243003,0.004322,5.197947,1.184808,-0.777037
-0.073799,-0.312171,0.042491,4.144836,1.787638,-0.939855
-0.101283,-0.246355,-0.008065,4.613925,2.728500,-0.427621
-0.006174,-0.252989,0.019379,4.192933,4.992420,-0.591417
0.069942,-0.330142,0.059333,2.864560,1.635070,0.165241
0.032943,-0.322471,0.063715,2.287757,1.939851,-0.722187
0.084608,-0.271774,0.042858,2.542523,1.411776,-2.459664
0.137370,-0.377278,0.080038,1.282054,-0.275194,-2.392963
0.118673,-0.426249,0.087539,0.468909,-1.599533,-2.121183
0.168865,-0.368386,0.070362,1.418489,-0.562568,-3.733756
0.313496,-0.422563,0.064027,-0.089611,0.900415,-3.814245
0.273168,-0.511760,0.107466,-0.762780,-0.638967,-4.760253
0.257261,-0.483885,0.105520,0.367029,-0.113356,-5.524071
0.370059,-0.487539,0.088924,-0.874521,0.966697,-5.043185
0.418222,-0.543865,0.154405,-2.359935,1.458538,-5.417519
0.397011,-0.472659,0.148179,-0.736734,2.537531,-6.575640
0.482482,-0.443131,0.169140,-1.433264,2.343765,-5.979584
0.522397,-0.507988,0.171825,-3.264582,2.868108,-5.222166
0.427922,-0.460688,0.194520,-1.229309,3.549605,-6.777759
0.524527,-0.382189,0.192836,-0.416693,4.372269,-6.812283
0.605945,-0.399143,0.216480,-2.440099,2.291466,-5.920967
0.483286,-0.354836,0.178833,-2.336292,4.103657,-6.080455
0.485036,-0.237318,0.188152,0.647077,3.537581,-6.363461
0.611978,-0.251843,0.227568,-0.676553,-0.583756,-4.140938
0.559675,-0.206289,0.191651,-0.818647,1.981230,-2.109245
0.503500,-0.087143,0.168736,0.953692,2.661019,-2.799764
0.601208,-0.058987,0.196250,0.873853,0.252488,-2.522761
0.520345,-0.064787,0.223297,-0.420356,-0.776537,-1.421963
0.489841,0.118863,0.183708,1.608962,2.039145,-1.438517
0.587005,0.186267,0.197254,0.924081,0.744364,-0.713323
0.585945,0.175659,0.227535,0.103652,1.204641,1.161285
0.452678,0.278540,0.219105,1.765153,2.215015,0.834356
0.550054,0.372424,0.191375,1.401541,3.342831,1.135944
0.630179,0.358504,0.226996,-0.383173,3.219132,1.648311
0.528000,0.451961,0.203475,1.043427,4.741097,1.583345
0.568072,0.563732,0.223842,0.863530,1.800127,1.174041
0.628012,0.524293,0.185014,-1.335592,3.586289,4.657830
0.497972,0.550320,0.212127,-0.270057,3.455244,4.716198
0.521116,0.638440,0.234287,0.743196,1.648771,4.899834
0.638677,0.589791,0.191251,-0.771347,0.569991,7.199540
0.520847,0.542077,0.134028,-0.910001,3.154310,8.198039
0.455487,0.599208,0.152498,1.748193,1.476426,5.394145
0.583637,0.540574,0.175403,0.520243,-3.229582,5.742091
0.534850,0.461195,0.126301,-1.405016,-0.162620,4.836318
0.423011,0.485682,0.137425,1.873349,1.152335,2.119273
0.549578,0.469263,0.166232,1.130980,-0.482565,2.758935
0.539472,0.357827,0.140288,-1.484375,1.007950,3.817647
0.383326,0.366733,0.116040,-0.251048,2.671388,1.546725
0.476104,0.368909,0.147857,0.683104,2.390828,0.201449
0.486566,0.295756,0.142086,-2.295222,1.701887,0.314080
0.339466,0.277736,0.095138,-2.819014,3.875702,-0.867660
0.370023,0.291893,0.133145,-0.964230,3.157816,-1.507134
0.405545,0.225496,0.132206,-3.556046,1.694144,1.727114
0.239270,0.188683,0.116881,-3.965317,1.486990,1.813275
0.253256,0.221022,0.055821,-2.929170,2.756348,0.316062
0.351569,0.140947,0.108651,-3.657047,1.265317,1.539926
0.233650,0.103517,0.069305,-3.943811,0.876781,2.545651
0.138493,0.140917,0.053572,-2.426218,1.990644,0.507326
0.240310,0.108520,0.047989,-3.257666,-0.349679,-0.025100
0.177412,0.024141,0.065734,-2.980428,-1.116795,0.043585
0.089102,0.104548,0.039431,-1.647670,-1.617403,-2.058560
0.161732,0.059959,0.033050,-1.524017,-0.592983,-1.738235
0.107411,-0.006113,0.038742,-2.132768,0.028471,-1.293238
0.017049,0.029327,0.040580,0.004841,0.909349,-3.102222
0.120245,0.089495,0.039274,0.287262,0.608606,-4.163585
0.116671,-0.003963,0.034229,-0.645233,0.821409,-3.784249
-0.039724,-0.009451,0.031051,1.847381,2.078035,-3.798914
0.005403,-0.002273,0.025022,2.607433,0.888548,-1.666388
0.099412,-0.058918,0.045957,1.403222,0.460712,-0.490035
-0.019846,-0.076567,0.009955,2.560094,2.768870,-0.993544
-0.078381,-0.091479,0.014610,5.207196,1.619019,-1.846053
0.005574,-0.148840,0.006669,2.906509,-0.206115,0.348831
-0.046102,-0.189943,-0.006651,2.907655,0.161170,-1.353068
-0.059314,-0.175398,0.001043,4.919940,0.883690,-2.224612
-0.006315,-0.234357,0.026380,3.778873,-1.282000,-0.140521
-0.053346,-0.291003,-0.022689,2.921106,-1.993793,2.032424
-0.139353,-0.299127,-0.013760,2.900289,-0.293533,1.281325
-0.012283,-0.370513,-0.001550,3.922381,-0.799255,0.453914
-0.002974,-0.458246,0.016556,1.864815,-1.691517,1.048480
-0.119569,-0.446600,-0.044402,2.342941,-0.206213,-1.264402
-0.113297,-0.480636,-0.008157,1.500566,-0.239159,-4.073444
-0.054771,-0.574179,0.008547,1.282934,0.220018,-3.508432
-0.121450,-0.591999,0.004959,0.770857,0.817727,-2.094946
-0.065925,-0.579473,-0.028075,0.782693,1.154617,-1.185677
-0.040033,-0.673226,0.007913,-0.944847,0.824443,0.802301
-0.139389,-0.699542,-0.022515,-0.792450,0.913879,0.427816
-0.159198,-0.664042,-0.008725,0.250348,1.736114,-0.971426
-0.024251,-0.676817,-0.023657,-1.276344,0.366214,-2.499255
-0.075693,-0.716522,-0.007094,-1.822456,0.860750,-4.574449
-0.175184,-0.677365,0.010556,0.252527,0.798554,-6.451088
-0.106581,-0.675941,-0.004399,-0.586983,-0.687090,-4.207474
-0.096271,-0.657641,0.017055,-1.835704,-2.019941,-3.916600
-0.163508,-0.599893,-0.009736,-0.736934,0.155035,-4.953512
-0.090100,-0.552754,0.032125,0.327774,-0.352991,-4.781862
-0.082471,-0.584522,0.022721,-0.527662,-1.948082,-3.077819
-0.168708,-0.491537,0.014291,-0.096764,-1.085073,-3.528353
-0.141345,-0.417583,0.005271,0.464100,0.030752,-4.492478
-0.060269,-0.403974,0.065008,0.835291,-0.423964,-3.827822
-0.115338,-0.341874,0.046627,0.974910,0.197868,-1.150548
-0.129423,-0.252437,0.052722,2.235474,0.917322,1.008899
-0.031206,-0.243030,0.035643,1.048738,1.146673,3.663100
-0.060420,-0.221855,0.060091,2.407868,1.029172,4.510931
-0.080922,-0.140880,0.045465,3.535139,2.062637,4.170596
-0.004422,-0.097197,0.067953,2.955687,-1.396508,2.481651
0.011662,-0.120838,0.037377,2.827777,0.993593,2.796746
-0.034853,-0.076298,0.042087,4.391763,0.639441,3.316771
0.032854,-0.051473,0.060459,4.770425,-0.593144,5.683342
0.072332,-0.060421,0.090916,3.453964,-1.896065,7.356839
0.018861,-0.077155,0.050533,4.398095,0.232868,7.306265
0.050907,-0.063191,0.072975,5.238491,-0.855979,7.062889
0.151242,-0.117007,0.093037,3.951588,-3.446771,7.404952
0.108422,-0.142544,0.066338,3.152958,-0.726982,6.310546
0.075568,-0.124947,0.056841,4.043953,0.767246,3.962272
0.164956,-0.164609,0.092741,2.876177,-0.902458,4.362279
0.194980,-0.201175,0.092613,1.264785,0.386483,5.701397
0.173772,-0.176176,0.029824,0.931772,3.366517,6.583827
0.247854,-0.249368,0.067138,1.476837,2.525888,7.167503
0.268605,-0.284027,0.082720,-0.660762,1.789375,7.110849
0.213670,-0.268498,0.045310,-0.963278,3.222109,4.690997
0.288864,-0.264297,0.039533,-0.844903,3.851011,1.054437
0.345838,-0.316153,0.090171,-2.309061,1.919221,1.754961
0.304988,-0.311078,0.067890,-2.209918,2.187432,2.777751
0.331021,-0.305380,0.063679,-2.586969,2.406854,2.002811
0.414339,-0.338050,0.076090,-2.210132,1.714482,1.222827
0.389993,-0.362924,0.060314,-2.083613,0.904748,0.099474
0.404554,-0.350014,0.053444,-1.653719,1.758444,-1.985978
0.470744,-0.354807,0.055656,-1.589836,0.710250,-4.259387
0.451076,-0.357032,0.060514,-0.862806,0.454781,-5.333628
0.388913,-0.327283,0.038260,-0.196405,0.527861,-6.393732
0.504455,-0.292844,0.040787,-0.323698,0.752652,-7.629441
0.562052,-0.294515,0.036730,-0.115405,1.955101,-6.102915
0.486634,-0.283775,0.020331,1.827940,3.490170,-5.397846
0.540466,-0.237738,-0.000641,1.777535,2.939399,-6.163352
0.570822,-0.246890,0.031984,1.372331,2.751221,-8.424817
0.530967,-0.200772,0.042816,2.396120,3.915708,-11.368028
0.612056,-0.128978,0.016727,2.319130,4.750005,-12.593341
0.651505,-0.129572,0.025806,1.639856,5.629111,-10.357465
0.570671,-0.090577,0.022031,1.604770,3.963596,-6.659648
0.587724,-0.012639,0.028370,2.571287,3.647500,-4.971730
0.695768,0.008825,0.014557,0.747456,2.247077,-1.943373
0.632089,0.018528,-0.014062,1.402175,2.628996,-1.762256
0.551315,0.054300,0.014803,1.234843,0.553782,-1.615011
0.640459,0.092915,-0.009467,0.332021,-0.117870,-1.141262
0.613438,0.113364,-0.056865,-0.186033,1.157131,-1.119024
0.528331,0.159483,-0.025446,-0.102298,0.585307,-0.980347
0.594472,0.177415,-0.014368,-0.042486,-0.839435,0.446183
0.555776,0.167869,-0.067970,-1.714520,0.115009,4.158046
0.414667,0.168270,-0.057341,-0.849148,2.086290,4.473781
0.508361,0.209625,-0.027143,-0.478580,2.102102,3.860291
0.585190,0.247173,-0.029851,-2.112056,3.009466,2.613418
0.439151,0.238655,-0.062055,-2.200140,6.267778,1.053685
0.430702,0.271883,-0.036790,-1.349746,4.814059,0.525061
0.493554,0.279709,-0.010659,-2.263981,2.451823,3.975047
0.458419,0.314082,-0.048456,-3.104071,4.175671,6.725976
0.446950,0.371269,-0.033751,-1.915445,4.336142,7.336732
0.481488,0.362748,-0.019915,-1.600285,2.832333,9.776648
0.379128,0.361727,-0.046066,-2.147326,1.450604,12.581353
0.352685,0.363838,-0.049798,-1.053060,1.673908,9.882957
0.506697,0.369730,-0.054935,-0.734735,0.466729,6.578513
0.494995,0.343847,-0.028489,-0.038143,-0.073226,4.566069
0.366711,0.345994,-0.078165,0.448226,-0.080093,2.735766
0.406648,0.372260,-0.068019,0.535588,-0.880774,0.639604
0.467859,0.329369,-0.045731,0.236827,-0.250504,0.854221
0.396742,0.331988,-0.040772,1.096287,-0.787579,0.756538
0.416348,0.385518,-0.060161,0.727394,0.257188,0.805669
0.445945,0.341222,-0.058480,0.307852,1.267634,-0.481177
0.326629,0.314677,-0.058671,0.402088,2.980226,-1.242344
0.340113,0.310521,-0.034584,0.710545,1.620493,-3.076836
0.451118,0.310242,-0.044123,-1.070286,2.299911,-3.690427
0.324118,0.271296,-0.045594,-0.719649,3.130175,-3.537090
0.225795,0.274086,-0.037361,-0.239379,3.069509,-2.229178
0.308500,0.256137,-0.047865,-1.210850,3.271851,-0.253949
0.290679,0.204249,-0.061740,-2.360218,2.196666,1.459449
0.185973,0.160855,-0.051945,-0.866903,2.735527,-0.134016
0.196149,0.094681,-0.035950,-0.229059,-0.214259,-1.351127
0.155791,0.053867,-0.031637,-1.375733,-1.724157,-1.454225
0.029916,0.037182,-0.056990,-1.659736,-0.715484,-3.025807
0.095857,0.026252,-0.036347,-0.334797,-0.998952,-3.899436
0.116369,-0.061718,0.005928,-0.618780,-1.831802,-0.601670
-0.018300,-0.109448,-0.024399,-0.544751,-0.970283,1.833737
-0.051751,-0.121261,-0.040404,0.229826,0.091205,1.202503
0.026299,-0.195300,0.006256,0.344947,-1.187682,0.677378
-0.031433,-0.238641,-0.001054,0.731054,0.733677,0.019100
-0.098706,-0.250684,-0.001753,0.305364,2.022506,-1.840298
-0.027543,-0.277748,-0.022567,0.258110,3.019041,-1.792793
-0.080853,-0.324818,0.031957,0.758640,1.127957,-0.069670
-0.117803,-0.312926,0.028347,0.636126,1.296451,2.442780
-0.061135,-0.332315,0.009614,0.423490,0.942965,4.624087
-0.053382,-0.376664,0.009604,0.902591,1.461055,5.650090
-0.148744,-0.368787,-0.000115,1.438718,0.986772,4.923563
-0.099783,-0.412794,0.044096,1.705594,-0.457011,4.382372
-0.010018,-0.419458,0.004772,0.325719,-0.958502,3.951179
-0.078398,-0.403049,0.010231,1.902609,-0.581350,2.346564
-0.081043,-0.439103,0.030004,2.798629,-1.430865,1.906252
-0.019570,-0.488957,0.032995,1.925533,-4.001976,3.368058
-0.066466,-0.511346,0.022602,2.063264,-1.614396,2.219210
-0.049365,-0.491284,0.023866,3.454033,-0.347027,-0.544302
0.000161,-0.543570,0.062514,2.909224,-3.239432,-2.383273
-0.023016,-0.552603,0.034288,2.140540,-0.358738,-3.047095
-0.071048,-0.550542,0.022714,3.308953,1.085206,-5.149472
0.021707,-0.578787,0.040016,3.084621,0.809977,-5.331110
0.050930,-0.594156,0.052249,2.576221,0.787932,-3.874987
-0.050701,-0.574385,-0.008151,2.491124,2.182302,-3.016234
-0.023154,-0.581118,0.008343,2.590953,2.055777,-4.717738
0.033323,-0.610791,0.043052,2.240503,1.063782,-4.417633
0.003450,-0.590798,0.014570,2.135665,1.673321,-5.031434
0.002672,-0.600579,-0.001727,1.488644,1.459046,-6.161961
0.030704,-0.615419,-0.004127,1.074591,0.612003,-7.735250
-0.026434,-0.623304,0.010484,1.636649,-0.268645,-8.312307
-0.026309,-0.605805,0.010415,1.284710,-2.044769,-7.007771
0.048688,-0.622289,-0.000253,0.368634,-0.773058,-6.101708
0.061933,-0.614566,-0.011437,1.226427,1.030705,-6.042798
-0.016668,-0.576178,-0.000033,1.186479,-1.432414,-6.231957
0.053471,-0.561167,-0.019784,-0.399861,-0.374599,-5.798001
0.114892,-0.524332,-0.015815,0.162135,0.676881,-4.059039
0.045797,-0.462684,-0.009241,0.168480,1.129224,-1.860480
0.118388,-0.431081,0.000577,-0.188859,1.240938,1.130126
0.185970,-0.408146,-0.033412,-1.663511,1.626369,3.993497
0.181381,-0.350622,-0.081333,-0.784326,4.568113,6.116259
0.206344,-0.313290,-0.046670,0.181580,3.079405,5.675339
0.289885,-0.292440,-0.030094,-0.552737,1.448588,4.934550
0.263179,-0.225088,-0.100949,-0.610991,2.311456,4.900424
0.273647,-0.183765,-0.044307,1.484439,3.360622,2.903453
0.382276,-0.134227,-0.064185,0.807013,1.399769,3.797418
0.358997,-0.083621,-0.065695,0.473120,-0.197433,6.835051
0.305565,-0.035192,-0.094561,1.854537,0.756903,10.003824
0.382033,-0.003454,-0.088108,1.674850,-0.671000,11.863567
0.409435,0.014789,-0.049208,2.121399,-4.538454,12.616927
0.356003,0.049400,-0.138713,2.656447,0.060649,11.168306
0.369822,0.046928,-0.106237,3.053231,0.350176,8.283761
0.450735,0.060166,-0.102636,3.637620,-0.151856,5.601534
0.407600,0.066403,-0.092004,4.064672,1.595490,3.284466
0.440139,0.071911,-0.127917,3.899420,2.599867,2.327973
0.477007,0.051274,-0.089565,2.846168,2.491100,2.123052
0.442853,0.075364,-0.110839,3.301541,3.711232,3.604346
0.404767,0.108966,-0.136287,1.322638,3.783537,3.021541
0.489782,0.115590,-0.115355,1.102005,4.856698,1.502043
0.496423,0.111490,-0.124103,0.924629,4.542355,1.951787
0.435734,0.118222,-0.132562,0.295333,3.880537,2.240771
0.480897,0.116355,-0.149962,-1.220159,2.279935,2.435953
0.498110,0.068247,-0.135211,-1.046813,2.336409,2.691081
0.445627,0.022635,-0.138779,-1.229248,2.134336,2.601575
0.485069,0.003501,-0.133888,-0.727678,1.429130,-0.253568
0.538261,-0.071329,-0.143456,-0.846043,1.705557,-3.260089
0.461051,-0.129254,-0.145862,-0.924293,0.946720,-5.593881
0.477552,-0.161720,-0.119219,0.793095,1.426658,-7.686954
0.562597,-0.168984,-0.141536,-0.160105,0.691143,-7.697298
0.523959,-0.208128,-0.138959,-1.267580,1.162967,-6.454088
0.464137,-0.245925,-0.148649,-0.515505,2.474180,-6.560069
0.521156,-0.253333,-0.121142,0.339216,2.713233,-6.238553
0.510701,-0.259613,-0.106365,-0.891140,2.511015,-6.156965
0.451860,-0.233767,-0.156422,-1.440909,3.713027,-7.899472
0.464347,-0.236616,-0.116363,-0.642699,3.796359,-9.617241
0.507668,-0.239806,-0.100305,-0.835742,2.084262,-7.877643
0.432579,-0.215296,-0.138690,-1.729314,3.842132,-5.252521
0.418773,-0.199971,-0.133783,-1.602842,3.458451,-3.922887
0.486592,-0.170829,-0.110586,-1.116880,2.243339,-2.056583
0.398678,-0.145568,-0.104786,-1.079995,1.344361,-1.002020
0.375583,-0.087760,-0.140650,-2.074170,1.534378,-1.820192
0.406556,-0.063740,-0.128035,-1.699316,-0.115589,-2.913910
0.359466,-0.027199,-0.107612,-1.337726,0.122066,-1.654617
0.308099,0.039473,-0.128501,-0.734476,0.700058,-0.947391
0.352941,0.082808,-0.141165,-1.097497,0.086951,0.474785
0.293161,0.108398,-0.120821,-0.923147,-1.054609,1.798690
0.177215,0.119598,-0.106424,0.248023,-0.001944,2.833181
0.232735,0.192671,-0.103440,-0.275004,0.467602,2.234222
0.275216,0.208516,-0.111403,0.309080,1.028712,1.186747
0.183839,0.222010,-0.096465,0.960995,2.181245,0.550664
0.173142,0.245621,-0.099117,1.165333,2.544000,-0.630306
0.236352,0.266375,-0.103407,1.666535,3.817261,-0.593210
0.188514,0.255655,-0.071315,1.836920,3.928962,1.060285
0.203829,0.284698,-0.096514,2.382770,3.645616,1.917120
0.240524,0.301691,-0.072769,1.207083,2.123487,2.782788
0.199178,0.320903,-0.091233,1.131422,2.145735,3.213397
0.125415,0.312264,-0.083831,1.614466,-0.140890,3.255510
0.195108,0.307419,-0.081792,0.867265,-0.828557,3.117947
0.198794,0.310869,-0.117988,0.559352,-0.649166,2.909946
0.100593,0.271299,-0.083004,0.766589,-1.572794,1.174890
0.135240,0.268942,-0.090412,0.030440,-2.526802,-0.077458
0.141614,0.235822,-0.121687,-1.426404,-2.486642,-0.346765
0.109092,0.189553,-0.106082,-0.034119,-0.976753,0.000365
0.151386,0.175885,-0.088315,-0.450729,-2.110192,-0.535571
0.141148,0.147361,-0.083532,-2.381167,-1.070594,-0.206430
0.048761,0.113519,-0.081103,-2.141831,1.650619,-0.405578
0.019077,0.126373,-0.067192,-2.278364,1.348116,-0.070973
0.093585,0.117559,-0.043683,-3.196603,1.538836,0.728739
0.059835,0.097300,-0.073196,-3.980213,2.176791,2.124602
-0.027605,0.061065,-0.049126,-2.943508,2.882580,2.837481
0.007031,0.051740,-0.034016,-3.407815,0.908841,3.456265
0.006361,0.061380,-0.069349,-3.706323,1.530544,3.744886
-0.021451,0.025126,-0.087061,-2.700581,2.943814,2.278190
0.002554,0.009462,-0.047668,-1.725674,0.609334,1.248972
0.021963,-0.004380,-0.047773,-1.752032,-1.342856,1.791705
-0.057141,-0.037710,-0.072608,-1.059378,-0.726155,1.589896
-0.082416,-0.079935,-0.038376,0.778554,-1.844406,0.995305
-0.037495,-0.082597,-0.055454,0.927015,-3.568970,1.692775
-0.092942,-0.090836,-0.066424,1.226259,-1.779046,2.448375
-0.124647,-0.130311,-0.057079,2.382009,-1.864216,1.392346
-0.114186,-0.160936,0.016553,2.576628,-9.606654,0.421684
-0.101424,-0.170425,-0.036081,2.701675,-1.478043,1.289370
-0.123039,-0.177240,-0.050885,3.125625,0.083389,0.595386
-0.082127,-0.214607,-0.045318,3.751911,0.343582,0.253396
-0.121401,-0.227448,-0.058110,3.582153,1.522010,1.468568
-0.146400,-0.251121,-0.066138,2.917666,3.163281,2.733108
-0.119146,-0.275112,-0.041714,2.741501,1.805865,2.248506
-0.108432,-0.295680,-0.028824,3.271116,2.211739,2.640941
-0.178309,-0.342767,-0.055536,1.970621,0.850508,2.333498
-0.161391,-0.369584,-0.094669,1.976795,1.332009,0.720645
-0.149952,-0.425986,-0.053862,2.555072,-0.986081,-0.426934
-0.154255,-0.474058,-0.074397,2.217234,-1.460397,0.216165
-0.187211,-0.540146,-0.077663,1.674423,-2.805310,-0.902188
-0.151691,-0.588375,-0.091640,2.081288,-2.550636,-2.821216
-0.186896,-0.637408,-0.072158,2.692918,-3.138475,-4.126734
-0.171934,-0.677516,-0.110734,1.641136,-2.197777,-4.731204
-0.148970,-0.744780,-0.099560,1.308484,-2.536488,-6.160275
-0.124526,-0.793531,-0.072214,2.033591,-1.058298,-6.947368
-0.155804,-0.780359,-0.083965,0.790036,-0.544997,-7.362505
-0.126476,-0.811575,-0.105383,0.405827,1.411684,-8.934399
-0.140928,-0.815487,-0.089411,0.620456,0.821863,-8.545686
-0.129236,-0.802942,-0.092884,-0.115309,1.890923,-6.467590
-0.091761,-0.799732,-0.102550,-0.334366,3.647993,-5.495791
-0.092089,-0.810032,-0.080620,-0.612339,1.920075,-4.263888
-0.134363,-0.789622,-0.116704,-0.176734,2.202299,-3.638013
-0.119271,-0.755629,-0.127947,-0.397307,0.505190,-4.470364
-0.103692,-0.735934,-0.113773,-0.531434,-0.131699,-7.250764
-0.119251,-0.708214,-0.109529,0.101663,-0.094010,-7.983621
-0.112141,-0.641104,-0.154446,-0.861602,-0.850024,-7.771638
-0.073793,-0.573345,-0.158250,-0.798040,-0.802951,-7.510103
-0.040604,-0.505096,-0.130852,0.524221,-1.321517,-6.055497
-0.022541,-0.440862,-0.153251,-0.627997,-1.082273,-3.178754
-0.011584,-0.389541,-0.139389,0.288906,-0.919839,-1.149150
0.057101,-0.334886,-0.123515,0.681361,-0.728367,0.928628
0.065846,-0.250287,-0.151846,0.323024,-0.775713,1.239264
0.084559,-0.185817,-0.180141,0.872097,1.082409,0.128348
0.111222,-0.127734,-0.164447,1.101690,0.746196,-0.160979
0.146482,-0.062916,-0.145255,2.478561,2.043704,1.775463
0.164345,-0.007633,-0.151465,2.030397,2.038167,3.392894
0.222838,0.040517,-0.194357,2.169576,1.829059,5.335964
0.204798,0.075895,-0.168094,2.218392,2.122752,7.085976
0.242999,0.129409,-0.153789,3.188316,-0.681698,8.023224
0.299348,0.167584,-0.175499,2.356566,1.587183,8.317613
0.341587,0.204780,-0.213428,2.479772,2.379753,6.949532
0.309869,0.206924,-0.180259,2.526987,0.803320,6.002184
0.333197,0.250301,-0.204710,3.261682,0.703228,5.879496
0.357858,0.259236,-0.179924,1.877415,-0.110094,6.722013
0.377500,0.254362,-0.217035,1.557506,0.089793,6.900138
0.364899,0.214043,-0.178719,2.407198,0.456232,7.556088
0.402670,0.216138,-0.204007,1.573160,0.091822,8.375720
0.381600,0.173522,-0.208432,1.242493,2.388790,5.379434
0.356906,0.146767,-0.190218,1.143567,1.128600,3.077201
0.381954,0.131795,-0.166919,0.676086,1.291297,2.028698
0.400021,0.140579,-0.172617,-0.570840,2.003212,1.705070
0.355954,0.111536,-0.182649,-1.567904,2.633102,1.643757
0.353436,0.090190,-0.167855,-1.106399,0.753017,3.036289
0.337681,0.093401,-0.163794,-2.555865,2.311794,5.161635
0.330000,0.087200,-0.178795,-3.407028,2.663455,3.733275
0.312583,0.052245,-0.154433,-2.806437,1.976161,2.419738
0.311809,0.023419,-0.166670,-2.551998,1.858125,1.083930
0.319663,0.024348,-0.170274,-3.045690,1.743840,-1.345045
0.287886,-0.008490,-0.175017,-3.079224,1.483188,-4.886606
0.302989,-0.019692,-0.161510,-1.603587,1.351090,-6.252297
0.306754,-0.045512,-0.144569,-2.204723,-0.233520,-6.037652
0.342355,-0.066920,-0.166414,-1.847016,0.667772,-6.245856
0.333026,-0.078616,-0.151301,-0.588184,0.844436,-6.830698
0.296279,-0.088276,-0.142219,-0.385248,0.207124,-6.395270
0.292669,-0.055012,-0.172552,-1.056516,0.391827,-8.014957
0.301554,-0.051811,-0.140627,-0.370142,0.695630,-8.480643
0.315120,-0.031450,-0.131118,0.416875,0.475657,-8.422685
0.285464,-0.007505,-0.143414,-0.073351,0.641716,-6.388847
0.270827,-0.002906,-0.168925,0.216807,3.290942,-4.134111
0.270896,0.015131,-0.130129,0.442842,1.734170,-3.545468
0.296900,0.014852,-0.125137,0.895284,2.494140,-2.084684
0.273424,0.019067,-0.149768,0.510513,2.175967,-1.466023
0.227703,-0.012284,-0.139416,1.571371,1.965411,-1.480440
0.212085,-0.004721,-0.111866,1.997254,1.662025,-1.199900
0.206547,-0.007423,-0.120781,1.476056,0.903392,-1.374359
0.182343,0.003344,-0.127093,1.431306,2.200342,-2.563889
0.111504,-0.031755,-0.096875,1.872311,-0.737598,-2.517811
0.083997,-0.002591,-0.122445,1.569247,-0.563195,-1.069829
0.033438,-0.018619,-0.096744,1.154725,-1.265995,0.058387
0.012985,-0.027311,-0.077745,1.203964,-1.551150,1.486559
-0.019416,-0.032330,-0.067185,1.213592,-1.445035,1.626089
-0.071744,-0.056971,-0.095556,0.505514,-1.126350,1.087466
-0.117334,-0.084320,-0.066460,1.467840,-0.612215,-1.923700
-0.168100,-0.119981,-0.033042,0.536543,-1.606866,-2.887017
-0.158069,-0.103631,-0.077666,0.028963,0.484457,-3.027043
-0.161585,-0.116620,-0.051472,0.039369,1.982047,-4.140574
-0.162487,-0.108115,-0.036288,-0.364824,2.111211,-3.445918
-0.198932,-0.119118,-0.024908,-1.055065,0.581759,-1.608002
-0.228136,-0.087035,-0.048334,-2.200764,1.079741,0.352115
-0.248927,-0.063076,-0.017489,-1.758121,0.825755,1.255347
-0.244151,-0.009688,-0.013199,-2.549766,-0.557520,1.263116
-0.269488,-0.006336,-0.023227,-3.223769,1.055208,1.012626
-0.296083,0.004056,-0.023332,-3.190642,-1.681469,-0.881463
-0.311520,0.029869,0.003485,-2.544491,-2.302835,-2.051391
-0.299414,0.057612,-0.012946,-3.578929,-3.221734,-1.971076
-0.299155,0.079014,-0.014643,-3.065319,-2.466566,-3.545790
-0.281981,0.097878,0.015214,-1.403926,-2.290870,-2.336133
-0.273227,0.129872,0.011065,-1.778232,-3.152986,0.262932
-0.303937,0.116443,-0.023204,-1.532135,-1.628878,1.261541
-0.318095,0.143665,0.010031,0.127367,-1.305486,1.237783
-0.295955,0.180064,-0.018454,0.340082,-1.627493,2.154627
-0.279017,0.200802,-0.028689,0.857775,-0.354258,0.686303
-0.308986,0.176256,0.032995,1.605613,-2.254376,0.956809
-0.301394,0.174848,-0.034410,1.854589,0.256380,2.431195
-0.312403,0.174418,-0.008453,2.758301,0.125247,2.498222
-0.258430,0.169429,0.007342,2.891512,0.167213,3.281548
-0.259611,0.155419,-0.023861,2.755051,-0.291866,2.345544
-0.276230,0.110174,-0.029323,4.066858,-0.210698,3.220603
-0.285520,0.089255,-0.007527,3.838538,-2.079432,3.658327
-0.273805,0.059756,-0.035822,3.094901,-1.652705,3.987454
-0.264689,0.044574,-0.057200,3.008911,-1.627509,3.638899
-0.290374,0.010519,-0.014555,2.710459,-3.146067,4.086607
-0.283403,-0.009770,-0.020201,1.388135,-3.962869,4.802619
-0.293132,-0.049031,-0.051600,0.496599,-2.606178,6.191853
-0.265743,-0.119334,-0.047461,0.888352,-1.361727,6.508497
-0.261614,-0.139846,-0.037959,-0.118723,-3.911072,6.223602
-0.252859,-0.180020,-0.050658,-0.981417,-1.064637,6.650644
-0.244571,-0.221707,-0.095096,-1.093926,1.346081,6.150430
-0.253923,-0.309466,-0.044527,-0.705397,0.024161,4.686434
-0.218489,-0.345626,-0.076376,-1.255819,-0.232844,4.610995
-0.185609,-0.371301,-0.095670,-1.398188,1.097049,2.674980
-0.175594,-0.435331,-0.093888,-0.294035,1.606359,1.167809
-0.177757,-0.470637,-0.130008,-0.591463,3.178578,0.665133
-0.208208,-0.542316,-0.144205,-0.566937,0.348857,-0.679153
-0.150546,-0.557720,-0.172473,1.558218,5.432904,-0.649699
-0.170421,-0.600832,-0.149893,0.841511,-1.379255,-0.932504
-0.160711,-0.620779,-0.213503,1.426970,-1.832888,-2.868906
-0.177501,-0.686195,-0.203410,2.158166,-1.571186,-4.738531
-0.112614,-0.699689,-0.220380,3.351283,-1.349608,-5.439849
-0.097209,-0.723595,-0.234816,2.857050,-1.246067,-8.146909
-0.086781,-0.743536,-0.252256,3.130234,-0.648187,-10.585469
-0.064385,-0.739075,-0.242461,3.793214,-0.767327,-11.126644
-0.030159,-0.718320,-0.273992,3.534768,0.374200,-10.178629
-0.017098,-0.705647,-0.294310,3.298994,1.253792,-9.680358
0.003535,-0.719394,-0.266466,3.743413,0.874572,-7.777843
-0.016898,-0.693213,-0.255387,2.674628,0.030158,-7.760125
-0.007871,-0.671582,-0.275400,1.908589,1.691456,-8.620088
0.011331,-0.649839,-0.285770,2.537179,1.929482,-10.171890
0.007510,-0.620084,-0.243761,1.317885,0.614025,-9.846213
0.038982,-0.569376,-0.284105,0.572955,0.392031,-8.674596
0.023689,-0.543475,-0.289272,0.234063,0.944849,-7.423793
0.051741,-0.529705,-0.285615,0.437827,0.637285,-6.244459
0.053566,-0.493010,-0.296894,-0.124977,-0.226079,-4.960155
0.034961,-0.436881,-0.305080,-0.600369,-0.881903,-3.883575
0.056684,-0.389791,-0.324745,-0.983538,0.454187,-4.528535
0.100173,-0.374380,-0.296523,-0.408340,-0.046661,-3.759846
0.110129,-0.295516,-0.332255,-0.558978,-0.268051,-1.663494
0.052391,-0.249293,-0.318962,-0.892040,0.345666,-0.225308
0.090989,-0.220230,-0.335269,-0.476858,0.283382,1.980324
0.136907,-0.181546,-0.285402,-0.395102,-0.500228,4.122438
0.133631,-0.101852,-0.360783,-0.021003,2.378240,5.494726
0.104080,-0.100811,-0.296868,0.391876,0.839496,4.173442
0.181095,-0.063871,-0.292115,0.870452,1.163101,3.794987
0.145862,0.003015,-0.302704,0.725483,1.451556,3.272461
0.163846,0.064886,-0.325622,1.623407,3.321285,3.367815
0.222740,0.085864,-0.273506,1.367951,1.096816,5.043961
0.199766,0.170476,-0.260705,1.149722,-2.142258,8.043023
0.135056,0.219453,-0.317038,1.105622,0.927987,11.185224
0.187696,0.241626,-0.315633,1.549221,0.335871,11.591594
0.207027,0.265230,-0.260107,0.937062,-2.441722,11.644074
0.174823,0.330275,-0.308734,1.469992,0.161669,11.118944
0.151842,0.299502,-0.278801,1.244374,-0.020139,7.589928
0.205418,0.306011,-0.282796,1.398501,-0.943410,6.771683
0.191547,0.334007,-0.261860,1.320579,1.794613,5.681916
0.225776,0.337545,-0.285543,1.427770,2.552180,3.534807
0.265520,0.269878,-0.229394,1.038450,0.426263,2.125769
0.218180,0.300267,-0.225432,0.284606,-1.304872,3.196122
0.128294,0.296797,-0.242415,0.487923,2.532049,2.043243
0.188697,0.300290,-0.194528,0.016046,1.768875,0.163522
0.179145,0.293833,-0.183229,-0.997538,0.028139,-1.036564
0.059740,0.300985,-0.226311,-1.487904,0.949175,-2.790101
0.029440,0.249655,-0.158595,-1.353813,0.514764,-2.895388
0.069735,0.242171,-0.143850,-2.765918,-1.749741,-0.544061
-0.001776,0.232195,-0.174219,-2.604675,0.191654,-0.604147
0.023584,0.175301,-0.119357,-1.700501,-0.771797,-1.228122
0.085113,0.149179,-0.113474,-2.313165,-1.624060,-1.659351
-0.030576,0.107325,-0.121976,-2.517848,0.384980,-2.885570
-0.072883,0.058571,-0.106279,-1.079339,1.249036,-3.360861
0.007668,0.022868,-0.060604,-1.753693,-1.322417,-3.253027
0.023131,0.027791,-0.083371,-1.968597,0.545875,-1.814223
-0.081615,-0.045660,-0.061507,-0.113609,0.924350,-2.365650
-0.038263,-0.085029,-0.051509,-0.307017,0.152074,-1.422943
-0.043929,-0.115037,-0.049792,-0.567508,-1.128198,-1.206981
-0.084536,-0.143542,-0.037506,0.833965,0.070312,-2.722805
-0.065009,-0.152132,-0.017374,1.261026,-0.544318,-5.540700
-0.026942,-0.178329,-0.048873,0.452693,0.340608,-6.030321
-0.099343,-0.198891,-0.032792,0.661768,0.032167,-4.813354
-0.124148,-0.208879,-0.003352,1.776113,-2.530495,-3.110461
-0.036330,-0.200729,-0.021868,0.908496,-0.757982,0.030411
-0.090129,-0.223283,-0.019649,0.098686,-0.853612,1.311888
-0.159225,-0.198690,0.010510,1.572248,-0.019115,1.636779
-0.091807,-0.197942,-0.001606,0.327209,-0.734824,1.407233
-0.092644,-0.225606,0.002862,-0.281096,-1.190636,0.702264
-0.184122,-0.233895,0.009719,0.530861,-0.348832,0.659777
-0.161401,-0.186949,0.008376,0.311237,-0.410631,1.196085
-0.130628,-0.202062,0.004536,-0.203167,-1.001105,1.817265
-0.222251,-0.240663,0.000489,0.567792,-0.425845,1.653588
-0.238371,-0.247904,0.023032,0.877205,-0.622624,1.860982
-0.171655,-0.225416,0.001437,0.623748,-1.615715,0.195332
-0.243130,-0.259665,0.018516,0.831565,-0.581715,-2.083706
-0.272305,-0.255191,0.004519,2.575755,-0.110977,-4.588848
-0.235229,-0.281746,0.005708,1.398413,-1.710355,-5.054812
-0.249817,-0.294321,-0.023440,1.749978,-1.224475,-3.773394
-0.350292,-0.284326,0.007145,2.078114,-1.201951,-3.168232
-0.334671,-0.270779,-0.022433,1.760902,-1.821229,-3.217560
-0.325277,-0.282997,-0.000749,0.931151,-2.346317,-2.422044
-0.379315,-0.277804,0.020879,1.750963,-5.014687,-2.286536
-0.392836,-0.298509,-0.025909,1.659751,-2.481902,-3.631007
-0.348884,-0.362638,-0.043677,1.593173,-1.837411,-4.572537
-0.395055,-0.347802,-0.035746,2.013282,-1.258261,-5.173057
-0.422115,-0.318660,-0.038313,1.393936,-0.721471,-6.472753
-0.330384,-0.303942,-0.067783,0.713338,-0.987844,-6.564709
-0.404012,-0.366177,-0.036173,0.170151,-1.363998,-5.398617
-0.474066,-0.310251,-0.033688,-0.463921,-5.329492,-3.003750
-0.410984,-0.293274,-0.083637,-0.960229,-1.455667,-3.635813
-0.414963,-0.264182,-0.088009,-0.998118,-1.320920,-3.195661
-0.467111,-0.242741,-0.106929,-1.278068,1.433486,-2.620651
-0.420175,-0.214029,-0.114508,-2.242937,-1.448019,-1.826047
-0.388352,-0.194512,-0.127106,-1.748001,-1.017682,0.554480
-0.483966,-0.179088,-0.112749,-2.265540,-2.111282,1.970348
-0.427502,-0.120847,-0.134715,-2.873316,-2.996371,2.431919
-0.340684,-0.069073,-0.142997,-2.768249,-1.548124,4.310338
-0.395081,-0.052349,-0.124264,-2.142816,-0.664360,6.356702
-0.379210,-0.005345,-0.160722,-2.011332,-0.815989,8.476724
-0.269442,-0.010580,-0.163164,-1.732689,-1.224111,9.535440
-0.307184,0.008067,-0.144021,0.050942,-0.584731,10.935669
-0.341873,0.046892,-0.169240,0.876626,-0.538797,10.363486
-0.257616,0.045415,-0.167559,1.235384,-1.069183,8.425027
-0.294051,0.023225,-0.158362,1.951021,-1.943247,8.774813
-0.343471,0.049094,-0.162924,3.357795,-1.514548,8.402170
-0.235742,0.050164,-0.178628,3.728235,-2.090655,7.240437
-0.221404,0.024808,-0.143092,4.167143,-1.610290,7.094494
-0.330354,0.008287,-0.152598,5.303736,-1.065572,8.544487
-0.217695,0.002241,-0.201562,5.310045,-0.285491,10.232749
-0.151718,-0.063680,-0.123614,4.779439,-1.633963,10.897753
-0.237859,-0.101543,-0.149969,5.789980,-0.607574,9.126978
-0.229699,-0.130232,-0.151180,4.872919,0.248985,6.400105
-0.112519,-0.161041,-0.141976,4.237443,-0.959202,3.979781
-0.202323,-0.208104,-0.148820,4.212368,-0.456801,1.682923
-0.176300,-0.262281,-0.154058,3.432504,0.474229,0.029566
-0.050523,-0.320663,-0.175210,1.869571,1.032713,-0.369737
-0.115686,-0.385399,-0.160843,1.846269,0.071340,0.541186
-0.171471,-0.398588,-0.161565,0.933636,-2.784024,-1.690503
-0.071222,-0.471287,-0.172086,-0.686336,-1.255425,-3.297307
-0.058106,-0.550246,-0.161867,-0.561167,-0.441354,-3.451935
-0.106463,-0.554658,-0.166538,-0.720289,0.039543,-4.883985
-0.038716,-0.604108,-0.164392,-2.004914,-1.003173,-7.977955
-0.059944,-0.674874,-0.167730,-1.972034,-1.001469,-8.964265
-0.156221,-0.697812,-0.147215,-2.212299,-0.406176,-8.627459
-0.028298,-0.684531,-0.139974,-2.306570,0.140320,-10.967446
0.036107,-0.744619,-0.127136,-2.817761,-0.445418,-10.721523
-0.088038,-0.763063,-0.138989,-1.800523,1.082341,-9.788072
-0.063909,-0.712186,-0.131095,-1.696158,0.689262,-10.682898
0.056615,-0.701967,-0.114958,-2.664845,0.935796,-10.725485
0.003788,-0.672071,-0.126171,-1.316239,2.112133,-11.315351
-0.040131,-0.626192,-0.087944,-1.022401,-2.110244,-10.679202
0.090123,-0.584023,-0.107126,-1.724975,0.610247,-8.528257
0.015723,-0.533805,-0.114485,-0.692533,1.333132,-6.573376
0.005672,-0.479490,-0.100824,1.818644,2.206270,-6.674473
0.136868,-0.424181,-0.079301,0.607743,-1.284511,-4.736696
0.094291,-0.388301,-0.110120,0.784774,0.211559,-2.683558
-0.005518,-0.304776,-0.096212,3.401209,0.801452,-3.050741
0.099087,-0.267960,-0.070297,2.987924,-2.342838,-1.804039
0.165356,-0.203375,-0.071541,2.019857,-1.650979,0.621546
0.038385,-0.114145,-0.081907,3.580584,0.629357,0.669020
0.064414,-0.035954,-0.069569,4.335571,-0.545444,1.872083
0.121985,-0.017109,-0.025479,3.004457,-2.148692,4.751800
0.059842,0.060002,-0.065823,2.374278,0.674947,6.186368
0.101913,0.143950,-0.049395,3.644053,2.141773,4.981132
0.162773,0.155665,-0.021458,1.628092,-1.292113,5.440586
0.049309,0.214145,-0.061733,1.202366,1.152273,5.303896
0.049322,0.278117,-0.072815,2.035495,3.368470,4.680080
0.168954,0.295418,-0.040027,0.557820,0.709541,5.689672
0.138302,0.319150,-0.047573,0.004732,0.403394,7.664918
0.011676,0.350951,-0.075149,0.148920,1.617020,9.090213
0.051268,0.314279,-0.059892,0.179670,0.106402,9.486720
0.088176,0.323611,-0.045400,-0.867645,-2.800515,9.917623
0.009555,0.335668,-0.056455,-1.172426,-0.565355,8.292391
0.013504,0.301757,-0.086608,-1.004109,0.441073,6.459858
0.014768,0.261911,-0.018947,-1.020482,-2.833907,5.785330
-0.055398,0.274700,-0.049162,-0.945294,-1.811142,4.535576
-0.052588,0.284048,-0.074919,-0.661314,-0.591263,2.948346
-0.009122,0.203093,-0.035428,-0.978703,-1.679415,3.199655
-0.112689,0.191519,-0.033475,-1.281987,-1.380082,3.810614
-0.201125,0.185572,-0.078520,-0.958972,0.175550,1.595517
-0.132709,0.155104,-0.073123,-0.832454,-0.267018,-1.404975
-0.162133,0.140304,-0.007547,-1.432473,-0.818336,-2.359056
-0.268792,0.147712,-0.050025,-2.028791,0.270134,-3.625646
-0.276582,0.119877,-0.042003,-1.742487,0.990537,-4.542221
-0.241867,0.096765,-0.028354,-1.849957,-0.826591,-2.261243
-0.328136,0.097858,-0.040936,-2.177548,-0.023267,-1.360261
-0.325684,0.103258,-0.044084,-2.115759,0.445186,-2.453553
-0.282201,0.091494,-0.012927,-1.834152,-1.097967,-2.707823
-0.356089,0.079024,-0.032234,-2.588102,-0.839353,-1.765170
-0.375009,0.095912,-0.050301,-2.394888,-0.842143,-2.410892
-0.264991,0.105201,-0.010124,-1.746281,-2.233520,-0.800555
-0.322158,0.109869,-0.011256,-2.601688,-3.674106,2.296757
-0.412376,0.106238,-0.055579,-1.796532,-1.540459,2.746821
-0.367915,0.080228,-0.010488,-0.307487,-2.660151,2.825686
-0.320980,0.079749,-0.020155,-1.110246,-3.463144,3.924230
-0.403061,0.067548,-0.030760,-0.446107,-2.090291,1.195688
-0.367298,0.042920,-0.052365,1.588673,-1.233925,-1.274849
-0.340451,-0.025128,-0.017726,1.187217,-2.503188,-1.152921
-0.391618,0.014412,-0.030281,1.384945,-1.090647,-0.775721
-0.381324,0.015581,-0.041888,2.063592,0.222174,0.095061
-0.281975,-0.014916,0.012207,2.598541,0.070985,2.354438
-0.374779,-0.067380,0.000147,2.195661,-0.643546,6.184581
-0.426632,-0.054923,-0.006290,2.648851,-0.048269,6.187652
-0.332501,-0.106165,0.009978,3.457880,-0.266210,4.029391
-0.370144,-0.186069,0.020009,2.905781,-1.794116,3.809281
-0.434766,-0.193911,-0.013698,3.059635,-0.453860,2.418875
-0.379647,-0.208813,-0.000805,3.484077,-2.248970,1.020271
-0.341262,-0.330809,0.010664,2.948361,-2.785215,2.689118
-0.433676,-0.385035,-0.027937,2.987763,-0.616413,2.865282
-0.369186,-0.396165,-0.050304,3.559928,-0.621360,1.438771
-0.320113,-0.487568,0.015798,2.665007,-3.465359,-0.051353
-0.409149,-0.545090,-0.024117,2.048204,-1.814070,-2.511056
-0.438465,-0.555538,-0.026752,2.328167,-1.229041,-6.433999
-0.326924,-0.586780,-0.009628,1.753566,-2.346350,-6.398428
-0.364676,-0.623816,-0.006720,-0.695845,-3.057382,-5.895910
-0.405851,-0.560222,-0.040801,-0.477005,-0.244949,-7.151346
-0.344620,-0.596443,-0.007045,-0.605597,-0.804467,-6.259230
-0.375285,-0.632721,-0.003706,-2.593360,-1.641614,-3.685338
-0.428089,-0.599765,-0.035339,-2.022399,0.006623,-5.364386
-0.331838,-0.579861,-0.034719,-2.208950,-0.111115,-7.891216
-0.315439,-0.654333,-0.007662,-2.579754,-1.028835,-8.184977
-0.439745,-0.602805,-0.031804,-2.933197,-1.033762,-10.067035
-0.424439,-0.522165,-0.067743,-2.105511,-0.589546,-12.294240
-0.330584,-0.533726,-0.032969,-2.030287,-2.424764,-10.157718
-0.392704,-0.513939,-0.031144,-2.326787,-1.554957,-7.099457
-0.391368,-0.382937,-0.066079,-0.579620,-0.722078,-6.006629
-0.334858,-0.367605,-0.051443,-1.734901,-1.934496,-4.555386
-0.364738,-0.360561,-0.026276,-1.035045,-1.248594,-2.890576
-0.397786,-0.241638,-0.022534,0.691103,-2.130211,-2.276808
-0.288356,-0.162016,-0.015366,0.529197,-1.642648,-1.567225
-0.301387,-0.163453,-0.005679,0.552299,-1.398457,-0.260135
-0.358029,-0.079942,-0.017946,2.083802,-0.401565,1.094351
-0.281321,-0.002145,-0.007606,2.894279,-0.516401,2.230906
-0.197258,-0.005000,0.004946,1.815365,-0.470775,5.532516
-0.288796,0.036825,0.033342,3.869412,0.053454,6.559383
-0.230263,0.130755,-0.002889,4.401814,-0.613597,7.596561
-0.148458,0.098170,0.027217,3.309366,-1.464418,9.663075
-0.176175,0.100694,0.026059,3.971647,0.064542,9.922440
-0.158562,0.197704,-0.023152,5.459826,5.423453,10.357115
-0.110388,0.163323,0.017219,3.236447,-1.388371,11.469434
-0.122635,0.124735,0.047683,3.250611,-0.809227,13.204423
-0.154176,0.183996,0.032591,4.239576,-0.951793,12.291008
-0.059448,0.162680,0.020610,2.890576,0.119959,12.529101
-0.074305,0.069787,0.045596,1.274918,-1.537062,12.311654
-0.106571,0.065648,0.038283,2.708621,-0.446652,10.636785
0.005876,0.113279,0.054583,1.613117,-0.567150,9.441926
0.026624,-0.007587,0.051721,-0.202045,-0.777348,8.775117
-0.029611,-0.042256,0.006102,0.144975,0.798613,8.991583
-0.020985,-0.049254,0.080902,0.427537,-0.291110,8.193655
0.051462,-0.082715,0.057406,-1.910196,0.195245,6.669558
-0.003653,-0.126231,0.047910,-2.236431,0.191352,3.247700
-0.003814,-0.129484,0.055883,-1.364875,-0.064898,1.881526
0.088019,-0.163746,0.054383,-3.081662,-0.194682,2.444897
0.056881,-0.253520,0.023820,-2.775827,1.884263,1.515126
0.016054,-0.267940,0.024930,-0.703165,2.098022,-1.698789
0.066220,-0.314902,0.053772,-1.403387,-0.543727,-2.618596
0.054505,-0.355660,0.015040,-1.906556,-0.411553,-5.325738
-0.013107,-0.364782,0.061837,0.056539,0.081558,-9.144730
0.050474,-0.390273,0.038903,0.603032,-0.322363,-10.771942
0.014177,-0.452088,0.029062,-0.591739,-0.733731,-10.978788
-0.042101,-0.424316,-0.013977,1.391074,0.399708,-12.771191
-0.040407,-0.416093,0.085061,1.059708,-2.063742,-13.929564
0.034876,-0.432151,0.028800,0.199394,-0.273635,-11.550979
-0.036202,-0.422425,0.019231,1.110721,2.418454,-9.785603
-0.078030,-0.360580,0.049522,1.598084,0.087840,-9.937749
-0.010153,-0.368304,0.020400,0.396698,1.022928,-9.179957
-0.036606,-0.342744,0.031101,0.214582,-1.488416,-9.190169
-0.060102,-0.284582,0.026377,0.909760,1.246347,-8.971461
-0.030294,-0.265885,0.027467,0.676250,0.909372,-7.852596
-0.027592,-0.262360,-0.004140,-0.150028,1.835962,-5.985068
-0.098844,-0.227208,0.016943,0.800835,0.480390,-4.896826
-0.027074,-0.164517,-0.004829,0.769586,0.272412,-3.145306
-0.022948,-0.171410,-0.004983,-0.219809,0.432782,-1.854300
-0.115640,-0.132704,-0.005318,0.730342,-1.310291,-0.664844
-0.127497,-0.114562,0.009827,1.398974,-2.488572,1.432506
-0.062783,-0.077263,-0.000824,-0.237869,-1.978320,2.586366
-0.127986,-0.056410,0.027687,-0.006093,-1.402068,1.791995
-0.186469,-0.025535,0.026837,1.585111,-2.003667,1.713858
-0.121897,-0.003717,-0.008801,0.150752,-0.946732,4.849183
-0.153054,0.009922,0.014885,-0.214997,-0.658064,5.827772
-0.174993,0.076155,0.006505,1.588052,0.346286,6.091833
-0.156464,0.079565,0.006584,0.700159,0.073404,6.545716
-0.174659,0.080537,-0.006240,-0.320876,0.198580,6.187461
-0.259053,0.115009,0.018883,0.815193,0.575335,4.604362
-0.204821,0.171332,-0.017069,1.285031,0.844344,4.778430
-0.189610,0.133433,0.017390,-0.520684,-0.876589,4.993361
-0.283225,0.147558,-0.000293,0.160786,-0.175615,5.115483
-0.311074,0.193660,0.004034,1.540125,-0.523625,4.017572
-0.241942,0.181088,0.024670,-0.126355,-3.314820,3.560999
-0.288461,0.142365,-0.004005,-0.881067,-2.368979,3.306432
-0.357438,0.184964,-0.000414,1.218640,-1.668625,1.269336
-0.327479,0.181928,0.007743,0.053171,-4.139051,1.378093
-0.359982,0.158547,-0.009628,-1.598447,-3.291853,-0.756812
-0.443960,0.170715,-0.024330,0.557462,-1.438599,-3.027155
-0.421101,0.193249,0.007096,0.137507,-2.935154,-2.836911
-0.407919,0.134933,0.002868,-2.017680,-3.114323,-1.211591
-0.501780,0.171142,-0.034105,-1.722874,-1.182073,-2.917815
-0.515691,0.199611,0.011527,-0.960039,-1.443171,-5.042584
-0.432731,0.192084,-0.031597,-2.650494,-1.039116,-4.735812
-0.521987,0.188930,-0.008985,-3.340463,-0.369571,-5.117174
-0.577089,0.223218,-0.015083,-1.391440,0.027066,-4.738907
-0.501836,0.184836,-0.000276,-2.463871,-0.925051,-1.592976
-0.521987,0.159585,-0.024993,-3.643685,-0.580389,-0.338428
-0.598369,0.180060,-0.026720,-1.664243,-0.919235,-1.906273
-0.546641,0.167965,0.003367,-0.452915,-2.587527,-1.944329
-0.551959,0.069321,0.002553,-2.349190,-4.113776,1.140016
-0.643673,0.081929,-0.010215,-0.477832,-2.751761,-0.098916
-0.575789,0.105559,0.009702,1.132913,-3.404510,-0.384747
-0.507324,0.009502,0.007063,-0.237052,-3.903096,1.174588
-0.588774,-0.026901,0.006246,0.715423,-3.362869,2.198272
-0.628013,0.013953,0.025507,2.577842,-3.346381,3.061523
-0.524278,-0.023832,0.001660,1.116441,-3.328577,4.271497
-0.547192,-0.068033,0.017889,0.891522,-2.445145,3.448311
-0.553314,0.030293,0.013464,1.753579,-1.291585,3.218421
-0.480608,-0.009182,0.009532,0.859844,-1.123366,3.591386
-0.501606,-0.089943,0.048074,0.788812,-0.970667,6.060989
-0.554663,-0.076164,0.015072,1.231363,0.270715,6.744631
-0.432008,-0.058806,0.038138,1.011571,-0.393825,6.961303
-0.355908,-0.122380,0.078581,0.218931,-0.431448,8.167602
-0.454759,-0.135198,0.046318,0.473895,0.309625,7.324581
-0.411352,-0.148978,0.040803,1.451746,-0.635179,5.983325
-0.342250,-0.269332,0.095512,0.891802,-3.434107,5.678402
-0.356168,-0.283325,0.063393,1.088479,-2.993056,3.747129
-0.343678,-0.272795,0.053119,2.338644,-2.059324,0.440489
-0.249032,-0.382770,0.092564,1.909138,-2.712004,0.332860
-0.312846,-0.455840,0.083035,1.117414,-3.612659,0.437642
-0.312367,-0.396379,0.039789,2.422425,-1.515086,-3.290655
-0.196575,-0.445067,0.099293,2.988876,-1.718459,-5.755870
-0.165386,-0.521696,0.091491,0.613563,-1.710355,-5.605227
-0.233795,-0.505940,0.061729,1.706657,0.989658,-6.207737
-0.176897,-0.499785,0.099628,2.470123,-0.455265,-7.273807
-0.123351,-0.595436,0.102556,0.329205,0.069472,-6.371049
-0.206915,-0.589445,0.080679,0.531873,0.762237,-9.624329
-0.154189,-0.546796,0.103885,2.219308,1.419969,-12.781716
-0.082911,-0.624032,0.116224,0.521497,0.109518,-13.176096
-0.172571,-0.684144,0.096152,-0.205891,-0.213343,-13.837850
-0.215341,-0.604886,0.077560,1.315295,0.512348,-15.110509
-0.138112,-0.635944,0.119621,0.623525,-1.367858,-13.498409
-0.154629,-0.617113,0.082126,-1.050545,-1.425429,-11.216310
-0.211435,-0.535351,0.078010,0.103836,-0.363275,-10.728210
-0.109240,-0.532226,0.092656,0.091373,-0.291846,-6.792324
-0.129771,-0.572994,0.096221,-1.772891,-1.704239,-2.996196
-0.177327,-0.453821,0.050336,-1.021650,-0.698238,-4.809188
-0.101992,-0.406032,0.114120,0.167345,-0.211298,-5.382849
-0.044254,-0.448730,0.099257,-1.095238,-0.652379,-3.387203
-0.124841,-0.374902,0.081949,-1.380715,1.093744,-2.963255
-0.094584,-0.260732,0.068868,0.589909,1.110395,-3.518412
-0.029158,-0.277741,0.134130,-0.928996,-4.638480,-1.356845
-0.031781,-0.200952,0.085231,-1.643366,0.782057,1.250385
-0.053717,-0.061632,0.073362,1.118388,1.962743,1.702723
0.029437,-0.061632,0.103902,0.216532,-1.245020,5.421184
0.017279,-0.066766,0.096053,-0.583805,-0.114798,8.840533
-0.004937,0.102582,0.021644,1.352511,1.668919,9.001245
0.084582,0.165575,0.076854,1.704087,0.190187,8.971954
0.133628,0.140008,0.100406,0.382144,-1.027782,10.427402
0.015290,0.204675,0.053106,1.733103,0.315816,11.461036
0.059163,0.267642,0.070391,3.594239,0.383486,13.777919
0.158217,0.190200,0.110506,2.115078,-1.634685,16.089366
0.119405,0.235616,0.093388,2.652626,-0.501347,15.128184
0.103482,0.296078,0.070398,4.845390,2.399835,13.062629
0.193398,0.222660,0.122753,3.669404,-0.346292,11.035496
0.141063,0.157796,0.126088,2.409909,-1.883736,8.808010
0.099274,0.248775,0.090257,4.655156,2.547696,4.306645
0.196972,0.204075,0.142552,3.775843,0.675699,3.472268
0.180764,0.119092,0.142139,1.399719,-0.191935,4.744601
0.080275,0.162647,0.086820,2.361585,1.889580,2.422880
0.099172,0.144587,0.126816,3.187345,1.368336,1.661946
0.140465,0.010089,0.121922,0.104827,-0.537139,3.084879
0.041989,0.010910,0.107575,-0.503543,0.765746,0.367123
0.034932,0.005934,0.112174,1.343521,1.027589,-3.327167
0.097373,-0.121448,0.147355,-1.097572,-0.874915,-3.728604
0.061894,-0.212405,0.127325,-3.005890,0.079395,-4.692065
0.013763,-0.176488,0.126826,0.035929,1.205520,-7.786474
0.101493,-0.245416,0.125323,-1.644177,0.475050,-9.046026
0.074945,-0.344542,0.114954,-4.184574,1.287175,-9.096841
-0.014554,-0.301592,0.092338,-2.040742,1.332964,-9.937134
0.017902,-0.327119,0.152121,-2.107204,-0.546002,-8.590985
0.062225,-0.401207,0.137626,-4.291174,-0.016200,-7.390428
-0.043125,-0.371928,0.120304,-3.475249,-0.081054,-9.381991
-0.030576,-0.336996,0.127791,-2.620489,0.252337,-10.502006
0.010724,-0.401663,0.163734,-3.165167,-0.734965,-10.183060
-0.035575,-0.358624,0.123531,-3.743358,0.365728,-10.300428
-0.060502,-0.284057,0.118630,-1.736312,1.276378,-10.846959
-0.027605,-0.315910,0.156742,-2.145330,-0.518987,-7.789480
-0.058536,-0.292092,0.150286,-1.633391,-0.359513,-5.384247
-0.078575,-0.208896,0.114813,-0.452777,0.211598,-2.951252
-0.080728,-0.216921,0.115531,-0.074253,-0.284565,-0.746047
-0.089095,-0.247484,0.133828,0.883225,-0.733196,1.681796
-0.145186,-0.148269,0.128888,1.587439,-1.710735,1.455926
-0.159254,-0.089832,0.108428,2.373832,-0.360905,0.085966
-0.154734,-0.105968,0.119116,2.183392,-1.253088,-0.089647
-0.209446,-0.070928,0.128061,2.992250,-1.403608,1.702537
-0.250151,0.020675,0.112075,3.912577,-1.124771,3.031116
-0.236208,0.000015,0.122086,3.705530,-0.889276,4.258512
-0.254054,0.014481,0.145477,3.339447,-1.396403,5.496310
-0.318252,0.072078,0.119598,4.046300,-0.992669,5.586838
-0.321623,0.107620,0.129442,3.348637,-1.240566,4.463140
-0.316709,0.060077,0.145963,3.114570,-1.115177,3.736245
-0.362020,0.105332,0.113421,2.547726,-0.701222,2.888173
-0.372481,0.121236,0.118998,2.263503,-0.900623,2.189249
-0.352961,0.104354,0.114304,1.252023,-0.800489,1.398143
-0.381216,0.068802,0.112472,1.110412,-0.390877,1.675676
-0.391552,0.106727,0.105832,0.499324,-0.332443,2.678277
-0.347522,0.074021,0.113014,-0.417839,-0.539322,2.791240
-0.349934,0.059309,0.130637,-0.838765,-1.144669,1.954605
-0.380431,0.063859,0.103600,-0.894373,-1.051215,0.692943
-0.360438,0.045221,0.095147,-1.575876,-1.051898,-1.155483
-0.359522,-0.028345,0.155489,-2.283665,-2.588683,-1.214454
-0.357924,0.012315,0.105920,-2.243642,-1.666160,-3.215010
-0.367991,-0.000726,0.115446,-2.299063,-2.032592,-5.289682
-0.334628,-0.066543,0.134530,-2.384554,-2.558360,-4.715654
-0.360694,-0.050108,0.132170,-2.779664,-2.405191,-3.685734
-0.344814,-0.022679,0.102654,-1.879095,-0.334662,-4.125272
-0.311487,-0.073748,0.137708,-1.806579,-1.447986,-3.880880
-0.322910,-0.097535,0.133096,-2.210197,-1.683902,-3.199840
-0.352751,-0.032484,0.114619,-1.267193,-1.248913,-4.855930
-0.364499,-0.050971,0.139959,-1.373740,-1.571288,-6.577294
-0.330791,-0.061117,0.145805,-1.385501,-1.385663,-6.415420
-0.377346,-0.008634,0.115732,-1.966093,-1.962814,-5.728301
-0.354871,0.055653,0.102559,-0.595284,-0.603796,-4.896233
-0.338367,0.047177,0.171835,-0.836734,-2.406980,-3.155506
-0.343071,0.059093,0.119464,-1.243536,-1.183369,0.382796
-0.376348,0.097563,0.137284,-0.285406,-1.661217,2.118986
-0.333388,0.116000,0.146610,-0.087232,-2.664533,3.890525
-0.343662,0.131011,0.139825,-0.253835,-1.295934,4.248514
-0.344469,0.164613,0.104342,0.516317,-1.758725,3.258031
-0.341338,0.132472,0.134967,0.980188,-2.105422,4.887638
-0.316516,0.135524,0.141958,1.391950,-1.239515,6.921753
-0.313404,0.152938,0.107046,1.280504,-1.579405,7.658168
-0.297678,0.157244,0.117455,1.924561,-1.185457,7.359437
-0.284686,0.123497,0.135295,2.250396,-1.042599,8.612088
-0.279408,0.146189,0.121801,1.666352,-0.937272,8.460846
-0.272974,0.141879,0.128753,2.122036,0.612834,7.511342
-0.223025,0.119096,0.137127,2.542297,-0.697381,7.543396
-0.202028,0.083150,0.151100,1.631683,-1.015811,7.282528
-0.163623,0.061856,0.123590,2.067233,0.364799,6.381095
-0.138292,-0.014654,0.159464,3.285808,0.660288,4.882378
-0.084024,-0.093452,0.154914,2.433468,-0.021599,4.425234
-0.055483,-0.119118,0.143163,2.872861,0.999508,1.209705
-0.018877,-0.167317,0.130263,3.056586,0.114845,-0.540957
0.001549,-0.224060,0.165500,2.668516,-1.282742,-1.971498
0.012188,-0.300745,0.139710,1.793215,0.168746,-1.614880
0.055536,-0.344890,0.143265,1.915706,0.040573,-1.550293
0.101765,-0.406748,0.154166,2.145769,-0.447325,-0.988584
0.124319,-0.448422,0.146915,1.052881,-0.259307,-2.666770
0.124066,-0.498577,0.132187,0.107037,-0.101392,-5.218068
0.166308,-0.506780,0.131130,0.738207,0.908506,-7.817362
0.179096,-0.516933,0.153851,-0.658241,0.435086,-9.702276
0.210782,-0.541978,0.138952,-1.421181,1.840866,-11.451766
0.176848,-0.572675,0.145864,-1.620244,1.023378,-11.781432
0.189544,-0.579788,0.149574,-1.335989,1.454300,-10.618598
0.178558,-0.563071,0.136976,-2.410603,1.549346,-10.318038
0.171442,-0.579539,0.140416,-2.179772,1.321772,-10.764243
0.166035,-0.569202,0.155508,-1.736499,1.424633,-11.685719
0.133641,-0.538308,0.166544,-1.568356,0.551498,-11.859223
0.115909,-0.497376,0.138486,-1.658767,-0.099140,-11.519735
0.070674,-0.489551,0.150745,-1.424234,0.856056,-9.786831
0.085182,-0.434340,0.149304,-0.601057,0.508935,-6.768120
0.080190,-0.374649,0.140455,-1.111322,0.597958,-3.678364
0.067621,-0.327930,0.134547,-0.932978,0.809810,-2.924011
0.035266,-0.315214,0.155659,0.864433,0.764223,-2.502809
0.056432,-0.234371,0.130739,0.649991,0.825933,-1.078802
0.063712,-0.158648,0.141876,0.967718,2.744019,-1.491287
0.062691,-0.109106,0.166675,2.156535,1.535803,-2.992219
0.076087,-0.030849,0.138528,1.850086,2.115501,-1.091589
0.079491,0.023583,0.104092,1.862494,3.263225,1.807552
0.104165,0.091920,0.125746,2.300164,1.533919,5.140410
0.103804,0.124328,0.179956,2.803772,-0.267956,6.591274
0.130559,0.176492,0.144013,2.662207,0.776463,9.439590
0.137111,0.215376,0.124483,2.109445,0.609374,10.104061
0.140938,0.243566,0.138971,2.894981,0.145808,10.980819
0.139720,0.260805,0.158177,3.147122,-2.252538,9.861527
0.139192,0.253436,0.108858,2.112015,-0.691552,10.174124
0.157235,0.252747,0.126163,2.985761,-0.272670,11.103320
0.156937,0.237063,0.148763,2.739850,-1.304803,10.801431
0.172738,0.251549,0.103262,2.135783,-0.140207,10.602995
0.147007,0.215521,0.140248,1.890959,0.363503,10.119675
0.172925,0.223605,0.118742,1.722688,-0.183909,10.408543
0.190175,0.223540,0.136089,0.866645,0.094619,8.007440
0.175971,0.212048,0.100619,-0.190855,1.441003,4.555049
0.138512,0.130627,0.101515,0.601102,1.673416,3.284171
0.134580,0.114582,0.104063,-0.233993,1.097876,4.280644
0.153063,0.085103,0.092797,-1.037215,1.098418,2.632896
0.173562,0.071957,0.078259,-1.491219,1.563405,-0.504724
0.121135,-0.014562,0.099933,-1.090522,0.810952,-3.147803
0.087936,-0.040063,0.057180,-1.228539,0.882778,-3.843031
0.088639,-0.064301,0.055588,-2.086617,0.711993,-5.971968
0.132502,-0.071345,0.029203,-2.383028,0.693772,-6.444162
0.110083,-0.102039,0.083472,-1.649176,-0.415469,-5.301558
0.078007,-0.101035,0.025058,-1.990268,-0.353776,-3.127078
0.025911,-0.139659,0.037574,-1.989624,0.050129,-2.561127
0.066965,-0.170777,0.044614,-1.573953,-0.307766,-3.715175
0.110612,-0.167238,0.062221,-1.273101,0.207873,-4.759141
0.089758,-0.145170,0.036615,-1.690069,0.294342,-7.278365
0.039580,-0.159807,0.034518,-1.226254,0.848424,-9.861034
0.043033,-0.145856,0.044844,-0.808862,1.088383,-10.244371
0.072699,-0.140995,0.079526,-0.562312,-0.635668,-8.416081
0.081841,-0.117263,0.060951,-0.402007,0.902105,-5.997413
0.043985,-0.123894,0.048478,-0.013196,2.527060,-3.415903
-0.010218,-0.139147,0.093956,1.091397,0.344015,-3.207561
-0.000348,-0.128617,0.088094,1.011013,-1.044164,-3.135331
-0.000808,-0.098940,0.080935,0.808700,-0.527226,-4.888659
-0.032493,-0.101793,0.092013,2.013427,0.297588,-5.767812
-0.059507,-0.083949,0.099415,1.908218,-1.246172,-3.909804
-0.047638,-0.078625,0.090956,1.936132,-0.670445,0.806792
-0.050999,-0.036170,0.072637,1.554552,-0.009701,3.906750
-0.071718,-0.051233,0.084667,2.864921,0.047683,5.686495
-0.113645,-0.057053,0.072088,1.753993,-0.549829,7.735409
-0.092660,-0.073987,0.037229,1.665075,0.550087,7.734953
-0.095522,-0.061550,0.059586,2.267734,0.409769,6.000420
-0.119589,-0.094772,0.087388,2.562720,0.632528,3.793735
-0.153224,-0.093784,0.078529,2.017077,-0.179334,2.428939
-0.158013,-0.097762,0.077442,1.219537,0.041932,1.114345
-0.164956,-0.098002,0.099621,1.411218,-0.035839,-0.381781
-0.150520,-0.111266,0.099753,1.770369,0.108799,-0.136392
-0.181256,-0.130353,0.080902,0.450343,-0.255437,1.321073
-0.166154,-0.141835,0.045530,-0.152454,-0.205015,1.584394
-0.166347,-0.147018,0.067693,-0.125311,-0.262497,-0.696041
-0.143679,-0.126411,0.084985,0.380647,-0.493486,-2.383120
-0.172660,-0.158185,0.048783,-0.676928,-1.106632,-2.721323
-0.193004,-0.145935,0.039028,-1.075160,-0.255233,-3.313305
-0.196191,-0.145613,0.059106,-1.062900,-1.435355,-3.323428
-0.170326,-0.134519,0.078401,-1.094766,-2.021425,-3.746031
-0.168251,-0.145814,0.037711,-1.654809,-0.680309,-3.174759
-0.183095,-0.118254,0.054997,-2.265549,-0.524646,-3.052551
-0.195473,-0.132385,0.085474,-1.540794,-1.082211,-3.910814
-0.177363,-0.076636,0.100751,-1.915205,-0.212913,-4.949204
-0.165363,-0.059725,0.098345,-2.503726,0.177681,-5.154406
-0.192321,-0.013577,0.131221,-2.384259,0.019815,-5.733836
-0.196740,0.013175,0.158147,-1.490191,0.140412,-5.385720
-0.208858,0.055449,0.140012,-1.884895,-0.061904,-4.353013
-0.207995,0.051143,0.167808,-1.856206,-0.639335,-4.136749
-0.206334,0.081794,0.176624,-0.877794,0.306365,-3.018590
-0.235259,0.105070,0.216516,-0.368723,-0.761704,-2.143811
-0.228254,0.133591,0.187578,-0.299034,-1.580954,-1.542757
-0.264499,0.128644,0.239808,-0.000398,-1.222863,-0.586691
-0.212449,0.179214,0.276765,1.416670,-1.452614,2.442488
-0.204775,0.196062,0.268132,0.850486,-1.574065,4.982275
-0.177967,0.182394,0.270771,1.476584,-0.236760,5.444890
-0.186160,0.164492,0.304190,2.341382,-0.813353,6.907893
-0.184480,0.171700,0.321810,2.883788,-2.464364,7.410332
-0.097255,0.184639,0.311086,1.801103,0.246950,6.372715
-0.096868,0.156154,0.336594,2.269267,-0.750524,5.617334
-0.106259,0.183280,0.340592,3.150365,1.549743,5.839502
-0.043748,0.187630,0.359830,2.030479,0.219138,6.934620
-0.002816,0.177392,0.348473,0.600417,0.651855,8.022861
-0.038204,0.152718,0.349349,1.473758,0.865591,7.873467
0.032562,0.149008,0.374325,1.614687,0.157471,9.712474
0.075952,0.076568,0.384215,-0.069972,-0.295880,10.448248
0.058352,0.082733,0.347071,-0.283790,0.399183,8.111742
0.110250,0.059372,0.358983,0.876007,1.336848,5.032674
0.198266,-0.020710,0.406155,-0.056406,-0.567016,5.073303
0.188389,-0.046093,0.369113,-0.927036,0.447369,5.056005
0.157511,-0.042309,0.353820,0.023141,1.328589,3.290305
0.250703,-0.116223,0.339000,-0.284739,0.306835,2.871307
0.259175,-0.197726,0.366671,-0.425696,0.829862,2.323761
0.262237,-0.138786,0.331030,0.193365,1.372173,0.240594
0.288641,-0.196531,0.338182,0.204798,0.884662,-2.138487
0.280392,-0.293008,0.327301,-0.908661,0.623781,-3.588694
0.242359,-0.283226,0.349806,0.553639,1.281782,-4.620599
0.336309,-0.236445,0.282302,0.933617,1.776392,-4.906163
0.342772,-0.353251,0.312008,-0.505706,0.961652,-5.614216
0.270017,-0.401565,0.291624,1.485047,2.498782,-7.503908
0.267597,-0.389361,0.267351,2.090315,1.498140,-8.970216
0.380796,-0.439779,0.248477,0.629749,1.569159,-10.815837
0.340412,-0.478190,0.253345,1.119419,1.650531,-14.134633
0.334257,-0.429942,0.213552,3.196425,2.439484,-14.718803
0.341308,-0.465924,0.203182,0.917179,1.108561,-12.229761
0.328257,-0.492626,0.171274,0.868608,1.672700,-11.252139
0.323832,-0.422832,0.159103,2.236899,1.951179,-9.510370
0.415097,-0.410421,0.142201,0.775239,1.625725,-7.067859
0.366474,-0.471274,0.140855,-0.095962,1.272994,-6.102408
0.267653,-0.371196,0.099937,0.703836,1.843187,-6.389494
0.336440,-0.342406,0.074645,0.339978,1.373677,-7.622971
0.405512,-0.367030,0.087033,-1.145453,1.336749,-6.338689
0.321498,-0.322937,0.062149,-0.212824,1.454743,-4.631314
0.270919,-0.236517,0.052870,0.124437,0.680921,-2.707557
0.289734,-0.290431,0.041883,-1.507316,0.996482,-0.492724
0.258318,-0.260732,0.046167,-0.758286,0.976055,0.862329
0.292590,-0.114145,-0.009638,0.099707,2.085115,1.034744
0.272951,-0.126756,0.002445,-1.020885,0.965525,1.429533
0.183994,-0.144671,-0.008390,-0.541419,1.289991,2.358156
0.116051,-0.027505,-0.033393,-0.263607,1.123338,3.369910
0.233926,0.049997,-0.042968,0.005855,1.443527,4.573785
0.220061,0.027653,-0.008348,-1.339396,0.198866,5.962716
0.100666,0.081869,-0.037903,1.133208,1.373959,6.604745
0.059327,0.134100,-0.051535,1.124756,0.346871,8.562095
0.150907,0.143458,-0.059524,0.203848,0.852553,10.023672
0.115236,0.188335,-0.045075,1.325851,0.136827,8.711236
0.096609,0.264137,-0.092999,2.911905,1.431149,8.210148
0.064848,0.199400,-0.082390,0.944790,0.231742,9.227018
0.027868,0.189543,-0.095191,2.063047,0.261435,8.537784
0.036074,0.273984,-0.076849,3.168940,0.580610,7.502354
0.135574,0.285686,-0.069188,2.559335,-1.208992,7.589698
0.069059,0.199023,-0.054886,1.077899,-0.211777,7.256482
-0.012920,0.234263,-0.074220,3.389484,1.708383,4.433333
0.022376,0.266648,-0.048922,2.746231,0.628149,1.997116
0.122054,0.220237,-0.068269,0.476547,0.972011,1.592276
0.055368,0.203845,-0.049332,0.081062,0.850413,0.316105
0.051505,0.237533,-0.024130,2.048158,1.185169,-0.903735
0.069433,0.150673,-0.022226,-0.513236,-0.192276,-0.546240
0.077859,0.105730,-0.048157,-1.641282,0.106685,-1.879700
0.047740,0.113384,-0.017854,-0.243384,1.082166,-5.341578
0.132601,0.101357,-0.006536,-0.669523,-0.017070,-5.016877
0.110250,0.034661,-0.003703,-3.739584,-0.562161,-3.858724
0.049988,0.057783,-0.006720,-1.669029,2.023356,-2.951433
0.111846,0.045356,0.036901,-1.729833,-0.215598,0.263917
0.153641,-0.040277,0.071169,-3.699023,-3.381322,2.941513
0.079645,-0.053383,0.019911,-2.896857,0.506778,2.893792
0.117459,-0.082065,0.032683,-0.898949,1.878483,1.454371
0.158942,-0.177814,0.086072,-2.077761,-1.528347,0.156805
0.113100,-0.169405,0.049584,-1.932799,1.142248,-3.047851
0.090231,-0.146674,0.044765,-0.193911,2.537534,-7.080965
0.192787,-0.216892,0.080199,0.182158,0.288558,-7.099699
0.127933,-0.269644,0.112203,-0.543769,-0.982477,-4.525653
0.097442,-0.217171,0.055066,0.546141,2.219466,-2.639660
0.177708,-0.281021,0.105251,1.446540,1.869889,-0.939857
0.184965,-0.345557,0.157389,1.229834,1.875420,-0.739355
0.098972,-0.284152,0.182004,3.104263,-2.003460,-2.870457
0.186928,-0.234348,0.148297,2.148047,1.248786,-5.119131
0.212226,-0.326430,0.170299,1.179931,0.881071,-3.887102
0.126190,-0.274948,0.196824,1.751817,1.094689,-1.331262
0.199247,-0.194775,0.207781,2.804981,1.489862,1.784272
0.253319,-0.235782,0.194106,0.458947,0.400949,4.881763
0.140186,-0.255897,0.218561,1.156875,1.164904,4.854662
0.146236,-0.212273,0.224892,2.869179,-0.009618,5.263069
0.263974,-0.255339,0.214031,0.790063,-0.778283,5.618439
0.164043,-0.278625,0.195045,0.115272,2.066281,2.129128
0.113283,-0.195119,0.198909,2.769435,0.724098,-3.354333
0.216798,-0.255638,0.275117,1.338640,-3.013358,-3.929721
0.191560,-0.272063,0.219601,0.377454,0.691911,-2.840681
0.078867,-0.228777,0.230745,2.618696,2.218668,-4.885220
0.193943,-0.249214,0.237205,2.355113,0.774431,-3.342067
0.167900,-0.332742,0.244210,-0.694032,-0.395548,-2.393750
0.066804,-0.252371,0.232137,2.151657,2.033440,-6.034159
0.137416,-0.250192,0.266307,2.249812,1.441019,-8.023782
0.180770,-0.337912,0.259758,0.301268,0.734891,-6.772163
0.022094,-0.283863,0.232475,0.518172,1.320737,-7.266886
0.081332,-0.195969,0.212422,0.894789,1.906521,-7.398577
0.197609,-0.287277,0.260517,-0.398019,0.568255,-4.311660
0.060305,-0.262117,0.252724,-0.512976,1.215480,-1.430443
0.051682,-0.190980,0.224361,0.744578,0.554836,-0.952652
0.138745,-0.258703,0.245854,-1.275585,-1.085050,-0.812561
0.049542,-0.257532,0.244607,-1.481279,0.338356,-2.269306
0.022662,-0.141116,0.207367,0.177271,0.465587,-4.636698
0.158683,-0.162899,0.190184,-1.189349,0.734422,-3.690516
0.032053,-0.213274,0.200012,-2.498188,-0.863558,-3.011765
-0.020443,-0.100782,0.168484,0.496255,1.021070,-3.455530
0.158210,-0.075871,0.178761,-1.094831,0.232665,-1.263058
0.178673,-0.098012,0.164013,-2.653527,0.720951,0.027010
0.029535,-0.013945,0.163721,-0.280577,1.950772,-0.750988
0.102931,0.032485,0.176184,-0.296595,-0.487486,-0.435462
0.147762,-0.007794,0.147325,-2.894277,0.745100,3.180169
0.051442,0.112219,0.134960,-1.435165,1.802251,3.051970
0.145189,0.192081,0.149472,0.520906,0.287800,4.297571
0.193178,0.161488,0.140340,-2.337343,0.175065,9.414655
0.032168,0.176236,0.089580,-1.083776,1.093524,12.393387
0.105406,0.282811,0.095371,1.107490,1.450426,12.366178
0.244995,0.230114,0.122172,0.107798,-0.551152,12.779920
0.130638,0.217109,0.097301,0.399288,-0.366895,11.550828
0.084769,0.264649,0.048520,2.392581,1.047638,9.679443
0.217511,0.255635,0.056612,2.244209,-0.114794,9.457766
0.152420,0.178163,0.077281,2.104915,-0.810294,8.643947
0.115923,0.229904,0.050362,3.991427,-1.081804,7.693496
0.212695,0.181636,0.049820,3.397431,-0.062046,8.095318
0.182789,0.095222,0.044710,3.381948,0.247876,7.579477
0.086351,0.092846,0.060364,4.435558,0.201918,4.116676
0.256053,0.061046,0.028104,4.550873,1.942415,2.743966
0.296568,-0.077634,0.070467,3.110201,1.489300,2.537188
0.229199,-0.070895,0.016146,4.646297,3.354904,0.781328
0.274090,-0.111433,0.049499,4.187103,2.925856,-0.938406
0.334713,-0.235707,0.001378,1.607281,2.017491,-1.334735
0.271106,-0.281556,0.022376,2.371036,2.834723,-1.903697
0.324042,-0.262504,0.009991,2.112258,2.039266,-3.309982
0.391575,-0.356714,0.023475,-0.413532,0.183084,-3.080179
0.304899,-0.433063,-0.009648,-1.051004,1.201454,-3.678470
0.294589,-0.461909,-0.009654,0.147401,0.758738,-4.329476
0.439889,-0.496004,-0.017283,-2.094071,-0.175020,-4.898073
0.430603,-0.578613,-0.029382,-3.050180,1.669270,-7.497121
0.355239,-0.578383,-0.035819,-2.299522,2.419639,-10.366030
0.421859,-0.614756,0.001729,-1.973264,2.322446,-10.539860
0.464432,-0.613309,-0.008062,-3.928248,1.610830,-10.818876
0.418662,-0.607719,-0.026588,-3.040897,3.147447,-12.786952
0.476771,-0.621006,-0.004218,-2.336177,2.917374,-12.622993
0.504619,-0.657471,0.003860,-2.414582,3.140108,-9.949799
0.413348,-0.596102,-0.014798,-1.946939,3.950939,-10.498098
0.469523,-0.576096,-0.033816,-1.366749,3.675243,-11.173731
0.559390,-0.558659,0.013057,-1.285242,2.976481,-8.663933
0.456649,-0.484401,-0.016738,-0.264279,2.963998,-6.109920
0.419463,-0.395066,-0.046155,0.726816,3.962447,-6.561300
0.469996,-0.417813,-0.010905,0.652926,1.337235,-3.852935
0.454339,-0.347356,-0.020427,2.220162,1.396161,-0.459078
0.391493,-0.270635,-0.021520,2.555187,0.782441,0.332805
0.437759,-0.240148,-0.036222,2.732219,0.468702,0.077527
0.374608,-0.241897,0.000843,3.712240,0.164216,0.648303
0.321121,-0.143421,-0.012589,4.632333,1.492327,0.861150
0.402023,-0.058534,0.015519,3.646440,0.843550,1.085161
0.412107,-0.039469,-0.000092,3.004503,0.620629,2.638211
0.256654,-0.014017,0.013871,4.046110,2.617320,3.873976
0.297881,0.071316,0.004874,4.439769,2.437971,5.689575
0.357530,0.093125,0.021243,2.713276,3.289426,7.540947
0.293719,0.096998,0.016405,2.216285,2.865357,7.091196
0.251156,0.109019,0.029407,3.724851,3.526674,5.804049
0.297865,0.115692,0.016415,1.984870,1.223997,6.948584
0.237087,0.119709,0.033864,0.572302,1.730543,6.455613
0.179011,0.160724,0.004306,1.550810,1.755565,5.218903
0.218968,0.136282,0.047795,1.076481,0.421372,6.438534
0.200895,0.121820,0.030523,-1.110496,-0.962730,8.595697
0.113569,0.114842,0.034186,-0.490062,0.046731,6.156193
0.175463,0.090552,0.055781,-0.115933,-0.221355,4.893693
0.202536,0.038374,0.079917,-1.869966,-0.413998,5.060301
0.157081,0.076690,0.016379,-1.708165,1.348379,2.696848
0.184532,0.068431,0.056648,-1.299091,1.227943,-0.535050
0.240737,0.020498,0.097005,-2.278686,0.247515,-1.228933
0.152407,-0.003228,0.060721,-2.549815,1.372557,0.002472
0.137180,0.052633,0.051235,-2.228018,1.934786,-0.035710
0.197990,0.013257,0.086525,-2.941571,1.278440,-1.049362
0.151202,-0.029520,0.104177,-2.621638,-0.009346,-2.035623
0.127532,0.000383,0.074291,-2.038611,1.590120,-1.853469
0.180337,0.004374,0.052410,-2.001943,2.494869,-2.646646
0.165162,-0.031867,0.073959,-1.803920,0.592522,-2.302807
0.118184,-0.008539,0.085468,-0.933175,-0.305612,-2.372527
0.187575,0.017261,0.067529,-0.870067,0.425167,-0.652807
0.176080,0.004555,0.087644,-1.094858,-0.065554,0.530693
0.088711,0.003800,0.074655,0.189636,0.017915,1.109211
0.112144,0.028198,0.081411,0.912153,-1.261954,1.134473
0.187897,-0.004748,0.061985,0.047184,-0.117683,1.695555
0.123049,0.002044,0.068767,1.939428,1.432278,-0.198269
0.098283,0.011284,0.090260,2.392601,0.498962,-1.007975
0.190687,-0.010731,0.075624,1.881086,1.122114,-0.022178
0.152305,-0.038908,0.078824,1.186995,0.838757,0.162560
0.143282,-0.000835,0.065340,2.587217,2.971649,-1.583819
0.221148,-0.018941,0.090486,2.952795,1.416673,-0.673046
0.208688,-0.082834,0.079031,1.695677,1.406593,1.029356
0.126423,-0.054047,0.033218,1.878493,1.938604,1.847127
0.218771,-0.058878,0.038545,2.559077,2.976452,2.093483
0.221420,-0.124750,0.072124,1.872883,0.113174,3.407149
0.121493,-0.148381,0.026906,2.025438,1.455386,4.634953
0.164296,-0.139662,0.049600,2.083694,0.622612,4.311706
0.197856,-0.213137,0.075371,0.976433,-1.312943,4.541925
0.126193,-0.254164,0.061240,1.532169,-0.870848,3.971334
0.148048,-0.259399,0.039678,1.985152,0.755961,2.810172
0.237957,-0.323079,0.027841,0.483246,-0.358052,1.965242
0.154035,-0.377774,0.034918,1.005903,0.871821,-0.318533
0.128658,-0.417393,0.036198,2.421589,1.910854,-2.256147
0.234169,-0.453372,0.023617,1.080516,0.575893,-2.209002
0.176582,-0.485162,0.014088,-0.010557,3.088294,-2.628305
0.098985,-0.475564,0.005484,1.532839,2.549653,-5.868455
0.203288,-0.512032,0.025763,1.078316,2.000153,-6.340671
0.212718,-0.571464,0.002077,-0.245655,1.707415,-4.726612
0.094921,-0.550332,-0.027987,0.896279,3.555408,-6.989122
0.131787,-0.553292,0.001585,1.163039,0.557196,-9.096736
0.178105,-0.578393,-0.017824,-0.391353,0.445571,-8.651790
0.065872,-0.573424,-0.025413,-0.629792,0.884561,-9.700115
0.111081,-0.515141,-0.012874,0.913912,0.497978,-11.307712
0.160445,-0.508172,0.002704,-1.342547,-1.906868,-10.038595
0.051350,-0.483216,-0.039262,-1.775593,-0.559808,-8.466007
0.038857,-0.382533,-0.056570,-1.010664,0.783681,-9.015988
0.158443,-0.339274,-0.022315,-1.285817,-0.364125,-7.426153
0.079438,-0.296271,-0.038221,-2.980231,-0.463084,-6.120145
0.000692,-0.239872,-0.065347,-1.994400,1.475636,-5.463062
0.128442,-0.173416,-0.021763,-1.797008,0.099811,-4.146102
0.104549,-0.109090,-0.059101,-2.409219,1.411644,-1.953106
0.048180,-0.040549,-0.077502,-1.151677,2.890534,-2.810626
0.140058,-0.017621,-0.050642,-0.151817,1.354149,-1.369509
0.149801,0.033191,-0.064028,-0.534159,1.604383,1.981487
0.024175,0.086583,-0.071492,0.103360,2.389164,1.789478
0.122340,0.154766,-0.069953,2.093856,0.547014,1.950069
0.187119,0.161006,-0.039908,0.834851,-0.973067,5.520986
0.090566,0.207085,-0.092555,2.047406,1.378784,7.307382
0.053566,0.247452,-0.065019,3.801397,-0.325051,8.093256
0.166797,0.266211,-0.056225,2.850068,-2.901781,10.536795
0.111232,0.264363,-0.066299,2.487867,-0.436454,11.880526
0.140945,0.314772,-0.051696,4.401243,0.806799,10.928221
0.223862,0.310705,-0.044271,3.516110,-0.896999,11.921295
0.167069,0.256909,-0.091416,2.949670,2.897568,12.964089
0.108222,0.281087,-0.060017,3.581608,1.387558,11.323528
0.267187,0.273613,-0.048715,3.576133,1.345891,11.770185
0.282857,0.243943,-0.062429,1.950095,1.611945,11.959373
0.165606,0.189734,-0.083174,2.204609,3.984344,11.344259
0.216621,0.142887,-0.028984,2.034924,1.002157,11.024006
0.280990,0.109150,-0.042285,0.523807,1.613803,10.087839
0.230680,0.125293,-0.043522,0.069597,2.289569,6.879382
0.244932,0.054221,-0.032155,0.099723,1.331015,5.711679
0.294087,0.004394,-0.019465,-1.499632,0.276646,6.740072
0.195883,-0.028703,-0.048558,-2.300278,0.834228,6.026337
0.225556,-0.054332,-0.058904,-1.471682,1.361262,2.926304
0.334559,-0.142216,0.010457,-2.096359,-0.556184,1.576716
0.301472,-0.177204,-0.025932,-2.323937,-0.625637,1.047964
0.201200,-0.198983,-0.034381,-2.490216,0.778403,-2.712791
0.303632,-0.263972,-0.017414,-1.610109,0.697586,-4.821732
0.340760,-0.325327,0.010809,-1.722158,0.143635,-3.973870
0.298774,-0.329762,-0.037509,-1.297775,2.593877,-5.436986
0.333581,-0.371563,-0.007248,-0.174124,2.657202,-8.873344
0.329806,-0.452197,0.006118,0.015745,1.714581,-8.954882
0.301541,-0.458069,-0.033065,0.908020,2.854844,-8.206266
0.381518,-0.477334,0.017390,0.905289,3.319165,-10.370206
0.453206,-0.503721,0.052830,1.748105,0.396006,-12.128754
0.352123,-0.517156,0.019175,2.189428,2.818960,-12.193693
0.350033,-0.545201,-0.006021,2.571560,4.221999,-12.628229
0.464452,-0.541453,0.030080,2.474912,2.124337,-12.956732
0.471283,-0.525398,0.054577,2.808342,1.506418,-12.091567
0.405880,-0.493010,0.020892,2.232031,1.642682,-10.279285
0.427862,-0.494688,0.018700,1.735726,0.960273,-8.245771
0.481708,-0.481709,0.041906,2.100215,1.369354,-5.941080
0.487225,-0.409072,0.000725,1.597050,3.227181,-4.114732
0.518044,-0.435752,0.006180,1.106312,2.567841,-2.976516
0.508962,-0.421785,0.037469,0.351723,1.107533,-0.642935
0.426412,-0.352030,0.007467,1.131187,2.479602,0.544284
0.474063,-0.347004,-0.004189,0.103921,2.402064,0.148942
0.570274,-0.340400,-0.006060,0.364537,2.735363,0.070126
0.481327,-0.325048,0.042363,0.413377,1.545880,2.109464
0.435278,-0.271341,0.016497,0.152291,2.506009,2.557177
0.493446,-0.256212,-0.024008,-0.422057,3.819480,1.840008
0.471473,-0.242045,-0.010560,0.606781,2.908912,2.380047
0.451933,-0.185548,0.017446,0.919607,1.783203,2.895294
0.472359,-0.165124,-0.004570,0.637114,2.383286,2.754208
0.450150,-0.130426,-0.042866,-0.037063,1.715556,1.382657
0.359837,-0.090790,-0.028945,0.477249,2.203753,2.291686
0.451444,-0.044459,-0.020693,1.234350,1.689972,4.172597
0.460552,-0.001731,-0.013255,-0.245521,0.055351,5.930448
0.359798,0.023993,-0.061664,0.199611,2.078990,4.652326
0.329823,0.035160,-0.041881,0.897319,0.640573,4.573685
0.421061,0.074152,-0.037896,0.508334,0.383864,3.929852
0.384380,0.145079,-0.074965,0.240602,0.905190,2.747296
0.326176,0.147256,-0.096064,0.516737,2.386141,1.584537
0.362709,0.146300,-0.055956,0.448252,1.274087,1.818507
0.299939,0.212176,-0.083132,0.292979,1.201568,2.517398
0.250384,0.269891,-0.097220,0.113414,2.416320,1.496105
0.320130,0.243349,-0.077958,-0.179511,1.678877,0.738445
0.268562,0.269510,-0.086785,0.220424,0.912904,1.812940
0.127276,0.301616,-0.111452,-0.673820,1.972173,1.256380
0.138263,0.303680,-0.102419,-1.281163,1.075257,-0.845815
0.174353,0.292976,-0.063427,-0.692405,-1.044998,-0.636392
0.132502,0.324133,-0.092280,-1.207111,-1.108769,1.421670
0.121772,0.324560,-0.106437,-1.593211,0.105240,0.467373
0.109561,0.299236,-0.116836,-1.515513,0.902528,0.980710
0.038309,0.267193,-0.120670,-0.280883,0.913048,1.653797
0.063502,0.271388,-0.134088,-1.086183,0.906927,2.456403
0.132473,0.289973,-0.135893,-1.134126,-0.029189,1.113069
0.026886,0.223037,-0.122475,-0.863926,0.425918,1.831190
-0.073038,0.207354,-0.134850,-0.540497,0.682096,2.995171
-0.020771,0.200927,-0.135926,-0.776075,-0.468983,2.575945
0.061345,0.173820,-0.122977,-0.740434,-0.222317,3.240421
-0.025160,0.152114,-0.112391,0.052032,-0.595583,3.164359
-0.061575,0.130400,-0.141723,-0.476939,0.321635,5.295430
-0.078834,0.093644,-0.131958,-0.704629,-0.488582,5.531083
-0.097108,0.053362,-0.119691,0.715157,0.545255,5.860554
-0.041526,0.042392,-0.121986,0.701748,-0.125965,5.286818
-0.010336,-0.029970,-0.122609,0.430980,-0.345396,5.430091
-0.122776,-0.074585,-0.152893,0.641880,0.551724,5.685467
-0.189544,-0.104786,-0.117584,2.038272,-0.484449,3.955135
-0.042156,-0.110833,-0.134879,1.341505,-0.389827,3.090415
-0.018982,-0.168138,-0.110757,0.857060,1.118375,2.171549
-0.105455,-0.196593,-0.115139,1.420028,0.489676,1.109489
-0.105780,-0.224422,-0.099038,1.926009,0.092633,0.757093
-0.080285,-0.246050,-0.125380,0.296039,-1.097980,1.545897
-0.108032,-0.284303,-0.124878,0.594747,0.060567,-0.185580
-0.036799,-0.282839,-0.092821,1.236306,-0.528756,-0.983546
-0.030402,-0.296399,-0.106450,0.553753,-1.223146,-0.888017
-0.165599,-0.354889,-0.128866,0.084358,0.078666,-1.543946
-0.170418,-0.385704,-0.131295,0.717937,-0.420409,-2.927730
-0.019609,-0.394711,-0.102649,1.533009,-0.379874,-3.024628
-0.041671,-0.430418,-0.120620,0.382623,-0.708312,-6.241566
-0.116596,-0.491996,-0.138283,1.236553,0.922331,-9.673371
-0.064828,-0.514330,-0.099924,2.193163,0.070923,-10.667065
-0.058444,-0.520274,-0.097686,1.050888,0.022441,-9.154806
-0.063384,-0.499723,-0.135418,1.121848,2.390504,-11.391901
-0.027064,-0.518160,-0.070071,1.090957,0.193354,-12.377048
-0.038336,-0.506331,-0.068525,0.338691,-2.320304,-10.737982
-0.138594,-0.497366,-0.110317,0.133427,0.158876,-11.014352
-0.068219,-0.487420,-0.100115,0.832698,1.419000,-11.788498
-0.003420,-0.485254,-0.063952,-0.012143,-2.029802,-10.391546
-0.065216,-0.473897,-0.101329,-0.441548,0.023882,-9.472662
-0.073051,-0.419313,-0.112956,-0.008214,1.753428,-10.526499
0.016914,-0.426869,-0.075280,0.171444,0.150788,-8.487902
0.029781,-0.396336,-0.088209,-0.573371,1.689713,-4.944700
0.003617,-0.341746,-0.101933,-1.006472,1.522870,-3.802468
0.061989,-0.270884,-0.083811,-0.434714,0.566318,-3.493199
0.023125,-0.230215,-0.064783,-0.861277,-0.230582,-0.272153
0.013389,-0.197358,-0.081224,-1.059231,-1.084509,2.768029
0.110516,-0.166381,-0.057141,-0.673409,0.311066,4.373222
0.127565,-0.110938,-0.060712,0.289093,0.273745,5.157081
0.048449,-0.055090,-0.063040,-0.560746,-0.296093,4.033999
0.134879,-0.009061,-0.101510,-0.354015,0.879630,1.523472
0.213467,0.040015,-0.039016,0.646820,-1.333350,2.195034
0.219208,0.089997,-0.080985,0.541568,1.069513,4.439782
0.198059,0.143120,-0.082147,0.165408,1.255489,6.078591
0.230217,0.192150,-0.083749,0.051113,0.946182,8.758962
0.245421,0.260431,-0.060795,0.771060,0.798101,11.813051
0.297540,0.316538,-0.061550,0.780993,1.372505,12.835160
0.339148,0.318914,-0.082140,0.267317,0.693634,12.458675
0.301407,0.309198,-0.068541,1.551923,1.320511,13.844273
0.278791,0.353971,-0.045840,1.593944,-0.238260,14.452069
0.412117,0.368417,-0.075608,1.208599,1.777521,12.703696
0.444908,0.358559,-0.067658,1.700217,2.334827,10.746149
0.360356,0.315989,-0.075287,2.785738,1.717367,11.340098
0.396916,0.323043,-0.056222,1.896188,0.834710,10.812148
0.434184,0.287202,-0.069486,1.087819,1.198184,7.448861
0.406280,0.265066,-0.088745,2.671201,2.088453,5.149276
0.385828,0.202365,-0.040342,2.487037,0.890915,4.920122
0.394946,0.187144,-0.064848,1.883272,-0.022190,4.659166
0.333062,0.127033,-0.078733,1.555576,0.439176,1.548628
0.358846,0.038367,-0.067031,1.837836,1.330916,-1.178697
0.401741,-0.000402,-0.061202,1.932768,0.860228,-2.553020
0.302431,-0.037083,-0.062022,0.505347,0.757658,-2.869127
0.245421,-0.084682,-0.111032,0.197116,1.534765,-3.930330
0.267699,-0.170741,-0.058976,-0.434116,0.889015,-4.354154
0.292843,-0.213905,-0.041369,-0.783463,0.252960,-2.133566
0.244505,-0.247392,-0.077331,-1.543154,1.573620,-2.878087
0.214504,-0.311137,-0.107143,-1.738735,3.551538,-4.642975
0.182330,-0.357721,-0.086046,-1.271568,1.901670,-5.850050
0.180636,-0.391793,-0.068794,-2.564136,1.898729,-5.966537
0.232800,-0.410628,-0.106466,-2.432655,2.679371,-7.705460
0.221801,-0.475935,-0.056413,-1.600695,1.860324,-9.233494
0.188041,-0.480498,-0.086421,-2.230473,1.721645,-8.535074
0.180662,-0.476648,-0.078510,-2.385217,0.866313,-7.996084
0.240215,-0.472472,-0.103017,-2.028423,1.309873,-7.207644
0.228129,-0.509689,-0.076061,-0.609979,1.257455,-6.676917
0.233417,-0.501437,-0.115099,-0.647163,0.820084,-4.052830
0.203226,-0.497974,-0.100161,-0.944985,-0.564715,-4.376351
0.199917,-0.464207,-0.094623,0.235590,0.262804,-5.648359
0.201995,-0.432033,-0.096616,0.988742,0.009617,-5.389112
0.282887,-0.426580,-0.103108,0.356364,-0.378906,-3.287135
0.292150,-0.407181,-0.099019,2.100760,0.703281,-1.077364
0.234872,-0.385182,-0.113156,3.063193,1.375666,0.421281
0.206219,-0.362340,-0.112992,2.903332,0.681066,0.334385
0.269134,-0.348563,-0.127215,2.641968,1.683381,1.237152
0.289393,-0.281963,-0.125242,3.730382,2.497639,0.358728
0.243970,-0.277535,-0.126785,4.489997,1.687809,-0.380472
0.192019,-0.261667,-0.135145,3.413344,1.635707,-0.474177
0.145379,-0.256182,-0.146647,3.368151,1.570068,-0.407948
0.207814,-0.192034,-0.153760,3.895856,1.789332,-1.848233
0.208566,-0.175041,-0.119727,3.638555,0.113371,-1.937994
0.159005,-0.183742,-0.147881,2.163175,0.145060,-0.503983
0.095699,-0.177598,-0.161073,1.836188,0.043813,-0.249158
0.133641,-0.137755,-0.159593,2.150482,1.490873,-1.459633
0.171668,-0.100017,-0.139038,1.116898,0.152806,-2.995059
0.106922,-0.090882,-0.151331,-0.070876,-0.526064,-2.500066
0.018611,-0.052313,-0.196015,-0.954508,0.115853,-1.043141
0.015161,-0.044567,-0.155552,-0.675517,-0.322435,-0.235526
0.050865,-0.011381,-0.188619,-1.519393,0.295031,0.466588
0.050044,-0.004899,-0.172112,-2.517063,1.134997,-0.073738
0.039517,-0.012428,-0.174879,-2.754413,1.046184,-0.749011
0.000715,0.010391,-0.147812,-2.069779,0.380739,-1.261430
0.020660,0.017767,-0.180876,-2.765016,1.174672,-1.314235
0.083968,0.022605,-0.187067,-2.752234,3.563194,-2.005059
0.098473,0.054589,-0.167969,-2.192667,1.055149,-2.070183
0.060095,0.110998,-0.182360,-2.137607,1.038477,-1.589087
0.009631,0.112839,-0.191157,-3.020291,0.583630,-1.766996
0.012670,0.127518,-0.179832,-2.263807,-0.321450,0.128803
0.034226,0.183445,-0.164126,-1.437036,-1.378943,3.230311
0.060817,0.228112,-0.167375,-1.761630,-1.630720,4.542210
0.021959,0.238028,-0.203075,-1.151894,0.387963,4.065838
-0.038861,0.214043,-0.175595,0.383374,-1.327107,4.116384
-0.019816,0.258360,-0.183436,-0.079220,-2.535717,5.428463
-0.023890,0.282834,-0.177193,-0.114604,-1.190410,4.286154
-0.039580,0.293190,-0.188665,0.854988,-0.522112,3.113817
-0.075394,0.292586,-0.148124,1.056698,-0.281815,4.145097
-0.069506,0.326149,-0.175138,0.855215,-0.232480,6.848133
-0.112401,0.326424,-0.167388,0.317279,0.273567,8.050220
-0.111239,0.322804,-0.151304,1.619393,0.837293,8.043596
-0.126509,0.329021,-0.136304,0.683734,-0.042975,9.129863
-0.117731,0.338100,-0.154111,0.243690,0.570513,10.210436
-0.163817,0.307646,-0.131498,1.523125,1.055782,9.638700
-0.181972,0.261928,-0.131941,1.259969,-0.174840,9.249807
-0.189974,0.222374,-0.155004,1.016261,0.218583,7.983879
-0.193638,0.175747,-0.149873,1.708573,-0.502375,5.734171
-0.191117,0.128667,-0.133770,2.143201,-1.225972,4.796934
-0.207099,0.038617,-0.149660,1.573055,0.203766,3.865778
-0.191629,-0.042922,-0.147323,1.739944,-1.496232,3.019183
-0.179986,-0.087646,-0.110875,2.120995,-3.039995,3.099708
-0.175427,-0.111424,-0.138769,1.441784,-2.043854,1.231935
-0.197412,-0.217266,-0.137545,1.047477,-0.861513,-0.637341
-0.170135,-0.294068,-0.123551,1.428516,-0.999047,-1.175299
-0.155873,-0.350359,-0.083772,1.130894,-1.461054,-0.379356
-0.177987,-0.405586,-0.140193,0.710929,0.058814,-2.802091
-0.214265,-0.490650,-0.098401,1.090524,-0.049503,-5.752246
-0.182228,-0.542382,-0.089929,0.628182,-2.649601,-7.027466
-0.148061,-0.599680,-0.117952,-0.034434,0.579638,-7.895581
-0.162018,-0.667745,-0.097709,0.737215,0.437870,-9.760190
-0.223898,-0.729120,-0.064957,-0.199799,-1.387090,-10.839237
-0.212413,-0.729855,-0.113048,-0.802642,0.050559,-11.561570
-0.173618,-0.724166,-0.055457,-0.162705,-0.576554,-12.753643
-0.136615,-0.731306,-0.058133,-1.374010,-1.295720,-13.295911
-0.192246,-0.752832,-0.064251,-2.053615,-1.047794,-12.493070
-0.204335,-0.735629,-0.055421,-1.094759,-0.373198,-11.218687
-0.192052,-0.669094,-0.041989,-1.908561,-1.262755,-10.005487
-0.159211,-0.648424,-0.057502,-2.424977,-0.689201,-10.324330
-0.143856,-0.644653,-0.044228,-1.331321,-0.409761,-10.165361
-0.128009,-0.609859,-0.034995,-1.443220,-0.211688,-8.514619
-0.130884,-0.552885,-0.046529,-1.043301,0.065907,-8.767210
-0.114899,-0.517320,-0.021254,-0.173691,0.635092,-9.221326
-0.043890,-0.450936,-0.004301,-0.096219,0.033116,-7.430344
0.009197,-0.396878,-0.035599,-0.111456,1.479555,-4.316950
0.009036,-0.346016,-0.014135,1.501222,1.263370,-2.772790
-0.023903,-0.296363,-0.008433,1.791117,0.853574,0.348136
0.003926,-0.226394,-0.033514,2.211184,1.337632,1.569174
0.044438,-0.152933,0.014304,2.300365,0.139089,1.511737
0.114744,-0.072743,-0.003030,2.952637,0.585813,2.474205
0.077042,-0.060575,-0.007360,2.870964,0.858928,2.258958
0.067766,-0.039046,0.010040,3.730753,-0.330303,2.913630
0.119658,0.029229,0.023869,3.822808,-0.490154,5.145870
0.202523,0.096030,0.004795,2.858592,0.702024,5.608796
0.222500,0.113397,0.015995,3.614082,0.483437,4.866574
0.237826,0.127042,0.005136,3.361685,0.973777,8.031138
0.244410,0.169268,-0.011555,2.187734,0.410123,9.557734
0.269304,0.191900,-0.020453,2.280594,1.527544,10.524609
0.277908,0.211486,-0.001891,1.937905,1.040230,9.704338
0.276673,0.230321,-0.031331,0.563515,1.335252,10.086666
0.277862,0.260142,-0.018658,0.038358,1.219034,9.188531
0.278669,0.240546,-0.010009,-0.213993,-0.008693,9.727721
0.313837,0.237299,-0.039606,-1.117884,1.015667,9.368521
0.340566,0.214510,-0.036882,-1.382584,1.570524,8.591346
0.326153,0.203513,-0.016754,-1.056263,0.746534,6.974685
0.291773,0.181068,-0.013344,-1.691720,-2.905835,5.019579
0.299132,0.164298,-0.064113,-2.196356,0.978317,4.069001
0.349369,0.128739,-0.059357,-1.704295,2.143937,2.672916
0.351195,0.142352,-0.029149,-1.620452,-0.083066,1.895293
0.309521,0.120891,-0.067760,-1.873338,0.884757,1.065817
0.283780,0.088838,-0.091082,-2.238479,1.866098,0.040589
0.295426,0.043961,-0.075671,-1.493021,1.081569,0.166524
0.325647,0.053220,-0.061067,-0.943436,1.109141,0.517326
0.291329,0.027919,-0.088466,-1.410996,1.392294,-0.343353
0.249692,0.010598,-0.094190,-0.208295,3.026965,-2.368425
0.216322,-0.019883,-0.087615,-0.172283,0.684072,-2.625440
0.239848,0.004168,-0.138421,-0.331229,1.572983,-3.422764
0.209475,-0.045469,-0.139150,-0.477566,1.792936,-3.182986
0.195338,-0.061087,-0.136534,1.052979,1.498869,-1.312212
0.163259,-0.069247,-0.150914,0.586623,-0.216993,0.105939
0.146088,-0.082088,-0.194541,0.505580,1.180443,-0.398805
0.130247,-0.122426,-0.206088,1.593353,1.000824,-1.275121
0.116953,-0.153281,-0.216152,1.883029,1.080177,-1.561353
0.096297,-0.168679,-0.241309,1.748734,0.418615,-2.711638
0.083945,-0.201530,-0.236743,2.096837,0.462619,-3.810861
0.050966,-0.239806,-0.253592,3.100889,-0.034007,-5.445286
0.044438,-0.265547,-0.295269,2.096187,-0.132398,-5.132762
0.075243,-0.268964,-0.305714,1.472028,0.495319,-4.308563
0.071426,-0.293317,-0.282694,2.411393,0.914181,-2.512088
0.035010,-0.292962,-0.291304,1.632985,1.120210,-0.303988
-0.002754,-0.326141,-0.282477,0.988469,0.825647,0.741872
-0.012227,-0.332919,-0.289840,0.993018,0.389260,0.950996
-0.032673,-0.361201,-0.272837,1.608252,0.311699,0.877479
-0.073162,-0.369043,-0.298666,0.469391,-0.764366,-0.213253
-0.092381,-0.429758,-0.301942,0.230790,0.519921,-0.946569
-0.134872,-0.433792,-0.286997,0.666130,-1.050739,-0.888366
-0.155535,-0.435742,-0.270815,0.790108,-1.012948,-0.763289
-0.122025,-0.463925,-0.320048,-0.183831,0.860858,-2.378130
-0.170388,-0.503685,-0.266075,0.902768,-0.831203,-2.921732
-0.211320,-0.487791,-0.259323,0.863247,-1.212294,-2.357934
-0.233014,-0.490542,-0.273651,0.188608,-0.243617,-4.350484
-0.216139,-0.507906,-0.290289,0.387776,0.469174,-6.423951
-0.247765,-0.483728,-0.265353,1.277724,-0.308035,-7.510465
-0.245001,-0.469347,-0.289991,0.368672,0.184446,-7.271514
-0.237934,-0.459145,-0.297800,-0.521249,-0.435128,-7.529395
-0.279782,-0.431944,-0.300787,0.906487,0.211546,-7.863549
-0.328933,-0.382799,-0.290546,0.000836,-1.632548,-6.828314
-0.270877,-0.350287,-0.323196,-0.737628,-1.175357,-6.225934
-0.297773,-0.335857,-0.269906,0.155626,-1.243677,-6.584298
-0.347922,-0.291035,-0.329721,0.398621,-1.593559,-5.051794
-0.301210,-0.268958,-0.308267,-0.928331,-1.616369,-3.481898
-0.279634,-0.197417,-0.318216,-1.080846,-1.801895,-2.973123
-0.361607,-0.140877,-0.299411,0.329273,-0.726099,-3.820300
-0.332163,-0.090068,-0.304699,-1.196683,-1.499222,-3.365646
-0.269016,-0.074135,-0.290972,-1.132124,-1.742680,-2.644486
-0.313952,0.017724,-0.252998,-0.555098,-1.775590,-1.702027
-0.331471,0.061902,-0.289833,-1.073313,-0.531956,-2.495312
-0.279254,0.084545,-0.280833,-0.976520,-0.057503,-2.459930
-0.252137,0.131191,-0.232995,-0.567827,-0.641051,0.606942
-0.280557,0.186803,-0.224119,-0.621469,-1.227863,2.462527
-0.240659,0.195764,-0.241069,-1.227630,-0.552632,3.559984
-0.276001,0.211204,-0.194429,0.150022,-3.235448,4.038990
-0.287561,0.288768,-0.217022,0.418178,-0.960387,6.653199
-0.235013,0.315179,-0.202419,-0.078045,-2.410765,7.471649
-0.233283,0.290794,-0.189108,-0.066162,-2.223791,8.212647
-0.320215,0.304212,-0.171344,1.620876,-1.445840,10.615562
-0.295541,0.314706,-0.181519,0.969457,-2.074755,13.777437
-0.199178,0.321895,-0.147874,0.361382,-3.014428,13.734606
-0.211734,0.292024,-0.113852,1.651101,-1.578690,13.644687
-0.273421,0.261206,-0.111259,1.662468,-1.226793,13.105408
-0.205143,0.218265,-0.108689,1.526250,-0.586307,11.957734
-0.174117,0.217428,-0.085249,1.926639,-0.373178,9.526438
-0.228609,0.171385,-0.054545,2.141786,-1.142162,7.686441
-0.194563,0.140074,-0.057880,1.375790,0.160783,7.071188
-0.186705,0.073650,-0.075178,0.761341,0.316104,7.816010
-0.254921,0.048024,-0.039485,2.063553,0.026567,7.325449
-0.210207,-0.012832,-0.005817,1.404288,-0.934941,5.806025
-0.134180,-0.079948,-0.015372,0.459252,-1.188145,4.778247
-0.172410,-0.123578,-0.028154,0.772301,0.261875,4.790992
-0.225185,-0.172523,0.001992,0.839844,-0.848071,3.048762
-0.114262,-0.225751,0.009745,-0.377740,-2.025200,0.523971
-0.102931,-0.286847,0.003160,-1.420197,-1.124068,-0.802839
-0.119261,-0.318552,0.021897,0.047007,0.180359,-1.801299
-0.097114,-0.349351,0.016313,-0.561833,-1.077468,-2.863308
-0.088163,-0.420613,0.002763,-1.644686,-0.512967,-4.572696
-0.165822,-0.493368,0.024854,-0.810582,-0.595987,-6.769273
-0.065836,-0.484204,0.033940,-0.537080,-0.196556,-6.792278
0.000236,-0.519959,0.035003,-1.038249,-0.895122,-8.513262
-0.074055,-0.597051,0.026929,-0.186128,0.021913,-10.435696
-0.117337,-0.622798,0.033897,0.212482,-0.470043,-11.647812
-0.024553,-0.634162,0.014367,0.204354,1.372964,-11.679365
-0.045094,-0.650082,0.031504,0.855055,0.319187,-13.092419
-0.114262,-0.679913,0.037354,1.086260,-0.519332,-12.607997
-0.080262,-0.684367,0.024037,0.994404,0.331706,-11.795363
-0.075096,-0.703999,0.005406,1.377251,0.952349,-9.392860
-0.112381,-0.678370,0.026587,2.366499,0.828529,-9.193040
-0.053162,-0.669471,0.016287,2.269539,-0.141546,-9.213196
0.007149,-0.670643,0.010746,1.327191,-0.503336,-7.921614
-0.057065,-0.661564,-0.008715,2.099109,1.525640,-7.342866
-0.079179,-0.620136,0.008865,3.253204,1.032703,-8.881858
0.029273,-0.595262,-0.003861,2.209011,0.029203,-7.498806
0.020065,-0.567578,-0.024090,1.504364,1.789453,-5.420009
-0.057692,-0.478358,-0.061195,1.884821,0.741604,-3.900435
-0.026141,-0.470861,-0.031420,2.352739,-0.043995,-2.401620
0.015946,-0.446948,-0.025919,0.883947,-2.323127,0.603890
0.000702,-0.401283,-0.089739,0.907337,0.542012,2.409109
0.038687,-0.324273,-0.052822,1.435889,0.363070,0.745861
0.038985,-0.287054,-0.065925,0.369070,-0.702649,0.460489
-0.029949,-0.231646,-0.081750,-0.435896,0.467684,1.124334
0.070451,-0.158701,-0.126003,-0.536630,1.202648,1.775866
0.147880,-0.110971,-0.074482,0.309868,0.839581,3.124270
0.038267,-0.053925,-0.123056,-0.750718,0.185575,5.964227
-0.005367,-0.029323,-0.143867,-0.879658,1.441659,7.050969
0.137249,0.043790,-0.106132,-0.385996,0.431758,6.761828
0.139106,0.105611,-0.123932,-0.647341,0.744193,7.773757
0.086811,0.151346,-0.181280,-0.202423,2.549725,5.223661
0.091097,0.155987,-0.159409,-0.154473,0.160461,4.549583
0.096684,0.210259,-0.166187,0.548307,-0.636876,5.049682
0.066233,0.270744,-0.157607,0.175882,-0.226164,4.308118
0.146774,0.273800,-0.199189,0.105877,-0.695655,3.681039
0.090136,0.252737,-0.176944,0.446066,-1.258757,5.669849
-0.012434,0.303877,-0.194688,1.352563,-0.398305,6.123709
0.060374,0.337535,-0.202363,0.829753,-1.573110,4.309815
0.126242,0.330038,-0.181421,0.345761,-1.535158,3.602851
-0.104149,0.310075,-0.089234,0.320427,-13.874471,2.141004
-0.058851,0.341130,-0.204385,1.311887,-0.690876,2.572418
0.002271,0.335586,-0.195512,0.437613,-1.511656,1.786038
-0.071229,0.282289,-0.222389,0.378017,1.013412,1.632052
-0.067723,0.271860,-0.194022,1.444114,2.004761,0.072375
0.027960,0.267317,-0.176550,-0.205321,0.457233,1.344233
-0.065770,0.263224,-0.202271,-0.737989,1.873812,1.334348
-0.140298,0.212061,-0.230618,-0.354748,2.348042,-0.708233
-0.013928,0.204958,-0.193930,-0.846631,-0.388231,0.005648
-0.048111,0.191654,-0.204296,-2.051302,-0.657437,2.820286
-0.177728,0.166402,-0.238332,-2.078953,0.850160,1.591812
-0.104244,0.111221,-0.191642,-1.585002,-0.744753,1.983255
-0.067123,0.098141,-0.214488,-2.559059,0.135925,4.567290
-0.168757,0.071809,-0.229321,-2.210635,-0.376392,3.387173
-0.122484,0.050486,-0.203643,-1.880047,-1.911621,0.690440
-0.096530,-0.026549,-0.183131,-2.149749,-3.340972,2.066696
-0.217163,-0.018711,-0.202317,-2.302277,-1.375083,3.356840
-0.181608,-0.025266,-0.191383,-1.324872,-0.978456,3.357947
-0.121654,-0.087376,-0.131646,-0.554756,-2.266869,4.185114
-0.263084,-0.137027,-0.166358,-0.571595,-1.212012,4.689892
-0.294395,-0.161097,-0.161119,0.584099,0.066761,2.373034
-0.213841,-0.224947,-0.107474,0.765601,-1.584657,0.883528
-0.298663,-0.255654,-0.089394,1.540339,-2.590462,-1.530556
-0.377481,-0.258556,-0.101041,2.117474,0.393376,-3.318585
-0.268330,-0.257906,-0.103483,2.510260,0.445114,-3.132186
-0.337205,-0.321989,-0.042390,2.273041,-1.297801,-0.969900
-0.456689,-0.341460,-0.105114,3.970502,0.298862,0.901233
-0.391267,-0.375929,-0.083223,2.945669,0.201977,2.067262
-0.377113,-0.414672,-0.055966,3.219405,-1.467162,2.562518
-0.486562,-0.430263,-0.032162,4.704783,-1.365830,-0.561844
-0.460936,-0.472334,-0.044888,3.743042,-2.142665,-4.485330
-0.415074,-0.578190,-0.044619,3.111504,-2.457178,-6.297980
-0.487708,-0.567820,-0.007432,3.589227,-2.648590,-7.901210
-0.417648,-0.525070,-0.017473,3.274474,-0.760555,-9.643190
-0.341899,-0.613778,-0.007091,1.112322,-1.192169,-9.054200
-0.430794,-0.636325,-0.011719,1.912253,-1.379741,-8.592343
-0.477319,-0.613220,0.009364,2.030378,-2.180035,-7.804726
-0.366323,-0.628503,-0.009536,-0.115145,-1.497226,-8.049755
-0.427630,-0.663553,-0.004022,-0.354704,-1.622224,-10.062222
-0.498215,-0.593476,-0.004484,0.100422,-1.041072,-10.256266
-0.467462,-0.606763,0.012545,-1.873242,-4.385936,-9.790992
-0.476607,-0.607088,-0.017063,-2.369521,-2.419621,-10.726097
-0.546841,-0.573637,-0.003782,-1.214966,-1.591350,-9.969654
-0.504800,-0.551828,-0.005193,-2.450387,-2.329029,-7.868626
-0.455186,-0.534409,-0.000729,-3.433336,-2.646565,-7.237951
-0.524681,-0.485221,0.010178,-1.410583,-0.983780,-6.339293
-0.530331,-0.440826,-0.016370,-1.502652,-1.012328,-4.752532
-0.430837,-0.412440,-0.025111,-2.855676,-0.209630,-2.562983
-0.458311,-0.341713,-0.014808,-1.470359,-1.016188,-2.356607
-0.500654,-0.241438,-0.005774,-0.285005,-0.031033,-2.567397
-0.436013,-0.227586,-0.012237,-1.142647,-1.578909,0.917461
-0.427488,-0.165938,-0.012845,-0.786004,-2.116616,2.483115
-0.513534,-0.081619,-0.004904,1.047930,-2.322976,2.266768
-0.440126,-0.011450,-0.037502,1.102888,-1.705681,2.575790
-0.419571,-0.007275,-0.025213,0.554688,-2.794344,3.424330
-0.471742,0.077054,-0.026871,2.404309,-2.681044,6.189341
-0.471201,0.155583,-0.014453,2.514337,-2.700827,8.898990
-0.376808,0.174319,-0.043450,1.933818,-1.512535,11.327008
-0.435527,0.208995,-0.037647,2.617664,-2.904293,12.642422
-0.445916,0.279469,-0.025328,3.256062,-3.358349,13.008154
-0.374513,0.303864,-0.027708,2.309818,-3.204163,12.619628
-0.353322,0.305972,-0.039593,1.842103,-0.949693,11.442487
-0.396259,0.329457,-0.020791,2.719285,-0.555580,10.823080
-0.284561,0.358714,-0.016557,2.202114,-0.562562,10.878538
-0.272964,0.345666,-0.036183,0.950455,-1.401720,11.446561
-0.321755,0.317408,-0.049178,1.373207,0.706537,11.701133
-0.255768,0.297500,-0.007672,1.402227,-1.268470,12.176796
-0.149144,0.276988,-0.027310,0.648297,-0.801586,11.779271
-0.219109,0.250380,-0.063539,0.144574,0.118160,7.782284
-0.237764,0.177687,-0.049920,1.026486,-0.444932,3.448503
-0.107257,0.117422,-0.070241,0.305003,-2.217478,3.996624
-0.116494,0.066061,-0.058159,-0.621048,-1.746921,4.583262
-0.154248,0.034842,-0.076383,-0.024997,-1.138239,2.197132
-0.076123,-0.049271,-0.031853,0.300050,-2.055536,1.696122
-0.066272,-0.119676,-0.075060,-0.954734,-1.613365,3.569372
-0.115388,-0.123381,-0.074883,-0.525395,-1.096115,0.698310
-0.034439,-0.183444,-0.078766,-0.534592,-0.235493,-2.496210
0.000338,-0.286181,-0.045298,-1.029574,-0.674407,-3.706608
-0.096471,-0.323164,-0.069982,-1.331207,0.747551,-4.324496
-0.030166,-0.320216,-0.077716,-0.262363,2.261793,-7.462848
0.028597,-0.402221,-0.028820,-0.683388,-0.011739,-8.085475
-0.029601,-0.478669,-0.052638,-0.926833,1.678083,-6.204143
-0.061884,-0.479556,-0.066769,-0.883499,1.740519,-6.524670
0.040069,-0.479602,-0.061602,-0.053774,1.254547,-7.631992
-0.008072,-0.549475,-0.017394,-0.564127,0.304422,-8.303852
-0.022619,-0.531868,-0.049043,0.158649,0.320280,-9.685815
0.057961,-0.534678,-0.064960,0.137149,-0.410732,-9.369905
0.041342,-0.593191,-0.046440,0.382364,-0.530430,-9.301886
-0.038378,-0.553194,-0.052552,0.975651,-0.154705,-9.213502
0.059776,-0.514146,-0.048883,0.563614,-0.646300,-8.280372
0.113490,-0.516332,-0.047343,-0.105987,-0.657388,-5.871362
-0.027441,-0.481171,-0.014571,0.933896,-0.536886,-5.732718
-0.018992,-0.421197,-0.044980,1.224562,-1.393301,-5.312849
0.076615,-0.438506,-0.047813,-0.251376,-0.743837,-3.443668
0.031574,-0.422536,-0.027987,0.837264,0.948236,-2.469878
0.031200,-0.312650,-0.053931,2.612088,0.933958,-2.576900
0.077213,-0.349565,-0.019134,1.031407,-0.170077,-1.331318
0.003693,-0.393168,-0.051358,0.496750,1.039488,-0.082029
-0.053458,-0.307523,-0.022896,3.020019,1.502509,-1.690748
0.066860,-0.240505,-0.014332,2.550670,-0.686021,-2.160841
0.027494,-0.270320,-0.027534,0.529972,-0.461590,-1.657122
-0.117308,-0.221142,-0.049467,2.055094,1.469918,-1.535934
-0.076162,-0.121816,-0.022850,3.560929,0.036536,-0.973915
-0.029480,-0.166230,-0.013327,1.057945,-2.256221,0.865802
-0.117239,-0.162433,-0.059121,1.625738,-0.327913,0.483809
-0.136001,-0.101090,-0.006552,2.824048,-0.335716,1.033056
-0.055749,-0.078977,0.007224,1.813628,-2.035428,1.834064
-0.137538,-0.085079,-0.014765,0.144147,0.026498,0.945063
-0.147086,-0.006845,-0.015966,1.065606,0.327846,-1.104696
-0.041323,-0.008171,0.028330,0.798429,-0.293769,-0.443972
-0.079793,-0.015967,0.007690,-1.453714,-0.005397,0.679078
-0.180659,0.050870,-0.010215,0.237881,1.467909,-1.612189
-0.094072,0.056037,0.006548,-0.354839,0.116555,-0.270083
-0.082741,0.026091,0.042999,-2.236116,-1.627519,1.937269
-0.147746,0.117914,-0.009523,-2.048193,0.082930,0.583224
-0.145668,0.169212,0.009325,-1.203001,-0.727882,-1.952011
-0.126922,0.125703,0.030877,-3.305006,-2.742672,0.622017
-0.221030,0.189530,0.013306,-3.857788,-1.836125,1.198913
-0.190966,0.311585,0.015322,-2.045797,-0.905416,0.337515
-0.124355,0.261662,0.050007,-2.903094,-2.421958,1.571277
-0.196106,0.223769,0.035850,-3.862508,-1.686055,4.454715
-0.242894,0.312730,0.008839,-1.968610,0.322364,4.533695
-0.185494,0.311962,0.052564,-1.534662,-1.784489,4.634828
-0.210112,0.290974,0.053996,-2.583286,-1.392434,5.033881
-0.273614,0.340033,0.036346,-1.518050,-0.452561,3.625713
-0.256943,0.382607,0.064860,-0.945527,-0.397672,4.000095
-0.282247,0.324800,0.072335,-0.547190,-1.576546,4.974211
-0.340484,0.372185,0.010155,-0.858772,-0.617917,5.953092
-0.318082,0.345282,0.028859,0.796505,-0.597398,6.886904
-0.299299,0.331515,0.068015,1.356076,-0.880958,7.362146
-0.388080,0.327783,0.040403,1.547944,-0.915545,7.102586
-0.374224,0.309743,0.023735,2.248009,0.048300,6.446312
-0.346310,0.231969,0.066791,1.814511,-1.552916,6.798680
-0.370134,0.236998,0.065304,2.736968,-1.115344,6.295406
-0.405581,0.237739,0.061099,2.894788,-1.457033,5.803112
-0.359207,0.132738,0.047900,2.358595,-1.965348,6.302481
-0.386409,0.043147,0.079497,2.379438,-3.758071,7.036015
-0.415435,0.031743,0.031770,3.082087,-1.509811,6.446961
-0.357051,-0.019765,0.032978,2.679791,-1.891411,4.575135
-0.375055,-0.140834,0.080596,1.790471,-2.401315,3.267251
-0.413065,-0.157394,0.035811,1.980865,-1.305755,2.743459
-0.404856,-0.177558,0.046318,0.534820,-2.034702,2.121637
-0.344505,-0.293888,0.053195,0.552503,-1.534334,0.419511
-0.390085,-0.368931,0.061788,0.201144,-1.457584,0.466351
-0.367174,-0.382648,0.032338,-0.380688,-0.555603,-0.545927
-0.329915,-0.458788,0.043088,-0.848439,-1.049669,-3.798284
-0.356017,-0.537809,0.045386,-0.490344,-0.990083,-5.278687
-0.363747,-0.578249,0.002461,-0.337951,0.305125,-6.523752
-0.321400,-0.650443,0.023558,-0.987837,-0.806322,-7.721467
-0.325070,-0.677218,0.037314,0.072541,-0.937944,-9.009270
-0.391720,-0.702276,0.037587,-0.206226,-0.896090,-9.752044
-0.329777,-0.731700,-0.001435,-0.523779,0.408751,-9.324098
-0.324426,-0.788358,0.032919,-0.313270,-2.380451,-9.575194
-0.380710,-0.775760,0.049495,0.013457,-2.674433,-11.340012
-0.371529,-0.784734,0.026499,0.708816,-1.439205,-11.967568
-0.305785,-0.807747,-0.001717,-0.232184,-0.812716,-11.520633
-0.372977,-0.777499,0.022474,0.725336,-1.691559,-12.366240
-0.407305,-0.706415,0.029876,2.128680,-1.424156,-12.224115
-0.373069,-0.715373,0.013375,0.825316,-1.851946,-11.725508
-0.407512,-0.735038,0.013274,0.888007,-0.826364,-10.688202
-0.460152,-0.631943,0.024358,1.808829,-0.903499,-11.135013
-0.435678,-0.590174,0.031511,2.231663,-1.028077,-10.445454
-0.418271,-0.569586,-0.013160,0.938813,-0.452928,-7.972340
-0.503566,-0.523320,0.044769,1.482621,-0.779583,-7.931068
-0.454621,-0.402031,0.038447,2.082683,-0.554021,-5.981575
-0.400343,-0.360882,0.034711,0.134080,-1.224016,-2.902473
-0.445736,-0.324861,-0.011975,0.503460,1.234898,0.118086
-0.489320,-0.238792,0.027802,1.597112,-1.186615,3.219228
-0.410279,-0.185511,0.031895,0.867741,-1.565356,4.499006
-0.419913,-0.139370,-0.003135,0.095922,-0.673748,3.241766
-0.473889,-0.125387,0.001155,1.837347,-1.024969,1.391802
-0.391201,-0.053091,0.015512,1.828580,-2.783312,3.121385
-0.387252,-0.020287,0.018979,0.173574,-3.326739,4.735282
-0.434913,0.056165,-0.030882,1.032014,-1.594104,4.822816
-0.389304,0.100340,0.024467,1.950909,-2.610491,6.025686
-0.322848,0.131149,0.029643,0.260480,-4.722484,10.545080
-0.389409,0.184958,-0.024192,0.363142,-1.836410,10.655720
-0.387400,0.223169,-0.043411,1.350161,0.385278,8.664621
-0.302647,0.204987,0.002934,0.695922,-2.644950,10.291702
-0.320553,0.207436,0.022451,0.302778,-2.325684,9.886126
-0.367971,0.302745,-0.015776,0.617386,-1.179230,8.895685
-0.299139,0.263244,-0.023598,0.676211,0.764751,9.858251
-0.298882,0.214221,0.008990,-0.021757,-1.155180,11.346969
-0.308438,0.264429,0.002872,0.969887,0.057025,10.776008
-0.248687,0.310347,-0.013646,0.268384,-0.194420,7.493697
-0.203091,0.209694,0.013720,-0.196278,-0.127350,6.411318
-0.282917,0.196213,0.014180,-0.237456,-1.939187,5.169475
-0.237704,0.246674,0.006633,0.049012,-0.322816,4.126821
-0.101040,0.215442,-0.027301,-0.414432,0.271063,2.597995
-0.154590,0.141941,0.019441,-0.909269,-0.926886,1.923726
-0.167349,0.183858,0.000640,-0.272483,-1.230932,2.590153
-0.103463,0.146182,0.004395,-0.950375,-1.789435,2.234886
-0.109630,0.047476,0.010086,-1.351568,-1.156456,0.728668
-0.109745,0.069423,-0.009510,0.074428,-0.864090,-2.519549
-0.006122,0.040402,0.023223,-0.512609,-1.392835,-3.875578
0.003249,-0.028791,0.020265,-1.996393,-0.824789,-4.314683
-0.067330,-0.026172,0.027030,-0.269292,-0.078944,-5.374567
0.035132,-0.022588,0.019786,-0.368136,0.483437,-4.197772
0.118601,-0.068886,0.018637,-2.010002,0.876564,-1.945409
0.024474,-0.091568,0.067808,-1.270951,0.163990,-2.624767
0.045508,-0.060677,0.038414,-0.550256,1.391759,-4.137834
0.114938,-0.133075,0.032010,-1.757490,1.553692,-4.331564
0.078467,-0.170855,0.050772,-0.979497,1.378006,-4.461047
0.090894,-0.104347,0.061893,0.461730,0.499842,-6.517830
0.188743,-0.171302,0.070313,-0.242107,0.301941,-5.116282
0.143813,-0.262396,0.057498,-0.765902,0.551104,-2.991927
0.086341,-0.233402,0.058069,1.716248,0.686318,-2.131854
0.182983,-0.201316,0.059874,1.513554,-1.253114,-2.623210
0.175243,-0.294118,0.050647,-0.186702,-0.334475,-2.712784
0.109893,-0.254653,0.035982,1.820282,0.342650,-2.834298
0.131678,-0.251679,0.080206,3.474795,-0.106591,-2.439867
0.175847,-0.309772,0.057793,1.072625,-0.414143,0.207658
0.073664,-0.340174,0.051836,1.544564,0.771894,-1.032849
0.134931,-0.287418,0.098696,3.792403,-0.070235,-1.165853
0.198627,-0.344802,0.090805,2.003193,0.556130,-0.097920
0.099645,-0.378178,0.077304,1.528444,1.501216,-2.374739
0.058135,-0.323256,0.092144,3.755840,2.035685,-5.528951
0.162412,-0.351199,0.118857,2.091454,0.908949,-5.544376
0.101805,-0.362025,0.094481,-0.209256,0.496632,-5.928164
0.024067,-0.268311,0.067283,1.493226,2.673443,-7.190642
0.056579,-0.297275,0.108090,1.520654,0.263615,-4.718314
0.079721,-0.376005,0.080787,-0.903459,0.548573,0.004234
0.025344,-0.276067,0.044454,-0.091958,1.580700,-1.754850
0.042356,-0.234571,0.056513,0.637931,0.276275,-4.385380
0.050412,-0.313261,0.082251,-1.619267,-2.089263,-3.186885
-0.062599,-0.244165,0.048386,-1.585487,-0.440389,-2.345106
-0.063794,-0.120536,0.024496,-0.302701,0.584181,-1.767973
-0.048882,-0.225062,0.072604,-1.293357,-2.510879,0.845261
-0.171268,-0.300252,0.077196,-0.933490,-3.323171,3.640880
-0.258292,-0.210944,0.035949,1.645151,-0.919871,2.678154
-0.192233,-0.261175,0.080285,2.234398,-0.838060,-0.300645
-0.222487,-0.332368,0.079001,0.896568,-1.482767,-5.111844
-0.350138,-0.260735,0.108169,1.972843,-3.743655,-11.389646
-0.260019,-0.213209,0.076651,2.162007,1.624865,-14.417558
-0.144733,-0.228262,0.083800,1.635280,10.268709,-14.626224
-0.250365,-0.138999,0.141026,0.824489,2.080615,-13.351668
-0.209036,-0.038192,0.104401,1.100348,1.961893,-8.817015
-0.201995,-0.074933,0.142881,-1.708552,0.174123,-2.968111
-0.284578,-0.005680,0.135991,-1.455240,0.881692,0.905782
-0.285736,0.117648,0.108070,-0.294393,-0.543740,2.297233
-0.182586,0.061597,0.106213,-2.161181,-1.952638,5.063009
-0.255876,0.046281,0.121309,-2.795318,-3.187150,5.473372
-0.291786,0.174001,0.090293,-0.651955,-2.911127,4.309027
-0.171485,0.180090,0.069679,-1.552742,-2.975009,3.555906
-0.154675,0.076329,0.124299,-2.982673,-3.910304,5.126459
-0.204329,0.185723,0.132964,-0.462070,-6.157980,7.050295
-0.192932,0.228122,0.092170,-0.462890,-2.887152,10.883911
-0.185074,0.153798,0.090509,-2.593990,-0.716823,13.791680
-0.289400,0.250656,0.127932,-0.994478,-2.122153,12.096278
-0.351211,0.389441,0.122149,0.118167,-1.464238,9.347013
-0.331389,0.356990,0.139273,-2.330617,-1.089629,8.309142
-0.461173,0.334693,0.132548,-1.570697,-1.286704,6.393526
-0.526510,0.433255,0.112827,0.468344,0.117018,7.398475
-0.456502,0.436399,0.111875,-0.666878,0.445800,9.234003
-0.451280,0.338658,0.146117,-0.028643,0.135987,10.099980
-0.516607,0.323185,0.126541,3.236988,0.741213,11.528284
-0.499850,0.255996,0.156877,2.711181,-0.323236,12.434133
-0.460244,0.156512,0.145983,1.607957,0.059362,11.341073
-0.490318,0.195898,0.154136,3.987167,-0.376123,6.919636
-0.439190,0.199775,0.143317,4.887516,-1.598338,6.039405
-0.412376,0.096982,0.130598,2.873806,-2.989052,6.179839
-0.456065,-0.006615,0.135781,3.871464,-3.199840,4.652136
-0.445049,-0.031821,0.140284,5.041568,-2.971323,3.127654
-0.360878,-0.157460,0.138367,2.955982,-3.404566,2.686234
-0.321915,-0.232523,0.148054,2.853945,-3.225088,1.626861
-0.380625,-0.220706,0.156296,3.399371,-2.999631,-1.592675
-0.371418,-0.302967,0.135019,1.882438,-1.868526,-5.479545
-0.313407,-0.422520,0.125740,0.183573,-1.366247,-9.144932
-0.244791,-0.459474,0.134602,0.936518,0.613385,-10.846685
-0.174327,-0.440075,0.127703,-0.320120,1.422746,-11.383359
-0.138591,-0.551753,0.142543,-1.867294,2.594865,-11.018403
-0.170391,-0.613545,0.149101,-2.017479,2.225259,-10.396824
-0.149935,-0.607065,0.151760,-2.112797,2.368899,-10.164033
-0.015976,-0.626530,0.125566,-3.494625,3.187746,-11.603908
-0.008259,-0.699588,0.153837,-3.976044,0.584743,-13.144451
-0.084648,-0.698252,0.159657,-3.119977,-1.862128,-13.794845
-0.107067,-0.681807,0.133683,-3.184418,-1.748762,-13.595985
-0.071094,-0.704469,0.116795,-3.290743,-2.040282,-14.876352
-0.065390,-0.671513,0.139982,-2.075026,-3.180565,-15.917256
-0.040916,-0.649281,0.127450,-1.500150,-3.417334,-14.111409
-0.076399,-0.662916,0.116766,-1.271712,-2.638966,-11.170958
-0.169101,-0.649146,0.121913,0.411709,-2.159756,-10.467395
-0.136904,-0.532429,0.093926,0.697685,-1.861242,-9.488366
-0.099540,-0.474954,0.127864,0.533826,-0.133612,-9.220916
-0.096789,-0.425868,0.134606,1.390939,0.491886,-8.298751
-0.189397,-0.348662,0.191976,1.189939,-7.245724,-7.533698
-0.146856,-0.281437,0.120176,1.352272,2.839141,-5.640342
-0.118132,-0.214495,0.115810,1.673826,3.920799,-3.864776
-0.124877,-0.083431,0.141016,3.178121,3.761253,-2.663516
-0.123420,0.012860,0.128405,2.446144,2.431688,-1.119156
-0.137561,0.000091,0.126715,1.605807,1.520743,1.576859
-0.141683,0.083806,0.116359,2.364149,0.282853,4.799035
-0.145921,0.201419,0.146711,2.421647,-2.574099,5.953287
-0.088534,0.274555,0.126518,1.240396,-1.711448,7.132438
-0.080932,0.291545,0.122910,1.845356,-2.555743,7.962639
-0.096651,0.315986,0.118230,2.429535,-3.166832,10.882378
-0.068820,0.337903,0.109321,1.957369,-3.545944,12.503946
-0.020798,0.326382,0.084910,1.144493,-3.322839,12.682167
-0.034571,0.302584,0.102976,2.513621,-2.454280,11.876275
-0.016393,0.366464,0.097314,2.222774,-2.210546,11.558843
-0.041684,0.355018,0.095699,0.435569,-1.587178,9.874939
-0.090110,0.345853,0.093037,0.302568,0.560843,6.478283
-0.079222,0.380729,0.119891,0.077750,0.412726,4.651159
-0.044907,0.404005,0.110851,-1.434032,0.885785,3.244358
-0.043788,0.376659,0.100350,-2.039173,2.547670,1.793258
-0.055854,0.367038,0.132223,-1.212130,3.038490,1.584163
-0.056652,0.349027,0.128852,-2.210519,2.681820,4.375773
-0.003608,0.345088,0.132466,-3.398673,2.433307,5.409230
0.017016,0.343995,0.120872,-3.030052,1.928241,3.355057
0.004001,0.294158,0.151500,-2.662905,0.213384,2.719715
0.022101,0.262545,0.101552,-3.057529,-0.234584,3.109007
0.041821,0.231473,0.093871,-2.500451,-1.248690,2.457886
0.075782,0.189337,0.109991,-1.610168,-1.740579,2.470679
0.145245,0.168756,0.108372,-1.204807,-2.100604,2.809035
0.145369,0.089626,0.101007,-1.415473,-2.275443,3.283981
0.152052,0.044282,0.106524,-0.358328,-1.841642,2.443428
0.147122,0.024161,0.125566,0.358950,-2.235184,0.630987
0.167408,0.027286,0.105566,0.086967,-0.558682,-1.367208
0.153802,0.046869,0.107466,-0.317035,0.074005,-3.930507
0.132794,0.031422,0.145668,0.888197,0.764971,-5.912681
0.150871,0.011839,0.143544,0.600318,1.487525,-5.913005
0.181318,-0.052290,0.137327,0.187417,2.550903,-4.512341
0.213358,-0.092500,0.132538,1.057650,4.778973,-3.124292
0.221886,-0.080181,0.115128,1.743827,3.889114,-1.572995
0.200783,-0.090462,0.175420,0.507464,3.018411,-1.147660
0.196378,-0.136324,0.134080,0.801525,3.325874,-1.599018
0.208586,-0.177670,0.164013,1.823489,1.710120,-0.741093
0.214491,-0.197538,0.156148,1.309013,0.607697,1.014484
0.183810,-0.200427,0.120645,1.208376,-0.800016,1.522783
0.154255,-0.255306,0.123373,1.885520,-1.327918,2.255023
0.138673,-0.320085,0.173847,2.387441,-3.470303,3.561785
0.199723,-0.336816,0.147184,1.780883,-1.732721,3.591975
0.195006,-0.397754,0.137507,2.670657,-1.457745,0.155124
0.179776,-0.438368,0.149354,2.692475,-0.747894,-1.182992
0.176937,-0.427713,0.146738,2.358398,-0.679170,-1.977621
0.124700,-0.422106,0.163005,1.267835,-0.609179,-3.096438
0.135794,-0.461269,0.167831,2.038042,1.945441,-3.956992
0.125527,-0.534697,0.178492,2.310426,2.149235,-3.528561
0.106394,-0.582201,0.188040,1.984841,2.594573,-2.810983
0.091862,-0.583980,0.140652,1.597250,3.643588,-4.215559
0.058595,-0.597231,0.175495,2.570868,3.050894,-6.062237
0.061424,-0.611047,0.176808,1.507075,2.753706,-6.618364
0.038595,-0.607269,0.156893,1.061192,1.658484,-7.483107
0.020794,-0.627581,0.152019,1.472039,1.295889,-8.208063
0.014794,-0.614868,0.162447,1.096780,0.317096,-7.850957
-0.012086,-0.594504,0.141594,0.197501,-0.875552,-6.905812
-0.021749,-0.569199,0.124200,0.538326,-0.722551,-6.044605
-0.058496,-0.551244,0.165306,0.433478,-1.800841,-6.629947
-0.048170,-0.540599,0.145884,-0.652634,-2.112877,-7.434886
-0.049135,-0.517816,0.149085,-0.661202,-2.274438,-8.960000
-0.050609,-0.462385,0.156916,-0.818526,-2.480198,-8.930547
-0.085389,-0.346827,0.137238,-1.736561,-0.301306,-8.797377
-0.140790,-0.301825,0.136434,-1.597363,-0.147514,-9.041608
-0.123256,-0.230642,0.131307,-1.260956,-0.219432,-6.018371
-0.126975,-0.173678,0.166908,-2.071166,-2.117193,-2.902023
-0.165369,-0.125469,0.096365,-1.892208,1.019820,-1.705864
-0.238581,-0.109963,0.122851,-0.635694,0.468856,-2.329982
-0.251402,-0.029287,0.102251,-0.762770,0.538841,-0.653468
-0.252124,0.065520,0.114031,-1.088756,-0.496168,0.068061
-0.251290,0.144856,0.094360,-0.523415,0.121229,0.438060
-0.296969,0.157766,0.114294,0.858028,-1.043147,2.937463
-0.346455,0.175810,0.045379,0.604788,-1.496136,7.995595
-0.374684,0.215435,0.069535,1.845940,-1.656165,10.189974
-0.368756,0.233712,0.064201,3.301872,-2.830585,10.960707
-0.351598,0.253026,0.021388,3.604631,-2.787999,10.533137
-0.379391,0.223202,0.022330,3.554091,-1.357289,10.345335
-0.405746,0.241209,0.043574,4.216031,-2.754219,9.823148
-0.418120,0.261429,0.077028,4.235847,-3.107636,7.762193
-0.368730,0.296098,0.037921,2.890386,-1.381638,7.531424
-0.326058,0.319722,0.025491,2.998122,0.525826,8.534866
-0.326563,0.311755,0.053881,2.824002,-0.263505,10.535424
-0.353873,0.296708,0.045169,1.732923,0.529804,11.319044
-0.333345,0.266201,0.021197,0.153059,0.551760,10.431457
-0.280642,0.260556,0.032072,-0.260574,0.921649,9.376524
-0.235131,0.258951,0.084535,-0.663119,0.349283,9.319213
-0.207194,0.229071,0.071458,-1.314161,0.137340,8.926428
-0.216296,0.176217,0.060767,-2.464862,-0.481075,7.601508
-0.174248,0.134648,0.055223,-1.913173,0.308991,6.995889
-0.099488,0.140904,0.070874,-2.226016,-1.452076,6.108594
-0.068705,0.092295,0.076572,-3.077155,-2.081654,5.392879
-0.063180,0.006580,0.060672,-2.332866,-1.904110,5.422471
-0.082731,-0.067616,0.084365,-1.214818,-2.652539,5.924219
-0.074882,-0.107921,0.070943,-1.381710,-3.288558,4.725158
-0.044264,-0.130744,0.078341,-1.286273,-2.539961,-0.104928
-0.057617,-0.192480,0.092459,-0.395623,-1.461841,-4.491497
-0.065954,-0.215244,0.082372,0.619113,-1.057018,-5.757409
-0.102228,-0.247362,0.078016,0.141013,-0.435091,-8.079043
-0.039590,-0.278122,0.065455,0.786869,1.427886,-11.984898
0.026893,-0.316392,0.083826,1.682068,1.844644,-14.499868
0.057676,-0.356244,0.066088,1.789739,3.214235,-13.704263
0.043108,-0.376664,0.027224,2.005070,5.458411,-12.705791
0.019153,-0.402070,0.089367,2.267048,3.450124,-11.855784
0.110277,-0.386975,0.100813,1.486435,2.358428,-9.319058
0.148501,-0.360922,0.102083,0.606095,2.353330,-8.778613
0.149518,-0.349883,0.094898,1.101051,2.176098,-9.824812
0.132591,-0.386787,0.095072,1.328478,0.457033,-9.331540
0.150693,-0.400416,0.077875,0.434653,-0.974176,-7.099737
0.201939,-0.369489,0.058223,0.245952,-1.443151,-6.639157
0.221443,-0.362126,0.110979,0.676526,-1.784810,-7.296081
0.226449,-0.348137,0.088914,0.066620,-2.105623,-6.830356
0.223042,-0.333248,0.101729,-0.398019,-2.410958,-4.481603
0.230992,-0.313530,0.103583,-1.143389,-0.508710,-2.552110
0.258344,-0.252848,0.150680,-0.354241,0.177123,-1.917792
0.257606,-0.205804,0.158646,-1.430132,0.039471,-0.875467
0.249567,-0.199619,0.150542,-1.406072,3.075601,-0.422820
0.222835,-0.166582,0.175377,-0.687763,2.331558,-0.853070
0.224437,-0.134273,0.225175,-0.556721,3.251655,-0.602118
0.230230,-0.113314,0.210699,-1.057805,4.104908,-0.313240
0.215397,-0.061028,0.206265,-0.280691,5.285909,0.312241
0.189049,-0.022489,0.250016,0.733890,3.102425,1.162490
0.184013,0.017271,0.251552,0.446296,-0.020503,2.452150
0.165592,0.045067,0.248926,0.411276,1.710563,4.571174
0.170247,0.047450,0.263435,1.118024,1.011719,7.267409
0.181555,0.111677,0.298974,2.176886,-0.476066,8.244709
0.165409,0.140284,0.279663,1.766289,-1.430717,6.632348
0.105721,0.113598,0.298816,2.122552,-2.189568,3.867788
0.085504,0.108067,0.323750,3.080453,-2.986320,4.104222
0.117209,0.162667,0.340434,2.922498,-2.137610,3.552651
0.135082,0.191667,0.312087,1.796579,0.141905,2.889742
0.096504,0.228335,0.329917,1.310706,0.282473,0.996936
0.089423,0.246645,0.335199,1.736888,1.166791,1.425225
0.139267,0.249218,0.369123,0.646361,1.497936,1.591494
0.143833,0.294453,0.317631,-0.545555,2.893163,0.513547
0.165717,0.322620,0.356344,-1.091145,3.528410,-0.717134
0.221463,0.321064,0.377903,-1.539378,2.980345,0.608142
0.177002,0.335576,0.352681,-2.490583,3.730671,2.650008
0.119674,0.338011,0.307991,-2.056490,3.675194,3.049391
0.181535,0.295143,0.327485,-2.141542,1.192502,2.885330
0.203002,0.231030,0.374834,-2.634288,-0.271751,2.857073
0.149203,0.263205,0.312527,-1.896442,-0.589898,1.798065
0.135633,0.242762,0.303714,-1.190695,-2.147552,0.243397
0.129052,0.129304,0.307229,-1.406128,-3.253101,2.323562
0.131928,0.163412,0.298330,-0.752099,-3.067318,3.390784
0.163675,0.173774,0.286576,-0.737893,-2.433374,3.233162
0.155391,0.086691,0.306658,-0.470213,-2.916286,3.813235
0.088527,0.056007,0.290439,-0.072362,-1.008123,4.400525
0.069039,0.083760,0.246323,0.365194,0.748444,2.891794
0.125389,0.061715,0.251247,0.099536,1.851606,0.556471
0.127355,0.004493,0.267091,0.638890,2.190262,-1.438503
0.092794,0.002398,0.215593,1.480579,3.308290,-1.190184
0.105685,-0.046638,0.219946,0.774333,3.861771,1.104376
0.130116,-0.089303,0.202148,0.726508,3.973328,3.646843
0.098657,-0.079115,0.189245,1.918581,3.195065,4.052220
0.155574,-0.095550,0.167545,1.541160,2.267685,4.412253
0.173805,-0.168426,0.149236,0.709571,1.209141,4.254897
0.076684,-0.202698,0.148556,1.715395,-0.971465,3.157508
0.089141,-0.171125,0.092564,2.370432,-1.109334,3.350870
0.149101,-0.217853,0.071163,0.633300,-2.255577,4.706975
0.124946,-0.271666,0.074534,0.889662,-2.815299,5.135183
0.075434,-0.265688,0.064220,3.050559,-2.344541,4.507641
0.085268,-0.363144,0.055821,1.468040,-2.423454,5.172301
0.115745,-0.427424,0.041624,1.008673,-1.215639,3.389238
0.114537,-0.376474,0.042481,2.294273,0.325535,-1.713029
0.172003,-0.377203,0.052410,2.161137,0.612384,-6.857992
0.178922,-0.457984,0.011573,0.641536,3.056668,-9.155708
0.107943,-0.491980,0.030634,0.847466,4.486301,-9.633423
0.152023,-0.470634,0.030848,1.773333,4.379609,-7.777045
0.205513,-0.487496,0.034823,0.910236,3.806656,-6.734853
0.128560,-0.509433,-0.010160,-0.267854,3.346967,-6.354167
0.071058,-0.477688,-0.054916,1.103302,3.026296,-7.425428
0.060755,-0.507168,0.008488,0.844846,-0.296717,-7.785350
0.080876,-0.533535,0.016431,-0.322487,-1.170988,-8.126638
0.013648,-0.501433,-0.050393,0.483565,-1.507592,-8.821174
0.024411,-0.493782,-0.053872,1.655451,-1.559996,-7.931393
0.012260,-0.511950,-0.029254,0.364951,-5.007570,-6.175521
-0.044858,-0.497783,-0.069030,1.004708,-2.377881,-5.317444
-0.036589,-0.459185,-0.065108,1.790083,-1.713650,-5.774901
-0.012703,-0.510056,-0.015293,0.480831,-1.950334,-4.888885
-0.053356,-0.444115,-0.033803,0.350665,-0.332197,-6.139338
-0.082419,-0.340489,-0.051804,1.264834,1.367479,-8.050189
-0.002941,-0.332975,-0.084747,-0.164014,3.893125,-7.128426
-0.010789,-0.306269,-0.022154,-0.458941,3.136615,-5.684396
-0.057151,-0.218841,-0.010859,0.211231,3.641037,-3.351066
-0.028607,-0.160847,-0.027475,-0.681297,4.161261,-1.378245
-0.067083,-0.176229,0.008534,-1.444546,1.719563,0.569452
-0.098473,-0.090974,0.013159,0.266638,1.705150,2.471969
-0.091045,0.012794,-0.001550,0.411817,0.696546,3.556903
-0.072860,-0.032635,0.000397,-0.450122,-1.652006,4.224395
-0.089164,-0.008112,0.008222,-0.161858,-2.227542,5.437715
-0.121815,0.067361,0.058890,1.427357,-7.524223,6.996360
-0.025866,0.088966,0.020364,0.258370,-3.668887,9.784872
-0.067868,0.091178,0.011646,0.186855,-3.023885,9.083155
-0.083144,0.167433,0.008248,2.352217,-2.192135,9.259808
-0.019698,0.218961,0.047388,1.383944,-3.350284,9.556804
-0.048442,0.218705,0.049266,-0.174571,-1.919568,8.957633
-0.110517,0.286320,0.041683,0.822834,0.738252,7.564981
-0.083361,0.327019,0.073861,1.680702,0.769281,8.202591
-0.024119,0.307133,0.089347,-0.005085,1.265418,9.553543
-0.057229,0.340060,0.064319,0.026590,2.202407,7.667751
-0.044300,0.341691,0.099306,1.176356,3.563479,7.305018
0.036924,0.296311,0.113614,0.836561,2.497051,8.100588
-0.025488,0.283293,0.126797,0.090870,2.055127,7.667801
-0.019058,0.304590,0.118308,1.266682,2.539211,3.810676
0.072824,0.223421,0.166862,1.780108,1.044074,2.781384
0.084086,0.145815,0.138771,0.268109,-0.812490,4.934669
0.042658,0.185273,0.104496,1.547472,1.052510,4.094642
0.091508,0.145296,0.158764,2.169005,-2.342342,2.445077
0.148360,0.046590,0.182109,0.059461,-4.604645,1.967327
0.082474,0.032423,0.177927,0.328493,-2.079120,0.101210
0.141424,0.046468,0.208484,1.774433,-1.185214,-1.631950
0.205976,-0.050272,0.220750,-0.450338,-1.918750,-2.078369
0.139284,-0.086008,0.171103,-1.269631,0.494380,-4.660403
0.194809,-0.030219,0.180688,0.577938,2.079614,-5.803269
0.284758,-0.134591,0.245345,-1.343863,1.313467,-5.074256
0.230178,-0.192378,0.205201,-2.470202,2.977105,-5.570220
0.186784,-0.186907,0.210538,-1.307280,5.515125,-7.558860
0.342637,-0.213327,0.229422,-1.596069,3.932977,-6.633787
0.321492,-0.232349,0.227860,-3.472537,2.698094,-6.952429
0.256992,-0.177575,0.203760,-2.124086,4.676991,-8.610024
0.352176,-0.209641,0.233154,-1.653374,2.949165,-6.529589
0.346747,-0.293973,0.273942,-3.427066,-2.504297,-3.095243
0.276631,-0.200919,0.205687,-1.484424,1.818673,-3.041959
0.350065,-0.187927,0.243553,-0.766085,-0.451323,-3.040047
0.418750,-0.254597,0.268240,-2.649190,-3.280437,1.048909
0.312583,-0.210146,0.212071,-0.733862,-1.437147,1.814086
0.364397,-0.158005,0.202575,1.125223,-0.009553,0.213880
0.418869,-0.236826,0.250673,1.078156,-1.896882,-1.139526
0.308680,-0.241027,0.212101,1.078011,-0.198841,-1.517373
0.352199,-0.143316,0.188825,3.150155,1.520251,-2.953986
0.472494,-0.203444,0.221361,3.057213,0.298399,-1.888053
0.378774,-0.225492,0.214497,1.912171,2.827317,-0.889212
0.297274,-0.151295,0.165050,4.245012,4.249828,-3.236008
0.426261,-0.138021,0.163225,3.562794,4.104117,-2.841098
0.413072,-0.149270,0.190194,2.214848,3.140590,-2.171750
0.296903,-0.060247,0.153621,2.981142,4.848387,-2.240156
0.401058,-0.042722,0.143439,2.087863,4.586330,-0.701997
0.384895,-0.068332,0.168641,0.608511,2.450851,2.243832
0.312583,0.010332,0.117701,1.003329,3.076546,1.889625
0.432878,0.050240,0.099431,1.211537,1.964755,1.368713
0.431306,-0.039062,0.169544,-1.138576,-0.643240,4.235196
0.317372,0.010145,0.133457,-0.714407,-0.087560,4.279149
0.370561,0.085145,0.088474,-0.441003,-0.549402,1.148782
0.462551,-0.016148,0.096585,-1.515240,-1.049708,0.562689
0.359433,-0.001882,0.091189,-1.701800,-0.990690,0.605188
0.323012,0.064364,0.058519,-0.251856,-0.549826,-0.810595
0.393676,0.024978,0.087053,-2.053839,-0.294091,-0.722591
0.307751,-0.003559,0.103262,-2.011127,-0.434747,-0.350111
0.309389,0.094513,0.036064,-1.051422,2.136607,-1.661450
0.374762,0.073870,0.072203,-1.598223,2.725837,-3.220108
0.263265,0.022520,0.092078,-2.137593,1.368533,-2.771594
0.203002,0.073512,0.048100,-0.802025,3.811622,-2.049128
0.322765,0.085989,0.029689,-0.950447,3.727395,-1.619559
0.289045,0.079365,0.041581,-0.823115,3.289974,-0.526596
0.144339,0.111073,0.040410,-0.579847,1.943291,-0.206519
0.210109,0.108431,0.016238,0.225795,3.359046,1.433789
0.225274,0.053693,0.051465,-0.297534,0.605327,3.685934
0.165793,0.105024,0.028379,0.618466,-0.020126,3.236137
0.189085,0.153459,-0.013898,1.036061,-0.332177,2.050523
0.192938,0.077415,0.024618,0.534387,-1.476012,3.426112
0.110815,0.108858,0.003607,0.807541,-3.366867,4.412116
0.117107,0.162798,-0.004064,1.250454,-0.945763,4.288094
0.211776,0.116512,-0.006106,0.212071,-0.603654,4.421383
0.117590,0.086599,0.009581,0.729068,-0.687429,5.199721
0.096845,0.152770,-0.019022,1.174521,0.028034,4.612783
0.169426,0.125293,-0.010153,0.151530,0.217520,2.506933
0.157669,0.078672,-0.014079,-0.376047,2.311367,2.817504
0.103981,0.098925,-0.007317,1.166394,3.522364,3.967564
0.198752,0.104906,0.006039,0.008717,3.212068,5.318336
0.186416,0.067798,0.018772,-0.845560,2.132419,4.966101
0.116641,0.039503,-0.003526,-0.015074,3.474516,4.337270
0.184709,0.021673,0.000492,0.550205,2.726182,5.638387
0.234747,-0.025525,-0.002242,-0.593873,1.471175,5.998026
0.139802,-0.025919,-0.010399,0.263287,1.358160,4.251018
0.148648,-0.078143,0.013106,1.481423,-0.074214,3.117419
0.224089,-0.135165,0.018102,-0.136806,-4.267052,4.611302
0.108471,-0.172004,-0.008571,0.467238,-1.615824,3.859658
0.078119,-0.193760,-0.001389,2.842883,-1.501217,1.305483
0.176500,-0.285317,0.007956,1.697532,-2.890828,1.452635
0.143511,-0.334629,0.003538,1.286108,-0.447588,1.198216
0.075286,-0.337374,-0.002134,3.055575,0.467527,-2.755762
0.153421,-0.426301,0.021522,3.728176,1.050793,-5.264781
0.166337,-0.497422,0.023498,1.858217,1.528880,-5.875642
0.093133,-0.521220,0.019093,2.848804,3.685147,-8.141662
0.167552,-0.504148,0.053388,2.721731,3.568682,-9.310429
0.200902,-0.558026,0.074189,1.372718,2.997581,-8.563558
0.090083,-0.593614,0.020012,0.919384,4.409784,-9.791100
0.108205,-0.561318,0.033136,1.320967,3.646703,-10.002161
0.163702,-0.573634,0.065267,0.031452,1.239737,-8.097058
0.093067,-0.574638,0.055702,-0.650465,1.139987,-6.937902
0.083443,-0.534780,0.012693,-1.058390,1.037663,-5.800712
0.135125,-0.546268,0.061591,-1.343128,-0.837272,-5.138747
0.079028,-0.541230,0.059037,-1.889762,-2.050418,-5.549096
0.070434,-0.478561,0.024637,-1.798432,-1.190695,-6.379725
0.158460,-0.483547,0.043288,-1.993619,-1.601210,-6.789995
0.166662,-0.465619,0.073592,-1.892063,-1.495194,-5.238734
0.068573,-0.363623,0.047188,-1.832756,-0.697529,-5.383033
0.086794,-0.324529,0.054353,-1.871230,0.371312,-4.640499
0.151747,-0.337685,0.075660,-1.980010,0.436898,-2.834503
0.111370,-0.235300,0.090010,-0.261115,1.330145,-1.417933
0.127487,-0.150816,0.087962,-0.252693,2.838080,-1.880616
0.160360,-0.174942,0.077698,0.032532,3.218929,-0.564843
0.106259,-0.138612,0.083751,0.925798,3.252298,0.275979
0.139865,-0.025443,0.092131,1.959044,3.224906,0.060830
0.245756,0.006311,0.069134,1.768130,3.105218,0.140073
0.198276,0.006432,0.079316,2.453654,2.058577,2.459053
0.110398,0.063278,0.074842,3.608285,0.956370,5.765587
0.187256,0.140665,0.050053,3.300103,0.088714,8.337874
0.189919,0.139174,0.072683,3.072998,-1.660488,8.788799
0.139333,0.163422,0.056431,4.337649,-1.543571,9.061723
0.171593,0.202020,0.031268,3.954431,-2.225517,9.857248
0.166886,0.177014,0.070250,2.811289,-3.047092,8.693998
0.111816,0.190577,0.085763,3.211569,-2.118011,7.149406
0.181896,0.225325,0.069827,2.863907,0.143297,6.554317
0.257963,0.196121,0.078325,1.426018,0.419928,5.795143
0.183521,0.193916,0.081768,1.225609,1.941111,4.297959
0.169968,0.211578,0.062412,1.050895,3.154048,3.281935
0.281476,0.141318,0.052883,-0.087435,4.892506,4.008158
0.276421,0.148621,0.070647,-0.993004,4.610469,5.332251
0.243101,0.192245,0.050411,-1.465458,4.248780,3.438062
0.314914,0.151562,0.026351,-2.325185,4.815805,1.878712
0.253562,0.094399,0.036270,-2.751747,2.550365,2.263204
0.220819,0.125362,0.041332,-2.964899,1.423455,2.829525
0.343051,0.130194,0.016746,-3.573073,0.636178,2.572509
0.355252,0.064751,0.028222,-3.666888,-0.957619,2.205104
0.220905,0.015384,0.028563,-2.917199,-2.289984,1.991313
0.251901,0.022658,0.011997,-2.662180,-1.809363,0.765192
0.343648,-0.011467,0.013451,-2.513826,-2.073330,-0.920404
0.283609,-0.049034,0.013136,-1.187239,-1.643718,-2.464504
0.320592,-0.045630,0.008580,-0.553988,-1.659113,-3.675054
0.348185,-0.062046,-0.014758,-1.030568,-0.286919,-3.489769
0.212820,-0.094421,0.005639,0.141669,1.443573,-5.341241
0.244453,-0.090006,-0.001487,1.369468,3.167946,-5.878533
0.375744,-0.100939,0.019737,0.898353,2.483571,-4.670731
0.284981,-0.147583,-0.006670,1.039544,4.431872,-4.123553
0.179464,-0.129749,0.004053,2.986414,5.619297,-5.374575
0.280622,-0.150682,-0.008072,2.247708,3.607037,-4.407001
0.332215,-0.179373,-0.035595,1.666516,4.675911,-2.465615
0.230141,-0.138231,-0.022702,2.603898,3.814284,-3.741961
0.265060,-0.141172,0.003797,2.934768,1.895801,-3.861464
0.278328,-0.182223,-0.041533,0.896929,0.504050,0.384454
0.200875,-0.165347,-0.041898,1.732752,1.204001,1.034037
0.248307,-0.128683,-0.008748,2.243155,-1.200612,0.908797
0.334539,-0.179426,-0.030947,0.917257,-1.544542,2.097991
0.207598,-0.212940,-0.091873,0.351955,-1.070177,3.081781
0.203557,-0.194568,-0.029506,1.608607,-1.327478,2.166607
0.320077,-0.215549,-0.035228,0.758554,-1.899338,1.779597
0.248956,-0.254525,-0.056573,-0.153878,1.061234,-0.748076
0.187329,-0.258907,-0.044208,0.582163,1.793038,-3.141208
0.310187,-0.249601,-0.003693,0.635978,1.891104,-4.411208
0.267223,-0.258595,-0.038576,-0.698382,2.104554,-3.303681
0.176300,-0.303459,-0.059373,0.063242,4.612901,-4.060179
0.266892,-0.285921,-0.031541,0.435743,2.047843,-3.234043
0.257520,-0.291157,-0.022213,-1.295139,2.862879,-0.624189
0.163337,-0.266164,-0.051991,-0.512265,4.770737,-1.714145
0.188976,-0.246322,-0.032093,-0.012297,2.224406,-1.915470
0.232777,-0.265439,-0.024340,-1.367231,0.636244,0.610408
0.141325,-0.211489,-0.068932,-0.928635,1.762550,0.221190
0.130520,-0.176196,-0.044632,0.732455,-0.070865,-3.045517
0.182326,-0.238579,-0.005420,-0.301535,-3.147409,-1.722259
0.153510,-0.217988,-0.039695,-1.077691,-0.820262,0.349665
0.159159,-0.161681,-0.056997,1.278200,0.365206,-2.407371
0.265822,-0.161103,-0.013406,0.651255,-1.519510,-2.939866
0.232508,-0.179541,-0.041077,0.170144,-0.265596,-2.512096
0.154094,-0.118064,-0.071689,0.842637,1.587206,-3.759159
0.234392,-0.076997,-0.028472,1.097623,1.448815,-5.744820
0.272685,-0.063362,-0.019413,0.186386,0.851582,-4.589191
0.185356,-0.026031,-0.056307,0.246418,3.977205,-2.859374
0.220832,-0.018215,-0.014384,1.116150,2.956655,-2.326588
0.295078,0.006869,0.004070,0.230275,2.145709,1.105834
0.233746,0.020219,-0.025390,0.495601,4.590308,2.139456
0.263022,0.013801,-0.021848,0.809337,3.186114,2.353281
0.332084,0.049485,0.007001,0.607618,0.849044,3.625871
0.231103,0.100973,-0.024579,-0.265245,0.699467,3.713828
0.237255,0.098767,-0.043115,0.595460,1.908130,1.557512
0.312587,0.066977,-0.016360,0.506328,-1.114405,2.968280
0.230076,0.086435,-0.002114,-0.586438,-2.244818,4.383003
0.170109,0.112869,-0.065994,0.697963,1.313440,3.910215
0.278607,0.106120,-0.002128,0.736706,-0.643385,4.159722
0.314037,0.062529,0.023305,-0.121090,-1.693030,7.040418
0.246104,0.102575,-0.024225,0.355438,1.329045,7.387750
0.266734,0.083478,-0.000247,1.241503,1.792443,5.520401
0.279033,0.004447,0.009912,0.703629,1.407853,5.656538
0.251349,0.023261,0.011954,0.822503,2.184199,6.075045
0.290420,0.005520,0.010257,1.345766,3.470357,5.359783
0.310492,-0.051276,0.050365,1.413388,2.878110,5.742027
0.212006,-0.075753,-0.031715,0.322873,3.398711,4.741604
0.218312,-0.107777,0.041703,2.491586,3.004973,3.162715
0.355468,-0.124983,0.055955,1.362638,0.963890,3.558334
0.322381,-0.134220,0.007034,0.908585,1.756580,3.597519
0.229974,-0.171935,0.031734,1.795670,1.826226,3.701505
0.301430,-0.220315,0.033103,1.488372,0.127781,3.807090
0.328263,-0.215106,-0.005531,0.136486,-0.247959,2.015168
0.238141,-0.254394,-0.008843,0.873335,0.807847,-2.720169
0.318987,-0.303558,0.008583,1.443881,-0.616663,-2.956032
0.330345,-0.333225,0.001601,0.662297,-0.733563,-2.063602
0.248441,-0.345219,0.002918,1.937892,0.559166,-4.308142
0.279362,-0.371202,0.035135,0.997545,-1.663327,-6.366887
0.379991,-0.379189,-0.019508,-0.972285,1.814843,-6.290647
0.354779,-0.402008,-0.002958,0.237648,4.065236,-6.332079
0.332744,-0.380449,0.026029,0.495365,3.659898,-6.294479
0.363806,-0.413379,-0.003152,-0.974205,3.216615,-6.148747
0.352133,-0.438460,0.006430,-0.255463,4.080211,-5.742053
0.354086,-0.388360,-0.004258,0.491229,3.917832,-6.828118
0.392360,-0.390165,-0.002430,-0.791436,2.083862,-7.444939
0.342713,-0.437436,-0.049634,-0.726470,1.916421,-7.301008
0.242680,-0.414987,-0.023299,1.131882,0.908174,-6.302532
0.309248,-0.382330,-0.082872,-1.391042,0.065494,-4.839128
0.372800,-0.370838,-0.045876,0.249097,-0.060844,-6.559102
0.244551,-0.370572,-0.061769,0.968204,-0.744402,-7.320003
0.186794,-0.381539,-0.076563,1.381357,-1.196361,-5.663298
0.263357,-0.349026,-0.091068,1.564632,-0.889318,-4.301239
0.220225,-0.302206,-0.061175,1.418567,-0.389265,-3.482587
0.204683,-0.291754,-0.072720,1.667888,-0.498456,-2.536677
0.234317,-0.293793,-0.067422,1.062603,0.294010,-0.348169
0.144503,-0.267681,-0.101425,1.550065,3.855574,0.444432
0.105501,-0.225623,-0.097253,2.435906,3.458481,-1.204519
0.205779,-0.216209,-0.069529,1.217291,2.227947,-2.144817
0.218656,-0.185082,-0.097981,0.629302,3.451302,-2.075443
0.098903,-0.100335,-0.095460,1.182018,3.978097,-3.022611
0.102530,-0.087038,-0.095684,0.758938,2.580924,-0.829406
0.181174,-0.041859,-0.127730,-0.686635,1.414182,3.879385
0.138479,0.025671,-0.130143,-0.971540,1.486024,7.029222
0.149124,0.072626,-0.117558,0.211201,0.512260,8.005192
0.152318,0.121315,-0.126919,-1.431660,-1.688513,9.269079
0.072548,0.096568,-0.147878,-1.178505,-0.554539,9.542410
0.086482,0.119847,-0.124631,-0.185915,-2.413854,7.857839
0.168707,0.153456,-0.133684,-0.514517,-2.536492,6.344216
0.147746,0.138948,-0.150257,-0.451432,-1.494019,4.775580
0.071596,0.120369,-0.148754,0.644456,-0.280732,3.151868
0.148576,0.112035,-0.133921,1.285654,0.308512,2.858400
0.213263,0.132245,-0.155473,0.652144,1.138024,1.297174
0.134793,0.123862,-0.144274,2.038632,3.481402,-0.017648
0.144657,0.098987,-0.133684,2.006845,2.517012,-0.288524
0.213779,0.120527,-0.128324,1.090454,2.505001,0.461682
0.137764,0.102125,-0.147543,1.310266,4.158126,-0.915037
0.110503,0.078187,-0.119386,1.999696,3.238557,-2.423403
0.178049,0.091083,-0.115588,0.268082,-0.188206,-2.338849
0.162707,0.104564,-0.131367,-0.431583,1.205638,-1.920349
0.099753,0.085746,-0.132716,0.487319,0.759365,-3.031974
0.152939,0.077057,-0.141526,0.211906,-0.969197,-1.001558
0.115299,0.074349,-0.125757,-1.748648,-2.577312,1.874656
0.059195,0.070542,-0.157210,-1.843080,-1.141055,1.628768
0.091954,0.081886,-0.140321,-0.781648,-1.548160,-0.021363
0.099707,0.029393,-0.115109,-1.723386,-2.553593,1.474888
0.044858,-0.003474,-0.136964,-2.127333,-1.564011,2.437141
0.064940,0.007529,-0.145006,-1.698039,0.727187,0.184656
0.099307,-0.034230,-0.085419,-1.412250,-0.630889,-1.760063
0.074961,-0.040657,-0.129732,-1.928988,1.840045,-2.111344
0.069729,-0.054371,-0.131351,-1.229268,3.192948,-4.209670
0.152456,-0.089996,-0.089838,-0.318654,2.528067,-3.351694
0.107080,-0.100880,-0.113169,-0.600169,2.245938,-1.809221
0.045498,-0.121747,-0.124333,-0.511681,3.067720,-1.587247
0.128051,-0.130304,-0.087894,0.270249,2.109530,-0.893462
0.130181,-0.127983,-0.075963,1.250647,-0.176130,0.163740
0.051580,-0.151190,-0.088511,0.569955,-0.146211,1.584447
0.145307,-0.159111,-0.113097,0.783369,0.681712,2.256476
0.156339,-0.163401,-0.090025,1.219339,-1.241616,2.687063
0.073717,-0.166102,-0.077315,2.100494,-1.475989,2.730009
0.093661,-0.158228,-0.105022,1.586825,-1.945597,3.630386
0.135952,-0.190294,-0.081152,1.932603,-2.289446,4.245267
0.071912,-0.239261,-0.059498,2.333836,-2.290913,4.954414
0.089656,-0.222147,-0.084536,2.458765,-0.599141,3.164963
0.161325,-0.251689,-0.109237,2.333547,1.242717,-0.218919
0.105048,-0.309361,-0.081566,2.586488,1.108557,-2.382532
0.066679,-0.301818,-0.071272,2.525829,0.226422,-4.444982
0.128852,-0.298168,-0.048101,1.643306,1.978512,-6.453521
0.121463,-0.325425,-0.078195,1.741707,3.864568,-5.847288
0.079924,-0.331790,-0.060007,1.874964,3.852180,-4.193826
0.117748,-0.326604,-0.075854,0.803773,2.462944,-3.321119
0.112962,-0.333156,-0.083030,0.357565,2.253767,-2.729105
0.033747,-0.362031,-0.079390,0.475851,0.452342,-3.367708
0.079389,-0.357170,-0.073274,-0.364972,0.287899,-3.638751
0.149439,-0.323390,-0.100647,-0.813678,1.552123,-4.239883
0.084611,-0.314045,-0.086903,-0.751814,-0.405956,-4.984814
0.048590,-0.308370,-0.075710,-1.733174,-2.129880,-4.883210
0.087825,-0.312962,-0.092877,-1.818186,-1.785188,-3.975835
0.080968,-0.282924,-0.066473,-0.758628,-1.130157,-3.331775
0.095151,-0.274308,-0.069506,-0.901303,-0.648305,-2.706513
0.165192,-0.286279,-0.100952,-1.237756,0.896948,-3.845235
0.132807,-0.288764,-0.053330,-0.491047,-0.900676,-4.579501
0.123813,-0.261766,-0.083850,0.064791,1.811248,-5.946316
0.206180,-0.244684,-0.093307,0.015541,2.910921,-7.759012
0.242030,-0.246699,-0.036652,0.989779,3.118755,-5.887847
0.217045,-0.207625,-0.039767,0.863445,2.782873,-1.971888
0.232948,-0.166342,-0.075749,0.612758,3.076829,-0.186544
0.226301,-0.176564,-0.069657,1.165061,2.461217,-0.472034
0.202100,-0.127442,-0.084471,2.244428,2.070266,1.609439
0.237474,-0.078320,-0.092697,0.800674,2.103277,2.752486
0.284646,-0.041780,-0.067665,0.908489,-0.216881,3.145276
0.215909,-0.007935,-0.044343,1.403750,-1.114658,4.261156
0.199874,0.009731,-0.092903,0.395090,-0.938368,5.713369
0.268845,0.053791,-0.105442,1.354914,-1.156227,7.340091
0.232981,0.078367,-0.066670,1.017850,-2.347903,8.802351
0.218335,0.079693,-0.060374,0.275031,-2.775962,8.231886
0.212252,0.069340,-0.105167,0.398795,-0.301138,7.637682
0.219520,0.069928,-0.094203,1.529225,0.552955,7.668914
0.190450,0.087850,-0.106066,1.285198,0.794802,6.516013
0.177465,0.055610,-0.100637,1.092063,1.147559,5.010936
0.195344,0.021095,-0.108889,1.404928,2.374075,4.668112
0.176461,0.031277,-0.089033,1.893611,3.710333,6.045669
0.186157,0.031386,-0.111994,1.098861,3.747358,4.843180
0.199927,-0.001616,-0.099068,1.200045,3.487041,3.189810
0.178276,-0.044032,-0.092014,1.403077,2.174480,2.014658
0.209318,-0.035133,-0.117348,1.154452,2.921382,2.152662
0.235738,-0.057477,-0.089191,0.559454,1.184257,1.018882
0.206698,-0.094358,-0.100253,0.541519,0.203907,1.359845
0.157836,-0.109648,-0.072792,0.442071,-1.475378,2.349273
0.228947,-0.125384,-0.135079,-0.240883,-0.722236,1.795442
0.227644,-0.146769,-0.117453,0.758771,-2.011262,-0.229291
0.187411,-0.213642,-0.111150,0.659037,-1.666252,-0.686082
0.215495,-0.240532,-0.122347,0.211880,-2.127904,-2.057027
0.188714,-0.278585,-0.114177,0.012210,-0.818950,-3.783358
0.207319,-0.291698,-0.108045,0.715272,0.273925,-6.607003
0.198082,-0.331400,-0.103791,0.034310,-0.616807,-8.231065
0.170644,-0.354728,-0.128613,-0.803023,1.226042,-8.202046
0.119973,-0.347657,-0.104845,0.067040,1.936428,-8.100981
0.113625,-0.344083,-0.126923,-0.329955,2.887012,-7.078517
0.125967,-0.329420,-0.145911,-0.947408,2.825138,-6.668915
0.117048,-0.352407,-0.129443,-1.178711,2.876147,-5.969742
0.099162,-0.319294,-0.131062,-0.505431,2.618105,-5.262046
0.029089,-0.332824,-0.115733,-1.560209,0.589843,-5.520142
0.074222,-0.340666,-0.148252,-1.416997,2.458329,-4.888517
0.090461,-0.304369,-0.141204,-0.303177,1.503776,-2.887149
0.072601,-0.259501,-0.147586,-0.591168,-0.659216,-1.422804
0.047457,-0.246309,-0.172906,-0.818884,-0.417540,-2.598151
0.007192,-0.259245,-0.140968,0.419133,-0.990529,-2.114254
0.033776,-0.231308,-0.167549,0.797832,-1.607962,0.282793
0.039392,-0.203988,-0.153064,0.595978,-2.029148,-1.141113
-0.000624,-0.180916,-0.192450,0.798678,-1.228358,-2.715969
-0.018562,-0.174309,-0.147211,1.825366,-1.010421,-3.579169
0.042865,-0.130488,-0.163735,0.972060,-0.090764,-2.068370
0.057127,-0.082505,-0.177101,1.400458,1.118546,-1.686130
0.030648,-0.093511,-0.140312,2.120861,1.759557,-0.155086
0.042406,-0.054224,-0.153707,1.496279,-0.738044,2.471594
0.056330,-0.027091,-0.181739,1.020361,2.635236,3.848416
0.074462,-0.006015,-0.167011,2.298529,3.658624,3.801113
0.062133,0.021043,-0.157200,1.171980,0.941366,3.716619
0.049936,0.018912,-0.173602,0.955149,1.413745,3.265924
0.057489,0.058659,-0.196687,0.855573,1.107769,2.612022
0.037469,0.080478,-0.154669,1.236195,-0.370132,2.171764
0.028885,0.086084,-0.175368,0.063356,-1.204636,3.118272
0.028623,0.097110,-0.184152,-0.193993,-2.084960,2.743385
-0.000922,0.113171,-0.187214,0.027548,-2.618435,3.559503
0.008787,0.147328,-0.178687,-0.322350,-2.224779,2.310837
-0.048324,0.128497,-0.183906,-1.087686,-2.865340,0.633412
-0.053819,0.121413,-0.187378,-0.545631,-2.216760,0.493432
-0.066368,0.127358,-0.150182,-1.093299,-2.768232,0.094415
-0.080052,0.141538,-0.180341,-1.552371,-0.880571,-0.256232
-0.143157,0.097658,-0.152329,-0.963981,0.092400,-1.600966
-0.136051,0.100701,-0.141103,-1.319023,-0.133629,-0.469791
-0.105754,0.120185,-0.144319,-1.320201,2.254236,-1.649424
-0.094534,0.105930,-0.165419,-1.657176,3.592204,-2.379623
-0.106184,0.087568,-0.133320,-0.459562,3.142523,-2.705733
-0.089210,0.093082,-0.147887,-1.372080,2.050128,-1.095053
-0.068409,0.118301,-0.151833,-1.615273,1.978255,-0.574596
-0.061989,0.108894,-0.164759,-1.220835,2.345052,-0.144343
-0.071659,0.094760,-0.151272,-0.328311,-0.003654,0.512700
-0.083633,0.102953,-0.124681,-0.977813,-3.461880,1.805219
-0.051872,0.136893,-0.151538,-1.372087,-2.519138,1.941703
-0.038772,0.144840,-0.147457,-0.365238,-2.602791,1.174489
-0.045557,0.099283,-0.133192,0.165040,-3.562369,1.216311
-0.008991,0.097212,-0.141667,-0.504883,-3.511307,2.629815
-0.017098,0.077658,-0.142376,0.055853,-3.151076,2.068790
-0.001999,0.021282,-0.129319,1.223511,-1.599970,1.801039
0.015024,0.023767,-0.126243,1.185015,-0.645594,2.104613
0.021802,0.004269,-0.117607,0.914555,0.037465,0.853495
0.022580,-0.013154,-0.090510,1.244571,1.636042,0.150209
0.004336,-0.036183,-0.092198,1.617387,2.379438,-0.382738
-0.004484,-0.058642,-0.122206,0.923323,2.577402,0.240381
0.010553,-0.055744,-0.107241,1.423192,3.349008,0.586990
-0.001182,-0.053377,-0.053553,1.076409,1.574489,2.310625
-0.009421,-0.078061,-0.081943,0.090483,2.100979,3.306340
-0.020555,-0.108016,-0.064041,0.389126,1.195158,3.266899
0.006801,-0.122689,-0.043568,0.646252,0.165457,3.776682
0.002032,-0.120417,-0.043959,-0.027882,-1.346175,3.375571
-0.003795,-0.165131,-0.056541,0.339676,-0.380104,1.593407
-0.002439,-0.200348,-0.026175,0.996675,-2.087868,1.941619
-0.015496,-0.230442,-0.011118,0.000656,-3.143372,2.030563
-0.013455,-0.274656,-0.024556,0.491830,-1.943411,0.622167
-0.037758,-0.314065,0.009597,1.506861,-5.008726,-0.837346
-0.007090,-0.361834,-0.017988,1.237741,-1.946103,-1.579101
0.008042,-0.369440,-0.014548,1.129598,-0.326331,-3.257136
-0.019987,-0.419753,0.020567,1.965599,0.208477,-4.961924
-0.000355,-0.450175,0.003646,1.722918,2.009948,-5.926307
0.002715,-0.473506,-0.008863,1.145396,3.036826,-6.787337
0.042921,-0.487992,0.013953,2.005924,2.874637,-7.679736
0.038979,-0.481794,0.057990,1.490029,2.458772,-9.329312
0.034938,-0.478610,0.015371,0.521047,3.021733,-9.027542
0.031114,-0.496404,0.036172,1.319750,2.555742,-9.289103
0.054580,-0.459375,0.032135,0.358015,0.777829,-7.754188
0.053110,-0.403449,0.002757,-0.893533,-0.647048,-7.350314
0.014160,-0.404719,-0.029378,-1.453277,-0.424394,-5.999006
0.000164,-0.370342,-0.000506,-0.766578,-1.459186,-4.985248
0.019311,-0.317544,-0.016432,-1.751168,-2.526280,-2.768887
0.041382,-0.288754,-0.050632,-1.720793,-0.747773,-2.879501
0.016973,-0.274482,0.003095,-1.671858,-2.766144,-2.672958
0.046594,-0.208590,-0.055385,-2.212125,-1.165454,-1.349016
0.063062,-0.159574,-0.058585,-1.849254,1.530721,0.050202
0.061969,-0.144445,-0.027583,-0.821329,0.660626,-0.133050
0.059094,-0.142049,-0.011469,-0.634788,1.265865,0.411720
0.078398,-0.091992,-0.050366,-0.767894,2.556332,0.383855
0.088183,-0.048978,-0.027097,0.746793,2.890983,-0.299188
0.105048,-0.022748,-0.008410,1.147365,2.921733,-0.535366
0.099711,0.009081,0.000078,1.473417,2.259488,0.805772
0.125186,0.046002,-0.042075,1.469126,2.722749,2.609437
0.133077,0.090552,-0.024721,2.621869,1.871094,4.917582
0.130723,0.117231,-0.014089,2.372457,-0.603576,7.702016
0.126115,0.145595,-0.064592,2.025191,-0.622959,10.059703
0.117288,0.153082,-0.073668,2.652803,-0.274071,12.426134
0.107720,0.191024,-0.074906,3.366343,-2.546402,13.281639
0.079333,0.176253,-0.066063,2.491990,-3.807232,12.152959
0.076123,0.150102,-0.126509,2.395716,-2.147687,9.750316
0.076225,0.126107,-0.108131,3.509972,-2.118280,7.739917
0.080590,0.105749,-0.125777,2.825046,-2.511194,6.024114
0.072634,0.101055,-0.176103,2.566849,0.685014,3.245956
0.046207,0.044496,-0.152880,1.954750,-0.266210,1.955498
0.072348,0.030673,-0.165751,1.742708,1.353164,3.848117
0.064007,0.031080,-0.204129,0.465957,2.375066,3.750536
0.003345,-0.026008,-0.204066,0.359075,2.834430,2.171906
-0.034807,-0.036082,-0.236136,-0.205902,2.209336,0.878579
-0.032365,-0.047235,-0.247854,-1.466010,2.717776,0.432052
-0.043023,-0.079249,-0.273303,-1.936154,2.237555,-1.262881
-0.060646,-0.116229,-0.265839,-1.561923,1.199205,-1.218630
-0.041792,-0.125190,-0.299549,-2.738008,-0.634637,0.127961
-0.055135,-0.150179,-0.298663,-3.141502,-0.529393,-0.319471
-0.063863,-0.163207,-0.290848,-2.269246,-2.264887,-1.288056
-0.093330,-0.205505,-0.286912,-2.569281,-2.000837,-2.134122
-0.070960,-0.223063,-0.309951,-2.925777,-1.668615,-3.263727
-0.104267,-0.255106,-0.286833,-1.536202,-2.803561,-4.053590
-0.129085,-0.246650,-0.285287,-1.244994,-2.643345,-5.253086
-0.162697,-0.283893,-0.329570,-1.230414,-1.832901,-7.461744
-0.151728,-0.296028,-0.324817,0.638791,0.063554,-7.966806
-0.146873,-0.320919,-0.304086,0.620288,-0.746043,-7.332018
-0.142681,-0.318096,-0.341233,0.626751,0.416508,-8.424982
-0.216428,-0.339780,-0.304827,1.802664,1.059682,-9.475764
-0.202382,-0.328895,-0.269741,2.259209,0.287074,-8.490776
-0.126131,-0.301611,-0.281148,1.802044,2.531665,-7.071541
-0.148560,-0.296402,-0.280495,1.947935,2.873672,-6.648064
-0.238755,-0.263220,-0.265330,2.639637,1.733576,-5.231660
-0.224585,-0.243844,-0.288730,1.110996,0.366775,-2.421229
-0.163042,-0.203243,-0.262385,0.855087,-0.549800,-0.989724
-0.192463,-0.140657,-0.270142,1.906698,-1.496675,-0.059912
-0.256536,-0.125810,-0.300413,0.349664,-2.250378,0.576135
-0.227237,-0.146152,-0.282504,-0.783730,-3.194992,1.542526
-0.245540,-0.091686,-0.271954,0.701180,-3.716968,2.382426
-0.242727,-0.065230,-0.302855,-0.147436,-2.706230,2.414327
-0.202645,-0.067481,-0.296684,-0.973537,-3.489735,1.740640
-0.195840,-0.042617,-0.279064,-0.493989,-2.223571,2.795462
-0.257527,0.000990,-0.273109,-0.021291,-1.617701,3.850597
-0.206209,-0.021176,-0.276960,-1.202782,-0.835385,3.562879
-0.208819,-0.049766,-0.257721,-0.729930,-0.579525,2.779762
-0.238574,-0.009701,-0.252043,0.174664,0.025677,3.440542
-0.221666,0.009695,-0.250126,-0.492584,1.091984,2.371156
-0.186361,0.006646,-0.263393,-0.241678,1.952459,0.892690
-0.225097,-0.007925,-0.222064,0.618925,1.133625,0.348845
-0.187247,0.005139,-0.241007,0.743550,1.063292,1.422095
-0.142461,0.027703,-0.246118,0.127669,1.487626,2.188781
-0.192512,0.033985,-0.193717,0.911666,-0.533499,1.886025
-0.238538,0.052318,-0.201887,0.664246,-1.726600,2.526835
-0.168330,0.036506,-0.206630,-0.164520,-2.609553,2.359521
-0.143978,0.067919,-0.198959,0.559697,-3.463167,0.749258
-0.240921,0.090650,-0.179658,0.629442,-3.021978,-1.281186
-0.224168,0.066534,-0.177410,-0.352591,-3.319212,-2.598103
-0.146029,0.072515,-0.148367,-0.897837,-2.805176,-3.135522
-0.163820,0.097044,-0.119009,0.100802,-2.577132,-2.273856
-0.166958,0.113325,-0.132503,-0.639033,-0.303489,-1.246312
-0.145061,0.086327,-0.109877,-1.444432,0.736558,-0.725612
-0.172072,0.109593,-0.088682,-1.509483,-0.298811,0.403071
-0.218801,0.143241,-0.074203,-1.508396,1.571834,0.365646
-0.172965,0.128894,-0.088242,-2.676997,1.355350,-0.944886
-0.160895,0.108228,-0.051584,-1.959732,1.304913,-1.524807
-0.234642,0.142319,-0.056048,-1.222082,1.670514,-0.247254
-0.193073,0.163412,-0.064914,-1.899732,1.006168,-0.763411
-0.129867,0.137678,-0.064326,-2.234695,0.833820,0.491861
-0.135607,0.125680,-0.024875,-0.538364,1.069266,2.405264
-0.117702,0.125185,-0.029927,-0.959110,0.041144,3.940451
-0.062255,0.135501,-0.051000,-0.495797,-1.448377,3.515524
-0.118716,0.089140,-0.006940,-0.011965,-1.977657,3.407505
-0.119323,0.087771,-0.013216,1.072779,-2.200804,3.211911
-0.039645,0.082043,-0.007685,0.503607,-2.969633,3.505714
-0.028895,0.039080,0.003311,1.405578,-2.635993,4.051499
-0.126085,-0.002141,0.011849,1.852499,-3.154342,4.871759
-0.065508,-0.031929,0.003000,2.159965,-1.244567,4.693846
0.027786,-0.061809,0.032633,3.297024,-0.441275,4.182542
-0.018050,-0.080244,0.034120,2.850862,0.288450,4.538312
-0.032398,-0.122193,0.007680,2.679145,2.501493,2.954709
0.016173,-0.165236,0.031160,2.574859,0.969874,1.601197
0.006726,-0.171502,0.038007,2.602851,2.203707,3.116525
-0.005675,-0.174775,0.019622,1.750064,2.964037,1.541321
0.076806,-0.230067,0.027473,1.531893,2.126074,0.600061
0.081483,-0.282705,0.041358,1.313385,1.757656,2.965561
0.014436,-0.291232,-0.012195,0.644870,1.822074,3.232209
0.039251,-0.311006,0.006262,1.015310,0.338501,-0.075868
0.052831,-0.363453,0.028031,0.052446,-2.458426,-0.001395
0.028672,-0.358943,-0.027241,-0.214009,-0.986101,-0.015208
-0.009115,-0.390168,-0.020654,-0.118763,-1.611648,-2.247195
0.018611,-0.442550,-0.016298,0.236932,-2.922979,-2.693005
-0.043443,-0.494629,-0.010908,-0.572934,-2.972725,-2.851859
-0.042212,-0.502008,-0.051751,-0.465716,-1.167669,-5.548623
0.031347,-0.508934,-0.003142,0.608399,-1.761081,-7.944730
-0.009864,-0.551924,-0.041175,-0.196028,-0.403573,-8.315623
-0.082153,-0.571677,-0.060916,0.326520,1.471487,-9.924610
0.017183,-0.573059,-0.027379,0.896670,1.541432,-9.783237
0.053740,-0.544952,-0.047451,0.476448,2.372818,-8.960385
-0.040052,-0.563383,-0.083023,0.721952,4.273622,-10.485201
-0.039383,-0.566425,-0.060361,1.342983,2.784393,-9.984846
-0.001966,-0.557448,-0.046562,0.431981,-0.681061,-8.587504
-0.063778,-0.507204,-0.103617,0.117845,2.138504,-8.563967
-0.040725,-0.479142,-0.078677,1.486625,1.332833,-8.707643
0.000302,-0.412699,-0.100341,-0.689457,-1.419737,-6.370450
-0.110280,-0.369430,-0.129398,0.178216,-1.369323,-3.975969
-0.125800,-0.293008,-0.129440,0.730597,-1.661512,-2.068998
-0.038989,-0.275421,-0.166935,-0.469833,-1.481316,-0.203524
-0.088334,-0.240033,-0.160495,-0.146221,-3.016457,1.822170
-0.140797,-0.193488,-0.124549,0.282446,-2.685754,2.721829
-0.073116,-0.166815,-0.178972,0.390225,-1.698174,2.192793
-0.138283,-0.161300,-0.141904,0.509565,-1.959922,2.082685
-0.179106,-0.082223,-0.175411,0.295297,-0.003192,2.052324
-0.073024,-0.011733,-0.165872,0.204518,0.462941,1.265098
-0.084431,-0.008769,-0.143046,1.150904,0.362886,3.438480
-0.224095,0.032147,-0.190835,1.079507,2.528179,5.597600
-0.163607,0.037176,-0.178552,1.076760,1.999060,6.965127
-0.064467,0.087466,-0.138313,0.713220,-0.816429,9.348602
-0.178680,0.134960,-0.200357,0.867242,1.794964,8.127569
-0.188090,0.134625,-0.193116,1.488033,1.676475,6.488351
-0.102402,0.128191,-0.179767,1.233555,-1.965804,9.102172
-0.178489,0.179854,-0.190773,0.878153,-1.801456,10.319342
-0.232896,0.188073,-0.195552,1.864778,-1.830111,8.577501
-0.138069,0.185962,-0.181349,0.960351,-4.733146,8.839540
-0.235955,0.169557,-0.186289,0.897929,-3.053259,9.573683
-0.294139,0.185181,-0.203311,2.055307,-3.252474,7.879854
-0.156119,0.163218,-0.178628,0.927261,-6.032318,6.602745
-0.211287,0.095833,-0.190658,-0.375240,-2.820705,5.561539
-0.304965,0.111067,-0.189807,1.699497,0.822893,4.108572
-0.183853,0.129445,-0.183147,0.618092,0.158472,3.324356
-0.181955,0.048993,-0.168193,-0.816114,0.248506,1.972376
-0.292551,0.016401,-0.171731,0.496802,2.705066,0.070283
-0.257238,0.009039,-0.169204,0.124203,1.278413,-0.801145
-0.242425,-0.028631,-0.168721,-0.817099,1.303107,-1.981165
-0.376233,-0.061996,-0.159314,-0.159721,-0.400032,-4.312073
-0.335314,-0.072444,-0.157229,-0.358322,0.670063,-4.972453
-0.243777,-0.121156,-0.157951,-1.346254,0.364002,-2.475926
-0.410233,-0.158119,-0.151360,-0.532928,-2.234501,-1.343526
-0.473823,-0.172388,-0.126617,-0.125466,-2.779905,-2.565237
-0.346232,-0.217729,-0.129900,-1.592433,-4.270726,-2.025336
-0.427587,-0.242606,-0.117850,-1.146560,-4.336522,-2.842077
-0.523900,-0.243059,-0.116255,0.113227,-4.230158,-5.633347
-0.415616,-0.276015,-0.134630,-0.687564,-4.118545,-7.193741
-0.449852,-0.341142,-0.110382,-1.556914,-2.269233,-7.207265
-0.488942,-0.294610,-0.074725,0.006183,-1.042280,-7.476797
-0.371940,-0.279619,-0.053593,-0.072110,-0.958690,-5.815198
-0.370056,-0.364953,-0.088735,-1.203609,-0.555695,-3.568765
-0.480625,-0.341591,-0.076882,0.685096,1.754974,-3.073181
-0.405539,-0.302997,-0.054821,0.651415,1.194380,-2.276414
-0.324226,-0.316070,-0.042597,-0.477205,1.103397,-3.226705
-0.435790,-0.302166,-0.041106,0.385974,0.247968,-4.121907
-0.407817,-0.285288,-0.041648,1.522305,-0.280653,-2.412277
-0.305421,-0.288987,-0.035589,0.147646,-1.910534,0.454607
-0.404977,-0.308163,-0.016039,1.370348,-2.528844,1.845989
-0.406284,-0.259987,-0.031729,2.750495,-2.344151,3.081266
-0.286327,-0.290986,-0.033652,1.252643,-2.930128,5.000251
-0.317602,-0.294482,-0.024192,1.931494,-4.237707,4.223803
-0.393446,-0.247569,-0.032996,3.832259,-2.312111,1.952747
-0.314399,-0.305547,-0.008128,2.037789,-3.120710,0.952842
-0.245602,-0.319084,-0.011633,2.182893,-2.069043,-1.141812
-0.297684,-0.250130,0.006075,3.418878,-1.335901,-3.001286
-0.282408,-0.275907,-0.005394,2.871259,0.155679,-3.943458
-0.215879,-0.314091,-0.030731,1.775023,1.265389,-2.088855
-0.271730,-0.278798,0.003410,2.595344,0.802667,-0.806050
-0.262677,-0.230261,-0.003083,1.779176,-0.067888,-1.081190
-0.206400,-0.230038,-0.011926,-0.022748,0.842637,-3.697487
-0.280058,-0.231144,0.017088,-0.175230,-0.327230,-3.893378
-0.279933,-0.167986,-0.018376,-0.044783,0.781817,-2.785230
-0.189929,-0.153744,-0.008144,-1.039510,-0.797574,-2.072900
-0.208829,-0.187225,-0.015458,-1.744528,-1.553513,-1.277427
-0.274750,-0.155234,-0.058858,-0.441298,4.409045,-0.410396
-0.260911,-0.129907,-0.049867,-1.679890,-2.762704,0.232717
-0.190733,-0.111932,-0.037791,-1.803258,-2.366987,0.003951
-0.277435,-0.102085,-0.030842,-1.838823,-3.049573,-1.005390
-0.275416,-0.062683,-0.078815,-2.018986,-2.674656,-1.871518
-0.220035,-0.059860,-0.041950,-2.191219,-2.148665,-3.043919
-0.265576,-0.009592,-0.058047,-1.381366,-2.051771,-3.662099
-0.280622,0.016043,-0.035448,-1.637895,-1.192304,-3.136240
-0.186233,0.008871,-0.045387,-1.588488,-0.115064,-0.745726
-0.213263,0.035141,-0.018592,-0.474550,0.689002,1.482025
-0.292626,0.088592,-0.053629,0.083928,1.618763,1.075726
-0.200176,0.089846,-0.052346,-0.041229,0.601857,0.243262
-0.159543,0.064249,-0.008541,0.092639,0.223251,1.297159
-0.203757,0.120425,-0.026969,0.703796,1.637190,3.077116
-0.154761,0.173886,-0.061011,0.946260,1.306967,3.048693
-0.099619,0.130647,-0.023654,0.929556,-0.590715,4.915326
-0.143367,0.167732,-0.027058,1.200990,-2.311714,7.722877
-0.133192,0.216505,-0.056212,1.364180,-0.725374,8.204657
-0.014676,0.204689,-0.035195,1.538629,-2.198736,8.748808
-0.062652,0.164797,-0.047038,1.382568,-2.470243,10.336166
-0.062028,0.173880,-0.077492,1.571965,-1.224035,9.591423
0.030937,0.175133,-0.067245,2.360436,-2.785022,8.600834
0.006158,0.116273,-0.029605,1.033859,-2.433519,7.819088
-0.045603,0.089143,-0.077712,1.307410,-0.971836,6.633635
0.041565,0.088037,-0.058819,1.669959,-1.075436,5.201981
0.032378,0.035935,-0.015947,0.833906,-1.783156,5.941541
-0.065347,0.018771,-0.061546,0.423351,0.942620,5.509131
-0.018556,-0.008683,-0.052828,1.396647,1.842212,5.279473
0.038017,-0.099581,-0.000815,0.851516,-0.166493,6.297349
-0.032280,-0.151085,-0.026020,0.351204,1.154295,5.534877
-0.045478,-0.150524,-0.069037,1.031315,2.805988,2.681948
0.036343,-0.256008,-0.022896,1.091689,1.141799,-0.297847
0.014147,-0.292440,-0.023765,-0.063070,0.208936,0.045004
-0.057203,-0.311997,-0.048682,0.546715,1.089220,-4.269731
0.025166,-0.384785,-0.030491,2.041223,0.062648,-5.258455
-0.004467,-0.469193,-0.062426,-0.104126,-1.112225,-2.626736
-0.077863,-0.456648,-0.075067,0.736605,0.894221,-3.523379
-0.032733,-0.495499,-0.045334,2.340929,-1.753693,-5.750942
-0.014282,-0.587299,-0.018080,0.111070,-3.580376,-5.420472
-0.124125,-0.633535,-0.066273,0.520669,-0.439168,-8.540426
-0.075949,-0.601219,-0.053330,2.418811,-1.398556,-11.647789
-0.016895,-0.659112,-0.006073,0.462426,-2.022682,-11.964073
-0.111787,-0.703976,-0.063076,-0.231669,0.896039,-12.951757
-0.098004,-0.631204,-0.045548,1.776501,2.064065,-13.259057
-0.003450,-0.647420,-0.007219,0.157960,0.411847,-10.923431
-0.053228,-0.674684,-0.047113,-1.552876,2.038656,-10.373643
-0.115450,-0.616095,-0.038760,0.879115,3.463185,-10.876039
-0.028160,-0.563714,-0.027799,-0.566336,1.986383,-7.808664
-0.027550,-0.565579,-0.048892,-1.829520,1.965760,-6.264010
-0.138814,-0.506938,-0.027192,-0.458764,-0.046661,-6.393311
-0.092404,-0.461719,-0.043516,-0.107405,-0.471037,-4.013125
-0.069683,-0.496040,-0.042180,-0.879277,-1.242926,-1.983379
-0.201998,-0.426567,-0.029789,0.098699,-1.953711,-2.201592
-0.166492,-0.314213,-0.059793,1.189476,-1.144610,-3.322526
-0.117022,-0.364352,-0.010140,0.175879,-3.378601,-1.673260
-0.214330,-0.347428,-0.026116,1.416493,-2.406409,0.505024
-0.237691,-0.196133,-0.037128,2.824018,-2.657309,1.072953
-0.181302,-0.219061,0.025379,1.540349,-2.600604,1.758640
-0.212600,-0.211279,0.025566,1.235194,-0.977242,4.854176
-0.273089,-0.093242,-0.023808,2.527204,1.830543,4.343242
-0.215610,-0.047741,0.018194,2.914758,0.563085,3.014561
-0.233424,-0.067593,0.021001,1.722235,1.231393,2.997252
-0.313210,0.014563,0.021943,1.876631,3.172705,2.601007
-0.227631,0.115006,0.022245,2.274669,2.102079,2.535070
-0.195568,0.095603,0.062724,1.274350,1.267565,5.100645
-0.270483,0.130555,0.017370,0.544385,1.556728,7.571164
-0.229702,0.198068,0.017035,1.393128,0.873430,9.695730
-0.182704,0.175554,0.050572,0.694287,-2.278837,12.610698
-0.246321,0.193942,0.017721,-0.338072,-3.169904,11.827700
-0.279313,0.212153,0.037370,1.436105,-3.399301,8.108072
-0.210998,0.159004,0.039773,0.426965,-4.946711,8.361396
-0.261489,0.149268,-0.024166,-0.445198,-3.750830,4.946979
-0.316690,0.187640,0.036549,1.156930,-4.338213,1.343080
-0.229249,0.153581,0.029732,0.133853,-4.329462,3.268416
-0.251093,0.113860,-0.003263,-1.176811,-1.421655,5.125823
-0.362542,0.139578,0.034029,0.305578,-1.669702,3.667644
-0.289491,0.152902,0.042300,-0.845918,-0.794361,2.090170
-0.271540,0.094989,0.026338,-2.160705,0.188139,0.839719
-0.357077,0.094369,0.044870,-0.725590,1.886295,-1.355420
-0.351277,0.109367,0.049111,-0.889988,1.315436,-3.533985
-0.348382,0.034438,0.044667,-2.195108,0.923726,-4.017123
-0.414132,0.007007,0.054183,-1.063813,0.769619,-2.971421
-0.452770,0.023879,0.038608,-0.937636,-0.935000,-1.312335
-0.400175,-0.011092,0.043177,-1.590106,-1.650828,-0.544473
-0.463477,-0.061823,0.057928,-0.765955,-2.357615,1.015282
-0.528752,-0.064626,0.010205,-0.460048,-3.205571,1.521824
-0.472573,-0.082676,0.004661,-0.419378,-4.286035,0.362373
-0.486165,-0.138225,0.057160,-0.595136,-5.585418,-0.600212
-0.524737,-0.122177,-0.010813,-0.074923,-3.337115,-1.604590
-0.474211,-0.152697,0.016261,0.974437,-3.028621,-1.397786
-0.470843,-0.202554,0.050572,-0.102525,-5.125656,0.609922
-0.526973,-0.169985,0.007004,0.025776,-2.269022,-0.924948
-0.502036,-0.173265,0.016241,1.302382,-0.660795,-3.119445
-0.405709,-0.222518,0.045780,1.124973,-0.648204,-2.140567
-0.426569,-0.209605,0.006666,0.483358,0.291164,-1.646823
-0.482266,-0.221100,0.026147,1.314202,1.160121,-3.219483
-0.383566,-0.276373,0.062218,1.492301,0.734363,-1.241575
-0.361961,-0.269158,0.026499,0.315734,0.329188,0.188672
-0.397828,-0.256324,0.051160,1.943521,0.709475,-0.598598
-0.300576,-0.259025,0.048048,1.450016,-0.559233,0.054661
-0.304318,-0.307855,0.028150,0.445223,-1.520308,1.624636
-0.385696,-0.317216,0.036136,2.185926,-2.210582,1.101391
-0.317491,-0.287608,0.024710,1.958229,-4.140226,0.957519
-0.253923,-0.359530,0.029338,0.924009,-4.620965,0.659436
-0.285635,-0.425665,0.030264,2.789379,-3.898080,0.881211
-0.314274,-0.398381,0.008727,2.760162,-3.804980,0.513344
-0.283941,-0.451704,0.013878,2.340023,-3.059611,-2.029987
-0.291540,-0.485349,0.044985,2.088322,-3.992023,-5.545030
-0.310381,-0.434475,0.016070,1.830247,-1.347002,-8.495478
-0.251783,-0.451839,0.033937,2.322055,-0.222320,-8.776591
-0.260284,-0.480133,0.052673,1.140213,0.196988,-7.998748
-0.354733,-0.464900,0.000429,0.734763,1.693826,-8.117128
-0.291060,-0.446098,0.015942,1.677647,4.254968,-8.004750
-0.249357,-0.447365,0.051064,-0.857101,0.266408,-6.954884
-0.322529,-0.421394,0.012030,-1.433727,1.870467,-8.226256
-0.365624,-0.402205,0.016248,-0.471067,0.531823,-8.441329
-0.311838,-0.400252,0.015627,-1.540895,-1.054478,-6.118979
-0.333936,-0.352085,-0.038366,-2.256395,-0.973188,-6.373792
-0.389980,-0.272046,0.006715,-1.078301,-2.525771,-7.209677
-0.332439,-0.277032,0.011590,-1.728674,-4.014928,-4.957207
-0.354723,-0.291672,-0.028023,-3.200122,-3.829618,-0.401263
-0.415278,-0.226933,-0.022705,-1.317516,-2.967151,-0.620932
-0.297596,-0.124327,-0.014509,-0.793823,-2.878145,-0.680370
-0.225934,-0.119413,-0.026250,-2.233523,-1.420315,-0.831460
-0.333752,-0.094913,-0.029050,-1.204026,-1.275323,-1.373517
-0.321420,0.026439,-0.023381,0.487704,-0.407444,-1.674941
-0.260829,0.050096,0.011737,-1.772833,-2.153973,-0.121792
-0.251396,0.092876,-0.015408,-0.765305,2.378106,0.241859
-0.272994,0.191388,0.005629,0.976761,1.226876,2.057618
-0.229068,0.214411,0.020508,0.451403,0.596119,4.519162
-0.278574,0.204048,-0.014417,-0.148896,0.317082,6.267681
-0.316851,0.260910,0.010556,2.250350,0.760051,6.958872
-0.173602,0.340933,0.000518,1.949636,-0.729969,10.028483
-0.155978,0.326267,-0.011052,0.672531,-1.161380,11.213483
-0.299267,0.334713,0.032135,2.296442,-1.940966,11.328478
-0.210093,0.375500,0.003902,3.125159,-1.818249,14.063460
-0.090444,0.306684,0.011396,2.131463,-1.230850,15.782147
-0.145822,0.288000,0.031806,3.123711,-1.846271,14.120481
-0.130549,0.330564,0.016330,4.346085,-1.626843,11.939946
-0.070307,0.220707,0.002954,2.249638,-1.651803,10.733015
-0.121792,0.175655,0.018319,2.392151,-2.020979,8.368681
-0.108662,0.218990,0.063508,3.120465,-0.692261,5.509354
0.009736,0.168674,0.052761,1.706401,-0.115599,5.137545
-0.023174,0.049931,0.065392,0.921104,0.633641,5.925328
-0.091820,0.042973,0.063288,1.199816,0.170236,6.159526
-0.008827,0.035439,0.054130,1.080105,0.894808,3.992343
0.014423,-0.095651,0.073733,-1.185719,1.542066,1.449104
-0.026598,-0.132979,0.052581,-0.418190,2.149763,-1.041887
0.043587,-0.104747,0.051534,-0.273201,1.557716,-2.520966
0.029128,-0.259741,0.075118,-2.383448,0.129902,-2.813528
-0.022869,-0.323180,0.061250,-1.932625,0.208907,-2.055295
0.009066,-0.295175,0.046617,-0.928251,0.402551,-1.842534
0.108160,-0.381306,0.065238,-2.545649,-1.080839,-1.066126
0.014794,-0.475239,0.073198,-1.654024,-0.954947,-4.076317
-0.041628,-0.474553,0.026686,-0.095438,-0.425749,-7.977789
0.064316,-0.526193,0.059405,-1.137720,-1.430461,-10.299321
0.028121,-0.599480,0.079405,-1.660011,-1.198435,-12.971506
-0.028731,-0.524919,0.080058,0.372471,-1.780510,-15.996124
0.027336,-0.531339,0.083265,0.046009,-0.857876,-14.515165
0.040216,-0.620267,0.078030,-1.396602,0.675272,-9.714144
-0.047618,-0.566435,0.092075,0.948493,1.572986,-8.071181
0.017929,-0.518394,0.088130,1.848285,1.606116,-7.152330
0.060689,-0.594871,0.067641,-0.172929,1.335623,-6.755901
-0.048531,-0.585838,0.100557,1.698143,2.687476,-7.150676
-0.041310,-0.476687,0.083846,3.258810,1.590892,-8.469036
0.022442,-0.525165,0.100737,1.248757,0.124945,-8.730175
-0.046962,-0.564430,0.083971,1.775359,1.235036,-6.445234
-0.084408,-0.435870,0.078355,3.943977,0.857963,-3.700559
0.006289,-0.434504,0.054928,2.495086,1.151387,-0.794436
-0.043023,-0.483531,0.075072,1.982310,-1.168394,0.215626
-0.127181,-0.389840,0.078099,3.710411,-2.463441,-1.352477
-0.069151,-0.342658,0.060035,3.479433,-2.083732,-1.539743
-0.086092,-0.395371,0.083259,1.149519,-2.338836,-2.715702
-0.171819,-0.304969,0.073907,2.472650,-1.752334,-3.840928
-0.153628,-0.206043,0.058263,2.747065,-1.214083,-1.506672
-0.064874,-0.243489,0.070080,0.199197,-0.057782,2.940474
-0.180554,-0.212168,0.068963,0.571774,-0.295217,3.695357
-0.233572,-0.108706,0.090388,1.779721,0.644279,2.784061
-0.099698,-0.126464,0.081003,-0.674433,1.768997,4.477635
-0.168888,-0.136810,0.106433,-1.448570,0.115400,3.602624
-0.241082,0.002123,0.106498,-0.050577,-0.635117,1.419189
-0.177570,0.025123,0.069328,-0.887375,1.265274,1.530803
-0.207319,-0.047235,0.101699,-2.602518,-0.116902,3.616327
-0.274343,0.075616,0.069072,-0.287457,0.169701,4.740954
-0.224703,0.135144,0.096303,-0.487771,-1.716234,5.870025
-0.207608,0.021315,0.117439,-2.375140,-2.419105,7.526906
-0.328795,0.055177,0.114373,0.167361,-2.352439,5.960872
-0.318410,0.153492,0.079031,1.257432,-1.732065,2.456565
-0.275656,0.085618,0.104371,-0.118582,-3.604079,-1.268476
-0.369908,0.048474,0.136697,0.206212,-4.410685,-3.755693
-0.412744,0.159171,0.089564,1.794711,-2.588066,-3.696867
-0.385477,0.140054,0.120429,0.984662,-3.024683,-1.900893
-0.411808,0.111280,0.124194,-0.103020,-3.263099,0.512697
-0.475153,0.204728,0.107864,0.495027,-1.341297,0.203477
-0.457703,0.206159,0.124030,1.303386,-0.212844,1.439377
-0.424790,0.166323,0.154396,-0.996618,-0.733068,2.616353
-0.514575,0.213423,0.105051,-1.269546,0.712954,0.156113
-0.462637,0.251283,0.116503,-0.308018,0.962672,-1.370867
-0.375183,0.214155,0.164082,-1.840142,0.293232,0.202979
-0.460625,0.235297,0.136805,-2.982733,-0.031194,1.380523
-0.482437,0.303122,0.140357,-0.855329,0.296863,2.363445
-0.416633,0.223011,0.158613,-1.825594,-2.765504,5.898572
-0.402059,0.180231,0.127768,-2.754393,-2.958804,7.559851
-0.412261,0.241176,0.111721,-0.264667,-2.380166,5.863627
-0.367069,0.141912,0.149656,0.212173,-3.934522,6.207717
-0.326747,0.037396,0.135853,-0.986147,-3.932628,7.231606
-0.360274,0.043222,0.123166,0.782546,-2.876490,6.247760
-0.339897,0.037386,0.157511,2.424884,-3.364362,5.612697
-0.291855,-0.035931,0.151330,0.752236,-4.168330,6.299937
-0.327948,-0.068689,0.118243,0.991296,-1.854703,4.395524
-0.381790,-0.050856,0.140770,2.568225,-1.872317,3.254488
-0.340267,-0.084668,0.143422,1.700703,-1.181259,2.224335
-0.312002,-0.129618,0.138426,0.948788,-0.629858,-0.217428
-0.332784,-0.159130,0.150795,1.858765,0.976784,-2.518471
-0.255863,-0.183614,0.161006,2.273849,1.517611,-1.173024
-0.251195,-0.242760,0.114616,0.843520,0.898819,-0.039282
-0.287653,-0.264451,0.134868,1.307801,1.375787,-0.559375
-0.244200,-0.261631,0.159020,1.650091,1.253835,0.209547
-0.171475,-0.305672,0.137767,-0.037696,-0.042088,0.519802
-0.212459,-0.361076,0.131609,0.778820,-0.584235,-2.326349
-0.237983,-0.412646,0.150076,1.993677,-1.725976,-3.882537
-0.167756,-0.486669,0.141653,0.937211,-2.568331,-3.266496
-0.151619,-0.517468,0.125933,0.477867,-2.386406,-3.931465
-0.163685,-0.518689,0.128704,2.487040,-1.948315,-6.082891
-0.128547,-0.542733,0.106899,1.539867,-2.725022,-6.852376
-0.110165,-0.602335,0.140202,0.175984,-2.034689,-8.085644
-0.118627,-0.588283,0.149771,1.283367,-0.528710,-10.955510
-0.078677,-0.540783,0.138988,0.628803,0.041578,-13.401587
-0.043499,-0.595899,0.134133,-0.200863,1.380793,-14.836347
-0.041786,-0.584820,0.169669,-0.055263,-0.121300,-13.896128
-0.049752,-0.535905,0.155919,0.200826,1.814308,-13.831517
-0.036284,-0.544555,0.149403,-0.868061,1.759127,-12.617050
-0.055943,-0.557908,0.162923,-0.545269,1.350887,-11.965595
-0.031160,-0.478820,0.143777,0.281488,1.391707,-10.442156
-0.034062,-0.417889,0.111501,-0.129703,1.539847,-9.338328
-0.081808,-0.427155,0.151989,-0.798647,-1.035912,-8.646105
-0.075883,-0.373602,0.137058,-0.660233,-0.574555,-6.060052
-0.046555,-0.319573,0.127342,-0.605131,-1.064689,-3.390129
-0.012106,-0.305514,0.142349,0.367590,-1.289684,-1.134893
-0.011902,-0.235250,0.112712,0.369359,-1.663065,-0.076664
-0.080065,-0.196248,0.128986,-0.377186,-1.503210,0.733427
-0.041513,-0.153209,0.145897,0.502252,-1.224843,1.563822
-0.044618,-0.073538,0.130450,0.466043,-1.577741,1.487593
-0.054741,0.007614,0.112147,0.173227,-0.094726,0.969980
-0.059166,0.058846,0.119680,0.443552,0.351883,2.107233
-0.078033,0.096000,0.146235,0.613710,-0.087530,5.724369
-0.075207,0.191661,0.132479,0.236778,0.877490,7.493822
-0.067004,0.220526,0.141633,0.889113,0.876433,7.349920
-0.055372,0.224462,0.140337,1.100548,0.833039,9.216433
-0.077091,0.284403,0.098505,1.203475,0.963477,10.184936
-0.132246,0.300631,0.131080,1.683178,0.014511,9.072017
-0.100390,0.312723,0.137169,1.313562,-0.795497,10.032879
-0.082593,0.326296,0.098322,0.496284,0.237808,10.322226
-0.080929,0.358041,0.113999,2.106454,-0.328622,10.151611
-0.071928,0.371476,0.127759,1.542167,-1.297693,12.083448
-0.089850,0.322902,0.098180,0.787876,-0.960429,12.688895
-0.070707,0.347183,0.078653,1.309318,-0.541144,12.467317
-0.031896,0.337709,0.138640,1.470361,-1.017659,10.896352
0.003013,0.326923,0.134527,-0.226341,-1.104006,8.361010
-0.057275,0.286195,0.118801,0.091254,-0.543208,5.548530
-0.030888,0.240897,0.118440,0.665054,-0.112585,4.422543
0.021733,0.225686,0.129692,0.400919,0.414256,4.194831
0.035805,0.183789,0.150637,-0.114939,0.773647,1.971239
0.058349,0.122168,0.117209,0.237316,1.455501,0.065134
0.062176,0.050782,0.166534,-0.067051,0.295694,0.435004
0.096724,0.013024,0.125326,-0.719386,1.247480,0.307964
0.118411,-0.026126,0.123019,-0.083542,1.850221,-1.959380
0.131150,-0.082564,0.164085,-0.153113,0.476429,-2.437335
0.148970,-0.129116,0.138574,-0.722117,0.517804,-1.554223
0.111819,-0.179728,0.118111,-0.637105,0.191864,-1.804174
0.091856,-0.265275,0.133775,0.787821,-0.595540,-2.380308
0.110589,-0.309335,0.140974,-0.339352,-2.099685,-2.885671
0.122999,-0.350576,0.141683,-0.364430,-0.594437,-4.921531
0.114521,-0.373704,0.154514,0.588219,-2.473837,-7.155270
0.091442,-0.423561,0.162218,-0.238384,-0.089277,-8.648452
0.085711,-0.462799,0.145645,-0.547219,0.422049,-8.660446
0.098079,-0.473473,0.155003,0.305388,0.528518,-7.665203
0.095985,-0.474077,0.184955,0.199953,0.998868,-7.105025
0.079757,-0.485123,0.151428,-0.817879,1.739055,-6.679513
0.060466,-0.499890,0.154491,0.105064,2.557078,-7.108817
0.055467,-0.497248,0.170703,0.144663,0.791497,-6.185004
0.061552,-0.463508,0.138305,-0.583175,2.459579,-6.425955
0.037686,-0.452889,0.157031,0.189734,2.084577,-7.016102
0.051501,-0.440849,0.152951,0.164135,1.477776,-3.373451
0.039983,-0.399438,0.140885,-0.037906,-0.202924,-0.964693
0.001109,-0.403938,0.157245,0.404163,-0.134613,0.677304
-0.002616,-0.402438,0.176339,1.371904,-0.853175,1.267766
0.004520,-0.379290,0.142930,0.792035,-0.829069,0.913433
0.044467,-0.344342,0.133746,2.397646,1.023047,0.140392
0.035135,-0.335545,0.151202,3.082475,-1.670013,-1.590376
-0.011032,-0.338664,0.158128,2.548747,-0.706532,-2.841295
-0.006749,-0.339376,0.130851,3.158867,0.238048,-2.218478
0.003542,-0.299855,0.166390,3.912360,-0.668049,-2.578765
0.003929,-0.265130,0.173939,3.458645,-0.553144,-2.779585
-0.024313,-0.264848,0.136877,3.003686,0.823405,-2.827175
-0.058555,-0.283650,0.170345,4.065972,0.524943,-2.189525
-0.049388,-0.232529,0.124863,2.956718,1.194853,-1.833456
-0.058224,-0.195474,0.138079,2.351164,1.250930,-4.702460
-0.063108,-0.180473,0.168014,2.091605,-0.107192,-5.482020
-0.079694,-0.148010,0.100107,0.744128,1.446895,-3.912427
-0.111701,-0.114122,0.140094,0.639934,0.031849,-1.906805
-0.108790,-0.097450,0.128182,0.358182,-0.249575,-0.155269
-0.117541,-0.071118,0.115492,-1.220034,-1.530388,-0.163285
-0.121486,-0.067422,0.103705,-1.372641,-0.371694,-0.165845
-0.130313,-0.027711,0.084066,-1.576582,-1.475401,-0.062738
-0.164798,-0.004836,0.068058,-3.294190,-1.567726,-0.466147
-0.173477,0.004975,0.074061,-2.717305,-1.358901,-1.016327
-0.167057,0.051937,0.069892,-2.499656,-2.200961,-0.270534
-0.155259,0.082989,0.015102,-2.831688,0.001791,-0.425571
-0.209302,0.087410,0.023052,-2.754997,-1.568616,-0.885970
-0.272639,0.093571,0.066843,-2.606244,-2.039679,0.705848
-0.278374,0.161705,0.019372,-3.272277,-0.875289,2.246870
-0.276457,0.228247,0.044733,-2.522436,-0.651394,0.577546
-0.260199,0.265299,0.058575,-2.208031,-1.807440,-0.278189
-0.282306,0.291276,0.028550,-2.533571,-0.710166,0.775237
-0.317527,0.290048,0.026994,-1.071192,0.591038,3.792054
-0.294750,0.363644,0.030040,-0.729451,-0.262179,6.923133
-0.265037,0.406562,0.051997,-0.931944,0.401658,7.659564
-0.234356,0.433983,0.033014,-0.561203,0.338980,8.476836
-0.247785,0.423696,0.063597,1.048291,-0.984926,10.318021
-0.301643,0.399633,0.048258,1.181079,-1.162411,11.342447
-0.296332,0.388131,0.042976,1.496361,-1.653401,9.240049
-0.251871,0.401235,0.090427,2.870015,-2.043227,7.657674
-0.218588,0.410941,0.070588,2.444995,-2.609441,7.280325
-0.239723,0.379787,0.043853,3.392947,-2.146955,6.718769
-0.278226,0.302413,0.110027,3.181289,-3.960699,8.063177
-0.220885,0.280611,0.089603,2.162614,-1.921573,8.597845
-0.148435,0.276492,0.096657,2.822213,-0.646828,7.713429
-0.104053,0.275977,0.107391,2.466840,-0.355479,7.785321
-0.106660,0.222463,0.046009,1.563936,0.227360,6.418150
-0.146479,0.115620,0.077245,1.600411,0.649873,4.363800
-0.068449,0.077478,0.038995,0.989910,1.211317,4.090673
0.018250,0.048133,0.028422,0.375284,2.127114,1.420703
-0.003063,-0.040575,0.073175,-0.137847,0.379472,-0.479251
-0.012614,-0.123204,0.071964,-0.271767,1.230352,0.742690
0.004119,-0.172785,0.050572,-0.813724,0.714911,1.588188
0.066092,-0.246959,0.064867,-0.390378,0.379465,-1.484140
0.141059,-0.297636,0.064112,-0.590620,-0.152207,-4.247561
0.122917,-0.387766,0.041956,-1.119450,0.062848,-6.593543
0.114935,-0.444309,0.052722,-0.494762,0.172692,-6.837927
0.116172,-0.484676,0.051731,-0.587544,-1.001581,-7.224033
0.176638,-0.533746,0.036100,-0.801943,0.516888,-9.885479
0.222119,-0.571461,0.042267,-0.192545,-0.171351,-11.245520
0.205799,-0.612537,0.080905,-0.302720,-0.364588,-11.088895
0.177353,-0.651214,0.055765,0.005068,0.417171,-12.106241
0.196792,-0.672435,0.067884,0.087874,1.679062,-12.867823
0.265250,-0.646855,0.120012,-0.028613,1.641796,-13.053558
0.322966,-0.607660,0.106255,-0.377080,3.501639,-13.599243
0.296929,-0.596873,0.117951,0.326967,4.185344,-13.595705
0.270486,-0.624735,0.169166,0.172046,3.029539,-12.622082
0.329311,-0.579920,0.162995,0.036694,2.499940,-10.782645
0.334628,-0.511586,0.167020,-0.102330,2.522248,-10.891688
0.312081,-0.460163,0.208257,0.534699,1.858414,-9.731360
0.225917,-0.437291,0.215209,0.355091,-0.346291,-7.403597
0.204358,-0.387923,0.200297,0.210351,-0.456742,-5.122181
0.210959,-0.330192,0.261176,0.961577,-1.549059,-3.376180
0.209387,-0.263000,0.248181,0.515198,-1.344084,-2.081666
0.183505,-0.226181,0.245188,0.972251,-0.602440,-1.503744
0.157367,-0.191128,0.276762,1.706116,-0.632743,0.781515
0.199713,-0.115162,0.271565,1.395259,0.955898,1.987490
0.160065,-0.069723,0.299364,0.664165,0.967777,1.304777
0.169036,-0.003779,0.320418,2.189340,2.988469,0.309695
0.205415,0.060957,0.323461,0.827775,2.369424,1.912159
0.149856,0.117911,0.333925,0.480703,3.129998,3.594145
0.114308,0.178672,0.316358,2.135774,8.253667,4.199910
0.153749,0.201839,0.362541,0.871067,2.417489,7.886310
0.179283,0.244498,0.332980,0.135502,3.539232,10.599630
0.110510,0.311105,0.358471,1.396335,1.975239,9.050944
0.136326,0.306592,0.367321,1.702498,0.573395,9.703296
0.158959,0.288850,0.370731,-0.407909,-1.036572,10.820630
0.123321,0.331069,0.337815,0.802122,-0.080723,9.792979
0.176940,0.392296,0.358747,2.451633,-0.739902,9.186765
0.176231,0.304137,0.380884,-0.026503,-3.045952,10.232624
0.086574,0.277421,0.345259,0.348680,-1.509558,10.187525
0.105583,0.319380,0.369326,2.404215,-1.193541,9.369544
0.188927,0.277811,0.364938,0.856109,-1.327173,8.633804
0.133336,0.260414,0.330170,-0.004701,-0.792352,6.790720
0.066197,0.262561,0.345473,1.002341,1.134633,4.397108
0.144306,0.239052,0.363093,0.059809,1.233083,4.602200
0.149508,0.204222,0.325296,-1.394764,2.723258,2.425208
0.098132,0.213893,0.310144,-0.657607,3.329557,-1.681485
0.142362,0.189662,0.331289,-0.418836,2.937876,-2.357384
0.131514,0.130253,0.300218,-2.794661,1.846085,-1.226432
0.097734,0.160408,0.245312,-1.556135,4.328363,-2.321475
0.128153,0.150404,0.249402,-1.009380,1.614719,-3.383080
0.141952,0.056122,0.261314,-3.035819,-0.109506,-0.571013
0.040371,0.067863,0.196043,-3.238152,-0.087882,0.960544
0.035778,0.091684,0.210141,-0.790599,-0.915135,0.815736
0.146452,-0.005263,0.201531,-2.164857,-2.234855,2.463251
0.086220,-0.053669,0.157307,-2.450281,-1.449650,1.730184
0.020604,-0.031847,0.126298,0.041775,-0.956339,-1.104815
0.073874,-0.066979,0.116808,-0.135076,-1.301458,-1.952001
0.046676,-0.121389,0.104729,-2.158414,-1.126140,-3.020346
0.030487,-0.070193,0.080472,0.634143,1.212601,-4.039325
0.109758,-0.094040,0.110680,1.501281,1.089673,-1.633262
0.076510,-0.193169,0.091668,-0.369416,1.689148,-0.316272
0.002518,-0.183956,0.052738,1.747090,3.454847,-2.075014
0.095982,-0.166815,0.078384,2.715111,2.926673,-2.843586
0.176963,-0.227996,0.065353,1.433470,2.298008,-2.207453
0.052713,-0.247149,0.022386,1.950575,2.859160,-4.499077
0.040594,-0.256235,0.033418,3.963589,0.155219,-4.003895
0.116605,-0.307333,0.011964,2.454764,0.327682,-0.882638
0.094882,-0.332260,-0.012549,2.361372,-0.309998,0.649073
0.075549,-0.285363,-0.028948,4.345379,-0.182143,0.302870
0.101828,-0.354058,0.016267,2.546649,-4.743833,2.227589
0.128370,-0.418916,-0.045387,1.478856,-0.742065,3.167237
0.073783,-0.366512,-0.035507,3.233096,-1.576937,0.235128
0.141404,-0.383603,-0.029047,2.200979,-2.080000,-2.199997
0.152860,-0.461217,-0.063384,0.228342,-0.975752,-3.902338
0.062504,-0.411475,-0.040181,1.579856,0.007076,-5.647423
0.096602,-0.337003,-0.064215,0.773266,0.319449,-5.273682
0.116139,-0.416172,-0.051712,-1.307169,0.018568,-4.367451
0.038631,-0.462005,-0.049050,-0.458062,0.883553,-4.803836
0.039763,-0.386745,-0.092230,0.474203,2.723589,-5.389267
0.097449,-0.392305,-0.044468,-1.177401,2.386049,-6.872659
0.072847,-0.409410,-0.027645,-1.757497,2.273938,-8.582728
0.022133,-0.326374,-0.060164,-0.973007,2.849658,-9.192771
0.057078,-0.320558,-0.070576,-1.543475,1.746525,-9.298685
0.050582,-0.333228,-0.052838,-1.421940,0.727617,-9.156148
-0.047277,-0.273684,-0.036314,-1.380332,-2.132217,-7.648700
-0.008341,-0.203138,-0.043184,-1.239587,-0.789509,-5.092258
0.007530,-0.223798,0.001821,-0.769762,-2.483162,-1.447306
-0.078381,-0.169693,-0.073544,-0.783096,-1.726593,-1.563230
-0.082698,-0.089589,-0.047281,0.703022,-1.048733,-4.804860
-0.030671,-0.120693,-0.002265,-0.224392,-3.478745,-4.975555
-0.043263,-0.032737,-0.031607,-1.145861,-0.928005,-4.743564
-0.081867,0.093056,-0.014076,0.688671,1.102626,-5.614820
-0.000000,0.115265,0.009561,0.397207,-0.045177,-2.527061
-0.012769,0.110519,0.032463,-0.358295,1.543188,1.251997
-0.066479,0.214877,0.010910,0.487054,2.909578,1.758275
-0.006565,0.283992,0.043127,1.677820,2.298703,1.888293
0.030425,0.258025,0.034478,-0.698077,1.884785,3.674751
-0.044477,0.332651,0.026568,-0.108193,2.564144,3.653840
-0.001520,0.418346,0.064578,1.627635,2.073968,5.245957
0.068849,0.423811,0.050336,-0.927323,0.393960,7.948637
-0.025728,0.416800,0.066016,-0.916619,0.589889,8.860550
0.034052,0.527786,0.077600,1.022711,-0.206125,11.667701
0.139182,0.501792,0.118384,-0.608499,-1.926484,15.850653
0.080814,0.473284,0.105205,-1.182850,-1.933144,16.287870
0.019957,0.517462,0.108940,1.556278,-0.958588,14.454239
0.122973,0.460886,0.134031,0.685379,-2.907227,14.924785
0.106469,0.407392,0.137622,-0.426209,-3.095353,13.239099
0.012634,0.441956,0.144588,1.048052,-0.572793,9.964726
0.129827,0.416321,0.191628,1.477802,-0.431267,10.215828
0.157971,0.328719,0.179165,-0.961814,-0.486281,11.611727
0.060348,0.350918,0.166002,0.947774,2.751772,9.063541
0.148058,0.325896,0.210781,2.208899,1.779149,6.734688
0.205343,0.162020,0.223405,-0.271599,2.115048,7.357639
0.117922,0.145322,0.191520,0.442124,5.024677,6.056232
0.156280,0.161991,0.220011,2.935319,3.947032,3.155640
0.237353,0.026265,0.254113,0.084155,0.418520,2.253160
0.163203,-0.060736,0.213207,-0.273670,2.574396,-0.172100
0.181916,-0.054224,0.225460,2.811421,2.697763,-2.881064
0.312685,-0.153393,0.240212,0.542472,-0.054407,-1.087907
0.281830,-0.246247,0.226800,-1.196488,0.090240,-1.660879
0.248920,-0.248948,0.259982,2.373632,1.548220,-3.849255
0.411115,-0.321457,0.246619,0.579961,-0.916434,-3.485370
0.396397,-0.438401,0.233722,-0.964298,1.153878,-6.697498
0.269931,-0.448061,0.254802,1.184681,0.541447,-11.690419
0.424606,-0.470125,0.255327,0.158315,0.164518,-12.039522
0.471388,-0.559562,0.245509,-2.217359,1.007760,-11.400866
0.337779,-0.538495,0.236726,0.779878,3.122350,-13.407001
0.418212,-0.535246,0.259506,0.310998,0.879200,-12.741698
0.500601,-0.654257,0.231401,-2.941248,2.390875,-10.262508
0.395596,-0.638098,0.219293,-0.741838,5.428732,-11.263458
0.457624,-0.537740,0.219253,0.526385,4.459818,-13.224836
0.533491,-0.607223,0.227207,-2.552532,1.879691,-12.362543
0.412455,-0.611231,0.194159,-2.235045,4.121632,-11.167512
0.417132,-0.492745,0.198840,0.841952,3.457060,-9.377957
0.531535,-0.525970,0.183209,-1.491684,2.286799,-5.552172
0.423668,-0.561289,0.170502,-0.886386,1.780935,-2.902504
0.367137,-0.456447,0.170558,2.442856,1.978518,-1.692849
0.470505,-0.434856,0.190588,0.706938,-0.944283,-0.385517
0.397326,-0.469452,0.148297,0.537062,1.087140,-1.293507
0.276792,-0.382471,0.132761,3.468059,0.846740,-4.882706
0.394132,-0.328616,0.159880,3.024868,-0.703568,-4.333506
0.398974,-0.323105,0.105970,0.963126,1.779842,-1.793644
0.235367,-0.226562,0.098965,3.502771,2.190406,-2.217519
0.321295,-0.165499,0.115065,3.801220,1.004363,1.649845
0.386284,-0.192185,0.109712,1.327102,2.071083,5.877851
0.236756,-0.099712,0.085090,2.245013,4.293980,5.068145
0.248162,-0.007190,0.086636,3.638605,3.309718,2.356465
0.320011,-0.019686,0.081374,0.917730,0.889435,2.479535
0.217868,0.039211,0.059845,0.045533,3.347278,2.059256
0.242684,0.128493,0.061844,2.834824,3.130923,2.064024
0.314746,0.150456,0.046896,0.223819,1.371110,4.792389
0.194084,0.143336,0.040807,-0.759701,1.380415,5.509111
0.169430,0.240287,0.019783,1.076691,0.978474,7.287712
0.302782,0.276863,-0.003969,-0.308271,-1.143927,8.860951
0.212525,0.220342,0.044437,-1.512824,-1.379140,8.002402
0.103180,0.276804,0.006853,-0.064235,-1.158994,7.376458
0.196030,0.295957,0.054110,-1.212501,-3.736922,5.736192
0.193401,0.246195,0.018588,-2.219563,-2.002278,3.238722
0.117971,0.274329,0.006459,0.115636,0.764554,0.432471
0.173756,0.269641,-0.006175,-0.035760,-0.177016,0.655137
0.163252,0.209464,-0.001225,-1.645083,-0.167980,1.213739
0.082652,0.252149,-0.010622,0.078275,2.288193,-0.623854
0.136031,0.277815,-0.017200,0.080691,2.303102,-1.675035
0.189882,0.213170,-0.026802,-1.134195,1.858512,-0.850324
0.056868,0.210869,-0.034673,-0.288790,2.655344,-0.649093
0.011081,0.226310,-0.019695,0.268158,2.747666,-0.319747
0.130247,0.194359,-0.039226,-1.583403,2.089914,1.002195
0.077994,0.186701,-0.011269,-1.174293,1.158549,2.100177
0.039924,0.235918,-0.012618,-0.232808,0.159099,1.906545
0.065173,0.208785,-0.045013,-1.483561,-1.027942,3.192264
-0.001366,0.138984,-0.027205,-1.897414,-1.938254,5.295716
-0.022895,0.165637,-0.045196,-0.517418,-1.516304,4.994749
0.075883,0.187646,-0.041353,-0.903745,-3.113180,4.228225
0.077262,0.103563,-0.014922,-2.303462,-1.985505,4.526232
-0.008672,0.090187,-0.006493,-0.546622,-1.537876,4.835808
0.050963,0.086114,-0.024330,-0.021452,-0.454179,5.808198
0.112243,0.018528,0.007231,-0.739390,-0.611102,4.983057
0.067490,0.013073,-0.007012,0.632223,0.912290,2.719664
0.057413,0.026665,-0.032208,0.827433,2.085618,0.594172
0.114101,-0.039190,0.003518,0.458907,1.938125,1.014655
0.060502,-0.084153,0.011869,1.510541,1.898450,0.565370
0.053684,-0.069382,0.008980,2.154870,2.281431,0.169455
0.126134,-0.161904,0.020360,1.627494,1.696780,0.795251
0.113917,-0.198044,0.027782,2.248752,1.586208,2.022070
0.024310,-0.168479,0.011327,2.431862,-0.186729,1.419123
0.102166,-0.238621,0.021677,2.084334,0.433120,1.135844
0.125123,-0.317226,0.048619,2.323181,-0.974258,2.107796
0.055962,-0.332102,0.030595,2.767397,-1.061010,0.567152
0.084900,-0.341759,-0.011489,2.415851,-0.379428,-2.821207
0.096513,-0.481617,0.068363,2.785151,-1.817661,-4.039076
0.070280,-0.508710,0.028383,2.017658,-0.065187,-3.191124
0.101532,-0.479743,0.012650,2.566134,1.666424,-5.144208
0.169925,-0.551277,0.069213,2.113578,0.542104,-8.133011
0.129430,-0.580550,0.068412,1.749437,1.347217,-10.058585
0.064940,-0.565694,0.027428,1.175834,2.327425,-10.704643
0.165681,-0.598557,0.055719,0.549936,2.970560,-10.485748
0.128898,-0.643816,0.103144,0.065448,1.296421,-9.481299
0.077216,-0.630758,0.076047,0.395044,2.561433,-9.594512
0.143656,-0.611014,0.069279,-0.792463,2.160996,-11.434291
0.148583,-0.634973,0.118712,-0.545184,1.600073,-12.396019
0.118027,-0.599293,0.076257,-0.831048,1.418078,-12.301686
0.163505,-0.571756,0.070014,-1.359350,0.852898,-11.870035
0.189026,-0.584968,0.110362,-1.526006,-0.064793,-8.468606
0.114971,-0.481817,0.060879,-2.005472,0.560548,-5.878939
0.099353,-0.411567,0.064719,-1.799538,-0.027294,-6.231221
0.179681,-0.410513,0.090555,-2.303025,-1.141016,-4.726986
0.135581,-0.362314,0.076736,-2.068875,-0.744195,-2.895557
0.091268,-0.259537,0.035817,-1.250790,0.524034,-4.185393
0.183357,-0.198973,0.075262,-0.809046,0.270866,-5.208476
0.180442,-0.168689,0.086600,-1.286828,-0.679777,-2.998249
0.156188,-0.049645,0.042704,-0.485319,2.198222,-1.941860
0.204798,-0.006402,0.094028,0.722346,2.074759,1.039510
0.221610,0.017241,0.076254,0.199936,1.725649,5.136411
0.168789,0.112921,0.097613,1.590291,2.349854,5.029799
0.215558,0.199739,0.067910,1.884358,2.137198,4.625895
0.251274,0.254181,0.072939,1.805754,1.695388,6.090525
0.166715,0.293508,0.069141,1.679288,1.995446,8.476321
0.214484,0.344809,0.045143,2.361241,2.121321,9.984629
0.316470,0.382465,0.069935,2.661397,0.149846,14.416293
0.246153,0.403450,0.062750,2.827268,-0.229302,15.962938
0.214937,0.442091,0.002415,2.936924,0.268095,15.889932
0.289859,0.415552,0.051806,2.700261,-1.049984,15.849655
0.291369,0.384199,0.048980,3.089075,-0.800877,14.624403
0.225687,0.409913,-0.022790,3.060902,0.888417,10.004224
0.288549,0.369457,0.044726,3.184798,0.092531,7.540453
0.275101,0.302055,0.048035,2.279971,-1.977453,9.293881
0.190664,0.301547,0.008462,2.212943,1.217426,8.490111
0.255617,0.242985,0.033966,2.384999,1.582508,6.730690
0.313653,0.145998,0.045747,1.454569,1.711853,7.471765
0.242149,0.117930,-0.008564,0.832156,2.978493,6.540897
0.251218,0.082936,0.010467,0.235504,2.975290,2.370250
0.289252,0.003268,0.067312,-1.102286,-1.227111,1.066251
0.216963,-0.041606,0.001966,-1.268634,2.852113,0.869500
0.272386,-0.072221,-0.028449,-1.222752,4.540714,-1.049881
0.346658,-0.130708,0.015470,-2.442292,1.196116,-1.367741
0.207063,-0.212779,0.002130,-2.639987,0.737793,-1.056249
0.186977,-0.230081,-0.012057,-2.278341,0.630073,-0.065750
0.316791,-0.271955,-0.014801,-2.861765,-0.499673,-0.963353
0.284505,-0.365432,0.004099,-2.092177,-0.882307,-2.699191
0.173867,-0.379917,-0.064159,-2.190976,0.192133,-6.489170
0.218597,-0.443098,-0.012004,-1.620511,-1.074960,-9.219869
0.220468,-0.507998,0.003623,-1.501122,-1.199125,-9.268333
0.134389,-0.497461,-0.014765,-0.338519,0.104473,-11.418980
0.185001,-0.500846,-0.059298,-0.600457,0.410616,-12.368605
0.188871,-0.544853,-0.027396,-0.322668,0.478566,-10.570704
0.073789,-0.543429,-0.014023,0.753467,1.409928,-7.994540
0.154760,-0.513158,-0.032792,2.156098,3.243061,-7.880733
0.213601,-0.545070,-0.009218,1.422165,2.586459,-6.444701
0.135558,-0.547584,-0.048984,1.923104,3.500910,-4.818139
0.116799,-0.477507,-0.066736,2.440955,3.883078,-6.549817
0.199759,-0.488225,-0.038927,2.370015,2.526955,-7.797427
0.176523,-0.498909,-0.013843,2.347573,1.072076,-5.338569
0.155397,-0.448156,-0.066851,2.749491,2.143586,-3.091534
0.247351,-0.428136,-0.026509,3.568741,0.933242,-1.194305
0.209938,-0.436241,-0.025778,2.994741,-2.483438,0.218873
0.125964,-0.388169,-0.055408,2.371062,0.350912,0.057838
0.259687,-0.363334,-0.033600,3.157701,-1.072419,-0.932314
0.298626,-0.367552,-0.036833,2.328114,-1.760011,0.051014
0.174777,-0.332174,-0.112916,1.392091,0.795570,0.082404
0.205441,-0.283916,-0.059052,2.377426,0.252110,-0.813354
0.307167,-0.279035,-0.032654,1.453624,-0.738723,1.997358
0.240626,-0.247218,-0.076301,0.953633,1.527708,3.023000
0.221138,-0.257627,-0.067366,1.765196,3.056701,1.223580
0.303908,-0.276498,-0.030255,1.087199,-0.283154,3.060455
0.216027,-0.254873,-0.058172,-0.349298,2.963338,2.082965
0.200317,-0.204697,-0.024428,1.495993,4.198677,-1.213865
0.281751,-0.194417,-0.017650,0.496760,2.362977,-1.732118
0.238709,-0.199721,-0.028751,-0.419762,2.823227,0.105784
0.139116,-0.145791,-0.056156,0.151914,3.400530,0.546213
0.213217,-0.124918,-0.026411,0.211982,0.595745,1.255654
0.218912,-0.098675,-0.029848,-1.329986,-1.005569,1.814211
0.104142,-0.099233,-0.041773,-0.690432,0.804876,0.627846
0.174773,-0.069024,-0.013445,0.376705,-0.583044,-0.700589
0.191553,-0.077437,-0.036229,-1.134543,-1.525790,-0.673715
0.084089,-0.067117,-0.023775,-0.335853,-0.817994,-2.454890
0.108422,-0.013594,-0.016790,0.021663,-1.116434,-3.544739
0.196398,0.007378,-0.012342,-1.316426,-0.498301,-3.714955
0.123758,0.037192,-0.053311,-0.486311,0.941704,-4.419000
0.070221,0.066094,-0.021553,-0.146710,1.212827,-3.457963
0.191868,0.085588,-0.025883,-1.972677,1.299881,-1.988672
0.205897,0.129297,-0.017640,-1.406703,3.410377,-1.913557
0.161003,0.183267,-0.010796,-0.473394,3.706512,-0.482612
0.246153,0.215156,-0.001281,-1.795219,2.825630,0.797744
0.256161,0.206980,0.000466,-2.075375,2.972690,3.287960
0.227250,0.274096,0.014357,-0.794400,3.620669,4.261024
0.289002,0.292520,0.001936,-1.435667,1.681001,4.585380
0.301183,0.291939,0.002179,-1.491193,0.284206,4.566966
0.221676,0.299738,0.031383,-0.209000,0.292743,5.579396
0.258932,0.341264,0.002858,-0.635954,-0.807619,6.424963
0.345270,0.322466,0.010228,-0.649618,0.427665,6.908845
0.324732,0.292241,0.025662,0.559628,-2.142455,8.046555
0.302316,0.299134,-0.009936,0.871188,-0.659476,10.169117
0.360458,0.254542,0.015335,1.333050,-0.118796,10.080240
0.316916,0.217119,0.014889,2.305531,-0.229059,10.448011
0.284551,0.185568,-0.003148,2.727672,2.126596,10.303294
0.363084,0.130016,0.009886,2.556355,2.347261,7.492203
0.373620,0.081078,0.027982,3.181499,2.428061,6.260160
0.276368,0.066859,-0.013189,3.002389,3.568223,4.084275
0.294612,-0.027364,0.002238,3.025980,4.157781,2.971215
0.363382,-0.065729,0.043544,2.648500,1.255158,4.103130
0.316978,-0.087511,-0.011187,2.418601,3.717455,4.502808
0.282946,-0.142942,-0.017118,2.436799,3.373023,3.524563
0.310551,-0.230402,0.034252,1.615829,0.600708,3.752379
0.275744,-0.252017,-0.007058,1.320055,-0.420734,4.089800
0.226025,-0.287625,-0.013547,0.493829,0.286763,1.142084
0.280310,-0.370444,-0.000263,0.702960,-1.090660,-1.733101
0.227670,-0.433319,0.001785,-0.342763,-1.516930,-1.797758
0.189715,-0.461844,-0.049907,-0.437576,0.439977,-3.908515
0.266980,-0.535663,-0.024025,-0.128482,-0.567373,-6.754739
0.293227,-0.595416,-0.038943,-0.008807,0.134100,-6.468578
0.215499,-0.622434,-0.048032,-0.492498,0.843848,-7.835039
0.238787,-0.666849,-0.069683,-0.280298,3.423628,-10.211091
0.268251,-0.707659,-0.024776,-0.393630,1.475124,-11.823670
0.221775,-0.738117,-0.051476,0.144404,3.186577,-12.463973
0.225842,-0.748959,-0.079541,-0.068157,3.548554,-13.590470
0.250932,-0.789044,-0.036219,0.680442,2.766484,-15.033386
0.179405,-0.753062,-0.077397,0.469749,2.260995,-14.897627
0.104585,-0.745945,-0.081963,-0.026428,2.324717,-16.037360
0.186029,-0.737227,-0.046142,-0.069027,0.812426,-14.135461
0.167864,-0.670902,-0.076271,0.065326,0.171402,-11.799858
0.080754,-0.630761,-0.114771,-0.149562,1.469219,-9.877802
0.097613,-0.615721,-0.090169,0.325525,-0.936530,-8.117827
0.103741,-0.558636,-0.086421,0.086308,-2.466576,-5.812298
0.046509,-0.470529,-0.134735,0.228650,-0.146627,-5.979947
0.092890,-0.449009,-0.108439,0.757931,0.262194,-7.292180
0.154261,-0.370346,-0.109023,0.525465,-0.376372,-5.419253
0.110182,-0.303883,-0.132634,0.060895,2.334962,-1.779877
0.043075,-0.241861,-0.077371,-0.383009,-8.763665,-0.739528
0.169489,-0.179964,-0.130366,0.977591,1.899963,2.694084
0.140780,-0.108453,-0.146230,0.050161,2.112839,5.734866
0.120833,-0.045030,-0.155161,0.698095,3.215761,5.893948
0.172184,0.018082,-0.118247,1.507432,1.578573,5.579038
0.154980,0.063888,-0.135401,0.651474,1.160991,6.929252
0.119474,0.123799,-0.162383,1.004077,1.802015,7.812519
0.178840,0.179916,-0.126670,1.822008,0.463604,8.675009
0.233001,0.210200,-0.129004,1.320044,-0.321769,11.371760
0.170959,0.246366,-0.174787,1.331622,1.352085,13.485433
0.200915,0.272940,-0.156343,1.933762,-0.301930,14.461460
0.257425,0.287846,-0.113885,1.841555,-3.551960,14.841242
0.212062,0.286720,-0.177338,1.657019,1.337146,13.834340
0.189095,0.291260,-0.154045,2.971071,-0.139767,10.569947
0.267164,0.277920,-0.129447,2.074536,-0.322494,9.598846
0.252771,0.268791,-0.156849,1.588000,0.091172,8.251844
0.177281,0.247265,-0.129736,2.501259,0.192107,6.549550
0.261712,0.204252,-0.139097,2.220841,1.011381,7.272441
0.263665,0.168273,-0.146000,1.345129,2.167006,6.841598
0.141033,0.123960,-0.153957,1.487130,2.653676,4.266054
0.194271,0.112180,-0.150074,1.587166,2.355897,1.644847
0.202428,0.067939,-0.135332,-0.852677,0.902177,-0.495434
0.146315,0.031254,-0.138208,-0.874787,1.918555,-1.338204
0.141742,0.011963,-0.095986,-0.508651,1.044084,-2.060436
0.149187,-0.020638,-0.116087,-1.999712,-0.380944,-0.933078
0.057196,-0.066815,-0.132142,-2.232883,1.218397,-0.447988
0.044740,-0.096794,-0.110957,-1.914739,-0.007226,0.142228
0.133976,-0.118356,-0.083148,-2.468559,-2.750579,-0.119174
0.045284,-0.188646,-0.107454,-3.370861,-0.642272,-1.333096
-0.013432,-0.233711,-0.092779,-1.890630,0.547470,-4.031600
0.069410,-0.248006,-0.094761,-1.727656,-1.150138,-5.784910
0.123383,-0.292788,-0.111515,-1.802568,2.180785,-7.070925
0.050113,-0.347808,-0.098090,-0.845265,1.344167,-8.767530
0.067956,-0.387326,-0.060591,-0.106979,0.376472,-7.713788
0.101936,-0.378128,-0.103561,-0.346705,1.913352,-5.577527
0.032542,-0.396993,-0.065689,0.182660,1.739911,-6.773652
0.116346,-0.386223,-0.054614,0.949930,2.325728,-7.379326
0.174596,-0.392627,-0.069099,0.209425,1.317947,-6.154601
0.114147,-0.405212,-0.102406,1.292292,2.806740,-4.247462
0.096884,-0.384099,-0.064980,2.091112,1.640204,-3.500403
0.185106,-0.365186,-0.065603,1.096793,0.039231,-1.389408
0.176736,-0.336592,-0.120279,1.125518,0.964878,0.484010
0.132817,-0.351078,-0.054384,2.249165,0.348020,2.009717
0.196237,-0.332900,-0.051893,2.290209,-1.435749,3.167323
0.170083,-0.340354,-0.096832,1.352449,-0.500632,4.088601
0.171750,-0.327428,-0.106089,2.733026,1.781096,3.243360
0.239500,-0.297643,-0.053383,3.020774,-0.365044,1.459634
0.192292,-0.326092,-0.051853,2.699995,-0.167208,0.808716
0.126088,-0.334833,-0.088521,2.620484,1.110327,1.270485
0.201706,-0.341654,-0.068863,3.320582,1.521678,0.931466
0.272029,-0.345012,-0.060122,3.387318,1.001189,0.804057
0.179320,-0.327214,-0.060197,2.548176,0.429903,-0.621289
0.117803,-0.350707,-0.069792,2.613201,2.797631,-3.198399
0.223439,-0.354032,-0.043089,3.015959,1.881036,-2.678635
0.224653,-0.339379,-0.059688,1.779136,1.821247,-2.648716
0.184246,-0.340751,-0.068426,1.298108,2.556854,-4.911000
0.199454,-0.333989,-0.041041,1.128590,1.308661,-5.659100
0.169610,-0.310572,-0.048344,0.645510,0.914158,-4.100652
0.174110,-0.275076,-0.076668,-0.598311,1.285267,-3.131003
0.246212,-0.284231,-0.071958,-0.859717,0.802007,-3.715164
0.231934,-0.292808,-0.052917,-0.809286,-0.950158,-3.470320
0.153999,-0.231774,-0.091649,-1.500236,-0.045909,-3.225357
0.186104,-0.187632,-0.092962,-2.553666,0.670611,-5.607985
0.227712,-0.165325,-0.049464,-2.233546,-0.113918,-6.099746
0.200212,-0.140969,-0.044806,-2.357796,-0.224585,-5.654783
0.221597,-0.112195,-0.098759,-3.087938,0.832009,-4.339316
0.219881,-0.061649,-0.086791,-2.070074,1.143692,-4.901437
0.188317,-0.046014,-0.082961,-1.825890,1.517674,-4.072602
0.235472,0.013056,-0.092529,-2.834308,1.907650,-2.992007
0.274159,0.047302,-0.110238,-2.009004,3.764578,-2.737841
0.234097,0.081538,-0.104842,-1.064151,2.582260,-2.148680
0.216365,0.118091,-0.088702,-1.120691,0.565028,-0.167936
0.299414,0.190226,-0.121329,-1.298540,3.072634,1.385939
0.312262,0.229333,-0.118388,-0.489294,2.765338,3.948532
0.283278,0.282039,-0.127582,0.811486,1.418455,5.916990
0.271989,0.302262,-0.101054,0.077763,1.444958,7.769480
0.290906,0.334903,-0.121457,0.063251,0.434676,9.469113
0.301692,0.357617,-0.112759,1.652483,0.425370,8.339944
0.293850,0.372592,-0.109962,1.660788,-0.644235,8.734346
0.246560,0.390655,-0.122747,1.495330,-0.484788,8.939156
0.232124,0.389894,-0.121703,1.808602,-0.239153,9.844140
0.276782,0.395398,-0.085492,2.733738,-1.370770,10.385418
0.332209,0.384786,-0.110812,1.658155,0.241537,11.737134
0.275994,0.345594,-0.133615,1.740883,2.040569,10.979731
0.220169,0.294499,-0.126768,2.652077,1.304689,10.263571
0.278915,0.306221,-0.137459,2.179134,1.922139,9.212505
0.272620,0.269287,-0.130730,1.266695,1.840492,6.728258
0.243278,0.202404,-0.129841,1.703830,2.568031,5.446951
0.236434,0.177681,-0.128206,0.982741,2.337689,7.135445
0.237970,0.136355,-0.149296,0.493497,3.496006,8.140059
0.249964,0.083071,-0.131180,0.146888,2.165821,7.229475
0.235512,0.001663,-0.101221,0.158636,-0.253106,6.119506
0.243183,-0.046526,-0.172201,-0.376713,1.062327,5.099098
0.197659,-0.133797,-0.150277,-0.498945,0.414394,2.908037
0.193601,-0.195031,-0.134256,0.001621,-0.395141,-0.053818
0.179027,-0.264408,-0.146745,-0.462890,-0.683651,-3.245809
0.180724,-0.319707,-0.171324,-0.845337,-0.683490,-5.462469
0.132128,-0.392538,-0.128610,0.487494,-0.686014,-7.669001
0.103052,-0.461962,-0.167677,0.248923,-0.752651,-8.234713
0.089364,-0.525398,-0.171771,-0.430102,0.100878,-9.833657
0.103755,-0.585782,-0.150674,0.381592,0.814471,-10.227868
0.112551,-0.596148,-0.158184,0.294815,1.511139,-11.443023
0.027687,-0.628362,-0.143361,-0.212371,1.264289,-13.618977
0.054190,-0.664328,-0.149657,0.188549,2.905315,-13.592601
0.086617,-0.668982,-0.130136,0.101486,2.015823,-12.638563
0.076638,-0.662575,-0.167159,-0.387283,2.927228,-11.792551
0.044654,-0.661872,-0.156757,-0.263459,2.684528,-11.763039
0.026335,-0.673433,-0.146089,0.544329,1.991179,-10.157618
0.069000,-0.626192,-0.179061,-0.588404,1.370194,-8.829155
0.054029,-0.611520,-0.163046,-0.369410,0.369172,-9.541133
0.017597,-0.584180,-0.153773,0.067361,-0.932430,-8.672111
-0.017394,-0.530585,-0.166916,-0.740250,-2.426583,-6.826686
-0.004625,-0.476300,-0.199720,-0.275585,-0.567341,-5.662572
-0.001625,-0.429702,-0.186607,0.341294,-2.596603,-4.741060
-0.023066,-0.389837,-0.156862,-0.081038,-2.525758,-2.362891
-0.037896,-0.340052,-0.187014,0.110437,-1.200300,-0.014816
-0.036094,-0.323630,-0.149384,1.655011,-1.405593,1.766705
-0.016041,-0.280604,-0.169624,1.627432,-0.160673,3.365669
-0.033888,-0.251022,-0.174958,1.683666,0.640534,1.850518
-0.043512,-0.235145,-0.165087,2.569974,2.073151,1.494455
-0.016317,-0.171597,-0.154016,3.556590,2.382527,1.574237
-0.034229,-0.142653,-0.160154,2.963181,2.272654,1.638464
-0.048390,-0.119216,-0.179698,2.706697,2.879738,1.519209
-0.036452,-0.080493,-0.124087,3.444333,0.815137,4.069907
0.001060,-0.009425,-0.156688,2.789530,1.048515,6.233550
-0.022564,0.012597,-0.171206,1.951372,0.988554,6.057483
-0.014190,0.033883,-0.173638,2.174187,-0.772090,6.522096
0.038188,0.079096,-0.162544,1.461291,-0.457169,8.869542
0.063331,0.140510,-0.185642,0.388695,-1.289779,8.558032
-0.002029,0.135633,-0.146069,0.232372,-3.073903,6.998623
-0.028945,0.143960,-0.140449,0.209221,-2.955315,6.467662
-0.013977,0.142696,-0.156471,-0.526767,-2.882779,6.510983
0.048829,0.148221,-0.171163,-0.671575,-1.553018,5.481113
0.035388,0.128615,-0.136622,-0.215283,-1.335248,4.863725
0.007379,0.103051,-0.146236,-1.322118,-0.509754,3.947353
0.032125,0.096102,-0.185662,-1.200560,2.453661,3.283332
0.063551,0.056004,-0.130113,-0.332328,1.817885,1.931192
0.077078,0.063347,-0.125915,-0.926627,1.889052,-0.655367
-0.000253,0.033966,-0.134942,-1.485114,2.477153,-3.343344
-0.009089,0.044440,-0.116054,-0.390342,2.477616,-4.530212
-0.017410,0.062713,-0.091827,-1.439761,0.445830,-4.736543
-0.005666,0.070335,-0.107024,-2.357474,1.230066,-4.138184
-0.035533,0.042365,-0.088705,-1.523413,0.178784,-2.322953
-0.040299,0.044791,-0.067313,-1.053999,-0.594411,0.901351
-0.040584,0.045385,-0.051968,-1.297838,-1.877631,2.765517
-0.031272,0.024627,-0.074620,-1.727522,-0.566304,2.468930
-0.040683,0.017061,-0.055602,-1.314286,-2.232820,0.845327
-0.045409,-0.007528,-0.025899,-0.184684,-2.502174,-1.052852
-0.053313,0.007831,-0.035901,-0.398801,-1.575539,-2.023794
-0.050852,0.002743,-0.050094,-0.641554,0.472650,-1.651106
-0.041523,-0.015668,-0.018008,0.642100,-0.498702,-0.618083
-0.017692,-0.018990,0.005347,0.701039,0.336213,2.714683
-0.039888,-0.031831,-0.037808,0.235570,1.192968,3.639169
-0.078473,-0.066753,-0.021277,0.748257,2.428140,2.166965
-0.026952,-0.059847,0.015237,1.685925,2.137602,1.499039
0.004451,-0.046139,0.015509,1.079416,1.637102,0.192037
0.006115,-0.053413,0.009269,1.113560,2.332168,-1.281886
-0.022774,-0.068240,0.041749,1.204073,0.268010,0.196140
-0.006680,-0.080844,-0.004225,0.719500,1.331366,3.567642
0.006847,-0.085440,-0.011446,0.195905,0.321878,5.408454
-0.000863,-0.123897,0.046187,1.413470,-1.024141,6.431791
-0.037390,-0.148532,0.075029,1.591309,-5.116140,6.092498
-0.013671,-0.177171,0.016198,1.440011,-1.609187,5.251653
0.001651,-0.177332,0.010155,1.730924,-1.736250,1.938668
0.024871,-0.227576,0.012571,2.151073,-1.730811,0.077155
0.026653,-0.261635,-0.012214,1.223958,-0.930145,-1.314067
0.045669,-0.290097,-0.031456,1.188393,-0.035182,-1.471736
0.057594,-0.312050,0.021220,2.526876,0.204600,-1.959250
0.047037,-0.338624,-0.013957,1.306291,0.161150,-2.090504
-0.002994,-0.379054,-0.020808,0.936380,0.979535,-4.077608
0.010786,-0.412476,0.007444,1.954573,1.726457,-5.901236
0.029949,-0.423472,-0.001241,1.702075,2.424986,-8.135369
-0.011896,-0.440383,-0.036393,0.584641,2.025293,-10.218290
-0.040666,-0.449216,-0.017680,0.337762,1.664783,-11.261968
-0.037062,-0.436841,-0.002059,-0.014233,-0.842458,-9.811882
-0.002449,-0.415683,-0.051010,-0.734108,1.096114,-8.070538
-0.034577,-0.416802,-0.040046,-1.327760,1.172959,-8.042398
-0.055165,-0.403636,-0.022922,-1.369867,-0.480684,-6.450379
-0.030957,-0.360521,-0.030327,-2.002199,-0.913100,-5.700663
-0.001510,-0.340459,-0.055267,-2.616239,-0.724701,-7.463399
-0.008469,-0.303952,-0.046047,-1.816046,-0.442513,-9.850248
-0.034331,-0.273757,-0.069470,-2.285303,-0.808091,-9.886316
0.004392,-0.211840,-0.091298,-2.279126,0.145805,-8.794616
0.005593,-0.169345,-0.095467,-2.260449,-0.645404,-7.629058
0.001717,-0.135901,-0.065643,-1.908447,-1.439797,-6.157604
-0.005731,-0.077079,-0.117318,-1.941993,0.457715,-4.004305
0.025209,-0.032760,-0.150100,-1.083170,2.608838,-2.053719
0.047293,0.027939,-0.146555,-0.472288,3.189127,-0.982298
0.025951,0.076798,-0.149867,-0.463258,1.491365,-1.037477
0.036583,0.164643,-0.222389,-0.675215,1.489858,1.007788
0.027270,0.213502,-0.192863,-0.354104,0.990258,2.757511
0.051931,0.264944,-0.195798,0.583846,-0.067347,5.028706
0.034925,0.321389,-0.248783,0.510605,0.511413,8.594431
0.039990,0.352592,-0.257649,0.653138,0.537413,10.420764
0.088288,0.391545,-0.247056,1.494864,-1.562927,12.871998
0.089492,0.418608,-0.286607,1.430876,-0.153245,12.881536
0.075086,0.425751,-0.324476,1.939145,0.249510,11.009567
0.069853,0.430717,-0.306383,2.561380,-1.304048,9.914874
0.106955,0.429145,-0.305815,2.938769,-1.284222,9.759733
0.112798,0.439527,-0.316690,2.342530,-0.585887,9.083567
0.044687,0.399350,-0.279494,2.793265,-0.564814,9.107134
0.025472,0.385653,-0.281975,2.335187,-1.396816,10.919654
0.024027,0.361395,-0.271205,1.351976,-0.907385,11.190495
0.051107,0.323470,-0.276145,1.902720,1.150966,9.559629
0.026525,0.284442,-0.264739,1.443129,0.098479,8.452437
0.013094,0.244918,-0.285090,-0.244881,0.762460,6.862781
0.010218,0.212435,-0.315118,-0.299255,1.576173,4.906707
-0.004904,0.165778,-0.290142,-0.014365,0.891995,3.556174
-0.024920,0.124459,-0.292318,-1.172006,0.587523,2.856319
-0.014833,0.046938,-0.298735,-2.269197,1.202638,2.463845
-0.040732,-0.009963,-0.271862,-1.358091,-0.797460,1.504530
-0.092870,-0.049133,-0.301916,-1.954821,-1.053349,1.468807
-0.122625,-0.135792,-0.304184,-2.529465,-0.723463,-1.135454
-0.067050,-0.193140,-0.329045,-2.130537,-0.721254,-3.792236
-0.122422,-0.210428,-0.304345,-1.508942,-1.926858,-6.292159
-0.183259,-0.261411,-0.334268,-1.681020,-1.909645,-8.164843
-0.183948,-0.360190,-0.314671,-2.687902,-1.625990,-9.132551
-0.148031,-0.361568,-0.305704,-0.756173,-0.814617,-7.883143
-0.176986,-0.380354,-0.291346,-0.615885,-1.867373,-6.390375
-0.153730,-0.444742,-0.328438,-0.651808,-0.112287,-7.448272
-0.198374,-0.500938,-0.286170,-0.722003,-0.593262,-8.686290
-0.226744,-0.501318,-0.275262,0.896702,1.006299,-9.488876
-0.177889,-0.499634,-0.278184,0.192642,0.624512,-10.585322
-0.149962,-0.500691,-0.283285,0.222699,2.147439,-11.865361
-0.248921,-0.472699,-0.249426,0.820398,1.225245,-11.669566
-0.225310,-0.469072,-0.244106,1.195210,0.828237,-8.266309
-0.143321,-0.445911,-0.258745,0.202722,0.566538,-4.421216
-0.186836,-0.438765,-0.247933,0.598588,0.326454,-1.690582
-0.229712,-0.415647,-0.216136,1.547859,-0.077164,0.006717
-0.176904,-0.397275,-0.205537,0.731960,-1.800523,0.982404
-0.203436,-0.360085,-0.215493,0.784547,-2.568949,-0.043504
-0.273759,-0.348964,-0.193960,1.579997,-1.995339,-1.630594
-0.255554,-0.345596,-0.168964,1.766413,-2.774564,-1.981729
-0.191599,-0.302530,-0.180262,0.866270,-2.656954,-0.300851
-0.270545,-0.249168,-0.157229,1.839625,-1.961314,0.177832
-0.268572,-0.262150,-0.128922,2.147534,-2.561242,1.428471
-0.189046,-0.248469,-0.136858,0.825578,-1.438408,3.712003
-0.199027,-0.219340,-0.129821,2.210593,0.606016,5.113633
-0.260760,-0.200512,-0.077814,2.319229,-0.106375,3.997107
-0.226042,-0.197289,-0.096186,1.604556,0.827390,2.687529
-0.215676,-0.172191,-0.091219,1.507442,0.449683,0.846754
-0.249186,-0.142869,-0.036373,2.164357,0.985246,0.958041
-0.199743,-0.121543,-0.039603,1.332075,0.035551,1.340275
-0.207060,-0.129631,-0.069706,0.523512,0.838114,1.763460
-0.254658,-0.103828,-0.035369,1.153451,-0.081392,3.394762
-0.196740,-0.070537,-0.025518,1.575592,-0.581898,4.150492
-0.129781,-0.080526,-0.048758,-0.000454,-1.597485,4.101802
-0.205382,-0.091624,-0.036761,0.515920,-1.180566,2.489200
-0.256112,-0.098051,-0.032503,0.822850,-2.114656,0.252749
-0.164742,-0.051700,0.009637,-0.065781,-4.977766,-1.890239
-0.158243,-0.039532,-0.026634,-0.978722,-2.303130,-2.796029
-0.235600,-0.031283,-0.027626,0.098341,-1.930327,-4.238816
-0.198752,-0.031496,0.007625,-0.162239,-1.404586,-2.784288
-0.121542,-0.020467,0.013507,-1.131287,-1.247091,0.127896
-0.208766,0.001181,-0.020023,-1.827794,0.556077,-0.841587
-0.210260,0.006941,0.006433,-0.947792,1.621986,-3.285268
-0.115378,0.011386,0.025931,-1.227501,0.324271,-3.810558
-0.148107,0.039286,0.028212,-1.847350,0.267268,-3.201877
-0.195371,0.027040,-0.017309,-2.040473,1.655027,-3.797256
-0.085422,0.067250,-0.035517,-0.182784,9.566559,-2.934371
-0.156894,0.093332,0.027227,-1.858563,-0.646796,-1.647987
-0.180268,0.168782,-0.017919,-2.689854,-0.191426,0.722855
-0.160931,0.156076,0.006249,-2.419726,-1.763806,1.573821
-0.157951,0.160205,0.033297,-1.985909,-4.808908,4.095290
-0.204460,0.193643,0.007687,-1.745854,-2.873254,5.853133
-0.150802,0.237132,-0.029109,-1.637531,-1.767134,4.206462
-0.118066,0.238002,-0.025141,-1.104046,-1.867439,3.334968
-0.174327,0.203792,-0.003418,-0.259832,-1.475257,4.689784
-0.165757,0.211779,-0.015050,0.396885,-1.524057,4.973358
-0.102566,0.205187,-0.037023,0.415877,-0.893343,5.511876
-0.152361,0.196912,-0.032575,1.568167,1.001044,5.204993
-0.178929,0.202768,-0.030232,2.114444,0.868181,5.295440
-0.076872,0.217871,-0.024310,1.099120,-0.283742,5.742165
-0.071196,0.179309,-0.049345,1.509733,1.154787,6.797430
-0.159678,0.153072,-0.040952,2.409998,1.440031,6.443385
-0.111705,0.140862,-0.047757,2.080766,0.745828,7.588931
-0.041559,0.149655,-0.071082,1.248415,-0.331192,7.373782
-0.130503,0.099394,-0.064336,2.081225,0.322594,5.857737
-0.126912,0.072492,-0.073077,2.227763,-0.621344,5.084309
-0.092857,0.014717,-0.048863,1.391326,-2.440271,4.887748
-0.127976,-0.009720,-0.097210,0.663583,-1.808926,4.250574
-0.124752,-0.050859,-0.086864,2.059942,-0.959605,2.095919
-0.072302,-0.102295,-0.086509,0.778281,-2.943045,1.460171
-0.166725,-0.162918,-0.118286,0.457617,-2.296536,0.303846
-0.202444,-0.216701,-0.108203,1.242225,-1.293731,-1.074490
-0.073546,-0.241011,-0.108790,0.531632,-1.780461,-3.554820
-0.089575,-0.296629,-0.154961,-0.195572,-0.025223,-5.941337
-0.199034,-0.342717,-0.156373,0.073755,1.131941,-8.152409
-0.118046,-0.376727,-0.150064,0.314266,1.134662,-8.997337
-0.107585,-0.408698,-0.152089,-1.246074,1.081845,-8.779793
-0.204611,-0.421335,-0.192542,-0.419818,3.325427,-10.244330
-0.171028,-0.444138,-0.152230,-0.925186,1.306163,-11.915761
-0.118447,-0.413460,-0.190050,-1.879998,0.732488,-11.017458
-0.264128,-0.439730,-0.183597,-1.887472,1.129361,-11.522451
-0.217941,-0.430122,-0.182045,-1.619671,-0.667544,-11.473824
-0.141263,-0.408373,-0.158398,-2.565299,-2.494014,-8.191767
-0.246229,-0.382294,-0.182383,-3.103583,-1.871614,-6.745609
-0.309399,-0.361687,-0.201861,-1.440873,-1.982190,-7.613772
-0.198223,-0.352194,-0.178070,-1.755909,-3.619828,-5.352619
-0.242694,-0.315371,-0.191741,-2.053298,-2.166637,-4.769466
-0.291950,-0.279665,-0.202809,-0.389551,-0.604403,-6.594474
-0.156582,-0.231659,-0.184595,0.194126,3.094928,-6.948953
-0.210093,-0.208869,-0.192404,-1.055541,-0.621353,-5.156345
-0.256647,-0.119403,-0.237876,0.639552,1.995239,-4.481703
-0.168530,-0.101251,-0.160610,0.901583,0.365003,-3.279646
-0.157619,-0.061993,-0.183295,0.240516,0.626525,-0.292341
-0.306137,0.008750,-0.205169,0.399727,1.356496,1.474891
-0.185418,0.089426,-0.168455,1.713861,0.986011,2.456870
-0.109801,0.136135,-0.162251,0.893836,-0.335696,4.212319
-0.240114,0.181869,-0.196438,0.823520,0.559254,6.292188
-0.222379,0.224514,-0.188600,1.440950,0.274270,7.619564
-0.131600,0.237946,-0.147930,1.496292,-2.596173,11.176295
-0.219943,0.298274,-0.168232,1.160876,-2.372091,13.075890
-0.253135,0.327481,-0.171590,1.799064,-2.042298,11.429778
-0.145514,0.307452,-0.134761,1.663138,-4.452359,12.081170
-0.241633,0.293173,-0.131633,1.641684,-3.245302,13.397316
-0.278098,0.325873,-0.152860,2.535974,-1.773791,10.999151
-0.153224,0.259249,-0.105892,1.617627,-2.095815,9.064954
-0.162254,0.226018,-0.098054,2.169205,-1.185395,8.446283
-0.286997,0.257703,-0.105971,1.782185,0.148641,5.662372
-0.206534,0.221508,-0.119714,1.351441,-0.342540,3.732710
-0.221276,0.138508,-0.066286,0.608553,-0.231912,4.056559
-0.268579,0.136030,-0.091121,1.834639,1.159471,4.487336
-0.213464,0.115623,-0.073550,0.588484,0.471580,4.401603
-0.193401,0.036211,-0.066821,-0.506268,-0.629235,3.164994
-0.341210,-0.007810,-0.046887,0.087013,-0.737374,1.400612
-0.240383,-0.018757,-0.044353,-0.745833,-0.042656,0.373923
-0.103193,-0.091952,-0.037483,-1.330833,-1.275389,-0.231047
-0.218801,-0.160690,-0.042593,-1.130410,-1.490641,-1.340017
-0.322424,-0.179038,-0.034430,-0.458213,-3.311351,-2.144623
-0.213907,-0.233222,-0.057876,-2.133024,-2.395002,-1.757191
-0.218716,-0.252650,-0.026536,-1.845296,-2.934711,-2.403533
-0.264407,-0.248629,-0.029625,-0.887362,-1.818271,-4.185370
-0.241020,-0.323761,-0.029726,-1.975077,-2.563575,-5.535653
-0.283826,-0.368941,-0.035018,-2.456706,-1.894874,-6.269682
-0.325162,-0.324703,-0.023792,-0.621767,-0.666300,-7.998134
-0.238128,-0.365744,-0.027671,-1.242761,-1.599809,-9.207241
-0.180908,-0.397619,-0.034456,-2.040955,0.277670,-7.948329
-0.280265,-0.399139,-0.017598,-0.702262,1.453584,-6.513137
-0.298643,-0.392932,-0.020673,0.224390,1.422201,-5.283027
-0.218689,-0.431389,0.007303,-0.654883,-0.828961,-4.427457
-0.234681,-0.399402,-0.017811,-0.494730,0.726629,-3.755001
-0.299477,-0.352099,0.009620,1.508194,0.206635,-5.011090
-0.241502,-0.337774,-0.010724,0.422206,-1.038735,-2.471637
-0.277885,-0.349522,0.004782,0.222253,-2.181910,-0.738417
-0.326360,-0.318020,-0.017043,1.930877,-1.514886,0.732383
-0.251707,-0.282878,0.009414,2.313511,-3.980597,2.086026
-0.224699,-0.287691,-0.005689,1.060644,-3.396990,4.147645
-0.300504,-0.261625,-0.061461,2.402163,-2.371674,3.742905
-0.308933,-0.262252,-0.026066,2.917364,-2.296421,2.279351
-0.212548,-0.249736,0.015118,2.533178,-4.407551,2.031505
-0.291412,-0.225058,-0.027570,2.254187,-2.058520,0.509627
-0.353430,-0.215933,-0.046739,3.353003,-0.283394,-0.618670
-0.255922,-0.217873,-0.019334,3.376289,1.038549,1.579331
-0.254248,-0.219097,0.002008,2.109376,-0.917918,4.262913
-0.343110,-0.210159,-0.036852,2.390372,1.247788,3.906891
-0.303944,-0.233514,0.008320,3.176303,0.755035,2.514586
-0.248188,-0.220305,-0.014959,1.169870,-0.009362,2.837766
-0.291546,-0.173061,-0.024517,1.233008,1.891363,0.604882
-0.254842,-0.169011,-0.011085,1.321512,0.801981,-1.269015
-0.224361,-0.189936,-0.016252,0.198025,-1.309513,0.031330
-0.295160,-0.182603,-0.061425,-0.619102,0.010979,2.722818
-0.261840,-0.135782,-0.055103,-0.122318,-0.857075,1.827191
-0.169243,-0.171216,-0.009979,-0.451723,-3.694139,1.131644
-0.243931,-0.187287,-0.083148,-1.245791,-2.608660,0.293029
-0.310131,-0.180158,-0.087008,-0.408786,-2.637312,-2.933180
-0.173431,-0.169677,-0.069765,-0.592455,-3.309011,-4.530905
-0.158030,-0.177926,-0.049319,-1.459248,-2.828416,-4.741119
-0.237688,-0.156311,-0.102889,-1.266681,-0.693446,-5.669184
-0.194675,-0.133957,-0.077935,-0.641934,-0.921687,-5.263572
-0.183505,-0.156777,-0.053773,-1.059995,-1.533874,-3.427723
-0.232787,-0.109241,-0.077023,-1.158183,0.218563,-3.958860
-0.196257,-0.078084,-0.071495,-1.439879,1.036160,-5.729309
-0.139871,-0.064544,-0.045850,-1.261147,0.477456,-5.972884
-0.263130,-0.025811,-0.042643,-1.890872,-0.438433,-5.331186
-0.250880,0.034133,-0.080066,-1.332674,1.537335,-5.805437
-0.183741,0.051947,0.016586,-2.679600,-11.917885,-3.564035
-0.172282,0.078928,-0.057663,-1.761193,-0.448674,1.902647
-0.274189,0.143333,-0.065009,-0.903443,-1.294618,2.732498
-0.215390,0.147876,-0.099580,-0.971577,-1.762122,3.742236
-0.206314,0.115557,-0.068909,-0.400570,-1.044778,3.967320
-0.239864,0.194579,-0.073685,0.335421,-2.153235,2.504746
-0.160777,0.258839,-0.107523,0.340775,-1.737714,0.198613
-0.175240,0.194060,-0.072290,-0.331206,-2.767461,2.172292
-0.263626,0.256187,-0.067944,0.224764,-1.592394,4.789011
-0.178926,0.331568,-0.070232,1.304748,-1.022438,7.566841
-0.100584,0.308604,-0.069848,0.416905,0.149767,10.685159
-0.232249,0.263392,-0.031797,0.545740,-0.801904,12.266992
-0.214928,0.311870,-0.046096,1.710504,0.216404,10.681964
-0.119405,0.273682,-0.028850,0.661207,-0.401302,7.759331
-0.168051,0.209195,0.001736,1.156960,0.678259,4.517601
-0.200016,0.245043,-0.058517,1.959877,1.357993,1.582219
-0.086958,0.218698,-0.051315,1.799989,0.708697,1.603987
-0.083171,0.151454,-0.045617,0.992027,0.178459,3.815230
-0.179458,0.168920,-0.024474,1.693796,0.449151,5.735780
-0.098513,0.163422,-0.027268,1.447813,-1.079605,8.318831
-0.046145,0.051904,-0.015218,-0.012221,-1.734628,10.571453
-0.137941,0.008674,-0.013701,1.289370,-1.601837,8.398093
-0.097104,0.030286,-0.047622,2.003911,-2.664606,4.355527
-0.043102,-0.114299,-0.005643,-0.260748,-3.567601,0.390012
-0.118864,-0.181267,-0.008226,0.692262,-1.234496,-2.950403
-0.129230,-0.144796,0.002110,2.268262,-1.083396,-5.838802
-0.015290,-0.229240,0.018414,0.361337,-1.594678,-5.175264
-0.047110,-0.338001,0.007336,-1.035157,-0.163683,-4.258922
-0.110786,-0.319701,0.038660,1.056892,1.229318,-5.275022
-0.008374,-0.339373,0.026052,0.194733,1.281588,-5.983160
-0.006240,-0.450903,0.020131,-1.481821,1.189496,-7.200537
-0.067451,-0.461345,0.026961,-0.595901,2.645382,-10.723035
0.005147,-0.427756,0.042215,0.484038,1.561054,-12.934827
0.005475,-0.486429,0.035430,-2.139582,1.078503,-12.719702
-0.098129,-0.514983,0.018910,-1.598732,1.156297,-13.272781
-0.064861,-0.456158,0.038719,-0.123758,-0.536364,-11.573147
0.003161,-0.468185,0.059586,-2.372202,-1.338973,-8.200892
-0.076113,-0.478814,0.037790,-2.633816,-1.204882,-6.964126
-0.122343,-0.409686,0.032184,-0.544147,-1.709426,-6.347443
-0.068738,-0.431675,0.075715,-1.545530,-2.601015,-4.417545
-0.102297,-0.415230,0.021618,-2.527281,-2.302021,-3.946899
-0.157574,-0.328061,0.050149,-0.208462,-0.973460,-6.381986
-0.095900,-0.305209,0.074153,-0.611860,-2.720436,-4.695484
-0.092516,-0.297121,0.040505,-1.576651,-0.419677,-3.513675
-0.155877,-0.231390,0.048675,0.719628,1.345008,-3.132973
-0.090625,-0.171407,0.068921,1.093832,0.801810,-0.702490
-0.062429,-0.166982,0.056743,-0.013360,1.123486,1.781290
-0.135982,-0.121143,0.044542,1.415968,2.445770,2.745130
-0.099934,-0.038970,0.069751,2.946424,2.044837,3.060214
-0.077919,-0.026113,0.055013,1.575691,0.558266,5.271909
-0.143354,-0.023297,0.036356,2.091034,0.686038,5.516246
-0.151787,0.029531,0.061036,4.104543,0.319817,6.203628
-0.105704,0.041315,0.048691,3.030999,-1.813637,7.772838
-0.138102,0.059418,0.010168,2.992368,-0.267648,7.958341
-0.218315,0.068572,0.052446,3.784584,-2.503802,8.073534
-0.155240,0.071293,0.068698,3.667464,-4.930798,9.760249
-0.180377,0.054799,0.039888,2.136400,-3.920998,10.260771
-0.232810,0.066262,0.015795,3.206156,-1.673125,9.053496
-0.197695,0.064535,0.044795,3.132292,-2.299657,8.164008
-0.158420,0.038161,0.047004,1.671981,-1.330980,8.007820
-0.241085,0.050765,-0.001445,1.104425,-0.081465,6.352074
-0.253175,0.016890,0.022363,1.562942,0.557987,5.077228
-0.179254,-0.070068,0.047552,1.095467,0.389421,5.045279
-0.227608,-0.080647,0.004828,0.262945,1.168179,3.344055
-0.302936,-0.110619,0.012936,0.430300,1.008075,0.089824
-0.266514,-0.184747,0.043804,-0.378958,-0.388031,-1.460286
-0.268815,-0.230888,0.018703,-0.367158,-0.293395,-1.714770
-0.317747,-0.221343,-0.010334,-0.816534,-0.269433,-3.975912
-0.258564,-0.257889,-0.019354,0.104528,2.839262,-6.055149
-0.307532,-0.317466,0.019937,-1.692541,-3.375828,-4.698848
-0.343123,-0.304063,0.001654,-1.584473,-2.881289,-2.610863
-0.323445,-0.323620,0.004900,-1.548675,-3.051756,-1.652387
-0.268028,-0.423764,0.012466,-1.057317,-3.268498,-0.452926
-0.350368,-0.452341,-0.005266,-0.725236,-2.707405,-1.261543
-0.341997,-0.459290,-0.030727,-0.248127,-0.505598,-4.070904
-0.280691,-0.466531,-0.019636,-0.477461,-2.055841,-9.012543
-0.333132,-0.478978,0.039530,-0.351491,-1.666439,-12.392636
-0.362109,-0.423987,0.003889,-0.295817,0.008717,-12.427204
-0.313903,-0.415016,-0.002659,-0.177010,0.053733,-10.150484
-0.303977,-0.439684,0.004933,-0.394691,0.002093,-5.600471
-0.355685,-0.398588,0.008389,0.831605,0.782037,-3.041073
-0.320826,-0.391396,0.017734,0.069810,0.360332,-0.612018
-0.272390,-0.382888,0.019523,-0.324240,0.435946,0.078996
-0.369166,-0.337390,0.020725,1.136612,-0.152171,-1.945080
-0.357254,-0.279570,0.007457,1.494198,-1.142352,-2.883405
-0.316864,-0.295234,0.017905,0.350413,-3.365173,-2.041209
-0.371631,-0.286023,0.012857,0.891956,-2.462043,-0.139680
-0.396890,-0.210307,0.031557,3.018808,-4.901246,2.564436
-0.324522,-0.250313,0.018716,1.772535,-3.074904,5.299057
-0.335485,-0.251154,-0.001829,1.477723,-3.074549,6.341999
-0.416315,-0.201740,0.029010,3.227817,-3.617103,4.117488
-0.344876,-0.161395,0.013589,2.992283,-2.442309,2.824067
-0.337287,-0.181701,-0.001028,1.180380,-1.747824,2.173284
-0.420310,-0.152378,0.015978,2.510736,-1.021315,2.668366
-0.380832,-0.088913,0.019468,2.995939,-0.910287,3.121018
-0.327975,-0.145784,-0.008282,1.579521,-0.275900,4.185432
-0.405283,-0.166237,-0.001658,2.025155,1.127497,3.468930
-0.418442,-0.127396,0.014498,2.777450,-0.240886,1.637309
-0.317048,-0.132487,-0.010879,1.027396,-0.182738,-0.411841
-0.380349,-0.174240,0.026975,0.448104,-0.525700,-2.852348
-0.394395,-0.113866,0.010126,1.170293,-0.502618,-3.504202
-0.305595,-0.097063,0.012673,0.349346,-1.502373,-1.282445
-0.307207,-0.180742,0.012709,-0.873313,-2.001438,1.273299
-0.383491,-0.150800,0.010326,0.023524,-3.412752,2.030875
-0.303419,-0.121185,0.018240,0.106340,-2.530232,1.435083
-0.228648,-0.170173,0.013418,-2.205100,-2.730221,-0.108768
-0.301577,-0.145361,-0.001405,-1.141462,-1.839322,-4.646899
-0.268691,-0.089750,0.014856,-0.545998,-2.966652,-8.013956
-0.174038,-0.129057,0.012056,-2.724054,-2.578704,-7.606797
-0.235820,-0.132756,-0.003930,-2.278453,-0.770412,-6.549049
-0.220445,-0.018196,0.004053,-0.815355,-0.424424,-5.537612
-0.142005,-0.041156,0.035194,-2.469146,-0.381213,-3.557827
-0.172003,-0.079830,0.017344,-3.714572,0.337522,-1.817662
-0.209203,0.031661,0.023600,-0.680496,1.653271,-2.524107
-0.126469,0.044158,0.051304,-1.126662,-1.695528,-3.809361
-0.114150,0.001535,0.010113,-2.849643,0.597150,-3.397020
-0.209351,0.036178,0.034547,-0.820262,1.656865,-3.930813
-0.106210,0.123228,0.018401,0.844344,0.714487,-2.541378
-0.077748,0.086626,0.032187,-1.945486,-0.519650,0.108024
-0.146387,0.116660,0.015857,-0.524420,0.065615,0.641721
-0.113865,0.186169,0.071987,1.763056,-2.146292,1.183714
-0.010753,0.171858,0.049417,-0.501065,-0.998469,2.997519
-0.128901,0.128730,0.045192,0.218304,-1.401422,2.099035
-0.117643,0.216351,0.043784,2.811076,-1.304708,2.727221
-0.013140,0.216948,0.070897,0.871562,-2.973358,5.791731
-0.044146,0.179013,0.054711,0.442587,-1.143642,6.384021
-0.109404,0.254444,0.064329,3.045054,-0.146736,5.488153
-0.020135,0.221610,0.069505,1.776166,-1.333741,6.699929
-0.011932,0.153263,0.045619,0.362295,0.988456,7.169210
-0.048853,0.211116,0.063593,2.088949,1.377934,5.005442
0.012427,0.227259,0.096792,2.156512,-0.159708,4.273311
0.030208,0.114517,0.079241,-0.541574,0.161216,5.299200
-0.078930,0.083468,0.080189,0.988236,1.265563,4.358520
0.013268,0.151887,0.087700,2.121485,0.873876,4.752282
0.107920,0.059162,0.095522,-0.273438,0.972645,6.221839
0.012408,-0.012773,0.071163,-0.562246,0.983838,5.864374
-0.006138,0.035193,0.088789,1.895200,0.695978,4.177439
0.086623,-0.058369,0.073080,0.031228,-0.444476,3.403492
0.053730,-0.171791,0.085625,-0.320255,-0.104507,-0.704256
0.033665,-0.139465,0.087739,1.579394,0.114533,-3.733151
0.137107,-0.198162,0.082809,0.290236,-0.682492,-4.201103
0.121073,-0.318559,0.091957,-0.939638,-0.559551,-4.468968
0.078949,-0.287333,0.068438,0.991066,0.357306,-6.260033
0.131800,-0.290661,0.071829,0.856765,0.058029,-7.211968
0.186856,-0.412735,0.082497,-1.062539,0.091149,-5.745379
0.084342,-0.398059,0.090309,0.056815,0.938100,-7.765424
0.087529,-0.345678,0.070280,1.101349,1.208032,-8.123857
0.186364,-0.431888,0.072984,-0.548896,1.815847,-7.804971
0.110506,-0.468697,0.118220,-0.809883,0.981819,-7.157419
0.068284,-0.389660,0.089863,1.061770,1.577372,-9.089649
0.141752,-0.454035,0.108527,-0.775096,0.827072,-9.186544
0.130451,-0.534576,0.126780,-1.470428,1.023857,-8.359871
0.042658,-0.406423,0.122848,0.179063,-0.468986,-8.540280
0.088947,-0.369591,0.107890,-0.282576,-0.055444,-7.519382
0.071547,-0.462927,0.122782,-1.370261,-0.502316,-5.562929
-0.028833,-0.411993,0.114898,0.613684,0.159250,-4.871069
0.002567,-0.299849,0.094261,1.054151,-0.168659,-3.761546
0.024756,-0.384838,0.120321,-0.499200,-1.413363,-2.123289
-0.070323,-0.355759,0.128126,0.589913,-0.333552,-2.226675
-0.097058,-0.248291,0.094225,1.844687,0.106314,-1.926104
-0.051308,-0.255427,0.095410,0.674662,-0.449262,-0.442279
-0.139405,-0.286571,0.154445,0.499511,-1.094566,0.643265
-0.179500,-0.164389,0.107224,2.624568,0.341087,1.539119
-0.150543,-0.157276,0.114694,1.448119,1.359930,3.722775
-0.152013,-0.185902,0.133733,1.054387,-0.196028,5.315996
-0.243741,-0.089336,0.126951,2.305623,0.485912,4.860286
-0.213729,-0.055294,0.113014,2.276518,0.467576,4.911847
-0.168642,-0.105085,0.142956,1.378075,0.036060,5.460947
-0.253431,-0.038212,0.133916,1.788393,-0.017349,6.077699
-0.271195,0.048034,0.108205,2.774109,0.656306,6.051629
-0.234412,-0.036860,0.157222,1.345290,-1.703271,8.123923
-0.252111,-0.042135,0.172364,1.033646,-1.744105,9.419344
-0.300747,0.052659,0.119365,2.851108,-0.691535,9.048312
-0.280921,-0.023704,0.140514,2.006340,-2.054443,8.185616
-0.271451,-0.095714,0.158325,1.685590,-2.329839,7.897655
-0.300872,-0.023559,0.136306,2.562480,-2.036091,6.633333
-0.272078,-0.055071,0.141637,2.543574,-1.197851,4.220187
-0.292439,-0.140880,0.151461,1.735844,-1.558378,2.426226
-0.342982,-0.156793,0.162395,1.882779,-2.952383,1.841610
-0.282004,-0.125702,0.113939,1.961811,-0.471329,1.564904
-0.261256,-0.204714,0.163350,1.158730,-0.603001,0.055817
-0.311513,-0.240348,0.157100,0.850246,-0.927316,-0.966214
-0.353250,-0.228712,0.146022,1.271527,-2.353742,-2.634294
-0.304528,-0.274781,0.127230,0.197120,0.203031,-2.827652
-0.275449,-0.311144,0.143176,-0.002338,-1.071632,-5.910584
-0.343898,-0.329351,0.146747,0.577462,-1.091622,-6.553798
-0.350023,-0.334994,0.122418,-0.301900,-1.408331,-5.078683
-0.335170,-0.387102,0.135055,-1.477482,-2.291107,-5.243845
-0.319749,-0.390480,0.146406,-0.177390,-1.006968,-6.767642
-0.337573,-0.359986,0.128402,-0.462883,-1.818222,-6.402175
-0.320954,-0.405917,0.130552,-1.907616,-2.482935,-4.489202
-0.360366,-0.438594,0.125559,-1.954768,-2.139176,-4.486448
-0.365332,-0.395309,0.130746,-0.165659,-2.219264,-4.574579
-0.321833,-0.372318,0.103317,-1.273734,-1.509942,-3.605025
-0.350016,-0.422024,0.151349,-1.419271,-1.978937,-3.915872
-0.381787,-0.370273,0.162424,-0.459483,-2.581497,-3.533308
-0.378702,-0.327083,0.142474,-0.293510,-1.264215,-3.300675
-0.343195,-0.328360,0.129295,-1.000757,-0.771357,-4.235375
-0.368021,-0.282737,0.130683,0.021545,-0.662873,-4.569496
-0.377287,-0.225501,0.133145,1.050386,-1.312536,-2.476964
-0.330433,-0.239879,0.115679,0.288473,-0.277321,0.195684
-0.324617,-0.255454,0.134146,0.742034,0.501608,1.375288
-0.297635,-0.179705,0.134360,2.785420,0.234273,2.536483
-0.256674,-0.137027,0.130906,2.067571,-0.675930,3.124109
-0.270926,-0.173767,0.114806,1.698605,-0.749473,1.920435
-0.280461,-0.137388,0.149419,3.308027,-4.025902,1.568896
-0.214524,-0.090124,0.126587,3.483720,-1.238199,3.306449
-0.193959,-0.120962,0.128431,2.995874,-1.132846,4.102487
-0.231107,-0.118684,0.116106,4.381381,-1.588461,4.000777
-0.222067,-0.106526,0.138788,4.065535,-2.014249,5.264788
-0.169751,-0.129516,0.125389,3.119625,-2.324729,5.144337
-0.155693,-0.124639,0.120869,2.995326,-1.733302,1.825492
-0.188698,-0.136173,0.168247,3.148044,-2.978354,-0.839622
-0.138992,-0.121730,0.124985,2.284113,0.023902,-1.492597
-0.124368,-0.118743,0.097826,1.655333,0.209924,-2.754590
-0.148094,-0.100152,0.141092,0.988630,0.186963,-4.438656
-0.111882,-0.113757,0.143472,1.021596,0.770345,-3.711766
-0.096179,-0.121694,0.104906,-0.998420,0.731011,-1.584564
-0.109535,-0.101881,0.118249,-1.468918,1.701126,-1.977889
-0.115952,-0.099600,0.139076,-1.485635,0.014563,-3.073600
-0.124336,-0.082282,0.129843,-2.998255,-0.955972,-3.846500
-0.147887,-0.081914,0.111264,-3.965672,-0.767448,-3.723586
-0.116855,-0.056111,0.125346,-2.905191,-0.654250,-3.573027
-0.132374,-0.071772,0.123409,-2.965227,-1.520656,-2.166942
-0.112939,-0.096035,0.096116,-3.406072,-0.709332,-1.893590
-0.101139,-0.092326,0.085415,-2.495628,-0.398817,-3.119164
-0.100581,-0.060559,0.153824,-1.940627,-0.708896,-5.025880
-0.069555,-0.013403,0.116467,-2.485804,-0.847316,-5.672705
-0.093231,0.010033,0.086433,-2.152039,1.616800,-6.581925
-0.094662,0.040524,0.122743,-1.296239,-0.006517,-5.618267
-0.045442,0.095731,0.130831,-1.061915,0.533970,-4.481604
-0.082274,0.142506,0.119227,-1.756039,-0.240167,-2.675108
-0.062284,0.158383,0.106413,-0.459197,1.296129,-1.026007
-0.018319,0.197162,0.130007,0.037462,0.931269,1.948136
-0.026194,0.230255,0.145953,0.277286,-0.928097,2.646602
0.011104,0.275402,0.107401,0.603305,0.396212,2.467562
0.004799,0.265873,0.123839,1.110290,0.840132,2.377370
0.029686,0.280828,0.121650,1.917268,-0.094824,4.547476
0.068586,0.333498,0.122546,1.827615,-0.593591,6.513066
0.057613,0.332392,0.107923,1.415173,-0.262977,7.132023
0.058762,0.317916,0.135295,2.512226,-1.531833,8.484857
0.069282,0.328542,0.140206,1.792834,-1.890574,10.719276
0.101811,0.317555,0.106872,2.132816,0.178413,10.070811
0.087218,0.278176,0.133414,2.217339,-0.766667,8.016326
0.061749,0.252169,0.156726,2.323328,-0.887310,7.639975
0.069099,0.267331,0.118420,1.421869,0.102303,8.068638
0.069702,0.247239,0.146692,1.131186,-0.136688,6.638266
0.079048,0.176830,0.155459,1.829574,0.604929,5.497347
0.083472,0.119972,0.126409,1.086201,1.205251,6.056797
0.073415,0.050516,0.156079,0.784105,1.757571,4.918536
0.118302,0.021843,0.173690,0.937001,1.777216,3.722696
0.145097,-0.005814,0.139690,0.003426,2.676841,0.715103
0.153470,-0.089011,0.149163,-0.158693,2.660084,-0.983155
0.145747,-0.143618,0.155479,0.499682,2.286102,-1.433564
0.115036,-0.185246,0.153618,-0.570363,0.812156,-2.293281
0.141919,-0.224517,0.149265,-1.081587,0.566413,-3.261803
0.157600,-0.257886,0.169327,-0.750481,0.969615,-3.343876
0.164677,-0.302878,0.181741,-0.606322,-0.265927,-2.855908
0.159008,-0.334803,0.162070,-1.130065,-0.503487,-3.264227
0.147349,-0.403006,0.156070,-0.814711,-0.411911,-5.654988
0.163456,-0.460587,0.174320,-0.426317,-0.294232,-7.009430
0.212702,-0.432072,0.174638,-0.744579,-0.164471,-8.657765
0.205572,-0.442714,0.150558,-1.093528,1.521035,-10.813540
0.165714,-0.515078,0.164187,0.518234,1.087166,-11.662139
0.169472,-0.504959,0.165983,-0.039682,0.079241,-9.773351
0.171330,-0.493723,0.173059,-0.404718,1.166492,-9.856532
0.199700,-0.479717,0.158262,0.273108,3.049112,-9.674878
0.186222,-0.467788,0.170578,0.637512,2.356701,-8.794620
0.153992,-0.458167,0.156335,0.345250,1.336283,-7.085770
0.130654,-0.424841,0.137425,0.217569,2.055761,-6.069560
0.108997,-0.418844,0.170342,1.294045,1.285048,-5.188833
0.100387,-0.395808,0.157553,1.588096,0.374657,-3.743431
0.071547,-0.351390,0.133240,0.828369,-0.646454,-0.396831
0.009644,-0.358214,0.126485,1.599916,-0.835972,0.948013
-0.026726,-0.359126,0.120235,3.100430,-1.582891,0.610834
-0.039704,-0.350490,0.129636,2.243687,-2.459203,-0.208555
-0.010514,-0.306545,0.081739,1.917944,0.782470,-0.812429
-0.052060,-0.275037,0.090667,2.710473,-0.896599,-1.696368
-0.089545,-0.264901,0.089147,2.795406,-1.167009,-0.155247
-0.116582,-0.212093,0.050142,1.768899,-0.122006,2.760424
-0.136855,-0.174089,0.050585,1.100361,1.324745,5.762231
-0.133612,-0.133557,0.061982,1.565282,0.859460,7.603108
-0.165382,-0.101947,0.061575,0.896006,0.949264,7.671785
-0.219546,-0.101507,0.042468,-0.036311,0.708582,7.293890
-0.192325,-0.070242,0.035220,0.346871,1.634003,5.790182
-0.178279,-0.028092,0.046377,0.755817,0.846720,4.668562
-0.164204,-0.035451,0.059802,-0.055963,-0.743063,4.750985
-0.163029,-0.030656,0.000233,-0.121454,0.329310,6.064768
-0.170726,-0.029386,0.055141,0.792432,-0.743128,7.328855
-0.157242,-0.019761,0.058742,0.544877,-2.434205,9.126821
-0.159244,-0.025847,0.038079,0.466384,-2.090688,7.756596
-0.197074,-0.086040,0.062159,1.597637,-1.930738,5.472324
-0.187283,-0.065532,0.056165,1.683729,-2.948691,3.482650
-0.200833,-0.069444,0.057613,1.259838,-2.733126,0.475864
-0.228159,-0.098507,0.035384,1.370837,-1.859460,-1.310794
-0.228750,-0.090436,0.059215,2.197408,-2.174098,-1.566710
-0.237649,-0.082420,0.106121,0.668034,-4.503335,0.256692
-0.212912,-0.097742,0.076313,0.781068,-0.280794,-0.363052
-0.239592,-0.110997,0.082408,1.159973,0.595929,-2.113640
-0.253621,-0.123158,0.096287,0.559599,0.426184,-2.977470
-0.216677,-0.096239,0.079283,-0.193031,0.796827,-4.199748
-0.213037,-0.095491,0.073743,-0.745206,1.010704,-5.648321
-0.218981,-0.130255,0.089397,0.010904,0.942843,-5.998787
-0.244598,-0.102065,0.046134,-1.227498,0.641240,-4.279170
-0.253930,-0.099636,0.041601,-1.403765,0.841997,-3.251114
-0.241148,-0.083562,0.073290,-1.181590,-1.063478,-1.383025
-0.227716,-0.079400,0.067155,-1.703140,-1.675620,0.457702
-0.232055,-0.099613,0.031616,-1.480758,-1.288007,2.318034
-0.222592,-0.109569,0.056576,-0.555097,-2.246436,2.412368
-0.218676,-0.149539,0.081975,-0.575612,-3.156968,1.679620
-0.186938,-0.131138,0.022727,-0.633974,-1.890127,0.484789
-0.161890,-0.143723,0.043498,0.069597,-1.409930,0.126771
-0.151517,-0.141113,0.067946,0.364288,-1.070319,1.326414
-0.167920,-0.111991,0.031934,0.418576,-0.915867,0.891910
-0.160249,-0.122174,0.027168,0.358074,0.701167,-0.120709
-0.093431,-0.102676,0.079992,1.533479,1.532855,-0.471729
-0.047300,-0.097509,0.085638,1.114357,2.354850,0.575429
-0.054295,-0.112320,0.086997,0.973475,2.432942,1.170217
-0.067819,-0.144241,0.133588,2.220188,2.376415,1.077393
-0.017341,-0.101829,0.134373,1.619945,1.735798,1.009457
0.053438,-0.056059,0.129081,1.259218,1.080775,0.722133
0.057265,-0.069609,0.169843,1.802320,0.897372,-0.038704
0.036721,-0.097234,0.171966,2.218987,-0.156045,2.073772
0.026089,-0.078747,0.143042,1.246853,0.277109,4.703954
0.048416,-0.068781,0.213010,1.407680,-2.302165,4.285838
0.084946,-0.088509,0.217999,2.223996,-1.678243,3.087837
0.090566,-0.110688,0.207656,1.407433,-1.986168,3.251874
0.068258,-0.160302,0.234904,1.379976,0.454656,2.242645
0.064808,-0.169854,0.265037,2.010050,-1.218849,-0.022907
0.094130,-0.136406,0.271198,1.096006,-0.223338,-3.515744
0.108140,-0.140693,0.278009,0.461704,2.291903,-5.500143
0.141608,-0.154259,0.297060,0.616579,2.192061,-5.464399
0.141483,-0.165512,0.325972,0.290558,3.224716,-4.879758
0.109492,-0.178484,0.313745,-0.201749,4.097509,-4.439281
0.181355,-0.180027,0.332770,-0.583375,4.271758,-5.064305
0.196638,-0.179748,0.364879,-0.280130,4.075721,-6.122645
0.150224,-0.152605,0.361261,-0.460923,2.968531,-7.233926
0.201108,-0.167622,0.333505,-0.811159,3.698099,-7.809317
0.224292,-0.211568,0.379827,-1.083316,0.295356,-6.856000
0.201069,-0.184389,0.371588,-0.691328,-0.755106,-5.665568
0.232029,-0.122640,0.342230,-0.683643,-0.521232,-6.040364
0.239877,-0.192641,0.390580,-0.995130,-2.413512,-5.344492
0.189626,-0.194161,0.365384,-0.544717,-2.780879,-3.600615
0.203134,-0.105906,0.350406,-0.087481,-1.629308,-4.119767
0.235420,-0.108407,0.376676,-1.233084,-1.412470,-4.803859
0.193408,-0.058734,0.383424,-1.961444,-1.342492,-5.216184
0.156513,0.055078,0.356797,-1.493713,0.185106,-4.115575
0.176280,0.070154,0.350488,-2.483122,0.629535,-2.022974
0.187348,0.104013,0.355123,-2.534656,2.577724,0.263524
0.174393,0.206271,0.331729,-1.932309,4.017369,1.036543
0.219904,0.255612,0.324715,-2.544372,3.934979,2.776807
0.211412,0.270711,0.321619,-3.597181,3.456892,4.620684
0.109486,0.340280,0.316387,-1.523511,3.396515,4.107039
0.132525,0.407491,0.291549,-1.144541,2.873882,5.225395
0.217199,0.389956,0.253981,-2.313502,2.401073,9.075593
0.130654,0.434161,0.265447,-0.159527,0.393560,10.686297
0.098256,0.485928,0.235830,1.438505,-0.345185,11.490638
0.156251,0.405101,0.213703,1.407775,-1.261097,12.665897
0.123551,0.399363,0.217303,1.720466,-2.466208,13.512119
0.123338,0.476235,0.163038,4.011371,-1.027188,12.114594
0.166295,0.410442,0.149469,3.699037,-2.627462,10.518733
0.106620,0.340339,0.156349,2.727459,-2.542056,10.415470
0.064431,0.398011,0.104312,4.248416,-0.707019,8.926820
0.140127,0.385193,0.113339,4.367814,-0.092631,6.760766
0.130749,0.254349,0.170939,2.765315,-2.892732,6.053169
0.094603,0.248204,0.060715,3.346720,2.542073,6.164174
0.177015,0.228125,0.067440,3.849419,4.511175,5.524487
0.227614,0.085884,0.105701,1.886846,3.373344,4.480484
0.156526,0.074366,0.057373,1.764356,4.422434,1.646159
0.160491,0.054976,0.026948,1.428825,3.930922,-0.930358
0.251701,-0.080828,0.026016,0.036044,2.681607,0.027316
0.215009,-0.129359,0.008416,-0.397484,1.515307,1.374413
0.177455,-0.141885,-0.004077,-0.628565,-0.159652,-0.884283
0.233552,-0.262114,-0.022886,-1.242056,-0.022417,-0.576700
0.220596,-0.343965,-0.018678,-2.086686,-1.676529,0.010858
0.211963,-0.355972,-0.034899,-1.637166,-1.326579,-3.090256
0.258348,-0.436963,-0.034289,-2.337313,-1.845361,-6.935658
0.232364,-0.582194,-0.026838,-2.618050,-2.394438,-9.083550
0.177258,-0.548313,-0.052053,-1.755806,-1.053043,-10.643203
0.229278,-0.510151,-0.050429,-2.046539,-0.282596,-13.165350
0.255991,-0.604869,-0.016948,-2.866656,0.689955,-13.820481
0.174895,-0.597665,-0.078310,-2.157124,1.868297,-11.776803
0.157806,-0.552403,-0.056872,-1.684548,2.731776,-10.051410
0.214488,-0.584971,-0.042209,-2.471227,3.094915,-8.762706
0.171911,-0.594441,-0.030793,-1.724397,3.917320,-7.985961
0.127946,-0.510417,-0.072217,-0.554559,4.865291,-7.451105
0.148708,-0.495282,-0.046588,0.060088,2.711950,-6.868738
0.125648,-0.547827,-0.033695,0.092233,1.486806,-6.296589
0.079816,-0.461381,-0.042203,1.902159,0.986057,-6.972609
0.112985,-0.422189,-0.047133,2.060569,0.456931,-6.411873
0.114390,-0.439576,-0.045052,2.705168,-0.370204,-4.161412
0.018792,-0.373684,-0.034256,3.682648,-1.948046,-1.279112
0.045534,-0.300492,-0.037168,3.853975,-1.743241,-0.262199
0.116323,-0.321572,-0.029861,3.666039,-1.823737,1.574659
0.056300,-0.285327,-0.023742,4.228127,-2.061073,1.874144
-0.022088,-0.156094,-0.041034,4.451228,-0.981161,-0.013199
0.011216,-0.175766,-0.009227,3.407790,-0.931636,0.237429
0.014633,-0.147895,0.015483,3.094472,-0.068591,2.216746
-0.009165,-0.028719,0.015775,3.293010,1.508378,4.031755
0.025541,0.005861,-0.008193,2.067180,2.705476,5.916059
-0.014830,-0.072514,0.047493,0.981317,2.083891,8.131788
-0.064743,-0.036883,0.050073,1.901036,0.993642,8.173592
0.029145,0.064134,0.033178,1.838552,3.489667,7.366657
0.043315,0.002615,0.053621,-0.753156,2.517708,6.316275
-0.086354,-0.014286,0.059261,0.299236,1.498458,3.652974
-0.073258,0.064555,0.078105,0.755748,-0.562929,2.860799
0.044927,0.023432,0.093743,-1.248926,-1.239105,3.831373
-0.002403,-0.002729,0.101397,-0.943583,-1.033815,4.251124
-0.071862,0.056447,0.098387,0.664821,-1.558079,5.384286
-0.017082,-0.009166,0.100888,-1.116794,-2.797498,5.613780
-0.000617,-0.041015,0.137694,-0.976752,-2.456479,3.513150
-0.044172,0.031248,0.157494,0.064624,-2.854662,0.217353
0.016051,0.003761,0.144174,-0.692726,-2.305080,-1.040374
-0.012404,-0.051017,0.158246,-1.774936,-1.180458,-0.724118
-0.113467,0.025293,0.192350,-0.748590,0.147331,-1.843179
0.024470,0.085615,0.181909,-0.839300,1.446035,-2.464662
0.081506,0.008687,0.174586,-2.766236,1.918486,-1.274306
-0.071262,0.028458,0.233368,-1.654609,1.487190,-1.151930
-0.000548,0.113250,0.201873,-1.023393,3.070031,-1.942706
0.118072,0.071651,0.203117,-2.512677,4.101310,-2.697201
0.027398,0.068927,0.239217,-1.936665,2.408527,-3.066546
0.050635,0.182539,0.225099,-0.845632,2.155921,-2.682524
0.129863,0.146110,0.219276,-1.397348,0.718512,-0.393471
0.030336,0.096092,0.239683,-1.551806,-0.743467,2.218404
0.018063,0.194250,0.201564,0.662553,-0.618750,1.542171
0.143567,0.168949,0.237428,-0.268911,-2.693251,2.918356
0.115991,0.093243,0.265690,-0.005732,-2.795847,2.996163
-0.001838,0.148536,0.231559,1.656317,-2.811002,0.762884
0.130549,0.118449,0.230368,1.814820,-1.935471,0.088943
0.190467,0.056424,0.265847,0.349602,-2.768432,1.051576
0.098690,0.148181,0.227085,2.141203,0.626416,0.051637
0.169105,0.170843,0.213752,2.786152,2.206874,-0.103789
0.240780,0.038778,0.251050,0.845372,1.222563,4.609042
0.141509,0.083816,0.230066,1.174521,4.025483,4.755718
0.186508,0.129478,0.214287,2.693174,4.558019,3.812930
0.303694,0.041505,0.247403,0.986418,4.280965,3.937308
0.171639,0.002536,0.211700,-0.187447,3.893007,2.765219
0.209242,0.094960,0.198915,2.508612,4.274892,0.624313
0.338777,0.001259,0.260218,0.199040,-0.025742,2.011296
0.258955,-0.062601,0.193683,-1.439130,0.671878,3.835455
0.205704,-0.025890,0.144693,1.236149,2.046117,2.275828
0.385128,-0.055790,0.170466,1.036787,-1.357059,3.690101
0.351037,-0.152999,0.177547,-1.325879,-2.089246,3.747945
0.234576,-0.149989,0.125471,0.645576,0.212626,1.411584
0.373751,-0.164245,0.150611,1.452140,-0.672658,0.507987
0.396650,-0.263348,0.166153,-1.278415,-1.071116,0.716421
0.323533,-0.190169,0.114921,0.075945,2.929001,-4.354865
0.423763,-0.198264,0.149478,1.162843,2.046438,-5.673281
0.497686,-0.301969,0.141253,-1.246674,2.984152,-3.617631
0.380691,-0.274430,0.093546,-0.160620,6.567685,-6.275304
0.464727,-0.251013,0.114195,1.466146,4.910087,-8.299503
0.570182,-0.328905,0.141292,-0.151665,4.569596,-7.417499
0.417329,-0.340187,0.095597,-0.381000,5.113450,-8.255240
0.428404,-0.273894,0.054925,1.352341,6.079639,-11.303244
0.541192,-0.327277,0.117491,0.725651,1.596045,-9.878839
0.482508,-0.356107,0.060994,-0.584137,2.605828,-8.186592
0.420996,-0.251751,0.028790,0.720951,2.421109,-10.077348
0.468335,-0.262908,0.070831,0.854333,-0.164225,-9.369443
0.402460,-0.283387,0.017160,-1.333340,-1.151250,-7.291946
0.334369,-0.195070,0.004349,0.375139,0.611058,-6.549566
0.438399,-0.171450,0.047011,0.472372,-1.156643,-4.322452
0.429481,-0.165387,0.013356,-1.357348,-1.153207,-2.529679
0.280455,-0.119951,-0.009227,-0.746709,1.823088,-4.566630
0.353463,-0.083385,0.035991,-0.141943,1.270972,-4.428369
0.413873,-0.057473,0.025701,-1.580068,1.461823,-1.661374
0.288362,0.005520,-0.011581,-1.854716,3.491272,-1.592509
0.317760,0.070502,-0.009211,0.018893,5.900438,-1.273843
0.339870,0.044650,0.032302,-1.071796,2.955332,0.962270
0.264509,0.121748,-0.013928,-1.513175,3.583877,4.012254
0.217521,0.162299,-0.034653,-0.187993,4.026526,3.197138
0.280399,0.140980,-0.002229,0.229881,2.464608,4.219898
0.249452,0.202660,-0.036203,-0.039512,1.884887,7.116955
0.198043,0.271296,-0.039508,0.034333,0.843819,7.156838
0.264548,0.277677,-0.038684,0.333682,-0.619157,8.127706
0.223373,0.245758,-0.010777,1.186259,-0.947204,10.975156
0.157724,0.286408,-0.058024,1.781319,-0.794755,12.430167
0.260583,0.308020,-0.057640,2.020848,-0.280584,12.778321
0.238709,0.251496,-0.012772,1.268277,-1.707502,11.248800
0.165665,0.296446,-0.048574,2.058711,-0.314987,9.271909
0.209561,0.296127,-0.072450,2.318926,1.680581,7.131192
0.257698,0.255209,-0.012132,1.112617,0.136726,5.379861
0.178400,0.259174,0.003170,1.255879,-1.379836,5.155108
0.224460,0.255350,-0.042534,1.555756,2.796403,7.995784
0.293082,0.206445,-0.020929,0.738968,2.488934,9.520081
0.191944,0.149947,0.008944,0.991801,2.443114,9.192017
0.150871,0.130200,-0.036081,1.407998,4.441614,6.036463
0.233473,0.050713,-0.023086,0.080038,2.011576,2.780821
0.228878,-0.005073,-0.008105,0.484389,2.288692,-0.299885
0.137997,0.013270,-0.005256,1.290687,1.565367,-3.269752
0.169974,-0.057867,0.002304,0.334483,-0.092333,-2.779154
0.157705,-0.153304,-0.013892,-1.016368,-0.653584,-0.589911
0.074935,-0.181481,0.031554,0.807620,-0.775946,-0.539796
0.138184,-0.205298,0.015883,0.562429,-1.770282,-1.154365
0.126912,-0.309647,0.041499,-1.175291,-3.165784,-3.214929
0.035263,-0.344040,0.012053,-1.017077,-0.065344,-6.160342
0.060370,-0.345846,0.039796,0.832065,0.396025,-9.879473
0.136986,-0.395056,0.043978,-1.120458,-1.323309,-10.320545
0.057574,-0.440317,0.019520,-1.689504,2.116381,-9.618699
0.012542,-0.450900,0.049679,0.615581,3.009312,-7.442886
0.084296,-0.464368,0.057639,-0.823446,1.556026,-4.139220
0.045862,-0.537209,0.042651,-1.496825,3.037535,-3.806795
0.004123,-0.523084,0.063807,0.190335,3.430124,-6.463921
0.060771,-0.536473,0.087785,0.101847,1.988940,-8.321973
0.088537,-0.536329,0.085290,-0.396594,2.033532,-10.687085
0.008331,-0.511425,0.079566,0.540512,1.992925,-11.573415
0.101230,-0.476218,0.095719,0.899847,1.923954,-7.238040
0.137843,-0.476086,0.088117,-0.641861,-0.488716,-1.251080
0.061368,-0.444220,0.080721,0.964183,0.381786,1.838633
0.058234,-0.416448,0.085107,2.103484,-0.980701,2.882507
0.125740,-0.430060,0.101443,0.862746,-1.989729,3.539948
0.086811,-0.431589,0.080912,1.580569,-1.045500,1.170890
0.092404,-0.366459,0.093510,3.226761,-0.486882,-2.380553
0.158834,-0.382547,0.088202,2.416301,-0.892338,-3.720558
0.122589,-0.392926,0.063347,2.241658,0.562829,-3.368369
0.096825,-0.297535,0.078985,3.952166,1.898144,-2.421781
0.156782,-0.257016,0.106055,3.224673,1.053741,1.063596
0.136188,-0.278628,0.076838,1.756291,2.951147,4.955853
0.046253,-0.270520,0.077028,3.361252,3.038125,6.356212
0.097774,-0.226089,0.111474,3.645967,2.112045,5.125980
0.143219,-0.226240,0.099585,1.813799,1.638668,2.530914
0.073090,-0.227346,0.082362,2.625320,3.911113,-2.681981
0.124017,-0.208364,0.081775,3.033973,1.803886,-5.020278
0.181860,-0.204894,0.084759,1.583342,0.823976,-4.616547
0.087241,-0.209933,0.037400,0.609715,0.840884,-5.138440
0.071291,-0.154693,0.043610,1.500540,-0.428349,-5.107547
0.161640,-0.141655,0.043121,0.188979,-1.788992,-3.493294
0.115302,-0.115307,0.022806,-1.491400,-2.688344,-3.429041
0.057918,-0.045345,-0.021084,-1.604883,-0.580507,-6.328244
0.137134,-0.026103,0.003686,-2.177518,-1.248158,-8.244561
0.146768,0.006419,-0.057453,-4.415248,-0.925704,-8.463893
0.105776,0.137983,-0.090107,-4.972426,0.482553,-12.105151
0.183783,0.217021,-0.038878,-5.768742,0.423798,-12.285488
0.226875,0.274398,-0.074962,-7.834446,1.391103,-8.660057
0.138804,0.412375,-0.134439,-8.645359,3.535329,-6.085538
0.164726,0.535178,-0.117902,-8.219161,2.563258,-5.640030
0.231674,0.631865,-0.113671,-9.384538,1.472852,-3.877097
0.167614,0.754839,-0.169312,-10.858744,2.893747,-3.151786
0.199126,0.908178,-0.173947,-9.520517,2.577372,-3.397320
0.272741,1.041264,-0.173366,-9.417058,0.620074,-2.351398
0.207903,1.155900,-0.194590,-9.974367,0.087830,0.418528
0.167151,1.336191,-0.237652,-9.182331,0.254946,0.946585
0.294654,1.487344,-0.220275,-7.680300,-0.856774,4.325589
0.290075,1.552740,-0.191212,-7.724183,-2.513519,10.039854
0.203501,1.680893,-0.219875,-6.803036,-1.903898,12.641020
0.210735,1.819839,-0.231655,-5.463752,-2.216882,12.721683
0.237448,1.883650,-0.205688,-4.482634,-1.879834,11.865518
0.200100,2.053867,-0.224395,-4.213727,-2.007971,10.427817
0.185303,2.230239,-0.197085,-3.465006,-0.858425,9.700160
0.202011,2.282968,-0.190487,-4.001665,-0.768667,12.450741
0.148888,2.315500,-0.191948,-3.165362,0.872779,16.838457
0.154297,2.417016,-0.187868,-2.964070,1.425601,20.370379
0.253358,2.491393,-0.185928,-3.114438,0.920853,22.085741
0.188608,2.476688,-0.179218,-3.920947,0.514320,22.231773
0.099664,2.486292,-0.176156,-2.855484,1.362220,20.497844
0.172216,2.527411,-0.198513,-3.438067,2.055487,18.044198
0.229793,2.457335,-0.203853,-4.577920,1.067624,16.468111
0.209009,2.423411,-0.204733,-4.502290,0.241724,14.772161
0.154658,2.404924,-0.149328,-5.462288,-9.301638,13.760166
0.215672,2.321760,-0.227293,-6.602026,-1.599117,14.799246
0.180566,2.209826,-0.226023,-5.989145,-1.533842,13.859203
0.247305,2.135258,-0.232551,-6.168708,-2.186128,10.787617
0.340441,2.030578,-0.234360,-7.423676,-2.328626,5.771319
0.225726,1.847146,-0.232597,-8.476722,-2.540550,1.941387
0.131231,1.816583,-0.251842,-8.071002,-1.501136,-0.516625
0.195610,1.791705,-0.244565,-9.455253,-2.628965,-3.887947
0.271923,1.670767,-0.255936,-10.788714,-0.360056,-6.511864
0.178180,1.563730,-0.255469,-10.661388,-0.651969,-8.999158
0.102192,1.456358,-0.238571,-10.312218,-0.434626,-10.621313
0.121670,1.337964,-0.259284,-12.222496,0.470129,-12.211557
0.086656,1.327976,-0.265494,-12.357125,2.049737,-16.982609
0.059494,1.313618,-0.215903,-10.888831,1.747693,-19.421441
0.108048,1.227395,-0.226246,-11.915466,0.897614,-18.731261
-0.001254,1.102515,-0.263662,-12.419820,1.487432,-19.266952
-0.079120,1.091072,-0.279953,-10.578927,1.932475,-21.814306
-0.003207,1.140151,-0.239684,-9.331534,-0.453621,-23.713590
0.009253,1.136508,-0.237144,-10.878288,-1.244764,-22.741709
-0.055667,1.125840,-0.264378,-10.047506,-0.749166,-22.499942
-0.059462,1.104189,-0.257193,-8.096198,-1.316213,-21.620373
-0.051223,1.047573,-0.227076,-7.673726,-4.957081,-19.254541
-0.061645,1.129729,-0.262661,-7.774858,-1.864348,-17.812626
-0.053281,1.227178,-0.260908,-6.607682,-1.451168,-17.524691
-0.005462,1.270756,-0.241316,-6.122481,-2.516542,-14.935182
-0.061073,1.264716,-0.243081,-6.300836,-2.014211,-10.921311
-0.106844,1.321233,-0.288592,-5.498628,-0.434035,-9.152443
-0.087878,1.367762,-0.227618,-5.133877,-1.396784,-8.708306
-0.012969,1.445319,-0.218053,-5.062543,-1.457526,-5.533364
-0.082649,1.525654,-0.245455,-5.484014,-0.188351,-2.974862
-0.102475,1.570709,-0.252525,-4.465326,0.371518,0.632803
-0.087090,1.555015,-0.206177,-4.759961,-1.584064,4.744816
-0.090701,1.603713,-0.250611,-4.717995,0.519372,7.670811
-0.078631,1.681566,-0.243833,-4.185055,0.831863,6.530514
-0.060033,1.683798,-0.210103,-4.154843,-1.107549,8.376318
-0.100834,1.702823,-0.245432,-4.737571,-1.200301,11.273125
-0.166646,1.707153,-0.229604,-5.092974,-1.082743,11.633956
-0.077256,1.710977,-0.211721,-3.904784,-1.713083,12.560721
-0.060148,1.679380,-0.192683,-4.550912,-2.602657,13.142324
-0.091807,1.681895,-0.213563,-5.063284,-1.711557,13.046493
-0.094354,1.655481,-0.216651,-4.291340,-0.796410,13.539531
-0.082737,1.592852,-0.206079,-4.189332,-1.876296,14.867597
-0.056245,1.587820,-0.232463,-5.364658,-1.438809,14.304157
-0.057637,1.568956,-0.184135,-5.149255,-1.623889,11.578220
-0.053140,1.527302,-0.165025,-4.854104,-1.082904,10.078343
-0.114177,1.476673,-0.184664,-5.952037,-1.225099,10.096771
-0.115680,1.423724,-0.188051,-5.479445,0.323772,9.132903
-0.062866,1.368392,-0.173822,-5.239180,-0.502300,9.454491
-0.060230,1.294340,-0.144782,-5.863178,-0.793390,8.409853
-0.088383,1.224355,-0.160042,-5.775192,0.195343,6.004216
-0.103404,1.152972,-0.154049,-4.816087,0.329112,2.482932
-0.181010,1.075362,-0.016633,-7.258779,-18.475419,0.866443
-0.063460,1.044895,-0.134065,-5.509961,-0.436044,1.433571
-0.040725,0.990692,-0.175650,-5.266437,1.302828,0.546007
-0.072834,0.891142,-0.116455,-4.477182,-0.696364,0.228001
-0.106158,0.801154,-0.118204,-4.967571,-2.103841,-0.025107
-0.089919,0.751861,-0.140676,-5.115885,-0.820703,-0.572341
-0.034243,0.686587,-0.114436,-3.713762,-0.313015,-2.449619
-0.008882,0.625829,-0.105124,-4.307909,-1.908020,-2.632512
-0.026644,0.594032,-0.145609,-4.301285,0.543098,-3.634815
-0.049339,0.523807,-0.140440,-3.890094,-0.664081,-4.480170
-0.041093,0.450908,-0.098516,-3.139109,-0.902471,-2.405366
-0.006027,0.425446,-0.120413,-2.872319,-0.228646,1.504381
0.027530,0.402009,-0.145242,-3.471029,-0.331025,3.258117
-0.009352,0.321422,-0.118510,-2.618839,-0.481469,3.134556
-0.021773,0.245525,-0.100699,-1.781607,0.033769,3.068619
-0.013127,0.210502,-0.123450,-2.278548,0.420683,1.048843
0.028816,0.165385,-0.110566,-1.087155,1.115877,0.465148
0.072689,0.141012,-0.098569,-0.402783,1.190641,1.086662
0.047326,0.108076,-0.094262,-0.858096,0.481979,4.105393
0.042754,0.047926,-0.121868,-0.009894,2.176633,6.299878
0.068737,-0.002214,-0.106585,0.134802,0.238685,7.417350
0.069302,-0.064705,-0.066220,1.455816,-0.050957,7.337174
0.094295,-0.078941,-0.077817,1.557578,0.833564,6.420451
0.097456,-0.115202,-0.109230,1.652391,1.053530,4.140453
0.053671,-0.161681,-0.101740,1.736888,-0.405339,0.780407
0.072568,-0.211092,-0.093100,2.694982,-0.736114,-0.336951
0.132509,-0.236681,-0.091623,2.280322,0.343162,-0.960984
0.137239,-0.267704,-0.091590,1.741224,0.983267,-1.280959
0.142937,-0.314134,-0.095654,2.609715,1.499483,-1.460166
0.163515,-0.312388,-0.085659,1.893523,-0.589819,-3.328277
0.183137,-0.334203,-0.076343,1.101428,1.633829,-5.963977
0.213490,-0.323151,-0.101303,-0.174065,2.751519,-10.168006
0.233322,-0.295956,-0.075595,0.002825,2.273399,-12.751660
0.228474,-0.267976,-0.095132,-1.402006,1.483234,-13.121489
0.220176,-0.233829,-0.121411,-2.555714,1.963366,-12.478188
0.233985,-0.197830,-0.094938,-1.987996,1.572714,-12.489522
0.248750,-0.156892,-0.111403,-3.594455,0.983145,-12.327845
0.275971,-0.086149,-0.127651,-5.402993,0.353675,-13.704990
0.278534,-0.040355,-0.107129,-5.326072,0.831811,-15.803654
0.272478,0.001788,-0.114220,-4.575237,1.226232,-17.139321
0.302621,0.108392,-0.108209,-5.936061,0.242735,-16.932147
0.311050,0.206858,-0.108351,-6.698801,-0.215280,-16.105305
0.305792,0.289589,-0.133015,-6.480631,1.165317,-15.656160
0.298771,0.411016,-0.113172,-5.899019,0.734494,-14.540260
0.280911,0.536675,-0.138733,-6.527924,0.775186,-12.581266
0.293840,0.658945,-0.155217,-6.901262,0.842883,-11.056155
0.310489,0.791356,-0.135693,-6.336840,1.214419,-9.608315
0.299736,0.917917,-0.115575,-6.114074,-1.420319,-7.340036
0.315898,1.063299,-0.190631,-5.942850,1.975501,-5.209867
0.300875,1.199484,-0.149112,-5.932556,1.774104,-3.759963
0.311753,1.345776,-0.155299,-5.623389,1.472802,-1.056397
0.317471,1.488989,-0.145994,-5.077497,0.878861,2.238529
0.322883,1.642423,-0.179031,-5.785792,1.562754,4.937122
0.306320,1.778283,-0.170799,-4.749825,0.829559,7.308350
0.315061,1.904736,-0.176734,-4.863364,0.141064,10.587586
0.335265,2.053470,-0.183748,-5.711261,0.133449,13.594252
0.330403,2.151556,-0.191570,-5.528892,-0.262390,16.242774
0.352228,2.260575,-0.174275,-4.678612,0.225183,18.595217
0.340743,2.368577,-0.177390,-5.602225,-0.787403,20.926804
0.371315,2.478992,-0.212542,-6.122393,0.727708,21.525739
0.365158,2.529302,-0.181949,-5.974584,0.121091,21.328198
0.381658,2.607332,-0.180272,-5.778964,0.064610,22.063118
0.368565,2.628770,-0.193986,-6.324588,0.512489,22.308621
0.347528,2.657412,-0.193293,-6.498199,-0.440134,21.340445
0.324616,2.637314,-0.160886,-5.613700,-0.141636,20.720294
0.337720,2.662881,-0.197932,-6.443668,0.019283,20.688776
0.319535,2.630598,-0.191472,-6.491214,2.613663,18.504222
0.284790,2.591018,-0.180797,-5.960450,-0.479694,16.747159
0.259811,2.541004,-0.143591,-6.195053,-1.464839,14.691323
0.261876,2.495857,-0.181342,-6.909623,-0.482871,12.898889
0.232793,2.418185,-0.170142,-6.713222,0.058977,10.038787
0.209783,2.324606,-0.153970,-6.038297,-0.527844,7.963854
0.159657,2.222942,-0.148665,-6.382240,-1.878334,4.525156
0.134008,2.112403,-0.162662,-7.526305,-0.594917,1.974594
0.118863,2.024420,-0.168088,-6.817127,-0.441946,-0.872654
0.086466,1.914098,-0.126670,-6.891655,-1.334950,-2.882986
0.063620,1.817883,-0.142055,-7.632879,-2.254978,-4.730440
0.034918,1.711039,-0.153195,-8.361898,-0.379248,-7.106124
0.005032,1.580054,-0.124779,-7.479454,0.546341,-8.394618
-0.019725,1.483967,-0.107520,-7.973855,-0.691989,-9.042954
-0.042176,1.369587,-0.116911,-8.356948,0.120878,-10.386892
-0.077945,1.274206,-0.105075,-8.469339,-0.317571,-11.933583
-0.114991,1.165019,-0.080335,-7.667675,-0.498932,-13.328205
-0.134354,1.098960,-0.097522,-8.681227,-1.021910,-13.152568
-0.166138,1.009704,-0.067740,-8.615693,-0.286338,-13.519443
-0.169243,0.940290,-0.049789,-8.056992,-1.170663,-12.365031
-0.191823,0.862801,-0.030294,-7.568710,-2.508326,-11.726560
-0.208724,0.795866,-0.067727,-7.994613,-0.873954,-10.995659
-0.216582,0.749626,-0.040575,-6.963454,-0.807780,-10.838909
-0.216326,0.688235,-0.026437,-5.568073,-1.326179,-9.275388
-0.220918,0.660751,-0.012851,-5.510959,-1.665484,-7.948370
-0.253949,0.602885,-0.020565,-5.386899,-1.426221,-6.889921
-0.236493,0.575388,-0.019058,-3.966601,-0.093922,-6.077034
-0.253565,0.528357,-0.002558,-2.701110,-2.961151,-4.729974
-0.252380,0.490743,0.002386,-2.263088,-1.518519,-4.021945
-0.242815,0.468262,-0.033540,-1.636300,0.444077,-3.644910
-0.263826,0.440916,-0.004376,0.002362,-1.606256,-4.209388
-0.256103,0.431154,-0.006011,-0.194033,-1.867886,-4.020391
-0.252689,0.439176,-0.026926,-0.418867,-0.872204,-4.568611
-0.260573,0.435756,-0.003742,0.573877,-0.840440,-4.511592
-0.268921,0.423148,0.012318,0.508659,-1.732761,-2.278953
-0.260803,0.426168,-0.009254,-0.288679,-1.566190,-0.047715
-0.267644,0.428180,-0.010028,-0.014693,-0.431658,0.693995
-0.270650,0.412001,0.002488,0.081584,-1.599093,1.072680
-0.237544,0.426634,-0.007629,-1.233187,-1.105205,0.582074
-0.243665,0.427721,-0.035369,-1.633388,-0.466147,-0.483176
-0.248533,0.403966,-0.009362,-1.083573,-0.537320,-1.456586
-0.232997,0.430934,-0.028003,-2.079170,-1.063994,-0.239530
-0.214609,0.434427,-0.005666,-3.160743,-0.443143,-0.279953
-0.195893,0.426545,-0.022049,-3.324402,-0.482973,0.646647
-0.189315,0.422945,-0.024222,-2.558163,-0.452406,1.005306
-0.200895,0.416367,-0.009008,-3.652902,-1.502005,1.078898
-0.162077,0.428013,-0.031384,-4.104221,-0.058694,0.047757
-0.156146,0.429710,-0.027931,-3.755432,-0.770038,-1.188574
-0.134685,0.425735,-0.018927,-3.179587,-0.986220,-1.835070
-0.117091,0.454111,-0.065170,-4.157262,0.524726,-1.636410
-0.139300,0.436705,-0.023404,-4.095627,-1.440903,-1.226282
-0.088879,0.446023,-0.011985,-3.269789,-0.840263,0.729612
-0.068413,0.467451,-0.039872,-3.416606,-0.358112,2.649642
-0.059507,0.459557,-0.051459,-3.058009,0.692147,3.803922
-0.043414,0.472342,-0.055579,-2.151095,0.218777,4.195356
-0.033596,0.487569,-0.028476,-2.422930,-0.382060,4.560777
0.001221,0.507736,-0.061737,-2.859461,-0.033321,4.783399
0.021536,0.543906,-0.072559,-1.937815,0.412395,5.023397
0.015660,0.542809,-0.039620,-1.660068,-0.812697,6.843286
0.058595,0.567336,-0.060007,-2.117614,1.019189,10.209589
0.066473,0.576395,-0.084632,-2.053541,0.407034,12.750741
0.080942,0.571311,-0.079009,-1.118594,0.625779,13.995958
0.134340,0.588888,-0.071574,-0.676623,0.279846,14.564159
0.140488,0.590316,-0.087192,-1.261813,-0.572229,13.629412
0.172505,0.579399,-0.123351,-0.772736,2.397498,12.926445
0.182129,0.555880,-0.102718,0.207452,0.322049,12.303770
0.218295,0.529112,-0.109988,0.292326,0.563085,13.387803
0.228188,0.506968,-0.152545,0.163310,0.935349,14.009081
0.221092,0.460594,-0.101254,1.135506,0.546092,13.521469
0.248907,0.423722,-0.112913,1.294855,0.590027,13.813721
0.271605,0.397791,-0.130911,0.991673,0.179191,12.174091
0.264564,0.326638,-0.133097,0.967143,0.974387,9.762734
0.284042,0.303434,-0.145409,2.061885,1.112421,7.566192
0.280868,0.245621,-0.114505,0.277434,-0.458561,5.525087
0.310039,0.197644,-0.151442,0.308722,1.587084,3.616491
0.307683,0.144597,-0.121438,1.120384,1.779645,2.610568
0.335393,0.092944,-0.151377,0.381379,1.524685,2.343550
0.344646,0.046481,-0.176162,-0.218277,2.058114,0.002981
0.345047,-0.016233,-0.142022,-0.047038,1.931908,-2.051192
0.376453,-0.059282,-0.140784,-0.629796,2.050886,-3.316114
0.382588,-0.099531,-0.175188,-0.947309,1.702816,-5.658154
0.365867,-0.153964,-0.163919,-1.338185,1.861850,-7.390789
0.396985,-0.184763,-0.145455,-0.843161,1.609812,-8.733791
0.389057,-0.210540,-0.161139,-2.067586,0.726639,-9.692519
0.376328,-0.247609,-0.169811,-1.602980,1.130914,-10.980282
0.355232,-0.263607,-0.143811,-1.585025,0.235796,-12.756414
0.350098,-0.284100,-0.146565,-1.931463,0.672866,-13.714551
0.365421,-0.277111,-0.166712,-2.115605,1.564527,-15.197570
0.327443,-0.281615,-0.140279,-1.581979,0.667627,-18.047410
0.332580,-0.249663,-0.152151,-2.598336,0.107253,-17.196041
0.334585,-0.210964,-0.170119,-2.976381,2.064360,-17.190737
0.317520,-0.190950,-0.153822,-2.583178,2.356110,-17.184035
0.341705,-0.117066,-0.125393,-2.689670,1.726942,-15.624210
0.323560,-0.059338,-0.135838,-3.942016,2.486702,-14.083330
0.309872,0.017192,-0.146880,-3.017458,3.119185,-13.630587
0.292304,0.096030,-0.104750,-3.481263,0.543735,-11.860280
0.315084,0.199614,-0.150517,-4.596734,2.510473,-10.522812
0.300028,0.287655,-0.111121,-3.798012,1.977615,-10.606043
0.321301,0.412910,-0.106870,-3.955080,1.221735,-8.048551
0.306136,0.540686,-0.108682,-4.704595,0.611110,-5.339379
0.298905,0.649216,-0.139944,-4.868602,1.225356,-3.283014
0.302549,0.753283,-0.111298,-3.724571,0.498260,-0.740324
0.322585,0.894605,-0.106785,-4.640082,-0.330631,1.925550
0.300825,1.002318,-0.125626,-4.240534,0.303759,4.002617
0.279486,1.083870,-0.098657,-3.430583,-0.555561,6.342997
0.271694,1.202284,-0.090314,-3.096417,0.406975,7.797195
0.253355,1.276933,-0.104303,-3.579520,0.140799,8.596024
0.252416,1.353759,-0.084064,-2.024239,0.770938,8.135060
0.224059,1.426764,-0.055044,-2.158408,0.016759,8.713234
0.205100,1.496575,-0.075346,-2.212408,1.141759,8.049179
0.167132,1.551096,-0.022804,-1.928526,-0.360551,7.708254
0.182805,1.629441,-0.050859,-2.079784,0.640113,8.704289
0.164273,1.685768,-0.052273,-2.379415,0.668959,9.701907
0.126419,1.696012,-0.019761,-2.161119,-0.500170,10.901726
0.112742,1.746050,-0.058198,-2.956710,0.365265,12.385256
0.079550,1.759895,-0.037473,-3.844981,0.831778,12.900270
0.076077,1.768059,-0.006815,-3.865847,-0.719515,12.913827
0.051074,1.765364,-0.022364,-4.645663,-1.973000,11.549080
-0.002380,1.720467,-0.031361,-4.971691,-1.074938,9.795477
-0.015799,1.690787,0.006115,-4.331609,-1.510117,8.056428
-0.033980,1.676291,-0.005965,-5.756092,-2.722525,7.714037
-0.025689,1.623467,-0.018829,-6.013560,-1.031580,7.338898
-0.041290,1.572330,0.016727,-5.835878,-2.256993,7.554180
-0.073415,1.523530,0.001749,-6.828320,-1.759667,8.516917
-0.082586,1.450640,-0.001028,-6.812850,-0.106861,7.641668
-0.097348,1.414786,0.016648,-6.741676,-1.363566,6.748067
-0.113973,1.348766,0.030017,-7.384486,0.010260,5.205262
-0.145357,1.288859,-0.002469,-7.359497,-0.771299,2.997445
-0.192177,1.210937,0.043948,-6.564270,-1.301593,0.747311
-0.199418,1.137725,0.014830,-6.600577,-1.003124,1.514086
-0.210526,1.074309,0.015919,-6.304761,-1.010556,1.014132
-0.258371,0.974545,0.039422,-5.230809,-2.944739,1.842416
-0.266488,0.909149,0.021604,-4.890463,-1.560239,3.727994
-0.283865,0.815482,0.013280,-4.215052,-0.905990,3.460955
-0.303577,0.705641,0.029978,-2.465871,-2.133612,2.721551
-0.315909,0.630208,0.001349,-2.018514,-1.677107,1.196022
-0.344889,0.532273,0.033592,-1.609702,-1.909898,-0.746020
-0.345214,0.445449,0.033146,-0.274646,-1.469700,-2.222837
-0.341193,0.393386,0.020160,-0.242606,-1.448561,-2.198987
-0.378173,0.296597,0.026049,-0.099955,-1.374138,-2.909322
-0.373000,0.230771,0.059001,0.818514,-2.170454,-2.193333
-0.367033,0.169629,0.029784,0.492650,-1.627805,-0.803669
-0.347715,0.083271,0.014367,0.840369,0.741416,-0.712026
-0.360497,0.009731,0.044135,1.112391,-1.801511,-0.835986
-0.361160,-0.068292,0.029302,0.879555,-1.172087,-0.406258
-0.362148,-0.136295,0.002681,0.995602,-1.218265,-1.408183
-0.387571,-0.236990,0.063278,1.313890,-2.063975,-1.987727
-0.358183,-0.303646,0.047953,1.264243,-1.488134,-1.757827
-0.376942,-0.390359,0.035909,0.883907,-1.580403,-2.924451
-0.351707,-0.486219,0.054051,2.114950,-0.843148,-3.676824
-0.322624,-0.530965,0.017400,1.678746,0.205798,-3.598797
-0.331710,-0.621547,0.016126,1.140853,-1.441480,-5.683401
-0.319756,-0.688939,0.016208,2.057382,-2.104408,-7.641066
-0.299746,-0.727928,0.041194,1.257482,-2.492829,-8.273306
-0.286518,-0.767308,-0.003706,0.945260,-0.115556,-9.858514
-0.257327,-0.801560,0.019024,1.993125,0.877556,-10.327072
-0.234517,-0.829835,-0.004314,0.764154,-0.645834,-8.995395
-0.250897,-0.848318,-0.006336,0.940648,-0.109555,-8.893154
-0.211323,-0.882784,0.018411,1.794774,-0.606402,-7.660961
-0.197524,-0.893754,-0.016078,0.910075,-0.250214,-7.655568
-0.194432,-0.934801,-0.016642,1.703680,0.412047,-8.510495
-0.168209,-0.936258,-0.003549,1.824602,-1.683182,-8.945355
-0.167910,-0.944228,-0.009789,0.964314,-0.611768,-10.592582
-0.147060,-0.912598,-0.031039,1.464410,0.286280,-11.526278
-0.120341,-0.880673,-0.002600,1.861201,0.460007,-10.975609
-0.075030,-0.813606,-0.029664,0.717957,-0.519936,-9.029789
-0.057134,-0.763201,-0.050553,0.872931,0.047257,-7.686050
-0.038858,-0.718209,-0.025403,0.897448,0.372110,-5.086105
-0.014279,-0.621190,-0.059226,-0.274422,0.517486,-2.886560
0.007011,-0.562805,-0.056170,0.044562,1.362208,-2.779165
0.030665,-0.497114,-0.033524,0.126511,-1.490133,-1.704685
0.062852,-0.411402,-0.088896,-0.338033,0.910784,-0.748350
0.080219,-0.358581,-0.060942,-0.405195,0.599904,-0.035201
0.122464,-0.273524,-0.066637,0.370586,0.490930,2.090930
0.128911,-0.195313,-0.070317,-0.480586,0.541949,3.430660
0.178719,-0.133442,-0.064116,0.335947,1.394418,5.539791
0.202687,-0.070229,-0.036376,0.705648,-3.114286,7.397370
0.254107,-0.005017,-0.092723,0.339006,1.322841,9.239396
0.262976,0.056102,-0.068594,1.661234,1.366770,9.272459
0.288388,0.141771,-0.073652,1.279211,1.071525,10.905002
0.298193,0.237523,-0.090816,0.526321,1.359870,10.356706
0.327279,0.279213,-0.065899,1.637233,1.077400,11.493378
0.334907,0.337962,-0.067441,1.356578,-0.963324,13.940929
0.315183,0.364885,-0.088738,0.954978,0.600711,16.399652
0.329698,0.383007,-0.093159,1.785888,1.214406,15.590054
0.344482,0.391220,-0.032093,1.839956,-2.520530,15.614365
0.372885,0.390274,-0.065075,1.370985,1.400540,13.581892
0.377615,0.387228,-0.080315,1.971825,2.220713,10.866045
0.393745,0.355960,-0.057099,2.441309,1.486267,9.277870
0.414175,0.388476,-0.097643,1.318344,1.778778,9.857962
0.399909,0.374899,-0.048039,1.134971,2.060248,9.765391
0.420648,0.377017,-0.053002,1.367660,1.540483,11.177926
0.417611,0.363296,-0.061330,-0.084163,1.230953,12.151455
0.413843,0.314368,-0.072917,-0.027583,2.195701,10.382064
0.398524,0.307839,-0.039364,-0.295988,0.494715,8.314987
0.401403,0.275405,-0.056797,-1.317769,1.720157,5.669700
0.400493,0.245079,-0.066490,-0.625909,2.159318,1.959700
0.368109,0.176522,-0.021523,-1.073769,0.706025,-0.064389
0.408194,0.129649,-0.048735,-1.710801,1.008331,-0.111005
0.396128,0.065175,-0.042643,-1.959347,1.298220,-1.418245
0.398767,0.017993,-0.020723,-0.780302,1.406612,-3.279342
0.389215,-0.010751,-0.029106,-1.685264,1.028236,-4.445247
0.382220,-0.056554,-0.053219,-1.283516,2.841494,-7.253413
0.351395,-0.088473,-0.003477,-1.066524,0.983916,-7.819601
0.363559,-0.107278,-0.025013,-1.652472,1.565391,-7.188128
0.337796,-0.131791,-0.031430,-1.296652,2.147587,-7.393029
0.296365,-0.159754,-0.001208,-0.570039,1.756110,-6.625017
0.272196,-0.156340,-0.001294,-0.901913,0.537226,-6.491314
0.228346,-0.194075,0.004257,-1.132737,1.073626,-8.518270
0.246741,-0.223719,0.025018,-0.027619,1.566704,-9.922257
0.214553,-0.235572,0.008603,-0.140758,0.630946,-11.573219
0.182566,-0.254108,0.000420,-0.045643,1.618619,-13.297721
0.164194,-0.247796,0.047720,0.505413,-0.709106,-13.427782
0.179726,-0.249723,0.002166,0.173479,0.934634,-11.903056
0.151353,-0.233809,0.005888,0.785516,1.721707,-10.079967
0.114117,-0.231787,0.034245,1.219711,0.680737,-7.862178
0.088570,-0.193590,-0.000007,0.518401,0.726367,-6.359475
0.032696,-0.163345,0.037019,0.097067,0.300267,-7.516339
0.021264,-0.120234,0.045547,0.225906,-0.412216,-6.914849
0.006863,-0.076406,0.029233,-0.224943,-0.696859,-7.093575
-0.050530,-0.078977,0.010963,-0.478830,0.040376,-6.036887
-0.060404,-0.032999,0.027746,0.468593,-0.342793,-5.156698
-0.077456,0.002329,0.037895,-0.729736,-1.555141,-3.900989
-0.071098,0.038115,0.024188,-1.508708,-0.162390,-3.738574
-0.094813,0.064784,0.040085,-0.564354,0.335202,-4.572249
-0.109781,0.097523,0.023003,-0.745702,-0.182104,-4.591530
-0.117232,0.147794,0.011019,-1.639264,-0.345291,-5.325612
-0.148104,0.186468,0.035469,-1.238478,-0.599854,-4.699097
-0.170848,0.259459,0.029486,-1.086029,-1.056579,-2.577034
-0.217340,0.302679,0.032814,-2.339805,-1.313413,0.424824
-0.226314,0.341287,0.048363,-1.494141,-1.319105,2.760633
-0.269531,0.383703,0.037961,-1.876167,-3.026875,4.712302
-0.279099,0.412493,0.024546,-2.019918,-2.044862,4.054264
-0.310115,0.439120,0.024158,-1.432904,-1.938182,1.936421
-0.335840,0.443696,0.035128,-0.632136,-1.785004,0.048538
-0.342729,0.495729,0.014629,-1.701696,-1.772413,-0.066643
-0.374661,0.500272,0.032906,-1.121371,-1.859023,-0.137236
-0.365024,0.500499,0.034537,-0.217128,-2.091791,2.034738
-0.359910,0.535306,0.024060,-0.799377,-1.338566,4.067181
-0.379187,0.535618,0.021368,-0.898293,-1.215350,4.150017
-0.416985,0.535417,0.031498,-0.343256,-1.426339,4.139145
-0.423615,0.562957,0.052154,-0.475584,-1.660042,3.848977
-0.408070,0.569758,0.003942,-1.215839,-1.043035,3.795368
-0.426875,0.574288,0.022064,-1.141289,-1.729738,3.771908
-0.440979,0.545514,0.037770,-0.509537,-2.108265,5.633311
-0.466589,0.541851,0.038151,-1.080094,-3.184229,8.064961
-0.458389,0.500243,0.010379,-1.736539,-2.203984,9.227611
-0.432691,0.462958,0.017994,-0.112973,-1.834090,9.100552
-0.443481,0.423069,0.032528,-0.465261,-2.707701,8.744096
-0.417136,0.381766,0.008416,-0.903551,-1.650421,7.417926
-0.450498,0.311896,0.027608,-0.589514,-1.916755,5.376915
-0.429222,0.287459,0.015168,0.014163,-1.843507,4.638738
-0.403625,0.246855,0.026000,-0.730688,-2.350512,6.848766
-0.400415,0.191365,0.023426,0.250751,-0.640605,8.137675
-0.413115,0.119887,0.047191,0.352395,-1.495129,10.022058
-0.368562,0.090896,-0.024832,0.291069,3.885516,10.248593
-0.380326,0.002713,0.067135,0.605320,-1.803730,9.344886
-0.338938,-0.057562,0.061804,0.349736,-1.858383,8.230394
-0.343934,-0.149782,0.033927,1.193733,-0.854892,5.811208
-0.352048,-0.262882,0.052607,2.558354,-1.013894,5.379942
-0.325487,-0.348961,0.058706,2.391479,-2.004976,5.921366
-0.298741,-0.446636,0.050638,2.929224,-1.126435,5.048130
-0.281541,-0.537803,0.060255,4.401693,-2.209233,4.224278
-0.281305,-0.627807,0.088996,4.524522,-1.647023,3.262649
-0.237333,-0.716092,0.048386,4.366578,0.307475,1.362528
-0.226268,-0.825180,0.086456,5.232147,-1.239210,-0.938447
-0.165057,-0.916005,0.084857,4.986525,-1.151628,-2.191549
-0.148534,-1.011324,0.078955,5.028163,0.074494,-4.361707
-0.122875,-1.094760,0.090893,6.110087,0.526896,-5.053890
-0.083919,-1.158611,0.101693,5.229235,0.108471,-5.632773
-0.057925,-1.260373,0.062477,4.596503,0.889041,-7.418038
-0.028101,-1.323514,0.103524,5.607175,0.318363,-9.465360
-0.009818,-1.381373,0.104473,4.527559,0.507396,-9.638471
0.026814,-1.417113,0.064982,3.820206,1.546327,-10.084429
0.015270,-1.481055,0.091524,4.034983,1.004787,-10.915178
0.051472,-1.534289,0.090618,3.935824,0.868073,-10.676195
0.067776,-1.555835,0.088185,3.132940,-0.332557,-10.355789
0.080023,-1.587859,0.053858,2.558946,2.270843,-10.960224
0.103791,-1.609946,0.084210,3.304555,0.780859,-12.832047
0.108859,-1.608902,0.091504,1.997318,-0.437434,-14.461132
0.140616,-1.605082,0.073762,2.171980,1.992781,-15.475382
0.169423,-1.580851,0.100321,3.119426,1.511379,-15.694235
0.176749,-1.546286,0.082894,1.851358,1.301870,-13.471751
0.210463,-1.519574,0.093913,2.048087,2.422659,-12.196208
0.223570,-1.473705,0.090395,2.486798,1.173744,-10.147138
0.254957,-1.421626,0.084017,3.149923,2.749984,-7.570811
0.291343,-1.365847,0.032240,2.902647,3.987896,-7.411947
0.284991,-1.320632,0.089341,3.450387,1.911196,-7.941720
0.304564,-1.243252,0.101207,4.140930,0.561805,-7.844533
0.326422,-1.142740,0.054606,3.580746,2.436215,-7.035275
0.330607,-1.076274,0.073063,4.920010,1.250556,-4.880462
0.333489,-0.976507,0.056471,4.860467,1.795641,-2.463488
0.310634,-0.905167,0.041821,3.576022,0.839903,-0.038190
0.333945,-0.813912,0.074343,5.162303,0.948867,2.348661
0.335094,-0.705654,0.076690,4.769267,0.644388,3.873340
0.363395,-0.599220,0.053349,3.909239,1.596748,3.957888
0.358541,-0.499182,0.043059,4.049071,2.518414,3.121991
0.367443,-0.419336,0.061437,4.633535,2.460013,4.062395
0.383536,-0.311603,0.032335,2.688185,1.943209,5.770448
0.379328,-0.260062,0.046521,3.062133,3.139730,7.132193
0.386195,-0.176475,0.057019,3.702117,3.079862,9.256833
0.358856,-0.123861,0.047431,2.419169,2.639608,9.994987
0.359145,-0.046989,0.046197,2.540206,2.500403,9.775328
0.354031,-0.000993,0.051915,2.468590,1.048958,9.168316
0.366642,0.055022,0.052266,2.209339,1.988940,9.048214
0.334799,0.116256,0.011403,0.689928,1.449104,8.569640
0.308359,0.139716,0.063689,2.197109,0.741318,8.396169
0.327325,0.207331,0.025363,0.703232,0.120845,9.843599
0.314878,0.217487,0.043751,-0.467824,0.260556,9.807515
0.306274,0.235671,0.061109,0.245384,0.157566,9.418624
0.269281,0.263950,0.033855,-0.484659,-0.085988,9.482634
0.268454,0.266123,0.028770,-0.227024,2.163031,8.620971
0.249574,0.262243,0.052784,0.167371,0.184308,6.595926
0.241807,0.256308,0.038548,-0.155693,1.456427,6.088628
0.214448,0.248191,-0.007852,-0.284152,2.035826,6.297867
0.164371,0.205063,0.055358,0.178623,0.812009,5.211793
0.167910,0.192419,0.064611,0.912642,1.473574,5.334336
0.148379,0.175803,0.051511,0.124768,1.149404,5.268618
0.124447,0.139552,0.053920,0.751054,1.523201,3.807690
0.062412,0.084272,0.081361,1.383301,-0.084717,2.004761
0.050947,0.056358,0.083439,1.042662,-0.545122,1.298758
0.016589,0.014228,0.045924,0.939636,0.139831,0.134634
0.006260,-0.029280,0.062756,1.586697,0.154848,-0.627020
-0.018392,-0.063615,0.073096,1.736219,-0.752582,-0.506981
-0.030432,-0.104258,0.063744,1.291008,-0.136659,-0.700605
-0.069158,-0.158812,0.053306,0.973078,0.260894,-1.933966
-0.097840,-0.215664,0.107788,1.607961,-2.941837,-2.754775
-0.071964,-0.227084,0.063374,0.986205,-0.428993,-2.397993
-0.097443,-0.282245,0.077481,0.919991,0.618972,-3.076953
-0.130188,-0.342881,0.088937,1.010550,-0.053058,-4.001764
-0.143525,-0.376533,0.077317,1.807444,-0.663707,-3.815462
-0.162727,-0.422402,0.081604,0.433386,-0.291727,-2.913356
-0.169774,-0.451031,0.088471,1.340150,0.127827,-3.542396
-0.203278,-0.489866,0.098085,1.049077,-1.058633,-3.609768
-0.221614,-0.532413,0.075696,0.545101,0.062339,-4.214800
-0.237603,-0.564620,0.083849,1.883718,-0.157646,-5.661920
-0.251169,-0.600530,0.112781,1.751968,-1.727374,-5.380667
-0.259533,-0.636424,0.102891,1.307221,-2.011495,-6.101930
-0.304019,-0.684820,0.093795,1.947733,-0.904493,-6.872201
-0.333978,-0.718265,0.121433,3.172624,-3.705985,-6.730718
-0.301955,-0.740664,0.082083,3.069969,-0.844004,-6.598688
-0.327499,-0.787488,0.096694,3.385391,-0.505877,-7.871345
-0.339604,-0.812070,0.113693,4.180618,-1.538059,-7.486525
-0.366629,-0.839160,0.135403,3.759980,-3.792366,-8.090507
-0.380139,-0.867458,0.093733,3.997592,-0.650445,-8.611933
-0.383172,-0.877840,0.108576,5.313883,-1.532784,-9.424087
-0.388982,-0.883237,0.117425,4.005798,-1.341198,-8.118139
-0.397487,-0.892766,0.088494,3.773753,-0.945238,-8.335516
-0.434926,-0.898274,0.120819,4.372358,-1.834542,-8.257223
-0.434240,-0.886565,0.096959,3.413601,-1.301835,-7.994359
-0.428483,-0.856393,0.065954,3.033399,-0.938145,-9.175516
-0.442269,-0.852408,0.113683,2.347350,-1.627923,-9.633849
-0.432570,-0.829874,0.097616,1.972154,-1.089235,-9.402818
-0.443714,-0.798799,0.061755,0.971280,-1.186228,-9.659141
-0.436788,-0.778638,0.071895,0.737665,-0.763053,-9.295752
-0.428444,-0.715484,0.084417,0.369628,-1.662224,-8.226964
-0.422785,-0.668614,0.086610,-0.503087,-1.831746,-6.578323
-0.410866,-0.594723,0.029410,-1.660468,-0.710832,-5.956925
-0.414628,-0.530437,0.065760,-1.152386,-1.096493,-4.843909
-0.398376,-0.457403,0.051974,-1.709573,-1.384261,-2.932194
-0.381078,-0.368895,0.047782,-2.970499,-2.311707,-1.587254
-0.360678,-0.310937,0.025081,-2.431408,-0.875939,0.188817
-0.351441,-0.229079,0.045337,-2.013077,-3.096840,1.809387
-0.342595,-0.156797,0.029400,-2.448526,-1.519284,3.754458
-0.317560,-0.068236,0.021752,-1.525452,-0.959175,4.001474
-0.307269,-0.000126,0.037032,-1.284488,-2.816179,5.707104
-0.271510,0.082316,0.008550,-0.984434,-0.878529,6.870827
-0.256697,0.150518,-0.003588,-0.131903,-0.931094,7.506694
-0.253217,0.201869,0.007661,1.235226,-1.374276,10.328587
-0.217071,0.272602,-0.034003,1.198512,-0.183407,12.690052
-0.217514,0.305157,0.006000,1.953614,-1.301110,12.747586
-0.167651,0.348367,0.002209,3.345381,-0.575258,14.222721
-0.161516,0.370852,-0.003683,3.067513,-0.704304,14.332459
-0.130549,0.399656,-0.014023,3.644181,0.154539,13.754809
-0.117032,0.405383,0.020955,4.430739,-1.323936,13.665310
-0.065324,0.427494,-0.012116,4.124179,-0.188315,14.176593
-0.067664,0.418851,-0.017460,3.286287,-1.121830,14.461959
-0.043591,0.393350,-0.013974,4.125029,0.400857,14.419521
-0.021825,0.383847,-0.014171,3.750001,-0.723716,15.123772
0.006877,0.357647,-0.013357,2.571215,-0.641773,14.925251
0.024132,0.321383,-0.015379,1.872778,-0.371934,12.910907
0.017837,0.280608,0.026696,1.400116,-4.138184,11.472090
0.053927,0.241908,-0.032228,0.065152,-0.070852,10.500269
0.092509,0.172320,-0.001750,0.738351,0.776814,8.459332
0.129029,0.117858,-0.020539,-0.535252,-0.879202,8.603117
0.142156,0.046741,-0.042843,-1.497630,1.177101,6.685708
0.152203,-0.029267,-0.016528,-1.007795,1.496683,4.822422
0.186245,-0.076006,-0.043700,-1.520919,0.805775,3.765833
0.203324,-0.143933,-0.018789,-2.624615,0.024801,1.325068
0.229413,-0.220394,-0.020214,-2.267066,1.646605,-1.398091
0.225638,-0.280975,-0.012244,-1.880775,1.349396,-3.422689
0.232367,-0.342993,-0.027839,-2.106259,1.176074,-4.851446
0.281528,-0.395072,-0.038664,-1.531695,2.332053,-7.446741
0.281512,-0.465829,0.011409,-0.981420,0.907666,-8.888190
0.313998,-0.500984,0.000397,-0.830871,1.667504,-9.170426
0.318114,-0.537701,-0.022892,-0.508109,2.595374,-10.340002
0.336909,-0.591671,-0.003575,0.538464,1.814101,-11.523523
0.378291,-0.597724,0.020186,1.240187,1.941778,-12.043910
0.380835,-0.627075,-0.009743,0.980536,2.622316,-13.635686
0.382870,-0.630384,-0.002892,2.525934,3.401340,-13.757619
0.383034,-0.657027,0.029344,2.343989,1.754853,-13.092994
0.419056,-0.631510,-0.005902,2.524585,2.564391,-12.842428
0.397273,-0.628890,0.001037,1.988067,2.357699,-13.108717
0.398714,-0.604124,0.016989,2.970596,1.811675,-13.005520
0.402338,-0.578538,0.012785,2.371039,1.406196,-11.364320
0.412944,-0.556824,0.009026,1.837590,2.015633,-11.355202
0.424531,-0.516496,0.025241,2.093798,1.672671,-11.287873
0.420661,-0.481286,0.011396,2.093328,2.262978,-10.087564
0.387948,-0.413887,-0.007186,0.750542,2.546170,-9.317719
0.353348,-0.388084,0.026876,0.383943,1.487879,-9.123379
0.376607,-0.330139,0.043521,0.689538,1.316119,-8.070934
0.376023,-0.251292,0.015525,-1.003517,1.551775,-6.604246
0.349366,-0.196317,0.007579,-0.419805,1.453699,-6.252478
0.316181,-0.133377,0.012151,-0.936536,-0.190445,-4.234170
0.308654,-0.068890,0.013090,-1.805526,2.003658,-3.369954
0.295803,-0.002880,0.020600,-1.868256,1.575688,-2.764641
0.281256,0.062602,0.020465,-1.472713,1.324899,-1.311568
0.242621,0.143136,-0.004488,-2.601983,0.918350,0.075438
0.226656,0.225624,-0.010609,-2.127559,2.565671,-0.336835
0.190782,0.282377,0.026085,-2.217829,-0.777584,0.480117
0.198440,0.355638,-0.003234,-2.504636,1.161966,1.236459
0.176401,0.430044,-0.023138,-2.049805,1.226961,1.695543
0.129489,0.484421,0.021736,-1.456271,0.000646,2.464286
0.121201,0.567437,-0.010196,-1.816095,0.040363,4.291809
0.088530,0.638834,-0.017726,-1.635204,0.395129,3.752456
0.056002,0.670746,0.003361,-0.979152,0.172612,4.822708
0.049880,0.751339,-0.011834,-1.476235,-0.486163,5.555055
0.020636,0.807151,-0.011420,-2.040165,-1.325138,4.967704
0.017879,0.842637,-0.018362,-1.190985,0.364727,5.550678
0.007789,0.902831,-0.029674,-0.589875,5.143697,6.932547
-0.041576,0.924357,-0.005554,-1.324826,-0.068995,7.581016
-0.047198,0.954936,-0.033360,-1.426631,0.152553,7.452714
-0.078598,0.962512,0.005379,-0.957433,-1.121610,6.444178
-0.073251,0.988056,-0.026854,-1.531820,-1.392763,8.316839
-0.100039,0.992320,-0.019662,-2.547334,-0.979865,8.055077
-0.128560,0.979082,-0.005764,-1.675794,-1.470353,8.358118
-0.148110,0.988200,-0.001396,-2.146210,-1.927065,8.523947
-0.161687,0.956229,-0.034883,-2.503891,-0.881109,8.615724
-0.166696,0.946037,-0.015543,-1.675502,-1.703767,9.515184
-0.197593,0.901816,0.003673,-2.854964,-2.180643,10.205163
-0.209613,0.853794,-0.015894,-3.218823,-1.214612,9.850361
-0.241082,0.798114,0.009289,-2.154036,-1.609568,9.326150
-0.233720,0.754221,0.002356,-2.157282,-1.110985,9.819888
-0.247217,0.705497,-0.004107,-2.664957,-1.909162,8.939748
-0.270201,0.607887,0.002786,-1.918681,-1.321816,8.718086
-0.297360,0.547159,-0.014834,-1.618988,-1.388558,9.989799
-0.328142,0.462042,-0.008469,-1.589177,-1.276705,9.338130
-0.335291,0.369749,-0.003332,-0.561557,-1.692144,7.931527
-0.356834,0.275944,0.036835,-0.488037,-4.138145,7.126043
-0.354549,0.185437,-0.009260,-0.551333,-1.320562,6.053688
-0.380513,0.087197,0.002149,1.136651,-2.594828,4.318128
-0.378268,-0.021366,0.011669,1.742058,-1.592082,3.638835
-0.355721,-0.105692,-0.014755,1.608003,-0.698697,1.076049
-0.397290,-0.211262,0.015548,1.292965,-1.495158,-0.739517
-0.399522,-0.323134,0.035821,2.673794,-1.129242,-0.970531
-0.400687,-0.400101,0.010408,2.170298,-1.253580,-0.407762
-0.386202,-0.503639,0.000856,2.678567,-0.142265,-2.615195
-0.376230,-0.578567,0.021066,2.850751,-0.781566,-5.515321
-0.382099,-0.656007,0.032676,2.442068,-1.960939,-6.757895
-0.373811,-0.723809,0.010615,1.592914,-0.473259,-8.594688
