-0.845959,0.357089,0.017588,-2.848659,-1.414867,-10.245044
-0.838173,0.365279,0.046730,-2.317196,-3.167666,-9.280279
-0.820408,0.380743,0.024826,-2.255653,-2.780349,-7.716351
-0.774940,0.405377,0.036282,-2.160995,-3.750401,-6.531449
-0.746622,0.425134,0.010541,-3.147929,-3.262073,-6.399311
-0.684059,0.451614,0.037680,-2.102485,-3.635210,-5.599639
-0.664331,0.473363,0.002768,-2.331031,-2.780765,-4.975923
-0.600560,0.512477,0.005361,-2.399789,-3.467058,-2.613341
-0.567595,0.549145,0.022623,-2.228380,-2.824599,-1.121597
-0.517544,0.575903,0.016741,-2.561875,-3.874201,2.120616
-0.472338,0.602954,-0.006413,-1.749088,-2.280469,3.807550
-0.450051,0.630704,0.004997,-2.566770,-2.758652,6.358954
-0.418424,0.653868,0.001521,-1.944922,-3.056346,6.427856
-0.378024,0.687962,0.013436,-2.856222,-2.455627,7.437311
-0.325905,0.711750,0.004517,-2.207825,-1.691180,7.027604
-0.299771,0.721256,0.006608,-2.824297,-1.825277,8.435301
-0.263559,0.718046,0.009553,-2.046355,-1.567038,9.472431
-0.236971,0.716405,0.014673,-2.339943,-2.677969,11.527780
-0.191280,0.703968,0.020529,-1.856722,-0.963273,11.846082
-0.163005,0.706994,0.007380,-1.671038,-1.835141,12.593402
-0.148746,0.668255,-0.001017,-0.569586,-1.041756,11.322291
-0.132356,0.669587,-0.012148,-1.023229,-1.293640,11.760264
-0.109383,0.618381,-0.002034,0.339258,-0.922649,9.912544
-0.082398,0.608721,-0.016950,-0.734815,-1.318695,10.260660
-0.082529,0.544494,0.024130,0.655794,-3.386785,8.975248
-0.036923,0.519859,-0.028596,-0.041905,-0.569849,10.094771
-0.025385,0.448026,0.030199,1.117016,-0.412145,9.388407
0.034785,0.411476,-0.019707,0.223674,0.307645,9.607068
0.070554,0.343881,0.019709,1.390023,0.332841,8.061454
0.105361,0.272658,-0.005908,0.702083,0.847855,6.991669
0.146884,0.199811,-0.011813,1.425529,1.097337,5.625707
0.158793,0.130634,-0.004437,0.643331,0.984585,3.825074
0.209132,0.067378,0.003280,0.808739,1.126548,2.917510
0.232579,-0.008420,-0.018112,0.564884,1.515280,1.325391
0.260423,-0.086142,-0.015026,0.821147,1.210407,0.758660
0.292542,-0.139262,-0.036444,-0.141717,2.535357,-0.189741
0.308816,-0.218569,0.007563,0.057330,0.619398,-1.383707
0.335815,-0.252998,-0.021240,-0.919386,1.190339,-2.332784
0.364592,-0.309118,0.002289,-0.819507,0.399031,-3.325061
0.387395,-0.369978,-0.016237,-1.062185,1.152236,-4.694181
0.409134,-0.400862,-0.016924,-1.362298,0.474514,-4.700223
0.406315,-0.466340,-0.005694,-0.844995,2.392998,-5.949628
0.441315,-0.475991,-0.024263,-1.656158,1.607589,-4.517623
0.443948,-0.519838,0.004508,-0.893746,2.276550,-5.684077
0.466200,-0.544318,-0.007985,-0.912417,2.272099,-4.770534
0.470217,-0.560540,-0.022619,-0.825796,3.145191,-5.998714
0.468799,-0.565890,0.000789,-1.044745,2.627784,-4.709763
0.477012,-0.555462,-0.013086,-0.390214,2.846119,-4.656928
0.491842,-0.548943,-0.001663,-0.459237,2.862987,-3.160809
0.488884,-0.547837,-0.017957,0.874799,3.305519,-3.273777
0.501489,-0.514881,-0.025809,1.008171,2.526380,-1.979860
0.483770,-0.525900,-0.002520,1.664609,4.047560,-2.783578
0.504473,-0.488868,-0.019100,1.636390,2.549541,-1.563102
0.496198,-0.454215,-0.009298,2.560068,2.885032,-2.548720
0.474189,-0.430247,-0.009581,2.217460,1.538264,-1.583628
0.469085,-0.391918,-0.020748,2.721902,1.781456,-1.424315
0.460373,-0.347375,0.007754,2.492830,0.123234,0.267683
0.440518,-0.316687,-0.001795,2.905827,1.128310,0.257290
0.434166,-0.249890,-0.020134,2.307520,0.904153,1.275712
0.408048,-0.217856,-0.017065,3.041802,1.489198,0.248724
0.392427,-0.154942,-0.025720,1.916204,1.066292,0.952153
0.346725,-0.138595,-0.003058,2.402248,1.965270,-0.476750
0.332217,-0.061012,-0.022047,0.758692,1.333006,0.685817
0.280945,-0.018366,0.006956,0.848598,0.876505,0.019421
0.269772,0.049072,-0.033155,-0.407329,1.393814,1.408250
0.214998,0.085651,-0.005609,-0.151029,0.740434,0.930309
0.187744,0.131096,-0.025021,-0.784455,0.624417,2.037478
0.129736,0.177451,-0.021670,-0.614575,0.742542,1.173764
0.090465,0.216446,-0.029252,-1.717291,0.069425,1.058149
0.059935,0.259394,-0.029334,-1.101276,0.621836,-0.525212
0.005076,0.282663,-0.030204,-2.395813,-0.479162,1.056723
-0.027328,0.315228,-0.024352,-1.683984,-0.317985,1.654582
-0.052573,0.338291,-0.015512,-2.158240,-0.470316,3.646844
-0.089435,0.369618,-0.022343,-1.480624,-0.728303,3.178984
-0.119630,0.404100,-0.023016,-2.174226,-1.187519,3.718469
-0.159679,0.427898,-0.025130,-1.001391,-0.631376,2.526384
-0.177841,0.437739,-0.024158,-1.606971,-0.373668,2.195839
-0.200116,0.454325,-0.006095,-0.595367,-0.392903,0.550509
-0.216239,0.470399,-0.014744,-1.399078,-0.887320,1.356725
-0.240588,0.479002,0.006575,-0.265915,-0.050673,1.248870
-0.250249,0.490875,-0.026564,-0.869949,-0.186251,2.433877
-0.261507,0.499675,0.012947,0.049593,-0.361073,2.678247
-0.270646,0.510537,-0.008895,-1.188382,-0.795386,3.211854
-0.275517,0.513120,0.017499,-0.231046,-1.583847,2.728606
-0.288377,0.523191,-0.003544,-0.771401,-0.441106,2.339742
-0.329237,0.514118,0.012632,-0.332772,-2.319494,1.788771
-0.354505,0.520427,0.005912,-1.361278,-3.411568,1.163768
-0.374121,0.492470,0.015986,-0.382291,-3.245394,0.146281
-0.407454,0.520653,-0.033638,-2.564800,-3.396738,-0.391419
-0.468934,0.504438,0.045781,-1.922798,-7.247744,-0.802660
-0.483193,0.538224,-0.026098,-3.165266,-3.337638,-0.471469
-0.541483,0.539396,0.037414,-3.239321,-3.875130,-0.972607
-0.535949,0.574554,0.001310,-4.629674,-3.635397,0.365706
-0.563190,0.585974,0.027061,-4.451234,-2.683658,1.246413
-0.568967,0.605314,-0.005051,-5.454626,-1.334543,3.508053
-0.596615,0.613376,-0.004175,-4.664540,-1.183459,3.882480
-0.617137,0.620334,0.012848,-5.947228,-1.319119,4.918940
-0.614540,0.630247,0.032835,-4.910637,-2.338995,4.110327
-0.631573,0.641142,-0.011163,-5.669061,-1.103620,3.971483
-0.636454,0.624474,0.025637,-4.419926,-3.389185,3.748635
-0.652984,0.635956,-0.011967,-4.371142,-2.460196,2.685328
-0.677583,0.626597,0.029063,-2.804815,-3.350728,2.447167
-0.647808,0.645028,-0.001312,-2.897180,-2.367234,2.621613
-0.659316,0.622566,0.008883,-1.201991,-4.256481,3.403109
-0.654248,0.600971,0.006589,-0.914614,-4.283521,4.155569
-0.642520,0.593980,0.010564,0.492870,-3.878498,4.907041
-0.643360,0.564733,0.008322,0.451078,-3.027697,3.443795
-0.619277,0.565314,0.050186,1.015329,-4.223220,3.324394
-0.625901,0.528331,0.032126,1.242713,-3.448105,2.050079
-0.601256,0.476327,0.031591,2.545355,-2.718166,1.792923
-0.582316,0.450662,0.020647,2.049205,-2.577796,1.654595
-0.575597,0.366142,0.059951,2.758878,-2.520284,2.392945
-0.533178,0.334526,-0.000531,2.682666,-0.363066,1.993118
-0.539943,0.257198,0.053061,2.356021,-1.613481,0.614170
-0.479054,0.233837,-0.005113,1.582731,0.421352,0.308113
-0.465429,0.160773,0.046477,1.786009,-0.712445,-1.382346
-0.419301,0.122296,0.019275,-0.079860,-0.463397,-1.445555
-0.403778,0.067030,0.068298,0.333823,-1.103262,-2.570118
-0.365039,0.033027,0.023930,-1.381678,-1.682107,-1.509607
-0.340135,-0.028801,0.020569,-1.245115,-1.632040,-1.508040
-0.315320,-0.079295,0.035786,-2.717220,-1.992904,-0.620021
-0.277522,-0.138379,0.028991,-2.655296,-2.641429,-0.480680
-0.232930,-0.185977,0.002591,-3.326099,-2.245061,-0.169983
-0.209231,-0.250244,0.024340,-2.592063,-2.074043,-1.808001
-0.165342,-0.282780,-0.009988,-3.574202,-1.544907,-1.521844
-0.146898,-0.328159,0.038231,-2.299388,-1.255669,-2.442190
-0.095068,-0.374629,0.012261,-2.460484,-0.788686,-1.429631
-0.070479,-0.414550,-0.010487,-1.006964,0.729202,-2.283816
-0.031231,-0.446029,0.031154,-0.817219,0.650811,-2.553363
0.009018,-0.472672,0.014368,-0.038671,1.724595,-4.236610
0.046363,-0.485973,0.014378,0.819910,1.958006,-4.116514
0.095254,-0.520310,0.007367,1.959533,3.044109,-5.307668
0.148420,-0.530266,-0.006928,2.817283,2.666845,-4.603340
0.193458,-0.535275,0.018481,2.962813,3.268375,-4.453480
0.262068,-0.559325,0.020040,3.714472,2.189739,-3.322664
0.306269,-0.577014,0.015070,4.802948,2.228150,-3.269934
0.366407,-0.583176,0.034486,4.591953,1.024622,-2.995091
0.420354,-0.613971,0.024406,5.647614,1.662609,-3.305746
0.488825,-0.594940,-0.012161,4.930014,2.460980,-3.946158
0.531976,-0.600481,0.034985,5.713519,1.431407,-3.497786
0.570302,-0.592898,-0.004690,4.214128,1.408621,-2.494435
0.630499,-0.592170,0.018540,4.951764,2.053302,-1.498145
0.665453,-0.568385,0.012310,2.925669,1.851149,0.290503
0.719177,-0.566737,0.011174,3.134357,2.731985,0.879846
0.753800,-0.516552,-0.011957,1.803381,3.817300,1.724835
0.753170,-0.529948,0.026040,1.210093,2.921982,2.029597
0.801402,-0.496293,-0.039329,0.075791,5.263618,3.440544
0.806254,-0.507433,0.014627,0.905828,4.111558,3.676758
0.813583,-0.510253,-0.036021,-0.326337,4.426961,4.871284
0.819800,-0.527318,-0.010480,1.012116,4.954324,4.033140
0.821176,-0.531871,-0.022871,0.089699,4.701540,4.949521
0.824058,-0.545799,-0.019704,0.898656,4.247536,3.861455
0.836419,-0.547331,-0.028497,1.053682,5.035902,4.521781
0.820952,-0.568208,-0.029482,1.666779,3.823675,4.415407
0.830403,-0.555108,-0.019658,1.672277,1.727687,4.853370
0.831955,-0.571293,-0.027555,3.184037,5.076499,3.854284
0.830613,-0.562680,-0.012965,2.863641,2.978197,4.193711
0.835842,-0.553548,-0.027102,3.210516,4.193021,3.781817
0.838339,-0.563754,-0.004926,4.191627,3.121312,4.167360
0.845994,-0.551270,-0.043564,3.821328,3.707381,3.747099
0.823703,-0.566412,0.018599,4.136863,2.107393,3.212754
0.842564,-0.548510,-0.029413,3.891323,4.287539,2.370254
0.849752,-0.546225,-0.008264,4.474573,4.160758,2.296904
0.832841,-0.542572,-0.022720,4.164524,4.398088,1.891158
0.833439,-0.537113,-0.010194,4.461168,4.383862,1.875324
0.803969,-0.519792,-0.038991,3.245881,4.567810,2.398964
0.774745,-0.524538,-0.004913,3.643168,3.688359,2.242187
0.747938,-0.502543,-0.032046,2.469076,3.681207,2.639949
0.717933,-0.504880,0.015323,2.568442,2.235736,2.519946
0.708010,-0.475203,-0.006137,1.347765,2.696010,3.359820
0.673312,-0.478233,-0.002809,1.736097,2.331107,2.171950
0.649484,-0.464584,-0.024040,1.044327,3.758161,2.036089
0.600192,-0.473992,-0.016228,1.432462,2.036256,0.771611
0.572258,-0.469282,-0.007276,0.420880,1.277435,0.343751
0.542831,-0.494885,-0.003469,1.481869,2.503931,0.064881
0.504647,-0.494671,-0.038758,0.647536,2.406558,-0.196944
0.426814,-0.532518,-0.003203,2.168660,1.801227,-2.101177
0.387799,-0.517885,-0.020416,1.479351,1.797961,-2.519790
0.331807,-0.550292,0.018015,2.619493,1.693550,-3.830715
0.295506,-0.553273,-0.007119,1.686267,1.963888,-3.199579
0.240020,-0.568398,0.025213,3.024513,1.576271,-3.742219
0.186227,-0.563711,-0.002386,2.427024,1.814340,-3.404996
0.124094,-0.544768,0.006677,3.047385,1.081135,-4.183014
0.079630,-0.522418,0.012861,2.095514,0.120087,-4.094373
0.030367,-0.534783,0.009238,2.520990,0.528471,-4.299838
-0.024676,-0.493483,-0.011064,2.020392,0.377161,-3.294491
-0.087728,-0.506419,0.016653,2.478020,0.159138,-3.948692
-0.109855,-0.459861,-0.026915,1.486468,-0.407884,-4.148994
-0.160579,-0.447959,0.042489,1.707097,-2.624235,-4.969457
-0.169957,-0.409515,-0.019077,0.361428,0.012143,-4.661273
-0.197887,-0.387946,0.025243,0.922075,-0.394429,-5.178418
-0.221517,-0.347966,-0.015801,-0.217141,0.112159,-3.998195
-0.250432,-0.302067,0.019443,0.004775,-0.927793,-3.693188
-0.260962,-0.255289,-0.010858,-0.869128,1.125622,-2.669987
-0.276518,-0.209082,-0.001250,-0.408500,-0.900013,-2.081568
-0.294187,-0.164149,-0.010368,-1.857762,0.727571,-1.537419
-0.306624,-0.120102,0.024898,-0.910940,-0.684380,-2.556561
-0.318779,-0.059144,0.005377,-2.200938,-1.108268,-1.851094
-0.307793,-0.020976,0.023303,-1.223277,-0.061367,-2.802207
-0.307954,0.037774,-0.000725,-1.383759,-0.770127,-1.365658
-0.309155,0.055637,0.008364,-0.781185,-0.328278,-1.006375
-0.289250,0.105251,0.000582,-0.625992,-1.154238,0.582831
-0.310832,0.121742,0.019032,-0.098300,-1.263911,0.009487
-0.276826,0.173768,-0.001210,-0.112523,-1.576199,0.324729
-0.295681,0.181814,0.027258,0.970173,-1.447971,-0.562092
-0.274040,0.211923,0.006841,0.923490,-1.599380,0.440375
-0.274214,0.230551,0.031154,1.939759,-1.212666,-0.558061
-0.260280,0.266189,0.022902,1.372452,-1.811701,0.949068
-0.264704,0.256249,0.018090,2.382688,-0.880197,1.126227
-0.238776,0.292927,0.003411,1.830329,-0.828276,2.234858
-0.242489,0.261741,0.059767,2.376349,-0.940122,2.526529
-0.211929,0.267981,0.021816,1.438878,-0.999284,3.496970
-0.216978,0.259253,0.037270,1.582804,-1.151799,2.727599
-0.219108,0.247137,0.048948,1.090067,-1.819595,2.941092
-0.213735,0.223888,0.028184,0.888066,-0.687042,2.166844
-0.200753,0.207371,0.048387,0.856620,-2.777292,3.152666
-0.187931,0.164213,0.024205,0.522051,-0.680651,4.060271
-0.168092,0.136755,0.043398,0.318720,-1.866140,4.815833
-0.142903,0.097304,0.010419,0.520183,0.861527,4.429924
-0.123415,0.064870,0.013016,-0.052546,-0.421112,4.310608
-0.125880,0.003554,0.023880,-0.463393,0.658452,2.692231
-0.091762,-0.026477,0.039137,-0.648693,-0.497550,2.834362
-0.075889,-0.070173,0.022377,-1.083425,0.028841,1.790239
-0.051221,-0.127232,0.037798,-0.613288,-0.213731,2.174383
-0.026872,-0.158713,-0.002248,-0.938696,0.559096,1.879940
-0.014543,-0.223873,0.046759,-0.408425,-1.809219,2.374443
0.030702,-0.269479,-0.000268,-0.134000,0.371045,1.535292
0.068470,-0.333467,0.032602,0.817435,0.681443,1.180393
0.132077,-0.379661,0.010570,0.860756,1.952770,0.847312
0.179830,-0.439490,0.013968,2.253774,1.874313,-0.647292
0.221750,-0.498311,0.005417,1.783709,2.856350,-0.846939
0.262449,-0.582480,0.034470,3.626821,1.694616,-1.214695
0.337876,-0.613108,-0.005694,3.097190,2.641672,-0.591344
0.385580,-0.687104,0.033652,4.223558,2.319580,-1.047871
0.459480,-0.756068,0.015563,4.667334,3.085054,-0.863090
0.498568,-0.818097,0.020391,5.816378,2.737523,-2.971097
0.556332,-0.868154,0.026881,5.612755,2.471517,-3.096474
0.618849,-0.946263,0.045787,6.348878,3.076218,-4.714784
0.690997,-0.981434,0.008581,5.854369,3.302214,-3.921672
0.719903,-1.070119,0.040979,6.801257,3.427215,-5.119124
0.781964,-1.098883,0.010675,5.647326,3.969546,-4.603083
0.823591,-1.155597,0.022023,6.331793,2.896078,-5.817465
0.858054,-1.199135,0.019702,5.232725,2.768552,-5.412624
0.895966,-1.240133,0.026195,5.425643,3.726338,-6.008231
0.926342,-1.268257,0.005029,4.447638,3.392435,-5.685776
0.925958,-1.326222,0.010015,4.434869,4.879402,-6.822317
0.965714,-1.324567,-0.005622,3.033097,4.487571,-5.495515
0.980101,-1.356551,-0.002763,3.660575,5.274585,-5.829709
0.990513,-1.368463,0.003457,2.453957,4.976989,-3.957848
1.003827,-1.379099,0.013823,2.486293,5.299256,-3.611186
1.034442,-1.378481,-0.002353,1.927287,4.900761,-2.857111
1.012516,-1.410511,0.006428,2.580837,5.279978,-3.296804
1.040492,-1.394030,0.009356,2.029243,3.032092,-3.057762
1.046285,-1.393144,-0.013838,2.808930,5.622789,-3.393963
1.048366,-1.389931,-0.016418,2.950265,5.640659,-2.109879
1.065228,-1.373013,-0.002015,4.201363,5.757113,-0.903602
1.069023,-1.357067,-0.013447,4.174020,5.235268,0.739104
1.094320,-1.367426,-0.015896,5.745146,6.356194,0.306886
1.118368,-1.333689,-0.013674,5.620197,6.345139,1.673346
1.123803,-1.348802,0.024422,7.357595,6.415107,0.730866
1.165261,-1.303261,-0.017462,7.067519,6.438360,1.865829
1.167138,-1.295272,0.013587,7.684978,6.110806,1.717949
1.200786,-1.265392,0.000490,8.060516,5.699208,2.852190
1.198541,-1.254855,0.008131,8.560565,6.402352,2.297070
1.211106,-1.236831,0.002262,8.729371,5.318658,3.045877
1.211704,-1.200416,-0.006686,8.334228,5.821731,1.875404
1.191261,-1.187210,0.017897,8.261998,4.003090,2.137172
1.202470,-1.138325,-0.023387,8.169489,5.417758,0.860976
1.159831,-1.126331,0.029438,6.744937,0.716703,0.661947
1.182539,-1.100410,-0.007470,6.316021,5.488636,0.301164
1.171231,-1.067198,-0.001158,5.514138,4.757371,0.640374
1.161505,-1.049742,-0.022855,5.011922,6.143078,0.155603
1.140951,-0.991994,-0.025136,4.312900,5.425295,0.786257
1.091159,-0.971787,-0.017363,2.796850,5.573720,0.890762
1.068770,-0.930960,0.017470,2.100264,0.421510,1.576788
1.034452,-0.918211,-0.008376,1.408885,5.015604,2.048558
1.012558,-0.895625,-0.013785,1.485881,4.385717,3.257420
0.959031,-0.869641,-0.020672,1.013085,4.683805,2.709071
0.910057,-0.875904,-0.005783,1.297410,2.381427,2.833714
0.870950,-0.854935,-0.022208,1.778828,3.972300,1.008381
0.823096,-0.857827,-0.010109,1.937360,3.332409,1.272202
0.772523,-0.852316,-0.015335,3.091849,4.130478,1.005125
0.709038,-0.852277,-0.015286,3.298594,2.989824,1.565568
0.665595,-0.856258,-0.022159,4.752842,3.616070,0.737542
0.607384,-0.849496,0.005798,4.222321,2.618777,1.030134
0.570834,-0.859442,0.008965,5.346855,3.078670,-0.149494
0.523495,-0.850265,0.017687,5.868569,2.617612,-0.201738
0.469709,-0.861310,0.015484,6.358676,2.951626,-0.898332
0.453815,-0.824202,-0.000505,6.775490,2.788105,-1.202553
0.418841,-0.819058,0.014700,6.589871,3.120183,-1.951810
0.410858,-0.805407,-0.006988,6.232594,4.042837,-0.845523
0.369355,-0.807182,0.018750,6.353752,3.295983,-1.927396
0.354114,-0.775143,0.018041,4.981490,2.699706,-0.852355
0.355591,-0.757178,0.017023,5.320441,3.510799,-1.544402
0.352965,-0.708965,-0.012171,4.087216,3.421783,-1.256963
0.305222,-0.710889,0.021360,2.739654,1.929265,-3.170245
0.308390,-0.678406,0.016367,1.698533,1.772135,-2.149341
0.287221,-0.655311,0.011384,1.873956,1.152148,-2.336362
0.283627,-0.630436,0.004084,0.390537,0.557340,-1.429454
0.272188,-0.602191,-0.001434,0.385528,-0.021564,-1.496390
0.260982,-0.578551,0.028210,0.093293,-0.465717,-1.183423
0.243650,-0.577300,0.002272,0.348824,1.138532,-1.574391
0.228837,-0.555574,0.014870,0.104959,0.437318,-1.366167
0.191335,-0.550007,-0.002074,0.016326,1.179756,-2.143696
0.166999,-0.540612,0.028256,0.803284,-0.846326,-2.712690
0.111985,-0.532892,0.029123,0.687211,0.321779,-3.197216
0.099758,-0.522585,0.036272,1.461495,-0.176176,-2.335415
0.061140,-0.520977,0.029290,2.233052,1.322486,-2.719763
0.039046,-0.531585,0.029835,3.741043,0.741019,-3.094004
0.032146,-0.500783,-0.001785,3.769259,3.053027,-3.065885
-0.028375,-0.530637,0.060982,4.814108,1.031196,-4.641180
-0.031947,-0.508825,0.028125,3.984994,1.187962,-4.178800
-0.038443,-0.515285,0.050183,5.961097,1.309156,-4.653815
-0.031366,-0.511471,0.032398,4.696351,1.569939,-4.302961
-0.030292,-0.501417,0.050130,5.540823,1.394595,-4.538513
-0.034668,-0.495804,0.041645,4.297196,0.974610,-3.930116
-0.015974,-0.497369,0.046625,5.013385,0.135320,-4.200493
0.026011,-0.475127,0.057568,3.748297,1.595546,-2.659598
0.073242,-0.463849,0.018622,3.248211,1.520017,-2.419742
0.126175,-0.449265,0.038074,2.965698,1.410311,-1.104941
0.161061,-0.455817,0.031945,2.099919,1.749558,-0.790108
0.232398,-0.436631,0.026726,1.806896,2.061045,0.736296
0.277919,-0.446567,0.020401,0.816289,2.426964,0.609654
0.349900,-0.427030,0.022738,0.305017,1.675719,1.803728
0.403384,-0.421978,0.008328,-0.281880,2.766625,1.736702
0.459592,-0.439973,0.044708,0.100127,0.944011,2.733160
0.504181,-0.438679,-0.015056,-0.080795,2.386853,2.779647
0.559434,-0.454704,0.058727,0.277343,1.948106,3.758757
0.611375,-0.474081,0.009146,-0.078244,2.434330,4.041485
0.648490,-0.496949,0.030091,1.419263,2.259501,3.699751
0.706901,-0.515144,0.011250,1.949564,3.615778,3.363598
0.766132,-0.539043,0.022348,3.049161,2.911574,3.201891
0.810675,-0.554756,0.017417,3.270036,3.757084,3.137241
0.871259,-0.610886,0.033045,4.720677,4.391392,4.042188
0.910842,-0.650279,-0.001880,5.079438,6.462561,3.452503
0.938145,-0.701120,0.036022,6.362835,4.866561,2.935126
0.978037,-0.738356,0.016472,6.431668,5.513471,0.896490
1.016481,-0.763536,0.042430,7.327980,4.752618,0.369289
1.035939,-0.817873,0.027117,7.370192,5.726143,0.083285
1.060393,-0.854233,0.032513,7.880424,3.435126,1.723731
1.077025,-0.901888,0.033964,7.481959,5.028904,1.966695
1.135912,-0.949417,0.022610,7.533474,5.215599,3.189639
1.163915,-0.988554,0.013048,7.521654,6.337655,1.711623
1.181095,-1.045681,0.032773,6.863476,5.576769,1.619746
1.229462,-1.089834,-0.009791,6.514441,6.671380,0.500643
1.276571,-1.146141,0.028148,5.413170,6.465293,1.301727
1.324078,-1.211606,-0.001316,5.732108,7.322685,0.947311
1.364416,-1.256112,0.014772,4.535689,6.922746,2.282366
1.391155,-1.321108,0.013413,4.325049,7.869789,1.753002
1.419006,-1.375452,0.024419,4.037271,6.605541,0.839170
1.446408,-1.437480,0.009254,4.202650,6.864946,-0.732559
1.462764,-1.471627,-0.010936,3.221766,6.899356,-1.473316
1.476078,-1.542249,0.001944,4.389871,7.123901,-2.035708
1.494502,-1.566897,0.012369,3.773478,4.927710,-1.138718
1.518878,-1.639866,0.011003,5.353562,6.738582,-0.927416
1.571587,-1.677029,-0.009830,5.230191,7.429026,-0.485850
1.570655,-1.765672,0.023378,6.639716,7.610729,-2.896407
1.592483,-1.777761,-0.018873,6.055869,7.406886,-3.952954
1.601628,-1.824634,0.033209,7.527691,8.004838,-6.517638
1.613911,-1.832253,0.006224,6.788443,7.704938,-6.170267
1.607536,-1.863695,0.036787,8.295158,6.913884,-5.189382
1.583141,-1.878699,0.012257,8.347086,8.325726,-2.707307
1.568229,-1.894937,0.034082,8.876895,7.533891,-1.158213
1.574026,-1.878509,0.009582,8.827842,7.337653,-0.279038
1.591787,-1.891813,0.025220,9.526607,8.255587,-1.481316
1.596632,-1.871724,0.001596,9.243559,7.417620,-1.549755
1.556803,-1.895801,0.030416,9.444756,7.205400,-3.752637
1.551364,-1.889571,0.024652,8.679065,7.291174,-2.736003
1.538677,-1.879924,0.008118,9.234936,8.773470,-2.562822
1.505935,-1.859185,0.027219,8.933618,6.908445,0.100295
1.459452,-1.834524,0.000542,8.648686,7.452519,1.074064
1.414391,-1.826577,0.042439,8.093619,5.519232,1.834365
1.394650,-1.816805,-0.004299,7.532621,6.849558,1.100391
1.379617,-1.816238,0.041809,7.738105,4.645581,0.659831
1.373928,-1.786561,-0.005990,7.727171,8.411148,-1.231157
1.340313,-1.748186,0.021645,7.335862,6.579184,-0.531667
1.293016,-1.744822,0.013675,7.331247,7.052249,0.515843
1.267804,-1.740945,0.012271,7.654659,7.148985,2.329643
1.209340,-1.755342,-0.003203,6.662769,6.203896,2.602625
1.187174,-1.761037,0.025049,7.995396,6.620037,0.761249
1.121453,-1.711872,0.010075,6.910520,5.964370,0.191001
1.045576,-1.723843,0.017798,8.042948,5.139526,-2.742628
1.005649,-1.678539,0.025906,7.227088,4.702669,-3.232229
0.986364,-1.690934,0.018537,7.962056,5.224331,-2.936905
0.993159,-1.657584,0.015661,7.693503,5.435083,-0.175514
0.933422,-1.644845,0.037782,7.554128,5.148336,1.002164
0.891962,-1.619199,0.025197,7.117452,4.428530,2.206346
0.851647,-1.578796,0.020726,6.729845,4.805984,0.766476
0.818878,-1.545476,0.044731,6.630036,2.872730,-0.321696
0.749999,-1.534896,0.044396,6.551103,3.868907,-2.442505
0.719935,-1.497910,0.028253,6.235900,2.580832,-1.051350
0.677169,-1.450698,0.009471,6.356806,5.270472,-0.264521
0.634018,-1.412487,0.027363,5.917743,3.095003,1.746930
0.593670,-1.393699,0.014529,6.049766,4.379599,2.430746
0.573509,-1.339069,0.007918,5.968483,3.729528,2.331697
0.562254,-1.289688,0.013941,4.793827,4.628102,1.480921
0.594966,-1.257665,0.053150,5.459791,4.062617,0.925868
0.591737,-1.206859,0.032533,4.005864,4.094210,1.310408
0.551392,-1.207588,0.056144,5.080823,4.099337,0.863483
0.512748,-1.154527,0.022459,3.905248,3.323392,1.917896
0.503232,-1.120317,0.052615,5.142822,2.098701,2.255613
0.532876,-1.075771,0.032559,4.778885,4.181792,2.897169
0.521151,-1.074206,0.037883,5.755863,2.690137,2.340123
0.486676,-1.054882,0.056711,4.995838,1.600365,2.112153
0.457659,-1.051593,0.028791,5.680932,2.641886,0.245787
0.490529,-0.996392,0.044675,5.571567,1.475087,0.018698
0.549111,-0.995384,0.060115,6.716039,4.104084,0.056756
0.603077,-0.973999,0.060030,6.349709,3.207466,3.212553
0.573558,-1.009397,0.067196,6.649891,3.884971,5.083441
0.548517,-1.014715,0.049142,7.051619,3.783747,4.967787
0.526147,-1.007365,0.035415,6.779862,3.473652,1.253835
0.572318,-0.987123,0.086910,6.615921,3.679868,-0.867283
0.610850,-0.988120,0.052763,6.258634,3.552414,-1.180200
0.585618,-1.017111,0.086726,6.294045,3.009712,1.536238
0.530004,-1.061522,0.058156,5.967374,3.243783,3.243703
0.563974,-1.046459,0.078057,5.710756,3.047339,3.029770
0.655324,-1.040272,0.072667,5.096901,4.100680,1.605811
0.729806,-1.052053,0.091847,5.186436,3.059881,1.171438
0.705296,-1.092394,0.058189,4.655249,5.250193,1.502590
0.658541,-1.116444,0.059918,5.215909,4.353195,1.305511
0.682460,-1.132042,0.052848,4.283145,5.377818,-1.208951
0.783329,-1.134714,0.065919,4.927261,4.737105,-4.120978
0.832530,-1.147706,0.058435,3.595917,6.056993,-3.464587
0.807068,-1.192784,0.080151,4.671129,4.313881,-1.500691
0.792169,-1.202497,0.067878,3.413864,4.564042,0.658747
0.915454,-1.210985,0.095365,4.575889,4.944637,-0.446391
1.050644,-1.193060,0.071236,3.635097,4.851180,-2.125092
1.020751,-1.257776,0.103460,4.940739,4.676255,-3.234980
0.964641,-1.288408,0.067084,4.425734,5.174799,-2.707671
0.982629,-1.307505,0.093803,5.546135,4.382507,-2.489916
1.156782,-1.300530,0.066234,5.333837,5.092229,-3.413491
1.213138,-1.302145,0.083480,6.057024,5.420634,-4.104335
1.131231,-1.363678,0.068587,6.200985,5.971929,-4.394048
1.141630,-1.389487,0.071729,7.166051,6.204926,-2.570275
1.266747,-1.383881,0.062413,6.894462,7.160355,-1.015324
1.417526,-1.387429,0.098182,7.721030,6.917983,-1.975180
1.370958,-1.381846,0.070888,6.942160,7.269372,-3.799512
1.266589,-1.427410,0.103627,7.581575,6.599528,-5.605719
1.335836,-1.421245,0.071161,6.824028,6.890283,-6.799169
1.463765,-1.407111,0.087090,7.048481,6.459443,-7.768515
1.482413,-1.373617,0.060897,5.498258,6.218680,-6.860819
1.360237,-1.349589,0.062607,5.761014,5.530474,-5.059463
1.301797,-1.313932,0.049703,4.210360,4.769352,-4.398596
1.443542,-1.279349,0.056803,4.461802,5.871371,-6.021384
1.555227,-1.203120,0.031033,2.273243,7.481345,-5.896540
1.457168,-1.174704,0.085029,2.133135,1.535694,-4.889839
1.336607,-1.094829,0.009100,0.914120,6.710238,-2.203453
1.316932,-1.052824,0.068978,1.134191,5.011369,-0.988666
1.455727,-0.961031,0.021300,-0.632161,6.406028,0.497182
1.428948,-0.930550,0.088965,-0.005468,2.028995,1.074529
1.329612,-0.874634,0.028827,0.243767,6.883964,3.264863
1.202391,-0.797453,0.020798,0.598162,5.253489,4.075526
1.237838,-0.700169,-0.013063,-0.307351,6.603834,2.732211
1.297585,-0.623645,0.032661,1.348882,5.538345,1.671376
1.202890,-0.591743,0.023743,1.146670,5.177513,2.332168
1.047946,-0.567404,0.024868,2.598447,5.150948,5.375729
0.975470,-0.478735,0.007626,2.854939,4.870375,7.714999
1.041998,-0.393736,0.050688,3.522810,4.800935,8.077476
1.056431,-0.292745,0.045134,3.103801,3.847961,7.425323
0.935808,-0.273067,0.054000,4.483537,3.288719,6.047621
0.826385,-0.229552,-0.003439,4.096525,5.056726,8.117097
0.806913,-0.181077,0.039626,4.639542,3.646722,9.093005
0.834286,-0.099072,0.045554,4.457649,3.459485,9.947896
0.820312,-0.041941,0.042755,4.877879,3.773424,9.570250
0.704442,-0.022912,0.043782,4.580901,3.839588,8.118848
0.636414,-0.011729,0.021081,3.746823,3.456153,7.990004
0.636223,0.045589,0.011545,2.613204,4.719120,8.219075
0.645076,0.089826,0.032507,2.244084,3.090962,8.778747
0.595748,0.132291,-0.015128,0.746278,3.231208,7.900811
0.472922,0.139893,0.033281,-0.084599,1.680075,7.898330
0.406873,0.122867,0.056039,-0.417619,1.338839,6.796500
0.417485,0.157366,0.036436,-1.349480,0.719824,6.370308
0.402235,0.162368,0.035464,-1.822998,0.882242,5.023184
0.332525,0.179453,0.046674,-2.283846,0.544946,4.303692
0.156784,0.134251,0.067005,-2.392202,-0.795366,4.408222
0.088351,0.149465,0.030895,-2.392833,-0.526396,5.594159
0.058970,0.126954,0.065551,-2.848589,-0.995181,5.335122
0.084275,0.128152,0.057995,-3.092625,-0.065683,5.868305
-0.039447,0.107870,0.067376,-2.335078,-0.544594,4.463987
-0.195556,0.079546,0.063545,-2.289137,-0.526347,3.898011
-0.276071,0.054521,0.081277,-0.994576,-0.486104,1.175384
-0.276446,0.052141,0.094876,-1.135012,-0.820782,-0.148818
-0.313376,0.032932,0.081737,-0.032412,-0.332316,-2.425695
-0.427041,-0.009454,0.104491,-0.351396,-0.994646,-2.716829
-0.523768,-0.049408,0.086664,0.783343,-1.325358,-4.273750
-0.552430,-0.041130,0.101156,0.343900,-1.863629,-5.313638
-0.570155,-0.046021,0.115513,1.183961,-1.988982,-8.118157
-0.633818,-0.037463,0.106864,0.932513,-3.144207,-8.700558
-0.738669,-0.070892,0.104166,1.619331,-2.689907,-9.215722
-0.778455,-0.060995,0.092401,1.038881,-3.771930,-8.230616
-0.807160,-0.069145,0.096475,0.897001,-2.819629,-9.153061
-0.801052,-0.025893,0.110258,0.715291,-4.198959,-8.542629
-0.864905,-0.037230,0.127635,-0.654893,-4.066739,-8.266219
-0.884599,-0.022282,0.142367,-1.279637,-5.999193,-7.103202
-0.910160,-0.012510,0.117919,-1.679868,-3.753217,-7.102368
-0.876741,0.030267,0.120053,-2.476732,-3.980365,-6.518347
-0.895976,0.057888,0.102232,-3.546167,-3.523542,-7.355396
-0.902971,0.075003,0.116471,-3.221438,-3.268408,-6.990339
-0.910626,0.133335,0.061113,-4.731685,-2.100047,-6.111070
-0.926743,0.130581,0.092280,-3.555282,-3.132909,-5.442355
-0.890879,0.183796,0.087051,-4.851737,-3.217904,-3.658730
-0.890741,0.189071,0.098116,-4.084418,-4.071161,-2.431380
-0.872546,0.242673,0.074043,-4.409077,-3.465029,-0.771795
-0.889067,0.240399,0.096902,-3.075193,-4.556321,0.210947
-0.833561,0.275360,0.068036,-3.177943,-4.111633,2.724065
-0.856469,0.253036,0.093613,-1.531098,-5.872711,4.141905
-0.845611,0.277861,0.050498,-0.606977,-4.603303,7.749079
-0.884045,0.261249,0.087307,1.252354,-5.539806,8.297847
-0.883569,0.244561,0.067301,1.757905,-5.574465,9.309059
-0.893085,0.207732,0.083204,3.700104,-5.090985,7.114102
-0.888204,0.162874,0.062377,4.299989,-4.402845,5.005190
-0.856705,0.111530,0.071863,5.688638,-3.181453,0.177639
-0.828240,0.079451,0.073783,5.772511,-2.372532,-1.993435
-0.777320,0.028494,0.101175,6.755463,-1.080928,-4.396538
-0.753702,0.001076,0.087340,5.437974,-1.284387,-2.538322
-0.700474,-0.056245,0.090852,5.977505,0.110840,-1.088533
-0.593966,-0.063759,0.068210,4.655789,0.099226,1.728379
-0.544634,-0.130566,0.079245,4.026060,0.092803,1.461915
-0.497738,-0.147333,0.032730,2.109967,-0.447359,1.779791
-0.499054,-0.209279,0.058330,1.581681,-1.227309,-0.334884
-0.419383,-0.235083,0.012641,-0.583746,-0.730420,-0.624781
-0.330937,-0.277607,0.037263,-1.005605,-2.324975,-1.673663
-0.242528,-0.327986,0.035727,-3.247130,-3.186461,-0.082547
-0.154703,-0.401578,0.040152,-3.075934,-3.211178,1.510219
-0.091326,-0.432334,-0.016050,-4.514407,-0.380364,3.888374
-0.038436,-0.477202,0.035451,-4.481195,-2.599243,3.666644
0.038143,-0.460928,-0.000580,-5.705367,-1.835944,3.166683
0.039808,-0.491747,0.043844,-4.912704,-4.668104,2.301512
0.066159,-0.500668,0.008279,-5.238614,-1.558329,0.183065
0.099010,-0.505444,0.015428,-3.686251,0.349519,-2.090906
0.155464,-0.527062,0.014289,-3.341079,1.852308,-2.947198
0.237174,-0.549547,0.032700,-1.270445,2.464427,-1.997492
0.278792,-0.593834,-0.000199,-0.242635,4.990106,-0.174391
0.316022,-0.648368,0.035343,2.746822,4.359024,2.415534
0.363200,-0.706789,0.033679,3.871455,4.172929,3.112791
0.452085,-0.750114,0.066752,6.687071,4.347686,2.258854
0.518705,-0.763405,0.030048,7.025402,4.654443,0.769258
0.543652,-0.823929,0.071079,9.522759,1.535996,-0.246163
0.597934,-0.824264,0.014516,9.424887,3.390557,0.057553
0.628930,-0.855644,0.081218,10.485078,-0.292805,1.367326
0.717858,-0.855776,0.019042,9.977170,2.599381,2.649728
0.794243,-0.866280,0.054538,10.190581,2.542559,3.490208
0.892411,-0.875040,0.037142,9.054470,3.955967,3.319534
0.985383,-0.884881,0.052113,8.257573,2.989263,3.107130
1.066016,-0.893990,0.030504,6.508287,4.729227,1.875032
1.139904,-0.877387,0.040939,4.719174,4.733603,1.173941
1.196601,-0.887478,0.019105,3.302438,6.954034,0.406358
1.271437,-0.869618,0.031210,1.633334,5.889924,1.612810
1.291030,-0.883276,0.045686,-0.032434,5.827905,1.601441
1.348128,-0.866756,0.015435,-2.186393,6.306262,3.406606
1.366851,-0.849362,0.019101,-2.498142,6.376818,2.338747
1.406657,-0.819613,0.004688,-4.224711,7.824173,1.849254
1.418471,-0.795533,0.022715,-3.474782,6.480008,0.733691
1.408328,-0.754532,0.011804,-5.165133,5.912842,1.415236
1.412835,-0.730554,0.030137,-4.382452,4.963137,2.988453
1.394342,-0.696308,0.013879,-4.181035,4.829036,2.481598
1.389891,-0.660376,0.023674,-3.103732,3.775462,2.326394
1.335730,-0.625618,0.032622,-1.843824,3.576031,-0.346705
1.284482,-0.607305,0.024416,-0.261046,3.602813,-0.220277
1.224446,-0.587325,0.010439,2.062382,4.202064,-1.822500
1.167561,-0.554546,0.035051,2.946014,3.965420,-1.682164
1.164144,-0.531172,0.068614,5.213007,5.233318,-2.843023
1.144712,-0.500297,0.061415,5.817359,5.532830,-2.163647
1.107946,-0.483186,0.063483,8.246452,7.543189,-2.782398
1.048662,-0.428638,0.069280,8.040046,7.423314,-1.408227
1.030454,-0.393145,0.083834,8.918229,7.514645,-1.277607
1.031816,-0.339070,0.075874,8.753313,7.834768,-1.444579
0.972873,-0.312328,0.084799,8.677941,6.306261,-2.519349
0.899485,-0.264536,0.080329,7.515134,5.413806,-2.070170
0.846309,-0.229233,0.079002,6.917649,4.276333,-2.032683
0.798139,-0.173363,0.057959,5.071038,3.895028,-0.678459
0.752536,-0.137548,0.065541,4.055314,1.250341,0.285350
0.661984,-0.104845,0.050823,2.094799,0.644768,0.587794
0.565063,-0.093157,0.059971,0.777609,-0.903476,1.464614
0.455312,-0.100486,0.040631,-0.857672,-1.467724,1.123077
0.403272,-0.103345,0.059961,-1.286848,-1.588193,1.661248
0.329663,-0.114604,0.042367,-2.487107,-1.085750,1.970945
0.212477,-0.159176,0.064812,-2.837222,-2.657240,2.205943
0.086408,-0.167182,0.021159,-3.030925,-0.258096,0.466783
-0.039756,-0.184792,0.060125,-3.903870,0.083996,-2.308709
-0.112032,-0.161087,0.049355,-4.169002,1.992609,-5.700350
-0.210019,-0.156199,0.071253,-3.901612,0.855389,-7.578800
-0.299954,-0.156767,0.064918,-4.212406,2.307868,-8.404236
-0.401707,-0.117739,0.076291,-3.769911,1.191993,-7.137306
-0.505018,-0.110553,0.062708,-3.168660,1.415169,-6.757670
-0.548990,-0.052687,0.045807,-2.947890,2.314554,-4.435743
-0.630785,-0.049802,0.070593,-1.341862,-0.847839,-3.804977
-0.708004,-0.003352,0.049848,-1.701771,-2.509258,-2.672222
-0.806553,-0.029247,0.066674,0.537669,-3.523972,-4.648960
-0.852481,0.004477,0.061786,0.235405,-5.399002,-7.126523
-0.892080,0.019950,0.097581,1.628682,-7.356560,-10.062190
-0.909471,0.083390,0.048581,1.454618,-6.106440,-9.501560
-0.980900,0.109308,0.088531,2.298221,-7.191568,-7.522512
-1.044888,0.158843,0.052237,2.197079,-6.706903,-4.498829
-1.098562,0.210007,0.081894,1.745599,-6.507899,-2.466097
-1.121995,0.298222,0.028801,0.760438,-4.332193,-1.499499
-1.165941,0.354115,0.094430,0.371715,-4.840545,-2.601723
-1.195660,0.430783,0.034709,-0.878727,-3.543785,-4.405562
-1.257015,0.476189,0.107149,-1.448879,-4.741704,-5.873391
-1.285638,0.531298,0.059098,-3.179995,-2.964585,-6.137674
-1.313109,0.567865,0.092736,-2.845961,-3.913932,-5.503796
-1.331451,0.580834,0.060992,-3.822345,-3.167417,-3.525093
-1.344459,0.588981,0.080338,-3.410803,-4.209791,-1.439802
-1.324499,0.605222,0.061228,-3.971794,-4.213031,-0.559789
-1.257967,0.616553,0.075228,-3.128385,-4.506606,0.753056
-1.210880,0.576635,0.051502,-3.452559,-4.900475,1.872122
-1.200183,0.552844,0.045029,-2.426800,-5.419012,3.390457
-1.216654,0.532693,0.032385,-3.135436,-6.022508,5.456090
-1.191521,0.551118,0.049776,-2.305698,-7.370871,7.001676
-1.192568,0.566758,0.036249,-2.856117,-7.647269,7.390563
-1.168202,0.563102,0.061192,-2.279422,-7.957456,7.788076
-1.183830,0.553826,0.044215,-2.423928,-7.641998,6.193772
-1.145511,0.551410,0.068794,-2.112588,-7.128785,7.339511
-1.138473,0.553796,0.060256,-2.300058,-6.493600,6.711443
-1.138578,0.561086,0.072191,-2.164802,-6.906508,9.407103
-1.152407,0.559750,0.052109,-1.506890,-3.663748,9.150055
-1.162556,0.537952,0.069625,-1.830194,-3.909488,9.093286
-1.150165,0.524264,0.054719,-1.086203,-2.778635,5.323844
-1.133924,0.516629,0.090041,-1.659563,-2.599365,3.248453
-1.095411,0.503752,0.086230,-1.646407,-1.993968,2.062242
-1.037354,0.460378,0.080860,-1.219499,-2.391517,3.536052
-1.007967,0.375425,0.107241,-0.060129,-2.403557,5.195733
-0.929759,0.335980,0.095549,-0.207622,-3.739674,6.324027
-0.849166,0.283041,0.095329,0.898556,-2.851663,5.451936
-0.755764,0.236424,0.087944,0.625835,-3.713657,4.626562
-0.699650,0.184886,0.090760,1.717961,-3.523568,1.949172
-0.624115,0.120941,0.079551,0.912937,-3.856863,0.727532
-0.522950,0.047608,0.114197,2.135822,-6.384206,-2.243516
-0.394574,-0.034824,0.079045,1.440773,-3.080232,-3.018718
-0.283739,-0.121825,0.102715,2.661275,-2.923893,-2.962687
-0.220254,-0.207477,0.087307,1.922231,-1.937057,-1.683266
-0.110006,-0.274866,0.084566,2.370215,-2.181654,-1.161300
0.000996,-0.355653,0.095467,1.954750,0.710938,-5.042312
0.121015,-0.421423,0.078264,1.987821,0.965551,-8.120777
0.161031,-0.521515,0.108364,1.784717,1.735755,-12.144199
0.244999,-0.572642,0.080575,1.472281,2.301723,-11.807172
0.283489,-0.668844,0.112867,1.705564,1.804151,-10.193070
0.363909,-0.720421,0.096160,1.533863,-0.394422,-7.509953
0.401539,-0.814397,0.093773,1.939195,2.080277,-6.834179
0.450578,-0.877105,0.094587,1.722955,-0.220036,-6.274882
0.458863,-0.987359,0.067842,2.666564,2.426016,-7.866017
0.501601,-1.033723,0.078756,2.582517,1.644842,-10.300804
0.534261,-1.096969,0.057112,2.703406,1.690100,-13.312559
0.581108,-1.131694,0.076173,3.250201,0.218964,-13.653143
0.564111,-1.202044,0.062791,2.413596,1.702255,-13.479617
0.586619,-1.221948,0.065994,3.125846,-0.003901,-11.704995
0.621088,-1.242336,0.051844,2.955363,4.039183,-11.148936
0.674723,-1.204991,0.049730,2.624949,3.100665,-10.387497
0.671828,-1.210151,0.058435,2.765516,4.896848,-11.905475
0.689327,-1.156585,0.044711,1.784458,4.251642,-10.756329
0.690400,-1.142940,0.058054,1.381092,4.792697,-11.363432
0.724481,-1.074094,0.039170,1.003339,5.267980,-9.273746
0.749096,-0.988229,0.022774,0.734012,5.278277,-8.535562
0.791483,-0.912687,0.023273,0.057577,4.795454,-6.266874
0.807616,-0.848902,0.011086,0.559905,4.884214,-6.029991
0.834680,-0.775612,-0.006689,-0.427991,5.057120,-3.298523
0.872890,-0.702817,0.019873,0.719159,4.483097,-2.662816
0.921329,-0.588713,-0.001427,-0.636741,3.642438,-1.911551
0.970329,-0.492705,-0.002438,0.748166,4.028213,-2.014340
0.962714,-0.378463,-0.011035,-0.111997,2.776882,0.110886
0.975617,-0.294738,-0.012423,1.082968,2.474789,0.439415
1.021788,-0.176757,-0.012988,0.453068,2.271462,1.339400
1.055079,-0.087987,0.007895,1.456614,2.687859,2.897600
1.045599,0.017823,-0.022770,1.479079,2.625709,4.561335
0.995873,0.084482,-0.017646,2.548248,2.854735,6.995429
0.973320,0.163642,-0.051255,2.677966,4.616659,9.231447
0.947572,0.188227,-0.011507,4.216110,3.042188,10.579481
0.902708,0.243569,-0.033936,4.084520,3.431712,11.414056
0.816721,0.246100,0.019607,4.831449,-0.652580,11.539759
0.766700,0.255113,-0.047588,5.685487,3.561851,11.883504
0.701770,0.231244,0.016817,6.139011,2.880026,11.580741
0.648939,0.219568,-0.006643,6.041172,3.350944,9.276382
0.558584,0.182522,0.026529,6.275925,1.443352,6.963105
0.505418,0.162112,-0.006686,5.772590,3.151648,3.747184
0.441204,0.164252,0.013462,4.581383,1.881646,3.363466
0.382445,0.145336,0.029172,3.691983,2.879996,1.613304
0.329220,0.143931,0.009444,1.808133,1.871083,2.457747
0.275057,0.119670,0.022384,0.809386,2.086585,2.848944
0.223936,0.124364,0.022377,-1.016808,0.924625,5.642282
0.153022,0.072108,0.007156,-2.739862,1.325434,6.273419
0.091641,0.044926,0.033685,-3.213990,0.444313,6.669868
0.046684,-0.022755,0.009241,-4.397034,0.335733,5.000633
0.019952,-0.072996,0.042377,-4.717209,-0.978483,2.542349
-0.020941,-0.142633,0.023365,-4.893056,-0.035931,-0.582271
-0.056161,-0.144215,0.036153,-5.163460,-0.414738,-1.323472
-0.107213,-0.190586,0.041678,-4.732909,-0.017950,-2.428769
-0.132734,-0.199294,0.047100,-4.583801,-1.090979,-1.615518
-0.180339,-0.217584,0.046841,-4.316673,-0.225462,-1.975816
-0.254447,-0.240361,0.052172,-3.594671,-1.410262,-1.348756
-0.343391,-0.253389,0.062406,-2.776861,-1.591882,-3.983719
-0.410454,-0.243620,0.059433,-2.000929,-2.439234,-7.212009
-0.448071,-0.224743,0.072129,-0.503629,-2.723155,-11.186752
-0.512801,-0.209729,0.088065,-0.541078,-2.675428,-12.413946
-0.561384,-0.244122,0.101143,1.380927,-3.061030,-12.562713
-0.631635,-0.243328,0.107684,1.871639,-2.755677,-10.412165
-0.674884,-0.251459,0.101490,3.440841,-2.622296,-9.564301
-0.741469,-0.215332,0.085909,3.304393,-3.098049,-9.225151
-0.834365,-0.245383,0.107241,5.499372,-3.027398,-11.572832
-0.901517,-0.206729,0.069917,4.249752,-2.508211,-12.532930
-0.976196,-0.198244,0.103010,4.929672,-3.574538,-14.826700
-1.003732,-0.137092,0.089526,3.408709,-3.763586,-15.186357
-1.032490,-0.086299,0.116918,2.877860,-5.252123,-13.548234
-1.082521,-0.018497,0.097348,1.097439,-3.740094,-9.944149
-1.124913,0.019622,0.102918,0.383811,-5.190860,-5.957148
-1.145035,0.059477,0.081625,-0.959192,-3.543762,-4.452580
-1.149253,0.073805,0.101884,-1.340815,-4.076754,-3.355270
-1.163000,0.099411,0.050813,-2.446225,-3.921708,-4.498364
-1.189686,0.099267,0.100378,-3.244205,-5.255858,-4.877233
-1.160331,0.102871,0.081642,-2.537218,-3.636983,-5.802602
-1.105107,0.120297,0.072516,-3.411042,-4.901801,-3.394823
-1.084963,0.095522,0.077059,-2.476827,-3.475589,-2.304613
-1.076540,0.104837,0.048282,-2.671801,-4.600270,2.506084
-1.114561,0.073487,0.093005,-1.697547,-5.796830,4.703749
-1.117708,0.098774,0.049894,-2.317347,-6.430124,7.592381
-1.144549,0.104512,0.065328,-0.696288,-7.293698,5.700682
-1.171718,0.123632,0.044182,-1.432628,-7.158763,4.209239
-1.182428,0.131458,0.054886,0.206858,-7.701922,-0.200009
-1.209794,0.143609,0.041553,-0.809739,-7.109402,-2.679289
-1.198338,0.168822,0.061057,0.458398,-5.679631,-3.649224
-1.217311,0.216548,0.035943,-0.511681,-4.918768,-2.971519
-1.226288,0.238485,0.067632,0.518752,-5.685366,-1.550088
-1.250234,0.304199,0.025581,-1.140941,-4.325996,-1.096836
-1.294166,0.313174,0.049073,-0.135674,-3.881991,-1.682959
-1.288868,0.381301,0.034598,-1.325571,-3.509178,-3.423112
-1.229177,0.396147,0.045804,-0.867034,-2.287228,-2.884033
-1.176592,0.431407,0.032185,-1.918212,-2.160214,-0.645918
-1.162238,0.438238,0.040949,-1.356538,-3.230013,3.620511
-1.137351,0.465036,0.011053,-2.310772,-2.284507,5.700797
-1.091754,0.452582,0.051991,-1.747076,-5.068238,5.662655
-1.005672,0.454755,-0.005136,-1.832475,-3.914487,3.754495
-0.938599,0.443670,0.044573,-1.647181,-5.400003,1.893973
-0.890193,0.405827,0.001845,-1.210515,-5.050007,0.335206
-0.856187,0.378081,0.022032,-1.217556,-7.086730,0.236481
-0.763136,0.381028,0.019899,-0.517927,-4.743260,0.521102
-0.686041,0.379617,0.032599,-1.036244,-5.512473,2.325276
-0.603331,0.373301,0.017824,-0.845843,-3.299778,3.031025
-0.553408,0.351706,0.021589,-0.789635,-4.294216,3.022448
-0.500488,0.332389,0.011568,-1.076332,-1.821181,0.977260
-0.453530,0.327324,0.036823,-0.270635,-2.275270,-1.667654
-0.369884,0.288040,0.004947,-1.077343,-0.434219,-2.189084
-0.291128,0.225664,0.046332,0.088310,-0.049022,0.324167
-0.223569,0.151093,0.024681,-0.266876,1.340792,3.680584
-0.160654,0.081755,0.053692,0.824180,-0.540097,6.316200
-0.049708,0.040442,0.032960,0.791966,2.547614,7.202960
0.012872,-0.027787,0.051883,1.706785,0.900883,6.599988
0.074703,-0.086890,0.020135,1.088131,2.105843,4.131546
0.102604,-0.173383,0.049211,2.673302,0.487864,0.770645
0.159347,-0.239219,0.022466,1.797252,-0.226454,-0.924326
0.218510,-0.303279,0.056685,2.869841,-1.101026,-1.953113
0.296964,-0.344542,0.014109,1.680745,-0.292621,0.485564
0.358303,-0.386357,0.055700,2.294007,-0.619870,1.136274
0.450933,-0.419027,0.033705,1.041110,1.299204,2.795408
0.521965,-0.467312,0.029070,1.461298,1.441337,1.953336
0.585529,-0.482260,0.030071,0.092144,3.083363,1.209878
0.638751,-0.498220,0.033784,0.383336,3.016359,-0.409725
0.658442,-0.506534,0.025712,-0.888596,3.054905,-2.051630
0.694375,-0.518922,0.020808,-0.368878,3.417043,-2.832213
0.702712,-0.549472,0.025683,-1.433441,3.454650,-3.039501
0.755999,-0.558147,0.038688,-0.657099,3.797714,-2.254744
0.789201,-0.574215,-0.006036,-1.394702,4.907802,-2.141191
0.806257,-0.596532,0.033189,0.067854,3.777701,-3.777673
0.837030,-0.563094,-0.008737,-0.251071,4.678911,-5.511355
0.857722,-0.577520,0.029375,1.173189,5.524089,-7.423726
0.883447,-0.569481,0.000674,0.871625,4.345139,-7.582907
0.893310,-0.587827,0.048584,2.122650,3.015420,-6.666630
0.891482,-0.573604,0.010262,1.953966,3.509903,-5.786067
0.893488,-0.579125,0.035051,3.565735,2.410096,-5.852431
0.928665,-0.584361,0.012376,3.858922,3.872064,-6.257690
0.947809,-0.601794,0.039052,4.883952,2.073141,-6.091286
0.997465,-0.611762,-0.000387,5.231116,6.339644,-5.227449
1.032857,-0.606563,0.033084,5.979935,4.384354,-5.167734
1.033900,-0.612022,0.019928,5.596399,5.940749,-4.877304
1.025012,-0.600697,0.020821,6.104077,5.014517,-4.526523
0.993625,-0.600816,0.015005,5.012204,6.169653,-4.081340
0.968445,-0.579755,0.029658,5.517479,3.966838,-2.759814
0.899741,-0.564630,0.020608,3.923281,2.689451,-1.685579
0.840952,-0.560507,0.029792,4.266992,2.796918,-1.170211
0.773140,-0.533650,0.016721,2.525484,1.967423,-0.479545
0.744652,-0.539762,0.031804,2.694779,2.122955,1.059843
0.700303,-0.534280,0.012031,1.463537,1.484915,1.253939
0.636361,-0.545057,0.027252,1.168521,0.547805,1.376281
0.576059,-0.507588,0.001192,0.208746,4.113110,-1.155730
0.504039,-0.503186,0.021964,-0.187027,1.877941,-2.541964
0.440255,-0.451238,-0.010726,-1.349319,2.222229,-3.957676
0.326105,-0.442694,0.022994,-1.503758,2.182702,-3.642124
0.238562,-0.378719,-0.018515,-2.674505,3.063839,-1.007772
0.135947,-0.333096,0.017785,-2.439515,1.660548,1.269466
0.081458,-0.263003,-0.016064,-3.322104,2.881953,3.983329
0.018550,-0.188088,0.016019,-2.780337,1.567684,5.592918
-0.054284,-0.124908,-0.018568,-3.808693,1.198679,5.576845
-0.110679,-0.061812,0.009668,-2.855220,0.897522,5.026785
-0.192904,-0.023411,-0.000948,-2.215794,0.030863,3.367501
-0.263293,0.038151,0.033921,-1.352720,-3.355943,2.806806
-0.361057,0.072095,0.003106,-0.807793,-1.878607,2.658198
-0.441940,0.110811,0.022151,0.890065,-4.889285,3.579768
-0.547329,0.121564,-0.005635,1.965907,-2.968934,3.378119
-0.595289,0.174333,0.003231,3.137681,-3.801751,3.930182
-0.656693,0.219598,0.015668,3.160067,-1.867932,1.814908
-0.706097,0.271237,0.027718,3.770430,-4.038914,0.074548
-0.766701,0.308883,0.046457,3.719953,-3.315350,-2.000169
-0.808444,0.370258,0.025052,2.952653,-2.981214,-1.504689
-0.882518,0.378117,0.071253,3.472765,-4.270562,-0.932114
-0.924507,0.406126,0.029356,2.204792,-2.884599,2.425105
-1.016747,0.391184,0.068095,2.789076,-3.609433,4.535772
-1.079061,0.382495,0.036997,1.826321,-4.229712,6.649561
-1.139008,0.361235,0.049631,1.626427,-4.354265,4.987067
-1.170185,0.337815,0.035113,0.673463,-3.004657,3.438898
-1.203958,0.311870,0.052178,0.514038,-5.153765,-0.190466
-1.207976,0.283671,0.035520,-0.934574,-4.809355,-1.940620
-1.182372,0.241958,0.032133,-0.510565,-4.102121,-1.382749
-1.186597,0.206176,0.046444,-2.277935,-5.093959,1.064720
-1.170730,0.156266,0.060998,-2.042354,-4.491339,4.958886
-1.149164,0.125129,0.025253,-3.199029,-3.643364,8.129765
-1.157580,0.055673,0.055343,-2.475465,-4.839927,8.865594
-1.184703,0.014970,0.043779,-3.445330,-4.939402,6.973730
-1.227234,-0.026959,0.058756,-3.043475,-6.394477,3.454978
-1.236887,-0.018967,0.017234,-4.130218,-6.511342,-0.344069
-1.231278,-0.043509,0.072730,-3.394735,-6.901742,-3.566951
-1.188731,-0.049408,0.035917,-4.232213,-5.938159,-3.306401
-1.174232,-0.072277,0.068466,-3.235277,-5.453487,-1.851446
-1.148974,-0.087369,0.063220,-3.557363,-4.510108,0.867248
-1.130835,-0.090376,0.073222,-2.170231,-4.240360,2.307205
-1.112765,-0.059495,0.061455,-2.631519,-2.718166,2.649685
-1.152509,-0.051656,0.086073,-1.439304,-4.967115,0.737565
-1.169991,-0.011870,0.070481,-1.503680,-5.004358,-1.870990
-1.210181,0.012607,0.068292,-0.778658,-5.624703,-4.927326
-1.234691,0.047483,0.045968,-0.803693,-4.407923,-6.533273
-1.249905,0.079855,0.068873,0.447776,-6.183380,-7.502525
-1.234265,0.099283,0.059416,0.276045,-5.022763,-6.530976
-1.160154,0.098305,0.072786,1.560375,-4.765767,-4.707028
-1.137958,0.093411,0.061760,0.914456,-4.312374,-3.947344
-1.059055,0.114254,0.086825,2.259107,-3.492240,-3.963680
-1.027369,0.148280,0.076741,1.400349,-3.825638,-5.166529
-0.974062,0.166475,0.090205,1.876870,-3.422042,-6.662724
-0.952126,0.192685,0.071837,1.132318,-3.849370,-6.078673
-0.939298,0.194257,0.070117,1.696970,-3.642822,-5.767396
-0.922781,0.218538,0.036003,0.921911,-4.292834,-4.739936
-0.915317,0.210538,0.065121,0.905108,-4.560451,-4.586574
-0.840191,0.238127,0.037798,-0.268144,-4.780056,-3.319017
-0.761039,0.252038,0.046716,-0.127173,-3.034688,-2.928133
-0.662411,0.258514,0.023733,-1.849609,-2.829792,-0.939105
-0.564545,0.252087,0.041166,-1.083426,-1.600627,-0.613049
-0.475197,0.263661,0.030002,-2.578182,-0.923053,1.064442
-0.372007,0.250791,0.019334,-1.577140,0.253055,0.179685
-0.289247,0.246514,0.032047,-2.894130,-0.125138,2.503322
-0.232244,0.203625,0.040893,-1.748779,0.043829,2.476558
-0.206123,0.191858,0.018507,-2.830031,-1.306803,3.310817
-0.145046,0.167981,0.026191,-1.528262,-2.482227,3.433867
-0.059023,0.181564,0.009132,-1.651537,-1.127020,3.886267
-0.025273,0.146974,0.030383,-1.104778,-2.690347,4.327330
0.036742,0.147834,-0.023479,-1.309280,-0.751992,5.473207
0.081731,0.129032,0.021829,-0.304142,-0.943131,7.247547
0.186188,0.131999,-0.012046,0.174687,0.228318,6.466144
0.250629,0.098640,0.020125,0.122667,-0.008497,7.117625
0.299242,0.066551,0.013334,0.756352,1.104375,6.074874
0.325186,0.056703,0.019945,0.940605,0.962452,6.725726
0.353779,0.031799,-0.004992,1.346061,2.421650,4.900176
0.389259,0.028786,0.024094,1.374599,1.185654,4.099412
0.395250,-0.001153,0.008364,1.976414,1.970922,2.671575
0.417508,0.009600,-0.006672,1.735473,1.702520,3.045973
0.395886,-0.024252,0.017260,1.452448,1.316899,2.637218
0.424007,-0.027711,0.003664,0.999931,0.681653,3.094236
0.440452,-0.020001,-0.008540,1.279848,2.399336,1.004901
0.448245,-0.042666,0.015550,0.681932,1.295656,1.358532
0.474691,-0.068233,0.002505,0.778492,2.617907,0.976168
0.481128,-0.100388,-0.001988,0.241961,1.820183,2.040014
0.503406,-0.123805,-0.005881,0.737986,3.096877,1.185986
0.556201,-0.125325,-0.020833,0.018072,2.921756,-0.122416
0.570538,-0.178369,-0.002130,0.996114,3.441766,-2.151770
0.580803,-0.210199,-0.027073,0.410215,2.920164,-2.077386
0.568684,-0.273021,0.006789,1.286055,3.362003,-2.420607
0.605749,-0.278414,-0.025343,0.872898,2.438190,-2.096974
0.601347,-0.338696,0.013324,0.971141,2.807691,-2.828225
0.623763,-0.352364,-0.011179,0.863573,2.278700,-1.416868
0.613151,-0.407394,0.020523,1.539154,2.397829,-1.175808
0.619568,-0.442126,0.012530,1.446288,0.244179,0.439884
0.630587,-0.478029,0.004504,2.183405,2.404657,-0.547043
0.644255,-0.498597,0.004688,2.241786,2.192001,0.497148
0.609222,-0.529025,-0.037028,3.272843,2.146572,-1.085783
0.559332,-0.562631,0.024455,1.974448,-0.464759,-0.011730
0.540517,-0.612704,0.008791,3.219510,1.879693,-0.359803
0.494678,-0.631391,0.012248,2.619431,0.805686,0.415659
0.453959,-0.660418,0.021186,3.366734,1.721752,-1.224744
0.400305,-0.632350,-0.005310,2.018758,1.027878,-1.548105
0.339727,-0.642345,0.031151,2.462498,0.545445,-1.949181
0.298572,-0.593420,0.003411,0.729364,2.345422,-0.939235
0.263703,-0.592117,0.020276,1.496663,1.965204,0.571999
0.209687,-0.559943,0.011676,-0.066273,1.931582,2.457369
0.136554,-0.563304,0.022108,0.152131,-0.081921,4.342325
0.095904,-0.505182,0.008663,-0.399890,1.914192,5.036024
0.020090,-0.490752,0.007002,0.204059,1.082337,3.559995
-0.014015,-0.445175,0.003326,-0.671712,0.517803,1.208375
-0.067354,-0.430568,0.001672,-0.426429,0.105526,0.082416
-0.104817,-0.364562,-0.019632,-0.701481,1.648373,0.656857
-0.159778,-0.337721,0.013885,0.322243,-0.791282,3.114061
-0.217628,-0.299678,-0.003026,-0.101074,-0.399527,3.686323
-0.272956,-0.295279,0.030665,0.839778,-1.431371,5.110044
-0.310140,-0.254728,-0.006479,1.163197,-1.369878,3.595322
-0.357046,-0.235654,0.034663,1.784533,-3.108454,1.176525
-0.389870,-0.181205,0.018950,1.773060,-2.543665,-1.645396
-0.448081,-0.166772,0.039813,2.463288,-2.941431,-3.510906
-0.475401,-0.153576,0.025016,3.131350,-1.847286,-5.781577
-0.505461,-0.121842,0.035310,2.815198,-2.522437,-3.970662
-0.542205,-0.116202,0.024869,3.452940,-1.288963,-2.879403
-0.617008,-0.083890,0.028187,2.833540,-2.418381,-0.569699
-0.650614,-0.071325,0.042840,3.238193,-1.728143,-1.185925
-0.699900,-0.040989,0.022354,2.015928,-2.331961,-0.907903
-0.745270,-0.057690,0.048098,2.562946,-4.303190,-0.819055
-0.786622,-0.042948,0.021297,1.487813,-3.340437,0.624942
-0.836879,-0.059068,0.050229,1.838656,-4.796744,1.455556
-0.867324,-0.057443,0.026480,0.583590,-3.767922,1.640121
-0.898770,-0.077778,0.046060,1.061959,-4.474182,1.781413
-0.912628,-0.071985,0.011680,0.577350,-2.689507,0.316520
-0.930406,-0.096081,0.042581,-0.566429,-4.192352,0.313913
-0.946260,-0.101359,0.023821,-0.654047,-3.274057,-1.287911
-0.981077,-0.104963,0.054515,-1.351210,-4.622564,-1.036762
-1.007313,-0.084871,0.016584,-2.047110,-3.341951,-1.097530
-1.028590,-0.083998,0.053373,-2.255545,-5.372700,0.662018
-1.033438,-0.087809,0.032622,-2.766378,-4.216842,1.786254
-1.037088,-0.071958,0.027156,-2.846003,-4.982162,3.401279
-1.061749,-0.088387,0.031959,-2.422532,-4.953066,2.874408
-1.075447,-0.064081,0.035402,-3.287934,-6.247148,1.322799
-1.068465,-0.068144,0.032930,-2.154866,-4.778083,0.210324
-1.055119,-0.029983,0.017490,-2.865908,-4.558232,0.357817
-1.086332,-0.046231,0.050481,-1.318990,-4.599420,1.400458
-1.081631,-0.006825,0.011998,-2.203745,-4.597316,2.075140
-1.105875,0.003154,0.083460,-1.413734,-7.555725,2.206549
-1.111029,0.052348,0.021149,-1.627391,-5.082375,1.202824
-1.137879,0.091241,0.078855,-0.386407,-5.904806,-0.418035
-1.165291,0.145057,0.019919,-1.239526,-5.731815,-1.333278
-1.201841,0.165543,0.050872,-0.260059,-7.378802,-2.575561
-1.190365,0.210519,0.004163,-0.535715,-5.059654,-2.474554
-1.167510,0.247965,0.033665,0.679417,-5.493162,-1.806213
-1.170671,0.252288,0.029402,0.280253,-4.686674,-1.593478
-1.139008,0.261085,0.024360,1.068215,-4.390595,-0.192805
-1.143817,0.265657,0.032608,0.623905,-4.076918,-1.091820
-1.102009,0.308125,0.026566,0.873813,-3.469904,-0.502956
-1.075831,0.309225,0.026159,0.716076,-2.717296,-1.555408
-1.038136,0.290784,0.018773,0.941343,-2.394537,-0.757076
-1.029929,0.285992,0.024314,0.960535,-2.992877,-1.372759
-1.006273,0.284649,0.024898,0.046471,-4.261358,-1.002956
-0.949575,0.273449,0.024668,0.341868,-4.508861,-0.612719
-0.900070,0.267928,0.034617,-1.111629,-4.871521,-0.189228
-0.844209,0.263382,0.040092,-0.736344,-5.632466,0.045831
-0.805128,0.247571,0.016485,-1.503135,-4.509284,-0.570725
-0.755541,0.212695,0.025604,-1.015545,-4.384309,-0.062576
-0.692462,0.204991,-0.010887,-1.534649,-1.779270,-0.201131
-0.641249,0.167719,0.005975,-1.304301,-3.718538,0.349424
-0.599408,0.157652,0.007061,-2.343485,-3.262913,-0.013984
-0.569879,0.115971,0.003736,-1.814950,-3.163865,1.707633
-0.521283,0.092439,-0.019389,-1.841406,-2.110685,1.499242
-0.462415,0.072265,0.007176,-2.408254,-2.292371,3.364519
-0.395280,0.061771,0.014201,-1.673217,-0.586504,3.160631
-0.367356,0.055036,-0.007490,-2.680765,-0.743993,4.014975
-0.332083,0.019733,0.016833,-1.392208,-0.348104,3.857176
-0.311955,0.050975,-0.021007,-2.193527,-0.296337,3.424744
-0.296183,0.019346,0.031552,-1.582993,-2.345911,3.200272
-0.249280,0.019461,0.000825,-2.082941,-1.131977,3.074880
-0.226208,0.002576,0.017962,-0.565847,-1.739494,3.243312
-0.198031,-0.012619,-0.025405,-0.478469,-0.758445,2.487682
-0.161055,-0.013121,-0.000154,0.118771,-1.841003,2.332532
-0.126776,-0.036708,-0.008711,0.686905,-0.888118,0.748703
-0.080596,-0.063073,-0.007079,0.837326,-1.607303,0.262709
-0.052078,-0.060043,-0.001109,1.726066,0.072681,-1.197063
-0.012360,-0.077808,-0.022412,1.505184,0.520974,-0.920848
0.016637,-0.093124,0.010390,2.541633,0.832838,-1.825803
0.059788,-0.102971,-0.022592,1.606766,1.444819,-0.791765
0.087212,-0.103792,0.019922,2.005897,-0.617944,-1.543206
0.125141,-0.115966,0.003523,1.367975,1.134025,-2.058450
0.170534,-0.125305,0.005821,2.001341,1.061332,-1.333582
0.206417,-0.138320,-0.016329,1.565102,2.939386,-1.018578
0.268364,-0.167107,0.015215,0.966556,0.393907,-0.356404
0.309384,-0.190415,-0.009551,1.252436,2.185886,-1.453351
0.338539,-0.222170,0.000969,1.020115,0.582070,-0.271550
0.354774,-0.257151,-0.006059,1.679009,1.833296,-1.047545
0.391498,-0.287428,-0.004552,0.893229,1.169751,-0.683770
0.453145,-0.324404,-0.009863,1.748025,2.096902,-1.293909
0.472574,-0.359609,-0.005254,0.611268,0.545888,-0.156480
0.489449,-0.422185,-0.000846,2.012981,1.527639,-0.048874
0.482484,-0.426449,-0.047263,1.006812,1.077817,-0.655978
0.497573,-0.484194,0.019692,1.746778,1.005091,-0.418394
0.522585,-0.506485,-0.021073,0.768011,2.364746,-1.045795
0.523376,-0.525598,0.015261,1.759028,1.920090,-0.548377
0.484128,-0.560586,-0.001260,1.045715,2.076630,-0.359342
0.446377,-0.590364,0.043861,0.903510,-1.899975,-0.215397
0.443200,-0.605634,-0.005363,1.623743,2.355201,-0.309505
0.410726,-0.621304,0.019357,1.579929,2.514602,-0.144727
0.383321,-0.631647,-0.004857,2.332730,1.843009,-0.559254
0.320256,-0.662128,0.013337,1.076176,0.778862,-0.557325
0.280276,-0.653124,0.014427,1.871636,1.275925,-1.240228
0.259518,-0.612678,0.002252,1.279697,2.747216,-1.666745
0.229125,-0.621646,-0.002051,1.718103,1.960668,-0.899827
0.190632,-0.600737,-0.012860,0.970216,2.618413,0.212161
0.133380,-0.593643,0.012238,1.254383,0.766586,2.934707
0.076262,-0.563671,0.004133,1.334127,0.204721,2.658373
0.022296,-0.534973,0.007557,0.669006,0.358336,2.614055
-0.008602,-0.525657,0.019722,1.229558,-0.183733,-0.320584
-0.038344,-0.479122,0.011256,0.702615,-0.513467,-1.032106
-0.080202,-0.483708,0.003854,1.729641,-0.300138,-1.944878
-0.116039,-0.423357,0.003227,0.859922,-0.529836,-1.373984
-0.174480,-0.425254,0.018875,1.849289,-0.716167,-1.615743
-0.193646,-0.374639,-0.008990,1.206564,-0.016161,-1.047843
-0.243858,-0.365816,0.034141,2.278228,-1.154750,-1.050158
-0.288075,-0.338588,-0.018364,1.497608,-1.047323,-1.722081
-0.343299,-0.321138,0.030534,2.219567,-1.385712,-1.144730
-0.396819,-0.287474,0.018543,1.677341,-1.699218,-2.318834
-0.464001,-0.266177,0.030787,2.153531,-4.008056,-2.166303
-0.517675,-0.267044,0.010301,2.279176,-2.704445,-2.072620
-0.583029,-0.258920,0.026053,1.812167,-5.787971,-0.198194
-0.614412,-0.272814,0.025213,2.654658,-3.337660,0.457667
-0.667049,-0.245613,-0.012194,2.348935,-3.054629,0.572840
-0.751428,-0.266052,0.033212,2.746628,-3.633126,-0.204823
-0.787400,-0.255460,0.013800,1.478383,-3.794274,0.385044
-0.833961,-0.263945,0.035195,2.667213,-3.275612,-0.287578
-0.876068,-0.260617,-0.000350,1.135864,-3.367192,0.974920
-0.956373,-0.273014,0.041487,1.459781,-7.057881,0.376045
-1.005305,-0.259691,0.017841,0.095807,-3.304304,1.795013
-1.021730,-0.249345,0.041258,0.644335,-3.135019,2.006050
-1.040095,-0.240009,0.011506,-0.594483,-3.293462,3.054481
-1.081007,-0.254350,0.039278,-0.667944,-4.749769,3.920250
-1.102957,-0.247526,0.020276,-1.094983,-3.587664,3.751457
-1.116454,-0.230684,0.015225,-1.117553,-4.000939,4.361712
-1.140676,-0.237173,0.019430,-0.505733,-4.288914,2.398891
-1.133599,-0.224372,0.003917,-1.257874,-4.613689,2.250817
-1.160771,-0.240279,0.026004,-0.598294,-5.069655,0.991604
-1.167598,-0.229801,0.007058,-1.139024,-5.165014,0.848152
-1.173526,-0.215985,0.023437,-0.473670,-5.667305,-0.486547
-1.172450,-0.190648,0.019088,-1.082405,-5.738314,-1.208215
-1.169850,-0.178263,0.017834,-0.274771,-5.764610,-1.490482
-1.178886,-0.161546,-0.005596,-0.415837,-5.104617,-1.504774
-1.199221,-0.139340,0.028542,-0.724563,-6.143423,-0.854365
-1.198151,-0.122715,0.029352,0.037363,-5.086393,-2.460312
-1.186183,-0.052293,-0.003964,-0.729897,-5.474955,-3.146159
-1.192962,-0.020375,0.051926,0.099785,-4.733580,-4.627685
-1.194147,0.007907,0.018451,-1.054586,-4.580415,-3.368233
-1.204585,0.039960,0.030715,-0.342212,-6.176829,-2.857603
-1.179966,0.080271,0.020240,-1.104742,-3.969241,-1.691363
-1.157377,0.075039,0.041405,0.062040,-4.219990,-1.171053
-1.127178,0.118161,-0.011842,-0.220305,-1.674075,-0.100128
-1.147204,0.114632,0.040007,0.413862,-4.742593,-0.505611
-1.134541,0.128477,0.008131,0.284517,-3.056992,-1.340102
-1.090527,0.147141,0.006057,0.634832,-4.386258,-3.659707
-1.057692,0.138449,0.025742,0.196118,-4.490788,-4.877632
-1.019065,0.146852,0.022502,0.965354,-3.839188,-2.645005
-0.992152,0.153782,0.023211,0.585093,-4.232975,-1.221628
-0.940828,0.154067,0.022991,0.452046,-4.766683,0.246624
-0.920332,0.118919,0.028922,0.859246,-4.047540,-0.013167
-0.844570,0.135679,0.035960,0.241980,-3.791477,-0.057460
-0.805896,0.107191,0.024737,1.026417,-3.686203,-1.688976
-0.765460,0.112433,0.019370,0.049061,-2.832710,-2.703715
-0.751280,0.063521,0.031053,0.359288,-3.349904,-4.248483
-0.683100,0.097120,0.000231,-1.109262,-3.425797,-3.591013
-0.625858,0.087358,0.022981,-0.831915,-2.864543,-2.293697
-0.566777,0.093808,0.001616,-1.899807,-2.318066,1.223730
-0.521719,0.080281,0.014224,-1.707266,-1.696116,2.320859
-0.465357,0.120097,-0.021089,-2.895899,-0.323752,3.899336
-0.418976,0.123229,0.005912,-2.579252,-1.354444,2.825762
-0.351417,0.126137,-0.025855,-3.566259,-0.062604,1.889496
-0.311617,0.130496,0.000818,-3.030305,-1.534949,1.930199
-0.287209,0.106541,0.000017,-2.893697,-1.009292,1.258829
-0.247632,0.151231,-0.013782,-3.506203,-2.097782,2.693597
-0.215606,0.143012,0.009103,-2.127129,-2.420629,3.352738
-0.168427,0.151756,-0.023863,-2.677840,-1.448092,4.520312
-0.120618,0.150190,0.001819,-1.290124,-2.550788,4.982532
-0.105516,0.134195,-0.017869,-0.796580,-0.522405,3.207613
-0.075344,0.134258,-0.024755,-0.119357,-1.413259,2.341791
-0.065861,0.107135,0.009372,0.854273,-0.834046,-1.380015
-0.005300,0.111592,-0.006416,1.095821,-0.208784,-1.905667
0.030216,0.092488,0.008246,2.724902,0.714641,-2.940485
0.049034,0.068825,-0.022458,2.214735,0.837086,-1.304198
0.064209,0.024296,0.008125,3.883573,1.920408,-1.357354
0.097683,0.040987,-0.007644,2.727222,0.561151,-0.050187
0.122538,0.000511,0.018212,3.578546,0.100228,-0.899987
0.171443,-0.024941,-0.015962,2.911643,2.156961,-1.212287
0.181546,-0.075018,0.000280,3.774698,1.381288,-1.451556
0.211453,-0.117581,-0.013277,2.612656,1.874179,-2.438328
0.277840,-0.155408,-0.005839,2.977906,1.227959,-2.689000
0.316852,-0.189752,-0.024004,1.709276,1.872206,-2.873009
0.359179,-0.237167,-0.001371,2.090019,1.755194,-1.762125
0.386817,-0.251656,-0.046515,0.893111,2.153504,-0.395277
0.400436,-0.308064,0.016866,0.504008,0.519165,0.125489
0.433287,-0.349968,-0.037403,-0.699088,1.890319,1.001422
0.463324,-0.367122,-0.003718,-0.463822,0.681095,1.181262
0.455669,-0.412364,-0.014416,-1.085158,1.270276,0.174075
0.466534,-0.457130,-0.031836,-1.062890,0.973422,0.605483
0.453923,-0.508717,-0.033293,-0.553958,1.460972,-0.205459
0.456037,-0.533200,-0.027585,-0.954330,0.494652,0.407743
0.452962,-0.592724,-0.014790,0.458310,1.052578,-0.546668
0.424099,-0.596338,-0.044680,-0.789092,1.175010,0.409667
0.358907,-0.643412,0.005203,0.803271,1.880557,-0.682028
0.315109,-0.649586,-0.021397,0.134691,1.363330,-0.469812
0.283276,-0.678829,0.002896,1.681116,0.522914,-0.798877
0.233094,-0.704285,-0.024004,1.531903,1.149111,-1.830509
0.172441,-0.705591,0.001760,2.339121,0.392240,-2.447215
0.083901,-0.686507,-0.014419,2.228916,0.884425,-3.488147
0.048752,-0.658015,-0.022927,2.544709,1.079717,-3.853996
0.001587,-0.645778,-0.018332,2.617987,0.736689,-4.943701
-0.039677,-0.616404,0.002689,2.219416,-0.366893,-3.694806
-0.085874,-0.581019,-0.006121,2.299738,0.793108,-3.078352
-0.121002,-0.527141,-0.013198,1.917245,0.197276,-1.637208
-0.142108,-0.498659,-0.009351,2.101301,0.047725,-1.087161
-0.127282,-0.451655,-0.037120,1.363055,0.988219,-0.285921
-0.153574,-0.424112,0.007652,1.892840,0.740517,0.714943
-0.170554,-0.387378,-0.018371,0.916124,0.390100,2.627722
-0.184134,-0.364161,-0.014481,1.059022,0.557685,2.235887
-0.176256,-0.312341,-0.006078,0.932553,-0.614375,3.737300
-0.148811,-0.309932,0.009306,1.614256,-1.338078,3.551400
-0.165223,-0.315936,-0.002494,1.517615,-1.636198,4.918460
-0.191105,-0.360990,-0.002484,2.639348,-1.928851,5.419876
-0.211010,-0.350391,-0.028973,2.563150,-2.781819,3.638916
-0.229280,-0.370060,0.020677,4.010003,-2.858926,0.259411
-0.220112,-0.363505,-0.009758,3.556343,-1.776339,-0.340008
-0.266247,-0.392837,0.019223,4.573187,-2.713199,-0.491795
-0.291784,-0.429351,-0.018627,4.294334,-0.039942,-0.182517
-0.328223,-0.432459,0.018908,4.870205,-2.278798,-0.252680
-0.350497,-0.467427,-0.017633,4.255457,1.103649,-0.626163
-0.381651,-0.468385,-0.011435,4.242124,-1.469933,0.489518
-0.453881,-0.491359,0.016544,3.285844,-0.884737,0.336303
-0.492128,-0.480803,-0.002031,2.250662,-1.412960,1.634802
-0.562730,-0.495643,0.018645,1.804533,-0.454806,0.751205
-0.606774,-0.479523,0.000578,0.275967,-1.246964,1.324088
-0.658137,-0.478298,0.028824,0.445308,-3.247285,1.299427
-0.699453,-0.473079,-0.011796,-0.809664,-2.016577,2.918663
-0.763533,-0.493013,0.003556,-0.510519,-2.709930,3.031070
-0.830157,-0.491848,0.003828,-2.254964,-3.732442,3.343222
-0.837024,-0.481863,0.026142,-1.363033,-3.421362,0.685020
-0.849957,-0.457343,-0.014426,-2.561347,-4.040420,-1.117706
-0.885138,-0.464761,0.021005,-1.511859,-4.562141,-2.679934
-0.929979,-0.425526,-0.020862,-2.227273,-4.132312,-2.050192
-0.998559,-0.393145,0.017014,-1.635082,-5.228210,-2.508090
-0.985439,-0.337577,-0.025661,-1.691898,-2.357944,-2.828408
-1.013973,-0.306183,0.004471,-1.119493,-4.771715,-3.767681
-1.050796,-0.274639,0.010249,-1.446506,-4.438314,-3.882085
-1.042879,-0.231524,0.003575,-0.664390,-3.843054,-2.823581
-1.046368,-0.178821,-0.006554,-0.269936,-2.449564,-3.653050
-1.045216,-0.137371,0.011007,0.056171,-3.156644,-4.540179
-1.003371,-0.084409,-0.005126,1.268855,-0.776820,-4.769356
-1.001129,-0.040831,-0.006229,1.457621,-3.085070,-3.566302
-1.021736,-0.041717,0.021081,1.800954,-3.205785,-3.076838
-0.983650,0.003515,0.017532,1.880458,-4.031115,-1.316807
-0.951407,0.037321,0.020746,3.338865,-3.041762,-3.465124
-0.922456,0.078085,0.020142,2.357643,-4.470230,-2.335726
-0.906221,0.058998,0.034394,3.533284,-4.555931,-2.386258
-0.889851,0.094261,-0.008182,2.589898,-4.821651,-0.033130
-0.911483,0.102415,0.058451,2.682827,-10.508288,-0.404384
-0.866733,0.116582,-0.005241,2.210806,-5.728021,-1.051339
-0.866408,0.111294,0.019338,2.251682,-6.699334,-0.876904
-0.852244,0.126659,-0.008704,1.129541,-4.992564,0.565511
-0.849362,0.122221,0.008190,0.572128,-4.704822,1.034136
-0.822729,0.119014,-0.010112,0.064210,-3.663843,-0.258810
-0.797096,0.131284,-0.036641,-1.019021,-3.799834,0.306629
-0.787249,0.127959,-0.000196,-1.536310,-2.560399,0.280396
-0.750499,0.152002,-0.029758,-2.925071,-1.353692,2.242701
-0.731057,0.160277,0.006602,-2.345070,-0.993376,2.264651
-0.731349,0.152698,-0.015483,-4.692808,-1.406845,2.262360
-0.692905,0.163481,-0.002002,-4.249153,-1.803954,1.635217
-0.666376,0.176778,-0.030526,-4.965743,-1.783629,2.039831
-0.617586,0.156014,-0.010260,-3.805627,-2.023477,2.678259
-0.573349,0.176939,-0.053769,-4.842129,-1.923757,3.019870
-0.558384,0.166179,0.011988,-3.772576,-4.222281,2.822074
-0.510536,0.197674,-0.032551,-3.994131,-3.505935,3.575289
-0.493648,0.177835,-0.006078,-2.635166,-5.156663,2.723408
-0.456399,0.184525,-0.045878,-2.084478,-1.791586,1.154671
-0.426611,0.218603,-0.049324,-0.816452,-4.013954,-0.314378
-0.401185,0.247988,-0.026669,-0.855612,-2.499510,-2.099191
-0.338842,0.268532,-0.026236,-0.213967,-2.728499,-1.854425
-0.299160,0.284111,-0.032614,-0.103802,-0.883601,-2.061898
-0.278005,0.290154,-0.000895,0.239164,-0.884153,-1.683433
-0.222417,0.330685,-0.016306,0.320164,0.347438,-2.051972
-0.191939,0.371923,-0.007083,0.251493,0.729054,-1.476146
-0.182506,0.368916,-0.002576,1.032568,1.171989,-1.231083
-0.125979,0.407580,-0.008918,0.571632,0.876291,1.493766
-0.081305,0.368443,0.008817,1.270532,0.944123,1.284653
-0.021085,0.329425,0.009142,1.206173,-0.010545,2.503026
0.026707,0.282085,-0.006692,2.418394,0.873127,2.242507
0.062578,0.272964,-0.021427,1.302211,0.458460,2.165945
0.081376,0.217914,0.009451,2.542716,-0.624660,0.252278
0.141159,0.167771,-0.012473,1.889505,-0.864478,-0.542974
0.161799,0.103514,-0.004989,2.815766,-1.402374,-0.406748
0.165938,0.053132,-0.011524,1.432317,-0.307563,0.327272
0.203168,-0.014417,-0.004670,2.136118,-0.988121,1.004378
0.252920,-0.061895,-0.023101,1.131354,0.314748,0.451390
0.292342,-0.117092,0.006434,0.546213,0.622519,0.309469
0.339015,-0.174807,0.009536,0.272258,1.808448,-2.068030
0.376077,-0.187172,-0.011133,-0.691263,2.496906,-1.822161
0.372571,-0.262291,0.018041,-0.856868,2.451747,-2.492540
0.416674,-0.287707,-0.015676,-2.042048,3.288972,-0.400180
0.431074,-0.339169,-0.007894,-0.925947,3.799696,0.485301
0.432656,-0.392298,0.005144,-2.210339,2.771391,2.425397
0.444805,-0.458656,0.001671,-1.334322,3.183553,1.854431
0.470106,-0.460252,-0.029883,-1.911867,3.398064,1.419433
0.457849,-0.490716,0.012727,-0.779409,1.780186,-2.131867
0.471251,-0.505477,-0.021260,-1.596375,0.858927,-3.149255
0.436467,-0.528037,0.012940,-0.484964,-2.122817,-3.682156
0.428317,-0.537845,-0.024352,-0.693449,-0.013788,-1.936145
0.426807,-0.541219,0.022338,0.669351,-3.014212,-0.816479
0.420456,-0.540655,-0.024378,0.368942,0.065572,-0.046901
0.401319,-0.569816,-0.003912,2.097467,0.358743,-0.428961
0.384080,-0.553817,-0.039041,1.686237,1.240924,-2.547901
0.383298,-0.554375,0.006359,3.313263,2.054421,-4.672483
0.376320,-0.548280,-0.036408,2.912923,2.687642,-5.847150
0.356047,-0.528365,-0.003328,3.776556,2.607725,-5.141127
0.295152,-0.522487,-0.012660,3.493941,3.356978,-4.471088
0.277939,-0.498777,0.005381,3.573025,2.898109,-2.428469
0.256997,-0.486307,-0.017166,3.721657,3.236558,-2.253591
0.206500,-0.482457,0.005958,3.930830,2.324441,-1.913118
0.181061,-0.457333,-0.036119,3.403773,3.439505,-1.856503
0.125184,-0.437114,-0.016136,3.922923,0.862236,-2.322772
0.084590,-0.438394,-0.021381,2.706494,0.998966,-2.737492
0.048539,-0.445421,-0.008875,2.955424,-0.999901,-3.094990
-0.004482,-0.415594,-0.041785,2.184573,-1.365404,-3.075287
-0.048654,-0.412334,0.001429,2.292913,-2.102180,-2.224965
-0.099571,-0.440547,-0.018020,1.795076,-1.744929,-0.977347
-0.102913,-0.431034,-0.016484,1.620102,-2.084084,0.771274
-0.154762,-0.451038,-0.016093,1.199661,-1.615348,0.837208
-0.198776,-0.464299,0.001770,0.770880,-2.908275,1.302723
-0.245147,-0.466291,-0.027706,1.072316,-0.865446,1.330350
-0.282456,-0.435525,-0.012459,0.339380,0.069813,2.363648
-0.301687,-0.445907,-0.019330,0.818816,0.876393,3.010111
-0.329175,-0.416267,-0.055256,0.076024,1.424189,5.034814
-0.393704,-0.441968,0.019439,0.592325,0.074175,5.713267
-0.438230,-0.433825,-0.036917,-0.369482,0.040776,6.564131
-0.468238,-0.431579,-0.005937,1.038425,-2.006920,4.850231
-0.524079,-0.432275,-0.018650,-0.112401,-2.022358,3.327687
-0.546695,-0.430424,0.000624,1.265579,-2.318004,1.996956
-0.623130,-0.406830,-0.034117,0.362229,-3.611212,0.734154
-0.651162,-0.381542,-0.019484,1.113766,-4.203144,1.554248
-0.716030,-0.357334,-0.025258,1.328966,-5.193869,1.290411
-0.758193,-0.345973,0.000995,1.257370,-6.232370,3.459214
-0.801097,-0.354816,0.005568,2.156403,-4.828284,3.099888
-0.825404,-0.324907,-0.011960,1.472176,-4.419371,3.369691
-0.861025,-0.341420,-0.002244,2.413792,-3.630480,0.445191
-0.876840,-0.287490,-0.014150,1.208767,-2.327861,-2.101592
-0.918556,-0.257856,0.025623,2.022194,-2.333687,-4.099801
-0.943417,-0.189030,-0.012998,0.605796,-1.917386,-4.049085
-0.967038,-0.180315,0.047754,0.895445,-2.412998,-2.427491
-0.972234,-0.145488,-0.008422,0.078725,-1.554066,-0.196894
-1.015815,-0.134689,0.040897,0.434764,-3.361665,0.649903
-1.024195,-0.107970,-0.006449,-0.230543,-1.653464,-0.446583
-1.054630,-0.108735,0.022226,0.354246,-3.927062,-3.212094
-1.039225,-0.090521,-0.002711,0.122719,-4.409025,-5.269734
-1.026046,-0.071512,-0.006581,0.614888,-5.301665,-6.353215
-1.019843,-0.069861,-0.006942,0.004732,-4.801526,-5.003495
-1.003962,-0.096892,0.017769,0.790764,-5.690443,-2.085800
-0.983306,-0.111023,-0.005494,0.684909,-4.392022,-0.983288
-0.962646,-0.127888,0.019233,0.760802,-5.953980,-0.928047
-0.939341,-0.157338,0.023388,1.427488,-4.990335,-3.001012
-0.956941,-0.148081,0.017568,0.482996,-5.855593,-4.839349
-0.992556,-0.132907,0.033603,0.774887,-4.751587,-6.736767
-0.949257,-0.091151,0.023641,0.043265,-4.282908,-7.215872
-0.921238,-0.067156,0.026703,0.117385,-3.343378,-5.978658
-0.915924,-0.078313,0.039774,-0.397081,-3.801666,-2.587688
-0.904609,-0.102117,0.038166,-0.224300,-2.743066,0.607570
-0.898415,-0.071013,0.008739,-1.517925,-2.439615,1.025743
-0.870281,-0.051634,0.018704,-0.569737,-1.940326,-0.285378
-0.838977,-0.033196,-0.016093,-1.813785,-1.512237,-1.429826
-0.817792,-0.017263,0.001156,-0.832185,-2.084577,-2.353984
-0.819148,-0.017191,0.008699,-2.045617,-3.163271,-1.466143
-0.795685,-0.025361,0.026894,-1.167427,-4.665879,-0.065749
-0.738278,0.018128,-0.011655,-2.275377,-3.422150,2.451298
-0.692258,0.047624,0.019223,-1.037921,-4.140778,3.111052
-0.686274,0.061571,-0.004217,-1.956407,-4.481406,3.017289
-0.673791,0.073280,0.032152,-1.817379,-5.924031,1.316645
-0.651234,0.139099,-0.020721,-2.100417,-4.461810,-0.970888
-0.626288,0.194110,0.017719,-1.515142,-4.166663,-3.160127
-0.567404,0.262463,0.001415,-2.321253,-3.492506,-3.195312
-0.554724,0.273630,-0.004355,-1.213945,-2.853028,-2.440331
-0.536684,0.296991,-0.010247,-1.733923,-1.472159,-0.177522
-0.507477,0.301895,-0.009843,-0.262921,-0.538617,-0.081113
-0.476845,0.340697,-0.036054,-0.945347,-1.076619,0.105871
-0.456599,0.349254,0.018737,-0.009776,-0.880923,-1.279591
-0.429647,0.373735,-0.011386,-0.429137,-0.977029,-1.614258
-0.415664,0.378471,-0.001421,0.623078,-1.428240,-2.776478
-0.416517,0.350675,-0.007250,0.249162,-2.072120,-3.222479
-0.381819,0.337851,0.002111,1.135847,-2.843929,-2.237048
-0.344477,0.375340,-0.038016,0.647889,-1.344029,-1.104163
-0.350862,0.366060,0.007783,1.069023,-3.232255,-0.575083
-0.321661,0.358071,-0.029321,0.359009,-2.886864,-0.896170
-0.295074,0.328036,-0.000620,0.891483,-3.552509,-1.753759
-0.233387,0.321393,-0.049774,0.016795,0.035550,-2.795283
-0.178084,0.320359,0.002243,0.135947,-1.457391,-3.110393
-0.161022,0.280992,-0.034176,-0.421450,-0.220555,-2.384225
-0.117559,0.277411,-0.029009,-0.867619,-1.112069,-0.757431
-0.114996,0.242263,-0.029522,-1.454761,0.047571,-0.387690
-0.051753,0.238157,-0.028159,-2.492980,-0.028602,0.515579
-0.049376,0.193049,-0.013086,-1.934385,0.663802,-0.356755
-0.004387,0.181462,-0.028442,-3.028733,0.045756,1.293246
0.024449,0.174198,-0.013503,-2.189857,1.077629,1.930598
0.071952,0.153315,-0.049262,-3.011894,0.930737,3.385497
0.091043,0.111651,-0.023803,-2.229584,-0.090538,4.492301
0.110285,0.080251,-0.041818,-3.134322,0.940614,6.047580
0.165010,0.062963,-0.015259,-1.783632,-0.296685,6.538749
0.195753,0.048907,-0.039123,-2.247191,-0.441798,6.346645
0.210987,-0.002089,-0.014271,-0.731837,-1.394631,4.715668
0.203595,-0.014693,-0.044716,-0.596325,-0.245357,3.476514
0.210271,-0.062590,0.003867,0.454095,-1.176162,2.640369
0.256317,-0.107389,-0.039132,0.879975,-0.375604,2.344554
0.243929,-0.157007,-0.012161,2.576263,0.101445,2.127808
0.171302,-0.189759,-0.011911,1.933650,-1.912892,2.011245
0.172237,-0.209079,0.000175,3.548180,0.601574,0.579261
0.208738,-0.217765,-0.024801,3.288756,1.219293,-0.555849
0.198986,-0.286538,0.021898,4.394744,1.174412,-2.599925
0.210127,-0.305717,-0.012545,3.270043,2.057079,-1.697457
0.182758,-0.342461,0.004908,4.489826,3.382695,-2.183557
0.158871,-0.393749,-0.019336,3.118617,2.554507,-2.238895
0.185659,-0.428911,0.014828,3.892518,2.632947,-3.120686
0.167846,-0.444023,0.004373,2.388209,1.241446,-2.504260
0.105932,-0.501984,0.006710,3.472638,1.031373,-3.877578
0.059105,-0.538531,-0.035377,2.237939,0.120868,-4.720689
0.019479,-0.587367,0.013281,2.028211,-1.793391,-5.668165
0.039863,-0.596699,-0.019530,1.130980,-0.532567,-6.157924
0.014221,-0.654063,0.003559,1.955709,-1.768579,-6.135975
-0.026307,-0.700480,-0.018752,0.427041,-0.946611,-5.318733
-0.021193,-0.733948,-0.012610,0.978501,-0.185430,-4.933922
-0.004673,-0.735546,-0.010979,0.213355,0.477912,-5.854922
0.021416,-0.774214,-0.004966,0.458832,1.047044,-5.796944
0.030561,-0.797437,-0.035978,0.153919,3.322578,-6.139804
-0.017615,-0.835201,0.012504,0.679809,1.620384,-5.228475
-0.022779,-0.835720,-0.019950,0.199460,2.505999,-6.110118
-0.030883,-0.837548,0.015569,0.802647,0.754953,-6.298094
-0.057228,-0.849736,-0.016953,0.622793,1.125967,-6.594945
-0.096062,-0.832881,-0.008517,1.401216,-0.284763,-5.797349
-0.166858,-0.808801,-0.019159,0.929172,-1.016717,-5.133690
-0.178603,-0.788646,-0.011294,1.197406,-2.349781,-3.425220
-0.198507,-0.764822,-0.014314,1.790504,-2.440836,-3.170084
-0.216823,-0.730088,-0.033214,1.230927,-2.232522,-0.198521
-0.267567,-0.696091,-0.038118,2.959317,-2.162741,0.146741
-0.334702,-0.648723,-0.035640,1.571516,-2.780581,1.454982
-0.386424,-0.629957,-0.007949,2.838350,-2.290533,0.237209
-0.412529,-0.537671,-0.043715,1.614381,-2.236770,1.138253
-0.475263,-0.505795,0.005272,2.273261,-1.951523,1.301819
-0.541673,-0.463248,-0.041712,1.713369,-1.779034,2.604267
-0.615863,-0.412581,-0.012903,2.199909,-2.799829,2.485215
-0.628878,-0.316330,-0.029728,1.306564,0.046186,2.023981
-0.649478,-0.268380,-0.018749,2.086001,-0.746819,1.250231
-0.677599,-0.201904,-0.038650,1.338764,-1.333023,2.191981
-0.748923,-0.170816,0.002472,1.149075,-2.034184,3.910298
-0.771729,-0.105735,-0.006108,0.341891,-1.583903,5.599785
-0.796279,-0.060099,-0.013838,1.011325,-3.215902,6.130387
-0.843431,-0.061678,-0.022714,1.582232,-3.066127,4.846123
-0.858868,-0.044560,-0.028622,0.998290,-4.358948,5.634925
-0.884245,-0.054621,-0.025717,2.338657,-4.368674,4.402924
-0.911968,-0.058737,-0.043075,1.462171,-5.295625,4.062295
-0.926579,-0.066047,-0.013907,2.812411,-5.753279,2.465418
-0.956724,-0.058651,-0.025356,1.853568,-5.689180,2.085265
-0.951922,-0.069460,-0.002737,3.142418,-4.663096,1.939991
-0.955897,-0.069785,-0.050749,1.904719,-4.150169,0.873408
-0.976649,-0.097755,-0.014321,2.443610,-3.863261,0.334894
-1.006509,-0.102337,-0.025146,1.293030,-3.642812,-1.214890
-0.998448,-0.082797,-0.014714,1.132036,-3.780507,-2.862448
-1.018638,-0.081136,-0.039930,0.424260,-3.117081,-4.140637
-1.030615,-0.109785,-0.027326,-0.147734,-4.417990,-2.249453
-1.078096,-0.108837,-0.037669,-0.732668,-3.080245,-1.933650
-1.092772,-0.110461,-0.026173,-1.183429,-4.191370,-0.533073
-1.069266,-0.128216,-0.016297,-1.576684,-3.150456,-1.383487
-1.042888,-0.132352,-0.032873,-2.093176,-4.330779,-0.947982
-1.060174,-0.153314,-0.021713,-1.813804,-3.657547,-1.276131
-1.049608,-0.166463,-0.035033,-2.958453,-4.674171,-0.604544
-1.026063,-0.173678,-0.017662,-2.120286,-4.248265,-0.731702
-0.995313,-0.179173,-0.039851,-2.647284,-4.980488,0.200298
-0.984477,-0.163496,-0.015939,-1.619750,-5.675186,-0.052079
-1.019120,-0.156616,-0.033674,-2.798408,-5.211316,0.001664
-1.025009,-0.143214,-0.008527,-1.734806,-4.922077,-0.687986
-1.016383,-0.077877,-0.027536,-2.699633,-5.129954,-3.009479
-1.000594,-0.022111,-0.023249,-1.826760,-4.765629,-5.468322
-0.981569,0.033109,-0.024893,-1.926500,-4.465789,-5.617414
-1.011965,0.013923,-0.007267,-1.450678,-3.811546,-4.492752
-0.946447,0.052413,-0.020757,-1.103009,-2.179157,-0.739249
-0.890065,0.091435,0.009648,-0.519336,-2.517350,0.098006
-0.822427,0.112180,-0.008241,0.034487,-1.243051,0.465880
-0.809005,0.111976,0.001836,1.196730,-1.469710,-0.615723
-0.791378,0.129784,-0.008993,0.777756,-0.748805,-1.071585
-0.730095,0.156627,0.002042,1.673694,-2.366909,-3.624948
-0.669436,0.178859,-0.000377,1.444409,-2.922708,-4.427730
-0.608392,0.166435,-0.000689,2.635123,-3.070027,-1.907581
-0.573290,0.175889,-0.036543,1.908769,-2.428484,1.194893
-0.564201,0.145296,0.001301,3.248982,-3.739943,2.181292
-0.485645,0.160166,-0.025116,2.037556,-4.406491,2.378998
-0.419340,0.126587,0.015914,3.020968,-4.027737,-0.402592
-0.380230,0.116785,-0.020780,1.999696,-3.434529,-2.359516
-0.384244,0.100580,-0.010631,2.444122,-3.300809,-4.832046
-0.377338,0.076946,-0.016966,0.913442,-2.870497,-4.193182
-0.323847,0.047906,-0.012971,1.326350,-1.594341,-3.122006
-0.275205,0.044066,-0.012968,-0.838270,-2.183141,-0.309706
-0.243293,0.008025,-0.009925,-0.161277,-0.781425,0.934618
-0.241406,-0.004002,-0.051927,-1.506552,0.354909,1.661842
-0.251844,-0.039075,-0.010470,-1.869264,0.376340,-0.032214
-0.179633,-0.022617,-0.033037,-2.878161,0.544936,-2.054875
-0.155954,-0.037056,-0.019940,-2.255194,0.831236,-5.092247
-0.155905,-0.049126,-0.029607,-3.765906,-0.189713,-4.685651
-0.174923,-0.082203,-0.035670,-3.145890,0.327031,-3.814600
-0.165680,-0.052566,-0.056785,-3.641003,-0.942701,-2.682664
-0.126149,-0.036643,-0.031350,-3.491580,-0.900312,-4.072954
-0.053978,-0.022141,-0.058975,-4.336788,-1.015516,-3.738738
-0.023990,-0.017900,-0.049003,-3.061420,-0.314961,-4.282621
-0.025792,0.006308,-0.063406,-3.648306,-1.097321,-3.161331
0.023786,0.032387,-0.041768,-2.453548,0.094168,-3.453352
0.093377,0.082664,-0.060432,-2.772335,0.021469,-0.907472
0.141836,0.104758,-0.059362,-1.815889,0.418207,1.048117
0.182873,0.154523,-0.077452,-1.569121,1.457194,3.915686
0.201773,0.151021,-0.029725,-0.442004,1.357365,4.606341
0.260926,0.173808,-0.053966,-0.073846,0.888311,5.336947
0.299271,0.197103,-0.058640,1.508680,1.919644,4.691025
0.355263,0.233548,-0.034970,2.018134,2.431208,4.110037
0.370490,0.205788,-0.039339,3.334132,2.105801,4.326771
0.395342,0.210085,-0.057842,3.171983,2.831689,6.726310
0.420288,0.200418,-0.033103,4.449393,1.084394,7.620591
0.408521,0.196650,-0.053103,4.320872,0.504246,7.841693
0.430024,0.147266,-0.041788,5.465147,0.398023,6.594456
0.432006,0.109163,-0.070306,4.670130,0.149806,6.612904
0.423557,0.040655,-0.032397,5.654924,-0.308223,5.736930
0.388553,-0.017723,-0.050273,4.871114,0.006130,4.664130
0.354511,-0.061662,-0.032975,4.565693,-2.153156,3.966041
0.349194,-0.110901,-0.057760,3.591183,0.377732,3.981964
0.320666,-0.177735,-0.035131,3.780902,0.683914,4.815944
0.294827,-0.232299,-0.065641,2.164563,1.945962,5.363025
0.237007,-0.311153,-0.061000,2.188115,2.101967,6.087803
0.211164,-0.371747,-0.053034,0.263001,3.038673,5.183790
0.230294,-0.432827,-0.036490,0.330787,3.283097,3.119452
0.216820,-0.476388,-0.075183,-0.669664,4.467784,0.201964
0.179193,-0.548306,-0.017596,-1.562894,2.906818,1.272030
0.150163,-0.626497,-0.055095,-1.997400,3.511114,1.816869
0.162610,-0.661669,-0.036086,-1.925932,2.059604,2.754515
0.136512,-0.708102,-0.053017,-2.171123,1.398902,0.373171
0.080753,-0.793705,-0.014143,-1.751309,-1.978412,-1.028102
0.044426,-0.836337,-0.063633,-1.378936,0.138895,-3.631947
0.018826,-0.859869,-0.029705,-0.413578,-1.724309,-5.484773
-0.003422,-0.905406,-0.047450,0.299640,-1.275790,-7.902499
-0.022871,-0.921579,-0.045317,0.847742,-2.271668,-7.546243
-0.059998,-0.946076,-0.026728,1.573521,-1.935747,-6.931814
-0.065969,-0.939045,-0.038955,2.017051,-1.423194,-4.663635
-0.120776,-0.953967,-0.026311,3.056255,-0.610338,-5.579286
-0.181314,-0.953379,-0.030887,3.291110,-0.753889,-6.679965
-0.233715,-0.933130,-0.041607,3.835554,0.269585,-10.929553
-0.253557,-0.883319,-0.017741,3.777659,1.512136,-13.371121
-0.282666,-0.845735,-0.030864,3.511509,1.223252,-14.357157
-0.310120,-0.801605,-0.005573,3.413252,0.111752,-11.093921
-0.331449,-0.757191,-0.040603,3.817071,3.769649,-6.647457
-0.345282,-0.686503,-0.034439,3.484271,1.316145,-2.980520
-0.384549,-0.666106,-0.026541,3.202123,0.860897,-1.020799
-0.416140,-0.597841,-0.032118,2.717782,-0.583452,0.306858
-0.476546,-0.554274,-0.030017,1.720624,-1.295728,-1.889982
-0.478778,-0.486468,-0.021296,1.627215,-2.787812,-3.027078
-0.504345,-0.452968,-0.027007,0.994332,-3.718256,-4.396332
-0.478683,-0.393877,-0.031094,1.265707,-3.714199,-1.194858
-0.501125,-0.354583,-0.045934,0.875012,-3.986149,2.006406
-0.526636,-0.338486,-0.032184,1.206876,-5.297811,5.040096
-0.534511,-0.297042,-0.064309,0.650851,-2.325675,5.289153
-0.556165,-0.270690,-0.034393,1.213779,-3.471439,5.400391
-0.532669,-0.189115,-0.075318,0.322469,-2.077913,2.993772
-0.573601,-0.156990,-0.013362,0.821436,-1.794645,0.373065
-0.601384,-0.124901,-0.055092,-0.443623,-1.533718,0.820113
-0.621594,-0.101671,-0.018614,0.467343,-1.670142,2.302849
-0.596352,-0.027524,-0.043518,-0.435794,-0.663635,5.851947
-0.584154,-0.005739,-0.034360,0.321317,-0.487713,8.836961
-0.597928,0.012902,-0.043843,-0.313257,-0.922176,12.757992
-0.645749,0.025080,-0.021690,0.792849,-1.733352,12.972125
-0.675469,0.033398,-0.027102,0.483384,-3.343096,11.069501
-0.659792,0.057383,-0.028957,1.150500,-3.435595,6.464790
-0.668152,0.066134,-0.028120,0.767603,-4.595379,3.503307
-0.681285,0.071222,-0.036224,1.389146,-4.506763,1.294642
-0.716030,0.110644,-0.049535,0.550427,-5.636920,1.656268
-0.722493,0.111970,-0.041082,1.562383,-4.917416,1.304522
-0.712885,0.153768,-0.057941,0.344264,-4.815191,2.970251
-0.735242,0.172324,-0.030316,0.205338,-4.271902,2.244175
-0.724407,0.221699,-0.046787,-1.120261,-3.275238,2.340189
-0.753263,0.238974,-0.040173,-1.443188,-2.875720,-1.442409
-0.733059,0.269107,-0.030014,-2.674598,-2.428530,-3.360447
-0.702194,0.317995,-0.028642,-2.605443,-1.201745,-5.331243
-0.675006,0.366014,-0.032289,-3.928414,-1.251481,-3.998730
-0.662992,0.370144,-0.031091,-3.581975,0.064889,-1.826570
-0.647621,0.381885,-0.037846,-4.144769,-0.791749,1.993041
-0.635082,0.367938,-0.025074,-2.672247,-0.545750,2.466251
-0.594921,0.389507,-0.050864,-3.473960,-1.315084,2.268494
-0.584916,0.358878,-0.006630,-2.617542,-2.559457,-0.618667
-0.512502,0.362033,-0.049738,-2.983725,-2.485392,-1.752237
-0.467342,0.362010,-0.017846,-1.339755,-3.155617,-3.876588
-0.417663,0.378156,-0.027007,-1.631872,-3.992359,-3.432549
-0.373402,0.345811,-0.015013,-0.233609,-3.715052,-0.501349
-0.333458,0.341695,-0.047194,-0.634093,-3.949070,1.896598
-0.302623,0.293620,-0.011852,1.138657,-4.211442,2.500193
-0.273570,0.287981,-0.048474,1.174619,-2.875926,0.815216
-0.251768,0.247866,-0.012318,1.819769,-2.861648,-1.671631
-0.192986,0.259371,-0.051067,1.028183,0.692392,-3.289243
-0.162650,0.252678,0.009300,1.949567,-0.374200,-4.452798
-0.111316,0.248486,-0.032817,0.715298,0.670915,-1.889790
-0.099552,0.209160,-0.002917,1.160922,-1.663820,0.841394
-0.072156,0.197372,-0.020902,-0.535761,1.793696,4.936060
-0.040044,0.180235,0.006034,0.709219,2.094279,5.464004
-0.030561,0.183537,-0.023423,-1.113670,1.133470,5.097829
0.015337,0.150043,-0.004660,-0.718704,1.102166,3.679235
0.039325,0.155869,-0.021719,-1.756457,-0.148466,2.633191
0.049100,0.109570,-0.011826,-1.251345,-0.365189,1.756167
0.082722,0.089419,-0.042129,-1.799772,-0.923381,2.968386
0.077657,0.034672,-0.003646,-1.312664,-1.667073,2.919107
0.128066,0.020626,-0.030224,-1.973931,-1.278807,3.223463
0.140628,-0.011752,-0.008346,-0.774660,-1.045560,0.786676
0.162850,-0.038822,-0.031022,-1.567822,-1.126827,-0.745369
0.182840,-0.070573,-0.024115,-0.828209,0.119587,-3.711276
0.239948,-0.073547,-0.033907,-1.011028,1.024122,-4.022824
0.275217,-0.075284,-0.014938,-0.407004,2.031962,-5.564651
0.310527,-0.085233,-0.021289,-0.857371,2.478354,-4.298620
0.309634,-0.108604,-0.029801,-0.037595,3.081295,-4.087857
0.325150,-0.106332,-0.027352,-0.327165,3.158567,-3.756590
0.347644,-0.128545,-0.013365,0.990586,3.642924,-5.289620
0.371111,-0.128160,-0.044526,0.309274,2.775119,-6.220565
0.363768,-0.175739,-0.010382,1.673120,2.472528,-8.177118
0.351495,-0.168548,-0.053900,1.089545,1.681936,-8.609629
0.347815,-0.191544,0.001796,2.255293,0.098718,-8.916687
0.392479,-0.190957,-0.053815,1.068114,0.824708,-7.730479
0.411297,-0.195624,-0.000652,1.720036,-1.234431,-6.778177
0.407864,-0.196228,-0.048937,1.271944,0.318198,-5.900811
0.392814,-0.180545,-0.031849,1.398954,0.469295,-5.337111
0.371094,-0.186857,-0.051727,0.556920,0.604715,-4.686565
0.397541,-0.143814,-0.060895,0.099746,-0.284435,-2.182645
0.396773,-0.111315,-0.035578,-0.098061,1.462101,-1.085612
0.402218,-0.100759,-0.043403,-0.869325,2.082082,2.002855
0.398401,-0.097542,-0.047434,-0.724317,3.597081,3.601123
0.416503,-0.089093,-0.047522,-1.688343,3.551623,5.150504
0.446272,-0.079771,-0.032246,-0.912936,4.691463,4.693346
0.469817,-0.061346,-0.044325,-1.364826,4.441938,5.086937
0.453631,-0.097752,-0.036940,-0.903856,3.745983,4.755023
0.464207,-0.062909,-0.050956,-0.557467,2.548480,5.852621
0.423321,-0.074749,-0.024795,-0.253737,1.246380,6.747739
0.409016,-0.062069,-0.027989,0.119381,-0.045368,9.148655
0.360863,-0.082154,-0.050309,1.321758,-0.085223,10.387250
0.314475,-0.086943,-0.047516,1.654873,-2.586566,12.217807
0.292099,-0.092339,-0.053473,2.737460,-0.711109,10.942628
0.239403,-0.114916,-0.047296,2.854361,-2.330694,10.461090
0.205768,-0.182885,-0.043160,4.107583,-0.858051,9.100733
0.186559,-0.190891,-0.059257,3.917533,-0.982465,8.136559
0.144987,-0.224799,-0.025153,4.372285,0.266299,5.108501
0.128131,-0.251928,-0.029449,4.373349,1.036074,5.162245
0.084216,-0.275575,-0.034875,4.655875,2.402661,3.343888
0.037546,-0.282471,-0.007598,3.522370,1.279588,3.417413
0.002000,-0.305366,-0.019579,3.463181,3.763869,1.165298
-0.020839,-0.288508,-0.024463,2.217105,3.286037,1.720280
-0.029101,-0.300817,-0.025970,1.398692,3.765923,2.086994
-0.023340,-0.306092,-0.016320,0.914332,2.394412,3.088640
-0.044728,-0.339609,-0.037399,0.581240,2.400423,2.547934
-0.093798,-0.406725,-0.007660,0.457824,0.047295,2.574594
-0.083139,-0.455600,-0.053726,0.308049,0.040514,0.967965
-0.078360,-0.512157,0.006339,0.825352,-4.102478,-2.761735
-0.091316,-0.557346,-0.052348,0.068750,-2.741074,-5.926472
-0.143159,-0.623589,-0.034727,1.679938,-3.769783,-8.276200
-0.207183,-0.665109,-0.026426,0.486000,-4.604882,-8.282195
-0.200122,-0.691709,-0.011987,1.674069,-4.030251,-7.939744
-0.206802,-0.699738,-0.024060,0.802821,-3.143094,-7.575033
-0.292884,-0.746739,-0.013657,1.516932,-2.725800,-7.432586
-0.331085,-0.741133,-0.028524,1.308770,-1.383795,-7.000900
-0.381034,-0.748860,-0.001637,1.598835,-0.147951,-9.736893
-0.387776,-0.740470,-0.019070,1.074105,0.610401,-9.507310
-0.420778,-0.741314,-0.010926,1.691522,1.035286,-10.182094
-0.489670,-0.728391,-0.004496,0.591186,1.751892,-8.724250
-0.530244,-0.712806,-0.008714,0.878669,2.095586,-7.080848
-0.549794,-0.703992,0.000099,0.619366,1.068019,-4.347305
-0.553930,-0.685318,-0.004493,1.143026,0.541161,-3.831594
-0.570322,-0.625151,0.007655,0.667371,-2.338059,-3.755432
-0.603104,-0.611208,-0.020380,1.242372,-1.672187,-4.833225
-0.624830,-0.550607,-0.035509,0.713325,-2.673413,-3.996306
-0.628828,-0.519851,-0.016599,1.440034,-3.545225,-2.744715
-0.582267,-0.424962,-0.024660,0.732252,-4.558333,0.251584
-0.595528,-0.401834,-0.017344,1.407288,-4.429524,1.101000
-0.601118,-0.343150,-0.030733,0.883067,-5.159397,3.267991
-0.622191,-0.317626,-0.016050,1.030849,-4.270112,2.611410
-0.570844,-0.218024,-0.025990,0.825053,-3.108654,1.653686
-0.543643,-0.154466,-0.025369,0.526354,-1.991880,-0.425086
-0.535259,-0.099492,-0.025894,0.772783,-1.486260,-0.641209
-0.542405,-0.038773,-0.029344,0.496701,0.037434,-1.100994
-0.524926,0.011852,-0.007743,0.295783,-0.526308,-0.427599
-0.500357,0.071018,-0.032679,0.158363,0.577996,1.043144
-0.493530,0.129091,0.000444,0.034336,-0.052728,2.601130
-0.472427,0.189659,-0.029814,-0.392998,-0.220372,3.201170
-0.476819,0.261048,0.003017,-0.183906,-1.455661,3.456323
-0.479652,0.292773,-0.020318,-0.525139,-2.167406,2.231953
-0.487700,0.332376,-0.014491,-0.204291,-3.633622,1.488359
-0.486344,0.351030,-0.045799,0.068772,-3.736756,0.271000
-0.472686,0.375674,-0.036536,0.460574,-4.751174,-0.310897
-0.477475,0.380050,-0.039536,-0.242045,-3.926809,-0.733065
-0.456986,0.376725,-0.003679,0.196456,-4.903850,-0.171292
-0.428541,0.390180,-0.040931,-0.142771,-3.395139,-0.633462
-0.373990,0.414483,-0.018118,0.147137,-2.349762,-0.294964
-0.360056,0.445046,-0.073158,-1.027385,-0.522408,-1.272303
-0.349624,0.452759,0.004399,-1.800491,-1.977300,-0.970854
-0.295549,0.497489,-0.046827,-1.778042,1.968260,-0.613793
-0.242482,0.508705,-0.012351,-2.108384,1.358911,1.038118
-0.212005,0.503174,-0.022106,-2.457438,2.767845,2.864192
-0.171230,0.508439,-0.032384,-2.206410,2.450561,4.091512
-0.154122,0.498920,-0.033628,-3.988643,1.208930,3.454211
-0.095390,0.496101,0.007698,-3.096742,0.959547,2.655814
-0.068457,0.488269,-0.033506,-3.521920,-0.230002,1.455046
-0.043573,0.459137,-0.008084,-2.808465,-2.444332,1.333036
0.024045,0.465518,-0.053001,-2.293142,-0.943486,1.582210
0.049842,0.416291,-0.004936,-1.799972,-3.139598,2.119359
0.080506,0.381655,-0.030720,-2.003408,-3.131569,3.385830
0.085650,0.351020,-0.019720,-0.562388,-3.502508,4.578974
0.108877,0.348916,-0.047821,-0.998240,-1.194494,4.110478
0.132674,0.339180,-0.014015,-0.233806,-1.676034,2.438260
0.152927,0.322525,-0.041483,-1.243448,-0.507631,1.328324
0.170347,0.306293,-0.016773,0.170968,0.729661,0.202543
0.153075,0.314982,-0.020436,-1.608846,1.331175,0.559862
0.165817,0.282486,0.006999,-0.755464,1.037872,1.241838
0.198129,0.273164,-0.020406,-0.930343,4.207920,2.301062
0.220975,0.239236,-0.001493,-0.319625,3.975001,4.573958
0.242386,0.222030,-0.034035,0.359665,4.110093,4.476063
0.233688,0.170154,0.003693,-0.174463,3.041364,3.799560
0.260299,0.120307,-0.019320,0.617350,3.705208,1.192382
0.288610,0.089101,-0.011376,1.332918,2.096593,-0.113506
0.284878,0.015187,-0.027555,1.636028,1.512451,-1.594889
0.292634,-0.046014,-0.014045,2.509580,-0.419691,-0.455738
0.255897,-0.140873,-0.003643,2.509804,-2.560169,-1.107341
0.297554,-0.187779,0.026385,2.728135,-1.686492,-2.371068
0.320321,-0.242924,-0.018588,3.032401,-1.260090,-5.683318
0.360190,-0.340377,-0.012830,3.479167,-1.560617,-5.892505
0.378030,-0.393861,-0.049538,2.988974,0.764908,-7.711787
0.376756,-0.450926,0.003684,2.480387,-0.100651,-8.117246
0.387142,-0.474120,-0.032305,2.732612,4.072428,-10.128465
0.362717,-0.521994,-0.013349,1.496912,2.910586,-9.960802
0.361289,-0.558715,-0.041673,0.646098,4.722104,-9.434252
0.340968,-0.583990,-0.013749,0.469099,3.445919,-7.145913
0.314909,-0.622197,-0.018151,-0.231639,3.984268,-5.755528
0.296553,-0.637185,-0.013677,-0.598776,3.165323,-4.454996
0.270327,-0.674871,-0.034704,-0.962740,2.881224,-5.572788
0.264894,-0.670636,-0.043048,-1.429965,0.982406,-6.898191
0.226657,-0.698205,-0.024421,-1.295638,0.893377,-9.207778
0.196084,-0.703431,-0.059063,-1.763579,-0.380337,-8.491652
0.151286,-0.670439,-0.057426,-1.380282,-0.293041,-8.517772
0.115583,-0.631148,-0.032820,-1.713338,-2.044327,-6.604728
0.123687,-0.602670,-0.062924,-1.946556,0.206372,-4.792635
0.098557,-0.597976,-0.029666,-0.693508,-1.104397,-1.727848
0.062263,-0.582765,-0.065074,-0.867910,-0.130665,-0.459439
0.039345,-0.512331,-0.030221,-0.117729,-1.511787,0.278699
0.002365,-0.479759,-0.047329,0.110355,1.031656,-1.245595
0.002384,-0.422517,-0.039031,1.369636,0.894443,-0.149458
-0.052416,-0.394087,-0.044342,1.443596,1.110254,0.507636
-0.059299,-0.355059,-0.022238,2.149701,-0.044252,3.588566
-0.085447,-0.312939,-0.043669,3.246291,1.872058,5.142264
-0.107462,-0.310510,-0.049909,3.899867,1.156523,7.886886
-0.103878,-0.252752,-0.064388,4.962527,2.811843,8.264529
-0.147347,-0.221438,-0.014452,4.492186,-0.169822,8.772023
-0.190715,-0.214213,-0.033602,5.157825,-0.219242,7.205662
-0.219262,-0.189490,-0.040514,5.013749,-1.654741,7.799905
-0.235185,-0.183374,-0.046344,5.075922,-1.506135,6.803772
-0.248683,-0.157095,-0.030391,5.289894,-2.655195,6.813780
-0.298494,-0.191807,-0.035167,5.012902,-2.054135,6.233346
-0.302433,-0.206447,-0.007165,4.431300,-3.209100,7.771130
-0.340634,-0.233110,-0.024926,4.446714,-2.726733,6.762626
-0.348630,-0.260259,-0.038706,3.553320,-2.254449,5.516875
-0.393629,-0.302767,-0.019438,3.241974,-2.026910,3.864691
-0.418762,-0.314245,-0.029049,1.756993,-1.451374,3.290461
-0.450011,-0.338007,-0.022733,1.625177,-0.759879,1.124442
-0.478296,-0.344414,-0.020528,-0.010646,-1.167785,1.934084
-0.501493,-0.398263,-0.006364,0.295320,-0.043008,3.230980
-0.533421,-0.393303,-0.041821,-1.582825,-0.489288,5.390345
-0.571904,-0.445359,-0.023406,-1.091874,-0.111634,4.745802
-0.590877,-0.464256,-0.038105,-1.389217,-1.339604,4.442921
-0.631343,-0.530876,-0.016733,-2.006312,-1.769216,1.789935
-0.608211,-0.544548,-0.013959,-1.796876,-2.655530,-0.112517
-0.624223,-0.576138,-0.025172,-1.310866,-2.481400,-3.764753
-0.625379,-0.602273,-0.024293,-0.993897,-3.420932,-4.506984
-0.632364,-0.643996,-0.012768,0.070122,-2.661599,-5.932022
-0.612502,-0.662348,-0.024007,0.529191,-3.110535,-5.104555
-0.585080,-0.661508,-0.037531,1.622019,-2.617385,-6.072286
-0.585264,-0.670380,-0.025097,0.194651,-2.651542,-5.872176
-0.574570,-0.665158,-0.018010,1.891655,-1.948756,-7.290869
-0.584975,-0.622023,-0.017009,1.138447,-2.331160,-6.669622
-0.579513,-0.600372,0.008827,2.097057,-2.662814,-7.987787
-0.571698,-0.558659,-0.018509,1.620365,-1.945217,-6.549603
-0.576736,-0.544242,-0.014790,2.049498,-1.221538,-4.540606
-0.560971,-0.474494,-0.027509,1.628607,-1.785963,-2.389128
-0.597557,-0.463245,0.001563,1.850516,-1.705126,-2.043294
-0.573116,-0.428408,0.006119,2.582651,-2.508175,-0.512075
-0.589360,-0.423347,-0.001834,1.835358,-2.397422,-1.350138
-0.543501,-0.370139,-0.015233,1.568781,-2.026349,-1.029943
-0.559011,-0.344142,-0.017304,2.131772,-1.830575,-2.686114
-0.582953,-0.332834,-0.007135,2.161878,-3.363099,-2.058644
-0.599510,-0.297117,-0.022783,2.854269,-2.529718,-2.016908
-0.598555,-0.249732,-0.001499,1.345766,-3.766816,0.217619
-0.612859,-0.247592,0.000523,2.072274,-3.037389,0.428486
-0.627351,-0.226624,-0.000784,1.917793,-3.238524,1.463859
-0.628717,-0.219580,-0.013349,1.915288,-2.870392,0.069413
-0.605668,-0.160781,-0.092216,-0.771683,-2.885711,-1.710940
-0.580462,-0.184874,-0.024578,1.746646,-1.740853,-4.458331
-0.551786,-0.157627,-0.038890,0.478398,-1.027297,-4.508395
-0.513746,-0.146759,-0.018939,1.443527,0.262232,-3.532266
-0.454616,-0.095727,-0.053231,0.373028,0.521066,-2.037108
-0.430559,-0.103211,0.013327,0.356482,0.229116,-1.590240
-0.386030,-0.057824,-0.041033,-1.910341,-0.207642,0.370129
-0.353370,-0.038852,-0.006466,-0.602758,0.037467,0.019154
-0.320788,-0.005010,-0.051058,-1.914693,-0.566249,0.426371
-0.288617,0.020915,-0.035489,-1.027115,-2.085545,-1.238962
-0.253462,0.048497,-0.038046,-2.744057,-2.175851,-1.288854
-0.205148,0.095344,-0.015417,-2.023851,-3.654921,-1.490333
-0.159916,0.150857,-0.049846,-2.781349,-1.336794,-1.302135
-0.152324,0.155610,-0.023790,-2.197836,-2.692484,-1.225434
-0.094858,0.206629,-0.055847,-3.157480,-2.765246,0.000423
-0.056201,0.247922,-0.039306,-2.160630,-1.496889,-0.720253
-0.047863,0.290088,-0.062631,-2.932400,0.089290,0.227952
-0.072396,0.329238,-0.039297,-2.343964,-1.447593,0.198652
-0.072774,0.390019,-0.063610,-3.453494,-0.475965,1.838243
-0.029757,0.428495,-0.038561,-1.790673,0.328042,1.582856
-0.010982,0.485229,-0.066006,-2.567767,0.454947,2.353270
-0.038656,0.465308,-0.008094,-1.394699,0.456740,3.104246
-0.005405,0.494223,-0.046118,-2.108748,1.478540,4.644429
0.019893,0.530852,-0.014209,-0.601735,0.568326,3.688747
0.093226,0.553908,-0.053549,-0.776492,2.779734,2.921218
0.090442,0.533796,-0.028688,0.650765,2.403462,2.970816
0.086119,0.524914,-0.034727,0.225364,0.979875,4.092038
0.126021,0.520578,-0.022596,1.397454,0.652626,5.450578
0.142397,0.505869,-0.037518,1.185661,-0.083829,5.850183
0.154972,0.465226,-0.019966,2.119791,-0.549036,5.069015
0.160171,0.473622,-0.050132,1.135164,-1.183485,5.387681
0.189119,0.417112,-0.014396,2.219866,-1.335097,5.360166
0.222278,0.396272,-0.050073,0.963542,-0.009035,6.200953
0.222652,0.320723,0.007948,1.551657,-0.955112,6.711334
0.242537,0.299791,-0.036477,0.401497,0.512318,7.253768
0.257473,0.238793,-0.009357,1.091370,-0.443177,6.960466
0.272523,0.175285,-0.041335,0.144672,1.354109,6.215544
0.281457,0.102625,-0.002517,-0.055294,0.193180,6.083201
0.294571,0.058456,-0.025208,-0.413956,2.858894,4.821917
0.305035,0.000436,-0.016549,-0.611683,1.237425,3.584836
0.303286,-0.077283,-0.021841,-0.745495,3.752016,2.222428
0.301838,-0.152963,-0.019934,-1.101646,2.914278,3.532214
0.275037,-0.211662,-0.013529,-0.295913,2.608290,2.254400
0.266030,-0.281542,-0.025418,-0.453135,1.417096,1.634712
0.279452,-0.371028,-0.009371,0.200192,2.051637,-0.011404
0.277262,-0.447338,-0.029666,-0.212942,0.375060,-1.252184
0.270071,-0.509120,-0.004112,0.910909,0.465537,-3.448326
0.223864,-0.570880,-0.015279,0.057120,-1.419082,-5.294127
0.204146,-0.640766,-0.011114,1.634332,-0.381545,-6.140146
0.173780,-0.655301,-0.013477,0.718591,-0.807301,-6.337365
0.160240,-0.693433,0.001192,1.643746,-0.934252,-7.339349
0.131883,-0.709572,-0.021453,1.089989,-0.054007,-7.137270
0.063799,-0.777696,-0.007611,2.247626,-0.082673,-6.693075
0.042289,-0.771725,-0.050503,1.121326,1.093274,-7.211326
0.024032,-0.780998,0.013971,1.858450,1.165697,-8.332707
0.037182,-0.763454,-0.012479,1.152677,2.167790,-9.570019
0.002749,-0.781140,-0.004552,2.071083,2.551441,-9.137926
-0.031451,-0.777279,-0.035834,1.354858,4.377448,-7.118911
-0.063714,-0.773830,-0.008140,2.371013,2.038846,-6.899445
-0.093640,-0.778445,-0.039625,1.474861,1.720016,-6.504515
-0.123822,-0.767445,-0.012492,2.532801,0.290718,-7.101027
-0.178219,-0.743496,-0.021860,1.332374,-0.418328,-6.540309
-0.197759,-0.700231,-0.017610,2.213659,-1.373380,-5.356904
-0.206589,-0.674982,-0.026236,1.708758,-2.365395,-3.295635
-0.201028,-0.657254,-0.025973,2.156797,-2.312029,-0.628049
-0.214782,-0.599496,-0.064942,1.198755,-1.486322,1.050081
-0.252694,-0.601025,-0.022510,2.736351,-2.308235,2.727200
-0.283089,-0.580274,-0.056083,1.639935,-1.911490,2.812349
-0.304786,-0.572685,-0.027243,2.788814,-1.427284,3.501050
-0.312286,-0.513916,-0.068097,2.403033,-1.132495,2.535881
-0.353310,-0.499372,-0.000954,2.624069,-2.096488,1.656955
-0.377870,-0.466928,-0.056588,2.212077,0.421372,2.182446
-0.432161,-0.452774,-0.022983,2.630689,-0.753170,3.966707
-0.432608,-0.384483,-0.041982,1.864778,0.082867,6.971602
-0.501709,-0.359714,-0.018621,2.821064,-1.391059,7.993897
-0.546042,-0.339746,-0.067453,1.838315,-1.383782,9.662298
-0.577304,-0.327057,-0.007841,2.456625,-2.926686,10.308538
-0.611126,-0.321155,-0.045182,1.876398,-1.805618,10.187609
-0.609547,-0.311330,-0.030611,3.024858,-2.254344,9.704483
-0.630315,-0.312220,-0.033365,1.801145,-2.603188,7.718646
-0.612170,-0.306591,-0.019254,2.206467,-3.379180,6.684786
-0.610644,-0.286541,-0.032092,2.001049,-2.552370,4.099704
-0.574944,-0.276208,-0.036326,2.246358,-1.942473,4.611877
-0.586971,-0.276747,-0.046567,1.467987,-1.535280,3.734507
-0.573575,-0.258969,-0.050112,1.472277,-2.043635,4.298354
-0.589397,-0.218812,-0.030017,1.223321,-1.272938,1.593236
-0.557022,-0.205163,-0.028169,0.262105,-2.164711,0.843285
-0.553017,-0.197945,-0.028724,-0.473614,-2.247589,0.701244
-0.542881,-0.173209,-0.021834,-0.481853,-3.032334,1.297479
-0.538056,-0.175562,-0.045254,-0.501325,-1.983162,1.341516
-0.484303,-0.157331,-0.065054,-0.704659,-1.873178,1.486427
-0.480610,-0.187996,-0.013950,-0.384946,-1.716457,-0.037232
-0.438953,-0.160322,-0.037045,-1.005803,-2.265888,-0.189652
-0.451777,-0.175723,-0.023301,-0.413014,-1.664789,-1.991396
-0.443111,-0.182048,-0.033424,-0.306558,-1.734711,-1.211212
-0.424372,-0.173708,-0.037813,-0.257567,-1.345883,-1.293191
-0.421237,-0.167244,-0.009308,-0.184632,-2.473342,-0.048372
-0.406568,-0.164100,-0.018364,0.712698,-1.929484,-0.322137
-0.404700,-0.183424,-0.024746,0.587434,-1.555139,0.574018
-0.411223,-0.204914,-0.011590,1.136474,-1.732781,-0.852914
-0.363132,-0.157374,-0.012860,0.922722,-0.622073,-3.502988
-0.357253,-0.167274,-0.014166,1.308211,-1.141611,-6.374616
-0.334978,-0.171479,-0.019684,1.223905,-0.681242,-5.790079
-0.300296,-0.179156,-0.026974,1.510725,-0.266618,-4.791153
-0.257007,-0.154384,-0.017934,1.051784,-0.449289,-1.372811
-0.219636,-0.145557,-0.005468,1.198368,0.746628,-0.431866
-0.200457,-0.125941,-0.026603,0.333678,0.313573,2.532226
-0.206283,-0.129792,-0.003607,0.640412,0.553303,2.027413
-0.133705,-0.090343,-0.021594,-0.149936,0.403761,2.026711
-0.095071,-0.085092,-0.024946,0.295182,0.038537,-0.221588
-0.069662,-0.090097,-0.023314,-0.702479,-0.381601,0.955049
-0.028536,-0.073793,-0.023222,0.057730,-0.286624,1.838672
0.009547,-0.042236,-0.010309,-1.019897,-0.608868,3.334900
0.059610,-0.050176,-0.001250,-0.686395,-0.483951,3.505620
0.113026,-0.041422,-0.026160,-1.033313,-0.008976,3.071020
0.129198,-0.037700,-0.016756,0.035541,0.165880,0.868819
0.152517,0.006433,-0.051320,-0.654739,1.121200,-1.052387
0.139869,-0.009005,0.002062,-0.006714,-0.793318,-3.045946
0.178655,0.015620,-0.044854,-1.073736,0.424437,-2.303048
0.196564,0.021276,-0.007270,0.237556,0.127931,-2.048452
0.182712,0.045569,-0.036700,-0.505224,0.055915,-1.312812
0.184586,0.068123,-0.036231,0.211483,0.820001,-1.322515
0.205620,0.105027,-0.034590,-0.627157,1.794658,-0.742662
0.232362,0.101538,-0.003551,-0.501147,1.362424,-2.040587
0.241067,0.121200,-0.021378,-0.226463,0.322068,-3.269940
0.215969,0.096056,-0.036369,0.436409,1.793115,-5.761118
0.237725,0.136007,-0.043590,-0.229430,2.189598,-5.317755
0.258044,0.173719,-0.053933,-0.493719,3.011639,-6.229170
0.276688,0.210620,-0.036080,0.252454,1.689121,-5.469762
0.232076,0.201452,-0.043574,-1.269927,1.067660,-5.133014
0.234755,0.216873,-0.046879,-0.864592,1.056093,-3.155929
0.232552,0.250541,-0.053493,-1.598499,0.640825,-3.629546
0.270008,0.275232,-0.021716,-1.417220,-0.911108,-3.927856
0.313001,0.314824,-0.067007,-2.227890,1.129807,-3.311440
0.317541,0.320736,-0.035098,-1.806809,1.067716,-0.837571
0.356737,0.355688,-0.083413,-2.708817,1.298485,0.748996
0.362753,0.356433,-0.045317,-1.801462,1.694130,1.306998
0.374147,0.366740,-0.070969,-2.878552,1.636199,2.960667
0.392653,0.385341,-0.042858,-1.749235,2.298434,3.539142
0.385021,0.417072,-0.058240,-2.513026,1.803554,5.095358
0.377478,0.411351,-0.054786,-1.613825,0.865105,4.793420
0.364815,0.408059,-0.053529,-2.263429,1.338449,7.493400
0.358286,0.387294,-0.038351,-0.683237,0.712908,8.681971
0.347946,0.399626,-0.045497,-0.909758,-0.561125,8.456192
0.326765,0.360142,-0.047979,0.258826,0.639099,6.453786
0.327700,0.356439,-0.043675,0.451301,0.026008,6.708775
0.311902,0.320044,-0.048592,1.572838,1.325880,6.261523
0.307484,0.324068,-0.061512,1.000821,1.190617,6.610814
0.240604,0.259338,-0.014019,1.912183,-1.123876,6.928252
0.240476,0.233728,-0.051465,0.920723,1.409120,9.664090
0.195247,0.205037,0.003424,2.273970,-2.147369,10.618557
0.204363,0.167591,-0.038099,1.496466,1.172718,10.448941
0.182636,0.120110,-0.012617,2.432410,-0.367149,8.270245
0.159364,0.069390,-0.043400,1.088600,1.994263,6.346250
0.145469,0.010496,-0.017616,2.101521,1.497611,3.152188
0.145164,-0.015606,-0.042330,1.066453,1.734698,2.600958
0.160198,-0.109142,-0.014491,2.011661,2.049884,2.612829
0.166135,-0.137854,-0.059825,1.139612,1.559029,2.816275
0.133373,-0.218103,0.002433,1.535612,0.723474,1.523772
0.104511,-0.270786,-0.046193,0.395940,1.056704,-0.353760
0.072031,-0.353477,-0.006462,0.876433,-0.558636,-2.375742
0.092281,-0.409932,-0.043032,-0.051187,0.399540,-3.238018
0.110357,-0.452065,-0.040439,1.650924,0.527614,-5.472722
0.054148,-0.521587,-0.029256,0.055006,-0.445097,-7.350133
0.010699,-0.589402,-0.005415,-0.113983,-2.278933,-7.388587
0.053016,-0.634195,-0.029259,0.194868,1.711176,-8.001900
0.095054,-0.689267,-0.011051,0.771934,0.558443,-8.100056
0.087728,-0.709487,-0.045136,0.631941,1.722097,-8.968114
0.028690,-0.768174,-0.002530,0.586945,0.799125,-9.158165
0.006425,-0.766027,-0.031609,-0.234252,2.792815,-9.418807
0.039450,-0.769746,-0.002930,0.884561,1.982306,-11.317222
0.047456,-0.778796,-0.018985,-0.327890,1.366878,-9.881046
-0.029262,-0.789103,-0.000114,0.341229,-0.276261,-8.680052
-0.073492,-0.752188,-0.034836,-0.099780,0.487076,-6.345569
-0.094260,-0.745893,-0.034274,1.230493,-0.236078,-5.887052
-0.073102,-0.727590,-0.000406,0.163675,-2.032353,-5.369877
-0.098603,-0.729651,-0.017035,1.186870,-1.089689,-4.752123
-0.154838,-0.699909,-0.023557,1.161011,-2.262865,-2.768053
-0.185726,-0.688578,-0.029948,2.750062,-1.145402,-3.650784
-0.189372,-0.632245,-0.043318,1.619610,-1.065254,-2.299697
-0.237158,-0.619640,0.001678,2.926798,-1.857228,-1.534981
-0.255313,-0.555147,-0.044191,2.262203,-1.208136,0.272614
-0.327117,-0.534746,-0.027582,3.194067,-1.165375,1.017284
-0.320965,-0.492229,-0.049124,2.498673,0.655715,2.995445
-0.295943,-0.413756,-0.031570,3.239736,1.104742,4.191654
-0.271259,-0.357718,-0.032853,2.466288,2.258835,2.599087
-0.283450,-0.320419,-0.035384,3.015795,1.165727,2.398290
-0.294824,-0.283485,-0.039789,1.635024,1.487032,2.532022
-0.262942,-0.230166,-0.024920,2.329512,1.339712,3.704624
-0.219538,-0.146089,-0.037353,1.155844,0.210051,5.049226
-0.219082,-0.131423,-0.028550,2.067823,0.372207,5.557417
-0.275142,-0.116278,-0.061332,1.370952,-1.106626,8.212138
-0.268824,-0.115602,-0.028829,1.899152,-1.959808,6.965694
-0.187948,-0.057959,-0.039142,0.900621,-2.766779,6.123135
-0.153866,-0.045538,-0.024936,1.752276,-3.159040,4.561013
-0.165230,-0.041018,-0.046721,1.054265,-3.688369,3.967571
-0.164616,-0.019446,-0.047312,1.632427,-2.337728,3.370045
-0.128805,0.018433,-0.064381,0.759857,-1.582380,4.341010
-0.114231,-0.015691,-0.028110,1.700617,-1.604914,4.060057
-0.123428,-0.008030,-0.058722,-0.079416,-0.605132,4.143106
-0.157982,-0.014247,-0.022855,0.930892,0.488448,1.439199
-0.166976,0.008123,-0.027651,-0.330575,-0.022017,-1.086986
-0.151201,0.006239,-0.023268,0.216994,0.721380,-3.502825
-0.153889,0.011905,-0.034839,-0.417078,0.364838,-3.781369
-0.210761,-0.005653,-0.013474,-0.350287,0.044462,-3.587703
-0.196604,0.025678,-0.037928,-1.491315,1.303386,-2.069342
-0.196164,0.003397,-0.013953,-0.733554,0.950885,-3.007351
-0.171601,0.004434,-0.035348,-1.931700,0.388836,-2.022150
-0.163911,0.007342,-0.025372,-0.868357,0.315592,-4.194402
-0.161560,0.020015,-0.026367,-2.601612,0.289352,-4.495829
-0.121623,0.027519,0.010810,-2.020693,-0.284386,-4.159345
-0.080235,0.073802,-0.030365,-3.109553,-0.760595,-2.016024
-0.065234,0.083143,-0.010949,-1.969763,-1.357408,-0.420660
-0.049954,0.115534,-0.052282,-3.054937,-1.161164,1.077807
-0.039047,0.084046,-0.014419,-2.079285,-1.574118,2.603423
0.044098,0.114999,-0.038637,-2.192886,-0.420836,2.607418
0.096689,0.134313,-0.032016,-0.895536,0.476329,0.431717
0.115540,0.141331,-0.037130,-1.399416,1.324305,-1.369735
0.149927,0.113808,-0.015325,-0.534251,1.594452,-2.565839
0.198523,0.160570,-0.032682,-1.080898,1.505932,-1.410656
0.233721,0.159106,-0.015568,0.086810,2.229460,-0.778234
0.284247,0.206898,-0.031347,0.236032,2.121927,1.923102
0.287418,0.194799,-0.039011,0.257710,2.722292,4.110086
0.263968,0.195304,0.001813,0.475427,0.523573,5.520061
0.293264,0.202627,-0.014924,0.782545,1.388233,4.181325
0.318880,0.197602,-0.020117,1.648912,0.839298,3.198865
0.311807,0.170693,-0.034685,1.560063,0.525858,1.840179
0.327566,0.163891,0.001823,1.825021,-1.684155,2.431714
0.322872,0.151727,-0.033687,2.427756,0.520235,1.646840
0.321638,0.085822,-0.003659,2.642513,-0.143592,3.103666
0.357892,0.047906,-0.037501,2.867973,1.956939,2.450212
0.330710,0.017104,-0.019543,2.945222,0.569587,-0.241063
0.288114,-0.012343,-0.035985,2.339566,2.162945,-3.685776
0.277522,-0.041373,-0.006282,1.379545,1.000101,-5.095649
0.292161,-0.074959,-0.020839,1.265504,2.517156,-6.521531
0.335073,-0.074069,-0.006141,0.676989,1.133454,-6.429730
0.355260,-0.072668,-0.035519,0.165795,3.648661,-6.991499
0.340466,-0.089323,-0.004959,-1.319584,3.017885,-4.722674
0.349043,-0.115713,-0.043285,-1.488774,3.540856,-3.807635
0.381575,-0.113209,-0.029147,-2.572435,2.486685,-3.506303
0.404325,-0.160906,-0.024010,-2.001110,3.259407,-7.081039
0.409003,-0.171482,-0.055646,-2.735247,2.232956,-8.378764
0.373953,-0.170675,-0.055699,-3.369785,2.338493,-10.135093
0.372368,-0.162905,-0.019802,-2.753395,-0.194329,-11.058200
0.400554,-0.140637,-0.050444,-3.696542,0.881520,-10.668741
0.432876,-0.149470,-0.004890,-2.977645,0.434281,-8.726094
0.447371,-0.114519,-0.043636,-3.793052,0.521955,-5.734880
0.430234,-0.086103,-0.014485,-2.696960,-0.646090,-4.835949
0.433690,-0.058898,-0.054832,-2.951038,2.248153,-3.171004
0.445103,-0.024284,-0.025356,-2.109489,1.060203,-2.792647
0.426029,0.013007,-0.034169,-1.928499,1.446776,-2.876396
0.398004,0.068425,-0.027342,-0.759711,1.662658,-3.156393
0.353014,0.085316,-0.041319,-0.964939,2.606950,-1.075144
0.332985,0.102332,-0.015686,0.496116,2.051844,0.631566
0.323532,0.163376,-0.049584,-0.136380,2.034243,3.323382
0.285265,0.172820,-0.005806,1.597594,1.672345,4.527521
0.265078,0.198275,-0.031471,2.136157,1.593589,5.845258
0.226171,0.174543,-0.003869,2.613043,1.071189,6.266106
0.248876,0.219795,-0.032643,2.170022,1.260661,8.312887
0.199987,0.234546,-0.002809,3.734829,0.795832,8.602499
0.152231,0.225565,-0.037376,2.950523,0.625040,7.670542
0.115501,0.223707,-0.010040,3.958360,0.734230,8.517203
0.110606,0.207190,-0.033428,2.910369,0.120697,10.288749
0.087068,0.165103,-0.016536,3.849603,-0.876518,9.458571
0.031050,0.121512,-0.019901,2.445622,-0.164255,10.126186
0.016758,0.076204,0.007222,2.548812,-1.298416,8.967288
0.055347,0.073247,-0.016628,1.903905,0.853698,7.631031
0.086970,0.001939,0.004110,1.849768,-0.075071,6.501141
0.093925,-0.059919,-0.021824,1.093405,1.399978,7.034053
0.064764,-0.138625,-0.013447,0.640124,1.414483,7.524538
0.033952,-0.176107,-0.037833,0.766701,1.775413,4.257809
0.008729,-0.206447,-0.001115,-0.967024,0.299573,2.492936
0.012770,-0.280036,-0.004792,0.038643,1.219519,1.120224
0.001390,-0.332456,-0.029725,-1.031221,-0.046202,2.107832
-0.042096,-0.432482,-0.017124,-0.685197,-0.810964,0.617349
-0.043517,-0.473821,-0.033493,-1.035377,-1.462495,-0.429723
-0.079224,-0.545405,0.003615,-0.612753,-1.797153,-3.134085
-0.054234,-0.569987,-0.004513,-0.816796,-1.373029,-3.546844
-0.086015,-0.652205,-0.012630,0.268112,-1.079966,-6.741367
-0.095498,-0.710876,-0.013680,0.175764,-1.303326,-7.882746
-0.123556,-0.768903,-0.047007,0.912599,0.548583,-9.755440
-0.166943,-0.788942,-0.018827,1.372692,-0.075478,-10.884721
-0.163740,-0.802239,-0.001007,1.727638,1.103889,-13.100775
-0.158124,-0.812277,-0.011465,1.953116,1.185947,-12.081463
-0.181856,-0.828416,-0.013703,0.806714,1.482528,-10.706134
-0.202919,-0.813823,0.009031,1.876592,1.094226,-9.322209
-0.210711,-0.772595,-0.027385,0.923100,1.595907,-9.325853
-0.193515,-0.758461,0.001947,1.618891,0.458450,-8.808671
-0.164344,-0.734529,-0.015722,1.113511,1.816405,-7.425980
-0.168667,-0.710360,-0.000603,1.566277,0.676289,-7.569606
-0.163608,-0.652008,-0.023052,1.332469,0.319508,-6.496978
-0.174385,-0.658626,-0.010060,1.985644,-0.885954,-6.146170
-0.146724,-0.599286,-0.016405,1.358554,-1.538822,-5.578489
-0.155054,-0.546159,-0.001624,2.409200,-1.766803,-4.438994
-0.168197,-0.508723,-0.012679,1.368533,-2.831390,-1.603801
-0.172323,-0.508520,-0.008373,2.555361,-1.966776,0.126747
-0.154493,-0.437297,-0.040593,1.919227,-2.180266,2.078341
-0.146812,-0.404246,-0.006482,2.521972,-2.188958,0.935980
-0.138219,-0.351442,-0.033319,2.121206,-0.707564,1.321229
-0.113883,-0.344621,-0.028717,2.859767,0.715065,2.784009
-0.093102,-0.289325,-0.002691,2.171765,-1.235846,4.608855
-0.064206,-0.271738,-0.013497,3.295399,1.385223,4.612075
-0.070860,-0.225255,-0.051727,2.389250,1.965841,4.922639
-0.118498,-0.232411,0.005978,3.218679,1.751777,3.226723
-0.079565,-0.181021,-0.024329,2.346092,1.163065,4.471063
-0.036237,-0.151735,0.004629,3.475986,0.941989,2.958348
-0.023498,-0.143122,-0.030329,1.808215,1.222739,3.716195
-0.006714,-0.144665,-0.006193,2.736771,0.555784,3.875226
0.032475,-0.091446,-0.026114,1.342378,0.534895,4.755104
0.067515,-0.088971,0.008584,1.829909,-1.727365,2.986792
0.115868,-0.068049,-0.033907,0.862689,0.806470,3.007968
0.076883,-0.074923,-0.012578,1.117361,-1.553553,2.290922
0.077611,-0.051808,-0.034846,0.175550,-1.265789,1.753941
0.128387,-0.014650,-0.038670,0.194631,-0.644551,-0.611795
0.170376,-0.001921,-0.040846,-0.944047,1.374414,-2.063489
0.186247,-0.002023,-0.025924,-0.953119,0.701672,-1.543859
0.176820,0.022392,-0.041818,-1.735508,1.996033,-1.925315
0.193849,0.032456,0.002902,-2.134157,1.438789,-2.708416
0.254243,0.051501,-0.034452,-2.533387,2.735989,-4.452565
0.302133,0.110900,-0.038725,-3.135698,2.575642,-4.403217
0.253734,0.104430,-0.008685,-2.629904,2.939208,-6.191087
0.276773,0.164784,-0.044322,-3.627174,3.357381,-3.878592
0.302123,0.162572,-0.015033,-2.454395,2.181405,-4.014396
0.334715,0.198649,-0.030319,-3.538505,1.743068,-1.596459
0.360042,0.235235,0.005765,-2.445903,1.211920,-1.357961
0.361765,0.247091,-0.038909,-2.639797,1.538178,-0.921715
0.369522,0.219955,0.001760,-1.086921,-0.432204,-0.329057
0.415197,0.265923,-0.037334,-1.241669,0.431655,0.288016
0.423275,0.273781,-0.012581,0.366847,-0.144153,-0.251220
0.418860,0.270968,-0.043817,0.396071,2.351543,-0.553021
0.426574,0.254513,-0.008540,1.233086,-0.024735,0.150626
0.459113,0.267206,-0.032879,1.155266,1.422643,0.627861
0.488632,0.267843,-0.013457,2.141219,2.663881,1.756964
0.530207,0.282351,-0.043951,1.678319,4.034121,2.149709
0.554179,0.270692,0.008338,1.960990,3.428534,3.899167
0.575938,0.262230,-0.026452,1.569740,4.380606,4.058051
0.575117,0.273784,-0.016234,1.726167,4.117604,5.086367
0.546439,0.233098,0.006608,1.225251,2.856721,4.618114
0.574362,0.215271,-0.000541,0.896594,2.860305,5.676760
0.594110,0.212176,-0.005967,0.819542,2.534779,5.187007
0.593515,0.195577,-0.000439,0.153414,1.754517,5.859087
0.594451,0.130059,-0.015709,0.629341,1.728097,5.557310
0.610765,0.081604,-0.015138,-0.038996,1.895761,7.213745
0.609563,0.047529,-0.011232,0.705293,2.201379,5.652647
0.630561,0.006656,-0.011626,0.222716,1.276525,3.835168
0.609613,-0.069868,-0.017107,0.545839,1.814845,0.886784
0.598410,-0.109188,-0.019366,-0.771265,1.076425,0.385231
0.600281,-0.134171,-0.003518,0.398809,1.621424,-2.533274
0.583671,-0.140463,-0.050900,-0.574871,2.408530,-4.716238
0.581459,-0.190323,0.011811,-0.389718,2.092635,-5.407624
0.577405,-0.226351,-0.013218,-0.808482,4.331021,-4.248260
0.581521,-0.265078,0.001284,-0.332600,3.801577,-3.928812
0.549393,-0.285810,-0.013342,-0.883233,3.255169,-5.017847
0.483032,-0.332932,0.001905,-0.193566,2.679147,-6.553084
0.484670,-0.319070,-0.028747,-0.617815,3.780967,-8.893381
0.458561,-0.350313,-0.004565,-0.088088,2.558298,-12.306429
0.437478,-0.364979,-0.029269,-0.299796,2.696774,-13.293501
0.370628,-0.390358,-0.000396,0.183442,0.432023,-13.223022
0.346725,-0.358840,-0.044470,-0.791068,1.725104,-11.355351
0.349305,-0.309755,-0.001086,-0.173586,1.031117,-10.013812
0.333691,-0.296983,-0.031918,-0.619394,1.061404,-8.362197
0.365852,-0.278982,-0.028199,-0.162711,1.201312,-4.938728
0.333760,-0.264598,-0.011123,-0.621655,1.261653,-3.388318
0.342363,-0.219550,-0.026114,-0.061497,2.172756,-2.689989
0.335906,-0.218835,-0.027115,-0.023385,2.795155,-5.168727
0.353490,-0.202101,-0.021223,-0.067974,2.449147,-4.361529
0.331807,-0.180965,-0.038814,0.330590,3.837178,-4.870038
0.307041,-0.167126,-0.010572,0.765995,2.184855,-2.569072
0.294607,-0.138740,-0.036014,0.717665,2.631884,-0.300651
0.302478,-0.100368,-0.001558,0.380112,1.131947,1.710617
0.314804,-0.078973,-0.021673,1.045255,1.818479,3.121636
0.321546,-0.031722,-0.012282,1.247838,1.265608,5.301815
0.282396,-0.044878,-0.018433,1.365759,0.950533,6.103347
0.294922,0.001141,-0.039520,1.292961,0.327779,8.801068
0.284034,0.037488,-0.008369,1.386563,-0.259084,8.312644
0.255178,0.066377,-0.018873,1.350834,-1.011121,9.060373
0.197292,0.047509,-0.018476,2.021442,-0.340492,10.293630
0.151194,0.019018,-0.043583,2.029507,-0.209030,14.051471
0.142502,0.006991,-0.043150,2.869473,0.760205,14.529719
0.132445,-0.014969,-0.001854,3.068632,0.012938,13.872253
0.142984,-0.045171,-0.027690,2.867740,1.408919,11.880982
0.106569,-0.095756,0.017847,2.965672,-0.106369,9.164504
0.095251,-0.126949,-0.023705,3.358028,2.152628,5.738265
0.084242,-0.152838,0.005144,2.630204,1.317809,5.149733
0.086297,-0.189611,-0.013789,3.062556,1.977116,4.605272
0.052911,-0.192286,-0.012998,2.270494,1.185569,5.314036
0.007380,-0.232082,-0.011061,3.029722,0.981598,3.670964
-0.018531,-0.256018,-0.035361,1.572819,0.418693,2.955734
-0.039050,-0.319002,0.002006,2.019119,0.308187,1.532895
-0.010319,-0.335332,-0.037097,0.380765,0.133689,0.808577
-0.006862,-0.382192,0.009132,1.352968,-0.464122,-1.808709
0.019995,-0.432843,-0.013825,-0.053078,0.038301,-3.586352
0.033108,-0.526714,0.001780,1.226226,0.466939,-5.428978
0.061330,-0.548621,-0.016602,-0.000805,0.362061,-5.904349
0.075826,-0.570079,-0.006830,0.641532,0.438513,-8.154530
0.065722,-0.607571,-0.025871,0.118978,2.911452,-9.650485
0.059377,-0.626366,-0.006554,0.112781,0.380607,-9.167468
0.049379,-0.615271,-0.004473,-0.454018,0.477416,-8.482209
0.077690,-0.621941,-0.015919,-0.421984,0.758097,-7.904434
0.090984,-0.638609,-0.021187,-0.348510,1.779014,-9.649713
0.120657,-0.632340,-0.009771,-0.822859,1.563621,-8.785079
0.147770,-0.604948,-0.004214,0.049124,1.019612,-10.916396
0.158888,-0.583031,0.007140,-0.947614,1.354546,-10.432216
0.174985,-0.580297,0.009064,0.016431,0.181462,-9.393022
0.192487,-0.550377,-0.012594,-0.531388,1.864076,-6.555048
0.215910,-0.518942,0.000848,0.763176,0.820349,-4.891721
0.208387,-0.493519,-0.023721,0.941183,1.195738,-3.187482
0.184934,-0.500681,-0.011107,1.773579,0.203323,0.027985
0.185554,-0.454612,-0.023019,1.606310,0.132107,0.619559
0.188308,-0.415574,0.017624,2.023186,-3.966319,0.993764
0.225751,-0.361719,-0.032410,2.303946,0.217096,0.025129
0.203801,-0.334475,0.015369,2.605237,-0.768519,1.304633
0.225600,-0.287851,-0.021696,2.439103,0.966302,3.268240
0.239098,-0.232122,0.012989,2.957354,0.271978,5.655253
0.250609,-0.209053,-0.044128,2.621837,3.531557,5.470142
0.228046,-0.159823,0.000976,3.113191,1.539176,5.076932
0.194709,-0.120778,-0.029453,2.166933,2.690744,4.349676
0.204363,-0.077680,-0.011179,1.879661,1.365279,4.311905
0.209336,-0.053853,-0.025287,2.180798,2.283551,4.039236
0.213514,-0.036013,-0.011649,1.466238,1.272531,5.508334
0.236366,0.009594,-0.037938,1.255555,2.073003,5.180376
0.268190,0.048507,-0.015647,0.783537,1.839313,4.509701
0.302882,0.039920,-0.032548,0.799749,2.382678,3.519374
0.361496,0.073096,-0.025087,-0.415919,1.847325,4.611153
0.384418,0.098722,-0.003964,0.095482,2.340068,3.412325
0.433506,0.148690,-0.065152,-0.936789,4.652753,1.815297
0.400275,0.125201,-0.000091,-0.686881,0.654494,0.148546
0.433930,0.150089,-0.044109,-1.645080,0.963345,0.988799
0.460879,0.153243,-0.015653,-1.134362,0.020599,-0.061164
0.493943,0.175088,-0.059310,-1.580036,1.255482,-0.982482
0.502480,0.175994,-0.046577,-1.042438,0.822705,-3.314576
0.520343,0.194464,-0.051232,-1.683639,2.268593,-4.173951
0.583596,0.204068,-0.033260,-1.380965,2.084025,-4.029204
0.624298,0.210213,-0.066584,-1.351932,4.315075,-3.258641
0.624577,0.169035,-0.027289,-0.743293,2.647593,-1.689047
0.629750,0.193817,-0.073907,-1.140707,4.435426,-1.386873
0.616735,0.207118,-0.002799,-0.574490,2.495968,-3.593634
0.646422,0.214667,-0.051435,-1.303937,3.702628,-5.324618
0.639489,0.210975,-0.022661,-0.443373,3.066242,-5.757749
0.656594,0.238823,-0.045661,-1.259565,3.094290,-5.784655
0.679811,0.284619,-0.025579,-1.020830,2.555879,-5.072484
0.687235,0.292491,-0.059300,-1.329451,4.557801,-3.176892
0.679499,0.289540,-0.034514,-1.059546,2.281605,0.408926
0.668161,0.290630,-0.028655,-1.223271,2.591040,3.076026
0.701918,0.305949,-0.029541,-1.339498,1.943297,3.507923
0.686569,0.319275,-0.034869,-0.901513,1.999236,3.096659
0.666993,0.323680,-0.029801,-1.326352,1.617679,3.299467
0.666389,0.329047,-0.018000,-0.642762,2.658760,3.954639
0.670554,0.333196,-0.027020,-1.135856,1.358767,5.655267
0.662863,0.290170,-0.019917,-0.718031,2.954088,6.050293
0.666861,0.309175,-0.025366,-0.914432,2.398414,8.087797
0.642775,0.315100,-0.008097,0.031875,3.495824,7.287315
0.657572,0.313817,-0.031524,-0.637070,3.547260,7.898630
0.703192,0.293541,-0.013595,0.200979,3.858032,6.812469
0.688115,0.266678,0.002502,-0.496237,3.652449,7.636811
0.664091,0.255458,0.003336,0.624135,3.703540,6.479360
0.625559,0.227443,0.024626,0.520692,0.587299,5.065502
0.638321,0.146701,-0.005934,1.565952,3.172501,3.705976
0.660786,0.114346,-0.014317,1.384735,1.886645,3.694817
0.634976,0.049820,-0.001713,2.761908,2.521016,0.572239
0.604485,0.016099,-0.021069,2.446426,1.588508,-1.030989
0.577884,-0.031926,-0.002816,2.070423,1.807795,-1.168451
0.640316,-0.070659,0.014470,1.595034,2.030433,0.518393
0.639322,-0.117171,-0.001844,1.994566,2.228715,-0.111339
0.617093,-0.179206,0.006188,1.611378,1.940057,0.413155
0.570936,-0.238779,-0.011445,1.710130,2.153426,-2.229323
0.579414,-0.228761,-0.030641,0.280595,3.144981,-4.330166
0.589288,-0.263190,0.009369,0.919180,3.205966,-7.755197
0.591116,-0.292023,-0.031514,-0.219373,3.486837,-8.912224
0.504391,-0.370684,0.019712,-0.433276,2.005302,-8.554045
0.483143,-0.372338,-0.031015,-1.698410,3.218081,-7.743155
0.477741,-0.391649,0.001750,-0.642722,2.643710,-8.969858
0.497271,-0.413490,-0.018135,-1.731871,2.594319,-9.706473
0.455148,-0.454205,-0.018479,-1.014199,2.157299,-10.088303
0.357656,-0.457967,-0.025629,-1.591481,1.870269,-10.556381
0.338582,-0.457491,-0.028081,-1.284169,0.717694,-10.058836
0.320410,-0.441620,-0.043981,-1.448252,2.200447,-9.605292
0.289073,-0.446925,-0.006951,-0.993083,0.667088,-6.443063
0.245193,-0.423583,-0.054977,-1.040763,1.342870,-4.104057
0.213386,-0.411327,-0.013763,-0.304155,1.432743,-2.468589
0.198760,-0.417248,-0.049351,-0.780594,1.700347,-2.080756
0.221330,-0.375033,-0.026827,0.628202,1.540883,-2.322879
0.183214,-0.330569,-0.016480,0.238179,1.802940,-3.704944
0.168722,-0.289840,-0.018128,0.486995,1.104536,-2.814728
0.162315,-0.255788,-0.036490,0.948207,3.647884,-1.372586
0.158852,-0.221825,-0.021279,1.266804,1.653477,2.205388
0.165174,-0.165147,-0.034544,2.144724,3.267200,3.668170
0.109589,-0.139921,-0.019247,2.192720,1.086223,5.738639
0.068421,-0.110094,-0.030043,2.819223,0.924865,6.694215
0.067501,-0.082919,-0.022018,2.525028,-0.426010,9.239648
0.089796,-0.044764,-0.048386,3.733195,2.305399,8.440276
0.053138,-0.006526,-0.014642,2.654454,-0.723244,9.012328
0.022880,-0.022065,-0.022294,3.542974,-1.219444,8.830711
0.011168,-0.007065,-0.009289,2.837184,-0.648946,10.747494
0.024751,0.002395,-0.011590,2.969713,-1.002622,10.773353
0.016607,0.002569,-0.008166,2.732563,-0.659647,10.513449
0.004797,-0.036075,-0.013717,3.260468,0.265955,9.068264
-0.001765,-0.001320,-0.028284,2.064685,0.854857,8.031387
0.002132,-0.012248,-0.000203,3.177471,1.566539,6.208960
0.007311,-0.014696,-0.017682,1.638914,1.401980,5.410858
-0.007059,-0.094877,-0.010529,2.231243,2.237440,5.484687
0.006172,-0.093600,-0.020928,1.146840,1.308263,6.263174
-0.006685,-0.134666,0.014132,1.461807,1.218682,2.749339
0.025158,-0.182800,-0.012847,0.862643,-1.288073,0.764788
0.001373,-0.249092,0.000050,1.110661,0.417534,-1.309838
0.026333,-0.254666,-0.038949,0.465255,-0.063356,-1.994784
0.020671,-0.273641,0.000434,0.810912,-0.167701,-4.602495
0.063763,-0.293894,-0.014521,-0.539194,-1.161164,-4.117192
0.058357,-0.344319,-0.018473,0.309152,0.888404,-3.176064
0.052829,-0.364043,-0.016704,-0.487174,-0.777585,-1.205832
0.077746,-0.426820,-0.026567,0.005753,0.585608,-2.660847
0.142206,-0.435302,-0.008005,-1.017130,0.014947,-4.176450
0.167691,-0.460301,-0.008557,-0.428398,1.748409,-6.764830
0.172579,-0.428504,-0.002304,-0.858083,1.782339,-8.441024
0.156938,-0.461043,0.007780,-0.515005,2.473289,-10.105244
0.219567,-0.452912,-0.000071,-1.101557,0.646967,-8.562489
0.230333,-0.456191,0.022656,-0.746332,2.044623,-6.209611
0.218740,-0.419398,-0.011652,-0.584797,1.581559,-4.279521
0.175425,-0.411120,0.018609,-0.273474,0.709104,-3.749516
0.213304,-0.394360,0.018977,-0.669700,0.823795,-3.953246
0.250908,-0.372840,0.010547,0.239374,0.742456,-6.404059
0.251226,-0.325776,0.010055,0.595095,0.657927,-6.580747
0.228062,-0.273192,-0.005547,0.613897,1.109761,-5.650958
0.247376,-0.281523,-0.009344,0.991387,0.455066,-1.846466
0.313277,-0.201451,-0.014383,0.703317,1.752840,1.840551
0.307884,-0.183296,0.024649,1.743988,0.137024,3.710172
0.267976,-0.140739,-0.017337,1.108199,1.220307,3.932707
0.236498,-0.155109,0.028414,1.848117,-0.591398,4.083203
0.299491,-0.098179,-0.005635,1.649903,1.839073,3.014326
0.337236,-0.068932,0.009645,3.184046,1.663417,1.420729
0.303929,-0.071236,-0.014501,2.357525,2.062253,1.538272
0.289598,-0.060053,0.003329,2.814447,1.883947,2.512319
0.319911,-0.017372,-0.033004,2.441979,3.898764,2.290784
0.377689,0.016116,0.007721,2.949568,4.338751,1.720143
0.376513,0.019346,-0.006909,1.639593,2.745863,2.479443
0.369804,0.025815,0.011548,2.222686,-0.148026,2.253611
0.367477,0.064197,-0.001457,0.878475,1.830115,1.156639
0.408822,0.098896,-0.005474,0.898337,1.658710,-1.206799
0.423456,0.108635,-0.010418,-0.593390,1.843169,-0.804982
0.429656,0.111425,-0.004460,-0.022706,0.994725,0.981919
0.426114,0.130630,0.004494,-1.152915,0.121521,2.223649
0.430726,0.136890,-0.018289,-1.176604,1.119064,0.948970
0.446912,0.134248,0.000253,-1.785578,0.197365,0.919228
0.471021,0.135705,-0.024345,-2.002758,1.634872,-1.040575
0.458630,0.143120,-0.008192,-1.845207,1.181834,-2.052994
0.453542,0.150433,-0.043643,-2.327841,2.929305,-2.998724
0.436493,0.153607,-0.007358,-2.306564,1.686925,-3.056387
0.435578,0.183655,-0.051149,-3.157464,2.754115,-2.921667
0.435473,0.213768,-0.008530,-2.305067,1.852531,-2.969213
0.453306,0.237835,-0.025048,-2.955416,3.851086,-2.289410
0.444860,0.238501,-0.026301,-2.322530,2.804769,-2.246594
0.437698,0.268138,-0.019218,-2.514933,3.627677,-2.384766
0.467506,0.307400,-0.027329,-1.378277,3.425561,-2.390868
0.462996,0.313360,-0.026981,-2.603260,3.169389,-0.904510
0.471803,0.312592,-0.015053,-0.880899,3.190308,0.135356
0.457701,0.336334,-0.005035,-1.364632,1.211116,2.859039
0.444923,0.343986,-0.016556,-0.238825,1.799401,2.930976
0.461804,0.329812,-0.006111,0.383286,1.224571,3.130276
0.462195,0.315658,-0.036667,0.589554,1.815748,2.875760
0.457806,0.325762,-0.003896,1.489661,0.238697,2.727554
0.464870,0.321964,-0.029764,1.583736,1.524005,1.417556
0.474904,0.314342,-0.006889,1.506349,0.937660,2.423476
0.494491,0.308808,-0.036231,1.435074,3.274611,3.832397
0.502795,0.350252,0.013367,1.490252,1.976669,5.308904
0.459855,0.325942,-0.012551,0.663537,2.356671,5.864016
0.449856,0.288158,0.027258,1.015300,-0.319757,6.743763
0.442622,0.270797,-0.002271,0.036841,2.849670,7.511266
0.438410,0.269057,0.034191,0.443877,0.419684,5.791901
0.413244,0.214835,0.011660,-0.091906,2.895877,3.583102
0.444253,0.164778,0.021993,0.314772,1.880179,4.476761
0.424007,0.110007,0.009520,0.111090,2.427565,4.974661
0.431301,0.078062,0.015806,0.325207,0.760415,4.299773
0.391757,0.019297,0.016804,0.155439,1.827470,3.047922
0.406906,-0.034000,-0.006180,0.385154,1.311444,3.169315
0.392256,-0.077506,0.011571,-0.336884,1.277126,1.824424
0.395614,-0.096879,0.033508,0.019572,0.470424,0.850508
0.333405,-0.154249,0.000427,-0.315220,0.724022,-1.700738
0.308721,-0.216836,0.019233,-0.104412,-0.714480,-1.373013
0.328656,-0.227451,-0.001860,-0.270799,1.428253,-1.211900
0.344007,-0.285258,0.015560,0.910075,1.849459,-1.056729
0.316796,-0.354406,0.005059,0.400920,2.297242,-2.618224
0.276389,-0.447256,0.016945,1.377199,1.896388,-4.041913
0.290651,-0.457675,0.004419,0.678515,3.658693,-6.521950
0.332329,-0.477041,0.032224,1.693708,3.001624,-9.109781
0.335253,-0.504820,0.012487,1.050997,3.976433,-10.781064
0.261415,-0.566527,0.021908,1.628089,2.451044,-9.547859
0.237486,-0.532669,-0.010651,0.938534,3.471505,-7.977302
0.244320,-0.535820,0.026001,1.721937,2.078652,-7.068877
0.283108,-0.528625,-0.009551,0.468636,1.517860,-6.179545
0.243726,-0.562227,0.041169,1.296267,-0.109792,-6.160169
0.199695,-0.523389,-0.026827,0.393350,0.907996,-6.454366
0.173787,-0.530627,0.052063,0.801147,-1.144903,-7.370616
0.219390,-0.507154,0.009615,-0.363160,-0.179374,-6.568991
0.217765,-0.496240,0.040657,0.310410,-1.603502,-5.498900
0.165486,-0.460058,-0.014202,0.210807,1.217816,-4.538397
0.111890,-0.454438,0.001504,0.919020,-0.041078,-2.848842
0.105351,-0.447092,-0.001391,0.243760,1.515405,-0.787191
0.159915,-0.387611,-0.003659,0.633726,0.770994,0.196904
0.112940,-0.337071,-0.005172,-0.242832,2.252687,-0.875785
0.062788,-0.315033,0.014896,0.467244,1.526194,-0.356869
0.025641,-0.279819,-0.017639,0.454646,2.993730,1.463331
0.056669,-0.249932,0.014624,1.163561,1.425693,2.672382
0.075271,-0.178126,-0.003685,0.229550,2.052701,3.334696
0.003691,-0.161930,0.031581,1.401712,1.277349,3.957924
-0.045428,-0.144937,-0.013155,0.871939,0.712658,5.400378
-0.028884,-0.110120,0.020900,1.956020,-0.107866,6.416483
0.031562,-0.052999,-0.024388,1.419719,0.061275,7.428798
-0.014530,-0.074040,0.025026,3.078676,-0.672327,7.410018
-0.068103,-0.072346,-0.016933,1.807575,-1.304193,8.462653
-0.096988,-0.059285,0.022998,3.241679,-2.002896,8.302965
-0.026458,-0.024531,-0.004378,2.239551,-0.715530,8.785596
0.001298,-0.031240,0.022082,3.211648,-1.013523,7.669337
-0.012360,-0.044071,-0.011997,2.222649,-0.265058,7.585829
-0.057067,-0.022354,0.012635,2.629547,-0.380249,6.725799
-0.038433,-0.000730,-0.007322,2.054464,0.689304,4.981882
0.025138,-0.010452,-0.004148,2.282564,1.433790,3.987235
0.039430,-0.026615,-0.003823,0.534816,1.260402,3.824620
0.034441,-0.035120,0.016275,1.018418,1.027280,3.089167
0.010778,-0.036075,-0.015670,-0.283486,1.706840,1.482107
0.043231,-0.086887,0.021481,0.704952,1.714186,-0.734254
0.100641,-0.060844,0.013662,-1.055157,1.089564,-1.972034
0.105325,-0.072129,0.011506,-0.816760,0.746855,-3.036427
0.112809,-0.060283,-0.010342,-1.534715,0.298881,-1.475779
0.114900,-0.087714,0.013012,-1.444329,0.390651,0.572090
0.163496,-0.086034,-0.011458,-1.900309,0.180808,3.958652
0.182324,-0.103125,0.016068,-0.760319,0.364858,3.183948
0.180595,-0.139574,0.015294,-1.346139,-0.405511,3.645058
0.189254,-0.190826,0.013925,-0.933910,0.024535,1.991078
0.202735,-0.200456,0.014375,-0.663250,-1.145169,-0.704402
0.203903,-0.203939,0.006096,-0.085459,0.746372,-5.080461
0.231879,-0.211525,0.028860,0.465688,-1.357999,-7.147215
0.245413,-0.250917,0.015809,0.724784,2.183558,-7.251587
0.270875,-0.256051,0.027829,1.387459,1.891530,-3.748078
0.254663,-0.266072,0.015261,1.972771,2.632675,-3.737775
0.251272,-0.295716,0.026490,2.400164,2.668434,-3.435350
0.287520,-0.294311,-0.002550,1.870874,4.579948,-4.921192
0.306016,-0.280131,0.051706,2.279482,2.207215,-6.476723
0.305340,-0.260390,0.009014,1.859957,3.124364,-7.782980
0.315952,-0.257006,0.052579,1.843571,-0.474685,-5.762277
0.341674,-0.249404,0.027724,0.717156,2.089004,-1.677215
0.403098,-0.202633,0.051200,0.947846,1.881407,1.811404
0.410323,-0.172388,0.025157,0.218954,1.294382,2.964925
0.420111,-0.185767,0.029172,0.474912,1.080863,3.419613
0.428429,-0.166808,-0.001926,-0.406524,1.619603,5.059086
0.425921,-0.179472,0.029214,0.408069,1.175013,2.362710
0.464985,-0.113560,-0.006659,-0.649435,1.109528,0.629464
0.461775,-0.136009,0.025285,0.145437,1.450147,-2.299246
0.483193,-0.102229,-0.006958,-1.224104,1.625626,-1.309709
0.474156,-0.093610,0.033547,-0.149762,0.940657,-1.627242
0.505261,-0.071620,0.019669,-1.016365,1.951359,-0.704069
0.498161,-0.078038,0.029241,-0.070613,1.285624,-1.438860
0.506216,-0.056170,-0.001959,-0.014069,3.952188,-2.331936
0.475318,-0.034499,0.007262,0.322945,2.941060,-4.429836
0.464539,-0.019357,-0.015722,-0.019843,3.105625,-4.235539
0.463344,0.009151,0.000651,0.843815,3.542668,-3.743711
0.441867,0.052479,-0.018854,-0.349870,2.933385,-1.958272
0.439526,0.091431,0.027353,0.260109,2.183683,-1.275086
0.424696,0.102086,0.007458,-0.823164,1.606187,0.467649
0.424782,0.086334,0.010872,0.188674,1.377053,1.442074
0.423639,0.134694,-0.007152,-0.324555,1.054423,1.980295
0.401279,0.164055,-0.001440,0.302814,0.747432,0.861826
0.396142,0.209337,-0.022221,-0.499657,1.955199,-0.054185
0.366033,0.169380,0.003716,-0.041547,0.692521,-0.603045
0.398204,0.217218,-0.081443,0.251365,6.594088,-0.059861
0.330759,0.225470,0.007902,-0.295680,0.573604,0.173717
0.336399,0.263799,-0.042149,-1.004532,3.100993,0.597817
0.309365,0.241239,0.001885,-0.148006,0.933346,-0.268671
0.312338,0.263934,-0.024135,-1.303983,1.668711,-0.783240
0.270986,0.263343,0.009595,-0.437836,0.507519,-1.525817
0.247740,0.255458,-0.026354,-1.659864,1.751724,-0.440745
0.227970,0.295205,0.002962,-1.397151,1.192869,2.016134
0.196285,0.322233,-0.033667,-2.031400,1.583791,3.222091
0.189877,0.348857,-0.014984,-1.461165,1.769098,4.789797
0.157992,0.293262,-0.020577,-1.872629,1.694954,6.201095
0.208751,0.292212,-0.022077,-1.431197,0.686993,9.298999
0.240072,0.280283,-0.019284,-1.612236,3.224081,7.875347
0.291623,0.307459,0.009123,-1.293459,1.445236,7.284843
0.335864,0.251247,-0.011087,-0.580645,4.370998,6.698201
0.397432,0.225476,-0.018115,0.209425,2.982041,7.738026
0.438315,0.199230,0.006854,0.612472,2.924057,6.719227
0.458906,0.170857,0.009142,0.652804,1.715860,7.114339
0.408757,0.116644,0.003122,1.861818,1.003627,5.809506
0.427224,0.107768,-0.009167,1.967489,0.189671,6.517434
0.446807,0.086137,-0.009581,2.361674,-0.122752,3.684598
0.483426,0.008832,0.009192,2.637024,-0.416615,3.106057
0.472351,-0.076291,0.002925,2.939061,-0.248538,2.301167
0.486560,-0.113715,0.024816,3.097052,-0.080044,2.806926
0.504414,-0.133009,0.012930,3.201827,1.017308,0.553795
0.503501,-0.201218,0.022469,2.479487,1.697196,-0.210458
0.483180,-0.267326,0.023700,2.755665,2.751867,-1.511981
0.446232,-0.291954,0.037857,1.297472,2.537379,-0.830849
0.405054,-0.320580,0.034739,1.477930,3.227518,-2.754746
0.369213,-0.349292,0.038697,0.625422,2.740949,-2.518332
0.329854,-0.426157,0.031637,0.281820,3.536908,-1.853605
0.302678,-0.436979,0.048322,-0.445496,1.404314,-0.867357
0.286020,-0.494743,0.021064,-0.039288,2.911997,-2.581244
0.291469,-0.515590,0.001918,-1.019011,1.905543,-4.415477
0.251699,-0.564879,0.021583,-0.118152,2.410319,-7.258099
0.278759,-0.547791,0.001192,-1.015160,2.605966,-7.822258
0.284457,-0.597838,0.043070,-0.104566,1.947666,-10.132891
0.319143,-0.620231,0.002279,-0.983613,1.872932,-10.125557
0.306266,-0.672077,0.038681,0.425810,1.440224,-9.359655
0.321641,-0.648936,0.017066,-0.576745,1.400914,-9.120529
0.347175,-0.642305,0.037424,0.916912,0.559969,-9.201405
0.409065,-0.642562,-0.003177,0.322545,2.070219,-8.331813
0.429229,-0.615734,0.034854,0.841361,0.078761,-6.905839
0.427651,-0.578879,0.015303,0.794783,1.992393,-5.815102
0.442182,-0.551825,0.020995,1.438285,1.196483,-4.502845
0.480678,-0.543527,0.004915,1.253566,2.378420,-2.959320
0.534254,-0.509084,0.024074,2.191362,2.885025,-0.552668
0.517324,-0.476867,0.002886,1.934396,2.728325,-0.319087
0.496431,-0.450289,0.020217,2.925515,2.086756,-1.356276
0.498817,-0.424168,-0.013162,1.901850,2.065850,-0.727751
0.557514,-0.371297,0.039505,2.434807,0.917758,-1.063111
0.558160,-0.292502,0.003651,1.937114,1.540437,0.095550
0.519434,-0.275972,0.001980,2.790285,1.757839,2.300974
0.496247,-0.236228,-0.022228,1.797134,1.462955,5.133143
0.514373,-0.186808,-0.001457,2.315310,2.081294,5.824851
0.534652,-0.122662,-0.046203,1.840098,1.833454,5.205622
0.502182,-0.131847,0.011200,1.870917,2.211538,3.520430
0.457721,-0.097118,-0.052735,0.837398,2.397472,4.007966
0.429975,-0.057197,0.012996,1.400346,1.157773,3.622837
0.455489,0.012830,-0.047440,0.248919,2.493535,4.656431
0.411130,0.016598,-0.006896,0.695282,1.220455,6.171426
0.381628,0.039487,-0.039441,-0.306325,1.830854,9.278815
0.320269,0.044788,-0.012545,0.565402,1.355439,10.038745
0.338076,0.071491,-0.050404,0.164557,1.941767,8.717707
0.318319,0.048789,-0.002612,0.451600,1.605567,5.784822
0.329709,0.069945,-0.044782,-0.498446,2.418079,3.604931
0.299491,0.087653,0.005489,0.309782,0.445803,1.954149
0.294377,0.106239,-0.037439,-0.663999,1.740633,1.205306
0.280328,0.086807,-0.003728,0.505984,1.469516,2.474402
0.285892,0.093138,-0.032259,-0.227917,2.063621,4.084415
0.279908,0.107863,-0.010270,0.715006,1.947223,3.260040
0.276130,0.097176,-0.042773,-0.048667,1.412894,1.579878
0.264589,0.055466,-0.007470,0.877326,1.301613,-0.558795
0.245718,0.055124,-0.033572,-0.091788,1.066728,-1.285114
0.260542,0.067601,-0.026489,0.744269,0.817864,-2.700760
0.263263,0.071976,-0.018256,-0.107100,2.671030,-1.209273
0.255730,0.046455,-0.007017,0.263365,0.528855,0.341329
0.265393,0.044955,-0.034304,-0.498771,1.979588,2.735763
0.247005,0.039441,-0.001210,0.308591,0.957965,2.659115
0.249736,0.016848,-0.036470,-0.674995,1.993801,1.904584
0.265629,-0.006093,0.007816,-0.023904,1.613290,-0.195235
0.250202,0.005241,-0.008783,-0.978913,1.326300,-1.289600
0.261077,0.002661,0.000802,0.134156,0.310228,-2.252313
0.259642,-0.030189,-0.010172,-0.738605,2.613180,-1.385631
0.297472,-0.039997,0.011131,-0.433424,1.996824,-0.433637
0.314587,-0.041458,0.003516,-0.540871,2.481600,-1.359291
0.329913,-0.041665,0.010958,0.149609,2.415637,-2.551407
0.346285,-0.071046,-0.018591,-0.350519,3.919472,-3.152592
0.357242,-0.077529,0.016088,0.011156,1.313407,-2.404596
0.365642,-0.078845,0.012162,0.155121,1.654731,-2.086018
0.357193,-0.068450,0.029008,-0.304506,-0.090840,-0.735009
0.338930,-0.093258,0.004741,0.562405,0.258376,0.957295
0.336271,-0.114089,0.008082,0.122106,0.071027,3.570812
0.345127,-0.108203,0.009661,1.116662,0.394423,3.129347
0.346804,-0.113967,0.005903,0.744663,0.404579,1.917025
0.338260,-0.149007,0.025256,1.473935,0.800303,-0.402465
0.339904,-0.161353,0.005220,1.075175,1.451148,0.210534
0.341424,-0.162124,0.017841,1.614470,2.344306,-1.711564
0.369089,-0.197249,0.027009,1.651496,2.744173,-1.872310
0.375532,-0.228688,0.037197,1.606198,3.397568,-2.320186
0.378657,-0.241795,0.021212,1.845606,2.377905,-1.266050
0.349758,-0.205793,0.026680,1.725869,3.239647,-4.047449
0.369276,-0.206709,0.030019,1.337557,2.670800,-4.745006
0.381014,-0.236225,0.030495,1.370735,2.651506,-5.917007
0.391160,-0.251370,0.045728,0.563082,1.648981,-4.602189
0.323138,-0.252545,0.036508,1.051128,0.558207,-5.565875
0.308137,-0.252378,0.020342,0.625484,-0.110186,-5.685786
0.292936,-0.271570,0.018734,0.264439,-0.022539,-5.942000
0.350887,-0.232201,0.001905,0.070864,-0.497833,-5.310041
0.316097,-0.233336,0.003707,-0.093711,0.664390,-6.291075
0.275185,-0.203604,-0.014892,-1.100035,0.486617,-6.354056
0.228101,-0.195677,-0.009686,-1.299948,0.808141,-5.887718
0.269352,-0.108512,0.000224,-2.470574,0.822082,-4.497661
0.292719,-0.083175,-0.009236,-2.848783,1.709712,-4.147437
0.274581,-0.059390,-0.010782,-2.681444,2.434327,-2.452843
0.200033,-0.064708,-0.012167,-2.447869,2.860784,-1.217948
0.223430,0.027680,-0.033835,-2.735723,2.951957,-0.208684
0.262035,0.061079,0.011460,-2.097216,3.539330,-2.080856
0.324536,0.080284,-0.030099,-2.349541,3.407402,-1.152449
0.273711,0.071382,0.031637,-1.361806,1.973614,0.189864
0.242846,0.128549,-0.034944,-1.103915,2.016082,1.303417
0.242570,0.153785,0.019561,-0.030334,0.361063,1.908954
0.310179,0.185559,-0.023515,0.028530,1.613606,3.739923
0.317666,0.188441,-0.000127,1.331247,-0.651392,5.428104
0.268607,0.208467,-0.054163,1.736251,0.815402,7.040985
0.220890,0.227646,-0.012134,2.747449,-1.541093,7.342063
0.261192,0.235931,-0.016484,1.859608,-0.472906,7.702038
0.334242,0.254844,0.010875,2.491950,-1.485935,8.370098
0.357081,0.258189,-0.013457,3.452228,1.423986,8.290309
0.289191,0.227915,-0.000623,3.071107,0.704121,9.375896
0.278707,0.187778,-0.005540,3.130417,2.706316,9.320698
0.341020,0.191930,0.001740,2.710659,2.826256,10.236874
0.382694,0.178639,0.005985,2.481260,3.202040,8.077500
0.326827,0.122152,0.024655,2.247714,0.315549,7.157471
0.293543,0.060757,-0.018975,1.816526,3.353912,7.354870
0.308219,0.042349,-0.002008,0.864544,2.413001,7.775483
0.359268,0.031560,-0.023915,1.290913,2.645174,4.988989
0.351491,-0.026277,-0.018942,0.181971,2.271304,4.490131
0.322140,-0.097132,0.000076,0.792186,1.483848,4.541061
0.300850,-0.148036,-0.013273,-0.610157,0.383354,5.502196
0.356432,-0.183506,-0.014708,0.513497,0.578797,4.053395
0.370526,-0.253934,-0.012430,-0.948212,0.450277,2.527436
0.384618,-0.324946,-0.008304,-0.294524,0.255008,1.513810
0.337968,-0.384726,-0.004329,-1.160326,0.797618,-0.487832
0.357928,-0.432886,-0.003170,0.033917,1.271284,-1.950981
0.358129,-0.515790,0.019922,-0.194817,1.033471,-3.490740
0.387021,-0.554828,0.012435,-0.045604,0.376727,-3.477405
0.333284,-0.601968,0.036505,0.862266,2.044265,-6.551877
0.337127,-0.625368,0.021862,0.579819,2.151847,-7.696361
0.340607,-0.718333,0.036689,1.861411,3.498937,-8.373426
0.394045,-0.742722,0.012037,1.460993,3.457131,-7.025602
0.374068,-0.766309,0.062334,2.784902,2.652225,-9.303766
0.362799,-0.775356,0.003890,2.172655,3.317907,-11.047926
0.337164,-0.843519,0.048807,3.575809,3.143094,-12.237223
0.388146,-0.829976,-0.006807,2.631986,2.867888,-11.663281
0.413684,-0.828568,0.056846,3.081510,0.623314,-11.628509
0.392742,-0.805331,0.013991,2.501703,1.455773,-11.414495
0.374981,-0.799380,0.025725,2.615623,0.500800,-8.316352
0.411540,-0.751644,0.029237,2.133000,1.960651,-6.880074
0.472597,-0.717414,0.024635,1.369206,1.285648,-5.107888
0.467519,-0.715353,0.041379,1.124271,1.494489,-4.863944
0.455023,-0.675901,0.007682,0.623807,1.231908,-1.880647
0.427066,-0.645086,0.038829,1.144106,2.093623,-2.145433
0.476776,-0.557340,0.001104,0.308913,2.144215,-1.684450
0.476828,-0.569429,0.034729,0.929839,1.960077,-2.268593
0.489922,-0.553555,0.013321,0.617150,3.165992,-0.546021
0.450201,-0.535272,0.029359,1.848567,2.578121,0.193931
0.445576,-0.462740,0.012248,1.141769,3.627286,-0.060938
0.444526,-0.449377,0.023592,1.977215,3.205230,-0.494108
0.448419,-0.408973,0.003575,1.359759,4.006943,-0.192239
0.463688,-0.352794,0.016226,2.435194,3.145221,-0.301108
0.432151,-0.326617,0.006457,2.227186,4.113845,-0.656089
0.440380,-0.260909,0.021914,2.058771,2.316320,0.997325
0.436766,-0.240696,0.012638,1.829364,2.427706,2.851226
0.454809,-0.158832,0.015225,2.012751,3.197812,4.829624
0.424690,-0.151463,0.024980,2.355825,1.261085,4.953315
0.403892,-0.116551,0.010009,1.381088,0.284048,4.696411
0.374455,-0.093692,0.010301,2.208345,1.194911,3.898233
0.398804,0.014944,-0.030667,1.171186,2.277856,2.409354
0.415305,0.031218,0.021694,1.172023,1.037682,1.866173
0.415279,0.040147,-0.024092,0.803609,2.137542,2.187011
0.370021,0.059309,0.036091,-0.176908,-1.916013,4.504255
0.383745,0.139838,-0.018880,-0.273661,2.499706,4.024387
0.409906,0.168887,0.003191,-0.811518,1.521842,3.734378
0.410506,0.186806,0.028814,-1.283785,2.160548,3.368270
0.385639,0.216719,-0.022379,-2.293431,2.214197,3.220724
0.322626,0.249803,0.008666,-1.375907,1.362414,2.159264
0.332982,0.256177,0.003805,-1.786159,2.041550,1.120602
0.363974,0.247961,0.044658,-1.735833,1.266941,2.047576
0.391337,0.282003,-0.008281,-1.651402,1.869931,2.758434
0.352644,0.270919,0.022922,-1.126248,-0.664216,3.812497
0.313668,0.244052,-0.003318,-1.331923,1.773007,3.976704
0.354032,0.229730,0.018277,-1.033339,1.257080,3.694107
0.370470,0.249940,0.020345,-0.627367,0.819876,1.567214
0.387355,0.259634,0.007547,-0.659643,1.081427,1.647168
0.281861,0.188089,0.031709,0.635479,0.214217,1.533191
0.266365,0.190650,-0.021050,0.403706,2.640805,2.794363
0.289050,0.182201,0.029195,1.195972,0.966942,2.338738
0.325416,0.194720,0.001740,0.050834,1.030132,2.420533
0.291958,0.115659,0.027659,1.350322,1.682038,3.192051
0.221290,0.092075,0.002791,0.552295,1.414887,3.897400
0.239767,0.048950,0.038481,1.234833,0.285531,3.849182
0.290714,0.040216,0.024964,1.861122,2.410631,1.734718
0.286493,-0.030094,0.025893,1.572740,1.482883,2.058335
0.211335,-0.088056,0.030833,2.011677,1.790424,2.008214
0.180939,-0.134873,0.021021,1.390581,1.781397,2.690049
0.227533,-0.162902,0.025358,2.152638,2.251226,0.687414
0.284415,-0.194889,0.034932,0.620725,1.406582,-1.116265
0.282997,-0.243748,0.048400,1.302874,1.113113,-2.146589
0.265160,-0.258263,0.034227,0.381977,1.901928,-3.376158
0.273770,-0.327175,0.061862,0.514718,-0.104619,-3.129173
0.351629,-0.340823,0.001219,-0.466068,2.264464,-2.817382
0.369929,-0.354107,0.062617,-0.271055,1.073592,-1.748321
0.356491,-0.332545,0.011102,-0.012993,3.487267,-2.708133
0.278011,-0.397534,0.049287,-0.487446,0.313064,-3.180680
0.295956,-0.446229,0.030206,-0.731315,0.175304,-3.427154
0.326476,-0.459940,0.035474,-0.596617,0.159673,-3.493597
0.321680,-0.485063,0.066729,0.581322,0.558870,-6.985810
0.278963,-0.512820,0.048092,-0.203466,1.069821,-9.040768
0.307704,-0.552258,0.038976,1.319543,1.890712,-9.894760
0.327559,-0.545982,0.041422,0.451975,2.228938,-8.210753
0.364418,-0.541082,0.045003,1.367296,1.664054,-8.883432
0.331587,-0.541141,0.055510,0.607290,3.297533,-8.944618
0.305787,-0.511339,0.040069,1.718041,2.563694,-8.200854
0.282409,-0.484446,0.033344,0.705218,2.585372,-9.777384
0.306729,-0.464377,0.039728,1.797594,2.077043,-9.223732
0.254466,-0.478768,0.056386,1.014089,1.226935,-9.181904
0.214942,-0.438998,0.038077,0.842591,0.421303,-7.040472
0.174026,-0.403485,0.028683,1.136015,0.182072,-8.441799
0.210222,-0.357029,0.023319,0.611859,-0.097066,-6.117274
0.213117,-0.355394,0.027517,1.068725,0.142197,-4.525402
0.205449,-0.327014,0.009691,0.424780,1.186505,-1.676364
0.164494,-0.256103,0.035596,0.997273,0.537130,-1.200737
0.178090,-0.203020,0.003014,0.092715,2.092871,-0.548664
0.213347,-0.176764,0.027061,0.406634,1.614988,1.445228
0.236987,-0.148167,0.013144,-0.424269,1.780656,5.301552
0.220617,-0.115861,0.004347,0.838137,2.141724,6.390008
0.190317,-0.086165,-0.014711,-0.385011,4.148882,4.908662
0.190947,-0.058222,0.013636,0.634842,1.168720,2.291399
0.229283,-0.013393,0.006306,-0.454202,2.117548,1.360769
0.252355,0.031776,0.016981,0.764751,1.165838,2.157699
0.198504,0.033693,0.007002,-0.266354,1.101706,2.809138
0.219331,0.059421,-0.001939,0.395408,0.756561,7.280841
0.251778,0.099411,0.022505,0.147495,0.601988,9.341454
0.324385,0.156473,0.000690,0.742093,-0.192087,10.905681
0.328734,0.139572,0.012753,0.886024,1.818515,10.781635
0.338463,0.121229,-0.016874,0.997378,1.072778,13.366431
0.325810,0.119887,0.016997,1.409800,1.424426,12.582092
0.365987,0.148415,-0.023813,1.075191,1.284134,11.715739
0.352594,0.116887,0.034870,2.128788,0.894919,8.762040
0.351807,0.100803,-0.006883,1.224595,1.043663,9.481862
0.314548,0.059487,0.040335,2.045490,-0.376967,8.772694
0.357974,0.061722,-0.000154,1.954543,1.280159,6.580715
0.363906,0.005133,0.032329,2.585388,1.794478,4.744533
0.400830,-0.011220,-0.002287,1.996470,2.440222,4.005430
0.385251,-0.066004,0.048003,2.197785,2.174975,3.602052
0.418023,-0.090705,0.005686,2.072091,4.002105,1.839606
0.423177,-0.167097,0.044356,1.767070,2.783975,1.259492
0.408350,-0.194249,0.036065,1.554650,2.744320,-0.686906
0.361621,-0.209683,0.045495,0.872324,1.504773,-2.322008
0.341342,-0.263141,0.038583,1.357274,0.904382,-2.532051
0.337682,-0.338430,0.049388,0.218636,-0.836258,-1.446938
0.340292,-0.378420,0.030678,0.741239,0.115114,-0.655190
0.304359,-0.406154,0.027498,-0.050435,0.394472,-1.910740
0.304228,-0.431359,0.036968,0.524851,0.737920,-3.537530
0.350241,-0.488530,0.017513,-0.698326,3.595801,-3.710677
0.378250,-0.529416,0.057962,-0.119951,0.859042,-4.411083
0.386525,-0.558863,0.024064,-0.630199,3.343680,-5.703861
0.374889,-0.566182,0.047688,-0.386773,2.288721,-6.990305
0.355933,-0.619772,0.051181,-0.070560,3.264226,-8.228385
0.370746,-0.610623,0.042019,-0.459824,2.219918,-6.777816
0.379514,-0.652399,0.056416,1.367099,3.047644,-6.756617
0.364838,-0.657139,0.035530,0.518136,2.453654,-5.814722
0.361020,-0.696233,0.052553,1.480428,2.163759,-5.375022
0.363696,-0.669241,0.047718,1.008036,2.177437,-5.877068
0.412049,-0.639574,0.077594,1.621727,2.008953,-6.616644
0.428130,-0.653538,0.048794,1.932729,2.118826,-6.535708
0.482369,-0.651775,0.027258,2.341783,2.216153,-3.131427
0.469679,-0.647767,0.064511,2.834395,1.655483,-2.505403
0.456694,-0.593482,0.028899,2.643140,2.541000,-2.662751
0.456749,-0.606435,0.059052,3.668262,2.162426,-2.608253
0.491973,-0.565582,0.036183,2.146025,1.641234,-1.489059
0.516578,-0.519477,0.068285,3.194117,1.948497,-2.749214
0.465162,-0.489327,0.040211,2.549361,1.819119,-3.064050
0.442691,-0.487049,0.049024,2.760431,0.287996,-2.706242
0.457124,-0.444653,0.035760,2.695134,3.528600,-2.569466
0.519926,-0.370638,0.035031,2.027916,2.408816,-2.598555
0.509239,-0.356159,0.039223,2.250321,3.469575,-3.182166
0.467240,-0.320275,0.019758,0.915445,2.808210,-1.670637
0.446150,-0.297590,0.038067,1.430190,3.337542,-2.024183
0.440800,-0.198753,0.035402,-0.498009,2.064885,-2.912921
0.455351,-0.157223,0.034289,-0.069769,1.815640,-3.775136
0.392341,-0.130586,0.016219,-1.664509,1.302079,-2.198020
0.357935,-0.065555,0.009500,-0.712838,0.835169,-0.014619
0.330924,-0.002686,0.000923,-1.204295,2.168331,-0.086670
0.378768,0.052912,0.000690,-1.396816,0.936458,0.607350
0.374764,0.063376,0.006086,-2.009880,2.263545,0.904131
0.362271,0.121541,-0.010474,-1.609466,1.663722,1.867070
0.318637,0.140176,0.039370,-1.200658,0.858461,0.519444
0.349443,0.203222,-0.000331,-1.622366,1.682359,-0.552581
0.350260,0.220612,0.028870,-1.374873,0.846506,0.255043
0.348511,0.284084,0.015737,-1.480098,1.868979,0.476141
0.313366,0.303497,0.008571,-0.637464,0.750065,1.465175
0.287937,0.342197,0.010935,-0.725006,2.406085,1.527333
0.282495,0.359151,0.009448,-0.465004,1.461635,4.961788
0.283844,0.422085,0.013968,0.008520,1.269133,5.715311
0.307021,0.455979,0.016068,-0.191584,1.323943,6.304922
0.267993,0.423847,0.024547,0.680678,1.111448,5.511304
0.271164,0.419606,0.007590,-0.060946,0.769221,6.907338
0.248186,0.446854,0.034716,1.099527,-0.055665,5.584012
0.253258,0.461149,0.006451,0.058764,1.036648,4.106229
0.278703,0.452890,0.029654,0.321878,0.707922,4.830791
0.280141,0.437040,0.024235,-0.118261,0.932056,5.734431
0.253330,0.455346,0.039505,-0.229788,-0.254794,7.491907
0.246046,0.432418,0.033203,-0.112297,1.038437,7.200554
0.263374,0.422124,0.027675,-1.248112,1.905588,9.289404
0.296396,0.411423,0.022906,-0.165666,1.761755,9.601075
0.282035,0.394473,0.014992,-1.276003,2.709283,9.318260
0.247264,0.345821,0.038894,-0.488142,0.957637,7.960283
0.203276,0.258869,0.027101,-1.268043,1.306077,6.780952
0.221290,0.247347,0.036600,-0.898742,-0.093623,5.547172
0.241018,0.206730,0.033793,-0.447342,1.018365,2.663468
0.244737,0.155560,0.041537,-0.670859,0.576687,1.777821
0.234239,0.034823,0.044324,0.089340,0.794142,2.438656
0.231298,0.008333,0.038317,0.216752,1.261279,1.704631
0.266466,-0.000605,0.056672,0.261478,1.347147,0.043461
0.253130,-0.081481,0.052510,0.589105,1.557276,-2.321319
0.254184,-0.161937,0.050957,0.493927,1.446214,-0.982854
0.227185,-0.208843,0.057693,1.389675,1.473436,-1.741121
0.228062,-0.241950,0.058034,0.994335,0.674103,-4.098982
0.209985,-0.303705,0.063322,1.279904,0.648467,-6.168507
0.216107,-0.360616,0.066907,1.064248,0.531619,-5.657253
0.221815,-0.420508,0.042636,2.018269,1.597702,-6.242511
0.247540,-0.457186,0.034752,1.649224,2.157854,-7.596546
0.222813,-0.544144,0.068807,2.026301,1.131481,-9.742854
0.219061,-0.543448,0.050869,0.690014,1.474063,-10.200393
0.208755,-0.563425,0.099567,1.517733,-2.334770,-11.880263
0.242692,-0.545368,0.042387,0.541080,1.754005,-13.174588
0.229441,-0.608473,0.078349,0.987081,0.459451,-11.256205
0.196416,-0.592291,0.043910,-0.394779,0.664407,-9.233304
0.146992,-0.561623,0.060673,-0.029339,-0.466058,-8.100857
0.143621,-0.539690,0.039561,-0.439424,1.049729,-9.107835
0.172336,-0.548142,0.044002,-0.952121,0.808883,-7.613070
0.180339,-0.538948,0.039397,-0.269052,2.169270,-8.183112
0.160486,-0.497849,0.025167,-1.351627,1.035296,-7.821503
0.128857,-0.485628,0.054338,-0.371431,2.017339,-7.940863
0.144609,-0.455223,0.023624,-1.865013,1.530511,-6.407612
0.169191,-0.408090,0.052943,-0.516476,0.817651,-4.074967
0.176016,-0.349000,0.022377,-0.687366,1.489582,-2.237284
0.119032,-0.346036,0.040493,-0.155260,0.421188,-0.794469
0.094273,-0.303787,0.003565,0.527927,1.138243,-0.031126
0.114092,-0.220190,0.018652,0.426191,1.326537,0.978145
0.142390,-0.165928,0.022485,1.788862,0.792839,-0.481142
0.135651,-0.141274,0.018753,0.807236,1.677393,0.637792
0.134719,-0.137286,0.009231,2.631011,0.711487,1.990468
0.145377,-0.063299,-0.001506,2.335125,2.216740,2.892587
0.204340,0.016126,0.001964,2.962202,1.757298,3.108381
0.230136,0.035138,0.016666,2.222741,1.834629,3.284783
0.254417,0.063652,0.029776,1.969892,1.161174,6.556144
0.225866,0.101420,0.036318,2.318608,0.863775,6.745996
0.212405,0.165250,0.016679,1.189413,0.901815,8.228223
0.201215,0.170105,0.031282,1.627294,-1.256765,6.761160
0.248351,0.218902,-0.005661,0.809186,1.423625,8.043763
0.261769,0.231103,0.024110,1.241056,0.212106,8.681157
0.286496,0.254792,-0.024060,0.509184,2.545467,7.827007
0.284825,0.228099,-0.002635,0.198130,0.870704,8.624887
0.310507,0.229425,0.010143,0.533041,0.459349,7.391222
0.316566,0.262703,-0.005481,-0.710439,1.798361,6.152876
0.348751,0.241321,0.015458,0.167699,1.759697,3.951591
0.338907,0.208398,-0.014590,-0.917170,1.595624,4.597966
0.335634,0.200783,0.021858,-0.778024,0.404024,5.013342
0.315677,0.207170,0.006838,-1.114760,1.447383,3.513073
0.325527,0.202690,0.014263,-1.089134,0.489069,2.621294
0.342931,0.141666,0.007294,-1.156427,2.333769,2.286850
0.339878,0.119299,0.001038,-0.881923,0.929841,3.066046
0.318477,0.096713,-0.000377,-0.708509,2.199751,2.454147
0.295184,0.074103,0.024868,-0.640602,0.739775,1.321173
0.274758,0.029164,-0.000735,-1.051294,1.115896,0.671198
0.289834,0.022983,0.034066,-0.179521,0.771929,-0.409866
0.284710,0.001932,0.004938,-0.662059,1.512769,-0.562171
0.290287,-0.026825,0.030413,0.094901,1.420861,1.115510
0.294023,-0.075720,0.014283,-0.088824,2.310910,1.669491
0.289979,-0.065646,0.028000,0.712781,2.614382,1.613036
0.294361,-0.096721,0.015500,0.584267,3.684483,0.275554
0.309860,-0.156048,0.042508,1.041425,2.352043,0.384722
0.321021,-0.227037,0.046083,1.848183,2.477731,-0.682269
0.325632,-0.224034,0.040024,1.671059,1.725392,-2.195365
0.334997,-0.235240,0.042446,2.021564,3.575611,-5.418392
0.348465,-0.269831,0.032651,1.241824,1.999807,-6.444807
0.414127,-0.308091,0.060805,2.455210,2.765341,-6.167232
0.443213,-0.287579,0.027951,0.538946,1.860809,-3.620660
0.429177,-0.311393,0.064084,1.984883,1.511519,-1.819762
0.410759,-0.318545,0.028650,0.318202,1.008488,-0.807948
0.449082,-0.321588,0.064537,0.961938,1.111337,0.588669
0.464407,-0.308990,0.044104,0.437988,1.259477,-1.113719
0.465845,-0.348347,0.040755,0.866566,1.208234,-2.631449
0.427270,-0.371304,0.028089,-0.165242,2.036758,-3.109462
0.452463,-0.372413,0.026152,0.778525,2.051375,-2.909321
0.462484,-0.371786,0.061133,1.250382,1.831684,-3.897049
0.485504,-0.372998,0.050271,0.726872,-0.036387,-3.811636
0.445313,-0.445976,0.061015,1.254557,2.467942,-4.097038
0.410992,-0.406006,0.060470,0.897658,1.481507,-2.802409
0.396953,-0.389367,0.038691,1.431152,2.574681,-6.126047
0.392437,-0.367756,0.030777,0.980204,2.550272,-8.455482
0.365235,-0.393966,0.035589,1.876182,2.384355,-9.789784
0.321874,-0.372052,0.028735,0.476655,2.231518,-7.856068
0.302146,-0.309761,0.041435,1.089148,1.126479,-7.590822
0.278529,-0.300853,0.009901,0.257172,1.906796,-6.692947
0.283985,-0.264001,0.026720,0.209465,0.649600,-5.350078
0.241671,-0.240509,0.042321,0.725277,1.021165,-4.602635
0.241891,-0.203122,0.017559,0.036917,0.472755,-4.340861
0.198415,-0.201395,0.013941,0.231129,0.693916,-4.198585
0.205823,-0.142101,0.002512,-0.421643,1.559459,-5.174005
0.214971,-0.076902,0.008469,-0.678740,1.213217,-4.585211
0.182662,-0.010839,0.029017,-0.558422,1.601283,-5.196938
0.187770,0.012961,-0.007647,-1.605501,1.682721,-2.073855
0.156357,0.050457,0.024649,-1.173154,-0.212011,-0.487338
0.184386,0.143655,-0.009916,-2.302648,1.493606,0.036804
0.179712,0.199476,0.016003,-1.532910,0.549426,-1.250943
0.200926,0.259345,-0.004243,-2.121441,2.029451,-1.410293
0.195385,0.290843,0.004767,-1.944376,0.900535,0.243334
0.188019,0.338491,0.009710,-1.639152,1.284905,1.503878
0.173504,0.402531,-0.007286,-1.984846,0.213465,3.204076
0.171469,0.420480,0.008085,-1.367291,-0.530253,4.427542
0.156889,0.472188,0.001110,-1.934247,-1.050832,6.754978
0.150380,0.518369,0.019656,-0.792487,-1.729502,7.908676
0.107701,0.522619,-0.000232,-1.162838,-1.556009,8.499970
0.133098,0.548203,0.002922,-0.803828,-1.026627,11.002774
0.162879,0.573559,0.000362,0.123402,0.384309,11.431179
0.167596,0.601575,-0.003554,-0.211696,0.144557,12.100884
0.127265,0.571416,0.029615,1.078752,0.083224,10.529820
0.112097,0.528616,-0.019287,0.247268,1.112502,11.955584
0.137214,0.520732,0.019942,1.849337,2.016830,10.853522
0.131404,0.528052,0.020017,1.194744,1.387419,7.592350
0.097240,0.489129,0.020585,1.256496,0.163441,6.497837
0.042890,0.403532,0.001159,1.928923,1.023587,6.786675
0.048122,0.390554,0.011952,1.166374,-0.085952,7.659492
0.109914,0.340851,0.032930,2.085394,1.063032,5.206403
0.112507,0.269497,0.016810,0.776594,0.419409,4.096496
0.096288,0.187797,0.057841,0.997430,-2.210573,5.122968
0.057858,0.132620,0.021987,0.221130,0.102880,4.654941
0.111952,0.101095,0.031102,0.284202,-0.372378,3.207512
0.122945,0.016145,0.021753,-0.687025,0.413369,0.313619
0.144708,-0.017017,0.007462,-0.843676,0.073174,1.163460
0.061724,-0.099886,0.044419,-0.643799,-0.275247,-0.548822
0.061222,-0.118280,-0.011120,-1.545245,0.703628,-1.247915
0.070774,-0.228705,0.036505,-1.334988,0.118652,-3.032320
0.142902,-0.258483,0.017063,-2.324000,1.795857,-3.086121
0.146838,-0.310697,0.053511,-1.643862,0.393067,-3.662346
0.107170,-0.367700,0.040496,-1.850524,1.051331,-8.123132
0.080973,-0.433070,0.058264,-2.251399,-1.432858,-8.922090
0.083835,-0.479250,0.067068,-0.947627,0.531419,-9.936081
0.115179,-0.468139,0.044954,-1.157812,0.724502,-10.048317
0.077188,-0.518679,0.062026,0.059402,-0.069304,-11.286381
0.018987,-0.585004,0.038523,0.087430,0.854850,-10.671446
-0.003593,-0.589921,0.035980,0.608179,-0.164845,-8.323958
0.043812,-0.580392,0.068269,1.707484,1.159451,-8.955718
0.074660,-0.589862,0.040188,1.365999,0.510664,-8.537765
0.108493,-0.631834,0.066352,2.948824,1.616524,-8.257647
0.075776,-0.617346,0.036268,2.210771,1.461376,-7.537704
0.051598,-0.612855,0.063506,3.381659,0.098147,-8.413492
0.101045,-0.579138,0.023657,2.484106,1.317753,-8.977417
0.117736,-0.566373,0.049943,2.693007,0.813708,-7.819583
0.080802,-0.509380,0.018842,2.683323,0.388012,-5.964970
0.009822,-0.494592,0.043375,2.696650,-0.738146,-4.583222
-0.004299,-0.498433,0.035701,3.392895,-0.147291,-3.682780
0.044718,-0.474005,0.020168,1.696110,-0.639253,-0.902005
0.077677,-0.417855,0.041094,2.278500,-0.263539,-1.706189
0.040832,-0.374389,0.005847,1.204093,0.339987,-3.020240
0.012084,-0.376841,0.046099,1.315755,-2.676492,-2.878317
0.056666,-0.324477,0.022262,0.530989,0.725870,-2.134408
0.115556,-0.242760,0.024169,-0.016600,1.713956,0.375299
0.100867,-0.204677,0.019354,0.570782,1.031009,1.004900
0.040389,-0.200827,-0.003830,-0.389213,1.810480,3.450890
0.036873,-0.149063,-0.021086,-0.130803,1.044027,5.547098
0.065033,-0.095671,0.006858,-0.339973,1.186291,4.756618
0.098435,-0.028469,-0.003561,-0.299806,0.963844,3.363764
0.055662,-0.054952,0.012769,-0.100877,0.738422,1.590809
0.049478,0.007828,-0.023124,-1.010326,0.257460,2.263630
0.050994,0.043301,0.026434,-0.167297,-0.499067,1.781456
0.096558,0.090913,-0.000147,-0.826542,-0.238783,2.301375
0.086034,0.084752,0.010990,0.130253,-0.584085,4.682374
0.081875,0.107680,-0.008632,0.138403,0.029212,5.980998
0.067016,0.173072,-0.022267,-0.004761,-0.652872,6.155774
0.058294,0.172029,-0.000777,1.320484,-0.277030,4.043954
0.046136,0.196988,-0.024916,0.310662,-0.502940,3.742376
0.033174,0.215521,0.007931,1.340947,-0.416057,3.543693
0.025378,0.242279,-0.014107,0.513986,0.299061,2.894971
0.036538,0.219092,0.012973,1.171294,0.485024,3.126298
0.034503,0.226445,-0.035266,0.766120,0.923325,2.498003
0.036840,0.244534,0.021261,0.332096,0.164225,3.416479
0.063756,0.269195,-0.036743,0.848299,1.848868,2.076787
0.076814,0.251372,0.021435,-0.318670,0.623048,2.367625
0.078169,0.230607,-0.021102,0.561814,1.239309,1.884263
0.060733,0.250860,0.011735,-0.507345,0.739328,2.434203
0.052478,0.264298,0.015369,-0.429209,0.314380,3.609253
0.060667,0.225099,0.010298,-0.994833,-0.049580,3.908852
0.118484,0.200661,0.004672,-1.212537,-0.341992,5.009356
0.129037,0.181213,0.024612,-0.703592,-0.337138,3.682080
0.136423,0.179201,0.020260,-1.528767,-0.336632,3.126310
0.129484,0.116207,0.035697,-0.649303,-0.641564,1.699861
0.171030,0.102034,-0.006160,-1.776539,0.765151,3.319805
0.183188,0.095039,0.044307,-0.499283,-1.380063,3.268931
0.193409,0.054898,0.015852,-0.549409,0.511376,4.126364
0.189638,-0.006457,0.028561,0.371834,2.144100,4.668334
0.170475,-0.072283,0.022804,0.372615,0.701416,2.198352
0.189864,-0.058409,0.039548,0.877818,0.353317,0.245744
0.191223,-0.122715,0.052717,2.010135,1.611124,-3.129341
0.203772,-0.159885,0.046464,1.055575,1.387751,-2.692504
0.190711,-0.205285,0.063930,1.981456,0.897207,-2.420773
0.198392,-0.187343,0.002302,1.211734,1.534893,-0.201904
0.151332,-0.249955,0.087255,2.277223,-0.216984,0.026134
0.166739,-0.292095,0.030590,1.411326,1.575628,1.665910
0.192615,-0.322560,0.049651,2.434915,1.287853,1.227603
0.189825,-0.345770,0.041583,1.805682,1.129554,-1.900942
0.177650,-0.392161,0.054158,2.243769,-0.758960,-5.615189
0.185046,-0.458673,0.037381,2.142535,1.964548,-7.878873
0.234430,-0.436982,0.035579,1.314028,1.509057,-6.771758
0.269151,-0.463403,0.075628,2.829126,2.089008,-8.224647
0.259012,-0.459661,0.036446,0.641811,1.891005,-7.911345
0.233261,-0.506439,0.083293,1.480491,1.365519,-7.751096
0.228745,-0.473286,0.039472,0.341435,1.691235,-8.347706
0.246746,-0.440980,0.046355,-1.002559,0.302938,-9.863014
0.267179,-0.458610,0.055330,-0.397839,1.308464,-10.898200
0.239580,-0.443944,0.055664,-0.946387,0.058948,-9.179053
0.203430,-0.417941,0.079537,-1.016841,-1.778246,-9.157540
0.215572,-0.356073,0.024770,-1.686192,1.356286,-8.311282
0.216767,-0.370779,0.027777,-1.793010,0.869004,-7.520132
0.227156,-0.325701,0.016502,-2.187181,0.500390,-6.328866
0.161839,-0.307375,0.059754,-0.949489,-0.143890,-6.493781
0.142919,-0.234820,0.029444,-1.278057,0.961411,-6.328977
0.112451,-0.232253,0.036784,-0.664544,0.316488,-5.737157
0.139515,-0.163775,0.004737,-0.473171,1.561310,-3.357169
0.104163,-0.103969,0.041484,-0.009402,1.309997,-3.243812
0.093180,-0.050652,0.058550,0.702828,1.161870,-1.386132
0.078491,-0.033416,0.039531,1.217849,2.140893,0.058846
0.076561,0.024814,0.018103,0.878593,1.432271,1.172304
0.066500,0.097547,0.029835,1.802704,0.838625,0.417083
0.025250,0.117612,-0.011471,1.194087,0.576667,-0.375535
-0.015206,0.140120,0.015274,1.933887,-1.657636,0.669573
-0.052413,0.169613,0.001018,2.258490,-0.454436,4.131866
-0.045930,0.241774,0.010209,2.134394,-1.332117,6.896982
-0.081068,0.248253,0.016157,2.918940,-0.823398,7.750304
-0.070837,0.268710,-0.010956,2.200059,-0.139312,9.610699
-0.074343,0.282148,0.025489,2.550381,0.201849,8.798482
-0.050958,0.344147,-0.008931,1.329997,-0.017809,9.122107
-0.049488,0.324330,0.040680,1.022685,-0.058623,7.362037
-0.008454,0.340716,0.015241,0.376137,1.158994,8.824380
-0.019562,0.337585,0.037670,0.734064,0.184297,9.193100
-0.014300,0.359984,0.023687,-0.233799,0.686074,9.728252
-0.034080,0.324248,0.030432,0.194263,0.437495,9.378023
-0.018259,0.297897,-0.003203,-1.153818,-0.145529,10.931178
-0.010460,0.303930,0.009851,-0.691696,-0.064741,8.325637
-0.034513,0.275031,-0.003948,-1.808493,-0.741695,5.575114
-0.025500,0.199361,-0.010730,-0.674946,-0.769372,3.030312
0.000241,0.155616,0.017253,-1.461671,-0.351715,4.008598
0.019739,0.129777,0.034493,-0.566169,-1.058473,4.056605
0.003694,0.100704,0.023752,-0.716052,0.552636,3.849223
-0.033706,0.013152,0.019633,-0.343485,-1.067697,4.524563
-0.045539,-0.010748,-0.023052,-1.532013,-0.255963,4.425098
-0.057999,-0.042315,0.030481,0.820067,-0.520550,1.726004
-0.063845,-0.069290,0.007862,-0.119298,0.028040,-1.962594
-0.084732,-0.159616,0.046378,0.877490,0.471324,-3.074582
-0.077773,-0.197417,0.009192,0.178462,0.950937,-2.658877
-0.097871,-0.244674,0.074762,1.118936,-0.256908,-3.279343
-0.088969,-0.301165,0.014762,0.733476,1.280970,-4.097960
-0.115350,-0.380285,0.069273,1.575166,0.413461,-3.707316
-0.131585,-0.406977,0.020171,1.822117,1.361301,-3.684999
-0.145614,-0.431054,0.072769,2.039962,0.010010,-5.460178
-0.125631,-0.477291,0.044734,1.488966,1.422463,-6.851551
-0.132813,-0.539256,0.085623,1.867638,-0.692415,-6.893287
-0.134995,-0.568910,0.033744,1.606247,-0.382675,-6.681645
-0.147525,-0.589891,0.083414,1.874793,-1.366920,-6.819927
-0.127712,-0.600241,0.047363,1.398361,-0.584367,-7.506593
-0.094618,-0.618291,0.084185,0.672417,-2.882094,-5.730871
-0.093998,-0.616335,0.066076,1.051121,-0.775166,-5.361778
-0.107039,-0.616377,0.063867,0.274907,-1.490612,-4.338871
-0.114008,-0.633929,0.063004,0.782838,-0.158198,-5.178355
-0.066150,-0.621088,0.065554,-0.434756,-0.349617,-2.830866
-0.017675,-0.599854,0.096925,1.116481,0.868634,-3.651442
-0.022605,-0.594743,0.062403,0.314775,1.109791,-2.939228
-0.049773,-0.653748,0.075326,0.720869,0.963119,-3.237609
-0.027102,-0.643205,0.054742,0.058929,1.222661,-2.308849
0.029648,-0.616309,0.104162,1.832585,0.509174,-3.711056
0.017208,-0.573368,0.034864,0.608206,0.937778,-3.693362
-0.061978,-0.604400,0.093833,2.071832,-1.510918,-3.323803
-0.059581,-0.565647,0.061395,1.712602,-0.890422,-2.366594
-0.029055,-0.505671,0.077795,2.683061,-1.115476,-3.021950
0.028099,-0.461243,0.038005,1.738434,-1.039724,-3.307416
-0.007446,-0.481453,0.064596,2.754457,-0.703851,-2.576299
-0.025149,-0.443491,0.011063,1.655645,0.751066,0.324756
-0.009235,-0.385149,0.071282,3.515014,0.028969,-0.677977
0.052950,-0.339149,0.029569,1.699567,0.971180,-1.892354
0.048191,-0.340607,0.072293,3.002911,1.188559,-2.617495
0.036443,-0.300403,0.028640,1.603414,1.335774,-1.419343
0.025847,-0.246007,0.049103,2.684452,1.238147,-3.003508
0.058980,-0.209969,0.028433,0.996327,1.626358,-2.949948
0.095606,-0.177164,0.051125,0.838084,0.682778,-0.786469
0.081747,-0.111574,0.011282,-0.440386,1.243209,0.582990
0.065683,-0.067957,0.036735,0.236637,0.618026,0.447152
0.081173,-0.028046,-0.005862,-0.465188,0.660454,-0.244504
0.109307,-0.004977,0.030675,-1.006836,-0.122249,1.800161
0.125046,0.074399,-0.017678,-1.512601,0.316176,1.469595
0.103237,0.122395,-0.003200,-2.317763,-0.195149,1.927541
0.130052,0.105372,0.004163,-1.710637,0.344159,1.685163
0.175533,0.116926,-0.004142,-2.365566,-0.197870,4.053594
0.216623,0.150588,0.009763,-0.686710,0.330806,4.254283
0.205978,0.176059,0.026323,-1.034767,1.229203,4.521473
0.224254,0.169409,0.011670,-0.159186,1.010858,4.174588
0.242252,0.178360,0.020388,-0.330063,3.267094,4.837405
0.270428,0.233131,0.021970,-0.227553,1.156198,5.017361
0.243233,0.233499,0.031552,0.112403,1.011153,4.550066
0.248728,0.208483,0.002981,0.240493,1.667506,6.398293
0.229313,0.194848,0.014703,0.918645,1.843327,6.269654
0.273599,0.224360,0.040522,0.847351,0.862695,6.414998
0.249253,0.194599,0.044511,1.483320,0.776820,5.191967
0.262436,0.162001,0.043532,1.590826,-1.446585,6.813526
0.237739,0.153315,0.031903,0.987386,0.587706,6.353157
0.274627,0.162322,0.029067,1.708922,0.044882,7.250799
0.251302,0.127072,0.037742,1.457648,0.445369,5.924737
0.255286,0.074284,0.027114,1.382099,0.091523,7.314470
0.242800,0.015653,0.036521,2.130699,0.998408,6.505270
0.256931,0.034494,0.004767,0.818790,2.131804,5.602570
0.259665,-0.017637,0.049920,1.820019,1.421055,3.722629
0.303023,-0.060414,0.020345,0.697320,3.285512,3.425537
0.324507,-0.121166,0.063385,1.197104,2.345324,2.638507
0.343036,-0.112329,-0.018834,-1.699893,2.908226,2.726454
0.361572,-0.211022,0.076797,0.555792,2.616200,1.518505
0.399894,-0.235171,0.022594,-0.544817,3.280920,1.503289
0.427352,-0.280919,0.065082,-0.044694,0.820457,-0.207695
0.423689,-0.316861,0.047212,0.402571,2.261401,-3.291408
0.405911,-0.409617,0.049037,0.440319,0.620350,-4.545683
0.398345,-0.463383,0.052566,1.156573,0.808292,-6.033629
0.414268,-0.483481,0.048056,0.530241,0.198294,-5.537005
0.427257,-0.502726,0.043411,1.818555,1.152571,-6.751264
0.404519,-0.568907,0.053619,0.727283,0.038026,-6.157904
0.404910,-0.617247,0.049451,1.541807,0.688506,-6.385114
0.394386,-0.622365,0.064287,1.062229,0.716289,-7.051784
0.403475,-0.643100,0.037723,2.049935,1.996046,-10.085151
0.387933,-0.681760,0.078904,1.447535,1.611620,-10.330993
0.377196,-0.692655,0.047550,1.802534,3.036677,-9.874813
0.343640,-0.683828,0.059918,1.641941,2.971088,-8.633999
0.315266,-0.682532,0.017230,2.113673,4.776914,-10.052854
0.278667,-0.699443,0.055211,0.986625,3.016497,-8.881562
0.280673,-0.685049,0.048873,1.816553,2.862613,-8.973618
0.262235,-0.620159,0.054699,0.631636,2.652301,-9.745977
0.239632,-0.611805,0.063444,1.121963,1.879523,-9.431343
0.214368,-0.594283,0.043838,0.545258,2.401319,-7.943650
0.206290,-0.535304,0.041373,0.271152,1.156018,-4.793628
0.196682,-0.475091,0.028463,-0.212322,1.685833,-3.425932
0.199423,-0.433132,0.033921,0.068077,0.078951,-1.208917
0.186496,-0.413480,0.013728,-0.372718,1.003056,1.805097
0.173820,-0.346052,0.021996,-0.114308,0.549777,3.508570
0.177719,-0.290645,0.011476,0.183136,1.300681,2.274143
0.183480,-0.234659,0.017391,-0.145685,1.165704,1.605086
0.141750,-0.243775,0.022456,0.613864,0.345633,1.062262
0.133163,-0.168443,0.019370,0.614537,-0.047512,2.795625
0.112504,-0.132684,0.032159,1.590977,0.625280,3.205059
0.139272,-0.066631,0.015054,1.058168,0.790849,5.296475
0.111988,-0.060355,0.032467,1.860324,0.655981,6.274831
0.070259,0.020685,-0.007089,1.802179,1.448394,8.558259
0.002316,0.033296,0.036459,2.835753,0.645175,7.364132
0.013715,0.049436,-0.024227,1.963035,0.471698,6.885408
0.022411,0.040442,0.046677,2.938168,0.165591,6.502039
0.036729,0.096838,0.009786,2.583022,0.066405,7.163959
-0.025369,0.080737,0.059167,3.190558,-1.176739,6.625980
-0.035876,0.082621,0.006835,2.162656,-0.194086,8.604571
-0.032370,0.071225,0.050705,2.288137,-1.854855,10.336748
-0.000429,0.117159,0.001691,2.031158,0.636178,9.849230
-0.046846,0.091382,0.040454,2.140963,-0.925833,6.692294
-0.058777,0.051074,0.006260,1.389393,0.334961,5.377103
-0.055508,0.024565,0.027041,1.270585,-0.196190,4.676546
-0.020731,0.033349,-0.003278,0.512023,0.863378,2.650694
-0.018541,0.007815,0.039718,0.426224,-0.042316,2.222398
-0.021771,-0.038524,0.001360,-0.234656,0.197434,4.052588
-0.055780,-0.085623,0.042361,-0.256642,-0.773029,5.120822
-0.051057,-0.076817,0.008519,-0.793790,-0.071030,3.185899
-0.055324,-0.124967,0.040838,-1.305699,-0.070669,1.564165
-0.036325,-0.182790,0.022748,-1.636050,-0.494734,-1.105370
-0.040986,-0.222350,0.035018,-1.411853,-1.212419,-1.365995
-0.051277,-0.239314,0.021245,-0.444551,0.289746,-2.915527
-0.068506,-0.279881,0.045046,-1.407543,-0.577655,-0.865994
-0.009833,-0.314239,0.032691,-0.811689,1.675063,-0.396539
-0.000455,-0.317272,0.051318,-1.201606,-0.069537,0.598484
-0.008582,-0.326101,0.027550,-0.489800,1.010192,-0.410003
-0.037179,-0.384910,0.048673,-0.691131,0.216498,-1.138632
-0.008103,-0.407092,0.040880,0.095203,0.442369,-2.869882
0.013272,-0.390460,0.057762,0.086784,0.905141,-3.177078
0.016581,-0.391363,0.035116,1.631965,0.274053,-3.822281
0.017697,-0.447923,0.047924,1.095227,0.145256,-3.242812
0.018022,-0.482753,0.065830,2.258537,0.178025,-1.086804
0.009402,-0.471937,0.037493,2.218084,0.791339,-0.297341
0.016981,-0.468280,0.066270,3.218430,-0.940262,-0.916846
0.006153,-0.489308,0.057772,1.873513,-0.505888,-0.669274
0.007919,-0.503081,0.072487,3.513856,-0.333215,-0.443971
-0.031444,-0.500392,0.063614,2.949857,-0.894591,0.093430
-0.038347,-0.515587,0.081303,3.598208,-2.366754,-0.523515
-0.019614,-0.559079,0.059800,3.262979,0.061229,0.203267
0.039017,-0.561935,0.068039,3.989688,0.631261,0.867874
0.044482,-0.547046,0.071584,3.385165,1.903123,-0.335275
0.025581,-0.574750,0.059465,3.719596,1.273404,-1.623202
-0.004998,-0.592852,0.054466,2.753420,1.141745,-3.877142
0.057733,-0.565651,0.072067,2.393002,1.016389,-5.560350
0.105975,-0.519355,0.041113,1.994195,2.625818,-6.508899
0.124192,-0.560497,0.069053,2.243132,0.766491,-5.538737
0.093889,-0.580661,0.037105,0.645054,1.199999,-1.836642
0.101708,-0.570220,0.055779,1.334383,0.631730,-0.400482
0.150449,-0.511172,0.010160,-0.053193,0.604089,-2.206162
0.164127,-0.519368,0.057440,0.042783,-0.555314,-3.798105
0.151246,-0.497271,0.013242,-0.908123,-0.171446,-2.622835
0.112248,-0.463386,0.037706,-0.706752,-2.354974,-0.237208
0.111608,-0.430125,0.010665,-0.549419,-0.755842,0.586461
0.094719,-0.421857,0.007265,-0.407135,-0.949506,3.465245
0.069911,-0.478226,0.009779,0.752810,-0.122554,4.263186
0.036883,-0.475187,0.012691,0.982279,-0.857138,2.866711
0.020822,-0.497661,0.027186,2.280132,0.712173,-3.099795
0.029241,-0.497612,0.031899,1.823183,-0.227714,-7.821886
0.092149,-0.487837,0.013239,3.377461,3.807056,-12.833405
0.130882,-0.409141,0.011489,2.215123,4.408159,-13.308469
0.164012,-0.369771,0.005722,2.587319,4.137915,-13.138268
0.156344,-0.337606,0.010229,1.033984,4.654391,-8.656410
0.163358,-0.264438,0.016370,1.313667,3.198183,-4.215756
0.167402,-0.148669,0.003470,-0.294124,2.881280,-0.984205
0.215894,-0.064685,0.018786,-0.599249,0.604161,0.826375
0.261582,-0.035215,-0.007723,-1.414581,1.498333,3.353719
0.274955,0.017015,-0.025560,-1.385334,-0.411938,5.878942
0.261510,0.077176,-0.010766,-1.591911,-0.133554,6.214144
0.321825,0.162910,-0.042464,-2.565801,-0.837233,5.836174
0.375808,0.179631,0.024130,-2.060246,-0.732277,5.319936
0.414081,0.252918,-0.020423,-3.124669,-1.449664,7.514178
0.365931,0.273439,0.004330,-2.077512,-2.111049,7.721292
0.363827,0.326365,-0.013277,-2.845918,0.155849,9.344555
0.365878,0.369490,0.035454,-2.265668,-4.264178,9.388107
0.425612,0.450425,-0.005776,-2.187316,1.929905,9.535425
0.366413,0.480381,0.022495,-0.965530,1.570044,7.914982
0.320502,0.496087,-0.003370,-1.048612,3.753936,7.234216
0.316704,0.472779,0.023559,0.224672,2.857653,8.307009
0.377383,0.490130,0.027455,1.318318,4.082757,9.001863
0.350776,0.482130,0.041442,2.128141,2.538613,9.828085
0.281707,0.399833,0.039836,3.437243,2.740437,10.330390
0.216212,0.339174,0.027639,3.584694,1.322289,11.635196
0.234292,0.297999,0.048876,4.795365,-0.004180,10.196362
0.257000,0.317053,0.046451,3.895065,-0.127482,8.710311
0.256990,0.263625,0.047629,4.484994,-1.793529,8.332476
0.225679,0.220448,0.044176,3.482334,-0.713824,8.916954
0.217949,0.181314,0.043667,3.945663,-1.306209,9.168123
0.190790,0.116857,0.021143,3.008455,0.117424,6.116670
0.224711,0.062756,0.024104,2.487352,-0.421700,4.538103
0.241284,-0.007291,0.048738,1.036613,0.125102,2.400994
0.251068,-0.051184,0.066388,0.200359,1.297257,-0.071585
0.207941,-0.125049,0.044153,-0.521954,2.180223,-3.603637
0.225787,-0.233487,0.058215,-0.993240,1.500755,-4.436906
0.282846,-0.267923,0.029904,-2.292216,3.212938,-4.331594
0.322550,-0.309578,0.073718,-2.340530,3.256505,-4.931540
0.296409,-0.360731,0.046293,-3.313884,3.018374,-6.324177
0.253452,-0.446895,0.055589,-3.075159,1.936535,-6.164388
0.268774,-0.480002,0.050291,-3.402779,2.527666,-7.207530
0.323348,-0.485011,0.046293,-3.556581,0.728158,-7.949659
0.351984,-0.534550,0.052887,-2.380241,1.787884,-9.286408
0.290320,-0.565083,0.033249,-2.993824,-0.562037,-7.989639
0.199734,-0.587213,0.052861,-1.411180,-0.803897,-8.450183
0.157529,-0.527538,0.029319,-2.046204,-1.828303,-10.022876
0.159817,-0.549107,0.048870,-0.873920,-2.672986,-14.187399
0.174141,-0.547489,0.032608,-0.632779,-2.140263,-13.487133
0.115875,-0.562910,0.057319,0.735318,-1.032410,-12.792672
0.049855,-0.528136,0.020365,1.210316,0.698636,-10.853087
0.011858,-0.530788,0.049612,2.259186,0.732786,-9.697958
0.034677,-0.486508,0.046546,2.343040,1.508771,-7.451637
0.023937,-0.453486,0.055609,3.261952,2.222252,-6.842597
-0.068641,-0.427696,0.029503,2.958966,4.311881,-6.203111
-0.127722,-0.398574,0.032441,3.794389,2.684124,-6.222088
-0.141603,-0.338220,0.027462,3.024447,3.497197,-6.017580
-0.105844,-0.224447,0.022082,3.382620,1.718778,-5.988938
-0.153978,-0.179501,0.028020,2.467808,1.149784,-4.513263
-0.210557,-0.148433,0.008000,1.797492,-0.232671,-0.166773
-0.268299,-0.121865,0.017874,1.342441,-1.398829,3.758656
-0.229366,-0.012625,0.025387,0.309809,-4.616748,6.675004
-0.200106,0.048041,0.022482,0.516297,-2.827258,5.749149
-0.188040,0.089203,-0.000895,-0.661961,-3.435753,6.619432
-0.221855,0.069938,-0.000702,0.385324,-2.970664,7.772086
-0.236639,0.106882,-0.033634,-0.602617,-1.562209,9.436611
-0.265640,0.094340,0.010084,0.499005,-4.049395,9.417149
-0.257444,0.122592,-0.004119,-0.565670,-2.081442,10.911289
-0.275520,0.095013,0.000208,0.592952,-0.715573,9.647228
-0.306749,0.126770,0.000864,-0.059374,-0.839042,8.498173
-0.317174,0.110266,0.040457,0.085378,-0.560068,4.670435
-0.287885,0.137238,0.004265,-0.508434,0.730853,2.885783
-0.267475,0.163793,0.028394,0.109255,0.292739,1.728191
-0.271335,0.205457,0.017151,-0.438033,1.163449,0.753211
-0.283591,0.185795,0.011053,-0.107662,0.774234,2.826679
-0.308252,0.161482,0.009257,-0.089648,0.004029,4.235410
-0.276968,0.167906,0.015474,0.211851,-0.914775,5.266054
-0.267829,0.179959,0.017516,-0.318513,-1.314917,3.141515
-0.271985,0.173223,0.016676,-0.191131,-3.206150,3.169708
-0.325127,0.130545,0.008335,-0.039899,-3.701880,3.513172
-0.325423,0.135364,0.002725,-0.464171,-4.153977,4.947079
-0.322498,0.106101,0.026457,0.339639,-4.330414,4.384949
-0.282187,0.066587,0.006976,-0.196330,-3.405902,5.799944
-0.300404,0.039648,0.030386,0.775275,-3.375024,5.229078
-0.328525,0.029961,0.013134,-0.216685,-1.809584,3.652509
-0.378182,0.019904,0.024002,0.191706,-1.987232,-0.629680
-0.348899,0.021890,0.012405,-1.045671,-0.716194,-2.830660
-0.345173,0.015824,0.025036,-0.062289,0.527348,-4.376902
-0.350576,-0.006713,0.003001,-0.806519,1.391020,-3.907234
-0.396274,-0.050262,0.047655,0.310294,0.898612,-4.052315
-0.382665,-0.102751,0.005413,-0.999169,1.400628,-2.362659
-0.362265,-0.125397,0.048876,0.326365,-0.442944,-2.351088
-0.326050,-0.148338,0.023506,-0.330057,0.956133,-2.564672
-0.335575,-0.189325,0.055172,0.815009,-3.481933,-2.534736
-0.323791,-0.235847,0.031486,0.136220,-0.964352,-0.896815
-0.275146,-0.245596,0.040217,0.564861,-2.428507,1.232725
-0.263395,-0.261926,0.048430,0.832071,-3.435641,1.815690
-0.218547,-0.266558,0.034279,0.858668,-3.039109,3.678685
-0.233272,-0.346695,0.049667,1.758726,-3.320802,3.692163
-0.169353,-0.345025,0.034575,0.927954,-3.260300,4.056101
-0.143293,-0.367916,0.067169,2.266999,-3.084335,0.783287
-0.121620,-0.396293,0.033465,1.553347,-1.220159,-2.253842
-0.088014,-0.412823,0.062443,1.975407,-0.823795,-3.494692
-0.048526,-0.413700,0.049612,1.823817,0.572475,-3.083021
-0.032853,-0.423130,0.063624,2.032557,0.637990,-2.296919
-0.033818,-0.499411,0.044799,2.141157,1.736202,-2.523381
-0.048589,-0.522444,0.056452,2.277558,0.802558,-1.239875
-0.057336,-0.529265,0.055668,2.393845,1.501855,-2.838304
-0.048595,-0.509350,0.037942,2.105949,-0.370914,-4.202394
-0.079742,-0.542280,0.062974,2.375693,0.088372,-6.171983
-0.091237,-0.528740,0.041474,1.321489,-0.669474,-4.885914
-0.131894,-0.497862,0.055681,1.604888,-0.978710,-5.512227
-0.112379,-0.469574,0.043322,0.230246,-1.551695,-4.763407
-0.116899,-0.465178,0.057962,0.871227,-1.167709,-4.507981
-0.098944,-0.432390,0.006982,-0.796301,-0.727301,-3.087121
-0.129271,-0.415748,0.037644,0.386168,-0.918661,-5.706272
-0.118065,-0.378643,0.011023,-1.168841,-0.090338,-8.555187
-0.099742,-0.359359,0.039994,-0.645853,-0.001239,-10.347838
-0.067341,-0.328012,0.000247,-1.468879,1.326701,-10.410516
-0.045556,-0.250559,0.039410,-1.128920,-0.821681,-9.939690
-0.053716,-0.211787,0.022423,-1.959255,0.772766,-8.491646
-0.006554,-0.177981,0.031831,-1.176515,0.692744,-5.042974
0.026934,-0.131939,0.005712,-0.982881,2.818858,-3.803525
0.037250,-0.080276,0.032484,-0.653698,1.206153,-3.190244
0.021055,-0.034752,-0.019658,-0.802994,1.743620,-5.035199
0.034992,0.002655,0.023171,-0.204254,0.019890,-4.011961
0.086553,0.077921,-0.034068,-0.237335,0.296970,-2.763580
0.123877,0.152941,0.021918,0.071802,-0.725480,-0.209885
0.132497,0.174979,-0.011199,0.549144,-0.687338,1.892996
0.097060,0.195508,0.014391,0.429010,-0.514941,5.689520
0.078041,0.233942,-0.004257,1.173418,-1.742471,6.125385
0.090173,0.284232,0.005413,1.291602,-1.627218,4.901396
0.091716,0.284098,0.012487,1.672939,-1.659435,3.264355
0.082430,0.277247,-0.015000,1.491335,-1.410446,4.295372
0.051112,0.287659,-0.004913,2.411895,0.291049,3.928358
0.037237,0.325968,0.001415,1.336414,0.174017,4.456135
0.065086,0.320378,0.012589,2.057060,1.371759,5.223858
0.078937,0.355455,0.004806,0.155872,1.704132,8.105445
0.029376,0.351240,0.015264,1.121234,2.349006,8.378143
-0.030397,0.379164,-0.017564,-0.394898,2.107396,7.224407
-0.054244,0.340345,0.008167,-0.113137,2.503786,5.420310
-0.021417,0.378215,-0.016953,-1.673526,1.131514,4.864472
0.002184,0.383083,0.019223,-1.911132,-1.117967,5.899268
-0.005241,0.376735,-0.014675,-1.470665,1.108356,6.229189
-0.016457,0.330679,0.009064,-3.135895,-0.476585,8.911897
0.024616,0.340280,-0.017829,-2.826929,0.759108,9.261504
0.044121,0.345676,0.006910,-3.114874,-0.461168,7.743307
0.052337,0.307892,-0.000777,-2.160801,-0.780762,5.177100
0.006924,0.239496,0.003030,-2.218631,-2.120099,5.682330
-0.045739,0.197609,0.004153,-1.364301,-2.369098,5.051550
-0.041200,0.189590,0.000444,-1.320057,-0.630853,3.652879
-0.061410,0.137126,0.027357,0.030506,-1.920455,0.381735
-0.075574,0.072213,0.021314,0.209487,-2.347001,-0.145404
-0.134369,0.009009,0.044576,1.629818,-1.492195,-0.999777
-0.144626,-0.017371,0.018491,1.767323,-0.232697,-2.613346
-0.155160,-0.083618,0.040536,2.849523,0.463922,-8.067571
-0.122942,-0.142426,0.013616,2.181501,2.572832,-10.560435
-0.155898,-0.188413,0.058392,3.639215,1.386700,-11.832955
-0.198974,-0.223036,0.016728,2.738924,2.334823,-11.013957
-0.226999,-0.285649,0.061113,3.331959,1.442794,-10.097474
-0.209333,-0.292351,0.028394,1.707891,1.062780,-7.404114
-0.214201,-0.297249,0.059928,1.914704,0.220470,-6.259977
-0.287294,-0.320114,0.015697,0.845719,-1.059523,-6.607161
-0.342236,-0.370555,0.047974,0.658410,-3.249461,-6.044328
-0.346788,-0.402155,0.018507,-0.338194,-2.973031,-6.533467
-0.314584,-0.374632,0.018911,-0.655612,-0.553023,-7.593344
-0.358146,-0.396953,0.030015,-1.172389,-3.346822,-9.720421
-0.365561,-0.406121,0.028052,-2.218059,-4.172831,-7.702019
-0.391252,-0.426744,0.028446,-2.152584,-2.405146,-4.813900
-0.389768,-0.372147,0.029733,-2.939979,-2.455410,-2.049571
-0.440180,-0.386045,0.031338,-2.258771,-1.041657,-2.643313
-0.454022,-0.361903,0.009352,-3.134368,-0.527076,-2.598915
-0.490510,-0.372673,0.052352,-2.108708,-0.239757,-4.510286
-0.495351,-0.309958,-0.002156,-2.618474,0.395956,-5.819616
-0.519408,-0.305786,0.060910,-1.305433,0.080858,-6.968480
-0.503889,-0.281723,0.034112,-1.550132,0.569931,-5.409508
-0.455378,-0.241559,0.054348,-0.129894,-0.323391,-1.793894
-0.478716,-0.198523,0.042068,0.330035,-0.437698,0.623096
-0.524759,-0.182209,0.064081,1.030714,-4.261919,3.954591
-0.544138,-0.184638,0.037542,2.087633,-2.854502,5.698150
-0.545747,-0.124208,0.039843,2.375105,-4.959536,5.560498
-0.533408,-0.068443,0.044084,3.961662,-4.321676,1.465769
-0.574944,-0.080473,0.027645,3.991151,-6.015634,-0.309115
-0.595912,-0.096934,0.028739,4.860827,-5.173968,-0.363502
-0.611635,-0.053528,0.017414,4.008791,-5.464690,1.804558
-0.589255,-0.026129,0.052375,4.750911,-4.425040,1.150417
-0.596270,-0.008768,0.019288,3.340428,-3.341727,1.317070
-0.610253,-0.013117,0.057109,3.508850,-3.736063,0.591673
-0.637944,0.027634,0.018497,1.902116,-1.658296,-0.587751
-0.612062,0.057370,0.038080,1.853795,-0.940637,-4.359477
-0.593116,0.081574,0.022741,-0.560405,0.957282,-4.872673
-0.547355,0.093001,0.021859,-0.426232,-0.755048,-1.734779
-0.534038,0.117373,0.014686,-2.011624,0.816748,2.809870
-0.527897,0.106157,0.045128,-1.872330,-0.849467,5.373912
-0.522563,0.057199,0.016721,-3.063809,-1.336594,5.063650
-0.523892,0.055597,0.035441,-2.900216,-3.730178,2.604620
-0.524693,0.054074,-0.001483,-2.972292,-3.858107,-1.037811
-0.522796,0.043364,0.010091,-2.516978,-5.152383,-3.213008
-0.526164,-0.027957,-0.011146,-2.567462,-5.185299,-2.197420
-0.498857,-0.031355,0.006854,-1.890613,-5.468330,0.866238
-0.467234,-0.038533,-0.015640,-1.727939,-4.714942,3.060395
-0.459753,-0.045246,0.013337,-1.031445,-5.376192,3.920194
-0.465737,-0.076373,0.007744,-1.150725,-3.458474,4.151547
-0.471134,-0.041428,0.021264,-0.550794,-2.490781,2.288195
-0.493067,-0.030655,0.023661,-0.569960,-0.947304,-2.532176
-0.474675,-0.026661,0.031571,-0.044416,-0.024249,-5.948342
-0.434580,-0.091811,0.024498,0.869090,1.093579,-5.786156
-0.423469,-0.082620,0.038753,0.943766,0.653105,-1.961539
-0.407490,-0.080463,0.038894,1.770507,2.419969,1.440847
-0.371249,-0.074794,0.046227,1.501803,1.475930,4.268469
-0.321983,-0.100335,0.049552,1.970368,0.781307,3.626773
-0.293160,-0.082374,0.048929,1.772095,-0.020809,2.867827
-0.307832,-0.076170,0.033423,1.621011,-0.833386,0.621532
-0.332923,-0.086877,0.040857,1.523608,-3.739798,1.388307
-0.316754,-0.094446,0.027445,1.603240,-3.866931,2.917113
-0.300220,-0.086467,0.050258,1.235499,-7.644528,5.176452
-0.260893,-0.119705,0.014834,1.905720,-4.979565,5.593011
-0.233968,-0.177919,0.016787,1.564304,-4.581248,5.996621
-0.177286,-0.219987,0.026122,1.979033,-2.474753,4.580785
-0.115104,-0.180683,0.009894,1.081920,-0.070771,-0.226410
-0.103832,-0.192857,0.043713,1.657371,0.401651,-5.112648
-0.096063,-0.212296,0.011427,0.036887,2.617953,-7.014809
-0.088769,-0.271121,0.061415,0.311660,-0.164616,-5.691702
-0.087774,-0.266190,0.028889,-0.161428,2.554700,-5.051437
-0.084016,-0.262724,0.038763,-0.169867,2.000516,-3.422037
-0.092636,-0.273267,0.018038,-0.324618,1.879362,-3.683247
-0.083960,-0.282990,0.011525,-0.537126,1.629594,-2.230111
-0.073696,-0.272223,0.041041,0.110381,0.795320,-3.881240
-0.066255,-0.303334,0.023001,-0.559007,-0.516194,-4.971872
-0.079335,-0.338519,0.023697,0.171707,-1.189478,-6.144317
-0.129763,-0.348488,0.022272,-0.525010,-3.504310,-4.434820
-0.186192,-0.334918,0.013738,0.460450,-3.742710,-4.868947
-0.204652,-0.355256,0.014867,0.533661,-3.655305,-3.967103
-0.216859,-0.371268,0.006188,0.469788,-3.874477,-5.724702
-0.188841,-0.355942,0.015198,0.710910,-2.695021,-5.508366
-0.182259,-0.299120,0.019364,0.974604,-1.177849,-7.802394
-0.131992,-0.275847,0.024383,0.259052,0.450103,-6.955642
-0.090876,-0.266804,0.028354,0.643731,2.409239,-6.405847
-0.058439,-0.234685,-0.000259,0.150886,4.965510,-4.701670
-0.074264,-0.186706,0.047813,0.687089,3.759401,-4.536390
-0.101236,-0.180581,-0.005737,-0.284841,3.496724,-3.486013
-0.108493,-0.149437,0.028121,0.653805,2.976126,-2.582880
-0.122007,-0.094341,-0.002497,-0.156022,1.079477,-1.380743
-0.118570,-0.057283,0.040112,0.376882,-1.014482,-1.317556
-0.111375,-0.049425,-0.004857,-0.078550,-1.012434,-0.269709
-0.038347,-0.044777,-0.002415,0.634343,-2.108010,2.263294
-0.019578,0.008245,0.013734,0.192347,-1.964019,4.196943
-0.008979,0.050427,0.022945,0.080543,-3.367386,5.269211
-0.025713,0.071615,-0.014623,-0.248784,-2.381194,5.111696
-0.019060,0.086921,0.010902,0.415516,-3.161607,4.258865
-0.023829,0.152682,-0.016566,-0.205436,-2.046064,3.037075
-0.062444,0.162224,0.016318,0.737875,-1.962145,1.802851
-0.106340,0.185263,-0.008163,-0.572432,-1.150303,2.727247
-0.092498,0.195488,0.015307,0.403233,0.105768,3.917532
-0.083944,0.260106,-0.005796,-0.372200,1.484954,4.762066
-0.089484,0.236551,0.026618,0.419590,2.054857,4.804069
-0.119916,0.210318,0.006795,-0.000398,2.415590,5.831078
-0.137812,0.200379,0.015651,0.479376,2.176508,6.944307
-0.198905,0.211178,0.021327,0.914368,0.969850,4.367158
-0.223080,0.207958,0.008000,0.366828,0.156561,4.127172
-0.295602,0.145119,0.044908,1.720492,-1.498996,3.290124
-0.340437,0.133394,-0.012538,1.228625,-1.814737,4.462318
-0.395821,0.109134,0.047041,1.985050,-3.230262,2.943369
-0.388922,0.098495,0.002725,0.648973,-3.579737,3.041081
-0.376265,0.045422,0.038363,1.692591,-3.679172,2.138250
-0.378352,0.044453,0.013058,0.463748,-3.541986,2.123026
-0.411646,0.015630,0.043460,1.039347,-4.503441,-0.443142
-0.400922,-0.021763,0.024786,-0.136656,-2.113944,-1.687666
-0.417006,-0.065892,0.056081,-0.032307,-3.572706,-2.438799
-0.397006,-0.066418,0.027540,-0.468461,-0.721157,-2.298170
-0.458877,-0.102357,0.060181,-1.039434,-3.526384,-3.058445
-0.479310,-0.132674,0.022590,-1.311017,0.149707,-3.629541
-0.491675,-0.165853,0.028154,-1.378494,-0.202988,-3.487014
-0.452827,-0.151604,0.034381,-1.582537,0.604436,-4.840235
-0.430701,-0.147287,0.036669,-2.297133,-0.418555,-4.461192
-0.420807,-0.198736,0.043608,-2.093185,0.181094,-4.013007
-0.422202,-0.191538,0.021776,-2.645676,-0.809477,-0.973124
-0.415319,-0.184037,0.053202,-1.589899,-2.309702,-1.083453
-0.392329,-0.160250,0.014398,-2.567465,-2.194463,-0.265449
-0.387878,-0.221280,0.042285,-0.742603,-2.880719,1.526150
-0.425065,-0.220899,0.015763,-1.499891,-3.903674,2.873010
-0.481089,-0.233464,0.044799,0.116913,-6.588945,0.927507
-0.515341,-0.213566,0.020404,0.239853,-4.593124,-1.807665
-0.510904,-0.254666,0.044484,1.410705,-5.423167,-2.245030
-0.484158,-0.260860,0.032044,2.046885,-3.709925,-2.138875
-0.508993,-0.274094,0.034115,3.215032,-2.995952,-1.166371
-0.545592,-0.300328,0.027278,3.577981,-1.184043,-1.710157
-0.550946,-0.317721,0.037197,3.441737,-0.961037,-1.489363
-0.558371,-0.281286,0.054292,3.848562,-0.166825,-2.634889
-0.571327,-0.241769,0.030951,3.412625,0.097996,-3.124886
-0.646353,-0.270257,0.049057,3.278370,0.378516,-4.304179
-0.699398,-0.273179,0.027357,2.441197,-0.871972,-1.772188
-0.719279,-0.230310,0.040260,2.351393,-1.124470,-1.111190
-0.703140,-0.193455,0.022646,1.202120,-1.838213,0.520133
-0.696181,-0.207270,0.036554,0.924832,-2.294807,0.886801
-0.677953,-0.224356,0.038261,-0.009599,-4.499171,3.976270
-0.684627,-0.220351,0.040782,0.344829,-3.271808,3.883712
-0.632721,-0.190530,0.029651,-0.786847,-3.721216,2.152406
-0.586702,-0.215155,0.036462,-0.692513,-3.935320,0.111081
-0.550723,-0.213924,0.019193,-1.535289,-3.967839,0.378643
-0.598706,-0.212073,0.035783,-0.547666,-4.267102,-0.081120
-0.607709,-0.183663,0.016255,-1.777858,-4.240157,0.766449
-0.616211,-0.202718,0.015967,-0.713603,-3.647677,-0.699561
-0.574100,-0.175526,0.007596,-1.785638,-3.565507,-0.154292
-0.577494,-0.150491,0.017529,-0.816347,-2.595399,-3.124194
-0.572771,-0.139406,0.010134,-1.239269,-1.657987,-2.882331
-0.577471,-0.154078,0.046004,-0.518794,-2.391520,-3.263737
-0.490631,-0.109139,0.019574,-1.293203,-0.674044,-1.602303
-0.445051,-0.080693,0.038300,-0.139698,-0.434902,-1.385895
-0.430461,-0.074716,0.006546,-0.557609,0.418073,0.428421
-0.446013,-0.121011,0.046139,0.794950,-0.274262,2.526396
-0.398313,-0.078156,0.008827,0.599231,-0.939344,3.690296
-0.391144,-0.050009,0.041103,1.717906,-1.896013,2.058218
-0.366979,-0.028647,-0.019599,1.532943,-0.430050,0.822071
-0.413888,-0.083109,0.032169,2.516752,-3.616694,1.274477
-0.387441,-0.044589,-0.046846,2.411028,-1.289849,2.101819
-0.388771,-0.023963,0.031161,2.415085,-4.053275,1.727555
-0.346128,-0.027596,-0.019261,2.403193,-3.240080,0.499782
-0.330731,-0.050577,0.027688,2.015728,-3.651025,2.058393
-0.303480,-0.032047,-0.002802,1.880622,-2.315151,1.501692
-0.302081,-0.025085,0.038238,1.317369,-1.914257,0.995805
-0.283033,-0.024081,0.019951,0.968623,-0.584620,0.143205
-0.253551,-0.028351,0.027225,-0.248245,-0.870225,1.625647
-0.219617,0.000236,0.029113,0.031359,0.998122,2.698424
-0.208483,0.030828,0.015431,-0.555849,1.128993,2.964400
-0.211470,-0.020040,0.013652,-0.692011,1.974828,3.414235
-0.197365,-0.020513,-0.014193,-1.664735,3.035456,4.292590
-0.184120,-0.006260,0.021744,-1.364799,0.437410,4.893306
-0.149527,0.017078,0.004846,-1.731641,1.100754,3.861035
-0.117789,-0.028456,0.014099,-1.970363,-1.087798,6.158849
-0.127761,-0.058527,0.023601,-0.923853,-1.927843,5.704924
-0.115796,-0.054079,0.001839,-1.339315,-1.579156,5.839537
-0.116555,-0.076025,0.043811,0.101003,-3.426161,3.764842
-0.040842,-0.112480,-0.003387,0.215484,-1.159008,1.444612
-0.016696,-0.147615,0.020427,1.092883,-2.092651,1.762228
-0.008113,-0.145383,0.002939,2.040789,-0.832326,-0.105703
-0.008566,-0.195070,0.017897,2.060179,-0.709038,-0.897322
0.052970,-0.254672,0.022587,2.957893,0.774848,-2.518641
0.097017,-0.248465,0.035550,2.577133,0.886825,-2.038413
0.114092,-0.253418,0.037752,3.254271,2.195802,-3.522620
0.083388,-0.268330,0.044048,2.469538,1.898318,-3.975791
0.088978,-0.298782,0.041123,2.524624,2.360003,-4.476438
0.127823,-0.265265,0.016978,1.407791,2.527371,-4.242154
0.147064,-0.254068,0.035622,1.607872,1.404505,-2.139767
0.112648,-0.247001,0.020444,1.033074,1.720072,-1.444679
0.098514,-0.288081,-0.003712,0.009016,-0.102850,1.659091
0.079699,-0.268465,0.012589,0.277280,-0.273094,0.481847
0.066267,-0.252522,-0.004519,-0.757529,-1.111589,-1.181126
0.057523,-0.269099,0.015028,-0.357380,-1.109177,-3.648374
0.055708,-0.280288,-0.011974,-1.873705,-1.082934,-2.738571
0.060257,-0.239442,0.009280,-0.839248,-1.526506,-2.124982
-0.002004,-0.207159,-0.007401,-1.980670,-1.433849,-2.366052
-0.027098,-0.203108,0.015724,-2.063896,-2.654703,-2.121238
-0.028507,-0.197584,-0.010936,-2.246390,0.472880,-1.209584
-0.050010,-0.157732,0.016446,-1.670276,-0.291229,-0.127079
-0.093771,-0.126522,-0.010050,-0.777899,0.807134,-1.674993
-0.139345,-0.148078,-0.011471,-1.435293,0.911742,-1.805684
-0.131542,-0.141779,0.010491,0.550083,2.089080,-2.260190
-0.104869,-0.088079,-0.005268,-0.325865,1.754173,-1.673080
-0.098193,-0.080109,0.023424,1.138086,2.128154,-1.980973
-0.123162,-0.085400,-0.014101,0.817516,1.233414,1.231839
-0.132734,-0.058717,0.013180,1.467078,-0.462839,4.966946
-0.143907,-0.003858,-0.018489,1.586542,-0.348121,5.684234
-0.143366,0.018059,0.001481,2.627249,-2.137630,5.596504
-0.184678,-0.019801,-0.008497,2.871715,-1.253565,5.054743
-0.208538,-0.011164,-0.013336,2.846539,-3.364941,6.566648
-0.230140,0.022307,0.012313,3.658683,-3.026830,5.422152
-0.199558,0.036421,-0.029288,2.509547,-2.593243,4.355967
-0.211624,-0.004002,0.015655,3.053654,-2.838736,2.833139
-0.194565,0.013411,-0.061781,2.829162,2.568175,2.785766
-0.229238,0.009423,0.012694,2.105801,-1.265267,1.632212
-0.232169,0.009929,0.007764,1.564937,0.057382,1.447591
-0.214437,-0.003346,-0.015456,0.410980,0.977748,3.309782
-0.231637,0.027381,0.021790,0.283185,0.610762,3.671352
-0.265397,0.043849,-0.003853,-0.823624,-0.469062,3.453830
-0.306759,0.001900,0.008318,-0.860466,0.162512,1.952961
-0.308134,-0.012983,-0.022799,-2.353913,0.418207,3.393197
-0.317771,0.016520,0.006100,-1.902739,-0.866080,3.405184
-0.340768,0.023098,-0.024151,-2.495245,-0.469843,2.896018
-0.367392,-0.015546,-0.003758,-2.056212,-1.978734,3.622008
-0.389014,-0.084822,-0.035121,-1.729915,-1.158863,4.023251
-0.404198,-0.069562,0.002213,-1.574370,-3.608356,2.965426
-0.420000,-0.106805,-0.008015,-1.256102,-2.902737,0.165807
-0.417774,-0.127113,0.005348,-0.732205,-4.027635,-0.719001
-0.437600,-0.165045,-0.008215,-0.347848,-3.029328,-0.873328
-0.469890,-0.134377,0.003369,-0.191830,-3.691668,-0.538096
-0.519146,-0.153287,0.010275,1.165251,-2.300787,-3.547818
-0.505534,-0.162573,-0.010766,0.366161,-1.240622,-3.652912
-0.515834,-0.198204,0.016692,1.882474,-1.142691,-3.036775
-0.512118,-0.159931,-0.014271,1.306193,0.931338,-1.806156
-0.530762,-0.189906,0.024425,2.630807,0.636371,-1.431209
-0.516106,-0.209850,0.019574,1.199875,0.792819,-1.783592
-0.498250,-0.227681,0.047205,2.533477,-0.603251,-1.763250
-0.500387,-0.184241,0.015665,1.626122,0.321339,-2.182576
-0.529925,-0.189430,0.028804,1.736652,-1.641283,-0.574614
-0.544096,-0.225284,0.013744,1.429799,-1.788852,0.768682
-0.536480,-0.216757,0.018986,1.117751,-3.590848,2.677660
-0.554547,-0.202268,0.030353,1.485079,-4.948839,1.733079
-0.593910,-0.233133,0.018051,0.474186,-5.259889,1.858651
-0.573729,-0.266807,0.026257,0.975188,-5.781695,3.844571
-0.557554,-0.256514,0.003736,0.454613,-4.247401,3.354027
-0.539622,-0.232201,0.024310,0.489292,-4.510354,1.762729
-0.540012,-0.273783,0.021333,0.954516,-2.821280,-1.111148
-0.517652,-0.289551,-0.012059,0.105556,-1.169758,-1.263856
-0.507126,-0.264188,0.012569,0.404405,-0.740891,-2.589584
-0.497114,-0.239497,-0.002107,-0.575701,0.957141,-3.209434
-0.467740,-0.247832,0.001215,-0.653147,0.210219,-2.129895
-0.462018,-0.277321,0.019045,-0.768817,0.998037,-1.482184
-0.428035,-0.231108,0.022558,-1.126110,0.633844,0.391400
-0.452772,-0.210957,0.024688,-0.244126,-0.283059,0.049133
-0.425455,-0.215660,-0.017327,-0.813196,0.676348,1.930467
-0.411328,-0.194728,-0.000203,-0.329098,-2.090862,2.794080
-0.429614,-0.168810,-0.001791,-0.334534,-2.638038,1.842362
-0.410438,-0.163588,-0.021092,0.276285,-3.440765,1.803072
-0.410280,-0.225314,0.011863,0.944626,-3.024972,0.964074
-0.359258,-0.201845,-0.035085,0.544352,-3.881157,2.421216
-0.350415,-0.185354,0.008174,2.131260,-5.870587,0.469316
-0.322987,-0.142981,-0.022346,0.920500,-2.468914,-0.913303
-0.311699,-0.172122,0.011109,1.956703,-2.098625,-1.922387
-0.305269,-0.138346,-0.015121,1.144844,-1.311382,-2.568447
-0.296029,-0.085856,-0.010953,1.315045,-1.489333,-3.338491
-0.304110,-0.068850,-0.000790,1.502929,0.219488,-4.566252
-0.293780,-0.073521,-0.026623,0.402518,0.686071,-1.078571
-0.270380,-0.047869,-0.011301,1.384259,1.158752,1.052208
-0.244166,-0.028437,-0.019658,0.503748,2.599135,2.618742
-0.201009,-0.038100,-0.001844,0.454915,0.399113,3.173968
-0.216462,-0.077588,0.006034,0.666725,0.826201,2.103266
-0.184527,-0.007675,-0.024539,-0.176330,-0.200900,2.292472
-0.184954,0.001217,-0.010693,0.531255,-0.254827,0.148688
-0.132068,0.006712,-0.022385,-0.605240,-1.408647,0.645949
-0.151555,-0.053554,-0.008327,0.119897,-3.788054,2.660238
-0.162187,-0.012330,-0.021929,-0.418463,-2.775333,2.854837
-0.159220,-0.000385,-0.012965,-0.186706,-2.928685,3.370498
-0.091812,0.028189,-0.053194,-1.358215,-1.258800,2.759502
-0.026961,0.015079,-0.002487,-0.573082,-1.442755,4.004749
-0.025149,0.040764,-0.041305,-0.952292,0.320673,3.752136
-0.053686,0.013881,-0.000820,-0.132441,0.065388,2.255996
-0.035958,-0.010853,-0.022300,-0.469019,1.249209,1.472252
0.042263,-0.029441,-0.005038,-0.333382,1.387478,2.772297
0.047659,-0.002975,0.003080,0.518020,1.927239,3.020958
0.017001,-0.023595,-0.013779,0.235008,1.338048,3.003528
-0.015065,-0.097401,0.003762,1.123853,1.125166,2.501469
0.099502,-0.069290,-0.097790,2.078997,11.028823,2.308019
0.083457,-0.058615,-0.001158,1.719406,1.723147,1.334963
0.095340,-0.054611,-0.027752,1.369314,1.260422,0.709968
0.070899,-0.110675,0.001051,1.233231,-0.553362,3.610154
0.072993,-0.110041,0.003060,1.105252,-0.781908,3.322937
0.078511,-0.095005,0.011351,1.435035,-2.251682,1.219278
0.071230,-0.120043,-0.011875,1.839504,-1.616547,-1.431347
0.050374,-0.166371,0.008857,0.804502,-2.549150,-1.701659
0.042870,-0.163066,-0.002852,1.560930,-1.555969,-1.572758
0.019988,-0.142800,-0.010710,0.600400,-1.880399,-2.882091
0.002279,-0.174863,-0.002743,1.048022,-0.700300,-4.840430
0.026212,-0.179517,-0.030720,-0.402562,0.663812,-3.108113
0.036427,-0.179317,0.012592,0.368627,1.226491,-2.117417
0.018101,-0.147487,-0.011957,-1.074681,1.716162,-1.580020
-0.023606,-0.174548,0.017076,-1.261862,0.634057,-1.775375
-0.013191,-0.185613,-0.015364,-1.333245,3.025750,-2.931880
-0.001728,-0.157489,0.011863,-1.485747,1.097636,-2.349368
-0.008894,-0.137597,0.004688,-1.100511,1.517299,-3.160528
-0.077008,-0.168856,0.000116,-2.045308,-0.102250,-1.879990
-0.094664,-0.184494,0.003523,-0.480868,-0.183063,-1.208889
-0.080753,-0.139948,-0.012154,-1.073214,-1.596901,-0.830575
-0.091096,-0.156974,0.008995,0.290061,-3.376199,-2.971506
-0.116466,-0.176737,-0.030296,-0.175910,-3.314230,-3.108289
-0.183530,-0.220187,0.001140,1.037085,-3.188926,-1.319380
-0.181442,-0.160883,-0.029561,0.461789,-1.719418,-1.272652
-0.207859,-0.129247,0.012293,1.382240,-5.016375,-2.670713
-0.170692,-0.162363,-0.022635,1.101437,-1.269967,-1.694800
-0.194362,-0.163204,-0.004414,1.987171,-1.063728,1.200879
-0.252986,-0.166073,-0.009581,1.951934,0.439468,0.797121
-0.292894,-0.140161,-0.004470,1.773080,0.432853,-1.006898
-0.308594,-0.132414,-0.005241,0.945643,1.373275,-2.946981
-0.303240,-0.097033,0.021990,1.022912,-2.755264,-3.634285
-0.344487,-0.061652,0.010682,0.041381,0.564125,-2.842348
-0.392769,-0.055487,-0.003551,-0.057086,-0.551681,0.133734
-0.443870,-0.054483,-0.000741,-0.529728,-1.511558,2.834367
-0.426670,0.017685,0.001652,-0.700841,-2.769654,7.184678
-0.448705,0.064765,0.000559,-0.639932,-2.397508,5.879458
-0.477229,0.044105,-0.000859,-0.975000,-3.562215,8.129340
-0.516011,-0.015100,-0.020580,-0.069051,-3.510162,7.977941
-0.551304,-0.015031,-0.007299,-0.796892,-4.857501,7.264513
-0.573355,-0.033209,-0.009203,0.905062,-4.407473,3.875991
-0.589797,-0.061366,-0.019546,0.077934,-3.924048,2.708933
-0.591320,-0.081120,0.004471,1.302470,-4.480842,3.089046
-0.631681,-0.080503,-0.005524,0.859223,-3.455080,1.625110
-0.666600,-0.091876,0.013249,1.252817,-3.667920,-1.653857
-0.680458,-0.118379,0.006408,1.352491,-1.041290,-5.282426
-0.626721,-0.103302,0.011978,0.841911,-0.700228,-3.853392
-0.634589,-0.115106,0.017995,0.951417,-0.045260,-3.808768
-0.658748,-0.115467,0.018379,0.973577,-0.332890,-2.063774
-0.719532,-0.155680,0.020299,0.653165,-1.024690,-2.607799
-0.689199,-0.140932,0.019607,-0.165994,-1.901341,-2.307853
-0.678712,-0.129391,0.039085,0.159818,-3.256364,-3.909611
-0.672708,-0.135615,0.013295,-0.422336,-3.103248,-2.513534
-0.742716,-0.201424,0.032691,0.311118,-5.067640,-1.378791
-0.737415,-0.198510,-0.005235,-0.489849,-4.116757,0.170573
-0.718620,-0.181264,0.021406,-0.168518,-5.679775,-0.520643
-0.680875,-0.203492,-0.007293,-0.362973,-4.921414,-0.413655
-0.674697,-0.230540,-0.000987,-0.309535,-5.422859,2.940723
-0.714638,-0.260613,-0.010884,0.051031,-3.939847,4.208479
-0.743885,-0.209279,0.005003,-0.753363,-4.412613,2.419382
-0.759269,-0.205820,0.013652,-0.258500,-2.667767,-2.740246
-0.734681,-0.177761,0.009930,-1.089012,-2.829677,-5.079857
-0.729462,-0.217961,0.025387,-0.292634,-1.594137,-6.157570
-0.727312,-0.204536,-0.011849,-0.369508,-1.209117,-5.710801
-0.741488,-0.244001,0.039426,0.348568,-0.753239,-4.013110
-0.716844,-0.216983,-0.005963,0.309336,-0.566153,-1.620415
-0.709242,-0.225110,0.041208,0.907783,-1.148123,0.339582
-0.672856,-0.186939,-0.005133,1.196920,0.601430,1.037291
-0.672482,-0.247759,0.033528,1.521885,-2.598150,0.613887
-0.648027,-0.242816,0.002801,0.997565,-2.268061,1.092506
-0.641765,-0.225035,0.034860,1.788343,-4.654624,1.267821
-0.638331,-0.188626,0.014352,1.776786,-5.106941,1.052982
-0.633719,-0.226676,0.008338,1.745448,-5.980338,4.663410
-0.638197,-0.267726,0.014706,2.743274,-3.905092,5.851558
-0.618998,-0.263312,0.006763,1.904099,-4.839251,5.997249
-0.603859,-0.263440,0.047553,3.079625,-4.363862,1.780457
-0.575256,-0.255010,0.005899,1.608325,-3.500341,-1.646747
-0.564992,-0.282570,0.054102,2.297026,-2.724691,-5.075895
-0.547792,-0.253671,0.013695,1.112611,-1.199083,-6.241283
-0.552013,-0.271678,0.056797,1.385303,-4.013403,-5.781468
-0.490720,-0.271537,0.015386,0.434817,0.153420,-2.817205
-0.470310,-0.282025,0.027796,0.841938,0.480160,-0.190301
-0.452630,-0.247011,-0.006597,-0.208216,1.636208,0.806595
-0.470090,-0.270428,0.014309,0.511944,0.062913,-2.243254
-0.458358,-0.289719,-0.010391,-0.529790,0.284382,-2.800851
-0.419734,-0.274836,0.008748,-0.097939,-1.630582,-3.709492
-0.397499,-0.224221,-0.009623,-1.757665,-2.836041,-2.691552
-0.393622,-0.229184,0.008233,-0.803312,-3.161731,-1.674869
-0.413691,-0.243423,-0.018561,-1.507835,-4.013675,-0.094059
-0.389749,-0.233477,0.007258,-1.262597,-5.980657,1.467450
-0.370652,-0.208807,-0.026029,-1.497948,-3.679008,0.218479
-0.350268,-0.215496,0.015904,-0.838257,-7.149178,-0.983035
-0.328528,-0.220610,-0.005353,-0.390657,-2.452052,-3.720566
-0.311758,-0.178930,-0.013730,-0.595747,-2.111489,-4.928015
-0.270977,-0.140164,-0.050296,0.939236,6.669919,-7.297405
-0.260207,-0.143125,-0.004703,-0.317062,1.061027,-5.504279
-0.203726,-0.136977,0.008210,0.722907,1.942115,-2.313147
-0.215225,-0.109500,0.007091,-0.194341,0.626101,0.772168
-0.194522,-0.085702,0.015563,1.340301,2.212601,1.694337
-0.181245,-0.078812,-0.014002,0.645034,2.277603,0.751525
-0.117451,-0.063917,-0.004844,0.944734,0.690679,0.302741
-0.085933,-0.021452,0.001740,1.205195,0.682007,-0.300899
-0.061150,-0.000073,-0.014350,1.052910,-0.746415,1.497953
-0.045966,-0.016203,-0.023656,1.872449,-1.536045,3.862899
-0.009245,-0.006559,-0.021050,0.952441,-1.594085,6.694705
0.048559,0.019251,0.007455,1.861131,-1.986415,7.089472
0.064400,0.013165,-0.021273,1.068180,-1.781630,6.532692
0.078238,-0.029664,0.014706,1.938761,-2.541488,5.097814
0.079315,-0.038448,-0.010319,0.993209,-1.706643,3.968750
0.092402,-0.029136,0.029195,2.084341,-1.553754,1.844657
0.052583,-0.044107,-0.000357,0.706645,-1.633986,-0.200129
0.063970,-0.080033,0.011191,1.007002,-1.665160,0.867613
0.041721,-0.109956,0.004471,0.892819,0.402967,3.028705
0.036768,-0.083651,-0.013132,0.721466,0.280752,3.420119
-0.016555,-0.121143,-0.000712,0.912405,2.108489,0.761510
-0.035712,-0.138651,-0.006544,-0.274144,1.874277,-0.138886
-0.042923,-0.176478,0.010360,0.602399,1.958442,-2.073670
-0.069350,-0.144527,-0.002225,-0.749756,1.222969,-1.752750
-0.121137,-0.194794,0.029641,0.169681,0.819400,-1.291463
-0.174355,-0.205738,0.005778,-1.067814,-0.240050,0.906579
-0.196928,-0.224073,0.023726,-0.207901,-0.950051,1.511378
-0.189943,-0.204267,-0.011202,-0.311107,0.072291,0.727177
-0.219180,-0.265609,-0.002514,0.355041,-2.179458,-1.144683
-0.267629,-0.302189,-0.010641,-0.053958,-2.170389,-2.706051
-0.300013,-0.316930,0.004091,0.704433,-2.365691,-2.964566
-0.303171,-0.293766,-0.009085,0.266336,-1.871930,-5.978781
-0.304389,-0.352574,0.017831,1.317429,-2.382704,-7.688210
-0.317138,-0.362458,-0.000528,0.724660,-1.006597,-7.332797
-0.387671,-0.366626,0.044455,0.956492,-5.092426,-6.038434
-0.393153,-0.330464,0.002650,0.722812,-0.416468,-6.753232
-0.374568,-0.314961,0.021169,0.507979,-1.430898,-6.187595
-0.343286,-0.305842,0.009727,0.313314,0.491914,-5.582956
-0.368922,-0.297561,0.008069,0.647837,0.016348,-3.433898
-0.418713,-0.306069,0.004491,0.842447,0.547191,-4.474556
-0.427917,-0.322248,0.011742,0.555693,-0.312270,-2.628394
-0.386719,-0.280128,0.007432,0.157901,-0.408869,-1.256935
-0.399698,-0.237492,0.029103,0.568806,-1.615188,0.073027
-0.449010,-0.235650,-0.007355,0.686839,-2.045762,0.017477
-0.496924,-0.265790,0.020161,0.273712,-4.148308,1.002570
-0.506453,-0.267687,-0.023442,1.264634,-4.395656,0.701219
-0.533280,-0.240141,0.011164,0.849527,-4.546888,-0.144007
-0.569328,-0.235536,-0.000613,1.561350,-4.486550,-1.976987
-0.626567,-0.235112,-0.010854,0.225634,-4.697781,-0.903440
-0.654215,-0.222278,-0.009338,1.600224,-4.025141,-0.987152
-0.689521,-0.163660,0.007836,0.147791,-3.665589,-0.272507
-0.725319,-0.161671,0.016748,0.535181,-4.695953,0.297468
-0.760074,-0.181231,-0.004979,-0.074115,-2.188508,1.803323
-0.787081,-0.136215,0.024288,0.560387,-1.964019,4.139681
-0.825017,-0.107868,-0.005622,0.527815,0.093768,4.458995
-0.875208,-0.107172,0.009231,-0.023628,-1.565984,2.770508
-0.882978,-0.126578,0.005821,0.552972,-0.173580,2.487339
-0.882847,-0.085860,-0.005182,0.404005,-2.099695,3.042018
-0.963598,-0.106618,0.028867,0.681866,-2.768696,1.678105
-0.983673,-0.100926,-0.000918,0.519392,-3.931749,2.999070
-1.022137,-0.110534,0.006218,0.101544,-5.210804,2.863452
-0.994623,-0.086660,0.023976,0.741925,-6.145553,3.003590
-1.004733,-0.070993,0.005525,1.322129,-5.935192,0.168307
-1.040637,-0.120253,-0.008195,0.690128,-6.341801,0.576511
-1.038027,-0.141178,0.008250,1.615270,-5.991331,0.282880
-1.027080,-0.112444,0.015760,0.458559,-5.612134,-0.327237
-1.004766,-0.092503,0.014266,1.451335,-4.890625,-1.675016
-1.016435,-0.113425,0.013882,-0.012100,-4.229890,-1.188861
-1.007087,-0.126253,0.000976,0.505721,-4.396135,-0.445700
-0.999662,-0.104711,0.000467,-0.261638,-1.436886,-2.147750
-0.956206,-0.077466,0.005880,-0.038071,-2.805045,-3.557616
-0.933288,-0.105768,0.025581,-0.570092,-0.540291,-4.147099
-0.890488,-0.085482,0.014023,-1.053441,-1.493436,-1.584600
-0.892116,-0.072067,0.041314,-0.607160,-2.997567,-0.743935
-0.851371,-0.089073,0.000979,-1.034809,-1.751048,1.260258
-0.828578,-0.115178,0.032405,-0.078002,-3.252750,1.275732
-0.831411,-0.108935,0.013643,-1.389559,-4.835063,1.224296
-0.826878,-0.095073,0.009024,-0.123283,-6.641986,0.004049
-0.819528,-0.127599,0.009238,-0.033492,-5.112429,-1.076077
-0.780608,-0.171705,0.006818,0.654868,-6.657614,0.568811
-0.744275,-0.180249,-0.002655,0.477613,-4.797840,1.297687
-0.736604,-0.204766,0.013803,1.751925,-5.267806,0.871961
-0.728135,-0.220994,0.000352,1.184447,-4.234659,-0.290488
-0.690804,-0.240479,0.015343,1.802304,-3.920021,-0.404910
-0.648379,-0.204464,0.010327,1.882756,-2.109287,-2.160743
-0.639529,-0.192431,0.015149,0.939935,-1.793188,-3.153031
-0.609905,-0.231623,0.014995,2.049898,0.488796,-3.400290
-0.569305,-0.226981,-0.025143,1.160351,2.330234,-2.410486
-0.540574,-0.213789,0.036055,1.435321,0.715921,-0.888895
-0.503646,-0.189394,-0.003305,0.209855,0.918605,1.090253
-0.489814,-0.211794,0.037158,0.544818,-2.363518,2.115392
-0.447710,-0.240157,-0.005711,-0.025913,-0.398719,2.670680
-0.395736,-0.192949,0.006086,-0.035770,-2.545628,2.423844
-0.375139,-0.221707,0.016462,0.432352,-2.403862,-0.420859
-0.329601,-0.229864,-0.035643,0.330508,-3.733017,0.345083
-0.332500,-0.279533,0.019508,0.775403,-4.151354,1.473130
-0.308656,-0.264716,-0.001831,0.342059,-4.728285,2.749904
-0.297345,-0.279373,0.023867,1.352472,-4.961223,1.182234
-0.278704,-0.298959,-0.012784,0.476511,-3.516655,0.069974
-0.251387,-0.285238,0.006451,1.190106,-4.845179,-2.392843
-0.241163,-0.260456,-0.009141,0.957591,-0.674884,-5.180846
-0.199998,-0.268495,-0.017698,1.424623,-0.063980,-6.664163
-0.165732,-0.296435,0.006733,1.063427,2.116925,-7.290367
-0.092718,-0.286597,-0.006170,0.733617,2.833392,-5.009933
-0.094431,-0.265531,0.008840,0.965266,2.988156,-5.493690
-0.058341,-0.248810,-0.017209,0.271178,3.129564,-4.940427
-0.066816,-0.251938,0.010386,0.582967,2.353123,-5.014125
-0.047752,-0.206227,-0.035755,-0.172214,2.781389,-4.681463
-0.053082,-0.187152,0.012924,0.437528,0.058524,-5.633708
-0.055485,-0.174492,-0.030664,-0.769900,-0.970674,-4.099743
-0.050663,-0.164064,0.001386,-0.416060,-3.085579,-2.236955
-0.045388,-0.135060,-0.041263,-1.084565,-2.953208,-1.178129
-0.019227,-0.088203,-0.018509,-0.495285,-3.134989,-0.292651
-0.041446,-0.084274,-0.019484,-0.976461,-3.338615,-0.394522
0.002522,-0.067248,-0.042989,-1.151654,-3.679559,1.577512
0.006021,-0.025926,-0.036694,-0.601751,-0.573575,1.030096
0.024232,0.031074,-0.035473,-0.843069,-0.652685,0.932991
0.012478,0.024647,-0.023213,-0.734194,1.265739,-1.076187
0.037378,0.060117,-0.044368,-0.883725,2.298043,0.051091
0.032465,0.084555,-0.020508,-0.553811,1.954158,-0.388287
0.045489,0.125831,-0.014823,-0.796491,2.432771,0.597416
0.032389,0.138049,-0.026016,-0.322383,2.653554,0.806396
0.046917,0.169271,-0.021690,-0.558475,1.948329,4.588461
0.022653,0.202792,-0.011251,0.555611,1.613658,5.239309
0.012658,0.222253,-0.044348,0.050906,0.719945,7.140567
0.001081,0.194651,-0.021939,1.196080,-1.606726,8.151453
-0.025090,0.192357,-0.033890,0.679411,-2.001107,11.038040
-0.027138,0.210167,-0.004155,1.748130,-4.032123,10.954935
-0.044787,0.187738,-0.047056,1.979565,-1.725973,10.141763
-0.036519,0.131428,-0.017491,2.702171,-3.312195,9.246613
-0.032695,0.108595,-0.034632,1.880619,-1.504504,7.317917
-0.037031,0.096217,-0.009059,3.025658,-2.474878,2.963992
-0.051096,0.091963,-0.030148,2.058462,-0.834788,0.117729
-0.039742,0.040308,-0.014652,2.555045,0.195195,-0.277823
-0.053174,0.025116,-0.021306,1.440500,1.137196,0.325699
-0.074887,-0.005154,-0.013214,1.805776,0.825305,1.176402
-0.111575,-0.034545,-0.032170,1.232666,2.643973,0.483012
-0.148191,-0.077352,0.011391,-0.175904,1.547704,0.107777
-0.165834,-0.099813,-0.003978,0.326838,0.657116,-2.322754
-0.185187,-0.104806,0.004242,-1.057465,0.333596,-2.466260
-0.205007,-0.169460,0.010941,-1.025238,-1.172341,-2.707092
-0.233610,-0.206831,-0.021457,-1.622576,-0.854437,-1.219215
-0.268259,-0.245760,0.004101,-1.299009,-2.419027,-0.998815
-0.312661,-0.242045,-0.016897,-1.480945,-3.676326,-2.039966
-0.334026,-0.301355,-0.020623,-1.149813,-3.939866,-2.691478
-0.397174,-0.323367,-0.005540,-2.544793,-10.528317,-3.585313
-0.389499,-0.348415,-0.007657,-0.375653,-3.611957,-3.714221
-0.449236,-0.346213,-0.033615,-1.283585,-2.429498,-5.992156
-0.463131,-0.382700,0.004445,-0.376664,-2.437586,-7.388762
-0.490195,-0.375440,-0.016402,-0.676255,-1.382702,-8.014494
-0.509958,-0.388871,0.008693,0.398776,-2.426459,-8.551002
-0.533779,-0.382520,-0.014885,0.574560,0.917387,-9.754660
-0.552699,-0.415512,0.009887,1.232269,-0.105181,-9.121317
-0.567664,-0.402238,-0.010047,1.204713,1.214832,-8.570018
-0.592078,-0.368924,0.015983,1.509389,-0.116577,-6.651059
-0.639142,-0.351399,0.001675,1.991113,-0.279777,-5.747611
-0.676434,-0.338949,0.024957,1.231452,-2.267215,-3.392802
-0.697107,-0.303925,0.005420,1.761234,-2.583911,-2.038908
-0.716509,-0.244418,0.001054,0.957466,-3.613648,-1.167306
-0.740481,-0.225327,-0.003827,1.861010,-4.601100,-1.930733
-0.793420,-0.225088,-0.010953,0.954076,-6.186216,-0.181929
-0.783287,-0.202691,0.009950,1.540641,-6.058257,0.767684
-0.800467,-0.146526,-0.015427,0.332520,-5.651445,1.302432
-0.792189,-0.132057,0.009697,0.793085,-4.709917,0.979315
-0.800753,-0.098789,-0.019202,-0.324188,-4.598760,1.215394
-0.791089,-0.048548,-0.002986,0.386775,-3.533612,3.308996
-0.818235,-0.000194,-0.022051,-0.002798,-2.415463,2.920867
-0.853397,-0.014050,-0.003006,-0.260052,-2.211059,1.996722
-0.842197,-0.009996,-0.024696,0.030381,-0.994672,1.891513
-0.847232,0.053204,0.003979,-1.018716,-2.606212,2.561491
-0.832599,0.072046,0.030911,-0.360190,-1.599531,1.045414
-0.835602,0.080859,-0.018739,-0.648719,-2.031040,1.498805
-0.838718,0.063721,0.007393,-0.151089,-3.469129,3.273186
-0.823014,0.104552,-0.034281,-0.144196,-2.491172,3.272444
-0.828135,0.120468,-0.001660,0.019953,-4.371855,3.777287
-0.818183,0.091533,-0.018726,0.735885,-4.474553,2.847782
-0.805992,0.106088,-0.021752,-0.083388,-5.886631,3.830440
-0.809737,0.107335,-0.014636,0.832307,-5.856538,2.373496
-0.798114,0.126308,-0.034153,-0.096745,-6.179061,0.224769
-0.786435,0.084374,0.001481,0.535788,-5.510251,-0.549191
-0.747367,0.117218,-0.043393,0.297043,-3.494367,-0.196460
-0.738167,0.161115,-0.000872,-0.639647,-4.257879,0.155762
-0.701095,0.170798,-0.027178,-0.348465,-1.671400,-0.574400
-0.702280,0.157041,-0.033615,-1.373725,-1.901807,0.643523
-0.710476,0.145969,-0.014668,-0.510890,-1.221436,-0.089308
-0.697182,0.189905,-0.046275,-1.865614,-0.034270,-0.179877
-0.721712,0.155124,0.002469,-1.136719,-2.622069,-1.629760
-0.682792,0.162296,-0.033067,-2.307247,-1.557279,-1.162813
-0.670184,0.176427,-0.012157,-2.053170,-3.212186,0.121173
-0.659273,0.184942,-0.031973,-1.362561,-1.826176,-0.675817
-0.617970,0.183540,-0.056024,-1.849570,-2.017303,0.100235
-0.586268,0.142372,-0.002248,-1.085927,-2.708515,1.678232
-0.529748,0.162047,-0.042047,-1.519071,-1.607412,3.429187
-0.524339,0.154543,-0.003616,-1.001565,-4.548138,3.313826
-0.527864,0.132918,-0.009466,-0.961303,-3.758220,2.438459
-0.505186,0.126669,-0.009991,-0.730981,-4.497195,2.352098
-0.475811,0.099464,-0.014074,0.255816,-3.478474,0.966814
-0.431360,0.117547,-0.035305,0.265446,-2.378992,0.522757
-0.411689,0.048300,-0.002963,1.504993,-2.726165,1.146982
-0.352848,0.035906,-0.087099,1.413374,2.859878,2.040676
-0.336734,0.022717,0.007823,2.205840,-1.163853,1.667240
-0.273462,0.002894,-0.027063,1.754357,0.497875,0.505448
-0.249815,-0.045193,0.026762,1.911084,-2.813701,-0.734948
-0.229218,-0.071981,-0.017698,1.667438,0.113604,-0.503680
-0.221324,-0.066411,-0.008031,1.741086,-1.069794,-0.331798
-0.218990,-0.081671,0.000651,1.582692,0.377751,-1.692104
-0.127571,-0.117322,-0.012578,1.092365,0.051434,-0.366689
-0.059138,-0.155116,0.000897,1.660108,0.594317,0.236901
-0.022185,-0.173094,-0.023373,0.787397,0.232464,0.736118
-0.013854,-0.201303,-0.002340,1.196353,-0.128765,-0.960643
0.036062,-0.230812,-0.013526,0.257972,0.293189,-1.230061
0.122184,-0.253215,-0.000442,0.782404,-0.392703,-0.859065
0.139065,-0.260223,-0.010457,0.222305,-0.864120,-1.898396
0.136449,-0.320429,-0.003784,0.925532,-0.798586,-2.934271
0.132530,-0.368261,-0.044358,0.163533,0.825492,-4.724933
0.155786,-0.384105,0.003562,0.466650,-0.805889,-5.920748
0.191171,-0.345268,-0.031534,-0.451451,0.147196,-8.426184
0.206329,-0.380541,-0.020600,-0.282681,0.683366,-8.584191
0.209155,-0.403981,-0.029594,0.185191,1.809515,-8.588441
0.249683,-0.382871,-0.020659,-0.550229,1.582216,-6.936996
0.276951,-0.377071,-0.006039,0.535929,3.655814,-8.859721
0.324703,-0.359769,-0.026505,-0.906814,3.561871,-7.920299
0.261750,-0.381804,0.041465,-0.598714,-4.802626,-8.129735
0.315703,-0.343797,-0.021680,-0.621475,2.483324,-7.097461
0.319494,-0.299133,-0.003961,-0.025016,1.964994,-7.340729
0.307431,-0.269151,-0.034419,-0.948048,1.191543,-7.396252
0.270967,-0.227979,-0.031045,-0.199662,-0.338165,-4.365649
0.211138,-0.170799,-0.029472,-1.011327,-0.452016,-2.036665
0.174194,-0.118080,-0.031064,-0.583730,-3.543784,-0.262456
0.154900,-0.113426,-0.038315,-0.487089,-2.299921,0.808325
0.176085,-0.083293,-0.038338,-0.323279,-3.424950,3.134800
0.145857,-0.034233,-0.058624,1.029322,1.170148,2.828481
0.110134,-0.018586,-0.056808,0.654035,-0.382711,2.107338
0.100024,-0.005778,-0.043488,1.804874,1.160865,0.048936
0.119899,0.035666,-0.036894,0.892093,1.779155,0.146625
0.121264,0.080393,-0.031258,1.382450,2.450499,0.315644
0.093068,0.118935,-0.038755,1.456653,4.879631,3.037490
0.040382,0.090076,-0.017869,2.211502,2.577264,5.662673
0.058731,0.143091,-0.055033,1.535005,3.714937,8.304839
0.005755,0.158715,-0.005317,1.867237,1.158955,7.004796
-0.023941,0.192918,-0.048576,1.235991,1.405847,6.014489
-0.069334,0.178754,-0.022425,1.516232,-0.638387,6.495475
-0.061272,0.185431,-0.058072,0.928023,-0.935090,7.308473
-0.061406,0.199598,-0.037550,0.914818,-2.884152,7.820346
-0.076844,0.163593,-0.050129,1.245917,-2.198477,7.321304
-0.092176,0.134428,-0.033470,0.313619,-4.351973,8.274833
-0.087078,0.107558,-0.046433,1.065652,-2.188144,8.818444
-0.043422,0.130722,-0.042930,0.302902,-1.847939,8.008851
-0.057661,0.069515,-0.024949,0.759309,-1.082852,4.961930
-0.086202,0.038213,-0.065461,-0.458535,0.657957,5.194130
-0.138219,0.031258,-0.022812,0.300227,-0.497852,3.920953
-0.175429,0.016927,-0.026521,-0.958187,-0.238300,1.943549
-0.209405,-0.020063,-0.015814,-0.551552,-1.511512,0.690261
-0.244120,-0.078061,-0.039973,-1.195754,-0.097936,0.695401
-0.290705,-0.106378,-0.011094,-0.245373,-0.444818,-0.236760
-0.323509,-0.122669,-0.021772,-0.541534,-1.125405,-2.272601
-0.329848,-0.190937,-0.012748,0.705470,-0.284330,-2.986725
-0.335054,-0.226322,-0.044611,-0.328573,-1.360694,-2.480579
-0.391784,-0.272131,0.006881,0.683708,-1.916965,-1.962686
-0.444648,-0.300492,-0.036175,0.195498,-2.321821,-1.547898
-0.530135,-0.370631,-0.005212,1.235174,-3.496373,-2.087948
-0.587178,-0.398522,-0.029082,0.894129,-4.614161,-2.963264
-0.641932,-0.406045,0.001767,1.600867,-5.049701,-5.401460
-0.677691,-0.415374,-0.041197,0.499100,-4.613945,-7.165982
-0.712183,-0.457914,-0.020514,2.064350,-3.175272,-9.328795
-0.728579,-0.460343,-0.001732,0.104604,-3.007946,-8.172247
-0.685516,-0.450424,0.017700,1.123555,-0.969588,-7.124489
-0.678236,-0.446728,-0.040360,-0.689277,0.005963,-5.827128
-0.685605,-0.501728,0.043585,0.543833,-4.289059,-4.155607
-0.689980,-0.486150,-0.010917,-0.275499,0.239488,-2.743998
-0.726458,-0.468773,0.025282,0.641483,-0.141219,-4.500744
-0.752380,-0.473565,-0.018919,0.136768,-1.213240,-6.902745
-0.720156,-0.453503,0.000769,0.500059,-2.956720,-6.185735
-0.722135,-0.463399,-0.005291,0.391449,-2.044645,-4.217272
-0.729511,-0.440183,-0.000823,0.205995,-4.381656,-0.510157
-0.745962,-0.459989,-0.012522,0.563407,-4.494414,1.621945
-0.684495,-0.456775,0.020621,0.255396,-5.397761,4.660204
-0.645628,-0.424880,-0.003873,1.035841,-4.377734,3.801935
-0.661906,-0.425352,0.017440,2.087682,-5.174168,1.811854
-0.704587,-0.435420,-0.004559,1.753517,-4.621675,-1.239817
-0.702066,-0.437534,0.008273,2.104275,-5.790850,-2.338938
-0.678049,-0.388346,-0.011058,2.316563,-3.353163,-5.594131
-0.689560,-0.368737,0.016180,2.687640,-2.970946,-5.727414
-0.695882,-0.367408,-0.036441,2.298877,-0.025805,-3.967902
-0.718974,-0.385300,0.001291,2.319701,-1.202697,-1.091468
-0.693026,-0.320429,-0.015702,1.731580,-0.419402,-1.515533
-0.697468,-0.263164,0.025151,1.381620,-1.144562,-3.270329
-0.685474,-0.245626,-0.010323,0.313830,-0.291554,-3.540520
-0.673706,-0.208633,0.010695,0.028579,0.162131,-2.400627
-0.659697,-0.162757,-0.010697,-0.791413,-1.112587,-1.429206
-0.654349,-0.144166,0.003841,-0.443619,-3.606994,0.226237
-0.658653,-0.137666,-0.022924,-0.939593,-2.791955,0.747472
-0.641482,-0.095677,-0.022819,-1.163501,-3.720521,2.655984
-0.625254,-0.048266,-0.036185,-0.738727,-3.813522,0.556873
-0.586305,0.000820,-0.055230,-1.133552,-3.748940,-0.094051
-0.581240,-0.012930,-0.018384,-1.537646,-3.784367,-1.020595
-0.532689,0.037170,-0.031928,-2.242566,-4.422404,0.104675
-0.507775,0.086649,-0.023055,-1.391725,-2.921825,-1.168977
-0.452374,0.127722,-0.033099,-1.928289,-2.712277,-0.251217
-0.410530,0.136772,-0.030670,-0.947907,-1.270732,1.343652
-0.375608,0.163694,-0.058092,-1.835331,0.610919,3.294537
-0.371088,0.193190,-0.027201,-0.219124,0.078488,1.104205
-0.330209,0.219204,-0.054199,-1.038831,0.380807,0.758676
-0.277325,0.217021,-0.023131,0.111155,-0.300256,1.069829
-0.237654,0.240737,-0.037593,-0.253451,0.212562,3.216994
-0.191352,0.259273,-0.017682,0.382285,-2.352594,5.017317
-0.167872,0.247738,-0.026725,0.179400,-1.459407,5.868195
-0.102893,0.242073,-0.050831,0.769317,-0.228965,8.130886
-0.073112,0.272737,-0.042681,1.932764,-0.973419,8.399452
-0.060898,0.264931,-0.019970,0.904071,-2.347441,7.639581
-0.034251,0.226156,-0.034127,2.046950,-1.879542,7.177644
-0.033023,0.199729,-0.033250,0.858770,-3.302295,7.975553
-0.008155,0.190236,-0.027086,2.023215,-1.956502,7.615779
0.003225,0.180563,-0.025523,1.131002,-3.254871,6.099634
0.030229,0.108513,-0.038230,1.959900,-1.470301,5.869398
0.054529,0.098948,-0.086921,1.077535,1.388178,6.067329
0.005286,0.061433,0.007534,1.110106,-1.868878,4.559793
0.038623,0.046689,-0.034603,-0.201467,1.684693,3.731421
0.069999,-0.036318,-0.005632,0.378878,1.977608,3.537368
0.105699,-0.068276,-0.024256,-0.647734,2.112707,5.102626
0.074240,-0.108843,0.000746,0.084154,1.017919,4.286740
0.054020,-0.163565,-0.030549,-0.397045,2.434333,2.703511
0.082614,-0.231593,-0.037531,0.733105,2.422287,0.435341
0.138451,-0.250120,-0.037934,-0.336812,3.398129,-0.591215
0.180467,-0.297728,-0.013277,0.384980,3.379856,-2.358068
0.148125,-0.348980,-0.034478,-0.463649,0.914397,-3.392772
0.173990,-0.426406,-0.007828,0.346717,-1.391778,-3.431838
0.222951,-0.433276,-0.038387,-0.036406,-0.117992,-2.294055
0.256274,-0.475351,-0.003807,1.295200,-0.293776,-3.182213
0.222035,-0.547446,-0.015289,0.764381,-1.777061,-5.038527
0.222222,-0.612711,-0.004355,1.636584,0.058035,-7.483940
0.261530,-0.603087,-0.050913,1.197141,1.457099,-8.762584
0.287116,-0.632658,-0.010388,3.079812,1.585705,-11.735207
0.297853,-0.653840,-0.056004,1.844148,2.568109,-13.089833
0.304490,-0.696574,0.007284,2.279768,3.130388,-12.018749
0.342931,-0.667836,-0.010549,1.312653,3.408200,-9.458696
0.357370,-0.653321,0.009582,1.985005,3.936078,-9.642561
0.359366,-0.653745,-0.031494,0.678804,3.495057,-7.476979
0.337584,-0.636427,-0.014524,1.194377,3.672115,-7.144307
0.329673,-0.599604,-0.008301,0.186222,2.161287,-5.130019
0.313668,-0.572626,-0.031924,1.016840,1.822254,-5.753522
0.291653,-0.562831,-0.015223,-0.052152,1.392343,-4.098796
0.239701,-0.538147,-0.020705,0.126829,-0.783162,-2.189334
0.188157,-0.488796,-0.021657,-0.130908,-2.279976,-1.407632
0.174601,-0.448317,-0.037770,0.466985,-1.236496,-2.346962
0.140890,-0.439201,-0.032945,0.304898,-2.707855,-0.933406
0.087239,-0.421522,-0.048110,0.763520,-1.545334,0.348779
0.026763,-0.336858,-0.046593,0.674547,-1.110020,1.610353
-0.025851,-0.323439,-0.020482,1.094751,-3.019142,2.046434
0.014106,-0.279307,-0.057599,0.585858,0.514908,3.626770
-0.015278,-0.261917,-0.021686,1.521941,1.853332,3.744632
-0.031756,-0.180880,-0.062782,1.096432,2.742682,4.223414
-0.091375,-0.162439,-0.011872,1.654033,2.883607,2.381140
-0.090072,-0.104103,-0.032528,0.699027,2.695330,3.426685
-0.115022,-0.059157,-0.011110,1.470807,1.938482,3.011249
-0.144446,0.001847,-0.044457,1.122740,1.971811,5.261603
-0.216393,0.022701,-0.009682,1.262940,-2.150396,5.850396
-0.205735,0.044483,-0.049364,0.833935,-1.028301,10.079655
-0.206251,0.085713,-0.022973,1.674548,-3.153033,12.343654
-0.217749,0.126445,-0.052226,1.112634,-3.001053,12.876141
-0.273019,0.100931,-0.050444,2.087600,-4.605528,10.843910
-0.304396,0.072134,-0.062759,1.030468,-3.602415,9.506808
-0.323148,0.080967,-0.035072,2.098146,-5.538637,5.986257
-0.377082,0.094858,-0.051885,0.922357,-4.786223,3.807899
-0.409988,0.073184,-0.036684,1.427390,-5.524496,3.290875
-0.447290,0.071090,-0.060655,0.771894,-2.048591,4.449844
-0.468984,0.071868,-0.038785,1.002688,-1.616868,4.757070
-0.478033,0.088740,-0.049925,0.222187,-0.068480,2.934276
-0.507716,0.046029,-0.019881,0.056128,0.556992,2.322642
-0.518417,0.041358,-0.051688,-0.877164,2.588847,1.370360
-0.573959,0.029587,-0.010227,-0.550469,1.232226,0.270352
-0.584092,-0.001169,-0.040209,-1.459186,0.943502,-1.829923
-0.575003,-0.026142,-0.027158,-1.161344,-0.216866,-1.272249
-0.592134,-0.070924,-0.040091,-1.116414,-1.267036,-0.491849
-0.597183,-0.052218,-0.023685,-1.738489,-4.216294,1.660230
-0.598814,-0.099741,-0.036424,-0.441857,-2.695218,2.487759
-0.585208,-0.135214,-0.053634,-1.290180,-4.662942,3.923348
-0.582021,-0.181615,-0.020488,-0.283735,-5.721177,2.508469
-0.576493,-0.194062,-0.066863,-0.676000,-4.866446,1.849273
-0.608087,-0.256313,-0.003580,0.489197,-6.289554,0.342161
-0.600166,-0.268865,-0.045963,-0.380104,-4.297990,1.569653
-0.607621,-0.263413,-0.012847,0.537482,-4.875683,1.082305
-0.603176,-0.247500,-0.037636,0.723212,-2.644140,-1.137704
-0.602070,-0.263515,-0.034898,1.049795,-2.424299,-2.257629
-0.589807,-0.319668,-0.006236,0.804150,-0.373947,-2.992997
-0.558893,-0.332722,-0.018122,1.467909,0.844337,-1.052720
-0.570112,-0.333733,-0.015844,1.161536,1.064342,-1.812694
-0.601811,-0.367083,0.013370,1.864969,0.185811,-0.762399
-0.609718,-0.378125,-0.010713,1.757078,1.125796,-0.726574
-0.609488,-0.370578,-0.012121,2.092435,-0.035006,-0.531768
-0.629885,-0.393096,0.006480,1.952846,-1.655378,-2.225188
-0.603327,-0.399224,-0.004457,1.440871,-2.519641,-0.808385
-0.604076,-0.409065,0.009996,2.023885,-3.200802,-0.339571
-0.605008,-0.377298,-0.002796,1.433410,-4.824293,1.228749
-0.628234,-0.413490,-0.004125,2.431196,-4.576052,0.876297
-0.584361,-0.460465,-0.021667,2.078544,-4.041389,3.359871
-0.586295,-0.495879,-0.001759,2.394328,-4.960560,1.341424
-0.583488,-0.488346,-0.023567,2.010548,-2.639738,-1.421222
-0.577905,-0.474546,0.004192,2.128197,-2.609419,-6.328131
-0.543091,-0.461804,-0.011035,1.184125,-2.064419,-8.146166
-0.490123,-0.494054,-0.007723,2.202696,0.125558,-9.139431
-0.446867,-0.456857,-0.020711,0.792449,0.807485,-8.129818
-0.460554,-0.469971,0.025213,0.769813,0.160388,-7.260519
-0.429624,-0.460455,-0.024138,-0.033003,2.618340,-5.571760
-0.389398,-0.429222,-0.007322,0.333928,0.935211,-5.485733
-0.311532,-0.374524,-0.049357,-0.958834,2.599647,-6.592148
-0.284750,-0.363728,-0.014583,-0.118769,0.878228,-8.354065
-0.274214,-0.333595,-0.033910,-1.977263,-0.534448,-6.869031
-0.222167,-0.300708,-0.025034,-1.213810,-1.273118,-4.755385
-0.188568,-0.212824,-0.055962,-2.333240,-1.782310,-4.164198
-0.175130,-0.204668,-0.013096,-1.295566,-3.743186,-2.537526
-0.146225,-0.166631,-0.055502,-2.359578,-3.676654,0.552572
-0.137260,-0.124041,-0.016848,-1.394230,-5.292116,1.009793
-0.082703,-0.048023,-0.071714,-1.476183,-1.855042,-0.193648
-0.045372,0.009252,-0.052909,-1.415618,-2.227310,-0.653938
-0.023708,0.051094,-0.040278,-1.395930,-1.236358,-1.466273
0.010243,0.130591,-0.047201,-1.083170,0.468885,1.068075
-0.009488,0.186770,-0.051386,-1.162555,1.499104,1.869718
0.004521,0.209855,-0.032397,-0.350487,1.392602,3.303717
0.031785,0.264104,-0.057682,0.213305,2.227881,5.130043
0.012137,0.332448,-0.019917,-0.390227,1.251319,6.383622
0.007978,0.376157,-0.037097,0.340397,2.101681,6.060209
0.020057,0.411125,-0.069918,0.085047,1.506431,6.829888
0.033065,0.415431,-0.042425,1.293365,1.343313,8.646173
0.047308,0.478375,-0.089226,0.713830,0.414436,11.952140
0.018038,0.476944,-0.034084,1.670980,-1.009132,13.782343
0.041724,0.483647,-0.055692,0.998772,-1.841873,16.312966
0.070223,0.461589,-0.041269,2.229135,-1.769023,17.224007
0.080116,0.452539,-0.056671,1.688071,-1.845828,14.871979
0.109632,0.413462,-0.058965,2.601968,-1.495710,11.491042
0.123989,0.356722,-0.049508,2.217164,-0.798566,9.191707
0.184442,0.338028,-0.025376,1.771439,-0.528652,8.143757
0.206283,0.313187,-0.046232,2.253415,1.727358,6.153132
0.196560,0.258967,-0.034445,1.372189,1.085294,6.667543
0.188134,0.175324,-0.031534,0.942807,1.640052,7.294930
0.204766,0.140100,-0.021181,0.859371,1.442942,8.027807
0.193258,0.081177,-0.049843,0.604834,1.765615,4.828707
0.161123,0.039992,-0.028711,-0.166299,0.370573,1.188758
0.164090,-0.050022,-0.041768,-0.008460,2.421036,-1.067357
0.192664,-0.093193,-0.051058,-0.764021,1.648029,-1.190178
0.166907,-0.174351,-0.024509,-0.410151,1.586949,-1.558724
0.153124,-0.243732,-0.042536,-1.089629,0.264980,0.781650
0.124376,-0.329177,-0.035945,-1.630247,0.138055,1.341943
0.146943,-0.353198,-0.023154,-1.063202,-0.461079,0.944791
0.078051,-0.418509,-0.008537,-1.307908,-1.577847,-3.909743
0.053587,-0.479713,-0.038125,-1.351775,-1.650398,-7.413284
0.003671,-0.539227,-0.024719,-0.802550,-0.280358,-10.944733
0.032744,-0.520547,-0.054803,-1.089074,-0.383709,-11.752442
0.014070,-0.554106,0.005463,-0.561889,0.315700,-14.553729
0.023710,-0.562634,-0.048783,-0.743250,1.230036,-10.894052
-0.023324,-0.619486,-0.013746,-0.132129,1.031905,-7.648183
-0.006567,-0.586790,-0.038735,-0.321831,2.515380,-5.293915
-0.032295,-0.626205,0.009323,0.702864,0.954925,-6.949043
-0.013828,-0.618872,-0.035256,0.717527,2.197305,-6.589225
-0.071907,-0.643681,0.006352,1.683778,0.754746,-7.834563
-0.119663,-0.610804,-0.000780,1.391947,0.142643,-7.933261
-0.183746,-0.615537,0.015497,2.775399,-0.920867,-8.179373
-0.174342,-0.598455,0.014398,2.693899,-1.903684,-5.119322
-0.200969,-0.577175,0.008739,3.296781,-2.329331,-2.161359
-0.230751,-0.546225,-0.026370,3.438888,-1.309560,0.645694
-0.304868,-0.537976,-0.030785,4.057342,-2.771348,-0.011715
-0.308046,-0.517970,-0.051274,1.846262,-2.597306,-0.767044
-0.321221,-0.509797,-0.012282,4.213186,-1.623988,-2.737292
-0.374594,-0.454829,-0.019349,2.761580,-1.965243,-4.603616
-0.443371,-0.457793,0.002420,3.634062,-0.856685,-4.987394
-0.457383,-0.411858,-0.061670,1.244489,-0.407037,-1.723363
-0.428908,-0.379756,0.008683,2.481132,0.257214,1.184061
-0.423719,-0.312246,-0.029922,0.344616,0.689521,1.992916
-0.444716,-0.302271,-0.005888,1.062839,1.104929,2.117455
-0.439757,-0.297554,-0.024378,0.420571,1.205497,1.248402
-0.419475,-0.227993,-0.038709,0.251296,0.483226,2.207882
-0.405426,-0.175378,-0.039457,-1.447011,1.333873,1.363970
-0.402600,-0.144431,-0.008258,-1.127131,-1.384816,1.764208
-0.417075,-0.094394,-0.055515,-2.107169,-1.652230,3.727506
-0.441034,-0.064635,-0.023764,-1.009023,-4.598215,6.061225
-0.468718,-0.008256,-0.068776,-1.488177,-4.818637,5.875431
-0.491560,-0.026034,-0.027565,-1.546824,-6.839254,5.435827
-0.477633,-0.003116,-0.061555,-1.019530,-3.857323,4.191796
-0.535053,0.018936,-0.039819,-0.212254,-6.176251,1.528026
-0.563620,0.037751,-0.048954,-0.090521,-4.529875,-0.765753
-0.587204,0.059448,-0.033831,0.229077,-4.199658,-1.178123
-0.588842,0.085868,-0.065618,0.026645,-1.948142,-0.444807
-0.603767,0.151530,-0.048461,0.413277,-1.322033,0.070086
-0.670913,0.175810,-0.048350,-0.681137,-0.277588,-0.010591
-0.680461,0.195531,-0.056346,-0.062302,0.776528,1.399301
-0.708976,0.221830,-0.010240,0.073798,0.513998,2.421912
-0.688845,0.286993,-0.054475,-0.353504,0.219137,2.562787
-0.713594,0.275645,-0.020981,0.193531,0.124071,1.609554
-0.690089,0.290663,-0.057452,-0.720165,0.837900,1.900788
-0.660166,0.298101,-0.015663,-0.135044,-0.593102,3.032551
-0.618771,0.349310,-0.046886,-0.738478,-0.867261,3.547497
-0.568560,0.341317,-0.025527,-0.186142,-3.023679,5.491936
-0.561965,0.321813,-0.041791,-0.894049,-3.046278,7.283626
-0.558089,0.286241,-0.022855,-0.113879,-5.732091,8.753696
-0.524736,0.258006,-0.039668,-0.064981,-5.130348,7.328009
-0.484342,0.209268,-0.005832,0.300132,-7.112878,7.097973
-0.435457,0.162818,-0.041145,0.786894,-5.043445,7.746775
-0.441595,0.163107,-0.026515,0.099650,-3.486506,8.436133
-0.452138,0.150801,-0.017580,1.029749,-3.484005,6.428737
-0.410963,0.139966,-0.048054,0.024450,-0.788023,4.476609
-0.353347,0.084565,0.006113,1.091065,0.081465,2.790759
-0.305407,0.063721,-0.037117,0.511803,1.265437,2.434822
-0.318484,-0.022965,0.022216,1.009024,1.443385,1.939365
-0.322994,-0.069277,-0.006613,-0.008877,2.008043,1.610622
-0.300371,-0.107287,0.014082,0.348075,0.444943,1.999123
-0.273416,-0.126808,0.009385,0.697245,0.955864,-0.362168
-0.269129,-0.148850,-0.003272,0.476881,-0.413894,-0.707996
-0.308515,-0.259927,0.007094,1.334973,-0.977748,-1.953691
-0.272681,-0.265570,-0.005438,-0.064911,-2.401854,-0.850862
-0.245689,-0.305294,0.002771,1.304227,-2.908685,-1.253817
-0.227931,-0.316668,-0.028215,-0.224933,-3.444730,-1.716408
-0.228492,-0.408304,-0.010027,1.279805,-3.618112,-1.272532
-0.202144,-0.443455,-0.026866,0.753004,-2.120201,-0.662001
-0.186628,-0.486642,0.012704,1.471332,-2.400140,-3.199287
-0.128618,-0.497635,-0.018637,1.506041,-0.403416,-7.032784
-0.095567,-0.529511,0.020500,1.176143,-0.162804,-9.682923
-0.060753,-0.532596,-0.005980,0.535060,2.328842,-12.148172
-0.028260,-0.547243,0.018783,0.949481,2.377239,-12.792711
0.018104,-0.582430,-0.009787,0.990882,3.813378,-13.654895
0.075714,-0.593752,0.010390,0.789767,3.843757,-12.431164
0.078796,-0.594470,0.007977,0.972504,3.346733,-12.743124
0.067213,-0.550778,0.009635,0.625333,0.997906,-12.917494
0.074854,-0.554661,-0.016707,1.070931,1.861128,-13.355378
0.098520,-0.526288,-0.038561,-0.394780,-0.234781,-11.962514
0.112070,-0.509892,-0.010976,0.694186,-0.816094,-10.985043
0.111512,-0.427663,-0.040908,-1.025510,-1.270059,-8.548426
0.105318,-0.429863,-0.021095,0.019333,-2.464118,-6.102497
0.120447,-0.379188,-0.049298,-1.034402,-1.863918,-2.727349
0.151207,-0.329417,-0.019408,-0.987716,-2.992164,-0.295258
0.171640,-0.268373,-0.050339,-0.236491,-0.224494,-2.120679
0.139298,-0.235493,-0.016326,-1.400069,-3.942272,-2.730337
0.163358,-0.180801,-0.028484,-0.312181,1.442092,-2.836863
0.147531,-0.109260,-0.024936,-0.843282,1.194176,-1.563908
0.162764,-0.049894,-0.037225,-0.419510,3.109042,-0.946537
0.179367,0.002769,-0.017649,-0.631194,2.402074,1.912181
0.167560,0.023981,-0.039933,0.123639,3.696020,4.170936
0.161622,0.095452,-0.033293,0.334374,2.271570,6.658528
0.161609,0.147853,-0.052049,1.104415,3.153896,6.314862
0.175884,0.186048,-0.047188,1.110228,2.040342,7.442603
0.149608,0.191447,-0.051199,1.272265,1.038227,7.500223
0.146753,0.253620,-0.024273,1.298699,-0.879974,8.260320
0.103828,0.263133,-0.044096,1.936112,-1.623591,8.574994
0.138340,0.289182,-0.070138,1.633612,-1.792174,11.388021
0.167550,0.324606,-0.048487,2.354091,-1.379821,11.871236
0.144770,0.348184,-0.065920,1.034200,-1.448545,12.252822
0.115894,0.347416,-0.035578,1.681244,-2.390808,11.081076
0.114552,0.340995,-0.053749,0.767557,-1.103479,11.208996
0.161875,0.326526,-0.040793,1.365493,-0.107685,9.343902
0.147448,0.336206,-0.052587,0.474876,0.265876,7.361892
0.106658,0.300694,-0.038972,1.036465,1.869028,5.747369
0.083146,0.262703,-0.053979,-0.223417,2.205679,6.244451
0.089422,0.199430,-0.027529,0.884665,2.588513,5.809224
0.113268,0.187981,-0.063833,0.005116,2.201920,4.312865
0.094782,0.103179,0.005561,-0.057463,0.896288,2.034581
0.078347,0.055367,-0.034192,-0.331255,2.473496,1.192783
0.057451,0.007572,-0.032994,0.132662,0.203739,0.247937
0.042296,-0.049287,-0.044020,0.039129,1.169882,-1.216953
0.035655,-0.091568,-0.046104,0.211887,-1.011432,-0.094139
-0.015731,-0.176865,-0.021329,-0.358745,-2.073357,0.237962
-0.027446,-0.209860,-0.016113,-0.336211,-2.870376,1.195086
-0.086635,-0.257928,-0.028405,0.202864,-2.392174,-1.512615
-0.092212,-0.336287,-0.026902,0.013345,-3.023127,-2.574028
-0.102007,-0.405678,-0.030437,0.836870,-1.633632,-4.587298
-0.132304,-0.425005,-0.026669,-0.186670,-1.391686,-6.377380
-0.157526,-0.503248,0.004432,0.826291,0.042765,-8.660763
-0.181708,-0.537244,-0.022280,0.199542,1.058132,-7.323028
-0.215668,-0.595793,-0.006876,1.155079,0.893413,-6.331226
-0.220073,-0.589343,-0.035673,0.198820,1.675411,-5.565522
-0.263070,-0.624219,0.005578,1.095237,1.937632,-7.382582
-0.276334,-0.648926,-0.025514,-0.144756,1.827870,-6.684831
-0.290747,-0.654680,0.000628,1.404230,1.821942,-7.327782
-0.329490,-0.636256,0.002236,-0.177308,0.639296,-7.527910
-0.326568,-0.633984,0.012940,0.494118,-1.691823,-6.343701
-0.303687,-0.622496,-0.018466,0.362469,0.212307,-4.244055
-0.315402,-0.618751,0.007882,0.778262,-1.990242,-1.591995
-0.330681,-0.606720,-0.014042,1.165485,-1.987193,-0.020006
-0.355309,-0.606842,-0.030693,1.348037,-1.922407,-0.224263
-0.389791,-0.626120,-0.004962,1.629785,-3.592571,-1.338198
-0.344747,-0.583730,-0.010191,2.021131,-3.684906,-1.746861
-0.375516,-0.585821,-0.005963,2.808883,-3.775272,-4.299064
-0.431413,-0.598426,-0.007657,2.530700,-3.153732,-3.808507
-0.441103,-0.589977,0.012392,3.501048,-2.146906,-3.355364
-0.426322,-0.541580,-0.021338,3.271671,-0.694323,-2.758932
-0.454472,-0.530673,0.023523,3.794816,-1.171655,-3.716039
-0.459294,-0.522900,0.003897,3.052217,0.813488,-3.034726
-0.488327,-0.526281,-0.000797,3.681355,0.664269,-3.867941
-0.497987,-0.476552,-0.001883,2.738324,0.011487,-5.125014
-0.496911,-0.436716,-0.004910,3.071340,0.797414,-7.779911
-0.497377,-0.407627,-0.015479,1.705347,0.055547,-6.155008
-0.506256,-0.411327,0.001041,2.312034,0.046389,-3.959128
-0.501398,-0.352948,-0.045924,0.702168,-0.997265,-1.825494
-0.499005,-0.330001,-0.011383,1.004481,-2.724120,-1.891422
-0.462179,-0.301946,-0.016175,-0.184317,-3.166307,-2.075721
-0.411964,-0.273435,-0.012669,-0.323121,-2.746697,-2.482129
-0.359563,-0.218457,-0.060179,-1.153141,-1.292823,-2.134193
-0.370576,-0.206972,-0.012197,-0.701100,-3.244718,-2.605007
-0.341218,-0.180220,-0.050976,-2.305136,-2.391964,-1.819857
-0.320365,-0.112405,-0.036687,-1.668816,-2.629868,-1.410393
-0.344596,-0.061898,-0.029666,-2.608722,-3.725776,-2.581364
-0.331128,-0.026260,-0.030808,-2.347486,-2.182035,-1.810356
-0.329276,0.017216,-0.058397,-2.343708,-0.403889,-2.183192
-0.343273,0.067598,-0.038663,-2.645210,-1.596576,-1.259068
-0.319708,0.143087,-0.052489,-2.472242,0.424004,-1.960824
-0.312319,0.209196,-0.044949,-2.803141,-0.554944,-0.741832
-0.319679,0.211897,-0.042668,-2.263932,0.233265,1.016902
-0.293229,0.287065,-0.023656,-2.037286,-0.344664,6.201872
-0.311174,0.331017,-0.039054,-1.349435,0.289496,7.780410
-0.295382,0.352642,-0.048855,-1.042697,-0.294604,9.120410
-0.281386,0.378793,-0.058975,0.237870,-0.559710,9.127076
-0.299042,0.412769,-0.032177,-0.200946,-1.992002,8.209476
-0.328357,0.419334,-0.025648,1.070375,-1.814737,6.511936
-0.301560,0.436462,-0.036549,1.433085,-2.233606,6.896234
-0.237440,0.424842,-0.047020,1.705639,-1.849485,6.817506
-0.147889,0.462876,-0.045619,2.022877,-2.258641,8.446654
-0.153042,0.434099,-0.031498,3.101581,-0.250993,8.222591
-0.165266,0.376955,-0.043708,2.525257,-0.680156,9.775609
-0.084630,0.363477,-0.046429,2.534776,1.058158,8.383482
0.038281,0.373029,-0.024677,2.257239,1.136011,7.444457
0.056705,0.315396,-0.024378,2.444568,1.151704,4.975509
0.064787,0.257982,-0.061840,2.121875,1.554499,5.498258
0.048608,0.162011,-0.008497,2.107495,0.804583,4.925365
0.163106,0.153417,-0.035105,1.125209,1.249616,5.672515
0.187740,0.071881,0.014486,0.844035,-3.804929,3.380026
0.237722,0.004128,-0.032315,0.196610,0.498282,4.027173
0.214689,-0.069024,-0.038725,0.231184,0.698567,3.229209
0.217647,-0.118202,-0.014829,-0.694266,-2.823519,1.186755
0.287819,-0.197889,-0.010510,-0.186683,-0.041984,-2.239292
0.331393,-0.261844,-0.037577,-1.271378,-0.026658,-3.159945
0.281428,-0.349472,-0.014294,-0.538987,0.100064,-3.936623
0.249746,-0.383157,-0.042806,-1.008409,-0.011805,-4.740496
0.264205,-0.465759,-0.009810,-0.975118,0.236245,-8.359794
0.304690,-0.527624,-0.022907,-1.316038,2.075583,-8.730371
0.320755,-0.570745,-0.003390,-0.811935,1.718726,-11.194402
0.292191,-0.608979,-0.042632,-1.132045,3.916410,-11.902510
0.249598,-0.676952,0.000795,-0.100102,3.340690,-12.752261
0.309699,-0.663966,-0.023794,-1.191877,3.730542,-11.689409
0.340121,-0.681869,0.026477,0.297021,4.006979,-12.483972
0.357774,-0.675524,0.000966,-0.474470,4.270460,-12.422104
0.330605,-0.715149,0.011214,0.713063,2.546199,-12.335445
0.357849,-0.713541,-0.015853,0.413839,4.268924,-12.142663
0.393493,-0.640333,0.008680,0.554699,1.924551,-11.426248
0.373822,-0.587689,-0.032600,0.301819,1.935130,-11.292420
0.341910,-0.587531,-0.007674,1.423836,0.136253,-9.572682
0.324690,-0.549826,-0.042310,0.593395,-0.438788,-7.597787
0.295388,-0.508983,0.005210,1.347594,-2.256953,-5.507462
0.286220,-0.454540,-0.028635,1.139419,-1.161213,-5.140955
0.285166,-0.436798,-0.015174,1.964719,-1.213401,-4.617863
0.265199,-0.410312,-0.034810,2.059719,0.581036,-4.124027
0.284080,-0.340810,-0.026754,2.690981,0.905948,-3.834658
0.242984,-0.309430,-0.028248,1.470502,1.990840,-3.937320
0.255848,-0.279179,0.010902,1.686069,-0.942941,-2.064567
0.277656,-0.197476,-0.047191,1.604681,4.200141,-0.040977
0.237952,-0.125603,-0.012056,1.649270,2.740362,1.570502
0.209664,-0.081986,-0.031133,1.237882,4.569152,2.516867
0.193682,-0.052228,-0.030483,1.135263,3.358221,5.644414
0.199406,-0.004974,-0.037531,1.812151,2.633673,6.443907
0.178175,0.058509,-0.053729,0.819611,0.501463,7.337757
0.119423,0.069587,-0.040938,0.928098,-0.016434,6.152618
0.109510,0.084558,-0.050050,0.731428,-1.621149,8.893924
0.098813,0.099309,-0.033700,1.134137,-2.795339,8.987877
0.081688,0.116627,-0.048520,0.971692,-3.884393,9.232799
0.019003,0.099910,-0.058535,1.991772,-2.917603,8.348069
-0.036558,0.089144,-0.056234,0.789842,-3.647194,9.061208
-0.074507,0.080672,-0.044775,2.120979,-4.028220,7.218945
-0.078754,0.120222,-0.081433,0.741291,-1.175236,5.545294
-0.134122,0.083849,-0.035899,1.331054,-0.299380,5.217578
-0.156479,0.065247,-0.067237,1.078582,1.422988,6.048803
-0.179138,0.071694,-0.063285,1.231579,1.592572,4.114987
-0.197270,0.075620,-0.063157,-0.172004,4.005137,1.533039
-0.196712,0.031855,-0.036149,0.715951,3.404599,-0.523189
-0.199630,0.035141,-0.057908,-1.008100,3.392766,-1.069902
-0.202981,0.021000,-0.011137,-0.228997,2.253326,-2.117886
-0.206789,0.035243,-0.052758,-1.325335,2.083828,-1.638388
-0.217923,0.011977,-0.048888,-1.099736,0.113938,-0.397113
-0.249809,-0.010288,-0.033634,-1.443050,-1.578497,1.317479
-0.232044,0.003728,-0.043505,-1.403490,-3.204653,3.926910
-0.235999,-0.040788,-0.039910,-0.675875,-4.112910,3.541315
-0.227386,-0.093206,-0.041069,-1.185729,-4.928661,3.373794
-0.252261,-0.113409,-0.038604,-0.846588,-4.944010,1.836522
-0.289543,-0.116383,-0.033474,-1.361816,-5.650900,-1.282259
-0.304609,-0.138631,-0.016139,-0.274850,-3.947357,-3.197769
-0.288466,-0.126933,-0.049236,-0.982310,-3.519048,-2.027005
-0.278651,-0.159107,-0.004050,0.939525,-1.209918,-0.890808
-0.305479,-0.157391,-0.045080,0.173285,0.103540,0.185572
-0.382101,-0.235670,0.014122,1.253260,0.621866,-0.634286
-0.388311,-0.253599,-0.016861,0.741846,1.649213,-1.013575
-0.393658,-0.261992,0.022128,2.095590,1.171094,-1.944416
-0.417712,-0.270914,0.001386,1.624839,0.867140,-3.521412
-0.473205,-0.318591,0.004731,3.161180,0.952779,-3.438124
-0.522596,-0.353736,-0.008780,2.289447,-0.187334,-1.198814
-0.489696,-0.370739,0.012152,3.445226,-0.995106,0.041820
-0.486653,-0.373697,0.002945,2.296265,-2.323564,1.714233
-0.449811,-0.415610,0.016607,3.079497,-3.435080,2.941594
-0.426876,-0.431842,-0.024788,2.493799,-1.808960,3.165418
-0.425708,-0.478446,0.013012,3.289068,-3.233410,1.582071
-0.396458,-0.479253,-0.028625,2.851555,-1.754649,-2.089727
-0.370271,-0.492593,0.010029,2.383883,-3.563206,-3.786603
-0.316317,-0.515948,0.004215,1.682967,-1.707191,-4.891557
-0.297913,-0.477924,0.007879,1.202757,-2.235719,-3.467533
-0.326138,-0.501659,0.012878,1.175109,-1.508600,-3.471912
-0.285866,-0.518443,-0.001578,0.044670,-0.895129,-3.171145
-0.239820,-0.524541,0.005581,0.430347,0.165099,-4.264728
-0.195350,-0.510364,-0.023337,-0.242465,2.042903,-5.838939
-0.182935,-0.503937,0.013387,0.289412,1.065701,-9.252433
-0.169937,-0.498807,-0.026823,-1.269563,0.897450,-8.647755
-0.143349,-0.489846,0.002170,-0.253920,1.156139,-8.503222
-0.140736,-0.413109,-0.028832,-1.267564,0.559785,-8.232297
-0.179111,-0.421289,-0.000997,-0.989564,-1.507826,-8.559113
-0.135708,-0.363521,-0.038735,-1.474009,-0.401775,-5.604629
-0.145463,-0.346032,0.004462,-0.742291,-2.536053,-3.524662
-0.147131,-0.287845,-0.036264,-0.638603,-1.719051,-4.342827
-0.164462,-0.254958,-0.020895,-0.335499,-2.742758,-6.593373
-0.129507,-0.228265,-0.063757,-0.725830,-0.553017,-8.234133
-0.083448,-0.152490,-0.024499,0.416639,-1.156168,-9.109523
-0.047197,-0.092484,-0.041338,-0.392551,-0.120290,-8.120288
-0.061315,-0.048466,-0.027946,0.435871,-1.389605,-5.702913
-0.046425,-0.003838,-0.040642,0.186028,1.707611,-1.717678
-0.030689,0.054760,-0.043899,0.984894,1.174914,0.315454
-0.010463,0.112948,-0.045248,0.349959,1.882086,-0.513516
0.029327,0.134898,-0.012965,1.180042,1.075381,-0.164133
0.056256,0.199631,-0.060084,0.315996,2.566865,0.352414
0.061938,0.248936,-0.019881,1.199907,1.622567,1.436919
0.080897,0.331443,-0.075673,-0.203289,1.008255,2.336815
0.111210,0.349638,-0.028235,0.244183,0.041308,5.050119
0.203887,0.403352,-0.061758,-0.381644,0.860828,9.810608
0.241796,0.452231,-0.049991,0.093794,0.208591,13.329406
0.214351,0.462531,-0.071005,-0.140542,0.720244,12.845128
0.215966,0.460007,-0.046367,-0.209795,-1.805359,12.138304
0.240821,0.444510,-0.064092,-0.236120,-0.840060,10.369903
0.293803,0.491485,-0.064355,-0.312256,-1.145267,8.885230
0.270258,0.464612,-0.036772,-0.246942,-0.445071,7.385051
0.300328,0.463631,-0.051520,-1.027411,0.247734,10.591062
0.306302,0.459186,-0.027362,-0.191010,-1.270427,11.549318
0.329883,0.453117,-0.058322,-0.826174,2.077654,11.476540
0.337452,0.407333,-0.019789,0.003747,-1.266773,9.620403
0.346010,0.356295,-0.040422,-1.176191,2.272608,9.312262
0.351994,0.325026,-0.028117,0.220582,1.755006,9.035100
0.363597,0.319797,-0.056093,0.147466,2.993237,5.923889
0.345383,0.268306,-0.038322,-0.313671,2.124665,4.391903
0.360285,0.204492,-0.035190,0.915884,2.454796,2.916399
0.354485,0.150125,-0.042700,0.132760,1.025580,3.531046
0.337774,0.090319,0.001832,1.292905,-2.305077,3.002837
0.384244,0.048596,-0.047742,0.364359,1.517282,2.667136
0.407480,-0.050377,-0.015611,1.897770,0.597254,1.265871
0.427943,-0.098517,-0.048645,1.071305,0.743884,-1.281146
0.383196,-0.181425,-0.002264,1.290509,-0.660940,-4.704067
0.370310,-0.249906,-0.036277,1.236648,0.863125,-7.860489
0.404962,-0.282911,-0.024056,0.918875,0.205860,-7.330798
0.435627,-0.329033,-0.018673,1.619370,2.227953,-8.070068
0.395348,-0.366233,-0.026718,0.389812,1.556281,-8.792461
0.346377,-0.467781,-0.009535,0.742378,1.081024,-9.134478
0.363325,-0.498495,-0.025993,-0.180706,3.508725,-8.487532
0.382373,-0.508516,-0.019645,0.198406,2.691381,-10.199136
0.404926,-0.479533,-0.049315,-0.802744,5.443896,-11.986647
0.373303,-0.541974,-0.012118,-0.607074,3.085819,-11.515098
0.362977,-0.548674,-0.043163,-1.933009,4.149119,-8.568355
0.325311,-0.559759,0.009920,-1.374092,-1.518090,-5.932405
0.313267,-0.550469,-0.056437,-1.201563,1.766620,-3.717403
0.286693,-0.556276,-0.004798,-1.215763,-0.484834,-1.777885
0.279494,-0.559614,-0.024532,-0.537986,1.149220,-2.639122
0.206427,-0.571654,-0.013329,-0.162842,-1.177330,-3.737286
0.155536,-0.572321,-0.047723,0.595890,-0.391196,-5.964111
0.127669,-0.542250,-0.027693,0.032256,-0.847159,-6.593893
0.154926,-0.499483,-0.031235,1.853612,0.204760,-7.152180
0.122499,-0.434150,-0.027053,1.042354,0.104876,-3.921178
0.068654,-0.443344,-0.044306,2.725056,0.813928,-0.792345
0.049044,-0.435384,-0.024122,2.058639,0.643616,3.669402
0.068942,-0.396812,-0.032417,3.348093,1.539892,3.623933
0.027932,-0.333159,-0.045648,2.937817,2.788968,0.938092
-0.018150,-0.303656,-0.036090,3.783514,2.563635,-1.912786
-0.062319,-0.285777,-0.028753,2.850176,2.674726,-2.447247
-0.014957,-0.235851,-0.023206,3.037548,1.670162,0.285299
-0.058209,-0.208826,-0.013086,2.707187,1.127204,1.543480
-0.076516,-0.142859,-0.029446,2.216367,-0.891328,3.571071
-0.096640,-0.107412,-0.023232,2.115245,-0.100575,5.282495
-0.084653,-0.039860,-0.043866,1.314658,-1.009460,7.640319
-0.103448,-0.035113,-0.036454,2.086622,-0.557258,6.540242
-0.132799,-0.044550,-0.054041,0.650916,-1.791448,6.286208
-0.136699,-0.035957,-0.019976,1.243222,-3.203858,4.540288
-0.150669,-0.008131,-0.046886,0.240195,-2.231741,2.675412
-0.163110,0.004864,-0.034363,0.914781,-2.392873,0.266466
-0.183533,-0.009763,-0.052692,-0.329203,-1.695328,0.572612
-0.173535,-0.032467,-0.043400,0.395904,-0.953996,1.636031
-0.161006,-0.004317,-0.047000,-0.285577,-0.069862,-0.126774
-0.182581,0.002589,-0.042756,-0.126437,0.575183,-1.561331
-0.224934,0.019487,-0.052341,-0.990772,1.149915,-2.595573
-0.249096,0.010378,-0.026728,-0.841897,0.943581,-0.265908
-0.251880,0.014941,-0.046360,-1.043104,0.551169,0.231634
-0.282160,0.000390,-0.023807,-0.923226,-1.194819,0.450776
-0.276380,0.001256,-0.052558,-0.942297,1.155239,0.045510
-0.315188,0.035804,-0.041936,-1.563397,-1.839322,1.298495
-0.331991,0.043633,-0.046974,-1.171536,-1.192863,1.227899
-0.338395,0.055400,-0.050175,-1.432149,-1.125080,3.200126
-0.377896,0.017124,-0.027394,-1.373990,-2.542148,3.399035
-0.366086,0.052410,-0.051442,-1.440033,-2.149099,4.348773
-0.390195,0.029223,-0.016707,-0.673800,-2.747704,3.847616
-0.351160,0.040764,-0.047841,-1.237618,-2.029435,5.323257
-0.306992,0.035847,-0.022228,-0.007557,-1.266550,5.136553
-0.293570,0.024916,-0.052259,-0.095405,0.759860,5.564868
-0.286260,0.011649,-0.030697,1.404850,0.100457,3.666365
-0.282987,-0.002719,-0.036129,0.256036,1.269977,2.067463
-0.229815,0.001565,-0.006315,0.991541,-0.158350,2.306025
-0.192031,0.017504,-0.014586,1.017581,0.946837,1.369220
-0.183024,0.009177,-0.018880,1.602781,-0.955375,2.489103
-0.181514,-0.045942,-0.004447,2.155494,0.406765,2.479165
-0.130046,-0.052648,-0.035115,1.232686,-0.194759,4.105709
-0.069288,-0.041248,0.000743,2.377846,-0.268311,3.289440
-0.061748,-0.051043,-0.034015,1.755811,-0.849136,4.144191
-0.072396,-0.092858,-0.014514,2.085309,-4.655221,4.895614
-0.080028,-0.142478,-0.018903,1.814803,-1.865720,4.541537
-0.039966,-0.160161,-0.005238,2.258136,-2.199324,2.742574
-0.032820,-0.206237,-0.017852,2.032928,-2.339087,0.393021
-0.019125,-0.278027,-0.000134,2.395457,-1.480585,-0.863633
-0.020895,-0.283840,-0.029929,1.261223,-0.629114,-1.195954
-0.037412,-0.302816,0.012011,1.427072,-1.553399,-2.957511
-0.018203,-0.317839,-0.037760,1.111334,0.643494,-5.050962
-0.023997,-0.353004,-0.006078,0.727972,0.908873,-5.533710
-0.010660,-0.374872,-0.020784,0.536606,2.339963,-5.829129
-0.013164,-0.383958,-0.013884,0.072318,2.018458,-4.673051
-0.012534,-0.434895,-0.002477,0.835475,2.597773,-5.945458
0.015951,-0.444128,-0.024683,-0.592172,2.553791,-6.669771
0.024396,-0.471914,0.004261,0.018752,1.044598,-8.763507
0.049162,-0.452594,-0.036861,-0.297692,1.658772,-10.596365
0.071368,-0.477619,-0.005937,-0.330523,1.216345,-10.467679
0.107655,-0.460064,-0.064309,-1.053893,0.806937,-8.826081
0.110386,-0.424483,0.001081,-1.108218,-3.454462,-6.233401
0.157598,-0.399979,-0.018982,-0.677470,0.910366,-5.576473
0.194151,-0.367539,-0.022356,-0.938703,-0.270734,-5.027261
0.220683,-0.350736,-0.038469,-1.638279,-0.000937,-5.210099
0.257128,-0.282113,-0.022481,-1.127466,-1.569818,-5.917333
0.258546,-0.234147,-0.035738,-1.429342,-0.170656,-6.852143
0.312250,-0.190402,-0.048947,-1.522970,0.295785,-5.428378
0.350090,-0.148315,-0.035118,-0.311600,1.872793,-5.161699
0.374482,-0.093009,-0.048172,-0.865360,1.763127,-1.780465
0.350753,-0.034421,-0.026206,0.073253,2.246814,0.101927
0.356612,0.032922,-0.052774,-0.878168,2.622312,2.129646
0.374357,0.094084,-0.025458,0.307298,2.749874,1.764100
0.398745,0.176617,-0.054911,-0.535469,3.110076,1.932994
0.364953,0.204285,-0.038798,0.689124,2.191187,1.945910
0.362451,0.242919,-0.052574,0.340854,2.747150,5.891023
0.357098,0.283425,-0.027542,1.590018,1.178039,9.094998
0.365806,0.350206,-0.055476,0.806658,1.025238,12.438670
0.331931,0.356912,-0.022668,2.079203,0.547223,11.725199
0.326476,0.368496,-0.033296,1.257114,0.354426,12.955949
0.293238,0.360184,-0.020882,2.522782,-0.553549,10.982612
0.294456,0.371735,-0.042041,1.946603,-0.990231,8.252076
0.284146,0.365978,-0.032413,3.183796,0.603048,6.477093
0.312122,0.348125,-0.067168,2.311846,2.142117,7.518540
0.317912,0.328108,-0.038679,3.187821,1.859985,7.574322
0.294712,0.286051,-0.050293,2.244435,1.834313,8.208492
0.288501,0.237946,-0.040711,2.718140,0.719926,7.773937
0.310592,0.206727,-0.044227,1.037827,2.837627,7.976008
0.343666,0.176558,-0.005694,1.769089,3.405052,5.947721
0.327067,0.163251,-0.026275,-0.095172,2.209421,3.570464
0.312486,0.078177,-0.026771,0.149370,2.472941,1.659639
0.334472,0.055597,-0.028698,-1.117025,1.904259,1.932299
0.370113,0.027473,-0.016142,-1.189960,1.337887,1.757884
0.385511,0.026807,-0.045884,-2.099974,1.722487,1.680396
0.364483,-0.053547,-0.033421,-2.147303,0.648897,2.466892
0.367677,-0.104501,-0.055637,-2.137203,1.194314,2.277903
0.384217,-0.144819,-0.018085,-2.417208,-0.023740,1.840775
0.371754,-0.186965,-0.055962,-2.529809,0.021564,-2.017903
0.330937,-0.230881,-0.012233,-2.341088,-0.751145,-4.391477
0.302813,-0.273077,-0.048038,-1.918314,-0.400059,-6.502752
0.235047,-0.289781,-0.003337,-2.520772,-4.852420,-7.187815
0.239419,-0.320226,-0.028212,-1.173230,0.493474,-8.338359
0.213301,-0.311869,-0.030349,-1.469860,0.632501,-6.427425
0.177910,-0.335968,-0.015466,0.067686,2.023766,-5.420508
0.167777,-0.304473,-0.025996,-0.505867,2.338036,-4.479771
0.135310,-0.357761,0.004790,0.830893,1.494010,-4.368904
0.143490,-0.347234,-0.020344,0.407061,3.700432,-3.748700
0.093364,-0.351304,0.012625,1.607563,2.419759,-4.513060
0.064222,-0.309564,-0.031566,1.380940,2.367142,-5.358210
0.023438,-0.331636,0.009595,2.549630,1.715903,-4.270650
0.033883,-0.323364,-0.031146,3.116638,2.457773,-1.807520
-0.001121,-0.332364,0.018924,2.873629,-0.648992,0.849978
-0.010716,-0.310769,-0.021667,2.665884,0.980568,1.393622
-0.048529,-0.307175,0.007734,3.452041,-1.767860,1.205298
-0.039644,-0.311114,-0.016766,3.033077,-1.123646,0.523197
-0.013164,-0.283932,-0.002651,2.869057,-2.046283,0.757665
-0.082099,-0.308018,-0.003630,2.999284,-1.779608,0.485389
-0.108897,-0.279271,-0.028858,2.533844,-2.260975,1.739868
-0.122887,-0.274974,0.002955,2.854548,-0.704869,2.946834
-0.081636,-0.229322,-0.036401,1.720962,-0.735701,3.745579
-0.130827,-0.273897,0.016042,1.999109,0.247422,2.618468
-0.154808,-0.285186,-0.019224,0.650450,0.600790,2.973864
-0.187718,-0.319146,0.018868,0.780123,-0.540567,2.359319
-0.140681,-0.247004,-0.013923,0.038722,1.057784,0.700072
-0.168791,-0.245258,0.018589,0.338054,0.673890,-0.219143
-0.179144,-0.237774,-0.051941,-0.008814,1.839372,0.237602
-0.196833,-0.257298,0.002945,-0.658579,0.349161,1.995095
-0.191814,-0.234879,-0.037009,-0.535852,0.045565,1.547899
-0.215898,-0.227720,-0.006850,-0.568605,-1.310213,1.148537
-0.237572,-0.222235,-0.032118,-0.816311,-0.682158,-0.401588
-0.262935,-0.216809,0.012645,-0.610541,-2.704498,-0.632544
-0.255454,-0.187504,-0.030716,-0.546832,-2.646963,-0.946083
-0.276472,-0.195706,-0.006682,-0.461640,-3.369520,-1.567508
-0.283089,-0.190353,-0.019267,-0.261214,-2.728085,-2.349674
-0.302121,-0.143575,-0.002212,-0.834098,-4.626585,-2.711646
-0.287760,-0.107872,-0.037908,0.501644,-1.125619,-3.679195
-0.298497,-0.090445,-0.020734,-0.472301,-0.729560,-3.661831
-0.276157,-0.075684,-0.019359,0.381116,1.067559,-4.462999
-0.256948,-0.030560,-0.013362,-0.474277,0.999438,-3.948578
-0.244622,0.020688,-0.014064,-0.303062,1.886425,-4.692458
-0.242502,0.049147,-0.003003,-0.941874,-0.141504,-2.612639
-0.231118,0.082881,-0.020012,-0.767521,1.462919,-0.805210
-0.190026,0.137320,-0.013480,-1.218445,0.727216,1.692677
-0.165529,0.172288,0.000693,-0.112379,0.715734,1.099947
-0.153213,0.194828,-0.028031,-1.428417,-0.164869,1.750707
-0.153338,0.199214,-0.008045,-0.614490,-1.729348,2.289346
-0.104856,0.241537,-0.027431,-0.775763,-1.278291,3.595688
-0.074264,0.276758,-0.000436,-0.029248,-2.877033,4.286146
-0.025529,0.289651,-0.049219,-0.789454,-1.638296,5.933573
-0.039138,0.250771,0.006211,0.672055,-2.938608,6.651318
-0.026458,0.282571,-0.053214,0.137687,-1.955481,8.567760
-0.047400,0.249520,0.001317,1.049732,-3.069292,8.248326
-0.008004,0.256440,-0.044969,0.674356,-0.835619,9.238763
0.026451,0.233407,0.008269,1.156750,-0.979284,8.519227
0.071040,0.255297,-0.041601,1.053606,2.123519,6.864281
0.058439,0.208066,0.012179,1.715444,1.911523,5.475091
0.086477,0.178810,-0.037485,1.332317,3.449181,4.653260
0.114933,0.159145,0.002525,1.258167,2.765308,5.111270
0.159922,0.181961,-0.030598,0.828545,4.598261,5.236935
0.145331,0.140744,0.018881,1.305372,2.402274,4.940935
0.152707,0.093286,-0.027454,0.241544,2.382694,5.911326
0.173816,0.052452,0.026973,0.378021,-0.418421,6.788060
0.221054,0.034294,-0.011055,0.092761,0.298362,5.647529
0.237226,0.001965,0.005571,0.333613,-1.505219,3.758854
0.247665,-0.067160,-0.004759,0.633116,-0.000103,1.398768
0.269066,-0.084645,-0.029778,-0.105938,-1.052197,0.866134
0.293218,-0.135969,0.025666,0.540190,-1.064614,-1.273349
0.329263,-0.175260,-0.014925,-0.740417,0.216623,-2.039381
0.353198,-0.215194,0.020926,0.312077,0.812556,-3.029232
0.368721,-0.232076,-0.020170,-0.546487,1.554541,-4.587205
0.415716,-0.244425,0.008913,-0.175743,1.103226,-7.058113
0.450549,-0.304277,0.011614,-0.318466,3.979167,-9.040619
0.523990,-0.312266,-0.002842,-0.191922,4.273158,-7.915617
0.519585,-0.328028,0.030055,-0.028397,4.575917,-9.863246
0.516339,-0.312988,-0.022080,-0.799773,4.276907,-10.608662
0.493962,-0.345520,0.013426,-0.342106,3.872189,-12.251621
0.515019,-0.347457,-0.017642,-1.003376,3.521982,-9.801743
0.533247,-0.317022,-0.001421,-0.253937,1.898584,-9.484866
0.532213,-0.297459,-0.025960,-0.970647,1.803547,-7.823062
0.542638,-0.287759,-0.024805,-0.225987,1.056750,-6.255576
0.548930,-0.265166,-0.025908,-0.429317,2.274876,-5.541101
0.588887,-0.232880,-0.048773,-0.172293,0.935976,-4.481325
0.589215,-0.209969,-0.021972,-0.328077,2.000539,-5.365986
0.627272,-0.169992,-0.046196,-0.082013,2.443859,-4.355047
0.602604,-0.150264,-0.036887,-0.514628,2.559670,-3.662289
0.602723,-0.066877,-0.016031,-0.443028,1.582521,-1.766215
0.581203,-0.046618,-0.030162,-0.384089,3.214034,-0.083254
0.596565,0.005635,-0.021329,-0.181953,3.214313,3.180767
0.614641,0.017833,-0.021759,0.616018,4.173103,4.278503
0.614260,0.091037,-0.039139,0.075699,4.407765,4.268498
0.586839,0.103941,-0.009072,1.298213,4.080361,3.347937
0.576043,0.140300,-0.042435,0.304767,4.043027,4.734885
0.571868,0.145936,-0.004532,1.384479,0.870908,6.347183
0.581873,0.198419,-0.035420,0.875058,2.568634,8.027033
0.537192,0.195806,-0.011898,1.878942,0.658344,9.298055
0.510578,0.219243,-0.044709,1.842628,1.046948,10.566418
0.501798,0.238307,-0.019402,1.850322,-1.045225,11.630164
0.504259,0.255127,-0.022481,2.301651,0.925377,10.658729
0.502631,0.252343,-0.032489,1.781033,0.292454,10.728491
0.475486,0.227991,-0.008573,2.620323,0.613118,8.415727
0.467201,0.214746,-0.039799,1.613225,1.287499,7.291895
0.438529,0.193030,-0.021174,2.563708,0.703120,4.713053
0.415240,0.165427,-0.024224,1.451030,2.511924,4.648543
0.399697,0.119861,-0.022842,2.251190,1.986733,3.880197
0.357314,0.105474,-0.037708,0.963211,3.294933,1.909567
0.329794,0.073201,-0.037941,1.459817,3.018896,-0.051680
0.310323,0.031941,-0.015456,0.246727,3.684939,-1.407055
0.367398,0.006623,-0.011993,-0.047330,3.334952,-0.288805
0.328934,-0.024104,-0.013142,-1.187272,2.529675,-0.714430
0.311055,-0.027015,-0.023016,-1.314013,1.579252,-0.010117
0.258224,-0.089562,-0.004276,-1.339570,2.070068,-0.796511
0.292043,-0.095179,-0.028389,-1.944169,1.435954,-0.240169
0.277338,-0.140319,0.005033,-1.529177,1.070828,-1.849720
0.262045,-0.167638,-0.023534,-2.304949,0.137710,-2.611101
0.196324,-0.247188,0.010639,-1.299984,-1.095860,-3.791798
0.226306,-0.246131,-0.046804,-1.656851,0.407795,-4.634351
0.237729,-0.282274,0.000145,-0.307119,-0.636476,-5.458239
0.257932,-0.310211,-0.016599,-0.815207,0.141816,-6.074654
0.213110,-0.367946,0.014831,0.486936,-0.099453,-5.468253
0.201353,-0.382202,-0.021141,-0.165081,2.636440,-5.635152
0.191111,-0.359973,0.010511,0.850216,1.347400,-6.222204
0.182124,-0.382133,-0.010779,0.826028,2.409991,-6.746298
0.180696,-0.367926,-0.006682,0.763081,2.050085,-5.857814
0.122623,-0.381903,0.015510,1.055188,1.670421,-4.782301
0.102863,-0.343741,-0.002839,0.859213,1.405552,-2.137867
0.054972,-0.354540,0.028660,1.398150,1.027966,-1.335836
0.077224,-0.299894,-0.006745,0.370728,1.276220,2.101622
0.075396,-0.289634,0.016554,1.573518,1.299568,3.111356
0.046323,-0.281569,-0.009266,0.394085,0.911341,3.582031
0.015708,-0.276231,0.016459,1.365904,-0.043704,3.372631
0.012842,-0.275673,-0.020331,0.704860,0.007010,3.477413
-0.012190,-0.239737,0.032028,1.432048,-3.624988,2.962384
-0.064876,-0.239035,-0.002845,1.990443,-1.099490,2.713551
-0.090233,-0.241736,-0.000377,1.751784,-2.461538,4.125131
-0.083015,-0.254298,-0.010483,2.823546,-0.353274,3.590875
-0.067630,-0.222133,0.003565,1.865865,-0.639887,2.813045
-0.106215,-0.245590,0.005134,3.222510,0.374689,-0.065129
-0.109520,-0.251981,-0.022382,2.017330,0.689133,-0.599550
-0.096358,-0.250221,0.030672,2.631471,0.500242,-0.813919
-0.056575,-0.224635,0.000562,1.705117,1.754731,-1.781654
-0.078646,-0.239681,0.033298,1.747842,-0.186037,-1.676459
-0.099256,-0.261739,0.013127,1.301414,1.611925,-2.456491
-0.083343,-0.238995,-0.000866,1.121615,0.499001,-0.828828
-0.052829,-0.247461,0.005781,1.736448,0.851049,-1.372819
-0.021548,-0.230556,-0.023009,0.423906,1.111521,-1.404767
-0.028615,-0.259343,0.013416,0.855793,0.000107,-2.231653
-0.027735,-0.237663,-0.031186,-0.228321,-0.394035,-2.976589
-0.011884,-0.217768,0.007449,-0.531149,-2.619939,-3.764476
0.026711,-0.214059,-0.029292,-0.568024,-0.548402,-4.922024
0.055566,-0.206932,-0.029892,-1.093286,-0.687794,-2.998350
0.066412,-0.188866,-0.015374,-0.817167,-0.323404,-3.710344
0.079148,-0.152116,-0.016756,-1.949562,-0.585109,-3.544670
0.080286,-0.145305,-0.011117,-1.856308,0.120815,-5.314197
0.116827,-0.116669,-0.025579,-2.281604,0.435397,-4.590609
0.138599,-0.083949,-0.006577,-1.715357,0.909283,-4.853966
0.171381,-0.044288,-0.039001,-2.722619,2.645775,-3.259268
0.175241,-0.027846,-0.009006,-1.309960,2.193465,-2.069407
0.200667,-0.003290,-0.053559,-1.684552,2.804018,0.240190
0.249125,0.038079,-0.010421,-0.899996,2.555416,0.789542
0.249119,0.062208,-0.031796,-1.198882,2.531644,2.953864
0.262140,0.078016,-0.010447,-0.345366,0.972874,4.253638
0.275752,0.099171,-0.027234,0.020360,1.129367,3.832376
0.306378,0.158147,-0.047992,0.723287,0.182351,4.118868
0.269962,0.157074,-0.002569,1.673996,-0.405859,2.920550
0.254623,0.165254,-0.046935,1.302684,-0.469272,4.442633
0.296983,0.168631,-0.002018,2.570368,-0.530851,6.191537
0.344047,0.197238,-0.042520,2.111509,0.105860,7.342922
0.365616,0.196972,-0.001726,2.492144,-2.150806,7.236640
0.350736,0.148753,-0.041325,2.638413,1.818617,6.163752
0.394104,0.168444,-0.033520,2.600323,1.921009,6.237818
0.454901,0.161879,0.002361,2.713981,4.601901,4.487123
0.503911,0.168792,-0.022612,1.722918,3.948614,4.251797
0.492219,0.110089,0.026779,2.374164,4.656340,4.345281
0.543619,0.126750,-0.014586,0.945689,4.128272,6.263063
0.562976,0.078325,0.028670,0.827325,2.817565,6.116920
0.613794,0.059579,-0.014734,0.412477,4.160948,5.484264
0.630036,0.006085,0.010764,0.761092,2.941027,5.550121
0.650938,-0.028686,-0.009328,0.164689,3.107647,4.602577
0.658810,-0.078054,0.002111,0.304967,0.834463,2.883752
0.682049,-0.138671,-0.030985,0.313643,2.489528,-1.040344
0.701833,-0.197098,-0.012102,-0.145780,0.775750,-1.277489
0.725755,-0.247336,-0.021906,0.407947,1.090063,-2.540557
0.733751,-0.283528,-0.004549,0.129275,2.136961,-4.394494
0.754814,-0.353247,-0.018013,0.866533,2.056636,-6.434841
0.792841,-0.411918,-0.021020,0.195239,3.263651,-6.930267
0.815907,-0.440330,-0.021759,0.995087,4.154699,-7.606236
0.807859,-0.468632,-0.038653,-0.054295,6.526437,-8.557171
0.806848,-0.490772,0.000444,0.285325,5.260358,-9.846254
0.828942,-0.501630,-0.022133,-0.575094,6.257517,-9.887999
0.841290,-0.486091,0.016291,-0.354816,4.382303,-9.765088
0.813793,-0.512807,-0.024460,-0.497822,6.140656,-9.056499
0.799239,-0.507916,-0.006604,-0.760965,4.024054,-7.526534
0.811768,-0.508963,-0.013802,-0.362526,4.900843,-7.694244
0.825065,-0.470568,-0.019369,-0.744100,3.072640,-7.490033
0.784878,-0.463636,-0.010867,0.034668,2.952584,-8.383760
0.737844,-0.441775,-0.034058,-0.928478,1.644608,-6.715675
0.726897,-0.400442,-0.017196,0.355494,1.360467,-5.055307
0.723615,-0.350260,-0.030191,-0.494031,1.133326,-3.831198
0.715166,-0.316100,-0.017728,0.079424,0.116794,-1.217563
0.666225,-0.301155,-0.041814,0.405883,1.657325,0.165390
0.650472,-0.279022,-0.043879,0.786160,1.593245,3.159308
0.637786,-0.243601,-0.039372,1.402867,3.031652,2.522189
0.640257,-0.219764,-0.031668,1.485706,3.649403,2.705011
0.636657,-0.217164,-0.030080,2.957509,5.147922,0.010319
0.613594,-0.175539,-0.020298,2.158596,5.367566,-0.158685
0.594215,-0.153032,-0.001772,3.318636,5.856449,-0.234704
0.567010,-0.145728,0.002384,2.461033,4.764214,1.199626
0.596365,-0.115750,-0.007381,3.568564,4.753438,4.183366
0.581768,-0.089982,-0.024588,2.930422,4.769036,6.279649
0.542336,-0.066602,-0.013936,3.432146,2.564649,6.515203
0.510831,-0.069799,-0.043731,2.654471,2.010905,6.744432
0.543498,-0.042843,-0.038220,2.495082,2.926781,8.002528
0.543202,-0.043575,-0.031950,2.696282,0.333071,7.263494
0.469433,-0.017513,-0.037767,1.438734,-1.147709,7.163621
0.389545,-0.074864,-0.024135,2.212802,-0.912900,6.356130
0.395161,-0.061681,-0.045116,0.654704,-1.030083,6.904481
0.406925,-0.098628,-0.009134,1.501426,-1.702386,5.987086
0.388340,-0.108023,-0.045392,0.298593,0.648083,4.741656
0.324592,-0.180745,-0.019950,0.911017,0.286158,3.876651
0.306502,-0.179948,-0.035289,0.633208,4.028302,2.315214
0.334626,-0.195201,-0.033474,0.423050,3.947925,0.452998
0.316891,-0.213543,-0.010565,0.543036,4.790041,-2.551688
0.257131,-0.268531,-0.024102,0.003272,4.395222,-3.111469
0.185817,-0.291308,-0.011504,0.253476,4.177886,-4.106699
0.177050,-0.277229,-0.024040,-0.669956,3.027887,-3.829245
0.192644,-0.285842,-0.001663,-0.070380,2.127852,-4.449294
0.151007,-0.331370,-0.026590,-0.382589,1.654853,-3.912576
0.123982,-0.330979,-0.021499,-0.203072,-0.064629,-1.935941
0.087928,-0.357291,-0.026548,0.026278,0.041285,-1.986743
0.113836,-0.374744,-0.027815,-0.060007,-1.356229,-2.028026
0.116236,-0.410093,-0.023114,0.467116,-0.996425,-3.163864
0.077670,-0.378138,-0.006229,-0.153524,-2.268948,-3.306566
0.029753,-0.396178,-0.007854,0.600058,-1.358432,-4.004361
0.025263,-0.379244,0.004219,0.050207,-3.998418,-3.852981
0.037667,-0.391799,-0.010168,0.848641,-0.469620,-3.318305
0.037418,-0.374448,-0.030070,1.058510,0.763714,-2.679296
-0.012314,-0.386364,0.031817,1.549087,1.195758,-2.597397
-0.021604,-0.373362,-0.030779,0.810177,3.232120,-2.658900
-0.011868,-0.366049,0.020848,1.222615,1.978173,-3.048477
0.015511,-0.327680,0.007842,0.997588,3.577593,-2.930033
-0.005651,-0.324759,0.045164,1.070983,0.592416,-1.051871
-0.030666,-0.350769,0.004892,1.645781,2.219124,0.900737
-0.017704,-0.322084,-0.001430,1.387719,1.544399,4.063965
-0.045014,-0.330310,0.008085,2.593102,0.071211,4.138952
-0.047377,-0.311170,-0.007779,2.104173,-0.338733,4.541333
-0.069796,-0.355341,-0.001329,3.405197,-1.035955,4.471844
-0.048487,-0.342717,-0.030066,2.375667,-2.162104,3.646951
-0.046803,-0.353234,0.041606,3.220934,-2.224641,2.553445
-0.021988,-0.352679,-0.018982,2.513884,-1.673773,1.748989
-0.016151,-0.384860,0.026057,3.124066,-1.689571,2.269141
0.015383,-0.376234,0.004800,2.585874,-0.548280,1.304590
0.003169,-0.359986,0.028128,2.518529,-1.381022,1.797474
-0.026183,-0.383216,-0.009236,2.460200,0.827751,-0.218961
-0.030122,-0.388185,0.003638,1.863347,0.143549,-0.509415
-0.005605,-0.413638,0.007990,2.561023,2.037565,-3.217902
0.029468,-0.376638,-0.007621,1.093018,2.335529,-3.183768
0.007088,-0.425057,0.002548,1.965067,4.166844,-5.611818
0.037001,-0.412315,-0.031071,0.249346,3.289136,-5.024848
0.051066,-0.420202,0.030311,0.577072,1.485771,-4.823726
0.099509,-0.371054,0.000316,-0.849561,1.692785,-3.592663
0.090193,-0.371865,0.011607,-0.791134,0.083655,-2.773019
0.097569,-0.361315,-0.008691,-1.334358,0.458739,-3.294093
0.113117,-0.327710,0.010537,-1.451735,-1.677577,-3.540026
0.154598,-0.288721,-0.013900,-1.427057,-0.386571,-5.567979
0.152595,-0.266013,-0.007168,-2.016859,-1.704401,-6.139599
0.166802,-0.249745,-0.015072,-1.418553,-0.908620,-7.156775
0.183726,-0.196849,-0.011924,-2.112394,-1.151520,-6.241066
0.213380,-0.185945,-0.005455,-1.387947,-0.466226,-6.813175
0.234364,-0.141802,-0.009013,-2.198066,0.091851,-4.591768
0.265643,-0.098198,-0.007782,-1.168178,1.325197,-3.239788
0.276284,-0.055323,-0.022175,-1.743435,1.953092,-3.155944
0.287284,-0.021363,-0.008934,-0.290828,3.529525,-2.995187
0.307960,0.024923,-0.024690,-0.749710,4.413804,-0.813682
0.328429,0.059431,-0.010808,0.490806,3.622819,0.181242
0.325045,0.120186,0.000257,0.809809,3.369050,1.735335
0.332627,0.160701,-0.023725,0.666944,2.652504,3.852156
0.341047,0.176207,-0.017413,1.393853,2.548966,6.271836
0.407805,0.222292,-0.024082,1.046312,2.079833,9.163659
0.413336,0.214884,0.000214,2.357659,0.558377,7.836149
0.427027,0.241705,-0.019940,1.958938,1.182008,7.263192
0.429735,0.230479,-0.021434,2.790823,0.216853,7.393867
0.439155,0.233755,-0.036526,1.741615,-0.314663,5.452806
0.480623,0.236246,-0.002192,2.565841,0.191296,5.639023
0.478712,0.236860,-0.021447,1.783942,1.296479,7.109982
0.484726,0.206885,-0.021407,2.518377,1.185333,8.088593
0.508290,0.194510,-0.011025,1.022728,2.246240,8.783450
0.584213,0.198317,-0.007887,1.540418,2.805452,8.685060
0.580130,0.134861,-0.002228,0.628304,3.098528,5.922396
0.607055,0.126101,-0.013208,0.011616,2.990283,6.312938
0.588119,0.072925,0.019160,0.865181,4.403524,3.423289
0.626442,0.083028,-0.041214,-1.195130,4.396099,3.291782
0.640615,0.031405,0.018202,-0.220101,3.839342,2.995940
0.666825,0.001525,-0.012335,-1.406690,3.487477,4.031971
0.616893,-0.061071,0.014581,-0.789923,1.679612,2.971136
0.625605,-0.089365,-0.021319,-1.097648,3.045422,1.492456
0.625677,-0.148410,0.005446,-0.736629,0.601026,-1.312482
0.665053,-0.173652,-0.028405,-1.429296,2.387053,-3.677235
0.635603,-0.221900,0.003520,0.162473,0.782157,-6.759183
0.629071,-0.259675,-0.016251,-1.055695,1.512063,-7.482012
0.622558,-0.310818,0.028863,-0.047721,-1.471512,-7.193514
0.676111,-0.339392,-0.016241,-0.600421,3.105572,-6.357489
0.667137,-0.352909,-0.000229,0.734438,3.452703,-6.401913
0.662089,-0.387358,-0.022747,0.431489,5.528100,-6.962111
0.626770,-0.419221,0.002935,0.906599,4.069920,-8.326657
0.639470,-0.421991,-0.015653,-0.033222,5.658058,-10.550027
0.636404,-0.406577,0.021399,1.159274,4.545775,-11.871796
0.621291,-0.391928,-0.005990,0.255842,5.411869,-12.781522
0.609885,-0.387959,0.015645,0.515319,6.779585,-10.380494
0.601475,-0.368671,-0.000495,-0.046677,3.807098,-6.800282
0.595324,-0.341335,0.018159,0.054649,1.379719,-2.979625
0.568057,-0.332000,-0.012847,0.420414,4.181460,-1.674111
0.522900,-0.316586,-0.002573,-0.293093,0.491764,0.079997
0.507338,-0.298972,0.017424,0.690155,1.112190,-1.152946
0.462973,-0.268984,0.003799,-0.039114,-0.391170,-2.252233
0.422231,-0.266259,0.018435,0.873994,0.245065,-3.482939
0.408130,-0.228193,0.000677,0.313577,0.001830,-1.265009
0.422573,-0.195953,0.003940,0.988220,1.091107,1.042552
0.415230,-0.138454,0.006431,0.356659,1.184260,3.130823
0.380318,-0.155507,-0.005858,1.237239,2.336074,4.567270
0.374098,-0.124819,-0.028809,0.399121,3.763041,5.893211
0.328649,-0.115182,0.004553,1.925326,2.887060,5.418093
0.292437,-0.065683,-0.017820,0.809954,3.304196,4.008997
0.267546,-0.057988,0.017348,1.873549,2.572741,2.943979
0.256288,-0.028627,-0.019956,1.097505,2.998460,3.092187
0.254023,-0.010393,0.004704,1.967299,2.270753,4.859830
0.215119,0.015834,-0.022763,1.438567,1.495622,5.456573
0.191105,-0.002364,0.008144,1.754249,0.127124,7.141964
0.193895,0.013152,-0.010897,2.051270,0.609659,6.657072
0.186490,0.022165,-0.008895,1.093412,-0.272214,6.181565
0.143234,0.005504,-0.007418,1.906688,-1.286061,3.764291
0.085417,0.018456,-0.005921,0.437006,-2.188341,2.733784
0.075455,0.012968,0.010583,0.918415,-1.821381,1.397342
0.069504,0.045070,-0.007296,0.094238,-0.596637,1.353928
0.059522,0.032423,0.006191,0.498030,-0.369781,1.755922
0.041872,0.019405,0.006661,0.128227,-0.057878,2.387844
0.051874,0.008333,0.009851,0.086120,1.657367,2.136494
0.025509,0.013277,0.000460,-0.695474,1.834169,-0.520900
0.038432,-0.013045,0.017276,-0.350414,2.220919,-1.987034
0.021065,-0.034004,-0.015719,-0.945038,2.692786,-3.694687
0.024895,-0.042098,0.006388,-1.261133,1.632319,-3.563044
-0.017868,-0.070150,0.002551,-0.590292,1.483102,-5.205699
-0.018906,-0.074735,-0.011527,-0.893458,0.498765,-3.719266
-0.038889,-0.077939,0.017109,-0.497638,0.096748,-4.421022
-0.023012,-0.048266,-0.002543,-1.765986,-0.690180,-2.286783
-0.041072,-0.057391,0.011246,-0.478587,-0.732389,-2.109837
-0.060245,-0.070422,-0.018181,-1.701715,-1.929642,-0.117735
-0.076493,-0.069861,0.024544,-0.720325,-3.418723,0.227706
-0.076463,-0.055340,-0.017045,-1.404238,-1.859506,-0.100506
-0.098862,-0.061849,0.029930,-0.515170,-3.394735,-0.255483
-0.101521,-0.071138,-0.001631,-0.781425,-1.346323,-0.618173
-0.102969,-0.086887,0.014214,-0.162032,-2.074657,0.127040
-0.089228,-0.085600,0.005262,0.231375,0.807219,-1.004660
-0.095271,-0.041658,0.011384,0.204774,1.091895,0.245236
-0.086314,-0.055290,0.015277,0.752219,2.331035,0.077543
-0.052849,-0.025029,0.015520,0.426240,2.579197,2.794054
-0.045585,-0.032569,0.026273,1.191094,2.858359,3.618147
-0.037271,-0.005722,0.006910,0.851516,2.620274,4.495224
-0.062007,-0.026379,0.031056,1.008203,1.312478,2.774885
-0.026235,0.007841,0.001878,0.903405,0.838415,3.202206
-0.029301,-0.024645,0.029310,1.879329,-0.432387,2.039566
-0.013732,0.001079,-0.003761,0.924773,-1.554292,3.138061
-0.013949,-0.029517,0.012717,2.073610,-1.709108,4.055953
0.036827,-0.003628,0.003513,1.151111,-1.793565,4.840220
0.048883,-0.033856,0.034086,2.197965,-2.031791,4.200480
0.046392,-0.047678,0.009651,1.254182,-1.605104,3.566080
0.078465,-0.068955,0.043444,1.813605,-1.117472,3.317652
0.074605,-0.085725,0.014805,1.348264,-0.491025,0.146304
0.111591,-0.082617,0.035530,1.378679,-0.702174,-1.731411
0.109868,-0.121008,0.031243,1.505184,1.506982,-4.677876
0.150737,-0.126710,0.021228,1.083476,1.851704,-3.667121
0.176140,-0.143864,0.042105,1.462946,4.186115,-3.883925
0.203634,-0.142922,-0.018342,0.276948,3.389319,-4.095435
0.201392,-0.176429,0.046185,0.807206,3.733224,-5.543860
0.233524,-0.164802,-0.001854,-0.511838,2.959934,-6.003788
0.247326,-0.179449,0.028397,-0.328392,1.671084,-7.534041
0.294728,-0.151748,-0.005629,-1.118653,3.572890,-8.017341
0.293176,-0.166509,0.002413,-1.282131,0.802935,-7.172457
0.269690,-0.150199,-0.000633,-1.591504,-0.267468,-7.153281
0.276406,-0.130455,-0.012748,-2.144927,-0.736469,-4.698155
0.279711,-0.121041,0.005699,-1.403040,-1.063049,-4.792889
0.307838,-0.129729,-0.009495,-2.311254,-0.969719,-3.374451
0.326814,-0.097545,0.010941,-1.706104,-0.022913,-3.984276
0.340118,-0.043122,-0.002018,-2.717627,-0.032025,-4.591672
0.336852,-0.017848,0.031913,-2.200065,0.136141,-5.952657
0.403347,0.030641,-0.022842,-2.104477,3.466105,-5.387233
0.422602,0.060232,0.025423,-1.754769,3.236578,-4.261882
0.437458,0.109807,-0.034826,-1.908391,4.511270,-3.142134
0.395095,0.150371,0.005863,-1.842168,3.857582,-1.731983
0.426118,0.199864,-0.006751,-0.854351,4.960809,-1.353800
0.450224,0.281019,-0.010047,-1.696542,4.002672,1.001933
0.482418,0.322108,-0.022888,-0.213560,2.726401,1.320416
0.483908,0.351013,-0.019579,-0.313773,3.975740,4.512643
0.483587,0.382315,-0.001956,0.140513,1.063820,7.024723
0.522933,0.435172,-0.029469,0.124741,1.583049,9.490589
0.539628,0.491672,-0.002323,1.050487,0.071441,9.793978
0.532853,0.479048,-0.051222,1.159596,1.652023,10.054515
0.540015,0.479767,-0.022280,1.577886,-0.369434,11.491593
0.544016,0.473947,-0.017084,2.196176,0.198015,10.860820
0.573194,0.492017,-0.013503,1.908195,-0.122552,9.156614
0.575725,0.469972,0.000490,2.710032,1.369448,7.625731
0.590374,0.466749,-0.035876,2.201192,3.904399,5.844453
0.599713,0.425764,-0.006728,3.193381,3.596621,5.214721
0.574894,0.413005,-0.031061,1.824634,3.893150,4.825339
0.565388,0.365981,0.013692,1.950115,1.878534,5.210763
0.550033,0.356055,-0.021867,1.391828,3.948282,5.684005
0.532882,0.315908,0.009966,1.078345,2.636991,6.878206
0.473555,0.251486,-0.005005,0.793187,3.203855,4.297716
0.473513,0.187134,0.003362,0.099358,2.175490,3.680760
0.482106,0.131307,0.008144,0.293636,2.191777,1.192580
0.485129,0.097921,0.009569,-1.173266,1.441681,0.393963
0.424949,0.032758,0.040408,-0.757702,-0.285078,-0.432470
0.387707,-0.042597,0.006415,-1.963910,0.117976,-1.131547
0.381943,-0.109533,0.019065,-1.023751,-0.150173,-0.657168
0.386331,-0.125275,-0.007565,-1.633506,0.486088,-1.794258
0.317213,-0.164431,0.024058,-1.805769,-0.833212,-4.780139
0.261966,-0.227707,0.003615,-1.731510,0.925623,-7.417113
0.231436,-0.256343,0.022784,-2.105741,-0.035225,-8.037206
0.232575,-0.286958,0.003145,-1.658108,2.266811,-9.398358
0.247248,-0.313864,0.007737,-2.186420,3.403237,-10.539668
0.273790,-0.324093,0.015267,-1.291791,4.197689,-9.045031
0.334780,-0.321598,0.024287,-1.900562,4.867529,-8.398994
0.381769,-0.354321,0.028341,-0.690386,6.205648,-7.356240
0.412758,-0.357189,0.003188,-1.154162,7.057404,-6.760388
0.435761,-0.372328,0.038711,-0.074315,5.239049,-6.314465
0.486574,-0.313293,0.010931,-0.833861,5.306795,-7.305791
0.493037,-0.280505,0.052828,0.055016,2.986814,-6.569776
0.477609,-0.267392,0.010357,0.617961,1.019668,-5.392398
0.455125,-0.249663,0.025656,0.553146,-1.495159,-1.342886
0.487759,-0.191764,-0.016339,1.427925,-1.911900,-0.046254
0.518029,-0.161241,0.024662,0.785444,-2.263722,0.947541
0.539345,-0.162918,0.020654,2.397449,-1.260881,0.143899
0.506639,-0.143975,0.009572,1.582525,-1.814011,0.845204
0.474970,-0.124573,0.037161,2.405229,-1.058315,0.980833
0.468724,-0.082124,0.025942,2.008779,0.867419,0.962917
0.439284,-0.066986,0.018927,2.897437,1.213650,0.278600
0.394560,-0.043802,0.005410,2.367999,2.865590,1.652995
0.333724,-0.041452,0.006927,3.113615,3.265086,2.827985
0.256284,-0.040618,0.015389,2.005572,4.995840,3.857071
0.240332,-0.022489,0.027445,2.107748,4.349363,4.163105
0.230708,-0.002788,-0.015538,2.089356,4.863987,2.848656
0.204990,0.047299,0.006356,1.285169,3.494242,2.715765
0.112336,0.032003,0.020585,1.222349,3.244741,2.010758
0.104426,0.056969,-0.017915,0.267242,1.947114,4.558160
0.113836,0.055755,0.016364,0.820159,1.282470,4.734221
0.144215,0.075114,-0.006807,-0.747980,0.408376,4.722312
0.083027,0.044516,0.009418,0.586246,-0.903900,3.114150
0.071220,0.028185,-0.002271,-1.075039,-1.441685,3.584546
0.107180,0.023899,0.019551,-0.333605,-2.879678,2.148010
0.168259,0.035732,-0.002694,-0.474300,-1.436127,0.904216
0.165991,0.037737,0.003513,-1.015197,-1.904692,-0.707149
0.161717,-0.001160,0.014624,0.088750,0.356957,-0.694358
0.205246,0.029981,-0.003242,-1.367274,0.766655,0.544432
0.253987,-0.009113,0.024350,-0.047865,2.196324,-1.290191
0.301749,0.004903,-0.028061,-1.245049,3.222279,-2.424637
0.300282,-0.006569,0.029421,-0.625446,3.823346,-3.880169
0.326761,0.016099,-0.015210,-1.228933,4.423080,-5.147860
0.376858,0.035331,0.013892,-1.138833,3.956072,-4.931681
0.424306,0.036828,-0.024595,-0.340058,3.801337,-4.119690
0.421558,0.064062,-0.007700,-1.482261,2.279465,-1.367355
0.393382,0.099382,0.016626,-0.519811,-1.255849,0.154524
0.372995,0.075764,-0.034104,-1.371525,0.646297,0.064020
0.412942,0.054182,-0.025136,0.016605,-1.642501,0.516696
0.422083,0.044614,0.007590,-0.896090,-1.300494,-1.120508
0.423879,0.079103,-0.021860,0.215320,-1.345788,-2.235544
0.379090,0.108930,-0.022031,-0.142393,-1.242257,-2.347243
0.406246,0.149055,-0.031560,-0.525145,-0.503817,-0.099767
0.420452,0.132577,0.001606,-0.156288,1.301019,2.552910
0.445336,0.193817,0.002420,-1.215399,1.247010,6.686446
0.389016,0.143136,0.002446,0.296679,2.433703,7.759015
0.363656,0.174845,-0.004559,-0.244185,3.298258,7.495001
0.352581,0.122670,0.024645,1.633836,4.386783,4.041235
0.393077,0.149806,0.006845,0.519366,3.972008,2.551409
0.349341,0.062789,0.015648,2.274945,4.141999,-0.395368
0.344244,0.070145,-0.015548,1.436972,4.845593,-0.090990
0.347129,0.068277,0.037115,2.013847,2.405471,2.220224
0.371006,0.081893,-0.030608,2.387661,2.509537,4.039484
0.360265,0.027480,-0.004736,2.846093,1.646167,7.591723
0.356330,0.006505,-0.013195,2.609229,2.486111,9.687600
0.352995,-0.048991,-0.004257,2.576660,-0.494251,9.071724
0.351826,-0.063221,0.005958,3.248464,0.019467,5.247101
0.372607,-0.096856,0.007990,2.228561,-0.746198,2.974929
0.367155,-0.151975,0.005151,2.058961,-0.370464,0.053710
0.393730,-0.195812,-0.003587,1.866699,-0.051933,-0.533311
0.407080,-0.234866,0.007111,2.561377,1.364298,-2.211415
0.439362,-0.268078,-0.022169,0.932264,3.931355,-2.398322
0.437629,-0.306581,0.024107,1.413132,2.779052,-2.334666
0.431560,-0.347556,0.009753,0.455812,4.017549,-3.807712
0.425917,-0.376887,0.010291,0.159953,3.738840,-4.777020
0.449902,-0.396122,0.022131,0.450389,4.692112,-7.061354
0.456480,-0.411169,0.021520,-1.184377,4.096695,-8.402253
0.455686,-0.420314,0.019722,-0.007718,4.352216,-11.530689
0.463633,-0.411744,0.006605,-1.423259,3.822467,-10.377762
0.458860,-0.428760,0.009976,-1.218205,3.165733,-9.958243
0.486130,-0.393319,0.006877,-2.396919,1.416787,-7.220705
0.437682,-0.390457,0.023145,-1.508711,0.469436,-9.154155
0.440462,-0.349610,-0.012873,-2.785671,0.165877,-7.780540
0.443629,-0.340712,0.005752,-1.436737,-0.016010,-7.348065
0.437101,-0.302507,-0.012348,-2.528673,-0.271000,-5.474820
0.428090,-0.268462,0.013872,-1.586643,-0.507929,-5.721677
0.450204,-0.221401,-0.014104,-1.609889,2.024554,-5.870486
0.458604,-0.185406,0.010731,-0.672116,1.425016,-5.001579
0.477974,-0.163407,-0.007316,-0.031909,3.254096,-4.818563
0.499723,-0.125482,0.009359,0.720885,4.054427,-3.349889
0.505441,-0.093386,-0.024227,0.696582,6.376692,-1.596548
0.485287,-0.049418,0.014844,1.585886,4.603273,0.080768
0.484512,0.003905,-0.008849,1.369209,4.937898,1.276408
0.492397,0.069347,0.010954,2.357771,4.389767,3.052243
0.460570,0.081538,-0.005921,2.558394,3.110082,3.814950
0.463084,0.113319,-0.004989,2.877982,1.500332,6.143233
0.459556,0.156299,-0.008714,2.773134,3.143570,7.038619
0.464998,0.201475,-0.012131,2.401152,0.298438,7.995378
0.435752,0.214382,-0.005599,2.264773,0.541597,8.389240
0.455466,0.210627,0.000345,2.166841,-0.752957,11.267447
0.421164,0.202260,0.004117,1.891983,-1.104765,12.476727
0.433401,0.220697,0.006001,1.590455,-0.467188,13.287387
0.404227,0.218990,0.004045,1.575123,0.391856,12.055136
0.426324,0.235353,-0.005094,0.521834,0.631907,11.295495
0.396861,0.209721,-0.005940,0.405600,1.895876,9.088514
0.389499,0.182900,-0.007194,0.767788,3.170958,9.678939
0.347447,0.109248,0.000723,0.326956,3.650496,9.163531
0.380154,0.093713,-0.005474,0.095892,4.094157,8.609876
0.339527,0.032226,0.018090,0.827594,3.292527,6.093112
0.307031,0.006351,0.004773,-0.151837,2.756787,4.457177
0.271420,-0.080066,0.006871,0.711914,2.950191,2.008901
0.306945,-0.102183,-0.002228,-0.324316,1.820009,0.356995
0.317617,-0.153291,-0.005760,0.741561,3.028921,-2.441674
0.289201,-0.173031,0.000247,-0.258401,0.625401,-3.100105
0.283085,-0.242146,0.004028,0.708957,1.170693,-2.074723
0.296750,-0.266975,0.020191,0.069009,-0.172175,0.730598
0.306985,-0.343594,0.022919,0.369024,-0.419592,0.640798
0.277436,-0.396451,0.027439,-0.395091,-1.356439,-0.678217
0.287110,-0.454921,0.021386,1.146719,-0.025266,-4.141289
0.292358,-0.478101,-0.013129,0.216135,1.973430,-8.469447
0.322248,-0.505808,0.011276,1.417648,0.790341,-12.937587
0.324060,-0.522171,0.014168,0.651514,2.084097,-13.670369
0.340479,-0.537198,0.024977,1.253418,2.834016,-10.763736
0.344743,-0.548191,0.014883,0.285798,3.405525,-7.819496
0.360814,-0.557077,0.029989,0.890689,3.188556,-5.146953
0.363712,-0.579788,0.012169,0.112272,3.734031,-3.671168
0.374672,-0.568700,0.028633,0.315770,2.257108,-3.943817
0.358664,-0.564151,0.025495,0.271306,2.343669,-6.002357
0.338165,-0.526819,0.005092,0.005832,1.276627,-7.257136
0.320617,-0.527377,0.012490,0.570379,1.403195,-6.853281
0.328541,-0.495196,0.006950,0.153466,0.372572,-3.318491
0.334646,-0.492423,0.021471,1.062666,2.069829,0.076818
0.312188,-0.463971,0.014109,0.086797,0.137940,3.004585
0.319967,-0.480032,0.025689,1.159895,0.161104,2.815317
0.353152,-0.439507,0.018057,0.745024,1.235505,1.931264
0.362310,-0.402435,0.025216,1.843439,1.563050,0.324041
0.340439,-0.365271,0.013771,1.028509,1.277523,-0.345368
0.343899,-0.354744,-0.000016,2.617061,2.232972,1.051064
0.374469,-0.312693,0.009474,1.593173,3.361980,4.024330
0.384362,-0.294255,0.022410,3.278840,2.204093,4.689864
0.337275,-0.293280,0.011969,2.521860,2.744150,4.329612
0.335995,-0.282504,0.004980,2.852510,3.547625,4.449933
0.316238,-0.271341,0.039561,2.897434,1.835653,1.261624
0.352647,-0.201198,-0.001670,2.311860,1.582094,0.167223
0.313766,-0.192102,0.033212,2.602562,0.914479,-0.559950
0.315742,-0.149516,-0.008530,1.754508,0.444766,2.773311
0.326338,-0.123519,0.023670,2.516044,1.858387,5.311194
0.347779,-0.103381,-0.024903,1.072864,1.343084,7.337608
0.359051,-0.109943,0.021648,1.624396,1.504228,6.565786
0.365258,-0.098724,-0.017866,0.696414,1.740544,3.553970
0.376904,-0.069008,0.010491,0.768726,0.905459,-0.143822
0.385842,-0.052746,-0.014915,-0.055090,3.155117,-3.203075
0.398729,-0.052320,-0.007240,0.006357,1.818033,-3.443077
0.388406,-0.053725,-0.011803,-0.591050,4.338656,-1.822944
0.391619,-0.018560,-0.018338,-0.397731,1.835915,0.329049
0.366781,-0.042968,0.003090,-0.625338,2.644787,-0.229399
0.396664,-0.018763,-0.016208,-1.410537,2.487046,0.466472
0.409134,-0.031210,0.000191,-0.620116,2.524827,-0.909126
0.423416,0.011872,-0.012669,-2.005535,2.039098,-2.069114
0.417633,-0.011309,0.009648,-0.930615,1.283711,-2.757244
0.434229,-0.002299,-0.020892,-1.621900,2.445087,-1.654564
0.459720,-0.007436,0.012293,-0.695783,2.139449,-0.105551
0.489817,0.042313,-0.012125,-1.390215,2.181835,1.566927
0.488231,0.020649,0.001717,-0.365372,1.900665,2.175173
0.500826,0.023304,-0.035157,-0.700086,3.515092,2.736707
0.502566,0.037685,0.017752,-0.418801,1.640515,2.336272
0.522894,0.050325,-0.003098,-0.199041,2.188768,1.457668
0.528563,0.059569,0.012169,-0.340915,1.988795,2.229961
0.529564,0.039763,0.014634,0.154714,1.864223,3.476457
0.557258,0.080931,0.003549,0.154244,1.448673,6.378396
0.577271,0.061686,0.001622,1.417563,3.277687,6.470265
0.546216,0.048645,0.007826,1.045459,1.609358,6.484836
0.528599,0.007650,0.014276,1.772125,2.843630,5.465570
0.568119,0.029515,-0.007306,1.461721,2.292273,5.415992
0.551474,-0.005936,0.026992,2.038498,1.812810,3.834293
0.551881,-0.002847,0.007212,1.637952,2.479050,4.044018
0.507870,-0.044012,0.036035,1.992121,2.278404,4.617621
0.557839,-0.021540,-0.008228,1.577024,2.838372,6.947697
0.567095,-0.057598,0.045771,1.819100,2.652727,6.615866
0.592239,-0.067744,-0.017173,0.967511,4.201079,6.846156
0.564860,-0.116593,0.045942,1.741004,3.481667,5.108190
0.579010,-0.132871,-0.009807,0.945794,3.580866,3.598055
0.578620,-0.193494,0.045354,1.580877,2.740962,0.631197
0.591388,-0.237167,-0.003774,1.200810,3.056808,-0.986378
0.579483,-0.292588,0.043569,1.609861,1.465220,-1.215774
0.571283,-0.313684,0.005686,1.804753,2.382560,-2.249214
0.565083,-0.347273,0.031207,1.321125,1.039209,-2.896110
0.611950,-0.389984,0.016978,1.457848,3.088346,-4.550251
0.605575,-0.436493,0.016935,1.045239,1.711101,-3.734814
0.579309,-0.428497,0.010790,0.798295,2.871072,-5.037290
0.555285,-0.462917,0.050429,0.573422,1.181854,-6.175781
0.559394,-0.493174,0.024911,0.092367,2.616141,-6.824528
0.581794,-0.510391,0.032241,0.229521,2.682115,-6.182486
0.540369,-0.534842,0.032825,0.518572,2.534553,-7.552068
0.515905,-0.546350,0.018107,-0.399782,2.743999,-7.444431
0.495272,-0.556168,0.028463,0.885122,3.117310,-9.150978
0.523839,-0.541347,0.004396,-0.523947,3.089781,-7.787022
0.512475,-0.540852,0.030376,0.434873,2.844113,-8.086443
0.463009,-0.536260,0.005171,-0.344450,2.586402,-6.662969
0.425888,-0.513621,0.017194,0.174395,2.403282,-5.872585
0.415000,-0.465986,0.007183,-0.616315,2.047475,-4.970338
0.404135,-0.425208,-0.000377,0.414387,1.914316,-5.666331
0.386594,-0.399415,-0.019142,-0.844779,3.047023,-4.515748
0.391573,-0.359533,-0.027890,0.584943,7.317699,-3.516935
0.369312,-0.316372,-0.015128,-0.578100,1.855282,-1.273126
0.387756,-0.245600,0.013117,0.181298,1.748212,-0.391749
0.390854,-0.215966,-0.015322,-0.508519,2.737526,1.055058
0.419165,-0.160578,0.008791,0.584598,3.827531,2.980182
0.411124,-0.116711,-0.017052,0.024214,3.257034,3.918220
0.396651,-0.063730,0.023464,0.380663,1.128970,4.402990
0.400370,-0.020057,-0.022221,0.914388,4.768350,3.623413
0.391714,0.057603,0.002069,0.698476,1.801341,4.728025
0.380869,0.082566,-0.016113,1.491870,2.138668,4.263858
0.389171,0.143008,-0.022989,1.587865,5.759325,7.120620
0.334219,0.127223,-0.017268,1.082238,1.009447,9.560148
0.337449,0.181157,0.007370,1.790152,0.422547,12.193090
0.322852,0.204318,0.003306,2.049901,0.336964,11.877329
0.304221,0.227764,0.005807,1.679327,-0.608444,10.568679
0.284106,0.204328,0.002856,2.165059,0.384244,10.143018
0.285268,0.207229,0.005092,2.244842,0.599194,9.595990
0.276396,0.186842,0.014161,2.767616,0.976150,8.021851
0.233002,0.161420,0.006595,1.778312,1.361797,7.202199
0.239767,0.130072,0.013469,3.248710,1.438412,6.868720
0.243072,0.095196,0.010682,1.774219,2.628591,5.877575
0.246082,0.066728,0.029224,2.590115,1.968752,5.285170
0.182502,0.007975,0.010409,1.905353,1.815259,3.620107
0.170800,-0.017687,0.016068,1.511493,1.552103,3.211066
0.169828,-0.058192,0.007967,1.395098,1.801246,1.291542
0.197102,-0.082272,0.019640,0.736470,1.442016,-0.002461
0.194463,-0.153773,0.001087,0.113309,2.381030,-1.324804
0.146986,-0.203240,0.035625,-0.515967,-0.439615,-1.302358
0.152993,-0.237843,0.028069,-1.035587,0.848945,-3.233791
0.179925,-0.241861,0.053347,-1.680842,-2.319057,-4.389232
0.204267,-0.285307,0.030255,-1.787715,0.188046,-4.911536
0.190199,-0.312529,0.027984,-2.366058,0.309250,-3.719673
0.140385,-0.339504,0.013180,-1.882952,0.737270,-3.525455
0.139272,-0.334107,0.028775,-2.830634,-0.107360,-2.626368
0.148962,-0.365277,0.044993,-2.150027,1.116950,-3.945049
0.159751,-0.359723,0.030731,-2.961193,1.052591,-4.350709
0.158412,-0.379041,0.051719,-1.550874,-0.880591,-5.543353
0.173350,-0.374826,0.019961,-2.313489,2.613407,-6.093825
0.207425,-0.365547,0.053774,-1.004932,1.938853,-6.505140
0.255437,-0.346695,0.029799,-1.103763,2.776948,-5.857694
0.284451,-0.326200,0.057923,0.185680,2.722906,-4.361125
0.289224,-0.329722,0.020549,0.322584,2.564436,-3.308053
0.297321,-0.335046,0.058395,1.946564,1.904866,-1.254516
0.309850,-0.315630,0.021396,2.032281,1.905874,-0.817213
0.314223,-0.283742,0.062984,3.102143,0.984087,-2.291074
0.306538,-0.271708,0.009536,2.991439,0.550043,-2.480399
0.352696,-0.244851,0.050160,3.657213,0.252651,-0.200236
0.356294,-0.241588,0.022167,3.707736,-0.017540,1.424578
0.372509,-0.205107,0.052323,3.928943,-1.352432,2.744936
0.366784,-0.225222,0.029658,4.387427,1.206869,3.019483
0.407148,-0.212132,0.044031,4.143312,1.199927,3.778866
0.423337,-0.221149,0.023999,4.094329,2.538597,2.470985
0.407145,-0.208275,0.046106,3.995238,2.565073,0.588335
0.383091,-0.221569,0.023477,2.938523,3.194579,-0.722422
0.383541,-0.200473,0.046191,2.302767,1.114970,-1.402104
0.363840,-0.188032,0.021340,1.790438,2.501820,-1.976558
0.328820,-0.166519,0.043349,0.701269,-0.056788,-0.609101
0.329755,-0.187684,0.012930,0.676523,3.704824,0.023277
0.335956,-0.162455,0.011177,-0.784182,2.199885,1.470262
0.357062,-0.159971,0.017946,-1.092422,2.534129,-0.646904
0.353592,-0.105443,0.014522,-2.479683,2.115720,-1.348201
0.355043,-0.118287,0.031230,-2.169190,1.933489,-1.764122
0.369584,-0.084222,0.010324,-3.404907,1.435648,0.125899
0.372233,-0.092520,0.032815,-2.691452,-0.683412,0.647338
0.329542,-0.100644,0.009031,-2.727329,0.870626,-0.498871
0.294229,-0.095172,0.005029,-2.201706,0.270714,-0.451197
0.320348,-0.052458,-0.023698,-2.236306,0.886585,-2.495894
0.349739,-0.038202,0.003818,-1.403808,0.830035,-5.012395
0.380236,-0.006645,-0.004161,-0.981736,2.477474,-6.373121
0.374915,0.009732,0.022853,-1.457197,2.104543,-5.096449
0.414114,0.064703,-0.010493,-1.008090,3.133798,-4.227587
0.460695,0.110781,0.032887,-0.727018,2.600162,-3.548834
0.490867,0.132363,0.020867,-0.444581,3.653529,-2.741485
0.493821,0.149744,0.032064,-0.184047,1.538687,0.009967
0.493398,0.183563,0.010170,0.321284,3.033145,0.571536
0.498351,0.234631,0.013078,0.852222,1.742005,0.723341
0.505057,0.250823,0.006395,1.585357,2.084908,0.376217
0.506012,0.282515,0.003716,0.787863,0.439018,2.326061
0.533739,0.293262,0.014171,1.933004,1.737179,3.763733
0.529350,0.323562,0.000434,0.835668,0.594638,5.363879
0.545247,0.309615,0.019489,2.042690,1.874103,5.562897
0.567614,0.334178,0.006349,0.395152,0.999383,6.413151
0.580166,0.329553,0.035257,1.670619,0.916156,6.218558
0.568556,0.333193,-0.010112,0.683773,2.240279,6.058578
0.513010,0.293968,0.033068,1.014354,1.578756,6.371053
0.523862,0.307406,-0.015512,0.131365,2.198369,7.865383
0.506564,0.293554,0.029162,0.556179,2.590929,7.350480
0.513539,0.267794,-0.004989,-0.110061,3.536228,6.872619
0.482031,0.183599,0.031965,0.883237,3.517498,6.398170
0.482346,0.131103,0.013610,-0.261999,3.642724,6.475045
0.499447,0.097409,0.048574,0.761778,3.277812,5.414316
0.515991,0.045720,0.010948,0.240894,3.653260,2.021368
0.513834,-0.023923,0.036899,0.975454,2.836068,1.019079
0.482671,-0.064557,0.022515,0.295241,3.332658,1.180631
0.433053,-0.093137,0.056784,0.513491,0.882997,0.398074
0.413513,-0.123841,0.015107,-0.533814,1.436544,0.766288
0.432463,-0.172043,0.036771,0.596710,0.697714,1.156624
0.430940,-0.193117,0.020848,-0.066457,0.509469,-0.166196
0.408199,-0.248895,0.037358,-0.211859,-0.832592,-0.802486
0.358417,-0.302021,0.043654,0.154546,0.373090,-3.830238
0.372374,-0.344125,0.041254,-0.370939,1.156159,-5.040949
0.401677,-0.350093,0.030596,0.405259,1.908113,-7.978738
0.404687,-0.372689,0.062925,0.028140,2.485388,-9.050854
0.361736,-0.436621,0.051023,0.129380,2.160654,-9.982046
0.327237,-0.480553,0.061609,-0.226663,2.059446,-8.820756
0.365081,-0.476053,0.064918,0.683574,3.303766,-9.220274
0.399835,-0.435715,0.049973,0.084292,2.577871,-10.069339
0.361102,-0.461121,0.049667,0.858321,3.379580,-10.767265
0.351879,-0.441765,0.023923,-0.336027,3.264744,-9.575060
0.332903,-0.458252,0.072336,1.066024,2.156006,-9.290719
0.356825,-0.406137,0.020588,0.010533,1.289970,-7.269167
0.304372,-0.414402,0.075339,0.777894,-1.450455,-6.777547
0.281470,-0.385156,0.020687,-0.041694,0.365032,-4.986061
0.230120,-0.387092,0.077621,1.313070,-1.690651,-5.301127
0.240279,-0.376707,0.037138,0.529890,-0.820710,-5.889068
0.222790,-0.383410,0.054171,1.783003,-0.541134,-6.715826
0.226329,-0.342940,0.024196,1.343091,0.804619,-6.593549
0.206391,-0.291357,0.051194,1.721796,0.521466,-5.797371
0.194476,-0.264493,0.007993,1.092657,2.662630,-3.318451
0.196386,-0.241648,0.039173,1.707359,2.154867,0.183514
0.164120,-0.199386,0.026874,0.497971,2.273606,2.220982
0.150088,-0.150648,0.046286,1.176711,2.546261,2.215509
0.107971,-0.090892,0.023641,0.009695,2.662102,1.859977
0.091683,-0.068745,0.049362,0.295251,0.941211,2.276893
0.107488,-0.017358,0.009684,-0.157922,1.273893,3.037768
0.124343,-0.004143,0.034253,0.657452,1.801578,3.971799
0.098973,0.026525,0.021182,-0.091289,0.118189,5.617755
0.088916,0.039769,0.044488,0.632866,-0.028447,7.459810
0.086346,0.079959,0.002571,0.080274,-0.331334,9.540013
0.093068,0.083521,0.042623,1.007517,-2.532409,9.369198
0.064311,0.086035,0.006116,0.515571,-2.158868,7.891247
-0.002451,0.056483,0.021606,1.788025,-2.455485,5.381476
-0.021357,0.122093,-0.002947,0.771126,-2.178293,2.755193
-0.044889,0.110568,0.019669,1.635950,-1.567911,0.180119
-0.006626,0.132176,0.000060,0.796036,-1.103246,1.980035
-0.030200,0.089971,0.050150,1.249653,-0.030561,3.056790
-0.021367,0.128182,0.008378,0.091247,1.436571,4.583773
-0.028710,0.111087,0.060913,0.966349,1.452244,2.954820
0.005664,0.106777,0.028486,-0.406675,2.519437,1.067793
0.000563,0.095663,0.047629,0.277916,2.191800,-1.781703
0.010472,0.094356,0.007728,-0.646379,3.578384,-3.371883
-0.034697,0.069488,0.042850,-0.188315,1.125057,-4.077733
-0.043514,0.051730,0.013324,-1.188096,1.103406,-3.393640
-0.029705,0.059907,0.023257,-0.500179,-0.573667,-2.187753
-0.017701,0.073651,0.020818,-1.401458,-0.900818,-0.608989
0.006560,0.030060,0.038510,-0.686205,-2.256816,1.228184
-0.008293,-0.001196,0.003158,-1.495243,-1.888815,2.306544
-0.033795,-0.050550,0.056564,-0.609684,-4.971684,1.058886
0.005568,-0.034782,0.010189,-1.260556,-1.428325,-0.370912
0.008825,-0.071785,0.051013,-0.136009,-2.099013,-1.898893
0.045417,-0.108833,0.029877,-0.294488,-0.329066,-3.201387
0.066198,-0.137502,0.017890,0.785102,-0.003858,-2.720578
0.035770,-0.168088,0.052293,0.762736,0.852500,-3.388972
0.074401,-0.196406,0.039869,0.976393,2.362369,-3.704098
0.126329,-0.228603,0.056413,1.917084,3.338064,-3.784132
0.164580,-0.244717,0.064363,1.261854,3.588025,-2.705099
0.172851,-0.282750,0.073140,2.045103,3.106482,-3.158170
0.150521,-0.306223,0.058701,1.041382,2.102059,-3.035863
0.181287,-0.305008,0.075172,1.631404,2.370716,-3.352135
0.228206,-0.264835,0.056232,0.703147,0.520846,-2.986011
0.261599,-0.261782,0.069556,1.232469,0.270297,-2.260447
0.256140,-0.258158,0.024153,-0.030485,-0.141409,0.938083
0.240273,-0.295647,0.040450,1.163998,-0.950267,4.010275
0.253097,-0.257777,0.002551,-0.779902,-1.433035,3.880678
0.266398,-0.278043,0.063621,0.888496,-1.901406,2.074851
0.294827,-0.285041,0.026218,0.287925,-1.260756,1.233658
0.271643,-0.331649,0.071226,0.643019,-2.077841,-0.167707
0.281086,-0.315716,0.046789,0.560889,0.395565,-1.667752
0.278076,-0.315017,0.052425,1.555835,1.723443,-3.717137
0.291180,-0.326200,0.050403,1.450971,3.000787,-4.426751
0.308495,-0.336710,0.035894,2.363319,3.881226,-5.305239
0.274659,-0.345681,0.045266,0.982971,3.587638,-4.238441
0.277062,-0.360570,0.064937,2.268985,3.954860,-3.976945
0.276461,-0.371330,0.038999,1.445661,4.206466,-4.730908
0.321300,-0.351662,0.053061,2.023642,3.299518,-6.371454
0.319143,-0.342399,0.034949,1.306787,2.765092,-7.245272
0.325885,-0.353759,0.026359,1.835752,1.323747,-7.058015
0.320229,-0.377751,0.027540,1.889577,2.778957,-5.715977
0.328747,-0.354130,0.017053,2.342603,-0.274275,-3.763102
0.329315,-0.358253,0.021074,2.102742,0.791998,-4.625124
0.325639,-0.358982,0.046063,2.496638,-1.154350,-5.500773
0.320827,-0.378447,0.017874,1.106565,-0.515518,-6.251779
0.339225,-0.337498,0.010636,1.015303,-1.523798,-6.990820
0.320656,-0.291990,0.022942,0.524500,0.241924,-8.559932
0.359546,-0.236563,-0.006137,-1.520984,0.644275,-7.587690
0.361552,-0.243171,0.016849,-0.806854,2.399585,-6.597345
0.382612,-0.172976,-0.017774,-2.532339,2.746129,-3.603088
0.365507,-0.153563,0.013531,-1.461972,4.476962,-3.152833
0.388718,-0.091817,0.005108,-3.172297,4.706480,-0.871942
0.416851,-0.065699,0.029861,-2.062475,5.383791,-0.669140
0.443813,0.018125,0.013501,-3.126392,4.330660,0.479543
0.385987,0.033089,0.026638,-2.853109,3.419147,-0.072748
0.395079,0.073818,-0.014583,-2.625157,3.355783,2.920113
0.393848,0.101856,0.022075,-2.016560,0.901556,4.774127
0.435489,0.196066,-0.023836,-2.855410,0.438027,7.462474
0.401355,0.211083,0.027632,-0.190602,-0.555052,7.477674
0.383023,0.211716,0.003181,-0.134890,-1.546362,9.500654
0.371757,0.217530,0.011657,1.526733,-1.136789,9.544766
0.383055,0.266477,-0.020167,0.625300,-1.628426,9.585100
0.342960,0.260730,0.023047,2.716728,-1.400831,7.586294
0.325921,0.268647,0.003657,2.807117,-0.856895,7.911206
0.314764,0.268513,0.025735,4.069119,0.672064,7.409406
0.297003,0.243986,0.019794,4.177003,1.074068,6.822883
0.275487,0.218616,0.015208,5.311115,2.910287,6.558749
0.266808,0.173594,0.018392,4.303370,4.635438,7.061034
0.303571,0.160438,0.017975,5.154605,4.725564,7.497911
0.253507,0.120005,0.042298,4.217797,4.451674,5.740818
0.229651,0.071615,0.044071,3.907187,3.446933,3.672265
0.199157,-0.003799,0.035198,3.189938,2.729418,2.473295
0.251554,-0.012281,0.048128,1.906528,1.327823,3.864223
0.218559,-0.041658,0.044071,2.129734,0.792786,3.535546
0.181107,-0.109562,0.025732,0.566226,-0.695399,4.576611
0.178038,-0.189798,0.038067,0.888512,0.305360,3.578642
0.226913,-0.276097,0.018323,-0.531076,-1.070007,2.687803
0.213531,-0.351924,0.021087,-0.336654,-1.483348,-2.769222
0.171141,-0.427768,0.031394,-1.390543,-1.628498,-5.653514
0.148098,-0.498423,0.040824,-1.219111,-1.130293,-7.369366
0.188883,-0.515997,0.032835,-2.173700,0.220713,-9.146012
0.186079,-0.562637,0.069454,-1.993136,0.221159,-11.717481
0.164241,-0.617825,0.016459,-3.121094,3.047194,-11.582153
0.104734,-0.666737,0.069510,-2.155023,1.622839,-10.058596
0.124091,-0.637549,0.032175,-3.225022,3.194385,-8.879288
0.133977,-0.647544,0.080276,-1.921251,3.389543,-9.178446
0.128680,-0.679075,0.052914,-2.340444,3.467642,-8.640805
0.080441,-0.697746,0.074909,-0.994566,2.498774,-7.595313
0.050210,-0.669172,0.036344,-1.087837,3.231057,-8.701736
0.029304,-0.649550,0.062659,0.213348,0.878885,-9.722190
0.035297,-0.637641,0.047153,1.014627,0.707124,-9.704580
0.034011,-0.597513,0.073882,1.550508,-1.300832,-7.917814
-0.025497,-0.589317,0.049490,2.278681,-0.993356,-6.911718
-0.017743,-0.556079,0.038737,2.913104,-1.822920,-5.056050
-0.017954,-0.538676,0.066267,3.408348,-2.183299,-3.516258
0.017533,-0.458817,0.056147,3.314254,-1.781863,-3.375265
-0.022946,-0.419927,0.054657,3.993758,-0.989923,-4.992570
-0.021384,-0.368107,0.037746,3.339906,0.313284,-3.437856
-0.021006,-0.336907,0.066903,4.028532,1.197005,-2.605000
0.011126,-0.245629,0.034020,2.583675,1.633816,0.858390
-0.022523,-0.197102,0.080256,3.367157,1.101233,1.617670
-0.064029,-0.161395,0.029792,1.814081,1.964429,3.787157
-0.070095,-0.163302,0.070606,2.391777,0.456829,4.988533
-0.040796,-0.116803,0.038694,1.413630,1.617735,6.007429
-0.050890,-0.081704,0.063926,1.437287,-0.335250,5.115130
-0.077543,-0.057998,0.031588,1.382263,2.410349,3.645630
-0.084475,-0.037204,0.043355,0.667693,-0.152041,4.098200
-0.047167,-0.025312,0.029897,1.258538,-0.078652,4.025658
-0.059125,-0.017132,0.051939,0.058929,-1.975990,5.650108
-0.103996,-0.028102,0.024675,0.918271,-1.888273,7.021875
-0.113525,-0.021947,0.013452,0.061249,-1.486299,6.704955
-0.092442,0.010171,0.028315,0.312825,-2.189467,4.606994
-0.093085,-0.000204,0.016922,0.078134,-1.738909,2.282380
-0.118820,-0.023372,0.024626,-0.036718,-1.166876,1.808622
-0.123185,-0.048187,-0.004027,-0.436342,-0.180106,1.636173
-0.098780,-0.005525,0.055451,-0.006989,0.088756,1.342142
-0.087075,0.005507,0.018655,-0.802636,0.805561,0.531898
-0.091592,-0.015852,0.047780,-0.579502,0.266283,0.975763
-0.097776,-0.045174,0.025646,-0.206479,2.250083,0.946667
-0.099614,-0.026428,0.040030,-0.960643,0.207235,0.659890
-0.073289,-0.018862,0.021593,-0.086063,0.980344,-1.604503
-0.046439,-0.002916,0.016662,-1.500433,1.633179,-1.593806
-0.045651,0.009518,0.051220,-0.808068,0.370602,-1.785441
-0.047489,0.034944,0.042177,-1.469952,-0.839781,-0.226883
-0.067328,0.013178,0.058448,-0.921266,-1.734928,1.379043
-0.024512,0.036290,0.002256,-1.105264,-1.815446,2.586489
-0.015183,0.027270,0.035914,-0.237203,-2.543038,2.466818
0.014700,0.043380,-0.001319,-0.641307,-0.776518,1.210652
0.006074,-0.017207,0.039662,0.448433,-1.499698,-0.034495
0.014838,-0.024931,0.011946,-0.123949,-1.072066,-0.284272
0.051257,-0.025315,0.057437,0.957260,-0.746740,-0.787604
0.032064,-0.000690,0.041021,0.312704,-0.495571,-1.298453
0.039295,-0.016866,0.037043,1.478038,0.720244,0.136511
0.055265,-0.050767,0.031801,0.998957,2.008059,2.069596
0.111450,-0.050363,0.041996,1.556170,3.837720,3.426987
0.107629,-0.069365,0.036613,1.331907,3.245588,3.072523
0.092996,-0.083171,0.073084,1.229177,0.982176,1.351954
0.130570,-0.088335,0.045663,0.714711,2.893025,0.650934
0.183795,-0.089831,0.060092,1.251123,2.186513,0.803411
0.178297,-0.115490,0.057631,1.295843,1.584031,1.466119
0.142354,-0.157745,0.055087,1.194922,0.062860,4.422024
0.155290,-0.184582,0.027311,1.650744,0.064177,5.314628
0.166149,-0.195027,0.061225,1.345139,-1.545462,5.166936
0.164747,-0.217735,0.046428,1.361321,-1.582957,3.193103
0.145968,-0.284927,0.036357,1.450387,-1.725202,3.882721
0.138983,-0.319671,0.031693,1.524652,-1.314621,3.309660
0.189546,-0.315397,0.047488,1.330641,-1.163386,3.242430
0.191174,-0.364811,0.066808,2.124337,0.422219,-0.284337
0.205968,-0.395778,0.047035,1.488322,1.549841,0.173931
0.209362,-0.444168,0.069342,2.046252,3.175094,-0.854062
0.259573,-0.439073,0.049290,1.140039,4.064290,-1.980053
0.277893,-0.486944,0.071200,2.412161,5.172776,-4.461891
0.264957,-0.512551,0.076038,0.809183,4.023772,-4.530140
0.263338,-0.534750,0.068988,1.884939,3.813923,-6.634869
0.278854,-0.529902,0.052165,1.074043,5.523078,-7.240121
0.310668,-0.545027,0.030823,1.905612,2.460373,-8.195224
0.318782,-0.550532,0.049618,0.845657,1.920881,-7.740459
0.319340,-0.516598,0.031453,1.249814,0.944740,-6.358430
0.289762,-0.504624,0.037404,-0.138877,-0.864714,-6.777070
0.303423,-0.498367,0.055261,0.156211,-1.357844,-7.030320
0.305905,-0.477399,0.021061,-0.975003,-1.384009,-5.767910
0.315710,-0.451294,0.070488,-0.403169,-1.723817,-5.349560
0.290034,-0.405632,0.030055,-0.974179,-1.218961,-6.817695
0.291669,-0.371750,0.041090,-0.897337,-0.164274,-7.016690
0.280358,-0.340511,0.022718,-1.082424,1.086824,-7.060777
0.310559,-0.263738,0.020749,-1.351161,2.132727,-5.306871
0.273445,-0.222586,0.027133,-0.962605,3.828592,-5.648955
0.276727,-0.181914,0.027399,-1.354538,3.061171,-2.844689
0.259386,-0.155113,0.041849,-0.952010,3.615315,-1.549403
0.259275,-0.078766,0.042613,-0.661153,3.694136,0.655321
0.213235,-0.048102,0.031765,0.168385,3.191956,-0.707430
0.203155,-0.016617,0.018077,0.067325,2.220916,1.399498
0.224376,0.046643,0.038720,1.442722,1.884955,2.255069
0.259885,0.116476,0.013958,0.549528,1.097042,5.077451
0.235910,0.150039,0.025646,1.862353,0.869546,6.412684
0.220046,0.165332,0.014443,1.300642,-0.884809,9.329698
0.217978,0.186550,0.025472,2.089793,-1.603292,10.866631
0.256238,0.236548,0.022407,1.725327,-1.041467,12.457121
0.251298,0.252826,0.025141,2.314078,-1.841377,10.287238
0.261608,0.265374,0.012599,1.541688,-0.959892,10.063566
0.250179,0.283953,0.032917,2.239167,-0.312775,8.609790
0.250730,0.318678,-0.000531,1.400878,0.248659,8.495337
0.258382,0.306618,0.040808,1.993453,2.138503,8.951163
0.318385,0.324534,-0.002983,0.665096,2.916517,12.101718
0.320594,0.295734,0.038070,1.216438,2.997439,12.774221
0.272326,0.292757,0.023986,0.097737,2.758812,11.552148
0.209713,0.230364,0.030810,0.556756,1.772243,9.212117
0.217506,0.229346,0.021648,-0.694598,1.396581,7.409480
0.237368,0.224387,0.057302,-0.284372,0.851066,5.149804
0.183601,0.201262,0.022942,-0.994179,-0.073266,3.256345
0.112966,0.148986,0.031122,-0.607298,-1.493406,4.687882
0.099338,0.098078,0.001094,-1.158403,0.792901,6.270415
0.141278,0.080041,0.033002,-0.208856,-1.431929,5.560864
0.103500,0.014567,0.046070,-0.978450,-1.440427,1.402641
0.075021,-0.037641,0.054220,-0.823010,-1.927311,-1.214875
0.018111,-0.084727,0.027970,-0.925356,-1.579872,-3.156937
0.023664,-0.103700,0.058024,-0.871334,-2.362061,-4.497311
-0.014028,-0.139652,0.056124,-0.238651,0.201255,-6.545836
-0.031891,-0.182006,0.034965,-0.304493,0.685355,-4.772242
-0.059348,-0.229939,0.047770,0.538851,1.899716,-3.352597
-0.056913,-0.257603,0.050810,0.177773,1.873161,-2.120441
-0.084452,-0.305698,0.052431,0.288729,2.328714,-4.638226
-0.085116,-0.352988,0.052415,0.492680,1.181102,-6.990336
-0.060441,-0.355995,0.039367,0.938074,2.120591,-9.883941
-0.033161,-0.347175,0.050284,0.495897,2.125131,-11.963060
-0.042815,-0.375738,0.058520,1.204766,0.806769,-11.625478
-0.056480,-0.385766,0.045840,-0.173327,0.448839,-6.173228
-0.032685,-0.374928,0.058261,1.033383,-0.403426,-2.096083
-0.043619,-0.343101,0.058307,0.053749,-1.753313,0.976434
-0.064288,-0.352538,0.045000,0.687703,-2.198323,-0.039912
-0.077034,-0.364778,0.046089,0.095709,-2.639968,0.603624
-0.042916,-0.361059,0.053872,1.154318,-2.324092,-1.857523
-0.030837,-0.349243,0.026910,0.450652,-1.911093,-4.503940
-0.014839,-0.358821,0.059062,1.585509,-0.461631,-5.870396
-0.024696,-0.333907,0.034788,0.318189,-0.046254,-2.747146
-0.023786,-0.294866,0.031013,1.630829,-1.896923,-0.303780
-0.065657,-0.266046,0.056971,0.566834,0.589997,2.426354
-0.086350,-0.257196,0.041576,1.130349,-0.345022,4.962974
-0.093387,-0.256176,0.040824,1.323344,2.282593,5.231723
-0.097720,-0.218145,0.028653,1.417064,1.426927,4.073613
-0.116926,-0.205757,0.043828,1.281522,2.162758,-0.441442
-0.111195,-0.197893,0.049424,1.392180,0.803103,-1.436569
-0.109757,-0.198917,0.049897,1.568709,0.606590,-2.779573
-0.094480,-0.146119,0.045046,1.467820,-0.541049,-1.181524
-0.135806,-0.118589,0.043253,1.681418,-0.547102,-1.184079
-0.138337,-0.108696,0.024153,1.240774,-1.585232,1.223728
-0.134355,-0.076721,0.037617,1.740817,-1.691055,2.374837
-0.149195,-0.042571,0.015120,0.793006,-2.187701,3.539630
-0.169372,-0.040020,0.038862,0.951821,-2.380268,0.871787
-0.176899,-0.026001,0.016495,-0.677211,-2.415719,0.447348
-0.172284,0.025074,0.044813,-0.178756,-1.901817,-1.759650
-0.100175,0.094816,0.014765,-1.365072,-2.178970,-3.381164
-0.099716,0.102533,0.036354,-0.929305,0.217411,-3.580051
-0.054477,0.128891,-0.009814,-1.815235,1.187181,-0.088888
-0.074933,0.139135,0.035664,-1.262909,0.881024,1.155540
-0.052626,0.191100,0.012060,-2.370387,2.236399,1.351518
-0.027611,0.184974,0.029910,-1.356643,2.464105,0.262573
0.016817,0.215376,0.019699,-2.543228,1.352918,1.087598
0.039381,0.248473,0.035694,-2.202655,0.843125,0.171768
0.022880,0.281294,0.018481,-2.014515,0.592767,0.599174
0.025299,0.278215,0.023132,-1.555995,-0.854578,0.971015
0.074933,0.302509,-0.006853,-1.892612,-0.046606,3.570281
0.102538,0.335688,0.007550,-0.238667,-1.795673,4.312086
0.107475,0.315845,-0.000321,-0.604088,-1.839595,5.992777
0.094759,0.278304,0.023569,0.704765,-1.939096,5.925569
0.097168,0.280172,-0.007109,0.037179,-1.972163,5.047202
0.142009,0.322039,0.035543,0.560032,-1.978783,2.990193
0.164593,0.342082,-0.000134,0.856997,0.307599,2.388377
0.144504,0.323608,0.026634,0.773476,-0.127052,4.442006
0.121937,0.308535,-0.005136,0.318011,2.334271,8.049550
0.171762,0.341649,0.041300,0.871178,1.609319,8.705697
0.175901,0.326234,0.010560,0.144781,2.935781,8.598726
0.203043,0.300845,0.044553,0.338061,3.151612,8.130057
0.205177,0.272996,0.025755,-0.334609,2.904263,8.032460
0.196180,0.263884,0.054315,0.016710,1.320418,8.606549
0.220804,0.236443,0.022164,0.113420,3.103773,7.777327
0.209112,0.168641,0.054791,0.456054,0.509653,7.371582
0.252450,0.165979,-0.004716,0.442275,0.587798,6.614807
0.274728,0.108608,0.024901,1.532799,0.212477,5.613060
0.285606,0.062838,0.010468,0.525957,0.417708,4.919344
0.302317,-0.034726,0.042856,1.463792,-1.797048,3.428721
0.334574,-0.051227,0.023483,0.701601,-0.168473,2.477018
0.374725,-0.092198,0.045561,1.503828,-0.366272,0.007719
0.393057,-0.162534,0.033025,0.879272,1.173460,-3.515099
0.422747,-0.245977,0.025318,1.978988,1.406100,-5.281299
0.443692,-0.286630,0.032320,1.396851,2.662466,-6.581676
0.444621,-0.301933,0.048256,1.684665,3.012124,-11.289343
0.458926,-0.332463,0.035566,-0.192325,3.071346,-15.988705
0.453207,-0.348511,0.051666,0.140255,3.223635,-18.345368
0.436460,-0.324742,0.031223,-2.180590,3.158449,-18.685577
0.397199,-0.296513,0.047770,-2.498793,2.079997,-18.931217
0.358493,-0.252555,0.028443,-4.458901,1.674774,-17.462405
0.333720,-0.167842,0.031847,-4.978009,0.223240,-15.768924
0.303830,-0.070711,0.003352,-6.480778,1.821016,-15.371813
0.210172,0.001522,0.023559,-7.625686,-1.505994,-14.831444
0.148591,0.090447,0.011023,-8.304652,-1.294037,-14.401877
0.090032,0.202900,0.004002,-9.688790,-2.714109,-12.576892
0.050301,0.351092,-0.015798,-9.479446,-2.195769,-13.007987
-0.004581,0.478891,-0.009282,-10.186228,-1.461616,-11.060902
-0.070683,0.569998,-0.043616,-8.801206,-1.496219,-8.861112
-0.120464,0.716753,-0.036359,-9.946902,-1.498327,-4.752768
-0.166261,0.900284,-0.034990,-8.626794,-0.668277,-1.853221
-0.237112,1.088164,-0.032134,-8.934683,-0.742247,0.482904
-0.317204,1.256419,-0.041233,-7.123277,-0.410018,1.140426
-0.393045,1.422346,-0.039510,-7.383042,-0.205351,0.886185
-0.451863,1.598318,-0.043899,-5.224478,-0.911598,1.766175
-0.504365,1.734014,-0.042175,-5.548150,-1.418482,4.532071
-0.527369,1.876133,-0.033483,-3.834605,-2.251394,8.754119
-0.566738,2.009440,-0.034747,-3.750857,-2.677008,11.257850
-0.580282,2.139887,-0.019031,-1.813339,-4.659210,13.173575
-0.623797,2.239857,-0.022044,-2.412821,-4.933162,14.297336
-0.607861,2.332599,-0.009755,-1.586234,-5.147138,17.947578
-0.633562,2.410219,-0.038972,-1.684894,-5.750572,19.725907
-0.642418,2.479180,-0.021877,-1.052582,-5.339331,21.506599
-0.686600,2.527661,-0.048540,-1.764828,-5.028813,21.834337
-0.701377,2.546916,-0.022602,-1.801700,-6.370096,22.234741
-0.756768,2.542866,-0.044440,-2.940752,-6.428792,21.833903
-0.793886,2.527806,-0.020702,-3.465518,-7.477006,21.770106
-0.847045,2.502236,-0.053434,-4.903706,-6.136199,21.158558
-0.845795,2.458609,-0.044424,-5.614101,-6.078730,18.924938
-0.873118,2.421602,-0.054997,-6.674430,-5.476015,16.550567
-0.917040,2.355081,-0.041479,-8.283235,-5.973236,16.419352
-1.024592,2.248559,-0.048268,-8.224975,-5.002583,14.128168
-1.065800,2.177891,-0.067693,-10.035958,-5.149790,12.405489
-1.100088,2.093359,-0.043249,-9.881395,-4.697598,7.925017
-1.139264,1.990553,-0.060708,-11.157640,-5.429178,4.765647
-1.219996,1.863558,-0.051077,-11.137390,-6.613032,0.702812
-1.286705,1.734811,-0.056891,-11.869522,-6.064491,-2.319860
-1.302441,1.646530,-0.033789,-11.162087,-6.994757,-5.970841
-1.314435,1.580146,-0.034642,-12.106865,-6.214547,-9.386508
-1.370171,1.474212,-0.021677,-11.107569,-7.339797,-10.691799
-1.450735,1.374777,-0.035210,-11.508270,-8.821296,-9.221952
-1.534726,1.257239,-0.022271,-10.211254,-8.018638,-9.562685
-1.584741,1.243010,-0.024440,-10.829343,-9.101888,-11.911868
-1.639968,1.191230,0.000772,-9.518131,-8.495143,-16.461152
-1.695618,1.197959,-0.002763,-10.102992,-8.897091,-18.534327
-1.789863,1.146014,0.013206,-9.542086,-8.892735,-20.059838
-1.831390,1.135573,0.020027,-9.173908,-8.967594,-19.065312
-1.889167,1.127780,0.048548,-8.764584,-8.476614,-19.052497
-1.904299,1.182062,0.045669,-8.826373,-8.540306,-16.831061
-1.964351,1.179390,0.059049,-7.948485,-8.231701,-16.586384
-2.019664,1.185833,0.030698,-7.893386,-7.086908,-13.723234
-2.077953,1.199869,0.064681,-6.465834,-8.393319,-13.483400
-2.088076,1.242272,0.053252,-6.920120,-8.142829,-12.451900
-2.062808,1.294059,0.092149,-6.128403,-10.260218,-12.618215
-2.069613,1.317147,0.073803,-6.605978,-8.528906,-10.984108
-2.073939,1.322353,0.096186,-4.910753,-9.679384,-7.518748
-2.097080,1.311498,0.080329,-4.879671,-10.035992,-3.027009
-2.051599,1.325796,0.086926,-3.948243,-11.256081,1.717764
-2.013706,1.345803,0.068144,-3.335632,-8.980868,2.532389
-2.013910,1.338907,0.083371,-3.068767,-10.925664,1.216509
-2.042880,1.333953,0.081336,-2.617595,-10.096287,-0.421898
-2.011664,1.336530,0.082804,-2.965104,-10.958245,0.446501
-1.967890,1.384953,0.054010,-4.000526,-10.059287,1.201203
-1.910880,1.408747,0.086532,-3.399196,-9.492505,3.059053
-1.853549,1.440068,0.052923,-4.693065,-7.606758,5.172727
-1.825304,1.402021,0.072067,-4.448293,-8.125718,7.533799
-1.771620,1.409620,0.042610,-5.595423,-6.397389,8.480639
-1.699859,1.395968,0.057713,-5.279446,-6.267408,8.318614
-1.649605,1.411337,0.034755,-6.328546,-5.525583,5.292146
-1.593055,1.390730,0.049352,-6.298259,-6.567689,2.746310
-1.555701,1.358046,0.035274,-6.725905,-5.817146,0.981441
-1.504925,1.321844,0.070685,-7.251860,-9.875792,2.366936
-1.419759,1.283725,0.020329,-5.874283,-6.919047,3.886552
-1.324236,1.235260,0.038175,-6.318328,-7.681174,5.361579
-1.228061,1.187921,0.028315,-5.624807,-7.048008,4.493962
-1.154423,1.130655,0.004143,-5.832241,-6.986121,2.035370
-1.093510,1.115573,0.018005,-5.758472,-7.925167,-0.664389
-1.065144,1.068985,-0.015030,-5.457223,-5.630129,-3.646928
-1.031712,1.077595,0.012858,-5.459461,-6.633350,-5.102686
-1.012867,1.073137,-0.003748,-5.964120,-6.437724,-5.945223
-0.974397,1.100815,0.006438,-6.261266,-7.087817,-4.992757
-0.952520,1.066218,0.016282,-6.207207,-6.054213,-3.939176
-0.948197,1.035849,-0.021755,-6.526831,-5.334519,-2.137681
-0.923789,1.011578,-0.003787,-5.721836,-3.998064,-3.684087
-0.881284,1.059042,-0.025287,-7.389443,-3.717751,-5.245300
-0.831523,1.065400,-0.004545,-6.227040,-2.251095,-8.069803
-0.807282,1.103582,-0.024276,-7.666146,-2.331246,-7.500825
-0.800021,1.086014,-0.010385,-6.780439,-3.002649,-4.249687
-0.724325,1.109572,-0.048510,-7.378368,-1.291123,1.210293
-0.661404,1.074906,-0.019920,-6.020584,-1.524360,4.935646
-0.588189,1.081225,-0.042976,-6.352209,-2.252720,8.119238
-0.555880,1.040812,-0.035397,-4.791173,-2.144143,9.364058
-0.517567,1.028145,-0.047985,-4.804247,-2.394551,7.676021
-0.429092,1.020408,-0.035587,-3.736046,-2.371482,8.334151
-0.361635,1.008411,-0.051360,-3.203986,-1.683542,7.595584
-0.267846,1.005929,-0.037074,-2.313188,-3.368204,8.777096
-0.211391,0.962437,-0.046492,-1.887880,-2.470083,9.931294
-0.150994,0.941761,-0.026429,-1.247683,-3.055620,13.324224
-0.085027,0.915078,-0.026873,-1.057157,-2.275375,15.570907
-0.043918,0.897110,-0.008763,-0.613335,-2.673896,16.821609
-0.005556,0.866245,-0.016855,0.182551,-1.100968,15.093639
-0.013762,0.800107,-0.014964,-0.220348,-1.540772,11.643242
0.018593,0.734806,-0.015853,1.334352,0.017428,7.159346
0.066668,0.665868,-0.003587,0.223497,-0.317095,5.944691
0.164222,0.580118,0.009976,1.855492,1.961127,5.357531
0.220854,0.497456,0.001238,0.907268,2.048286,5.338622
0.254183,0.397276,0.023129,1.372114,2.529967,4.468880
0.295165,0.321852,0.002630,0.614182,1.510934,2.417764
0.355900,0.241514,-0.002267,0.895973,2.886614,-0.061864
0.398187,0.174714,-0.010260,-0.219097,3.154300,-2.301841
0.420551,0.095879,0.012297,-0.180128,1.227571,-6.061594
0.408041,0.034731,-0.026492,-1.784072,0.894896,-8.467195
0.416605,-0.032192,-0.015709,-1.522780,0.902199,-9.954785
0.425093,-0.062840,-0.033569,-3.214624,-0.375726,-11.068864
0.460248,-0.104740,-0.025566,-3.315375,0.096525,-10.465045
0.465103,-0.132014,-0.042244,-4.265001,0.679013,-10.817342
0.466803,-0.179987,-0.030851,-4.506595,0.246582,-12.419884
0.428077,-0.213967,-0.020777,-4.732410,0.607890,-15.095890
0.429840,-0.229562,-0.042047,-5.213166,0.619447,-17.176211
0.402248,-0.252581,-0.017324,-4.408867,2.028562,-19.728994
0.391041,-0.229834,-0.051136,-4.510855,1.789196,-19.298906
0.317745,-0.245642,-0.012876,-4.374890,2.385691,-20.706132
0.312384,-0.185820,-0.040439,-3.744639,2.486803,-19.931792
0.242948,-0.166398,-0.027102,-3.566541,2.362648,-20.744447
0.215894,-0.073097,-0.039146,-3.979767,1.530599,-18.946443
0.153390,-0.047764,-0.042103,-2.340806,2.148380,-17.420656
0.113455,0.051474,-0.052364,-3.344766,1.339263,-14.432512
0.081452,0.116805,-0.028146,-1.749803,0.787839,-11.617303
0.036817,0.221528,-0.054573,-2.564291,-0.460662,-10.576522
-0.017619,0.305502,-0.017915,-2.309476,-2.403639,-8.675076
-0.057435,0.442075,-0.063058,-2.467269,-0.174631,-6.545120
-0.089494,0.549250,-0.039914,-1.985791,-1.738302,-4.254856
-0.127397,0.690979,-0.071648,-2.684012,-1.332186,-1.829595
-0.173075,0.779766,-0.043820,-2.249223,-2.039164,0.841967
-0.222834,0.906153,-0.075984,-2.721376,-1.429245,4.427620
-0.268033,1.004449,-0.013671,-3.160431,-3.293827,8.574927
-0.280010,1.123568,-0.067581,-3.525757,-0.904458,12.154441
-0.307626,1.242192,-0.024795,-3.895376,-3.074321,14.351350
-0.356065,1.326305,-0.049728,-3.497502,-1.101798,14.470048
-0.426030,1.410270,-0.046564,-4.411881,-2.008579,14.617310
-0.469017,1.483330,-0.049072,-3.056313,-2.366204,14.018831
-0.503627,1.553873,-0.045477,-4.522007,-2.209024,14.167738
-0.522402,1.598436,-0.047224,-3.481113,-2.822357,14.744577
-0.580285,1.619138,-0.054012,-4.038734,-3.701618,15.496655
-0.631497,1.618990,-0.036057,-2.974176,-4.217673,16.632631
-0.681962,1.634723,-0.062576,-3.177704,-2.903460,16.264581
-0.720448,1.645233,-0.036513,-2.508970,-5.344961,15.306729
-0.781147,1.654181,-0.033424,-3.328969,-5.934470,12.916689
-0.833646,1.640960,-0.030989,-3.069361,-6.033068,10.672728
-0.922827,1.618695,-0.049961,-3.530635,-4.851318,8.094687
-0.979275,1.582355,-0.018387,-3.529680,-6.503638,6.255202
-1.044687,1.562542,-0.028074,-4.468408,-5.964560,5.128003
-1.079514,1.535265,-0.026991,-4.340413,-6.645062,5.083716
-1.170290,1.472600,-0.009604,-4.835900,-5.439439,2.969047
-1.222363,1.453493,-0.021013,-5.913892,-5.727388,2.173233
-1.302910,1.396149,-0.015906,-6.027766,-5.205011,-1.051058
-1.342191,1.365340,-0.005015,-6.986268,-6.243581,-2.727800
-1.388165,1.306164,-0.003531,-6.865789,-5.279315,-3.649768
-1.437546,1.260125,-0.006554,-7.667344,-5.602796,-3.872340
-1.505598,1.164432,-0.002914,-7.682686,-5.826681,-5.159775
-1.531828,1.120358,0.000624,-8.321413,-6.659200,-4.439299
-1.574759,1.056600,0.018681,-7.628464,-7.310002,-4.774285
-1.598606,1.017155,0.003634,-7.890747,-7.935316,-4.737892
-1.646119,0.940087,0.022121,-7.252260,-7.399554,-5.835281
-1.664556,0.908237,-0.004148,-7.141189,-8.055102,-4.875371
-1.723811,0.858426,0.047937,-7.038856,-9.021698,-5.194046
-1.716258,0.857343,0.033741,-7.297085,-8.188228,-2.949238
-1.756051,0.832321,0.047320,-6.083407,-9.179541,-1.916481
-1.771551,0.816956,0.039101,-6.682931,-8.241771,0.126742
-1.821523,0.771097,0.059892,-4.680896,-8.281660,-0.739356
-1.844444,0.765021,0.051016,-5.170449,-8.435757,-0.338255
-1.878499,0.752449,0.056193,-4.125531,-7.697773,-2.434506
-1.898240,0.749627,0.073225,-3.857369,-8.362703,-2.403106
-1.926649,0.747529,0.079771,-3.066823,-7.745221,-4.059258
-1.933519,0.757777,0.073859,-3.218301,-7.920030,-3.049114
-1.933388,0.767234,0.078070,-2.360045,-6.936756,-3.129638
-1.907017,0.771090,0.067488,-2.770665,-6.942848,-1.101675
-1.893349,0.776250,0.088515,-1.851829,-6.108413,-1.055091
-1.853910,0.781023,0.090153,-2.468766,-6.700650,-0.311881
-1.791061,0.789892,0.076619,-1.833388,-5.976059,-1.637231
-1.742898,0.788615,0.087058,-2.588280,-5.855232,-2.005954
-1.676642,0.771248,0.110264,-2.026123,-7.231194,-2.231808
-1.610458,0.768343,0.078303,-2.367529,-7.265725,-1.777623
-1.551309,0.724493,0.099032,-1.744631,-8.029335,-2.079630
-1.464869,0.742267,0.072369,-2.193773,-5.601591,-2.868229
-1.422421,0.701348,0.104126,-1.845247,-8.032729,-3.186625
-1.353460,0.719815,0.032228,-2.873773,-7.512309,-3.372703
-1.332905,0.686213,0.102410,-2.332423,-8.637683,-4.369208
-1.270427,0.684375,0.047360,-3.814920,-7.631464,-4.636517
-1.214517,0.681250,0.088141,-3.233623,-7.361917,-4.734641
-1.184276,0.684152,0.037759,-4.405907,-7.161997,-5.311261
-1.158201,0.695384,0.063943,-4.236897,-6.490308,-5.914596
-1.144007,0.701115,0.029868,-5.780093,-5.840041,-6.359199
-1.131518,0.709751,0.045357,-5.319071,-5.910629,-6.252786
-1.100538,0.723305,0.012103,-6.163987,-3.025921,-6.905732
-1.063227,0.750181,0.021950,-5.610181,-3.506358,-7.640584
-1.041983,0.757445,0.012586,-6.928693,-2.978099,-6.797460
-0.995044,0.783573,0.041297,-6.500539,-5.707959,-5.350777
-0.955458,0.796352,-0.001568,-6.912724,-2.039296,-4.031486
-0.862962,0.841909,0.000831,-6.163718,-2.059597,-1.981474
-0.819240,0.858374,0.001163,-6.205113,-2.075882,-2.092745
-0.722096,0.893850,-0.008123,-5.796216,-2.366715,0.183099
-0.674671,0.893227,0.008062,-5.224051,-2.654657,1.111005
-0.568901,0.933089,-0.002999,-5.023793,-3.188454,3.010757
-0.479793,0.941396,-0.019398,-3.922591,-2.370589,4.067040
-0.366824,0.972379,-0.019563,-3.374240,-2.254374,6.095309
-0.276108,0.999489,-0.043876,-2.763772,-2.960239,7.356203
-0.194979,1.022407,-0.015683,-2.735773,-3.094567,9.267578
-0.108549,1.040628,-0.015023,-2.356795,-2.085171,9.981411
-0.026189,1.082843,-0.036690,-2.522854,-2.071289,11.914128
0.032963,1.071982,-0.023505,-1.426927,-1.193651,11.580902
0.122869,1.102725,-0.022057,-2.466163,-0.880762,13.481566
0.175175,1.111361,-0.018883,-1.706731,-0.683327,13.183656
0.229765,1.113340,-0.019435,-1.906054,0.709225,13.920187
0.283778,1.100841,-0.013674,-1.819296,0.451261,12.536341
0.361109,1.100174,-0.016090,-1.756027,1.562334,12.991393
0.398207,1.032402,-0.024004,-0.920981,1.511594,11.404434
0.435131,1.001974,-0.053382,-1.510412,1.646886,11.567405
0.454415,0.932117,0.000651,-0.782646,0.577215,10.151864
0.516335,0.888427,-0.036172,-1.786193,2.419894,10.200850
0.529268,0.807249,-0.008346,-0.684846,0.268147,9.124458
0.570236,0.740432,-0.041827,-1.020088,2.884244,9.194815
0.584751,0.665826,-0.018013,-0.596338,1.114599,8.041167
0.602069,0.579908,-0.041575,-1.375428,2.318886,7.064203
0.631093,0.475631,-0.008704,-0.152283,1.593911,5.066168
0.646783,0.395730,-0.040642,-1.158577,2.134414,3.611278
0.661606,0.295520,-0.002051,-0.494454,1.898344,3.003441
0.666697,0.198856,-0.056250,-0.474464,2.374642,1.218895
0.657290,0.088717,0.007695,-0.475754,1.845556,0.487224
0.682069,0.003570,-0.045967,-0.457258,4.404965,-1.769792
0.672750,-0.096255,0.003976,0.084686,2.890448,-3.990683
0.678271,-0.181116,-0.022707,-0.399621,3.977493,-7.030647
0.671779,-0.270054,0.010006,0.084617,3.814109,-8.312100
0.665512,-0.357521,-0.032295,-0.435886,3.979938,-9.895994
0.644564,-0.413792,0.011332,-0.543100,2.180036,-9.528266
0.642141,-0.480416,-0.023981,-0.407867,5.204403,-10.431527
0.647278,-0.518859,-0.014380,-0.697749,2.841448,-9.871069
0.629297,-0.555580,-0.015069,-0.459279,3.411400,-10.907562
0.616696,-0.588286,-0.023616,-1.571130,2.892263,-9.928213
0.586445,-0.597333,-0.003728,-0.620417,2.674736,-10.904332
0.578426,-0.603596,-0.028005,-2.358498,2.548379,-10.778625
0.574802,-0.589521,0.002472,-1.544312,2.062049,-9.630674
0.539805,-0.572173,-0.019517,-2.507353,1.740938,-8.594852
0.508221,-0.547256,0.000306,-1.951210,0.447037,-7.384779
0.467437,-0.501239,-0.013168,-2.283580,1.110287,-6.355132
0.456638,-0.466025,-0.025149,-1.213531,1.945234,-5.577706
0.417652,-0.408199,-0.049331,-1.770640,2.905196,-5.572043
0.359750,-0.389751,-0.023656,-0.353513,1.406271,-4.985925
0.307848,-0.301276,-0.054704,-0.983748,1.853040,-4.229551
0.253048,-0.257147,0.008046,0.089140,0.133892,-2.940273
0.208223,-0.179934,-0.021719,0.032699,0.921756,-1.768608
0.146086,-0.115654,0.019859,0.640052,-0.982169,0.696587
0.091040,-0.065239,-0.033529,1.588689,2.079564,1.917987
0.013837,-0.003667,-0.010457,1.937356,-0.229661,2.546838
-0.076972,0.041417,-0.045537,2.151384,0.853669,2.452624
-0.128611,0.126196,-0.003452,2.182807,-0.762318,2.872817
-0.223726,0.184728,-0.014422,2.108230,-1.450048,2.484811
-0.284888,0.239118,0.006543,2.349913,-2.315942,3.384677
-0.378099,0.299512,-0.024949,1.852183,-2.028575,4.792805
-0.449453,0.331014,0.000592,1.941223,-4.088400,6.880616
-0.488117,0.384192,-0.040472,1.836687,-1.062416,6.426735
-0.555016,0.402581,0.006621,1.372064,-2.719121,6.411373
-0.596785,0.451243,-0.050582,0.571776,-0.749708,5.043057
-0.674671,0.460194,0.006513,0.283312,-2.924339,3.191567
-0.724174,0.489500,-0.022855,-1.459072,-2.471898,1.991766
-0.768378,0.514298,-0.006715,-1.708566,-3.736503,1.447497
-0.808260,0.544881,-0.024775,-2.361939,-2.316373,1.923210
-0.849710,0.572211,-0.025432,-2.940866,-3.513452,3.639322
-0.877227,0.545869,-0.016500,-3.215816,-3.222621,4.375579
-0.888673,0.577581,-0.029049,-4.241588,-3.559613,4.970445
-0.904212,0.556566,-0.019599,-3.790289,-3.507527,4.648996
-0.925151,0.581835,-0.044132,-5.429801,-4.270776,4.996078
-0.957821,0.572250,-0.009659,-4.762603,-5.986382,4.788240
-0.957745,0.592286,-0.058243,-5.256679,-4.986918,4.017293
-0.992053,0.591232,-0.000948,-5.250028,-7.782072,3.360674
-0.992467,0.595047,-0.053158,-5.193649,-3.508948,3.704509
-1.021297,0.616901,-0.021020,-4.596305,-5.615381,3.967255
-1.074269,0.628692,-0.033516,-4.668863,-4.333457,4.111544
-1.082547,0.665370,-0.017114,-4.334983,-5.879033,4.814169
-1.123216,0.677252,-0.013424,-4.929633,-6.197541,3.791381
-1.129748,0.702720,-0.009797,-3.970032,-7.002969,4.163599
-1.160242,0.743052,-0.009193,-3.464566,-3.842634,2.033226
-1.197107,0.761673,0.019672,-3.403762,-5.466706,1.934786
-1.215591,0.797826,0.012661,-2.559388,-4.742341,1.301809
-1.230959,0.835561,0.001012,-3.131894,-4.599919,2.676019
-1.236815,0.827069,0.038658,-2.005384,-5.144499,3.675052
-1.243452,0.821627,0.054273,-1.666381,-5.741545,5.953823
-1.245786,0.798955,0.040129,-0.816449,-5.167722,5.634468
-1.244617,0.779582,0.041419,-0.390277,-5.413255,6.677588
-1.235765,0.738673,0.054653,0.464043,-5.326139,4.453598
-1.238991,0.721992,0.043588,-0.089547,-5.500387,3.633596
-1.215079,0.686298,0.062620,0.664088,-5.164229,1.092289
-1.191015,0.677334,0.043890,-0.516030,-6.154649,0.782693
-1.162727,0.633356,0.059630,0.858973,-5.252750,0.412995
-1.106312,0.626249,0.048463,-0.398542,-5.507073,2.077449
-1.094754,0.568528,0.052822,0.004358,-4.688489,2.646378
-1.044392,0.560666,0.014936,-1.757557,-4.506491,4.126575
-1.038254,0.497571,0.073560,-0.956734,-4.338942,2.833426
-0.975365,0.475461,0.024379,-2.540526,-4.131594,1.063309
-0.965384,0.392999,0.065216,-2.051525,-4.397908,-1.772085
-0.903956,0.370534,0.035021,-4.231471,-4.274038,-3.777762
-0.873085,0.296610,0.070721,-2.999290,-3.733729,-5.831571
-0.796456,0.272596,0.045062,-3.727446,-3.110355,-4.973665
-0.736066,0.212865,0.068226,-2.678947,-2.433060,-5.497649
-0.657813,0.171274,0.030793,-3.594583,-1.993742,-5.349318
-0.602175,0.124909,0.074089,-2.283990,-1.673474,-6.362789
-0.565885,0.093542,0.044218,-3.837680,-2.021334,-6.688459
-0.512867,0.094773,0.069218,-2.733881,-2.613627,-9.033174
-0.475673,0.107568,0.056764,-4.307945,-2.983505,-11.047383
-0.415995,0.110220,0.066697,-3.482146,-3.027959,-11.689673
-0.387924,0.131543,0.043785,-3.659326,-3.243267,-11.089728
-0.325525,0.126304,0.053672,-3.145493,-2.550377,-9.317466
-0.276259,0.114363,0.032638,-2.741418,-1.236158,-8.285312
-0.186454,0.087811,0.029749,-1.704164,-0.900601,-6.552636
-0.135997,0.091435,0.021379,-2.011699,-0.114434,-7.435128
-0.057330,0.091645,0.042203,-0.553098,-0.379711,-8.333744
0.007239,0.129813,0.014568,-0.986909,0.999862,-9.929524
0.089185,0.145868,0.029723,0.053769,1.496051,-9.943844
0.183204,0.191014,0.011332,-0.357557,2.322888,-8.244961
0.241809,0.202450,0.025118,0.083143,2.318319,-5.147388
0.313816,0.256331,-0.015332,-0.611946,3.730135,-2.180049
0.352844,0.270226,0.030324,0.183372,1.974470,1.096463
0.430234,0.313301,-0.016228,-0.724189,2.139347,2.059387
0.480192,0.308512,0.016390,0.124672,1.118975,1.498491
0.550341,0.354040,-0.042750,-0.620940,1.113290,2.006331
0.594976,0.365039,0.020211,-0.357836,0.226339,1.680455
0.695753,0.392648,-0.019733,-0.806815,1.772413,2.586338
0.746103,0.385036,0.010226,-0.256744,1.207545,4.802865
0.837328,0.384396,-0.016868,-0.528815,2.637526,6.235730
0.897499,0.379035,-0.016992,-0.292735,2.477547,8.423424
0.935378,0.362187,-0.038919,-0.312732,3.609932,7.860451
0.971052,0.393879,-0.046259,-0.568939,4.391904,8.126798
0.969253,0.367366,-0.015771,-0.125370,3.541644,7.039185
1.001099,0.407711,-0.053060,-1.268933,4.518002,8.988176
1.007418,0.383805,-0.030946,0.167902,4.802061,9.996565
1.022100,0.358294,-0.049338,-0.780906,4.252003,12.274177
1.035922,0.314509,-0.044542,0.437797,4.565295,11.298011
1.028543,0.268302,-0.011836,-0.286824,3.707456,11.156788
1.045750,0.212947,-0.042825,0.303139,4.704349,8.587201
1.045313,0.169081,-0.030290,0.601601,3.738134,7.385563
1.056172,0.112810,-0.034586,1.554453,5.085279,4.491090
1.051429,0.072085,-0.023616,1.296940,3.830558,5.006489
1.050769,0.026255,-0.031202,2.234204,5.355076,5.198279
1.032423,-0.020165,-0.040944,1.576764,4.046040,5.823623
1.005005,-0.089001,-0.028944,2.111293,4.464055,5.649756
0.996694,-0.128459,-0.025947,1.685548,4.193139,4.539810
0.964536,-0.210494,-0.035371,2.276249,3.730949,3.362632
0.942731,-0.220446,-0.018886,1.475888,1.363287,2.352035
0.903456,-0.315007,-0.031235,2.581785,3.832173,0.154370
0.881979,-0.365238,-0.032922,1.931987,3.070824,0.001540
0.841162,-0.454681,-0.038079,2.406955,4.103437,-1.006921
0.817178,-0.504302,-0.040488,2.358254,3.582399,-1.272185
0.736735,-0.606248,0.002338,2.547592,2.609422,-3.692003
0.715179,-0.638636,-0.020990,2.126195,3.543850,-5.346749
0.660175,-0.682417,-0.013487,2.336501,3.390787,-8.148374
0.627879,-0.723415,-0.036415,1.842251,3.475500,-8.057234
0.581997,-0.759577,-0.018273,2.097527,3.199125,-7.524804
0.504266,-0.787793,-0.020580,0.816864,2.814223,-3.736802
0.443843,-0.827616,-0.007142,1.276973,2.555213,-2.551159
0.381575,-0.841015,-0.014268,0.820527,2.480009,-0.859986
0.332529,-0.865449,0.009500,1.685426,1.614476,-2.311337
0.257384,-0.878398,-0.038312,0.716428,1.014765,-3.571864
0.172917,-0.940866,0.006579,2.851506,0.915110,-6.361236
0.116869,-0.945695,-0.024673,1.763463,0.532942,-7.583276
0.065952,-0.977735,0.000743,3.008984,1.051104,-8.454033
0.023950,-0.954758,-0.018883,2.098886,0.335342,-6.290591
-0.056483,-0.955457,0.031082,3.189065,0.078242,-5.036005
-0.103074,-0.940115,0.000477,3.336233,0.886927,-3.196320
-0.186070,-0.939255,0.029855,3.752561,-0.295939,-2.284506
-0.232431,-0.901743,-0.035640,2.650158,0.982383,-3.085511
-0.320407,-0.879639,0.026785,4.115018,-0.863611,-4.524314
-0.400121,-0.836603,0.003634,3.007468,-0.485602,-4.653444
-0.479195,-0.810832,0.033318,3.646909,-2.418669,-4.159255
-0.547250,-0.780000,-0.011580,2.862965,-1.577833,-2.687634
-0.588835,-0.738960,0.007563,3.885441,-2.109792,-1.721061
-0.635764,-0.721081,-0.009505,3.091137,-0.702630,-2.954025
-0.662073,-0.680139,-0.000475,3.103948,-1.888414,-4.417111
-0.716227,-0.646671,0.011522,2.533792,-2.344040,-7.563832
-0.738272,-0.575764,0.011542,2.167577,-2.023881,-7.661187
-0.770315,-0.524508,0.002489,1.930637,-1.499958,-7.971891
-0.774743,-0.449071,0.027491,0.931197,-2.460590,-6.378700
-0.808165,-0.387503,0.000221,0.704627,-2.342182,-5.262150
-0.834815,-0.316989,0.015609,0.089330,-4.977166,-2.226341
-0.854867,-0.242425,-0.004719,-0.560740,-2.503878,-1.569483
-0.855783,-0.194502,0.006917,-0.356034,-3.782158,-0.916803
-0.865978,-0.127290,-0.038069,-1.356410,-2.508710,-2.636316
-0.885066,-0.106522,0.002253,-0.666687,-4.236408,-5.001117
-0.895845,-0.039190,-0.023620,-1.591813,-4.301985,-4.918939
-0.879745,-0.004967,0.014683,-0.754903,-3.942394,-4.053478
-0.883024,0.055630,-0.007687,-1.259982,-3.689692,-2.578475
-0.882243,0.101394,0.004583,-0.582598,-4.905320,-1.056772
-0.855918,0.176283,-0.006682,-0.468008,-2.110386,-1.044683
-0.880542,0.209156,0.019288,-0.567220,-3.805963,-0.613194
-0.880844,0.286445,-0.003731,-1.122290,-3.271464,-0.955415
-0.880444,0.345870,0.011135,-0.771086,-3.194530,-0.490885
-0.884120,0.423710,-0.029485,-1.912918,-2.971787,0.339667
-0.905003,0.460388,0.027278,-1.656431,-5.322823,1.290533
-0.872070,0.522705,0.006812,-1.895445,-3.329579,2.835830
-0.853052,0.560679,0.022485,-1.583433,-3.756336,4.787056
-0.807229,0.607956,0.005735,-1.292905,-2.542615,6.120284
-0.770459,0.648278,0.009474,-1.694816,-3.453547,8.295508
-0.722962,0.643712,0.023457,-1.255820,-2.336297,6.782192
-0.675009,0.657977,0.021579,-0.993861,-2.269234,7.462481
-0.636972,0.654984,0.007225,-0.783513,-2.097368,6.642925
-0.578830,0.682343,0.022541,-1.158771,-2.844048,7.085914
-0.537521,0.683653,0.017611,-0.890622,-2.575035,6.216505
-0.493471,0.714901,0.032914,-0.840450,-2.185144,7.637003
-0.448337,0.712407,0.022604,-0.772865,-2.388465,7.437116
-0.391653,0.727253,0.030097,-1.199952,-2.613581,8.559928
-0.326395,0.687503,0.009303,-0.782003,-2.338073,7.779943
-0.260985,0.681877,0.014279,-1.456081,-1.629972,8.479615
-0.218668,0.621434,0.028085,-0.603917,-1.050943,6.244413
-0.139548,0.600600,0.033803,-1.388167,-0.570378,6.105131
-0.086025,0.532257,0.030639,-0.591260,-0.360259,4.484786
-0.008444,0.491620,0.002377,-0.662450,1.215997,4.566261
0.036509,0.404511,0.020821,0.628753,0.689218,3.171574
0.100766,0.348361,0.031837,0.284150,0.646287,2.303965
0.138218,0.254877,0.060332,1.945556,1.306540,0.445558
0.207566,0.203629,0.026342,0.914279,0.724094,-0.437085
0.243601,0.099526,0.048344,1.134672,1.404718,-1.998457
0.330700,0.034544,0.025722,1.370863,0.300873,-3.500807
0.358463,-0.056472,0.044287,1.302270,1.642045,-4.286891
0.449121,-0.122623,0.040683,0.936400,2.052251,-5.333619
0.497054,-0.217026,0.044255,2.060950,2.967562,-7.830545
0.565858,-0.281726,0.034883,1.133993,2.445090,-8.666291
0.616850,-0.351921,0.043972,1.292751,2.872316,-9.932355
0.669438,-0.427598,0.039144,0.931972,1.800248,-9.874198
0.715346,-0.479487,0.021967,1.240656,4.159895,-10.745001
0.740877,-0.566662,0.034962,0.777826,3.194638,-10.361916
0.813370,-0.597188,-0.001329,0.860635,4.201539,-9.263669
0.856842,-0.642453,0.042600,0.117294,2.881277,-8.690559
0.904402,-0.685680,0.025978,-0.335580,4.434136,-8.708785
0.953576,-0.693131,0.028844,-0.217784,3.486230,-7.708319
0.999793,-0.739292,0.004938,0.262513,6.163367,-8.516435
1.035922,-0.747839,0.005962,-0.004960,4.962064,-7.443479
1.081906,-0.796705,-0.014560,0.612719,6.926895,-7.673226
1.110608,-0.824829,0.011086,1.693633,4.602804,-7.539996
1.123504,-0.843867,0.007731,1.473224,5.901169,-8.023903
1.169101,-0.848902,-0.014603,1.642863,4.387410,-8.093558
1.204344,-0.850652,-0.017134,2.694005,7.492768,-8.299432
1.244531,-0.850212,0.013006,3.578845,6.086437,-6.735890
1.241298,-0.841110,-0.006738,3.718030,5.361185,-4.900065
1.255577,-0.847222,0.004816,4.916101,5.535394,-2.709309
1.283320,-0.813009,-0.018151,4.755973,6.074879,-0.974070
1.276400,-0.822029,0.011729,4.976714,5.310613,-0.253250
1.302460,-0.793285,-0.022960,5.384413,5.125985,0.596439
1.263034,-0.786077,0.003477,5.741584,5.702349,0.086682
1.255757,-0.749142,-0.037957,5.124841,5.273482,0.478378
1.269291,-0.722348,0.008758,5.439351,5.590010,0.709058
1.264817,-0.730429,-0.024942,4.557924,6.041877,1.822907
1.239161,-0.725059,0.001123,5.751711,6.034935,2.882330
1.193329,-0.703782,-0.034058,4.384483,5.919364,4.774979
1.154048,-0.694329,-0.022648,4.968363,5.367757,4.953267
1.143117,-0.701885,-0.034094,3.902979,5.948147,4.596646
1.132846,-0.698780,-0.032456,4.610473,5.684220,3.199404
1.073057,-0.703195,-0.048274,3.093540,4.952449,3.239294
1.032312,-0.708325,-0.023268,3.952472,5.437078,2.482970
0.997551,-0.698557,-0.043426,2.838041,4.792014,3.626879
0.981579,-0.711033,-0.032013,3.606821,4.359431,4.187076
0.953563,-0.716479,-0.043183,2.838199,4.729736,5.125531
0.873169,-0.762564,-0.045500,3.767569,5.186405,4.045361
0.823871,-0.748591,-0.078033,2.813797,4.029943,4.186931
0.781760,-0.790659,-0.017091,3.103308,3.401235,2.672870
0.794739,-0.765627,-0.063094,2.302187,3.091452,2.783731
0.721550,-0.812083,-0.015929,3.111265,2.637960,1.074902
0.682447,-0.792435,-0.032305,2.441454,2.771132,2.434923
0.599762,-0.831581,-0.006492,3.369498,0.234408,2.336813
0.598439,-0.825909,-0.035033,2.488311,2.905239,2.874670
0.556526,-0.841865,-0.012752,4.045263,2.889618,1.888149
0.515515,-0.851814,-0.033946,3.053901,2.618245,2.652950
0.417692,-0.872808,-0.003984,3.967889,1.901325,2.168988
0.380709,-0.880414,-0.024867,3.487659,1.414611,2.044727
0.353277,-0.887809,-0.016471,4.299544,1.528433,2.498235
0.293225,-0.883194,-0.024105,3.445086,2.370592,2.177569
0.247593,-0.892001,0.014053,4.452863,1.681707,2.426738
0.174824,-0.893379,-0.009026,3.377878,1.374940,2.551840
0.149901,-0.921132,0.013176,4.223063,0.417019,2.048990
0.107899,-0.905291,-0.012758,3.921082,1.443576,1.935417
0.057503,-0.939540,0.004586,4.768460,0.739365,1.723085
0.008329,-0.915565,-0.019064,3.629605,1.296749,2.097052
-0.029816,-0.951350,0.004442,4.922806,1.220862,0.882388
-0.053771,-0.944595,0.005528,4.186605,0.628694,1.459365
-0.090597,-0.985261,0.026099,4.998083,0.857427,0.423912
-0.106264,-0.977817,0.013761,4.528786,0.407074,0.817204
-0.154395,-1.024503,0.038888,4.892963,0.363450,-0.903944
-0.144567,-0.999504,0.015464,4.536161,0.210419,-0.445193
-0.183703,-1.046269,0.036255,5.185543,0.117556,-2.310581
-0.186329,-1.030520,0.020155,4.681354,-0.006445,-1.764209
-0.195730,-1.055778,0.012093,4.962934,1.140137,-3.165634
-0.195478,-1.069229,0.036652,4.668933,-0.308268,-2.610202
-0.201287,-1.072630,0.025991,4.526593,0.256646,-3.827521
-0.181439,-1.080377,0.052717,4.761261,-0.255940,-3.831065
-0.184816,-1.078581,0.022814,4.310369,0.127357,-5.689550
-0.181560,-1.099021,0.054351,4.102013,-0.850268,-6.514771
-0.171000,-1.073720,0.007065,4.318277,1.071623,-8.618214
-0.166717,-1.069686,0.038392,3.362985,0.474213,-9.558371
-0.156886,-1.029617,0.001924,2.715810,0.330786,-10.226876
-0.164445,-1.010323,0.058031,2.435444,-0.588424,-10.786364
-0.163185,-0.954209,0.014571,1.180899,-0.516608,-11.072669
-0.162466,-0.902120,0.042515,0.711648,-1.185116,-11.146032
-0.139706,-0.821284,0.018428,-0.221775,0.816971,-11.477529
-0.153807,-0.762866,0.045341,-0.603434,-0.999970,-11.885307
-0.142253,-0.657188,-0.003022,-2.203163,0.448117,-11.711431
-0.141081,-0.572357,0.035937,-2.101532,-0.745066,-10.630193
-0.122785,-0.464903,-0.002356,-3.233380,0.287264,-8.957577
-0.127285,-0.373070,0.030376,-2.902497,-1.399919,-8.121084
-0.097523,-0.244352,0.006631,-3.671017,1.310906,-6.695926
-0.112767,-0.141152,0.028896,-3.170613,-0.418483,-5.597528
-0.071710,-0.001741,-0.013086,-3.629449,0.403056,-3.573041
-0.071595,0.091855,0.033199,-2.696294,0.231624,-4.435237
-0.018328,0.236312,-0.019343,-3.504677,0.327175,-2.251438
-0.026731,0.334345,0.035497,-2.353119,-1.340842,-0.815365
0.024557,0.490832,-0.044115,-2.297097,2.326200,1.377060
0.022561,0.577091,0.023733,-1.295077,0.141721,3.414735
0.080670,0.719034,-0.016257,-1.195232,-0.597737,5.270950
0.099348,0.799037,0.002998,0.011809,-0.050863,6.808982
0.147324,0.917408,-0.024696,-0.228321,0.335709,8.193343
0.165955,0.961472,0.015130,0.853800,0.329164,8.795263
0.228587,1.066628,-0.016717,0.560140,0.458043,10.430925
0.245432,1.111351,0.021422,1.218016,-0.126940,10.253647
0.307641,1.196550,-0.025711,0.929752,0.293779,12.214979
0.313458,1.219248,0.004268,1.196838,0.435331,12.960158
0.355158,1.249493,-0.014737,0.228213,0.697559,14.188001
0.387007,1.262058,0.005958,0.895618,0.955824,14.018663
0.436700,1.290195,-0.016172,-0.616420,0.668447,14.531151
0.467821,1.297019,0.009293,-0.666560,1.069374,13.801297
0.491756,1.298608,-0.021480,-1.972297,1.717475,13.306342
0.508924,1.273589,-0.004168,-1.934195,1.198226,13.044752
0.545693,1.235818,-0.038053,-3.196893,1.745080,13.558192
0.568864,1.207848,0.004357,-3.116447,1.520180,12.550005
0.577671,1.147714,-0.026065,-4.508709,1.459610,11.848730
0.586806,1.096787,-0.009374,-3.844734,1.858311,9.664639
0.585926,1.042587,0.001649,-5.577126,0.706110,8.874754
0.612205,0.975038,-0.000925,-5.323676,1.604940,6.198964
0.631355,0.916965,-0.001237,-5.835372,1.158256,4.913283
0.628198,0.820862,-0.016119,-5.150143,1.802917,3.161305
0.640884,0.779099,-0.035046,-5.730085,2.366259,2.630067
0.606425,0.683190,0.004068,-4.696625,2.231629,0.022494
0.628368,0.625294,-0.023941,-5.190498,2.013377,-0.794914
0.606901,0.533258,0.025354,-3.792553,1.722339,-2.730183
0.616650,0.480256,-0.001640,-4.158286,2.543326,-2.914967
0.583215,0.391292,0.022249,-2.689335,2.105899,-4.512717
0.606940,0.333705,0.002732,-2.342904,1.933558,-4.823405
0.567190,0.229652,0.014417,-1.172051,1.769807,-6.460012
0.579745,0.168270,-0.001581,-0.393145,1.993722,-6.242740
0.542766,0.070644,0.010984,0.672357,2.483301,-7.188085
0.567512,0.021863,0.001928,1.167828,2.311944,-6.797369
0.534865,-0.060870,0.007294,1.802104,2.712238,-7.340067
0.565428,-0.123260,0.017509,1.884132,3.220280,-5.886950
0.534267,-0.198841,0.016804,2.683021,2.366249,-6.619918
0.534802,-0.261185,0.009750,2.632528,2.481541,-5.753708
0.526593,-0.322918,0.011808,3.186167,2.518259,-5.988947
0.515659,-0.401332,0.003437,3.062048,1.651879,-5.152561
0.508287,-0.448202,0.002230,3.577725,2.308682,-5.887663
0.475558,-0.514865,-0.001657,2.307376,2.353297,-5.229751
0.476569,-0.570581,-0.001499,3.165908,2.475883,-5.885141
0.451950,-0.603937,0.017404,1.659009,1.473295,-4.711807
0.455948,-0.642854,0.002246,2.014034,1.546457,-5.068565
0.440816,-0.681268,-0.000035,0.926182,2.819347,-4.322218
0.407122,-0.733715,0.008837,0.752846,1.792794,-3.887134
0.395913,-0.734880,-0.027490,0.012952,1.968342,-2.348126
0.368353,-0.773669,-0.006695,0.764381,2.104363,-3.317631
0.379399,-0.769756,-0.036625,-0.509048,2.283768,-2.017233
0.323420,-0.813202,0.000966,0.312432,1.849823,-2.734362
0.314315,-0.792851,-0.010247,-0.553554,1.100709,-1.720059
0.273586,-0.798133,-0.003751,-0.125495,1.652056,-2.555030
0.282002,-0.772192,0.005679,-0.652799,1.384433,-1.626113
0.232618,-0.776935,-0.023623,0.223609,0.999613,-2.004356
0.226424,-0.756521,-0.020327,0.520519,0.806635,-0.617463
0.181835,-0.746457,-0.024414,1.507078,2.164143,-2.075140
0.176613,-0.707498,-0.026328,1.032612,0.868049,-0.856164
0.149851,-0.685017,-0.024890,2.526039,1.549365,-2.067864
0.140811,-0.649304,-0.029978,2.272205,0.802095,-0.718549
0.095228,-0.626842,-0.021955,3.287121,0.855369,-0.406062
0.074618,-0.593889,-0.023222,3.439272,0.383492,0.283013
0.043412,-0.565398,-0.012056,3.814527,0.433330,0.294918
0.032750,-0.515167,-0.022884,3.787979,0.618111,1.635485
-0.002070,-0.471888,-0.018870,4.345018,0.290314,1.328956
-0.038682,-0.444030,-0.028619,3.478441,0.886588,2.153458
-0.057169,-0.405468,-0.031347,4.157942,-0.012009,2.261407
-0.071726,-0.362179,-0.023771,2.928833,-0.197831,3.764885
-0.077353,-0.330178,-0.012141,2.943292,-0.275959,4.330035
-0.117960,-0.303390,-0.022303,2.269473,-0.547863,6.206598
-0.121875,-0.278542,-0.007637,2.428931,0.022792,7.702389
-0.130656,-0.246808,-0.023698,1.378154,-0.327930,8.810363
-0.128575,-0.236629,-0.014403,1.769929,-0.562057,8.157154
-0.146471,-0.209319,-0.036680,0.768385,0.007689,8.834675
-0.155878,-0.214039,-0.021693,1.392406,-0.564551,9.907146
-0.155248,-0.198103,-0.020075,0.275274,-0.528047,10.610025
-0.157014,-0.218300,-0.004618,1.079974,-0.524824,11.678466
-0.152140,-0.217961,-0.052548,0.279522,-0.517783,12.611345
-0.166241,-0.239530,0.018353,0.995924,-1.172075,12.505161
-0.137753,-0.232585,-0.024992,0.050073,-0.289752,13.105713
-0.126770,-0.249378,0.005358,1.490387,-0.427621,11.051228
-0.117237,-0.274426,-0.021447,0.993124,-0.201372,10.472788
-0.106701,-0.294232,0.000093,1.533137,-0.437219,9.594909
-0.074405,-0.319973,0.004645,2.016063,0.250409,10.327606
-0.088670,-0.333359,-0.025435,2.302324,-0.354607,8.440128
-0.077001,-0.360147,0.009540,1.810277,-1.047119,8.373840
-0.052783,-0.367621,-0.009256,2.635780,0.678347,6.667038
-0.042568,-0.392719,0.019187,2.526052,-0.390553,5.115875
-0.012810,-0.404982,-0.008681,2.173935,1.366317,3.208152
0.001140,-0.426741,0.026362,2.883532,-0.818796,2.598787
0.013433,-0.446455,0.009887,2.512528,0.817063,0.904488
0.027548,-0.451970,0.037375,2.509824,-1.149003,-0.710226
0.041337,-0.474366,-0.001043,2.143228,0.791795,-1.681338
0.062936,-0.455328,0.019193,1.582663,0.412982,-2.360212
0.057986,-0.466990,-0.007759,1.301850,1.376922,-4.008883
0.076033,-0.452305,0.021891,1.321036,0.114615,-5.549102
0.076630,-0.455567,-0.004778,0.306159,1.064979,-6.935302
0.115478,-0.449859,0.016521,0.130854,1.476144,-7.803881
0.106395,-0.430063,0.003378,-0.703250,0.762151,-8.306964
0.120976,-0.423843,0.014158,-0.140079,0.144728,-7.310917
0.135005,-0.412886,0.013922,0.033470,2.502605,-8.585150
0.141967,-0.394895,0.002092,-0.658658,0.836653,-8.456942
0.135008,-0.378926,0.018675,-0.500356,-0.780467,-10.292560
0.166460,-0.366374,0.012435,-0.360764,0.653049,-9.205794
0.160972,-0.340219,0.009132,-0.473158,0.708641,-9.798064
0.170005,-0.321867,0.040457,-0.394849,-2.495062,-9.190461
0.193751,-0.286784,0.010583,0.020203,1.061378,-8.834156
0.212231,-0.253018,-0.005310,0.167650,0.787426,-6.886600
0.221829,-0.207494,0.000674,0.292057,1.674666,-7.835622
0.220712,-0.168377,0.001711,0.047059,1.058998,-6.525069
0.252956,-0.119498,-0.045891,0.140149,1.931946,-6.676288
0.263893,-0.054906,-0.004857,-0.026809,1.204368,-5.426690
0.280020,0.015259,-0.024460,-0.227586,1.491502,-5.323491
0.299202,0.070302,-0.003088,-0.738251,0.923112,-3.021493
0.316159,0.144456,-0.056090,0.108244,1.442843,-2.309320
0.326906,0.208411,-0.040698,-1.109452,1.725711,-0.570881
0.338444,0.293679,-0.033746,-0.820466,0.773525,-0.170841
0.360357,0.370413,-0.037600,-2.439227,1.679884,1.625053
0.373205,0.457568,-0.031028,-1.831562,1.827653,1.414706
0.381618,0.537643,-0.043281,-3.128972,1.535007,2.619705
0.384923,0.608905,-0.013644,-3.140815,0.488671,2.865369
0.396359,0.696674,-0.061250,-3.928942,1.412681,4.777668
0.378716,0.769899,-0.010923,-3.867465,0.502067,5.912655
0.399845,0.837005,-0.061417,-3.718925,2.488057,5.322541
0.383298,0.893591,-0.031855,-3.590611,0.796633,6.598263
0.371481,0.959246,-0.045737,-3.781777,0.947773,6.233317
0.372440,1.010570,-0.027690,-3.858353,0.151607,6.296493
0.354557,1.070120,-0.057701,-3.046386,0.765482,5.451409
0.333241,1.088745,-0.048225,-3.387740,-0.273813,6.300033
0.305668,1.117538,-0.040084,-2.068269,0.773344,5.351283
0.301372,1.132753,-0.054406,-2.490318,0.576466,6.869860
0.264759,1.131410,-0.028996,-1.194057,0.719052,5.646964
0.246653,1.140306,-0.040084,-1.646811,0.025246,6.127628
0.199633,1.128272,-0.012223,-0.904776,-0.938261,4.976259
0.184924,1.122265,-0.046003,-1.402066,0.679351,4.754793
0.159938,1.094985,-0.023820,-0.374026,1.067929,4.784699
0.120421,1.066250,-0.050007,-0.608287,0.767156,4.801272
0.091381,1.030895,-0.024220,-0.375506,-0.183953,5.426160
0.051824,0.989563,-0.040508,-1.238699,0.175956,5.650426
0.021967,0.939768,-0.010647,-1.349934,-2.926850,5.724212
0.005171,0.876680,-0.047165,-1.611387,-0.424034,5.006320
-0.013637,0.839122,-0.043311,-1.647457,-0.464204,5.218740
-0.047427,0.774310,-0.032407,-2.151646,-0.065972,4.630724
-0.055876,0.702638,-0.014885,-2.636580,-1.087549,5.352182
-0.086202,0.635758,-0.024558,-3.023337,0.051907,4.931338
-0.106277,0.554042,-0.025704,-3.431413,-0.464178,6.561076
-0.125815,0.479665,-0.008891,-3.359442,-0.755163,6.399426
-0.120907,0.406336,-0.012926,-3.358103,-1.157163,6.412307
-0.160428,0.332917,-0.013145,-3.254985,-1.078893,4.522873
-0.185512,0.253948,-0.016454,-3.311755,-0.634746,4.628496
-0.212372,0.164689,-0.003918,-1.780865,-0.813104,3.372855
-0.222765,0.096979,0.003736,-3.182738,-1.504461,3.650514
-0.222400,0.005202,0.022174,-1.231989,-0.997305,3.775300
-0.256016,-0.054555,0.000467,-1.555919,-1.607284,3.162105
-0.307753,-0.147671,0.034197,-0.206916,-2.196800,2.419062
-0.306532,-0.228114,0.005220,0.589482,-1.050871,0.219576
-0.315684,-0.295903,0.028670,1.035270,-1.679632,-0.090512
-0.323217,-0.380678,0.039177,2.640402,-0.018882,-2.335103
-0.366916,-0.449908,0.018904,2.665027,-1.466654,-2.596713
-0.384474,-0.542801,0.034591,4.082810,-1.487274,-3.425410
-0.390862,-0.592658,0.023385,3.424994,-1.158637,-4.075011
-0.426922,-0.681028,0.056501,5.092383,-1.610815,-5.041371
-0.442951,-0.729835,0.015018,5.267239,-0.584177,-6.239668
-0.474157,-0.800401,0.047708,5.218813,-1.872225,-7.140553
-0.480919,-0.845600,0.007206,4.944881,-0.854128,-8.748926
-0.503295,-0.902491,0.057611,4.677178,-1.925417,-9.534499
-0.523488,-0.959048,0.032920,4.033896,-1.422121,-10.846627
-0.542500,-0.989706,0.046943,3.937015,-2.882107,-9.907216
-0.545645,-1.015404,0.016498,3.597256,-0.145843,-10.523780
-0.554855,-1.033090,0.035087,2.501060,-2.125797,-10.630991
-0.577245,-1.062642,0.013912,1.954954,-0.451786,-10.687666
-0.584913,-1.073536,0.024265,1.524994,-2.353496,-10.493152
-0.602671,-1.079943,0.030636,0.303425,-1.512398,-11.376063
-0.570463,-1.051475,0.006027,0.263990,-1.805579,-10.698560
-0.611061,-1.052666,0.015842,-0.531138,-1.537509,-10.021925
-0.583452,-1.017639,-0.013047,-0.696603,-1.790690,-8.049350
-0.591993,-1.001611,0.014315,-0.693442,-1.365085,-7.426005
-0.574734,-0.965711,0.001317,-1.309231,-1.428197,-5.525751
-0.579746,-0.919327,0.015789,-0.738122,-2.306262,-5.221286
-0.550936,-0.861648,-0.003994,-0.867096,-1.948759,-4.039056
-0.535253,-0.805892,-0.015555,-0.148682,-1.792675,-3.978965
-0.515099,-0.745784,0.007373,-0.192427,-2.399539,-1.519866
-0.503810,-0.680119,-0.026183,0.896541,-1.158236,-0.504933
-0.490159,-0.598715,-0.002642,1.193270,-1.943602,1.304009
-0.460722,-0.540691,0.008788,2.113344,-0.971025,1.968096
-0.428436,-0.465487,-0.010546,2.213974,-1.385771,3.459863
-0.401680,-0.404686,-0.007368,3.360027,-1.515438,4.028903
-0.372670,-0.304588,-0.019090,3.243793,-2.105298,6.027888
-0.357663,-0.244510,-0.025665,4.610846,-0.221461,5.147570
-0.327694,-0.156613,-0.023718,4.125646,-1.397700,5.923076
-0.282915,-0.107970,-0.037051,4.471805,0.285203,6.973959
-0.261780,-0.027747,-0.009233,4.233051,-1.071636,7.843526
-0.252185,0.014078,-0.028629,3.812488,-0.584164,8.594492
-0.244445,0.086206,-0.014449,3.845756,-2.575587,8.581079
-0.219482,0.135223,-0.022871,2.885945,-0.651398,7.149190
-0.185827,0.184476,-0.040915,3.059631,-1.333289,6.924767
-0.177881,0.209813,-0.039645,1.599613,-0.057221,5.694390
-0.150974,0.246629,-0.029485,1.494516,-0.586399,5.910319
-0.148371,0.286221,-0.026574,-0.298805,-0.570831,6.185863
-0.103727,0.331880,-0.036736,-0.050817,-0.949634,6.781301
-0.105480,0.327291,-0.044985,-1.379328,0.393464,5.586411
-0.076719,0.353508,-0.024795,-1.548882,-0.448662,5.137363
-0.082519,0.354263,-0.032282,-3.410281,-0.538361,3.698956
-0.026573,0.373196,-0.003058,-3.001929,-0.306289,3.501587
-0.040556,0.373147,-0.022244,-3.414873,-0.723760,2.311049
-0.023731,0.377975,-0.026541,-3.491219,-0.347520,3.097423
-0.016877,0.386208,-0.025005,-3.461513,-0.059266,2.058403
-0.003147,0.360053,-0.015863,-3.168526,0.200542,2.519078
-0.012974,0.354467,-0.029886,-3.784062,-0.148519,1.910743
-0.008346,0.338320,0.016728,-2.659715,-1.772952,0.713224
-0.007680,0.347537,-0.007766,-2.767372,-0.710344,-1.054274
0.023018,0.349973,0.017532,-1.903966,-0.278339,-1.802588
0.014263,0.331059,-0.008360,-1.983854,0.150603,-2.868074
0.043750,0.325670,-0.006633,-0.331498,0.433575,-2.427005
0.026737,0.316147,0.009251,-1.740898,0.063881,-1.514842
0.055255,0.319404,0.013666,0.412841,-0.003849,-1.526212
0.053728,0.317447,0.000408,-0.419874,0.536871,-1.938733
0.076968,0.318695,0.025148,0.611579,0.525270,-2.392536
0.085072,0.307899,0.001353,0.161445,0.452755,-2.726885
0.097779,0.308647,0.011388,0.781285,0.631008,-3.430709
0.080772,0.294693,0.004987,0.005366,1.859844,-3.730156
0.102646,0.312717,0.006474,0.105250,-0.192815,-3.657896
0.103552,0.300155,0.015560,-0.159085,0.479264,-4.193852
0.120214,0.309418,0.016269,-0.353129,-0.170945,-3.236716
0.093170,0.293423,0.013682,-0.626435,0.056532,-3.441242
0.098087,0.306202,0.008972,-1.030201,-0.058767,-3.808671
0.102417,0.291742,0.015113,-0.836491,0.738521,-5.759244
0.104219,0.302476,0.014706,-1.581595,-0.206342,-5.606880
0.065939,0.282033,0.002134,-2.256540,0.009091,-6.369864
0.048640,0.299108,0.030728,-2.408119,-0.613939,-5.810041
0.034345,0.286642,0.007885,-2.311832,-0.021879,-6.439331
0.030278,0.303917,0.020959,-2.657151,-0.529804,-6.401110
-0.005727,0.279627,0.004514,-2.179067,0.418250,-8.263245
-0.056765,0.285827,0.016823,-2.726046,-0.765095,-7.636963
-0.063061,0.277273,-0.004063,-2.557559,0.856199,-8.191301
-0.091024,0.287882,0.031745,-2.725912,-1.175121,-8.796304
-0.122204,0.292629,-0.004913,-3.004788,0.020011,-8.994489
-0.156962,0.308969,0.026162,-2.531286,-1.954943,-8.322453
-0.200917,0.315182,-0.005153,-2.270342,-0.315805,-8.308602
-0.219870,0.334296,0.004737,-1.763373,-0.639834,-7.990481
-0.244783,0.348923,-0.025149,-2.215302,0.593089,-7.817530
-0.282623,0.384337,0.024074,-2.071318,-2.092747,-7.669434
-0.308269,0.406057,-0.018525,-2.529159,-0.993100,-7.433286
-0.328728,0.434381,0.003539,-1.955639,-1.663761,-6.492973
-0.363982,0.457191,-0.009558,-2.410581,-1.591870,-4.832677
-0.382918,0.491121,-0.002228,-1.989369,-2.233928,-3.089400
-0.392930,0.508777,-0.017741,-2.121175,-1.004284,-2.535525
-0.405534,0.553314,-0.001677,-2.080516,-1.629742,-1.738008
-0.442823,0.567842,-0.015460,-2.773297,-1.739162,-0.869701
-0.457466,0.595027,0.007570,-2.380859,-2.564528,0.153851
-0.460499,0.630388,-0.037498,-2.971960,-1.335144,1.228640
-0.462301,0.645435,-0.007290,-2.010452,-2.545569,2.985230
-0.482330,0.658680,-0.017472,-2.706598,-2.124038,3.295742
-0.520006,0.669758,-0.003029,-1.932652,-4.120801,4.412050
-0.512338,0.666876,-0.031698,-2.561958,-2.488077,5.918650
-0.527720,0.646377,0.011125,-1.486956,-4.031401,6.715449
-0.522973,0.664408,-0.045392,-1.778952,-2.654119,6.679739
-0.548340,0.630828,0.004475,-1.081329,-3.371690,6.358819
-0.526650,0.634121,-0.038542,-0.778711,-2.057398,6.807728
-0.556618,0.579941,-0.017373,-0.039473,-3.872307,7.261647
-0.573753,0.564359,-0.027877,-0.201602,-2.461171,7.481725
-0.567063,0.514751,-0.001345,0.395227,-3.175849,8.096001
-0.574770,0.485515,-0.018808,-0.100388,-2.089313,8.142944
-0.582809,0.416350,-0.005409,0.565507,-2.334580,7.619924
-0.636122,0.346635,0.006326,0.448918,-2.682817,5.985902
-0.628993,0.302788,-0.003859,1.033113,-2.837696,5.547100
-0.631353,0.231014,0.001396,0.951466,-2.493257,3.414670
-0.601473,0.186205,0.012287,0.786842,-2.442717,3.699308
-0.630982,0.093404,0.011712,0.931433,-2.081806,3.068850
-0.647512,0.042674,0.017687,0.309782,-3.002806,3.819433
-0.650384,-0.038809,0.014545,0.966349,-1.354776,1.965568
-0.634199,-0.107921,0.028286,-0.098103,-2.649832,1.263103
-0.622218,-0.185088,-0.000807,0.278510,-1.934126,-0.919649
-0.614829,-0.241693,0.035169,0.064830,-2.262764,-1.661920
-0.622313,-0.312230,-0.001545,-0.225285,-1.843406,-2.081933
-0.623787,-0.390063,0.048873,-0.313228,-3.632006,-2.277330
-0.596864,-0.437629,-0.000321,-0.276500,-1.268129,-3.176773
-0.578118,-0.504568,0.035579,-0.228248,-2.272312,-4.023753
-0.560101,-0.557287,-0.014245,-0.072352,-0.380052,-4.223601
-0.558391,-0.628145,0.038084,0.365998,-2.009760,-5.293646
-0.523981,-0.658212,-0.010349,0.058006,-0.984244,-7.261182
-0.493395,-0.698511,0.044376,0.501211,-1.514404,-6.765362
-0.451242,-0.733249,0.016515,1.361702,-0.993487,-6.498341
-0.433139,-0.783266,0.044813,1.364240,-1.394535,-6.117715
-0.402583,-0.814791,0.011969,2.389591,1.190211,-6.993591
-0.390432,-0.846421,0.027494,1.974215,-0.697506,-6.392733
-0.336649,-0.870172,0.052746,3.216638,-0.555042,-7.653898
-0.280211,-0.882242,0.021635,2.786133,-0.223247,-7.831582
-0.258852,-0.900020,0.047537,3.983438,-0.455555,-8.294139
-0.241612,-0.907074,0.026434,3.760144,-0.488540,-7.158969
-0.192839,-0.916379,0.021402,4.907116,0.126277,-6.885341
-0.155865,-0.909128,0.029073,3.499233,0.088628,-6.135454
-0.110216,-0.899826,0.015615,5.496741,0.242170,-6.477834
-0.089452,-0.896475,0.021172,3.608219,0.443259,-6.540640
-0.056453,-0.876550,0.052185,4.077611,-2.727284,-6.155947
-0.026376,-0.858280,0.027629,3.913142,0.564132,-5.601658
0.022020,-0.797384,0.022561,2.967067,-0.313448,-5.178289
0.046336,-0.785843,0.011640,3.344137,0.793577,-5.881416
0.082581,-0.724330,0.005985,2.164111,0.406945,-4.097772
0.094726,-0.706956,0.009070,2.499937,1.357825,-4.067032
0.119440,-0.641810,-0.002231,0.693178,0.115780,-3.555519
0.149989,-0.597343,0.005190,0.892012,0.596615,-3.813653
0.172149,-0.528585,0.012953,0.078564,0.068953,-4.448297
0.213491,-0.461000,-0.011915,0.251834,1.713845,-4.377307
